site_id,LON,LAT,YEAR,MO,DY,T2M_MAX,T2M_MIN,T2MDEW,WS10M,ALLSKY_SFC_SW_DWN,PRECTOTCORR
US-Oho,-83.8438,41.5545,2001,1,1,-5.8,-17.7,-13.2,2.63,4.27,0.21
US-Oho,-83.8438,41.5545,2001,1,2,-4.68,-19.87,-13.18,3.9,3.85,0.04
US-Oho,-83.8438,41.5545,2001,1,3,-7.6,-16.52,-11.46,7.35,3.6,0.19
US-Oho,-83.8438,41.5545,2001,1,4,-2.71,-10.98,-7.24,4.81,2.44,0.37
US-Oho,-83.8438,41.5545,2001,1,5,0.65,-6.16,-1.85,7.48,7.33,0.5
US-Oho,-83.8438,41.5545,2001,1,6,-1.34,-11.06,-7.12,4.9,4.88,0.03
US-Oho,-83.8438,41.5545,2001,1,7,-0.74,-8.5,-5.25,3.92,2.81,0.04
US-Oho,-83.8438,41.5545,2001,1,8,-6.27,-15.29,-11.32,4.01,7.16,0.02
US-Oho,-83.8438,41.5545,2001,1,9,-6.57,-21.84,-14.33,5.93,9.29,0.21
US-Oho,-83.8438,41.5545,2001,1,10,-0.6,-13.39,-8.22,7.29,9.49,0.01
US-Oho,-83.8438,41.5545,2001,1,11,0.44,-9.52,-5.87,3.98,8.44,0
US-Oho,-83.8438,41.5545,2001,1,12,0.1,-7.63,-5.01,1.42,6.26,0.02
US-Oho,-83.8438,41.5545,2001,1,13,0.62,-9.11,-6.24,2.38,4.31,0.11
US-Oho,-83.8438,41.5545,2001,1,14,2.45,-3.17,-0.03,3.89,3.12,0.87
US-Oho,-83.8438,41.5545,2001,1,15,2.22,-1.05,-0.3,6.79,3.93,0.36
US-Oho,-83.8438,41.5545,2001,1,16,1.83,-3.58,-2.79,5.73,3.56,0.06
US-Oho,-83.8438,41.5545,2001,1,17,0.8,-5.97,-4.69,3.56,4.71,0.02
US-Oho,-83.8438,41.5545,2001,1,18,1.77,-7.45,-4.52,2.88,4.54,0.06
US-Oho,-83.8438,41.5545,2001,1,19,-1.21,-10.66,-6.52,5.19,4.6,0.23
US-Oho,-83.8438,41.5545,2001,1,20,-5.73,-13.13,-11.94,4.96,7.6,0.12
US-Oho,-83.8438,41.5545,2001,1,21,-2.52,-13.68,-10.84,4.84,10.35,0
US-Oho,-83.8438,41.5545,2001,1,22,2.16,-10.3,-6.42,3.76,7.73,0
US-Oho,-83.8438,41.5545,2001,1,23,2.15,-6.11,-3.72,5.08,8.14,0.01
US-Oho,-83.8438,41.5545,2001,1,24,-1.06,-7.25,-5.76,4.98,4.51,0.3
US-Oho,-83.8438,41.5545,2001,1,25,-1.34,-11.29,-8.72,4.11,7.27,0
US-Oho,-83.8438,41.5545,2001,1,26,-0.47,-8.66,-6.17,6.07,6.05,2.23
US-Oho,-83.8438,41.5545,2001,1,27,-1.78,-9.58,-6.54,7.18,7.68,0.23
US-Oho,-83.8438,41.5545,2001,1,28,-1.82,-12.22,-8.41,4.39,5.49,0.45
US-Oho,-83.8438,41.5545,2001,1,29,6.03,-4.74,-1.67,4.87,3.3,8.1
US-Oho,-83.8438,41.5545,2001,1,30,5.73,0.07,2.39,5.22,5.12,3.58
US-Oho,-83.8438,41.5545,2001,1,31,5.17,-1.06,-1.53,6.92,8.17,0.28
US-Oho,-83.8438,41.5545,2001,2,1,3.77,-1.55,-3,5.38,5.23,0.04
US-Oho,-83.8438,41.5545,2001,2,2,-1.18,-8.31,-10.32,8.16,8.28,0.09
US-Oho,-83.8438,41.5545,2001,2,3,-1.13,-10.48,-10.05,4.51,5.81,0.02
US-Oho,-83.8438,41.5545,2001,2,4,4.73,-4.55,-1.27,5.05,5.35,0.36
US-Oho,-83.8438,41.5545,2001,2,5,3.71,-2.54,-1.65,4.28,4.15,0.48
US-Oho,-83.8438,41.5545,2001,2,6,3.43,-3.61,-2.24,4.49,3.5,2.4
US-Oho,-83.8438,41.5545,2001,2,7,1.82,-6.68,-4.87,2.71,9.42,0.32
US-Oho,-83.8438,41.5545,2001,2,8,9.17,-0.44,4.34,5.87,6.54,5.08
US-Oho,-83.8438,41.5545,2001,2,9,16.12,-1.51,7.8,11.8,2.94,15.92
US-Oho,-83.8438,41.5545,2001,2,10,-1.62,-6.36,-9.6,6.82,8.69,0.6
US-Oho,-83.8438,41.5545,2001,2,11,-2.05,-7.6,-11.08,4.76,12.37,0.01
US-Oho,-83.8438,41.5545,2001,2,12,5.69,-6.81,-4.7,3.98,10.1,0
US-Oho,-83.8438,41.5545,2001,2,13,6.74,-2.61,-0.26,2.38,7.62,1.25
US-Oho,-83.8438,41.5545,2001,2,14,6.23,-0.64,1.99,3.96,3.31,10.2
US-Oho,-83.8438,41.5545,2001,2,15,0.88,-2.56,-3.86,3.61,5.64,0.04
US-Oho,-83.8438,41.5545,2001,2,16,3.28,-5.28,-3.94,4.49,4.52,0.21
US-Oho,-83.8438,41.5545,2001,2,17,-4.65,-10.86,-12.88,7.21,13.24,0
US-Oho,-83.8438,41.5545,2001,2,18,-1.76,-12.67,-11.54,5.45,15.84,0
US-Oho,-83.8438,41.5545,2001,2,19,7.71,-5.92,-3.11,8.14,12.05,0
US-Oho,-83.8438,41.5545,2001,2,20,6.8,-4.18,-1.33,4.58,8.24,0.01
US-Oho,-83.8438,41.5545,2001,2,21,-2.88,-8.16,-12.14,5.14,15.7,0
US-Oho,-83.8438,41.5545,2001,2,22,-1.25,-7.07,-7.9,4.27,6.08,0.86
US-Oho,-83.8438,41.5545,2001,2,23,2.55,-4.04,-6.22,5.42,11.45,0.05
US-Oho,-83.8438,41.5545,2001,2,24,8.72,-3.41,-0.44,7.54,4.41,14.65
US-Oho,-83.8438,41.5545,2001,2,25,12.72,-1.62,2.27,12.72,7.35,3.65
US-Oho,-83.8438,41.5545,2001,2,26,6.13,-3.04,-2.89,4.4,13.72,0.01
US-Oho,-83.8438,41.5545,2001,2,27,2.92,-5.79,-5.78,4.52,11.54,0
US-Oho,-83.8438,41.5545,2001,2,28,0.62,-7.37,-9.97,4.55,17.86,0
US-Oho,-83.8438,41.5545,2001,3,1,5.29,-5.25,-4.96,6.12,15.93,0
US-Oho,-83.8438,41.5545,2001,3,2,7.74,-1.58,-0.03,6.02,7.68,0.06
US-Oho,-83.8438,41.5545,2001,3,3,6.69,-2.25,-2.22,2.19,14.25,0
US-Oho,-83.8438,41.5545,2001,3,4,4.33,-2.08,-2.23,4.79,7.95,0.67
US-Oho,-83.8438,41.5545,2001,3,5,-2.85,-5.48,-8.7,9.58,11.45,0.45
US-Oho,-83.8438,41.5545,2001,3,6,1.76,-6.23,-7.28,9.05,10.79,0.07
US-Oho,-83.8438,41.5545,2001,3,7,4.53,-3.17,-3.96,3.75,7.07,0.01
US-Oho,-83.8438,41.5545,2001,3,8,1.8,-2.57,-3.83,5.51,7.71,0.22
US-Oho,-83.8438,41.5545,2001,3,9,1.5,-2.91,-4.4,5,8.57,0.19
US-Oho,-83.8438,41.5545,2001,3,10,6.5,-6.41,-4.15,4.67,18.23,0.01
US-Oho,-83.8438,41.5545,2001,3,11,6.56,-3.04,-2.84,5.11,14.3,1.9
US-Oho,-83.8438,41.5545,2001,3,12,9.64,-3.32,2.42,5.97,8.19,5.09
US-Oho,-83.8438,41.5545,2001,3,13,7.89,-0.09,1.07,8.76,6.53,3.35
US-Oho,-83.8438,41.5545,2001,3,14,10.44,-2.58,-1.49,5.11,19.58,0.06
US-Oho,-83.8438,41.5545,2001,3,15,7.66,-0.88,0.16,4.65,8.07,0.46
US-Oho,-83.8438,41.5545,2001,3,16,1.61,-1.9,-1.68,9.09,2.49,7.28
US-Oho,-83.8438,41.5545,2001,3,17,2.22,-5.84,-4.26,5.03,7.91,1.5
US-Oho,-83.8438,41.5545,2001,3,18,6.6,-6.67,-6.7,2.56,19.8,0
US-Oho,-83.8438,41.5545,2001,3,19,8.56,-2.39,-4.98,3.65,17.91,0.14
US-Oho,-83.8438,41.5545,2001,3,20,12.42,-2.37,-0.62,3.62,15.98,0.38
US-Oho,-83.8438,41.5545,2001,3,21,12.51,-1.92,-0.47,3.73,17.13,0.11
US-Oho,-83.8438,41.5545,2001,3,22,12.56,-3.19,-1.69,3.86,21.35,0.21
US-Oho,-83.8438,41.5545,2001,3,23,10.96,-1.48,-1.05,4.8,17.75,0
US-Oho,-83.8438,41.5545,2001,3,24,2.46,-5.54,-6.28,7.17,17.07,0.15
US-Oho,-83.8438,41.5545,2001,3,25,-1.47,-7.07,-9.78,6.42,10.91,0.29
US-Oho,-83.8438,41.5545,2001,3,26,-1.67,-11.08,-10.87,4.03,14.66,0.08
US-Oho,-83.8438,41.5545,2001,3,27,3.02,-6.44,-6.05,2.36,12.87,0.01
US-Oho,-83.8438,41.5545,2001,3,28,8.61,-3.82,-3.86,3.42,19.04,0
US-Oho,-83.8438,41.5545,2001,3,29,10.08,-0.5,-0.16,2.92,9.62,0.12
US-Oho,-83.8438,41.5545,2001,3,30,10.25,-0.75,1.32,4.64,17.22,0.09
US-Oho,-83.8438,41.5545,2001,3,31,10.02,-0.1,1.32,2.53,13.93,0.55
US-Oho,-83.8438,41.5545,2001,4,1,6.91,-3.01,-0.67,5.51,7.85,3.02
US-Oho,-83.8438,41.5545,2001,4,2,13.04,-3.17,-1.53,3.2,21.04,0.08
US-Oho,-83.8438,41.5545,2001,4,3,10.99,0.19,2.25,5.44,11.7,0.17
US-Oho,-83.8438,41.5545,2001,4,4,12.44,-0.93,-0.24,4.08,21.98,0.01
US-Oho,-83.8438,41.5545,2001,4,5,18.51,-1.43,2.39,3.8,19.63,0.29
US-Oho,-83.8438,41.5545,2001,4,6,23.59,11.57,15.53,6.57,8.48,30.67
US-Oho,-83.8438,41.5545,2001,4,7,26.25,9.46,15.72,8.34,13.67,3.29
US-Oho,-83.8438,41.5545,2001,4,8,24.77,14.5,12.94,6.38,22.59,0.18
US-Oho,-83.8438,41.5545,2001,4,9,21.26,6.6,11.65,4.76,12.68,6.47
US-Oho,-83.8438,41.5545,2001,4,10,12.43,5.83,6.61,4.73,6.97,2.34
US-Oho,-83.8438,41.5545,2001,4,11,23.72,6.64,13.12,5.44,8.01,3.72
US-Oho,-83.8438,41.5545,2001,4,12,22.13,9.59,10.26,12.79,22.43,1.69
US-Oho,-83.8438,41.5545,2001,4,13,17.31,4.95,5.07,4.3,24.73,0
US-Oho,-83.8438,41.5545,2001,4,14,18.74,4.35,4.94,3.53,14.21,1.1
US-Oho,-83.8438,41.5545,2001,4,15,8.92,1.97,2.85,5.53,2.8,10
US-Oho,-83.8438,41.5545,2001,4,16,8.87,-0.63,-1.85,6.61,13.91,0.37
US-Oho,-83.8438,41.5545,2001,4,17,6.5,-3.67,-3.49,6.35,13.51,0.24
US-Oho,-83.8438,41.5545,2001,4,18,11.75,-3.36,-2.22,5.36,25.02,0.13
US-Oho,-83.8438,41.5545,2001,4,19,15.75,-0.44,1.86,2.83,23.7,0.03
US-Oho,-83.8438,41.5545,2001,4,20,17.39,8.78,10.47,7.32,5.27,10.09
US-Oho,-83.8438,41.5545,2001,4,21,23.98,14.31,16.06,9.67,10.27,6.05
US-Oho,-83.8438,41.5545,2001,4,22,21.85,14.3,16.37,3.64,9.16,3.21
US-Oho,-83.8438,41.5545,2001,4,23,26.15,9.46,14.62,9.53,20.51,1.18
US-Oho,-83.8438,41.5545,2001,4,24,14.28,3.63,1.95,7.32,21.25,0.04
US-Oho,-83.8438,41.5545,2001,4,25,15.42,0.5,0.29,2.95,26.99,0.06
US-Oho,-83.8438,41.5545,2001,4,26,19.27,1.45,2.17,5.35,26.95,0
US-Oho,-83.8438,41.5545,2001,4,27,20.29,4.03,6.02,5.33,24.7,0.01
US-Oho,-83.8438,41.5545,2001,4,28,15.65,0.9,-0.3,3.57,28.15,0
US-Oho,-83.8438,41.5545,2001,4,29,19.42,0.52,1.08,3.45,28.08,0
US-Oho,-83.8438,41.5545,2001,4,30,25.38,4.46,5.99,3.29,26.55,0
US-Oho,-83.8438,41.5545,2001,5,1,24.09,12.2,15.26,4.66,19.51,1.5
US-Oho,-83.8438,41.5545,2001,5,2,27.22,12.63,14.61,5.05,20.69,0
US-Oho,-83.8438,41.5545,2001,5,3,28.44,14.14,13.87,4.46,22.84,0
US-Oho,-83.8438,41.5545,2001,5,4,28.25,10.94,13.1,5.65,22.97,0.02
US-Oho,-83.8438,41.5545,2001,5,5,18.74,9.35,6.15,6.78,21.29,0.03
US-Oho,-83.8438,41.5545,2001,5,6,23.13,7.8,8.88,5.55,23.88,0.01
US-Oho,-83.8438,41.5545,2001,5,7,22.9,14.68,15.35,6.54,12.16,11.27
US-Oho,-83.8438,41.5545,2001,5,8,22.8,11.71,9.24,3.91,26.14,1.53
US-Oho,-83.8438,41.5545,2001,5,9,24.68,10.94,10.24,5.24,23.49,0.29
US-Oho,-83.8438,41.5545,2001,5,10,26.59,11.28,11.2,5.84,22.74,0.27
US-Oho,-83.8438,41.5545,2001,5,11,25.03,13.64,15.6,5.84,17.62,5.74
US-Oho,-83.8438,41.5545,2001,5,12,17.77,6.09,5.78,5.04,18.99,0.28
US-Oho,-83.8438,41.5545,2001,5,13,19.23,4.2,1.82,1.59,29.88,0.16
US-Oho,-83.8438,41.5545,2001,5,14,21.67,8.43,7.13,2.19,18.77,22.23
US-Oho,-83.8438,41.5545,2001,5,15,24.5,11.86,14.02,4.15,9.07,26.17
US-Oho,-83.8438,41.5545,2001,5,16,25.77,12.79,17.83,3.67,10.25,4.8
US-Oho,-83.8438,41.5545,2001,5,17,26.77,17.02,17.84,2.04,11.61,0.56
US-Oho,-83.8438,41.5545,2001,5,18,22.3,13.8,17.93,2.69,7.8,6.97
US-Oho,-83.8438,41.5545,2001,5,19,24.13,11.73,10.13,3.09,26.66,0
US-Oho,-83.8438,41.5545,2001,5,20,24.3,10.26,11.45,4.2,25.7,0.12
US-Oho,-83.8438,41.5545,2001,5,21,24.55,13.51,17.56,6.87,13.28,9
US-Oho,-83.8438,41.5545,2001,5,22,19.24,9.2,7.93,5.31,18.65,0.75
US-Oho,-83.8438,41.5545,2001,5,23,18.18,7.06,7.65,4.29,15.98,2.41
US-Oho,-83.8438,41.5545,2001,5,24,16.13,8.29,9.24,3.05,13.28,11.34
US-Oho,-83.8438,41.5545,2001,5,25,15.91,7.72,8.29,3.95,20.36,4.45
US-Oho,-83.8438,41.5545,2001,5,26,15.67,6.82,9.78,4.92,13.44,16.13
US-Oho,-83.8438,41.5545,2001,5,27,13.39,9.55,8.87,8.28,9.07,2.88
US-Oho,-83.8438,41.5545,2001,5,28,19.97,9.07,10.96,5.13,22.82,0.42
US-Oho,-83.8438,41.5545,2001,5,29,19.66,8.37,10.87,4.1,19.97,1.43
US-Oho,-83.8438,41.5545,2001,5,30,18.61,6.09,4.73,3.03,28.46,0
US-Oho,-83.8438,41.5545,2001,5,31,17.96,7.75,5.28,3.65,21.9,0.7
US-Oho,-83.8438,41.5545,2001,6,1,18.85,8.96,10.18,6.47,8.98,7.76
US-Oho,-83.8438,41.5545,2001,6,2,18.21,8.85,9.56,6.31,17.71,11.15
US-Oho,-83.8438,41.5545,2001,6,3,18.29,7.83,8.75,5.27,13.15,0.48
US-Oho,-83.8438,41.5545,2001,6,4,19.81,6.3,9.49,1.78,13.99,0.52
US-Oho,-83.8438,41.5545,2001,6,5,20.69,8.08,11.52,3.6,10.45,5.19
US-Oho,-83.8438,41.5545,2001,6,6,17.04,11.84,12.63,4.12,5.02,10.47
US-Oho,-83.8438,41.5545,2001,6,7,22.47,11.19,11.52,2.16,21.28,0.12
US-Oho,-83.8438,41.5545,2001,6,8,23.69,9.23,8.43,2.63,30.26,0.01
US-Oho,-83.8438,41.5545,2001,6,9,25.18,10.79,11.9,3.07,29.19,0.31
US-Oho,-83.8438,41.5545,2001,6,10,26.89,13.17,15.44,4.46,18.61,1.2
US-Oho,-83.8438,41.5545,2001,6,11,28.55,17.49,17.58,3.82,27.4,1.68
US-Oho,-83.8438,41.5545,2001,6,12,28.77,18.01,19.73,2.83,22.31,0.15
US-Oho,-83.8438,41.5545,2001,6,13,30.19,19.91,20.49,1.78,25.26,0
US-Oho,-83.8438,41.5545,2001,6,14,31.45,19.57,20.89,3.06,24.71,1.15
US-Oho,-83.8438,41.5545,2001,6,15,30.77,17.36,21.03,5.26,21.29,6.82
US-Oho,-83.8438,41.5545,2001,6,16,27.41,14.29,14.93,3.4,30.66,0.02
US-Oho,-83.8438,41.5545,2001,6,17,26.9,14.73,13.83,4.1,31.44,0.18
US-Oho,-83.8438,41.5545,2001,6,18,29.37,16.07,15.53,6.11,22.57,2.63
US-Oho,-83.8438,41.5545,2001,6,19,31.31,16.87,18.68,5.33,27.07,7.18
US-Oho,-83.8438,41.5545,2001,6,20,26.76,16.35,16,2.69,16.63,1.01
US-Oho,-83.8438,41.5545,2001,6,21,23.56,15.04,17.73,3.49,8.69,13.23
US-Oho,-83.8438,41.5545,2001,6,22,22.69,13.16,13.61,3.47,19.51,0.53
US-Oho,-83.8438,41.5545,2001,6,23,24.02,13.32,13.74,1.42,20.86,2.28
US-Oho,-83.8438,41.5545,2001,6,24,27.1,13.6,13,2.33,29.97,0
US-Oho,-83.8438,41.5545,2001,6,25,27.8,15.03,12.64,2.38,30.57,0
US-Oho,-83.8438,41.5545,2001,6,26,29.41,14,15.1,2.46,25.42,0.1
US-Oho,-83.8438,41.5545,2001,6,27,29.52,18.29,17.46,1.9,23.35,1.06
US-Oho,-83.8438,41.5545,2001,6,28,30.56,17.64,16.42,2.42,28.81,0.14
US-Oho,-83.8438,41.5545,2001,6,29,30.82,18.78,17.92,2.95,24.57,0.49
US-Oho,-83.8438,41.5545,2001,6,30,31.08,19.79,18.65,4.64,24.02,0.26
US-Oho,-83.8438,41.5545,2001,7,1,24.67,10.92,11.89,6.57,21.5,1.09
US-Oho,-83.8438,41.5545,2001,7,2,22.9,8.24,5.85,2.85,31.33,0
US-Oho,-83.8438,41.5545,2001,7,3,26.1,13.03,14.1,4.63,16.23,2.4
US-Oho,-83.8438,41.5545,2001,7,4,28.25,17.79,17.72,4.5,18.21,2.89
US-Oho,-83.8438,41.5545,2001,7,5,24.24,12.31,9.85,5.25,30.19,0.02
US-Oho,-83.8438,41.5545,2001,7,6,26.12,9.54,6.83,2.56,31.94,0.06
US-Oho,-83.8438,41.5545,2001,7,7,30.51,14.71,16.73,5.59,11.19,1.37
US-Oho,-83.8438,41.5545,2001,7,8,32.39,21.48,17.56,2.51,26.45,0.18
US-Oho,-83.8438,41.5545,2001,7,9,31.62,19.45,15.82,2.32,24.04,0.39
US-Oho,-83.8438,41.5545,2001,7,10,32.84,19.5,15.01,4.76,27.31,0.63
US-Oho,-83.8438,41.5545,2001,7,11,27.1,14.08,10.77,4.64,29.13,0.07
US-Oho,-83.8438,41.5545,2001,7,12,27.55,13.82,10.5,3.67,27.62,0.08
US-Oho,-83.8438,41.5545,2001,7,13,27.46,13.4,10.69,4.32,30.06,0.07
US-Oho,-83.8438,41.5545,2001,7,14,29.55,12.91,8.94,3.48,30.46,0
US-Oho,-83.8438,41.5545,2001,7,15,32.22,15.93,11.67,2.69,28.28,0
US-Oho,-83.8438,41.5545,2001,7,16,29.92,17.75,12.01,3.38,25.28,0
US-Oho,-83.8438,41.5545,2001,7,17,31.62,16.99,15.69,2.43,16.16,2.03
US-Oho,-83.8438,41.5545,2001,7,18,32.17,19.6,17.56,2.83,20.01,0.32
US-Oho,-83.8438,41.5545,2001,7,19,33.47,19.19,17.15,2.51,21.47,0.12
US-Oho,-83.8438,41.5545,2001,7,20,33.71,19.51,17.42,2.5,21.13,0.23
US-Oho,-83.8438,41.5545,2001,7,21,32.11,21.24,19.46,2.55,16.13,7.63
US-Oho,-83.8438,41.5545,2001,7,22,34.71,20.79,20.19,1.55,23.89,0.57
US-Oho,-83.8438,41.5545,2001,7,23,33.62,23.11,21.42,3.73,20.23,1.69
US-Oho,-83.8438,41.5545,2001,7,24,34.74,23.36,21.37,3.65,24.53,2.6
US-Oho,-83.8438,41.5545,2001,7,25,31.6,18.16,19.49,3.15,8.58,16.35
US-Oho,-83.8438,41.5545,2001,7,26,27.14,15.33,13.66,5.43,22.46,1.49
US-Oho,-83.8438,41.5545,2001,7,27,26.3,14.62,8.36,4.93,28.73,0
US-Oho,-83.8438,41.5545,2001,7,28,30.6,13.74,13.58,2.48,20.44,2.14
US-Oho,-83.8438,41.5545,2001,7,29,31.12,19.3,18.79,2.05,20.93,9.32
US-Oho,-83.8438,41.5545,2001,7,30,32.49,18.17,17.39,1.71,24.97,0.2
US-Oho,-83.8438,41.5545,2001,7,31,33.46,19.08,16.82,2.24,24.74,0
US-Oho,-83.8438,41.5545,2001,8,1,35.22,18.68,16.14,1.68,23.31,0.01
US-Oho,-83.8438,41.5545,2001,8,2,33.2,22.03,20.89,3.09,14.92,5.52
US-Oho,-83.8438,41.5545,2001,8,3,33.18,20.53,18.62,4.09,18.42,1.6
US-Oho,-83.8438,41.5545,2001,8,4,31.9,17.07,14.14,3.41,27.06,0
US-Oho,-83.8438,41.5545,2001,8,5,32.77,18.14,13.79,2.53,25.92,0.03
US-Oho,-83.8438,41.5545,2001,8,6,35.11,17.57,12.91,2.77,26.72,0
US-Oho,-83.8438,41.5545,2001,8,7,36.64,20.01,17.56,4.76,25.03,0.05
US-Oho,-83.8438,41.5545,2001,8,8,37.6,22.22,20.1,3.37,24.9,0.5
US-Oho,-83.8438,41.5545,2001,8,9,32.55,22.2,21.22,4.25,15.47,8.82
US-Oho,-83.8438,41.5545,2001,8,10,31.36,18.08,15.88,3.48,17.06,0.12
US-Oho,-83.8438,41.5545,2001,8,11,30.4,15.95,12.58,3.64,21.3,0.31
US-Oho,-83.8438,41.5545,2001,8,12,28.81,18.23,16.11,2.52,15.95,2.72
US-Oho,-83.8438,41.5545,2001,8,13,29.56,16.96,13.45,3.38,21,0.13
US-Oho,-83.8438,41.5545,2001,8,14,27.74,13.57,7.39,2.89,26.52,0
US-Oho,-83.8438,41.5545,2001,8,15,29.41,11.82,6.5,2.61,23.37,0
US-Oho,-83.8438,41.5545,2001,8,16,27.42,17.43,15.31,6.35,5.49,3.63
US-Oho,-83.8438,41.5545,2001,8,17,27.94,15.44,14.39,5.21,18.47,1.29
US-Oho,-83.8438,41.5545,2001,8,18,28.76,15.26,14.1,3.39,16.38,4.86
US-Oho,-83.8438,41.5545,2001,8,19,25.83,17.3,15.21,4.56,17.73,9.3
US-Oho,-83.8438,41.5545,2001,8,20,25.99,16.04,14.1,4.89,14.21,0.21
US-Oho,-83.8438,41.5545,2001,8,21,29.11,13.59,11.25,2.75,25.3,0
US-Oho,-83.8438,41.5545,2001,8,22,28.02,16.57,17.03,4.81,4.72,28.81
US-Oho,-83.8438,41.5545,2001,8,23,27.8,19.13,19.78,2.1,11.5,3.35
US-Oho,-83.8438,41.5545,2001,8,24,28.88,16.88,17.86,2.9,17.4,0.49
US-Oho,-83.8438,41.5545,2001,8,25,29.78,16.8,18.98,4.13,18.14,0.79
US-Oho,-83.8438,41.5545,2001,8,26,28.34,18.6,19.51,5.09,13.31,1.4
US-Oho,-83.8438,41.5545,2001,8,27,30.46,16.91,15.1,2.47,22.28,0.05
US-Oho,-83.8438,41.5545,2001,8,28,28.99,16.88,13.43,3.99,20.86,0.28
US-Oho,-83.8438,41.5545,2001,8,29,28.28,14.4,10.42,3.26,23.88,0
US-Oho,-83.8438,41.5545,2001,8,30,32.42,14.72,15.28,4.36,20.33,0.47
US-Oho,-83.8438,41.5545,2001,8,31,27.09,16.48,16.82,4.45,10.72,0.84
US-Oho,-83.8438,41.5545,2001,9,1,24.58,12.19,8.13,2.6,21.64,0
US-Oho,-83.8438,41.5545,2001,9,2,27.5,11.62,7.74,2.92,23.48,0
US-Oho,-83.8438,41.5545,2001,9,3,29.81,12.93,11.16,4.06,22.28,0.12
US-Oho,-83.8438,41.5545,2001,9,4,28.56,15.3,12.12,4.39,22.33,0.03
US-Oho,-83.8438,41.5545,2001,9,5,25.99,12.06,8.7,3.19,23.07,0
US-Oho,-83.8438,41.5545,2001,9,6,30.44,10.74,8.77,3.14,21.67,0
US-Oho,-83.8438,41.5545,2001,9,7,29.26,17.56,18.8,5.83,17.09,2.27
US-Oho,-83.8438,41.5545,2001,9,8,31.27,20.47,20,6.5,15.2,7.06
US-Oho,-83.8438,41.5545,2001,9,9,29.18,16.08,20.06,6.42,12.48,26.03
US-Oho,-83.8438,41.5545,2001,9,10,24.78,13.25,12.05,4.51,22.12,0.1
US-Oho,-83.8438,41.5545,2001,9,11,26.48,11.25,10.61,2.51,22.3,0
US-Oho,-83.8438,41.5545,2001,9,12,29.24,12.34,10.36,3.77,21.73,0.17
US-Oho,-83.8438,41.5545,2001,9,13,21.31,9.23,10.95,4.68,6.79,4.67
US-Oho,-83.8438,41.5545,2001,9,14,18.62,8.97,4.6,5.28,22.05,0.08
US-Oho,-83.8438,41.5545,2001,9,15,21.06,9.73,6.17,3.05,15.38,0.07
US-Oho,-83.8438,41.5545,2001,9,16,23.08,10.04,7.14,1.62,19.94,0
US-Oho,-83.8438,41.5545,2001,9,17,24.11,9.19,7.24,1.86,16.13,0.22
US-Oho,-83.8438,41.5545,2001,9,18,26.22,12.74,12.22,2.52,14.07,3
US-Oho,-83.8438,41.5545,2001,9,19,20.25,15.06,16.8,7.46,3.34,31.41
US-Oho,-83.8438,41.5545,2001,9,20,22.65,11.89,11.14,5.62,17.73,0.47
US-Oho,-83.8438,41.5545,2001,9,21,23.57,11.7,13.62,5.24,8.12,7.42
US-Oho,-83.8438,41.5545,2001,9,22,22.41,9.92,11.97,2.31,14.87,1.21
US-Oho,-83.8438,41.5545,2001,9,23,25.39,11.4,12.61,4.4,15.69,9.79
US-Oho,-83.8438,41.5545,2001,9,24,14.68,6.64,6.95,6.74,5.88,1.97
US-Oho,-83.8438,41.5545,2001,9,25,9.8,4.86,4.4,5.89,6.4,2.23
US-Oho,-83.8438,41.5545,2001,9,26,12.1,6.11,6.45,5.9,4.73,0.96
US-Oho,-83.8438,41.5545,2001,9,27,16.53,5.58,6.15,3.76,13.62,0.07
US-Oho,-83.8438,41.5545,2001,9,28,18.52,6.06,8.23,4.43,10.9,0.12
US-Oho,-83.8438,41.5545,2001,9,29,19.86,7.18,7.49,3.69,18.66,0
US-Oho,-83.8438,41.5545,2001,9,30,22.18,6.84,7.88,2.47,15.64,0
US-Oho,-83.8438,41.5545,2001,10,1,22.61,6.78,9.76,3.37,15.31,0.12
US-Oho,-83.8438,41.5545,2001,10,2,24.98,10.05,11.46,3.63,17.16,0
US-Oho,-83.8438,41.5545,2001,10,3,26.25,12.26,9.16,7.78,17.99,0
US-Oho,-83.8438,41.5545,2001,10,4,22.11,11.42,12.04,3.14,8.05,5.51
US-Oho,-83.8438,41.5545,2001,10,5,11.3,2.23,6.62,5.4,1.99,31.87
US-Oho,-83.8438,41.5545,2001,10,6,11.04,2.61,0.35,6.35,11.89,0.04
US-Oho,-83.8438,41.5545,2001,10,7,11.02,-0.46,-1.27,3.05,14.95,0.01
US-Oho,-83.8438,41.5545,2001,10,8,15.4,0.36,0.71,3.82,15.94,0
US-Oho,-83.8438,41.5545,2001,10,9,20.71,3.77,3.53,5.73,14.59,1.42
US-Oho,-83.8438,41.5545,2001,10,10,22.25,7.76,8.67,6.95,11.73,5.31
US-Oho,-83.8438,41.5545,2001,10,11,16.82,13.86,13.59,3.69,3.34,13.26
US-Oho,-83.8438,41.5545,2001,10,12,22.11,11.04,13.95,6.55,6.65,17.13
US-Oho,-83.8438,41.5545,2001,10,13,23.38,10.27,15.96,6.52,7.08,5.28
US-Oho,-83.8438,41.5545,2001,10,14,18.48,8.82,11.35,7.75,4.2,13.51
US-Oho,-83.8438,41.5545,2001,10,15,15.25,5.83,5.43,5.18,13.22,2.26
US-Oho,-83.8438,41.5545,2001,10,16,8.58,4.32,5.13,7.9,2.9,27.71
US-Oho,-83.8438,41.5545,2001,10,17,10.11,1.19,0.43,5.53,14.62,0.03
US-Oho,-83.8438,41.5545,2001,10,18,15.02,-0.7,0.9,5.13,15.23,0.01
US-Oho,-83.8438,41.5545,2001,10,19,14.47,6.31,6.47,4.78,6.68,0.06
US-Oho,-83.8438,41.5545,2001,10,20,19.02,4.39,5.75,4.4,14.58,0.1
US-Oho,-83.8438,41.5545,2001,10,21,16.77,10.37,12.69,4.57,5.36,4.09
US-Oho,-83.8438,41.5545,2001,10,22,15.65,9.48,10.36,3.47,7.36,9.27
US-Oho,-83.8438,41.5545,2001,10,23,20.25,14.62,16.25,7.22,4.69,7.81
US-Oho,-83.8438,41.5545,2001,10,24,22.49,6.43,14.78,7.03,9.38,16.06
US-Oho,-83.8438,41.5545,2001,10,25,8.14,3.32,-0.74,12.42,8.86,0.3
US-Oho,-83.8438,41.5545,2001,10,26,5.77,1.73,-0.55,10.2,5.89,1.75
US-Oho,-83.8438,41.5545,2001,10,27,6.27,-0.08,-1.61,5.12,5.07,0
US-Oho,-83.8438,41.5545,2001,10,28,10.28,-2.11,-0.5,3.85,13.53,0
US-Oho,-83.8438,41.5545,2001,10,29,15.15,1.47,3.46,4.72,11.97,0.03
US-Oho,-83.8438,41.5545,2001,10,30,11.34,4.69,3.48,4.75,4.61,0.79
US-Oho,-83.8438,41.5545,2001,10,31,19.01,6.05,6.32,5.59,11.63,0.06
US-Oho,-83.8438,41.5545,2001,11,1,18.23,8.75,8.81,8.82,7.97,0.16
US-Oho,-83.8438,41.5545,2001,11,2,18.65,5.78,10.92,5.97,2.93,4.13
US-Oho,-83.8438,41.5545,2001,11,3,15.48,2.87,4.3,3.48,12.45,0
US-Oho,-83.8438,41.5545,2001,11,4,16.43,2.09,3.82,5.52,12.19,0
US-Oho,-83.8438,41.5545,2001,11,5,9.47,-1.33,0.06,3.02,12.56,0
US-Oho,-83.8438,41.5545,2001,11,6,13.14,-1.53,1.09,3.72,12.38,0
US-Oho,-83.8438,41.5545,2001,11,7,17.62,3.18,6.35,3.69,9.57,0.03
US-Oho,-83.8438,41.5545,2001,11,8,16.47,2.24,5.25,7.42,8.22,1.27
US-Oho,-83.8438,41.5545,2001,11,9,9.54,-1.58,-0.03,4.38,11.47,0
US-Oho,-83.8438,41.5545,2001,11,10,13.47,1.69,3.3,6.92,11.66,0.1
US-Oho,-83.8438,41.5545,2001,11,11,8.12,0.27,-0.55,2.61,7.34,0.17
US-Oho,-83.8438,41.5545,2001,11,12,9.92,-3.06,-1.13,2.75,11.31,0
US-Oho,-83.8438,41.5545,2001,11,13,15.7,-1.43,1.57,5,10.77,0.04
US-Oho,-83.8438,41.5545,2001,11,14,14.68,4.61,8.35,4.71,3.42,2.47
US-Oho,-83.8438,41.5545,2001,11,15,19.24,7.15,10.36,6.68,9.43,0.15
US-Oho,-83.8438,41.5545,2001,11,16,16.89,4.6,9.48,3.37,7.06,0.05
US-Oho,-83.8438,41.5545,2001,11,17,13.13,4.03,5.08,2.03,6.6,0
US-Oho,-83.8438,41.5545,2001,11,18,15.89,3.32,7.94,3.75,6.77,0.18
US-Oho,-83.8438,41.5545,2001,11,19,11.71,1.89,5.79,6.23,2.57,1.31
US-Oho,-83.8438,41.5545,2001,11,20,6.19,-0.85,-1.64,3.77,9.69,0.11
US-Oho,-83.8438,41.5545,2001,11,21,10.42,-1.85,-1.12,6.31,9.7,0
US-Oho,-83.8438,41.5545,2001,11,22,10.76,0.38,0.9,4.61,8.3,0
US-Oho,-83.8438,41.5545,2001,11,23,14.23,0.3,3.14,4.68,8.55,0.02
US-Oho,-83.8438,41.5545,2001,11,24,17.71,6.61,10.29,9.57,4.35,5.61
US-Oho,-83.8438,41.5545,2001,11,25,13.91,3.42,5.77,7.9,2.11,0.37
US-Oho,-83.8438,41.5545,2001,11,26,9.71,2.14,3.72,3.1,6.2,0.1
US-Oho,-83.8438,41.5545,2001,11,27,14.1,1.82,5.91,5.35,3.9,2.85
US-Oho,-83.8438,41.5545,2001,11,28,5.43,0.39,2.29,2.78,2.7,8.83
US-Oho,-83.8438,41.5545,2001,11,29,7.3,5.58,5.52,3.29,4.1,15.94
US-Oho,-83.8438,41.5545,2001,11,30,12.53,5.3,6.24,8.18,3.53,7.6
US-Oho,-83.8438,41.5545,2001,12,1,8.17,2.16,2.79,5.9,2.66,0.1
US-Oho,-83.8438,41.5545,2001,12,2,9.73,0.59,2.07,3.55,8.53,0.02
US-Oho,-83.8438,41.5545,2001,12,3,13.21,2.61,5.62,4.77,8.48,0
US-Oho,-83.8438,41.5545,2001,12,4,16.41,7.36,10.42,6.18,3.77,0.49
US-Oho,-83.8438,41.5545,2001,12,5,18.82,10.58,11.2,7.39,6.32,0.04
US-Oho,-83.8438,41.5545,2001,12,6,13.36,3.21,5.2,4.14,3.81,0.67
US-Oho,-83.8438,41.5545,2001,12,7,9.63,1.78,2.93,2.94,4.59,0.04
US-Oho,-83.8438,41.5545,2001,12,8,8.65,1.12,2.73,3.9,5.02,0.13
US-Oho,-83.8438,41.5545,2001,12,9,4.89,-3.05,-2.09,2.96,7.43,0.07
US-Oho,-83.8438,41.5545,2001,12,10,6.55,-3.78,-2.07,2.63,8.82,0
US-Oho,-83.8438,41.5545,2001,12,11,7.5,-3.16,-1.11,2.76,8.75,0.1
US-Oho,-83.8438,41.5545,2001,12,12,7.74,-1.47,3.71,3.34,2.57,5.77
US-Oho,-83.8438,41.5545,2001,12,13,10.35,4.31,7.03,4.82,3.42,0.76
US-Oho,-83.8438,41.5545,2001,12,14,6.15,-0.63,2.35,5.87,1.84,16.41
US-Oho,-83.8438,41.5545,2001,12,15,6,-1.29,-0.14,1.94,6.57,0.49
US-Oho,-83.8438,41.5545,2001,12,16,5.68,0.94,2.47,3.52,2.58,7.23
US-Oho,-83.8438,41.5545,2001,12,17,6.5,3.96,4.64,3.61,1.76,16.94
US-Oho,-83.8438,41.5545,2001,12,18,6.99,-0.38,0.26,4.69,5.36,0.05
US-Oho,-83.8438,41.5545,2001,12,19,8.51,-0.44,0.16,6.23,5.4,0.74
US-Oho,-83.8438,41.5545,2001,12,20,4.41,-4.78,-5.52,7.16,8.9,0.01
US-Oho,-83.8438,41.5545,2001,12,21,4.19,-4.92,-5.56,2.51,8.61,0.02
US-Oho,-83.8438,41.5545,2001,12,22,7.27,-2.97,-2.03,6.9,7.09,1.55
US-Oho,-83.8438,41.5545,2001,12,23,4.5,-4.23,-2.57,8.24,2.81,0.9
US-Oho,-83.8438,41.5545,2001,12,24,-2.8,-5.7,-8.54,8.32,4.56,0.05
US-Oho,-83.8438,41.5545,2001,12,25,-5.22,-8.69,-9.62,5.88,5.73,0.13
US-Oho,-83.8438,41.5545,2001,12,26,-4.89,-10.57,-11.14,5.99,7.44,0.07
US-Oho,-83.8438,41.5545,2001,12,27,-2.69,-9.19,-7.82,7.52,2.66,0.2
US-Oho,-83.8438,41.5545,2001,12,28,-1.86,-5.49,-6.55,6.22,5.46,0.17
US-Oho,-83.8438,41.5545,2001,12,29,-4.67,-9.49,-9.44,7.17,4.96,0.03
US-Oho,-83.8438,41.5545,2001,12,30,-6.27,-11.49,-11.41,7.77,7.52,0.02
US-Oho,-83.8438,41.5545,2001,12,31,-4.33,-9.13,-10.3,6.14,6.26,0.02
US-Oho,-83.8438,41.5545,2002,1,1,-2.09,-9.83,-8.8,2.3,5.97,0.02
US-Oho,-83.8438,41.5545,2002,1,2,-1.33,-8.28,-7.59,2.06,8.37,0
US-Oho,-83.8438,41.5545,2002,1,3,-0.08,-9.48,-7.52,3.72,8.72,0
US-Oho,-83.8438,41.5545,2002,1,4,1.09,-10.18,-7.94,8.08,8.85,0.02
US-Oho,-83.8438,41.5545,2002,1,5,2.5,-5.9,-3.55,6.52,6.1,0.46
US-Oho,-83.8438,41.5545,2002,1,6,0.61,-3.09,-1.56,4.99,2.19,3.08
US-Oho,-83.8438,41.5545,2002,1,7,-2.55,-8.76,-8.56,5.43,8.32,0.01
US-Oho,-83.8438,41.5545,2002,1,8,1.55,-8.32,-5.8,8.37,6.66,0.05
US-Oho,-83.8438,41.5545,2002,1,9,4.63,-0.1,1.27,8.85,5.74,0
US-Oho,-83.8438,41.5545,2002,1,10,3.87,-0.23,0.89,4.31,5.48,0
US-Oho,-83.8438,41.5545,2002,1,11,4.34,-2.35,-1.02,6.57,3.27,0.17
US-Oho,-83.8438,41.5545,2002,1,12,5.08,-2.39,-1.3,7.42,6.61,0.96
US-Oho,-83.8438,41.5545,2002,1,13,4.44,-3.23,-3.72,5.44,9.38,0
US-Oho,-83.8438,41.5545,2002,1,14,5.63,-1.65,0.22,6.29,1.63,0.55
US-Oho,-83.8438,41.5545,2002,1,15,2.59,-2.37,-2.21,7.48,2.59,0.28
US-Oho,-83.8438,41.5545,2002,1,16,1.25,-2.19,-2.28,5.02,3.49,0.76
US-Oho,-83.8438,41.5545,2002,1,17,0.93,-3.54,-5.87,6.98,4.55,0.05
US-Oho,-83.8438,41.5545,2002,1,18,-1.34,-6.81,-7.88,5.08,8.63,0.04
US-Oho,-83.8438,41.5545,2002,1,19,0.09,-6.72,-8.42,1.92,6.19,0.11
US-Oho,-83.8438,41.5545,2002,1,20,0.49,-5.95,-5.07,5.93,6.53,0
US-Oho,-83.8438,41.5545,2002,1,21,4,-4.14,-2.85,6.8,3.44,0.04
US-Oho,-83.8438,41.5545,2002,1,22,9.21,-4.09,-0.8,6.07,10.45,0
US-Oho,-83.8438,41.5545,2002,1,23,8.13,1.14,4.58,5.77,3.69,1.81
US-Oho,-83.8438,41.5545,2002,1,24,3.34,-4.26,-1.26,4.69,3.32,2.7
US-Oho,-83.8438,41.5545,2002,1,25,6.68,-3.65,-3.77,7.28,11.03,0
US-Oho,-83.8438,41.5545,2002,1,26,9.94,-2.11,-1.85,7.66,9.86,0
US-Oho,-83.8438,41.5545,2002,1,27,12.23,-1.3,0.48,7.06,11.07,0
US-Oho,-83.8438,41.5545,2002,1,28,13.77,0.68,4.33,5.38,10.08,0
US-Oho,-83.8438,41.5545,2002,1,29,8.9,2.1,4.15,3.06,3.42,16.17
US-Oho,-83.8438,41.5545,2002,1,30,1.92,-2.38,-1.97,4.56,1.36,18.27
US-Oho,-83.8438,41.5545,2002,1,31,2.6,-2,-0.11,4.25,2.03,22.38
US-Oho,-83.8438,41.5545,2002,2,1,8.13,-7.17,-1.91,9.6,5.99,8.73
US-Oho,-83.8438,41.5545,2002,2,2,1.94,-6.92,-5.99,4.06,11.35,0.01
US-Oho,-83.8438,41.5545,2002,2,3,3.05,-3.38,-3.44,6.18,6.84,0.13
US-Oho,-83.8438,41.5545,2002,2,4,-1.93,-11.39,-11.87,7.86,10.89,0.03
US-Oho,-83.8438,41.5545,2002,2,5,0.46,-11.48,-9.3,6.06,12.39,0
US-Oho,-83.8438,41.5545,2002,2,6,4.31,-7.34,-4.73,4.78,9.94,0
US-Oho,-83.8438,41.5545,2002,2,7,4.84,-3.41,-2.07,5.43,13.06,0
US-Oho,-83.8438,41.5545,2002,2,8,7.39,-2.45,-0.68,5.07,12.72,0.04
US-Oho,-83.8438,41.5545,2002,2,9,10.99,-1.5,1.69,4.06,12.66,0
US-Oho,-83.8438,41.5545,2002,2,10,11.27,-2.91,2.46,7.75,5.13,6.24
US-Oho,-83.8438,41.5545,2002,2,11,0.29,-7.42,-7.57,5.15,11.91,0.03
US-Oho,-83.8438,41.5545,2002,2,12,5.25,-3.83,-2.35,9.62,7.21,0.06
US-Oho,-83.8438,41.5545,2002,2,13,-0.57,-6.75,-9.07,3.64,14.73,0
US-Oho,-83.8438,41.5545,2002,2,14,5.83,-4.41,-4.75,6.84,13.83,0.04
US-Oho,-83.8438,41.5545,2002,2,15,8.64,-0.91,-0.41,7.97,9.18,0.07
US-Oho,-83.8438,41.5545,2002,2,16,5.98,-2.72,-1.54,7.35,4.81,0.51
US-Oho,-83.8438,41.5545,2002,2,17,1.81,-4.83,-5.73,4.52,10.2,0.03
US-Oho,-83.8438,41.5545,2002,2,18,5.95,-5.08,-4.51,4.79,14.11,0.1
US-Oho,-83.8438,41.5545,2002,2,19,6.13,-1.52,1,5.98,3.67,1.86
US-Oho,-83.8438,41.5545,2002,2,20,13.77,3.13,5.7,9.47,4.5,9.06
US-Oho,-83.8438,41.5545,2002,2,21,3.98,-2.2,-1.18,7.53,4.26,0.76
US-Oho,-83.8438,41.5545,2002,2,22,2.59,-4.03,-7.12,3.67,8.57,0.1
US-Oho,-83.8438,41.5545,2002,2,23,4.66,-4.61,-6.71,2.47,16.03,0
US-Oho,-83.8438,41.5545,2002,2,24,9.86,-2.51,-1.42,5.83,13.29,0.73
US-Oho,-83.8438,41.5545,2002,2,25,13.42,1.16,3.45,7.31,14.6,5.32
US-Oho,-83.8438,41.5545,2002,2,26,0.94,-5.51,-4.1,7.87,5.3,7.11
US-Oho,-83.8438,41.5545,2002,2,27,-1.67,-8.78,-7.03,8.63,8.23,0.35
US-Oho,-83.8438,41.5545,2002,2,28,-1.36,-10.19,-8.41,7.28,10.87,0.08
US-Oho,-83.8438,41.5545,2002,3,1,2.46,-6.3,-4.87,4.19,12.9,0.22
US-Oho,-83.8438,41.5545,2002,3,2,8.45,-1.38,1.2,7.11,5.54,11.73
US-Oho,-83.8438,41.5545,2002,3,3,1.83,-9.4,-6.73,9.23,7.45,0.24
US-Oho,-83.8438,41.5545,2002,3,4,-7.91,-14.75,-15.11,7.05,12.51,0.43
US-Oho,-83.8438,41.5545,2002,3,5,3.17,-8.07,-5.46,5.21,10.65,0.19
US-Oho,-83.8438,41.5545,2002,3,6,12.76,1.12,1.97,6.17,16.35,0.01
US-Oho,-83.8438,41.5545,2002,3,7,5.22,-1.32,-0.02,3.97,5.76,0.82
US-Oho,-83.8438,41.5545,2002,3,8,19.84,1.07,8.54,8.85,10.55,0.64
US-Oho,-83.8438,41.5545,2002,3,9,16.25,-3.96,3.39,13.21,3.81,10.8
US-Oho,-83.8438,41.5545,2002,3,10,-3.06,-6.01,-10.63,10.28,13.66,0.02
US-Oho,-83.8438,41.5545,2002,3,11,5.06,-5.22,-5.53,4.39,14.41,0.06
US-Oho,-83.8438,41.5545,2002,3,12,10.02,-1.4,0.7,2.35,11.98,0
US-Oho,-83.8438,41.5545,2002,3,13,15.65,0.36,4.79,3.71,18.21,0
US-Oho,-83.8438,41.5545,2002,3,14,14.96,0.28,4.88,4.99,14.18,0.02
US-Oho,-83.8438,41.5545,2002,3,15,16.68,1.14,6.79,7.4,8.86,1.63
US-Oho,-83.8438,41.5545,2002,3,16,5.7,-3.65,-3.54,6.15,17.99,0.52
US-Oho,-83.8438,41.5545,2002,3,17,5.84,-3.42,0.29,5.38,9.96,0.09
US-Oho,-83.8438,41.5545,2002,3,18,8.27,0.92,2.52,4.29,9.57,0.07
US-Oho,-83.8438,41.5545,2002,3,19,7.91,-0.09,1.01,4.17,8.19,0.29
US-Oho,-83.8438,41.5545,2002,3,20,8.78,-0.55,2.07,4.05,7.36,1.67
US-Oho,-83.8438,41.5545,2002,3,21,2.81,-6.9,-6.93,8.25,8.46,0.13
US-Oho,-83.8438,41.5545,2002,3,22,-1.73,-6.65,-9.67,7.98,14.24,0.28
US-Oho,-83.8438,41.5545,2002,3,23,7.84,-4.89,-4.63,7.95,21.65,0.02
US-Oho,-83.8438,41.5545,2002,3,24,5.88,-2.66,-1.15,2.89,5.21,5.95
US-Oho,-83.8438,41.5545,2002,3,25,-1.94,-4.53,-6.58,8.76,3.93,6.2
US-Oho,-83.8438,41.5545,2002,3,26,1.21,-7.12,-3.52,5.94,2.93,11.75
US-Oho,-83.8438,41.5545,2002,3,27,4.23,-7.34,-4.81,2.48,18.51,0.08
US-Oho,-83.8438,41.5545,2002,3,28,5.7,-5.74,-2.05,4.24,9.57,1.84
US-Oho,-83.8438,41.5545,2002,3,29,10.76,1.32,4.01,4.3,8.92,9.19
US-Oho,-83.8438,41.5545,2002,3,30,13.17,0.43,1.42,6.61,17.84,0.27
US-Oho,-83.8438,41.5545,2002,3,31,12.14,-1.71,-0.38,3.23,16.05,0.93
US-Oho,-83.8438,41.5545,2002,4,1,8.72,-1.62,-0.72,3.72,16.06,2.33
US-Oho,-83.8438,41.5545,2002,4,2,19.04,1.64,5.68,7.21,4.74,15.01
US-Oho,-83.8438,41.5545,2002,4,3,5.61,-2.36,-2.18,5.49,13.18,0.2
US-Oho,-83.8438,41.5545,2002,4,4,5.05,-3.07,-3.48,2.11,16.33,0.12
US-Oho,-83.8438,41.5545,2002,4,5,4.43,-3.85,-4.3,5.14,14.27,0.06
US-Oho,-83.8438,41.5545,2002,4,6,5.77,-4.13,-5.36,3.23,20.53,0.14
US-Oho,-83.8438,41.5545,2002,4,7,10.65,-3.35,-0.58,4.95,13.94,0.51
US-Oho,-83.8438,41.5545,2002,4,8,16.32,6.85,11.16,7.44,4.03,25.15
US-Oho,-83.8438,41.5545,2002,4,9,14.91,1.88,7.38,6.15,7.74,0.7
US-Oho,-83.8438,41.5545,2002,4,10,14.86,-0.69,1.61,3.62,24.82,0
US-Oho,-83.8438,41.5545,2002,4,11,22.31,1.71,7.75,4.22,23.8,0.02
US-Oho,-83.8438,41.5545,2002,4,12,21.15,13.31,15.36,5.93,11.73,19.57
US-Oho,-83.8438,41.5545,2002,4,13,19.2,12.5,12.83,2.17,12.05,4.88
US-Oho,-83.8438,41.5545,2002,4,14,18.51,10.81,12.8,3.23,8.3,1.03
US-Oho,-83.8438,41.5545,2002,4,15,26.43,13.91,17.4,6.88,21.73,0.1
US-Oho,-83.8438,41.5545,2002,4,16,27.73,16.12,18.51,6.31,23.72,0
US-Oho,-83.8438,41.5545,2002,4,17,24.53,17.96,19.18,5.05,17.77,0.66
US-Oho,-83.8438,41.5545,2002,4,18,27.28,16.11,18.56,5.24,21.16,0.11
US-Oho,-83.8438,41.5545,2002,4,19,25.87,8.98,17.34,4.82,18.7,3.64
US-Oho,-83.8438,41.5545,2002,4,20,15.92,4.56,4.38,5.89,15.14,3.06
US-Oho,-83.8438,41.5545,2002,4,21,9.36,2.53,1.3,7.09,5.72,3.98
US-Oho,-83.8438,41.5545,2002,4,22,8.67,1.3,0.82,5.04,8.02,0.16
US-Oho,-83.8438,41.5545,2002,4,23,12.66,-1.05,0.8,2.06,23.15,0.06
US-Oho,-83.8438,41.5545,2002,4,24,21.25,2.89,6.9,6.39,26.03,0.38
US-Oho,-83.8438,41.5545,2002,4,25,13.29,2.14,-0.32,8.74,22.57,0.05
US-Oho,-83.8438,41.5545,2002,4,26,13.54,-0.54,0.83,2.86,27.57,0.68
US-Oho,-83.8438,41.5545,2002,4,27,11.47,1.71,3.57,5.94,9.23,8.58
US-Oho,-83.8438,41.5545,2002,4,28,19.48,2.89,8.61,9.04,10.18,2.59
US-Oho,-83.8438,41.5545,2002,4,29,10.41,0,2.64,4.54,8.03,0.09
US-Oho,-83.8438,41.5545,2002,4,30,15.84,4.89,4.01,6.04,14.72,0.84
US-Oho,-83.8438,41.5545,2002,5,1,18.18,3.58,5.67,4.61,15.44,8.98
US-Oho,-83.8438,41.5545,2002,5,2,10.89,2.63,4.79,6.3,10.55,1.36
US-Oho,-83.8438,41.5545,2002,5,3,13.39,1.08,0.1,4.36,29.55,0
US-Oho,-83.8438,41.5545,2002,5,4,17.86,0.83,1.84,2.58,27.28,0
US-Oho,-83.8438,41.5545,2002,5,5,23.16,5.7,9.02,5.11,26.96,0.9
US-Oho,-83.8438,41.5545,2002,5,6,19.97,10.32,14.1,6.14,5.67,4.13
US-Oho,-83.8438,41.5545,2002,5,7,20.19,7.91,14.24,4.95,8.67,1.67
US-Oho,-83.8438,41.5545,2002,5,8,15.95,6.72,10.04,5.39,5.3,5.84
US-Oho,-83.8438,41.5545,2002,5,9,22.4,7.73,12.11,8.41,15.05,3.96
US-Oho,-83.8438,41.5545,2002,5,10,17.01,4.78,2.84,6.35,29.77,0.01
US-Oho,-83.8438,41.5545,2002,5,11,13.85,4.91,4.61,5.14,10.8,18.89
US-Oho,-83.8438,41.5545,2002,5,12,23.48,8.75,15.66,5.87,8.31,16.67
US-Oho,-83.8438,41.5545,2002,5,13,11.75,6.01,6.39,6.25,4.01,5.46
US-Oho,-83.8438,41.5545,2002,5,14,16.95,5.08,5.46,7.59,26.92,0.97
US-Oho,-83.8438,41.5545,2002,5,15,20.36,2.22,6.64,4.49,29.2,0.15
US-Oho,-83.8438,41.5545,2002,5,16,21.59,8.77,13.48,7.39,13.34,9.8
US-Oho,-83.8438,41.5545,2002,5,17,10.82,2.7,3.52,4.59,11.26,1.02
US-Oho,-83.8438,41.5545,2002,5,18,10.08,0.7,1.73,4.64,16.33,0.18
US-Oho,-83.8438,41.5545,2002,5,19,10.93,-0.7,0.38,3.32,22.27,0.17
US-Oho,-83.8438,41.5545,2002,5,20,9.71,1.52,0.99,2.89,15.24,0.08
US-Oho,-83.8438,41.5545,2002,5,21,13.73,0.9,0.23,2.06,25.66,0
US-Oho,-83.8438,41.5545,2002,5,22,17.6,1.85,3.54,4.45,30.48,0
US-Oho,-83.8438,41.5545,2002,5,23,23.6,5.28,10.7,6.57,25.67,0.01
US-Oho,-83.8438,41.5545,2002,5,24,21.77,6.41,12.2,5.18,12.08,0.91
US-Oho,-83.8438,41.5545,2002,5,25,21.07,5.73,9.77,6.09,11.74,9.31
US-Oho,-83.8438,41.5545,2002,5,26,19.93,4.85,6.9,2.6,29.57,0.12
US-Oho,-83.8438,41.5545,2002,5,27,25.17,7.65,11.44,2.54,27.69,0.11
US-Oho,-83.8438,41.5545,2002,5,28,26.08,14.08,16.04,3.14,17.48,1.36
US-Oho,-83.8438,41.5545,2002,5,29,24.46,16.12,18.07,3.6,13.88,2.51
US-Oho,-83.8438,41.5545,2002,5,30,24.67,17.04,18.87,4.02,14.89,0.94
US-Oho,-83.8438,41.5545,2002,5,31,27.62,14.1,17.93,6.44,22.39,0.03
US-Oho,-83.8438,41.5545,2002,6,1,28.6,11.9,14.59,4.42,30.21,0.01
US-Oho,-83.8438,41.5545,2002,6,2,24.26,12.38,12.03,3.42,22.43,0.62
US-Oho,-83.8438,41.5545,2002,6,3,22.75,11.43,11.85,5.36,10.75,13.52
US-Oho,-83.8438,41.5545,2002,6,4,26.76,13.97,20.79,4.04,19.49,5.36
US-Oho,-83.8438,41.5545,2002,6,5,24.04,13.67,18.29,4.74,15.48,9.01
US-Oho,-83.8438,41.5545,2002,6,6,19.72,10.13,11.58,4.52,9.8,0.69
US-Oho,-83.8438,41.5545,2002,6,7,22.34,8.12,11.63,3.28,27.55,0.07
US-Oho,-83.8438,41.5545,2002,6,8,26.43,11.62,15.27,2.42,28.4,0
US-Oho,-83.8438,41.5545,2002,6,9,28.68,15.75,16.02,1.81,28.32,0.02
US-Oho,-83.8438,41.5545,2002,6,10,30.16,17.13,19.65,3.57,26.67,0.12
US-Oho,-83.8438,41.5545,2002,6,11,28.48,19.58,21.14,6.63,22.39,1.63
US-Oho,-83.8438,41.5545,2002,6,12,27.21,17.63,20.75,3.76,18.04,0.24
US-Oho,-83.8438,41.5545,2002,6,13,24.63,14.98,15.37,3.11,14.97,0.42
US-Oho,-83.8438,41.5545,2002,6,14,22.42,13.37,13.91,5.01,20.14,2.27
US-Oho,-83.8438,41.5545,2002,6,15,22.24,12.27,12.66,6.88,17.67,0.74
US-Oho,-83.8438,41.5545,2002,6,16,21.66,10.71,10.99,5.74,25.13,0.61
US-Oho,-83.8438,41.5545,2002,6,17,23.23,10.5,11.44,2.84,26.74,0.97
US-Oho,-83.8438,41.5545,2002,6,18,24.79,12.86,12.7,1.83,25.78,0.04
US-Oho,-83.8438,41.5545,2002,6,19,28.73,13.7,14.96,3.76,28.57,0
US-Oho,-83.8438,41.5545,2002,6,20,30.88,16.44,18.73,3.83,26.83,0.03
US-Oho,-83.8438,41.5545,2002,6,21,26.46,19.83,21.55,2.57,14.88,10.88
US-Oho,-83.8438,41.5545,2002,6,22,30.24,20.15,20.86,2.3,21.94,0.06
US-Oho,-83.8438,41.5545,2002,6,23,30.94,19.25,19.6,3.18,25,0
US-Oho,-83.8438,41.5545,2002,6,24,31.71,20.64,18.82,2.3,24.8,0.05
US-Oho,-83.8438,41.5545,2002,6,25,28.51,19.32,21.58,2.95,20.12,2.8
US-Oho,-83.8438,41.5545,2002,6,26,28.19,21.05,22.01,4.88,21.15,4.16
US-Oho,-83.8438,41.5545,2002,6,27,27.74,19.64,20.29,5.26,14.75,0.24
US-Oho,-83.8438,41.5545,2002,6,28,28.09,18.37,17.38,2.1,26.95,0.01
US-Oho,-83.8438,41.5545,2002,6,29,29.52,16.42,16.02,2.32,28.35,0
US-Oho,-83.8438,41.5545,2002,6,30,30.7,18.74,20.85,3.21,23.69,0
US-Oho,-83.8438,41.5545,2002,7,1,31.55,22.93,23.35,3.35,23.81,0
US-Oho,-83.8438,41.5545,2002,7,2,31.93,21.7,21.11,4.01,27.64,0
US-Oho,-83.8438,41.5545,2002,7,3,32.79,19.58,20.66,3.29,27.66,0.39
US-Oho,-83.8438,41.5545,2002,7,4,32.12,19.64,21.41,4.29,22.1,1.1
US-Oho,-83.8438,41.5545,2002,7,5,26.43,15.91,12.71,4.56,26.6,0
US-Oho,-83.8438,41.5545,2002,7,6,28.08,13.9,13.02,2.72,27.18,0
US-Oho,-83.8438,41.5545,2002,7,7,29.9,15.66,11.6,1.41,28.18,0
US-Oho,-83.8438,41.5545,2002,7,8,32.1,15.84,14.39,3.81,28.28,0.16
US-Oho,-83.8438,41.5545,2002,7,9,29.89,20.35,21.32,4.31,12.29,5.53
US-Oho,-83.8438,41.5545,2002,7,10,25.29,16.1,11.79,6.27,26.93,0
US-Oho,-83.8438,41.5545,2002,7,11,24.89,14.06,9.99,4.99,28.97,0
US-Oho,-83.8438,41.5545,2002,7,12,27.5,12.36,9.38,3.03,29.73,0
US-Oho,-83.8438,41.5545,2002,7,13,29.39,13.86,10.83,2.89,25.91,0.01
US-Oho,-83.8438,41.5545,2002,7,14,31.38,16.82,12.56,1.33,28.36,0
US-Oho,-83.8438,41.5545,2002,7,15,32.78,16.06,14,3.35,28.16,0
US-Oho,-83.8438,41.5545,2002,7,16,34.69,20.19,17.37,2.06,25.32,0
US-Oho,-83.8438,41.5545,2002,7,17,32.76,21.65,17.6,3.78,19.85,0.01
US-Oho,-83.8438,41.5545,2002,7,18,33.83,22.11,20.24,3.19,20.08,0.74
US-Oho,-83.8438,41.5545,2002,7,19,31,21.05,19.97,2.25,19.3,0.89
US-Oho,-83.8438,41.5545,2002,7,20,32.41,17.29,12.79,2.73,27.84,0
US-Oho,-83.8438,41.5545,2002,7,21,33.4,17.58,18.62,3.7,18.35,2.55
US-Oho,-83.8438,41.5545,2002,7,22,33.17,23.71,22.95,5.09,17.02,8.44
US-Oho,-83.8438,41.5545,2002,7,23,28.79,15.58,16.68,5,22.47,3.25
US-Oho,-83.8438,41.5545,2002,7,24,27.22,13.83,12.64,4.43,23.72,0
US-Oho,-83.8438,41.5545,2002,7,25,30.06,15.16,12.93,2.35,23.58,0.56
US-Oho,-83.8438,41.5545,2002,7,26,30.51,18.01,19.15,4.01,14.8,10.19
US-Oho,-83.8438,41.5545,2002,7,27,29.66,20.81,22.74,3.85,10.39,9.28
US-Oho,-83.8438,41.5545,2002,7,28,31.98,23.04,23.52,6.14,14.2,8.27
US-Oho,-83.8438,41.5545,2002,7,29,32.01,20.69,22.84,5.73,19.28,16.2
US-Oho,-83.8438,41.5545,2002,7,30,31.15,20.52,19.92,3.23,25.25,0.17
US-Oho,-83.8438,41.5545,2002,7,31,34.03,19.54,17.65,2.71,26.75,0.01
US-Oho,-83.8438,41.5545,2002,8,1,35.04,21.61,18.63,3.73,24.59,0.61
US-Oho,-83.8438,41.5545,2002,8,2,31.9,21.86,21,2.68,19.7,0.05
US-Oho,-83.8438,41.5545,2002,8,3,32.38,19.51,16.26,3.49,26.26,0.16
US-Oho,-83.8438,41.5545,2002,8,4,34.28,19.75,19.61,2.83,18.63,3.31
US-Oho,-83.8438,41.5545,2002,8,5,28.59,18.48,19.37,3.46,12.73,1.91
US-Oho,-83.8438,41.5545,2002,8,6,24.11,14.2,10.1,5.55,25.86,0
US-Oho,-83.8438,41.5545,2002,8,7,25.66,13.33,10.78,4.24,24.95,0.01
US-Oho,-83.8438,41.5545,2002,8,8,26.99,12.08,10.8,3.21,27.26,0
US-Oho,-83.8438,41.5545,2002,8,9,29.14,13.38,9.36,2.64,27.33,0
US-Oho,-83.8438,41.5545,2002,8,10,32.33,14.36,9.22,2.44,26.55,0
US-Oho,-83.8438,41.5545,2002,8,11,31.25,18.27,14.9,3.13,20.24,0.07
US-Oho,-83.8438,41.5545,2002,8,12,32.48,20.23,18.31,4.19,17.16,0.84
US-Oho,-83.8438,41.5545,2002,8,13,32.35,21.04,18.19,5.1,19.94,0.79
US-Oho,-83.8438,41.5545,2002,8,14,30.03,20.79,19.14,5.32,12.62,2.61
US-Oho,-83.8438,41.5545,2002,8,15,30.78,20.08,19.68,5.12,16.25,1.05
US-Oho,-83.8438,41.5545,2002,8,16,29.29,21.47,20.75,5.55,13.4,0.9
US-Oho,-83.8438,41.5545,2002,8,17,32.15,20.44,19.78,6.42,19.18,0.06
US-Oho,-83.8438,41.5545,2002,8,18,29.26,19.1,12.01,3.02,23.18,0.03
US-Oho,-83.8438,41.5545,2002,8,19,23.28,15.46,16.11,3.58,8.83,11.99
US-Oho,-83.8438,41.5545,2002,8,20,26.66,13.27,12.1,3.17,23.53,0.15
US-Oho,-83.8438,41.5545,2002,8,21,31.69,13.53,12.07,3.28,23.77,0
US-Oho,-83.8438,41.5545,2002,8,22,29.5,20.44,20.78,4.91,10.88,11.84
US-Oho,-83.8438,41.5545,2002,8,23,27.01,19.47,20.91,2.19,9.93,13.52
US-Oho,-83.8438,41.5545,2002,8,24,28.54,18.32,17.99,3.2,14.2,0.56
US-Oho,-83.8438,41.5545,2002,8,25,29.5,16.48,15.83,2.2,19.94,0.07
US-Oho,-83.8438,41.5545,2002,8,26,29.11,17.23,13.99,2.22,19.61,0
US-Oho,-83.8438,41.5545,2002,8,27,28.98,16.34,15.95,4.55,20.78,0.02
US-Oho,-83.8438,41.5545,2002,8,28,28.12,16.58,14.61,4.59,19.47,0.01
US-Oho,-83.8438,41.5545,2002,8,29,28.14,15.82,14.46,3.43,22.36,0
US-Oho,-83.8438,41.5545,2002,8,30,28.76,15.57,13.93,3.44,22.19,0.01
US-Oho,-83.8438,41.5545,2002,8,31,30.5,14.72,12.99,3.93,23.28,0
US-Oho,-83.8438,41.5545,2002,9,1,31.92,16.06,14.43,2.67,22.39,0.04
US-Oho,-83.8438,41.5545,2002,9,2,31.91,18.57,17.32,4.54,15.29,1.6
US-Oho,-83.8438,41.5545,2002,9,3,31.72,16.16,14.92,5.16,16.27,0.02
US-Oho,-83.8438,41.5545,2002,9,4,30.38,13.87,10.01,3.66,21.23,0
US-Oho,-83.8438,41.5545,2002,9,5,27.86,13.88,13.2,3.08,22.43,0
US-Oho,-83.8438,41.5545,2002,9,6,32.18,13.83,11.94,3.21,22.72,0
US-Oho,-83.8438,41.5545,2002,9,7,34.92,15.98,11.09,2.2,22.04,0
US-Oho,-83.8438,41.5545,2002,9,8,35.42,18.64,11.66,1.24,20.59,0
US-Oho,-83.8438,41.5545,2002,9,9,34.89,20.81,12.17,1.25,20.08,0.02
US-Oho,-83.8438,41.5545,2002,9,10,34.03,18.35,15.4,4.41,18.9,0.03
US-Oho,-83.8438,41.5545,2002,9,11,25.13,14.13,8.39,5.13,20.75,0.09
US-Oho,-83.8438,41.5545,2002,9,12,26.98,12.49,7.43,1.52,22.48,0
US-Oho,-83.8438,41.5545,2002,9,13,29.04,12.13,5.84,2.39,20.28,0.06
US-Oho,-83.8438,41.5545,2002,9,14,30.13,19.24,17.68,4,11.37,6.38
US-Oho,-83.8438,41.5545,2002,9,15,26.99,15.96,16.64,3.02,5.42,1.85
US-Oho,-83.8438,41.5545,2002,9,16,25.89,11.57,7.19,1.91,19.91,0
US-Oho,-83.8438,41.5545,2002,9,17,28.87,11.82,6.97,2.05,19.9,0.1
US-Oho,-83.8438,41.5545,2002,9,18,29.65,14.1,13.87,3.87,14.06,3.87
US-Oho,-83.8438,41.5545,2002,9,19,31.72,19.59,20.27,5.91,13.28,7.67
US-Oho,-83.8438,41.5545,2002,9,20,27.01,18.97,21.25,6.34,8.37,19.84
US-Oho,-83.8438,41.5545,2002,9,21,26.95,14.99,13.03,3.47,19.97,0.47
US-Oho,-83.8438,41.5545,2002,9,22,21.68,10.21,9.13,3.74,7.85,0.25
US-Oho,-83.8438,41.5545,2002,9,23,21.26,7.43,4.2,2.08,20.06,0
US-Oho,-83.8438,41.5545,2002,9,24,20.68,7.62,3.85,2.99,20.49,0.04
US-Oho,-83.8438,41.5545,2002,9,25,23.54,8.03,7.88,3.11,14.17,0.65
US-Oho,-83.8438,41.5545,2002,9,26,23.68,10.13,11.07,3.25,12.43,1.59
US-Oho,-83.8438,41.5545,2002,9,27,22.97,13.12,14.24,5.02,5.41,23.28
US-Oho,-83.8438,41.5545,2002,9,28,22.71,9.86,10.37,2.82,16.94,0.03
US-Oho,-83.8438,41.5545,2002,9,29,26.43,11.54,11.89,3.61,16.55,0.36
US-Oho,-83.8438,41.5545,2002,9,30,29.29,13.96,13.37,4.99,17.9,0
US-Oho,-83.8438,41.5545,2002,10,1,28.9,17.98,17.36,6.01,14.76,0.37
US-Oho,-83.8438,41.5545,2002,10,2,29.58,18.35,18.06,4.45,12.47,0.72
US-Oho,-83.8438,41.5545,2002,10,3,22.98,15.56,15.57,3.65,4.45,0.81
US-Oho,-83.8438,41.5545,2002,10,4,25.73,14.67,17.36,7.62,6.95,6.08
US-Oho,-83.8438,41.5545,2002,10,5,19.9,10.32,6.28,3.79,17.19,0.11
US-Oho,-83.8438,41.5545,2002,10,6,21.91,8.1,6.58,5.86,13.81,0.78
US-Oho,-83.8438,41.5545,2002,10,7,15.37,7.12,0.26,4.53,16.56,0
US-Oho,-83.8438,41.5545,2002,10,8,18.47,3.76,0.72,3.25,15.33,0.01
US-Oho,-83.8438,41.5545,2002,10,9,18.17,7.08,3.57,2.48,11.64,0
US-Oho,-83.8438,41.5545,2002,10,10,22.58,9.52,7.06,2.12,11.54,0
US-Oho,-83.8438,41.5545,2002,10,11,22.29,8.65,12.34,4.53,14.09,0.04
US-Oho,-83.8438,41.5545,2002,10,12,22.94,10.56,13.23,3.42,7.49,0.75
US-Oho,-83.8438,41.5545,2002,10,13,13.98,2.39,0.76,5.63,13.42,0.1
US-Oho,-83.8438,41.5545,2002,10,14,14.76,0.86,-2.17,2.54,16.75,0
US-Oho,-83.8438,41.5545,2002,10,15,16.54,1.49,1.16,2.74,13.17,0
US-Oho,-83.8438,41.5545,2002,10,16,11.39,0.52,-0.43,5.82,7.58,0.11
US-Oho,-83.8438,41.5545,2002,10,17,7.76,0.66,-1.5,2.29,8.71,0.5
US-Oho,-83.8438,41.5545,2002,10,18,14.96,1.73,3.48,6.53,7.89,1.41
US-Oho,-83.8438,41.5545,2002,10,19,13.55,2.48,4.65,6.17,11.33,7
US-Oho,-83.8438,41.5545,2002,10,20,12.74,0.96,1.04,3.57,13.65,0.06
US-Oho,-83.8438,41.5545,2002,10,21,14.19,-0.06,0.41,3.01,14.44,0
US-Oho,-83.8438,41.5545,2002,10,22,15.95,2.34,2.95,4.16,13.53,0.04
US-Oho,-83.8438,41.5545,2002,10,23,10.63,3.66,1.57,4.41,8.87,0.02
US-Oho,-83.8438,41.5545,2002,10,24,9.79,3.09,0.47,4.47,4.89,0.94
US-Oho,-83.8438,41.5545,2002,10,25,8.66,4.08,5.48,3.85,3.58,13.99
US-Oho,-83.8438,41.5545,2002,10,26,11.5,3.55,5.64,3.31,2.16,0.41
US-Oho,-83.8438,41.5545,2002,10,27,10.38,2,1.2,3.02,5.34,0
US-Oho,-83.8438,41.5545,2002,10,28,12.06,2.53,0.74,4.32,8.28,0.09
US-Oho,-83.8438,41.5545,2002,10,29,7.16,2.88,0.73,7.86,2.96,0.47
US-Oho,-83.8438,41.5545,2002,10,30,9.04,-0.15,-1.08,5.34,7.21,0
US-Oho,-83.8438,41.5545,2002,10,31,9.4,-0.7,-0.62,2.98,10.11,0.01
US-Oho,-83.8438,41.5545,2002,11,1,5.36,-1.17,-3.48,5.99,6.78,0.04
US-Oho,-83.8438,41.5545,2002,11,2,8.8,-3.15,-4.48,5.69,8.53,0.12
US-Oho,-83.8438,41.5545,2002,11,3,8.53,-2.2,-1.51,3.07,10.26,0.57
US-Oho,-83.8438,41.5545,2002,11,4,10.1,1,0.81,3.2,5.34,0.97
US-Oho,-83.8438,41.5545,2002,11,5,6.82,-0.09,1.71,3.73,4.12,6.03
US-Oho,-83.8438,41.5545,2002,11,6,7.85,1.28,1.17,5.76,2.73,0.32
US-Oho,-83.8438,41.5545,2002,11,7,10.89,-0.96,0.51,4.95,7.11,0.01
US-Oho,-83.8438,41.5545,2002,11,8,17.36,5.11,4.66,9.06,11.44,0.05
US-Oho,-83.8438,41.5545,2002,11,9,17.02,9.49,10.46,9.06,4.59,5.24
US-Oho,-83.8438,41.5545,2002,11,10,21.05,10.85,13.91,8.56,3.27,24.21
US-Oho,-83.8438,41.5545,2002,11,11,10.82,1.58,3.82,4.83,8.18,0.78
US-Oho,-83.8438,41.5545,2002,11,12,8.68,0.78,1.17,2.39,3.89,0.24
US-Oho,-83.8438,41.5545,2002,11,13,11.54,-1.36,1.04,4.72,10.88,0.06
US-Oho,-83.8438,41.5545,2002,11,14,12.72,5.29,5.17,6.7,5.93,0.61
US-Oho,-83.8438,41.5545,2002,11,15,7.53,-0.43,-0.4,6.5,3.08,3.98
US-Oho,-83.8438,41.5545,2002,11,16,2.38,-2.14,-3.73,6.57,2.23,0.51
US-Oho,-83.8438,41.5545,2002,11,17,3.02,-4.41,-4.35,5.17,3.03,0.28
US-Oho,-83.8438,41.5545,2002,11,18,3.77,-4.6,-3.2,5.22,7.69,0.41
US-Oho,-83.8438,41.5545,2002,11,19,10.59,3.56,2.64,6.67,5.98,2.7
US-Oho,-83.8438,41.5545,2002,11,20,12.5,2.99,2.45,5.18,8.71,0.24
US-Oho,-83.8438,41.5545,2002,11,21,10.56,1.43,3.8,4.72,4.16,7.66
US-Oho,-83.8438,41.5545,2002,11,22,1.79,-5.63,-3.39,8.57,3.91,6.19
US-Oho,-83.8438,41.5545,2002,11,23,4.05,-6.18,-2.82,5.68,3.71,0.4
US-Oho,-83.8438,41.5545,2002,11,24,6.52,-0.81,-0.65,3.64,7.9,0.27
US-Oho,-83.8438,41.5545,2002,11,25,2.49,-4.27,-3.93,3.34,6.11,0.48
US-Oho,-83.8438,41.5545,2002,11,26,0.9,-4.42,-3.63,3.85,3.26,1.15
US-Oho,-83.8438,41.5545,2002,11,27,0.98,-7.01,-7.4,3.47,9.13,0.16
US-Oho,-83.8438,41.5545,2002,11,28,-0.37,-6.08,-7.05,6.16,4.21,0.08
US-Oho,-83.8438,41.5545,2002,11,29,7.68,-3.21,-1.11,9.77,8.3,0
US-Oho,-83.8438,41.5545,2002,11,30,0.7,-5,-4.83,8.11,4.14,0.95
US-Oho,-83.8438,41.5545,2002,12,1,-1.37,-5.9,-10.76,8.21,5.8,0.08
US-Oho,-83.8438,41.5545,2002,12,2,-0.16,-10.02,-6.85,5.77,2.71,3.43
US-Oho,-83.8438,41.5545,2002,12,3,-4.22,-14.07,-13.79,3.24,8.87,0.02
US-Oho,-83.8438,41.5545,2002,12,4,-3.44,-10.35,-11.23,1.72,5.11,0.15
US-Oho,-83.8438,41.5545,2002,12,5,-1.26,-6.63,-8.36,4.23,6.77,0.12
US-Oho,-83.8438,41.5545,2002,12,6,-3.12,-9.9,-9.74,6,8.09,0
US-Oho,-83.8438,41.5545,2002,12,7,2.62,-6.64,-4.05,7.79,8.13,0.02
US-Oho,-83.8438,41.5545,2002,12,8,0.32,-9.77,-7.57,5.39,8.93,0
US-Oho,-83.8438,41.5545,2002,12,9,-1.1,-10.32,-10.2,3.37,8.78,0
US-Oho,-83.8438,41.5545,2002,12,10,3.31,-6.98,-6.48,2.89,8.38,0.01
US-Oho,-83.8438,41.5545,2002,12,11,0.8,-3.36,-3.58,1.96,1.9,0.05
US-Oho,-83.8438,41.5545,2002,12,12,4.61,-4.98,-2.55,3.45,6.53,0.1
US-Oho,-83.8438,41.5545,2002,12,13,2.17,-1.2,-0.36,4.45,1.49,3.2
US-Oho,-83.8438,41.5545,2002,12,14,3.25,-1.92,-1.24,6.18,2.53,1.06
US-Oho,-83.8438,41.5545,2002,12,15,4.7,-1.87,-0.83,6.31,6.06,0.08
US-Oho,-83.8438,41.5545,2002,12,16,-0.43,-6.26,-6.71,4.81,6.72,0.02
US-Oho,-83.8438,41.5545,2002,12,17,1.59,-6.31,-4.49,6,4.66,1.19
US-Oho,-83.8438,41.5545,2002,12,18,8.01,0.56,2.53,7.44,5.33,3.29
US-Oho,-83.8438,41.5545,2002,12,19,8.57,3.34,5.84,6.82,1.72,19.23
US-Oho,-83.8438,41.5545,2002,12,20,3.24,-1.33,-2.35,9.04,2.16,0.58
US-Oho,-83.8438,41.5545,2002,12,21,2.44,-2.9,-4.65,8.88,2.95,0.14
US-Oho,-83.8438,41.5545,2002,12,22,2.13,-3.74,-3.88,7.82,4.17,0.21
US-Oho,-83.8438,41.5545,2002,12,23,1.5,-4.12,-6.22,7.34,3.62,0.2
US-Oho,-83.8438,41.5545,2002,12,24,-0.18,-4.13,-5.57,4.82,4.64,4.09
US-Oho,-83.8438,41.5545,2002,12,25,-0.08,-3.76,-3.6,7.93,2.79,5.82
US-Oho,-83.8438,41.5545,2002,12,26,-1.91,-9.01,-6.88,5.62,2.6,0.06
US-Oho,-83.8438,41.5545,2002,12,27,-2.62,-8.21,-6.84,4.67,4.19,0.01
US-Oho,-83.8438,41.5545,2002,12,28,1.04,-5.27,-3.03,4.84,1.91,0.19
US-Oho,-83.8438,41.5545,2002,12,29,1.95,-3.52,-2.13,2.82,1.81,0.1
US-Oho,-83.8438,41.5545,2002,12,30,6.82,-1.17,3.72,8.15,1.52,4.13
US-Oho,-83.8438,41.5545,2002,12,31,6.24,-3.1,-0.49,3.89,2.31,4.22
US-Oho,-83.8438,41.5545,2003,1,1,-0.18,-4.11,-5.52,7.85,2.3,0.72
US-Oho,-83.8438,41.5545,2003,1,2,-3.77,-6.24,-7.21,6.28,2.44,4.08
US-Oho,-83.8438,41.5545,2003,1,3,-2.27,-6.88,-7.37,4.31,4.71,0.21
US-Oho,-83.8438,41.5545,2003,1,4,-0.67,-8.8,-6.81,3.08,4.29,0.61
US-Oho,-83.8438,41.5545,2003,1,5,0.88,-4.12,-3.55,2.33,3.91,2.1
US-Oho,-83.8438,41.5545,2003,1,6,-2.39,-11.43,-7.8,5.76,5.21,1.42
US-Oho,-83.8438,41.5545,2003,1,7,0.61,-11.07,-4.88,8.96,2.75,0.09
US-Oho,-83.8438,41.5545,2003,1,8,5.49,-0.79,0.65,7.69,7.01,0
US-Oho,-83.8438,41.5545,2003,1,9,5.67,-4.14,-1.42,7.54,9.09,0.24
US-Oho,-83.8438,41.5545,2003,1,10,-1.84,-9,-9.37,7.1,6.47,0.06
US-Oho,-83.8438,41.5545,2003,1,11,-6.43,-11.64,-11.92,6.88,8.48,0.01
US-Oho,-83.8438,41.5545,2003,1,12,-2.87,-10.63,-10.01,5.9,8.18,0
US-Oho,-83.8438,41.5545,2003,1,13,-4.09,-9.44,-10.82,6.02,8.63,0.05
US-Oho,-83.8438,41.5545,2003,1,14,-5.68,-11.95,-10.92,3.22,8.75,0.09
US-Oho,-83.8438,41.5545,2003,1,15,-5.89,-11.92,-12.15,5.65,7.5,0
US-Oho,-83.8438,41.5545,2003,1,16,-6.5,-12.36,-11.15,3.71,6.99,0
US-Oho,-83.8438,41.5545,2003,1,17,-8.13,-14.86,-14.95,4.63,9.12,0.01
US-Oho,-83.8438,41.5545,2003,1,18,-6.42,-15.07,-13.62,7.44,9.42,0.2
US-Oho,-83.8438,41.5545,2003,1,19,-4.72,-12.66,-11.94,9.02,8.09,0.23
US-Oho,-83.8438,41.5545,2003,1,20,-5.41,-11.94,-12.55,4.5,7.75,0
US-Oho,-83.8438,41.5545,2003,1,21,-6.79,-12.72,-13.94,3.32,10.61,0
US-Oho,-83.8438,41.5545,2003,1,22,-8.29,-13.83,-14.84,4.61,8.56,0.01
US-Oho,-83.8438,41.5545,2003,1,23,-8.55,-15.61,-14.73,7.72,9.26,0.05
US-Oho,-83.8438,41.5545,2003,1,24,-6.74,-12.77,-13.07,5.27,7.41,0
US-Oho,-83.8438,41.5545,2003,1,25,-2.75,-11.72,-11.22,7.26,7.32,0.38
US-Oho,-83.8438,41.5545,2003,1,26,-4.02,-14.26,-13.02,6.2,7.35,1.69
US-Oho,-83.8438,41.5545,2003,1,27,-8.49,-17.49,-16.31,3.96,8.39,0.12
US-Oho,-83.8438,41.5545,2003,1,28,-0.82,-9.37,-6.21,4.02,5.25,3.09
US-Oho,-83.8438,41.5545,2003,1,29,-2.17,-10.82,-8.55,4.18,9.72,0.42
US-Oho,-83.8438,41.5545,2003,1,30,-1.95,-12.73,-9.93,2.92,8.72,0.26
US-Oho,-83.8438,41.5545,2003,1,31,2.03,-7.26,-3.43,4.39,2.7,3.48
US-Oho,-83.8438,41.5545,2003,2,1,2.29,-2.98,-1.76,2.86,3.36,0.39
US-Oho,-83.8438,41.5545,2003,2,2,3.99,-2.96,-1.74,3.57,4.21,0.43
US-Oho,-83.8438,41.5545,2003,2,3,8.21,-1.19,3.74,7.43,3.43,4.51
US-Oho,-83.8438,41.5545,2003,2,4,1.99,-6.22,-6.21,11.17,6.14,0.3
US-Oho,-83.8438,41.5545,2003,2,5,-3.23,-9.27,-11.59,4.85,7.53,0.01
US-Oho,-83.8438,41.5545,2003,2,6,-0.7,-8.91,-6.34,4.14,7.03,0.09
US-Oho,-83.8438,41.5545,2003,2,7,-3.75,-11.86,-11.08,5.63,7.51,0.03
US-Oho,-83.8438,41.5545,2003,2,8,-0.44,-14.06,-11.22,9.33,13.39,0.03
US-Oho,-83.8438,41.5545,2003,2,9,-1.72,-9.32,-10.35,5.2,12.88,0.03
US-Oho,-83.8438,41.5545,2003,2,10,0.73,-11.77,-8.32,5.7,7.77,1.38
US-Oho,-83.8438,41.5545,2003,2,11,-1.47,-12.39,-11.57,8.28,10.81,0.19
US-Oho,-83.8438,41.5545,2003,2,12,-4.93,-10.83,-14.06,9.15,10.83,0
US-Oho,-83.8438,41.5545,2003,2,13,-2.94,-11.49,-11.25,5.97,10.53,0.02
US-Oho,-83.8438,41.5545,2003,2,14,1.33,-11.21,-8.06,2.67,12.03,0.16
US-Oho,-83.8438,41.5545,2003,2,15,-5.14,-10.75,-12.87,10.22,11.21,0.09
US-Oho,-83.8438,41.5545,2003,2,16,-6.98,-10.93,-11.81,10.52,7.78,0.32
US-Oho,-83.8438,41.5545,2003,2,17,-2.25,-7.06,-6.48,6.1,3.87,3.88
US-Oho,-83.8438,41.5545,2003,2,18,0.28,-7.44,-4.85,5.17,6.36,0.05
US-Oho,-83.8438,41.5545,2003,2,19,3.08,-6.39,-3.92,5.2,5.09,0.28
US-Oho,-83.8438,41.5545,2003,2,20,6.89,-8.24,-5.03,4.51,15.02,0
US-Oho,-83.8438,41.5545,2003,2,21,4.06,-6.27,-3.03,2.53,7.63,0.09
US-Oho,-83.8438,41.5545,2003,2,22,1.55,-4.93,-1.71,8.72,5.15,18.02
US-Oho,-83.8438,41.5545,2003,2,23,-2.2,-9.26,-9.97,7.15,12.15,0.7
US-Oho,-83.8438,41.5545,2003,2,24,-3.2,-12.64,-9.27,4.8,13.2,1.1
US-Oho,-83.8438,41.5545,2003,2,25,-6.71,-14.91,-14.44,2.45,15.61,0.03
US-Oho,-83.8438,41.5545,2003,2,26,-3.47,-14.03,-12.74,2.97,16.03,0
US-Oho,-83.8438,41.5545,2003,2,27,-1.09,-14.78,-9.83,3.59,15.81,0
US-Oho,-83.8438,41.5545,2003,2,28,0.44,-12.81,-8.54,2.35,15.31,0.1
US-Oho,-83.8438,41.5545,2003,3,1,2.91,-8.76,-3.12,2.67,5.69,0.4
US-Oho,-83.8438,41.5545,2003,3,2,3.04,-17.01,-7.91,6.78,5.49,0.32
US-Oho,-83.8438,41.5545,2003,3,3,-6.48,-18.79,-16.05,3.43,8.98,0.16
US-Oho,-83.8438,41.5545,2003,3,4,9.02,-6.43,-0.86,5.3,12.35,0.54
US-Oho,-83.8438,41.5545,2003,3,5,0.85,-5.78,-6.57,5.59,10.55,4.26
US-Oho,-83.8438,41.5545,2003,3,6,-2,-10.56,-10.34,4.43,15.94,0.97
US-Oho,-83.8438,41.5545,2003,3,7,3.85,-11.35,-6.25,4.25,8.42,0.4
US-Oho,-83.8438,41.5545,2003,3,8,12.21,-7.47,-0.97,7.07,10.05,2.79
US-Oho,-83.8438,41.5545,2003,3,9,-3.31,-12.58,-14.27,7.11,10.58,0.01
US-Oho,-83.8438,41.5545,2003,3,10,-3.08,-12.49,-13.3,4.7,13.35,0.04
US-Oho,-83.8438,41.5545,2003,3,11,4.86,-11.85,-7.85,6.05,14.4,0.1
US-Oho,-83.8438,41.5545,2003,3,12,10.52,-0.87,1.75,4.09,10.1,1.52
US-Oho,-83.8438,41.5545,2003,3,13,1.66,-7.25,-5.21,6.9,7.05,11.56
US-Oho,-83.8438,41.5545,2003,3,14,8.14,-7.69,-4.84,3.28,16.95,0
US-Oho,-83.8438,41.5545,2003,3,15,15.3,-2.7,2.87,3.06,17.39,0.13
US-Oho,-83.8438,41.5545,2003,3,16,20.18,3.57,9.36,3.64,17.13,0
US-Oho,-83.8438,41.5545,2003,3,17,21.3,5.14,9.99,2.67,17.16,0.02
US-Oho,-83.8438,41.5545,2003,3,18,12.89,2.67,4.52,7.78,9.82,0.57
US-Oho,-83.8438,41.5545,2003,3,19,16.63,1.98,6.55,6.78,9.62,4.42
US-Oho,-83.8438,41.5545,2003,3,20,19.63,6.21,9.9,4.18,17.99,4.16
US-Oho,-83.8438,41.5545,2003,3,21,13.54,0.22,5.9,4.23,6.04,4.22
US-Oho,-83.8438,41.5545,2003,3,22,8.9,-2.11,0.33,5.51,7.6,0.17
US-Oho,-83.8438,41.5545,2003,3,23,11.46,-2.78,1.75,1.97,9.98,0.05
US-Oho,-83.8438,41.5545,2003,3,24,20.59,0.62,7.3,5.37,19.78,0.01
US-Oho,-83.8438,41.5545,2003,3,25,16.12,5.31,6.1,3.69,10.33,2.71
US-Oho,-83.8438,41.5545,2003,3,26,14.14,-0.09,1.49,2.73,18.92,0
US-Oho,-83.8438,41.5545,2003,3,27,18.09,1.61,4,4.73,16.03,0.09
US-Oho,-83.8438,41.5545,2003,3,28,21.55,3.97,11.22,10.67,13.85,10.52
US-Oho,-83.8438,41.5545,2003,3,29,7.52,-3.61,-2.05,6.37,7.18,4.89
US-Oho,-83.8438,41.5545,2003,3,30,4.62,-5.21,-6.61,3.87,14.68,0.08
US-Oho,-83.8438,41.5545,2003,3,31,7.29,-2.22,-3.75,4.91,16.52,1.12
US-Oho,-83.8438,41.5545,2003,4,1,21.01,2.07,8.15,6.66,14.5,0.66
US-Oho,-83.8438,41.5545,2003,4,2,24.37,8.56,11.96,5.84,20.93,0.04
US-Oho,-83.8438,41.5545,2003,4,3,15.45,4.74,8.96,2.51,14.16,1.09
US-Oho,-83.8438,41.5545,2003,4,4,8.53,2.17,3.35,4.88,3.29,37.01
US-Oho,-83.8438,41.5545,2003,4,5,9.95,-4.35,-1.85,8.21,6.31,0.66
US-Oho,-83.8438,41.5545,2003,4,6,2.51,-5.37,-6.1,5.99,14.86,0.81
US-Oho,-83.8438,41.5545,2003,4,7,2.93,-1.55,-0.34,8.13,2.55,8.08
US-Oho,-83.8438,41.5545,2003,4,8,3.46,-2.36,-1.24,5.04,4.61,0.25
US-Oho,-83.8438,41.5545,2003,4,9,7.55,-2.78,-1.89,6.12,13.98,0
US-Oho,-83.8438,41.5545,2003,4,10,12.32,-2.61,-0.72,5.36,23.75,0
US-Oho,-83.8438,41.5545,2003,4,11,18.39,-1.57,2.09,3.72,24.54,0
US-Oho,-83.8438,41.5545,2003,4,12,14.99,-0.41,1.23,5.24,24.66,0
US-Oho,-83.8438,41.5545,2003,4,13,14.38,-3.27,-1.87,2.93,25.29,0
US-Oho,-83.8438,41.5545,2003,4,14,22.91,0.75,4.55,5.95,24.63,0
US-Oho,-83.8438,41.5545,2003,4,15,26.27,11.57,11.08,8.82,23.58,0
US-Oho,-83.8438,41.5545,2003,4,16,25.1,2.82,9.94,6.83,15.22,0.39
US-Oho,-83.8438,41.5545,2003,4,17,13.16,1.95,4.07,8.19,14.34,0.57
US-Oho,-83.8438,41.5545,2003,4,18,19.26,10.13,11.65,5.45,9.28,2.76
US-Oho,-83.8438,41.5545,2003,4,19,23.51,9.13,12.59,5.32,19.38,0.36
US-Oho,-83.8438,41.5545,2003,4,20,24.01,12.72,14.81,7.46,12.5,3.21
US-Oho,-83.8438,41.5545,2003,4,21,16.06,5.01,6.81,6.57,9.76,0.37
US-Oho,-83.8438,41.5545,2003,4,22,9.78,1.31,1.18,5.66,8.36,0.1
US-Oho,-83.8438,41.5545,2003,4,23,14.63,-2.81,-1.82,3.8,27.73,0
US-Oho,-83.8438,41.5545,2003,4,24,14.93,0.28,-0.66,3.42,21.39,0.07
US-Oho,-83.8438,41.5545,2003,4,25,15.67,2.32,1.92,4.94,12.06,0.67
US-Oho,-83.8438,41.5545,2003,4,26,16.54,0.53,-0.11,4.92,27.72,0.01
US-Oho,-83.8438,41.5545,2003,4,27,21.04,0.98,2.65,4.01,27.6,0
US-Oho,-83.8438,41.5545,2003,4,28,23.48,6.45,9.38,5.26,22.65,0.48
US-Oho,-83.8438,41.5545,2003,4,29,19.11,4.86,4.82,3.64,26.26,0.23
US-Oho,-83.8438,41.5545,2003,4,30,23.52,7.49,11.07,5,14.16,14.94
US-Oho,-83.8438,41.5545,2003,5,1,20.03,9.46,14.71,5.55,17.57,12
US-Oho,-83.8438,41.5545,2003,5,2,15.8,4.63,7.53,4.89,5.1,0.76
US-Oho,-83.8438,41.5545,2003,5,3,14.89,3.78,4.13,3.9,15.35,0.53
US-Oho,-83.8438,41.5545,2003,5,4,19.53,0.9,5.14,4.85,22.67,4.61
US-Oho,-83.8438,41.5545,2003,5,5,24.57,11.45,13.72,6.79,18.9,23.01
US-Oho,-83.8438,41.5545,2003,5,6,23.13,9.94,10.83,4.23,27.42,0.16
US-Oho,-83.8438,41.5545,2003,5,7,16.53,8.78,9.67,4.3,9.12,7.45
US-Oho,-83.8438,41.5545,2003,5,8,17.61,8.48,10.41,3.12,8.24,11.4
US-Oho,-83.8438,41.5545,2003,5,9,22.82,8.62,13.74,4.24,16.78,25.67
US-Oho,-83.8438,41.5545,2003,5,10,26.2,18.67,19.25,5.18,11.8,4.1
US-Oho,-83.8438,41.5545,2003,5,11,21.48,10.06,10.46,12.92,15.47,7.45
US-Oho,-83.8438,41.5545,2003,5,12,10.91,7.03,5.41,11.05,8.22,1.06
US-Oho,-83.8438,41.5545,2003,5,13,19.52,4.65,4.12,6.18,28.68,0
US-Oho,-83.8438,41.5545,2003,5,14,21,4.04,5.89,2.12,21.97,3.14
US-Oho,-83.8438,41.5545,2003,5,15,18.94,9.23,10.87,4.05,11.63,4
US-Oho,-83.8438,41.5545,2003,5,16,20.94,7.92,11.2,2.68,15.86,0.07
US-Oho,-83.8438,41.5545,2003,5,17,22.32,11.45,12.89,4.83,21.83,0
US-Oho,-83.8438,41.5545,2003,5,18,21.51,11.88,12.58,5.49,17.05,0.05
US-Oho,-83.8438,41.5545,2003,5,19,24.37,11.07,15.36,3.95,21.81,0.53
US-Oho,-83.8438,41.5545,2003,5,20,24.23,8.25,13.42,6.8,8.81,5.05
US-Oho,-83.8438,41.5545,2003,5,21,15.32,5.13,2.93,6.11,29.6,0
US-Oho,-83.8438,41.5545,2003,5,22,17.06,4.27,4.57,4.96,29.7,0
US-Oho,-83.8438,41.5545,2003,5,23,17.89,5.74,5.91,3.78,13.99,0.03
US-Oho,-83.8438,41.5545,2003,5,24,13.76,6,7.41,4.03,11.89,0.07
US-Oho,-83.8438,41.5545,2003,5,25,19.25,6.84,7.99,2.33,19.51,0.01
US-Oho,-83.8438,41.5545,2003,5,26,19.1,7.71,9.85,2.42,15.92,0.25
US-Oho,-83.8438,41.5545,2003,5,27,19.59,7.34,10.89,3.14,19.03,1.87
US-Oho,-83.8438,41.5545,2003,5,28,21.96,9.9,11.32,1.75,21.34,0.17
US-Oho,-83.8438,41.5545,2003,5,29,23.14,10.88,12.43,3.71,24.74,0.85
US-Oho,-83.8438,41.5545,2003,5,30,22.83,10.56,13.01,2.98,17.55,5.45
US-Oho,-83.8438,41.5545,2003,5,31,15.43,5.29,8.95,7.82,8.54,12.14
US-Oho,-83.8438,41.5545,2003,6,1,18.6,4.12,4.18,3.9,28.99,0
US-Oho,-83.8438,41.5545,2003,6,2,20.87,5.16,7.47,2,25.3,0.22
US-Oho,-83.8438,41.5545,2003,6,3,15.14,10.83,9.25,6.35,6,2.93
US-Oho,-83.8438,41.5545,2003,6,4,16.06,10.13,10.54,4,5.97,0.97
US-Oho,-83.8438,41.5545,2003,6,5,20.16,9.17,10.2,5.38,14.97,0.06
US-Oho,-83.8438,41.5545,2003,6,6,23.68,8.9,10.76,2.44,21.58,0.6
US-Oho,-83.8438,41.5545,2003,6,7,24.97,13.3,15.01,1.79,21.07,0.64
US-Oho,-83.8438,41.5545,2003,6,8,24.24,14.28,14.72,6.11,10.06,5.81
US-Oho,-83.8438,41.5545,2003,6,9,23.28,12.45,12.61,5.4,22.04,0.1
US-Oho,-83.8438,41.5545,2003,6,10,26.14,12.62,15.95,6.35,13.34,1.13
US-Oho,-83.8438,41.5545,2003,6,11,23.61,15.45,19.05,3.89,14.34,10.44
US-Oho,-83.8438,41.5545,2003,6,12,21.35,14.29,16.95,5.19,6.84,17.64
US-Oho,-83.8438,41.5545,2003,6,13,22.99,14.12,17.42,1.71,15.42,4.55
US-Oho,-83.8438,41.5545,2003,6,14,23.6,15.38,16.91,2.59,18.8,0.28
US-Oho,-83.8438,41.5545,2003,6,15,25.36,13.03,14.53,4.27,27.1,0.02
US-Oho,-83.8438,41.5545,2003,6,16,25.28,12.42,12.9,4.56,26.48,1.4
US-Oho,-83.8438,41.5545,2003,6,17,21.63,14.39,16.63,4,8.19,7.09
US-Oho,-83.8438,41.5545,2003,6,18,27.28,15.57,17.03,1.85,22.91,0.41
US-Oho,-83.8438,41.5545,2003,6,19,23.02,9.84,11.83,5.7,25.15,2.61
US-Oho,-83.8438,41.5545,2003,6,20,22.68,8.5,9.04,4.65,30.79,0
US-Oho,-83.8438,41.5545,2003,6,21,25.76,9.26,11.48,3.33,30.32,0
US-Oho,-83.8438,41.5545,2003,6,22,28.09,12.65,13.13,2.75,30.75,0.08
US-Oho,-83.8438,41.5545,2003,6,23,29.09,13.76,14.42,3.12,29.9,0
US-Oho,-83.8438,41.5545,2003,6,24,29.86,15.88,16.57,3.55,28.71,0
US-Oho,-83.8438,41.5545,2003,6,25,30.89,18.05,18.59,4.21,26.5,0
US-Oho,-83.8438,41.5545,2003,6,26,27.99,16,19.7,5.83,14.68,8.43
US-Oho,-83.8438,41.5545,2003,6,27,25.69,12.8,11.9,4.51,30.1,0
US-Oho,-83.8438,41.5545,2003,6,28,27.1,14.2,15.16,6.13,20.89,4.08
US-Oho,-83.8438,41.5545,2003,6,29,27.64,17.41,17.63,5.17,17.73,1.7
US-Oho,-83.8438,41.5545,2003,6,30,25.72,16.73,13.97,1.79,22,0.41
US-Oho,-83.8438,41.5545,2003,7,1,29.56,16.23,16.45,1.94,24.69,1.3
US-Oho,-83.8438,41.5545,2003,7,2,30.54,18.98,18.09,0.9,26.26,0.06
US-Oho,-83.8438,41.5545,2003,7,3,31.84,17.71,16.04,3.39,27.22,0.02
US-Oho,-83.8438,41.5545,2003,7,4,31.36,22.45,23.19,5.97,19.98,9.36
US-Oho,-83.8438,41.5545,2003,7,5,29.72,21.44,22.25,5.58,18.12,4.27
US-Oho,-83.8438,41.5545,2003,7,6,28.51,19.8,20.72,2.36,22.62,16.25
US-Oho,-83.8438,41.5545,2003,7,7,29.73,22.18,23.12,6.26,12.84,11.92
US-Oho,-83.8438,41.5545,2003,7,8,28.38,19.78,23.08,4.02,19.13,13.48
US-Oho,-83.8438,41.5545,2003,7,9,26.52,18.18,18.39,2.55,14.31,6.85
US-Oho,-83.8438,41.5545,2003,7,10,27.26,18.78,20.37,4.54,16.64,3.59
US-Oho,-83.8438,41.5545,2003,7,11,22.96,15.32,14.88,7.34,16.87,0.68
US-Oho,-83.8438,41.5545,2003,7,12,25.74,14.29,13.56,3.64,26.27,0.44
US-Oho,-83.8438,41.5545,2003,7,13,27.49,14.92,13.01,1.38,28.78,0.1
US-Oho,-83.8438,41.5545,2003,7,14,28.64,15.86,13.3,2.66,29.34,0.03
US-Oho,-83.8438,41.5545,2003,7,15,28.67,17.62,18.15,6.45,12.75,1.17
US-Oho,-83.8438,41.5545,2003,7,16,28.46,14.95,12.16,4.09,29.42,0
US-Oho,-83.8438,41.5545,2003,7,17,29.07,16.33,15.27,3.15,27.69,0.02
US-Oho,-83.8438,41.5545,2003,7,18,27.65,15.27,14.78,3.25,19.49,0.73
US-Oho,-83.8438,41.5545,2003,7,19,28.25,14.43,10.21,1.96,30.02,0
US-Oho,-83.8438,41.5545,2003,7,20,28.47,16.14,16.71,4.65,17.96,10.99
US-Oho,-83.8438,41.5545,2003,7,21,26.22,17.78,20.36,4.07,11.76,17.36
US-Oho,-83.8438,41.5545,2003,7,22,24.18,15.81,15.82,3.69,12.84,4.54
US-Oho,-83.8438,41.5545,2003,7,23,25.49,13.94,14.43,3.76,21.66,1.01
US-Oho,-83.8438,41.5545,2003,7,24,27.16,13.73,13.09,2.86,28.43,0
US-Oho,-83.8438,41.5545,2003,7,25,28.27,15.22,15.91,3.81,27.63,0
US-Oho,-83.8438,41.5545,2003,7,26,27.75,18.03,17.59,5.65,14.03,0.76
US-Oho,-83.8438,41.5545,2003,7,27,30.95,18.11,19.7,5.85,12.65,13.82
US-Oho,-83.8438,41.5545,2003,7,28,24.63,15.35,14.62,2.63,15.85,0.04
US-Oho,-83.8438,41.5545,2003,7,29,26.99,13.79,12.13,1.58,28.33,0
US-Oho,-83.8438,41.5545,2003,7,30,28.14,15.13,12.82,1.98,27.53,0
US-Oho,-83.8438,41.5545,2003,7,31,28.26,17.05,17.17,1.71,18.71,3.31
US-Oho,-83.8438,41.5545,2003,8,1,28.46,17.79,19.66,3.32,23.21,28.65
US-Oho,-83.8438,41.5545,2003,8,2,27.18,19.16,19.93,3.44,17.17,7.42
US-Oho,-83.8438,41.5545,2003,8,3,26.03,19.38,19.52,3.1,13.08,11.85
US-Oho,-83.8438,41.5545,2003,8,4,24.62,16.86,18.72,2.15,16.34,13.78
US-Oho,-83.8438,41.5545,2003,8,5,25.92,17.28,18.3,2.11,18.03,2
US-Oho,-83.8438,41.5545,2003,8,6,26.29,17.42,18.39,2.82,21.02,0.04
US-Oho,-83.8438,41.5545,2003,8,7,28.4,17.91,18.14,2.36,21.55,1.99
US-Oho,-83.8438,41.5545,2003,8,8,27.05,17.45,18.77,2.89,19.38,2.86
US-Oho,-83.8438,41.5545,2003,8,9,26.12,16.79,17.26,3.02,17.34,0.11
US-Oho,-83.8438,41.5545,2003,8,10,25.85,16.8,16.55,3.05,19.7,0.17
US-Oho,-83.8438,41.5545,2003,8,11,25.19,17.35,17.83,2.42,14.25,4.49
US-Oho,-83.8438,41.5545,2003,8,12,25.49,17.88,19.46,2.99,18.51,3.61
US-Oho,-83.8438,41.5545,2003,8,13,29.2,18.04,19.3,2.97,20.7,0.03
US-Oho,-83.8438,41.5545,2003,8,14,31.01,18.07,19.95,1.58,22.08,0.45
US-Oho,-83.8438,41.5545,2003,8,15,30.92,21.52,21.59,2.83,16.83,4.74
US-Oho,-83.8438,41.5545,2003,8,16,31.54,19.22,20.06,4.31,16.56,2.06
US-Oho,-83.8438,41.5545,2003,8,17,26.59,14.84,14.19,4.18,25.41,0.02
US-Oho,-83.8438,41.5545,2003,8,18,26.94,12.2,13.24,2.66,23.31,0
US-Oho,-83.8438,41.5545,2003,8,19,29.23,14.01,12.74,2.03,25.17,0.05
US-Oho,-83.8438,41.5545,2003,8,20,29.95,14.54,14.93,2.77,23.05,0
US-Oho,-83.8438,41.5545,2003,8,21,32.69,17.35,20.35,5.13,22.18,4.62
US-Oho,-83.8438,41.5545,2003,8,22,29.34,18.26,17.5,3.28,20.88,0.52
US-Oho,-83.8438,41.5545,2003,8,23,27.29,14.8,12.29,3.25,25.07,0
US-Oho,-83.8438,41.5545,2003,8,24,27.71,13.74,11.23,3.52,19.65,0.1
US-Oho,-83.8438,41.5545,2003,8,25,33.06,16.81,17.82,3.49,20.4,1.66
US-Oho,-83.8438,41.5545,2003,8,26,30.24,19.6,20.67,4.74,13.44,5.28
US-Oho,-83.8438,41.5545,2003,8,27,32.19,18.07,18.2,2.81,21.62,1.63
US-Oho,-83.8438,41.5545,2003,8,28,31.29,15.68,15.83,3.47,22.53,0.35
US-Oho,-83.8438,41.5545,2003,8,29,27.89,18.99,20.29,4.71,10.02,2.01
US-Oho,-83.8438,41.5545,2003,8,30,24.29,15.93,10.57,3.36,19.91,0.67
US-Oho,-83.8438,41.5545,2003,8,31,21.64,14.94,11.94,2.74,11.62,8.6
US-Oho,-83.8438,41.5545,2003,9,1,19.62,15.06,16.06,5.61,4.55,42.1
US-Oho,-83.8438,41.5545,2003,9,2,22.35,14.71,15.35,4.17,9.97,3.87
US-Oho,-83.8438,41.5545,2003,9,3,25.09,13.35,16.36,2.53,18.8,0.63
US-Oho,-83.8438,41.5545,2003,9,4,22.1,13.39,12.07,4.34,18.3,0.01
US-Oho,-83.8438,41.5545,2003,9,5,22.36,10.43,10.03,1.72,20.09,0
US-Oho,-83.8438,41.5545,2003,9,6,24.35,9.68,10.08,1.76,19.4,0.01
US-Oho,-83.8438,41.5545,2003,9,7,27.36,12.01,13.34,2.22,21.17,0.01
US-Oho,-83.8438,41.5545,2003,9,8,26.95,15.44,16.11,2.85,14.09,0
US-Oho,-83.8438,41.5545,2003,9,9,26.34,14.35,14.88,3.84,17.04,0
US-Oho,-83.8438,41.5545,2003,9,10,27.8,14.54,16.08,2.75,17.2,0.03
US-Oho,-83.8438,41.5545,2003,9,11,27.9,14.14,14.16,3.57,21.45,0.07
US-Oho,-83.8438,41.5545,2003,9,12,27.32,14.31,12.41,4.17,21.68,0
US-Oho,-83.8438,41.5545,2003,9,13,28.82,13.83,14.01,2.83,20.4,0.23
US-Oho,-83.8438,41.5545,2003,9,14,27.97,15.46,16.89,4.2,13.57,4.85
US-Oho,-83.8438,41.5545,2003,9,15,22.26,13.38,11.54,4.43,17.85,5.05
US-Oho,-83.8438,41.5545,2003,9,16,26.31,10.12,10.81,3.28,20.65,0
US-Oho,-83.8438,41.5545,2003,9,17,28.26,13.18,12.45,3.07,21.07,0.09
US-Oho,-83.8438,41.5545,2003,9,18,25.73,11.93,11.85,4.12,16.36,0.12
US-Oho,-83.8438,41.5545,2003,9,19,23.89,10.14,12.76,5.72,11.42,2.35
US-Oho,-83.8438,41.5545,2003,9,20,22.37,8.44,7.02,1.81,21.11,0
US-Oho,-83.8438,41.5545,2003,9,21,24.27,8.42,9.01,3.65,20.19,0.23
US-Oho,-83.8438,41.5545,2003,9,22,21.73,13.29,15.55,5.31,4.49,28.66
US-Oho,-83.8438,41.5545,2003,9,23,19.52,9.79,9,4.83,18.08,1.68
US-Oho,-83.8438,41.5545,2003,9,24,24.04,8.91,10.43,7.49,12.91,10.35
US-Oho,-83.8438,41.5545,2003,9,25,18,8.29,7.42,3.45,17.4,0.29
US-Oho,-83.8438,41.5545,2003,9,26,20.37,6.34,9.05,5.52,11.46,2.9
US-Oho,-83.8438,41.5545,2003,9,27,18.6,8.68,9.58,5.84,18.44,21.2
US-Oho,-83.8438,41.5545,2003,9,28,14.13,5.68,6.75,4.35,11.24,0.84
US-Oho,-83.8438,41.5545,2003,9,29,13,4.22,4.52,3.84,10.5,0.34
US-Oho,-83.8438,41.5545,2003,9,30,14.7,4.07,2.31,5.16,12.83,0.07
US-Oho,-83.8438,41.5545,2003,10,1,12.82,1.51,0.6,5.56,13.14,0.06
US-Oho,-83.8438,41.5545,2003,10,2,11.98,0.34,-1.06,3.65,19.42,0.02
US-Oho,-83.8438,41.5545,2003,10,3,11.31,1.74,1.9,8.15,8.88,5.45
US-Oho,-83.8438,41.5545,2003,10,4,13.3,3.54,3.03,4.52,11.45,0.45
US-Oho,-83.8438,41.5545,2003,10,5,14.7,3.07,1.52,1.95,17.68,0
US-Oho,-83.8438,41.5545,2003,10,6,15.62,2.14,2.27,2.53,18.11,0.01
US-Oho,-83.8438,41.5545,2003,10,7,20.95,1.15,4.94,3.13,17.54,0.01
US-Oho,-83.8438,41.5545,2003,10,8,25.9,8.87,11.79,3.17,14.53,0
US-Oho,-83.8438,41.5545,2003,10,9,21.99,10.79,11.77,2.3,11.73,0.05
US-Oho,-83.8438,41.5545,2003,10,10,23.04,12.78,15.19,3.23,9.88,0.5
US-Oho,-83.8438,41.5545,2003,10,11,25.56,11.29,12.55,3.23,15.65,0
US-Oho,-83.8438,41.5545,2003,10,12,20.42,8.35,8.21,4.93,16.03,0.02
US-Oho,-83.8438,41.5545,2003,10,13,21.08,6.03,4.43,2.87,16.72,0.01
US-Oho,-83.8438,41.5545,2003,10,14,17.58,7.08,9.19,6.43,1.91,31.04
US-Oho,-83.8438,41.5545,2003,10,15,15.23,4.52,3.11,7.12,13.35,0.01
US-Oho,-83.8438,41.5545,2003,10,16,14.63,4.22,4.99,3.81,8.22,0.58
US-Oho,-83.8438,41.5545,2003,10,17,13.77,1.41,1.15,2.39,14.3,0
US-Oho,-83.8438,41.5545,2003,10,18,15.78,2.63,3.31,4.99,10.95,0.01
US-Oho,-83.8438,41.5545,2003,10,19,14.69,3.94,5.05,2.64,14.35,0
US-Oho,-83.8438,41.5545,2003,10,20,22.88,4.15,8.89,7.39,12.89,0
US-Oho,-83.8438,41.5545,2003,10,21,15.24,6.43,8.48,6.15,5.52,0.02
US-Oho,-83.8438,41.5545,2003,10,22,10.77,3.83,1.53,4.8,7.79,0.01
US-Oho,-83.8438,41.5545,2003,10,23,9.38,-0.33,-1.24,2.78,10.08,0
US-Oho,-83.8438,41.5545,2003,10,24,14.14,1.2,0.96,3.78,13.65,0.02
US-Oho,-83.8438,41.5545,2003,10,25,12.01,5.28,6.66,2.09,2.4,10.36
US-Oho,-83.8438,41.5545,2003,10,26,12.09,2.51,4.39,4.2,7.3,2.49
US-Oho,-83.8438,41.5545,2003,10,27,8.31,1.93,1.73,3.52,8.68,0.36
US-Oho,-83.8438,41.5545,2003,10,28,10.39,1.94,4.38,6.25,3.59,3.37
US-Oho,-83.8438,41.5545,2003,10,29,9.08,0.85,1.45,4.56,8.44,0.15
US-Oho,-83.8438,41.5545,2003,10,30,21.12,2.36,7.16,5.55,12.54,0
US-Oho,-83.8438,41.5545,2003,10,31,23.14,12.66,14.24,6.5,7.61,3.29
US-Oho,-83.8438,41.5545,2003,11,1,14.27,8.51,9.22,2.11,5.22,0.86
US-Oho,-83.8438,41.5545,2003,11,2,21.33,10.96,13.53,4.01,7.95,1.17
US-Oho,-83.8438,41.5545,2003,11,3,22.75,9.08,12.9,2.43,5.34,1.78
US-Oho,-83.8438,41.5545,2003,11,4,23.53,9.03,12.44,5.57,10.81,0.13
US-Oho,-83.8438,41.5545,2003,11,5,17.37,4.83,8.55,4.49,3.73,0.48
US-Oho,-83.8438,41.5545,2003,11,6,9.87,-0.99,2.38,3.54,5.14,0.03
US-Oho,-83.8438,41.5545,2003,11,7,8.18,-3.21,-4.26,4.7,9.39,0.01
US-Oho,-83.8438,41.5545,2003,11,8,1.94,-5.51,-8.55,3.56,11.47,0.02
US-Oho,-83.8438,41.5545,2003,11,9,5.22,-4.52,-6.29,2.46,11.68,0.01
US-Oho,-83.8438,41.5545,2003,11,10,9.02,-4.4,-2.54,3.44,9.04,1.15
US-Oho,-83.8438,41.5545,2003,11,11,14.93,6.44,9.98,6.2,3.91,5.91
US-Oho,-83.8438,41.5545,2003,11,12,18.72,3.71,8.25,7.94,6.35,1.24
US-Oho,-83.8438,41.5545,2003,11,13,3.36,-4.08,-6.12,10.78,6.49,0.04
US-Oho,-83.8438,41.5545,2003,11,14,9.52,-3.89,-4.01,6.62,8.81,0
US-Oho,-83.8438,41.5545,2003,11,15,5.13,0.79,1.76,3.96,2.37,2.43
US-Oho,-83.8438,41.5545,2003,11,16,8.85,3.23,5.36,2.08,1.52,0.93
US-Oho,-83.8438,41.5545,2003,11,17,11.41,4.94,5.22,3.35,5.28,0.34
US-Oho,-83.8438,41.5545,2003,11,18,17.28,7.35,11.84,8.81,2.62,15.42
US-Oho,-83.8438,41.5545,2003,11,19,13.09,2.61,5.82,5.72,7.9,0.41
US-Oho,-83.8438,41.5545,2003,11,20,14.62,0.64,4.39,5.42,10.45,0
US-Oho,-83.8438,41.5545,2003,11,21,14.97,5.47,7.1,4.45,8.74,0.01
US-Oho,-83.8438,41.5545,2003,11,22,15.82,5.33,9.86,4.15,5.87,0.06
US-Oho,-83.8438,41.5545,2003,11,23,18.13,13.18,11.61,8.94,6.11,0.53
US-Oho,-83.8438,41.5545,2003,11,24,12.42,-5.66,-4.32,9.57,3.25,9.32
US-Oho,-83.8438,41.5545,2003,11,25,1.7,-6.47,-5.53,5.56,5.91,0.08
US-Oho,-83.8438,41.5545,2003,11,26,7.18,-1.02,-1.55,3.85,8.08,0.09
US-Oho,-83.8438,41.5545,2003,11,27,6.85,0.39,3.8,3.02,1.65,11.87
US-Oho,-83.8438,41.5545,2003,11,28,4,-0.62,0.04,7.32,1.87,6.8
US-Oho,-83.8438,41.5545,2003,11,29,3.24,-0.75,-2.75,9.26,4.13,0.07
US-Oho,-83.8438,41.5545,2003,11,30,8.92,-0.02,0.18,8.92,7.2,0.05
US-Oho,-83.8438,41.5545,2003,12,1,5,-4.37,-5.6,8.68,9.73,0
US-Oho,-83.8438,41.5545,2003,12,2,2.19,-4.77,-6.93,3.76,9.78,0
US-Oho,-83.8438,41.5545,2003,12,3,3.11,-3.76,-5.99,3.3,8.05,0
US-Oho,-83.8438,41.5545,2003,12,4,3.91,-1.94,-2.49,4.46,5.57,0.36
US-Oho,-83.8438,41.5545,2003,12,5,1.01,-1.99,-0.32,6.96,2.37,7.8
US-Oho,-83.8438,41.5545,2003,12,6,2.11,-6.08,-5.24,4.04,4.7,0.05
US-Oho,-83.8438,41.5545,2003,12,7,0.72,-7.27,-6.43,1.89,7.72,0
US-Oho,-83.8438,41.5545,2003,12,8,3.61,-4.19,-3.5,3.54,3.1,0.04
US-Oho,-83.8438,41.5545,2003,12,9,3.36,0.59,1.81,3.37,2.11,2.08
US-Oho,-83.8438,41.5545,2003,12,10,6.44,2.09,4.21,5.6,1.42,10.91
US-Oho,-83.8438,41.5545,2003,12,11,4.06,-3.49,-4.14,7.86,3.34,0.08
US-Oho,-83.8438,41.5545,2003,12,12,-1.8,-5.74,-7.9,4.39,5.65,0.05
US-Oho,-83.8438,41.5545,2003,12,13,-1.24,-5.69,-7.23,3.83,6.09,1.72
US-Oho,-83.8438,41.5545,2003,12,14,0.59,-4.53,-3.83,2.93,2.5,1.36
US-Oho,-83.8438,41.5545,2003,12,15,0.96,-4.72,-3.82,4.71,2.01,0.37
US-Oho,-83.8438,41.5545,2003,12,16,5,-2.51,-0.56,7.64,1.82,2.72
US-Oho,-83.8438,41.5545,2003,12,17,-0.36,-5.38,-5.07,7.9,3.54,0.89
US-Oho,-83.8438,41.5545,2003,12,18,0.03,-6.89,-5.43,3.93,4.14,0.42
US-Oho,-83.8438,41.5545,2003,12,19,0.28,-4.45,-4.76,5.06,3.88,0.93
US-Oho,-83.8438,41.5545,2003,12,20,-1.05,-8.74,-7.23,4.85,8.27,0.57
US-Oho,-83.8438,41.5545,2003,12,21,5.33,-5.88,-3.88,8.99,8.31,0.05
US-Oho,-83.8438,41.5545,2003,12,22,5.25,1.64,1.76,6.28,2.19,4.74
US-Oho,-83.8438,41.5545,2003,12,23,2.91,-1.73,0.63,2.81,1.7,18.91
US-Oho,-83.8438,41.5545,2003,12,24,0.43,-3.58,-3.31,4.92,2.31,1.82
US-Oho,-83.8438,41.5545,2003,12,25,-0.39,-5.62,-4.83,7.08,2.65,0.3
US-Oho,-83.8438,41.5545,2003,12,26,3.37,-6.37,-4.82,3.61,8.76,0.13
US-Oho,-83.8438,41.5545,2003,12,27,5.49,-5.31,-3.73,3.63,8.48,0
US-Oho,-83.8438,41.5545,2003,12,28,9.1,-1.43,0.76,6.1,6.77,0.18
US-Oho,-83.8438,41.5545,2003,12,29,5.3,0.52,2.66,4.33,1.25,11.64
US-Oho,-83.8438,41.5545,2003,12,30,2.08,-2.77,-3.9,6.77,5.33,0.03
US-Oho,-83.8438,41.5545,2003,12,31,6.92,-3.36,-2.76,6.92,8.54,0.07
US-Oho,-83.8438,41.5545,2004,1,1,4.69,-3.32,-1.06,4.06,4.54,3.2
US-Oho,-83.8438,41.5545,2004,1,2,13.68,3.79,8.31,6.74,4.19,0.56
US-Oho,-83.8438,41.5545,2004,1,3,14.51,0.92,6.15,5.8,3.74,2.78
US-Oho,-83.8438,41.5545,2004,1,4,0.75,-1.1,-1.79,7.54,1.33,13.67
US-Oho,-83.8438,41.5545,2004,1,5,-0.51,-7.5,-4.99,5.66,3.48,0.4
US-Oho,-83.8438,41.5545,2004,1,6,-4.9,-12.15,-13.74,10.16,7.14,0.11
US-Oho,-83.8438,41.5545,2004,1,7,-6.75,-13.79,-13.06,7.89,8.83,0.08
US-Oho,-83.8438,41.5545,2004,1,8,-2.79,-14.39,-10.5,3.1,4.21,0.09
US-Oho,-83.8438,41.5545,2004,1,9,-6.84,-13.37,-11.92,5.5,6.59,0
US-Oho,-83.8438,41.5545,2004,1,10,-7.85,-13.29,-14.32,2.93,7.24,0
US-Oho,-83.8438,41.5545,2004,1,11,1.1,-10.14,-5.49,8.43,3,0.06
US-Oho,-83.8438,41.5545,2004,1,12,1.95,-2.39,-1.71,6.31,2.77,0.22
US-Oho,-83.8438,41.5545,2004,1,13,-1.04,-9.61,-7.24,5.63,5.45,0.18
US-Oho,-83.8438,41.5545,2004,1,14,0.3,-8.97,-6.41,6.26,2.6,1.49
US-Oho,-83.8438,41.5545,2004,1,15,-7.17,-15.03,-14.56,5.72,7.03,0.03
US-Oho,-83.8438,41.5545,2004,1,16,-6.77,-14.97,-14.93,2.96,8.39,0.05
US-Oho,-83.8438,41.5545,2004,1,17,-1.11,-9.58,-6.37,5,2.2,1.77
US-Oho,-83.8438,41.5545,2004,1,18,-2.37,-10.88,-9.59,6.65,9.51,0.19
US-Oho,-83.8438,41.5545,2004,1,19,-6.28,-12.33,-11.72,5.89,5.06,0.06
US-Oho,-83.8438,41.5545,2004,1,20,-6.95,-15.17,-13.17,3.21,10.26,0
US-Oho,-83.8438,41.5545,2004,1,21,-0.76,-12.1,-8.35,7.85,5.03,0
US-Oho,-83.8438,41.5545,2004,1,22,-1.56,-14.15,-14.17,8.52,9.43,0.01
US-Oho,-83.8438,41.5545,2004,1,23,-10.19,-13.92,-13.39,4.7,4.09,1.8
US-Oho,-83.8438,41.5545,2004,1,24,-8.31,-16.79,-14.56,4.47,8.31,0.06
US-Oho,-83.8438,41.5545,2004,1,25,-6.78,-16.66,-12.57,6.68,4.79,0.79
US-Oho,-83.8438,41.5545,2004,1,26,-1.26,-7.72,-5.96,6.04,3.38,3.79
US-Oho,-83.8438,41.5545,2004,1,27,-0.3,-7.41,-4.6,7.56,4.24,2.82
US-Oho,-83.8438,41.5545,2004,1,28,-6.65,-10.52,-9.77,8.77,6.85,0.06
US-Oho,-83.8438,41.5545,2004,1,29,-10.48,-17,-14.71,4.19,9.88,0.42
US-Oho,-83.8438,41.5545,2004,1,30,-9.43,-16.08,-14.42,5.91,9.98,0.02
US-Oho,-83.8438,41.5545,2004,1,31,-10.04,-19.08,-15.72,4.66,10.07,0
US-Oho,-83.8438,41.5545,2004,2,1,-3.7,-16.08,-10.37,3.45,11.28,0.02
US-Oho,-83.8438,41.5545,2004,2,2,0.37,-7.39,-4.32,4.57,5.2,3.24
US-Oho,-83.8438,41.5545,2004,2,3,1.15,-8.49,-2.16,7.19,3.45,0.67
US-Oho,-83.8438,41.5545,2004,2,4,-2.99,-14.69,-10.3,3.01,11.38,0
US-Oho,-83.8438,41.5545,2004,2,5,-1.03,-8.84,-5.58,7.14,4.34,1.36
US-Oho,-83.8438,41.5545,2004,2,6,1.43,-5.41,-1.89,5.96,5.52,0.68
US-Oho,-83.8438,41.5545,2004,2,7,-1.14,-10.49,-7.31,4.87,8.46,0.44
US-Oho,-83.8438,41.5545,2004,2,8,-1.6,-13.2,-8.75,5.36,11.04,0.01
US-Oho,-83.8438,41.5545,2004,2,9,1.54,-7.76,-4.37,8.48,6.75,0.02
US-Oho,-83.8438,41.5545,2004,2,10,0.13,-10.3,-6.5,7.16,6.44,0.13
US-Oho,-83.8438,41.5545,2004,2,11,-0.11,-12.81,-8.05,3.91,12.78,0
US-Oho,-83.8438,41.5545,2004,2,12,-0.41,-6.92,-5.71,5.02,8.82,0
US-Oho,-83.8438,41.5545,2004,2,13,-2.6,-7.89,-7.48,8.97,12.21,0
US-Oho,-83.8438,41.5545,2004,2,14,1.04,-10.17,-6.43,5.28,12.01,0
US-Oho,-83.8438,41.5545,2004,2,15,-5.18,-13.91,-13.26,5.24,14.82,0
US-Oho,-83.8438,41.5545,2004,2,16,-2.06,-14.44,-11.49,2.88,13.8,0
US-Oho,-83.8438,41.5545,2004,2,17,1.56,-8.59,-8.37,2.16,12.27,0
US-Oho,-83.8438,41.5545,2004,2,18,2.34,-9,-4.77,4.69,13.18,0
US-Oho,-83.8438,41.5545,2004,2,19,8.55,-1.78,0.57,3.43,12.3,0.03
US-Oho,-83.8438,41.5545,2004,2,20,7.92,0.46,3.13,8.41,5.63,3.24
US-Oho,-83.8438,41.5545,2004,2,21,3.08,-2.75,-2.81,9.12,4.28,1.12
US-Oho,-83.8438,41.5545,2004,2,22,5.66,-2.29,-3.09,2.52,9.11,0.01
US-Oho,-83.8438,41.5545,2004,2,23,5.49,-1.49,-1.01,3.42,8.66,0.86
US-Oho,-83.8438,41.5545,2004,2,24,3.03,-5.04,-3.33,5.15,7.43,0.48
US-Oho,-83.8438,41.5545,2004,2,25,4.48,-5.37,-4.47,4.1,15.76,0
US-Oho,-83.8438,41.5545,2004,2,26,4.66,-2.96,-2.52,5.27,13.63,0.02
US-Oho,-83.8438,41.5545,2004,2,27,7.4,-3.56,-3.95,3.96,16.7,0
US-Oho,-83.8438,41.5545,2004,2,28,10.86,-3.85,-3.1,2.86,16.54,0
US-Oho,-83.8438,41.5545,2004,2,29,14.77,-0.87,2.44,4.09,12.26,0.01
US-Oho,-83.8438,41.5545,2004,3,1,12.81,1.22,7.09,8.2,3.87,6.17
US-Oho,-83.8438,41.5545,2004,3,2,13.05,3.25,5.37,6.69,9.97,0.14
US-Oho,-83.8438,41.5545,2004,3,3,8.47,0.95,2.81,2.92,5.7,1.14
US-Oho,-83.8438,41.5545,2004,3,4,12.09,2.53,4.95,3.66,9.91,11.1
US-Oho,-83.8438,41.5545,2004,3,5,21.11,5.03,9.94,11.51,13.38,4.34
US-Oho,-83.8438,41.5545,2004,3,6,6.92,-0.06,0.25,5.25,6.05,0.26
US-Oho,-83.8438,41.5545,2004,3,7,9.06,-0.78,-0.58,9.95,10.91,1.02
US-Oho,-83.8438,41.5545,2004,3,8,4.09,-4.57,-3.78,5.95,8.87,0.3
US-Oho,-83.8438,41.5545,2004,3,9,3.93,-4.74,-4.24,3.49,12.18,0.06
US-Oho,-83.8438,41.5545,2004,3,10,7.94,-2.94,-4.18,3.32,18.09,0
US-Oho,-83.8438,41.5545,2004,3,11,10.53,-5.27,-4.13,9.12,10.88,0.27
US-Oho,-83.8438,41.5545,2004,3,12,-1.49,-5.24,-8.77,7.27,9.5,0.03
US-Oho,-83.8438,41.5545,2004,3,13,4.39,-5.85,-7.11,3.31,19.76,0
US-Oho,-83.8438,41.5545,2004,3,14,8.62,-0.89,-0.91,8.49,6.21,1.09
US-Oho,-83.8438,41.5545,2004,3,15,7.13,-3.69,-3.74,4.91,20.01,0.09
US-Oho,-83.8438,41.5545,2004,3,16,0.1,-4.15,-4.33,7.73,6.65,2.31
US-Oho,-83.8438,41.5545,2004,3,17,0.36,-4.21,-5.57,1.98,10.9,0.38
US-Oho,-83.8438,41.5545,2004,3,18,5.05,-3.19,-1.83,1.63,8.27,2.6
US-Oho,-83.8438,41.5545,2004,3,19,8.08,-3.13,-2.22,3.43,16.13,0.72
US-Oho,-83.8438,41.5545,2004,3,20,14.26,-0.15,2.81,8.25,5.98,6.68
US-Oho,-83.8438,41.5545,2004,3,21,1.61,-5.81,-7.19,8.05,12.36,0.13
US-Oho,-83.8438,41.5545,2004,3,22,1.72,-7.09,-9.41,4.1,22.59,0
US-Oho,-83.8438,41.5545,2004,3,23,11.06,-3.77,-2.66,6.39,20.04,0.02
US-Oho,-83.8438,41.5545,2004,3,24,14.1,1.28,7.01,6.69,6.05,8.57
US-Oho,-83.8438,41.5545,2004,3,25,19.16,10.7,11.57,6.84,10.19,3.44
US-Oho,-83.8438,41.5545,2004,3,26,19.97,12.06,14.25,6.29,5.45,6.4
US-Oho,-83.8438,41.5545,2004,3,27,17.5,5.21,8.22,4.32,11.85,0.15
US-Oho,-83.8438,41.5545,2004,3,28,22.24,5.24,10.03,6.14,13.92,0.09
US-Oho,-83.8438,41.5545,2004,3,29,13.65,5.57,7.23,3.39,5.09,3.04
US-Oho,-83.8438,41.5545,2004,3,30,12.4,3.45,4.86,3.9,7.59,1.69
US-Oho,-83.8438,41.5545,2004,3,31,7.64,1.66,2.4,7.73,4.18,0.82
US-Oho,-83.8438,41.5545,2004,4,1,9.54,0.96,1.29,7.64,9.64,0.84
US-Oho,-83.8438,41.5545,2004,4,2,11.08,2.25,2.96,6.01,10.49,0.99
US-Oho,-83.8438,41.5545,2004,4,3,14.87,0.17,0.5,7.29,20.72,0.17
US-Oho,-83.8438,41.5545,2004,4,4,6.56,-4.33,-4.7,8.34,19.61,0.07
US-Oho,-83.8438,41.5545,2004,4,5,8.12,-5.89,-7.13,3.74,25.33,0
US-Oho,-83.8438,41.5545,2004,4,6,16.3,-1.51,2.3,5.07,15.56,0.2
US-Oho,-83.8438,41.5545,2004,4,7,14.88,3.83,3.47,3.98,20.43,0.03
US-Oho,-83.8438,41.5545,2004,4,8,16.01,2.8,5.18,4.34,13.69,0.62
US-Oho,-83.8438,41.5545,2004,4,9,14.37,0.56,1.65,3.47,18.97,0
US-Oho,-83.8438,41.5545,2004,4,10,12.04,1.76,1.87,2.65,21.47,0.12
US-Oho,-83.8438,41.5545,2004,4,11,9.6,1.13,1.01,4.72,12.5,0.13
US-Oho,-83.8438,41.5545,2004,4,12,7.57,-0.2,0.46,7.52,11.4,3.02
US-Oho,-83.8438,41.5545,2004,4,13,8.5,1.59,1.35,7.61,5.76,0.46
US-Oho,-83.8438,41.5545,2004,4,14,14.7,-2.37,-0.07,4.62,25.93,0
US-Oho,-83.8438,41.5545,2004,4,15,20.64,4.33,4.82,2.29,24.52,0
US-Oho,-83.8438,41.5545,2004,4,16,24.36,7.22,10.08,6.36,19.97,0
US-Oho,-83.8438,41.5545,2004,4,17,24.97,11.46,14.53,5.79,15.46,0.08
US-Oho,-83.8438,41.5545,2004,4,18,27.54,12.77,14.69,7.84,23.38,0
US-Oho,-83.8438,41.5545,2004,4,19,24.64,7.73,11.49,10.19,14.06,0.02
US-Oho,-83.8438,41.5545,2004,4,20,15.72,4.32,7.37,5.23,12.72,2.81
US-Oho,-83.8438,41.5545,2004,4,21,21.09,8.06,14.02,8.79,9.11,5.85
US-Oho,-83.8438,41.5545,2004,4,22,12.02,5.46,5.15,4.4,13.41,3.56
US-Oho,-83.8438,41.5545,2004,4,23,18.09,4.31,6.23,3.28,20.55,0.13
US-Oho,-83.8438,41.5545,2004,4,24,15.84,3.74,4.05,5.5,20.92,0.37
US-Oho,-83.8438,41.5545,2004,4,25,23.06,7.5,10.64,7.7,10.72,2.93
US-Oho,-83.8438,41.5545,2004,4,26,18.14,4.29,4.37,6.18,22.19,0.46
US-Oho,-83.8438,41.5545,2004,4,27,7.91,-0.03,-1.93,5.78,13.64,0.19
US-Oho,-83.8438,41.5545,2004,4,28,21.25,-1.08,3.26,8.86,23.25,0
US-Oho,-83.8438,41.5545,2004,4,29,23.3,12.96,12.24,7.55,23,0
US-Oho,-83.8438,41.5545,2004,4,30,19.54,12.71,14.5,4.82,8.11,6.24
US-Oho,-83.8438,41.5545,2004,5,1,15.84,5.61,10.64,5.16,7.45,12.32
US-Oho,-83.8438,41.5545,2004,5,2,12.33,2.48,2.23,6.1,10.26,9.84
US-Oho,-83.8438,41.5545,2004,5,3,11.46,0.06,-1.14,4.39,22.74,0.41
US-Oho,-83.8438,41.5545,2004,5,4,16.44,0.2,4,6.77,19.19,0.56
US-Oho,-83.8438,41.5545,2004,5,5,18.38,8.72,5.91,4.06,28.41,0.56
US-Oho,-83.8438,41.5545,2004,5,6,28.78,8.34,14.27,5.96,23.72,2.57
US-Oho,-83.8438,41.5545,2004,5,7,16.27,6.09,3.84,5.98,11.59,5.57
US-Oho,-83.8438,41.5545,2004,5,8,26.98,6.56,12.11,4.95,22.42,2.3
US-Oho,-83.8438,41.5545,2004,5,9,27.25,14.62,17.73,4.25,24.37,15.7
US-Oho,-83.8438,41.5545,2004,5,10,27.73,17.73,17.86,5.73,22.68,4.06
US-Oho,-83.8438,41.5545,2004,5,11,26.5,16.25,17.57,3.29,17.46,5.41
US-Oho,-83.8438,41.5545,2004,5,12,27.1,16.45,18.3,4.56,24.56,0.25
US-Oho,-83.8438,41.5545,2004,5,13,25.88,17.49,18.91,4.72,15.73,5.82
US-Oho,-83.8438,41.5545,2004,5,14,27.09,11.9,17.39,6.65,16.15,6.41
US-Oho,-83.8438,41.5545,2004,5,15,14.14,6.81,7.17,3.37,6.98,1.24
US-Oho,-83.8438,41.5545,2004,5,16,20.87,6.19,8.83,2.21,23.03,0.23
US-Oho,-83.8438,41.5545,2004,5,17,26.17,10.36,16.26,5.6,19.52,5.52
US-Oho,-83.8438,41.5545,2004,5,18,23.69,14.92,17.84,4.71,12.98,4.9
US-Oho,-83.8438,41.5545,2004,5,19,21.34,11,10.28,4.47,24.16,1.32
US-Oho,-83.8438,41.5545,2004,5,20,27.13,13.78,19.85,5.65,17.1,9
US-Oho,-83.8438,41.5545,2004,5,21,22.88,18.07,19.49,2.59,11.74,15.26
US-Oho,-83.8438,41.5545,2004,5,22,29.14,20.55,20.46,7.26,20.9,0.58
US-Oho,-83.8438,41.5545,2004,5,23,26.29,20.21,20.09,7.1,14.63,14.87
US-Oho,-83.8438,41.5545,2004,5,24,20.28,9.95,12.69,6.52,19.42,3.75
US-Oho,-83.8438,41.5545,2004,5,25,25.33,9.31,14.39,4.32,20.04,1.91
US-Oho,-83.8438,41.5545,2004,5,26,20.2,10,12.09,3.78,21.05,0.2
US-Oho,-83.8438,41.5545,2004,5,27,26.07,9.94,14.78,3.54,16.59,0.95
US-Oho,-83.8438,41.5545,2004,5,28,20.24,9.15,10.58,4.2,12.03,0.1
US-Oho,-83.8438,41.5545,2004,5,29,19.63,6.52,7.39,2.93,22.06,0.08
US-Oho,-83.8438,41.5545,2004,5,30,22.89,11.25,14.63,5.57,19.7,27.26
US-Oho,-83.8438,41.5545,2004,5,31,24,13.89,15.75,7.21,21.82,5.22
US-Oho,-83.8438,41.5545,2004,6,1,24.23,12.9,12.93,6.1,26.19,2.28
US-Oho,-83.8438,41.5545,2004,6,2,21.23,12.91,13.44,3.62,16.35,1.27
US-Oho,-83.8438,41.5545,2004,6,3,23.57,10.37,10.74,2.95,28.86,0.09
US-Oho,-83.8438,41.5545,2004,6,4,21.79,9.65,9.1,3.44,25.96,0.03
US-Oho,-83.8438,41.5545,2004,6,5,23.14,10.86,9.44,2.52,28.92,0
US-Oho,-83.8438,41.5545,2004,6,6,25.72,13.32,14.17,4.43,19.37,0.04
US-Oho,-83.8438,41.5545,2004,6,7,27.98,15.05,16.51,5.05,28.18,0
US-Oho,-83.8438,41.5545,2004,6,8,30.77,18.31,20.58,5.28,28.22,0.08
US-Oho,-83.8438,41.5545,2004,6,9,30.06,21.02,21.39,4.21,20.99,3.06
US-Oho,-83.8438,41.5545,2004,6,10,23.92,16.78,19.07,3.87,6.21,19.05
US-Oho,-83.8438,41.5545,2004,6,11,17.84,14.16,13.86,6.36,7.25,20.77
US-Oho,-83.8438,41.5545,2004,6,12,24.61,13.83,16.8,3.77,15.3,9.02
US-Oho,-83.8438,41.5545,2004,6,13,28.03,19.02,20.79,4.52,20.44,13.65
US-Oho,-83.8438,41.5545,2004,6,14,27.41,19.5,20.87,4.65,21.94,7.17
US-Oho,-83.8438,41.5545,2004,6,15,28.27,19.16,19.04,2.34,22.49,0.85
US-Oho,-83.8438,41.5545,2004,6,16,27.36,18.87,20.55,3.06,10.85,10.09
US-Oho,-83.8438,41.5545,2004,6,17,28.71,20.75,21.98,5.08,19.01,7.99
US-Oho,-83.8438,41.5545,2004,6,18,27.2,17.45,18.19,3.98,18.22,0.11
US-Oho,-83.8438,41.5545,2004,6,19,20.88,11.88,10.69,4.84,27.88,0.02
US-Oho,-83.8438,41.5545,2004,6,20,22.12,10.57,9.55,2.15,29.03,0
US-Oho,-83.8438,41.5545,2004,6,21,24.99,12.69,14.38,4.53,19.61,0.47
US-Oho,-83.8438,41.5545,2004,6,22,24.56,12.09,13.91,5.08,23.78,0.04
US-Oho,-83.8438,41.5545,2004,6,23,25.43,10.61,12.11,3.71,29.64,0.04
US-Oho,-83.8438,41.5545,2004,6,24,26.05,12.06,13.73,5.45,23.66,1.39
US-Oho,-83.8438,41.5545,2004,6,25,20.67,10.94,9.99,1.99,18.66,4.2
US-Oho,-83.8438,41.5545,2004,6,26,22.75,8.8,9.54,4.03,28.43,0.03
US-Oho,-83.8438,41.5545,2004,6,27,24.3,10.76,11.72,3.59,25.63,0.04
US-Oho,-83.8438,41.5545,2004,6,28,22.61,13.31,13.84,3.76,14.88,5.91
US-Oho,-83.8438,41.5545,2004,6,29,25.44,10.75,12.33,3.93,28.92,0
US-Oho,-83.8438,41.5545,2004,6,30,27.4,13.67,14.61,3.49,27.88,0
US-Oho,-83.8438,41.5545,2004,7,1,28.6,14.8,15.31,2.6,28.26,0.01
US-Oho,-83.8438,41.5545,2004,7,2,28.51,16.33,16.2,3.61,28.2,0.04
US-Oho,-83.8438,41.5545,2004,7,3,29.74,15.79,19.22,4.28,21.39,2.18
US-Oho,-83.8438,41.5545,2004,7,4,28.2,20.39,20.92,7.14,18.32,7.66
US-Oho,-83.8438,41.5545,2004,7,5,27.3,18.67,18.58,4.84,27.36,0.2
US-Oho,-83.8438,41.5545,2004,7,6,28.39,17.36,20.12,4.85,25.81,4.45
US-Oho,-83.8438,41.5545,2004,7,7,26.68,17.64,18.27,5.35,21.29,3.73
US-Oho,-83.8438,41.5545,2004,7,8,23.51,14.12,13.66,4.5,23.17,1.37
US-Oho,-83.8438,41.5545,2004,7,9,27.58,13.46,13.89,1.61,28.38,0.01
US-Oho,-83.8438,41.5545,2004,7,10,26.56,18.12,17.42,1.16,19.22,0.09
US-Oho,-83.8438,41.5545,2004,7,11,29.28,18.49,19.89,2.52,21.85,5.41
US-Oho,-83.8438,41.5545,2004,7,12,29.64,21.62,21.29,3.61,19.77,1.88
US-Oho,-83.8438,41.5545,2004,7,13,31.02,19.59,20.78,3.16,22.7,0.34
US-Oho,-83.8438,41.5545,2004,7,14,26.64,16.9,15.31,6.88,23.3,0.17
US-Oho,-83.8438,41.5545,2004,7,15,27.67,14.89,13.24,6.17,25.79,0.01
US-Oho,-83.8438,41.5545,2004,7,16,28.46,13.96,15.46,2.85,23.54,9.64
US-Oho,-83.8438,41.5545,2004,7,17,23.06,16.72,17.53,3.99,15.68,6.13
US-Oho,-83.8438,41.5545,2004,7,18,25.75,15.86,16.23,3.22,20.8,2.34
US-Oho,-83.8438,41.5545,2004,7,19,27.69,15.3,16.32,3.02,22.31,0.04
US-Oho,-83.8438,41.5545,2004,7,20,29.1,17.79,17.69,3.62,19.9,0.34
US-Oho,-83.8438,41.5545,2004,7,21,30.87,20.09,20.67,4.85,22.52,8.99
US-Oho,-83.8438,41.5545,2004,7,22,30.62,21.88,22.47,4.11,21.45,11.32
US-Oho,-83.8438,41.5545,2004,7,23,25.69,14.97,12.83,4.67,26.37,0.06
US-Oho,-83.8438,41.5545,2004,7,24,23.25,14.02,9.5,4.81,27.67,0
US-Oho,-83.8438,41.5545,2004,7,25,21.4,14.14,11.81,3.51,10.3,0.11
US-Oho,-83.8438,41.5545,2004,7,26,23.73,15.97,14.49,4.27,9.13,9.31
US-Oho,-83.8438,41.5545,2004,7,27,19.26,13.78,13.74,5.02,7.06,7.86
US-Oho,-83.8438,41.5545,2004,7,28,27.43,13.16,14.34,2.61,25.02,0.16
US-Oho,-83.8438,41.5545,2004,7,29,26.55,15.56,16.27,2.41,15.85,0.05
US-Oho,-83.8438,41.5545,2004,7,30,24.55,17.5,18.16,2.59,9.4,10.8
US-Oho,-83.8438,41.5545,2004,7,31,27.91,18.49,19.54,4.42,20.46,3.94
US-Oho,-83.8438,41.5545,2004,8,1,29.13,14.04,15.12,1.71,26.52,0
US-Oho,-83.8438,41.5545,2004,8,2,30.41,17.64,18.2,2.98,25.86,0.39
US-Oho,-83.8438,41.5545,2004,8,3,32,20.02,20.41,2.89,23.13,2.79
US-Oho,-83.8438,41.5545,2004,8,4,23.9,16.39,18.56,4.01,5.61,9.73
US-Oho,-83.8438,41.5545,2004,8,5,23.88,13.07,12.2,4.96,23.04,0.19
US-Oho,-83.8438,41.5545,2004,8,6,24.77,10.8,9.72,4.6,26.8,0.04
US-Oho,-83.8438,41.5545,2004,8,7,26.16,12.13,11.16,2.46,24.91,0
US-Oho,-83.8438,41.5545,2004,8,8,26.74,15.35,13.27,2.7,22.37,0
US-Oho,-83.8438,41.5545,2004,8,9,27.78,15.73,14.92,4.72,19.37,0.87
US-Oho,-83.8438,41.5545,2004,8,10,26.12,16.94,15.2,5.91,20.77,0.62
US-Oho,-83.8438,41.5545,2004,8,11,23.69,12.5,11.7,5.3,16.57,0.07
US-Oho,-83.8438,41.5545,2004,8,12,22.29,9.42,8.82,1.84,18.94,0.01
US-Oho,-83.8438,41.5545,2004,8,13,23.15,13.73,9.95,1.35,11.84,0.11
US-Oho,-83.8438,41.5545,2004,8,14,23,12.25,12.1,1.89,17.16,0.92
US-Oho,-83.8438,41.5545,2004,8,15,21.94,13.97,13.08,1.46,12.32,6.07
US-Oho,-83.8438,41.5545,2004,8,16,25.28,12.93,12.66,1.58,22.2,0
US-Oho,-83.8438,41.5545,2004,8,17,27.21,14.16,13.11,4.56,20.32,1.15
US-Oho,-83.8438,41.5545,2004,8,18,26.09,16.7,18.07,5.5,13.3,5.73
US-Oho,-83.8438,41.5545,2004,8,19,20.33,15.52,16.32,3.02,7.03,5.43
US-Oho,-83.8438,41.5545,2004,8,20,19.08,12.83,14.18,2.1,5.05,14.32
US-Oho,-83.8438,41.5545,2004,8,21,23.38,11.56,8.55,2.83,24.71,0.06
US-Oho,-83.8438,41.5545,2004,8,22,26.39,10.48,12.89,4.1,23.95,0.03
US-Oho,-83.8438,41.5545,2004,8,23,29.66,14.83,16.12,3.35,22.21,0.11
US-Oho,-83.8438,41.5545,2004,8,24,29.48,16.08,17.94,4.1,18.3,0.13
US-Oho,-83.8438,41.5545,2004,8,25,29.23,20.98,21.5,5.52,19.42,3.08
US-Oho,-83.8438,41.5545,2004,8,26,29.51,21.89,21.54,5.49,17.35,0.47
US-Oho,-83.8438,41.5545,2004,8,27,28.1,23.01,23.25,5.12,8.93,18.62
US-Oho,-83.8438,41.5545,2004,8,28,27.45,20.31,22.72,2.92,10.11,14.25
US-Oho,-83.8438,41.5545,2004,8,29,22.03,15.51,18.15,3.16,5.79,9.88
US-Oho,-83.8438,41.5545,2004,8,30,24.45,12.96,13.68,2.1,19.54,0.31
US-Oho,-83.8438,41.5545,2004,8,31,26.53,12.9,14.07,2.39,21.96,0.01
US-Oho,-83.8438,41.5545,2004,9,1,27.88,14.01,14.88,2.17,22.66,0
US-Oho,-83.8438,41.5545,2004,9,2,28.91,15.47,15.33,2.96,21.57,0
US-Oho,-83.8438,41.5545,2004,9,3,28.1,16.8,18.15,2.93,13.63,4.31
US-Oho,-83.8438,41.5545,2004,9,4,29.03,18.41,18.67,1.23,14.68,2.16
US-Oho,-83.8438,41.5545,2004,9,5,30.15,17.9,18.33,2.99,19.17,0
US-Oho,-83.8438,41.5545,2004,9,6,29.93,17.75,17.54,5.75,21.91,4.28
US-Oho,-83.8438,41.5545,2004,9,7,25.51,17.62,15.25,3.35,12.71,9.3
US-Oho,-83.8438,41.5545,2004,9,8,18.79,15.56,14.83,7.54,5.68,1.94
US-Oho,-83.8438,41.5545,2004,9,9,25.35,14.05,12.77,4.57,13.56,0.04
US-Oho,-83.8438,41.5545,2004,9,10,25.83,13.76,11.16,1.55,22.33,0
US-Oho,-83.8438,41.5545,2004,9,11,27.13,10.94,11.06,2.06,21.59,0
US-Oho,-83.8438,41.5545,2004,9,12,28.59,12.8,11.56,2.31,21.17,0.01
US-Oho,-83.8438,41.5545,2004,9,13,29.39,12.88,13.52,3.23,19.17,0
US-Oho,-83.8438,41.5545,2004,9,14,29.67,17.62,16.56,4.27,14.75,0.01
US-Oho,-83.8438,41.5545,2004,9,15,29.72,16.87,16.81,5.14,19.31,0.02
US-Oho,-83.8438,41.5545,2004,9,16,28.25,15.99,14.99,5.14,12.24,0.44
US-Oho,-83.8438,41.5545,2004,9,17,19.41,11.23,9.5,6.8,11.05,0.39
US-Oho,-83.8438,41.5545,2004,9,18,23.47,9.76,7.9,4.37,20.66,0.17
US-Oho,-83.8438,41.5545,2004,9,19,23.3,10.58,9.01,3.8,21.06,0
US-Oho,-83.8438,41.5545,2004,9,20,26.79,8.07,6.99,3.21,21.1,0.01
US-Oho,-83.8438,41.5545,2004,9,21,27.9,9.02,9.03,2.66,20.85,0
US-Oho,-83.8438,41.5545,2004,9,22,29.89,12.29,9.41,1.73,20.59,0
US-Oho,-83.8438,41.5545,2004,9,23,30.67,13.48,12.28,2.91,18.31,0
US-Oho,-83.8438,41.5545,2004,9,24,27.93,15.83,15.65,3.09,12.29,0
US-Oho,-83.8438,41.5545,2004,9,25,23.24,13.34,12.13,3.42,12.94,0
US-Oho,-83.8438,41.5545,2004,9,26,24.06,12.72,11.69,2.53,13.78,0
US-Oho,-83.8438,41.5545,2004,9,27,24.95,10.46,11.3,1.88,18.61,0.01
US-Oho,-83.8438,41.5545,2004,9,28,21.65,10.31,11.05,6.37,6.11,12.83
US-Oho,-83.8438,41.5545,2004,9,29,20.19,10.3,8.08,3.63,13.19,0.31
US-Oho,-83.8438,41.5545,2004,9,30,23.21,6.36,5.09,1.88,18.39,0.8
US-Oho,-83.8438,41.5545,2004,10,1,23.23,6.85,9.23,3.88,17.1,0.19
US-Oho,-83.8438,41.5545,2004,10,2,18.48,4.61,4.39,5.14,14.7,1.62
US-Oho,-83.8438,41.5545,2004,10,3,18.54,2.08,-1.31,4.27,18.99,0
US-Oho,-83.8438,41.5545,2004,10,4,16.1,4.68,1.21,5.5,16.68,0
US-Oho,-83.8438,41.5545,2004,10,5,16.11,1.94,0.33,2.47,18.22,0
US-Oho,-83.8438,41.5545,2004,10,6,22.43,3.3,2.22,4.11,18,0
US-Oho,-83.8438,41.5545,2004,10,7,23.36,6.74,4.24,3.88,14.67,0
US-Oho,-83.8438,41.5545,2004,10,8,25.93,9.63,11.94,6.1,12.2,0.9
US-Oho,-83.8438,41.5545,2004,10,9,22.5,8.18,6.45,5.42,16.6,0.27
US-Oho,-83.8438,41.5545,2004,10,10,18.74,4.16,5.5,3.6,17.08,0.03
US-Oho,-83.8438,41.5545,2004,10,11,18.22,7.13,5.96,3.46,13.46,0.01
US-Oho,-83.8438,41.5545,2004,10,12,18.34,4.98,6.8,2.94,13.45,0
US-Oho,-83.8438,41.5545,2004,10,13,15.34,7.62,8.62,1.94,3.94,3.2
US-Oho,-83.8438,41.5545,2004,10,14,16.85,7.71,8.47,2.51,11,0.47
US-Oho,-83.8438,41.5545,2004,10,15,11.69,6.4,7.94,5.32,2.66,15.27
US-Oho,-83.8438,41.5545,2004,10,16,9.18,4.39,1.62,9.24,8.11,0.38
US-Oho,-83.8438,41.5545,2004,10,17,11.25,0.83,-0.07,5.87,5.28,0.95
US-Oho,-83.8438,41.5545,2004,10,18,7.66,1.98,3.38,4.86,3.65,6.65
US-Oho,-83.8438,41.5545,2004,10,19,12.29,6.99,8.15,4.64,2.57,0.32
US-Oho,-83.8438,41.5545,2004,10,20,15.56,8.37,9.13,3.13,6.22,0.32
US-Oho,-83.8438,41.5545,2004,10,21,14.87,8.85,8.16,3.4,3.82,0.08
US-Oho,-83.8438,41.5545,2004,10,22,17.17,6.46,8.37,3.9,9.17,0
US-Oho,-83.8438,41.5545,2004,10,23,16.89,8.36,11.64,6.39,2.97,8.85
US-Oho,-83.8438,41.5545,2004,10,24,15.94,8.7,9.93,2.97,5.81,0.2
US-Oho,-83.8438,41.5545,2004,10,25,20.03,6.43,8.1,2.01,13.8,0
US-Oho,-83.8438,41.5545,2004,10,26,18.18,8.97,8.42,2.34,9.36,0.07
US-Oho,-83.8438,41.5545,2004,10,27,20.25,9.96,10.07,4.2,10.76,0.04
US-Oho,-83.8438,41.5545,2004,10,28,20.64,7.61,9.35,3.18,11.17,0.11
US-Oho,-83.8438,41.5545,2004,10,29,24.58,12.98,16.85,5.68,4.02,6.02
US-Oho,-83.8438,41.5545,2004,10,30,24.19,11.57,11.74,11.01,11.34,2.95
US-Oho,-83.8438,41.5545,2004,10,31,14,5.34,5.4,5.62,8.66,0.02
US-Oho,-83.8438,41.5545,2004,11,1,12.02,4.81,6.26,3.81,4.76,3.4
US-Oho,-83.8438,41.5545,2004,11,2,16.16,5.56,10.61,4.98,2.04,8.01
US-Oho,-83.8438,41.5545,2004,11,3,10.5,1.92,3.4,3.35,8.42,0
US-Oho,-83.8438,41.5545,2004,11,4,10.61,4.91,5.4,7.3,2.21,14
US-Oho,-83.8438,41.5545,2004,11,5,12.36,1.42,-0.59,6.62,11.62,0
US-Oho,-83.8438,41.5545,2004,11,6,16.83,2.61,4.25,5.96,11.58,0
US-Oho,-83.8438,41.5545,2004,11,7,17.06,2.86,4.32,5.81,11.24,0
US-Oho,-83.8438,41.5545,2004,11,8,8.63,-2.1,-3.93,4.22,10.99,0
US-Oho,-83.8438,41.5545,2004,11,9,7.38,-3.52,-4.96,2.83,7.41,0
US-Oho,-83.8438,41.5545,2004,11,10,15.32,-0.05,2.16,6.37,9.31,0
US-Oho,-83.8438,41.5545,2004,11,11,7.96,3.61,0.99,6.37,2.74,0.15
US-Oho,-83.8438,41.5545,2004,11,12,8.08,-0.59,-3.42,6.44,11.54,0
US-Oho,-83.8438,41.5545,2004,11,13,7.34,-1.35,-3.12,4.27,10.64,0
US-Oho,-83.8438,41.5545,2004,11,14,9.15,-3.11,-3.43,2.14,11.39,0
US-Oho,-83.8438,41.5545,2004,11,15,7.68,-2.57,-1.33,2.79,5.97,0.53
US-Oho,-83.8438,41.5545,2004,11,16,10.79,3.75,5.89,3.57,3.55,2.14
US-Oho,-83.8438,41.5545,2004,11,17,13.76,7.35,9.16,3.51,2.33,3.28
US-Oho,-83.8438,41.5545,2004,11,18,18.94,9.1,11.11,2.83,3.98,1.07
US-Oho,-83.8438,41.5545,2004,11,19,12.36,9.6,10.07,3.8,2.81,14.69
US-Oho,-83.8438,41.5545,2004,11,20,14.6,6.84,9.67,4.74,2.88,0.28
US-Oho,-83.8438,41.5545,2004,11,21,10.47,1.1,2.04,2.69,7.6,0.01
US-Oho,-83.8438,41.5545,2004,11,22,9.53,-0.59,1.54,2.31,6.14,0.04
US-Oho,-83.8438,41.5545,2004,11,23,10.13,4.51,6.89,3.39,2.05,0.99
US-Oho,-83.8438,41.5545,2004,11,24,6.16,0.66,2.53,9.53,1.33,21.82
US-Oho,-83.8438,41.5545,2004,11,25,1.51,-5.08,-4.79,6.53,8.07,1.64
US-Oho,-83.8438,41.5545,2004,11,26,4.51,-5.86,-1.62,4.72,3.81,1.02
US-Oho,-83.8438,41.5545,2004,11,27,9.42,4.05,2.5,7.88,3.47,6.77
US-Oho,-83.8438,41.5545,2004,11,28,6.86,-2.93,-0.98,7.12,4.09,0.28
US-Oho,-83.8438,41.5545,2004,11,29,4.86,-2.27,-1.57,1.66,3.11,1.18
US-Oho,-83.8438,41.5545,2004,11,30,4.5,-1.4,1.7,3.11,3.11,7.99
US-Oho,-83.8438,41.5545,2004,12,1,4.83,-3.18,-1.82,8.06,9.3,2.01
US-Oho,-83.8438,41.5545,2004,12,2,5.78,-3.57,-2.2,3.4,6.51,0
US-Oho,-83.8438,41.5545,2004,12,3,2.47,-3.91,-5.21,4.35,8.3,0.01
US-Oho,-83.8438,41.5545,2004,12,4,6,-3.13,-1.19,7.24,5.57,0
US-Oho,-83.8438,41.5545,2004,12,5,7.62,-0.39,0.59,4.16,5.86,0.25
US-Oho,-83.8438,41.5545,2004,12,6,7.15,1.44,4.83,3.12,2.29,3.59
US-Oho,-83.8438,41.5545,2004,12,7,17.02,6.4,7.94,9.73,2.33,19.83
US-Oho,-83.8438,41.5545,2004,12,8,8.3,2.88,2.48,3.86,4.08,0.02
US-Oho,-83.8438,41.5545,2004,12,9,6.66,0.99,3.46,3.01,3.16,0.12
US-Oho,-83.8438,41.5545,2004,12,10,5.65,0.76,3.21,4.86,1.5,4.16
US-Oho,-83.8438,41.5545,2004,12,11,2.67,-2.52,-1.98,6.22,2.82,1.91
US-Oho,-83.8438,41.5545,2004,12,12,5.44,-1.3,-0.74,8.98,3.66,1.22
US-Oho,-83.8438,41.5545,2004,12,13,0.43,-4.64,-5.57,9.59,2.85,0.34
US-Oho,-83.8438,41.5545,2004,12,14,-2.08,-5.48,-8.19,4.93,6,0.08
US-Oho,-83.8438,41.5545,2004,12,15,1.16,-6.46,-7.6,6.32,8.14,0
US-Oho,-83.8438,41.5545,2004,12,16,3.59,-4.34,-3.36,8.31,5.41,0.05
US-Oho,-83.8438,41.5545,2004,12,17,-0.75,-7.02,-7.11,2.32,5.64,0
US-Oho,-83.8438,41.5545,2004,12,18,2.94,-7.32,-3.12,6.24,3.42,0.1
US-Oho,-83.8438,41.5545,2004,12,19,-3.41,-16.57,-17.31,8.09,7.71,0.11
US-Oho,-83.8438,41.5545,2004,12,20,-7.24,-16.62,-15.99,5.51,5.26,0.01
US-Oho,-83.8438,41.5545,2004,12,21,6,-7.81,-3.58,6.62,8.04,0.02
US-Oho,-83.8438,41.5545,2004,12,22,-1.99,-6.49,-8.17,5.44,2.03,4.29
US-Oho,-83.8438,41.5545,2004,12,23,-4.07,-10.36,-8.89,8.31,6.6,5.46
US-Oho,-83.8438,41.5545,2004,12,24,-9.37,-17.14,-14.75,5.05,6.46,0
US-Oho,-83.8438,41.5545,2004,12,25,-9.57,-17.14,-15.44,3.9,4.56,0.08
US-Oho,-83.8438,41.5545,2004,12,26,-5.03,-12.25,-10.87,4.14,4.32,0.23
US-Oho,-83.8438,41.5545,2004,12,27,-4.27,-13.16,-11.34,2.95,4.95,0.06
US-Oho,-83.8438,41.5545,2004,12,28,1.16,-9.35,-5.63,6.7,2.04,0.03
US-Oho,-83.8438,41.5545,2004,12,29,4.05,0.15,1.3,3.08,4.93,0.03
US-Oho,-83.8438,41.5545,2004,12,30,7.19,1,2.91,5.53,3.72,1.51
US-Oho,-83.8438,41.5545,2004,12,31,14.51,1.47,8.5,9.38,5.1,1.35
US-Oho,-83.8438,41.5545,2005,1,1,2.98,-3.52,-3.05,4.28,5.74,1.1
US-Oho,-83.8438,41.5545,2005,1,2,14.16,1.22,7.5,5.15,2.29,4.68
US-Oho,-83.8438,41.5545,2005,1,3,4,0.39,1.11,4.53,1.94,16.54
US-Oho,-83.8438,41.5545,2005,1,4,4.1,-1.25,-0.21,4.09,3.73,2.11
US-Oho,-83.8438,41.5545,2005,1,5,-0.67,-3.43,-3.47,9.21,1.61,13.84
US-Oho,-83.8438,41.5545,2005,1,6,-0.83,-8.04,-4.15,6.32,2.13,5.45
US-Oho,-83.8438,41.5545,2005,1,7,-4.57,-12.54,-8.6,2.94,2.66,0.06
US-Oho,-83.8438,41.5545,2005,1,8,-0.36,-6.63,-4.8,3.01,2.9,5.23
US-Oho,-83.8438,41.5545,2005,1,9,0.63,-7.51,-3.35,3.88,3.05,1.65
US-Oho,-83.8438,41.5545,2005,1,10,0.94,-3.43,-2.42,3.15,4.18,1.4
US-Oho,-83.8438,41.5545,2005,1,11,0.39,-2.62,-0.65,4.91,1.74,17.09
US-Oho,-83.8438,41.5545,2005,1,12,11.37,0.31,7.2,6.66,4.39,14.51
US-Oho,-83.8438,41.5545,2005,1,13,15.29,-0.93,6.43,9.38,1.54,14.15
US-Oho,-83.8438,41.5545,2005,1,14,-2.38,-7.27,-11.08,5.76,9.77,0
US-Oho,-83.8438,41.5545,2005,1,15,-3.55,-9.01,-11.21,3.04,10,0.01
US-Oho,-83.8438,41.5545,2005,1,16,-7.65,-12.87,-13.56,5.34,5.46,0.48
US-Oho,-83.8438,41.5545,2005,1,17,-9.11,-14.57,-14.98,6.14,5.55,0.04
US-Oho,-83.8438,41.5545,2005,1,18,-7.72,-17.32,-16.44,5.26,9.01,0.46
US-Oho,-83.8438,41.5545,2005,1,19,0.89,-7.58,-6.52,8.2,2.83,1.74
US-Oho,-83.8438,41.5545,2005,1,20,-5.08,-9.37,-10.18,3.73,4.98,0.46
US-Oho,-83.8438,41.5545,2005,1,21,-7.33,-11.96,-12.68,5.07,8.94,0.61
US-Oho,-83.8438,41.5545,2005,1,22,-7.28,-11.19,-11.06,8.63,3.4,7.1
US-Oho,-83.8438,41.5545,2005,1,23,-8.2,-17.5,-14.93,5.62,7.37,0
US-Oho,-83.8438,41.5545,2005,1,24,-1.05,-17.14,-9.35,6.02,4.08,1.38
US-Oho,-83.8438,41.5545,2005,1,25,1.67,-7.02,-3.05,4.44,4.65,0.33
US-Oho,-83.8438,41.5545,2005,1,26,0.16,-10.34,-6.06,6.88,2.97,0.26
US-Oho,-83.8438,41.5545,2005,1,27,-7.76,-14.67,-13.74,4.28,8.52,0.01
US-Oho,-83.8438,41.5545,2005,1,28,-3.56,-16.01,-12.45,4.07,11.16,0
US-Oho,-83.8438,41.5545,2005,1,29,0.97,-8.6,-5.13,2.52,4.8,1.23
US-Oho,-83.8438,41.5545,2005,1,30,0.98,-7.73,-5.68,3.97,6.99,0.02
US-Oho,-83.8438,41.5545,2005,1,31,1.14,-6.67,-5.01,2.65,3.79,0.16
US-Oho,-83.8438,41.5545,2005,2,1,0.38,-8.2,-6.1,2.94,9.19,0
US-Oho,-83.8438,41.5545,2005,2,2,0.4,-8.52,-5.67,2.96,5.08,0
US-Oho,-83.8438,41.5545,2005,2,3,3.36,-5.98,-4.15,2.41,10.75,0
US-Oho,-83.8438,41.5545,2005,2,4,5.35,-4.37,-1.34,2.76,7.04,0
US-Oho,-83.8438,41.5545,2005,2,5,8.93,-1.7,1.06,3.9,11.77,0
US-Oho,-83.8438,41.5545,2005,2,6,6.02,-2.15,1.12,4.32,7.33,0.02
US-Oho,-83.8438,41.5545,2005,2,7,5.09,0.89,2.7,4.54,3.92,12.84
US-Oho,-83.8438,41.5545,2005,2,8,6,-0.76,1.62,3.22,4.58,3.79
US-Oho,-83.8438,41.5545,2005,2,9,1.36,-3.09,-2.81,3.63,2.97,3.94
US-Oho,-83.8438,41.5545,2005,2,10,-0.89,-6.1,-7.78,5.43,8.5,0.27
US-Oho,-83.8438,41.5545,2005,2,11,-0.47,-5.58,-4.82,5.61,3.76,0.01
US-Oho,-83.8438,41.5545,2005,2,12,7.61,-2.55,-2.05,4.88,13.13,0
US-Oho,-83.8438,41.5545,2005,2,13,2.63,-1.56,-0.97,6.43,3.4,3.8
US-Oho,-83.8438,41.5545,2005,2,14,8.87,0.31,3.77,9.16,2.88,4.37
US-Oho,-83.8438,41.5545,2005,2,15,11.58,-0.13,3.02,5.38,9.08,6.81
US-Oho,-83.8438,41.5545,2005,2,16,3.22,-4.5,-3.39,5.24,7.53,5.29
US-Oho,-83.8438,41.5545,2005,2,17,-2.58,-7.68,-9.35,7.66,8.42,0.08
US-Oho,-83.8438,41.5545,2005,2,18,-4.44,-9.41,-11.53,4.31,12.14,0.02
US-Oho,-83.8438,41.5545,2005,2,19,2.38,-10.96,-6.98,4.71,13.07,0.06
US-Oho,-83.8438,41.5545,2005,2,20,2.56,-3.53,-0.98,5.84,2.77,11.71
US-Oho,-83.8438,41.5545,2005,2,21,3.66,-1.71,-0.22,3.8,4.73,0.11
US-Oho,-83.8438,41.5545,2005,2,22,2.94,-4.14,-2.42,3.92,3.82,0.42
US-Oho,-83.8438,41.5545,2005,2,23,0.69,-5.25,-6.04,2.44,11.73,0
US-Oho,-83.8438,41.5545,2005,2,24,-0.8,-6.49,-7.04,3.97,12.27,0.02
US-Oho,-83.8438,41.5545,2005,2,25,1.41,-7.14,-4.76,4.57,11.22,0.36
US-Oho,-83.8438,41.5545,2005,2,26,0.09,-8.11,-8.06,4.21,16.9,0
US-Oho,-83.8438,41.5545,2005,2,27,1.88,-8.83,-6.94,4.48,14.54,0.06
US-Oho,-83.8438,41.5545,2005,2,28,3.41,-2.78,-0.47,3.58,5.7,5.9
US-Oho,-83.8438,41.5545,2005,3,1,-1.33,-7.12,-6.74,9.6,6.31,2.05
US-Oho,-83.8438,41.5545,2005,3,2,-2.95,-10.9,-9.63,6.39,7.26,0.19
US-Oho,-83.8438,41.5545,2005,3,3,-0.37,-13.16,-9.34,3.69,17.9,0
US-Oho,-83.8438,41.5545,2005,3,4,3.71,-9.86,-5.13,2.56,12.18,0.24
US-Oho,-83.8438,41.5545,2005,3,5,5.5,-4.63,-3.08,3.9,17.15,0.12
US-Oho,-83.8438,41.5545,2005,3,6,11.79,-2.74,1.49,8.16,16.79,0.01
US-Oho,-83.8438,41.5545,2005,3,7,12.85,-5.34,1.7,10.64,7.66,0.76
US-Oho,-83.8438,41.5545,2005,3,8,-2.8,-7.03,-11.49,7.29,14.57,0.05
US-Oho,-83.8438,41.5545,2005,3,9,-2.55,-8.9,-10.41,4.71,11.83,0.03
US-Oho,-83.8438,41.5545,2005,3,10,-0.31,-10.85,-7.83,5.49,13.59,1.86
US-Oho,-83.8438,41.5545,2005,3,11,1.18,-3.58,-4.29,5.93,11.04,0.77
US-Oho,-83.8438,41.5545,2005,3,12,1.24,-6.48,-5.14,6.9,9.05,2.14
US-Oho,-83.8438,41.5545,2005,3,13,0.81,-9.74,-8.78,2.36,18.49,0
US-Oho,-83.8438,41.5545,2005,3,14,2.3,-9.59,-6.58,2.63,16.61,0
US-Oho,-83.8438,41.5545,2005,3,15,4.17,-3.78,-4.77,2.75,14.31,0
US-Oho,-83.8438,41.5545,2005,3,16,6.54,-5.74,-4.76,2.53,20.38,0
US-Oho,-83.8438,41.5545,2005,3,17,4.89,-3,-2.36,2.97,11.57,0.04
US-Oho,-83.8438,41.5545,2005,3,18,9,-2.14,-0.56,3.67,15.28,0.04
US-Oho,-83.8438,41.5545,2005,3,19,9.49,-0.63,3.15,4.52,5.82,4.64
US-Oho,-83.8438,41.5545,2005,3,20,5.65,-2.48,-0.37,5.65,4.9,0.18
US-Oho,-83.8438,41.5545,2005,3,21,6.47,-3.04,-2.01,3.29,9.53,0
US-Oho,-83.8438,41.5545,2005,3,22,7.93,-2.54,-1.9,4.59,18.23,0.3
US-Oho,-83.8438,41.5545,2005,3,23,1.3,-2.25,-1.73,8.33,2.12,2.21
US-Oho,-83.8438,41.5545,2005,3,24,8.13,-2.6,-1.02,2.66,14.4,0.23
US-Oho,-83.8438,41.5545,2005,3,25,7.16,-1.6,-0.12,4.09,7.63,3.28
US-Oho,-83.8438,41.5545,2005,3,26,8.4,-2.65,-1.25,2.85,14.11,0.23
US-Oho,-83.8438,41.5545,2005,3,27,8.58,-2.47,-1.49,4.29,6.81,0.14
US-Oho,-83.8438,41.5545,2005,3,28,13.66,0.61,3.5,6.44,12.61,0.33
US-Oho,-83.8438,41.5545,2005,3,29,16.18,0.2,4.09,3.04,20.62,0
US-Oho,-83.8438,41.5545,2005,3,30,21.49,4.76,8.79,6.68,20.4,0.12
US-Oho,-83.8438,41.5545,2005,3,31,13.58,3.11,7.11,8.93,12.89,0.2
US-Oho,-83.8438,41.5545,2005,4,1,11.24,0.24,1.53,4.12,9.81,1.66
US-Oho,-83.8438,41.5545,2005,4,2,6.1,1.05,0.03,11.53,3.29,9.52
US-Oho,-83.8438,41.5545,2005,4,3,13.26,-2.23,-1.71,8.77,23.03,0
US-Oho,-83.8438,41.5545,2005,4,4,17.62,-1.27,1.01,3.3,23.56,0.06
US-Oho,-83.8438,41.5545,2005,4,5,22.61,4.04,9.66,5.43,22.81,0
US-Oho,-83.8438,41.5545,2005,4,6,24.79,10.83,13.25,4.27,19.61,0.17
US-Oho,-83.8438,41.5545,2005,4,7,17.34,3.36,9.35,3.82,4.02,1.29
US-Oho,-83.8438,41.5545,2005,4,8,16.05,1.38,3.22,4.87,24.56,0
US-Oho,-83.8438,41.5545,2005,4,9,20.89,1.24,5.37,3.85,24.82,0
US-Oho,-83.8438,41.5545,2005,4,10,19.55,4.39,5.97,3.75,22.04,0
US-Oho,-83.8438,41.5545,2005,4,11,17.57,3.22,2.95,7.26,23.13,0
US-Oho,-83.8438,41.5545,2005,4,12,11.9,2.12,0.35,8.25,17.53,0.58
US-Oho,-83.8438,41.5545,2005,4,13,14.26,1.03,-0.22,7.53,26.12,0
US-Oho,-83.8438,41.5545,2005,4,14,17.17,0.99,1.81,5.02,24.99,0
US-Oho,-83.8438,41.5545,2005,4,15,15.91,1.13,2.88,4.91,25.65,0
US-Oho,-83.8438,41.5545,2005,4,16,20.42,2.11,4.84,4.05,26.45,0
US-Oho,-83.8438,41.5545,2005,4,17,19.71,6.64,9.58,3.29,14.62,0.56
US-Oho,-83.8438,41.5545,2005,4,18,25.15,11.72,11.87,1.82,22.92,0.49
US-Oho,-83.8438,41.5545,2005,4,19,25.3,11.1,12.56,5.68,23.2,0.13
US-Oho,-83.8438,41.5545,2005,4,20,23.32,4.75,11.9,7.76,16.31,6.56
US-Oho,-83.8438,41.5545,2005,4,21,13.08,3.51,1.1,5.25,20.76,0.02
US-Oho,-83.8438,41.5545,2005,4,22,9.06,3.26,4.63,5.63,5.14,10.39
US-Oho,-83.8438,41.5545,2005,4,23,5.37,0.57,1.1,9.83,7.51,17.62
US-Oho,-83.8438,41.5545,2005,4,24,3.23,0.23,-0.62,9.64,4.18,8.64
US-Oho,-83.8438,41.5545,2005,4,25,16.15,1.81,2.74,7.95,24.13,0.03
US-Oho,-83.8438,41.5545,2005,4,26,11.14,4.71,5.77,4.95,5.14,11.79
US-Oho,-83.8438,41.5545,2005,4,27,10.55,4.55,3.81,6.36,14.36,0.86
US-Oho,-83.8438,41.5545,2005,4,28,13.18,2.04,3.3,3.6,19.72,0.6
US-Oho,-83.8438,41.5545,2005,4,29,15.73,1.52,2.94,2.61,12.69,0.84
US-Oho,-83.8438,41.5545,2005,4,30,14.38,4.33,3.38,3.96,14.52,0.16
US-Oho,-83.8438,41.5545,2005,5,1,11.28,1.43,1.84,5.44,20.47,0.24
US-Oho,-83.8438,41.5545,2005,5,2,9.52,0.23,-0.02,5.78,17.23,0.06
US-Oho,-83.8438,41.5545,2005,5,3,10.09,-0.48,-0.4,3.41,12.98,0
US-Oho,-83.8438,41.5545,2005,5,4,14.57,0.43,-0.96,2.02,28.57,0
US-Oho,-83.8438,41.5545,2005,5,5,17.39,1.21,1.93,3.33,26.78,0
US-Oho,-83.8438,41.5545,2005,5,6,20.66,3.83,4.74,2.11,26.69,0.24
US-Oho,-83.8438,41.5545,2005,5,7,22.59,8.19,9.68,5.1,26.12,0.46
US-Oho,-83.8438,41.5545,2005,5,8,23.66,6.31,8.99,3.42,25.65,0
US-Oho,-83.8438,41.5545,2005,5,9,27.1,10.25,13.8,4.85,22.11,0.29
US-Oho,-83.8438,41.5545,2005,5,10,26.72,15.61,15.05,5.09,23.38,0.22
US-Oho,-83.8438,41.5545,2005,5,11,25.91,8.89,13.02,3.53,14.13,2.27
US-Oho,-83.8438,41.5545,2005,5,12,13.11,5.38,1.57,7.46,16.6,0.23
US-Oho,-83.8438,41.5545,2005,5,13,25.8,5.19,12.99,5.66,22.36,7.87
US-Oho,-83.8438,41.5545,2005,5,14,20.01,9.38,11.48,4.83,10.81,4.02
US-Oho,-83.8438,41.5545,2005,5,15,15.47,5.01,4.69,5.18,13.68,0.01
US-Oho,-83.8438,41.5545,2005,5,16,15.65,3.66,3.86,2.87,17.16,0
US-Oho,-83.8438,41.5545,2005,5,17,18.76,6.71,5.31,2.27,26.37,0
US-Oho,-83.8438,41.5545,2005,5,18,21.49,6.91,7.36,4.62,22.89,0
US-Oho,-83.8438,41.5545,2005,5,19,19.74,9.65,10.54,6.01,4.71,10.84
US-Oho,-83.8438,41.5545,2005,5,20,20.82,8.99,10.16,6.32,24.38,0.6
US-Oho,-83.8438,41.5545,2005,5,21,23.63,7.95,7.6,2.05,28.93,0.01
US-Oho,-83.8438,41.5545,2005,5,22,19.65,10.27,11.87,3.45,11.31,1.48
US-Oho,-83.8438,41.5545,2005,5,23,18.8,9.47,10.95,5.19,14.68,5.37
US-Oho,-83.8438,41.5545,2005,5,24,17.93,7.53,8.6,5.53,13.35,0.45
US-Oho,-83.8438,41.5545,2005,5,25,21.77,7.1,9.62,3.47,29.24,0
US-Oho,-83.8438,41.5545,2005,5,26,24.22,9.82,11.22,3.84,22.79,0
US-Oho,-83.8438,41.5545,2005,5,27,22.91,9.73,9.16,4.81,24.86,2.02
US-Oho,-83.8438,41.5545,2005,5,28,19.24,10.24,9.54,4.15,21.94,2.26
US-Oho,-83.8438,41.5545,2005,5,29,21.79,8.51,9.05,3.8,24.03,0.32
US-Oho,-83.8438,41.5545,2005,5,30,21.36,12.14,10.15,1.26,23.1,0.39
US-Oho,-83.8438,41.5545,2005,5,31,25.14,12.38,10.59,2.34,27.16,0.04
US-Oho,-83.8438,41.5545,2005,6,1,25.06,11.39,12.01,3.87,23.96,0
US-Oho,-83.8438,41.5545,2005,6,2,24.22,14.91,14.84,4.13,22.2,0.18
US-Oho,-83.8438,41.5545,2005,6,3,26.17,14.94,16.43,3.1,19.4,0.04
US-Oho,-83.8438,41.5545,2005,6,4,28.64,15.74,18.62,3.01,23.18,0
US-Oho,-83.8438,41.5545,2005,6,5,30.76,18.21,20.97,5.11,25.02,3.62
US-Oho,-83.8438,41.5545,2005,6,6,29.32,20.51,18.06,5.65,29.19,0.15
US-Oho,-83.8438,41.5545,2005,6,7,32.13,18.15,18.34,4.32,27.83,0
US-Oho,-83.8438,41.5545,2005,6,8,31.15,21.2,20.58,3.75,23.45,4.89
US-Oho,-83.8438,41.5545,2005,6,9,30.64,20.37,21.54,3.77,24.07,2.17
US-Oho,-83.8438,41.5545,2005,6,10,31.17,22.01,21.34,3.69,22.2,0.6
US-Oho,-83.8438,41.5545,2005,6,11,27.47,21.57,21.6,3.77,15.53,2.48
US-Oho,-83.8438,41.5545,2005,6,12,28.68,20.67,20.92,2.74,14.55,4.94
US-Oho,-83.8438,41.5545,2005,6,13,29.04,22,21.12,7.27,15.15,2.86
US-Oho,-83.8438,41.5545,2005,6,14,30.03,18.85,19.85,6.75,25.9,0.31
US-Oho,-83.8438,41.5545,2005,6,15,25.86,14.48,14.73,7.77,13.77,0.86
US-Oho,-83.8438,41.5545,2005,6,16,24.19,13.46,10.19,6.09,23.77,0.28
US-Oho,-83.8438,41.5545,2005,6,17,23.54,10.57,10.55,3.76,20.56,0
US-Oho,-83.8438,41.5545,2005,6,18,24.11,12.83,12.41,3.3,11.31,0
US-Oho,-83.8438,41.5545,2005,6,19,25.58,13.39,12.2,3.45,22.66,0
US-Oho,-83.8438,41.5545,2005,6,20,27.92,12.14,12.98,2.21,28.62,0
US-Oho,-83.8438,41.5545,2005,6,21,31.45,14.98,15.12,3.65,21.69,1.05
US-Oho,-83.8438,41.5545,2005,6,22,29.53,15.36,13.08,4.58,30.94,0
US-Oho,-83.8438,41.5545,2005,6,23,30.3,13.44,10.22,2.61,29.76,0
US-Oho,-83.8438,41.5545,2005,6,24,34.29,18.56,17.43,5.22,24.78,0
US-Oho,-83.8438,41.5545,2005,6,25,35.95,22.4,19.57,4.08,25.25,0.28
US-Oho,-83.8438,41.5545,2005,6,26,34.39,23.23,19.81,1.93,26.5,0.16
US-Oho,-83.8438,41.5545,2005,6,27,34.99,22.05,18.15,3.59,21.97,0.05
US-Oho,-83.8438,41.5545,2005,6,28,31.89,22.55,19.54,2.76,21.06,3.75
US-Oho,-83.8438,41.5545,2005,6,29,31.67,21.9,20.61,1.86,19.81,5.15
US-Oho,-83.8438,41.5545,2005,6,30,29.73,21.13,21.41,3.74,12.81,11.15
US-Oho,-83.8438,41.5545,2005,7,1,29.85,16.87,15.31,6.16,28.62,0.62
US-Oho,-83.8438,41.5545,2005,7,2,25.72,13.7,10.21,3.9,24.42,0.03
US-Oho,-83.8438,41.5545,2005,7,3,29.81,13.56,13.98,2.53,27.24,0
US-Oho,-83.8438,41.5545,2005,7,4,33.71,20.05,18.78,4.34,27.12,3.08
US-Oho,-83.8438,41.5545,2005,7,5,30.5,20.63,17.49,2.98,16.32,2.19
US-Oho,-83.8438,41.5545,2005,7,6,29.05,17.91,15.96,3.16,18.68,0.04
US-Oho,-83.8438,41.5545,2005,7,7,30.04,16.71,15.29,3.37,26.17,0.17
US-Oho,-83.8438,41.5545,2005,7,8,29.28,17.51,14.95,2.81,25.13,4.82
US-Oho,-83.8438,41.5545,2005,7,9,31.31,16.78,12.62,2.24,29.51,0
US-Oho,-83.8438,41.5545,2005,7,10,32.93,16.6,11.96,2.19,29.77,0.12
US-Oho,-83.8438,41.5545,2005,7,11,33.33,17.54,11.08,3.56,23.21,0
US-Oho,-83.8438,41.5545,2005,7,12,34.32,22.05,20.11,4.56,20.09,9.85
US-Oho,-83.8438,41.5545,2005,7,13,32.11,21,20.98,3.02,20.22,5.15
US-Oho,-83.8438,41.5545,2005,7,14,30.89,21.94,20.99,2.79,13.67,4.01
US-Oho,-83.8438,41.5545,2005,7,15,31.74,21.85,21.53,3.58,17.11,6.24
US-Oho,-83.8438,41.5545,2005,7,16,28.44,22.33,22.96,3.07,13.68,15.53
US-Oho,-83.8438,41.5545,2005,7,17,29.94,21.42,21.67,3.96,19.07,2.33
US-Oho,-83.8438,41.5545,2005,7,18,32.08,22.63,22.7,5.54,19.17,8.2
US-Oho,-83.8438,41.5545,2005,7,19,31.86,19.67,16.5,3.41,28.92,0.16
US-Oho,-83.8438,41.5545,2005,7,20,33.05,19.4,15.82,2.8,27.58,4.4
US-Oho,-83.8438,41.5545,2005,7,21,31.88,22.85,22.28,3.11,23.81,24.6
US-Oho,-83.8438,41.5545,2005,7,22,31.7,20.62,19.91,2.73,26.88,1.64
US-Oho,-83.8438,41.5545,2005,7,23,30.26,18.44,16.35,2.36,27.42,2.12
US-Oho,-83.8438,41.5545,2005,7,24,34.06,19.13,21.18,6.76,18.53,1.87
US-Oho,-83.8438,41.5545,2005,7,25,34.91,24.07,20.96,3.75,19.95,2.94
US-Oho,-83.8438,41.5545,2005,7,26,33.99,22.38,22.96,5.62,21.55,11.97
US-Oho,-83.8438,41.5545,2005,7,27,24.41,15.6,15.77,4.22,17.12,28.75
US-Oho,-83.8438,41.5545,2005,7,28,25.87,16.24,15.06,1.45,25.87,0.37
US-Oho,-83.8438,41.5545,2005,7,29,28.08,15.23,14.25,1.53,28.14,0.05
US-Oho,-83.8438,41.5545,2005,7,30,28.12,16.69,15.65,2.76,26.46,0.01
US-Oho,-83.8438,41.5545,2005,7,31,31.02,16.03,15.47,1.64,27.5,0
US-Oho,-83.8438,41.5545,2005,8,1,33.25,18.86,16.77,2.86,27.44,0.35
US-Oho,-83.8438,41.5545,2005,8,2,33.71,19.9,17.1,2.83,26.63,0.35
US-Oho,-83.8438,41.5545,2005,8,3,34.18,20.97,17.45,3.08,25.9,0
US-Oho,-83.8438,41.5545,2005,8,4,28.79,21.5,18.33,5.88,14.11,0.66
US-Oho,-83.8438,41.5545,2005,8,5,30.4,21.12,17.64,2,21.52,0.27
US-Oho,-83.8438,41.5545,2005,8,6,29.07,18.64,14.45,2.7,20.29,0
US-Oho,-83.8438,41.5545,2005,8,7,30.97,16.79,13.9,2,25.73,0
US-Oho,-83.8438,41.5545,2005,8,8,32.48,17.55,16.77,2.5,22.34,0.2
US-Oho,-83.8438,41.5545,2005,8,9,33.25,19.08,17.74,2.78,25.52,0.39
US-Oho,-83.8438,41.5545,2005,8,10,33.58,20.77,18.11,4.35,16.54,1.52
US-Oho,-83.8438,41.5545,2005,8,11,32.02,19.46,18.05,2.58,13.24,0.26
US-Oho,-83.8438,41.5545,2005,8,12,33.15,22.99,20.57,4.94,19.38,1.92
US-Oho,-83.8438,41.5545,2005,8,13,30.39,21.28,20.8,2.21,13.87,15.82
US-Oho,-83.8438,41.5545,2005,8,14,25.89,19.61,17.42,2.72,8.8,0.65
US-Oho,-83.8438,41.5545,2005,8,15,28.33,18.72,15.62,2.66,15.52,0.24
US-Oho,-83.8438,41.5545,2005,8,16,30.34,17.67,14.37,1.14,23.54,0.02
US-Oho,-83.8438,41.5545,2005,8,17,31.45,18.46,15.25,2.16,24.05,0
US-Oho,-83.8438,41.5545,2005,8,18,32.21,17.65,17.02,4.09,18.02,0.11
US-Oho,-83.8438,41.5545,2005,8,19,33.1,20.88,19.79,5.53,20.85,0.48
US-Oho,-83.8438,41.5545,2005,8,20,31.28,19.26,20.08,4.16,15.59,8.16
US-Oho,-83.8438,41.5545,2005,8,21,30.86,16.8,13.58,5.06,23.91,0.02
US-Oho,-83.8438,41.5545,2005,8,22,24.23,14.51,11.65,3.16,18.18,0.02
US-Oho,-83.8438,41.5545,2005,8,23,25.12,15.88,11.77,2.88,16.76,0
US-Oho,-83.8438,41.5545,2005,8,24,27.07,13.91,12.86,3.79,22.41,0
US-Oho,-83.8438,41.5545,2005,8,25,27.88,13.39,13.41,2.94,17.26,0
US-Oho,-83.8438,41.5545,2005,8,26,32.29,18.14,16,2.07,15.99,0.08
US-Oho,-83.8438,41.5545,2005,8,27,31.29,17.51,17.27,3.83,13.89,1.59
US-Oho,-83.8438,41.5545,2005,8,28,32.79,15.88,12.18,3.75,23.66,0
US-Oho,-83.8438,41.5545,2005,8,29,31.14,19.45,15.84,2.46,15.6,0.06
US-Oho,-83.8438,41.5545,2005,8,30,25.19,18.65,19.31,4.95,6.19,13.74
US-Oho,-83.8438,41.5545,2005,8,31,27.24,17.54,15.42,5.56,17.45,2.97
US-Oho,-83.8438,41.5545,2005,9,1,30.01,14.05,14.16,3.54,22.22,0.03
US-Oho,-83.8438,41.5545,2005,9,2,29.61,15.46,9.71,5.38,23.78,0
US-Oho,-83.8438,41.5545,2005,9,3,27.95,13.73,12.23,2.78,21.1,0
US-Oho,-83.8438,41.5545,2005,9,4,28.3,14.55,12.19,2.76,21.76,0
US-Oho,-83.8438,41.5545,2005,9,5,28.57,12.7,12.36,2.93,23.1,0
US-Oho,-83.8438,41.5545,2005,9,6,29.81,13.72,12.13,3.41,22.54,0
US-Oho,-83.8438,41.5545,2005,9,7,30.43,14.78,12.15,2.78,21.36,0.06
US-Oho,-83.8438,41.5545,2005,9,8,28.05,16.46,15.37,2.17,14.37,2.57
US-Oho,-83.8438,41.5545,2005,9,9,29.19,16.47,13.23,3.27,20.52,0.22
US-Oho,-83.8438,41.5545,2005,9,10,30.96,13.84,10.43,3.17,21.39,0
US-Oho,-83.8438,41.5545,2005,9,11,32.17,13.84,10.24,2.49,21.31,0
US-Oho,-83.8438,41.5545,2005,9,12,32.49,15.1,11.64,2.99,20.72,0
US-Oho,-83.8438,41.5545,2005,9,13,32.14,17.06,13.61,4.72,19.46,0.05
US-Oho,-83.8438,41.5545,2005,9,14,27.97,18.11,16.77,4.35,8.98,1.78
US-Oho,-83.8438,41.5545,2005,9,15,25.12,16.83,14.88,4.59,11.74,13.02
US-Oho,-83.8438,41.5545,2005,9,16,22.28,14.82,15.21,4.43,4.27,8.32
US-Oho,-83.8438,41.5545,2005,9,17,24.29,13.55,14.33,3.28,8.14,0.43
US-Oho,-83.8438,41.5545,2005,9,18,27.55,13.55,13.73,1.94,17.29,0.15
US-Oho,-83.8438,41.5545,2005,9,19,28.34,15.12,15.77,5.74,8.84,0.46
US-Oho,-83.8438,41.5545,2005,9,20,28.27,17.64,12.86,3.74,19.89,0.4
US-Oho,-83.8438,41.5545,2005,9,21,29.88,14.03,10.05,2.84,19.9,0
US-Oho,-83.8438,41.5545,2005,9,22,31.18,14.88,17.51,5.61,13.58,22.3
US-Oho,-83.8438,41.5545,2005,9,23,22.89,15.83,12.97,5.57,14.35,7.34
US-Oho,-83.8438,41.5545,2005,9,24,24.8,14.6,16.33,3.04,10.33,2.52
US-Oho,-83.8438,41.5545,2005,9,25,24.59,18.75,19.42,3.82,6.34,22.46
US-Oho,-83.8438,41.5545,2005,9,26,25.24,12.05,16.14,5.15,10.15,9.43
US-Oho,-83.8438,41.5545,2005,9,27,21.93,8.27,7.45,1.84,19.19,0
US-Oho,-83.8438,41.5545,2005,9,28,24.7,9.46,11.57,5.26,15.92,6.99
US-Oho,-83.8438,41.5545,2005,9,29,17.2,7.36,4.37,5.9,18.56,0.86
US-Oho,-83.8438,41.5545,2005,9,30,20.62,4.65,4.57,3.58,19.4,0
US-Oho,-83.8438,41.5545,2005,10,1,24.42,7.85,7.53,3.32,18.39,0
US-Oho,-83.8438,41.5545,2005,10,2,27.61,12.41,15.85,3.47,13.2,0.16
US-Oho,-83.8438,41.5545,2005,10,3,29.83,17.81,17.13,3.55,14.49,0
US-Oho,-83.8438,41.5545,2005,10,4,29.55,15.99,15.44,2.75,15.78,0
US-Oho,-83.8438,41.5545,2005,10,5,28.71,14.11,13.77,3.65,16.76,0
US-Oho,-83.8438,41.5545,2005,10,6,27.18,10.61,12.01,5.42,14.92,0.03
US-Oho,-83.8438,41.5545,2005,10,7,17.4,9.19,5.84,5.95,7.04,0.48
US-Oho,-83.8438,41.5545,2005,10,8,15.26,7.84,5.22,5.91,9.45,0.11
US-Oho,-83.8438,41.5545,2005,10,9,15.85,7.52,6.84,4.83,9.86,0.06
US-Oho,-83.8438,41.5545,2005,10,10,18.67,10.89,11.75,3.79,3.17,0.51
US-Oho,-83.8438,41.5545,2005,10,11,18.79,11.54,11.77,4.07,4.66,0.28
US-Oho,-83.8438,41.5545,2005,10,12,18.68,11.1,11.99,1.79,6.01,0.02
US-Oho,-83.8438,41.5545,2005,10,13,20.78,11.41,12.14,1.26,8.55,0.44
US-Oho,-83.8438,41.5545,2005,10,14,23.68,12.67,11.85,3.43,11.88,0.05
US-Oho,-83.8438,41.5545,2005,10,15,20.09,8.11,5,6.03,16.58,0
US-Oho,-83.8438,41.5545,2005,10,16,16.85,6.21,4.97,4.51,11.03,0
US-Oho,-83.8438,41.5545,2005,10,17,18.19,4.7,6.82,4.66,13.28,0.83
US-Oho,-83.8438,41.5545,2005,10,18,21.53,8.06,6.67,3.93,15.49,0
US-Oho,-83.8438,41.5545,2005,10,19,19.5,7.04,5.54,5.68,13.7,0.04
US-Oho,-83.8438,41.5545,2005,10,20,14.73,5.78,4.81,3.22,8.48,0.78
US-Oho,-83.8438,41.5545,2005,10,21,15.8,7.48,5.62,4.62,4.16,0.98
US-Oho,-83.8438,41.5545,2005,10,22,11.56,3.99,2.91,3.62,8.48,0.35
US-Oho,-83.8438,41.5545,2005,10,23,12.86,3.47,3.91,2.31,8.38,2.57
US-Oho,-83.8438,41.5545,2005,10,24,9.31,5.82,4.93,6.88,5.12,5.56
US-Oho,-83.8438,41.5545,2005,10,25,11.5,2.88,3.34,7.09,6.8,1.11
US-Oho,-83.8438,41.5545,2005,10,26,11.33,0.1,0.36,3.68,8.6,0
US-Oho,-83.8438,41.5545,2005,10,27,10.97,0.44,-0.6,2.59,9.24,0
US-Oho,-83.8438,41.5545,2005,10,28,11.17,1.4,0.79,2.03,9.25,0.06
US-Oho,-83.8438,41.5545,2005,10,29,14.11,-0.27,-0.77,3.08,13.67,0
US-Oho,-83.8438,41.5545,2005,10,30,16.58,0.66,0.85,5.36,13.03,0
US-Oho,-83.8438,41.5545,2005,10,31,16.91,8.55,6.81,4.67,6.18,0.46
US-Oho,-83.8438,41.5545,2005,11,1,14.28,4.53,5.25,3.72,7.79,6.44
US-Oho,-83.8438,41.5545,2005,11,2,15.55,1.51,3.02,4.51,12.76,0
US-Oho,-83.8438,41.5545,2005,11,3,20.37,7.7,4.97,7.53,10.73,0
US-Oho,-83.8438,41.5545,2005,11,4,21.09,9.15,7.61,6.68,10.11,0.86
US-Oho,-83.8438,41.5545,2005,11,5,19.75,10.77,14.08,4.73,4.32,2.59
US-Oho,-83.8438,41.5545,2005,11,6,17.51,5.13,7.52,10.42,3.55,3.65
US-Oho,-83.8438,41.5545,2005,11,7,15.38,4.01,4.33,4.93,10.72,0
US-Oho,-83.8438,41.5545,2005,11,8,13.33,6.03,7.76,2.95,3.84,5.01
US-Oho,-83.8438,41.5545,2005,11,9,20.57,7.24,6.98,9.01,6.24,1.26
US-Oho,-83.8438,41.5545,2005,11,10,9.91,0.24,-1.83,5.44,10.94,0
US-Oho,-83.8438,41.5545,2005,11,11,12.81,-2.04,-2.18,4.01,11.35,0
US-Oho,-83.8438,41.5545,2005,11,12,18.48,1.93,0.54,6.85,11.14,0.01
US-Oho,-83.8438,41.5545,2005,11,13,18.26,4.92,3.97,10.13,7.27,1.81
US-Oho,-83.8438,41.5545,2005,11,14,10.43,0.42,1.33,3.7,9.08,4.81
US-Oho,-83.8438,41.5545,2005,11,15,17.68,6.18,10.34,6.01,1.7,34.89
US-Oho,-83.8438,41.5545,2005,11,16,6.94,-4.69,-3.79,11.04,3.47,0.33
US-Oho,-83.8438,41.5545,2005,11,17,-0.41,-6.47,-9.16,6.23,6.61,0.01
US-Oho,-83.8438,41.5545,2005,11,18,2.58,-6.45,-7.31,4.82,4.27,0
US-Oho,-83.8438,41.5545,2005,11,19,10.05,-2.58,-2.47,6.31,10.23,0
US-Oho,-83.8438,41.5545,2005,11,20,11.76,-1.83,-0.71,4.86,10.05,0
US-Oho,-83.8438,41.5545,2005,11,21,7.45,0.42,1.09,4.47,3.76,0.03
US-Oho,-83.8438,41.5545,2005,11,22,1.83,-5.98,-5.81,6.55,5.4,0.02
US-Oho,-83.8438,41.5545,2005,11,23,1.14,-5.76,-3.4,5.88,3.33,4.79
US-Oho,-83.8438,41.5545,2005,11,24,1.16,-8.38,-11.27,10.11,6.49,0.39
US-Oho,-83.8438,41.5545,2005,11,25,-2.1,-6.84,-10.01,5.41,7.12,0.58
US-Oho,-83.8438,41.5545,2005,11,26,4.5,-4.89,-4.43,3.51,5.02,0.82
US-Oho,-83.8438,41.5545,2005,11,27,7.11,2,3.61,4.71,3.06,8.56
US-Oho,-83.8438,41.5545,2005,11,28,19.14,4.73,10,10.32,5.32,20.6
US-Oho,-83.8438,41.5545,2005,11,29,7.62,-1.15,-0.42,7.68,2.93,1.54
US-Oho,-83.8438,41.5545,2005,11,30,0.57,-3.83,-5.7,3.86,3.56,0.1
US-Oho,-83.8438,41.5545,2005,12,1,0.24,-3.39,-3.76,3.48,2.55,1.12
US-Oho,-83.8438,41.5545,2005,12,2,-1.67,-4.89,-8.27,8.15,5.47,0.06
US-Oho,-83.8438,41.5545,2005,12,3,-0.82,-4.63,-7.9,3.17,4.29,3.62
US-Oho,-83.8438,41.5545,2005,12,4,0.1,-7.05,-5.41,3.95,7.06,1.29
US-Oho,-83.8438,41.5545,2005,12,5,-3.37,-11.64,-8.69,3.38,4.56,0
US-Oho,-83.8438,41.5545,2005,12,6,-5.73,-12.96,-11.55,4.18,8.14,0.01
US-Oho,-83.8438,41.5545,2005,12,7,-5.76,-11.83,-11.25,3.34,8.11,0
US-Oho,-83.8438,41.5545,2005,12,8,-2.72,-11.81,-8.7,3.43,4.29,8
US-Oho,-83.8438,41.5545,2005,12,9,-1.46,-7.71,-6.16,7.42,3.34,0.72
US-Oho,-83.8438,41.5545,2005,12,10,-3.25,-8.68,-7.84,7.81,5.27,0.07
US-Oho,-83.8438,41.5545,2005,12,11,0.68,-7.35,-4.47,5.65,3.38,0.18
US-Oho,-83.8438,41.5545,2005,12,12,-5.3,-14.35,-12.08,2.85,8.4,0.01
US-Oho,-83.8438,41.5545,2005,12,13,-1.12,-9.72,-8.65,2.66,7.67,0.02
US-Oho,-83.8438,41.5545,2005,12,14,0.04,-9.04,-5.77,5.77,3.23,1.1
US-Oho,-83.8438,41.5545,2005,12,15,0.43,-2.08,-1.01,4.07,2.26,9.15
US-Oho,-83.8438,41.5545,2005,12,16,-2.23,-10.24,-7.09,6.42,6.21,0.12
US-Oho,-83.8438,41.5545,2005,12,17,-3.91,-13.33,-10.87,4.5,8.83,0
US-Oho,-83.8438,41.5545,2005,12,18,-5.33,-14.02,-10.78,4.4,6.22,0.01
US-Oho,-83.8438,41.5545,2005,12,19,-7.89,-15.99,-12.82,5.83,8.95,0
US-Oho,-83.8438,41.5545,2005,12,20,-4.4,-16.4,-11.56,5.54,6.93,0.01
US-Oho,-83.8438,41.5545,2005,12,21,-4.05,-9.6,-8.11,4.8,7.84,0
US-Oho,-83.8438,41.5545,2005,12,22,0.63,-11.48,-5.16,7.31,5.72,0.02
US-Oho,-83.8438,41.5545,2005,12,23,2.89,-1.17,-0.13,6.27,6.12,0.01
US-Oho,-83.8438,41.5545,2005,12,24,3.69,-0.35,1.36,3.61,5.28,1.73
US-Oho,-83.8438,41.5545,2005,12,25,1.77,-0.26,0.55,3.65,0.87,14
US-Oho,-83.8438,41.5545,2005,12,26,1.8,-3.36,-2.17,5.53,1.83,0.89
US-Oho,-83.8438,41.5545,2005,12,27,3.48,-3.84,-0.61,4.14,2.95,0.05
US-Oho,-83.8438,41.5545,2005,12,28,4.75,1.12,3.76,3.31,3.2,13.75
US-Oho,-83.8438,41.5545,2005,12,29,2.61,-2.79,-0.85,5.09,1.8,3.1
US-Oho,-83.8438,41.5545,2005,12,30,4.09,-2.3,-1.4,3.28,3.41,4.19
US-Oho,-83.8438,41.5545,2005,12,31,2.66,-1.23,-0.6,5.82,2.4,1.49
US-Oho,-83.8438,41.5545,2006,1,1,4.05,-3.42,-1.21,3.81,4.04,2.02
US-Oho,-83.8438,41.5545,2006,1,2,4.39,1.44,2.6,5.06,1.85,14.29
US-Oho,-83.8438,41.5545,2006,1,3,4.33,1.37,2.08,3.07,2.31,1.73
US-Oho,-83.8438,41.5545,2006,1,4,7.32,1.83,3.55,6.25,1.57,1.35
US-Oho,-83.8438,41.5545,2006,1,5,4.01,-3.24,-1.17,6.58,3.08,0.56
US-Oho,-83.8438,41.5545,2006,1,6,-1.09,-4.59,-7.38,4.76,6.33,0.03
US-Oho,-83.8438,41.5545,2006,1,7,1.96,-2.58,-2.8,5.84,2.29,0.03
US-Oho,-83.8438,41.5545,2006,1,8,6.31,-1.82,0.55,5.08,7.05,0.01
US-Oho,-83.8438,41.5545,2006,1,9,4.63,-1.99,-0.29,4.79,2.37,0.01
US-Oho,-83.8438,41.5545,2006,1,10,4.96,-2.62,-0.45,2.99,5.58,2.26
US-Oho,-83.8438,41.5545,2006,1,11,6.08,0.56,2.33,7.19,3.7,0.78
US-Oho,-83.8438,41.5545,2006,1,12,11.85,-0.21,1.87,6.91,9.63,0
US-Oho,-83.8438,41.5545,2006,1,13,11.8,0.58,5.72,7.33,1.99,9.24
US-Oho,-83.8438,41.5545,2006,1,14,1.29,-5.36,-5.81,8.72,7.91,0.5
US-Oho,-83.8438,41.5545,2006,1,15,-0.08,-5.4,-6.84,2.54,6.02,0.01
US-Oho,-83.8438,41.5545,2006,1,16,5.78,-2.83,-1.27,4.68,8.58,0.05
US-Oho,-83.8438,41.5545,2006,1,17,8.97,0.06,3.64,5.71,1.84,14.99
US-Oho,-83.8438,41.5545,2006,1,18,-0.24,-4.65,-5.11,8.51,3.64,3.6
US-Oho,-83.8438,41.5545,2006,1,19,9.79,-4.3,1.71,7.43,8.64,0.01
US-Oho,-83.8438,41.5545,2006,1,20,12.38,9.38,8.74,6.8,3.66,2.59
US-Oho,-83.8438,41.5545,2006,1,21,11.06,-3.8,-0.87,6.06,7.73,3.39
US-Oho,-83.8438,41.5545,2006,1,22,2.63,-4.5,-3.59,2.73,6.18,0.02
US-Oho,-83.8438,41.5545,2006,1,23,4.53,-3.29,-2.79,3.75,8.86,0
US-Oho,-83.8438,41.5545,2006,1,24,4.89,-3.27,-2.09,10.11,4.38,0.83
US-Oho,-83.8438,41.5545,2006,1,25,1.21,-2.76,-4.94,8.55,5.15,0.09
US-Oho,-83.8438,41.5545,2006,1,26,1.76,-4.57,-5.6,2.9,9.81,0
US-Oho,-83.8438,41.5545,2006,1,27,6,-3.08,-2.1,5.75,8.07,0
US-Oho,-83.8438,41.5545,2006,1,28,11.25,0.75,3.34,5.34,7.65,0.82
US-Oho,-83.8438,41.5545,2006,1,29,12.09,5.56,6.5,10.69,4.14,12.31
US-Oho,-83.8438,41.5545,2006,1,30,7.32,-1.25,0.97,6.06,6.09,0.04
US-Oho,-83.8438,41.5545,2006,1,31,2.67,-3.35,-2.9,3.84,3.35,0.04
US-Oho,-83.8438,41.5545,2006,2,1,8.84,-3.36,-0.11,5.9,10.14,0.02
US-Oho,-83.8438,41.5545,2006,2,2,6.6,-0.94,1.4,2.59,6.87,10.13
US-Oho,-83.8438,41.5545,2006,2,3,7.65,-0.04,1.6,2.86,4.81,2.85
US-Oho,-83.8438,41.5545,2006,2,4,2.37,-0.5,0.64,7.19,1.52,13.92
US-Oho,-83.8438,41.5545,2006,2,5,1.45,-3.67,-3.47,9.77,4.93,1.05
US-Oho,-83.8438,41.5545,2006,2,6,1.29,-6.97,-7.41,7.53,12.78,0
US-Oho,-83.8438,41.5545,2006,2,7,0.41,-4.96,-6.23,3.77,7.63,0.08
US-Oho,-83.8438,41.5545,2006,2,8,-2.68,-6.09,-8.32,3.88,8.86,0.06
US-Oho,-83.8438,41.5545,2006,2,9,0.86,-10.3,-7.82,4.84,13.74,0
US-Oho,-83.8438,41.5545,2006,2,10,1.46,-5.14,-4.7,3.32,6.92,0.12
US-Oho,-83.8438,41.5545,2006,2,11,0.98,-4.98,-4.12,3.01,5.46,1.05
US-Oho,-83.8438,41.5545,2006,2,12,-0.78,-8.63,-7.17,3.84,10.06,0.22
US-Oho,-83.8438,41.5545,2006,2,13,-1.39,-6.01,-7,7.47,9.09,0.01
US-Oho,-83.8438,41.5545,2006,2,14,6,-4.7,-1.99,6.39,12.71,0
US-Oho,-83.8438,41.5545,2006,2,15,6.58,0.84,1.83,4.24,8.36,1.79
US-Oho,-83.8438,41.5545,2006,2,16,15.76,2.49,8.8,8.87,4.22,18.76
US-Oho,-83.8438,41.5545,2006,2,17,1.26,-5.47,-8.02,8.85,11.7,0.08
US-Oho,-83.8438,41.5545,2006,2,18,-6.9,-12.99,-17.67,7.27,14.55,0.37
US-Oho,-83.8438,41.5545,2006,2,19,-5.01,-13.19,-13.64,5.27,15.17,0
US-Oho,-83.8438,41.5545,2006,2,20,-1.53,-10.02,-9.28,5.41,14.78,0
US-Oho,-83.8438,41.5545,2006,2,21,3.79,-6.43,-5.49,5.31,13.46,0
US-Oho,-83.8438,41.5545,2006,2,22,8.04,-2.28,-1,4.23,13.35,0.1
US-Oho,-83.8438,41.5545,2006,2,23,9.44,-4,-3.67,6.12,14.42,0
US-Oho,-83.8438,41.5545,2006,2,24,2.26,-4.99,-6.6,3.73,15.45,0
US-Oho,-83.8438,41.5545,2006,2,25,3.27,-4.97,-4.63,9.16,14.55,0
US-Oho,-83.8438,41.5545,2006,2,26,-1,-7.49,-10.52,5.34,17.28,0
US-Oho,-83.8438,41.5545,2006,2,27,0.3,-5.35,-5.35,3.69,7.84,0.09
US-Oho,-83.8438,41.5545,2006,2,28,1.1,-7.58,-8.69,2.13,16.31,0
US-Oho,-83.8438,41.5545,2006,3,1,2.63,-4.7,-6.1,3.59,9.77,0.07
US-Oho,-83.8438,41.5545,2006,3,2,1.92,-3.04,-2.6,4.72,3.25,1.34
US-Oho,-83.8438,41.5545,2006,3,3,1.13,-4.84,-6.76,4.01,7.8,0.01
US-Oho,-83.8438,41.5545,2006,3,4,3.9,-8.5,-6.43,3.58,18.63,0
US-Oho,-83.8438,41.5545,2006,3,5,5.26,-5.7,-3.95,1.3,12.12,0.21
US-Oho,-83.8438,41.5545,2006,3,6,2.66,-4.14,-3.22,3.64,7.57,0.62
US-Oho,-83.8438,41.5545,2006,3,7,5.99,-4.39,-5.26,2.41,18.34,0
US-Oho,-83.8438,41.5545,2006,3,8,6.7,-0.54,1.04,5.61,5.61,1.13
US-Oho,-83.8438,41.5545,2006,3,9,15,6.79,10.7,8.81,6.6,13.7
US-Oho,-83.8438,41.5545,2006,3,10,13.08,2.41,4.98,7.11,5.76,1.19
US-Oho,-83.8438,41.5545,2006,3,11,13.03,0,6.34,4.72,9.42,1.66
US-Oho,-83.8438,41.5545,2006,3,12,18.78,8.75,10.75,4.47,9.76,19.15
US-Oho,-83.8438,41.5545,2006,3,13,20.53,1.05,10.18,11.18,8.17,6.15
US-Oho,-83.8438,41.5545,2006,3,14,4.51,-1.62,-4.74,11.04,10.71,0.11
US-Oho,-83.8438,41.5545,2006,3,15,6.7,-3.25,-4.85,6.64,20.49,0
US-Oho,-83.8438,41.5545,2006,3,16,5.38,-2.43,-3.94,3.52,9.87,1.31
US-Oho,-83.8438,41.5545,2006,3,17,5.49,-4.27,-5.06,4.91,17.71,0.02
US-Oho,-83.8438,41.5545,2006,3,18,4.27,-5.77,-7.07,5.93,21.9,0
US-Oho,-83.8438,41.5545,2006,3,19,7.47,-5.01,-4.76,5.29,21.81,0
US-Oho,-83.8438,41.5545,2006,3,20,3.54,-4.6,-5.33,5.2,14.12,0
US-Oho,-83.8438,41.5545,2006,3,21,-0.42,-4.51,-7.32,6.59,9.4,0.01
US-Oho,-83.8438,41.5545,2006,3,22,3.88,-4.07,-3.43,5.17,7.14,0
US-Oho,-83.8438,41.5545,2006,3,23,5.46,-1.95,-1.89,2.06,11.06,0
US-Oho,-83.8438,41.5545,2006,3,24,4.18,-1.2,-2.04,2.17,13.14,0.19
US-Oho,-83.8438,41.5545,2006,3,25,4.77,-1.35,-0.95,3.35,10.78,0.91
US-Oho,-83.8438,41.5545,2006,3,26,7.47,-1.95,-2.23,2.87,14.21,0
US-Oho,-83.8438,41.5545,2006,3,27,10.17,-1.16,-0.9,2.52,20.47,0.58
US-Oho,-83.8438,41.5545,2006,3,28,9.59,2.84,3.23,4.1,5.76,1.72
US-Oho,-83.8438,41.5545,2006,3,29,13.72,-0.07,2.84,1.77,13.89,0
US-Oho,-83.8438,41.5545,2006,3,30,18.43,1.16,5.89,4.45,22.16,0
US-Oho,-83.8438,41.5545,2006,3,31,18.01,9.41,12.09,9.46,9.97,8.72
US-Oho,-83.8438,41.5545,2006,4,1,9.61,6.02,5.55,5.23,8.66,0.3
US-Oho,-83.8438,41.5545,2006,4,2,14.9,4.31,6.79,5.31,10.4,10.95
US-Oho,-83.8438,41.5545,2006,4,3,14.67,-0.95,5.21,9.5,6.15,2.23
US-Oho,-83.8438,41.5545,2006,4,4,10.85,-2.56,-1.72,7.41,22.17,0.02
US-Oho,-83.8438,41.5545,2006,4,5,13.38,0.04,1.64,5.68,19.15,0
US-Oho,-83.8438,41.5545,2006,4,6,15.78,0.38,4.29,3.89,17.41,3.27
US-Oho,-83.8438,41.5545,2006,4,7,19.58,1.35,7.53,6.63,7.14,6.54
US-Oho,-83.8438,41.5545,2006,4,8,7.99,-1.9,-2.82,5.74,22.4,0
US-Oho,-83.8438,41.5545,2006,4,9,12.37,-2.19,0.02,1.59,24.44,0
US-Oho,-83.8438,41.5545,2006,4,10,16.32,0.63,2.94,3.57,22.66,0
US-Oho,-83.8438,41.5545,2006,4,11,20.57,3.95,7.9,5.19,17.55,0.51
US-Oho,-83.8438,41.5545,2006,4,12,22.73,11.84,12.45,8.21,9.57,4.02
US-Oho,-83.8438,41.5545,2006,4,13,23.19,8.79,11.28,3.69,20.2,0.24
US-Oho,-83.8438,41.5545,2006,4,14,25.7,14.05,16.52,6.08,12.21,3.71
US-Oho,-83.8438,41.5545,2006,4,15,21.38,8,8.81,4.32,24.53,0.09
US-Oho,-83.8438,41.5545,2006,4,16,15.62,6.25,5.88,6.14,17.49,3.9
US-Oho,-83.8438,41.5545,2006,4,17,14.59,4.82,3.29,7.18,25.75,0.32
US-Oho,-83.8438,41.5545,2006,4,18,17.83,3.61,4.76,4.84,25.73,0.04
US-Oho,-83.8438,41.5545,2006,4,19,20.92,4.57,6.32,4.6,25.3,0.01
US-Oho,-83.8438,41.5545,2006,4,20,24.39,5.04,9.2,2.49,19.11,0.01
US-Oho,-83.8438,41.5545,2006,4,21,19.98,10.23,11.58,2.34,16.52,1.69
US-Oho,-83.8438,41.5545,2006,4,22,22.98,6.75,8.57,3.8,23.22,1.69
US-Oho,-83.8438,41.5545,2006,4,23,16.61,6.23,8.15,5.24,17.1,1.45
US-Oho,-83.8438,41.5545,2006,4,24,18.39,6.07,7.72,2.67,19.23,0
US-Oho,-83.8438,41.5545,2006,4,25,9.9,1.23,1.82,5.31,8.31,3.09
US-Oho,-83.8438,41.5545,2006,4,26,16.34,0.95,-0.74,3.02,26.54,0
US-Oho,-83.8438,41.5545,2006,4,27,20.59,3.3,3.7,4.59,25.4,0
US-Oho,-83.8438,41.5545,2006,4,28,16.08,2.36,0.81,4.42,27.96,0
US-Oho,-83.8438,41.5545,2006,4,29,19.34,3.99,5.99,4.97,20.64,0.08
US-Oho,-83.8438,41.5545,2006,4,30,20.54,9.12,9.89,4.75,10.19,2.28
US-Oho,-83.8438,41.5545,2006,5,1,21.47,10.71,10.24,5.45,18.29,1.22
US-Oho,-83.8438,41.5545,2006,5,2,16.66,10.54,12.1,2.76,6.42,17.42
US-Oho,-83.8438,41.5545,2006,5,3,23.74,8.93,12.02,3.04,25.35,0.44
US-Oho,-83.8438,41.5545,2006,5,4,22.95,9.47,10.54,5.02,25.88,0.08
US-Oho,-83.8438,41.5545,2006,5,5,20.86,7.22,7.82,4.33,21.87,0
US-Oho,-83.8438,41.5545,2006,5,6,15.1,5.17,2.84,4.36,28.59,0
US-Oho,-83.8438,41.5545,2006,5,7,18.79,2.8,2.96,2.99,27.3,0
US-Oho,-83.8438,41.5545,2006,5,8,21.74,4.83,6.88,3.49,25.56,0
US-Oho,-83.8438,41.5545,2006,5,9,22.52,6.94,10.31,4.09,25.95,0
US-Oho,-83.8438,41.5545,2006,5,10,23.44,13.73,15.68,3.71,11.79,28.01
US-Oho,-83.8438,41.5545,2006,5,11,18.17,8.36,10.47,10.32,10.01,9.53
US-Oho,-83.8438,41.5545,2006,5,12,10.13,5.03,4.47,7.03,9.25,5.25
US-Oho,-83.8438,41.5545,2006,5,13,13.51,5.84,7.75,4.57,9.19,11.19
US-Oho,-83.8438,41.5545,2006,5,14,15.82,5.36,7.78,1.54,8.01,11.87
US-Oho,-83.8438,41.5545,2006,5,15,12.38,9.81,9.47,1.48,7.22,6.69
US-Oho,-83.8438,41.5545,2006,5,16,15.82,8.45,10.27,3.68,14.61,3.12
US-Oho,-83.8438,41.5545,2006,5,17,20.86,9.1,11.01,4.57,22.48,9.8
US-Oho,-83.8438,41.5545,2006,5,18,13.99,5.43,6.14,7.16,20.54,5.59
US-Oho,-83.8438,41.5545,2006,5,19,16.45,5.38,6.87,5.73,15.47,0.36
US-Oho,-83.8438,41.5545,2006,5,20,19.59,3.47,5.85,5.25,30.26,0
US-Oho,-83.8438,41.5545,2006,5,21,15.91,4.51,4.15,6.22,29.34,0.52
US-Oho,-83.8438,41.5545,2006,5,22,16.69,1.69,2.59,4.29,30.71,0
US-Oho,-83.8438,41.5545,2006,5,23,20.15,3.48,4.46,2.44,30.38,0
US-Oho,-83.8438,41.5545,2006,5,24,23.79,7.59,9.55,4.44,22.37,3.2
US-Oho,-83.8438,41.5545,2006,5,25,26.86,15.74,18.57,5.67,18.23,20.32
US-Oho,-83.8438,41.5545,2006,5,26,24.34,16.2,17.46,4.8,17.26,4.95
US-Oho,-83.8438,41.5545,2006,5,27,27.8,14.34,17.2,2.48,26.7,0
US-Oho,-83.8438,41.5545,2006,5,28,29.8,16.56,19.37,4.03,25.72,0.51
US-Oho,-83.8438,41.5545,2006,5,29,30.44,19.85,20.84,2.6,24.86,0.14
US-Oho,-83.8438,41.5545,2006,5,30,28.37,20.7,21.17,2.27,18.56,2.36
US-Oho,-83.8438,41.5545,2006,5,31,26.22,19.6,21.32,2.89,19.25,2.28
US-Oho,-83.8438,41.5545,2006,6,1,23.88,17.51,17.6,2.48,10.99,2.24
US-Oho,-83.8438,41.5545,2006,6,2,21.53,15.08,14.92,2.86,12.01,2.81
US-Oho,-83.8438,41.5545,2006,6,3,22.58,12.86,13.85,3.75,24.4,1.55
US-Oho,-83.8438,41.5545,2006,6,4,22.42,11.51,11.46,4.48,24.29,1.22
US-Oho,-83.8438,41.5545,2006,6,5,25.82,12.06,10.08,2.02,30.03,0
US-Oho,-83.8438,41.5545,2006,6,6,27.09,13.55,13.41,2.8,27.06,0.18
US-Oho,-83.8438,41.5545,2006,6,7,21.22,14.6,15.79,2.68,11.06,9.85
US-Oho,-83.8438,41.5545,2006,6,8,26.35,13.85,15.31,3.53,25.41,0.28
US-Oho,-83.8438,41.5545,2006,6,9,23.04,13.18,13.1,4.31,21.32,0.01
US-Oho,-83.8438,41.5545,2006,6,10,20.37,10.94,8.54,2.14,23.37,0.05
US-Oho,-83.8438,41.5545,2006,6,11,20.73,8.74,9.15,2.44,22.07,0.18
US-Oho,-83.8438,41.5545,2006,6,12,20.87,10.08,11.19,3.2,24.07,0.01
US-Oho,-83.8438,41.5545,2006,6,13,23.66,12.39,13.39,1.29,24.73,0.06
US-Oho,-83.8438,41.5545,2006,6,14,24.42,13.59,12.45,3.28,26.75,0
US-Oho,-83.8438,41.5545,2006,6,15,25.97,10.84,10.95,2.12,30.14,0
US-Oho,-83.8438,41.5545,2006,6,16,27.96,13.61,15.28,4.47,26.1,0
US-Oho,-83.8438,41.5545,2006,6,17,30.1,16.15,16.84,4.64,28.87,0
US-Oho,-83.8438,41.5545,2006,6,18,28.7,20.11,20.82,6.82,16.21,6.6
US-Oho,-83.8438,41.5545,2006,6,19,27.39,17.89,18.99,4.47,24.26,7.61
US-Oho,-83.8438,41.5545,2006,6,20,26.63,14.97,13.57,2.89,26.49,0
US-Oho,-83.8438,41.5545,2006,6,21,26.28,16.5,20.56,5.72,11.01,44.03
US-Oho,-83.8438,41.5545,2006,6,22,28.39,19.07,21.21,3.83,15.5,8.4
US-Oho,-83.8438,41.5545,2006,6,23,25.84,16.93,16.84,2.45,18.29,3.8
US-Oho,-83.8438,41.5545,2006,6,24,25.09,13.67,12.58,2.67,30.45,0
US-Oho,-83.8438,41.5545,2006,6,25,25.95,12.9,13.4,2.71,29.81,0.04
US-Oho,-83.8438,41.5545,2006,6,26,24.9,14.41,17.05,1.98,18.4,0.69
US-Oho,-83.8438,41.5545,2006,6,27,26.97,16.3,17.13,2.61,24.54,2.7
US-Oho,-83.8438,41.5545,2006,6,28,25.2,15.36,16.08,3.35,24.6,3.53
US-Oho,-83.8438,41.5545,2006,6,29,24.43,12.57,13.45,3.79,27.23,0.01
US-Oho,-83.8438,41.5545,2006,6,30,25.26,13.1,12.37,2.76,28.56,0
US-Oho,-83.8438,41.5545,2006,7,1,28.46,14.48,18.61,5.27,25.56,0.16
US-Oho,-83.8438,41.5545,2006,7,2,26.78,19.77,20.49,4.71,9.19,6.29
US-Oho,-83.8438,41.5545,2006,7,3,26.52,17.97,20.8,3.3,10.57,19.1
US-Oho,-83.8438,41.5545,2006,7,4,27.75,17.08,20.14,4.22,16.95,4.43
US-Oho,-83.8438,41.5545,2006,7,5,23.4,13.59,11.85,4.33,28.55,0
US-Oho,-83.8438,41.5545,2006,7,6,24.41,11.84,12.15,3.17,29.04,0
US-Oho,-83.8438,41.5545,2006,7,7,25.34,14.97,12.76,1.64,26.69,0
US-Oho,-83.8438,41.5545,2006,7,8,26.02,14.23,14.52,2.91,25.66,0.04
US-Oho,-83.8438,41.5545,2006,7,9,26.86,17.19,16.93,4.71,21.18,0.09
US-Oho,-83.8438,41.5545,2006,7,10,27.25,19.18,18.69,3.94,22.04,2.52
US-Oho,-83.8438,41.5545,2006,7,11,26.63,19.56,20.96,4.89,10.48,15.37
US-Oho,-83.8438,41.5545,2006,7,12,25.89,21.36,22.61,3.92,7.35,22.87
US-Oho,-83.8438,41.5545,2006,7,13,27.3,19.12,19.63,3.75,23.91,0.03
US-Oho,-83.8438,41.5545,2006,7,14,28,19.15,21.88,2.86,15.19,22.53
US-Oho,-83.8438,41.5545,2006,7,15,31.53,19.7,20.89,3.28,27.59,0.86
US-Oho,-83.8438,41.5545,2006,7,16,31.22,20.43,19.8,2.94,26.77,0
US-Oho,-83.8438,41.5545,2006,7,17,30.38,19.79,21.06,5.08,28.33,5.31
US-Oho,-83.8438,41.5545,2006,7,18,28.25,18.65,20.32,3.34,17.17,1.72
US-Oho,-83.8438,41.5545,2006,7,19,28.45,17.28,18.03,2.35,28.47,0.03
US-Oho,-83.8438,41.5545,2006,7,20,27.56,20.18,22.19,2.78,13,0.82
US-Oho,-83.8438,41.5545,2006,7,21,27.86,18.71,18.77,3.47,21.28,0.97
US-Oho,-83.8438,41.5545,2006,7,22,26.81,16.04,14.97,4.5,23.92,0.6
US-Oho,-83.8438,41.5545,2006,7,23,25.7,15.42,14.05,2.14,25.81,0.08
US-Oho,-83.8438,41.5545,2006,7,24,27.96,15.83,16.75,4.92,27.68,0
US-Oho,-83.8438,41.5545,2006,7,25,29.19,19.77,19.25,4.39,17.83,0.2
US-Oho,-83.8438,41.5545,2006,7,26,28.75,19.17,19.62,4.65,16.65,3.22
US-Oho,-83.8438,41.5545,2006,7,27,28.42,22.06,23.21,4.18,12.11,31.92
US-Oho,-83.8438,41.5545,2006,7,28,29.42,21.91,22.38,3.44,19.95,2.27
US-Oho,-83.8438,41.5545,2006,7,29,30.52,20.63,22.78,3.23,25.43,0.08
US-Oho,-83.8438,41.5545,2006,7,30,31.06,22.41,24.06,3.73,18.71,2.45
US-Oho,-83.8438,41.5545,2006,7,31,31.09,23.51,24.46,4.12,25.21,0.52
US-Oho,-83.8438,41.5545,2006,8,1,32.81,23.98,24.51,4.81,26.68,0.57
US-Oho,-83.8438,41.5545,2006,8,2,32.8,22.96,24.09,6.03,26.31,3.18
US-Oho,-83.8438,41.5545,2006,8,3,28.93,19.74,22.95,4.54,10.49,7.72
US-Oho,-83.8438,41.5545,2006,8,4,29.92,16.64,17.26,1.97,27.3,0.01
US-Oho,-83.8438,41.5545,2006,8,5,28.76,19.14,17.45,3.29,23.96,0
US-Oho,-83.8438,41.5545,2006,8,6,29.93,16.89,17.71,2.78,21.21,0.01
US-Oho,-83.8438,41.5545,2006,8,7,30.14,19.97,18.9,3.65,17.56,0.94
US-Oho,-83.8438,41.5545,2006,8,8,27.69,17.91,16.01,3.04,23.65,0
US-Oho,-83.8438,41.5545,2006,8,9,27.68,15.49,14.39,2.33,25.78,0
US-Oho,-83.8438,41.5545,2006,8,10,28.81,19.55,16.47,2.01,15.58,0.18
US-Oho,-83.8438,41.5545,2006,8,11,26.26,15.44,14.07,4.85,23.75,0
US-Oho,-83.8438,41.5545,2006,8,12,26.12,12.63,9.2,3.73,27.57,0
US-Oho,-83.8438,41.5545,2006,8,13,28.62,11.93,12.63,2.44,25.72,0.02
US-Oho,-83.8438,41.5545,2006,8,14,28.69,16.2,16.74,5.21,10.33,0.37
US-Oho,-83.8438,41.5545,2006,8,15,29.81,13.82,11.62,3.84,26.58,0
US-Oho,-83.8438,41.5545,2006,8,16,29.08,13.79,12.87,3.08,26.41,0
US-Oho,-83.8438,41.5545,2006,8,17,30.06,16.08,14.45,2.53,23.6,0
US-Oho,-83.8438,41.5545,2006,8,18,30.49,19.97,18.13,1.26,12.73,2.56
US-Oho,-83.8438,41.5545,2006,8,19,29.73,18.99,20.07,5.15,8.87,6.6
US-Oho,-83.8438,41.5545,2006,8,20,26.82,15.35,13.47,3.84,19.74,0.02
US-Oho,-83.8438,41.5545,2006,8,21,27.25,13.25,11.97,2.2,23.42,0
US-Oho,-83.8438,41.5545,2006,8,22,30.27,14.64,13.96,2.3,24.66,0.34
US-Oho,-83.8438,41.5545,2006,8,23,29.79,15.31,12.62,2.4,22.89,0
US-Oho,-83.8438,41.5545,2006,8,24,28.28,18.36,18.05,2.78,14.74,3.62
US-Oho,-83.8438,41.5545,2006,8,25,31.29,18.42,15.96,2.71,14.5,0.09
US-Oho,-83.8438,41.5545,2006,8,26,32.54,17.87,16.87,2.54,13.83,2.49
US-Oho,-83.8438,41.5545,2006,8,27,28.17,21.13,20.76,2.92,8.91,7.61
US-Oho,-83.8438,41.5545,2006,8,28,24.04,18.53,18.13,3.18,5.79,34.95
US-Oho,-83.8438,41.5545,2006,8,29,21.94,17.6,16.9,4.37,6.94,3.96
US-Oho,-83.8438,41.5545,2006,8,30,24.3,16.98,16.3,5.53,14.6,0.19
US-Oho,-83.8438,41.5545,2006,8,31,24.07,17.16,14.79,6.82,15.77,0.18
US-Oho,-83.8438,41.5545,2006,9,1,22.84,15.17,13.47,5.06,11.25,1.4
US-Oho,-83.8438,41.5545,2006,9,2,22.42,12.04,12.21,5.22,8.94,0.62
US-Oho,-83.8438,41.5545,2006,9,3,23.98,10.22,10.3,2.85,17.62,0.02
US-Oho,-83.8438,41.5545,2006,9,4,23.66,11.7,12.14,2.09,15.02,0
US-Oho,-83.8438,41.5545,2006,9,5,25.07,12.99,13.63,1.77,16.94,2.59
US-Oho,-83.8438,41.5545,2006,9,6,26.18,13.43,13.25,1.89,20.38,0.34
US-Oho,-83.8438,41.5545,2006,9,7,26.69,13.52,12.83,2.92,19.57,0.05
US-Oho,-83.8438,41.5545,2006,9,8,28.35,14.51,13.95,3.94,20.11,0.07
US-Oho,-83.8438,41.5545,2006,9,9,27.91,14.97,14.32,3.73,16.05,0.94
US-Oho,-83.8438,41.5545,2006,9,10,21.22,14.56,12.37,5.16,6.21,0.09
US-Oho,-83.8438,41.5545,2006,9,11,25.46,14.5,15.07,4.55,13.85,4.54
US-Oho,-83.8438,41.5545,2006,9,12,21.91,16.58,18.3,3.53,4.35,17.21
US-Oho,-83.8438,41.5545,2006,9,13,24.1,15.29,16.43,2.85,10.59,4.01
US-Oho,-83.8438,41.5545,2006,9,14,23.87,14.51,15.09,2.74,6.1,0.08
US-Oho,-83.8438,41.5545,2006,9,15,23.5,11.54,13.62,2.62,11.46,0.01
US-Oho,-83.8438,41.5545,2006,9,16,25.44,12.21,14.64,2.58,16.2,0.02
US-Oho,-83.8438,41.5545,2006,9,17,28.29,13.46,15.24,5.66,18.98,0
US-Oho,-83.8438,41.5545,2006,9,18,22.48,12.62,15.76,4.43,3.68,10.86
US-Oho,-83.8438,41.5545,2006,9,19,18.37,9.12,8.64,5.65,13.77,0.35
US-Oho,-83.8438,41.5545,2006,9,20,17.21,7.02,6.01,4.39,12.92,0.11
US-Oho,-83.8438,41.5545,2006,9,21,19.58,4.95,4.97,2.64,20.27,0
US-Oho,-83.8438,41.5545,2006,9,22,20.57,9.89,11.88,5.25,6.17,4.91
US-Oho,-83.8438,41.5545,2006,9,23,25.67,16.87,19.19,5.69,4.98,4.93
US-Oho,-83.8438,41.5545,2006,9,24,20.1,8.02,11.18,6.27,11.36,0.48
US-Oho,-83.8438,41.5545,2006,9,25,21.13,5.64,6.88,4.92,17.09,0
US-Oho,-83.8438,41.5545,2006,9,26,22.05,7.58,8.85,2.58,18.55,0
US-Oho,-83.8438,41.5545,2006,9,27,24.32,11.6,12.82,6.22,12.21,7.5
US-Oho,-83.8438,41.5545,2006,9,28,16.25,6.84,6.31,3.73,10.84,0.47
US-Oho,-83.8438,41.5545,2006,9,29,14.93,4.67,3.75,3.51,14.88,0.79
US-Oho,-83.8438,41.5545,2006,9,30,17.52,9,9.99,5.42,7.43,7.48
US-Oho,-83.8438,41.5545,2006,10,1,21.74,7.1,8.28,2.8,17.51,0
US-Oho,-83.8438,41.5545,2006,10,2,25.47,9.89,12,4.77,4.02,0.71
US-Oho,-83.8438,41.5545,2006,10,3,26.26,15.4,16.41,2.63,14.66,10.29
US-Oho,-83.8438,41.5545,2006,10,4,24.82,10.83,16.6,6.26,3.48,6.31
US-Oho,-83.8438,41.5545,2006,10,5,15.25,6.24,4.51,5.46,14.38,0
US-Oho,-83.8438,41.5545,2006,10,6,15.71,4.84,4.43,4.79,17.22,0
US-Oho,-83.8438,41.5545,2006,10,7,19.14,5.12,5.53,2.73,17.86,0
US-Oho,-83.8438,41.5545,2006,10,8,22.77,5.45,9.46,2.7,17.09,0.04
US-Oho,-83.8438,41.5545,2006,10,9,24.11,9.54,11.76,2.99,15.86,0.01
US-Oho,-83.8438,41.5545,2006,10,10,18.68,10.12,10.96,3.62,10.16,4.13
US-Oho,-83.8438,41.5545,2006,10,11,20.75,5.3,12.33,8.24,4.91,7.58
US-Oho,-83.8438,41.5545,2006,10,12,5.98,0.96,-4.09,8.02,11.43,0.24
US-Oho,-83.8438,41.5545,2006,10,13,10.65,-1.21,-3.91,8.93,15.34,0.08
US-Oho,-83.8438,41.5545,2006,10,14,11.57,0.15,-1.74,5.2,14.88,0.23
US-Oho,-83.8438,41.5545,2006,10,15,13.02,-0.47,-0.37,3.23,15.99,0
US-Oho,-83.8438,41.5545,2006,10,16,13.37,5.38,4.42,4.6,4.31,9.01
US-Oho,-83.8438,41.5545,2006,10,17,16.68,9.04,10.61,7.03,3.94,34.21
US-Oho,-83.8438,41.5545,2006,10,18,16.43,10.16,11.72,3.83,6.09,0.04
US-Oho,-83.8438,41.5545,2006,10,19,14.33,5.18,6.62,4.37,3.73,2.61
US-Oho,-83.8438,41.5545,2006,10,20,11.28,4.34,3.07,3.67,7.68,0.99
US-Oho,-83.8438,41.5545,2006,10,21,15.5,2.88,4.28,4.96,9.15,0.19
US-Oho,-83.8438,41.5545,2006,10,22,8.56,1.85,3.98,6.72,3.08,3.36
US-Oho,-83.8438,41.5545,2006,10,23,6.29,0.86,-0.46,5.46,6.26,0.57
US-Oho,-83.8438,41.5545,2006,10,24,8.5,0.54,-0.02,4.95,10.76,0.01
US-Oho,-83.8438,41.5545,2006,10,25,10.33,-1.14,-0.45,2.21,10.06,0.06
US-Oho,-83.8438,41.5545,2006,10,26,11.02,-1.71,0.69,3.68,7.08,2.73
US-Oho,-83.8438,41.5545,2006,10,27,7.62,2.18,4.43,4.58,1.99,19.74
US-Oho,-83.8438,41.5545,2006,10,28,8.73,2.56,0.56,9.21,5.9,1.83
US-Oho,-83.8438,41.5545,2006,10,29,11.03,-0.7,-1.73,5.6,14.02,0
US-Oho,-83.8438,41.5545,2006,10,30,19.76,1.11,6.99,6.73,12.21,0.35
US-Oho,-83.8438,41.5545,2006,10,31,14.44,0.83,5.45,6.35,4.13,0.4
US-Oho,-83.8438,41.5545,2006,11,1,8.43,-2.41,-2.2,3.15,10.61,0.05
US-Oho,-83.8438,41.5545,2006,11,2,2.42,-4.33,-5.27,5.76,8.45,0.17
US-Oho,-83.8438,41.5545,2006,11,3,3.69,-4.43,-6.13,4.14,8.69,0.01
US-Oho,-83.8438,41.5545,2006,11,4,6.84,-3.92,-3.37,3.91,8.3,0.01
US-Oho,-83.8438,41.5545,2006,11,5,13.54,0.13,2.03,4.44,5.71,0.04
US-Oho,-83.8438,41.5545,2006,11,6,15.82,2.64,4.95,3.71,9,0.08
US-Oho,-83.8438,41.5545,2006,11,7,10.97,7.56,8.35,3.25,2.22,12.7
US-Oho,-83.8438,41.5545,2006,11,8,14.53,6.92,8.43,2.13,4.43,0.28
US-Oho,-83.8438,41.5545,2006,11,9,18.74,6,9,5.32,10.9,0.05
US-Oho,-83.8438,41.5545,2006,11,10,15.37,5.05,8.74,5.15,9.21,0.48
US-Oho,-83.8438,41.5545,2006,11,11,14.43,-0.68,3.14,6.71,2.62,5.24
US-Oho,-83.8438,41.5545,2006,11,12,7.2,-2.4,-1.01,3.22,3.8,0.04
US-Oho,-83.8438,41.5545,2006,11,13,7.22,-3.42,-0.26,2.72,3.97,0
US-Oho,-83.8438,41.5545,2006,11,14,7.46,0.39,1.24,1.66,6.02,0.04
US-Oho,-83.8438,41.5545,2006,11,15,8.15,1.09,3.74,5.78,3.76,11.31
US-Oho,-83.8438,41.5545,2006,11,16,8.5,1.91,4.3,6.29,1.3,15.79
US-Oho,-83.8438,41.5545,2006,11,17,7.26,0.68,0.55,3.98,3.54,0.12
US-Oho,-83.8438,41.5545,2006,11,18,6.7,0.09,0.92,1.91,5.04,0.98
US-Oho,-83.8438,41.5545,2006,11,19,4.66,-1.82,-0.88,4.61,4.35,0.51
US-Oho,-83.8438,41.5545,2006,11,20,5.09,-4.96,-4.03,2.25,9.96,0.01
US-Oho,-83.8438,41.5545,2006,11,21,5.95,-3.52,-3.57,3.13,8.98,0
US-Oho,-83.8438,41.5545,2006,11,22,8.81,-3.12,-0.85,2.74,10.29,0
US-Oho,-83.8438,41.5545,2006,11,23,8.35,-0.43,1.32,1.77,6.13,0
US-Oho,-83.8438,41.5545,2006,11,24,11.28,-0.58,1.29,3.02,9.38,0.01
US-Oho,-83.8438,41.5545,2006,11,25,15.6,-1.19,4.79,4.33,8.02,0
US-Oho,-83.8438,41.5545,2006,11,26,15.22,6.73,8.89,4.64,7.41,0
US-Oho,-83.8438,41.5545,2006,11,27,12.7,8.81,9.1,4.45,5.01,0
US-Oho,-83.8438,41.5545,2006,11,28,16.08,7.6,8.91,5.26,6.22,0.09
US-Oho,-83.8438,41.5545,2006,11,29,19.59,11.77,14.1,7.29,3.18,0.91
US-Oho,-83.8438,41.5545,2006,11,30,15.86,1.35,8.09,7.51,1.44,33.62
US-Oho,-83.8438,41.5545,2006,12,1,7.8,-3.69,-0.36,11.16,2.99,23.51
US-Oho,-83.8438,41.5545,2006,12,2,1.67,-6.96,-5.91,5.3,8.56,0
US-Oho,-83.8438,41.5545,2006,12,3,-1.87,-7.7,-8.81,6.1,5.07,0.01
US-Oho,-83.8438,41.5545,2006,12,4,-3.27,-7.75,-9.22,7.33,5.32,0.24
US-Oho,-83.8438,41.5545,2006,12,5,-1.02,-6.93,-6.88,4.65,5.68,0
US-Oho,-83.8438,41.5545,2006,12,6,4.96,-2.82,-1.85,7.1,6.63,0.04
US-Oho,-83.8438,41.5545,2006,12,7,-3.07,-8.57,-9.68,7.44,6.63,0.21
US-Oho,-83.8438,41.5545,2006,12,8,-3.02,-9.49,-10.34,5.94,8.81,0
US-Oho,-83.8438,41.5545,2006,12,9,3.32,-7.59,-6.62,7.73,8.53,0
US-Oho,-83.8438,41.5545,2006,12,10,7.19,-2.62,-1.98,6.77,8.41,0.03
US-Oho,-83.8438,41.5545,2006,12,11,8.9,1.03,1.28,3.94,4.94,0.17
US-Oho,-83.8438,41.5545,2006,12,12,8.34,1.02,3.96,6.89,1.86,12.8
US-Oho,-83.8438,41.5545,2006,12,13,9.12,3.66,4.01,7.33,6.44,0.18
US-Oho,-83.8438,41.5545,2006,12,14,11.41,2.99,5.59,7.75,4.33,0.06
US-Oho,-83.8438,41.5545,2006,12,15,7.46,-1.15,1.86,6.86,5.16,0.01
US-Oho,-83.8438,41.5545,2006,12,16,10.01,-1.57,2.37,5.73,7.11,0.01
US-Oho,-83.8438,41.5545,2006,12,17,13.15,6.45,8.9,4.48,1.83,2.25
US-Oho,-83.8438,41.5545,2006,12,18,6.95,-0.55,0.29,3.01,7.14,0.56
US-Oho,-83.8438,41.5545,2006,12,19,5.47,-4.24,-3.2,3.24,8.94,0
US-Oho,-83.8438,41.5545,2006,12,20,4.5,-4,-2.25,3.15,7.26,0.26
US-Oho,-83.8438,41.5545,2006,12,21,6.57,0.72,2.97,3.2,1.77,10.14
US-Oho,-83.8438,41.5545,2006,12,22,12.48,3.16,8.08,6.37,1.84,6.87
US-Oho,-83.8438,41.5545,2006,12,23,4.91,1.13,1.24,7.94,2.05,0.15
US-Oho,-83.8438,41.5545,2006,12,24,5.6,-1.91,-0.97,3.69,6.14,0.06
US-Oho,-83.8438,41.5545,2006,12,25,3.63,-0.47,0.48,3.34,2.96,10.12
US-Oho,-83.8438,41.5545,2006,12,26,3.38,-4.18,-1.4,6.21,3.23,3.87
US-Oho,-83.8438,41.5545,2006,12,27,3.03,-5.73,-3.01,4.85,7.03,0
US-Oho,-83.8438,41.5545,2006,12,28,6.66,-0.91,-0.15,3.48,5.26,0
US-Oho,-83.8438,41.5545,2006,12,29,8.89,-0.16,1.89,2.07,6.72,0
US-Oho,-83.8438,41.5545,2006,12,30,9.15,0.17,2.55,2.5,6.02,0.41
US-Oho,-83.8438,41.5545,2006,12,31,10.89,2.63,5.85,6.88,1.61,26.42
US-Oho,-83.8438,41.5545,2007,1,1,6.21,-2.38,0.89,7.19,2.08,0.19
US-Oho,-83.8438,41.5545,2007,1,2,5.79,-3.63,-1.88,3.83,8.88,0
US-Oho,-83.8438,41.5545,2007,1,3,7.44,-2.46,0.17,6.4,8.23,0.03
US-Oho,-83.8438,41.5545,2007,1,4,10.57,2.4,5.33,7.6,3.82,14.95
US-Oho,-83.8438,41.5545,2007,1,5,11.47,7.58,9.04,3.26,1.04,21.23
US-Oho,-83.8438,41.5545,2007,1,6,8.7,-2.32,3.72,6.07,4.09,0.45
US-Oho,-83.8438,41.5545,2007,1,7,2.88,-2.33,-0.21,2.94,2.47,2.37
US-Oho,-83.8438,41.5545,2007,1,8,2.18,-1.3,-2.59,8.49,5.84,0.39
US-Oho,-83.8438,41.5545,2007,1,9,1.29,-3.45,-4.92,6.66,3.91,0.04
US-Oho,-83.8438,41.5545,2007,1,10,0.18,-5.34,-6.83,4.76,6.55,0
US-Oho,-83.8438,41.5545,2007,1,11,6.14,-3.15,-2.06,8.66,5.16,0.52
US-Oho,-83.8438,41.5545,2007,1,12,10.85,4.52,6.76,7.14,2.78,8.06
US-Oho,-83.8438,41.5545,2007,1,13,4.75,-0.15,-0.74,4.54,2.36,8.59
US-Oho,-83.8438,41.5545,2007,1,14,1.39,-0.63,-1.18,4.73,2.54,15.68
US-Oho,-83.8438,41.5545,2007,1,15,1.11,-6.28,-1.5,3.73,1.56,12.21
US-Oho,-83.8438,41.5545,2007,1,16,-5.45,-13.53,-10.73,4.48,8.52,0.02
US-Oho,-83.8438,41.5545,2007,1,17,-1.6,-13.85,-9.99,3.78,9.26,0
US-Oho,-83.8438,41.5545,2007,1,18,1.98,-8.59,-4.29,5.88,4.78,0.31
US-Oho,-83.8438,41.5545,2007,1,19,-0.92,-7.32,-5.63,7.93,5.23,0.12
US-Oho,-83.8438,41.5545,2007,1,20,-3.5,-13.56,-10.77,3.34,9.37,0
US-Oho,-83.8438,41.5545,2007,1,21,-1.02,-7.65,-5.64,3.59,2.73,1.24
US-Oho,-83.8438,41.5545,2007,1,22,-1.93,-8.43,-6.65,3.8,3.13,0.14
US-Oho,-83.8438,41.5545,2007,1,23,0.19,-6.19,-4.99,6.33,4.28,0.06
US-Oho,-83.8438,41.5545,2007,1,24,-1.06,-7.55,-6.49,3.63,5.67,0.41
US-Oho,-83.8438,41.5545,2007,1,25,-6.22,-14.31,-11.81,5.31,6.58,0.03
US-Oho,-83.8438,41.5545,2007,1,26,1.96,-13.69,-5.86,7.18,4.08,0.05
US-Oho,-83.8438,41.5545,2007,1,27,2.56,-3.99,-1.44,5.95,2.8,0.85
US-Oho,-83.8438,41.5545,2007,1,28,-4.13,-10.16,-7.54,4.26,4.32,0.85
US-Oho,-83.8438,41.5545,2007,1,29,-4.56,-11.6,-9.69,5.51,5.47,0.28
US-Oho,-83.8438,41.5545,2007,1,30,-4.25,-9.3,-8.65,6.47,5.08,1.23
US-Oho,-83.8438,41.5545,2007,1,31,-6.12,-11.4,-10.7,5.82,6.46,0.01
US-Oho,-83.8438,41.5545,2007,2,1,-3.34,-8.38,-7.89,4.44,4.72,0.01
US-Oho,-83.8438,41.5545,2007,2,2,-5.48,-16.02,-11.3,6.78,9.72,0
US-Oho,-83.8438,41.5545,2007,2,3,-9.41,-17.94,-16.91,9.63,7.11,0.02
US-Oho,-83.8438,41.5545,2007,2,4,-15.41,-17.6,-19.04,7.77,7.31,0.03
US-Oho,-83.8438,41.5545,2007,2,5,-12.6,-18.88,-18.22,6.09,10.4,0
US-Oho,-83.8438,41.5545,2007,2,6,-12.58,-20.16,-17.32,3.9,5.23,0.63
US-Oho,-83.8438,41.5545,2007,2,7,-7.03,-17.45,-15.1,6.11,10.96,0
US-Oho,-83.8438,41.5545,2007,2,8,-5.37,-18.07,-14.79,6.76,10.27,0.09
US-Oho,-83.8438,41.5545,2007,2,9,-4.65,-16.02,-12.85,4.5,9.51,0.01
US-Oho,-83.8438,41.5545,2007,2,10,-4.78,-15.7,-12.82,5.41,11.33,0
US-Oho,-83.8438,41.5545,2007,2,11,-2.67,-15.03,-10.27,6.04,6.68,0.05
US-Oho,-83.8438,41.5545,2007,2,12,0.75,-6.09,-5.22,3.66,5.17,0.46
US-Oho,-83.8438,41.5545,2007,2,13,-5.47,-11.52,-9.87,11.87,2.67,10.93
US-Oho,-83.8438,41.5545,2007,2,14,-7.33,-19.25,-13.46,8.48,9.9,0.95
US-Oho,-83.8438,41.5545,2007,2,15,-7.5,-19.42,-14.35,4.85,13.34,0.6
US-Oho,-83.8438,41.5545,2007,2,16,-8.41,-17.04,-14.47,6.9,14.68,0.26
US-Oho,-83.8438,41.5545,2007,2,17,-4.13,-16.93,-9.93,4.16,5.66,1.46
US-Oho,-83.8438,41.5545,2007,2,18,-5.48,-15.92,-10.78,5.4,5.78,0.1
US-Oho,-83.8438,41.5545,2007,2,19,3.07,-16.21,-5.9,8.13,6.68,0
US-Oho,-83.8438,41.5545,2007,2,20,3.61,-2.04,0.49,3.98,6.75,0.58
US-Oho,-83.8438,41.5545,2007,2,21,6,-2.99,-0.97,2.88,9.5,0.1
US-Oho,-83.8438,41.5545,2007,2,22,3.13,-4.9,-3.31,10.35,8.8,0
US-Oho,-83.8438,41.5545,2007,2,23,-1.37,-8.76,-9.21,4.03,17.02,0
US-Oho,-83.8438,41.5545,2007,2,24,-0.74,-8.46,-8.48,6.08,9.62,3.17
US-Oho,-83.8438,41.5545,2007,2,25,6.3,-3.3,0.86,6.74,7.21,5.62
US-Oho,-83.8438,41.5545,2007,2,26,2.29,-2.24,-1.95,4.74,4.19,0.48
US-Oho,-83.8438,41.5545,2007,2,27,2.51,-3.27,-2.78,3.23,5.81,0.06
US-Oho,-83.8438,41.5545,2007,2,28,4.74,-3.47,-2,3.31,12.34,0.92
US-Oho,-83.8438,41.5545,2007,3,1,9.78,-0.71,2.45,8.17,2.2,19.72
US-Oho,-83.8438,41.5545,2007,3,2,3.08,-1.95,-3.19,11.63,10.31,0.07
US-Oho,-83.8438,41.5545,2007,3,3,-0.05,-4.12,-5.7,8.47,9.96,0.11
US-Oho,-83.8438,41.5545,2007,3,4,-0.67,-4.56,-6.44,7.88,8.13,0.01
US-Oho,-83.8438,41.5545,2007,3,5,-0.11,-10.37,-8.77,8.74,15.23,0.01
US-Oho,-83.8438,41.5545,2007,3,6,-4.55,-13.99,-13.09,2.59,14.14,1.64
US-Oho,-83.8438,41.5545,2007,3,7,-2.26,-9.15,-8.19,3.22,7.88,3.05
US-Oho,-83.8438,41.5545,2007,3,8,1.54,-10.95,-7.09,2.39,11.13,0
US-Oho,-83.8438,41.5545,2007,3,9,10.93,-7.18,-0.12,3.9,15.7,0.01
US-Oho,-83.8438,41.5545,2007,3,10,11.76,-2.2,2.68,6.38,16.57,0.71
US-Oho,-83.8438,41.5545,2007,3,11,11.23,-3.14,-2.57,3.11,19.24,0
US-Oho,-83.8438,41.5545,2007,3,12,11.92,-1.43,1.6,5.27,7.25,0.2
US-Oho,-83.8438,41.5545,2007,3,13,21.84,5.14,11.5,7.18,16.94,0.02
US-Oho,-83.8438,41.5545,2007,3,14,20.08,2.4,12.49,6.93,9.87,9.75
US-Oho,-83.8438,41.5545,2007,3,15,3.21,-4.16,-3.33,6.65,11.94,5
US-Oho,-83.8438,41.5545,2007,3,16,2.82,-4.03,-5.57,6.4,12.31,0.15
US-Oho,-83.8438,41.5545,2007,3,17,2.15,-4.56,-5.74,5.86,16.74,0.03
US-Oho,-83.8438,41.5545,2007,3,18,3.47,-5.42,-5.37,4.09,18.76,0
US-Oho,-83.8438,41.5545,2007,3,19,5.23,-1.06,0.39,5.98,6.04,2.84
US-Oho,-83.8438,41.5545,2007,3,20,3.5,-4.13,-4.8,5.45,20.25,0
US-Oho,-83.8438,41.5545,2007,3,21,19.18,-2.85,6.6,6.39,12.55,2.94
US-Oho,-83.8438,41.5545,2007,3,22,18.09,4.39,9.87,8.49,5.98,1.25
US-Oho,-83.8438,41.5545,2007,3,23,10.02,3.96,4.81,3.19,6.06,11.18
US-Oho,-83.8438,41.5545,2007,3,24,20.92,6.1,11.12,4.25,8.78,0.72
US-Oho,-83.8438,41.5545,2007,3,25,22.39,6.66,12.27,4.97,15.1,0.08
US-Oho,-83.8438,41.5545,2007,3,26,23.57,12.95,15.83,6.92,14.99,0.49
US-Oho,-83.8438,41.5545,2007,3,27,24,9.52,15.38,4.53,12.98,2.16
US-Oho,-83.8438,41.5545,2007,3,28,9.29,3.36,2.63,8.62,11.34,0.56
US-Oho,-83.8438,41.5545,2007,3,29,13.57,0.61,0.3,6.73,21.62,0.04
US-Oho,-83.8438,41.5545,2007,3,30,17.99,-0.43,2.77,3.6,21.84,0.07
US-Oho,-83.8438,41.5545,2007,3,31,13.73,3.49,6.33,5.77,6.75,1.99
US-Oho,-83.8438,41.5545,2007,4,1,19.86,9.23,10.8,7.05,20.53,6.35
US-Oho,-83.8438,41.5545,2007,4,2,17.21,6.2,6.57,6.14,22.62,0
US-Oho,-83.8438,41.5545,2007,4,3,24.14,4.62,11.13,6.43,17.4,0.92
US-Oho,-83.8438,41.5545,2007,4,4,8.61,-2.82,-2.69,10.93,6.26,0.44
US-Oho,-83.8438,41.5545,2007,4,5,0.53,-4.05,-7.08,8.83,9.23,0.04
US-Oho,-83.8438,41.5545,2007,4,6,0.76,-4.58,-7.33,6.21,10.9,0.07
US-Oho,-83.8438,41.5545,2007,4,7,-0.32,-4.48,-7.31,7.37,11.72,0.14
US-Oho,-83.8438,41.5545,2007,4,8,2.9,-2.67,-4.07,5.01,7.92,0.01
US-Oho,-83.8438,41.5545,2007,4,9,4.46,-2.69,-2.86,1.4,13.43,0.15
US-Oho,-83.8438,41.5545,2007,4,10,8.13,-2.53,-2.18,2.66,20.86,0
US-Oho,-83.8438,41.5545,2007,4,11,8.56,0,3.2,7.3,3.33,21.67
US-Oho,-83.8438,41.5545,2007,4,12,6.48,0.72,1.45,8.52,6.56,0.19
US-Oho,-83.8438,41.5545,2007,4,13,11.56,-1.22,-0.46,6.17,24.4,0
US-Oho,-83.8438,41.5545,2007,4,14,7.36,-0.11,-1.3,5.19,6.44,2.77
US-Oho,-83.8438,41.5545,2007,4,15,10.29,-1.58,-0.17,7.61,20.79,0.22
US-Oho,-83.8438,41.5545,2007,4,16,12.98,-1.53,-0.35,9.31,26.25,0
US-Oho,-83.8438,41.5545,2007,4,17,16.71,-0.58,2.24,4.74,24.19,0.05
US-Oho,-83.8438,41.5545,2007,4,18,11.66,1.53,3.47,4.5,9.54,0
US-Oho,-83.8438,41.5545,2007,4,19,15.1,2.84,4.65,5.12,24.97,0
US-Oho,-83.8438,41.5545,2007,4,20,19.08,2.21,3.65,2.82,27.17,0
US-Oho,-83.8438,41.5545,2007,4,21,21.91,7.49,4.51,2.08,26.64,0
US-Oho,-83.8438,41.5545,2007,4,22,25.08,5.84,9.99,5.35,26.67,0
US-Oho,-83.8438,41.5545,2007,4,23,23.99,11.59,13.28,8.47,16.39,0.01
US-Oho,-83.8438,41.5545,2007,4,24,18.75,6.94,6.92,3.66,25.93,0
US-Oho,-83.8438,41.5545,2007,4,25,8.78,6.16,5.71,7.48,4.25,30.02
US-Oho,-83.8438,41.5545,2007,4,26,19.67,6.48,11.84,5.13,8.65,28.27
US-Oho,-83.8438,41.5545,2007,4,27,12.41,7.94,8.85,6.15,5.99,0.57
US-Oho,-83.8438,41.5545,2007,4,28,19.63,6.5,8.44,3.99,23,0.73
US-Oho,-83.8438,41.5545,2007,4,29,22.03,6.59,10.07,5.09,26.11,0
US-Oho,-83.8438,41.5545,2007,4,30,21.18,9.69,9.05,4.13,17.98,2.32
US-Oho,-83.8438,41.5545,2007,5,1,24.03,8.14,14.43,5.87,18.14,14.53
US-Oho,-83.8438,41.5545,2007,5,2,17.96,7.85,8.99,3.67,19.63,0.02
US-Oho,-83.8438,41.5545,2007,5,3,18.52,7.23,6.11,6.06,27.25,0
US-Oho,-83.8438,41.5545,2007,5,4,21.09,5.66,7.78,5.78,25.42,0
US-Oho,-83.8438,41.5545,2007,5,5,18.84,8.56,7.88,5.88,11.38,0.01
US-Oho,-83.8438,41.5545,2007,5,6,15.32,5.84,2.54,6.37,28.84,0
US-Oho,-83.8438,41.5545,2007,5,7,21.37,3.42,6.34,5.06,28.74,0
US-Oho,-83.8438,41.5545,2007,5,8,25.3,9.55,14.6,3.66,24.11,0.19
US-Oho,-83.8438,41.5545,2007,5,9,22.42,14.73,15.46,2.79,9.7,18.96
US-Oho,-83.8438,41.5545,2007,5,10,25.15,12.86,15.11,1.83,21.77,0.52
US-Oho,-83.8438,41.5545,2007,5,11,26.12,11.05,13.62,2.48,19.31,0
US-Oho,-83.8438,41.5545,2007,5,12,19.89,4.91,7.28,5.36,26.06,0
US-Oho,-83.8438,41.5545,2007,5,13,17.41,3.04,2.5,3.73,30.22,0.01
US-Oho,-83.8438,41.5545,2007,5,14,24,4.74,8.62,5.28,27.45,0
US-Oho,-83.8438,41.5545,2007,5,15,28.37,14.12,16.3,7.63,24.88,6.62
US-Oho,-83.8438,41.5545,2007,5,16,14.85,6.1,8.77,5.4,10.2,3.02
US-Oho,-83.8438,41.5545,2007,5,17,12.31,4.7,5.56,4.08,12.4,0.41
US-Oho,-83.8438,41.5545,2007,5,18,18.49,2.82,3.38,2.8,30.4,0
US-Oho,-83.8438,41.5545,2007,5,19,21.25,7.32,8.59,4.8,13.36,0.07
US-Oho,-83.8438,41.5545,2007,5,20,21.71,8.16,12.1,4.78,22.11,0.02
US-Oho,-83.8438,41.5545,2007,5,21,19.71,6.45,8.88,3.58,22.57,0
US-Oho,-83.8438,41.5545,2007,5,22,27.66,10.56,15.07,3.73,26.44,0
US-Oho,-83.8438,41.5545,2007,5,23,29.57,13.6,15.5,3.52,24.49,0
US-Oho,-83.8438,41.5545,2007,5,24,29.62,15.86,17.37,4.47,21.11,0
US-Oho,-83.8438,41.5545,2007,5,25,24.86,17.65,18.01,3.19,17.6,0.98
US-Oho,-83.8438,41.5545,2007,5,26,22.49,16.2,17.64,1.97,8.11,7.11
US-Oho,-83.8438,41.5545,2007,5,27,23.48,13.54,16.69,5.2,12.64,1.61
US-Oho,-83.8438,41.5545,2007,5,28,25.74,10.72,10.88,1.92,28.54,0
US-Oho,-83.8438,41.5545,2007,5,29,27.65,13.02,16.36,2.74,25.3,0.07
US-Oho,-83.8438,41.5545,2007,5,30,30.17,17.16,18.36,2.65,19.75,0.32
US-Oho,-83.8438,41.5545,2007,5,31,29.78,17.14,17.03,2.89,19.38,0.01
US-Oho,-83.8438,41.5545,2007,6,1,29.12,17.89,18.17,2.96,17.32,1.42
US-Oho,-83.8438,41.5545,2007,6,2,27.96,18.49,20.06,3.37,20.69,3.73
US-Oho,-83.8438,41.5545,2007,6,3,23.66,18.9,19.19,3.34,11.4,25.91
US-Oho,-83.8438,41.5545,2007,6,4,23.03,14.02,15.8,5.36,18.24,4.71
US-Oho,-83.8438,41.5545,2007,6,5,19.09,11.07,11.35,3.94,9.9,0.51
US-Oho,-83.8438,41.5545,2007,6,6,20.86,6.63,8.17,2.58,30.05,0
US-Oho,-83.8438,41.5545,2007,6,7,30.12,15.02,17.81,7.76,27.77,0
US-Oho,-83.8438,41.5545,2007,6,8,28.13,13.15,18.54,6.99,18.81,6.23
US-Oho,-83.8438,41.5545,2007,6,9,22.57,11.25,10.58,3.06,31.37,0
US-Oho,-83.8438,41.5545,2007,6,10,24.94,12.73,11.37,1.67,28.05,0
US-Oho,-83.8438,41.5545,2007,6,11,26.86,14.53,13.19,2.52,28.68,0
US-Oho,-83.8438,41.5545,2007,6,12,27.63,12.69,15.14,3.51,29.94,0
US-Oho,-83.8438,41.5545,2007,6,13,30.03,14.9,16.16,3.26,28.88,0
US-Oho,-83.8438,41.5545,2007,6,14,28.34,15.7,15.8,2.78,28.56,0
US-Oho,-83.8438,41.5545,2007,6,15,26.61,15.16,14.17,2.58,28.77,0
US-Oho,-83.8438,41.5545,2007,6,16,29.29,14.44,14.7,1.79,27.54,0
US-Oho,-83.8438,41.5545,2007,6,17,29.05,19.43,19.27,1.97,24.65,0.07
US-Oho,-83.8438,41.5545,2007,6,18,31.48,19.99,20.05,4.46,24.67,0.62
US-Oho,-83.8438,41.5545,2007,6,19,26.32,14.94,17.82,4.93,13.15,6.32
US-Oho,-83.8438,41.5545,2007,6,20,26.44,12.59,12.12,3.47,31.18,0
US-Oho,-83.8438,41.5545,2007,6,21,27,14.36,14.45,4.51,23.67,1.74
US-Oho,-83.8438,41.5545,2007,6,22,24.01,13.8,11.05,3.13,29.75,0
US-Oho,-83.8438,41.5545,2007,6,23,22.05,12.85,11.35,2.41,20.77,0.03
US-Oho,-83.8438,41.5545,2007,6,24,26.82,13.64,14.75,2.9,16.79,0.07
US-Oho,-83.8438,41.5545,2007,6,25,30.24,17.83,18.99,1.8,25.26,0
US-Oho,-83.8438,41.5545,2007,6,26,30.97,19.86,20.89,3.75,24.29,0.12
US-Oho,-83.8438,41.5545,2007,6,27,28.12,20.36,21.65,4.43,21.86,10.3
US-Oho,-83.8438,41.5545,2007,6,28,25.04,17.28,18.16,3.04,13.61,4.95
US-Oho,-83.8438,41.5545,2007,6,29,24.52,14.98,11.36,3.41,23.65,0
US-Oho,-83.8438,41.5545,2007,6,30,26.73,14.77,11.64,1.83,28.8,0
US-Oho,-83.8438,41.5545,2007,7,1,24.3,12.92,10.51,3.94,28.78,0
US-Oho,-83.8438,41.5545,2007,7,2,24.29,10.53,9.67,3.04,28.4,0
US-Oho,-83.8438,41.5545,2007,7,3,27.63,12.96,10.9,2.52,26.16,0
US-Oho,-83.8438,41.5545,2007,7,4,29.45,16.35,16.73,4.7,16.81,0.8
US-Oho,-83.8438,41.5545,2007,7,5,29.75,16.59,16.66,3.2,23.15,5.07
US-Oho,-83.8438,41.5545,2007,7,6,30.11,15.99,14.2,2.75,28.88,0
US-Oho,-83.8438,41.5545,2007,7,7,30.79,16.19,13.47,2.76,30.23,0
US-Oho,-83.8438,41.5545,2007,7,8,33.8,18.53,18.58,5.69,27.81,0
US-Oho,-83.8438,41.5545,2007,7,9,33.67,22.45,19.06,5.23,26.3,0.02
US-Oho,-83.8438,41.5545,2007,7,10,31.76,22.45,20.22,5.59,24.13,1.6
US-Oho,-83.8438,41.5545,2007,7,11,27.56,15.7,11.94,5.41,28.97,0.25
US-Oho,-83.8438,41.5545,2007,7,12,27.6,15.18,10.04,5.39,27.14,0.74
US-Oho,-83.8438,41.5545,2007,7,13,25.51,13.56,9.79,2.75,25.02,0
US-Oho,-83.8438,41.5545,2007,7,14,28.59,13.56,12.13,6.22,21.69,1.68
US-Oho,-83.8438,41.5545,2007,7,15,27.9,14.54,11.15,2.15,27.1,0.01
US-Oho,-83.8438,41.5545,2007,7,16,29.61,15.98,12.71,1.94,19.72,0.04
US-Oho,-83.8438,41.5545,2007,7,17,25.16,18.92,17.03,1.72,8.98,6.09
US-Oho,-83.8438,41.5545,2007,7,18,28.63,18.44,20.82,4.02,19.9,9.6
US-Oho,-83.8438,41.5545,2007,7,19,26.31,15.56,18.42,4.7,10.65,8.55
US-Oho,-83.8438,41.5545,2007,7,20,26.2,12.45,10.16,4.56,28.47,0.01
US-Oho,-83.8438,41.5545,2007,7,21,25.37,12.22,8.83,3.23,29.58,0
US-Oho,-83.8438,41.5545,2007,7,22,27.28,13.55,9.92,3.32,26.83,0.01
US-Oho,-83.8438,41.5545,2007,7,23,27.9,14.9,11.57,2.35,19.34,0
US-Oho,-83.8438,41.5545,2007,7,24,27.36,17.22,12.65,2.24,16.78,0.29
US-Oho,-83.8438,41.5545,2007,7,25,25.92,16.65,14.85,1.65,11.34,3.96
US-Oho,-83.8438,41.5545,2007,7,26,25.04,15.7,17.65,3.31,13.19,27.72
US-Oho,-83.8438,41.5545,2007,7,27,28.2,18.96,20.45,3.22,16.62,13.74
US-Oho,-83.8438,41.5545,2007,7,28,27.36,18.7,18.31,3.05,18.42,0.1
US-Oho,-83.8438,41.5545,2007,7,29,28.87,16.51,17.64,3.86,25.67,0
US-Oho,-83.8438,41.5545,2007,7,30,29.95,16.89,14.13,3.34,27.49,0
US-Oho,-83.8438,41.5545,2007,7,31,33.43,17.65,15.76,1.72,27.41,0
US-Oho,-83.8438,41.5545,2007,8,1,34.62,20.22,17.19,1.88,25.51,0
US-Oho,-83.8438,41.5545,2007,8,2,33.84,20.62,17.42,2.77,21.6,0.02
US-Oho,-83.8438,41.5545,2007,8,3,33.94,19.82,15.93,3.57,23.38,0
US-Oho,-83.8438,41.5545,2007,8,4,30.53,17.52,15.41,2.48,20.62,0.02
US-Oho,-83.8438,41.5545,2007,8,5,29.76,18.04,20.47,4.82,6.55,27.18
US-Oho,-83.8438,41.5545,2007,8,6,31.18,22.11,22.88,2.63,18.7,6.69
US-Oho,-83.8438,41.5545,2007,8,7,31.38,24.43,24.56,4.53,15.48,20.12
US-Oho,-83.8438,41.5545,2007,8,8,30.26,24.22,24.12,2.09,22.36,4.84
US-Oho,-83.8438,41.5545,2007,8,9,29.35,23.34,24.4,2.93,11.25,15.14
US-Oho,-83.8438,41.5545,2007,8,10,28.88,20.06,20.4,2.82,20.84,0.1
US-Oho,-83.8438,41.5545,2007,8,11,28.01,18.51,17.06,2.25,25.38,0
US-Oho,-83.8438,41.5545,2007,8,12,30.86,18.06,18.79,3.35,23.43,0.02
US-Oho,-83.8438,41.5545,2007,8,13,28.14,15.46,12.15,3.5,26.68,0
US-Oho,-83.8438,41.5545,2007,8,14,28.85,14.52,14.49,3.59,19.1,0
US-Oho,-83.8438,41.5545,2007,8,15,26.52,20.26,21.32,2.63,9.28,5.8
US-Oho,-83.8438,41.5545,2007,8,16,30.09,17.77,19.17,3.42,14.7,0.2
US-Oho,-83.8438,41.5545,2007,8,17,27.83,14.72,10.79,5.31,25.29,0
US-Oho,-83.8438,41.5545,2007,8,18,22.65,10.95,9.42,2.43,15.83,10.59
US-Oho,-83.8438,41.5545,2007,8,19,21.62,14.54,15.32,3.56,4.91,28.9
US-Oho,-83.8438,41.5545,2007,8,20,24.39,16.09,18.49,4.35,3.97,66.36
US-Oho,-83.8438,41.5545,2007,8,21,27.76,18.4,20.98,1.89,9.9,9.56
US-Oho,-83.8438,41.5545,2007,8,22,28.68,20.84,23.73,3.24,16.41,10.53
US-Oho,-83.8438,41.5545,2007,8,23,29.18,22.63,23.6,3.99,22.2,8.89
US-Oho,-83.8438,41.5545,2007,8,24,29.54,21.09,22.74,3.33,19.16,11.32
US-Oho,-83.8438,41.5545,2007,8,25,25.48,17.68,20.74,4.17,13.44,2.95
US-Oho,-83.8438,41.5545,2007,8,26,24.32,14.28,14.77,2.72,23.88,0
US-Oho,-83.8438,41.5545,2007,8,27,25.36,13.61,15.46,2.07,23.93,0.01
US-Oho,-83.8438,41.5545,2007,8,28,28.49,15.34,17.74,2.89,22,0
US-Oho,-83.8438,41.5545,2007,8,29,31.22,17.59,20.18,3.16,22.14,0.34
US-Oho,-83.8438,41.5545,2007,8,30,24.86,13.09,16.33,4.46,21.17,0.3
US-Oho,-83.8438,41.5545,2007,8,31,23.17,12.1,12.42,3.51,24.59,0
US-Oho,-83.8438,41.5545,2007,9,1,25.13,13.64,13.67,2.87,24.1,0
US-Oho,-83.8438,41.5545,2007,9,2,25.08,11.66,13.38,2.04,23.42,0
US-Oho,-83.8438,41.5545,2007,9,3,28.18,13.12,16.91,3.35,22.28,0
US-Oho,-83.8438,41.5545,2007,9,4,27.84,16.28,17.31,2.04,21.42,0
US-Oho,-83.8438,41.5545,2007,9,5,29.8,16.44,17.45,2.69,22.32,0
US-Oho,-83.8438,41.5545,2007,9,6,28.36,17.37,18.74,3.83,11.59,0.09
US-Oho,-83.8438,41.5545,2007,9,7,28.92,20.03,20.55,7.12,9.77,9.97
US-Oho,-83.8438,41.5545,2007,9,8,24.71,18.83,19.79,3.76,11.63,15.94
US-Oho,-83.8438,41.5545,2007,9,9,25.85,16.52,19.11,4.28,11.68,7.75
US-Oho,-83.8438,41.5545,2007,9,10,24.01,15.74,16.99,2.07,13.58,1.11
US-Oho,-83.8438,41.5545,2007,9,11,20.9,11.35,12.05,5.43,16.46,3.29
US-Oho,-83.8438,41.5545,2007,9,12,19.09,8.62,8.92,2.31,19.12,0
US-Oho,-83.8438,41.5545,2007,9,13,22.86,8.35,10.39,3.15,22.21,0
US-Oho,-83.8438,41.5545,2007,9,14,23.19,8.41,9.19,5.9,15.93,0.02
US-Oho,-83.8438,41.5545,2007,9,15,16.12,4.88,4.59,3.11,19.25,0
US-Oho,-83.8438,41.5545,2007,9,16,18.27,6.09,5.28,1.93,20.9,0
US-Oho,-83.8438,41.5545,2007,9,17,21.46,6.21,7.89,3.42,21.13,0
US-Oho,-83.8438,41.5545,2007,9,18,26.47,9.05,11.48,3.41,19.74,0
US-Oho,-83.8438,41.5545,2007,9,19,27.95,12.15,16.25,3.2,18.61,0
US-Oho,-83.8438,41.5545,2007,9,20,26.44,14.2,15.97,3.09,19,0
US-Oho,-83.8438,41.5545,2007,9,21,28.96,14.95,15.52,3.82,18.65,0
US-Oho,-83.8438,41.5545,2007,9,22,24.47,11.99,10.6,3.76,19.64,0
US-Oho,-83.8438,41.5545,2007,9,23,25.17,9.59,10.55,3.04,19.95,0
US-Oho,-83.8438,41.5545,2007,9,24,30.91,11.77,14.54,4.01,18.4,0
US-Oho,-83.8438,41.5545,2007,9,25,29.22,20.56,21.23,4.61,13.32,3.54
US-Oho,-83.8438,41.5545,2007,9,26,21.26,16.54,17.98,2.64,5.26,2.93
US-Oho,-83.8438,41.5545,2007,9,27,21.66,12.44,12.51,1.91,13.06,0.07
US-Oho,-83.8438,41.5545,2007,9,28,22.67,9.66,9.37,3.96,18.36,0
US-Oho,-83.8438,41.5545,2007,9,29,23.61,8.93,9.69,3.14,18.88,0
US-Oho,-83.8438,41.5545,2007,9,30,26.19,9.2,9.09,4.25,16.01,0
US-Oho,-83.8438,41.5545,2007,10,1,19.66,12.74,11.29,5.39,4.63,15.06
US-Oho,-83.8438,41.5545,2007,10,2,25.02,12.83,15.22,4.1,10.08,0.21
US-Oho,-83.8438,41.5545,2007,10,3,24.14,13.14,13.74,3.98,12.25,1.33
US-Oho,-83.8438,41.5545,2007,10,4,27.88,12.23,15.48,2.52,15.98,0
US-Oho,-83.8438,41.5545,2007,10,5,29.88,16.21,18.36,3.2,16.07,0.01
US-Oho,-83.8438,41.5545,2007,10,6,29.66,18.92,19.92,2.66,14.57,0.16
US-Oho,-83.8438,41.5545,2007,10,7,31.19,19.81,19.47,1.39,13.7,0
US-Oho,-83.8438,41.5545,2007,10,8,30.72,19.25,19.09,3.35,14.47,1.29
US-Oho,-83.8438,41.5545,2007,10,9,22.9,11.88,11.18,5.14,16.82,0.18
US-Oho,-83.8438,41.5545,2007,10,10,14.03,8.23,5.99,5.02,6.93,0.83
US-Oho,-83.8438,41.5545,2007,10,11,14.07,6.76,7.38,4.89,6.91,1.08
US-Oho,-83.8438,41.5545,2007,10,12,13.32,4.53,2.58,3.07,8.75,0.02
US-Oho,-83.8438,41.5545,2007,10,13,15.63,2.35,4.52,3.32,11.34,0
US-Oho,-83.8438,41.5545,2007,10,14,17.02,4.31,6.23,1.86,6.67,0.08
US-Oho,-83.8438,41.5545,2007,10,15,23.64,8.19,9.55,3.75,12.3,0
US-Oho,-83.8438,41.5545,2007,10,16,19.16,13.58,13.66,4.18,3.59,3.55
US-Oho,-83.8438,41.5545,2007,10,17,23.15,11.67,13.13,3.3,13.93,0.17
US-Oho,-83.8438,41.5545,2007,10,18,26.03,16.38,16.99,8.28,8.32,4.39
US-Oho,-83.8438,41.5545,2007,10,19,21.08,12.1,11.77,9,7.59,0.23
US-Oho,-83.8438,41.5545,2007,10,20,19.94,9.78,6.23,6.38,15.38,0
US-Oho,-83.8438,41.5545,2007,10,21,25.25,10.4,6.39,7,14.85,0
US-Oho,-83.8438,41.5545,2007,10,22,23.72,9.84,10.54,3.9,11.11,13.11
US-Oho,-83.8438,41.5545,2007,10,23,14.49,7.11,7.71,4.23,3.81,10.82
US-Oho,-83.8438,41.5545,2007,10,24,12.58,6.05,4.71,4.71,7.44,0.13
US-Oho,-83.8438,41.5545,2007,10,25,15.55,5.83,6.68,7.22,10.23,0
US-Oho,-83.8438,41.5545,2007,10,26,18.92,9.63,11.81,2.88,5.76,1.87
US-Oho,-83.8438,41.5545,2007,10,27,15.43,2.77,7.48,6.76,3.14,0.56
US-Oho,-83.8438,41.5545,2007,10,28,13.51,0.24,-0.27,2.6,13.83,0
US-Oho,-83.8438,41.5545,2007,10,29,14.06,0.82,0.49,4.21,13.67,0
US-Oho,-83.8438,41.5545,2007,10,30,16.91,1.92,2.61,4.5,13.61,0
US-Oho,-83.8438,41.5545,2007,10,31,18.39,4.95,6.4,6.86,11.27,0.11
US-Oho,-83.8438,41.5545,2007,11,1,12.29,1.92,0.41,3.49,13.83,0
US-Oho,-83.8438,41.5545,2007,11,2,12.88,-0.44,-0.27,2.62,13.5,0
US-Oho,-83.8438,41.5545,2007,11,3,14.9,2.18,0,3.11,11.82,0
US-Oho,-83.8438,41.5545,2007,11,4,12.28,2.01,-0.37,2.29,6.71,0
US-Oho,-83.8438,41.5545,2007,11,5,12.15,1.83,1.77,6.85,4.76,0.58
US-Oho,-83.8438,41.5545,2007,11,6,6.38,0.31,-0.93,8.79,3.82,0.17
US-Oho,-83.8438,41.5545,2007,11,7,6.25,-3.07,-2.91,2.89,6.41,0
US-Oho,-83.8438,41.5545,2007,11,8,9.03,0.08,-1.48,4.55,7.9,0
US-Oho,-83.8438,41.5545,2007,11,9,11.48,1.69,1.83,4.1,9.74,0.01
US-Oho,-83.8438,41.5545,2007,11,10,10.04,2.95,1.56,3.18,7.75,0
US-Oho,-83.8438,41.5545,2007,11,11,6.73,1.93,2.7,5.87,2.26,4.14
US-Oho,-83.8438,41.5545,2007,11,12,15.1,6.85,10.1,5.2,4.12,10.28
US-Oho,-83.8438,41.5545,2007,11,13,15.22,3.24,6.3,3.51,10.98,0.06
US-Oho,-83.8438,41.5545,2007,11,14,15.41,6.08,6.47,6.33,7.51,0.58
US-Oho,-83.8438,41.5545,2007,11,15,6.32,-0.4,-0.86,7.19,5.1,0.5
US-Oho,-83.8438,41.5545,2007,11,16,5.37,-3.57,-3.06,3.39,5.14,0
US-Oho,-83.8438,41.5545,2007,11,17,4.58,-0.83,0.08,3.35,3.39,3.45
US-Oho,-83.8438,41.5545,2007,11,18,6.75,-1,0.88,4.47,6.05,0.19
US-Oho,-83.8438,41.5545,2007,11,19,12.91,-0.73,4.26,5.97,3.27,0.1
US-Oho,-83.8438,41.5545,2007,11,20,16.61,11.81,13.08,4.84,2.49,0.45
US-Oho,-83.8438,41.5545,2007,11,21,15.16,3.32,8.53,6.61,1.53,34.72
US-Oho,-83.8438,41.5545,2007,11,22,2.99,-4.97,-2.06,6.23,4.85,4.99
US-Oho,-83.8438,41.5545,2007,11,23,1.28,-6.54,-6.37,2.81,10.35,0.01
US-Oho,-83.8438,41.5545,2007,11,24,2.86,-4.87,-4.27,4.14,6.03,0
US-Oho,-83.8438,41.5545,2007,11,25,3.58,-4.77,-2.94,3.4,6.35,3.43
US-Oho,-83.8438,41.5545,2007,11,26,1.23,-1.4,-0.42,3.14,1.6,13.5
US-Oho,-83.8438,41.5545,2007,11,27,3.62,-7.36,-4.66,6.35,7.53,0.01
US-Oho,-83.8438,41.5545,2007,11,28,4.49,-7.31,-4.05,5.8,3.94,0
US-Oho,-83.8438,41.5545,2007,11,29,3.36,-5.38,-6.11,7.81,8.98,0.03
US-Oho,-83.8438,41.5545,2007,11,30,4.02,-6.51,-6.69,6.62,8.26,0.01
US-Oho,-83.8438,41.5545,2007,12,1,-0.42,-6.17,-7.55,4.33,6.57,2.87
US-Oho,-83.8438,41.5545,2007,12,2,8.51,-0.12,3.21,7.29,1.4,13.94
US-Oho,-83.8438,41.5545,2007,12,3,1.31,-2.22,-4.23,9.9,4.32,0.15
US-Oho,-83.8438,41.5545,2007,12,4,-1.11,-4.31,-6.65,3.63,5.62,1.04
US-Oho,-83.8438,41.5545,2007,12,5,-1.72,-8.47,-8.18,5.59,3.96,2.2
US-Oho,-83.8438,41.5545,2007,12,6,-1.55,-9.36,-9.17,3.5,5.86,0.09
US-Oho,-83.8438,41.5545,2007,12,7,1.13,-4.8,-3.48,4.06,3.09,0.23
US-Oho,-83.8438,41.5545,2007,12,8,0.71,-5.21,-4.92,2.78,6.44,0.43
US-Oho,-83.8438,41.5545,2007,12,9,0.79,-2.1,-2.2,3.72,1.91,8.29
US-Oho,-83.8438,41.5545,2007,12,10,0.96,-4.01,-2.4,1.59,2.4,0.45
US-Oho,-83.8438,41.5545,2007,12,11,2.89,-4.43,-0.36,3.72,1.13,21.25
US-Oho,-83.8438,41.5545,2007,12,12,0.96,-4.4,-3.42,3.36,7.7,7.1
US-Oho,-83.8438,41.5545,2007,12,13,1.54,-3.14,-2.33,5.43,2.62,2.73
US-Oho,-83.8438,41.5545,2007,12,14,0.54,-5.57,-5.34,4.71,2.99,0.01
US-Oho,-83.8438,41.5545,2007,12,15,-0.8,-4.94,-4.02,5.31,2.39,5.8
US-Oho,-83.8438,41.5545,2007,12,16,-0.83,-6.33,-5.21,9.15,2.18,10.09
US-Oho,-83.8438,41.5545,2007,12,17,-5.3,-11.32,-9.11,5.76,3.08,0.36
US-Oho,-83.8438,41.5545,2007,12,18,0.84,-12.81,-5.74,5.84,4.38,1.42
US-Oho,-83.8438,41.5545,2007,12,19,0.86,-7.17,-1.9,4.9,2.76,0.06
US-Oho,-83.8438,41.5545,2007,12,20,0.55,-7.26,-4.18,3.54,5.02,0.02
US-Oho,-83.8438,41.5545,2007,12,21,1.46,-5.57,-1.62,3.8,3.04,0.05
US-Oho,-83.8438,41.5545,2007,12,22,3.97,1.22,2.1,6.33,2.89,1.3
US-Oho,-83.8438,41.5545,2007,12,23,7.06,-4.42,-4.42,13.17,3.67,7.22
US-Oho,-83.8438,41.5545,2007,12,24,-1.05,-4.08,-5.89,8.11,1.77,0.22
US-Oho,-83.8438,41.5545,2007,12,25,1.14,-5.1,-3.13,2.74,4.66,0
US-Oho,-83.8438,41.5545,2007,12,26,5.44,-4.84,-1.76,2.42,8.64,0.04
US-Oho,-83.8438,41.5545,2007,12,27,4.59,-2.5,-0.44,3.11,2.14,1.56
US-Oho,-83.8438,41.5545,2007,12,28,3.43,-2.97,-0.59,6.35,1.73,5.85
US-Oho,-83.8438,41.5545,2007,12,29,0.55,-4.55,-3.95,5.45,2.77,0.01
US-Oho,-83.8438,41.5545,2007,12,30,-0.02,-5.11,-4.66,1.75,3.34,0.03
US-Oho,-83.8438,41.5545,2007,12,31,2.77,-4.14,-1.41,3.46,4.39,3.31
US-Oho,-83.8438,41.5545,2008,1,1,1.54,-3.01,-2.89,9.67,4.29,3.07
US-Oho,-83.8438,41.5545,2008,1,2,-3.24,-9.77,-7.27,4.91,3.59,0.32
US-Oho,-83.8438,41.5545,2008,1,3,-4.71,-10.7,-9.97,4.86,3.58,0.01
US-Oho,-83.8438,41.5545,2008,1,4,0.44,-9.76,-6.47,6.89,3.77,0
US-Oho,-83.8438,41.5545,2008,1,5,2.6,-1.15,0.24,7.33,2.39,0.41
US-Oho,-83.8438,41.5545,2008,1,6,11.16,2.59,6.26,7.78,2.76,0.14
US-Oho,-83.8438,41.5545,2008,1,7,17.54,11.48,13.12,9.25,4.85,4.66
US-Oho,-83.8438,41.5545,2008,1,8,15.82,10.62,12,10.01,2.93,36.67
US-Oho,-83.8438,41.5545,2008,1,9,6.39,0.62,0.01,6.79,7.62,0.4
US-Oho,-83.8438,41.5545,2008,1,10,8.8,-2.8,1.4,5.77,3.68,3.27
US-Oho,-83.8438,41.5545,2008,1,11,7.61,-1.23,0.95,8.27,3.25,0.1
US-Oho,-83.8438,41.5545,2008,1,12,4.08,-3.24,-2.44,2.86,7.29,0
US-Oho,-83.8438,41.5545,2008,1,13,3.01,-2.49,-1.25,3.17,4.12,0.88
US-Oho,-83.8438,41.5545,2008,1,14,-0.36,-3.26,-4.54,7.74,4.04,0.27
US-Oho,-83.8438,41.5545,2008,1,15,0.58,-3.86,-4.35,6.7,3.58,0.51
US-Oho,-83.8438,41.5545,2008,1,16,1.35,-5.04,-4.89,3.97,6.43,0
US-Oho,-83.8438,41.5545,2008,1,17,4.83,-4.95,-1.98,6.69,3.77,0.62
US-Oho,-83.8438,41.5545,2008,1,18,-1.83,-9.89,-10.5,7.9,10.56,0.02
US-Oho,-83.8438,41.5545,2008,1,19,-4.09,-12.13,-13.43,7.83,6.7,0.02
US-Oho,-83.8438,41.5545,2008,1,20,-10.19,-12.89,-16.18,8.1,7.74,0.01
US-Oho,-83.8438,41.5545,2008,1,21,-3.44,-13.49,-12.51,4.6,8.86,0.03
US-Oho,-83.8438,41.5545,2008,1,22,0.75,-10.78,-6.79,8.56,2.92,1.17
US-Oho,-83.8438,41.5545,2008,1,23,-5.69,-12.65,-11.13,4.92,6.14,0.16
US-Oho,-83.8438,41.5545,2008,1,24,-7.04,-12.7,-11.86,4.47,6.19,0.1
US-Oho,-83.8438,41.5545,2008,1,25,-5.74,-17.02,-13.83,4.85,7.86,0.56
US-Oho,-83.8438,41.5545,2008,1,26,-1.37,-8.36,-6.34,4.14,3.2,1.13
US-Oho,-83.8438,41.5545,2008,1,27,0.17,-6.19,-4.97,3.11,3.37,0.11
US-Oho,-83.8438,41.5545,2008,1,28,6.37,-7.27,-1.95,6.75,7.25,1.33
US-Oho,-83.8438,41.5545,2008,1,29,7.2,-5.18,3.03,10.17,3.65,4.21
US-Oho,-83.8438,41.5545,2008,1,30,-7.75,-12.26,-15.54,11.21,10.79,0.02
US-Oho,-83.8438,41.5545,2008,1,31,-3.02,-13.14,-10.92,4.86,8.75,0.98
US-Oho,-83.8438,41.5545,2008,2,1,2.46,-3.62,-2.07,5.85,2.74,8.09
US-Oho,-83.8438,41.5545,2008,2,2,1.11,-4.37,-3.79,4.33,3.45,0.15
US-Oho,-83.8438,41.5545,2008,2,3,2.39,-3.68,-2.18,3.39,3.22,1.2
US-Oho,-83.8438,41.5545,2008,2,4,8.95,-0.69,3.53,5.16,7.09,15.25
US-Oho,-83.8438,41.5545,2008,2,5,10.4,0.34,4.09,4.72,2.77,26.57
US-Oho,-83.8438,41.5545,2008,2,6,0.96,-2.13,-0.83,6.43,2.86,27.81
US-Oho,-83.8438,41.5545,2008,2,7,-1.37,-10.29,-5.82,2.97,4.12,0.27
US-Oho,-83.8438,41.5545,2008,2,8,2.12,-4.75,-2.38,3.46,5,0.83
US-Oho,-83.8438,41.5545,2008,2,9,1.71,-3.39,-1.24,6.78,7.59,2.11
US-Oho,-83.8438,41.5545,2008,2,10,-1.53,-16.04,-16.15,11.48,10.23,0.07
US-Oho,-83.8438,41.5545,2008,2,11,-9.8,-15.49,-15.82,3.46,10.05,0.32
US-Oho,-83.8438,41.5545,2008,2,12,-5.84,-10.88,-9.61,5.57,3.65,5.1
US-Oho,-83.8438,41.5545,2008,2,13,-3.49,-13.16,-10.5,4.19,13.11,0.27
US-Oho,-83.8438,41.5545,2008,2,14,0.49,-14.16,-6.94,6.12,11.28,0.01
US-Oho,-83.8438,41.5545,2008,2,15,-2.03,-13.31,-7.71,4.71,8.28,0.15
US-Oho,-83.8438,41.5545,2008,2,16,0.52,-12.87,-9.4,2.89,12.85,0
US-Oho,-83.8438,41.5545,2008,2,17,9.48,-1.68,3.75,10.19,3.7,13.27
US-Oho,-83.8438,41.5545,2008,2,18,2.03,-7.65,-5.87,10.4,10.55,0.25
US-Oho,-83.8438,41.5545,2008,2,19,-7.77,-11.2,-13.54,8.37,12.96,0.04
US-Oho,-83.8438,41.5545,2008,2,20,-6.3,-12.54,-12.91,3.38,9.71,0.02
US-Oho,-83.8438,41.5545,2008,2,21,-4.76,-13.15,-11.88,2.64,10.88,1.39
US-Oho,-83.8438,41.5545,2008,2,22,-0.27,-7.24,-6.06,3.48,6.99,1.05
US-Oho,-83.8438,41.5545,2008,2,23,1.34,-10.36,-7.86,2.54,11.04,0.01
US-Oho,-83.8438,41.5545,2008,2,24,2.95,-7.95,-4.59,3.15,11.31,0.32
US-Oho,-83.8438,41.5545,2008,2,25,3.65,-4.85,-2.51,3.7,4.56,3.85
US-Oho,-83.8438,41.5545,2008,2,26,1.27,-5.24,-2.71,6.54,4.69,9.64
US-Oho,-83.8438,41.5545,2008,2,27,-5.74,-11.84,-11.5,5.41,7.72,0.37
US-Oho,-83.8438,41.5545,2008,2,28,-3.24,-11.48,-10.56,2.53,11.65,0.09
US-Oho,-83.8438,41.5545,2008,2,29,2.42,-9.05,-3.69,6.49,5.77,4.55
US-Oho,-83.8438,41.5545,2008,3,1,1.36,-5.27,-5.17,4.41,15.59,0.03
US-Oho,-83.8438,41.5545,2008,3,2,8.15,-6.69,-0.64,6.51,9.08,0.21
US-Oho,-83.8438,41.5545,2008,3,3,15.62,-0.32,5.33,9.07,9.67,10.48
US-Oho,-83.8438,41.5545,2008,3,4,0.02,-3.23,-4.27,9.16,4.01,14.44
US-Oho,-83.8438,41.5545,2008,3,5,1.16,-6.06,-4.54,5.16,13.67,0.93
US-Oho,-83.8438,41.5545,2008,3,6,3.09,-7.56,-4.31,4.24,5.29,0.16
US-Oho,-83.8438,41.5545,2008,3,7,-2.31,-5.79,-6.77,7.1,4.85,1.16
US-Oho,-83.8438,41.5545,2008,3,8,-4.32,-10.01,-8.59,8.02,2.76,1.82
US-Oho,-83.8438,41.5545,2008,3,9,0.32,-11.02,-6.86,3.93,16.61,0.01
US-Oho,-83.8438,41.5545,2008,3,10,2.34,-3.48,-2.11,1.59,5.01,0.03
US-Oho,-83.8438,41.5545,2008,3,11,3.96,-6.91,-3.1,5.21,17.81,0
US-Oho,-83.8438,41.5545,2008,3,12,6.36,-1.93,-1.37,3.31,17.51,0
US-Oho,-83.8438,41.5545,2008,3,13,11.15,-2.12,1.95,6.59,15.55,0.3
US-Oho,-83.8438,41.5545,2008,3,14,10.62,-0.52,3.47,2.62,11.58,0.36
US-Oho,-83.8438,41.5545,2008,3,15,6.03,-2.21,-0.76,3.17,10.42,0.02
US-Oho,-83.8438,41.5545,2008,3,16,5.79,-3.74,-3.19,3.48,11.24,0
US-Oho,-83.8438,41.5545,2008,3,17,4.13,-3.7,-2.92,4.94,9.91,3.62
US-Oho,-83.8438,41.5545,2008,3,18,12.39,1.15,6.24,5.48,4.14,12.65
US-Oho,-83.8438,41.5545,2008,3,19,5.72,-2.6,1.15,6.51,5.16,9.1
US-Oho,-83.8438,41.5545,2008,3,20,6.7,-3.58,-3.08,5.35,21.7,0.01
US-Oho,-83.8438,41.5545,2008,3,21,0.63,-3.37,-3.42,6.07,6.03,8.82
US-Oho,-83.8438,41.5545,2008,3,22,1.27,-3.53,-5.47,5.6,12.61,0.84
US-Oho,-83.8438,41.5545,2008,3,23,4.11,-5.18,-4.44,2.31,15.35,0
US-Oho,-83.8438,41.5545,2008,3,24,3.05,-4.08,-4.54,2.98,14.73,0
US-Oho,-83.8438,41.5545,2008,3,25,7.59,-2.93,0.53,10.01,9.01,0.24
US-Oho,-83.8438,41.5545,2008,3,26,9.66,-2.01,0.48,3.54,16.83,0.02
US-Oho,-83.8438,41.5545,2008,3,27,8.98,-0.99,1.1,4.3,4.88,13.93
US-Oho,-83.8438,41.5545,2008,3,28,3.3,-5.23,-3.89,5.01,18.91,10.59
US-Oho,-83.8438,41.5545,2008,3,29,4.59,-5.7,-4.35,4.24,21.89,0
US-Oho,-83.8438,41.5545,2008,3,30,8.09,-1.82,3.04,6.12,6.82,3.95
US-Oho,-83.8438,41.5545,2008,3,31,16.49,6.25,10.23,8.28,8.95,11.22
US-Oho,-83.8438,41.5545,2008,4,1,13.45,-2.43,3.58,10.46,6.2,2.54
US-Oho,-83.8438,41.5545,2008,4,2,7.63,-4.84,-4.42,3.06,24.49,0
US-Oho,-83.8438,41.5545,2008,4,3,11.78,-2.93,2.21,4.02,16.63,8.55
US-Oho,-83.8438,41.5545,2008,4,4,8.61,0.92,3.19,4.01,4.91,2.79
US-Oho,-83.8438,41.5545,2008,4,5,15.23,-0.94,3,2.78,20.61,0
US-Oho,-83.8438,41.5545,2008,4,6,17.61,-0.5,6.64,3.86,22.69,0.02
US-Oho,-83.8438,41.5545,2008,4,7,20.02,4.47,9.02,5.39,20.86,0
US-Oho,-83.8438,41.5545,2008,4,8,17.69,3.54,8.95,4.71,20.13,0.01
US-Oho,-83.8438,41.5545,2008,4,9,15.77,2.97,6.82,6.39,21.8,0.45
US-Oho,-83.8438,41.5545,2008,4,10,9.09,2.24,4.55,7.15,8.54,7.3
US-Oho,-83.8438,41.5545,2008,4,11,22.54,6.31,12.64,8.39,17.54,16.2
US-Oho,-83.8438,41.5545,2008,4,12,8.5,3.69,3.16,6.56,9.35,2.34
US-Oho,-83.8438,41.5545,2008,4,13,6.51,-1.99,-0.25,5.75,11.41,2.49
US-Oho,-83.8438,41.5545,2008,4,14,10.58,-2.61,-1.16,3.58,25.08,0
US-Oho,-83.8438,41.5545,2008,4,15,13.52,-1.27,0,3.75,26.57,0
US-Oho,-83.8438,41.5545,2008,4,16,17.91,1.11,4.34,6.88,25.87,0.01
US-Oho,-83.8438,41.5545,2008,4,17,21.22,6.62,11.02,4.63,21.72,0
US-Oho,-83.8438,41.5545,2008,4,18,23.45,9.66,12.64,4.49,25.33,0
US-Oho,-83.8438,41.5545,2008,4,19,19.72,10.13,11.64,3.04,10.63,3.04
US-Oho,-83.8438,41.5545,2008,4,20,16.58,10.17,10.79,2.44,11.12,0.71
US-Oho,-83.8438,41.5545,2008,4,21,21.12,7.57,11.78,2.95,22.63,0
US-Oho,-83.8438,41.5545,2008,4,22,22.49,9.41,13.11,4.1,21.35,0.07
US-Oho,-83.8438,41.5545,2008,4,23,22.6,7.91,12.28,3.86,21.92,0.22
US-Oho,-83.8438,41.5545,2008,4,24,20.93,5.59,7.51,5.15,23.85,0.05
US-Oho,-83.8438,41.5545,2008,4,25,24.18,14.09,17,6.83,17.71,4.42
US-Oho,-83.8438,41.5545,2008,4,26,18.9,6.55,7.84,7.22,23.89,0.17
US-Oho,-83.8438,41.5545,2008,4,27,15.39,3.48,4,3.42,20.95,0.07
US-Oho,-83.8438,41.5545,2008,4,28,12.78,4.34,4.06,3.17,14.97,6.63
US-Oho,-83.8438,41.5545,2008,4,29,10.38,0.27,0.13,4.76,20.59,0.99
US-Oho,-83.8438,41.5545,2008,4,30,13.12,-1.74,-0.15,2.13,26,0
US-Oho,-83.8438,41.5545,2008,5,1,22.75,4.29,10.42,4.72,17.38,0.13
US-Oho,-83.8438,41.5545,2008,5,2,23.2,15.32,15.9,8.13,6.37,9.74
US-Oho,-83.8438,41.5545,2008,5,3,20.79,8,10.6,7.72,12.08,10.2
US-Oho,-83.8438,41.5545,2008,5,4,17.58,4.5,6.29,2.93,27.25,0
US-Oho,-83.8438,41.5545,2008,5,5,21.28,6.21,8.52,4.68,22.98,0
US-Oho,-83.8438,41.5545,2008,5,6,24.01,8.58,11.66,2.98,25.19,0.14
US-Oho,-83.8438,41.5545,2008,5,7,20.99,13.64,14.82,7.3,8.05,6.79
US-Oho,-83.8438,41.5545,2008,5,8,11.96,8.02,7,4.79,7.57,1.23
US-Oho,-83.8438,41.5545,2008,5,9,14.27,7.68,7.32,3.63,17.32,1.22
US-Oho,-83.8438,41.5545,2008,5,10,17.93,4.86,6.15,3.3,25.79,0.06
US-Oho,-83.8438,41.5545,2008,5,11,14.67,9.21,9.18,6.23,7.25,16.71
US-Oho,-83.8438,41.5545,2008,5,12,15.47,6.97,8.04,5.7,10.62,0.21
US-Oho,-83.8438,41.5545,2008,5,13,19.27,4.48,8.79,4.66,27.83,0
US-Oho,-83.8438,41.5545,2008,5,14,19.74,9.97,12.28,6.19,5.01,7.9
US-Oho,-83.8438,41.5545,2008,5,15,14.26,6.45,6.7,4.4,18.05,2.3
US-Oho,-83.8438,41.5545,2008,5,16,19.08,5.85,6.38,4.06,27.32,0.48
US-Oho,-83.8438,41.5545,2008,5,17,19.85,10.05,9.03,7.2,22.41,4.28
US-Oho,-83.8438,41.5545,2008,5,18,14.18,5.18,5.42,6.21,21.21,4.53
US-Oho,-83.8438,41.5545,2008,5,19,14.79,2.92,4.04,3.95,27.39,0
US-Oho,-83.8438,41.5545,2008,5,20,17.28,5.73,5.38,4.51,21.45,0.01
US-Oho,-83.8438,41.5545,2008,5,21,15.56,5.73,5.49,5,24.72,0.26
US-Oho,-83.8438,41.5545,2008,5,22,16.82,5.31,6.68,3.39,21.86,0
US-Oho,-83.8438,41.5545,2008,5,23,18.14,6.74,8.03,2.31,21.82,0
US-Oho,-83.8438,41.5545,2008,5,24,20.27,5.21,7.25,3.28,30,0
US-Oho,-83.8438,41.5545,2008,5,25,21.41,5.78,9.15,3.7,27.01,0.08
US-Oho,-83.8438,41.5545,2008,5,26,26.53,14.57,17.88,6.25,19.59,1.56
US-Oho,-83.8438,41.5545,2008,5,27,18.35,5.37,8.56,5.76,16.31,0.06
US-Oho,-83.8438,41.5545,2008,5,28,16.6,3.69,3.63,4.04,30.28,0
US-Oho,-83.8438,41.5545,2008,5,29,22.27,7.36,5.66,1.18,27.87,0
US-Oho,-83.8438,41.5545,2008,5,30,24.64,12.87,15.6,6.11,17.38,5.08
US-Oho,-83.8438,41.5545,2008,5,31,25.51,15.23,16.76,6.95,26.67,8.22
US-Oho,-83.8438,41.5545,2008,6,1,22.31,11.34,11.53,3.32,30.18,0
US-Oho,-83.8438,41.5545,2008,6,2,26.19,11.1,13.7,2.58,24.68,1.6
US-Oho,-83.8438,41.5545,2008,6,3,21.79,16.11,17.44,4.01,8.87,13.27
US-Oho,-83.8438,41.5545,2008,6,4,24.22,15.61,19.42,3.6,15.24,1.97
US-Oho,-83.8438,41.5545,2008,6,5,28.27,20.29,22.16,6.02,17.35,0.01
US-Oho,-83.8438,41.5545,2008,6,6,30.78,21.82,22.32,7.62,26.96,1.47
US-Oho,-83.8438,41.5545,2008,6,7,27.32,22.57,22.92,5.55,13.39,0.88
US-Oho,-83.8438,41.5545,2008,6,8,31.01,23.01,23,7.35,25.42,1.85
US-Oho,-83.8438,41.5545,2008,6,9,29.43,22.58,22.72,6.22,23.74,21.17
US-Oho,-83.8438,41.5545,2008,6,10,24.69,16.21,17.31,4.83,22.15,14.88
US-Oho,-83.8438,41.5545,2008,6,11,29.18,15.31,17.23,2.94,28.46,0
US-Oho,-83.8438,41.5545,2008,6,12,29.76,16.61,19.84,4.06,21.49,0.14
US-Oho,-83.8438,41.5545,2008,6,13,26.09,21.44,22.24,4.86,9.55,8.69
US-Oho,-83.8438,41.5545,2008,6,14,26.93,17.15,15.72,3.49,29.51,5.41
US-Oho,-83.8438,41.5545,2008,6,15,27.77,15.28,16.95,4.84,24.18,3.22
US-Oho,-83.8438,41.5545,2008,6,16,25.05,11.76,13.9,5.74,27.43,0.52
US-Oho,-83.8438,41.5545,2008,6,17,20.86,9.56,10.13,5.2,19.34,0
US-Oho,-83.8438,41.5545,2008,6,18,19.16,9.63,11.35,4.08,15.34,0
US-Oho,-83.8438,41.5545,2008,6,19,21.78,10.2,12.14,3.41,23.86,0
US-Oho,-83.8438,41.5545,2008,6,20,26.43,12.47,12.14,1.77,27.72,0.04
US-Oho,-83.8438,41.5545,2008,6,21,22.26,15.35,17.14,3.47,16.2,18.23
US-Oho,-83.8438,41.5545,2008,6,22,24.63,13.22,14.48,2.65,21.46,2.72
US-Oho,-83.8438,41.5545,2008,6,23,22.52,14.13,14.16,2.85,23.84,1.95
US-Oho,-83.8438,41.5545,2008,6,24,24.67,12.4,14.52,2.18,25.92,0.04
US-Oho,-83.8438,41.5545,2008,6,25,26.88,15.14,17.9,4.33,12.17,17.42
US-Oho,-83.8438,41.5545,2008,6,26,28.13,19.48,21.62,3.46,20,7.1
US-Oho,-83.8438,41.5545,2008,6,27,27.74,18.82,21.1,3.26,21.07,6.39
US-Oho,-83.8438,41.5545,2008,6,28,27.29,18.71,19.75,6.61,18.74,10.38
US-Oho,-83.8438,41.5545,2008,6,29,23.25,15.62,16.26,5.16,18.06,1.59
US-Oho,-83.8438,41.5545,2008,6,30,21.83,13.63,13.42,4.61,14.88,0.22
US-Oho,-83.8438,41.5545,2008,7,1,25.32,10.68,12.02,3.24,31,0
US-Oho,-83.8438,41.5545,2008,7,2,27.53,13.68,17.51,6.78,23.45,33.19
US-Oho,-83.8438,41.5545,2008,7,3,21.82,14.39,16.79,4.41,10.35,29.37
US-Oho,-83.8438,41.5545,2008,7,4,23.04,12.21,13.13,3.46,22.9,0.01
US-Oho,-83.8438,41.5545,2008,7,5,24.4,12.53,12.69,2.59,30.24,0
US-Oho,-83.8438,41.5545,2008,7,6,27.54,14.69,16.35,2.16,29.57,0.01
US-Oho,-83.8438,41.5545,2008,7,7,28.91,17.47,20.15,3.41,23.55,2.5
US-Oho,-83.8438,41.5545,2008,7,8,27.72,20.81,22.65,4.79,12.83,25.35
US-Oho,-83.8438,41.5545,2008,7,9,26.05,15.1,17.67,4.7,27.62,1.74
US-Oho,-83.8438,41.5545,2008,7,10,26.59,13.72,17.17,3.32,24.37,1.53
US-Oho,-83.8438,41.5545,2008,7,11,28.33,18.59,20.05,3.18,24.22,0.66
US-Oho,-83.8438,41.5545,2008,7,12,26.47,20.27,21.78,4.96,15.84,4.81
US-Oho,-83.8438,41.5545,2008,7,13,25.83,15.64,15.49,5.05,29.45,0.78
US-Oho,-83.8438,41.5545,2008,7,14,25.6,14.53,14.97,3.73,27.41,0
US-Oho,-83.8438,41.5545,2008,7,15,27.98,15.53,16.58,2.55,29.72,0
US-Oho,-83.8438,41.5545,2008,7,16,29.17,19.54,21.32,3.37,24.62,0.33
US-Oho,-83.8438,41.5545,2008,7,17,29.65,19.81,21.38,3.43,26.03,0
US-Oho,-83.8438,41.5545,2008,7,18,29.74,18.6,19.81,3.96,26.96,0
US-Oho,-83.8438,41.5545,2008,7,19,28.29,20.28,21.29,3.3,11.84,5.49
US-Oho,-83.8438,41.5545,2008,7,20,28.2,20.59,21.87,3.18,21.7,0.63
US-Oho,-83.8438,41.5545,2008,7,21,28.72,18.86,20.82,3.58,17.75,2.66
US-Oho,-83.8438,41.5545,2008,7,22,26.89,17.39,17.98,3.55,24.4,0.17
US-Oho,-83.8438,41.5545,2008,7,23,24.26,15.7,15.1,5.17,24.74,0.01
US-Oho,-83.8438,41.5545,2008,7,24,26.03,15.9,14.87,2.44,28.12,0
US-Oho,-83.8438,41.5545,2008,7,25,26.49,14.43,16.82,3.29,22.86,0
US-Oho,-83.8438,41.5545,2008,7,26,28.46,15.37,18.66,4.29,21.94,0.04
US-Oho,-83.8438,41.5545,2008,7,27,26.48,14.19,16.44,3.58,26.47,0
US-Oho,-83.8438,41.5545,2008,7,28,27.98,17.37,17.97,1.97,23.9,0
US-Oho,-83.8438,41.5545,2008,7,29,29.42,19.27,19.73,2.12,25.64,0
US-Oho,-83.8438,41.5545,2008,7,30,29.07,18.71,20.29,4.63,19.81,0
US-Oho,-83.8438,41.5545,2008,7,31,29.39,18.31,19.05,3.63,25.07,0
US-Oho,-83.8438,41.5545,2008,8,1,28.75,17.04,19.19,2.15,21.77,3.56
US-Oho,-83.8438,41.5545,2008,8,2,27.32,17.24,16.59,3.42,25.42,0.03
US-Oho,-83.8438,41.5545,2008,8,3,27.3,16.72,15.71,1.97,27.02,0
US-Oho,-83.8438,41.5545,2008,8,4,29.03,18.39,18.94,3.6,15,1.74
US-Oho,-83.8438,41.5545,2008,8,5,28.43,20.97,22.3,4.79,15.23,1.45
US-Oho,-83.8438,41.5545,2008,8,6,28.55,17.89,17.37,2.94,22.64,0
US-Oho,-83.8438,41.5545,2008,8,7,26.59,16.53,15.4,4.11,22.46,2.63
US-Oho,-83.8438,41.5545,2008,8,8,25.81,13.82,13.47,3.86,25.8,0.05
US-Oho,-83.8438,41.5545,2008,8,9,25.83,13.08,13.71,3.7,21.95,2.54
US-Oho,-83.8438,41.5545,2008,8,10,23.23,10.12,11.43,4.96,23.03,0.07
US-Oho,-83.8438,41.5545,2008,8,11,25.86,12.8,13.66,3.05,24.06,0
US-Oho,-83.8438,41.5545,2008,8,12,26.29,14.82,14.18,1.59,22.75,0
US-Oho,-83.8438,41.5545,2008,8,13,25.14,17.89,14.62,1.98,15.25,0.43
US-Oho,-83.8438,41.5545,2008,8,14,24.73,15.35,15.27,2.26,16.33,5.42
US-Oho,-83.8438,41.5545,2008,8,15,26.56,12.71,12.61,2.96,22.88,0.07
US-Oho,-83.8438,41.5545,2008,8,16,27.76,13.95,12.71,2.86,24.9,0
US-Oho,-83.8438,41.5545,2008,8,17,29.08,15.62,13.46,4.37,23.68,0
US-Oho,-83.8438,41.5545,2008,8,18,29.26,16.38,16.12,4.11,20.56,0.62
US-Oho,-83.8438,41.5545,2008,8,19,25.62,15.36,14.08,3.77,16.52,0.04
US-Oho,-83.8438,41.5545,2008,8,20,26.81,12.56,10.07,3.56,25.56,0
US-Oho,-83.8438,41.5545,2008,8,21,33.09,13.32,15.37,3.33,19.08,0
US-Oho,-83.8438,41.5545,2008,8,22,31.79,20.09,18.27,3.74,16.18,1.03
US-Oho,-83.8438,41.5545,2008,8,23,33.53,21.01,17.39,3.17,21.69,0.47
US-Oho,-83.8438,41.5545,2008,8,24,31.97,18.58,16.91,3.44,20.61,0.32
US-Oho,-83.8438,41.5545,2008,8,25,25.36,14.57,11.9,4.89,23.59,0
US-Oho,-83.8438,41.5545,2008,8,26,26.05,13.64,11.34,5.39,24.73,0
US-Oho,-83.8438,41.5545,2008,8,27,29.33,13.66,15.08,4.1,14.88,0.02
US-Oho,-83.8438,41.5545,2008,8,28,28.34,16.1,15.88,2.07,10.88,0.85
US-Oho,-83.8438,41.5545,2008,8,29,30.53,17.89,17.34,3.32,13.32,0.71
US-Oho,-83.8438,41.5545,2008,8,30,30.46,14.35,12.27,2.41,23.24,0
US-Oho,-83.8438,41.5545,2008,8,31,31.46,14.58,10.28,2.7,22.95,0
US-Oho,-83.8438,41.5545,2008,9,1,31.61,13.95,11.42,3.72,23.86,0
US-Oho,-83.8438,41.5545,2008,9,2,33.36,15.22,12.08,2.06,21.98,0
US-Oho,-83.8438,41.5545,2008,9,3,34.99,18.11,16.25,2.05,19.67,3.68
US-Oho,-83.8438,41.5545,2008,9,4,30.45,19.22,17.86,4.39,9.77,3.02
US-Oho,-83.8438,41.5545,2008,9,5,27.17,18.07,16.34,5.97,8.37,0.61
US-Oho,-83.8438,41.5545,2008,9,6,27.01,14.69,10.98,3.07,20.97,0.02
US-Oho,-83.8438,41.5545,2008,9,7,24.64,13.93,11.61,3.21,16.09,4.74
US-Oho,-83.8438,41.5545,2008,9,8,26.4,13.22,12.59,2.62,15.94,2.67
US-Oho,-83.8438,41.5545,2008,9,9,22.61,11.82,8.69,4.04,17.59,5.31
US-Oho,-83.8438,41.5545,2008,9,10,23.38,10.71,6.85,3.6,20.03,0
US-Oho,-83.8438,41.5545,2008,9,11,26.73,9.71,9.98,2.77,21.52,1.74
US-Oho,-83.8438,41.5545,2008,9,12,23.99,19.83,20.44,3.54,6.46,24.75
US-Oho,-83.8438,41.5545,2008,9,13,27.71,20.16,21.63,5.45,5.27,39.34
US-Oho,-83.8438,41.5545,2008,9,14,28.53,15.2,19.11,8.01,8.85,14.6
US-Oho,-83.8438,41.5545,2008,9,15,20.9,11.79,12.14,3.81,11.89,0.08
US-Oho,-83.8438,41.5545,2008,9,16,20.75,9.51,9.44,2.14,19.27,0
US-Oho,-83.8438,41.5545,2008,9,17,25.93,10.08,12.83,4.11,20.94,0
US-Oho,-83.8438,41.5545,2008,9,18,22.11,11.63,10.13,4.05,20.99,0
US-Oho,-83.8438,41.5545,2008,9,19,24.68,8.85,10.93,2.31,19.08,0
US-Oho,-83.8438,41.5545,2008,9,20,27.12,13.01,12.94,2.05,15.8,0
US-Oho,-83.8438,41.5545,2008,9,21,25.11,14.62,15.6,3.09,15.52,0
US-Oho,-83.8438,41.5545,2008,9,22,25.2,12.16,12.03,2.87,17.85,0
US-Oho,-83.8438,41.5545,2008,9,23,27.24,10.78,11.67,3.5,19.07,0
US-Oho,-83.8438,41.5545,2008,9,24,27.98,11.09,10.33,3.2,18.96,0
US-Oho,-83.8438,41.5545,2008,9,25,26.61,11.43,11.16,3.13,17.77,0
US-Oho,-83.8438,41.5545,2008,9,26,24.05,12.23,12.87,4.44,18.37,0
US-Oho,-83.8438,41.5545,2008,9,27,23.52,12.98,15.07,3.44,8.39,0
US-Oho,-83.8438,41.5545,2008,9,28,25.05,10.48,13.04,3.28,17.32,0.02
US-Oho,-83.8438,41.5545,2008,9,29,23.96,13.7,14.66,2.9,11.88,4.43
US-Oho,-83.8438,41.5545,2008,9,30,18.85,9.59,11.19,5.2,9.71,3.66
US-Oho,-83.8438,41.5545,2008,10,1,15.98,6.31,6.45,5.17,8.82,0.06
US-Oho,-83.8438,41.5545,2008,10,2,13.89,4.69,6.05,5.37,8.37,0.91
US-Oho,-83.8438,41.5545,2008,10,3,16.22,5.28,3.53,2.95,16.24,0.59
US-Oho,-83.8438,41.5545,2008,10,4,16.4,4,2.11,2.54,16.77,0
US-Oho,-83.8438,41.5545,2008,10,5,16.86,7.12,4,1.78,16.18,0.26
US-Oho,-83.8438,41.5545,2008,10,6,17.52,8.28,7.87,3.73,8.74,0.09
US-Oho,-83.8438,41.5545,2008,10,7,20.35,5.09,5.76,4.41,12.43,0.39
US-Oho,-83.8438,41.5545,2008,10,8,21.05,9.88,13.14,5.67,4.27,4.89
US-Oho,-83.8438,41.5545,2008,10,9,22.64,7.97,7.38,3.88,17.15,0.02
US-Oho,-83.8438,41.5545,2008,10,10,22.57,7.56,3.59,2.56,17.16,0
US-Oho,-83.8438,41.5545,2008,10,11,26.22,7.15,7.98,3.37,15.5,0
US-Oho,-83.8438,41.5545,2008,10,12,27.89,8.28,7.51,3.19,15.96,0
US-Oho,-83.8438,41.5545,2008,10,13,22.34,10.52,10.01,3.42,12.49,0
US-Oho,-83.8438,41.5545,2008,10,14,21.51,10.07,10.89,4.57,9.47,0.04
US-Oho,-83.8438,41.5545,2008,10,15,23.2,10.02,12.31,3.7,4.99,14.6
US-Oho,-83.8438,41.5545,2008,10,16,15.83,7.9,6.45,3.94,9.43,1.51
US-Oho,-83.8438,41.5545,2008,10,17,14.93,5.31,4.11,2.95,11.23,0.02
US-Oho,-83.8438,41.5545,2008,10,18,14.75,4.67,2.17,3.12,13.21,0
US-Oho,-83.8438,41.5545,2008,10,19,14.94,2.36,0.98,3.24,15.24,0
US-Oho,-83.8438,41.5545,2008,10,20,18.99,4.63,3.9,5.24,13.5,2.15
US-Oho,-83.8438,41.5545,2008,10,21,11.56,1.69,0.61,5.02,15.25,0
US-Oho,-83.8438,41.5545,2008,10,22,10.94,-0.6,-0.83,4.02,14.8,0
US-Oho,-83.8438,41.5545,2008,10,23,15.87,-0.62,0.28,4.93,14.86,0
US-Oho,-83.8438,41.5545,2008,10,24,9.37,3.57,3.89,4.64,4.01,11.15
US-Oho,-83.8438,41.5545,2008,10,25,11.56,4.63,4.33,6.21,7,0.4
US-Oho,-83.8438,41.5545,2008,10,26,16.28,3.33,1.8,8.5,9.49,0.24
US-Oho,-83.8438,41.5545,2008,10,27,7.98,1.13,0.92,6.45,6.55,1.98
US-Oho,-83.8438,41.5545,2008,10,28,6.84,-0.41,-1.12,6.79,7.94,0.06
US-Oho,-83.8438,41.5545,2008,10,29,7.97,-2.11,-2.38,5.6,5.92,0.1
US-Oho,-83.8438,41.5545,2008,10,30,13.17,-2.72,-3,3.78,13.13,0
US-Oho,-83.8438,41.5545,2008,10,31,20.33,2.78,4.57,5.34,12.81,0
US-Oho,-83.8438,41.5545,2008,11,1,15.59,4.88,6.93,2.94,6.36,0
US-Oho,-83.8438,41.5545,2008,11,2,15.64,3.87,6.59,3.94,7.46,0.02
US-Oho,-83.8438,41.5545,2008,11,3,21.68,9.02,9.46,3.95,7.96,1.24
US-Oho,-83.8438,41.5545,2008,11,4,21.27,6.71,5.97,3.74,11.48,0
US-Oho,-83.8438,41.5545,2008,11,5,21.96,5.67,5.58,3.66,11.89,0
US-Oho,-83.8438,41.5545,2008,11,6,22.33,6.3,5.76,4.01,11.75,0.01
US-Oho,-83.8438,41.5545,2008,11,7,15.22,3.58,6.61,4.63,4.45,0.48
US-Oho,-83.8438,41.5545,2008,11,8,7.89,2.18,-0.25,7.09,4.97,0.14
US-Oho,-83.8438,41.5545,2008,11,9,5.71,-0.57,-0.4,6.61,3.32,1.39
US-Oho,-83.8438,41.5545,2008,11,10,3,-3.84,-4.66,4.79,2.98,0
US-Oho,-83.8438,41.5545,2008,11,11,3.13,-4.04,-3.63,1.88,5.92,0.08
US-Oho,-83.8438,41.5545,2008,11,12,12.87,-0.78,1.13,4.35,7.13,14.5
US-Oho,-83.8438,41.5545,2008,11,13,13.97,6.98,7.38,6.99,3.78,2.81
US-Oho,-83.8438,41.5545,2008,11,14,12.47,7.6,8.95,4.77,2.81,7.78
US-Oho,-83.8438,41.5545,2008,11,15,8.02,0.77,2.71,8.12,1.57,23.64
US-Oho,-83.8438,41.5545,2008,11,16,2.7,-1.04,-2.05,6.14,5.04,0.5
US-Oho,-83.8438,41.5545,2008,11,17,1.98,-3.28,-4.15,3.96,6,0.64
US-Oho,-83.8438,41.5545,2008,11,18,0.42,-5.4,-8.02,4.45,10.37,0
US-Oho,-83.8438,41.5545,2008,11,19,2.92,-3.76,-5.31,5.69,2.96,0
US-Oho,-83.8438,41.5545,2008,11,20,2.75,-3.88,-4.2,6.78,4.3,0.14
US-Oho,-83.8438,41.5545,2008,11,21,-0.97,-6.1,-9.19,6.16,8.75,0.03
US-Oho,-83.8438,41.5545,2008,11,22,-0.1,-5.97,-7.6,2.88,5.51,0
US-Oho,-83.8438,41.5545,2008,11,23,3.43,-8.13,-6.64,3.63,9.03,0.01
US-Oho,-83.8438,41.5545,2008,11,24,3.17,-1.42,-1.19,5.94,1.99,2.41
US-Oho,-83.8438,41.5545,2008,11,25,2.79,-0.73,-1,7.84,3.28,0.65
US-Oho,-83.8438,41.5545,2008,11,26,4.05,-3.14,-3.07,4.48,5.6,0
US-Oho,-83.8438,41.5545,2008,11,27,4.92,-3.57,-2.77,3.67,8.2,0
US-Oho,-83.8438,41.5545,2008,11,28,4.46,-2.75,-2.45,5.61,5.04,0
US-Oho,-83.8438,41.5545,2008,11,29,5.15,-3.59,-3.38,2.7,9.42,0
US-Oho,-83.8438,41.5545,2008,11,30,2.39,-0.51,0.07,4.7,1.77,8.25
US-Oho,-83.8438,41.5545,2008,12,1,2.33,-2.35,-1.63,7.31,2.86,1.17
US-Oho,-83.8438,41.5545,2008,12,2,-1.14,-5.06,-7.46,6.55,4.35,0
US-Oho,-83.8438,41.5545,2008,12,3,4.83,-2.84,-1.78,6.94,5.98,0.7
US-Oho,-83.8438,41.5545,2008,12,4,0.25,-5.86,-6.02,5.77,4.86,0.02
US-Oho,-83.8438,41.5545,2008,12,5,-4.74,-9.37,-11.34,5.79,6.99,0.01
US-Oho,-83.8438,41.5545,2008,12,6,-0.94,-9.13,-7.59,8.12,2.7,0.74
US-Oho,-83.8438,41.5545,2008,12,7,-3.96,-9.64,-11.01,4.71,5.14,0.01
US-Oho,-83.8438,41.5545,2008,12,8,0.27,-7.53,-6.34,4.67,4.82,0.39
US-Oho,-83.8438,41.5545,2008,12,9,7.56,0.62,2.53,6.83,1.5,25.51
US-Oho,-83.8438,41.5545,2008,12,10,0.68,-5.41,-4.88,5.5,5.56,0.63
US-Oho,-83.8438,41.5545,2008,12,11,1.41,-5.09,-4.53,2.11,5.27,0
US-Oho,-83.8438,41.5545,2008,12,12,-2.31,-8.04,-7.92,4.92,4.35,0.07
US-Oho,-83.8438,41.5545,2008,12,13,2.18,-10.08,-7.46,7.11,4.16,0.22
US-Oho,-83.8438,41.5545,2008,12,14,8.16,0.51,1.36,9.64,1.58,2.14
US-Oho,-83.8438,41.5545,2008,12,15,8.43,-7.24,-6.77,9.45,2.67,3.57
US-Oho,-83.8438,41.5545,2008,12,16,-3.26,-6.35,-8.99,3.66,3.69,5.94
US-Oho,-83.8438,41.5545,2008,12,17,-1.98,-8.6,-6.51,4.41,2.22,0.1
US-Oho,-83.8438,41.5545,2008,12,18,-1.92,-8.76,-7.58,1.5,3.77,0.27
US-Oho,-83.8438,41.5545,2008,12,19,0.5,-9.82,-4.39,6.11,1.17,23.86
US-Oho,-83.8438,41.5545,2008,12,20,-3.77,-12.63,-8.4,4.13,4.57,1.96
US-Oho,-83.8438,41.5545,2008,12,21,-5.82,-20.94,-16.56,11.38,7.12,0.76
US-Oho,-83.8438,41.5545,2008,12,22,-14.17,-23.58,-18.77,7.41,8.42,0.09
US-Oho,-83.8438,41.5545,2008,12,23,0.27,-20.39,-8.91,6.08,2.2,7.88
US-Oho,-83.8438,41.5545,2008,12,24,2.67,-7.56,-1.26,9.43,1.96,8.29
US-Oho,-83.8438,41.5545,2008,12,25,-5.55,-11.67,-10.86,3.61,7.8,0
US-Oho,-83.8438,41.5545,2008,12,26,6.61,-6.62,-1.59,5.5,2.8,5.8
US-Oho,-83.8438,41.5545,2008,12,27,15.5,5.55,10.63,10.46,4.76,2.92
US-Oho,-83.8438,41.5545,2008,12,28,14.58,-3.59,-2.28,10.06,5.37,11.35
US-Oho,-83.8438,41.5545,2008,12,29,7.42,-3.89,-3.13,8.11,8.54,0.01
US-Oho,-83.8438,41.5545,2008,12,30,2.58,-3.98,-5.03,3.49,7.29,0.35
US-Oho,-83.8438,41.5545,2008,12,31,-1.78,-9.54,-9.66,8.1,5.41,0.11
US-Oho,-83.8438,41.5545,2009,1,1,-0.56,-10.53,-9.07,4.92,5.05,0
US-Oho,-83.8438,41.5545,2009,1,2,1.33,-8.08,-5.97,6.62,6.18,0
US-Oho,-83.8438,41.5545,2009,1,3,0.57,-9.28,-7.87,3.9,8.71,0.31
US-Oho,-83.8438,41.5545,2009,1,4,5.47,-3.21,-1.22,6.11,2.1,0.62
US-Oho,-83.8438,41.5545,2009,1,5,-1.59,-7.98,-9.19,3.88,8.86,0.01
US-Oho,-83.8438,41.5545,2009,1,6,-0.77,-9.09,-6.81,4.01,2.68,0.91
US-Oho,-83.8438,41.5545,2009,1,7,0.04,-5.83,-4.01,6.82,3.2,0.81
US-Oho,-83.8438,41.5545,2009,1,8,-1.13,-7.79,-7.15,8.12,6.9,0.1
US-Oho,-83.8438,41.5545,2009,1,9,-3.88,-9.63,-7.49,3.63,3.14,4.02
US-Oho,-83.8438,41.5545,2009,1,10,-1.65,-8.8,-4.87,6.33,2.75,8.38
US-Oho,-83.8438,41.5545,2009,1,11,-4.28,-11.22,-8.95,2.92,3.91,0.64
US-Oho,-83.8438,41.5545,2009,1,12,-2.44,-11.77,-7.55,3.42,3.98,0.3
US-Oho,-83.8438,41.5545,2009,1,13,-0.49,-15.54,-8.01,7.06,5.74,1.66
US-Oho,-83.8438,41.5545,2009,1,14,-9.81,-17.32,-14.63,3.28,3.35,3.47
US-Oho,-83.8438,41.5545,2009,1,15,-11.47,-21.54,-17.54,5.3,8.94,0
US-Oho,-83.8438,41.5545,2009,1,16,-11.96,-24.95,-18.54,6.2,9.42,0.02
US-Oho,-83.8438,41.5545,2009,1,17,-3.09,-23.67,-13.02,7.65,3.8,1.64
US-Oho,-83.8438,41.5545,2009,1,18,-5.39,-12.81,-9.75,5.53,8.25,0.09
US-Oho,-83.8438,41.5545,2009,1,19,-6.02,-14.23,-12.71,3.66,9.44,0.03
US-Oho,-83.8438,41.5545,2009,1,20,-7.95,-15.44,-13.85,4.17,9.6,0
US-Oho,-83.8438,41.5545,2009,1,21,-3.7,-19.08,-11,6.05,8.77,0
US-Oho,-83.8438,41.5545,2009,1,22,0.01,-8.33,-5.48,4.58,10.07,0
US-Oho,-83.8438,41.5545,2009,1,23,1.54,-4.82,-2.82,6.82,8.43,0.02
US-Oho,-83.8438,41.5545,2009,1,24,-6.33,-15.29,-13.33,4.36,11.68,0
US-Oho,-83.8438,41.5545,2009,1,25,-8.44,-18.11,-14.62,3.94,8.55,0
US-Oho,-83.8438,41.5545,2009,1,26,-5.47,-14.15,-12.46,2.1,8.74,0.01
US-Oho,-83.8438,41.5545,2009,1,27,-4.53,-10.65,-9.17,2.96,6.58,4.11
US-Oho,-83.8438,41.5545,2009,1,28,-5.69,-13.22,-8.93,5.15,9.36,8.83
US-Oho,-83.8438,41.5545,2009,1,29,-2.05,-11.26,-7.09,7.26,3.97,0.18
US-Oho,-83.8438,41.5545,2009,1,30,-5.99,-13.66,-10.49,6.72,11.29,0.03
US-Oho,-83.8438,41.5545,2009,1,31,-1.62,-18.3,-10.25,7.89,7.36,0
US-Oho,-83.8438,41.5545,2009,2,1,1.79,-3.76,-2.68,6.08,9.32,0.01
US-Oho,-83.8438,41.5545,2009,2,2,0.92,-9.66,-5.86,4.09,12.07,3.09
US-Oho,-83.8438,41.5545,2009,2,3,-4.48,-14.18,-10.99,4.51,11.53,0.08
US-Oho,-83.8438,41.5545,2009,2,4,-9.51,-16.17,-14.78,5.29,11.8,0.02
US-Oho,-83.8438,41.5545,2009,2,5,-5.33,-19.11,-13.81,4.33,11.04,0
US-Oho,-83.8438,41.5545,2009,2,6,1.57,-14.05,-6.51,4.19,11.76,0
US-Oho,-83.8438,41.5545,2009,2,7,11.38,1.87,6.46,10.28,9.44,0
US-Oho,-83.8438,41.5545,2009,2,8,6.53,-1.51,-1.01,3.03,8.63,0
US-Oho,-83.8438,41.5545,2009,2,9,4.85,-2.17,-0.04,4.11,7.35,0.31
US-Oho,-83.8438,41.5545,2009,2,10,16.01,4.82,9.71,8.74,8.22,3.96
US-Oho,-83.8438,41.5545,2009,2,11,16.7,3.87,9.19,10.22,2.88,41.64
US-Oho,-83.8438,41.5545,2009,2,12,5.55,-1.27,-1.51,10.88,5.5,0.21
US-Oho,-83.8438,41.5545,2009,2,13,4.72,-3.33,-2.93,3.64,8.99,0.19
US-Oho,-83.8438,41.5545,2009,2,14,1.05,-3.22,-2.54,3.23,4.93,2.01
US-Oho,-83.8438,41.5545,2009,2,15,0.8,-3.67,-5.34,3.35,8.37,0.07
US-Oho,-83.8438,41.5545,2009,2,16,0.98,-4.28,-6.37,2.65,10.7,0
US-Oho,-83.8438,41.5545,2009,2,17,4.51,-3.46,-4.14,5.78,12.9,0.05
US-Oho,-83.8438,41.5545,2009,2,18,4.66,-1.91,0.82,5.99,1.75,7.25
US-Oho,-83.8438,41.5545,2009,2,19,-2.58,-7.74,-10.28,9.73,8.3,0.56
US-Oho,-83.8438,41.5545,2009,2,20,-1.55,-9.19,-9.53,5.26,11.45,0.03
US-Oho,-83.8438,41.5545,2009,2,21,0.89,-8.83,-7.19,8.46,3.88,3.77
US-Oho,-83.8438,41.5545,2009,2,22,-1.01,-6.86,-7.14,8.35,8.15,0.22
US-Oho,-83.8438,41.5545,2009,2,23,-3.67,-9.36,-9.54,3.74,11.32,0.05
US-Oho,-83.8438,41.5545,2009,2,24,1.3,-9.71,-8.01,3.4,12.2,0
US-Oho,-83.8438,41.5545,2009,2,25,9.97,-5.01,-0.6,5.8,13.81,0.12
US-Oho,-83.8438,41.5545,2009,2,26,11.44,-0.51,4.21,5.56,7.77,5.28
US-Oho,-83.8438,41.5545,2009,2,27,12.84,-7.1,-0.25,8.81,3.72,4.99
US-Oho,-83.8438,41.5545,2009,2,28,-2.13,-6.88,-9.33,6.02,12.61,0.01
US-Oho,-83.8438,41.5545,2009,3,1,-2.65,-12.25,-11.22,7.27,14.89,0.96
US-Oho,-83.8438,41.5545,2009,3,2,-6.19,-12.92,-13.58,6.18,14.14,0.03
US-Oho,-83.8438,41.5545,2009,3,3,-2.69,-15.08,-12.54,1.93,17.97,0
US-Oho,-83.8438,41.5545,2009,3,4,3.67,-10.27,-8.39,3,17.33,0
US-Oho,-83.8438,41.5545,2009,3,5,10.77,-3.31,2.57,8.37,6.21,0
US-Oho,-83.8438,41.5545,2009,3,6,19.52,5.18,10.97,7.9,7.4,0.29
US-Oho,-83.8438,41.5545,2009,3,7,17.15,3.9,9.91,5.64,4.15,14.22
US-Oho,-83.8438,41.5545,2009,3,8,16.39,2.21,4.94,8.54,1.89,40.21
US-Oho,-83.8438,41.5545,2009,3,9,8.74,-2.7,-0.24,5.12,13.86,0.26
US-Oho,-83.8438,41.5545,2009,3,10,19.25,0.5,8.55,6.35,6.22,41.14
US-Oho,-83.8438,41.5545,2009,3,11,9.27,-4.84,-4.8,9.48,17.13,1.39
US-Oho,-83.8438,41.5545,2009,3,12,-0.93,-5.54,-8.05,2.93,14.94,0.1
US-Oho,-83.8438,41.5545,2009,3,13,2.91,-4.57,-6.35,1.97,18.91,0
US-Oho,-83.8438,41.5545,2009,3,14,7.58,-2.44,-3.77,2.04,15.72,0
US-Oho,-83.8438,41.5545,2009,3,15,11.42,-2.24,-2.78,3.26,19.05,0
US-Oho,-83.8438,41.5545,2009,3,16,13.84,-1.4,-0.07,2.67,18.47,0
US-Oho,-83.8438,41.5545,2009,3,17,18.8,0.36,5.52,5.34,19.06,0
US-Oho,-83.8438,41.5545,2009,3,18,15.72,3.8,7.29,3.91,8.59,3.37
US-Oho,-83.8438,41.5545,2009,3,19,9.18,-4.17,-2.06,5.38,20.61,0
US-Oho,-83.8438,41.5545,2009,3,20,4.72,-5.39,-5.93,3.23,21.79,0
US-Oho,-83.8438,41.5545,2009,3,21,9.71,-2.94,-2.59,2.28,15.31,0
US-Oho,-83.8438,41.5545,2009,3,22,14.41,-1.68,0.03,3.67,15,0
US-Oho,-83.8438,41.5545,2009,3,23,8.24,-2.45,-3.66,6.1,20.93,0
US-Oho,-83.8438,41.5545,2009,3,24,15.07,-1.22,1.6,7.28,13.32,0.05
US-Oho,-83.8438,41.5545,2009,3,25,15.87,3.86,9.44,7.24,7.1,2.51
US-Oho,-83.8438,41.5545,2009,3,26,12.64,2.2,2.84,2.23,13.47,0.03
US-Oho,-83.8438,41.5545,2009,3,27,14.77,2.08,3.84,1.78,14.91,0
US-Oho,-83.8438,41.5545,2009,3,28,8.77,0.97,3.37,6.55,13.34,1.67
US-Oho,-83.8438,41.5545,2009,3,29,8.65,0.07,1.6,9.68,9.07,10.2
US-Oho,-83.8438,41.5545,2009,3,30,9.51,-3.28,-1.54,4.47,23.65,0
US-Oho,-83.8438,41.5545,2009,3,31,15.03,-1.94,3.82,6.74,10.96,0.72
US-Oho,-83.8438,41.5545,2009,4,1,13.04,1.6,1.97,7.15,22.83,0.1
US-Oho,-83.8438,41.5545,2009,4,2,15.45,3.32,5.19,5.42,16.29,4.21
US-Oho,-83.8438,41.5545,2009,4,3,12.98,0.07,4.76,8.88,6.36,4.52
US-Oho,-83.8438,41.5545,2009,4,4,11.69,-1.41,0.41,5.7,24.29,0.04
US-Oho,-83.8438,41.5545,2009,4,5,13.12,-0.28,1.84,6.61,12.47,24.42
US-Oho,-83.8438,41.5545,2009,4,6,3.24,-4.3,-1.22,8.12,10.34,3.46
US-Oho,-83.8438,41.5545,2009,4,7,2.91,-5.24,-4.03,7.27,11.44,0.04
US-Oho,-83.8438,41.5545,2009,4,8,10.1,-4.58,-2.81,4.72,24.39,0
US-Oho,-83.8438,41.5545,2009,4,9,13.85,-2.06,0.51,3.69,24.41,0
US-Oho,-83.8438,41.5545,2009,4,10,8.85,-0.23,1.77,6.15,7.91,1.41
US-Oho,-83.8438,41.5545,2009,4,11,10.87,-2.4,-1.3,5.19,24.42,0
US-Oho,-83.8438,41.5545,2009,4,12,10.52,-2.48,-2.15,4.01,25.99,0
US-Oho,-83.8438,41.5545,2009,4,13,6.21,0.39,1.28,7.37,6.48,7.76
US-Oho,-83.8438,41.5545,2009,4,14,10.46,3.9,6.15,5.79,3.06,18.83
US-Oho,-83.8438,41.5545,2009,4,15,11.64,1.79,3.81,5.32,9.12,0.78
US-Oho,-83.8438,41.5545,2009,4,16,16.54,-0.88,2.32,2.91,25.29,0
US-Oho,-83.8438,41.5545,2009,4,17,20.16,4.59,2.54,1.89,26.55,0
US-Oho,-83.8438,41.5545,2009,4,18,22.02,4.37,8.13,3.85,23.8,0.03
US-Oho,-83.8438,41.5545,2009,4,19,16.58,7.56,8.98,5.02,7.03,7.47
US-Oho,-83.8438,41.5545,2009,4,20,15.66,5.69,8.19,6.14,6.14,11.88
US-Oho,-83.8438,41.5545,2009,4,21,9.69,3.05,3.39,7.28,15.18,2.05
US-Oho,-83.8438,41.5545,2009,4,22,12.1,1.52,2.33,6.01,21.07,0.19
US-Oho,-83.8438,41.5545,2009,4,23,15.09,-2.01,1.2,2.9,26.81,0
US-Oho,-83.8438,41.5545,2009,4,24,27,8.44,13.61,8.06,25.09,0.15
US-Oho,-83.8438,41.5545,2009,4,25,24.88,16.96,17.32,7.55,21.56,0.18
US-Oho,-83.8438,41.5545,2009,4,26,26.88,13.09,16.29,5.65,20.41,0.23
US-Oho,-83.8438,41.5545,2009,4,27,26.49,16.08,16.15,7.64,23.27,0.37
US-Oho,-83.8438,41.5545,2009,4,28,17.22,6.8,9.79,5.58,7.64,6.55
US-Oho,-83.8438,41.5545,2009,4,29,15.58,6.54,8.1,5.29,12.29,1.83
US-Oho,-83.8438,41.5545,2009,4,30,21.02,10.6,15.27,7.16,5.53,16.01
US-Oho,-83.8438,41.5545,2009,5,1,20.28,5.89,10.94,5.52,14.95,1.48
US-Oho,-83.8438,41.5545,2009,5,2,17.42,4.81,5.55,3.73,24.15,0
US-Oho,-83.8438,41.5545,2009,5,3,20.02,5.74,6.14,2.22,22.69,0
US-Oho,-83.8438,41.5545,2009,5,4,18.67,7.61,6.3,4.81,22.56,0
US-Oho,-83.8438,41.5545,2009,5,5,19.03,7.23,8.96,3.51,23.14,0
US-Oho,-83.8438,41.5545,2009,5,6,18.03,8.06,10.39,2.75,9.65,1.5
US-Oho,-83.8438,41.5545,2009,5,7,20.31,7.54,12.35,4.48,10.76,7.91
US-Oho,-83.8438,41.5545,2009,5,8,22.12,12.73,13.85,2.68,15.3,2.21
US-Oho,-83.8438,41.5545,2009,5,9,17.53,9.11,10.46,7.36,14.3,0.03
US-Oho,-83.8438,41.5545,2009,5,10,16.16,5.68,7.69,3.97,22.47,0.23
US-Oho,-83.8438,41.5545,2009,5,11,16.66,6.11,5.27,3.82,25.09,0
US-Oho,-83.8438,41.5545,2009,5,12,18.56,2.98,3.95,2.97,29.34,0
US-Oho,-83.8438,41.5545,2009,5,13,18.05,8.19,11.87,7.21,6.77,9.69
US-Oho,-83.8438,41.5545,2009,5,14,21,11.91,11.13,7.62,26.5,16.56
US-Oho,-83.8438,41.5545,2009,5,15,21.62,8.25,11.27,3.46,21.64,4.81
US-Oho,-83.8438,41.5545,2009,5,16,19.94,6.61,10.94,7.77,13.08,4.17
US-Oho,-83.8438,41.5545,2009,5,17,15.33,3.67,1.7,5.13,30.42,0
US-Oho,-83.8438,41.5545,2009,5,18,17.8,2.37,2.53,2.36,30.35,0.01
US-Oho,-83.8438,41.5545,2009,5,19,22.58,6.34,7.46,4.79,29.48,0
US-Oho,-83.8438,41.5545,2009,5,20,26.91,8.91,10.36,4.53,30.01,0
US-Oho,-83.8438,41.5545,2009,5,21,27.19,10.86,14.16,4.77,30.45,0
US-Oho,-83.8438,41.5545,2009,5,22,22.52,11.6,12.46,4.07,23.79,0
US-Oho,-83.8438,41.5545,2009,5,23,24.97,10.03,13.59,1.9,24.9,0.45
US-Oho,-83.8438,41.5545,2009,5,24,23.19,12.7,14.12,4.09,22.05,0.22
US-Oho,-83.8438,41.5545,2009,5,25,20.35,11.15,8.05,6.46,25.7,0
US-Oho,-83.8438,41.5545,2009,5,26,25.77,12.63,15.99,3.56,16.48,9.11
US-Oho,-83.8438,41.5545,2009,5,27,24.38,18.48,19.91,4.58,14.3,16.6
US-Oho,-83.8438,41.5545,2009,5,28,21.82,10.7,15.72,4.19,9.72,2.06
US-Oho,-83.8438,41.5545,2009,5,29,24.51,9.32,11.66,4.77,26.65,0.15
US-Oho,-83.8438,41.5545,2009,5,30,22.91,9.11,9.84,3.95,25.86,0
US-Oho,-83.8438,41.5545,2009,5,31,19.68,8.29,6.59,3.61,30.68,0
US-Oho,-83.8438,41.5545,2009,6,1,25.62,9.72,14.75,5.19,14.6,7.28
US-Oho,-83.8438,41.5545,2009,6,2,20.69,9.86,11.32,3.62,12.64,5.27
US-Oho,-83.8438,41.5545,2009,6,3,16.73,9.18,10.49,2.61,10.6,1.23
US-Oho,-83.8438,41.5545,2009,6,4,18.67,7.05,6.52,3.93,27.03,0
US-Oho,-83.8438,41.5545,2009,6,5,22.26,6.71,7.73,2.65,30.19,0
US-Oho,-83.8438,41.5545,2009,6,6,26.34,10.95,13.68,2.55,22.94,0.05
US-Oho,-83.8438,41.5545,2009,6,7,26.81,15.39,16.67,3.07,18.12,0.31
US-Oho,-83.8438,41.5545,2009,6,8,26.18,17.36,19.11,5.06,14.62,2.41
US-Oho,-83.8438,41.5545,2009,6,9,24.85,14.05,15.55,4.11,25.77,0.02
US-Oho,-83.8438,41.5545,2009,6,10,20.49,13.82,15,2.51,10.55,0.73
US-Oho,-83.8438,41.5545,2009,6,11,20.25,13.32,15.92,4.15,8.72,11.65
US-Oho,-83.8438,41.5545,2009,6,12,23.14,11.15,11.54,3.43,27.71,0.68
US-Oho,-83.8438,41.5545,2009,6,13,21.35,12.45,11.79,1.89,16.52,0.37
US-Oho,-83.8438,41.5545,2009,6,14,22.57,12.36,12.9,1.64,23.47,0.52
US-Oho,-83.8438,41.5545,2009,6,15,25.24,12.4,13.25,3.09,26.63,0
US-Oho,-83.8438,41.5545,2009,6,16,25.78,11.7,13.91,4.18,18.21,1.38
US-Oho,-83.8438,41.5545,2009,6,17,27.1,16.54,18.48,4.23,16.22,1.49
US-Oho,-83.8438,41.5545,2009,6,18,24.78,15.68,16.1,2.53,20.25,5.29
US-Oho,-83.8438,41.5545,2009,6,19,28.79,17.18,21.56,3.17,13.68,42.89
US-Oho,-83.8438,41.5545,2009,6,20,28.41,19.28,19.99,6.93,27.91,8.62
US-Oho,-83.8438,41.5545,2009,6,21,27.64,17.71,18.79,2.59,26.79,0
US-Oho,-83.8438,41.5545,2009,6,22,27.9,16.29,18.06,2.48,27.81,0
US-Oho,-83.8438,41.5545,2009,6,23,29.15,17.76,18.32,1.62,29.5,0
US-Oho,-83.8438,41.5545,2009,6,24,31.32,19.97,20.2,1.49,26.9,0.07
US-Oho,-83.8438,41.5545,2009,6,25,32.32,22.14,22.37,2.65,24.71,4.62
US-Oho,-83.8438,41.5545,2009,6,26,28.19,19.08,19.12,3.41,28.6,0
US-Oho,-83.8438,41.5545,2009,6,27,27.05,16.38,16.36,2.71,26.21,0
US-Oho,-83.8438,41.5545,2009,6,28,27.2,17.61,16.2,5.75,26.62,0.06
US-Oho,-83.8438,41.5545,2009,6,29,25.34,15.65,14.83,5.93,20.57,0.08
US-Oho,-83.8438,41.5545,2009,6,30,21.83,14.43,14.14,5.22,13.59,0.03
US-Oho,-83.8438,41.5545,2009,7,1,22.08,12.86,13.83,2.71,15.27,1.62
US-Oho,-83.8438,41.5545,2009,7,2,21.81,12.19,13.67,4.43,13.86,0.16
US-Oho,-83.8438,41.5545,2009,7,3,24.09,14.14,14.97,4.62,19.19,0
US-Oho,-83.8438,41.5545,2009,7,4,22.96,12.73,13.2,1.05,14.49,0
US-Oho,-83.8438,41.5545,2009,7,5,26.59,15.15,15.06,1.89,27.18,0
US-Oho,-83.8438,41.5545,2009,7,6,26.41,14.71,14.58,4,26.53,0.05
US-Oho,-83.8438,41.5545,2009,7,7,24.28,13.63,12.31,4.37,29.05,0
US-Oho,-83.8438,41.5545,2009,7,8,25.42,11.23,12.86,2.7,27.56,0
US-Oho,-83.8438,41.5545,2009,7,9,26.7,15.5,14.25,3.16,25.88,0
US-Oho,-83.8438,41.5545,2009,7,10,29.6,15.64,16.94,3.36,21.53,0.18
US-Oho,-83.8438,41.5545,2009,7,11,28.34,15.87,19.48,5.04,18.99,14.51
US-Oho,-83.8438,41.5545,2009,7,12,25.87,12.89,13.04,3.66,28.76,0.08
US-Oho,-83.8438,41.5545,2009,7,13,25.63,11.76,10.23,3.64,29.79,0.09
US-Oho,-83.8438,41.5545,2009,7,14,25.56,12,9.39,2.2,25.72,0
US-Oho,-83.8438,41.5545,2009,7,15,27.12,13.95,15.78,4.84,18.02,0.01
US-Oho,-83.8438,41.5545,2009,7,16,27.79,17.12,15.88,4.98,28.31,0.15
US-Oho,-83.8438,41.5545,2009,7,17,23.95,13.72,13.94,4.35,18.7,4.65
US-Oho,-83.8438,41.5545,2009,7,18,22.96,12.15,12,4.14,19.46,0.06
US-Oho,-83.8438,41.5545,2009,7,19,23.47,11.65,12.08,1.56,20.57,0.68
US-Oho,-83.8438,41.5545,2009,7,20,26.64,14.12,12.67,2.56,21.57,0.68
US-Oho,-83.8438,41.5545,2009,7,21,26.61,14.47,14.91,2.82,21.37,0.83
US-Oho,-83.8438,41.5545,2009,7,22,21.78,17.24,16.55,2.92,6.49,5.47
US-Oho,-83.8438,41.5545,2009,7,23,25.57,16.51,16.89,3.4,15.47,8.7
US-Oho,-83.8438,41.5545,2009,7,24,26.25,13.87,15.77,3.64,23.29,5.66
US-Oho,-83.8438,41.5545,2009,7,25,26.82,18.26,17.25,5.97,18.33,2.72
US-Oho,-83.8438,41.5545,2009,7,26,26.6,16.6,15.89,5.17,22.15,1.13
US-Oho,-83.8438,41.5545,2009,7,27,27.97,15.67,16.55,3.67,20.83,0
US-Oho,-83.8438,41.5545,2009,7,28,28.54,18.29,19.11,4.63,16.71,3.83
US-Oho,-83.8438,41.5545,2009,7,29,26.19,16.5,17.67,2.85,14.41,9.93
US-Oho,-83.8438,41.5545,2009,7,30,27.25,13.95,13.61,1.92,21.47,0.27
US-Oho,-83.8438,41.5545,2009,7,31,27.84,17.44,14.76,3.19,22.5,0.05
US-Oho,-83.8438,41.5545,2009,8,1,27.79,15.31,14.85,3.96,20.81,0.74
US-Oho,-83.8438,41.5545,2009,8,2,26.33,14.99,12.7,3.81,23.95,0.22
US-Oho,-83.8438,41.5545,2009,8,3,29.26,13.48,13.45,5.71,21.28,0
US-Oho,-83.8438,41.5545,2009,8,4,30.55,19.49,18.52,4.16,16.9,0.18
US-Oho,-83.8438,41.5545,2009,8,5,27.95,16.68,11.29,2.99,25.51,0
US-Oho,-83.8438,41.5545,2009,8,6,27.47,13.59,10.66,2.97,24.41,0
US-Oho,-83.8438,41.5545,2009,8,7,27.68,15.37,12.41,1.63,18.63,0.59
US-Oho,-83.8438,41.5545,2009,8,8,29.06,17.22,18.84,5.58,6.75,7.36
US-Oho,-83.8438,41.5545,2009,8,9,34.83,22.35,22.15,6.6,25.11,0.38
US-Oho,-83.8438,41.5545,2009,8,10,31.21,23.18,21.42,4.94,23.07,0.01
US-Oho,-83.8438,41.5545,2009,8,11,29.36,20.04,19.01,3.07,15.1,5.92
US-Oho,-83.8438,41.5545,2009,8,12,28.81,17.25,15.8,2.99,22.94,0
US-Oho,-83.8438,41.5545,2009,8,13,30.33,16.67,15.29,2.18,24.63,0
US-Oho,-83.8438,41.5545,2009,8,14,31.81,16.43,14.63,1.67,22.36,0
US-Oho,-83.8438,41.5545,2009,8,15,32.08,18.7,15.77,2.32,22.2,0
US-Oho,-83.8438,41.5545,2009,8,16,33.42,20.27,19.08,4.68,20.38,0.17
US-Oho,-83.8438,41.5545,2009,8,17,29.69,22.06,21.11,5.03,12.05,19.29
US-Oho,-83.8438,41.5545,2009,8,18,29.51,19.87,20.33,4.28,18.41,9.07
US-Oho,-83.8438,41.5545,2009,8,19,29.28,17.63,16.85,2.8,19.58,4.06
US-Oho,-83.8438,41.5545,2009,8,20,28.34,20.26,20.39,7.02,15.4,3.81
US-Oho,-83.8438,41.5545,2009,8,21,26.6,16.36,15.74,6.17,20.86,2.31
US-Oho,-83.8438,41.5545,2009,8,22,22.46,14.65,13.56,3.65,12.2,3.94
US-Oho,-83.8438,41.5545,2009,8,23,24.63,13.72,14.14,2.31,13.27,0.14
US-Oho,-83.8438,41.5545,2009,8,24,26.93,15.97,13.98,1.42,19.31,0.03
US-Oho,-83.8438,41.5545,2009,8,25,29.39,13.94,14.89,3.33,23.48,0
US-Oho,-83.8438,41.5545,2009,8,26,27.59,15.9,17.38,3.82,12.83,2.99
US-Oho,-83.8438,41.5545,2009,8,27,22.4,14.51,14.11,2.95,8.31,5.34
US-Oho,-83.8438,41.5545,2009,8,28,24.25,17.28,18.35,3.51,6.91,20.84
US-Oho,-83.8438,41.5545,2009,8,29,23.15,12.87,13.31,5.31,17.72,0.21
US-Oho,-83.8438,41.5545,2009,8,30,21.03,11.61,9.47,4.15,18.88,0.01
US-Oho,-83.8438,41.5545,2009,8,31,22.66,11.37,8.58,1.58,18.51,0
US-Oho,-83.8438,41.5545,2009,9,1,24.01,11.82,8.89,2.44,23,0
US-Oho,-83.8438,41.5545,2009,9,2,25.23,10.59,10.5,3.19,23.93,0
US-Oho,-83.8438,41.5545,2009,9,3,26.57,12.4,12.36,2.46,22.12,0.01
US-Oho,-83.8438,41.5545,2009,9,4,26.87,13.39,12.2,2.07,21.03,0.03
US-Oho,-83.8438,41.5545,2009,9,5,27.26,15,11.5,1.8,21.37,0.01
US-Oho,-83.8438,41.5545,2009,9,6,28.05,13.66,13.04,2.79,18.25,0.18
US-Oho,-83.8438,41.5545,2009,9,7,24.12,16.95,17.32,2.05,6.67,10.88
US-Oho,-83.8438,41.5545,2009,9,8,23.8,17.67,17.89,3.2,11.77,7
US-Oho,-83.8438,41.5545,2009,9,9,27.38,16.29,17,3.77,18.57,1.26
US-Oho,-83.8438,41.5545,2009,9,10,27.32,14.93,14.84,3.63,19.37,0
US-Oho,-83.8438,41.5545,2009,9,11,25.99,14.01,11.99,2.84,20.34,0
US-Oho,-83.8438,41.5545,2009,9,12,25.11,12.93,10.3,2.38,20.91,0
US-Oho,-83.8438,41.5545,2009,9,13,27.56,11.17,12.63,2.34,21.17,0
US-Oho,-83.8438,41.5545,2009,9,14,28.89,14.56,15.27,3.2,19.41,0.11
US-Oho,-83.8438,41.5545,2009,9,15,28.09,16.52,16.45,3.42,15.37,0.17
US-Oho,-83.8438,41.5545,2009,9,16,22.55,13,10.59,5.42,18.93,0
US-Oho,-83.8438,41.5545,2009,9,17,24.14,11.16,10.72,2.86,19.83,0
US-Oho,-83.8438,41.5545,2009,9,18,26.02,9.12,10.41,3.08,20.34,0
US-Oho,-83.8438,41.5545,2009,9,19,23.14,9.63,7.35,3.63,21.03,0
US-Oho,-83.8438,41.5545,2009,9,20,25.62,10.13,13.16,4.17,13.59,3.31
US-Oho,-83.8438,41.5545,2009,9,21,26.06,19.08,19.53,5.14,9.48,3.48
US-Oho,-83.8438,41.5545,2009,9,22,29.09,18.05,19.16,3.54,10.69,3.02
US-Oho,-83.8438,41.5545,2009,9,23,26.59,19.23,18.52,3.29,12.67,0.51
US-Oho,-83.8438,41.5545,2009,9,24,23.46,15.45,14.14,3.08,9.63,0.07
US-Oho,-83.8438,41.5545,2009,9,25,24.75,13.11,11.47,5.18,11,0.11
US-Oho,-83.8438,41.5545,2009,9,26,22.57,14.09,14.06,2.32,6.17,0.37
US-Oho,-83.8438,41.5545,2009,9,27,24.12,12.33,11.94,5.22,13.68,0.12
US-Oho,-83.8438,41.5545,2009,9,28,16.66,11.34,7.97,10.73,6.51,4.92
US-Oho,-83.8438,41.5545,2009,9,29,15.54,10.24,7.95,7.63,6.14,0.29
US-Oho,-83.8438,41.5545,2009,9,30,15.41,5.92,1.35,3.85,13.21,0.04
US-Oho,-83.8438,41.5545,2009,10,1,18.14,2.6,1.79,2.12,16.17,0.23
US-Oho,-83.8438,41.5545,2009,10,2,17.92,8.19,7.1,6.07,9.76,28.97
US-Oho,-83.8438,41.5545,2009,10,3,14.81,7.83,7.74,5.99,8.01,4.65
US-Oho,-83.8438,41.5545,2009,10,4,14.88,6.68,6.84,5.1,7.95,0.83
US-Oho,-83.8438,41.5545,2009,10,5,17.24,5.47,6.25,2.9,13.42,0.02
US-Oho,-83.8438,41.5545,2009,10,6,18.52,5.4,8.85,6.75,7.07,3.09
US-Oho,-83.8438,41.5545,2009,10,7,16.85,8.17,4.86,7.5,12.14,0.14
US-Oho,-83.8438,41.5545,2009,10,8,13.7,5.47,6.88,4.37,5.53,3.26
US-Oho,-83.8438,41.5545,2009,10,9,14.85,7.3,9.42,3.66,2.82,21.32
US-Oho,-83.8438,41.5545,2009,10,10,14.56,2.85,3.73,4.04,15.64,0
US-Oho,-83.8438,41.5545,2009,10,11,11.23,-0.24,-1.5,2.63,12.52,0
US-Oho,-83.8438,41.5545,2009,10,12,12.59,3.75,2.78,2.39,5.04,0.6
US-Oho,-83.8438,41.5545,2009,10,13,11.5,3.92,1.98,4.56,13.38,0.04
US-Oho,-83.8438,41.5545,2009,10,14,9.13,4.24,2.73,4.46,4.26,1.07
US-Oho,-83.8438,41.5545,2009,10,15,8.35,2.63,3.6,6.72,4.32,3.71
US-Oho,-83.8438,41.5545,2009,10,16,8.4,2.2,-0.31,5.51,5.63,0.05
US-Oho,-83.8438,41.5545,2009,10,17,9.26,0.55,-1.18,4.68,10.96,0
US-Oho,-83.8438,41.5545,2009,10,18,11.22,-1.98,-1.58,2.64,15.29,0
US-Oho,-83.8438,41.5545,2009,10,19,15.67,0.66,2.38,6.12,12.85,0
US-Oho,-83.8438,41.5545,2009,10,20,18.69,6.06,8.02,4.35,10.74,0.08
US-Oho,-83.8438,41.5545,2009,10,21,20.99,10.25,8.75,4.9,13.42,0.17
US-Oho,-83.8438,41.5545,2009,10,22,17.74,8.7,9.72,4.87,6.92,3.35
US-Oho,-83.8438,41.5545,2009,10,23,19.01,9.07,11.73,7.73,2.55,19.51
US-Oho,-83.8438,41.5545,2009,10,24,9.36,2.24,3.61,6.58,5.42,0.37
US-Oho,-83.8438,41.5545,2009,10,25,16.61,1.81,3.64,3.62,10.68,0
US-Oho,-83.8438,41.5545,2009,10,26,18.91,3.85,4.97,3.68,12.94,0.01
US-Oho,-83.8438,41.5545,2009,10,27,14.99,7.19,8.9,2.57,4.99,3.35
US-Oho,-83.8438,41.5545,2009,10,28,17.32,8.44,8.96,3.3,9.69,1.52
US-Oho,-83.8438,41.5545,2009,10,29,17.29,6.33,9.25,3.89,8.3,0.07
US-Oho,-83.8438,41.5545,2009,10,30,23.86,11.57,14.11,8.76,6.31,4.35
US-Oho,-83.8438,41.5545,2009,10,31,12.43,3.96,2.86,7.75,6.36,5.93
US-Oho,-83.8438,41.5545,2009,11,1,9.95,-0.27,0.21,1.98,12.77,0
US-Oho,-83.8438,41.5545,2009,11,2,12.37,0.16,2.42,3.74,7.05,0.01
US-Oho,-83.8438,41.5545,2009,11,3,9.34,1.36,-0.67,3.81,10.02,0
US-Oho,-83.8438,41.5545,2009,11,4,10.16,0.01,0.03,2.48,6.38,0.13
US-Oho,-83.8438,41.5545,2009,11,5,10.72,-0.3,1.59,5.5,9.67,0.02
US-Oho,-83.8438,41.5545,2009,11,6,12.07,-1.77,-0.64,4.2,11.74,0
US-Oho,-83.8438,41.5545,2009,11,7,19.65,5.32,8,7.03,11.25,0
US-Oho,-83.8438,41.5545,2009,11,8,20.5,7.96,11.85,3.25,10.27,0
US-Oho,-83.8438,41.5545,2009,11,9,16.59,10.05,11.99,4.07,6.99,0.13
US-Oho,-83.8438,41.5545,2009,11,10,11.76,4.26,6.05,5.42,2.73,2.02
US-Oho,-83.8438,41.5545,2009,11,11,11.68,1.41,2.3,5.51,11.93,0
US-Oho,-83.8438,41.5545,2009,11,12,12.19,0.59,2.24,3.5,11.02,0
US-Oho,-83.8438,41.5545,2009,11,13,15.15,-0.9,3.44,2.95,10.53,0
US-Oho,-83.8438,41.5545,2009,11,14,19.02,5.42,8.19,4.22,10.54,0
US-Oho,-83.8438,41.5545,2009,11,15,11.76,6.29,6.37,4.22,3.97,0.15
US-Oho,-83.8438,41.5545,2009,11,16,6.9,5.16,2.68,5.96,2.91,1.4
US-Oho,-83.8438,41.5545,2009,11,17,12.2,4.87,3.38,7.56,6.74,0.02
US-Oho,-83.8438,41.5545,2009,11,18,12.47,4.99,7.31,4.96,4.64,4.82
US-Oho,-83.8438,41.5545,2009,11,19,10.93,4.86,5.18,4.31,4.46,2.84
US-Oho,-83.8438,41.5545,2009,11,20,8.53,3.33,4.28,4.64,3.61,0.08
US-Oho,-83.8438,41.5545,2009,11,21,13.37,5.01,5.52,1.91,7.53,0.01
US-Oho,-83.8438,41.5545,2009,11,22,11.92,3.31,5.41,3.42,7.42,0
US-Oho,-83.8438,41.5545,2009,11,23,10.99,4.11,5.5,3.51,4.44,0.04
US-Oho,-83.8438,41.5545,2009,11,24,11.79,5.45,6.82,3.22,4.62,1.18
US-Oho,-83.8438,41.5545,2009,11,25,9.75,6.04,6.37,7.06,2.56,1.9
US-Oho,-83.8438,41.5545,2009,11,26,5.36,2.15,1.37,6.18,3.04,1.58
US-Oho,-83.8438,41.5545,2009,11,27,4.42,-3,-2.1,5.26,5.02,0.36
US-Oho,-83.8438,41.5545,2009,11,28,10.43,-3.67,-0.46,3.92,9.42,0
US-Oho,-83.8438,41.5545,2009,11,29,12.26,2.93,5.03,5.44,5.62,5.12
US-Oho,-83.8438,41.5545,2009,11,30,4.44,-1.36,-1.73,5.06,4.82,0.03
US-Oho,-83.8438,41.5545,2009,12,1,10.8,-1.78,0.07,6.38,9.24,0
US-Oho,-83.8438,41.5545,2009,12,2,6.09,-0.64,1.89,4.07,3.94,12.76
US-Oho,-83.8438,41.5545,2009,12,3,6.82,-1.36,-0.19,6.8,4.68,2.06
US-Oho,-83.8438,41.5545,2009,12,4,0.01,-5.41,-7.08,5.28,8.2,0.01
US-Oho,-83.8438,41.5545,2009,12,5,-1.03,-5.66,-7.79,2.31,4.78,0
US-Oho,-83.8438,41.5545,2009,12,6,2.31,-5.03,-6.12,4.11,8.52,0
US-Oho,-83.8438,41.5545,2009,12,7,0.8,-4.26,-4.03,3.38,3.32,0.08
US-Oho,-83.8438,41.5545,2009,12,8,1.22,-4.66,-2.9,4.84,3.23,12.76
US-Oho,-83.8438,41.5545,2009,12,9,4.24,-5.77,-2.64,12.84,3.18,4.16
US-Oho,-83.8438,41.5545,2009,12,10,-5.94,-12.38,-14.43,11.11,5.87,0.05
US-Oho,-83.8438,41.5545,2009,12,11,-2.75,-10.62,-10.57,7.24,8.25,0
US-Oho,-83.8438,41.5545,2009,12,12,2.74,-9.95,-7.29,4.94,8.55,0.21
US-Oho,-83.8438,41.5545,2009,12,13,2.39,-1.38,-0.26,4.64,2.37,6.51
US-Oho,-83.8438,41.5545,2009,12,14,4.47,-1.28,1.36,4.91,3.58,0.33
US-Oho,-83.8438,41.5545,2009,12,15,1.84,-6.59,-5.19,6.94,3.08,0.16
US-Oho,-83.8438,41.5545,2009,12,16,-2.3,-10.69,-10.46,4.04,8.52,0
US-Oho,-83.8438,41.5545,2009,12,17,-0.52,-9.07,-8.02,2.88,5.78,0
US-Oho,-83.8438,41.5545,2009,12,18,2.06,-3.21,-2.87,3.51,3.04,2.91
US-Oho,-83.8438,41.5545,2009,12,19,-0.11,-5.58,-2.53,4.79,3.63,3.89
US-Oho,-83.8438,41.5545,2009,12,20,0.33,-8.05,-6.24,2.63,4.6,0.21
US-Oho,-83.8438,41.5545,2009,12,21,0.23,-5.66,-4.69,3.13,2.73,0.6
US-Oho,-83.8438,41.5545,2009,12,22,-0.5,-5.22,-4.9,2.43,2.85,1.11
US-Oho,-83.8438,41.5545,2009,12,23,0.32,-5.87,-5.91,4.69,4.92,0
US-Oho,-83.8438,41.5545,2009,12,24,0.49,-5.1,-3.55,6.24,1.77,0.86
US-Oho,-83.8438,41.5545,2009,12,25,4.16,-3.81,0.23,8.77,2.53,15.28
US-Oho,-83.8438,41.5545,2009,12,26,1.4,-3.8,-4.45,5.34,6.25,0.11
US-Oho,-83.8438,41.5545,2009,12,27,-1.13,-6.94,-5.81,4.82,4.49,2.6
US-Oho,-83.8438,41.5545,2009,12,28,-0.32,-8.2,-8.16,8.82,2.14,0.28
US-Oho,-83.8438,41.5545,2009,12,29,-3.7,-10.5,-10.94,3.46,5.49,0
US-Oho,-83.8438,41.5545,2009,12,30,0,-9.75,-6.68,4.13,3.02,0.95
US-Oho,-83.8438,41.5545,2009,12,31,2.34,-4.96,-1.63,4.59,3.11,0.52
US-Oho,-83.8438,41.5545,2010,1,1,-2.87,-8.92,-8.95,5.81,5.18,0.03
US-Oho,-83.8438,41.5545,2010,1,2,-8.15,-16.65,-13.69,5.8,8.98,0.01
US-Oho,-83.8438,41.5545,2010,1,3,-6.13,-17.91,-13.37,6.86,9.31,0.07
US-Oho,-83.8438,41.5545,2010,1,4,-4.29,-8.63,-8.11,5.18,4.27,1.12
US-Oho,-83.8438,41.5545,2010,1,5,-2.15,-10.52,-7.52,4.99,3.43,0.08
US-Oho,-83.8438,41.5545,2010,1,6,-0.48,-5.95,-5.33,4.82,2.86,0.03
US-Oho,-83.8438,41.5545,2010,1,7,-5.15,-7.42,-7.72,2.9,1.06,5.19
US-Oho,-83.8438,41.5545,2010,1,8,-3.58,-11.1,-8.43,5.36,4.56,0.57
US-Oho,-83.8438,41.5545,2010,1,9,-4.99,-16.82,-12.83,3.53,7.97,0
US-Oho,-83.8438,41.5545,2010,1,10,-3.86,-14.22,-11.53,5.6,8.52,0.23
US-Oho,-83.8438,41.5545,2010,1,11,-4.62,-9.58,-8.97,4.9,3.12,0.66
US-Oho,-83.8438,41.5545,2010,1,12,-2.62,-11.6,-9.01,4.05,7.9,0.03
US-Oho,-83.8438,41.5545,2010,1,13,1.17,-9.77,-5.73,6.72,9.12,0.01
US-Oho,-83.8438,41.5545,2010,1,14,3.49,-5.87,-2.14,6.45,8.12,0
US-Oho,-83.8438,41.5545,2010,1,15,2.98,-1.32,-0.84,2.08,2.89,0
US-Oho,-83.8438,41.5545,2010,1,16,2.73,-2.28,-1.69,2.66,2.41,0
US-Oho,-83.8438,41.5545,2010,1,17,1.78,-2.16,-0.99,2.86,2.43,0
US-Oho,-83.8438,41.5545,2010,1,18,0.44,-3.29,-3.22,3.36,2.67,0
US-Oho,-83.8438,41.5545,2010,1,19,2.32,-3.9,-3.25,2.36,5.37,0.01
US-Oho,-83.8438,41.5545,2010,1,20,1.12,-5.13,-5.07,4.95,5.41,0
US-Oho,-83.8438,41.5545,2010,1,21,3.43,-6.25,-3.49,6.97,8.37,0.05
US-Oho,-83.8438,41.5545,2010,1,22,3.31,-1.48,-0.35,4.34,5.7,0.04
US-Oho,-83.8438,41.5545,2010,1,23,6.18,-0.92,1.71,4.43,3.63,2.58
US-Oho,-83.8438,41.5545,2010,1,24,7.73,1.36,3.73,7.55,1.99,6.14
US-Oho,-83.8438,41.5545,2010,1,25,2.97,-2.71,-2.93,7.92,4.82,0.47
US-Oho,-83.8438,41.5545,2010,1,26,-1.98,-5.69,-8.28,9.1,5.03,0.08
US-Oho,-83.8438,41.5545,2010,1,27,-1.75,-8.13,-9.13,8.54,11,0.52
US-Oho,-83.8438,41.5545,2010,1,28,-2.26,-13.67,-12.98,7.48,8.85,0.13
US-Oho,-83.8438,41.5545,2010,1,29,-7.46,-14.17,-14.22,2.52,9.85,0
US-Oho,-83.8438,41.5545,2010,1,30,-4.73,-10.93,-12.02,3.39,8.65,0.01
US-Oho,-83.8438,41.5545,2010,1,31,-1.83,-12.75,-10.48,5.05,7.71,0.01
US-Oho,-83.8438,41.5545,2010,2,1,-3.05,-10.45,-9.79,1.85,5.56,0.01
US-Oho,-83.8438,41.5545,2010,2,2,1.5,-7.22,-5.07,2.25,5.9,0.57
US-Oho,-83.8438,41.5545,2010,2,3,2.35,-5.77,-3.62,3.83,4.09,0.08
US-Oho,-83.8438,41.5545,2010,2,4,0.78,-7.12,-5.24,2.01,6.87,0
US-Oho,-83.8438,41.5545,2010,2,5,0.51,-2.67,-3.2,8.71,2.36,2.48
US-Oho,-83.8438,41.5545,2010,2,6,-2.47,-7.19,-9.01,8.93,7.62,0.56
US-Oho,-83.8438,41.5545,2010,2,7,-2.01,-8.09,-8.54,2.62,6.29,0
US-Oho,-83.8438,41.5545,2010,2,8,-0.16,-8.98,-8.3,1.77,8.48,0.07
US-Oho,-83.8438,41.5545,2010,2,9,-1.68,-5.61,-4.99,5.41,2.18,9.43
US-Oho,-83.8438,41.5545,2010,2,10,-3.38,-8.12,-7.22,6.97,3.9,0.66
US-Oho,-83.8438,41.5545,2010,2,11,-0.71,-8.57,-6.85,5.06,3.42,0.16
US-Oho,-83.8438,41.5545,2010,2,12,-1.1,-9.06,-7.01,2.95,3.75,0.06
US-Oho,-83.8438,41.5545,2010,2,13,-1.04,-10.77,-6.93,4.92,4.71,0.01
US-Oho,-83.8438,41.5545,2010,2,14,-0.2,-10.23,-7.27,5.12,6.04,0.03
US-Oho,-83.8438,41.5545,2010,2,15,-1.51,-10.61,-7.43,2.94,4.54,0.29
US-Oho,-83.8438,41.5545,2010,2,16,-0.63,-5.76,-5.29,4.85,6.26,1.04
US-Oho,-83.8438,41.5545,2010,2,17,1.27,-7.78,-4.37,5.65,4.73,0
US-Oho,-83.8438,41.5545,2010,2,18,3.82,-5.4,-3.49,5.59,10.43,0
US-Oho,-83.8438,41.5545,2010,2,19,4.77,-7.09,-4.7,4.37,14.29,0
US-Oho,-83.8438,41.5545,2010,2,20,4.95,-4.08,-4.21,2.08,13.54,0
US-Oho,-83.8438,41.5545,2010,2,21,5.81,-1.13,-1.6,3.22,10.78,4.52
US-Oho,-83.8438,41.5545,2010,2,22,1.89,-2.92,-1.53,4.55,6.57,6.21
US-Oho,-83.8438,41.5545,2010,2,23,2.4,-4.72,-4.17,2.51,11.66,0.33
US-Oho,-83.8438,41.5545,2010,2,24,-0.89,-3.37,-4.13,3.2,10.51,1.32
US-Oho,-83.8438,41.5545,2010,2,25,-2.86,-5.4,-6.87,7.29,10.63,0.34
US-Oho,-83.8438,41.5545,2010,2,26,-1.06,-5.23,-5.15,8.5,10.13,4.98
US-Oho,-83.8438,41.5545,2010,2,27,1.3,-4.25,-3.31,5.34,7.72,0.27
US-Oho,-83.8438,41.5545,2010,2,28,3.85,-4.55,-2.38,4.28,10.34,0
US-Oho,-83.8438,41.5545,2010,3,1,5.05,-3.59,-2.72,3.88,14.83,0
US-Oho,-83.8438,41.5545,2010,3,2,3.41,-4.07,-3.42,3.43,7.23,0
US-Oho,-83.8438,41.5545,2010,3,3,5.61,-4.24,-3.85,4.1,10.78,0
US-Oho,-83.8438,41.5545,2010,3,4,5.84,-4.71,-6.33,4.23,17.69,0
US-Oho,-83.8438,41.5545,2010,3,5,5.68,-3.99,-4.44,2.75,17.49,0
US-Oho,-83.8438,41.5545,2010,3,6,7.91,-3.68,-4.29,2.46,17.11,0
US-Oho,-83.8438,41.5545,2010,3,7,9.48,-3.03,-3.8,2.88,15.53,0
US-Oho,-83.8438,41.5545,2010,3,8,11.98,-2.11,-1.79,1.84,16.21,0
US-Oho,-83.8438,41.5545,2010,3,9,15.11,-0.33,0.36,3.14,15.82,0.28
US-Oho,-83.8438,41.5545,2010,3,10,15.84,3.58,7.46,4.26,9.82,0.78
US-Oho,-83.8438,41.5545,2010,3,11,19.14,4.9,9.44,4.95,12.36,6.51
US-Oho,-83.8438,41.5545,2010,3,12,18.22,6.48,9.46,5.36,9.29,1.49
US-Oho,-83.8438,41.5545,2010,3,13,8.15,1.55,3.67,9.27,3.06,15.52
US-Oho,-83.8438,41.5545,2010,3,14,7.09,0.65,1.52,6.27,5.02,2.51
US-Oho,-83.8438,41.5545,2010,3,15,10.07,0.1,2.26,4.68,8.41,0.04
US-Oho,-83.8438,41.5545,2010,3,16,15.62,-2.52,-1.77,2.74,20.04,0
US-Oho,-83.8438,41.5545,2010,3,17,16.35,0.76,-2.1,1.94,20.7,0
US-Oho,-83.8438,41.5545,2010,3,18,17.69,-1.84,0.81,4.59,20.13,0
US-Oho,-83.8438,41.5545,2010,3,19,17.63,3.37,6.12,5.55,19.47,0
US-Oho,-83.8438,41.5545,2010,3,20,9.25,-0.12,1.93,5.53,15.89,0.1
US-Oho,-83.8438,41.5545,2010,3,21,10.63,-0.72,0.58,6.14,17.56,0.15
US-Oho,-83.8438,41.5545,2010,3,22,5.58,1.95,1.59,8.54,3.39,4.56
US-Oho,-83.8438,41.5545,2010,3,23,13.68,1.08,2.44,5.25,13.78,0.47
US-Oho,-83.8438,41.5545,2010,3,24,12.68,-2.31,-1.94,1.81,16.59,0.19
US-Oho,-83.8438,41.5545,2010,3,25,7.93,-3.19,-1.13,6.05,3.52,9
US-Oho,-83.8438,41.5545,2010,3,26,4.66,-5.32,-7.22,5.31,22.3,0
US-Oho,-83.8438,41.5545,2010,3,27,11.88,-4.46,-3.01,3.75,20.48,0
US-Oho,-83.8438,41.5545,2010,3,28,7.77,3.41,4.13,4.91,4.18,13.17
US-Oho,-83.8438,41.5545,2010,3,29,10.74,-1.33,0.99,5.24,13.49,0.07
US-Oho,-83.8438,41.5545,2010,3,30,14.19,-2.21,-0.63,1.58,21.77,0
US-Oho,-83.8438,41.5545,2010,3,31,21.59,0.87,6.34,5.48,20.96,0
US-Oho,-83.8438,41.5545,2010,4,1,25.96,9.27,13,6.4,21.89,0
US-Oho,-83.8438,41.5545,2010,4,2,26.29,10.94,12.98,6.2,17.62,0
US-Oho,-83.8438,41.5545,2010,4,3,21.67,6.41,9.88,7.57,12.19,0.03
US-Oho,-83.8438,41.5545,2010,4,4,20.96,4.46,7.2,4.57,19.53,0
US-Oho,-83.8438,41.5545,2010,4,5,24.18,10.91,10.9,6.06,21.46,1.26
US-Oho,-83.8438,41.5545,2010,4,6,26.87,16.41,15.55,9.34,17.9,0.7
US-Oho,-83.8438,41.5545,2010,4,7,21.95,16.32,15.92,7.82,4.62,25.89
US-Oho,-83.8438,41.5545,2010,4,8,16.27,1.05,4.47,8.25,9.61,11.09
US-Oho,-83.8438,41.5545,2010,4,9,9.78,-0.25,-1.75,5.99,14.44,0.03
US-Oho,-83.8438,41.5545,2010,4,10,19.75,-1.13,2.86,5.61,24.6,0
US-Oho,-83.8438,41.5545,2010,4,11,16.32,6.17,6.63,2.81,15.76,0
US-Oho,-83.8438,41.5545,2010,4,12,16.67,2.74,0.9,4.22,22.03,0.84
US-Oho,-83.8438,41.5545,2010,4,13,12.75,4.91,4.32,5.8,12.56,1.24
US-Oho,-83.8438,41.5545,2010,4,14,20.92,3.76,6.29,3.88,21.82,0
US-Oho,-83.8438,41.5545,2010,4,15,27.38,9.69,11.78,6.04,22.48,0
US-Oho,-83.8438,41.5545,2010,4,16,18.41,5.45,9.46,8.2,11.64,1.17
US-Oho,-83.8438,41.5545,2010,4,17,10.95,1.3,-0.84,6.42,15.22,0
US-Oho,-83.8438,41.5545,2010,4,18,12.74,-0.59,2.17,3.49,17.83,0
US-Oho,-83.8438,41.5545,2010,4,19,17,3.96,2.67,2.54,25.77,0
US-Oho,-83.8438,41.5545,2010,4,20,16.29,3.95,2.46,2.2,19.26,0
US-Oho,-83.8438,41.5545,2010,4,21,20.71,5.3,5.03,2.96,24.64,0
US-Oho,-83.8438,41.5545,2010,4,22,16.21,4.01,4.83,3.46,24.98,0.04
US-Oho,-83.8438,41.5545,2010,4,23,17.87,3.68,2.62,4.58,19.55,2.21
US-Oho,-83.8438,41.5545,2010,4,24,20.28,7.95,11.18,5.5,9.98,15.46
US-Oho,-83.8438,41.5545,2010,4,25,20.13,8.74,11.97,5.4,8.67,28.07
US-Oho,-83.8438,41.5545,2010,4,26,17.63,5.11,5.68,7.66,16.07,9.21
US-Oho,-83.8438,41.5545,2010,4,27,12.91,1.94,-0.48,5.72,28.34,0
US-Oho,-83.8438,41.5545,2010,4,28,15.71,0.79,0.54,2.54,27.39,0
US-Oho,-83.8438,41.5545,2010,4,29,20.23,3.49,5.77,4.58,19.22,0.01
US-Oho,-83.8438,41.5545,2010,4,30,26.14,11.71,14.14,7.53,24.39,0.65
US-Oho,-83.8438,41.5545,2010,5,1,23.14,15.82,16.68,5.48,10.88,14.12
US-Oho,-83.8438,41.5545,2010,5,2,25.03,15.9,18.23,7.21,9.53,7.8
US-Oho,-83.8438,41.5545,2010,5,3,22.86,12.27,12.37,5.34,27.11,3.63
US-Oho,-83.8438,41.5545,2010,5,4,22.88,10.61,10.27,5.19,28.15,0.05
US-Oho,-83.8438,41.5545,2010,5,5,26.04,11,11.75,6.83,21.26,2.68
US-Oho,-83.8438,41.5545,2010,5,6,19.96,7.72,7.15,4.42,28.38,0.23
US-Oho,-83.8438,41.5545,2010,5,7,25.8,7.89,11.93,7.26,14.45,10.94
US-Oho,-83.8438,41.5545,2010,5,8,11.91,3.52,3.28,10.35,15.23,0.95
US-Oho,-83.8438,41.5545,2010,5,9,13.71,0.21,-0.29,4.75,29.21,0
US-Oho,-83.8438,41.5545,2010,5,10,14.45,1.74,-0.15,4.44,28.53,0
US-Oho,-83.8438,41.5545,2010,5,11,18.87,6.6,8.97,6.29,5.46,28.21
US-Oho,-83.8438,41.5545,2010,5,12,14.12,5.04,6.82,4.38,7.15,3.72
US-Oho,-83.8438,41.5545,2010,5,13,23.95,7.04,14.8,6.24,13.75,10.09
US-Oho,-83.8438,41.5545,2010,5,14,21.37,9.48,10.14,5.9,27.17,0.06
US-Oho,-83.8438,41.5545,2010,5,15,19.16,7.26,8.52,3.16,20.84,0.05
US-Oho,-83.8438,41.5545,2010,5,16,16.76,8.27,7.12,4.8,20.41,0
US-Oho,-83.8438,41.5545,2010,5,17,14.86,9,10.47,6.95,5.56,18.83
US-Oho,-83.8438,41.5545,2010,5,18,15.42,8.51,10.56,4.78,6.16,3.55
US-Oho,-83.8438,41.5545,2010,5,19,20.8,8.85,9.55,4.24,25.69,0.12
US-Oho,-83.8438,41.5545,2010,5,20,25.85,9.01,10.91,2.43,25.15,0.02
US-Oho,-83.8438,41.5545,2010,5,21,21.57,14.42,15.55,4.72,14.09,25.45
US-Oho,-83.8438,41.5545,2010,5,22,24.3,16.06,16.25,3.71,17.85,1.25
US-Oho,-83.8438,41.5545,2010,5,23,28.9,14.05,16.99,2.42,28.34,0
US-Oho,-83.8438,41.5545,2010,5,24,28.67,15.95,17.41,3.69,28.3,0.02
US-Oho,-83.8438,41.5545,2010,5,25,27.11,15.39,17.32,2.79,25.36,0
US-Oho,-83.8438,41.5545,2010,5,26,29.49,17.01,18.09,1.7,26.02,0
US-Oho,-83.8438,41.5545,2010,5,27,28.06,18.31,19.24,3.07,22.05,2.57
US-Oho,-83.8438,41.5545,2010,5,28,28.39,16.84,17.01,3.38,27.92,0.3
US-Oho,-83.8438,41.5545,2010,5,29,27.97,15.46,15.28,3.29,29.32,0.01
US-Oho,-83.8438,41.5545,2010,5,30,29.34,15.11,14.88,1.77,28.66,0
US-Oho,-83.8438,41.5545,2010,5,31,26.63,19.54,20.57,3.92,16.45,26.06
US-Oho,-83.8438,41.5545,2010,6,1,26.81,15.33,14.14,2.48,27.8,0.54
US-Oho,-83.8438,41.5545,2010,6,2,26.15,16.89,18.86,5.35,13.82,4.88
US-Oho,-83.8438,41.5545,2010,6,3,26.04,16.81,18.17,3.13,19.16,0.4
US-Oho,-83.8438,41.5545,2010,6,4,27.75,15.28,18.76,3.67,21.62,5.88
US-Oho,-83.8438,41.5545,2010,6,5,25.86,19.32,20.85,3.83,9.4,15.84
US-Oho,-83.8438,41.5545,2010,6,6,22.81,12.98,14.53,7.04,16.93,0.93
US-Oho,-83.8438,41.5545,2010,6,7,21.79,10.21,9.71,2.96,26.82,0.01
US-Oho,-83.8438,41.5545,2010,6,8,20.87,11.7,10.26,2.67,15.64,8.1
US-Oho,-83.8438,41.5545,2010,6,9,26.43,14.21,16.39,5.38,18.62,2.29
US-Oho,-83.8438,41.5545,2010,6,10,26.02,14.21,15.02,3.51,29.1,0
US-Oho,-83.8438,41.5545,2010,6,11,28.56,15.91,19.43,3.42,16.86,2.24
US-Oho,-83.8438,41.5545,2010,6,12,29.17,21.82,23.01,4.06,18.09,9.37
US-Oho,-83.8438,41.5545,2010,6,13,27.44,18.99,19.63,3.18,20.96,0.25
US-Oho,-83.8438,41.5545,2010,6,14,27.52,18.83,20.32,3.27,16.3,5.03
US-Oho,-83.8438,41.5545,2010,6,15,27.59,17.87,19.9,4.44,13.78,1.6
US-Oho,-83.8438,41.5545,2010,6,16,26.82,17.21,17.79,6.46,27.66,0.21
US-Oho,-83.8438,41.5545,2010,6,17,25.38,15.49,15.03,2.66,24.24,0.02
US-Oho,-83.8438,41.5545,2010,6,18,29.25,14.36,18.46,4.73,27.7,7.39
US-Oho,-83.8438,41.5545,2010,6,19,28.83,19.04,19.91,5.35,26.33,0
US-Oho,-83.8438,41.5545,2010,6,20,27.98,17.68,17.96,2.99,28.84,0
US-Oho,-83.8438,41.5545,2010,6,21,28.86,18.94,19.81,2.23,19.52,5.94
US-Oho,-83.8438,41.5545,2010,6,22,29.96,22.03,21.34,4.84,26,3.41
US-Oho,-83.8438,41.5545,2010,6,23,28.47,21.71,23.69,5,14.12,10.1
US-Oho,-83.8438,41.5545,2010,6,24,26.94,18.46,18.98,5.67,26.14,3.92
US-Oho,-83.8438,41.5545,2010,6,25,27.94,14.76,12.62,1.79,29.35,0
US-Oho,-83.8438,41.5545,2010,6,26,29.96,16.49,19.03,4.16,20.8,0.2
US-Oho,-83.8438,41.5545,2010,6,27,29.38,19.36,23.04,4.99,17.48,13.53
US-Oho,-83.8438,41.5545,2010,6,28,28.42,18.69,19.31,5.39,26.58,1.65
US-Oho,-83.8438,41.5545,2010,6,29,22.81,13.17,11.56,4.55,27.7,0
US-Oho,-83.8438,41.5545,2010,6,30,22.84,10.71,9.82,3.62,31.45,0
US-Oho,-83.8438,41.5545,2010,7,1,23.65,10.91,9.28,3.08,30.59,0
US-Oho,-83.8438,41.5545,2010,7,2,25.82,12.11,10.97,1.99,30.8,0
US-Oho,-83.8438,41.5545,2010,7,3,28.97,12.78,13.32,3.46,26.14,0
US-Oho,-83.8438,41.5545,2010,7,4,32.36,15.5,19.22,4.1,29.26,0.03
US-Oho,-83.8438,41.5545,2010,7,5,32.43,22.39,21.23,4.29,26.6,0
US-Oho,-83.8438,41.5545,2010,7,6,32.82,20.45,18.31,3.99,28.98,0
US-Oho,-83.8438,41.5545,2010,7,7,34.16,20.34,19.69,1.92,27.13,0.06
US-Oho,-83.8438,41.5545,2010,7,8,33.12,21.94,21.09,2.7,19.55,6.47
US-Oho,-83.8438,41.5545,2010,7,9,27.54,20.03,20.46,3.39,13.57,8.7
US-Oho,-83.8438,41.5545,2010,7,10,30.27,17.64,16.69,2.17,28.42,0.06
US-Oho,-83.8438,41.5545,2010,7,11,29.48,18.92,18.21,3.1,24.37,2.15
US-Oho,-83.8438,41.5545,2010,7,12,29.64,20.67,19.7,3.2,20.73,0.85
US-Oho,-83.8438,41.5545,2010,7,13,27.74,19.93,19.55,1.67,12.53,4.29
US-Oho,-83.8438,41.5545,2010,7,14,31.55,19.28,17.88,2.04,27.51,0.01
US-Oho,-83.8438,41.5545,2010,7,15,33.4,21.72,22.07,4.76,25.53,0.86
US-Oho,-83.8438,41.5545,2010,7,16,31.37,19.01,17.19,3.5,28.51,0.08
US-Oho,-83.8438,41.5545,2010,7,17,32.84,19.69,18,4.39,28.16,0.05
US-Oho,-83.8438,41.5545,2010,7,18,32.26,20.08,19.52,4.71,21.81,2.77
US-Oho,-83.8438,41.5545,2010,7,19,31.17,20.5,19.63,3.7,23.32,1.55
US-Oho,-83.8438,41.5545,2010,7,20,30.77,21.33,20.81,3.75,16.17,1.26
US-Oho,-83.8438,41.5545,2010,7,21,32.26,20.1,19.13,4.58,24.58,0.02
US-Oho,-83.8438,41.5545,2010,7,22,32.33,18.28,18.32,3.3,19.72,15.82
US-Oho,-83.8438,41.5545,2010,7,23,34.03,24.82,25.02,6.88,24.27,19.09
US-Oho,-83.8438,41.5545,2010,7,24,31.25,24.94,24.99,4.54,22.39,14.24
US-Oho,-83.8438,41.5545,2010,7,25,27.71,19.03,19.65,3.94,18.38,3.86
US-Oho,-83.8438,41.5545,2010,7,26,28.95,18.54,15.9,1.5,24.1,0
US-Oho,-83.8438,41.5545,2010,7,27,30.18,16.82,15.38,2.04,26.28,0.01
US-Oho,-83.8438,41.5545,2010,7,28,31.65,20.36,22.14,4.8,20.78,7.73
US-Oho,-83.8438,41.5545,2010,7,29,27.37,17.23,15.55,3.6,27.63,0
US-Oho,-83.8438,41.5545,2010,7,30,28.87,16.78,14.67,1.52,22.93,0
US-Oho,-83.8438,41.5545,2010,7,31,28.21,19.08,16.02,2.84,13.01,1.24
US-Oho,-83.8438,41.5545,2010,8,1,30.41,17.6,16.01,2.28,25.4,0
US-Oho,-83.8438,41.5545,2010,8,2,32.28,19.01,16.85,1.3,24.79,0.06
US-Oho,-83.8438,41.5545,2010,8,3,29.71,22.6,20.71,2.73,11.45,1.93
US-Oho,-83.8438,41.5545,2010,8,4,30.51,23.44,23.62,2.1,14.53,5.53
US-Oho,-83.8438,41.5545,2010,8,5,31.65,19.01,18.24,5.11,23.71,0.43
US-Oho,-83.8438,41.5545,2010,8,6,28.44,16.43,14.1,3.87,24.19,0
US-Oho,-83.8438,41.5545,2010,8,7,28.32,16.16,14.45,2.69,22.93,0
US-Oho,-83.8438,41.5545,2010,8,8,32.21,18.74,16.54,4.66,20.36,0
US-Oho,-83.8438,41.5545,2010,8,9,32.26,21.13,19.12,3.39,16.35,1.75
US-Oho,-83.8438,41.5545,2010,8,10,33.25,22.56,20.66,1.84,18.65,0.01
US-Oho,-83.8438,41.5545,2010,8,11,31.95,21.98,21.78,1.91,11.99,13.74
US-Oho,-83.8438,41.5545,2010,8,12,32.09,21.44,21.35,2.69,19.03,0.65
US-Oho,-83.8438,41.5545,2010,8,13,33.31,20.23,20.11,2.42,23.88,0.38
US-Oho,-83.8438,41.5545,2010,8,14,33.46,22.5,20.6,3.49,13.7,1.21
US-Oho,-83.8438,41.5545,2010,8,15,33.24,20.65,20.56,3.96,21.6,2.32
US-Oho,-83.8438,41.5545,2010,8,16,29.35,17.15,12.8,4.47,26.84,0
US-Oho,-83.8438,41.5545,2010,8,17,29.44,16.55,14.16,3.25,20.31,0.01
US-Oho,-83.8438,41.5545,2010,8,18,29.71,17.37,14.3,1.94,21.99,0.03
US-Oho,-83.8438,41.5545,2010,8,19,31.86,18.71,16.78,2.83,22.57,0
US-Oho,-83.8438,41.5545,2010,8,20,34.03,20.75,18.63,2.47,22.95,0.04
US-Oho,-83.8438,41.5545,2010,8,21,28.62,19.19,18.93,3.34,5.31,13.35
US-Oho,-83.8438,41.5545,2010,8,22,29.14,19.15,17.19,4.54,16.28,0.24
US-Oho,-83.8438,41.5545,2010,8,23,28.84,18.22,17.28,4.2,13.9,0.56
US-Oho,-83.8438,41.5545,2010,8,24,28.48,17.69,17.26,2.93,13.42,0
US-Oho,-83.8438,41.5545,2010,8,25,29.29,16.28,14.07,3.88,20.01,0
US-Oho,-83.8438,41.5545,2010,8,26,25.72,13.1,8.82,3.05,25.65,0
US-Oho,-83.8438,41.5545,2010,8,27,28.12,11.75,8.46,1.82,25.27,0
US-Oho,-83.8438,41.5545,2010,8,28,31.06,13.71,9.32,3.18,25.21,0
US-Oho,-83.8438,41.5545,2010,8,29,34.54,16.08,14.67,3.12,21.47,0
US-Oho,-83.8438,41.5545,2010,8,30,34.98,20.09,16.45,2.82,20.58,0
US-Oho,-83.8438,41.5545,2010,8,31,34.24,21.38,16.78,3.81,22.17,0
US-Oho,-83.8438,41.5545,2010,9,1,34.23,20.08,17.37,5.14,21.97,2.83
US-Oho,-83.8438,41.5545,2010,9,2,31.08,20.74,19.88,4.42,16.22,5.15
US-Oho,-83.8438,41.5545,2010,9,3,26.63,15.17,13.68,7.6,20.05,1.93
US-Oho,-83.8438,41.5545,2010,9,4,21.22,11,7.17,6.92,17.77,0.54
US-Oho,-83.8438,41.5545,2010,9,5,24.37,8.66,6.74,3.71,22.84,0.02
US-Oho,-83.8438,41.5545,2010,9,6,30.16,13.72,8.66,5.48,12.8,0.47
US-Oho,-83.8438,41.5545,2010,9,7,31.28,17.55,10.24,8.93,19.82,0.03
US-Oho,-83.8438,41.5545,2010,9,8,23.73,11.9,8.07,5.52,22.41,0
US-Oho,-83.8438,41.5545,2010,9,9,23.13,9.24,7.7,3.71,21.38,0
US-Oho,-83.8438,41.5545,2010,9,10,23.69,10.32,8.87,3.25,21.1,0.02
US-Oho,-83.8438,41.5545,2010,9,11,21.04,11.56,11.4,2.97,5.47,5.91
US-Oho,-83.8438,41.5545,2010,9,12,25.95,12.66,10.16,4.28,21.07,0.12
US-Oho,-83.8438,41.5545,2010,9,13,29.64,13.71,9.93,4.79,21.45,0.17
US-Oho,-83.8438,41.5545,2010,9,14,25.99,10.73,8.13,3.42,19.7,0.05
US-Oho,-83.8438,41.5545,2010,9,15,25.26,11.46,7.55,3.89,19.13,0.52
US-Oho,-83.8438,41.5545,2010,9,16,26.17,11.75,15.25,7.09,9,12.25
US-Oho,-83.8438,41.5545,2010,9,17,21.54,9.33,8.05,2.28,11.98,0
US-Oho,-83.8438,41.5545,2010,9,18,27.19,11.31,10.82,3.99,12.89,0.05
US-Oho,-83.8438,41.5545,2010,9,19,24.57,14.02,11.27,2.63,12.14,0.19
US-Oho,-83.8438,41.5545,2010,9,20,24.61,13.97,10.07,3.84,13.79,0
US-Oho,-83.8438,41.5545,2010,9,21,32.65,15.49,14.17,6.26,17.95,0.43
US-Oho,-83.8438,41.5545,2010,9,22,28.82,18.19,17.67,3.34,11.53,1.68
US-Oho,-83.8438,41.5545,2010,9,23,33.63,16.77,16.52,5.51,16.85,0.02
US-Oho,-83.8438,41.5545,2010,9,24,31.02,16.07,13.79,8.88,13.36,0
US-Oho,-83.8438,41.5545,2010,9,25,19.54,11.42,6.56,5.43,16.54,0
US-Oho,-83.8438,41.5545,2010,9,26,18.66,9.08,6.43,3.48,14.31,0.08
US-Oho,-83.8438,41.5545,2010,9,27,17.28,11.14,10.76,4.5,3.93,7.2
US-Oho,-83.8438,41.5545,2010,9,28,15.07,9.24,9.98,3.81,5.11,10.09
US-Oho,-83.8438,41.5545,2010,9,29,23.58,7.23,8.25,2.81,18.82,0
US-Oho,-83.8438,41.5545,2010,9,30,24.27,9.11,9.2,4.97,14.36,0.18
US-Oho,-83.8438,41.5545,2010,10,1,20.55,7.3,5.16,4.28,19.15,0.05
US-Oho,-83.8438,41.5545,2010,10,2,13.25,7.18,7.59,5.79,2.83,6.61
US-Oho,-83.8438,41.5545,2010,10,3,13.21,6.06,3.75,7.22,8.88,0.35
US-Oho,-83.8438,41.5545,2010,10,4,17.06,6.89,4.23,4.79,17,0.02
US-Oho,-83.8438,41.5545,2010,10,5,18.82,4.92,2.15,4.13,11.36,0.01
US-Oho,-83.8438,41.5545,2010,10,6,22.5,5.62,5.65,4.34,14.79,0
US-Oho,-83.8438,41.5545,2010,10,7,23.59,6.9,5.28,4.49,17.96,0
US-Oho,-83.8438,41.5545,2010,10,8,25.95,5.9,4.99,3.8,17.46,0
US-Oho,-83.8438,41.5545,2010,10,9,28.38,10.4,9.77,2.7,16.13,0
US-Oho,-83.8438,41.5545,2010,10,10,30.29,12.39,11.27,4,15.39,0
US-Oho,-83.8438,41.5545,2010,10,11,27.89,12.25,11.81,3.4,10.85,0
US-Oho,-83.8438,41.5545,2010,10,12,20.65,10.35,8.17,3.34,14.82,0
US-Oho,-83.8438,41.5545,2010,10,13,21.6,7.97,7.75,2.91,11.03,9.28
US-Oho,-83.8438,41.5545,2010,10,14,17.65,5.73,3.45,4.34,16.08,0.2
US-Oho,-83.8438,41.5545,2010,10,15,16.46,6.39,4.26,4.23,12.4,0.49
US-Oho,-83.8438,41.5545,2010,10,16,19.02,3.42,3.55,3.81,15.85,0
US-Oho,-83.8438,41.5545,2010,10,17,19.69,7.03,2.74,3.93,15.17,0
US-Oho,-83.8438,41.5545,2010,10,18,12.48,5.69,4.14,2.09,5.69,0.07
US-Oho,-83.8438,41.5545,2010,10,19,16.16,2.66,0.87,3.23,14.15,0.01
US-Oho,-83.8438,41.5545,2010,10,20,19.46,4.18,2.33,6.64,13.48,0.64
US-Oho,-83.8438,41.5545,2010,10,21,13.03,3.47,2.27,4.94,8.92,0.14
US-Oho,-83.8438,41.5545,2010,10,22,15.67,1.32,0.63,3.23,14.73,0.01
US-Oho,-83.8438,41.5545,2010,10,23,18.93,7.53,4.05,4.83,4.64,0.04
US-Oho,-83.8438,41.5545,2010,10,24,23.48,10.71,9.39,6.3,10.37,1.71
US-Oho,-83.8438,41.5545,2010,10,25,22.96,15.19,13.81,6.79,5.56,0.13
US-Oho,-83.8438,41.5545,2010,10,26,22.02,9.22,11.17,9.07,3.68,6.84
US-Oho,-83.8438,41.5545,2010,10,27,21.05,7.7,2.52,10.05,13.5,0
US-Oho,-83.8438,41.5545,2010,10,28,10.65,4.93,0.7,7.66,6.47,0.29
US-Oho,-83.8438,41.5545,2010,10,29,11.84,2.16,-1.25,4.09,12.25,0.11
US-Oho,-83.8438,41.5545,2010,10,30,15.09,0.85,-1.52,6.81,8.54,0
US-Oho,-83.8438,41.5545,2010,10,31,11.24,0.48,-0.69,4.37,12.3,0
US-Oho,-83.8438,41.5545,2010,11,1,10.34,-0.59,-2.28,3.06,13.07,0
US-Oho,-83.8438,41.5545,2010,11,2,11.11,-0.15,-0.16,3.13,10.89,0
US-Oho,-83.8438,41.5545,2010,11,3,11.4,1.13,-0.74,1.72,9.25,0.13
US-Oho,-83.8438,41.5545,2010,11,4,9.66,1.57,0.67,3.9,7.69,0.83
US-Oho,-83.8438,41.5545,2010,11,5,6.13,-2.93,-4.68,5.53,6.7,0
US-Oho,-83.8438,41.5545,2010,11,6,6.04,-4.6,-6.3,2.94,11.74,0
US-Oho,-83.8438,41.5545,2010,11,7,12.54,-2.14,-4.92,4.79,11.91,0
US-Oho,-83.8438,41.5545,2010,11,8,16.19,-1.35,-0.28,2.23,11.6,0
US-Oho,-83.8438,41.5545,2010,11,9,16.56,1.33,2.73,2.79,11.41,0
US-Oho,-83.8438,41.5545,2010,11,10,16.2,3.68,4.63,3.54,9.99,0.03
US-Oho,-83.8438,41.5545,2010,11,11,18.91,3.13,3.61,2.05,11.04,0.07
US-Oho,-83.8438,41.5545,2010,11,12,18.02,3.89,3.33,2.02,10.96,0
US-Oho,-83.8438,41.5545,2010,11,13,20.93,1.33,3.67,3.93,9.78,1.76
US-Oho,-83.8438,41.5545,2010,11,14,9.13,1.67,-0.36,5.82,4.11,0.26
US-Oho,-83.8438,41.5545,2010,11,15,11.87,-1.4,-2.57,4.28,9.11,0.04
US-Oho,-83.8438,41.5545,2010,11,16,8.96,-1.18,2.75,5.28,3.81,20.71
US-Oho,-83.8438,41.5545,2010,11,17,11.62,2.45,3.26,5.74,9.14,0.61
US-Oho,-83.8438,41.5545,2010,11,18,7.58,-1.58,0.57,3.77,5.56,0.11
US-Oho,-83.8438,41.5545,2010,11,19,8.25,-3.44,-1.1,5.08,7.92,0
US-Oho,-83.8438,41.5545,2010,11,20,9.25,2.01,1.43,3.18,8.41,0
US-Oho,-83.8438,41.5545,2010,11,21,14.29,3.61,6.68,6.93,6.81,0.57
US-Oho,-83.8438,41.5545,2010,11,22,17.31,13.12,12.32,9.58,3.07,9.88
US-Oho,-83.8438,41.5545,2010,11,23,15.83,-4.45,-1.35,7.09,10.22,8.4
US-Oho,-83.8438,41.5545,2010,11,24,3.04,-4.93,-3.45,4.86,3.59,2.62
US-Oho,-83.8438,41.5545,2010,11,25,10.49,0.22,3.71,5.65,1.41,31.35
US-Oho,-83.8438,41.5545,2010,11,26,-0.64,-6.6,-9.42,8.85,9.25,0
US-Oho,-83.8438,41.5545,2010,11,27,2.16,-3.69,-4.7,4.97,4.12,0
US-Oho,-83.8438,41.5545,2010,11,28,4.65,-5.02,-4.79,3.18,9.55,0
US-Oho,-83.8438,41.5545,2010,11,29,10.56,-2.56,-0.18,5.62,9.38,2.76
US-Oho,-83.8438,41.5545,2010,11,30,11.32,-1.67,4.77,7.44,2.34,11.36
US-Oho,-83.8438,41.5545,2010,12,1,-1.91,-4.61,-7.26,7.76,4.49,0.03
US-Oho,-83.8438,41.5545,2010,12,2,0.63,-5.26,-6.64,4.53,4.02,0.01
US-Oho,-83.8438,41.5545,2010,12,3,0.4,-2.94,-5.75,2.15,5.27,0
US-Oho,-83.8438,41.5545,2010,12,4,-0.07,-4.15,-5.68,2.9,3.53,0
US-Oho,-83.8438,41.5545,2010,12,5,-0.36,-5.34,-6.86,6.76,4.84,0.15
US-Oho,-83.8438,41.5545,2010,12,6,-2.38,-6.42,-8.35,7.42,3.99,0.08
US-Oho,-83.8438,41.5545,2010,12,7,-3.17,-8.06,-9.39,6.69,6.09,0.13
US-Oho,-83.8438,41.5545,2010,12,8,-1.49,-8.36,-7.92,3.79,5.11,0.05
US-Oho,-83.8438,41.5545,2010,12,9,-1.36,-9.5,-9.05,3.19,7.68,0.27
US-Oho,-83.8438,41.5545,2010,12,10,4.87,-3.55,-2.19,6.16,5.35,0.77
US-Oho,-83.8438,41.5545,2010,12,11,6.01,-1.29,-0.36,5.01,6.4,5.43
US-Oho,-83.8438,41.5545,2010,12,12,0.45,-9.65,-4.18,7.68,1,11.35
US-Oho,-83.8438,41.5545,2010,12,13,-10.29,-15.55,-15.19,8.97,7.67,0.03
US-Oho,-83.8438,41.5545,2010,12,14,-5.79,-17.04,-13.37,5.89,8.27,0.01
US-Oho,-83.8438,41.5545,2010,12,15,-3.47,-13.61,-11.21,3.78,5.42,0.01
US-Oho,-83.8438,41.5545,2010,12,16,-3.55,-11.19,-10.85,1.79,4.45,0.01
US-Oho,-83.8438,41.5545,2010,12,17,-2.81,-11.62,-8.77,5.22,5.14,0.01
US-Oho,-83.8438,41.5545,2010,12,18,-3.97,-13.14,-10.8,5.67,6.7,0
US-Oho,-83.8438,41.5545,2010,12,19,-4.01,-12.59,-10.51,3.88,3.34,0
US-Oho,-83.8438,41.5545,2010,12,20,-1.53,-10.12,-8.23,2.08,3.56,0.01
US-Oho,-83.8438,41.5545,2010,12,21,-0.21,-7.37,-5.76,2.68,2.85,0.12
US-Oho,-83.8438,41.5545,2010,12,22,0.13,-6.62,-5.17,4.07,4.26,0.42
US-Oho,-83.8438,41.5545,2010,12,23,0.55,-7.85,-5.25,4.66,3.04,0
US-Oho,-83.8438,41.5545,2010,12,24,-1.96,-8.26,-7.69,1.88,2.32,0.05
US-Oho,-83.8438,41.5545,2010,12,25,-1.45,-7.06,-5.97,4.16,3.27,0.12
US-Oho,-83.8438,41.5545,2010,12,26,-1.91,-7.28,-6.68,7.24,2.79,0.1
US-Oho,-83.8438,41.5545,2010,12,27,-4.61,-10.26,-9.78,5.23,8.38,0
US-Oho,-83.8438,41.5545,2010,12,28,-0.61,-10.09,-8.03,6.27,4.05,0
US-Oho,-83.8438,41.5545,2010,12,29,1,-6.96,-5.04,4.03,5.6,0.01
US-Oho,-83.8438,41.5545,2010,12,30,5.37,-0.34,1.38,6.3,3.4,0.24
US-Oho,-83.8438,41.5545,2010,12,31,12.54,2.78,6.3,7.86,4.68,1.74
US-Oho,-83.8438,41.5545,2011,1,1,8.18,-6.11,-1.3,7.31,2.87,12.9
US-Oho,-83.8438,41.5545,2011,1,2,-2.76,-7.33,-11.48,6.11,6.58,0
US-Oho,-83.8438,41.5545,2011,1,3,3.23,-8.6,-7.15,5.78,8.86,0
US-Oho,-83.8438,41.5545,2011,1,4,1.49,-7.38,-6.11,6.6,7.57,0.01
US-Oho,-83.8438,41.5545,2011,1,5,-2,-9.96,-9.1,2.32,8.01,0.08
US-Oho,-83.8438,41.5545,2011,1,6,-1.36,-6.94,-6.67,5.26,1.53,0.99
US-Oho,-83.8438,41.5545,2011,1,7,-5.38,-9.69,-10.35,4.2,4.93,0.85
US-Oho,-83.8438,41.5545,2011,1,8,-5.54,-11.51,-11.55,5.09,7.05,0.2
US-Oho,-83.8438,41.5545,2011,1,9,-1.59,-12.56,-10.72,3.06,9.02,0.17
US-Oho,-83.8438,41.5545,2011,1,10,-1.89,-8.97,-8.87,2.42,5.9,0.02
US-Oho,-83.8438,41.5545,2011,1,11,-2.8,-5.95,-6.08,4.21,3.62,6.76
US-Oho,-83.8438,41.5545,2011,1,12,-3.3,-8.87,-8.22,6.45,3.99,1.58
US-Oho,-83.8438,41.5545,2011,1,13,-2.07,-10.77,-8.44,3.6,4.06,0.46
US-Oho,-83.8438,41.5545,2011,1,14,-2.47,-9.98,-7.76,3.24,3.25,0.14
US-Oho,-83.8438,41.5545,2011,1,15,-1.47,-8.85,-5.79,6.49,3.46,0.24
US-Oho,-83.8438,41.5545,2011,1,16,-5.77,-13.32,-12.56,2.85,6.53,0
US-Oho,-83.8438,41.5545,2011,1,17,-1.06,-13.02,-8.59,5.25,5.16,0.35
US-Oho,-83.8438,41.5545,2011,1,18,2.71,-4.83,-1.11,4.95,3,2.77
US-Oho,-83.8438,41.5545,2011,1,19,-3.34,-8.71,-7.89,3.64,2.33,0.13
US-Oho,-83.8438,41.5545,2011,1,20,-3.57,-8.2,-8.39,2.91,3.89,1.56
US-Oho,-83.8438,41.5545,2011,1,21,-8.45,-14.38,-14.31,5.75,9.5,0.01
US-Oho,-83.8438,41.5545,2011,1,22,-7.35,-17.15,-14.14,5.53,7.4,0.01
US-Oho,-83.8438,41.5545,2011,1,23,-7.95,-16.56,-15.96,3.39,10.8,0
US-Oho,-83.8438,41.5545,2011,1,24,-2.1,-13.07,-8.48,4.94,3.65,1.23
US-Oho,-83.8438,41.5545,2011,1,25,-0.8,-7.27,-5.41,2.29,4.39,0.06
US-Oho,-83.8438,41.5545,2011,1,26,-0.04,-6.68,-5.72,3.3,3.24,0.02
US-Oho,-83.8438,41.5545,2011,1,27,-3.57,-7.87,-7.1,3.92,4.94,1.75
US-Oho,-83.8438,41.5545,2011,1,28,-0.74,-8.48,-7.08,3.62,3.54,0.14
US-Oho,-83.8438,41.5545,2011,1,29,0.27,-6.96,-5.24,3.58,3.54,0.75
US-Oho,-83.8438,41.5545,2011,1,30,-1.09,-11.98,-8.14,3.63,4.98,0.03
US-Oho,-83.8438,41.5545,2011,1,31,-5.29,-12.59,-10.21,6.57,4.97,1.93
US-Oho,-83.8438,41.5545,2011,2,1,-4.83,-7.66,-7.62,9.47,2.62,10.41
US-Oho,-83.8438,41.5545,2011,2,2,-2.78,-16.65,-8.49,6.44,4.21,2.84
US-Oho,-83.8438,41.5545,2011,2,3,-4.88,-18.55,-13.78,4.97,8.52,0.01
US-Oho,-83.8438,41.5545,2011,2,4,-3.8,-18.21,-13.1,6.04,12.7,0
US-Oho,-83.8438,41.5545,2011,2,5,-1.98,-12.97,-8.16,3.45,5.07,5.52
US-Oho,-83.8438,41.5545,2011,2,6,-0.06,-6.38,-4.19,3.99,4.53,0.69
US-Oho,-83.8438,41.5545,2011,2,7,-0.52,-11.94,-5.7,3.69,3.86,0.64
US-Oho,-83.8438,41.5545,2011,2,8,-8.19,-16.04,-13.75,4.79,10.79,0.02
US-Oho,-83.8438,41.5545,2011,2,9,-9.53,-17.36,-14.91,6.28,5.52,0
US-Oho,-83.8438,41.5545,2011,2,10,-10.87,-24.63,-18.82,4.98,14.11,0
US-Oho,-83.8438,41.5545,2011,2,11,-2.82,-14.16,-8.67,6.42,7.73,0.13
US-Oho,-83.8438,41.5545,2011,2,12,0.67,-3.82,-3.1,6.81,13.24,0.58
US-Oho,-83.8438,41.5545,2011,2,13,3.64,-1.4,-0.27,8.93,7.5,0.04
US-Oho,-83.8438,41.5545,2011,2,14,4.43,-5.43,-2.04,8.67,9.29,0
US-Oho,-83.8438,41.5545,2011,2,15,3.08,-7.76,-7.08,3.82,9.88,0
US-Oho,-83.8438,41.5545,2011,2,16,9.98,-3.08,1.94,5.2,12.36,0
US-Oho,-83.8438,41.5545,2011,2,17,14.74,6.08,9.36,9.88,9.07,0
US-Oho,-83.8438,41.5545,2011,2,18,12.68,0.37,0.56,10.41,14.17,0
US-Oho,-83.8438,41.5545,2011,2,19,4.23,-4.27,-7.08,6.35,15.57,0
US-Oho,-83.8438,41.5545,2011,2,20,1.27,-4.29,-3.1,4.78,2.82,11.75
US-Oho,-83.8438,41.5545,2011,2,21,-0.09,-7.87,-5.96,9.8,2.15,9.9
US-Oho,-83.8438,41.5545,2011,2,22,-2.7,-9.78,-9.04,5.29,7.66,0.01
US-Oho,-83.8438,41.5545,2011,2,23,0.66,-9.71,-6.26,2.67,3.88,1.04
US-Oho,-83.8438,41.5545,2011,2,24,2.56,-3.13,-1.79,4.06,4.83,1.51
US-Oho,-83.8438,41.5545,2011,2,25,0.81,-6.3,-4.95,7.06,7.21,4.59
US-Oho,-83.8438,41.5545,2011,2,26,1.87,-5.44,-4.14,3.42,5.58,0.42
US-Oho,-83.8438,41.5545,2011,2,27,5.78,-3.26,1.32,3.47,8.31,8.98
US-Oho,-83.8438,41.5545,2011,2,28,7.12,-5.71,-2.51,6.22,8.11,20.9
US-Oho,-83.8438,41.5545,2011,3,1,5.87,-5.86,-4.59,4.62,16.82,0
US-Oho,-83.8438,41.5545,2011,3,2,2.78,-4.66,-5.79,5.3,16.54,0
US-Oho,-83.8438,41.5545,2011,3,3,1.93,-5.6,-7.33,5.79,11.56,0
US-Oho,-83.8438,41.5545,2011,3,4,8.37,-0.76,4.47,5.83,5.6,12.12
US-Oho,-83.8438,41.5545,2011,3,5,10.29,-2.15,3.35,7.99,3.35,17.66
US-Oho,-83.8438,41.5545,2011,3,6,3.46,-6.46,-5.01,5.88,9.34,0.26
US-Oho,-83.8438,41.5545,2011,3,7,4.54,-6.49,-6.17,2.91,15.34,0
US-Oho,-83.8438,41.5545,2011,3,8,7.7,-3.01,-1.19,4.49,13.7,0.3
US-Oho,-83.8438,41.5545,2011,3,9,7.89,0.68,3.58,5.83,2.91,19.39
US-Oho,-83.8438,41.5545,2011,3,10,4.88,-1.08,0.85,5.7,2.66,1.78
US-Oho,-83.8438,41.5545,2011,3,11,7.07,-2.76,-2.7,7.18,10.11,1.25
US-Oho,-83.8438,41.5545,2011,3,12,9.79,-2.12,-0.3,7.71,8.59,0
US-Oho,-83.8438,41.5545,2011,3,13,5.46,-2.81,-1.71,4.33,7.31,0
US-Oho,-83.8438,41.5545,2011,3,14,5.27,-3.76,-3.48,3.91,14.26,0
US-Oho,-83.8438,41.5545,2011,3,15,5.23,-2.98,1.06,4.43,4,6.24
US-Oho,-83.8438,41.5545,2011,3,16,12.99,0.82,2.35,4.87,17.53,0.66
US-Oho,-83.8438,41.5545,2011,3,17,19.57,3.77,8.78,8.82,18.05,0
US-Oho,-83.8438,41.5545,2011,3,18,16.21,0.9,4.96,5.6,16.17,0
US-Oho,-83.8438,41.5545,2011,3,19,10.31,-3.63,-1.84,3.53,21.18,0
US-Oho,-83.8438,41.5545,2011,3,20,13.89,-1,2.6,5.54,14.35,4.34
US-Oho,-83.8438,41.5545,2011,3,21,13.22,2.52,7.61,5.23,12.93,1.3
US-Oho,-83.8438,41.5545,2011,3,22,7.6,1.28,1.86,6,4.02,2.89
US-Oho,-83.8438,41.5545,2011,3,23,5.04,-2.5,0.3,6.2,4.85,3.09
US-Oho,-83.8438,41.5545,2011,3,24,4.34,-5.34,-5.72,5.14,19.1,0.06
US-Oho,-83.8438,41.5545,2011,3,25,0.93,-5.22,-7.53,3.15,16.07,0
US-Oho,-83.8438,41.5545,2011,3,26,1.81,-5.27,-8.89,4.98,20.36,0.01
US-Oho,-83.8438,41.5545,2011,3,27,3.17,-5.97,-8.13,4.54,23.23,0
US-Oho,-83.8438,41.5545,2011,3,28,4.38,-5.75,-7.33,3.13,23.1,0
US-Oho,-83.8438,41.5545,2011,3,29,6.43,-3.45,-5.84,2.63,22.6,0
US-Oho,-83.8438,41.5545,2011,3,30,2.62,-2.91,-4.29,3.48,7.64,0.21
US-Oho,-83.8438,41.5545,2011,3,31,7.07,-3.29,-3.57,1.92,16.89,0.06
US-Oho,-83.8438,41.5545,2011,4,1,8.92,0,-2,2.93,16.08,0.26
US-Oho,-83.8438,41.5545,2011,4,2,7.4,-0.46,0.23,4.87,12.07,0.64
US-Oho,-83.8438,41.5545,2011,4,3,15.41,-0.48,4.22,6,6.55,3.21
US-Oho,-83.8438,41.5545,2011,4,4,18.95,4.34,10.21,8.76,2.52,8.91
US-Oho,-83.8438,41.5545,2011,4,5,7.94,-0.54,-3,6.56,14.93,0.02
US-Oho,-83.8438,41.5545,2011,4,6,12.31,0.2,3.04,5.09,8.27,2.33
US-Oho,-83.8438,41.5545,2011,4,7,10.55,1.91,2.13,4.13,8.48,4.47
US-Oho,-83.8438,41.5545,2011,4,8,9.34,1.65,4.33,6.23,6.93,12.51
US-Oho,-83.8438,41.5545,2011,4,9,14.79,2.21,6.51,2.38,10.25,0.04
US-Oho,-83.8438,41.5545,2011,4,10,26.81,8.68,16.08,8.44,19.34,2.85
US-Oho,-83.8438,41.5545,2011,4,11,20.27,6.62,11.32,8.2,8.79,0.62
US-Oho,-83.8438,41.5545,2011,4,12,13.67,2.12,0.8,7.21,23.4,0.01
US-Oho,-83.8438,41.5545,2011,4,13,17.93,-0.02,1.24,3.1,25.54,0
US-Oho,-83.8438,41.5545,2011,4,14,14.73,2.85,3.32,5.77,17.84,0
US-Oho,-83.8438,41.5545,2011,4,15,13.83,2.55,5.03,9.75,16.53,3.29
US-Oho,-83.8438,41.5545,2011,4,16,14.03,2.61,6.35,10.21,9.62,5.25
US-Oho,-83.8438,41.5545,2011,4,17,10.96,0.67,-0.07,8.75,21.54,0.32
US-Oho,-83.8438,41.5545,2011,4,18,6.35,1.71,0.78,4.8,11.19,2.75
US-Oho,-83.8438,41.5545,2011,4,19,17.31,0.74,4.5,6.34,4.9,29.17
US-Oho,-83.8438,41.5545,2011,4,20,18.06,1.85,5.06,9.08,8.41,1.01
US-Oho,-83.8438,41.5545,2011,4,21,12.08,-0.18,0.59,4.17,24.77,0.08
US-Oho,-83.8438,41.5545,2011,4,22,16.12,2.55,6.05,6.93,5.19,19.63
US-Oho,-83.8438,41.5545,2011,4,23,22.23,7.63,11.08,7.16,19.53,1.96
US-Oho,-83.8438,41.5545,2011,4,24,18.4,7.07,8.53,2.66,12.34,2.63
US-Oho,-83.8438,41.5545,2011,4,25,14.83,7.39,9.54,5.25,3.93,21.28
US-Oho,-83.8438,41.5545,2011,4,26,22.53,7.15,14.62,8.74,14.94,5.88
US-Oho,-83.8438,41.5545,2011,4,27,22.09,13.83,15.22,6.47,11.21,21.18
US-Oho,-83.8438,41.5545,2011,4,28,16.94,4.16,4.91,10.17,14.28,2.09
US-Oho,-83.8438,41.5545,2011,4,29,16.14,3.94,3.91,5.26,26.7,0.67
US-Oho,-83.8438,41.5545,2011,4,30,17.06,3.79,4.79,5.2,17.52,0.06
US-Oho,-83.8438,41.5545,2011,5,1,22.58,10.28,11.97,5.91,8.42,3.84
US-Oho,-83.8438,41.5545,2011,5,2,12.99,5.78,5.86,3.19,9.91,5.27
US-Oho,-83.8438,41.5545,2011,5,3,11.97,4.27,4.37,4.11,8.21,3.61
US-Oho,-83.8438,41.5545,2011,5,4,13.46,2.12,2.5,3.5,19.16,0.01
US-Oho,-83.8438,41.5545,2011,5,5,18.04,1.84,4.45,3.73,27.85,0.01
US-Oho,-83.8438,41.5545,2011,5,6,16.82,8.27,8.03,4.37,15.07,1.97
US-Oho,-83.8438,41.5545,2011,5,7,19.01,8.62,9.76,2.94,17.28,1.97
US-Oho,-83.8438,41.5545,2011,5,8,19.21,7.72,9.15,3.93,25.09,0.03
US-Oho,-83.8438,41.5545,2011,5,9,19.98,5.32,6.64,4.94,27.89,0
US-Oho,-83.8438,41.5545,2011,5,10,25.22,9.95,13.06,5.23,13.22,2.2
US-Oho,-83.8438,41.5545,2011,5,11,26.89,13.5,17.07,3.75,20.76,2.82
US-Oho,-83.8438,41.5545,2011,5,12,27.63,16,19.62,2.56,21.55,0.67
US-Oho,-83.8438,41.5545,2011,5,13,26.12,16.47,18.09,3.09,18.6,7
US-Oho,-83.8438,41.5545,2011,5,14,21.77,9.82,15.04,2.8,11.44,17.44
US-Oho,-83.8438,41.5545,2011,5,15,12.02,5.26,7.38,7.2,4.98,9.49
US-Oho,-83.8438,41.5545,2011,5,16,10.93,4.93,4.15,6.98,9.16,1.58
US-Oho,-83.8438,41.5545,2011,5,17,14.04,6.49,8.13,7.02,6.03,4.02
US-Oho,-83.8438,41.5545,2011,5,18,18.93,9.82,12.05,2.89,9.98,3.76
US-Oho,-83.8438,41.5545,2011,5,19,19.59,12.06,13.01,2.55,13.54,2.99
US-Oho,-83.8438,41.5545,2011,5,20,23.67,11.12,14.19,2.15,20.9,0.06
US-Oho,-83.8438,41.5545,2011,5,21,25.45,11.97,15.26,3.7,23.09,0.03
US-Oho,-83.8438,41.5545,2011,5,22,27.17,16.78,18.59,5.25,26.15,4.01
US-Oho,-83.8438,41.5545,2011,5,23,25.63,17.19,18.79,8.34,20.08,7.28
US-Oho,-83.8438,41.5545,2011,5,24,25.06,13.55,16.17,3.2,23.45,0.83
US-Oho,-83.8438,41.5545,2011,5,25,24.11,12.47,17.71,5.12,10.74,47.71
US-Oho,-83.8438,41.5545,2011,5,26,22.3,9.03,15.11,5.86,11.21,17.44
US-Oho,-83.8438,41.5545,2011,5,27,16.08,8.18,10.6,2.39,8.28,1.21
US-Oho,-83.8438,41.5545,2011,5,28,22.8,11.39,14.46,3.15,16.66,15.65
US-Oho,-83.8438,41.5545,2011,5,29,26.65,16.08,20.24,3.99,18.67,4.07
US-Oho,-83.8438,41.5545,2011,5,30,30.45,18.88,21.5,4.45,27.49,0.02
US-Oho,-83.8438,41.5545,2011,5,31,30.65,20.07,21.92,6,27.4,0
US-Oho,-83.8438,41.5545,2011,6,1,25.31,13.79,14.44,6.31,30.36,0
US-Oho,-83.8438,41.5545,2011,6,2,22.46,11.1,9.92,3.34,28.67,0
US-Oho,-83.8438,41.5545,2011,6,3,24.12,10.75,11.22,3.49,26.17,0
US-Oho,-83.8438,41.5545,2011,6,4,28.99,15.95,20.36,4.88,24.9,0.16
US-Oho,-83.8438,41.5545,2011,6,5,28.93,16.68,16.53,2.27,24.86,0.01
US-Oho,-83.8438,41.5545,2011,6,6,29.66,15.76,16.28,2.69,25.62,0
US-Oho,-83.8438,41.5545,2011,6,7,29.96,20.42,22.47,4.57,26.03,0
US-Oho,-83.8438,41.5545,2011,6,8,30.85,21.84,23.44,5.33,26.76,1.95
US-Oho,-83.8438,41.5545,2011,6,9,26.45,15.64,20.01,4.97,14.98,1.9
US-Oho,-83.8438,41.5545,2011,6,10,23.3,14.4,17.08,4.01,12.98,8.26
US-Oho,-83.8438,41.5545,2011,6,11,26.21,15.65,18.47,3.74,20.04,0.98
US-Oho,-83.8438,41.5545,2011,6,12,20.45,11.44,11.44,4.27,24.05,0
US-Oho,-83.8438,41.5545,2011,6,13,23.96,12.37,11.93,3.5,28.81,0
US-Oho,-83.8438,41.5545,2011,6,14,22.59,11.53,11.84,3.94,26.71,0
US-Oho,-83.8438,41.5545,2011,6,15,22.97,12.1,13.63,4.66,13.85,0.7
US-Oho,-83.8438,41.5545,2011,6,16,22.48,15.08,15.81,3.78,17.97,2.66
US-Oho,-83.8438,41.5545,2011,6,17,27.57,14.99,17.12,1.93,23.55,0.56
US-Oho,-83.8438,41.5545,2011,6,18,25.98,17.69,17.8,2.78,21.03,0.8
US-Oho,-83.8438,41.5545,2011,6,19,27.11,16.03,17.69,2.7,12.9,3.46
US-Oho,-83.8438,41.5545,2011,6,20,25.21,17.14,19.73,2.79,11.01,2.7
US-Oho,-83.8438,41.5545,2011,6,21,28.95,20.23,22.46,3.87,22.3,4.36
US-Oho,-83.8438,41.5545,2011,6,22,28.02,18.65,20.48,6.01,20.97,4.27
US-Oho,-83.8438,41.5545,2011,6,23,25.1,17.43,17.97,5.66,12.37,1.7
US-Oho,-83.8438,41.5545,2011,6,24,23.08,14.42,15.64,5.63,9.92,1.21
US-Oho,-83.8438,41.5545,2011,6,25,24.89,13.54,14.43,4.78,23.09,0
US-Oho,-83.8438,41.5545,2011,6,26,26.57,14.73,14.92,2.5,24.56,0
US-Oho,-83.8438,41.5545,2011,6,27,25.13,13.84,17.95,4.81,19.13,0.18
US-Oho,-83.8438,41.5545,2011,6,28,25.02,14.33,16.29,5.79,30.78,0
US-Oho,-83.8438,41.5545,2011,6,29,25.29,12.49,13.15,3.73,30.89,0
US-Oho,-83.8438,41.5545,2011,6,30,28.14,15.09,15.53,1.76,25.92,0
US-Oho,-83.8438,41.5545,2011,7,1,27.73,16.05,18.41,1.8,27.48,0.03
US-Oho,-83.8438,41.5545,2011,7,2,29.8,20.2,23.12,4.71,20.66,1.21
US-Oho,-83.8438,41.5545,2011,7,3,29.92,19.64,20.21,2.53,27.16,0.21
US-Oho,-83.8438,41.5545,2011,7,4,28.84,19.4,18.98,2.38,26.99,0
US-Oho,-83.8438,41.5545,2011,7,5,30.07,17.78,17.22,1.66,29.32,0
US-Oho,-83.8438,41.5545,2011,7,6,30.68,18.74,18.28,2.91,23.24,0.01
US-Oho,-83.8438,41.5545,2011,7,7,27.19,17.99,18.38,2.96,20.69,0.14
US-Oho,-83.8438,41.5545,2011,7,8,28.22,19.06,16.53,3.09,26.07,0.2
US-Oho,-83.8438,41.5545,2011,7,9,30.05,17.73,16.26,1.98,28.79,0
US-Oho,-83.8438,41.5545,2011,7,10,30.85,17.82,18.68,3.08,28.95,0
US-Oho,-83.8438,41.5545,2011,7,11,30.12,21.29,23.14,3.75,9.72,20.3
US-Oho,-83.8438,41.5545,2011,7,12,30.76,21.18,21.19,3.81,28.53,0.28
US-Oho,-83.8438,41.5545,2011,7,13,26.61,16.16,15.23,4.4,28.6,0
US-Oho,-83.8438,41.5545,2011,7,14,26.5,15.1,15.21,3.28,25.61,0.01
US-Oho,-83.8438,41.5545,2011,7,15,28.96,18.06,17.21,3.19,25.85,0
US-Oho,-83.8438,41.5545,2011,7,16,30.92,19.22,19.88,2.49,26.2,0
US-Oho,-83.8438,41.5545,2011,7,17,32.37,20.32,21.08,2.42,26.17,0.02
US-Oho,-83.8438,41.5545,2011,7,18,30.48,23.06,24.28,4.38,14.04,8.64
US-Oho,-83.8438,41.5545,2011,7,19,33.59,23.35,22.71,2.8,23.35,0.06
US-Oho,-83.8438,41.5545,2011,7,20,32.89,21.51,23.27,2.92,23.45,0.01
US-Oho,-83.8438,41.5545,2011,7,21,36.06,25.56,25.29,4.81,27.6,0.03
US-Oho,-83.8438,41.5545,2011,7,22,32.7,24.42,23.81,2.49,14.15,9.72
US-Oho,-83.8438,41.5545,2011,7,23,30.96,24.93,24.89,2.9,21.17,19.29
US-Oho,-83.8438,41.5545,2011,7,24,30.51,23.3,23.23,1.3,16.56,2.39
US-Oho,-83.8438,41.5545,2011,7,25,29.97,20.03,20.22,3.52,23.61,0.3
US-Oho,-83.8438,41.5545,2011,7,26,30.09,17.5,16.45,3.78,27.03,0.04
US-Oho,-83.8438,41.5545,2011,7,27,29.9,17.09,17.94,2.87,19.59,2.49
US-Oho,-83.8438,41.5545,2011,7,28,30.77,23.88,24.1,4.43,18.93,14.55
US-Oho,-83.8438,41.5545,2011,7,29,28.6,22.21,23.26,4.03,13.8,4.16
US-Oho,-83.8438,41.5545,2011,7,30,31.35,18.15,18.37,1.85,27.65,0
US-Oho,-83.8438,41.5545,2011,7,31,32.41,19.37,19.18,3.05,27.61,0
US-Oho,-83.8438,41.5545,2011,8,1,31.91,21.2,20.47,4.32,20.98,3.64
US-Oho,-83.8438,41.5545,2011,8,2,30.6,20.41,20.17,2.87,12.8,5.35
US-Oho,-83.8438,41.5545,2011,8,3,29.8,22.23,21.76,5.17,12.47,3.8
US-Oho,-83.8438,41.5545,2011,8,4,29.49,20.23,19.53,2.7,19.4,0.02
US-Oho,-83.8438,41.5545,2011,8,5,31.49,19.29,18.85,1.63,22.34,0.02
US-Oho,-83.8438,41.5545,2011,8,6,29.16,20.69,20.7,1.63,15.32,11.88
US-Oho,-83.8438,41.5545,2011,8,7,29.82,20.69,21.23,3.7,20.33,7.53
US-Oho,-83.8438,41.5545,2011,8,8,29.14,19.36,19.92,2.08,19.63,4.38
US-Oho,-83.8438,41.5545,2011,8,9,28.04,17.68,18.64,4.72,23.7,4.79
US-Oho,-83.8438,41.5545,2011,8,10,25.4,15.01,14.26,5.37,23.79,0.31
US-Oho,-83.8438,41.5545,2011,8,11,26.7,12.5,11.31,2.34,25.7,0
US-Oho,-83.8438,41.5545,2011,8,12,27.8,14.05,13.07,2.63,23.46,0
US-Oho,-83.8438,41.5545,2011,8,13,29.97,15.92,15.39,2.66,23.95,3.2
US-Oho,-83.8438,41.5545,2011,8,14,21.41,17.25,17.49,3.28,9.03,7.87
US-Oho,-83.8438,41.5545,2011,8,15,27.49,15.68,15.28,4.48,23.33,0.11
US-Oho,-83.8438,41.5545,2011,8,16,29.1,13.32,12.85,1.65,26.36,0
US-Oho,-83.8438,41.5545,2011,8,17,29.56,14.75,14.28,3.39,23.48,0
US-Oho,-83.8438,41.5545,2011,8,18,30.12,17.37,17.63,2.7,21.18,2.42
US-Oho,-83.8438,41.5545,2011,8,19,30.97,16.95,14.49,1.86,25.46,0
US-Oho,-83.8438,41.5545,2011,8,20,29.63,17.05,18.18,2.73,14.65,1.37
US-Oho,-83.8438,41.5545,2011,8,21,26.86,15.72,15.62,3.78,18.24,2.76
US-Oho,-83.8438,41.5545,2011,8,22,25.76,12.31,10.77,2.96,23.14,0
US-Oho,-83.8438,41.5545,2011,8,23,29.13,15.21,12.86,3.36,22.08,22.46
US-Oho,-83.8438,41.5545,2011,8,24,30.98,18.24,20.97,7.22,20.02,13.98
US-Oho,-83.8438,41.5545,2011,8,25,26.8,16.22,16.33,3.99,17.87,0.22
US-Oho,-83.8438,41.5545,2011,8,26,27.37,15.76,15.52,1.46,22.93,0.01
US-Oho,-83.8438,41.5545,2011,8,27,29.33,14.85,15.6,3.41,22.24,0
US-Oho,-83.8438,41.5545,2011,8,28,26.04,13.91,12,5.23,20.67,0
US-Oho,-83.8438,41.5545,2011,8,29,26.45,15.03,9.87,1.68,21.53,0
US-Oho,-83.8438,41.5545,2011,8,30,24.88,12.79,10.95,2.33,19.53,0.04
US-Oho,-83.8438,41.5545,2011,8,31,30.49,15.31,14.5,3.22,14.72,0.18
US-Oho,-83.8438,41.5545,2011,9,1,34.06,20.48,19.93,2.97,19.98,1.07
US-Oho,-83.8438,41.5545,2011,9,2,35.93,21.01,20.76,3.37,20.36,0.08
US-Oho,-83.8438,41.5545,2011,9,3,34.76,20.72,19.22,3.26,20.28,6.16
US-Oho,-83.8438,41.5545,2011,9,4,26.31,15.91,18.32,3.75,8.77,6.35
US-Oho,-83.8438,41.5545,2011,9,5,17.96,11.68,9.69,6.03,8.48,0.01
US-Oho,-83.8438,41.5545,2011,9,6,20.15,11.71,9.73,7.17,12.29,1.61
US-Oho,-83.8438,41.5545,2011,9,7,19.32,13.17,13.84,7.93,4.43,17.89
US-Oho,-83.8438,41.5545,2011,9,8,22.37,15.18,16.63,5.28,6.86,27.58
US-Oho,-83.8438,41.5545,2011,9,9,24.29,16.83,17.29,1.75,11.98,1.99
US-Oho,-83.8438,41.5545,2011,9,10,22.08,16.35,16.88,1.72,10.09,1.54
US-Oho,-83.8438,41.5545,2011,9,11,23.51,15.19,16.57,2.77,16.39,3.06
US-Oho,-83.8438,41.5545,2011,9,12,27.54,14.15,15.82,3.98,20.41,0.01
US-Oho,-83.8438,41.5545,2011,9,13,28.33,13.89,15.5,6.04,19.31,0.01
US-Oho,-83.8438,41.5545,2011,9,14,20.02,10.45,9.87,3.11,12.07,3.66
US-Oho,-83.8438,41.5545,2011,9,15,16.57,5.57,3.58,4.78,22.39,0.06
US-Oho,-83.8438,41.5545,2011,9,16,15.04,5.54,4.68,2.3,12.42,0
US-Oho,-83.8438,41.5545,2011,9,17,20.19,7.7,7.76,4.23,17.78,0
US-Oho,-83.8438,41.5545,2011,9,18,21.96,7.82,11.3,3.55,18.58,0.02
US-Oho,-83.8438,41.5545,2011,9,19,21.13,13.41,15.94,4.75,5.07,15.76
US-Oho,-83.8438,41.5545,2011,9,20,23.11,9.94,12.6,2.13,15.29,0.34
US-Oho,-83.8438,41.5545,2011,9,21,25.22,13.27,15.56,4.09,12.31,1.26
US-Oho,-83.8438,41.5545,2011,9,22,23.27,11.3,10.92,3.35,14.54,5.29
US-Oho,-83.8438,41.5545,2011,9,23,16.83,11.17,10.6,1.49,6.36,10.09
US-Oho,-83.8438,41.5545,2011,9,24,19,7.11,9.64,3.04,11.86,0.19
US-Oho,-83.8438,41.5545,2011,9,25,23.42,11.1,13.73,3.26,13.72,10.26
US-Oho,-83.8438,41.5545,2011,9,26,20.5,10.29,14.39,5.74,8.69,20.7
US-Oho,-83.8438,41.5545,2011,9,27,19.43,8.97,11.46,4.43,10.06,4.74
US-Oho,-83.8438,41.5545,2011,9,28,16.57,11.38,11.93,3.39,6.94,5.46
US-Oho,-83.8438,41.5545,2011,9,29,18.45,9.42,11.73,5.03,7.67,10.48
US-Oho,-83.8438,41.5545,2011,9,30,12.74,4.61,6.54,7.87,7.01,1.96
US-Oho,-83.8438,41.5545,2011,10,1,13.27,3.9,3.56,7.23,8.54,1.68
US-Oho,-83.8438,41.5545,2011,10,2,15.66,1.83,3.16,6.04,17.33,0.03
US-Oho,-83.8438,41.5545,2011,10,3,19.14,6.32,8.32,3.74,10.5,0.03
US-Oho,-83.8438,41.5545,2011,10,4,21.43,6.65,7.64,2.16,17.57,0
US-Oho,-83.8438,41.5545,2011,10,5,23.99,8.07,10.49,2.41,17.26,0
US-Oho,-83.8438,41.5545,2011,10,6,24.85,8.45,11.3,2.1,16.95,0
US-Oho,-83.8438,41.5545,2011,10,7,25.48,10.12,12.21,2.78,16.84,0
US-Oho,-83.8438,41.5545,2011,10,8,25.63,9.15,12.49,2.79,16.84,0
US-Oho,-83.8438,41.5545,2011,10,9,25.39,9.69,11.22,2.53,15.37,0
US-Oho,-83.8438,41.5545,2011,10,10,22.58,10.51,11.59,2.81,10.85,0
US-Oho,-83.8438,41.5545,2011,10,11,24.25,9.07,11.59,2.99,13.89,0
US-Oho,-83.8438,41.5545,2011,10,12,17.21,10.93,12.55,2.54,4.37,0.33
US-Oho,-83.8438,41.5545,2011,10,13,20.27,9.55,13.24,2.99,7.25,2.36
US-Oho,-83.8438,41.5545,2011,10,14,15.65,8.6,8.03,8.11,8.15,1.94
US-Oho,-83.8438,41.5545,2011,10,15,15.3,7.51,4.51,9.24,11.84,0.19
US-Oho,-83.8438,41.5545,2011,10,16,14.35,6.63,6.69,5.41,3.86,2.69
US-Oho,-83.8438,41.5545,2011,10,17,15.62,3.34,2.33,6.52,14.83,0
US-Oho,-83.8438,41.5545,2011,10,18,10.89,3.71,4.83,3.08,3.37,2.87
US-Oho,-83.8438,41.5545,2011,10,19,12.55,7.39,9.52,8.31,1.63,43.6
US-Oho,-83.8438,41.5545,2011,10,20,10.14,5.14,5.51,6.54,4.11,10.29
US-Oho,-83.8438,41.5545,2011,10,21,11.24,2.11,4.44,4.12,4.24,0.06
US-Oho,-83.8438,41.5545,2011,10,22,12.73,0.37,3.27,2.58,13.68,0
US-Oho,-83.8438,41.5545,2011,10,23,17.53,2.98,5.89,4.7,10.89,0.32
US-Oho,-83.8438,41.5545,2011,10,24,16.21,5.48,6.17,5.34,12.2,5.94
US-Oho,-83.8438,41.5545,2011,10,25,18.94,4.78,6.57,5.06,12.05,1.1
US-Oho,-83.8438,41.5545,2011,10,26,17.72,6.61,9.34,4.5,7.16,5.88
US-Oho,-83.8438,41.5545,2011,10,27,8.3,1.67,2.98,4.02,6.14,4.14
US-Oho,-83.8438,41.5545,2011,10,28,10.52,0.22,1.56,1.63,11.58,0.06
US-Oho,-83.8438,41.5545,2011,10,29,10.14,0.98,1.82,1.97,7.27,1.65
US-Oho,-83.8438,41.5545,2011,10,30,10.31,-0.33,1.82,3.44,10.03,0.03
US-Oho,-83.8438,41.5545,2011,10,31,7.57,2.1,3.78,3.62,5.49,1.28
US-Oho,-83.8438,41.5545,2011,11,1,15.23,1.06,3.64,3.99,12.78,0
US-Oho,-83.8438,41.5545,2011,11,2,18.11,3.79,5.08,5.45,11.75,0.02
US-Oho,-83.8438,41.5545,2011,11,3,13.27,5.07,6.49,5.15,3.81,0.01
US-Oho,-83.8438,41.5545,2011,11,4,10.36,1.83,1.21,5.25,13.1,0
US-Oho,-83.8438,41.5545,2011,11,5,11.95,-1.14,0.21,3.68,12.97,0
US-Oho,-83.8438,41.5545,2011,11,6,15.39,0.11,2.5,6.25,12.19,0
US-Oho,-83.8438,41.5545,2011,11,7,14.46,7.92,8.75,3.53,3.99,2.29
US-Oho,-83.8438,41.5545,2011,11,8,19.93,9.47,10.97,5.01,7.84,0.73
US-Oho,-83.8438,41.5545,2011,11,9,18.12,4.12,7.74,9.32,4.35,6.03
US-Oho,-83.8438,41.5545,2011,11,10,6.21,0.17,-0.44,6.43,8.47,0.68
US-Oho,-83.8438,41.5545,2011,11,11,5.95,0.16,-1.11,5.39,7.22,0.1
US-Oho,-83.8438,41.5545,2011,11,12,15.25,0.05,3.03,7.05,10.73,0
US-Oho,-83.8438,41.5545,2011,11,13,16.09,7.55,8.55,10.72,5.02,0.28
US-Oho,-83.8438,41.5545,2011,11,14,18.26,7.83,11.62,4.95,1.61,27.84
US-Oho,-83.8438,41.5545,2011,11,15,15.39,6.81,7.77,4.2,7.35,0.07
US-Oho,-83.8438,41.5545,2011,11,16,9.81,0.02,1.9,4.32,7.82,0.02
US-Oho,-83.8438,41.5545,2011,11,17,2.74,-4.75,-5.12,5.8,7.83,0
US-Oho,-83.8438,41.5545,2011,11,18,7.29,-4.99,-5.08,6.65,10.64,0
US-Oho,-83.8438,41.5545,2011,11,19,12.61,1.28,3.36,8.24,4.12,0.38
US-Oho,-83.8438,41.5545,2011,11,20,12.87,3.65,5.78,5.45,3.11,0.31
US-Oho,-83.8438,41.5545,2011,11,21,8.69,1.48,1.97,3.87,4.71,1.84
US-Oho,-83.8438,41.5545,2011,11,22,7.93,1.87,4.43,7.28,2.16,37.52
US-Oho,-83.8438,41.5545,2011,11,23,9.08,0.8,1.03,5.23,9.46,6.79
US-Oho,-83.8438,41.5545,2011,11,24,7.28,1.29,2.8,5.92,3.93,0.01
US-Oho,-83.8438,41.5545,2011,11,25,13.93,3.05,5.07,7.32,9.6,0
US-Oho,-83.8438,41.5545,2011,11,26,15.04,6.47,8.28,7.11,6.63,0.4
US-Oho,-83.8438,41.5545,2011,11,27,13.63,2.42,8.25,6.98,1.49,17.57
US-Oho,-83.8438,41.5545,2011,11,28,4.92,1.05,1.71,6.02,3.6,12.85
US-Oho,-83.8438,41.5545,2011,11,29,4.05,-0.08,1.73,9.17,2.01,52.5
US-Oho,-83.8438,41.5545,2011,11,30,3.56,-4.62,-3.54,5.19,9.4,0.87
US-Oho,-83.8438,41.5545,2011,12,1,4.15,-5.93,-3.71,3.28,9.49,0.13
US-Oho,-83.8438,41.5545,2011,12,2,4.15,-3.31,-2.74,3.21,4.55,0.24
US-Oho,-83.8438,41.5545,2011,12,3,7.44,-2.07,1.68,5.49,3.23,0.14
US-Oho,-83.8438,41.5545,2011,12,4,10.65,4.97,6.04,7.06,2.32,11.69
US-Oho,-83.8438,41.5545,2011,12,5,5.03,-0.48,1.63,4.89,1.61,16.44
US-Oho,-83.8438,41.5545,2011,12,6,2.99,-3.92,-2.32,4.65,2.71,0.19
US-Oho,-83.8438,41.5545,2011,12,7,2.19,-5.85,-5.18,4.1,5.67,0.02
US-Oho,-83.8438,41.5545,2011,12,8,2.18,-5.65,-3.81,4.53,8.11,0.1
US-Oho,-83.8438,41.5545,2011,12,9,1.15,-6.92,-3.56,3.83,3.06,0.92
US-Oho,-83.8438,41.5545,2011,12,10,-1.61,-7.79,-8.46,3.98,9.36,0
US-Oho,-83.8438,41.5545,2011,12,11,1.23,-8.32,-7.14,4.34,8.98,0
US-Oho,-83.8438,41.5545,2011,12,12,4.07,-8.24,-5.82,2.75,8.46,0
US-Oho,-83.8438,41.5545,2011,12,13,4.57,-2.8,-1.28,2.36,3.08,0.88
US-Oho,-83.8438,41.5545,2011,12,14,9.43,1.18,4.98,6.42,1.82,7.51
US-Oho,-83.8438,41.5545,2011,12,15,13.37,-0.41,5.71,10.33,3.67,14.42
US-Oho,-83.8438,41.5545,2011,12,16,1.44,-3.64,-3.7,3.44,4.76,0.03
US-Oho,-83.8438,41.5545,2011,12,17,-0.56,-2.87,-3.39,2.01,4.01,1.17
US-Oho,-83.8438,41.5545,2011,12,18,3.08,-2.78,-2.09,4.67,5.64,0.04
US-Oho,-83.8438,41.5545,2011,12,19,8.94,0.05,2.47,6.84,4.25,0.55
US-Oho,-83.8438,41.5545,2011,12,20,2.96,-1.34,-0.14,3.31,2,1.11
US-Oho,-83.8438,41.5545,2011,12,21,10.61,3.36,5.67,5.08,4.2,11.32
US-Oho,-83.8438,41.5545,2011,12,22,6.27,1.28,2.7,2.13,2.78,0.56
US-Oho,-83.8438,41.5545,2011,12,23,0.48,-4.04,-5.7,3.46,5.7,0.2
US-Oho,-83.8438,41.5545,2011,12,24,2.91,-4.55,-3.76,4.18,7.39,0
US-Oho,-83.8438,41.5545,2011,12,25,5.96,-2.38,-1.08,7.26,8.18,0
US-Oho,-83.8438,41.5545,2011,12,26,5.66,-3.18,-1.55,4.28,8.27,0
US-Oho,-83.8438,41.5545,2011,12,27,1.15,-3.64,-1.16,4.72,1.66,7.99
US-Oho,-83.8438,41.5545,2011,12,28,-1.17,-5,-7.57,4.7,8.55,0
US-Oho,-83.8438,41.5545,2011,12,29,3.49,-4.3,-0.95,5.66,4.96,0.38
US-Oho,-83.8438,41.5545,2011,12,30,6.55,-0.94,2.34,5.01,2.93,5.46
US-Oho,-83.8438,41.5545,2011,12,31,4.93,-0.21,1.13,4.54,2.77,0.16
US-Oho,-83.8438,41.5545,2012,1,1,7.68,-1.92,-0.28,10.31,2.6,1.13
US-Oho,-83.8438,41.5545,2012,1,2,-1.79,-5.92,-7,8.54,4.03,0.72
US-Oho,-83.8438,41.5545,2012,1,3,-4.46,-7.57,-10.98,6.12,5.38,0
US-Oho,-83.8438,41.5545,2012,1,4,2.02,-6.93,-4.44,5.74,7.56,0
US-Oho,-83.8438,41.5545,2012,1,5,4.51,-4.38,-1.68,5.03,8.15,0
US-Oho,-83.8438,41.5545,2012,1,6,8.37,0.96,2.74,6.7,7.33,0
US-Oho,-83.8438,41.5545,2012,1,7,6.64,-2.98,-0.12,4.99,8.11,0
US-Oho,-83.8438,41.5545,2012,1,8,3.76,-3.16,-3.45,1.62,9.26,0
US-Oho,-83.8438,41.5545,2012,1,9,3.59,-3.47,-2.64,4.86,6.84,0
US-Oho,-83.8438,41.5545,2012,1,10,6.66,-2.19,-0.16,3.37,9.49,0
US-Oho,-83.8438,41.5545,2012,1,11,3.5,-1.78,0.82,4.34,5.99,5.13
US-Oho,-83.8438,41.5545,2012,1,12,3.62,-6.91,-1.08,6.12,2.85,1.82
US-Oho,-83.8438,41.5545,2012,1,13,-1.62,-6.99,-5.95,10.36,2.29,2.48
US-Oho,-83.8438,41.5545,2012,1,14,-4.11,-7.08,-8.46,4.1,4.41,0.33
US-Oho,-83.8438,41.5545,2012,1,15,-2.56,-8.78,-8.33,3.52,6.67,0.02
US-Oho,-83.8438,41.5545,2012,1,16,5.04,-7.39,-1.22,7.95,4.54,3.47
US-Oho,-83.8438,41.5545,2012,1,17,11.76,-3.5,2.12,9.44,4.43,13.61
US-Oho,-83.8438,41.5545,2012,1,18,-1.97,-6.35,-8.21,4.27,7.16,0
US-Oho,-83.8438,41.5545,2012,1,19,-1.67,-12.68,-9.16,8.02,4,1.04
US-Oho,-83.8438,41.5545,2012,1,20,-6.37,-13.94,-12.62,2.92,4.62,4.72
US-Oho,-83.8438,41.5545,2012,1,21,-3.16,-9.65,-8.88,4.4,6.3,0.12
US-Oho,-83.8438,41.5545,2012,1,22,4.32,-9.2,-3.01,5.53,2.41,0.63
US-Oho,-83.8438,41.5545,2012,1,23,9.43,-2.09,2.25,10.87,3.52,8.75
US-Oho,-83.8438,41.5545,2012,1,24,1.57,-3.57,-3.61,5.49,3.13,0.01
US-Oho,-83.8438,41.5545,2012,1,25,0.41,-3.64,-3.34,1.85,4.07,0.43
US-Oho,-83.8438,41.5545,2012,1,26,2.39,-1.27,-0.27,3.41,2.39,8.07
US-Oho,-83.8438,41.5545,2012,1,27,3.29,-2.44,-1.97,5.43,5.21,1.88
US-Oho,-83.8438,41.5545,2012,1,28,2.01,-4.38,-4.02,8.89,7.82,2.19
US-Oho,-83.8438,41.5545,2012,1,29,1.33,-8.78,-5.33,7.79,5.47,0.24
US-Oho,-83.8438,41.5545,2012,1,30,4.01,-9.46,-3.12,6.45,5.81,0
US-Oho,-83.8438,41.5545,2012,1,31,11.33,2.52,5.68,9.05,10.14,0.58
US-Oho,-83.8438,41.5545,2012,2,1,9.31,0.98,3.9,4.14,7.28,0.22
US-Oho,-83.8438,41.5545,2012,2,2,6.25,-2.29,-0.22,2.41,6.19,0
US-Oho,-83.8438,41.5545,2012,2,3,6.6,-1.69,0.57,2.28,10.27,0.05
US-Oho,-83.8438,41.5545,2012,2,4,4.23,-3.27,-1.18,3.11,7.17,3.01
US-Oho,-83.8438,41.5545,2012,2,5,6.69,-3.33,-1.83,2.46,11.65,0
US-Oho,-83.8438,41.5545,2012,2,6,7.15,-2.93,-0.72,4.85,12.56,0.06
US-Oho,-83.8438,41.5545,2012,2,7,3.49,-3.35,-2.5,3.43,3.67,0.01
US-Oho,-83.8438,41.5545,2012,2,8,0.94,-4.21,-5.72,3.33,9.44,0.01
US-Oho,-83.8438,41.5545,2012,2,9,2.27,-4.25,-5.11,5.46,13.2,0
US-Oho,-83.8438,41.5545,2012,2,10,0.7,-5.74,-3.3,5.7,3.24,3.3
US-Oho,-83.8438,41.5545,2012,2,11,-6.25,-10.88,-11.76,8.64,8.64,0.55
US-Oho,-83.8438,41.5545,2012,2,12,0.27,-8.35,-8.02,6.76,7.58,0
US-Oho,-83.8438,41.5545,2012,2,13,0.9,-8.64,-6.39,4.88,9.47,0.38
US-Oho,-83.8438,41.5545,2012,2,14,1.98,-2.47,-2.1,3.89,2.83,2.38
US-Oho,-83.8438,41.5545,2012,2,15,4.04,-3.58,-0.66,4.13,7.45,0.95
US-Oho,-83.8438,41.5545,2012,2,16,6.42,-2.73,1.29,4.4,3.78,1.56
US-Oho,-83.8438,41.5545,2012,2,17,5.63,-3.01,-2.46,4.46,13.79,0
US-Oho,-83.8438,41.5545,2012,2,18,3.4,-4.2,-3.21,6.06,9.44,0
US-Oho,-83.8438,41.5545,2012,2,19,0.92,-4.46,-5.37,3.89,9.38,0
US-Oho,-83.8438,41.5545,2012,2,20,3.02,-5.11,-4.25,3.12,14.55,0
US-Oho,-83.8438,41.5545,2012,2,21,5.51,-0.95,0.63,7.42,4.45,2.99
US-Oho,-83.8438,41.5545,2012,2,22,5.27,-0.79,0.5,3.77,8.06,3.08
US-Oho,-83.8438,41.5545,2012,2,23,5.31,-1.59,-0.52,2.92,6.53,7.48
US-Oho,-83.8438,41.5545,2012,2,24,3.58,-1.2,-0.81,8.59,4.82,2.46
US-Oho,-83.8438,41.5545,2012,2,25,0.36,-5.33,-4.81,8.15,7.48,0.2
US-Oho,-83.8438,41.5545,2012,2,26,4.62,-5.47,-3.96,4.48,16.39,0
US-Oho,-83.8438,41.5545,2012,2,27,5.82,-3.92,-2.38,6.93,16.08,0.01
US-Oho,-83.8438,41.5545,2012,2,28,5.28,-3.98,-2.6,3.23,14.52,0.19
US-Oho,-83.8438,41.5545,2012,2,29,16.34,-0.33,3.77,5.48,9.03,17.9
US-Oho,-83.8438,41.5545,2012,3,1,6,-0.56,-0.19,5.87,4.85,0.17
US-Oho,-83.8438,41.5545,2012,3,2,13.27,-0.45,3.41,8.27,3.48,15.19
US-Oho,-83.8438,41.5545,2012,3,3,2.38,-2.31,-3.4,10.18,6.78,0.22
US-Oho,-83.8438,41.5545,2012,3,4,2.31,-2.89,-3.13,3.95,8.94,2.43
US-Oho,-83.8438,41.5545,2012,3,5,0.38,-3.93,-6.1,4.33,9.67,0.39
US-Oho,-83.8438,41.5545,2012,3,6,11.47,-2.74,0.4,7.72,15.42,0.04
US-Oho,-83.8438,41.5545,2012,3,7,17.19,3.41,7.56,10.65,16.02,0
US-Oho,-83.8438,41.5545,2012,3,8,13.71,-3.04,4.55,8.8,4.01,4.86
US-Oho,-83.8438,41.5545,2012,3,9,2.75,-5,-5.57,7.5,16.84,0.03
US-Oho,-83.8438,41.5545,2012,3,10,7.86,-5.09,-3.59,5.19,17.88,0
US-Oho,-83.8438,41.5545,2012,3,11,17.16,-1.64,4.04,4.52,18.63,0
US-Oho,-83.8438,41.5545,2012,3,12,17.86,6.27,11.24,8.11,6.27,16.44
US-Oho,-83.8438,41.5545,2012,3,13,18.45,7.01,7.7,4.84,18.6,0.67
US-Oho,-83.8438,41.5545,2012,3,14,22.87,4.14,10.28,4.52,19.03,1.03
US-Oho,-83.8438,41.5545,2012,3,15,20.95,15.11,16.65,5.66,14.08,11.51
US-Oho,-83.8438,41.5545,2012,3,16,21.69,13.41,15.47,3,14.41,0.89
US-Oho,-83.8438,41.5545,2012,3,17,23.11,10.18,14.77,3.85,18.46,1.36
US-Oho,-83.8438,41.5545,2012,3,18,20.98,13.51,15.53,3.46,11.67,3.84
US-Oho,-83.8438,41.5545,2012,3,19,24.34,13.03,16.48,2.79,16.47,0.13
US-Oho,-83.8438,41.5545,2012,3,20,23.44,14.72,17.34,3.1,15.12,0
US-Oho,-83.8438,41.5545,2012,3,21,27.87,13.45,15.21,3.44,19.46,0
US-Oho,-83.8438,41.5545,2012,3,22,27.32,13,15.48,2.36,18.57,0.67
US-Oho,-83.8438,41.5545,2012,3,23,20.84,12.42,14.59,2.4,8.02,12.7
US-Oho,-83.8438,41.5545,2012,3,24,18.05,12.28,13.03,1.77,10.9,1.19
US-Oho,-83.8438,41.5545,2012,3,25,18.86,6.9,11.29,4.11,13.66,0.19
US-Oho,-83.8438,41.5545,2012,3,26,7.37,-1.7,-2.19,6.22,21.73,0
US-Oho,-83.8438,41.5545,2012,3,27,11.86,-2.26,0.17,5.68,19.8,0
US-Oho,-83.8438,41.5545,2012,3,28,19.07,4.15,8.44,8.26,21.78,0
US-Oho,-83.8438,41.5545,2012,3,29,10.66,0.95,2,3.68,13.24,0.06
US-Oho,-83.8438,41.5545,2012,3,30,15.9,0.41,3.74,5.73,10.27,4.68
US-Oho,-83.8438,41.5545,2012,3,31,8.4,0.71,1.71,3.57,7.42,0.06
US-Oho,-83.8438,41.5545,2012,4,1,14.3,0.09,5.62,4.07,11.98,0.01
US-Oho,-83.8438,41.5545,2012,4,2,12.67,2.18,2.66,4.87,22.5,0.01
US-Oho,-83.8438,41.5545,2012,4,3,17.79,2.72,6.79,3.19,16.07,5.76
US-Oho,-83.8438,41.5545,2012,4,4,15.94,3.18,4.31,4.97,22.85,0.06
US-Oho,-83.8438,41.5545,2012,4,5,9.85,0,0.78,5.61,21.01,0
US-Oho,-83.8438,41.5545,2012,4,6,13.39,-1.43,0.26,3.87,25.4,0
US-Oho,-83.8438,41.5545,2012,4,7,16.55,2.39,1.38,1.81,24.97,0
US-Oho,-83.8438,41.5545,2012,4,8,14.64,5.53,3.45,6.63,23.71,0.47
US-Oho,-83.8438,41.5545,2012,4,9,15.71,2.89,2.83,6.52,21.48,0.01
US-Oho,-83.8438,41.5545,2012,4,10,6.3,-0.11,-1.41,6.77,10.3,0.01
US-Oho,-83.8438,41.5545,2012,4,11,9.76,-0.2,0.17,4.1,14.43,0
US-Oho,-83.8438,41.5545,2012,4,12,14.21,1.5,2.29,2.7,25.53,0
US-Oho,-83.8438,41.5545,2012,4,13,16.95,2.08,3.5,3.02,23.56,0
US-Oho,-83.8438,41.5545,2012,4,14,16.47,7.07,10.52,4.74,6.11,5.97
US-Oho,-83.8438,41.5545,2012,4,15,25.05,13.8,15.76,8.42,16.65,0.6
US-Oho,-83.8438,41.5545,2012,4,16,20.02,6.38,10.53,10.11,16.24,0.6
US-Oho,-83.8438,41.5545,2012,4,17,13.77,3.1,4.32,2.69,21.39,0
US-Oho,-83.8438,41.5545,2012,4,18,17.55,3.29,5.6,3.27,25.71,0
US-Oho,-83.8438,41.5545,2012,4,19,23.57,10.27,10.99,4.88,19.52,0.03
US-Oho,-83.8438,41.5545,2012,4,20,22.12,3.3,10.03,7.19,15.51,4.95
US-Oho,-83.8438,41.5545,2012,4,21,12.47,2.76,1.52,5.44,13.76,1.4
US-Oho,-83.8438,41.5545,2012,4,22,9.6,2.44,0.21,6.93,13.1,0
US-Oho,-83.8438,41.5545,2012,4,23,12.95,1.39,-1.16,9.07,27.11,0
US-Oho,-83.8438,41.5545,2012,4,24,14.99,0.57,0.51,7.24,26.73,0
US-Oho,-83.8438,41.5545,2012,4,25,16.47,5.25,4.56,3.05,16.08,4.8
US-Oho,-83.8438,41.5545,2012,4,26,17.94,1.76,6.96,5.65,10.43,0.8
US-Oho,-83.8438,41.5545,2012,4,27,12.43,-1.84,-0.69,3.13,28.64,0
US-Oho,-83.8438,41.5545,2012,4,28,9.4,2.78,2.1,4.73,5.65,3.52
US-Oho,-83.8438,41.5545,2012,4,29,15.54,0.41,1.43,4.49,24.74,0.13
US-Oho,-83.8438,41.5545,2012,4,30,23.75,6.22,12.39,5.08,16.12,14.48
US-Oho,-83.8438,41.5545,2012,5,1,20.95,9.43,11.22,3.31,15.06,3.67
US-Oho,-83.8438,41.5545,2012,5,2,25.83,13.59,18.95,4.6,20.21,0.29
US-Oho,-83.8438,41.5545,2012,5,3,27.38,18.12,19.88,5.75,24.2,0.37
US-Oho,-83.8438,41.5545,2012,5,4,24.35,12.36,18.09,3.9,12.98,5.25
US-Oho,-83.8438,41.5545,2012,5,5,20.62,10.33,11.36,4.94,21.02,0.2
US-Oho,-83.8438,41.5545,2012,5,6,21.09,8.98,7.98,4.47,21.14,1.19
US-Oho,-83.8438,41.5545,2012,5,7,21.25,10.02,14.18,2.44,13.35,19.57
US-Oho,-83.8438,41.5545,2012,5,8,22.41,11.97,12.15,3.58,20.12,1.87
US-Oho,-83.8438,41.5545,2012,5,9,17.77,7.87,8.87,4.85,20.06,1.82
US-Oho,-83.8438,41.5545,2012,5,10,17.73,4.5,4.8,4.05,28.99,0.01
US-Oho,-83.8438,41.5545,2012,5,11,21.91,5.69,6.96,2.72,29.47,0
US-Oho,-83.8438,41.5545,2012,5,12,22.91,9.37,10.29,3.37,17.45,0.01
US-Oho,-83.8438,41.5545,2012,5,13,20.05,11.41,12.97,3.32,20.96,0.1
US-Oho,-83.8438,41.5545,2012,5,14,23.54,10.42,12.03,1.92,26.45,0
US-Oho,-83.8438,41.5545,2012,5,15,26.26,9.28,10.21,3.77,29.01,0
US-Oho,-83.8438,41.5545,2012,5,16,18.15,8.23,7.91,4.78,26.13,0.07
US-Oho,-83.8438,41.5545,2012,5,17,19.42,6.22,5.56,3.14,29.99,0
US-Oho,-83.8438,41.5545,2012,5,18,24.04,6.28,8.43,2.76,29.05,0
US-Oho,-83.8438,41.5545,2012,5,19,28.43,11.25,13.03,2.93,28.22,0
US-Oho,-83.8438,41.5545,2012,5,20,29.48,13.49,15.6,3.42,25.76,0
US-Oho,-83.8438,41.5545,2012,5,21,22.99,14.8,15.86,4.1,22.02,0.86
US-Oho,-83.8438,41.5545,2012,5,22,22.1,11.84,12.25,3.08,24.26,0.04
US-Oho,-83.8438,41.5545,2012,5,23,25,11.29,14.16,2.26,28.9,0
US-Oho,-83.8438,41.5545,2012,5,24,27.76,14.79,17.19,5.14,24,0
US-Oho,-83.8438,41.5545,2012,5,25,30.37,17.41,18.3,4.9,24.07,0.06
US-Oho,-83.8438,41.5545,2012,5,26,26.2,15.87,13.61,4.75,18.5,0.04
US-Oho,-83.8438,41.5545,2012,5,27,30.12,15.63,19.4,3.52,24.58,0.97
US-Oho,-83.8438,41.5545,2012,5,28,31.06,19.07,20.76,5.34,24.87,0.61
US-Oho,-83.8438,41.5545,2012,5,29,25.79,14.67,16.84,4.62,19.64,6.37
US-Oho,-83.8438,41.5545,2012,5,30,23.83,11.88,11.14,3.77,27.08,0.01
US-Oho,-83.8438,41.5545,2012,5,31,19.56,11.18,10.49,5.62,20.26,2.82
US-Oho,-83.8438,41.5545,2012,6,1,18.78,8.13,11.06,6.23,5,7.98
US-Oho,-83.8438,41.5545,2012,6,2,22.03,7.08,9.06,7.39,26.09,0.04
US-Oho,-83.8438,41.5545,2012,6,3,25.39,11.26,11.23,6.41,28.75,0
US-Oho,-83.8438,41.5545,2012,6,4,22.39,11.64,11.96,3.99,24.81,0.39
US-Oho,-83.8438,41.5545,2012,6,5,18.12,10.63,10.47,4.48,18.31,0.84
US-Oho,-83.8438,41.5545,2012,6,6,23.6,9.42,10.98,2.83,28.73,0.02
US-Oho,-83.8438,41.5545,2012,6,7,26.22,11.9,12.88,3.33,26.57,0
US-Oho,-83.8438,41.5545,2012,6,8,27.77,12.63,11.99,3.22,29.71,0
US-Oho,-83.8438,41.5545,2012,6,9,29.45,15,14.29,4.67,29.51,0
US-Oho,-83.8438,41.5545,2012,6,10,30.85,14.96,15.96,3.15,29.67,0
US-Oho,-83.8438,41.5545,2012,6,11,24.8,18.96,19.22,4.43,11.44,3.96
US-Oho,-83.8438,41.5545,2012,6,12,26.65,14.26,13.81,6,30.46,0.38
US-Oho,-83.8438,41.5545,2012,6,13,22.76,10.93,8.56,4.09,31.82,0
US-Oho,-83.8438,41.5545,2012,6,14,26.32,11.18,10.98,3.42,30.79,0
US-Oho,-83.8438,41.5545,2012,6,15,29.76,12.79,13.91,3.03,29.67,0
US-Oho,-83.8438,41.5545,2012,6,16,30.93,18.61,18.23,4.72,21.14,0.1
US-Oho,-83.8438,41.5545,2012,6,17,26.9,20.04,20.29,3.57,15.86,8.22
US-Oho,-83.8438,41.5545,2012,6,18,29.27,17.18,20.01,4.73,18.48,11.69
US-Oho,-83.8438,41.5545,2012,6,19,32.73,20.54,19.62,5.74,29.28,0
US-Oho,-83.8438,41.5545,2012,6,20,32.65,20.04,18.6,4.95,29.08,0
US-Oho,-83.8438,41.5545,2012,6,21,32.7,18.63,18.78,5.28,26.12,6.34
US-Oho,-83.8438,41.5545,2012,6,22,28.14,15.78,14.71,2.76,27.11,0.01
US-Oho,-83.8438,41.5545,2012,6,23,28.36,15.67,13.75,1.85,27.85,0
US-Oho,-83.8438,41.5545,2012,6,24,31.09,16.68,14.8,3.83,24.14,0
US-Oho,-83.8438,41.5545,2012,6,25,24.8,13.87,10.42,5.57,29.54,0
US-Oho,-83.8438,41.5545,2012,6,26,27.72,12.94,8.91,2.47,31.05,0
US-Oho,-83.8438,41.5545,2012,6,27,31.01,14.95,10.91,3.95,30.55,0
US-Oho,-83.8438,41.5545,2012,6,28,38.21,17.64,18.53,4.59,26.1,0
US-Oho,-83.8438,41.5545,2012,6,29,35.36,22.03,16.21,2.56,17.73,0.7
US-Oho,-83.8438,41.5545,2012,6,30,31.82,19.3,17.86,3.58,24.73,3.57
US-Oho,-83.8438,41.5545,2012,7,1,32.52,19.48,18.01,2.37,22.05,6.31
US-Oho,-83.8438,41.5545,2012,7,2,34.51,19.22,18.08,1.64,27.29,0.23
US-Oho,-83.8438,41.5545,2012,7,3,32.89,22.72,20.41,3.85,19.16,0.77
US-Oho,-83.8438,41.5545,2012,7,4,35.57,23.08,21.3,3.59,26.02,2.08
US-Oho,-83.8438,41.5545,2012,7,5,36.22,24.19,21.25,2.6,19.1,2.99
US-Oho,-83.8438,41.5545,2012,7,6,38.75,23.94,20.13,1.68,28.24,0.03
US-Oho,-83.8438,41.5545,2012,7,7,39.84,23.86,20.24,4.91,25.24,1.07
US-Oho,-83.8438,41.5545,2012,7,8,32.11,20.54,14.91,4.03,23.24,0.08
US-Oho,-83.8438,41.5545,2012,7,9,30.71,18.25,15.19,1.84,25.44,1.59
US-Oho,-83.8438,41.5545,2012,7,10,30.06,19.48,14.08,3.99,27.66,0.01
US-Oho,-83.8438,41.5545,2012,7,11,30.68,17.58,10.87,3.59,29.33,0
US-Oho,-83.8438,41.5545,2012,7,12,33.52,18,15.13,2.63,27.73,0
US-Oho,-83.8438,41.5545,2012,7,13,33.73,19.83,15.2,3.88,27.21,0
US-Oho,-83.8438,41.5545,2012,7,14,32.23,19.16,17.85,2.57,21.44,0.18
US-Oho,-83.8438,41.5545,2012,7,15,34.79,22.37,18.59,4.02,24.11,0.66
US-Oho,-83.8438,41.5545,2012,7,16,36.56,21,17.13,2.78,25.98,0
US-Oho,-83.8438,41.5545,2012,7,17,38.2,23.75,19.7,4.33,25.38,0.67
US-Oho,-83.8438,41.5545,2012,7,18,35.01,23.86,20.68,2.36,20.5,4.5
US-Oho,-83.8438,41.5545,2012,7,19,29.54,20.49,21.58,2.84,12.11,25.86
US-Oho,-83.8438,41.5545,2012,7,20,27.47,17.76,15.02,5.76,16.22,1.46
US-Oho,-83.8438,41.5545,2012,7,21,30.72,15.65,12.98,2.12,28.08,0
US-Oho,-83.8438,41.5545,2012,7,22,34,19.35,16.36,4.02,24.55,0.01
US-Oho,-83.8438,41.5545,2012,7,23,35.56,22.92,18.14,6.18,23.74,1.37
US-Oho,-83.8438,41.5545,2012,7,24,33.88,19.47,17.02,4.29,18.65,3.08
US-Oho,-83.8438,41.5545,2012,7,25,33.96,16.98,15.81,4.18,26.05,0.07
US-Oho,-83.8438,41.5545,2012,7,26,34.21,22.06,20.2,5.38,14.94,1.35
US-Oho,-83.8438,41.5545,2012,7,27,32.26,20.58,18.76,2.4,21.97,8.02
US-Oho,-83.8438,41.5545,2012,7,28,29.14,18.8,16.97,4.18,18.26,0.82
US-Oho,-83.8438,41.5545,2012,7,29,31.05,18.05,12.7,1.58,25.07,0
US-Oho,-83.8438,41.5545,2012,7,30,33.02,17.99,14.95,2.51,22.4,1.52
US-Oho,-83.8438,41.5545,2012,7,31,30.86,19.89,17.29,3.35,24.57,0.22
US-Oho,-83.8438,41.5545,2012,8,1,32.33,18.64,14.79,2.61,26.91,0
US-Oho,-83.8438,41.5545,2012,8,2,35.2,17.89,12.83,2.01,24.58,0
US-Oho,-83.8438,41.5545,2012,8,3,36.5,21.79,15.42,2.61,25.84,0
US-Oho,-83.8438,41.5545,2012,8,4,32.99,21.08,21.54,4.93,19.78,11.93
US-Oho,-83.8438,41.5545,2012,8,5,31,17.49,17.42,6.08,20.54,8.35
US-Oho,-83.8438,41.5545,2012,8,6,30.08,15.08,11.66,2.07,28.7,0
US-Oho,-83.8438,41.5545,2012,8,7,32.25,16.26,12.06,2.91,26.03,0
US-Oho,-83.8438,41.5545,2012,8,8,33.78,20.92,16.2,2.51,23.47,1.12
US-Oho,-83.8438,41.5545,2012,8,9,24.61,19.66,19.35,2.45,9.34,19.68
US-Oho,-83.8438,41.5545,2012,8,10,23.5,15.58,16.81,4.84,11.73,11.5
US-Oho,-83.8438,41.5545,2012,8,11,23.91,15.36,14.44,5.4,8.23,0.24
US-Oho,-83.8438,41.5545,2012,8,12,28.04,14.6,13.13,2.61,22.26,0.03
US-Oho,-83.8438,41.5545,2012,8,13,25.34,16.33,13.88,1.71,10.75,6.48
US-Oho,-83.8438,41.5545,2012,8,14,25.63,17.18,16.19,2.22,13.87,5.71
US-Oho,-83.8438,41.5545,2012,8,15,27.9,14.86,14.63,2.37,15.7,1.85
US-Oho,-83.8438,41.5545,2012,8,16,30.08,17.32,15.44,5.62,16.52,0.52
US-Oho,-83.8438,41.5545,2012,8,17,26.6,14.8,12.72,3.59,22.67,0.07
US-Oho,-83.8438,41.5545,2012,8,18,26.18,12.24,7.03,2.27,25.76,0
US-Oho,-83.8438,41.5545,2012,8,19,26.99,15.23,9.38,1.6,22.74,0.02
US-Oho,-83.8438,41.5545,2012,8,20,26.54,13.65,10.13,1.67,21.3,0.62
US-Oho,-83.8438,41.5545,2012,8,21,26.71,13.62,10.17,1.24,21.09,0.4
US-Oho,-83.8438,41.5545,2012,8,22,29.18,13.44,10.19,2.23,25.1,0
US-Oho,-83.8438,41.5545,2012,8,23,31.1,15.65,10.01,1.54,24.54,0
US-Oho,-83.8438,41.5545,2012,8,24,32.91,15.92,11.57,2.65,23.91,0
US-Oho,-83.8438,41.5545,2012,8,25,34.18,16.84,12.65,3.01,23.95,0
US-Oho,-83.8438,41.5545,2012,8,26,33.76,18.37,14.64,3.51,21.79,1.9
US-Oho,-83.8438,41.5545,2012,8,27,27.91,18.86,19.03,3.02,9.58,23.19
US-Oho,-83.8438,41.5545,2012,8,28,28.84,15.88,13.7,3.82,23.55,0
US-Oho,-83.8438,41.5545,2012,8,29,28,15.33,13.75,2.17,23.07,0
US-Oho,-83.8438,41.5545,2012,8,30,30.83,13.16,10.6,3.21,24.26,0
US-Oho,-83.8438,41.5545,2012,8,31,34.76,15.38,16.98,5.67,22.32,0.45
US-Oho,-83.8438,41.5545,2012,9,1,28.73,21.35,21.47,1.49,11.1,4.26
US-Oho,-83.8438,41.5545,2012,9,2,27.22,21.49,20.98,3.91,10.28,2.01
US-Oho,-83.8438,41.5545,2012,9,3,32.07,20.34,20.68,3.15,17.79,5.24
US-Oho,-83.8438,41.5545,2012,9,4,29.3,21.35,21,2.46,11.34,3.43
US-Oho,-83.8438,41.5545,2012,9,5,29.2,19.62,20.71,3.11,13.05,3.12
US-Oho,-83.8438,41.5545,2012,9,6,30.46,19.38,18.48,2.6,19.08,0.53
US-Oho,-83.8438,41.5545,2012,9,7,30.36,16.24,16.94,3.83,12.3,13.08
US-Oho,-83.8438,41.5545,2012,9,8,22.72,13.39,11.51,6.02,19.25,7.88
US-Oho,-83.8438,41.5545,2012,9,9,22.47,12.32,9.31,2.61,15.24,0
US-Oho,-83.8438,41.5545,2012,9,10,24.38,11.85,7.02,1.81,22.38,0
US-Oho,-83.8438,41.5545,2012,9,11,27.27,10.51,8.79,4.13,22.35,0
US-Oho,-83.8438,41.5545,2012,9,12,29.06,11.98,11.18,3.92,22.05,0
US-Oho,-83.8438,41.5545,2012,9,13,29.06,16.51,14.97,3.78,17.18,1.03
US-Oho,-83.8438,41.5545,2012,9,14,23.25,11.36,9.48,4.1,13.64,5.17
US-Oho,-83.8438,41.5545,2012,9,15,23.56,8.7,6.14,2.31,21.35,0
US-Oho,-83.8438,41.5545,2012,9,16,25.73,9.17,6.89,3.14,20.72,0
US-Oho,-83.8438,41.5545,2012,9,17,26.16,10.23,10.51,4.4,14.43,3.56
US-Oho,-83.8438,41.5545,2012,9,18,18.19,7.19,8.5,5.7,12.39,8.93
US-Oho,-83.8438,41.5545,2012,9,19,19.9,4.96,2.5,4.15,20.96,0
US-Oho,-83.8438,41.5545,2012,9,20,22.92,9.23,7.26,5.19,12.15,1.82
US-Oho,-83.8438,41.5545,2012,9,21,21.1,10.35,7.74,3.37,14.29,7.33
US-Oho,-83.8438,41.5545,2012,9,22,15.98,6.11,8.23,4.44,9.21,7.29
US-Oho,-83.8438,41.5545,2012,9,23,15.96,4.92,3.95,3.72,12.91,0.11
US-Oho,-83.8438,41.5545,2012,9,24,18.68,2.98,1.86,5.01,20.03,0
US-Oho,-83.8438,41.5545,2012,9,25,18.19,8.02,9.21,4.75,9.07,0.34
US-Oho,-83.8438,41.5545,2012,9,26,22.73,13.23,15.6,3.05,7.33,5.7
US-Oho,-83.8438,41.5545,2012,9,27,18.27,9.69,9.16,4.71,11.45,0.53
US-Oho,-83.8438,41.5545,2012,9,28,20.88,8.83,7.89,1.81,13.32,0
US-Oho,-83.8438,41.5545,2012,9,29,22.58,8.1,6.49,2.36,16.32,0
US-Oho,-83.8438,41.5545,2012,9,30,18.93,8.59,7.97,4.01,16.28,0
US-Oho,-83.8438,41.5545,2012,10,1,18.27,8.2,7.76,2.92,13.6,3.01
US-Oho,-83.8438,41.5545,2012,10,2,20.66,12.49,13.45,3.96,5.83,8.3
US-Oho,-83.8438,41.5545,2012,10,3,19.57,13.26,12.99,4.13,7.17,1.52
US-Oho,-83.8438,41.5545,2012,10,4,24.59,10.74,11.82,5.51,15.35,0.02
US-Oho,-83.8438,41.5545,2012,10,5,16.71,3.98,7.53,4.77,4.18,13.64
US-Oho,-83.8438,41.5545,2012,10,6,13.23,2.82,1.89,4.94,10.25,0.17
US-Oho,-83.8438,41.5545,2012,10,7,9.6,1.77,1.88,2.75,6.98,0.22
US-Oho,-83.8438,41.5545,2012,10,8,13.06,-0.14,-0.2,3.11,16.77,0
US-Oho,-83.8438,41.5545,2012,10,9,16.11,2.48,2.88,5.68,16.55,0
US-Oho,-83.8438,41.5545,2012,10,10,13.02,1.22,0.81,6.22,8.3,1.22
US-Oho,-83.8438,41.5545,2012,10,11,15.76,0.24,-0.17,5.82,16.79,0
US-Oho,-83.8438,41.5545,2012,10,12,12.42,2.61,-0.16,4.01,16.59,0.04
US-Oho,-83.8438,41.5545,2012,10,13,17.96,0.14,6.85,5.94,6.28,3.92
US-Oho,-83.8438,41.5545,2012,10,14,20.39,11.71,14.73,10.08,5.52,2.45
US-Oho,-83.8438,41.5545,2012,10,15,13.07,4.71,5.62,5.68,5.71,0.27
US-Oho,-83.8438,41.5545,2012,10,16,16.33,2.18,3.45,3.12,15.34,0.14
US-Oho,-83.8438,41.5545,2012,10,17,23.12,9.43,9.89,7.02,12.84,6.11
US-Oho,-83.8438,41.5545,2012,10,18,15.75,8.79,5.34,7.43,12.41,5.61
US-Oho,-83.8438,41.5545,2012,10,19,12.19,6.99,5.71,5.27,5.44,5.97
US-Oho,-83.8438,41.5545,2012,10,20,12.17,5.16,6.16,5.35,6.15,0.64
US-Oho,-83.8438,41.5545,2012,10,21,16.74,3.16,4.93,2.99,14.36,0
US-Oho,-83.8438,41.5545,2012,10,22,21.59,6.63,10.88,4.06,10.43,1.39
US-Oho,-83.8438,41.5545,2012,10,23,19.19,14.52,14.61,4.79,5.31,2.05
US-Oho,-83.8438,41.5545,2012,10,24,25.71,14.64,14.69,4.48,12.8,0.24
US-Oho,-83.8438,41.5545,2012,10,25,24.29,12.03,12.04,6.26,13.37,0
US-Oho,-83.8438,41.5545,2012,10,26,14.74,5.61,4.83,4.89,3.97,3.87
US-Oho,-83.8438,41.5545,2012,10,27,12.96,3.5,2.41,5.98,8.45,0.53
US-Oho,-83.8438,41.5545,2012,10,28,11.35,2.17,0.24,8.03,5.64,0.22
US-Oho,-83.8438,41.5545,2012,10,29,5.28,2.39,-0.54,10.32,4.08,2.02
US-Oho,-83.8438,41.5545,2012,10,30,4.52,1.05,0,11.15,3.51,9.92
US-Oho,-83.8438,41.5545,2012,10,31,5.89,1.56,1.91,6.49,4.4,1.69
US-Oho,-83.8438,41.5545,2012,11,1,10.17,1.29,0.11,5.54,8.88,0.07
US-Oho,-83.8438,41.5545,2012,11,2,6.7,-0.54,-0.68,4.58,5.37,0
US-Oho,-83.8438,41.5545,2012,11,3,8.42,-2.17,-1.44,2.78,10.98,0
US-Oho,-83.8438,41.5545,2012,11,4,5.34,-3.13,-2.86,2.79,5.5,0
US-Oho,-83.8438,41.5545,2012,11,5,6.75,-2.96,-2.53,2.51,8.6,0
US-Oho,-83.8438,41.5545,2012,11,6,6.98,-3.77,-2.4,2.87,11.38,0
US-Oho,-83.8438,41.5545,2012,11,7,9.91,-2.03,0.53,3.61,10.78,0
US-Oho,-83.8438,41.5545,2012,11,8,9.87,-2.79,-0.14,2.38,10.98,0
US-Oho,-83.8438,41.5545,2012,11,9,13.56,-0.78,3.31,3.36,10.43,2.51
US-Oho,-83.8438,41.5545,2012,11,10,17.64,7.36,8.22,4.79,9.1,0.72
US-Oho,-83.8438,41.5545,2012,11,11,18.78,7.44,5.42,7.83,9.74,0
US-Oho,-83.8438,41.5545,2012,11,12,13.23,-1.1,1.49,7.4,2.57,15.24
US-Oho,-83.8438,41.5545,2012,11,13,4,-3.59,-5.5,2.46,4.71,0.03
US-Oho,-83.8438,41.5545,2012,11,14,4.32,-2.6,-4.22,2.08,7.13,0
US-Oho,-83.8438,41.5545,2012,11,15,6.32,-1.83,-2.05,1.43,9.44,0
US-Oho,-83.8438,41.5545,2012,11,16,10.29,-2.56,-1.5,1.81,10.34,0
US-Oho,-83.8438,41.5545,2012,11,17,11.84,-1.06,0.79,2.52,10.15,0
US-Oho,-83.8438,41.5545,2012,11,18,13.08,-0.55,0.96,2.74,9.95,0
US-Oho,-83.8438,41.5545,2012,11,19,13.62,0.62,1.25,2.27,7.92,0.01
US-Oho,-83.8438,41.5545,2012,11,20,14.63,3.21,3.14,1.74,5.65,0.05
US-Oho,-83.8438,41.5545,2012,11,21,15,3.7,3.92,1.84,9.78,0
US-Oho,-83.8438,41.5545,2012,11,22,16.06,2.93,5.31,6.07,9.68,0.06
US-Oho,-83.8438,41.5545,2012,11,23,10.64,-0.79,-1.04,9.19,2.95,1.86
US-Oho,-83.8438,41.5545,2012,11,24,1.86,-3.93,-5.57,5.25,3.9,0.02
US-Oho,-83.8438,41.5545,2012,11,25,5.78,-3.27,-3.86,4.47,8.68,0
US-Oho,-83.8438,41.5545,2012,11,26,4.92,-2.36,-3.34,2.71,6.66,0
US-Oho,-83.8438,41.5545,2012,11,27,1.89,-5.32,-7.25,2.68,9.53,0
US-Oho,-83.8438,41.5545,2012,11,28,4.99,-2.92,-4.61,4.68,7.75,0
US-Oho,-83.8438,41.5545,2012,11,29,7.76,-2.14,-3.18,4.61,9.12,0
US-Oho,-83.8438,41.5545,2012,11,30,8.96,-0.92,0.92,2.2,4.55,0
US-Oho,-83.8438,41.5545,2012,12,1,14.2,1.46,5.56,5.04,6.76,0.62
US-Oho,-83.8438,41.5545,2012,12,2,14.27,10.63,10.92,5.33,1.91,3.92
US-Oho,-83.8438,41.5545,2012,12,3,18.14,9.09,13.06,5.42,3.26,0.25
US-Oho,-83.8438,41.5545,2012,12,4,15.38,2.61,7.96,5.91,1.28,3.62
US-Oho,-83.8438,41.5545,2012,12,5,3.87,-3.32,-4.65,3.99,9.08,0
US-Oho,-83.8438,41.5545,2012,12,6,4.5,-4.15,-2.87,3.18,6.11,0
US-Oho,-83.8438,41.5545,2012,12,7,9.29,1.59,4.04,1.74,3.02,3.94
US-Oho,-83.8438,41.5545,2012,12,8,5.55,0.52,2.53,3.19,1.91,1.82
US-Oho,-83.8438,41.5545,2012,12,9,7.47,0.6,3.2,4.78,1.61,8.11
US-Oho,-83.8438,41.5545,2012,12,10,6.42,-3.68,0.3,4.93,3.7,0.19
US-Oho,-83.8438,41.5545,2012,12,11,2.08,-4.39,-5.61,3.96,5.43,0.02
US-Oho,-83.8438,41.5545,2012,12,12,5.52,-4.56,-5.03,3.89,8.97,0
US-Oho,-83.8438,41.5545,2012,12,13,5.76,-3.34,-4.14,4.52,8.84,0.08
US-Oho,-83.8438,41.5545,2012,12,14,7.71,-3.01,-1.66,3.13,8.44,0
US-Oho,-83.8438,41.5545,2012,12,15,8.67,-0.21,1.77,5.07,2.68,2.73
US-Oho,-83.8438,41.5545,2012,12,16,13.19,1.95,7.34,5.78,3.13,0.74
US-Oho,-83.8438,41.5545,2012,12,17,5.66,1.29,1.75,2.12,2.6,0.86
US-Oho,-83.8438,41.5545,2012,12,18,5.83,-0.01,-0.39,3.58,6.89,1.48
US-Oho,-83.8438,41.5545,2012,12,19,5.15,-0.71,0.23,2.61,3.53,1.05
US-Oho,-83.8438,41.5545,2012,12,20,9.39,-0.1,2.2,10.15,0.77,17.37
US-Oho,-83.8438,41.5545,2012,12,21,1.33,-1.26,-3.08,11.57,2.48,0.79
US-Oho,-83.8438,41.5545,2012,12,22,2.42,-5.08,-5.66,5.87,7.38,0
US-Oho,-83.8438,41.5545,2012,12,23,2.62,-5.25,-4.87,3.14,8.16,0.01
US-Oho,-83.8438,41.5545,2012,12,24,2.91,-3.82,-2.88,3.89,3.83,0.62
US-Oho,-83.8438,41.5545,2012,12,25,1.34,-4.64,-4.15,4.71,4.79,0.03
US-Oho,-83.8438,41.5545,2012,12,26,-0.25,-3.43,-3.21,9.76,1.56,4.79
US-Oho,-83.8438,41.5545,2012,12,27,0.12,-7.01,-6.06,4.36,4.48,2.8
US-Oho,-83.8438,41.5545,2012,12,28,0.77,-6.94,-6.39,2.2,4.32,3.79
US-Oho,-83.8438,41.5545,2012,12,29,-0.67,-5.77,-4.21,3.78,2.46,3.59
US-Oho,-83.8438,41.5545,2012,12,30,-3.58,-7.36,-6.61,5.63,4.14,0.03
US-Oho,-83.8438,41.5545,2012,12,31,0.82,-5.15,-3.2,6.48,2.18,0.35
US-Oho,-83.8438,41.5545,2013,1,1,-3.42,-10.17,-9.39,3.44,6.99,0.01
US-Oho,-83.8438,41.5545,2013,1,2,-2.92,-14.77,-10.79,3.51,5.03,0
US-Oho,-83.8438,41.5545,2013,1,3,-1.09,-12.72,-7.88,5.89,4.18,0
US-Oho,-83.8438,41.5545,2013,1,4,-2.26,-8.58,-7.4,7.88,9.37,0
US-Oho,-83.8438,41.5545,2013,1,5,2.12,-8.75,-4.89,5.12,7.59,0.03
US-Oho,-83.8438,41.5545,2013,1,6,1.5,-5.81,-2.56,6.44,1.61,0.03
US-Oho,-83.8438,41.5545,2013,1,7,1.54,-7.77,-5.38,5.14,9.37,0
US-Oho,-83.8438,41.5545,2013,1,8,2.95,-6.56,-3.14,4.78,6.18,0
US-Oho,-83.8438,41.5545,2013,1,9,6.55,-3.01,-0.8,6.93,9.26,0.01
US-Oho,-83.8438,41.5545,2013,1,10,4.88,-3.13,-1.85,4.13,7.51,3.47
US-Oho,-83.8438,41.5545,2013,1,11,13.44,1.79,6.53,6.81,5.14,13.5
US-Oho,-83.8438,41.5545,2013,1,12,13.51,5.87,9.04,4.79,5.24,16.76
US-Oho,-83.8438,41.5545,2013,1,13,10.74,-4.4,2.5,5.06,1.58,17.72
US-Oho,-83.8438,41.5545,2013,1,14,-1.23,-7.3,-7.74,3.4,3.95,0
US-Oho,-83.8438,41.5545,2013,1,15,-0.54,-6.81,-7.48,2.72,7.66,0
US-Oho,-83.8438,41.5545,2013,1,16,2.29,-4.24,-5.67,4.89,10.07,0
US-Oho,-83.8438,41.5545,2013,1,17,2.86,-7.61,-6.17,5.55,9.1,0
US-Oho,-83.8438,41.5545,2013,1,18,0.49,-9.09,-7.44,7.17,7.28,0
US-Oho,-83.8438,41.5545,2013,1,19,8.18,0.22,0.25,10.75,9.28,0.03
US-Oho,-83.8438,41.5545,2013,1,20,1.59,-8.06,-10.87,8.63,9.33,0
US-Oho,-83.8438,41.5545,2013,1,21,-6.98,-11.91,-14.05,7.5,6.66,0.3
US-Oho,-83.8438,41.5545,2013,1,22,-10.97,-13.69,-17.54,7.12,6.22,0.1
US-Oho,-83.8438,41.5545,2013,1,23,-7.45,-11.42,-13.86,5.15,6.21,0.55
US-Oho,-83.8438,41.5545,2013,1,24,-6.73,-13.39,-13.15,3.97,7.98,0.02
US-Oho,-83.8438,41.5545,2013,1,25,-5.22,-8.95,-9.82,3.54,5.09,1.29
US-Oho,-83.8438,41.5545,2013,1,26,-2.19,-7.73,-8.69,3.56,5.59,0.13
US-Oho,-83.8438,41.5545,2013,1,27,-1.21,-9.99,-7.37,4.45,5.46,3.91
US-Oho,-83.8438,41.5545,2013,1,28,7.38,-0.15,4.14,6.02,4.09,3.85
US-Oho,-83.8438,41.5545,2013,1,29,14.09,2.75,9.95,7.24,2.24,7.77
US-Oho,-83.8438,41.5545,2013,1,30,15.21,-1.83,8.64,10.82,2.46,10.36
US-Oho,-83.8438,41.5545,2013,1,31,-2.76,-7.18,-11.04,11.22,5.23,0.1
US-Oho,-83.8438,41.5545,2013,2,1,-7.49,-11.26,-13.82,8.45,9.65,0.05
US-Oho,-83.8438,41.5545,2013,2,2,-2.65,-11.26,-9.35,5.6,2.59,1.53
US-Oho,-83.8438,41.5545,2013,2,3,-5.11,-10.14,-10.85,4.57,6.09,0.18
US-Oho,-83.8438,41.5545,2013,2,4,-2.81,-9.84,-8.42,2.99,3.34,2.08
US-Oho,-83.8438,41.5545,2013,2,5,-1.28,-8.87,-7.12,3.4,5.3,0.94
US-Oho,-83.8438,41.5545,2013,2,6,0.06,-9.44,-8.23,2.28,9.72,0.05
US-Oho,-83.8438,41.5545,2013,2,7,6.51,-5.67,-2.69,3.66,7.53,0.95
US-Oho,-83.8438,41.5545,2013,2,8,0.78,-6.88,-4.51,7.21,5.97,3.99
US-Oho,-83.8438,41.5545,2013,2,9,0.63,-11.02,-8.74,2.79,11.81,0.01
US-Oho,-83.8438,41.5545,2013,2,10,5.73,-6.34,-1.46,5.71,6.13,1.27
US-Oho,-83.8438,41.5545,2013,2,11,5.45,-2.1,-0.86,10.8,3.39,0.02
US-Oho,-83.8438,41.5545,2013,2,12,3.7,-4.76,-4.77,4.83,8.26,0
US-Oho,-83.8438,41.5545,2013,2,13,3.55,-4.8,-4.76,2.39,10.65,0
US-Oho,-83.8438,41.5545,2013,2,14,6.81,-2.57,-1.02,7.2,6.22,0.01
US-Oho,-83.8438,41.5545,2013,2,15,-0.27,-3.93,-5.56,3.96,8.21,0.01
US-Oho,-83.8438,41.5545,2013,2,16,-3.14,-7.86,-9.32,4.89,7.75,0.06
US-Oho,-83.8438,41.5545,2013,2,17,-3.1,-12.29,-12.28,3.55,12.11,0.01
US-Oho,-83.8438,41.5545,2013,2,18,8.52,-9.88,-3.4,8.17,12.7,1.67
US-Oho,-83.8438,41.5545,2013,2,19,4.76,-7.66,-7.67,11.73,7.25,1.16
US-Oho,-83.8438,41.5545,2013,2,20,-4.57,-8.52,-11.21,7.23,6.39,0.16
US-Oho,-83.8438,41.5545,2013,2,21,-1.55,-10.08,-9.37,4.6,6.77,0.09
US-Oho,-83.8438,41.5545,2013,2,22,2.13,-6.04,-3.08,5.68,4.07,4.18
US-Oho,-83.8438,41.5545,2013,2,23,1.8,-5.52,-5.12,4.78,7.57,0.01
US-Oho,-83.8438,41.5545,2013,2,24,2.16,-7.18,-5.13,4.11,11.87,0
US-Oho,-83.8438,41.5545,2013,2,25,4.98,-5.62,-3.89,2.98,15.11,0
US-Oho,-83.8438,41.5545,2013,2,26,1.55,-2.27,-1.18,8.06,2.94,28.06
US-Oho,-83.8438,41.5545,2013,2,27,1.3,-1.76,-0.26,5.05,5.4,8.32
US-Oho,-83.8438,41.5545,2013,2,28,1.92,-4.73,-2.39,4.95,6.83,1.05
US-Oho,-83.8438,41.5545,2013,3,1,-0.72,-6.81,-6.31,4.95,4.96,0.04
US-Oho,-83.8438,41.5545,2013,3,2,-1.23,-7.15,-7.27,4.26,6.7,0.01
US-Oho,-83.8438,41.5545,2013,3,3,-0.96,-9.99,-8.9,4.37,10.61,0
US-Oho,-83.8438,41.5545,2013,3,4,0.47,-11.65,-9.17,2.21,18.18,0
US-Oho,-83.8438,41.5545,2013,3,5,1.74,-7.93,-5.85,7.45,11.34,0.57
US-Oho,-83.8438,41.5545,2013,3,6,4.76,-3.05,-1.94,5.2,9.67,0.01
US-Oho,-83.8438,41.5545,2013,3,7,4.76,-2.83,-2.62,3.64,7.96,0
US-Oho,-83.8438,41.5545,2013,3,8,6.14,-4.29,-3.98,2.14,18.28,0
US-Oho,-83.8438,41.5545,2013,3,9,9.36,-2.54,-0.95,4.06,13.34,0.04
US-Oho,-83.8438,41.5545,2013,3,10,16.52,1.72,5.82,6.77,12.06,0.18
US-Oho,-83.8438,41.5545,2013,3,11,11.92,-0.51,6.03,8.71,3.48,7.79
US-Oho,-83.8438,41.5545,2013,3,12,4.11,-1.19,-2.54,6.42,5.05,0.1
US-Oho,-83.8438,41.5545,2013,3,13,-0.16,-4.79,-6.32,7.4,9.86,0.02
US-Oho,-83.8438,41.5545,2013,3,14,5.61,-4.89,-5.59,4.3,19.75,0
US-Oho,-83.8438,41.5545,2013,3,15,4.99,-2.39,-0.33,3.65,9.29,3.14
US-Oho,-83.8438,41.5545,2013,3,16,2.82,-2.24,-1.79,4.4,3.56,1.08
US-Oho,-83.8438,41.5545,2013,3,17,1.23,-3.73,-6.25,4.92,11.65,0.01
US-Oho,-83.8438,41.5545,2013,3,18,4.51,-2.74,-0.55,7.3,3.16,3
US-Oho,-83.8438,41.5545,2013,3,19,-0.16,-5.09,-8.17,10.07,12.06,0.2
US-Oho,-83.8438,41.5545,2013,3,20,-0.67,-7.63,-9.34,6.79,12.05,0.01
US-Oho,-83.8438,41.5545,2013,3,21,0.57,-8.11,-7.38,6.24,9.41,0
US-Oho,-83.8438,41.5545,2013,3,22,4.53,-6.16,-5.29,4.09,18.14,0
US-Oho,-83.8438,41.5545,2013,3,23,5.36,-3.71,-4.05,2.61,17.25,0
US-Oho,-83.8438,41.5545,2013,3,24,1.49,-2.26,-3.72,7.9,6.8,1.46
US-Oho,-83.8438,41.5545,2013,3,25,1.92,-1.09,-1.6,7.35,5.3,3.19
US-Oho,-83.8438,41.5545,2013,3,26,4.85,-1.51,-1.58,5.14,11.96,0.05
US-Oho,-83.8438,41.5545,2013,3,27,6.74,-3.11,-2.99,6.14,15.11,0
US-Oho,-83.8438,41.5545,2013,3,28,9.88,-3.14,-2.09,4.48,16.89,0
US-Oho,-83.8438,41.5545,2013,3,29,10.95,-3.65,-3.4,3.15,22.78,0
US-Oho,-83.8438,41.5545,2013,3,30,13.08,-3.05,-0.91,3.19,20.94,0.01
US-Oho,-83.8438,41.5545,2013,3,31,14.1,1.16,3.7,5.82,12.63,0.14
US-Oho,-83.8438,41.5545,2013,4,1,3.72,-4.78,-5.72,5.7,19.29,0
US-Oho,-83.8438,41.5545,2013,4,2,4.91,-4.91,-7.1,4.76,20.19,0
US-Oho,-83.8438,41.5545,2013,4,3,6.27,-4.42,-6.81,4.13,24.58,0
US-Oho,-83.8438,41.5545,2013,4,4,11.84,-3.98,-4.28,3.47,23.04,0
US-Oho,-83.8438,41.5545,2013,4,5,10.77,-2.25,-2.17,4.47,23.97,0
US-Oho,-83.8438,41.5545,2013,4,6,11.76,-2.66,-0.91,7.09,15.78,0.01
US-Oho,-83.8438,41.5545,2013,4,7,16.26,3.29,6.27,7.91,21.47,0.05
US-Oho,-83.8438,41.5545,2013,4,8,20.11,1.85,8.54,6.97,9.55,1.83
US-Oho,-83.8438,41.5545,2013,4,9,23.43,4.89,11.15,4.89,13.21,0.5
US-Oho,-83.8438,41.5545,2013,4,10,16.63,6.19,8.35,4.44,4.25,17
US-Oho,-83.8438,41.5545,2013,4,11,7.33,2.97,4.03,7.73,4.55,31.16
US-Oho,-83.8438,41.5545,2013,4,12,8.37,2.26,1.52,7.27,7.72,3.19
US-Oho,-83.8438,41.5545,2013,4,13,7.3,0.69,-0.38,6.7,8,0.16
US-Oho,-83.8438,41.5545,2013,4,14,15.37,-0.47,2.91,3.95,13.74,0.07
US-Oho,-83.8438,41.5545,2013,4,15,20.7,6.12,11.1,6.15,18.4,0.94
US-Oho,-83.8438,41.5545,2013,4,16,18.25,8.08,8.64,4.56,8.94,7.32
US-Oho,-83.8438,41.5545,2013,4,17,15.55,6.12,7.75,5.89,15.75,4.4
US-Oho,-83.8438,41.5545,2013,4,18,25.58,14.68,16.97,9.24,14.66,7.86
US-Oho,-83.8438,41.5545,2013,4,19,17.66,1.98,2.68,10.91,7.66,9.79
US-Oho,-83.8438,41.5545,2013,4,20,7.07,-2.92,-3.85,6.17,17.52,0.27
US-Oho,-83.8438,41.5545,2013,4,21,10.36,-3.36,-2.82,4.14,26.42,0
US-Oho,-83.8438,41.5545,2013,4,22,18.05,-1.81,2.98,3.05,26.92,0
US-Oho,-83.8438,41.5545,2013,4,23,21.06,5.2,9.64,5.96,17.51,6.45
US-Oho,-83.8438,41.5545,2013,4,24,13.2,-0.49,1.45,6.03,6.09,13.73
US-Oho,-83.8438,41.5545,2013,4,25,10.6,-0.65,-0.3,5.91,16.02,0.69
US-Oho,-83.8438,41.5545,2013,4,26,15.49,1.17,1.1,2.6,26.17,0
US-Oho,-83.8438,41.5545,2013,4,27,20.28,3,4.51,3.24,24.97,0
US-Oho,-83.8438,41.5545,2013,4,28,18.12,8.87,11.61,4,5.92,10.03
US-Oho,-83.8438,41.5545,2013,4,29,21.09,8.26,11.19,3.18,15.84,0.07
US-Oho,-83.8438,41.5545,2013,4,30,23.78,10.23,12.81,4.88,21.11,0
US-Oho,-83.8438,41.5545,2013,5,1,26.97,10.96,14.78,3.59,26.07,0.01
US-Oho,-83.8438,41.5545,2013,5,2,24.96,12.81,14.07,4.33,22.91,0
US-Oho,-83.8438,41.5545,2013,5,3,24.23,13.56,13.21,5.6,25.54,0
US-Oho,-83.8438,41.5545,2013,5,4,20.53,11.9,9.35,4.73,21.65,0
US-Oho,-83.8438,41.5545,2013,5,5,21.8,9.39,8.07,4.85,26.79,0
US-Oho,-83.8438,41.5545,2013,5,6,22.12,9.49,10.91,3.56,23.81,0
US-Oho,-83.8438,41.5545,2013,5,7,22.08,10.31,12.25,3.82,23.72,0.03
US-Oho,-83.8438,41.5545,2013,5,8,22.74,11.71,12.94,2.32,21.17,0.15
US-Oho,-83.8438,41.5545,2013,5,9,26.22,11.66,13.51,2.91,22.01,2.03
US-Oho,-83.8438,41.5545,2013,5,10,20.78,7.05,13.77,6.24,13.02,5.11
US-Oho,-83.8438,41.5545,2013,5,11,16.62,4.41,5.66,5.03,10.88,0.97
US-Oho,-83.8438,41.5545,2013,5,12,10.49,1.03,-0.12,6.53,19.28,0
US-Oho,-83.8438,41.5545,2013,5,13,12.75,0.62,-0.48,2.52,28.71,0
US-Oho,-83.8438,41.5545,2013,5,14,24.43,5.44,9.58,5.12,23.36,0
US-Oho,-83.8438,41.5545,2013,5,15,28.25,13.34,15.09,6.73,25.24,0.1
US-Oho,-83.8438,41.5545,2013,5,16,27.35,10.85,10.67,2.86,26.53,0
US-Oho,-83.8438,41.5545,2013,5,17,23.51,10.03,9.19,5.41,27.24,0
US-Oho,-83.8438,41.5545,2013,5,18,23.34,10.8,11.89,4.14,20.45,0.02
US-Oho,-83.8438,41.5545,2013,5,19,28.24,12.35,16.82,2.56,24.34,0
US-Oho,-83.8438,41.5545,2013,5,20,29.82,17.34,19.62,5.49,24.58,0.01
US-Oho,-83.8438,41.5545,2013,5,21,26.86,19.14,19.88,5.72,21.26,0.14
US-Oho,-83.8438,41.5545,2013,5,22,26.09,16.89,18.29,6.39,15.86,4
US-Oho,-83.8438,41.5545,2013,5,23,20.57,4.84,10.16,6.36,10.27,3.03
US-Oho,-83.8438,41.5545,2013,5,24,15.42,3.3,2.68,4.41,28.32,0.01
US-Oho,-83.8438,41.5545,2013,5,25,19.39,5.09,4.5,2.53,28.34,0
US-Oho,-83.8438,41.5545,2013,5,26,20.6,6.25,4.1,2.08,28.02,0
US-Oho,-83.8438,41.5545,2013,5,27,15.53,8.31,9.52,4.61,6.34,9.89
US-Oho,-83.8438,41.5545,2013,5,28,26.07,15.9,18.91,7.26,13.97,10.96
US-Oho,-83.8438,41.5545,2013,5,29,28.66,20.68,19.54,6.12,22.94,0.05
US-Oho,-83.8438,41.5545,2013,5,30,26.96,19.75,20.44,4.95,22.76,3.13
US-Oho,-83.8438,41.5545,2013,5,31,25.22,20.08,20.28,6.53,15,21.98
US-Oho,-83.8438,41.5545,2013,6,1,25.63,19.04,19.81,7.12,16.52,4.67
US-Oho,-83.8438,41.5545,2013,6,2,23.28,10.68,13.83,6.3,18.19,0.04
US-Oho,-83.8438,41.5545,2013,6,3,19.72,8.11,6.23,3.1,28,0
US-Oho,-83.8438,41.5545,2013,6,4,21.98,8.2,8.54,3.05,29.43,0.01
US-Oho,-83.8438,41.5545,2013,6,5,23.33,11.36,9.76,4.38,29.21,0
US-Oho,-83.8438,41.5545,2013,6,6,22.33,12.6,12.28,4.12,14.99,0.13
US-Oho,-83.8438,41.5545,2013,6,7,21.25,11.54,12,3.34,9.59,0.01
US-Oho,-83.8438,41.5545,2013,6,8,23.99,12.27,12.52,1.43,23.06,0
US-Oho,-83.8438,41.5545,2013,6,9,26.45,15.33,16.39,3.66,18.27,5.07
US-Oho,-83.8438,41.5545,2013,6,10,24.72,17.61,18.03,3.15,12.25,10.47
US-Oho,-83.8438,41.5545,2013,6,11,28.14,15.52,17.59,3.65,25.56,0.05
US-Oho,-83.8438,41.5545,2013,6,12,28.76,17,19.56,2.19,13.47,13.8
US-Oho,-83.8438,41.5545,2013,6,13,25.43,16.75,16.82,6.4,23.88,11.49
US-Oho,-83.8438,41.5545,2013,6,14,25.32,14.19,13.91,3.53,27.05,0.05
US-Oho,-83.8438,41.5545,2013,6,15,26.35,13.78,15.72,3.89,17.03,6.76
US-Oho,-83.8438,41.5545,2013,6,16,26.84,17.51,18.76,5.37,22.31,1.82
US-Oho,-83.8438,41.5545,2013,6,17,29.16,16.25,17.83,3.06,26.34,0.45
US-Oho,-83.8438,41.5545,2013,6,18,23.88,12.45,14.05,5.15,21.29,0.03
US-Oho,-83.8438,41.5545,2013,6,19,24.12,11.62,10.68,3.13,31.11,0
US-Oho,-83.8438,41.5545,2013,6,20,27.79,11.55,13.91,1.98,29.71,0
US-Oho,-83.8438,41.5545,2013,6,21,29.93,17.38,16.47,4.36,25.65,0
US-Oho,-83.8438,41.5545,2013,6,22,29.45,20.74,22.03,4.64,21.74,7.68
US-Oho,-83.8438,41.5545,2013,6,23,29.89,20.79,21.08,4.43,25.61,1.16
US-Oho,-83.8438,41.5545,2013,6,24,28.67,19.63,20.41,4.51,24.85,1.04
US-Oho,-83.8438,41.5545,2013,6,25,28.38,21.33,22.45,5.04,21.56,12.17
US-Oho,-83.8438,41.5545,2013,6,26,27.25,21.34,21.56,2.99,18.57,14.46
US-Oho,-83.8438,41.5545,2013,6,27,28.23,19.45,20.87,2.77,22.3,6.44
US-Oho,-83.8438,41.5545,2013,6,28,25.18,17.65,18.2,2.95,19.87,8.21
US-Oho,-83.8438,41.5545,2013,6,29,23.86,16.09,17.42,2.71,16.36,8.08
US-Oho,-83.8438,41.5545,2013,6,30,24.27,16.92,15.85,5.2,17.97,0.75
US-Oho,-83.8438,41.5545,2013,7,1,21.59,15.13,15.4,6.46,6.97,7.79
US-Oho,-83.8438,41.5545,2013,7,2,25.53,17.08,18.27,4.15,11.81,5.94
US-Oho,-83.8438,41.5545,2013,7,3,27.85,17.41,19.57,3.15,20.1,1.22
US-Oho,-83.8438,41.5545,2013,7,4,25.97,18.95,19.53,2.39,15.32,1.52
US-Oho,-83.8438,41.5545,2013,7,5,27.44,19.39,19.96,1.94,17.65,5.52
US-Oho,-83.8438,41.5545,2013,7,6,26.37,19.76,20.73,2.93,13.94,10.88
US-Oho,-83.8438,41.5545,2013,7,7,26.85,19.11,19.7,3.81,16.73,7.06
US-Oho,-83.8438,41.5545,2013,7,8,26.63,19.04,22.03,4.14,13.82,16.06
US-Oho,-83.8438,41.5545,2013,7,9,30.58,22.44,23.42,4.31,14.61,7.66
US-Oho,-83.8438,41.5545,2013,7,10,29.54,17.13,22.43,5.05,13.41,17.21
US-Oho,-83.8438,41.5545,2013,7,11,24.74,15.79,15.31,3.95,27.01,0
US-Oho,-83.8438,41.5545,2013,7,12,25.32,13.73,16.02,3.67,26.26,0
US-Oho,-83.8438,41.5545,2013,7,13,27.88,16.54,18.69,3.46,26.99,0.01
US-Oho,-83.8438,41.5545,2013,7,14,30.36,18.18,21.64,2.67,22.14,0.16
US-Oho,-83.8438,41.5545,2013,7,15,31.57,21.51,22.93,1.7,24.18,0.54
US-Oho,-83.8438,41.5545,2013,7,16,30.78,23.35,23.06,2.25,20.22,1.11
US-Oho,-83.8438,41.5545,2013,7,17,31.68,22.56,23.07,2.91,23.81,0.35
US-Oho,-83.8438,41.5545,2013,7,18,31.3,22.54,23.19,3.05,25.34,0.28
US-Oho,-83.8438,41.5545,2013,7,19,30.27,23.75,23.78,5.81,25.86,15.4
US-Oho,-83.8438,41.5545,2013,7,20,28.54,21.08,21.52,3.55,17.85,15.52
US-Oho,-83.8438,41.5545,2013,7,21,27.95,19.91,19.48,2.68,25.61,1.75
US-Oho,-83.8438,41.5545,2013,7,22,25.22,18.43,19.42,2.61,9.2,4.13
US-Oho,-83.8438,41.5545,2013,7,23,27.23,14.31,18.35,5.24,23.32,1.67
US-Oho,-83.8438,41.5545,2013,7,24,22.42,12.87,11.93,3.96,25.34,0
US-Oho,-83.8438,41.5545,2013,7,25,24.37,13.16,13.25,2.07,27.8,0
US-Oho,-83.8438,41.5545,2013,7,26,25.36,13.16,14.59,2.89,24.15,0.96
US-Oho,-83.8438,41.5545,2013,7,27,24.72,12.42,16.2,4.95,13.03,7.95
US-Oho,-83.8438,41.5545,2013,7,28,18.84,10.82,10.96,4.85,17.8,0.37
US-Oho,-83.8438,41.5545,2013,7,29,20.91,10.57,12.48,3.41,19.1,0
US-Oho,-83.8438,41.5545,2013,7,30,24.84,12.63,14.03,1.6,23.44,0.01
US-Oho,-83.8438,41.5545,2013,7,31,24.36,17.06,17.88,2.68,13.7,2.28
US-Oho,-83.8438,41.5545,2013,8,1,26.17,15.25,15.95,3.52,20.83,1.46
US-Oho,-83.8438,41.5545,2013,8,2,25.86,13.11,16.53,4.8,10.78,11.76
US-Oho,-83.8438,41.5545,2013,8,3,26.06,15.96,15.56,2.7,24.31,0.55
US-Oho,-83.8438,41.5545,2013,8,4,24.37,13.11,12.75,3.56,25.94,0
US-Oho,-83.8438,41.5545,2013,8,5,22.62,12.93,13.47,2.8,14.28,0.08
US-Oho,-83.8438,41.5545,2013,8,6,27.19,15.99,16.45,4.17,16.6,0.31
US-Oho,-83.8438,41.5545,2013,8,7,28.19,19.32,20.82,3.63,14.91,14.33
US-Oho,-83.8438,41.5545,2013,8,8,25.62,19.57,19.32,3.58,9.02,1.97
US-Oho,-83.8438,41.5545,2013,8,9,26.88,17.42,14.83,2.65,24.79,0.1
US-Oho,-83.8438,41.5545,2013,8,10,25.89,17.67,16.99,2.2,15.79,0.16
US-Oho,-83.8438,41.5545,2013,8,11,27.61,15.51,15.97,2.13,24.26,0.43
US-Oho,-83.8438,41.5545,2013,8,12,27.74,17.81,18.03,3.17,15.46,10.21
US-Oho,-83.8438,41.5545,2013,8,13,21.44,11.79,11.77,5.21,22.32,1.19
US-Oho,-83.8438,41.5545,2013,8,14,21.94,8.97,9.21,2.63,23.42,0.03
US-Oho,-83.8438,41.5545,2013,8,15,23.61,10.33,9.85,1.62,22.85,0.01
US-Oho,-83.8438,41.5545,2013,8,16,25.39,13.71,11.37,1.71,21.59,0
US-Oho,-83.8438,41.5545,2013,8,17,26.73,13.07,13.22,3.32,21.24,0
US-Oho,-83.8438,41.5545,2013,8,18,27.59,14.12,14.06,2.07,21.98,0
US-Oho,-83.8438,41.5545,2013,8,19,28.97,14.22,14.21,2.49,23.24,0
US-Oho,-83.8438,41.5545,2013,8,20,30.08,16.36,15.69,2.86,21.81,0
US-Oho,-83.8438,41.5545,2013,8,21,28.57,17.36,17.45,3.6,20.62,0.13
US-Oho,-83.8438,41.5545,2013,8,22,27.37,19.51,20.06,3.82,12.85,4.38
US-Oho,-83.8438,41.5545,2013,8,23,28.98,16.97,14.56,3.18,24.93,0.87
US-Oho,-83.8438,41.5545,2013,8,24,27.86,14.41,13.46,2.75,24.99,2.03
US-Oho,-83.8438,41.5545,2013,8,25,30.4,14.46,14.27,3.52,23.95,0
US-Oho,-83.8438,41.5545,2013,8,26,32.83,18.26,16.46,5.03,18.09,1.22
US-Oho,-83.8438,41.5545,2013,8,27,28.63,21.3,21.22,3.63,11.12,9.48
US-Oho,-83.8438,41.5545,2013,8,28,31.1,20.95,21.27,4.42,11.76,2.91
US-Oho,-83.8438,41.5545,2013,8,29,31.01,18.68,18.71,2.73,21.7,0.29
US-Oho,-83.8438,41.5545,2013,8,30,31.48,18.12,18.93,3.42,21.48,6.66
US-Oho,-83.8438,41.5545,2013,8,31,30.4,20.93,19.77,2.18,15.26,1.75
US-Oho,-83.8438,41.5545,2013,9,1,29.93,20.25,20.11,1.98,11.96,0.72
US-Oho,-83.8438,41.5545,2013,9,2,27.86,16.67,15.27,4.47,17.39,0.57
US-Oho,-83.8438,41.5545,2013,9,3,25.12,14.17,11,3.41,16.69,0
US-Oho,-83.8438,41.5545,2013,9,4,28.48,11.22,12.33,3.54,23.27,0
US-Oho,-83.8438,41.5545,2013,9,5,24.66,13.36,9.21,3.69,22.88,0
US-Oho,-83.8438,41.5545,2013,9,6,25.18,11.02,6.93,2.3,22.35,0
US-Oho,-83.8438,41.5545,2013,9,7,28.5,13.72,12.64,3.96,14.38,0.2
US-Oho,-83.8438,41.5545,2013,9,8,25.37,14.63,15.87,4.2,9.92,1.35
US-Oho,-83.8438,41.5545,2013,9,9,31.41,13.97,17.47,3.5,11.17,5.23
US-Oho,-83.8438,41.5545,2013,9,10,35.72,22.02,20.14,5.21,20.15,0.78
US-Oho,-83.8438,41.5545,2013,9,11,33.67,22.01,21.18,4.05,17.14,6.15
US-Oho,-83.8438,41.5545,2013,9,12,27.68,13.63,16.38,4.44,13.74,3.97
US-Oho,-83.8438,41.5545,2013,9,13,18.63,7.82,6.06,5.3,13.41,0
US-Oho,-83.8438,41.5545,2013,9,14,21.35,6.82,5.04,1.74,22.18,0
US-Oho,-83.8438,41.5545,2013,9,15,21.41,8.92,6.97,2.67,11.64,4.42
US-Oho,-83.8438,41.5545,2013,9,16,20.37,9.84,9.44,3.73,13.09,0.07
US-Oho,-83.8438,41.5545,2013,9,17,21.91,7.57,6.93,2.8,20.69,0
US-Oho,-83.8438,41.5545,2013,9,18,25.73,10.66,10.74,2.64,15.58,0
US-Oho,-83.8438,41.5545,2013,9,19,26.23,16.18,17.67,4.14,11.68,0.75
US-Oho,-83.8438,41.5545,2013,9,20,28.49,19.32,20.15,5.03,12.94,16.83
US-Oho,-83.8438,41.5545,2013,9,21,21.51,10.76,11.93,4.7,15.54,3.97
US-Oho,-83.8438,41.5545,2013,9,22,18.22,6.89,5.6,3.41,18.2,0
US-Oho,-83.8438,41.5545,2013,9,23,18.89,8.33,7.04,3.04,14.31,0
US-Oho,-83.8438,41.5545,2013,9,24,20.25,5.64,7.04,3.1,19.95,0
US-Oho,-83.8438,41.5545,2013,9,25,21.9,8.23,10.21,3.08,16.59,0
US-Oho,-83.8438,41.5545,2013,9,26,25.02,9.17,10.54,3.49,18.78,0
US-Oho,-83.8438,41.5545,2013,9,27,24.61,10.27,12.39,3.91,19.26,0
US-Oho,-83.8438,41.5545,2013,9,28,26.37,9.48,10.59,3.42,18.64,0
US-Oho,-83.8438,41.5545,2013,9,29,20.14,13.91,14.37,3.7,3.37,4.1
US-Oho,-83.8438,41.5545,2013,9,30,23.39,11.17,12.55,2.39,14.24,1.16
US-Oho,-83.8438,41.5545,2013,10,1,25.71,11.94,14.69,4.51,12.04,0
US-Oho,-83.8438,41.5545,2013,10,2,28.54,15.36,13.35,2.82,16.11,0
US-Oho,-83.8438,41.5545,2013,10,3,26.62,16.58,17.26,3.95,9.38,1.45
US-Oho,-83.8438,41.5545,2013,10,4,26.96,17.96,19.24,3.79,8.15,19.08
US-Oho,-83.8438,41.5545,2013,10,5,26.02,18.13,20.16,3.39,6.38,15.81
US-Oho,-83.8438,41.5545,2013,10,6,22.18,11.13,16.12,5.83,7.26,9.14
US-Oho,-83.8438,41.5545,2013,10,7,15.99,5.91,6.07,5.3,12.93,0.06
US-Oho,-83.8438,41.5545,2013,10,8,19.85,5.94,6.47,2.75,17.71,0
US-Oho,-83.8438,41.5545,2013,10,9,21.25,5.78,6.78,3.17,17.53,0
US-Oho,-83.8438,41.5545,2013,10,10,21.57,5.55,5.97,2.37,17.37,0
US-Oho,-83.8438,41.5545,2013,10,11,23.58,8.25,9.84,2.61,16.7,0
US-Oho,-83.8438,41.5545,2013,10,12,24.98,9.98,12.28,2.72,15.37,0
US-Oho,-83.8438,41.5545,2013,10,13,21.54,8.71,7.87,3.85,14.85,0
US-Oho,-83.8438,41.5545,2013,10,14,19.14,6.81,7.83,3.79,15.17,0
US-Oho,-83.8438,41.5545,2013,10,15,19.33,7.68,12.5,4.36,6.09,2.62
US-Oho,-83.8438,41.5545,2013,10,16,17.88,7.24,9.03,4.71,13.65,0.86
US-Oho,-83.8438,41.5545,2013,10,17,12.36,6.08,6.43,4.61,3.41,1.87
US-Oho,-83.8438,41.5545,2013,10,18,18.27,4.36,5.02,5.05,13.3,0
US-Oho,-83.8438,41.5545,2013,10,19,9.96,3.76,3.15,4.48,5.55,4.9
US-Oho,-83.8438,41.5545,2013,10,20,16.49,2.83,3.08,6.06,13.85,0
US-Oho,-83.8438,41.5545,2013,10,21,14.34,2.95,4.86,6.24,7.68,0.98
US-Oho,-83.8438,41.5545,2013,10,22,9.82,-0.9,-1.64,4.66,13.76,0.52
US-Oho,-83.8438,41.5545,2013,10,23,8.22,0.82,-0.05,4.07,9.74,0.37
US-Oho,-83.8438,41.5545,2013,10,24,7.32,-0.07,-0.97,4.58,8.51,0.07
US-Oho,-83.8438,41.5545,2013,10,25,9.24,0.3,-1.7,4.95,10.4,0.05
US-Oho,-83.8438,41.5545,2013,10,26,11.22,0.19,-0.77,7.59,5.25,0.11
US-Oho,-83.8438,41.5545,2013,10,27,12.41,0.45,0.88,3.56,10.37,0
US-Oho,-83.8438,41.5545,2013,10,28,14.05,0.08,2.02,3.06,10.32,0
US-Oho,-83.8438,41.5545,2013,10,29,14.01,2.44,4,3.02,10.21,0.02
US-Oho,-83.8438,41.5545,2013,10,30,18.39,3.82,8.04,3.28,10.93,2.28
US-Oho,-83.8438,41.5545,2013,10,31,17.63,14.91,14.89,9.55,2.52,31.07
US-Oho,-83.8438,41.5545,2013,11,1,11.92,5.75,5.78,7.32,2.86,1.4
US-Oho,-83.8438,41.5545,2013,11,2,10.26,2.2,4.58,4.42,5.44,1.74
US-Oho,-83.8438,41.5545,2013,11,3,9.63,-0.49,0.43,3.37,9.77,0
US-Oho,-83.8438,41.5545,2013,11,4,10.19,0.26,0.51,5.1,9.09,0
US-Oho,-83.8438,41.5545,2013,11,5,13.71,4.49,6.34,4.34,3.49,0.01
US-Oho,-83.8438,41.5545,2013,11,6,15.72,5.4,7.43,7.74,3.22,3.62
US-Oho,-83.8438,41.5545,2013,11,7,7.7,1.13,-0.12,5.34,8.61,0.6
US-Oho,-83.8438,41.5545,2013,11,8,7.87,-0.39,-1.47,3.47,7.94,0.01
US-Oho,-83.8438,41.5545,2013,11,9,14.66,1.85,2.25,8.49,10.42,0
US-Oho,-83.8438,41.5545,2013,11,10,9.39,-0.29,0.02,6.22,6.94,0
US-Oho,-83.8438,41.5545,2013,11,11,10.03,-1.79,-1.14,6.78,3.36,3.96
US-Oho,-83.8438,41.5545,2013,11,12,1.7,-5.86,-6.93,5.45,9.96,0.01
US-Oho,-83.8438,41.5545,2013,11,13,3.67,-6.42,-7.77,6.08,10.84,0
US-Oho,-83.8438,41.5545,2013,11,14,9.39,-3.25,-4.2,7.5,11.44,0
US-Oho,-83.8438,41.5545,2013,11,15,9.57,0.78,-0.11,5.48,5.86,0.02
US-Oho,-83.8438,41.5545,2013,11,16,13.03,1.17,7.11,6.43,4.99,2.02
US-Oho,-83.8438,41.5545,2013,11,17,17.94,7.33,11.54,11.73,5.06,12.37
US-Oho,-83.8438,41.5545,2013,11,18,7.98,-1.89,-0.52,8.74,5,0.12
US-Oho,-83.8438,41.5545,2013,11,19,5.36,-4.05,-4.01,3.07,10.35,0
US-Oho,-83.8438,41.5545,2013,11,20,7.59,-3.73,-2.59,4.47,9.14,0.75
US-Oho,-83.8438,41.5545,2013,11,21,8.05,2.58,3.96,4.47,2.57,9.25
US-Oho,-83.8438,41.5545,2013,11,22,7.02,-4.49,1.9,4.67,2.23,0.97
US-Oho,-83.8438,41.5545,2013,11,23,-0.04,-6.39,-8.97,7.32,6.3,0.03
US-Oho,-83.8438,41.5545,2013,11,24,-2.87,-6.91,-12,5.16,7.36,0
US-Oho,-83.8438,41.5545,2013,11,25,1.1,-6.53,-8.01,6.74,4.7,0.01
US-Oho,-83.8438,41.5545,2013,11,26,2.23,-2.73,-3.25,3.69,3.92,0.01
US-Oho,-83.8438,41.5545,2013,11,27,-2.03,-7.47,-9.06,6.53,7.63,0
US-Oho,-83.8438,41.5545,2013,11,28,0.08,-7,-7.85,3.19,3.79,0.01
US-Oho,-83.8438,41.5545,2013,11,29,1.11,-8.01,-6.67,2.35,9.13,0
US-Oho,-83.8438,41.5545,2013,11,30,6.19,-4.51,-2.97,4.7,8.71,0
US-Oho,-83.8438,41.5545,2013,12,1,5.7,-1.74,0.2,3.3,6.2,0
US-Oho,-83.8438,41.5545,2013,12,2,4.54,-1.83,-1.89,2.62,5.53,0.09
US-Oho,-83.8438,41.5545,2013,12,3,7.3,-0.76,2.22,3.55,3.45,0.38
US-Oho,-83.8438,41.5545,2013,12,4,14.25,1.65,7.76,5.16,4.3,0.09
US-Oho,-83.8438,41.5545,2013,12,5,14.4,-1.54,0.1,6.61,3.71,0.33
US-Oho,-83.8438,41.5545,2013,12,6,-1.05,-4.4,-6.94,3.71,2.93,0.1
US-Oho,-83.8438,41.5545,2013,12,7,-2.16,-6.21,-10.54,3.87,7.5,0
US-Oho,-83.8438,41.5545,2013,12,8,-0.27,-6.38,-7.58,4.9,2.2,0.4
US-Oho,-83.8438,41.5545,2013,12,9,-1.32,-6.86,-7.29,7.9,2.88,0.05
US-Oho,-83.8438,41.5545,2013,12,10,-3.58,-10.47,-12.93,7.64,7.17,0
US-Oho,-83.8438,41.5545,2013,12,11,-4.71,-9.65,-11.4,5.77,4.17,0.41
US-Oho,-83.8438,41.5545,2013,12,12,-6.27,-11.76,-14.32,6.32,6.72,0
US-Oho,-83.8438,41.5545,2013,12,13,-0.43,-9.05,-7.05,3.66,5.98,0.71
US-Oho,-83.8438,41.5545,2013,12,14,-0.95,-6.4,-3.8,5.96,1.79,6.12
US-Oho,-83.8438,41.5545,2013,12,15,-3.82,-11.54,-9.75,7.17,2.46,0.12
US-Oho,-83.8438,41.5545,2013,12,16,-4.53,-12.25,-11.32,2.74,4.85,1.72
US-Oho,-83.8438,41.5545,2013,12,17,-3.54,-9.22,-7.06,5.52,2.01,0.26
US-Oho,-83.8438,41.5545,2013,12,18,-1.63,-8.17,-7.39,6.05,5.73,0.01
US-Oho,-83.8438,41.5545,2013,12,19,3.71,-1.48,0.7,5.77,3.08,0.02
US-Oho,-83.8438,41.5545,2013,12,20,8.01,3.63,6.1,6.39,1.99,7.97
US-Oho,-83.8438,41.5545,2013,12,21,4.96,0.64,1.22,4.5,1.83,44.27
US-Oho,-83.8438,41.5545,2013,12,22,7.24,-1.58,1.65,6.63,2.97,6.59
US-Oho,-83.8438,41.5545,2013,12,23,0.13,-9.24,-6.38,6.24,3.15,0.12
US-Oho,-83.8438,41.5545,2013,12,24,-5.45,-10.47,-13.03,4.81,7.27,0
US-Oho,-83.8438,41.5545,2013,12,25,-2.84,-10.01,-8.71,5.3,2.61,0.34
US-Oho,-83.8438,41.5545,2013,12,26,-1.26,-5.04,-6.41,6.22,3.8,0.18
US-Oho,-83.8438,41.5545,2013,12,27,4.2,-4.73,-2.43,5.2,7.14,0.01
US-Oho,-83.8438,41.5545,2013,12,28,8.68,0.31,1.21,6.69,8.3,0.02
US-Oho,-83.8438,41.5545,2013,12,29,5.35,-5.23,-1.8,6.39,4.35,2.61
US-Oho,-83.8438,41.5545,2013,12,30,-4.85,-6.84,-11.39,3.22,5.99,0.03
US-Oho,-83.8438,41.5545,2013,12,31,-6.13,-9.64,-11.67,6.18,4.92,0.74
US-Oho,-83.8438,41.5545,2014,1,1,-6.47,-8.4,-9.49,5.61,2.22,3.87
US-Oho,-83.8438,41.5545,2014,1,2,-7.16,-17.47,-12.79,9.47,4.45,3.96
US-Oho,-83.8438,41.5545,2014,1,3,-8.79,-22.33,-18.3,4.25,8.43,0
US-Oho,-83.8438,41.5545,2014,1,4,-1.07,-12.59,-8.67,7.5,4.91,0.09
US-Oho,-83.8438,41.5545,2014,1,5,0.64,-8.19,-3.63,5.33,1.63,13.63
US-Oho,-83.8438,41.5545,2014,1,6,-9.03,-26.47,-20.98,11.12,6.26,0.22
US-Oho,-83.8438,41.5545,2014,1,7,-16.71,-25.51,-22.43,8.44,8.78,0.01
US-Oho,-83.8438,41.5545,2014,1,8,-8.63,-21.47,-14.77,3.23,7.68,0
US-Oho,-83.8438,41.5545,2014,1,9,-4.05,-18.87,-10.67,2.76,5.28,1.69
US-Oho,-83.8438,41.5545,2014,1,10,2.79,-4.08,-0.69,5.19,3.33,8.51
US-Oho,-83.8438,41.5545,2014,1,11,4.41,-0.91,1,7.55,2.69,4.93
US-Oho,-83.8438,41.5545,2014,1,12,3.23,-2.49,-2.27,6.39,5.6,0.07
US-Oho,-83.8438,41.5545,2014,1,13,6.13,-0.23,1.77,7.29,2.87,0.06
US-Oho,-83.8438,41.5545,2014,1,14,4.72,-3.38,-3.09,5.58,9.33,0.04
US-Oho,-83.8438,41.5545,2014,1,15,-2.19,-6,-8.76,7.61,5.18,0.01
US-Oho,-83.8438,41.5545,2014,1,16,-2.01,-8.15,-7.16,7.69,1.91,2.4
US-Oho,-83.8438,41.5545,2014,1,17,-1.55,-10.14,-8.97,5.38,3.43,0.42
US-Oho,-83.8438,41.5545,2014,1,18,-5.15,-11.28,-11,4.67,5.1,1.33
US-Oho,-83.8438,41.5545,2014,1,19,-0.88,-10.12,-7.04,8.47,6.48,0.06
US-Oho,-83.8438,41.5545,2014,1,20,-0.96,-9.82,-6.75,5.54,4.12,0.24
US-Oho,-83.8438,41.5545,2014,1,21,-10.1,-18.43,-17.55,6.63,7.07,0.44
US-Oho,-83.8438,41.5545,2014,1,22,-10.85,-18.91,-16.16,3.97,4.92,0.46
US-Oho,-83.8438,41.5545,2014,1,23,-9.76,-14.96,-14.3,5.68,5.72,0.05
US-Oho,-83.8438,41.5545,2014,1,24,-7.8,-17.73,-15.65,11.11,6.82,0.35
US-Oho,-83.8438,41.5545,2014,1,25,-1.8,-11.7,-10.04,10.15,6.6,1.1
US-Oho,-83.8438,41.5545,2014,1,26,-0.84,-15.27,-9.83,7.29,2.25,2.5
US-Oho,-83.8438,41.5545,2014,1,27,-5.42,-16.68,-17.09,9.63,5.12,0.35
US-Oho,-83.8438,41.5545,2014,1,28,-13.32,-20.85,-20.05,6.11,11.31,0
US-Oho,-83.8438,41.5545,2014,1,29,-7.86,-20.83,-16.96,7.27,11.75,0
US-Oho,-83.8438,41.5545,2014,1,30,-3.32,-14.16,-11.04,8.61,4.86,0.21
US-Oho,-83.8438,41.5545,2014,1,31,0.7,-4.51,-4,3.3,4.65,0.52
US-Oho,-83.8438,41.5545,2014,2,1,1.06,-4.82,-1.72,3.87,1.56,15.41
US-Oho,-83.8438,41.5545,2014,2,2,-2.63,-10.26,-7.48,3.71,3.04,3.07
US-Oho,-83.8438,41.5545,2014,2,3,-3.86,-15.89,-12.1,2.3,9.25,0
US-Oho,-83.8438,41.5545,2014,2,4,-5,-12.97,-10.07,3.63,4.5,4.08
US-Oho,-83.8438,41.5545,2014,2,5,-4.34,-15.82,-9.35,7.22,5.82,6.67
US-Oho,-83.8438,41.5545,2014,2,6,-8.02,-20.4,-15.31,5.34,5.61,0
US-Oho,-83.8438,41.5545,2014,2,7,-12.34,-21.38,-18.75,5.61,12.28,0
US-Oho,-83.8438,41.5545,2014,2,8,-8.31,-22.03,-14.8,2.49,9.85,1.12
US-Oho,-83.8438,41.5545,2014,2,9,-5.83,-12.38,-10.58,3.73,11.01,2.79
US-Oho,-83.8438,41.5545,2014,2,10,-6.84,-19.97,-13.51,3.96,13.33,0
US-Oho,-83.8438,41.5545,2014,2,11,-9.41,-22.59,-18.22,2.5,12.15,0
US-Oho,-83.8438,41.5545,2014,2,12,-5.26,-23.17,-15.97,2.49,13.86,0
US-Oho,-83.8438,41.5545,2014,2,13,-1.18,-14.41,-8.92,3.13,13.8,0.01
US-Oho,-83.8438,41.5545,2014,2,14,-3.6,-9.49,-7.49,5.96,6.33,0.02
US-Oho,-83.8438,41.5545,2014,2,15,-6.29,-17.88,-12.2,4.02,5.93,0
US-Oho,-83.8438,41.5545,2014,2,16,-3.66,-13.95,-10.28,3.42,8.41,0.96
US-Oho,-83.8438,41.5545,2014,2,17,-2.95,-15.9,-9.82,6.36,6.58,5.27
US-Oho,-83.8438,41.5545,2014,2,18,1.57,-5.55,-2.98,7.19,12.99,0.29
US-Oho,-83.8438,41.5545,2014,2,19,2.85,-4.6,-0.84,4.7,14.67,0.31
US-Oho,-83.8438,41.5545,2014,2,20,8.67,-3.31,3.04,6.36,3.66,29.47
US-Oho,-83.8438,41.5545,2014,2,21,3.17,-0.7,-3.23,11.58,11.48,0.51
US-Oho,-83.8438,41.5545,2014,2,22,5.67,-2.03,-3.34,6.98,11.95,0.26
US-Oho,-83.8438,41.5545,2014,2,23,0.91,-6.19,-7.54,5.7,15.77,0
US-Oho,-83.8438,41.5545,2014,2,24,-1.63,-9.83,-10.37,6.84,15.12,0.01
US-Oho,-83.8438,41.5545,2014,2,25,-3.28,-8.61,-9.92,4.89,12.62,0.28
US-Oho,-83.8438,41.5545,2014,2,26,-6.73,-12.21,-15.48,6.93,13.03,0.01
US-Oho,-83.8438,41.5545,2014,2,27,-9.55,-16.91,-17.27,8.13,15.87,0.2
US-Oho,-83.8438,41.5545,2014,2,28,-3.73,-18.11,-15.13,3.9,16,0.01
US-Oho,-83.8438,41.5545,2014,3,1,4.97,-9.4,-5.78,4.56,6,2.2
US-Oho,-83.8438,41.5545,2014,3,2,-6.71,-11.4,-12.11,4.73,5.24,3.18
US-Oho,-83.8438,41.5545,2014,3,3,-8.08,-16.78,-16.16,3.85,16.6,0
US-Oho,-83.8438,41.5545,2014,3,4,-3.59,-14.82,-13.27,2.35,6.36,0
US-Oho,-83.8438,41.5545,2014,3,5,-4.7,-10.97,-10.74,4.32,9.1,0.04
US-Oho,-83.8438,41.5545,2014,3,6,1.37,-9.49,-7.88,4.28,16.09,0
US-Oho,-83.8438,41.5545,2014,3,7,9.1,-7.52,-2.19,3.17,16.53,0
US-Oho,-83.8438,41.5545,2014,3,8,3.18,-3.22,-1.85,3.39,6.5,1.57
US-Oho,-83.8438,41.5545,2014,3,9,3.01,-6.57,-4.86,4.84,11.07,0
US-Oho,-83.8438,41.5545,2014,3,10,12.3,0.65,3.22,7.42,16.26,0.14
US-Oho,-83.8438,41.5545,2014,3,11,14.05,1.32,3.55,3.68,10.25,0.14
US-Oho,-83.8438,41.5545,2014,3,12,1.67,-14.61,-6.71,9.36,6.99,13.07
US-Oho,-83.8438,41.5545,2014,3,13,-2.6,-15.28,-11.84,4.5,12.07,0
US-Oho,-83.8438,41.5545,2014,3,14,11.85,-3.62,1.22,9.19,16.54,0.01
US-Oho,-83.8438,41.5545,2014,3,15,6.89,-4,-2.6,5.99,17.92,0
US-Oho,-83.8438,41.5545,2014,3,16,-2.82,-7.95,-12.33,8.3,13.96,0
US-Oho,-83.8438,41.5545,2014,3,17,1.35,-10.74,-9.78,5.61,20.52,0
US-Oho,-83.8438,41.5545,2014,3,18,10.7,-5.66,-0.79,3.74,16.18,0
US-Oho,-83.8438,41.5545,2014,3,19,11.27,1.22,4.48,8.24,6.09,1.85
US-Oho,-83.8438,41.5545,2014,3,20,6.14,-4.02,-3.19,6.69,13.37,0.12
US-Oho,-83.8438,41.5545,2014,3,21,10.57,-4.04,0.08,4.33,18.49,0.21
US-Oho,-83.8438,41.5545,2014,3,22,7.29,-2.04,0.06,5.96,8.44,0.21
US-Oho,-83.8438,41.5545,2014,3,23,-0.49,-7.18,-10.08,5.13,20.1,0
US-Oho,-83.8438,41.5545,2014,3,24,0.58,-5.81,-8.83,2.74,17.4,0
US-Oho,-83.8438,41.5545,2014,3,25,0.09,-8.1,-8.85,6.12,12.42,0.13
US-Oho,-83.8438,41.5545,2014,3,26,1.07,-10.92,-9.71,3.04,20.87,0
US-Oho,-83.8438,41.5545,2014,3,27,7.72,-1.88,-0.03,8.29,5.2,2.27
US-Oho,-83.8438,41.5545,2014,3,28,9.63,0.97,3.88,8.25,10.42,0.39
US-Oho,-83.8438,41.5545,2014,3,29,2.52,-2.84,-1.54,6.9,4.47,0.7
US-Oho,-83.8438,41.5545,2014,3,30,10.95,-4.54,-4.04,3.65,23.18,0
US-Oho,-83.8438,41.5545,2014,3,31,16.07,1.91,0.93,3.66,20.58,0.13
US-Oho,-83.8438,41.5545,2014,4,1,15,2.64,2.95,8.63,22.61,0.06
US-Oho,-83.8438,41.5545,2014,4,2,12.61,1.39,1.81,2.46,16.09,1.31
US-Oho,-83.8438,41.5545,2014,4,3,5.34,0.57,1.28,8.12,3.17,31.41
US-Oho,-83.8438,41.5545,2014,4,4,12.99,1.1,2.98,9.17,6.06,2.44
US-Oho,-83.8438,41.5545,2014,4,5,10.17,-1.44,-2.64,5.81,23.5,0.01
US-Oho,-83.8438,41.5545,2014,4,6,11.54,-1.3,-1.12,2.27,21.15,0.01
US-Oho,-83.8438,41.5545,2014,4,7,13.8,-1.58,3.7,5.87,7.09,15.85
US-Oho,-83.8438,41.5545,2014,4,8,15.24,2.76,3.19,5.46,21.05,1.18
US-Oho,-83.8438,41.5545,2014,4,9,14.01,0.16,1.92,4.12,21.97,0
US-Oho,-83.8438,41.5545,2014,4,10,20.39,4.04,7.35,8.04,19.04,1.7
US-Oho,-83.8438,41.5545,2014,4,11,18.98,4.12,5.36,2.46,22.68,0.28
US-Oho,-83.8438,41.5545,2014,4,12,22.36,5.88,9.38,6.32,18.27,0.02
US-Oho,-83.8438,41.5545,2014,4,13,24.25,14.9,15.1,8.65,13.69,0.02
US-Oho,-83.8438,41.5545,2014,4,14,17.98,-0.64,8.79,10.14,9.24,6.53
US-Oho,-83.8438,41.5545,2014,4,15,2.89,-5.4,-7.16,6.81,12.34,2.78
US-Oho,-83.8438,41.5545,2014,4,16,7.21,-5.18,-5.25,3.73,24.98,0
US-Oho,-83.8438,41.5545,2014,4,17,18.07,-2.32,3.47,4.85,24.27,0
US-Oho,-83.8438,41.5545,2014,4,18,18.04,4.51,6.8,3.75,18.22,0
US-Oho,-83.8438,41.5545,2014,4,19,13.22,1.16,0.99,4.86,26.48,0
US-Oho,-83.8438,41.5545,2014,4,20,21.73,0.48,4.83,2.79,25.23,0
US-Oho,-83.8438,41.5545,2014,4,21,22.47,8.12,9.88,4.04,16.65,0.11
US-Oho,-83.8438,41.5545,2014,4,22,14.58,2.02,5.12,7.61,25.09,0.04
US-Oho,-83.8438,41.5545,2014,4,23,13.6,-0.95,0.35,4.13,25.29,0
US-Oho,-83.8438,41.5545,2014,4,24,14.15,1.5,-0.02,4.88,16.42,0.51
US-Oho,-83.8438,41.5545,2014,4,25,14.56,4.69,5.47,4.32,9.19,6.06
US-Oho,-83.8438,41.5545,2014,4,26,16.14,2.49,3.03,5.72,26.16,0.01
US-Oho,-83.8438,41.5545,2014,4,27,12.68,1.64,1.37,6.44,24.39,0
US-Oho,-83.8438,41.5545,2014,4,28,11.18,4.73,6.49,8.05,5.47,2.48
US-Oho,-83.8438,41.5545,2014,4,29,23.13,10.02,11.72,6.8,21.41,15.69
US-Oho,-83.8438,41.5545,2014,4,30,19.6,8.51,10.33,4.94,16.68,1.14
US-Oho,-83.8438,41.5545,2014,5,1,13.9,4.89,5.21,7.47,11.8,0.09
US-Oho,-83.8438,41.5545,2014,5,2,14.3,5.96,6.31,5.87,10.88,0.3
US-Oho,-83.8438,41.5545,2014,5,3,16.87,6.79,6.51,6.96,19.24,1.14
US-Oho,-83.8438,41.5545,2014,5,4,14.87,5.55,3.46,5.45,23.88,0.02
US-Oho,-83.8438,41.5545,2014,5,5,13.09,3.75,3.48,3.45,12.05,0.06
US-Oho,-83.8438,41.5545,2014,5,6,16.79,2.79,4.3,5.04,27.39,0.01
US-Oho,-83.8438,41.5545,2014,5,7,24.32,8.44,11.26,4.91,18,4.93
US-Oho,-83.8438,41.5545,2014,5,8,28.19,13.52,18.02,5.35,24.19,0.01
US-Oho,-83.8438,41.5545,2014,5,9,24.08,16.31,17.58,6.85,12.1,6.33
US-Oho,-83.8438,41.5545,2014,5,10,21.9,10.06,9.12,3.45,23.73,0.02
US-Oho,-83.8438,41.5545,2014,5,11,24.81,8.29,12.92,3.8,21.3,6.53
US-Oho,-83.8438,41.5545,2014,5,12,24.95,17.35,19.77,4.59,16.03,6.1
US-Oho,-83.8438,41.5545,2014,5,13,27.91,15.02,18.47,6.23,21.93,9.57
US-Oho,-83.8438,41.5545,2014,5,14,16.38,11.26,11.93,3.71,6.94,12.54
US-Oho,-83.8438,41.5545,2014,5,15,16.94,3.62,8.95,6.53,8.33,6.74
US-Oho,-83.8438,41.5545,2014,5,16,13.57,2.22,3.52,2.2,20.69,3.33
US-Oho,-83.8438,41.5545,2014,5,17,12.21,4.31,2.92,3.65,17.78,0.26
US-Oho,-83.8438,41.5545,2014,5,18,17.94,2.61,3.86,3.12,27.64,0
US-Oho,-83.8438,41.5545,2014,5,19,20.97,5.61,5.99,3.36,27.89,0.55
US-Oho,-83.8438,41.5545,2014,5,20,24.72,11.32,14.24,4.88,20.22,5.28
US-Oho,-83.8438,41.5545,2014,5,21,27.62,16.95,17.96,4.85,20.66,2.42
US-Oho,-83.8438,41.5545,2014,5,22,22.28,12.61,11.83,5.44,26.36,0.04
US-Oho,-83.8438,41.5545,2014,5,23,20.26,8.95,9.59,4.27,28.12,0.02
US-Oho,-83.8438,41.5545,2014,5,24,24.43,11.6,10.57,1.08,26.35,0
US-Oho,-83.8438,41.5545,2014,5,25,26.5,11.76,12.45,2.66,29.82,0.01
US-Oho,-83.8438,41.5545,2014,5,26,28.54,13.22,15.95,3.82,28.14,0.16
US-Oho,-83.8438,41.5545,2014,5,27,25.5,19.28,20.12,3.88,18.64,2.99
US-Oho,-83.8438,41.5545,2014,5,28,23.58,15.14,17.27,3.18,15.14,2.58
US-Oho,-83.8438,41.5545,2014,5,29,23.73,12.48,12.96,3.69,27.7,0.02
US-Oho,-83.8438,41.5545,2014,5,30,25.48,10.56,12.81,2.94,29.73,0
US-Oho,-83.8438,41.5545,2014,5,31,26.68,13.17,12.73,3.17,29.45,0
US-Oho,-83.8438,41.5545,2014,6,1,28.15,12.63,14.6,3.18,27.07,0
US-Oho,-83.8438,41.5545,2014,6,2,27.75,20.36,20.15,7.57,15.3,2.5
US-Oho,-83.8438,41.5545,2014,6,3,27.17,14.75,15.66,6,28.58,0.08
US-Oho,-83.8438,41.5545,2014,6,4,23.39,12.4,12.32,4.34,6.82,13.09
US-Oho,-83.8438,41.5545,2014,6,5,23.34,10.14,9.53,3.13,30.75,0
US-Oho,-83.8438,41.5545,2014,6,6,25.92,12.32,9.94,1.34,30.52,0
US-Oho,-83.8438,41.5545,2014,6,7,27.37,13.27,13.4,2.53,28.15,0.03
US-Oho,-83.8438,41.5545,2014,6,8,24.35,14.72,13.93,4.7,15.5,11.19
US-Oho,-83.8438,41.5545,2014,6,9,25.38,13.22,13.34,2.74,22.65,0
US-Oho,-83.8438,41.5545,2014,6,10,23.26,14.69,16.27,3.52,15.42,5.76
US-Oho,-83.8438,41.5545,2014,6,11,25.08,17.61,18.38,4.12,16.17,2.7
US-Oho,-83.8438,41.5545,2014,6,12,25.75,17.37,17.32,3.71,17.2,1.08
US-Oho,-83.8438,41.5545,2014,6,13,22.15,10.23,11.03,5.09,25.91,0.32
US-Oho,-83.8438,41.5545,2014,6,14,24.6,7.99,8.52,2.43,31.58,0
US-Oho,-83.8438,41.5545,2014,6,15,27.39,10.56,13.55,5,29.69,0
US-Oho,-83.8438,41.5545,2014,6,16,30.52,21.1,18.56,3.6,25.56,0.09
US-Oho,-83.8438,41.5545,2014,6,17,30.92,21.79,21.85,6.47,22.47,0.83
US-Oho,-83.8438,41.5545,2014,6,18,28.88,22.08,22.87,3.43,15.91,18.97
US-Oho,-83.8438,41.5545,2014,6,19,25.75,17.84,18.64,3.54,16.01,5.79
US-Oho,-83.8438,41.5545,2014,6,20,23.56,15.31,16.95,3.9,8.97,6.66
US-Oho,-83.8438,41.5545,2014,6,21,26.51,14.54,15.02,2.52,25.59,3.79
US-Oho,-83.8438,41.5545,2014,6,22,28.1,15.93,15.35,2.69,24.61,0.13
US-Oho,-83.8438,41.5545,2014,6,23,28.74,17.63,19.72,3.31,14.6,13.08
US-Oho,-83.8438,41.5545,2014,6,24,26.91,20.46,20.97,3.05,16.76,6.89
US-Oho,-83.8438,41.5545,2014,6,25,27.07,19.09,19.72,2.4,19.7,6.27
US-Oho,-83.8438,41.5545,2014,6,26,27.18,17.38,17.89,1.98,23.87,0.01
US-Oho,-83.8438,41.5545,2014,6,27,28.52,17.22,18.19,2.74,28.15,0.01
US-Oho,-83.8438,41.5545,2014,6,28,29.59,18.03,19.36,3.54,23.2,1.01
US-Oho,-83.8438,41.5545,2014,6,29,27.44,21.41,21.54,5.27,21.94,1.18
US-Oho,-83.8438,41.5545,2014,6,30,29.17,20.91,22.21,5.16,22.81,4.1
US-Oho,-83.8438,41.5545,2014,7,1,29.18,19.69,20.28,6.29,20.74,0.1
US-Oho,-83.8438,41.5545,2014,7,2,26.84,16.25,16.55,5.31,25.79,0.05
US-Oho,-83.8438,41.5545,2014,7,3,22.59,13.32,12.19,4.25,19.52,0.06
US-Oho,-83.8438,41.5545,2014,7,4,25.37,10.97,9.82,3.68,30.75,0
US-Oho,-83.8438,41.5545,2014,7,5,25.39,12.19,10.4,2.96,24.33,0
US-Oho,-83.8438,41.5545,2014,7,6,27.73,16.01,16.58,5.87,22.6,0.31
US-Oho,-83.8438,41.5545,2014,7,7,30.2,21.01,20.25,6.08,18.82,2.46
US-Oho,-83.8438,41.5545,2014,7,8,27.41,18.65,19.19,6.27,19.12,10.3
US-Oho,-83.8438,41.5545,2014,7,9,26.05,16.05,14.9,3.83,25.13,0.11
US-Oho,-83.8438,41.5545,2014,7,10,27,14.61,13.53,2.35,27.31,0
US-Oho,-83.8438,41.5545,2014,7,11,28.64,15.26,14.08,1.89,26.98,0
US-Oho,-83.8438,41.5545,2014,7,12,29.64,18.28,16.71,4.36,21.27,1.06
US-Oho,-83.8438,41.5545,2014,7,13,30.59,20.18,18.72,5.17,22.12,1.31
US-Oho,-83.8438,41.5545,2014,7,14,30.08,17.65,16.58,3.6,23.82,0.19
US-Oho,-83.8438,41.5545,2014,7,15,22.84,13.79,11.42,5.67,21.87,0.02
US-Oho,-83.8438,41.5545,2014,7,16,22.89,11.35,10.48,3.55,16.35,0.06
US-Oho,-83.8438,41.5545,2014,7,17,26.24,12.15,9.86,1.69,26.06,0
US-Oho,-83.8438,41.5545,2014,7,18,26.93,15.58,11.21,2.11,19.99,0.09
US-Oho,-83.8438,41.5545,2014,7,19,25.97,16.09,15.18,1.72,11.54,1.21
US-Oho,-83.8438,41.5545,2014,7,20,29.39,16.05,15.15,1.89,22.91,0
US-Oho,-83.8438,41.5545,2014,7,21,31.4,16.94,14.82,1.79,25.22,0.03
US-Oho,-83.8438,41.5545,2014,7,22,33.68,18.67,17.41,4.1,26.44,0
US-Oho,-83.8438,41.5545,2014,7,23,28.03,17.15,16.59,4.75,9.34,7.39
US-Oho,-83.8438,41.5545,2014,7,24,26.22,13.73,10.66,3.7,26.43,0.02
US-Oho,-83.8438,41.5545,2014,7,25,27.84,12.9,11.57,3.49,23.23,0.18
US-Oho,-83.8438,41.5545,2014,7,26,29.68,16.27,17.55,4.19,17.46,1.25
US-Oho,-83.8438,41.5545,2014,7,27,30.55,18.04,19.01,3.58,15.5,5.13
US-Oho,-83.8438,41.5545,2014,7,28,24.11,13.26,12.32,5.27,17.94,0.49
US-Oho,-83.8438,41.5545,2014,7,29,23.94,10.55,11.07,2.8,19.29,1.02
US-Oho,-83.8438,41.5545,2014,7,30,25.74,12.4,12.28,2.48,21.5,1.83
US-Oho,-83.8438,41.5545,2014,7,31,28.65,12.28,12.24,3.35,24.1,0.03
US-Oho,-83.8438,41.5545,2014,8,1,29.32,16.01,13.82,2.18,21,1.07
US-Oho,-83.8438,41.5545,2014,8,2,24.7,17.73,15,1.67,11.67,1.29
US-Oho,-83.8438,41.5545,2014,8,3,31.17,15.68,13.44,2.09,23.36,0.03
US-Oho,-83.8438,41.5545,2014,8,4,30.78,16.16,13.67,1.96,21.27,1.39
US-Oho,-83.8438,41.5545,2014,8,5,26.85,17.87,16.14,1.8,11.61,3.76
US-Oho,-83.8438,41.5545,2014,8,6,28.3,17.59,14.32,2.95,21.66,0.21
US-Oho,-83.8438,41.5545,2014,8,7,29.9,16.46,11.62,2.14,25.97,0
US-Oho,-83.8438,41.5545,2014,8,8,29.18,15.51,12.33,3.5,25.18,0
US-Oho,-83.8438,41.5545,2014,8,9,29.28,15.93,13.18,3.88,24.62,0
US-Oho,-83.8438,41.5545,2014,8,10,32.2,16.82,16.51,3.5,24.6,1.37
US-Oho,-83.8438,41.5545,2014,8,11,26.39,18.43,19.92,3.6,5.23,43.65
US-Oho,-83.8438,41.5545,2014,8,12,25.22,15.64,16.91,5.15,17.17,2.1
US-Oho,-83.8438,41.5545,2014,8,13,26.11,13.42,12.47,4.51,25.06,0.05
US-Oho,-83.8438,41.5545,2014,8,14,23.05,11.71,8.04,4.22,27.39,0
US-Oho,-83.8438,41.5545,2014,8,15,24.88,8.6,7.06,2.81,26.49,0
US-Oho,-83.8438,41.5545,2014,8,16,29.19,9.93,12.07,4.36,21.22,0.37
US-Oho,-83.8438,41.5545,2014,8,17,28.36,18.38,17.92,2.91,13.9,0.52
US-Oho,-83.8438,41.5545,2014,8,18,29.08,17.87,16.12,3.69,21.02,0.08
US-Oho,-83.8438,41.5545,2014,8,19,29.44,17.17,19.17,3.86,18.74,9.68
US-Oho,-83.8438,41.5545,2014,8,20,29.9,19.79,18.58,3.23,20.54,1.29
US-Oho,-83.8438,41.5545,2014,8,21,27.24,20.16,20.55,2.13,12.46,2.14
US-Oho,-83.8438,41.5545,2014,8,22,30.77,21.56,21.27,2.06,13.47,1.02
US-Oho,-83.8438,41.5545,2014,8,23,30.66,19.13,18.19,3.24,16.95,0.01
US-Oho,-83.8438,41.5545,2014,8,24,29.38,18.86,18.7,3.1,16.65,0
US-Oho,-83.8438,41.5545,2014,8,25,33.02,20.05,19.12,1.68,21.25,0.31
US-Oho,-83.8438,41.5545,2014,8,26,30.7,20.79,21.35,3.34,20.15,0.33
US-Oho,-83.8438,41.5545,2014,8,27,29.11,19.16,15.8,2.98,18.29,0.01
US-Oho,-83.8438,41.5545,2014,8,28,27.34,15.81,12.34,3.11,19.88,0
US-Oho,-83.8438,41.5545,2014,8,29,30.9,14.23,14,3.57,19.38,0
US-Oho,-83.8438,41.5545,2014,8,30,30.93,20.15,18.43,6.91,15.44,0.3
US-Oho,-83.8438,41.5545,2014,8,31,30.38,21.55,19.91,4.05,15.34,0.74
US-Oho,-83.8438,41.5545,2014,9,1,31.35,20.23,20.23,6.12,15.07,3.15
US-Oho,-83.8438,41.5545,2014,9,2,28.11,19.73,17.92,3.25,11.14,5.25
US-Oho,-83.8438,41.5545,2014,9,3,30.65,16.83,14.32,1.82,21.3,0.01
US-Oho,-83.8438,41.5545,2014,9,4,31.5,16.77,16.2,4.45,20.21,0.07
US-Oho,-83.8438,41.5545,2014,9,5,32,21.87,21.37,5.59,19.97,14.4
US-Oho,-83.8438,41.5545,2014,9,6,24.67,14.26,13.61,3.52,13.38,2.73
US-Oho,-83.8438,41.5545,2014,9,7,25.9,11.68,10.1,2.36,22.23,0
US-Oho,-83.8438,41.5545,2014,9,8,27.76,12,11.42,3.05,22.73,0
US-Oho,-83.8438,41.5545,2014,9,9,27.44,15.02,12.33,2.24,12.24,0.19
US-Oho,-83.8438,41.5545,2014,9,10,25.68,17.19,18.76,7.22,3.41,64.51
US-Oho,-83.8438,41.5545,2014,9,11,19.06,12.14,11.09,4.93,12.03,0.93
US-Oho,-83.8438,41.5545,2014,9,12,17.11,12.13,10.34,2.48,7.85,0.47
US-Oho,-83.8438,41.5545,2014,9,13,17.54,8.23,7.75,4.33,16.79,1.42
US-Oho,-83.8438,41.5545,2014,9,14,18.99,8.38,7.06,1.4,17.27,0.02
US-Oho,-83.8438,41.5545,2014,9,15,19.6,8.26,9.11,2.43,6.44,4.86
US-Oho,-83.8438,41.5545,2014,9,16,19.32,8.37,7.93,2.61,18.23,0.06
US-Oho,-83.8438,41.5545,2014,9,17,20.21,7.09,6.95,1.86,20.09,0
US-Oho,-83.8438,41.5545,2014,9,18,21.57,7.5,9.54,3.06,19.95,0
US-Oho,-83.8438,41.5545,2014,9,19,21.73,8.54,8.8,2.83,20.49,0
US-Oho,-83.8438,41.5545,2014,9,20,26.6,10.86,12.45,6.29,17.26,4.73
US-Oho,-83.8438,41.5545,2014,9,21,20.14,10.12,12.73,7.32,14.17,7.15
US-Oho,-83.8438,41.5545,2014,9,22,18.35,7.38,5.01,3.62,19.97,0
US-Oho,-83.8438,41.5545,2014,9,23,21.78,8.26,7.87,1.52,19.68,0
US-Oho,-83.8438,41.5545,2014,9,24,24.84,7.95,9.12,2.98,20.14,0
US-Oho,-83.8438,41.5545,2014,9,25,24.58,8.09,9.46,2.63,18.87,0
US-Oho,-83.8438,41.5545,2014,9,26,25.27,10.6,12.59,2.44,18.42,0
US-Oho,-83.8438,41.5545,2014,9,27,25.18,10.89,12.86,2.82,18.28,0
US-Oho,-83.8438,41.5545,2014,9,28,24.5,12.69,12.93,1.26,16.98,0
US-Oho,-83.8438,41.5545,2014,9,29,26.38,13.33,10.76,1.5,18.38,0.07
US-Oho,-83.8438,41.5545,2014,9,30,19.13,10.4,9.68,3.7,5.76,2.77
US-Oho,-83.8438,41.5545,2014,10,1,20.38,10.33,11.35,2.38,13.24,1.31
US-Oho,-83.8438,41.5545,2014,10,2,23.23,10.55,13.37,4.15,10.04,2.19
US-Oho,-83.8438,41.5545,2014,10,3,20.72,6.82,12.2,7.91,6.95,16.57
US-Oho,-83.8438,41.5545,2014,10,4,8.85,5.01,1.53,7.71,8.98,0.99
US-Oho,-83.8438,41.5545,2014,10,5,13.01,2.66,2.16,5.95,10.26,0.1
US-Oho,-83.8438,41.5545,2014,10,6,16.85,4.62,7.71,4.92,6.49,2.33
US-Oho,-83.8438,41.5545,2014,10,7,17.48,5.62,9.2,4.98,5.29,5.01
US-Oho,-83.8438,41.5545,2014,10,8,17.08,7.34,5.35,5.76,15.13,0
US-Oho,-83.8438,41.5545,2014,10,9,16.15,5.17,4.53,3.33,11.62,0.01
US-Oho,-83.8438,41.5545,2014,10,10,15.12,4.33,4.43,3.47,11.81,0
US-Oho,-83.8438,41.5545,2014,10,11,14.79,4.25,2.95,3.61,15.79,0
US-Oho,-83.8438,41.5545,2014,10,12,18.91,0.75,5.54,3.66,16.35,0.09
US-Oho,-83.8438,41.5545,2014,10,13,22.64,11.96,15.67,5.26,7.7,3.89
US-Oho,-83.8438,41.5545,2014,10,14,22.22,11.56,15.76,6.16,5.2,8.3
US-Oho,-83.8438,41.5545,2014,10,15,19.03,10.5,11.52,3,7.42,2.6
US-Oho,-83.8438,41.5545,2014,10,16,17.94,8.89,11.22,2.64,8.57,0.85
US-Oho,-83.8438,41.5545,2014,10,17,20,9.1,10.36,7.21,10.18,1.79
US-Oho,-83.8438,41.5545,2014,10,18,10.68,2.8,4,5.82,4.88,0.24
US-Oho,-83.8438,41.5545,2014,10,19,11.7,0.01,0.34,3.25,13.48,0.02
US-Oho,-83.8438,41.5545,2014,10,20,14.31,6.34,7.61,4.74,5.1,2.43
US-Oho,-83.8438,41.5545,2014,10,21,12.39,4.14,4.76,5.64,3.3,0.19
US-Oho,-83.8438,41.5545,2014,10,22,14.26,3.57,4.16,3.81,7.09,0
US-Oho,-83.8438,41.5545,2014,10,23,14.7,2.81,3.65,1.95,13.62,0
US-Oho,-83.8438,41.5545,2014,10,24,17.82,3.68,7.02,2.91,9.28,0
US-Oho,-83.8438,41.5545,2014,10,25,21.55,7.93,8.22,6.17,12.16,0
US-Oho,-83.8438,41.5545,2014,10,26,16.64,3.13,2.54,3.69,14.69,0
US-Oho,-83.8438,41.5545,2014,10,27,25.06,5.59,9.49,6.01,11.12,0.41
US-Oho,-83.8438,41.5545,2014,10,28,18.64,8.35,10.3,6.57,3.92,2.94
US-Oho,-83.8438,41.5545,2014,10,29,10.91,2.97,3.08,5.05,6.58,0.01
US-Oho,-83.8438,41.5545,2014,10,30,9.82,1.84,2.23,1.92,8.65,0.04
US-Oho,-83.8438,41.5545,2014,10,31,6.23,1.67,2.15,6.92,3.35,6.1
US-Oho,-83.8438,41.5545,2014,11,1,6.42,-3.31,-3.05,7.68,9.03,0.08
US-Oho,-83.8438,41.5545,2014,11,2,8.24,-4.4,-4.66,3.16,13.39,0
US-Oho,-83.8438,41.5545,2014,11,3,16.69,2.15,0.69,6.48,10.77,0
US-Oho,-83.8438,41.5545,2014,11,4,12.77,5.3,5.8,7.48,3.32,3.24
US-Oho,-83.8438,41.5545,2014,11,5,15.18,2.69,3.25,4.52,12.52,0
US-Oho,-83.8438,41.5545,2014,11,6,9.89,2.2,4.88,4.85,2.6,4.84
US-Oho,-83.8438,41.5545,2014,11,7,7.21,-1.95,-2.48,4.1,9.45,0.01
US-Oho,-83.8438,41.5545,2014,11,8,8.64,0.16,0.06,5.7,3.33,0.23
US-Oho,-83.8438,41.5545,2014,11,9,9.4,-0.84,-1,5.01,6,0.02
US-Oho,-83.8438,41.5545,2014,11,10,15.07,1.18,1.49,5.24,10.37,0
US-Oho,-83.8438,41.5545,2014,11,11,18.52,1.98,5.64,7.78,9.12,1.31
US-Oho,-83.8438,41.5545,2014,11,12,4.47,-1.78,-4.39,4.85,4.27,0
US-Oho,-83.8438,41.5545,2014,11,13,0.83,-4.64,-5.74,4.63,5.78,0.05
US-Oho,-83.8438,41.5545,2014,11,14,1.11,-4.85,-6.12,4.18,7.8,0.01
US-Oho,-83.8438,41.5545,2014,11,15,1.71,-5.45,-6.8,2.96,9.48,0.01
US-Oho,-83.8438,41.5545,2014,11,16,1.51,-3.08,-4.09,2.77,3.83,3
US-Oho,-83.8438,41.5545,2014,11,17,-1.59,-9.37,-8.36,7.43,4.17,1.26
US-Oho,-83.8438,41.5545,2014,11,18,-7.21,-11.59,-14.29,9.4,5.99,0.03
US-Oho,-83.8438,41.5545,2014,11,19,1.26,-11.17,-8.56,8.38,3.1,0.4
US-Oho,-83.8438,41.5545,2014,11,20,-2.7,-7.6,-9.67,7.65,6.36,0.01
US-Oho,-83.8438,41.5545,2014,11,21,-2.14,-10.8,-10.55,3.09,7.16,0
US-Oho,-83.8438,41.5545,2014,11,22,6.74,-7.7,0.02,7.95,3.81,3.27
US-Oho,-83.8438,41.5545,2014,11,23,12.66,3.3,6.39,6.66,5.11,17.51
US-Oho,-83.8438,41.5545,2014,11,24,15.16,-0.59,4.13,12.38,4.25,4.69
US-Oho,-83.8438,41.5545,2014,11,25,0.21,-4.02,-5.66,5.62,2.53,0.04
US-Oho,-83.8438,41.5545,2014,11,26,1.93,-4.54,-4.49,2.34,3.53,0
US-Oho,-83.8438,41.5545,2014,11,27,1.03,-4.76,-4.88,4.92,5.48,0.14
US-Oho,-83.8438,41.5545,2014,11,28,-0.89,-6.19,-8.15,3.83,5.44,0.06
US-Oho,-83.8438,41.5545,2014,11,29,6.64,-2.03,0.26,6.63,7.51,0.01
US-Oho,-83.8438,41.5545,2014,11,30,17.53,2.43,8.53,7.76,3.34,0.6
US-Oho,-83.8438,41.5545,2014,12,1,1.29,-4.95,-7.36,5.32,5.36,0
US-Oho,-83.8438,41.5545,2014,12,2,2.06,-4.89,-4.7,3.94,2.99,0
US-Oho,-83.8438,41.5545,2014,12,3,3.84,-3.91,-3.72,6.18,8.34,0
US-Oho,-83.8438,41.5545,2014,12,4,1.01,-4.35,-5.29,2.52,6.26,0
US-Oho,-83.8438,41.5545,2014,12,5,1.82,-1.6,-1.53,2.2,3.17,2.53
US-Oho,-83.8438,41.5545,2014,12,6,4.68,-3.54,-2.06,5.87,4.1,2.01
US-Oho,-83.8438,41.5545,2014,12,7,2.96,-4.15,-4.58,4.4,7.21,0
US-Oho,-83.8438,41.5545,2014,12,8,4.8,-1,-1.59,4.68,5.17,2.07
US-Oho,-83.8438,41.5545,2014,12,9,4.77,-1.81,-0.09,4.35,2.67,0.3
US-Oho,-83.8438,41.5545,2014,12,10,-0.12,-5.2,-5.2,5.1,3.61,0.01
US-Oho,-83.8438,41.5545,2014,12,11,3.18,-7.82,-6.08,5.87,7.57,0
US-Oho,-83.8438,41.5545,2014,12,12,3.76,-4.78,-3.2,4.37,5,0
US-Oho,-83.8438,41.5545,2014,12,13,3.6,-1.2,1.2,4.83,2.42,0
US-Oho,-83.8438,41.5545,2014,12,14,5.99,2.57,3.86,3.71,3,0
US-Oho,-83.8438,41.5545,2014,12,15,10.25,2.82,4.28,3.74,6.53,3.39
US-Oho,-83.8438,41.5545,2014,12,16,6.75,1.71,4.15,5.66,2.47,4.42
US-Oho,-83.8438,41.5545,2014,12,17,1.18,-4.07,-4.56,6.96,2.16,0
US-Oho,-83.8438,41.5545,2014,12,18,0.45,-3.92,-4.22,4.19,3.29,0.01
US-Oho,-83.8438,41.5545,2014,12,19,1.41,-2.8,-4.29,1.64,2.51,0
US-Oho,-83.8438,41.5545,2014,12,20,0.74,-2.63,-4.74,0.66,2.83,0
US-Oho,-83.8438,41.5545,2014,12,21,2.3,-2.67,-4.24,2.36,6.1,0
US-Oho,-83.8438,41.5545,2014,12,22,3.45,-3.46,-1.33,4.03,5.48,0.84
US-Oho,-83.8438,41.5545,2014,12,23,8.53,1.75,5.09,3.26,3.42,2.43
US-Oho,-83.8438,41.5545,2014,12,24,9.88,0.33,3.76,4.79,1.8,10.25
US-Oho,-83.8438,41.5545,2014,12,25,4.67,-1.89,-1.24,6.74,2.85,0.25
US-Oho,-83.8438,41.5545,2014,12,26,8.99,-1.71,1.16,5.56,8.14,0
US-Oho,-83.8438,41.5545,2014,12,27,10.94,1.64,4.67,7,3.26,3.67
US-Oho,-83.8438,41.5545,2014,12,28,2.17,-4.77,-3.25,3.64,3.81,0.4
US-Oho,-83.8438,41.5545,2014,12,29,0.66,-5.24,-6.66,2.98,6.86,0
US-Oho,-83.8438,41.5545,2014,12,30,-3.51,-8.38,-10.42,4.78,7.74,0
US-Oho,-83.8438,41.5545,2014,12,31,-5.99,-11.65,-13.77,7.41,9.41,0
US-Oho,-83.8438,41.5545,2015,1,1,-1.09,-9.99,-10.17,8.73,8.61,0
US-Oho,-83.8438,41.5545,2015,1,2,2.14,-5.48,-4.76,3.19,7.48,0.01
US-Oho,-83.8438,41.5545,2015,1,3,3.65,-1.71,0.7,3.79,1.51,14.3
US-Oho,-83.8438,41.5545,2015,1,4,3.58,-6.13,-2,7.56,2.68,8.55
US-Oho,-83.8438,41.5545,2015,1,5,-7.04,-12.71,-16.66,7.4,4.61,0.93
US-Oho,-83.8438,41.5545,2015,1,6,-7.05,-12.39,-13.68,6.42,6.15,1.66
US-Oho,-83.8438,41.5545,2015,1,7,-9.97,-15.68,-16.42,8.15,5.54,0.31
US-Oho,-83.8438,41.5545,2015,1,8,-9.38,-20.78,-18.01,10.05,4.59,1.35
US-Oho,-83.8438,41.5545,2015,1,9,-8.35,-15.03,-14.91,9.78,6.72,0.12
US-Oho,-83.8438,41.5545,2015,1,10,-9.22,-18.27,-16.44,6.55,6.57,0.02
US-Oho,-83.8438,41.5545,2015,1,11,0.15,-9.7,-7.17,5.1,2.71,3.87
US-Oho,-83.8438,41.5545,2015,1,12,-0.49,-14.66,-6.58,5.13,2.46,3.02
US-Oho,-83.8438,41.5545,2015,1,13,-9.48,-18.24,-16.27,4.97,6.52,0.02
US-Oho,-83.8438,41.5545,2015,1,14,-7.84,-15.94,-14.65,2.25,9.04,0.1
US-Oho,-83.8438,41.5545,2015,1,15,-1.37,-15.31,-9.74,5.86,7.51,0
US-Oho,-83.8438,41.5545,2015,1,16,-0.64,-9.59,-7.38,4.6,4.23,0
US-Oho,-83.8438,41.5545,2015,1,17,5.45,-10.4,-3.29,8.13,7.13,0.02
US-Oho,-83.8438,41.5545,2015,1,18,4.05,-2.09,-1.03,6.51,5.23,0.21
US-Oho,-83.8438,41.5545,2015,1,19,3.6,-3.06,-1.83,2.8,7.42,0.01
US-Oho,-83.8438,41.5545,2015,1,20,1.89,-3.05,-3.28,3.93,2.98,1.33
US-Oho,-83.8438,41.5545,2015,1,21,0.21,-5.62,-4.27,3.04,2.22,3.8
US-Oho,-83.8438,41.5545,2015,1,22,-0.03,-7.64,-6.43,2.25,3.38,0.04
US-Oho,-83.8438,41.5545,2015,1,23,0.76,-8.07,-6.48,3.51,4.99,0
US-Oho,-83.8438,41.5545,2015,1,24,1.7,-6.52,-3.05,5.04,3.13,0.06
US-Oho,-83.8438,41.5545,2015,1,25,-0.79,-7.33,-6.13,7.03,2.71,2.37
US-Oho,-83.8438,41.5545,2015,1,26,-4.79,-13.93,-11.99,3.73,9.04,0.05
US-Oho,-83.8438,41.5545,2015,1,27,-3.09,-12.52,-11.24,3.64,10.3,0.01
US-Oho,-83.8438,41.5545,2015,1,28,-1.89,-13.25,-10.83,3.22,10.42,0
US-Oho,-83.8438,41.5545,2015,1,29,2.46,-4.31,-2.64,7.23,3.05,1.33
US-Oho,-83.8438,41.5545,2015,1,30,-4.77,-9.84,-12.11,5.76,7.71,0.41
US-Oho,-83.8438,41.5545,2015,1,31,1.58,-11.59,-7.52,4.47,10.77,0.41
US-Oho,-83.8438,41.5545,2015,2,1,-0.65,-8.22,-3.88,5.84,3.39,15.29
US-Oho,-83.8438,41.5545,2015,2,2,-9.31,-15.29,-13.76,6.92,12.34,0.89
US-Oho,-83.8438,41.5545,2015,2,3,-3.23,-18.1,-9.65,5.1,5.63,1.92
US-Oho,-83.8438,41.5545,2015,2,4,0.19,-12.42,-4.88,5.41,4.04,3.48
US-Oho,-83.8438,41.5545,2015,2,5,-8.99,-22.59,-16.6,3.84,12.27,0.01
US-Oho,-83.8438,41.5545,2015,2,6,-3.51,-16.23,-10.87,5.08,8.87,0
US-Oho,-83.8438,41.5545,2015,2,7,3.03,-6.69,-1.71,4.18,8.27,0
US-Oho,-83.8438,41.5545,2015,2,8,2.86,-4.63,0.14,5.05,5.37,0.59
US-Oho,-83.8438,41.5545,2015,2,9,-3.77,-8.43,-9.23,5.73,3.4,0.05
US-Oho,-83.8438,41.5545,2015,2,10,-3.06,-13.58,-11.13,3.71,10.3,0
US-Oho,-83.8438,41.5545,2015,2,11,1.67,-9.69,-5.41,5,4.65,0.43
US-Oho,-83.8438,41.5545,2015,2,12,-3.55,-16,-14.01,6.9,13.44,0.03
US-Oho,-83.8438,41.5545,2015,2,13,-4.58,-16.55,-13.17,4.52,12.15,0.1
US-Oho,-83.8438,41.5545,2015,2,14,-3.82,-18.18,-13.33,9.65,10.86,1.1
US-Oho,-83.8438,41.5545,2015,2,15,-13.66,-23.8,-22.09,4.48,13.23,0
US-Oho,-83.8438,41.5545,2015,2,16,-11.98,-17.86,-18.19,3.03,7.81,0
US-Oho,-83.8438,41.5545,2015,2,17,-5.13,-18.61,-13.87,4.13,11.92,0.26
US-Oho,-83.8438,41.5545,2015,2,18,-9.73,-16.11,-15.13,7,14.3,0.1
US-Oho,-83.8438,41.5545,2015,2,19,-14.25,-21.07,-19.36,5.2,14.62,0.04
US-Oho,-83.8438,41.5545,2015,2,20,-9.23,-22.39,-18.07,4.2,15.17,0.04
US-Oho,-83.8438,41.5545,2015,2,21,-3.04,-9.84,-8.45,2.24,7.68,3.09
US-Oho,-83.8438,41.5545,2015,2,22,-0.74,-14.4,-9.67,4.91,6.74,0.05
US-Oho,-83.8438,41.5545,2015,2,23,-9.49,-20.88,-18.49,3.57,16.51,0.01
US-Oho,-83.8438,41.5545,2015,2,24,-4.98,-19.14,-12.89,8.94,7.38,0
US-Oho,-83.8438,41.5545,2015,2,25,-3.61,-13.58,-11.59,3.7,16.38,0
US-Oho,-83.8438,41.5545,2015,2,26,-8.52,-12.95,-13.96,4.97,13.16,0.34
US-Oho,-83.8438,41.5545,2015,2,27,-7.27,-15.95,-15.39,2.3,16.55,0
US-Oho,-83.8438,41.5545,2015,2,28,-4.42,-17.02,-13.87,2.38,16.59,1.12
US-Oho,-83.8438,41.5545,2015,3,1,-2.71,-9.08,-7.66,2.51,4.07,5.37
US-Oho,-83.8438,41.5545,2015,3,2,-0.04,-12.5,-8.99,3.88,17.25,0.01
US-Oho,-83.8438,41.5545,2015,3,3,1.63,-8.01,-3.56,6.01,2.94,2.79
US-Oho,-83.8438,41.5545,2015,3,4,1.89,-8.77,-7.19,5.41,4.84,0.02
US-Oho,-83.8438,41.5545,2015,3,5,-5.49,-13.35,-14.79,3.98,14.32,0
US-Oho,-83.8438,41.5545,2015,3,6,-3.16,-16.3,-12.29,5.39,17.6,0
US-Oho,-83.8438,41.5545,2015,3,7,5.69,-7.91,-2.9,6.18,14.16,0
US-Oho,-83.8438,41.5545,2015,3,8,6.89,-2.93,-2.04,4.48,16.3,0.04
US-Oho,-83.8438,41.5545,2015,3,9,10.37,-1.65,-1.33,2.43,17.62,0
US-Oho,-83.8438,41.5545,2015,3,10,10.33,0.55,3.84,2.49,7.17,0.41
US-Oho,-83.8438,41.5545,2015,3,11,13.69,-1.16,0.68,3.62,16.05,0.12
US-Oho,-83.8438,41.5545,2015,3,12,11.35,-3.28,-4.06,4.85,17.76,0
US-Oho,-83.8438,41.5545,2015,3,13,10.91,-1.74,3.53,3.59,8.56,2.63
US-Oho,-83.8438,41.5545,2015,3,14,13.69,-0.62,3.63,6,15.21,2.12
US-Oho,-83.8438,41.5545,2015,3,15,12.41,-2.57,0.59,3.74,19.18,0.02
US-Oho,-83.8438,41.5545,2015,3,16,19.28,4.46,8.61,5.61,10.19,0.01
US-Oho,-83.8438,41.5545,2015,3,17,10.11,-5.05,-4.27,7.28,19.98,0
US-Oho,-83.8438,41.5545,2015,3,18,9.48,-5.21,-5.2,4.47,19.96,0
US-Oho,-83.8438,41.5545,2015,3,19,6.94,-2.78,-6.18,4.5,14.31,0
US-Oho,-83.8438,41.5545,2015,3,20,10.47,-1.59,0.02,2.65,11.75,0.03
US-Oho,-83.8438,41.5545,2015,3,21,11.8,-3.44,0.2,5.74,9.21,0.01
US-Oho,-83.8438,41.5545,2015,3,22,3.73,-4.87,-8.09,3.49,18.55,0
US-Oho,-83.8438,41.5545,2015,3,23,0.8,-5.23,-7.7,4.14,8.2,0.59
US-Oho,-83.8438,41.5545,2015,3,24,4.85,-5.84,-7.94,4.73,20.89,0
US-Oho,-83.8438,41.5545,2015,3,25,9.84,-2.37,3.47,6.93,7.37,5.49
US-Oho,-83.8438,41.5545,2015,3,26,6.57,-3.03,-0.63,3.98,8.52,10.42
US-Oho,-83.8438,41.5545,2015,3,27,-0.64,-8.53,-9.38,5.05,10.66,0.06
US-Oho,-83.8438,41.5545,2015,3,28,1.96,-9.16,-10.87,3.6,21.19,0
US-Oho,-83.8438,41.5545,2015,3,29,6.49,-5.17,-4.63,8.13,17.17,0.11
US-Oho,-83.8438,41.5545,2015,3,30,12.76,-0.9,0.41,6.27,21.7,1.05
US-Oho,-83.8438,41.5545,2015,3,31,9.07,-0.3,2.12,4.47,8.42,0.41
US-Oho,-83.8438,41.5545,2015,4,1,17.21,-0.57,2.84,4.45,22.98,0.05
US-Oho,-83.8438,41.5545,2015,4,2,19.28,4.2,8.07,7.76,7.26,6.71
US-Oho,-83.8438,41.5545,2015,4,3,16.56,-0.15,4.26,4.63,9.11,2.26
US-Oho,-83.8438,41.5545,2015,4,4,11.39,-5.86,-4.73,6.05,22.49,0
US-Oho,-83.8438,41.5545,2015,4,5,17.38,1.21,1.14,5.82,20.66,0
US-Oho,-83.8438,41.5545,2015,4,6,16.64,1.34,7.03,3,8.7,1.75
US-Oho,-83.8438,41.5545,2015,4,7,9.18,2.94,5.18,6.12,4.86,8.23
US-Oho,-83.8438,41.5545,2015,4,8,19.04,2.15,7.52,3.94,7.72,1.15
US-Oho,-83.8438,41.5545,2015,4,9,20.46,5.48,13.35,6.25,6.18,18.88
US-Oho,-83.8438,41.5545,2015,4,10,18.77,4.01,5.71,10.09,18.28,2.79
US-Oho,-83.8438,41.5545,2015,4,11,16.26,-0.76,2.18,3.86,23.95,0.02
US-Oho,-83.8438,41.5545,2015,4,12,17.01,1.68,3.61,3.71,21.01,0
US-Oho,-83.8438,41.5545,2015,4,13,23.43,7.5,8.37,7.1,12.75,2.75
US-Oho,-83.8438,41.5545,2015,4,14,14.99,4.8,2.27,2.31,14.82,0
US-Oho,-83.8438,41.5545,2015,4,15,16.33,2.59,0.03,5.48,23.04,0
US-Oho,-83.8438,41.5545,2015,4,16,19.16,3.71,9.83,4.25,8.69,0.4
US-Oho,-83.8438,41.5545,2015,4,17,23.38,6.46,7.74,2.25,24.04,0.02
US-Oho,-83.8438,41.5545,2015,4,18,24.79,7.37,7,4.66,19.3,0.01
US-Oho,-83.8438,41.5545,2015,4,19,19.13,5.88,9.07,8.18,12.37,13.88
US-Oho,-83.8438,41.5545,2015,4,20,16.72,5.87,8.43,10,11.23,3.38
US-Oho,-83.8438,41.5545,2015,4,21,13.51,2.77,-0.28,9.13,20.07,0.16
US-Oho,-83.8438,41.5545,2015,4,22,7.12,0.69,-2,7.01,10.55,0.04
US-Oho,-83.8438,41.5545,2015,4,23,7.78,-1.79,-3.01,5.69,13.96,0.01
US-Oho,-83.8438,41.5545,2015,4,24,15.07,-2.89,-1.11,2.47,26.93,1.12
US-Oho,-83.8438,41.5545,2015,4,25,13.03,1.82,1.42,5.49,11.15,1.53
US-Oho,-83.8438,41.5545,2015,4,26,14.77,-0.14,1.48,4.72,26.78,0
US-Oho,-83.8438,41.5545,2015,4,27,12.44,1.2,2.49,4.1,9.86,0
US-Oho,-83.8438,41.5545,2015,4,28,17.28,1.14,3.41,2.5,27.54,0
US-Oho,-83.8438,41.5545,2015,4,29,18.81,4.86,6.41,2.6,22.05,1.89
US-Oho,-83.8438,41.5545,2015,4,30,13.41,5.22,5.82,4.16,10.61,3.54
US-Oho,-83.8438,41.5545,2015,5,1,22.43,4.89,7.59,3.49,26.18,0.01
US-Oho,-83.8438,41.5545,2015,5,2,23.32,8.09,8.39,3.17,27.56,0
US-Oho,-83.8438,41.5545,2015,5,3,25.21,9.33,10.55,4.79,24.83,0.01
US-Oho,-83.8438,41.5545,2015,5,4,23,13.75,15.23,4.52,11.1,1.52
US-Oho,-83.8438,41.5545,2015,5,5,20.75,10.91,12.19,4.27,10.22,7.1
US-Oho,-83.8438,41.5545,2015,5,6,23.86,10.69,13.3,3.14,19.47,0.28
US-Oho,-83.8438,41.5545,2015,5,7,29.39,11.04,14.38,2.72,24.19,0
US-Oho,-83.8438,41.5545,2015,5,8,28.34,15.53,17.3,3.38,22.51,0.79
US-Oho,-83.8438,41.5545,2015,5,9,28.36,17.15,18.38,3.93,17.59,4.1
US-Oho,-83.8438,41.5545,2015,5,10,26.8,16.96,18.57,3.74,15.86,5.07
US-Oho,-83.8438,41.5545,2015,5,11,27.63,13.46,17.17,6.47,16.84,5.71
US-Oho,-83.8438,41.5545,2015,5,12,16.22,8.04,6.52,7.66,11.24,0
US-Oho,-83.8438,41.5545,2015,5,13,15.8,4.84,4.56,4.21,22.31,0
US-Oho,-83.8438,41.5545,2015,5,14,18.53,5,5.71,3.59,19.28,0.76
US-Oho,-83.8438,41.5545,2015,5,15,26.51,10.05,15.56,5.13,17.05,5.02
US-Oho,-83.8438,41.5545,2015,5,16,23.82,16.51,18.78,3.25,11.29,3.76
US-Oho,-83.8438,41.5545,2015,5,17,27.75,15.68,18.7,4.49,19.06,2.89
US-Oho,-83.8438,41.5545,2015,5,18,26.76,15.08,18.22,5.03,18.92,1.69
US-Oho,-83.8438,41.5545,2015,5,19,16.71,5.72,5.17,5.8,12.26,0
US-Oho,-83.8438,41.5545,2015,5,20,12.47,2.68,2.38,3.25,20.5,0.29
US-Oho,-83.8438,41.5545,2015,5,21,17.86,5.8,3.81,3.91,16.7,0.18
US-Oho,-83.8438,41.5545,2015,5,22,20.87,8.09,4.16,3.8,29.83,0.01
US-Oho,-83.8438,41.5545,2015,5,23,24.66,7.48,6.39,2.7,30.06,0
US-Oho,-83.8438,41.5545,2015,5,24,26.75,11.7,12.93,4.58,19.28,0
US-Oho,-83.8438,41.5545,2015,5,25,27.46,17.45,16.91,8.07,18.71,0.08
US-Oho,-83.8438,41.5545,2015,5,26,29.1,16.93,18.74,6.43,20,6.12
US-Oho,-83.8438,41.5545,2015,5,27,27.03,14.99,17.47,5.78,19.39,10.67
US-Oho,-83.8438,41.5545,2015,5,28,27.12,12.5,12.65,3.56,29.1,0
US-Oho,-83.8438,41.5545,2015,5,29,28.42,15.83,18.17,4.64,18.33,2.21
US-Oho,-83.8438,41.5545,2015,5,30,27.69,11.71,18.64,4.6,19.29,38.12
US-Oho,-83.8438,41.5545,2015,5,31,13.04,8.47,9.55,8.04,6.53,22.52
US-Oho,-83.8438,41.5545,2015,6,1,15.19,7.31,6.91,4.09,11.84,0.04
US-Oho,-83.8438,41.5545,2015,6,2,20.8,6.95,8.92,4.05,26.64,0
US-Oho,-83.8438,41.5545,2015,6,3,24.04,8.34,12.4,3.39,26.25,0
US-Oho,-83.8438,41.5545,2015,6,4,27.09,14.03,16.14,1.79,20.72,0.01
US-Oho,-83.8438,41.5545,2015,6,5,26.9,14.18,15.43,4.11,20.53,1.06
US-Oho,-83.8438,41.5545,2015,6,6,22.93,11.24,11.11,4.95,26.54,0.01
US-Oho,-83.8438,41.5545,2015,6,7,26.11,10.78,16.8,6.16,16.53,1.1
US-Oho,-83.8438,41.5545,2015,6,8,24.89,17.01,17.46,4.96,11.31,14.02
US-Oho,-83.8438,41.5545,2015,6,9,25.39,12.28,14.09,4.3,24.17,0.19
US-Oho,-83.8438,41.5545,2015,6,10,28.77,16.57,19.01,6.3,23.56,9.43
US-Oho,-83.8438,41.5545,2015,6,11,26.53,16.9,18.2,4.06,19.57,0.55
US-Oho,-83.8438,41.5545,2015,6,12,28.33,15.64,19.97,5.08,15.76,14.79
US-Oho,-83.8438,41.5545,2015,6,13,25.91,14.93,18.5,2.41,18.01,8.05
US-Oho,-83.8438,41.5545,2015,6,14,27.82,21.01,21.83,5.05,19.34,8.43
US-Oho,-83.8438,41.5545,2015,6,15,27.64,21.36,22.25,4.12,16.2,22.3
US-Oho,-83.8438,41.5545,2015,6,16,27.46,18.09,17.75,3.18,24.61,2.06
US-Oho,-83.8438,41.5545,2015,6,17,23.75,16.95,17.4,3.54,12.17,2.6
US-Oho,-83.8438,41.5545,2015,6,18,27.03,19.22,20.85,4.24,18.77,6.45
US-Oho,-83.8438,41.5545,2015,6,19,24.18,15.52,14.95,3.6,19.52,0.14
US-Oho,-83.8438,41.5545,2015,6,20,27.66,15.92,18.96,3.01,13.96,0.68
US-Oho,-83.8438,41.5545,2015,6,21,27.92,19.17,19.58,3.46,20.91,0.54
US-Oho,-83.8438,41.5545,2015,6,22,29.22,17.96,21.04,5.52,20.23,3.02
US-Oho,-83.8438,41.5545,2015,6,23,26.5,16.32,17.22,5.67,28.98,8.37
US-Oho,-83.8438,41.5545,2015,6,24,25.55,13.22,13.22,1.85,23.48,0.04
US-Oho,-83.8438,41.5545,2015,6,25,24.84,16.55,16.74,2.11,8.8,5.85
US-Oho,-83.8438,41.5545,2015,6,26,24.25,15.89,15.74,5.05,15.68,11.76
US-Oho,-83.8438,41.5545,2015,6,27,20.03,14.14,15.69,10.27,4.88,80.53
US-Oho,-83.8438,41.5545,2015,6,28,23.83,12.85,13.65,5.07,27.02,2.39
US-Oho,-83.8438,41.5545,2015,6,29,20.6,14.08,14.85,3.71,11.61,1.08
US-Oho,-83.8438,41.5545,2015,6,30,22.85,14.68,16.71,2.03,16,3.14
US-Oho,-83.8438,41.5545,2015,7,1,23.25,12.54,13.91,3.81,21.29,0.05
US-Oho,-83.8438,41.5545,2015,7,2,22.92,13.36,14.52,3.91,23.44,0.01
US-Oho,-83.8438,41.5545,2015,7,3,22.05,12.75,14.04,2.36,20.32,0
US-Oho,-83.8438,41.5545,2015,7,4,25.32,11.73,12.76,1.61,26.17,0
US-Oho,-83.8438,41.5545,2015,7,5,26.13,15.23,14.83,1.91,21.41,0
US-Oho,-83.8438,41.5545,2015,7,6,27.88,16.45,17.31,2.72,25.95,0.01
US-Oho,-83.8438,41.5545,2015,7,7,25.77,16.14,20.03,4.7,7.56,11.75
US-Oho,-83.8438,41.5545,2015,7,8,21.53,13.49,14.3,2.1,16.2,8.84
US-Oho,-83.8438,41.5545,2015,7,9,24.12,16.79,18.31,3.77,8.56,34.81
US-Oho,-83.8438,41.5545,2015,7,10,24.38,14.24,15.5,1.65,16.52,0.06
US-Oho,-83.8438,41.5545,2015,7,11,26.35,15.21,15.51,1.45,22.56,0
US-Oho,-83.8438,41.5545,2015,7,12,23.62,16.92,16.92,3.05,8.31,8.01
US-Oho,-83.8438,41.5545,2015,7,13,26.25,16.17,20.32,3.56,14.46,3.79
US-Oho,-83.8438,41.5545,2015,7,14,26.65,18.46,20.91,6.6,19.82,8.16
US-Oho,-83.8438,41.5545,2015,7,15,23.29,14.29,13.39,4.35,26.93,0.06
US-Oho,-83.8438,41.5545,2015,7,16,24.43,13.78,13.87,2.57,22.7,0.01
US-Oho,-83.8438,41.5545,2015,7,17,28.09,17.12,22.19,5.51,16.02,9.3
US-Oho,-83.8438,41.5545,2015,7,18,29.49,22.47,23.93,3.63,19.37,6.87
US-Oho,-83.8438,41.5545,2015,7,19,29.61,17.92,22.84,3.69,18.12,4.52
US-Oho,-83.8438,41.5545,2015,7,20,27.74,14.92,17.94,2.74,26.59,0.02
US-Oho,-83.8438,41.5545,2015,7,21,25.97,15.35,16.71,4.02,26.82,0.03
US-Oho,-83.8438,41.5545,2015,7,22,25.44,13.23,14.95,2.45,24.51,0.02
US-Oho,-83.8438,41.5545,2015,7,23,27.06,14.78,15.37,1.82,26.57,0
US-Oho,-83.8438,41.5545,2015,7,24,28.6,16.1,17.47,2.14,26.75,0.04
US-Oho,-83.8438,41.5545,2015,7,25,28.25,18.62,19.95,3.88,23.28,1.88
US-Oho,-83.8438,41.5545,2015,7,26,28.78,19.16,20.25,2.65,19.7,0.3
US-Oho,-83.8438,41.5545,2015,7,27,28.43,17.35,18.3,2.82,27.24,0.47
US-Oho,-83.8438,41.5545,2015,7,28,29.89,17.81,19.38,2.52,26.2,0
US-Oho,-83.8438,41.5545,2015,7,29,30.63,17.49,20.24,3.36,18.03,11.36
US-Oho,-83.8438,41.5545,2015,7,30,27.53,15.97,16.75,4.23,28.67,0.01
US-Oho,-83.8438,41.5545,2015,7,31,28.42,15.89,16.32,4.42,25.38,0
US-Oho,-83.8438,41.5545,2015,8,1,26.91,14.5,14.98,4.1,26.29,0
US-Oho,-83.8438,41.5545,2015,8,2,28.3,16.68,19.95,6.15,26.74,8.09
US-Oho,-83.8438,41.5545,2015,8,3,26.56,15.8,17.35,4.91,23.61,14.1
US-Oho,-83.8438,41.5545,2015,8,4,25.95,13.13,14.28,3.59,25.24,0
US-Oho,-83.8438,41.5545,2015,8,5,25.87,13.35,14.19,2.14,24.19,0
US-Oho,-83.8438,41.5545,2015,8,6,24.17,15.89,14.61,3.98,21.79,0
US-Oho,-83.8438,41.5545,2015,8,7,25.23,13.86,15.26,2.87,24.84,0
US-Oho,-83.8438,41.5545,2015,8,8,25.38,17.57,17.06,1.73,17.88,0.07
US-Oho,-83.8438,41.5545,2015,8,9,27.56,18,19.45,1.23,14.46,0.74
US-Oho,-83.8438,41.5545,2015,8,10,27.65,19.4,20.98,3.54,13.18,8.04
US-Oho,-83.8438,41.5545,2015,8,11,26.79,16.87,16.79,4.4,24.2,0.06
US-Oho,-83.8438,41.5545,2015,8,12,24.46,13.97,14.01,3.24,22.28,0.01
US-Oho,-83.8438,41.5545,2015,8,13,25.9,14.02,15.08,3.78,25.49,0.02
US-Oho,-83.8438,41.5545,2015,8,14,26.37,17.47,19.28,4.57,17.94,5.43
US-Oho,-83.8438,41.5545,2015,8,15,27.17,18.82,19.1,1.62,23.66,3.04
US-Oho,-83.8438,41.5545,2015,8,16,29.44,16.68,19.18,2.81,24.22,0
US-Oho,-83.8438,41.5545,2015,8,17,28.78,19.31,20.51,2.6,14.78,1.57
US-Oho,-83.8438,41.5545,2015,8,18,27.52,19.21,20.07,2.82,18.08,10.61
US-Oho,-83.8438,41.5545,2015,8,19,29.54,19.74,21.59,5.1,17.76,7.95
US-Oho,-83.8438,41.5545,2015,8,20,23.12,14.5,14.29,6.27,19.57,5.63
US-Oho,-83.8438,41.5545,2015,8,21,24.91,11.34,12.53,1.91,24.33,0.12
US-Oho,-83.8438,41.5545,2015,8,22,26.14,13.83,12.75,2.78,24.59,0
US-Oho,-83.8438,41.5545,2015,8,23,27.56,13.76,16,4.02,20.15,7.65
US-Oho,-83.8438,41.5545,2015,8,24,23.12,12.32,12.23,4.78,22.61,0.18
US-Oho,-83.8438,41.5545,2015,8,25,19.27,10.92,11.13,3.5,9.66,0
US-Oho,-83.8438,41.5545,2015,8,26,22.21,10.52,12.54,2.58,8.56,0.01
US-Oho,-83.8438,41.5545,2015,8,27,23.79,12.1,12.6,1.51,17.43,0
US-Oho,-83.8438,41.5545,2015,8,28,25.75,11.3,13.57,1.96,18.93,0
US-Oho,-83.8438,41.5545,2015,8,29,27,14.28,16.71,2.06,12.33,3.83
US-Oho,-83.8438,41.5545,2015,8,30,28.74,18.59,19.09,2.71,18.05,1.12
US-Oho,-83.8438,41.5545,2015,8,31,29.8,17.78,19.85,2.66,20.72,0.18
US-Oho,-83.8438,41.5545,2015,9,1,30.37,18.81,20.24,2.79,19.48,0.06
US-Oho,-83.8438,41.5545,2015,9,2,30.18,20.22,21.27,2.81,15.02,2.3
US-Oho,-83.8438,41.5545,2015,9,3,28.76,20.82,21.67,2.32,17.27,8.47
US-Oho,-83.8438,41.5545,2015,9,4,28.79,20.54,21.63,2.24,14.18,8.57
US-Oho,-83.8438,41.5545,2015,9,5,27.68,20.15,20.88,1.98,12.48,10.67
US-Oho,-83.8438,41.5545,2015,9,6,30.55,19.79,20.47,2.2,20.91,0.03
US-Oho,-83.8438,41.5545,2015,9,7,31.59,19.78,19.59,3.53,19.97,0.09
US-Oho,-83.8438,41.5545,2015,9,8,30.57,20.73,20.15,4.66,18.1,0.26
US-Oho,-83.8438,41.5545,2015,9,9,26.06,17.37,17.33,3.06,9.57,0.68
US-Oho,-83.8438,41.5545,2015,9,10,27.32,15.01,11.76,2.23,21.66,0
US-Oho,-83.8438,41.5545,2015,9,11,21.85,13.27,13.49,3.83,5.42,8.59
US-Oho,-83.8438,41.5545,2015,9,12,20.02,9.77,9.14,4.88,17.04,0.35
US-Oho,-83.8438,41.5545,2015,9,13,20.89,8.66,6.69,4.02,19.52,0.01
US-Oho,-83.8438,41.5545,2015,9,14,23.85,8.63,8.46,4.36,20.73,0
US-Oho,-83.8438,41.5545,2015,9,15,27.46,13.09,10.96,3.82,21.05,0.02
US-Oho,-83.8438,41.5545,2015,9,16,27.97,11.99,11.5,3.07,19.49,0
US-Oho,-83.8438,41.5545,2015,9,17,27.85,12.51,11.96,3.47,20.32,0
US-Oho,-83.8438,41.5545,2015,9,18,23.09,16.69,16.91,4.41,13.59,10.93
US-Oho,-83.8438,41.5545,2015,9,19,23.6,12.25,14.7,6.02,9.03,10.17
US-Oho,-83.8438,41.5545,2015,9,20,22.12,9.54,10.5,3.17,19.36,0.05
US-Oho,-83.8438,41.5545,2015,9,21,22.88,10.54,9.66,3.39,20.67,0
US-Oho,-83.8438,41.5545,2015,9,22,24.99,9.77,10.38,1.82,20.68,0
US-Oho,-83.8438,41.5545,2015,9,23,25.75,12.09,12.95,2.83,19.83,0
US-Oho,-83.8438,41.5545,2015,9,24,26.58,12.23,13.88,3.84,19.94,0
US-Oho,-83.8438,41.5545,2015,9,25,25.65,11.97,12.08,4.36,17.26,0
US-Oho,-83.8438,41.5545,2015,9,26,21.92,13.46,11.95,3.86,13.5,0
US-Oho,-83.8438,41.5545,2015,9,27,26.34,15.13,14,4.4,15.65,0
US-Oho,-83.8438,41.5545,2015,9,28,27.53,16.06,16.54,2.73,12.57,0.01
US-Oho,-83.8438,41.5545,2015,9,29,24.93,13.61,16.01,4.54,4.22,2.99
US-Oho,-83.8438,41.5545,2015,9,30,20.19,9.99,7.93,6.57,13.98,0.03
US-Oho,-83.8438,41.5545,2015,10,1,16.87,8.89,5.24,7.66,11.44,0
US-Oho,-83.8438,41.5545,2015,10,2,14.51,9.69,4.56,9.33,8.77,0.1
US-Oho,-83.8438,41.5545,2015,10,3,11.65,10.13,7.04,7.72,4.04,5.19
US-Oho,-83.8438,41.5545,2015,10,4,21.03,10.03,11.12,4.12,13.21,0.1
US-Oho,-83.8438,41.5545,2015,10,5,23.7,10.3,12.21,2.42,15.73,0
US-Oho,-83.8438,41.5545,2015,10,6,20.45,12.3,13.35,1.9,9.19,0
US-Oho,-83.8438,41.5545,2015,10,7,24.71,10.16,11,3.02,15.29,0
US-Oho,-83.8438,41.5545,2015,10,8,25.36,10.54,13.59,4.35,12.69,0.64
US-Oho,-83.8438,41.5545,2015,10,9,16.73,8.76,11.12,4.48,5.76,0.72
US-Oho,-83.8438,41.5545,2015,10,10,19.3,7.51,6.02,2.36,15.92,0.02
US-Oho,-83.8438,41.5545,2015,10,11,23.18,7.21,6.41,5.77,16.59,0
US-Oho,-83.8438,41.5545,2015,10,12,25.46,9.89,10.69,6.94,13.09,0
US-Oho,-83.8438,41.5545,2015,10,13,16.78,8.68,7.41,5.62,5.87,0.02
US-Oho,-83.8438,41.5545,2015,10,14,17.05,5.81,5.62,3.35,9.61,0.01
US-Oho,-83.8438,41.5545,2015,10,15,19.44,4.89,4.89,5.83,11.23,1.09
US-Oho,-83.8438,41.5545,2015,10,16,14.69,1.98,1.74,5.14,10.51,0.16
US-Oho,-83.8438,41.5545,2015,10,17,8.92,-0.87,-2.57,3.95,8.85,0.01
US-Oho,-83.8438,41.5545,2015,10,18,12.23,-0.15,-2.65,2.83,14.66,0.01
US-Oho,-83.8438,41.5545,2015,10,19,19.13,0.73,-0.62,7.52,14.66,0
US-Oho,-83.8438,41.5545,2015,10,20,23.33,9.45,4.48,6.14,13.4,0.02
US-Oho,-83.8438,41.5545,2015,10,21,22.26,9.8,7.39,5.57,11.51,0.04
US-Oho,-83.8438,41.5545,2015,10,22,19.85,8.2,7.72,3.87,7.94,0.21
US-Oho,-83.8438,41.5545,2015,10,23,16.13,6.71,6.49,4.34,11.19,0.31
US-Oho,-83.8438,41.5545,2015,10,24,22.43,9.87,11.96,7.08,4.9,7.58
US-Oho,-83.8438,41.5545,2015,10,25,16.51,5.13,3.77,3.24,14.45,0.01
US-Oho,-83.8438,41.5545,2015,10,26,16.78,3.42,4.19,3.19,13.07,0.01
US-Oho,-83.8438,41.5545,2015,10,27,12.82,7.5,5.37,5.29,6.15,6.82
US-Oho,-83.8438,41.5545,2015,10,28,19.38,8.02,11.11,8.57,4.06,27.5
US-Oho,-83.8438,41.5545,2015,10,29,9.23,2.37,-0.16,8.3,6.76,0.03
US-Oho,-83.8438,41.5545,2015,10,30,12.86,3.38,2.97,2.33,6.98,0.02
US-Oho,-83.8438,41.5545,2015,10,31,11.88,4.95,4.98,5.69,4.28,2.39
US-Oho,-83.8438,41.5545,2015,11,1,18.36,6.87,6.05,5.98,13.12,0.12
US-Oho,-83.8438,41.5545,2015,11,2,21.27,5.2,6.86,2.93,12.71,0.05
US-Oho,-83.8438,41.5545,2015,11,3,23.35,6.43,7.22,2.75,12.52,0
US-Oho,-83.8438,41.5545,2015,11,4,24.05,8.33,11.99,2.79,10.31,0
US-Oho,-83.8438,41.5545,2015,11,5,23.44,12.83,14.82,4.9,7.08,0.78
US-Oho,-83.8438,41.5545,2015,11,6,18.38,8.16,9.36,7.56,8.51,3.23
US-Oho,-83.8438,41.5545,2015,11,7,13.08,1.15,2.19,4.95,11.12,0.33
US-Oho,-83.8438,41.5545,2015,11,8,11.05,0.53,-1.52,1.63,12.53,0
US-Oho,-83.8438,41.5545,2015,11,9,13.45,-1.12,-0.61,2.55,11.76,2.57
US-Oho,-83.8438,41.5545,2015,11,10,9.85,3.39,5.23,2.83,3.18,4.82
US-Oho,-83.8438,41.5545,2015,11,11,14.98,0.27,2.82,4.31,11.23,0.23
US-Oho,-83.8438,41.5545,2015,11,12,10.75,5.87,4.17,11.83,2.57,1.03
US-Oho,-83.8438,41.5545,2015,11,13,7.31,0.67,-1.03,9.29,6.81,0.04
US-Oho,-83.8438,41.5545,2015,11,14,10.63,-1.83,-0.89,4.3,11.43,0
US-Oho,-83.8438,41.5545,2015,11,15,17.64,2.6,2.78,5.48,11.06,0
US-Oho,-83.8438,41.5545,2015,11,16,17.08,1.64,3.05,3.19,10.62,0.02
US-Oho,-83.8438,41.5545,2015,11,17,15.96,4.53,4.38,4.91,6.03,0.02
US-Oho,-83.8438,41.5545,2015,11,18,18.65,11.07,10.48,9.7,3.6,7.65
US-Oho,-83.8438,41.5545,2015,11,19,14.41,0.64,1.57,8.43,6.23,0.08
US-Oho,-83.8438,41.5545,2015,11,20,7.86,-2.37,-5.65,5.17,10.91,0
US-Oho,-83.8438,41.5545,2015,11,21,6.89,-3.67,-1.87,5.71,1.49,5.47
US-Oho,-83.8438,41.5545,2015,11,22,0.45,-6.49,-7.5,4.46,9.99,0.01
US-Oho,-83.8438,41.5545,2015,11,23,3.83,-5.01,-6,4.87,4.09,0.01
US-Oho,-83.8438,41.5545,2015,11,24,6.81,-2.98,-2.11,2.3,8.85,0.07
US-Oho,-83.8438,41.5545,2015,11,25,14.1,-2.1,0.3,5.09,9.64,0
US-Oho,-83.8438,41.5545,2015,11,26,14.18,5.56,5.6,8.14,6.33,0.19
US-Oho,-83.8438,41.5545,2015,11,27,13.95,2.43,7.21,7.15,2.18,11.08
US-Oho,-83.8438,41.5545,2015,11,28,4.73,0.41,-0.03,4.37,3.5,2.92
US-Oho,-83.8438,41.5545,2015,11,29,4.23,-3.59,-2.77,3.87,6.86,0
US-Oho,-83.8438,41.5545,2015,11,30,8.55,-1.67,0.3,4.93,8.82,0.02
US-Oho,-83.8438,41.5545,2015,12,1,9.8,-1.31,3.68,4.11,2.52,1
US-Oho,-83.8438,41.5545,2015,12,2,6.85,-1.66,-1.27,3.63,6.09,0.58
US-Oho,-83.8438,41.5545,2015,12,3,6.75,-1.43,-0.32,4.77,5.02,0.12
US-Oho,-83.8438,41.5545,2015,12,4,5.67,-3.03,-1.49,3.89,5.35,0
US-Oho,-83.8438,41.5545,2015,12,5,4.86,-3.17,-2.35,2.47,4.96,0
US-Oho,-83.8438,41.5545,2015,12,6,7.65,-3.27,-0.84,3.12,7.4,0
US-Oho,-83.8438,41.5545,2015,12,7,8.51,-1.32,1.05,1.81,7.25,0
US-Oho,-83.8438,41.5545,2015,12,8,7.56,-0.59,1.9,4.05,5.09,0.01
US-Oho,-83.8438,41.5545,2015,12,9,10.17,2.96,5.36,5.69,3.93,0
US-Oho,-83.8438,41.5545,2015,12,10,10.76,2.73,6,7.1,4.9,0
US-Oho,-83.8438,41.5545,2015,12,11,13.87,5.54,5.41,5.72,6.19,0
US-Oho,-83.8438,41.5545,2015,12,12,19.59,9.85,14.13,4.3,4.08,0.31
US-Oho,-83.8438,41.5545,2015,12,13,17.13,12.77,13.96,5.29,2.23,0.09
US-Oho,-83.8438,41.5545,2015,12,14,16.04,5.79,9.1,8.1,3.2,4.3
US-Oho,-83.8438,41.5545,2015,12,15,7.74,3.63,2.67,4.23,3.12,0.06
US-Oho,-83.8438,41.5545,2015,12,16,12.92,2.09,4.82,5.82,6.9,0.23
US-Oho,-83.8438,41.5545,2015,12,17,4.88,-1.5,-2.79,5.22,2.84,0
US-Oho,-83.8438,41.5545,2015,12,18,-0.33,-3.68,-6.65,6.57,4.37,0.04
US-Oho,-83.8438,41.5545,2015,12,19,0.04,-4.58,-7.46,6.67,6.29,0.01
US-Oho,-83.8438,41.5545,2015,12,20,5.15,-4.43,-5.09,6.79,6.21,0
US-Oho,-83.8438,41.5545,2015,12,21,9.31,2.53,5.41,8.85,1.52,7.12
US-Oho,-83.8438,41.5545,2015,12,22,11.3,2.8,5.79,3.84,4.14,1.5
US-Oho,-83.8438,41.5545,2015,12,23,16.5,3.89,11.88,7.99,3.51,11.89
US-Oho,-83.8438,41.5545,2015,12,24,14.48,3.14,1.57,6.17,8.37,0.54
US-Oho,-83.8438,41.5545,2015,12,25,10.16,2.7,2.17,3.67,5.26,0.01
US-Oho,-83.8438,41.5545,2015,12,26,10.22,2.72,5.46,5.64,2.55,11.51
US-Oho,-83.8438,41.5545,2015,12,27,10.18,0.22,1.76,6.17,1.61,11.73
US-Oho,-83.8438,41.5545,2015,12,28,4.64,-0.22,-1.02,9.18,2.3,28.84
US-Oho,-83.8438,41.5545,2015,12,29,3.35,-1.64,-0.12,6.54,4.04,0.16
US-Oho,-83.8438,41.5545,2015,12,30,1.18,-4.94,-3.45,3.21,1.68,0
US-Oho,-83.8438,41.5545,2015,12,31,-0.35,-5.18,-5.53,5.46,1.84,0
US-Oho,-83.8438,41.5545,2016,1,1,-2.68,-6.79,-7.54,7.23,2.81,0
US-Oho,-83.8438,41.5545,2016,1,2,1.23,-5.41,-4.53,6.77,4.48,0
US-Oho,-83.8438,41.5545,2016,1,3,1.5,-3.83,-4.82,5.24,2.13,0.01
US-Oho,-83.8438,41.5545,2016,1,4,-3.07,-10.36,-8.55,4.35,4.96,0.01
US-Oho,-83.8438,41.5545,2016,1,5,-2.31,-12.16,-10.77,3.4,9.47,0
US-Oho,-83.8438,41.5545,2016,1,6,2.72,-10.81,-7.04,3.72,8.11,0.02
US-Oho,-83.8438,41.5545,2016,1,7,5.71,-4.4,-4.04,3.08,7.93,0
US-Oho,-83.8438,41.5545,2016,1,8,3.31,-0.91,0.56,3.75,3.43,5.63
US-Oho,-83.8438,41.5545,2016,1,9,6.18,1.51,3.64,4.22,4.54,2.08
US-Oho,-83.8438,41.5545,2016,1,10,0.98,-10.52,-6.52,9.03,3.09,14.94
US-Oho,-83.8438,41.5545,2016,1,11,-5.83,-12.19,-13.68,6.45,5.57,1.04
US-Oho,-83.8438,41.5545,2016,1,12,-2.92,-10.65,-10.24,9.5,5.48,0.83
US-Oho,-83.8438,41.5545,2016,1,13,-6.97,-14.92,-12.87,6.58,5.11,1.4
US-Oho,-83.8438,41.5545,2016,1,14,3.57,-6.83,-1.91,5.35,5.53,0.08
US-Oho,-83.8438,41.5545,2016,1,15,5.46,-0.05,1.86,6.7,3.05,6.64
US-Oho,-83.8438,41.5545,2016,1,16,0.48,-3.21,-4.63,5.99,3.85,0.06
US-Oho,-83.8438,41.5545,2016,1,17,-2.8,-12.03,-12.74,7.71,4.5,0.07
US-Oho,-83.8438,41.5545,2016,1,18,-10.24,-13.21,-16.47,8.22,7.24,0.01
US-Oho,-83.8438,41.5545,2016,1,19,-5.81,-14.05,-13.87,4.32,9.43,0
US-Oho,-83.8438,41.5545,2016,1,20,-5.66,-10.99,-11.46,2.11,4.85,0.55
US-Oho,-83.8438,41.5545,2016,1,21,-2.92,-12.07,-9.67,1.69,4.69,0.02
US-Oho,-83.8438,41.5545,2016,1,22,-2.54,-8.45,-7.98,5.7,3.19,0.06
US-Oho,-83.8438,41.5545,2016,1,23,-1.19,-9.52,-8.42,4.72,10.19,0
US-Oho,-83.8438,41.5545,2016,1,24,1.57,-9.27,-6.25,5.05,9.73,0
US-Oho,-83.8438,41.5545,2016,1,25,6.56,-4.67,-1.57,6.87,8.67,0.1
US-Oho,-83.8438,41.5545,2016,1,26,5.05,-2.45,-1.68,9.24,2.15,0.02
US-Oho,-83.8438,41.5545,2016,1,27,0.05,-3.88,-5.66,5.97,6.28,0
US-Oho,-83.8438,41.5545,2016,1,28,5.08,-2.68,-2.39,7.6,8.7,0.1
US-Oho,-83.8438,41.5545,2016,1,29,-0.09,-5.02,-8.18,5.17,10.87,0
US-Oho,-83.8438,41.5545,2016,1,30,10.12,-4.21,0.78,6.03,8.79,0
US-Oho,-83.8438,41.5545,2016,1,31,12.2,2.33,7.15,7.59,3.18,0.92
US-Oho,-83.8438,41.5545,2016,2,1,7.37,-1.81,-1.07,2.9,9.1,0.03
US-Oho,-83.8438,41.5545,2016,2,2,11.59,-2.64,1.59,7.69,6.64,7.16
US-Oho,-83.8438,41.5545,2016,2,3,11.83,-1.1,4.16,9.35,10.67,3.73
US-Oho,-83.8438,41.5545,2016,2,4,0.63,-5.57,-4.82,4.84,3.14,0.22
US-Oho,-83.8438,41.5545,2016,2,5,3.2,-5.62,-4.92,3.21,12.22,0
US-Oho,-83.8438,41.5545,2016,2,6,4.15,-3.8,-4.15,3.95,11.36,0
US-Oho,-83.8438,41.5545,2016,2,7,8.9,-1.74,-0.06,5.82,11.25,0
US-Oho,-83.8438,41.5545,2016,2,8,5.36,-3.2,-1.5,3.8,6.99,0.35
US-Oho,-83.8438,41.5545,2016,2,9,0.74,-4.81,-5.59,7.12,3.74,0.47
US-Oho,-83.8438,41.5545,2016,2,10,-4.63,-9.15,-11.05,7.51,5.99,0.51
US-Oho,-83.8438,41.5545,2016,2,11,-5.38,-10.58,-12.77,4.17,7.71,0.01
US-Oho,-83.8438,41.5545,2016,2,12,-3.81,-11.48,-12.27,7.61,6.4,0.13
US-Oho,-83.8438,41.5545,2016,2,13,-8.83,-14.54,-16.44,5.78,7.75,0.04
US-Oho,-83.8438,41.5545,2016,2,14,-5.78,-16,-14.28,3.96,9.04,0.22
US-Oho,-83.8438,41.5545,2016,2,15,1.02,-9.19,-5.51,3.25,3.77,0.45
US-Oho,-83.8438,41.5545,2016,2,16,1.47,-2.66,-3,2.55,4.05,0.25
US-Oho,-83.8438,41.5545,2016,2,17,2.62,-5.92,-5.18,3.89,9.07,0.05
US-Oho,-83.8438,41.5545,2016,2,18,3.08,-8.91,-6.87,4.75,12.28,0
US-Oho,-83.8438,41.5545,2016,2,19,13.83,0.28,3.11,12.32,10.11,0.02
US-Oho,-83.8438,41.5545,2016,2,20,17.88,1.53,2.64,7.97,15.31,0
US-Oho,-83.8438,41.5545,2016,2,21,8.33,-1.76,0.66,3.97,11.26,0
US-Oho,-83.8438,41.5545,2016,2,22,5.71,-3.53,-3.71,3.82,13.4,0
US-Oho,-83.8438,41.5545,2016,2,23,5.81,-3.58,-3.87,6.06,14.51,0.03
US-Oho,-83.8438,41.5545,2016,2,24,1.01,-1.6,-0.91,8.34,2.2,24.17
US-Oho,-83.8438,41.5545,2016,2,25,-0.03,-8.46,-4.65,8.07,5.08,3.55
US-Oho,-83.8438,41.5545,2016,2,26,-0.1,-7.87,-6.76,3.69,9.43,0.02
US-Oho,-83.8438,41.5545,2016,2,27,4.82,-7.15,-2.23,7.09,15.39,0
US-Oho,-83.8438,41.5545,2016,2,28,15.89,0.7,5.05,11.06,16.48,2.67
US-Oho,-83.8438,41.5545,2016,2,29,11.27,-2.48,-2.36,8.17,15.63,0.25
US-Oho,-83.8438,41.5545,2016,3,1,5.47,-6.01,-3.77,6.93,4.85,8.13
US-Oho,-83.8438,41.5545,2016,3,2,0.52,-6.22,-8.54,4.85,10.63,0.02
US-Oho,-83.8438,41.5545,2016,3,3,1.48,-4.71,-4.53,2.95,6.39,3.65
US-Oho,-83.8438,41.5545,2016,3,4,2.51,-4.63,-4.77,2.98,8.42,0.29
US-Oho,-83.8438,41.5545,2016,3,5,3.81,-2.62,-1.75,3.1,3.86,2.26
US-Oho,-83.8438,41.5545,2016,3,6,6.29,-2.75,-1.21,3.89,4.57,0.02
US-Oho,-83.8438,41.5545,2016,3,7,17.59,1.04,5.82,6.8,10.5,0.01
US-Oho,-83.8438,41.5545,2016,3,8,21.38,6.47,10.96,6.55,13.04,0
US-Oho,-83.8438,41.5545,2016,3,9,18.85,10.66,13.11,6.63,7.44,2
US-Oho,-83.8438,41.5545,2016,3,10,15.07,5.59,10.25,3.36,4.14,11.8
US-Oho,-83.8438,41.5545,2016,3,11,11.83,-0.76,2.03,3.18,12.68,0
US-Oho,-83.8438,41.5545,2016,3,12,14.54,-1.88,3.73,1.95,13.26,0.04
US-Oho,-83.8438,41.5545,2016,3,13,12.44,5.97,7.04,4.87,4.99,13.28
US-Oho,-83.8438,41.5545,2016,3,14,18.54,8.46,11.73,4.34,7.54,2.94
US-Oho,-83.8438,41.5545,2016,3,15,17.16,4.86,7.88,3.94,8.41,0.02
US-Oho,-83.8438,41.5545,2016,3,16,15.29,5.11,4.59,10.74,17.05,0.31
US-Oho,-83.8438,41.5545,2016,3,17,12.65,2.35,0.98,7.77,18.44,0
US-Oho,-83.8438,41.5545,2016,3,18,10.03,-0.13,0.11,4.89,16.48,0
US-Oho,-83.8438,41.5545,2016,3,19,4.44,-1.79,-5.63,5.06,14.37,0.01
US-Oho,-83.8438,41.5545,2016,3,20,6.83,-2.92,-4.89,3.54,18.23,0
US-Oho,-83.8438,41.5545,2016,3,21,8.12,-4.36,-3.45,4.05,16.61,0
US-Oho,-83.8438,41.5545,2016,3,22,15.18,0.91,3.94,7.4,16.79,0
US-Oho,-83.8438,41.5545,2016,3,23,13.24,8.27,8.9,3.33,9.59,0.48
US-Oho,-83.8438,41.5545,2016,3,24,17.76,4.45,10.82,8.29,4.04,26.97
US-Oho,-83.8438,41.5545,2016,3,25,7.44,-3.25,-3.22,4.09,13.3,0.19
US-Oho,-83.8438,41.5545,2016,3,26,10.72,-3.86,-1.1,3.5,21.52,0.01
US-Oho,-83.8438,41.5545,2016,3,27,21.91,0.34,7.36,4.41,19.73,15.06
US-Oho,-83.8438,41.5545,2016,3,28,11.24,1.18,3.27,8.98,6.25,9.53
US-Oho,-83.8438,41.5545,2016,3,29,11.24,-2.18,-1.85,3.74,23.56,0
US-Oho,-83.8438,41.5545,2016,3,30,17.47,-1.83,4.5,6.39,14.38,6.67
US-Oho,-83.8438,41.5545,2016,3,31,18.03,8.11,12.28,10.55,7.2,13.03
US-Oho,-83.8438,41.5545,2016,4,1,10.14,4.06,3.95,5.33,11.35,1.7
US-Oho,-83.8438,41.5545,2016,4,2,5.1,-4.13,-2.97,9.22,12.76,2.41
US-Oho,-83.8438,41.5545,2016,4,3,11.71,-4.9,-1.53,7.34,19.96,0.01
US-Oho,-83.8438,41.5545,2016,4,4,11.34,-3.99,-2.98,6.78,6.3,0.39
US-Oho,-83.8438,41.5545,2016,4,5,5.45,-5.92,-6.84,2.91,24.93,0.04
US-Oho,-83.8438,41.5545,2016,4,6,16.11,-0.6,3.32,8.91,6.6,9.74
US-Oho,-83.8438,41.5545,2016,4,7,6.46,-1.47,0.38,6.33,8.68,5.65
US-Oho,-83.8438,41.5545,2016,4,8,4.52,-4.2,-1.85,4.07,12.37,8.66
US-Oho,-83.8438,41.5545,2016,4,9,0.01,-6.49,-6.5,5.58,15.22,3.23
US-Oho,-83.8438,41.5545,2016,4,10,8.81,-6.2,-0.14,6.81,4.91,3.52
US-Oho,-83.8438,41.5545,2016,4,11,14.16,-1.11,5.01,5.89,9.88,3.19
US-Oho,-83.8438,41.5545,2016,4,12,9.84,-2.97,-2.17,4.15,25.69,0
US-Oho,-83.8438,41.5545,2016,4,13,10.75,-1.45,-0.92,4.3,21.33,0.01
US-Oho,-83.8438,41.5545,2016,4,14,13.76,-0.86,1.39,4.64,25.64,0.41
US-Oho,-83.8438,41.5545,2016,4,15,20.4,1,5.12,4.28,25.99,0
US-Oho,-83.8438,41.5545,2016,4,16,22.31,4.08,6.72,3.52,25.01,0
US-Oho,-83.8438,41.5545,2016,4,17,24.45,4.86,7.59,2.44,26.41,0
US-Oho,-83.8438,41.5545,2016,4,18,26.15,9.01,9.55,2.42,24.78,0
US-Oho,-83.8438,41.5545,2016,4,19,14.69,7.18,6.58,5.25,15.4,0
US-Oho,-83.8438,41.5545,2016,4,20,21.19,6.2,5.69,5.38,21.28,0.03
US-Oho,-83.8438,41.5545,2016,4,21,18.38,10.85,12.34,4.77,6.46,5.65
US-Oho,-83.8438,41.5545,2016,4,22,18.95,6.05,10.12,3.84,6.65,5.09
US-Oho,-83.8438,41.5545,2016,4,23,14.8,3.3,3.09,4.05,26.12,0
US-Oho,-83.8438,41.5545,2016,4,24,19.68,2.08,5.08,2.81,26.59,0
US-Oho,-83.8438,41.5545,2016,4,25,24.56,7.56,12.4,5.22,18.84,5.07
US-Oho,-83.8438,41.5545,2016,4,26,18.89,6.13,10.95,5.93,14,8.42
US-Oho,-83.8438,41.5545,2016,4,27,14.84,5.39,3.67,5.87,23.71,0.42
US-Oho,-83.8438,41.5545,2016,4,28,9.29,6.29,5.34,5.89,9.23,6.76
US-Oho,-83.8438,41.5545,2016,4,29,11.91,3.87,4.89,2.8,12.54,0.21
US-Oho,-83.8438,41.5545,2016,4,30,12.41,2.98,6.16,5.04,10,15.64
US-Oho,-83.8438,41.5545,2016,5,1,17.39,7.85,9.81,3.57,8.88,3.02
US-Oho,-83.8438,41.5545,2016,5,2,12.67,5.07,6.65,3.37,9.13,13.04
US-Oho,-83.8438,41.5545,2016,5,3,16.98,5.08,6.88,2.32,18.75,0.15
US-Oho,-83.8438,41.5545,2016,5,4,15.42,5.46,7.14,4.55,9.16,3.23
US-Oho,-83.8438,41.5545,2016,5,5,18.32,6.12,6.73,5.57,22.2,1.13
US-Oho,-83.8438,41.5545,2016,5,6,21.38,4.83,7.58,2.89,28.51,0
US-Oho,-83.8438,41.5545,2016,5,7,23.74,8.05,11.01,5.19,15.99,0.34
US-Oho,-83.8438,41.5545,2016,5,8,19.25,5.81,4.88,3.24,25.15,0.01
US-Oho,-83.8438,41.5545,2016,5,9,16.18,5.67,7.21,3.89,7.84,1.99
US-Oho,-83.8438,41.5545,2016,5,10,16.56,9.37,11.75,6.13,9.77,2.34
US-Oho,-83.8438,41.5545,2016,5,11,22.04,11.53,13.54,2.57,15.31,6.29
US-Oho,-83.8438,41.5545,2016,5,12,25.02,12.17,15.61,4.58,15.69,11.29
US-Oho,-83.8438,41.5545,2016,5,13,19.85,10.42,10.24,5.61,26.47,0.75
US-Oho,-83.8438,41.5545,2016,5,14,12.19,2.71,3.86,7.85,12.78,4.98
US-Oho,-83.8438,41.5545,2016,5,15,10.04,1.74,-0.82,5.8,18.45,0.06
US-Oho,-83.8438,41.5545,2016,5,16,18.07,0.78,3.83,6.39,27.37,0.02
US-Oho,-83.8438,41.5545,2016,5,17,14.75,9.57,9.78,2.66,12.95,2.67
US-Oho,-83.8438,41.5545,2016,5,18,17.89,5.96,5.14,3.7,29.03,0
US-Oho,-83.8438,41.5545,2016,5,19,21.05,6.74,6.52,2.24,28.93,0
US-Oho,-83.8438,41.5545,2016,5,20,19.25,7.86,8.71,3.55,19.07,0.5
US-Oho,-83.8438,41.5545,2016,5,21,20.81,10.64,10.08,4.12,12.9,2.34
US-Oho,-83.8438,41.5545,2016,5,22,22.26,8.38,8.33,4.38,28.01,0.01
US-Oho,-83.8438,41.5545,2016,5,23,23.73,8.16,6.98,1.5,29.5,0
US-Oho,-83.8438,41.5545,2016,5,24,27.08,9.9,11.77,3.65,30.16,0
US-Oho,-83.8438,41.5545,2016,5,25,25.95,13.65,16.29,4.69,20.41,0.21
US-Oho,-83.8438,41.5545,2016,5,26,26.8,17.82,19.79,4.6,21.63,0.01
US-Oho,-83.8438,41.5545,2016,5,27,28.21,17.66,19.44,3.68,22.75,0.02
US-Oho,-83.8438,41.5545,2016,5,28,29.15,20.02,19.3,4.66,19.9,0.89
US-Oho,-83.8438,41.5545,2016,5,29,27.06,18.12,19.23,4.49,21.66,1.2
US-Oho,-83.8438,41.5545,2016,5,30,27.84,15.85,16.1,2.9,27.11,0.02
US-Oho,-83.8438,41.5545,2016,5,31,27.33,15.46,14.78,4.11,23.1,0
US-Oho,-83.8438,41.5545,2016,6,1,29.34,14.83,17.18,2.85,19.71,0.65
US-Oho,-83.8438,41.5545,2016,6,2,27.76,16,16.18,3.4,24.9,0.01
US-Oho,-83.8438,41.5545,2016,6,3,26.63,13.43,13.24,2.57,26.45,0
US-Oho,-83.8438,41.5545,2016,6,4,25.5,17.09,17.3,3.91,12.4,18.47
US-Oho,-83.8438,41.5545,2016,6,5,24.9,15.85,15.89,6.65,23.11,2.18
US-Oho,-83.8438,41.5545,2016,6,6,27.41,14.49,14.48,5.2,25.42,1.67
US-Oho,-83.8438,41.5545,2016,6,7,20.19,10.92,10.97,5.35,18.47,0.09
US-Oho,-83.8438,41.5545,2016,6,8,21.34,7.93,7.58,4.88,30.27,0.01
US-Oho,-83.8438,41.5545,2016,6,9,22.02,8.19,9.66,1.94,21.9,0
US-Oho,-83.8438,41.5545,2016,6,10,26.88,15.64,18.19,2.98,18.25,0.01
US-Oho,-83.8438,41.5545,2016,6,11,29.64,21.16,21.85,5.73,26.17,0
US-Oho,-83.8438,41.5545,2016,6,12,26.18,13.68,11,4.63,30.44,0
US-Oho,-83.8438,41.5545,2016,6,13,25.22,11.53,11.7,2.37,28.08,0.11
US-Oho,-83.8438,41.5545,2016,6,14,26.04,15.22,15.68,3.63,19.3,1.13
US-Oho,-83.8438,41.5545,2016,6,15,27.86,17.61,20.61,3.33,21.3,5.25
US-Oho,-83.8438,41.5545,2016,6,16,25.93,17.98,18.69,5.94,16.57,2.16
US-Oho,-83.8438,41.5545,2016,6,17,28.61,15.55,13.63,5.02,30.92,0.01
US-Oho,-83.8438,41.5545,2016,6,18,30.6,15.8,15.88,2.6,29.76,0.01
US-Oho,-83.8438,41.5545,2016,6,19,31.13,19.22,16.95,3.69,29.44,0.01
US-Oho,-83.8438,41.5545,2016,6,20,32.44,21.15,21.57,6.8,20.11,0.3
US-Oho,-83.8438,41.5545,2016,6,21,29.08,16.52,12.01,4.12,30.63,0
US-Oho,-83.8438,41.5545,2016,6,22,28.36,15.48,14.25,3.85,19.03,14.87
US-Oho,-83.8438,41.5545,2016,6,23,26.72,17.96,18.94,3.57,10.15,10.76
US-Oho,-83.8438,41.5545,2016,6,24,27.44,15.76,13.57,3.4,30.05,0
US-Oho,-83.8438,41.5545,2016,6,25,29.57,16.11,13.86,1.84,31.02,0.02
US-Oho,-83.8438,41.5545,2016,6,26,32.19,19.05,20.88,4.6,21.84,5.33
US-Oho,-83.8438,41.5545,2016,6,27,32.49,19.33,17.92,4.3,30.24,0.54
US-Oho,-83.8438,41.5545,2016,6,28,24.04,14.89,13.64,3.86,22.25,0.03
US-Oho,-83.8438,41.5545,2016,6,29,26.61,12.75,9.79,1.98,31.87,0
US-Oho,-83.8438,41.5545,2016,6,30,27.49,13.34,10.91,2.73,29.72,0.42
US-Oho,-83.8438,41.5545,2016,7,1,26.45,14.74,13.22,5.11,24.25,2.54
US-Oho,-83.8438,41.5545,2016,7,2,25.19,12.39,8.35,2.11,20.28,0
US-Oho,-83.8438,41.5545,2016,7,3,25.36,14.63,11.11,1.97,19.29,0.02
US-Oho,-83.8438,41.5545,2016,7,4,27.78,14.42,16.27,2.52,11.99,0.02
US-Oho,-83.8438,41.5545,2016,7,5,31.22,17.81,18.39,3.26,23.25,0.03
US-Oho,-83.8438,41.5545,2016,7,6,29.57,18.97,19.86,4.1,17.75,0.39
US-Oho,-83.8438,41.5545,2016,7,7,32.8,20.75,20.44,2.98,23.12,8.96
US-Oho,-83.8438,41.5545,2016,7,8,31.65,20.06,20.22,3.85,22.62,6.15
US-Oho,-83.8438,41.5545,2016,7,9,27.62,18.2,16.24,4.4,23,0.07
US-Oho,-83.8438,41.5545,2016,7,10,30.14,18.22,16.27,1.71,27.28,0.01
US-Oho,-83.8438,41.5545,2016,7,11,32.52,19.16,17.39,3.3,26,0
US-Oho,-83.8438,41.5545,2016,7,12,34.38,20.64,19.59,4.93,27.3,0.62
US-Oho,-83.8438,41.5545,2016,7,13,32.43,23.38,22.28,5.15,24.08,12.2
US-Oho,-83.8438,41.5545,2016,7,14,31.43,21.19,18.6,5.7,21.72,0.97
US-Oho,-83.8438,41.5545,2016,7,15,30.29,18.81,15.84,5.04,24.85,0.18
US-Oho,-83.8438,41.5545,2016,7,16,27.02,17.72,15.36,1.64,17.88,0.07
US-Oho,-83.8438,41.5545,2016,7,17,32.04,15.75,16.78,5.37,21.03,1.28
US-Oho,-83.8438,41.5545,2016,7,18,31.93,19.72,19.48,4.82,19.6,10.09
US-Oho,-83.8438,41.5545,2016,7,19,31.07,17.32,16.74,3.26,26.72,0.02
US-Oho,-83.8438,41.5545,2016,7,20,32.75,18.25,16.99,2.05,27.25,0.02
US-Oho,-83.8438,41.5545,2016,7,21,32.94,21.56,21.23,4.25,20.63,1.31
US-Oho,-83.8438,41.5545,2016,7,22,34.72,23.59,22.52,2.43,23.52,0.9
US-Oho,-83.8438,41.5545,2016,7,23,36.45,21.62,19.08,1.41,25.77,0.02
US-Oho,-83.8438,41.5545,2016,7,24,28.91,23.9,22.33,3.33,11.1,6.45
US-Oho,-83.8438,41.5545,2016,7,25,33.7,21.9,20.66,4.03,20.83,1.58
US-Oho,-83.8438,41.5545,2016,7,26,32.56,18.82,16.86,2.03,26.05,0
US-Oho,-83.8438,41.5545,2016,7,27,33.73,20.51,16.09,1.09,27.16,0.01
US-Oho,-83.8438,41.5545,2016,7,28,30.76,21.46,17.56,1.92,17.89,2.21
US-Oho,-83.8438,41.5545,2016,7,29,31.98,19.43,18.35,2.32,19.93,3.35
US-Oho,-83.8438,41.5545,2016,7,30,30.54,20.53,19.96,2.34,17.34,5.69
US-Oho,-83.8438,41.5545,2016,7,31,30.49,20.07,18.99,1.76,20.72,3.01
US-Oho,-83.8438,41.5545,2016,8,1,32.27,19.87,17.59,1.72,23.93,0.21
US-Oho,-83.8438,41.5545,2016,8,2,32.05,19.95,18.5,2.75,23.35,0
US-Oho,-83.8438,41.5545,2016,8,3,33.79,20.79,16.57,2.64,25.67,0.01
US-Oho,-83.8438,41.5545,2016,8,4,34.46,19.75,18.25,2.12,23.17,0
US-Oho,-83.8438,41.5545,2016,8,5,32.65,21.66,20.18,4.44,18.44,2.09
US-Oho,-83.8438,41.5545,2016,8,6,31.23,18.08,15.11,3.18,25.03,0.06
US-Oho,-83.8438,41.5545,2016,8,7,30.84,18.77,14.54,3.46,24.22,0
US-Oho,-83.8438,41.5545,2016,8,8,30.81,19.15,14.65,3.61,26.03,0
US-Oho,-83.8438,41.5545,2016,8,9,33.51,19.17,18.9,1.93,20.13,0.57
US-Oho,-83.8438,41.5545,2016,8,10,35.66,22.13,20.79,1.57,19.78,2.97
US-Oho,-83.8438,41.5545,2016,8,11,33.18,24.86,23.38,4.28,18.81,8.5
US-Oho,-83.8438,41.5545,2016,8,12,33.08,24.29,23.14,4.58,17.37,7.46
US-Oho,-83.8438,41.5545,2016,8,13,28.5,22.22,23.33,5.69,8.11,19.4
US-Oho,-83.8438,41.5545,2016,8,14,27.95,19.95,19.45,2.07,13.36,1.43
US-Oho,-83.8438,41.5545,2016,8,15,25.11,19.93,20.68,2.55,8.78,20.1
US-Oho,-83.8438,41.5545,2016,8,16,27.98,21.83,21.09,5.8,11.97,4.76
US-Oho,-83.8438,41.5545,2016,8,17,29.67,20.91,20.14,2.04,17.09,4.23
US-Oho,-83.8438,41.5545,2016,8,18,30.47,17.94,18.04,1.81,20.14,0.23
US-Oho,-83.8438,41.5545,2016,8,19,28.81,20.35,20.95,3.15,20.21,0.44
US-Oho,-83.8438,41.5545,2016,8,20,29.31,21.17,21.23,5.7,16.03,11.2
US-Oho,-83.8438,41.5545,2016,8,21,25.58,15.91,15.53,5.26,22.4,0.43
US-Oho,-83.8438,41.5545,2016,8,22,26.32,13.6,13.02,1.81,23.84,0.02
US-Oho,-83.8438,41.5545,2016,8,23,28.48,14.07,13.05,2.92,24.1,0
US-Oho,-83.8438,41.5545,2016,8,24,29.36,17.76,19.65,5.64,15.8,6.95
US-Oho,-83.8438,41.5545,2016,8,25,31.45,21.86,21.79,4.52,20.95,1.07
US-Oho,-83.8438,41.5545,2016,8,26,30.76,19.07,15.77,1.48,22.6,0.25
US-Oho,-83.8438,41.5545,2016,8,27,31.52,20.82,20.27,2.94,14.53,18.8
US-Oho,-83.8438,41.5545,2016,8,28,29.37,21.28,22.1,1.87,18.53,3.94
US-Oho,-83.8438,41.5545,2016,8,29,30.26,20.11,19.48,2.93,21.77,0.22
US-Oho,-83.8438,41.5545,2016,8,30,30.51,18.38,18.51,1.39,19.82,0.73
US-Oho,-83.8438,41.5545,2016,8,31,28.19,17.5,18.85,3.64,14.21,2.42
US-Oho,-83.8438,41.5545,2016,9,1,24.6,15.21,13.53,4.66,18.02,0.01
US-Oho,-83.8438,41.5545,2016,9,2,25.18,14.54,12.98,4.74,22.96,0.01
US-Oho,-83.8438,41.5545,2016,9,3,27.07,13.7,12.99,3.15,23.58,0
US-Oho,-83.8438,41.5545,2016,9,4,28.99,13.9,13.04,2.09,23.23,0
US-Oho,-83.8438,41.5545,2016,9,5,31.74,14.54,15.49,3.16,21.22,0
US-Oho,-83.8438,41.5545,2016,9,6,33.83,21.7,20.7,4.43,19.37,0.02
US-Oho,-83.8438,41.5545,2016,9,7,33.7,23.45,22.05,5.11,18.85,0.21
US-Oho,-83.8438,41.5545,2016,9,8,30.61,22.88,22.56,4.6,9.1,1.65
US-Oho,-83.8438,41.5545,2016,9,9,30.68,19.37,17.63,2.54,17.83,11.39
US-Oho,-83.8438,41.5545,2016,9,10,27.05,15.12,19.09,6.46,8.52,16.54
US-Oho,-83.8438,41.5545,2016,9,11,23.55,12.71,11.3,2.4,21.29,0.08
US-Oho,-83.8438,41.5545,2016,9,12,26.34,11.47,10.78,2.23,22.18,0
US-Oho,-83.8438,41.5545,2016,9,13,28.98,14.17,13.01,3.58,20.75,0.08
US-Oho,-83.8438,41.5545,2016,9,14,23.91,15.88,15.4,3.44,9.57,2.74
US-Oho,-83.8438,41.5545,2016,9,15,25.17,14.15,12.98,3.26,19.76,0
US-Oho,-83.8438,41.5545,2016,9,16,28.47,12.41,16.08,3.11,18.74,3.71
US-Oho,-83.8438,41.5545,2016,9,17,24.93,18.55,20.21,4.35,5.42,24.73
US-Oho,-83.8438,41.5545,2016,9,18,26.85,16.62,16.78,2.12,16.49,0.52
US-Oho,-83.8438,41.5545,2016,9,19,28.73,14.45,14.51,1.74,20.43,0
US-Oho,-83.8438,41.5545,2016,9,20,29.34,15.21,15,2.42,18.75,0
US-Oho,-83.8438,41.5545,2016,9,21,29.57,16.45,16.6,2.09,16.97,0
US-Oho,-83.8438,41.5545,2016,9,22,30.78,17.48,15.07,2.57,16.94,0
US-Oho,-83.8438,41.5545,2016,9,23,29.65,17.47,16.02,3.3,14.02,0
US-Oho,-83.8438,41.5545,2016,9,24,24.04,14.79,13.41,3.87,13.98,0
US-Oho,-83.8438,41.5545,2016,9,25,25.86,11.25,9.74,3.05,18.67,0.03
US-Oho,-83.8438,41.5545,2016,9,26,21.3,11.69,10.81,5.93,11.54,8.77
US-Oho,-83.8438,41.5545,2016,9,27,22.46,9.57,5.9,6.06,19.73,0
US-Oho,-83.8438,41.5545,2016,9,28,15.69,11.43,11.52,3.23,6.31,13.79
US-Oho,-83.8438,41.5545,2016,9,29,20.8,11.56,14.19,3.71,6.78,8.29
US-Oho,-83.8438,41.5545,2016,9,30,17.6,15.19,15.3,5.9,4.54,16.2
US-Oho,-83.8438,41.5545,2016,10,1,19.78,11.31,11.87,3,10.3,2.76
US-Oho,-83.8438,41.5545,2016,10,2,20.58,9.84,11.71,2.54,12.08,1.01
US-Oho,-83.8438,41.5545,2016,10,3,21.23,10.25,13.17,2,6.35,0.07
US-Oho,-83.8438,41.5545,2016,10,4,24.55,10.66,13.19,3.7,16.96,0.01
US-Oho,-83.8438,41.5545,2016,10,5,27.51,14.71,15.21,5.4,15.18,0.25
US-Oho,-83.8438,41.5545,2016,10,6,28.13,15.63,16.71,3.57,15.13,0.59
US-Oho,-83.8438,41.5545,2016,10,7,26.94,13.18,13.18,4.08,16.76,0.14
US-Oho,-83.8438,41.5545,2016,10,8,17.94,6.66,4.61,4.95,17.87,0
US-Oho,-83.8438,41.5545,2016,10,9,17.27,4.44,4.84,3.12,16.93,0.02
US-Oho,-83.8438,41.5545,2016,10,10,18.57,5.77,6.26,2.57,16.78,0
US-Oho,-83.8438,41.5545,2016,10,11,21.49,8.89,6.22,3.45,12.89,0
US-Oho,-83.8438,41.5545,2016,10,12,25.74,10.1,10.81,6.48,13.76,3.97
US-Oho,-83.8438,41.5545,2016,10,13,15.64,7.12,4.44,3.49,15.95,0.75
US-Oho,-83.8438,41.5545,2016,10,14,17.84,3.26,4.19,3.05,16.11,0
US-Oho,-83.8438,41.5545,2016,10,15,24.16,5.48,11.15,5.25,13.16,0.05
US-Oho,-83.8438,41.5545,2016,10,16,22.6,15.65,15.28,5.55,6.07,6.15
US-Oho,-83.8438,41.5545,2016,10,17,27.64,17.18,16.6,7.73,13.82,0.78
US-Oho,-83.8438,41.5545,2016,10,18,26.41,13.84,16.62,7.7,6.68,0.7
US-Oho,-83.8438,41.5545,2016,10,19,22.56,10.52,10.85,2.47,13.3,1.05
US-Oho,-83.8438,41.5545,2016,10,20,15.08,9.79,11.43,5.4,1.44,25.5
US-Oho,-83.8438,41.5545,2016,10,21,13.28,5.87,5.37,6.16,6.62,1.76
US-Oho,-83.8438,41.5545,2016,10,22,12.29,1.73,2.65,4.58,12.43,0.01
US-Oho,-83.8438,41.5545,2016,10,23,20.52,4.68,8.52,5.92,13.85,0
US-Oho,-83.8438,41.5545,2016,10,24,13.94,3.67,4.46,4.5,10.05,0
US-Oho,-83.8438,41.5545,2016,10,25,11.64,0.76,2.22,2.57,12.15,0.01
US-Oho,-83.8438,41.5545,2016,10,26,6.58,3.87,3.7,5.13,3.19,14.14
US-Oho,-83.8438,41.5545,2016,10,27,9.35,3.82,5.62,4.64,4.36,2.05
US-Oho,-83.8438,41.5545,2016,10,28,15.17,3.2,5.29,3.83,11.62,0.03
US-Oho,-83.8438,41.5545,2016,10,29,22.64,10.32,14.16,6.27,7.48,0.72
US-Oho,-83.8438,41.5545,2016,10,30,15.27,4.54,9.08,4.15,4.56,4.89
US-Oho,-83.8438,41.5545,2016,10,31,12.79,3.46,4.59,3.65,10.22,0.01
US-Oho,-83.8438,41.5545,2016,11,1,24.15,8.29,12.2,5.64,11.05,0.03
US-Oho,-83.8438,41.5545,2016,11,2,24.58,14.35,15.41,4.71,7.78,4.47
US-Oho,-83.8438,41.5545,2016,11,3,16.38,8.18,10.76,3.42,8.38,7.16
US-Oho,-83.8438,41.5545,2016,11,4,13.64,4.72,5.31,3.18,10.82,0.19
US-Oho,-83.8438,41.5545,2016,11,5,17.95,3.26,6.64,3.92,11.85,0
US-Oho,-83.8438,41.5545,2016,11,6,18.89,5.95,8.3,2.04,11.97,0.02
US-Oho,-83.8438,41.5545,2016,11,7,19.68,4.18,6.92,3.02,11.9,0
US-Oho,-83.8438,41.5545,2016,11,8,13.71,6.78,7.78,5.19,3.02,1.61
US-Oho,-83.8438,41.5545,2016,11,9,11.29,3.57,3.32,4.9,10.48,0.11
US-Oho,-83.8438,41.5545,2016,11,10,15.83,2.77,2.97,7.39,11.66,0
US-Oho,-83.8438,41.5545,2016,11,11,10.68,0.03,2.56,5.39,8.19,0
US-Oho,-83.8438,41.5545,2016,11,12,9.54,-1.39,-1.08,3.18,11.79,0
US-Oho,-83.8438,41.5545,2016,11,13,12.17,-2.75,-1.33,5.37,11.83,0
US-Oho,-83.8438,41.5545,2016,11,14,12.43,-1.53,0.77,4.3,9.54,0
US-Oho,-83.8438,41.5545,2016,11,15,15.6,3.51,5.85,3.27,8.01,0
US-Oho,-83.8438,41.5545,2016,11,16,14.29,5.25,6.5,2.28,6.8,0
US-Oho,-83.8438,41.5545,2016,11,17,19.1,3.77,7.84,5.44,10.12,0
US-Oho,-83.8438,41.5545,2016,11,18,22.25,9.71,10.3,6.99,9.92,1.33
US-Oho,-83.8438,41.5545,2016,11,19,8.05,-0.58,-1.49,9.68,4.06,1.21
US-Oho,-83.8438,41.5545,2016,11,20,1.48,-4.34,-6.26,7.6,4.02,0.01
US-Oho,-83.8438,41.5545,2016,11,21,3.77,-5.06,-5.83,4.83,10.56,0
US-Oho,-83.8438,41.5545,2016,11,22,2.25,-5.1,-5.29,1.89,9.38,0
US-Oho,-83.8438,41.5545,2016,11,23,3.13,-2.18,-0.89,4.46,2.55,8.78
US-Oho,-83.8438,41.5545,2016,11,24,7.11,1.33,3.21,4.04,2.29,0.49
US-Oho,-83.8438,41.5545,2016,11,25,6.27,-0.55,0.6,3.96,3.28,0.13
US-Oho,-83.8438,41.5545,2016,11,26,7.07,-0.78,0.14,4.09,5.08,0.02
US-Oho,-83.8438,41.5545,2016,11,27,8.73,-2.06,0.06,4.6,9.11,0.06
US-Oho,-83.8438,41.5545,2016,11,28,9.52,0.54,3.04,8.21,1.81,15.47
US-Oho,-83.8438,41.5545,2016,11,29,13.73,7.45,7.26,6.48,6.46,0.83
US-Oho,-83.8438,41.5545,2016,11,30,12.77,1.23,5.38,5.35,6.91,0.24
US-Oho,-83.8438,41.5545,2016,12,1,5.01,0.15,-0.57,7.64,3.35,0.15
US-Oho,-83.8438,41.5545,2016,12,2,5.48,-2.91,-1.14,5.72,3.93,0.12
US-Oho,-83.8438,41.5545,2016,12,3,4.77,-3.17,-2.51,2.34,2.88,0.01
US-Oho,-83.8438,41.5545,2016,12,4,3.86,-2.13,-2.1,3.07,3.81,3.91
US-Oho,-83.8438,41.5545,2016,12,5,3.91,-3.33,-1.7,3.76,4.21,0.18
US-Oho,-83.8438,41.5545,2016,12,6,2.99,-3.23,0.08,4.71,1.27,6.52
US-Oho,-83.8438,41.5545,2016,12,7,1.53,-5.31,-5.88,5.66,8.13,0
US-Oho,-83.8438,41.5545,2016,12,8,-3.06,-4.68,-7.75,8.49,3.43,0.05
US-Oho,-83.8438,41.5545,2016,12,9,-0.11,-5.22,-5.99,6.45,5.04,0.19
US-Oho,-83.8438,41.5545,2016,12,10,-2.6,-6.28,-8.17,4.85,7.1,0.65
US-Oho,-83.8438,41.5545,2016,12,11,-0.17,-5.11,-4.21,5.34,1.63,13.73
US-Oho,-83.8438,41.5545,2016,12,12,-0.07,-7.97,-4.17,6.15,2.26,0.63
US-Oho,-83.8438,41.5545,2016,12,13,-2.81,-15.62,-8.87,4.31,3.28,0.01
US-Oho,-83.8438,41.5545,2016,12,14,-7.66,-18.66,-14.21,7.34,7.48,0.11
US-Oho,-83.8438,41.5545,2016,12,15,-9.41,-15.79,-14.26,7.03,8.74,3.87
US-Oho,-83.8438,41.5545,2016,12,16,-7.86,-14.69,-13.27,4.34,2.92,1.42
US-Oho,-83.8438,41.5545,2016,12,17,-0.51,-7.5,-4.49,3.2,1.56,2.93
US-Oho,-83.8438,41.5545,2016,12,18,-5.62,-14.25,-10.55,3.84,6.7,0.53
US-Oho,-83.8438,41.5545,2016,12,19,-9.26,-19.85,-17.1,3.66,5.98,0
US-Oho,-83.8438,41.5545,2016,12,20,-1.46,-17.98,-10.21,7.05,5.42,0
US-Oho,-83.8438,41.5545,2016,12,21,-0.12,-10.52,-5.57,4.76,2.25,0
US-Oho,-83.8438,41.5545,2016,12,22,1.9,-6.02,-3.29,4.86,3.74,0
US-Oho,-83.8438,41.5545,2016,12,23,0.84,-5.16,-2.33,4.46,2.37,1.21
US-Oho,-83.8438,41.5545,2016,12,24,3.16,-1.72,-0.35,3.38,3.13,0.99
US-Oho,-83.8438,41.5545,2016,12,25,1.61,-2.49,-1.36,4.93,2.57,0.46
US-Oho,-83.8438,41.5545,2016,12,26,14.84,-0.43,6.57,8.36,1.79,11.11
US-Oho,-83.8438,41.5545,2016,12,27,2.2,-3.61,-4.69,6.23,3.63,0
US-Oho,-83.8438,41.5545,2016,12,28,4.61,-4.56,-3.47,4.42,8.34,3.3
US-Oho,-83.8438,41.5545,2016,12,29,4.12,-1.48,-2.16,8.37,7.43,0.54
US-Oho,-83.8438,41.5545,2016,12,30,0.77,-2.96,-5.7,6.62,5.12,0.27
US-Oho,-83.8438,41.5545,2016,12,31,6.3,-3.29,-2.46,8.83,4.22,0
US-Oho,-83.8438,41.5545,2017,1,1,4.22,-3.95,-4.94,2.77,8.32,0
US-Oho,-83.8438,41.5545,2017,1,2,6.01,-1.67,1.59,3.48,3.71,9.1
US-Oho,-83.8438,41.5545,2017,1,3,4.21,0.62,2.41,3.54,2.77,13.12
US-Oho,-83.8438,41.5545,2017,1,4,-0.38,-7.1,-10.23,10.49,5.17,0.03
US-Oho,-83.8438,41.5545,2017,1,5,-7.25,-10.89,-13.35,6.26,3.14,0.25
US-Oho,-83.8438,41.5545,2017,1,6,-10.4,-12.49,-15.86,5.06,6.99,0.03
US-Oho,-83.8438,41.5545,2017,1,7,-9.28,-15.3,-15.45,6.33,6.17,0.11
US-Oho,-83.8438,41.5545,2017,1,8,-7.65,-12.66,-14.1,4.6,6.1,0
US-Oho,-83.8438,41.5545,2017,1,9,-3.23,-10.68,-9.45,6.16,5.21,0.39
US-Oho,-83.8438,41.5545,2017,1,10,7.32,-3.3,-0.39,11.96,2.16,10.13
US-Oho,-83.8438,41.5545,2017,1,11,11.84,-3.85,1.6,8.17,4.52,2.81
US-Oho,-83.8438,41.5545,2017,1,12,11.77,-4.31,-0.15,4.57,2.1,20.03
US-Oho,-83.8438,41.5545,2017,1,13,-2.04,-6.48,-9.71,4.39,8.76,0
US-Oho,-83.8438,41.5545,2017,1,14,0.01,-6.28,-5.82,2.57,3.79,0.03
US-Oho,-83.8438,41.5545,2017,1,15,0.62,-8.71,-7.03,1.56,5.83,0
US-Oho,-83.8438,41.5545,2017,1,16,3.19,-5.29,-2.49,2.74,3.12,1.99
US-Oho,-83.8438,41.5545,2017,1,17,9.12,1.48,4.49,6.63,4.51,10.26
US-Oho,-83.8438,41.5545,2017,1,18,4.94,-0.28,0.47,4.76,3.49,2.12
US-Oho,-83.8438,41.5545,2017,1,19,5.39,-0.89,0.25,2.6,5.34,0.15
US-Oho,-83.8438,41.5545,2017,1,20,9.2,0.26,3.97,4.32,2.97,9.82
US-Oho,-83.8438,41.5545,2017,1,21,14.81,4.72,9.29,4.57,7.42,0.44
US-Oho,-83.8438,41.5545,2017,1,22,12.32,4.28,7.33,3.16,8.47,0.42
US-Oho,-83.8438,41.5545,2017,1,23,5.88,2.62,3.64,4.54,3.48,6.42
US-Oho,-83.8438,41.5545,2017,1,24,6.19,0.21,1.5,3.97,3.19,0.46
US-Oho,-83.8438,41.5545,2017,1,25,10.49,-1.76,1.78,6.29,5.08,0.25
US-Oho,-83.8438,41.5545,2017,1,26,3.77,-1.44,-1.36,8.67,3.87,0.37
US-Oho,-83.8438,41.5545,2017,1,27,0.15,-4.08,-4.82,7.84,3.91,0.07
US-Oho,-83.8438,41.5545,2017,1,28,-0.68,-4.11,-5.1,7.04,1.99,0.12
US-Oho,-83.8438,41.5545,2017,1,29,-0.71,-4.66,-5.71,5.12,4.97,0.19
US-Oho,-83.8438,41.5545,2017,1,30,-2.63,-7.71,-7.96,4.43,7.24,1.11
US-Oho,-83.8438,41.5545,2017,1,31,2.97,-3.83,-1.52,7.93,3.73,3.03
US-Oho,-83.8438,41.5545,2017,2,1,2.37,-1.26,-1.8,4.73,8.68,0.25
US-Oho,-83.8438,41.5545,2017,2,2,-1.9,-10.83,-10.12,6.13,12.65,0
US-Oho,-83.8438,41.5545,2017,2,3,-3.44,-11.23,-11.37,5.42,9.49,0
US-Oho,-83.8438,41.5545,2017,2,4,-1.05,-11.27,-10.13,5.14,9.96,0
US-Oho,-83.8438,41.5545,2017,2,5,4.8,-3.55,-3.33,5.68,10.85,0
US-Oho,-83.8438,41.5545,2017,2,6,9.92,-4.41,0.1,2.98,12.02,0.7
US-Oho,-83.8438,41.5545,2017,2,7,14.1,2,7.48,7.25,3.08,21.82
US-Oho,-83.8438,41.5545,2017,2,8,2.25,-4.7,-3.99,4.7,3.92,1.58
US-Oho,-83.8438,41.5545,2017,2,9,-4.54,-8.48,-11.7,7.65,7.92,0.17
US-Oho,-83.8438,41.5545,2017,2,10,3.34,-8.01,-6.46,7.59,6.22,0.07
US-Oho,-83.8438,41.5545,2017,2,11,9.62,0.62,2.46,3.8,6.39,1.46
US-Oho,-83.8438,41.5545,2017,2,12,9.15,-1.51,-0.94,8.33,7.86,4.34
US-Oho,-83.8438,41.5545,2017,2,13,6.16,-3.64,-4.3,4.72,14.62,0
US-Oho,-83.8438,41.5545,2017,2,14,9.05,-1.68,-1.1,6.87,13.72,0.01
US-Oho,-83.8438,41.5545,2017,2,15,0.32,-4.15,-5.71,6.86,5.82,0
US-Oho,-83.8438,41.5545,2017,2,16,-0.6,-4.3,-7.58,3.5,13.17,0
US-Oho,-83.8438,41.5545,2017,2,17,10.87,-2.62,1.21,4.45,13.35,0
US-Oho,-83.8438,41.5545,2017,2,18,17.78,3.03,6.96,6.16,14.45,0
US-Oho,-83.8438,41.5545,2017,2,19,16.63,2.44,4.12,3.93,14.95,0.01
US-Oho,-83.8438,41.5545,2017,2,20,14.8,0.49,3.53,4.54,12.93,0
US-Oho,-83.8438,41.5545,2017,2,21,14.92,5.73,9.63,3.07,6.26,0.02
US-Oho,-83.8438,41.5545,2017,2,22,18.78,9.56,12.43,5.56,6.42,0.01
US-Oho,-83.8438,41.5545,2017,2,23,19.08,8.01,10.08,5.43,12.54,0.78
US-Oho,-83.8438,41.5545,2017,2,24,21.21,7.9,12.83,7.41,11,9.98
US-Oho,-83.8438,41.5545,2017,2,25,6.83,-4.64,-4.12,8.44,8.13,0.16
US-Oho,-83.8438,41.5545,2017,2,26,5.37,-5.56,-5.85,6.39,16.85,0
US-Oho,-83.8438,41.5545,2017,2,27,10.1,-2.12,0.62,3.97,12.88,0.57
US-Oho,-83.8438,41.5545,2017,2,28,15.23,3.28,8.28,7.69,5.55,11.99
US-Oho,-83.8438,41.5545,2017,3,1,17.11,-1.99,7.19,12.27,7.39,8.46
US-Oho,-83.8438,41.5545,2017,3,2,1.93,-5.1,-6.34,6.08,11.56,0.05
US-Oho,-83.8438,41.5545,2017,3,3,-1.42,-5.96,-8.87,5.62,13.83,0.01
US-Oho,-83.8438,41.5545,2017,3,4,1.15,-5.97,-9.18,3.94,15.7,0
US-Oho,-83.8438,41.5545,2017,3,5,10.6,-4.56,-2.05,5.97,17.02,0
US-Oho,-83.8438,41.5545,2017,3,6,13.6,4.77,8.56,8.05,5.68,2.58
US-Oho,-83.8438,41.5545,2017,3,7,13.92,1.61,5.85,8.89,6.71,2.32
US-Oho,-83.8438,41.5545,2017,3,8,11.97,0.54,-3.05,12.32,19.11,0
US-Oho,-83.8438,41.5545,2017,3,9,8.17,-1.8,-2.34,3.41,11.83,0.13
US-Oho,-83.8438,41.5545,2017,3,10,-0.32,-7.17,-9.22,7.54,17.46,0.03
US-Oho,-83.8438,41.5545,2017,3,11,-0.53,-7.2,-11.4,5.44,18.62,0
US-Oho,-83.8438,41.5545,2017,3,12,-0.32,-7.79,-10.05,3.71,19.9,0.01
US-Oho,-83.8438,41.5545,2017,3,13,-2.89,-6.29,-7.99,6.93,5.16,2.83
US-Oho,-83.8438,41.5545,2017,3,14,-4.14,-8.73,-11.2,7.73,12.98,0.02
US-Oho,-83.8438,41.5545,2017,3,15,-0.97,-11.31,-9.87,7.53,18.66,0.01
US-Oho,-83.8438,41.5545,2017,3,16,4.8,-8.51,-6.21,4.47,20.64,0.01
US-Oho,-83.8438,41.5545,2017,3,17,3.16,-2.52,-2.02,4.24,3.07,4.21
US-Oho,-83.8438,41.5545,2017,3,18,5.06,-0.26,1.02,4.97,6.61,1.69
US-Oho,-83.8438,41.5545,2017,3,19,6.61,-1.62,-0.95,2.8,6.89,0.06
US-Oho,-83.8438,41.5545,2017,3,20,7.59,-1.27,1.31,3.29,7.51,2.89
US-Oho,-83.8438,41.5545,2017,3,21,14.11,-4.61,-0.44,5.44,15.73,0.02
US-Oho,-83.8438,41.5545,2017,3,22,2.26,-6.26,-8.86,4.56,22.27,0
US-Oho,-83.8438,41.5545,2017,3,23,9.48,-5.09,-5.19,4.71,21.35,3.78
US-Oho,-83.8438,41.5545,2017,3,24,23.28,5.47,12.03,9.46,18.01,1.37
US-Oho,-83.8438,41.5545,2017,3,25,16.35,4.76,9.71,4.54,10.51,0.26
US-Oho,-83.8438,41.5545,2017,3,26,15.3,5.1,10.16,3.66,8.85,12.82
US-Oho,-83.8438,41.5545,2017,3,27,17.34,8.65,10.04,3.65,10.16,0.5
US-Oho,-83.8438,41.5545,2017,3,28,10.26,2.34,5.61,4.33,6.87,0.19
US-Oho,-83.8438,41.5545,2017,3,29,13.1,-0.31,1.72,5.17,19.92,1.93
US-Oho,-83.8438,41.5545,2017,3,30,14.27,4.18,7.27,6.62,5.52,25.97
US-Oho,-83.8438,41.5545,2017,3,31,12.91,2.13,5.97,5.07,4.44,6.06
US-Oho,-83.8438,41.5545,2017,4,1,13.37,0.92,1.79,3.54,17.49,2.35
US-Oho,-83.8438,41.5545,2017,4,2,14.02,1.84,3.2,3.29,15.48,0
US-Oho,-83.8438,41.5545,2017,4,3,18.44,4.91,9.85,4.55,5.44,6.04
US-Oho,-83.8438,41.5545,2017,4,4,12.44,3.7,7.1,8.38,8.2,1.14
US-Oho,-83.8438,41.5545,2017,4,5,14.63,2.5,5.05,7.53,13.14,11.99
US-Oho,-83.8438,41.5545,2017,4,6,7.55,1.88,2.37,9.01,5.71,12.01
US-Oho,-83.8438,41.5545,2017,4,7,10.68,1.08,-0.58,7.02,23.4,1
US-Oho,-83.8438,41.5545,2017,4,8,15.68,-2.61,0.2,3.49,25.17,0
US-Oho,-83.8438,41.5545,2017,4,9,22.52,5.11,7.87,7.18,22.44,0
US-Oho,-83.8438,41.5545,2017,4,10,22.15,13.23,14.01,7.98,13,6.03
US-Oho,-83.8438,41.5545,2017,4,11,18.48,6.12,10.53,5.3,18.52,1.71
US-Oho,-83.8438,41.5545,2017,4,12,15.99,2.75,5.02,3.23,24.19,0.01
US-Oho,-83.8438,41.5545,2017,4,13,15.07,5.3,4.47,5.02,11.87,0.09
US-Oho,-83.8438,41.5545,2017,4,14,18.26,5.77,6.49,4.57,18.56,0.28
US-Oho,-83.8438,41.5545,2017,4,15,25.29,9.87,13.89,6.98,17.26,0.13
US-Oho,-83.8438,41.5545,2017,4,16,23.95,10.07,13.53,7.7,16.4,0.14
US-Oho,-83.8438,41.5545,2017,4,17,20.92,6.58,7.07,3.44,22.76,0
US-Oho,-83.8438,41.5545,2017,4,18,22.46,5.91,8.23,4.65,24.68,0.01
US-Oho,-83.8438,41.5545,2017,4,19,23.89,12.1,15.62,5.62,13.08,10.09
US-Oho,-83.8438,41.5545,2017,4,20,25.26,9.63,13.95,6.15,16.63,11.89
US-Oho,-83.8438,41.5545,2017,4,21,13.31,5.52,5.66,5.53,14.27,0.01
US-Oho,-83.8438,41.5545,2017,4,22,12.61,3.69,3.53,4.36,17.87,0
US-Oho,-83.8438,41.5545,2017,4,23,19.23,2.04,3.6,2.94,25.86,0
US-Oho,-83.8438,41.5545,2017,4,24,20.5,4.52,7.01,5.85,27.39,0
US-Oho,-83.8438,41.5545,2017,4,25,23.86,8.73,12.11,4.28,21.59,0
US-Oho,-83.8438,41.5545,2017,4,26,26.86,12.71,14.59,6.39,24.13,0.45
US-Oho,-83.8438,41.5545,2017,4,27,20.63,8.11,11.52,8.48,16.38,2.19
US-Oho,-83.8438,41.5545,2017,4,28,16.75,6.24,8.33,3.93,13.05,4.61
US-Oho,-83.8438,41.5545,2017,4,29,10.92,6.96,7.19,6.15,5.86,11.23
US-Oho,-83.8438,41.5545,2017,4,30,22.97,7.54,15.12,5.74,9.29,4.62
US-Oho,-83.8438,41.5545,2017,5,1,19.71,8.25,10.55,9.4,14.25,11.18
US-Oho,-83.8438,41.5545,2017,5,2,11.97,4.11,4.02,9.2,11.62,1.29
US-Oho,-83.8438,41.5545,2017,5,3,13.91,1.68,3.1,3.26,24.38,0.02
US-Oho,-83.8438,41.5545,2017,5,4,10.85,5.44,6.16,7.69,5.04,32.8
US-Oho,-83.8438,41.5545,2017,5,5,9.72,4.77,4.79,9.22,4.3,26.43
US-Oho,-83.8438,41.5545,2017,5,6,15.17,3.74,4.51,6.19,21.28,0.1
US-Oho,-83.8438,41.5545,2017,5,7,13.66,0.52,0.59,6.24,28.58,0
US-Oho,-83.8438,41.5545,2017,5,8,13.98,-2.01,-0.05,4.13,30.66,0
US-Oho,-83.8438,41.5545,2017,5,9,16.52,1.22,3.39,1.89,23.14,0
US-Oho,-83.8438,41.5545,2017,5,10,19.85,5.96,6.31,4.25,22.4,2.17
US-Oho,-83.8438,41.5545,2017,5,11,18.02,7.78,8.61,5.47,15.27,6.81
US-Oho,-83.8438,41.5545,2017,5,12,19.01,6.2,8.41,3.75,25.02,0.04
US-Oho,-83.8438,41.5545,2017,5,13,22.25,6.49,10.03,3.33,26.34,0.03
US-Oho,-83.8438,41.5545,2017,5,14,22.79,8.79,9.95,4.77,26.64,0.03
US-Oho,-83.8438,41.5545,2017,5,15,22.12,6.95,7.65,3,28.68,0
US-Oho,-83.8438,41.5545,2017,5,16,28.26,11.8,15.65,5.82,26.6,0.33
US-Oho,-83.8438,41.5545,2017,5,17,28.23,19.15,18.36,7.98,21.94,0.01
US-Oho,-83.8438,41.5545,2017,5,18,28.84,15.74,18.35,8.19,23.82,0.9
US-Oho,-83.8438,41.5545,2017,5,19,16.3,8.63,8.31,5.56,11.49,8.57
US-Oho,-83.8438,41.5545,2017,5,20,19.77,9.01,12.83,5.77,13.73,9.33
US-Oho,-83.8438,41.5545,2017,5,21,24.23,11.99,16.69,5.47,15.05,5.41
US-Oho,-83.8438,41.5545,2017,5,22,20.96,8.32,9.28,4.93,27.08,0.01
US-Oho,-83.8438,41.5545,2017,5,23,22.92,10.91,11.1,2.91,20.67,0.03
US-Oho,-83.8438,41.5545,2017,5,24,20.13,12.27,13.97,4.3,10.93,5.88
US-Oho,-83.8438,41.5545,2017,5,25,20.13,13.53,14.57,3.09,9.76,7.05
US-Oho,-83.8438,41.5545,2017,5,26,22.69,11.95,13.09,3.64,17.03,2.01
US-Oho,-83.8438,41.5545,2017,5,27,24.1,13.94,14.67,3.92,22.04,6.83
US-Oho,-83.8438,41.5545,2017,5,28,24.02,12.38,14.99,2.41,15.75,12.35
US-Oho,-83.8438,41.5545,2017,5,29,25.99,12.85,14.47,4.74,26.49,0.75
US-Oho,-83.8438,41.5545,2017,5,30,22.64,12.8,11.95,5.1,23.88,0.17
US-Oho,-83.8438,41.5545,2017,5,31,22.92,11.89,11.31,5.48,29.6,0.43
US-Oho,-83.8438,41.5545,2017,6,1,24.04,10.07,10.43,3.64,31,0
US-Oho,-83.8438,41.5545,2017,6,2,25.99,11.14,10.04,2.81,29.8,0.03
US-Oho,-83.8438,41.5545,2017,6,3,27.98,11.52,13.85,1.9,21.87,0
US-Oho,-83.8438,41.5545,2017,6,4,24.89,18.27,19.27,5.4,17.28,1
US-Oho,-83.8438,41.5545,2017,6,5,23.36,12.01,14.74,4.28,23.28,0.01
US-Oho,-83.8438,41.5545,2017,6,6,21.05,10.3,11.25,5.48,21.68,0.14
US-Oho,-83.8438,41.5545,2017,6,7,20.24,10.9,10.22,5.22,26.86,0.11
US-Oho,-83.8438,41.5545,2017,6,8,23.39,11.11,11.83,1.87,28.7,0.03
US-Oho,-83.8438,41.5545,2017,6,9,24.72,12.55,14.85,5.07,15.51,0.11
US-Oho,-83.8438,41.5545,2017,6,10,28.35,18.05,17.02,6.09,27.34,0.15
US-Oho,-83.8438,41.5545,2017,6,11,29.72,17.2,18.23,6.31,29.27,0
US-Oho,-83.8438,41.5545,2017,6,12,30.93,19.62,20.23,5.26,27.82,0
US-Oho,-83.8438,41.5545,2017,6,13,29.66,21.47,22.34,3.36,22.59,9.36
US-Oho,-83.8438,41.5545,2017,6,14,28.45,20.13,21.33,1.89,20.59,2.09
US-Oho,-83.8438,41.5545,2017,6,15,28.6,20.48,20.58,2.69,19.59,0.2
US-Oho,-83.8438,41.5545,2017,6,16,29.36,18.39,19.52,2.51,23.31,3.88
US-Oho,-83.8438,41.5545,2017,6,17,29.91,18.94,20.25,5.49,20.87,0.93
US-Oho,-83.8438,41.5545,2017,6,18,25.93,18.95,19.58,5.87,16.84,1.84
US-Oho,-83.8438,41.5545,2017,6,19,24.35,15.68,15.89,4.08,21.32,5.22
US-Oho,-83.8438,41.5545,2017,6,20,25.59,14.16,14.51,4.6,28.53,1.12
US-Oho,-83.8438,41.5545,2017,6,21,25.74,13.54,14.21,1.75,26.63,0.08
US-Oho,-83.8438,41.5545,2017,6,22,29.39,18.1,20.17,5.62,15.27,9.64
US-Oho,-83.8438,41.5545,2017,6,23,25.61,16.31,19.51,5.49,9.15,12.8
US-Oho,-83.8438,41.5545,2017,6,24,24.7,14.12,13.7,5.22,27.48,0
US-Oho,-83.8438,41.5545,2017,6,25,22.01,12.41,11.27,5.17,25.43,0
US-Oho,-83.8438,41.5545,2017,6,26,20.95,11.49,11.13,4.78,22.72,1.88
US-Oho,-83.8438,41.5545,2017,6,27,21.8,9.21,10.36,3.77,27.91,0.07
US-Oho,-83.8438,41.5545,2017,6,28,24.63,11.45,12.68,5.47,23.97,0
US-Oho,-83.8438,41.5545,2017,6,29,27.02,18.2,19.71,7.09,18.78,18.99
US-Oho,-83.8438,41.5545,2017,6,30,28.02,21.24,21.58,4.27,15.44,30.23
US-Oho,-83.8438,41.5545,2017,7,1,27.53,19.68,19.14,4.36,23.29,3.74
US-Oho,-83.8438,41.5545,2017,7,2,27.39,15.65,17.08,3.68,29.61,0.19
US-Oho,-83.8438,41.5545,2017,7,3,26.62,17.67,18.76,2.42,21.39,2.42
US-Oho,-83.8438,41.5545,2017,7,4,26.56,16.79,16.15,3.96,27.92,0.01
US-Oho,-83.8438,41.5545,2017,7,5,27.27,15.2,15.89,2.61,27.45,0
US-Oho,-83.8438,41.5545,2017,7,6,27.51,17.91,18.75,2.33,18.11,2.28
US-Oho,-83.8438,41.5545,2017,7,7,26.57,18.64,21.06,4.59,10.36,7.03
US-Oho,-83.8438,41.5545,2017,7,8,25.12,16.09,15.01,3.86,28.56,0.04
US-Oho,-83.8438,41.5545,2017,7,9,25.74,12.94,13.31,3.21,29.14,0.28
US-Oho,-83.8438,41.5545,2017,7,10,24.82,18.55,20.54,4.3,8.02,32.11
US-Oho,-83.8438,41.5545,2017,7,11,29.59,20.41,22.81,3.05,17.79,11.84
US-Oho,-83.8438,41.5545,2017,7,12,28.88,22.48,22.19,5.69,13.93,10.36
US-Oho,-83.8438,41.5545,2017,7,13,28.54,21.29,23.08,4.97,11.33,19.73
US-Oho,-83.8438,41.5545,2017,7,14,27.13,17.49,18.86,3.57,24.51,0.04
US-Oho,-83.8438,41.5545,2017,7,15,25.9,15.23,16.58,2.6,26.18,0.01
US-Oho,-83.8438,41.5545,2017,7,16,26.65,17.07,18.59,4.11,23.17,2.36
US-Oho,-83.8438,41.5545,2017,7,17,26.48,14.99,16.27,2.35,27.58,0.05
US-Oho,-83.8438,41.5545,2017,7,18,29.45,15.94,19.3,1.88,26.23,0
US-Oho,-83.8438,41.5545,2017,7,19,30.81,20.05,21.27,2.6,25.08,0.19
US-Oho,-83.8438,41.5545,2017,7,20,30.74,22.52,23.42,3.27,19.55,1.74
US-Oho,-83.8438,41.5545,2017,7,21,30.2,21,21.44,2.13,22.27,0.04
US-Oho,-83.8438,41.5545,2017,7,22,29.7,21.72,22.37,4.62,17,11.36
US-Oho,-83.8438,41.5545,2017,7,23,28.23,19.23,20.6,2.19,18.28,4.99
US-Oho,-83.8438,41.5545,2017,7,24,24.5,14.79,15.54,3.97,15.71,0.12
US-Oho,-83.8438,41.5545,2017,7,25,25.42,13.01,13.75,2.85,28.63,0
US-Oho,-83.8438,41.5545,2017,7,26,27,13.89,16.77,2.55,23.9,0
US-Oho,-83.8438,41.5545,2017,7,27,30,17.87,18.45,2.38,17.86,0.19
US-Oho,-83.8438,41.5545,2017,7,28,26.64,15.56,15.73,5.5,16.04,0.3
US-Oho,-83.8438,41.5545,2017,7,29,26.41,14.03,13.16,5.1,28.73,0.01
US-Oho,-83.8438,41.5545,2017,7,30,29.54,14.96,14.75,2.16,27.78,0
US-Oho,-83.8438,41.5545,2017,7,31,29.91,17.01,16.1,2.34,27.08,0
US-Oho,-83.8438,41.5545,2017,8,1,28.53,17.68,16.07,2.41,25.13,0.48
US-Oho,-83.8438,41.5545,2017,8,2,28.48,18.39,18.45,2.93,22.41,3.17
US-Oho,-83.8438,41.5545,2017,8,3,27.97,17.8,19.23,3.28,19.7,5.8
US-Oho,-83.8438,41.5545,2017,8,4,21.65,14.11,15.14,7.23,18.84,2
US-Oho,-83.8438,41.5545,2017,8,5,24.92,13.21,13.55,4.39,22.19,1.87
US-Oho,-83.8438,41.5545,2017,8,6,25.87,14.88,13.96,2.88,12.65,0.18
US-Oho,-83.8438,41.5545,2017,8,7,25.74,15.38,14.5,2.35,18.95,0.11
US-Oho,-83.8438,41.5545,2017,8,8,28.36,13.27,13.41,2.25,26.43,0
US-Oho,-83.8438,41.5545,2017,8,9,28.57,15.58,13.72,1.96,24.5,0.02
US-Oho,-83.8438,41.5545,2017,8,10,28.93,16.7,12.82,2.29,24.47,0.1
US-Oho,-83.8438,41.5545,2017,8,11,27.38,17.45,17.02,4.26,16.13,3.44
US-Oho,-83.8438,41.5545,2017,8,12,26.7,14.14,14.57,3.63,22.9,0.07
US-Oho,-83.8438,41.5545,2017,8,13,27.12,15,15.31,1.56,22.18,0.02
US-Oho,-83.8438,41.5545,2017,8,14,29.19,16.49,15.19,2.68,20.92,0.26
US-Oho,-83.8438,41.5545,2017,8,15,30.32,17.41,17.75,2.84,20.77,0.27
US-Oho,-83.8438,41.5545,2017,8,16,30.74,19.6,18.84,3.16,23.78,1.61
US-Oho,-83.8438,41.5545,2017,8,17,29.72,20.8,21.86,5.39,13.11,13.35
US-Oho,-83.8438,41.5545,2017,8,18,27.66,18.39,17.38,5.13,18.27,2.17
US-Oho,-83.8438,41.5545,2017,8,19,28.58,16.36,15.11,2.45,23.52,1.19
US-Oho,-83.8438,41.5545,2017,8,20,30.84,18.02,16.56,1.79,23.13,0.73
US-Oho,-83.8438,41.5545,2017,8,21,30.27,20.4,20.79,3.49,20.47,3.14
US-Oho,-83.8438,41.5545,2017,8,22,27.34,15.62,17.87,5.59,12.56,2.2
US-Oho,-83.8438,41.5545,2017,8,23,26.04,13.49,11.37,4.07,21.31,0.01
US-Oho,-83.8438,41.5545,2017,8,24,23.87,12.32,9.42,3.18,16.57,0.03
US-Oho,-83.8438,41.5545,2017,8,25,23.95,11.19,9.77,2.61,21.95,0
US-Oho,-83.8438,41.5545,2017,8,26,25.26,13.03,8.96,2.64,23.06,0
US-Oho,-83.8438,41.5545,2017,8,27,27.07,14.88,10.92,2.99,20.91,0
US-Oho,-83.8438,41.5545,2017,8,28,25.53,16.63,16.47,1.83,6.62,6.52
US-Oho,-83.8438,41.5545,2017,8,29,24.88,15.73,16.34,1.62,10.87,6.79
US-Oho,-83.8438,41.5545,2017,8,30,28,15.4,15.18,1.86,20.19,0.13
US-Oho,-83.8438,41.5545,2017,8,31,23.33,13.25,12.68,4.73,11.82,0
US-Oho,-83.8438,41.5545,2017,9,1,19.36,12.68,8.63,6.53,15.71,0
US-Oho,-83.8438,41.5545,2017,9,2,22.54,12.1,11.94,3.13,9.99,0.34
US-Oho,-83.8438,41.5545,2017,9,3,26.92,11.51,10.89,4.05,21.17,0.18
US-Oho,-83.8438,41.5545,2017,9,4,29.92,13.65,14.84,6.65,15.02,10.95
US-Oho,-83.8438,41.5545,2017,9,5,23.01,11.64,11.39,4.13,18.71,0.34
US-Oho,-83.8438,41.5545,2017,9,6,19.48,8.7,8.48,2.72,14.67,1.6
US-Oho,-83.8438,41.5545,2017,9,7,18.85,8.9,10.23,3.93,13.52,4.85
US-Oho,-83.8438,41.5545,2017,9,8,21.94,9.62,9.33,3.58,16.02,0.07
US-Oho,-83.8438,41.5545,2017,9,9,20.67,8.44,6.45,3.63,22.85,0
US-Oho,-83.8438,41.5545,2017,9,10,21.81,8.13,7.9,3.4,21.33,0
US-Oho,-83.8438,41.5545,2017,9,11,23.89,8.78,9.92,2.95,16.55,0
US-Oho,-83.8438,41.5545,2017,9,12,25.99,12.67,12.78,3.76,17.15,0.14
US-Oho,-83.8438,41.5545,2017,9,13,25.57,14.63,15.01,2.95,10.44,1.58
US-Oho,-83.8438,41.5545,2017,9,14,25.67,14.71,14.52,1.34,13.53,0.56
US-Oho,-83.8438,41.5545,2017,9,15,27.97,13.63,14.6,2.05,18.67,0
US-Oho,-83.8438,41.5545,2017,9,16,29.1,14.5,14.92,2.32,18.94,0
US-Oho,-83.8438,41.5545,2017,9,17,30.6,15.49,14.63,2.61,19.03,0.12
US-Oho,-83.8438,41.5545,2017,9,18,25.21,18.75,18.56,1.86,7.29,5.12
US-Oho,-83.8438,41.5545,2017,9,19,25.26,18.2,19.1,2.54,5.87,18.47
US-Oho,-83.8438,41.5545,2017,9,20,29.62,17.56,18.28,1.9,16.71,0.2
US-Oho,-83.8438,41.5545,2017,9,21,32.46,18.54,19.22,2.42,17.55,0.01
US-Oho,-83.8438,41.5545,2017,9,22,32.15,20.1,18.53,2.14,18.25,0.03
US-Oho,-83.8438,41.5545,2017,9,23,33.15,18.36,15.8,2.28,18.75,0
US-Oho,-83.8438,41.5545,2017,9,24,33.34,18.07,17.35,2.58,18.46,0
US-Oho,-83.8438,41.5545,2017,9,25,33.01,18.91,17.47,1.77,16.8,0
US-Oho,-83.8438,41.5545,2017,9,26,32.87,18.19,16.07,2.65,18.19,0
US-Oho,-83.8438,41.5545,2017,9,27,28.81,14.17,13.63,4.89,15.11,0.02
US-Oho,-83.8438,41.5545,2017,9,28,21.37,11.52,7.78,3.32,16.65,0.01
US-Oho,-83.8438,41.5545,2017,9,29,22.19,10.15,7.73,5.11,15.3,0.09
US-Oho,-83.8438,41.5545,2017,9,30,19.62,7.86,6.11,3.5,18.48,0.02
US-Oho,-83.8438,41.5545,2017,10,1,22.09,4.75,4.75,2.84,18.36,0
US-Oho,-83.8438,41.5545,2017,10,2,25.85,7.87,7.17,2.82,18.08,0.01
US-Oho,-83.8438,41.5545,2017,10,3,29.6,11.36,11.93,5.03,16.99,0.21
US-Oho,-83.8438,41.5545,2017,10,4,25.94,17.05,17.42,5.57,8.22,1.73
US-Oho,-83.8438,41.5545,2017,10,5,26.45,14.98,12.24,1.98,12.97,0.25
US-Oho,-83.8438,41.5545,2017,10,6,21.7,16.21,17.13,2.65,4.38,9.83
US-Oho,-83.8438,41.5545,2017,10,7,28.6,16.26,16.34,8.15,14.51,11.39
US-Oho,-83.8438,41.5545,2017,10,8,25.31,13.14,13,4.36,12.78,4.13
US-Oho,-83.8438,41.5545,2017,10,9,26.15,14.67,12.98,3.18,15.27,1.29
US-Oho,-83.8438,41.5545,2017,10,10,24.24,12.24,12.87,3.34,9.83,1.51
US-Oho,-83.8438,41.5545,2017,10,11,19.11,11.35,13.7,6.59,2.31,16.68
US-Oho,-83.8438,41.5545,2017,10,12,17.93,11.02,12.21,2.42,4.01,1.4
US-Oho,-83.8438,41.5545,2017,10,13,22.73,10.99,12.12,2.3,11.84,0.04
US-Oho,-83.8438,41.5545,2017,10,14,25.97,12.96,13.12,4.17,8.57,1.39
US-Oho,-83.8438,41.5545,2017,10,15,22.42,7.13,12.01,8.66,4.81,1.12
US-Oho,-83.8438,41.5545,2017,10,16,14.56,5.01,4.23,2.35,12.02,0.03
US-Oho,-83.8438,41.5545,2017,10,17,20.41,4.78,3.51,5.54,15.55,0
US-Oho,-83.8438,41.5545,2017,10,18,21.29,5.21,5.43,5.04,15.82,0
US-Oho,-83.8438,41.5545,2017,10,19,22.63,8.56,7.1,4.89,14.45,0
US-Oho,-83.8438,41.5545,2017,10,20,23.95,7.24,4.86,3.08,14.82,0.02
US-Oho,-83.8438,41.5545,2017,10,21,23.69,10.92,10.87,3.97,10.82,0
US-Oho,-83.8438,41.5545,2017,10,22,25.43,10.24,11.3,5.85,13.83,0.02
US-Oho,-83.8438,41.5545,2017,10,23,19.17,9.38,12.25,6.67,2.27,12.45
US-Oho,-83.8438,41.5545,2017,10,24,12.59,5.61,5.13,8.45,6.48,4.15
US-Oho,-83.8438,41.5545,2017,10,25,10.24,1.34,0.78,4.6,8.59,0.38
US-Oho,-83.8438,41.5545,2017,10,26,12.19,0.42,0.88,3.1,12.17,0.02
US-Oho,-83.8438,41.5545,2017,10,27,14.1,1.19,3.58,6.22,7.56,7.83
US-Oho,-83.8438,41.5545,2017,10,28,6.76,-0.24,-0.21,4.54,5.49,1.19
US-Oho,-83.8438,41.5545,2017,10,29,8.7,-0.83,0.27,3.64,7.02,0.07
US-Oho,-83.8438,41.5545,2017,10,30,8.69,-1.45,-0.67,7.33,3.69,0.86
US-Oho,-83.8438,41.5545,2017,10,31,6.33,0.07,-2.83,5.23,8.32,0.02
US-Oho,-83.8438,41.5545,2017,11,1,8.7,0.41,1.13,3.5,3.23,10.64
US-Oho,-83.8438,41.5545,2017,11,2,15.93,10.74,13.11,6.15,3.97,14.89
US-Oho,-83.8438,41.5545,2017,11,3,11.89,4.09,4.2,4.81,8.33,0.55
US-Oho,-83.8438,41.5545,2017,11,4,13.97,4.05,7.59,3.91,4.23,2.19
US-Oho,-83.8438,41.5545,2017,11,5,21.47,8.25,14.03,5.75,1.22,43.09
US-Oho,-83.8438,41.5545,2017,11,6,9.82,3.51,2.42,3.81,7.18,0.5
US-Oho,-83.8438,41.5545,2017,11,7,9.5,0.76,1.04,3.95,10.25,0.06
US-Oho,-83.8438,41.5545,2017,11,8,9.38,-2.29,-2.28,2.09,12.01,0
US-Oho,-83.8438,41.5545,2017,11,9,10.69,-3.86,-3.17,6.69,7.49,0.01
US-Oho,-83.8438,41.5545,2017,11,10,-1.24,-6.52,-9.45,4.28,11.05,0
US-Oho,-83.8438,41.5545,2017,11,11,1.63,-5.06,-7.54,3.09,9.47,0.02
US-Oho,-83.8438,41.5545,2017,11,12,4.55,-1.84,-1.39,2.39,3.41,3.86
US-Oho,-83.8438,41.5545,2017,11,13,7.39,-1.24,0.17,2.64,4.62,0.11
US-Oho,-83.8438,41.5545,2017,11,14,9.2,-0.98,0.82,2.55,7.99,0.04
US-Oho,-83.8438,41.5545,2017,11,15,8.16,0.24,2.56,6.28,2.42,6.84
US-Oho,-83.8438,41.5545,2017,11,16,5.76,-1.79,-0.43,5.7,4.01,0.11
US-Oho,-83.8438,41.5545,2017,11,17,7.84,-2.43,-0.44,4.77,6.76,3.93
US-Oho,-83.8438,41.5545,2017,11,18,16.07,1.6,6,6.97,1.44,43.33
US-Oho,-83.8438,41.5545,2017,11,19,3.56,-4.7,-3.04,6.89,4.34,0.21
US-Oho,-83.8438,41.5545,2017,11,20,7.68,-4.81,-3.07,7.48,10.16,0
US-Oho,-83.8438,41.5545,2017,11,21,9,-1.64,0.18,7.31,7.47,0.87
US-Oho,-83.8438,41.5545,2017,11,22,2.16,-4.38,-5.47,2.96,6.46,0.04
US-Oho,-83.8438,41.5545,2017,11,23,4.64,-3.66,-3.55,4.35,4.72,0
US-Oho,-83.8438,41.5545,2017,11,24,11.16,-2.43,-0.1,6.75,9.77,0
US-Oho,-83.8438,41.5545,2017,11,25,10.08,-1.6,1.63,6.31,7.19,0
US-Oho,-83.8438,41.5545,2017,11,26,6.51,-3.96,-2.29,4.27,10.04,0
US-Oho,-83.8438,41.5545,2017,11,27,11.11,-2.35,2.1,3.38,7.92,0
US-Oho,-83.8438,41.5545,2017,11,28,16.08,4.3,5,7.74,9.3,0
US-Oho,-83.8438,41.5545,2017,11,29,8.6,0.04,0.21,3.63,9.98,0
US-Oho,-83.8438,41.5545,2017,11,30,10.93,-0.74,1.71,5.15,4.26,2.35
US-Oho,-83.8438,41.5545,2017,12,1,8.69,-1.87,-1.02,1.82,9,0
US-Oho,-83.8438,41.5545,2017,12,2,10.31,-1.56,-0.13,3.39,8.23,0
US-Oho,-83.8438,41.5545,2017,12,3,12.39,-1.59,0.55,2.68,9.06,0
US-Oho,-83.8438,41.5545,2017,12,4,12.42,1.76,4.06,7.52,3.95,0.09
US-Oho,-83.8438,41.5545,2017,12,5,12.1,-3.23,-1.61,10.7,3.74,1.14
US-Oho,-83.8438,41.5545,2017,12,6,3.56,-4.35,-6.53,7.69,6.2,0.01
US-Oho,-83.8438,41.5545,2017,12,7,-1.54,-4.92,-6.62,6.2,4.08,0.13
US-Oho,-83.8438,41.5545,2017,12,8,0.19,-6.3,-9.04,6.53,9.36,0
US-Oho,-83.8438,41.5545,2017,12,9,-1.76,-6.24,-6.42,4.64,3.82,1.19
US-Oho,-83.8438,41.5545,2017,12,10,-0.09,-6,-6.21,5.2,4.04,0.06
US-Oho,-83.8438,41.5545,2017,12,11,1.13,-6.98,-4.29,3.12,3.21,0.73
US-Oho,-83.8438,41.5545,2017,12,12,-1.49,-9.05,-10.37,7.91,5.52,0.17
US-Oho,-83.8438,41.5545,2017,12,13,-2.13,-8.91,-8.28,5.57,2.06,4.56
US-Oho,-83.8438,41.5545,2017,12,14,-4.37,-10.3,-10.66,3.98,5.92,0.05
US-Oho,-83.8438,41.5545,2017,12,15,-2.12,-9.53,-8.21,6.66,2.27,0.06
US-Oho,-83.8438,41.5545,2017,12,16,4.78,-2.62,-1.97,4.48,4.53,0.03
US-Oho,-83.8438,41.5545,2017,12,17,1.98,-2.07,-0.28,3.44,2.29,0.02
US-Oho,-83.8438,41.5545,2017,12,18,7.16,-0.53,2.31,6.55,2,0.17
US-Oho,-83.8438,41.5545,2017,12,19,5.84,-1.06,2.07,7.42,5.46,0.02
US-Oho,-83.8438,41.5545,2017,12,20,2.03,-3.63,-4.78,2.89,7.76,0
US-Oho,-83.8438,41.5545,2017,12,21,2.29,-3.24,-3.37,4.18,3.58,0.1
US-Oho,-83.8438,41.5545,2017,12,22,2.5,0.42,0.28,1.4,2.46,0.46
US-Oho,-83.8438,41.5545,2017,12,23,2.17,-3.41,-2.85,4.39,3.05,4.6
US-Oho,-83.8438,41.5545,2017,12,24,-2.11,-6.07,-6.64,3.84,1.64,5.4
US-Oho,-83.8438,41.5545,2017,12,25,-6.02,-11.37,-11.1,9.26,5.65,1.17
US-Oho,-83.8438,41.5545,2017,12,26,-9.67,-13.33,-15.54,5.5,5.98,0.1
US-Oho,-83.8438,41.5545,2017,12,27,-10.35,-14.57,-16.36,3.97,7.55,0
US-Oho,-83.8438,41.5545,2017,12,28,-9.46,-17.13,-15.7,2.35,6.55,0.47
US-Oho,-83.8438,41.5545,2017,12,29,-7.53,-11.57,-12.19,4.75,5.4,0.79
US-Oho,-83.8438,41.5545,2017,12,30,-8.56,-16.44,-14.38,6.25,3.48,0.24
US-Oho,-83.8438,41.5545,2017,12,31,-8.75,-15.31,-14.75,2.46,6.47,0
US-Oho,-83.8438,41.5545,2018,1,1,-10.41,-14.59,-14.57,5.04,4.79,0
US-Oho,-83.8438,41.5545,2018,1,2,-13,-19.81,-18.03,6.99,6.87,0
US-Oho,-83.8438,41.5545,2018,1,3,-8.52,-18.54,-14.52,5.79,3.78,0.13
US-Oho,-83.8438,41.5545,2018,1,4,-10.07,-19.7,-15.97,5.86,6.08,0
US-Oho,-83.8438,41.5545,2018,1,5,-12.19,-19.61,-18.14,3.76,7.9,0.01
US-Oho,-83.8438,41.5545,2018,1,6,-10.17,-17,-16.11,3.33,7.38,0
US-Oho,-83.8438,41.5545,2018,1,7,-3.14,-17.55,-11.48,7.11,4.58,0.68
US-Oho,-83.8438,41.5545,2018,1,8,1.64,-4.36,-2.02,7.25,3.16,3.19
US-Oho,-83.8438,41.5545,2018,1,9,2.03,-5.84,-4.2,2.96,4.32,0.02
US-Oho,-83.8438,41.5545,2018,1,10,7.73,-5.94,2.13,6.87,4.35,0.78
US-Oho,-83.8438,41.5545,2018,1,11,12.97,7.99,9.66,8.76,4.96,1.87
US-Oho,-83.8438,41.5545,2018,1,12,8.93,-9.63,-5.7,9.57,1.71,10.11
US-Oho,-83.8438,41.5545,2018,1,13,-7.14,-10.92,-15.06,6.29,5.73,0.1
US-Oho,-83.8438,41.5545,2018,1,14,-5.79,-10.94,-14.58,3.13,6.53,0.04
US-Oho,-83.8438,41.5545,2018,1,15,-4.32,-10.19,-9.44,4.91,3.67,1.52
US-Oho,-83.8438,41.5545,2018,1,16,-10.31,-14.08,-14.59,5.2,5.39,1.68
US-Oho,-83.8438,41.5545,2018,1,17,-4.93,-14.56,-12.18,5.59,6.41,0.36
US-Oho,-83.8438,41.5545,2018,1,18,-1.31,-12.65,-9.48,8.71,10.42,0
US-Oho,-83.8438,41.5545,2018,1,19,2.48,-7.58,-5.25,9,9.33,0
US-Oho,-83.8438,41.5545,2018,1,20,5.43,-1.45,0.1,6.69,7.71,0.02
US-Oho,-83.8438,41.5545,2018,1,21,4.89,1.04,2.85,2.81,2.97,0.74
US-Oho,-83.8438,41.5545,2018,1,22,11.26,3.09,6.86,6.62,5.67,6.15
US-Oho,-83.8438,41.5545,2018,1,23,5.36,-4.08,-1.13,8.12,3.48,1.74
US-Oho,-83.8438,41.5545,2018,1,24,-0.42,-4.38,-5.41,3.06,5.59,0.15
US-Oho,-83.8438,41.5545,2018,1,25,2.13,-4.04,-4.46,3.67,7.41,0.02
US-Oho,-83.8438,41.5545,2018,1,26,10.41,-1.92,0.19,7.34,11.41,0
US-Oho,-83.8438,41.5545,2018,1,27,7.51,-2.29,2.13,7.41,2.27,1.45
US-Oho,-83.8438,41.5545,2018,1,28,9.35,-2.31,-2.58,2.98,11.61,0.05
US-Oho,-83.8438,41.5545,2018,1,29,-0.91,-5.84,-5.48,6.58,2.88,1.47
US-Oho,-83.8438,41.5545,2018,1,30,-2.52,-7.67,-10.41,4.97,7.11,0.03
US-Oho,-83.8438,41.5545,2018,1,31,5.33,-5.63,-3.68,7.96,8.77,0.1
US-Oho,-83.8438,41.5545,2018,2,1,1.78,-11.2,-7.55,8.04,6.6,0.01
US-Oho,-83.8438,41.5545,2018,2,2,-7.3,-12.3,-14.3,5.36,7.41,0
US-Oho,-83.8438,41.5545,2018,2,3,-0.79,-12.43,-9.28,6.87,7.01,0.27
US-Oho,-83.8438,41.5545,2018,2,4,2.8,-12.01,-4.99,7.16,3.33,4.38
US-Oho,-83.8438,41.5545,2018,2,5,-5.53,-13.48,-13.29,4.49,7.72,2.16
US-Oho,-83.8438,41.5545,2018,2,6,-4.76,-11.91,-10.47,2.44,9.33,0.41
US-Oho,-83.8438,41.5545,2018,2,7,-3.62,-8.73,-8.47,3.9,6.67,1.36
US-Oho,-83.8438,41.5545,2018,2,8,-5.02,-11.11,-10.61,4.51,8.27,0.54
US-Oho,-83.8438,41.5545,2018,2,9,1.36,-7.82,-4.71,4.16,3.41,5.18
US-Oho,-83.8438,41.5545,2018,2,10,-3.53,-5.32,-5.84,4.95,3.12,1.35
US-Oho,-83.8438,41.5545,2018,2,11,-0.93,-6.24,-4.81,4.37,3.03,1.19
US-Oho,-83.8438,41.5545,2018,2,12,-1.98,-13.9,-10.53,3.61,12.24,0
US-Oho,-83.8438,41.5545,2018,2,13,0.61,-12.06,-7.53,3.81,7.52,0
US-Oho,-83.8438,41.5545,2018,2,14,6.96,-2.47,1.49,5.1,9.59,0.12
US-Oho,-83.8438,41.5545,2018,2,15,9.97,2.57,6.85,5.47,3.8,9.44
US-Oho,-83.8438,41.5545,2018,2,16,2.22,-4.5,-3.72,4.71,10.26,0.18
US-Oho,-83.8438,41.5545,2018,2,17,1.73,-4.96,-3.92,3.86,5.6,0.95
US-Oho,-83.8438,41.5545,2018,2,18,5.51,-2.15,-2.74,4.62,9.84,0.01
US-Oho,-83.8438,41.5545,2018,2,19,14.67,-0.74,7.48,7.12,3.04,19.91
US-Oho,-83.8438,41.5545,2018,2,20,18.44,12.49,14.11,8.75,3.71,10.62
US-Oho,-83.8438,41.5545,2018,2,21,10.91,-0.84,1.6,5.3,5.2,29.95
US-Oho,-83.8438,41.5545,2018,2,22,5.23,-1.63,-1.72,6.13,7.85,1.05
US-Oho,-83.8438,41.5545,2018,2,23,12.54,0.08,3.37,4.91,5.5,5.46
US-Oho,-83.8438,41.5545,2018,2,24,6.75,-0.06,1.39,5.25,5.55,8.05
US-Oho,-83.8438,41.5545,2018,2,25,14.21,-1.75,0.9,9.89,14.12,0.58
US-Oho,-83.8438,41.5545,2018,2,26,9.92,-3.4,-2.25,4.27,17.03,0.28
US-Oho,-83.8438,41.5545,2018,2,27,14,-1.13,0.35,5.51,16.87,0
US-Oho,-83.8438,41.5545,2018,2,28,14.74,3.99,7.46,4.74,9.34,0.64
US-Oho,-83.8438,41.5545,2018,3,1,8,-1.88,1.13,8.55,1.62,37.42
US-Oho,-83.8438,41.5545,2018,3,2,2.3,-7.58,-5.07,5.51,15.17,0.02
US-Oho,-83.8438,41.5545,2018,3,3,3.03,-9.08,-6.29,3.98,17.79,0
US-Oho,-83.8438,41.5545,2018,3,4,3.98,-6.53,-5.38,4.06,17.09,0
US-Oho,-83.8438,41.5545,2018,3,5,2.44,-4.72,-5.77,5.48,14.72,0.34
US-Oho,-83.8438,41.5545,2018,3,6,8,-1.59,-1.04,2.85,14.32,1.92
US-Oho,-83.8438,41.5545,2018,3,7,1.74,-4.35,-3.64,6.37,8.23,0.84
US-Oho,-83.8438,41.5545,2018,3,8,0.33,-4.53,-5.72,7.12,7.77,0.02
US-Oho,-83.8438,41.5545,2018,3,9,1.23,-3.41,-5.03,5.14,7.76,0.02
US-Oho,-83.8438,41.5545,2018,3,10,3.78,-6.17,-5.27,2.93,17.63,0
US-Oho,-83.8438,41.5545,2018,3,11,4.69,-3.34,-4.7,2.79,19.35,0
US-Oho,-83.8438,41.5545,2018,3,12,3.15,-3.08,-3.48,3.58,9.45,0.4
US-Oho,-83.8438,41.5545,2018,3,13,1.07,-3.64,-4.66,5.78,13.46,0.3
US-Oho,-83.8438,41.5545,2018,3,14,3.38,-6.62,-5.99,6.25,17.45,0
US-Oho,-83.8438,41.5545,2018,3,15,4.55,-4.88,-4.07,6.73,12.21,0
US-Oho,-83.8438,41.5545,2018,3,16,3.38,-6.76,-8.35,3.26,20.62,0
US-Oho,-83.8438,41.5545,2018,3,17,6.64,-2.29,-5.39,2.35,14.49,0.39
US-Oho,-83.8438,41.5545,2018,3,18,11.65,-1.94,-2.13,3.56,20.23,0.01
US-Oho,-83.8438,41.5545,2018,3,19,6.01,-2.95,-3.32,7.13,18.67,0
US-Oho,-83.8438,41.5545,2018,3,20,4.07,-3.67,-5.48,9.81,19.4,0.22
US-Oho,-83.8438,41.5545,2018,3,21,3.79,-2.22,-4.83,6.79,14.41,0.21
US-Oho,-83.8438,41.5545,2018,3,22,7,-3.75,-4.93,4.05,21.54,0
US-Oho,-83.8438,41.5545,2018,3,23,6.36,-4.39,-4.54,4.4,22.24,0
US-Oho,-83.8438,41.5545,2018,3,24,4.18,-4.55,-5.11,5.91,15.38,0
US-Oho,-83.8438,41.5545,2018,3,25,3.04,-4.43,-6.48,7.15,22.49,0
US-Oho,-83.8438,41.5545,2018,3,26,12.55,-2.07,1.15,6.44,19.36,0.5
US-Oho,-83.8438,41.5545,2018,3,27,13.24,4.69,7.48,6.28,4.67,12.17
US-Oho,-83.8438,41.5545,2018,3,28,8.27,3.18,3.45,3.34,7.63,0.41
US-Oho,-83.8438,41.5545,2018,3,29,6.61,2.75,3.7,4,4.56,19.45
US-Oho,-83.8438,41.5545,2018,3,30,6.05,-0.9,-3.19,3.41,15.1,0.14
US-Oho,-83.8438,41.5545,2018,3,31,11.75,-1.47,0.8,8.6,7.88,1.04
US-Oho,-83.8438,41.5545,2018,4,1,6.25,-4.25,-4.55,3.56,18.05,0.28
US-Oho,-83.8438,41.5545,2018,4,2,6.47,-5.61,-4.8,2.31,20.72,0.13
US-Oho,-83.8438,41.5545,2018,4,3,16.68,0.84,7.3,6.59,4.2,18.83
US-Oho,-83.8438,41.5545,2018,4,4,3.49,-3.37,-4.1,10.77,12.03,0.2
US-Oho,-83.8438,41.5545,2018,4,5,6.67,-4.36,-3.38,4.14,20.89,0.66
US-Oho,-83.8438,41.5545,2018,4,6,7.74,-4.91,-2.31,7.6,10.8,2.09
US-Oho,-83.8438,41.5545,2018,4,7,3.77,-5.78,-6.56,4.06,21.41,0
US-Oho,-83.8438,41.5545,2018,4,8,4.39,-5.9,-6,2.78,23.46,0
US-Oho,-83.8438,41.5545,2018,4,9,3.64,-2.51,-3.81,2.19,14.11,0.57
US-Oho,-83.8438,41.5545,2018,4,10,6.44,-3.88,-2.98,3.31,15.67,0.01
US-Oho,-83.8438,41.5545,2018,4,11,15.55,-2.25,3.14,5.6,16.51,0.57
US-Oho,-83.8438,41.5545,2018,4,12,22.81,7.64,11.47,7.01,20.25,0.73
US-Oho,-83.8438,41.5545,2018,4,13,22.9,11.17,14.23,4.31,17.29,3.74
US-Oho,-83.8438,41.5545,2018,4,14,12.02,0.07,5.72,7.39,3.96,12.09
US-Oho,-83.8438,41.5545,2018,4,15,10.85,0.03,3.41,6.37,4.84,25.19
US-Oho,-83.8438,41.5545,2018,4,16,4.02,-1.41,-1.9,7.91,5.46,0.46
US-Oho,-83.8438,41.5545,2018,4,17,3.49,-2.23,-3.7,6.56,11.85,0.27
US-Oho,-83.8438,41.5545,2018,4,18,8.64,-3.97,-1.37,2.94,15.81,0.82
US-Oho,-83.8438,41.5545,2018,4,19,11.34,-0.98,-0.73,6.05,26.29,0.67
US-Oho,-83.8438,41.5545,2018,4,20,13.92,-3.72,-1.18,3.01,27.73,0
US-Oho,-83.8438,41.5545,2018,4,21,10.84,-0.92,-1.32,2.44,14.91,0.01
US-Oho,-83.8438,41.5545,2018,4,22,15.13,-0.46,-0.25,4.87,23.47,0
US-Oho,-83.8438,41.5545,2018,4,23,21.6,2.03,8.26,4.38,19.11,0.05
US-Oho,-83.8438,41.5545,2018,4,24,13.76,8.62,9.89,4.33,6.77,3.77
US-Oho,-83.8438,41.5545,2018,4,25,16.76,3.52,6.96,4.69,16.9,0.33
US-Oho,-83.8438,41.5545,2018,4,26,17.31,0.83,3.12,1.64,27.37,0
US-Oho,-83.8438,41.5545,2018,4,27,18.63,4.65,5.16,4.91,20.39,2.98
US-Oho,-83.8438,41.5545,2018,4,28,10.47,1.89,2.19,4.67,14.04,4.05
US-Oho,-83.8438,41.5545,2018,4,29,13.92,-2.08,-0.74,3.12,27.71,0.04
US-Oho,-83.8438,41.5545,2018,4,30,20.52,2.03,3.3,3.71,28.87,0
US-Oho,-83.8438,41.5545,2018,5,1,25.8,7.48,10.5,6.03,27.81,0
US-Oho,-83.8438,41.5545,2018,5,2,27.22,13.51,17.31,7.48,18.5,32.44
US-Oho,-83.8438,41.5545,2018,5,3,24.41,18.75,19.11,5.63,10.59,7.38
US-Oho,-83.8438,41.5545,2018,5,4,24.17,11.04,14.06,8.44,20.8,2.05
US-Oho,-83.8438,41.5545,2018,5,5,23.28,9.81,11.65,3.93,21.58,0.02
US-Oho,-83.8438,41.5545,2018,5,6,23.71,9.23,11.45,3.94,20.02,1.35
US-Oho,-83.8438,41.5545,2018,5,7,19.3,6.14,6.82,3.7,28.81,0
US-Oho,-83.8438,41.5545,2018,5,8,24.01,6.77,7.84,1.94,28.01,0.03
US-Oho,-83.8438,41.5545,2018,5,9,26.39,10.88,14.4,6.64,20.87,5.24
US-Oho,-83.8438,41.5545,2018,5,10,22.11,11.62,13.99,5.92,21.66,0.29
US-Oho,-83.8438,41.5545,2018,5,11,12.22,6.53,5.38,5.92,9.51,1.61
US-Oho,-83.8438,41.5545,2018,5,12,13.3,6.74,8.95,3.84,9.82,13.17
US-Oho,-83.8438,41.5545,2018,5,13,19.83,9.33,12,2.92,13.81,11.71
US-Oho,-83.8438,41.5545,2018,5,14,25.12,14.16,17.81,2.63,11.96,6.46
US-Oho,-83.8438,41.5545,2018,5,15,23.76,12.87,16.49,4.83,14.28,11
US-Oho,-83.8438,41.5545,2018,5,16,23.19,11.12,12,3.28,25.34,0
US-Oho,-83.8438,41.5545,2018,5,17,25.28,10.9,12.42,5.01,24.99,0
US-Oho,-83.8438,41.5545,2018,5,18,21.32,10.13,11.66,7.27,16.33,3.36
US-Oho,-83.8438,41.5545,2018,5,19,23.44,14.39,17.64,5.06,17.36,5.05
US-Oho,-83.8438,41.5545,2018,5,20,21.96,12.41,13.8,3.53,12.25,0.06
US-Oho,-83.8438,41.5545,2018,5,21,20.58,11.56,13.2,4.23,15.49,8.91
US-Oho,-83.8438,41.5545,2018,5,22,25.18,14.16,17.21,4.24,21.03,0.69
US-Oho,-83.8438,41.5545,2018,5,23,25.41,11.17,13.32,2.19,29.09,0.01
US-Oho,-83.8438,41.5545,2018,5,24,26.95,14.23,12.66,1.85,29.51,0
US-Oho,-83.8438,41.5545,2018,5,25,28.72,13.57,15.05,3.53,29.28,0.02
US-Oho,-83.8438,41.5545,2018,5,26,25.32,18.33,19.58,2.77,15.65,2.65
US-Oho,-83.8438,41.5545,2018,5,27,30.94,17.32,19.61,1.86,27.51,0
US-Oho,-83.8438,41.5545,2018,5,28,32.85,19.03,20.33,2.12,25.48,0
US-Oho,-83.8438,41.5545,2018,5,29,30.29,20.77,20.95,3.21,23.96,0
US-Oho,-83.8438,41.5545,2018,5,30,28.7,21.03,21.4,7.17,18.1,7.43
US-Oho,-83.8438,41.5545,2018,5,31,29.68,21.82,21.3,5.45,21.93,1.14
US-Oho,-83.8438,41.5545,2018,6,1,27.82,15.42,19.66,3.34,20.24,9.37
US-Oho,-83.8438,41.5545,2018,6,2,23.62,12.84,14.31,3.85,17.29,0.24
US-Oho,-83.8438,41.5545,2018,6,3,25.05,14.05,14.86,5.17,21.56,0.63
US-Oho,-83.8438,41.5545,2018,6,4,22,12.3,11.09,6.02,30.1,0
US-Oho,-83.8438,41.5545,2018,6,5,21.92,12.03,12.83,5.07,17.05,1.67
US-Oho,-83.8438,41.5545,2018,6,6,21.45,9.28,10.04,2.7,29.97,0
US-Oho,-83.8438,41.5545,2018,6,7,27.72,13.19,16.63,2.99,25.55,0.01
US-Oho,-83.8438,41.5545,2018,6,8,22.38,18.43,18.81,3.4,18.8,4.47
US-Oho,-83.8438,41.5545,2018,6,9,26.58,17.68,19.79,2.95,15.18,10.43
US-Oho,-83.8438,41.5545,2018,6,10,24.01,16.25,17.79,3.99,6.98,15.33
US-Oho,-83.8438,41.5545,2018,6,11,25.02,16.12,17.13,6,14.7,3.55
US-Oho,-83.8438,41.5545,2018,6,12,27.27,15.41,18.68,3.33,14.23,8.81
US-Oho,-83.8438,41.5545,2018,6,13,27.87,15.08,18.01,5.46,23.92,3.33
US-Oho,-83.8438,41.5545,2018,6,14,27.54,12.58,13.52,3.11,29.43,0
US-Oho,-83.8438,41.5545,2018,6,15,27.58,15.82,16.98,2.99,26.53,0.59
US-Oho,-83.8438,41.5545,2018,6,16,29.41,19.27,20.41,2.13,22.3,0.16
US-Oho,-83.8438,41.5545,2018,6,17,32.19,22.22,23.14,3.23,25.83,0.95
US-Oho,-83.8438,41.5545,2018,6,18,30.5,23.02,24.17,5.12,23.84,2.8
US-Oho,-83.8438,41.5545,2018,6,19,24.55,19.07,19.05,3.82,15.86,3.52
US-Oho,-83.8438,41.5545,2018,6,20,24.47,17.4,18.16,3.82,11.47,4.23
US-Oho,-83.8438,41.5545,2018,6,21,23.97,16.01,16.28,4.38,18.31,1.34
US-Oho,-83.8438,41.5545,2018,6,22,23.7,18.02,19.21,4.82,8.1,14.13
US-Oho,-83.8438,41.5545,2018,6,23,25.87,18.92,19.2,3.74,17.46,6.9
US-Oho,-83.8438,41.5545,2018,6,24,26.08,15.55,17.4,4.16,22.33,0.53
US-Oho,-83.8438,41.5545,2018,6,25,23.5,14.32,14.82,4.3,21.84,0
US-Oho,-83.8438,41.5545,2018,6,26,26.68,13.92,17.61,2.95,23,2.19
US-Oho,-83.8438,41.5545,2018,6,27,26.94,19.49,20.18,5.25,14.71,12.4
US-Oho,-83.8438,41.5545,2018,6,28,29.41,17.07,19.22,2.89,29.79,0.13
US-Oho,-83.8438,41.5545,2018,6,29,30.96,20.11,21.42,3.26,29.28,0
US-Oho,-83.8438,41.5545,2018,6,30,31.02,22.44,23.19,3.81,28.62,0
US-Oho,-83.8438,41.5545,2018,7,1,31.76,22,23.5,4.36,25.91,0.51
US-Oho,-83.8438,41.5545,2018,7,2,30.74,22.07,22.27,3.03,21.77,0.4
US-Oho,-83.8438,41.5545,2018,7,3,29.67,21.82,23.12,3.41,22.86,2.65
US-Oho,-83.8438,41.5545,2018,7,4,30.86,22.78,23.33,1.42,25.42,0.49
US-Oho,-83.8438,41.5545,2018,7,5,30.62,23.47,23.8,3.73,21.11,3.06
US-Oho,-83.8438,41.5545,2018,7,6,25.07,14.17,13.49,5.63,30.65,0.09
US-Oho,-83.8438,41.5545,2018,7,7,25.19,13.14,12.85,3.74,30.22,0
US-Oho,-83.8438,41.5545,2018,7,8,27.83,14,15.09,1.83,31.14,0
US-Oho,-83.8438,41.5545,2018,7,9,30.17,15.64,17.87,3.54,30.08,0
US-Oho,-83.8438,41.5545,2018,7,10,29.61,18.78,20.05,3.32,23.69,2.84
US-Oho,-83.8438,41.5545,2018,7,11,28.24,16.78,15.19,2.96,27.95,0
US-Oho,-83.8438,41.5545,2018,7,12,28.54,16.63,15.59,2.04,27.6,0
US-Oho,-83.8438,41.5545,2018,7,13,30.97,18.15,17.17,1.93,28.16,0.08
US-Oho,-83.8438,41.5545,2018,7,14,31.42,19.87,19.57,2.6,18.94,0
US-Oho,-83.8438,41.5545,2018,7,15,33.22,23.11,20.92,2.14,22.92,0.03
US-Oho,-83.8438,41.5545,2018,7,16,31.51,21.86,21.3,2.51,19.98,2.53
US-Oho,-83.8438,41.5545,2018,7,17,29.1,17.25,15.45,4.11,24.83,0.03
US-Oho,-83.8438,41.5545,2018,7,18,28.2,16.52,14.15,2.41,24.88,0
US-Oho,-83.8438,41.5545,2018,7,19,29.04,15.38,13.52,3.08,25.69,0
US-Oho,-83.8438,41.5545,2018,7,20,26.51,18.32,17.87,5.89,12.06,8.14
US-Oho,-83.8438,41.5545,2018,7,21,24.35,19.33,19.46,3.22,11.47,5.41
US-Oho,-83.8438,41.5545,2018,7,22,24.06,15.97,16.87,4.11,14.22,0.56
US-Oho,-83.8438,41.5545,2018,7,23,27.6,15.3,16.79,0.89,16.36,0.22
US-Oho,-83.8438,41.5545,2018,7,24,29.24,18.52,18.38,1.85,17.55,0.02
US-Oho,-83.8438,41.5545,2018,7,25,31.25,18.62,17.65,3.31,24.42,0.04
US-Oho,-83.8438,41.5545,2018,7,26,28.96,17.21,15.86,4.84,19.65,2.68
US-Oho,-83.8438,41.5545,2018,7,27,26.54,15.41,14.38,4.08,21.82,0.03
US-Oho,-83.8438,41.5545,2018,7,28,26.34,13.85,13.42,2.94,21.47,0.37
US-Oho,-83.8438,41.5545,2018,7,29,27.97,15.26,13.37,1.95,17.79,0.03
US-Oho,-83.8438,41.5545,2018,7,30,26.11,17.34,14.72,1.02,11.16,0.66
US-Oho,-83.8438,41.5545,2018,7,31,23.06,17.99,17.96,3.68,8.85,25.17
US-Oho,-83.8438,41.5545,2018,8,1,25.09,17.03,17.35,2.57,15.93,1.82
US-Oho,-83.8438,41.5545,2018,8,2,28.95,15.94,16.52,3.05,23.2,0.03
US-Oho,-83.8438,41.5545,2018,8,3,30.2,18.86,17.2,2.87,24.37,0
US-Oho,-83.8438,41.5545,2018,8,4,32.28,17.42,16.25,1.61,25.82,0
US-Oho,-83.8438,41.5545,2018,8,5,33.63,20.55,19.7,4.1,23.58,0.01
US-Oho,-83.8438,41.5545,2018,8,6,31.87,21.98,21.07,4.28,18.92,3.98
US-Oho,-83.8438,41.5545,2018,8,7,27.07,20.79,21.56,2.11,13.85,26.14
US-Oho,-83.8438,41.5545,2018,8,8,27.97,19.37,20.73,3.52,17.59,3.96
US-Oho,-83.8438,41.5545,2018,8,9,29.7,16.21,18.74,3.34,23.1,2.76
US-Oho,-83.8438,41.5545,2018,8,10,26.12,19.38,20.15,2.4,14.98,2.14
US-Oho,-83.8438,41.5545,2018,8,11,28.96,16.37,15.46,1.86,24.01,0.34
US-Oho,-83.8438,41.5545,2018,8,12,28.85,18.32,17.19,1.82,21.19,2.12
US-Oho,-83.8438,41.5545,2018,8,13,29.57,17.86,17.35,1.82,22.11,0.02
US-Oho,-83.8438,41.5545,2018,8,14,30.48,17.7,17.46,3.05,23.41,0
US-Oho,-83.8438,41.5545,2018,8,15,31.09,20.16,18.8,3.36,17.42,3.99
US-Oho,-83.8438,41.5545,2018,8,16,27.56,20.67,21.06,3.25,6.59,7.95
US-Oho,-83.8438,41.5545,2018,8,17,26.24,20.48,21.75,1.96,12.39,13.65
US-Oho,-83.8438,41.5545,2018,8,18,28.71,19.36,19.19,3.19,20.06,0.75
US-Oho,-83.8438,41.5545,2018,8,19,28.1,17.45,16.69,2.69,22.27,0.03
US-Oho,-83.8438,41.5545,2018,8,20,28.51,15.38,17.36,3.1,16.94,0.57
US-Oho,-83.8438,41.5545,2018,8,21,26.76,18.37,20.71,3.84,15.69,20.83
US-Oho,-83.8438,41.5545,2018,8,22,24.19,14.53,12.5,5.06,18.96,0.18
US-Oho,-83.8438,41.5545,2018,8,23,26.44,11.86,12.88,2.84,25.05,0.06
US-Oho,-83.8438,41.5545,2018,8,24,24.82,13.64,13.47,3.98,17.9,0.07
US-Oho,-83.8438,41.5545,2018,8,25,27.34,19.16,19.5,6.86,10.09,8.12
US-Oho,-83.8438,41.5545,2018,8,26,30.69,20.56,22.73,3.13,13.84,5.02
US-Oho,-83.8438,41.5545,2018,8,27,31.84,22.5,22.4,5.94,21.07,0.3
US-Oho,-83.8438,41.5545,2018,8,28,32.56,22.16,22.26,6.33,21.29,0.04
US-Oho,-83.8438,41.5545,2018,8,29,26.87,19.49,19.72,4.89,17.69,0.82
US-Oho,-83.8438,41.5545,2018,8,30,26.73,16.06,15.34,3.1,15.91,0.01
US-Oho,-83.8438,41.5545,2018,8,31,29.26,15.74,16.89,3.02,21.85,0
US-Oho,-83.8438,41.5545,2018,9,1,29.45,20.16,20.42,4.18,15.91,3.64
US-Oho,-83.8438,41.5545,2018,9,2,32.23,21.78,20.93,4.43,21.11,0.2
US-Oho,-83.8438,41.5545,2018,9,3,32.15,22.48,21.63,2.85,19.79,6.83
US-Oho,-83.8438,41.5545,2018,9,4,32.98,21.55,20.87,2.39,20.92,0.02
US-Oho,-83.8438,41.5545,2018,9,5,34.03,22.43,20.67,3.92,21.5,0.65
US-Oho,-83.8438,41.5545,2018,9,6,27.24,20.56,19.49,3.72,9.26,1.21
US-Oho,-83.8438,41.5545,2018,9,7,23.22,17.34,15.78,4.64,10.74,1.9
US-Oho,-83.8438,41.5545,2018,9,8,20.87,16.29,13.81,6.23,5.95,1.16
US-Oho,-83.8438,41.5545,2018,9,9,17.19,14.16,13.92,8.22,5.28,20.31
US-Oho,-83.8438,41.5545,2018,9,10,21.11,13.2,14.73,3.73,6.14,2.76
US-Oho,-83.8438,41.5545,2018,9,11,24.03,11.1,13.01,2.75,20.25,0.05
US-Oho,-83.8438,41.5545,2018,9,12,25.22,13.12,15.11,2.73,9.49,0.01
US-Oho,-83.8438,41.5545,2018,9,13,28.23,16.13,17.91,2.3,13.55,0.01
US-Oho,-83.8438,41.5545,2018,9,14,29.28,16.85,17.86,2.07,16.21,0.04
US-Oho,-83.8438,41.5545,2018,9,15,31.05,18.85,20.01,3.32,17.45,0.02
US-Oho,-83.8438,41.5545,2018,9,16,30.58,19.1,19.29,3.53,19.05,0
US-Oho,-83.8438,41.5545,2018,9,17,29.4,18.85,18.67,1.91,16.26,0
US-Oho,-83.8438,41.5545,2018,9,18,31.45,17.15,18.54,2.98,18.41,0.87
US-Oho,-83.8438,41.5545,2018,9,19,27.7,17.77,18.03,3.45,17.53,0.49
US-Oho,-83.8438,41.5545,2018,9,20,31.23,17.17,19.97,3.97,14.88,1.86
US-Oho,-83.8438,41.5545,2018,9,21,31.51,15.44,17.18,8.11,13.17,0.44
US-Oho,-83.8438,41.5545,2018,9,22,18.16,10.49,8.67,3.81,11.19,0
US-Oho,-83.8438,41.5545,2018,9,23,23.65,8.89,11.25,3.54,18.83,0
US-Oho,-83.8438,41.5545,2018,9,24,23.13,12.36,16.77,4.85,4.75,5.07
US-Oho,-83.8438,41.5545,2018,9,25,25.63,18.85,20.63,6.29,5.88,15.69
US-Oho,-83.8438,41.5545,2018,9,26,22.17,10.02,11.04,5.34,17.54,2.47
US-Oho,-83.8438,41.5545,2018,9,27,17.37,8.9,7.76,2.02,8.49,0
US-Oho,-83.8438,41.5545,2018,9,28,23.71,7.8,8.39,5.01,17.65,0.02
US-Oho,-83.8438,41.5545,2018,9,29,18.98,6.29,5.36,2.03,16.89,0
US-Oho,-83.8438,41.5545,2018,9,30,25.79,10.84,12.38,3.12,15.04,0.27
US-Oho,-83.8438,41.5545,2018,10,1,26.46,12.28,15.39,2.41,13.16,0.81
US-Oho,-83.8438,41.5545,2018,10,2,25.63,13.53,17.11,5.3,7.65,0.2
US-Oho,-83.8438,41.5545,2018,10,3,29.85,12.97,17.24,5.58,13.55,0.06
US-Oho,-83.8438,41.5545,2018,10,4,24.12,10.52,12.3,6.8,8.61,0.29
US-Oho,-83.8438,41.5545,2018,10,5,19.37,8.96,12,2.86,4.76,14.14
US-Oho,-83.8438,41.5545,2018,10,6,29.08,19.27,20.72,4.46,11.18,13.17
US-Oho,-83.8438,41.5545,2018,10,7,24.6,13.96,16.33,3.67,5.49,2.15
US-Oho,-83.8438,41.5545,2018,10,8,30.28,16.33,19.43,3.75,13.67,0.46
US-Oho,-83.8438,41.5545,2018,10,9,29.59,19.05,19.1,4.61,14.43,0.01
US-Oho,-83.8438,41.5545,2018,10,10,26.21,18.98,19.43,6.13,7.92,3.52
US-Oho,-83.8438,41.5545,2018,10,11,17.65,7.29,5.85,7.05,13.57,0.02
US-Oho,-83.8438,41.5545,2018,10,12,12.99,3.66,2.81,4.09,8.52,3.23
US-Oho,-83.8438,41.5545,2018,10,13,13.15,3.27,2.16,3.69,14.02,0.21
US-Oho,-83.8438,41.5545,2018,10,14,16.64,2.76,5.4,3.02,15.18,0.12
US-Oho,-83.8438,41.5545,2018,10,15,12.33,1.29,4.35,5.63,6.53,0.22
US-Oho,-83.8438,41.5545,2018,10,16,14.03,-0.21,-1.14,5.92,15.96,0
US-Oho,-83.8438,41.5545,2018,10,17,11.59,0.44,0.62,6.35,10.99,0
US-Oho,-83.8438,41.5545,2018,10,18,11.93,-1.74,-1.39,2.72,16,0
US-Oho,-83.8438,41.5545,2018,10,19,15.25,2.21,2.07,7.17,9.69,0.46
US-Oho,-83.8438,41.5545,2018,10,20,14.01,0.44,3.92,8.23,10.39,2.42
US-Oho,-83.8438,41.5545,2018,10,21,9.29,-1.81,-1.93,3.9,9.81,0.03
US-Oho,-83.8438,41.5545,2018,10,22,15.78,0.06,1.88,4.4,13.36,0
US-Oho,-83.8438,41.5545,2018,10,23,13.62,2.76,2.83,5.42,13.25,0
US-Oho,-83.8438,41.5545,2018,10,24,10.68,0.59,-0.38,3.12,13.91,0
US-Oho,-83.8438,41.5545,2018,10,25,9.32,-0.36,0.58,2.17,6.74,0
US-Oho,-83.8438,41.5545,2018,10,26,9.27,1.62,4.13,4.74,5.5,2.36
US-Oho,-83.8438,41.5545,2018,10,27,7.51,4.64,5.06,4.52,3.32,4.8
US-Oho,-83.8438,41.5545,2018,10,28,12.3,3.68,5.42,5.96,3.35,15.44
US-Oho,-83.8438,41.5545,2018,10,29,12.85,2.92,4.29,4.08,6.93,0.38
US-Oho,-83.8438,41.5545,2018,10,30,14.4,2.75,5.79,5.12,5.71,1.27
US-Oho,-83.8438,41.5545,2018,10,31,15.81,8.25,10.59,4.76,2.71,6.28
US-Oho,-83.8438,41.5545,2018,11,1,7.76,4.04,4.75,6.14,2.68,38
US-Oho,-83.8438,41.5545,2018,11,2,9.04,2.55,3.27,4.42,6.29,2.05
US-Oho,-83.8438,41.5545,2018,11,3,10.01,1.81,1.91,3.61,10.3,0.59
US-Oho,-83.8438,41.5545,2018,11,4,12.21,3.05,4.64,5.32,7.71,3.61
US-Oho,-83.8438,41.5545,2018,11,5,12.26,8.59,8.49,4.93,7.11,3.61
US-Oho,-83.8438,41.5545,2018,11,6,11.87,4.69,6.21,9.44,3.81,1.71
US-Oho,-83.8438,41.5545,2018,11,7,7.01,0.27,-0.6,6.08,6.69,0
US-Oho,-83.8438,41.5545,2018,11,8,7.1,-1.4,-1.43,2.69,5.4,0.04
US-Oho,-83.8438,41.5545,2018,11,9,4.22,-1.66,-0.31,5.19,3.98,5.13
US-Oho,-83.8438,41.5545,2018,11,10,1.29,-7.09,-6.1,7.24,4.7,0.12
US-Oho,-83.8438,41.5545,2018,11,11,4.71,-4.72,-5.03,4.06,10.22,0
US-Oho,-83.8438,41.5545,2018,11,12,4.61,-3.09,-2.09,1.98,3.32,1.08
US-Oho,-83.8438,41.5545,2018,11,13,2.42,-6.51,-4.83,4.81,6.47,0.24
US-Oho,-83.8438,41.5545,2018,11,14,0.74,-6.48,-6.45,2.38,9.09,0
US-Oho,-83.8438,41.5545,2018,11,15,1.74,-2.36,-1.83,4.06,3.46,6.85
US-Oho,-83.8438,41.5545,2018,11,16,3.45,-2.04,-1.14,6.31,2.13,0.2
US-Oho,-83.8438,41.5545,2018,11,17,5.31,-2.17,-0.84,2.96,3.91,0.6
US-Oho,-83.8438,41.5545,2018,11,18,3.25,-1.09,0.13,1.94,2.98,3.34
US-Oho,-83.8438,41.5545,2018,11,19,4.41,-2.94,-1.45,1.84,3.53,0.33
US-Oho,-83.8438,41.5545,2018,11,20,1.78,-2.77,-3.88,4.4,9.22,0.4
US-Oho,-83.8438,41.5545,2018,11,21,2.45,-4.72,-5.16,5.33,3.41,0.02
US-Oho,-83.8438,41.5545,2018,11,22,0.48,-6.17,-7.67,4.74,2.87,0
US-Oho,-83.8438,41.5545,2018,11,23,8.57,-3.98,-0.7,5.43,8.87,0.72
US-Oho,-83.8438,41.5545,2018,11,24,11.08,2.46,4.38,6.58,1.83,7.24
US-Oho,-83.8438,41.5545,2018,11,25,8.45,2.53,3.22,3.76,5.35,0.78
US-Oho,-83.8438,41.5545,2018,11,26,3.89,-2.43,-0.46,7.78,2.68,14.96
US-Oho,-83.8438,41.5545,2018,11,27,0.02,-4.82,-5.11,5.91,2.54,0.19
US-Oho,-83.8438,41.5545,2018,11,28,-0.73,-5.77,-6.71,5.08,3.02,0.02
US-Oho,-83.8438,41.5545,2018,11,29,1.76,-4.44,-3.47,3.55,2.54,0.53
US-Oho,-83.8438,41.5545,2018,11,30,5.43,-2.22,-0.29,1.4,4.17,0.13
US-Oho,-83.8438,41.5545,2018,12,1,5.4,-0.63,2.09,5.42,1.35,12.16
US-Oho,-83.8438,41.5545,2018,12,2,15.65,3.04,6.5,7.15,7.45,0.97
US-Oho,-83.8438,41.5545,2018,12,3,3.25,-3.84,-0.87,5.04,3.56,0.89
US-Oho,-83.8438,41.5545,2018,12,4,0.53,-3.74,-5.91,1.63,3.67,0.01
US-Oho,-83.8438,41.5545,2018,12,5,0.69,-4.64,-5.69,4.41,3.5,0.02
US-Oho,-83.8438,41.5545,2018,12,6,1.07,-3.39,-4,5.97,3.46,0.09
US-Oho,-83.8438,41.5545,2018,12,7,0.64,-4.59,-5.97,3.77,7.38,0
US-Oho,-83.8438,41.5545,2018,12,8,-1.39,-8.76,-8.78,1.94,7.36,0
US-Oho,-83.8438,41.5545,2018,12,9,0.81,-9.84,-7.49,2.21,9.37,0
US-Oho,-83.8438,41.5545,2018,12,10,-0.69,-7.28,-6.46,2.93,2.05,0
US-Oho,-83.8438,41.5545,2018,12,11,2.89,-6.71,-4.72,5.07,6.3,0
US-Oho,-83.8438,41.5545,2018,12,12,4.96,-4.65,-0.59,5.25,5.77,0.16
US-Oho,-83.8438,41.5545,2018,12,13,4.72,-2.36,-0.48,2.33,7.39,0.56
US-Oho,-83.8438,41.5545,2018,12,14,5.23,1.14,2.44,2.95,5.32,0.23
US-Oho,-83.8438,41.5545,2018,12,15,1.95,-0.08,0.08,6.56,1.48,2.81
US-Oho,-83.8438,41.5545,2018,12,16,5.71,-1.09,-0.21,4.03,7.05,0.31
US-Oho,-83.8438,41.5545,2018,12,17,3.9,-3.73,-2.47,4.86,6.75,0.09
US-Oho,-83.8438,41.5545,2018,12,18,2.72,-4.27,-4.26,2.36,8.42,0
US-Oho,-83.8438,41.5545,2018,12,19,6.85,-2.38,-1.09,4.31,7.31,0.01
US-Oho,-83.8438,41.5545,2018,12,20,5.47,0.9,2.75,3.22,2.26,9.57
US-Oho,-83.8438,41.5545,2018,12,21,4.26,-1.24,0.24,5.85,2.34,5.49
US-Oho,-83.8438,41.5545,2018,12,22,2.86,-3.11,-3.14,4.41,1.98,0.82
US-Oho,-83.8438,41.5545,2018,12,23,3,-2.96,-1.86,3.67,2.92,0.04
US-Oho,-83.8438,41.5545,2018,12,24,0.92,-3.11,-4.82,4.95,4.13,0
US-Oho,-83.8438,41.5545,2018,12,25,1.53,-2.64,-3.08,2.53,4.97,0
US-Oho,-83.8438,41.5545,2018,12,26,6.5,-2.02,-1.09,2.75,7.63,0.01
US-Oho,-83.8438,41.5545,2018,12,27,7.14,-0.44,1.75,8.09,2.43,4.38
US-Oho,-83.8438,41.5545,2018,12,28,9.88,-1.94,3.06,7.61,3.4,3.22
US-Oho,-83.8438,41.5545,2018,12,29,1.71,-2.75,-4.04,3.75,4.27,0.04
US-Oho,-83.8438,41.5545,2018,12,30,2.21,-3.69,-4.67,4.79,8.87,0.07
US-Oho,-83.8438,41.5545,2018,12,31,10.48,-1.17,3.61,6.09,1.59,21.75
US-Oho,-83.8438,41.5545,2019,1,1,4.49,-2.65,-1.07,3.94,2.66,0.23
US-Oho,-83.8438,41.5545,2019,1,2,4.25,-3.44,-2.08,3.89,2.92,0.06
US-Oho,-83.8438,41.5545,2019,1,3,3.18,-4.12,-3.94,5.29,7.18,0
US-Oho,-83.8438,41.5545,2019,1,4,7.44,-2.38,-1.52,4.27,8.45,0
US-Oho,-83.8438,41.5545,2019,1,5,8.62,-1.5,1.49,4.96,8.69,0.01
US-Oho,-83.8438,41.5545,2019,1,6,4.78,-1.1,-1.06,3.85,7.93,0
US-Oho,-83.8438,41.5545,2019,1,7,12.08,-1.05,3.34,9.35,3.72,1
US-Oho,-83.8438,41.5545,2019,1,8,12.52,1,4.64,7.35,4.92,2.25
US-Oho,-83.8438,41.5545,2019,1,9,-0.27,-5.43,-8.68,8.18,3.96,0.1
US-Oho,-83.8438,41.5545,2019,1,10,-1.57,-5.33,-8.82,5.92,4.87,0
US-Oho,-83.8438,41.5545,2019,1,11,-1.11,-8.58,-7.92,1.79,7.81,0
US-Oho,-83.8438,41.5545,2019,1,12,-1.54,-4.16,-5.23,4.57,2.52,2.85
US-Oho,-83.8438,41.5545,2019,1,13,0.28,-7.22,-4.98,6.42,4.36,0.09
US-Oho,-83.8438,41.5545,2019,1,14,-0.61,-8.33,-7.36,2.67,7.06,0
US-Oho,-83.8438,41.5545,2019,1,15,-1.94,-6.14,-5.85,5.89,2.41,0.03
US-Oho,-83.8438,41.5545,2019,1,16,2.09,-4.15,-5.35,4.98,3.74,0.01
US-Oho,-83.8438,41.5545,2019,1,17,1.38,-5.27,-3.62,3.97,5.45,1.41
US-Oho,-83.8438,41.5545,2019,1,18,2.08,-4.34,-3.74,3.54,2.5,0.62
US-Oho,-83.8438,41.5545,2019,1,19,-2.86,-8.1,-6.69,10.14,1.77,6.29
US-Oho,-83.8438,41.5545,2019,1,20,-8.04,-19.82,-16.39,8.79,11.07,0.06
US-Oho,-83.8438,41.5545,2019,1,21,-10.65,-21.8,-19.22,3.2,10.85,0
US-Oho,-83.8438,41.5545,2019,1,22,1.25,-15.72,-8.64,7.02,6.63,1.04
US-Oho,-83.8438,41.5545,2019,1,23,5.27,-1.78,1.01,6.06,1.91,12.53
US-Oho,-83.8438,41.5545,2019,1,24,-1.06,-7.13,-6.28,6.98,3.17,0.12
US-Oho,-83.8438,41.5545,2019,1,25,-8.52,-12.51,-15.13,7.55,9.61,0.07
US-Oho,-83.8438,41.5545,2019,1,26,-5.49,-12.45,-11.71,2.34,8.45,4.95
US-Oho,-83.8438,41.5545,2019,1,27,-6.44,-14.04,-12.4,5.05,7.44,0.41
US-Oho,-83.8438,41.5545,2019,1,28,0.88,-15.06,-8.47,8.21,3.68,2.88
US-Oho,-83.8438,41.5545,2019,1,29,-8.21,-17.28,-14.97,9.86,7.41,0.09
US-Oho,-83.8438,41.5545,2019,1,30,-18.72,-25.83,-24.8,9.77,12.96,0.04
US-Oho,-83.8438,41.5545,2019,1,31,-16.24,-26.33,-23.56,5.05,12.95,0.2
US-Oho,-83.8438,41.5545,2019,2,1,-7.87,-16.44,-14.85,2.44,9.87,0.49
US-Oho,-83.8438,41.5545,2019,2,2,4.44,-12.68,-3.48,6.09,9.9,0.01
US-Oho,-83.8438,41.5545,2019,2,3,10.31,0.46,3.9,5.7,9.96,0.01
US-Oho,-83.8438,41.5545,2019,2,4,12.36,1.24,6.37,6.52,5.39,3.85
US-Oho,-83.8438,41.5545,2019,2,5,5.71,-2.6,-2.16,4.19,4.6,0.41
US-Oho,-83.8438,41.5545,2019,2,6,6.46,-0.4,1.83,2.77,2.38,13.07
US-Oho,-83.8438,41.5545,2019,2,7,14.66,-5.44,3.07,8.44,2.47,5.16
US-Oho,-83.8438,41.5545,2019,2,8,-6.1,-9,-13.65,11.52,7.33,0.04
US-Oho,-83.8438,41.5545,2019,2,9,-3.22,-10.74,-12.75,2.54,13.86,0
US-Oho,-83.8438,41.5545,2019,2,10,-2.13,-9.28,-7.56,3.62,6.12,2.97
US-Oho,-83.8438,41.5545,2019,2,11,-0.24,-4.35,-3.46,5.48,3.05,1.9
US-Oho,-83.8438,41.5545,2019,2,12,3.69,-3.04,-0.7,8.72,3.02,13.09
US-Oho,-83.8438,41.5545,2019,2,13,-2.8,-8.26,-8.04,10.31,8.53,2.3
US-Oho,-83.8438,41.5545,2019,2,14,5.12,-6.63,-0.56,5.75,8.23,0.16
US-Oho,-83.8438,41.5545,2019,2,15,3.88,-7.18,-6.38,8.24,10.81,0.05
US-Oho,-83.8438,41.5545,2019,2,16,-0.87,-8.68,-7.89,3.17,5.21,0
US-Oho,-83.8438,41.5545,2019,2,17,-1.28,-6.04,-6.78,5.59,3.58,1.31
US-Oho,-83.8438,41.5545,2019,2,18,-1.31,-8.53,-8.13,3.7,8.45,0.21
US-Oho,-83.8438,41.5545,2019,2,19,0.21,-10.51,-8.74,2.04,12.06,0
US-Oho,-83.8438,41.5545,2019,2,20,5.57,-4.09,-0.69,6.85,4.69,5.05
US-Oho,-83.8438,41.5545,2019,2,21,5.31,-2.61,-2.72,5.8,13.71,0.01
US-Oho,-83.8438,41.5545,2019,2,22,3.89,-2.94,-4.07,3.23,12.88,0
US-Oho,-83.8438,41.5545,2019,2,23,9.45,-2.99,1.5,5.57,9.07,4.92
US-Oho,-83.8438,41.5545,2019,2,24,8.91,-5.48,-1.35,14.72,3.99,3.24
US-Oho,-83.8438,41.5545,2019,2,25,-1.21,-8.87,-12.12,9.18,16.49,0.03
US-Oho,-83.8438,41.5545,2019,2,26,-2.54,-7.92,-10.21,4.31,7.18,0.07
US-Oho,-83.8438,41.5545,2019,2,27,2.03,-6.55,-6.08,4.47,5.94,0.32
US-Oho,-83.8438,41.5545,2019,2,28,-0.35,-8.94,-8.45,2.74,11.61,0
US-Oho,-83.8438,41.5545,2019,3,1,1.17,-8.31,-7.54,3.2,12.68,0
US-Oho,-83.8438,41.5545,2019,3,2,3.08,-5.89,-4.93,3.25,7.93,0
US-Oho,-83.8438,41.5545,2019,3,3,-0.61,-10.36,-6.76,3.88,5.77,0.72
US-Oho,-83.8438,41.5545,2019,3,4,-7.66,-13.25,-14.67,6.19,9.91,0.01
US-Oho,-83.8438,41.5545,2019,3,5,-7.18,-13.37,-13.8,7.64,10.41,0.21
US-Oho,-83.8438,41.5545,2019,3,6,-5.05,-11.38,-11.16,5.74,10.43,0.04
US-Oho,-83.8438,41.5545,2019,3,7,-0.77,-7.96,-8.34,3.09,13.56,0
US-Oho,-83.8438,41.5545,2019,3,8,5.12,-7.2,-6.29,2.09,16.88,0
US-Oho,-83.8438,41.5545,2019,3,9,7.88,-3.6,-0.69,7.14,10.9,19.02
US-Oho,-83.8438,41.5545,2019,3,10,9.15,-1.97,0.68,11.31,5.09,2.02
US-Oho,-83.8438,41.5545,2019,3,11,5.26,-4.55,-4.54,6.26,16.01,0.04
US-Oho,-83.8438,41.5545,2019,3,12,7.78,-4.76,-4.51,2.26,19.83,0
US-Oho,-83.8438,41.5545,2019,3,13,14.07,-0.58,4.11,5.11,10,1.67
US-Oho,-83.8438,41.5545,2019,3,14,20.58,5.4,10.57,10.02,5.41,10.22
US-Oho,-83.8438,41.5545,2019,3,15,5.74,-0.33,0.78,9.44,5.62,1.95
US-Oho,-83.8438,41.5545,2019,3,16,4.48,-4.6,-4.27,5.93,12.73,0.04
US-Oho,-83.8438,41.5545,2019,3,17,1.97,-5,-4.78,2.05,14.07,0.34
US-Oho,-83.8438,41.5545,2019,3,18,5.09,-4.04,-4.7,2.58,15.72,0
US-Oho,-83.8438,41.5545,2019,3,19,8.3,-2.92,-2.91,3.1,15.66,0.01
US-Oho,-83.8438,41.5545,2019,3,20,8.84,-1.21,0.97,4.58,9.11,6.71
US-Oho,-83.8438,41.5545,2019,3,21,9.87,-0.92,2.86,3.59,6.19,0.56
US-Oho,-83.8438,41.5545,2019,3,22,6.9,-4.15,-1.85,7.17,12.63,0.06
US-Oho,-83.8438,41.5545,2019,3,23,9.23,-5.65,-4.86,3.01,22.58,0
US-Oho,-83.8438,41.5545,2019,3,24,13.55,-0.95,2.63,3.76,7.89,0.36
US-Oho,-83.8438,41.5545,2019,3,25,7.35,-4.21,-4.46,6.73,20.82,0.03
US-Oho,-83.8438,41.5545,2019,3,26,6.67,-4.76,-6.34,3.56,23,0
US-Oho,-83.8438,41.5545,2019,3,27,11.68,-4.08,-2.65,3.59,22.11,0
US-Oho,-83.8438,41.5545,2019,3,28,15.05,2.53,6.73,5.53,14.49,2.34
US-Oho,-83.8438,41.5545,2019,3,29,10.27,5.34,5.42,3.93,8.22,6.89
US-Oho,-83.8438,41.5545,2019,3,30,11.63,-2.14,5.29,6.6,5.07,27.78
US-Oho,-83.8438,41.5545,2019,3,31,1.04,-8.4,-7.44,6.69,11.76,0.5
US-Oho,-83.8438,41.5545,2019,4,1,5.57,-7.45,-5.41,3.18,22.95,0
US-Oho,-83.8438,41.5545,2019,4,2,10.59,-1.3,0.67,5.25,19.63,0.05
US-Oho,-83.8438,41.5545,2019,4,3,12.88,1.23,0.95,5.83,23.75,0
US-Oho,-83.8438,41.5545,2019,4,4,6.05,1.91,0.73,5.7,8.2,0.33
US-Oho,-83.8438,41.5545,2019,4,5,13.76,2.32,6.14,2.47,13.7,0.31
US-Oho,-83.8438,41.5545,2019,4,6,19.84,5.64,8.75,2.06,18.93,0.01
US-Oho,-83.8438,41.5545,2019,4,7,22.24,5.99,12.46,4.83,11.77,1.78
US-Oho,-83.8438,41.5545,2019,4,8,20.46,10.93,11.03,4.64,14.95,0.06
US-Oho,-83.8438,41.5545,2019,4,9,17.24,6.65,5.66,6.06,23.67,0
US-Oho,-83.8438,41.5545,2019,4,10,8.6,1.02,1.78,5.52,14.09,0.45
US-Oho,-83.8438,41.5545,2019,4,11,17.25,1.46,5.22,7.73,14.64,0.22
US-Oho,-83.8438,41.5545,2019,4,12,17.98,5.89,8.73,9.5,14.1,5.11
US-Oho,-83.8438,41.5545,2019,4,13,14.92,2.53,1.79,5.34,20.08,0
US-Oho,-83.8438,41.5545,2019,4,14,8.4,0.39,2.02,7.87,2.66,12.83
US-Oho,-83.8438,41.5545,2019,4,15,12.26,-0.42,-0.84,6.33,25.08,0.15
US-Oho,-83.8438,41.5545,2019,4,16,21.62,2.56,8.28,4.96,18.41,0.08
US-Oho,-83.8438,41.5545,2019,4,17,19.57,6.22,10.18,5.37,12.67,0.68
US-Oho,-83.8438,41.5545,2019,4,18,21.52,8,13.13,8.19,9.02,11.1
US-Oho,-83.8438,41.5545,2019,4,19,7.59,3.93,3.85,8.13,6.91,6.41
US-Oho,-83.8438,41.5545,2019,4,20,6.44,2.12,2.96,5.92,4.97,22.57
US-Oho,-83.8438,41.5545,2019,4,21,18.11,1.11,4.83,2.29,21.16,0.05
US-Oho,-83.8438,41.5545,2019,4,22,22.17,6.58,9.2,4.04,25.32,0
US-Oho,-83.8438,41.5545,2019,4,23,19.97,5.69,9.88,7.13,19.38,0.03
US-Oho,-83.8438,41.5545,2019,4,24,15.73,2.05,3.85,2.03,21.41,0.14
US-Oho,-83.8438,41.5545,2019,4,25,19.21,7.88,10.15,2.79,11.24,18.49
US-Oho,-83.8438,41.5545,2019,4,26,16.65,4.97,6.66,7.62,13.71,11.16
US-Oho,-83.8438,41.5545,2019,4,27,9.53,1.09,-0.02,4.57,16.82,11.24
US-Oho,-83.8438,41.5545,2019,4,28,12.48,0.95,0.56,5.22,27.12,1.94
US-Oho,-83.8438,41.5545,2019,4,29,12.92,2.87,5.71,4.56,6.04,7.85
US-Oho,-83.8438,41.5545,2019,4,30,10.51,5.49,5.9,4.72,7.62,11.87
US-Oho,-83.8438,41.5545,2019,5,1,23.81,7.43,14.73,6.25,9.47,6.5
US-Oho,-83.8438,41.5545,2019,5,2,23.18,8.75,14.37,3.4,9.85,2.33
US-Oho,-83.8438,41.5545,2019,5,3,15.2,8.44,9.89,3.38,6.07,3.44
US-Oho,-83.8438,41.5545,2019,5,4,13.87,6.82,6.58,2.59,12.03,0.37
US-Oho,-83.8438,41.5545,2019,5,5,20.2,4.61,7.2,2.25,26.99,0
US-Oho,-83.8438,41.5545,2019,5,6,23.94,8.58,11.07,3.79,24.53,0.18
US-Oho,-83.8438,41.5545,2019,5,7,15.04,6.27,7.44,5.72,13.93,0.78
US-Oho,-83.8438,41.5545,2019,5,8,16.29,5.33,6.43,6.68,19.43,0.02
US-Oho,-83.8438,41.5545,2019,5,9,22.48,13.07,17.09,6.96,9.24,9.5
US-Oho,-83.8438,41.5545,2019,5,10,14.88,6.6,7.17,4.98,13.2,2.06
US-Oho,-83.8438,41.5545,2019,5,11,13.6,5.14,4.48,5.98,18.91,1.52
US-Oho,-83.8438,41.5545,2019,5,12,12.72,6.47,7.41,4.6,7.11,7.52
US-Oho,-83.8438,41.5545,2019,5,13,13.77,5.33,6.2,3.66,8.86,3.47
US-Oho,-83.8438,41.5545,2019,5,14,19.26,3.98,6.2,3.33,26.66,0.06
US-Oho,-83.8438,41.5545,2019,5,15,21.85,6.76,8.57,3.92,23.21,0
US-Oho,-83.8438,41.5545,2019,5,16,23.82,10.13,13.79,5.18,20.68,4.15
US-Oho,-83.8438,41.5545,2019,5,17,20.63,11.41,14.69,3.56,11.21,5.11
US-Oho,-83.8438,41.5545,2019,5,18,28.2,10.52,15.57,4.72,23.2,2.96
US-Oho,-83.8438,41.5545,2019,5,19,25.52,16.9,18.37,6.79,9.22,14.72
US-Oho,-83.8438,41.5545,2019,5,20,16.39,8.32,9.35,6.04,13.5,0.16
US-Oho,-83.8438,41.5545,2019,5,21,15.44,6.67,6.17,4.16,11.34,0.71
US-Oho,-83.8438,41.5545,2019,5,22,24.71,9.04,14.47,4.51,12.97,4.89
US-Oho,-83.8438,41.5545,2019,5,23,26.92,12.99,16.36,6.44,23.77,3.87
US-Oho,-83.8438,41.5545,2019,5,24,24.41,10.98,13.25,2.48,14.42,0.31
US-Oho,-83.8438,41.5545,2019,5,25,27.01,17.07,20.21,5.73,21,8.03
US-Oho,-83.8438,41.5545,2019,5,26,23.92,14.02,17.52,2.96,10.25,6.48
US-Oho,-83.8438,41.5545,2019,5,27,23.92,11.86,13.48,3.34,27.39,9.35
US-Oho,-83.8438,41.5545,2019,5,28,27.76,16.71,19.74,5.84,20.66,3.11
US-Oho,-83.8438,41.5545,2019,5,29,23.43,16.49,16.86,2.67,17.92,6.58
US-Oho,-83.8438,41.5545,2019,5,30,24.37,15.33,16.2,3.01,18.26,7.13
US-Oho,-83.8438,41.5545,2019,5,31,26.32,14.2,15.33,2.49,26.39,0.01
US-Oho,-83.8438,41.5545,2019,6,1,24.24,16.32,18.07,4.52,15.09,27.56
US-Oho,-83.8438,41.5545,2019,6,2,21.88,9.57,11.65,4.47,22.88,11.81
US-Oho,-83.8438,41.5545,2019,6,3,19.47,6.34,6.17,2.49,30.46,0
US-Oho,-83.8438,41.5545,2019,6,4,23.07,9.89,13.9,4.17,11.84,3.83
US-Oho,-83.8438,41.5545,2019,6,5,24.22,17.28,18.99,4.68,18.59,7.78
US-Oho,-83.8438,41.5545,2019,6,6,23.81,13.87,15.39,2.66,12.33,0.11
US-Oho,-83.8438,41.5545,2019,6,7,24.33,13.05,14.69,4.98,27.55,0
US-Oho,-83.8438,41.5545,2019,6,8,25.31,13.53,15.01,6.05,22.22,0
US-Oho,-83.8438,41.5545,2019,6,9,25.29,17.49,18.94,4.58,11.58,3.85
US-Oho,-83.8438,41.5545,2019,6,10,22.28,10.9,15.33,6.43,11.49,6.55
US-Oho,-83.8438,41.5545,2019,6,11,24.22,9.12,11.62,3,29.44,0
US-Oho,-83.8438,41.5545,2019,6,12,24,12.79,13.35,4.87,27.2,2.22
US-Oho,-83.8438,41.5545,2019,6,13,16.72,9.28,11.67,5.35,8.08,11.21
US-Oho,-83.8438,41.5545,2019,6,14,22.71,7.96,10.16,6.13,29.19,0.16
US-Oho,-83.8438,41.5545,2019,6,15,23.22,14.95,16.68,6.48,5.7,12.01
US-Oho,-83.8438,41.5545,2019,6,16,23.26,14.91,16.63,3.09,10.29,8.74
US-Oho,-83.8438,41.5545,2019,6,17,20.63,14.55,15.59,2.88,14.5,0.43
US-Oho,-83.8438,41.5545,2019,6,18,25.76,13.65,16.29,1.85,24.24,0.27
US-Oho,-83.8438,41.5545,2019,6,19,25.27,15.52,16.94,2.04,22.32,3.13
US-Oho,-83.8438,41.5545,2019,6,20,22.93,14.08,16.57,4.07,4.75,16.32
US-Oho,-83.8438,41.5545,2019,6,21,25.01,11.9,14.11,2.72,27.79,0.02
US-Oho,-83.8438,41.5545,2019,6,22,23.73,13.58,12.7,4.09,29.22,0
US-Oho,-83.8438,41.5545,2019,6,23,26.3,12.79,15.38,3.75,27.73,1.12
US-Oho,-83.8438,41.5545,2019,6,24,26.48,18.9,20.43,5.78,15.19,0.83
US-Oho,-83.8438,41.5545,2019,6,25,27.33,16.39,17.82,5.81,29.18,0.05
US-Oho,-83.8438,41.5545,2019,6,26,29.27,19.12,19.97,3.21,27.92,2.26
US-Oho,-83.8438,41.5545,2019,6,27,29.12,20.2,20.34,1.35,26.65,0.76
US-Oho,-83.8438,41.5545,2019,6,28,30.91,20.08,20.83,2.97,27.16,0.09
US-Oho,-83.8438,41.5545,2019,6,29,29.06,21.4,21.99,3.23,25.11,0.07
US-Oho,-83.8438,41.5545,2019,6,30,29.08,19.42,18.78,3.1,24.94,0.02
US-Oho,-83.8438,41.5545,2019,7,1,30.34,18.2,19.74,3.1,27.22,0
US-Oho,-83.8438,41.5545,2019,7,2,29.86,20.67,22.55,2.86,22.83,7.65
US-Oho,-83.8438,41.5545,2019,7,3,28.75,21.76,22.46,1.79,20.63,7.44
US-Oho,-83.8438,41.5545,2019,7,4,28.11,21.8,22.32,1.96,23.25,7.87
US-Oho,-83.8438,41.5545,2019,7,5,31.31,21.03,22.9,2.67,24.37,1.21
US-Oho,-83.8438,41.5545,2019,7,6,28.83,22.02,23.01,1.91,20.2,7.18
US-Oho,-83.8438,41.5545,2019,7,7,26.5,17.5,19.28,4.41,14.68,4.93
US-Oho,-83.8438,41.5545,2019,7,8,26.64,14.74,16,3.11,28.02,0
US-Oho,-83.8438,41.5545,2019,7,9,27.8,15.29,17.37,2.59,28.16,0
US-Oho,-83.8438,41.5545,2019,7,10,30.17,18.51,21.9,3.33,23.5,1.61
US-Oho,-83.8438,41.5545,2019,7,11,28.99,17.88,20.47,3.82,25.83,1.54
US-Oho,-83.8438,41.5545,2019,7,12,26.08,15.04,16.38,2.43,29.13,0
US-Oho,-83.8438,41.5545,2019,7,13,29.59,16.01,19.37,4.23,27.62,2.14
US-Oho,-83.8438,41.5545,2019,7,14,28.49,18.4,17.03,2.38,28.22,0.08
US-Oho,-83.8438,41.5545,2019,7,15,30.25,18.74,20.58,2.81,23.21,4.41
US-Oho,-83.8438,41.5545,2019,7,16,27.45,21.64,22.52,3.91,13.71,14.75
US-Oho,-83.8438,41.5545,2019,7,17,29.15,22.42,22.77,2.89,22.27,4.96
US-Oho,-83.8438,41.5545,2019,7,18,29.95,20.98,23.02,3.67,17.24,4.8
US-Oho,-83.8438,41.5545,2019,7,19,30.47,22.86,24.92,5.16,22.38,1.3
US-Oho,-83.8438,41.5545,2019,7,20,31.47,24.24,25.26,5.05,22.23,0.39
US-Oho,-83.8438,41.5545,2019,7,21,30.97,21.28,23.37,2.77,19.93,14.54
US-Oho,-83.8438,41.5545,2019,7,22,24.48,15.49,17.47,4.06,15.19,1.94
US-Oho,-83.8438,41.5545,2019,7,23,24.97,13.65,14.45,3.44,27.82,1.95
US-Oho,-83.8438,41.5545,2019,7,24,25.05,14.47,14.15,2.34,26.75,0.32
US-Oho,-83.8438,41.5545,2019,7,25,27.02,15.76,14.3,1.22,24.95,0
US-Oho,-83.8438,41.5545,2019,7,26,27.63,16.08,17.07,2.78,25.24,0.01
US-Oho,-83.8438,41.5545,2019,7,27,27.84,18.1,18.88,4.6,24.74,0.1
US-Oho,-83.8438,41.5545,2019,7,28,27.78,20.93,21.02,4.83,23.78,0.08
US-Oho,-83.8438,41.5545,2019,7,29,29.04,20.55,21.5,5.26,19.3,6.37
US-Oho,-83.8438,41.5545,2019,7,30,28.41,19.22,19.73,1.98,24.53,0.16
US-Oho,-83.8438,41.5545,2019,7,31,26.65,18.21,18.42,2.96,21.06,0.05
US-Oho,-83.8438,41.5545,2019,8,1,26.62,16.45,14.38,2.86,26.4,0
US-Oho,-83.8438,41.5545,2019,8,2,27.12,14.96,13.6,2.5,28.02,0
US-Oho,-83.8438,41.5545,2019,8,3,28.74,15.83,14.64,1.36,26.88,0
US-Oho,-83.8438,41.5545,2019,8,4,28.81,17.65,19.04,2.09,22.87,1.55
US-Oho,-83.8438,41.5545,2019,8,5,29.5,19.3,19.79,2.29,24.71,0.59
US-Oho,-83.8438,41.5545,2019,8,6,25.27,20.07,19.85,3.59,12.96,10.78
US-Oho,-83.8438,41.5545,2019,8,7,27.91,18.38,18.84,2.61,24.93,1.02
US-Oho,-83.8438,41.5545,2019,8,8,27.67,16.4,17.29,5.03,24.25,0.1
US-Oho,-83.8438,41.5545,2019,8,9,26.24,13.45,13.2,3.7,25.53,0
US-Oho,-83.8438,41.5545,2019,8,10,27.31,14.62,13.95,2.37,23.53,0
US-Oho,-83.8438,41.5545,2019,8,11,26.88,15.82,16.01,3.18,21.5,0
US-Oho,-83.8438,41.5545,2019,8,12,27.7,18.49,18.96,3.69,13.98,10.41
US-Oho,-83.8438,41.5545,2019,8,13,27.85,19.62,20.81,2.48,10.37,8.15
US-Oho,-83.8438,41.5545,2019,8,14,26.66,17.43,16.6,2.63,23.32,0.64
US-Oho,-83.8438,41.5545,2019,8,15,27.24,18.48,18.99,2.05,20.24,4.91
US-Oho,-83.8438,41.5545,2019,8,16,25.84,16.46,18.01,2.47,20.61,1.07
US-Oho,-83.8438,41.5545,2019,8,17,28.02,20.61,21.56,3.14,16.33,3.92
US-Oho,-83.8438,41.5545,2019,8,18,28.29,21.25,22.68,4.16,12.2,24.28
US-Oho,-83.8438,41.5545,2019,8,19,28.59,20.79,21.26,1.4,21.6,5.87
US-Oho,-83.8438,41.5545,2019,8,20,29.42,20.28,21.95,2.51,15.99,6.47
US-Oho,-83.8438,41.5545,2019,8,21,29.12,20.75,21.42,2.96,22.53,8.89
US-Oho,-83.8438,41.5545,2019,8,22,24.35,16.01,16.99,2.81,16.16,7.74
US-Oho,-83.8438,41.5545,2019,8,23,23.53,14.34,13.31,3.31,22.2,0
US-Oho,-83.8438,41.5545,2019,8,24,23.01,12.96,12.15,4.14,23.84,0
US-Oho,-83.8438,41.5545,2019,8,25,24.26,12.01,13.89,3.83,21.06,0
US-Oho,-83.8438,41.5545,2019,8,26,23.26,14.85,15.69,6.4,6.75,8.74
US-Oho,-83.8438,41.5545,2019,8,27,25.92,18.36,19.52,4.08,13.72,8.18
US-Oho,-83.8438,41.5545,2019,8,28,24.21,14.6,14.78,4.67,23.56,0.03
US-Oho,-83.8438,41.5545,2019,8,29,26.01,12.32,15.64,5.57,24.18,1.81
US-Oho,-83.8438,41.5545,2019,8,30,25.35,15.52,15.42,3.09,19.46,0.29
US-Oho,-83.8438,41.5545,2019,8,31,22.56,14.24,13.64,3.9,14.99,0.6
US-Oho,-83.8438,41.5545,2019,9,1,21.61,15.59,16.2,2.47,6.37,5.44
US-Oho,-83.8438,41.5545,2019,9,2,26.48,15.14,16.97,2.63,21.15,0.7
US-Oho,-83.8438,41.5545,2019,9,3,26.39,15.78,18.49,5.58,11.42,1.18
US-Oho,-83.8438,41.5545,2019,9,4,23.98,14.18,15.28,3.6,17.22,0.01
US-Oho,-83.8438,41.5545,2019,9,5,23.94,13.29,13.3,1.93,16.47,0
US-Oho,-83.8438,41.5545,2019,9,6,23.02,12.67,14.13,2.29,11.71,0.06
US-Oho,-83.8438,41.5545,2019,9,7,24.76,15.75,14.54,3.53,17.89,0.01
US-Oho,-83.8438,41.5545,2019,9,8,23.08,14.36,13.34,2.59,10,0.06
US-Oho,-83.8438,41.5545,2019,9,9,25.45,14.76,14.64,3.2,19.23,0.04
US-Oho,-83.8438,41.5545,2019,9,10,29.4,16.48,17.37,4.37,18.54,0.01
US-Oho,-83.8438,41.5545,2019,9,11,29.27,21.18,21.32,2.91,16.6,12.61
US-Oho,-83.8438,41.5545,2019,9,12,25.74,18.62,19.81,3.75,13.34,3.7
US-Oho,-83.8438,41.5545,2019,9,13,30.76,16.82,20.07,4.98,16.64,13.81
US-Oho,-83.8438,41.5545,2019,9,14,24.74,14.3,14.72,3.55,21.03,0.09
US-Oho,-83.8438,41.5545,2019,9,15,21.78,15.43,15.49,2.91,9.73,0.28
US-Oho,-83.8438,41.5545,2019,9,16,27.79,17.91,18.46,2.66,15.61,0.01
US-Oho,-83.8438,41.5545,2019,9,17,25.13,15.41,16.25,3.45,15.88,0
US-Oho,-83.8438,41.5545,2019,9,18,27.71,14.31,14.22,3.82,20.52,0
US-Oho,-83.8438,41.5545,2019,9,19,28.16,12.17,14.19,2.74,20.03,0
US-Oho,-83.8438,41.5545,2019,9,20,30.18,16.26,17.44,1.91,17.98,0.01
US-Oho,-83.8438,41.5545,2019,9,21,29.53,19.94,18.77,3.05,14.59,0.93
US-Oho,-83.8438,41.5545,2019,9,22,30.02,19.45,16.56,6.08,18.5,1.8
US-Oho,-83.8438,41.5545,2019,9,23,25.18,13.64,14.12,5.68,18.13,2.51
US-Oho,-83.8438,41.5545,2019,9,24,24.97,11.38,12.49,3.26,17.89,0.29
US-Oho,-83.8438,41.5545,2019,9,25,26.3,14.41,14.04,5.54,12.24,0.09
US-Oho,-83.8438,41.5545,2019,9,26,23.03,13.86,9.62,4.01,19.22,0.21
US-Oho,-83.8438,41.5545,2019,9,27,28.5,10.3,11.74,5.31,14.34,4.34
US-Oho,-83.8438,41.5545,2019,9,28,24.87,16.11,17.82,3.92,7.99,18.55
US-Oho,-83.8438,41.5545,2019,9,29,23.53,15.14,16.73,4.69,5.44,5.85
US-Oho,-83.8438,41.5545,2019,9,30,29.2,17.45,19.76,2.65,12.87,8.07
US-Oho,-83.8438,41.5545,2019,10,1,30.43,19.81,20.14,4.45,14.72,0.65
US-Oho,-83.8438,41.5545,2019,10,2,24.73,15.54,19.23,4.16,5.43,6.92
US-Oho,-83.8438,41.5545,2019,10,3,25.22,12.78,15.56,5.73,8.79,6.27
US-Oho,-83.8438,41.5545,2019,10,4,17.04,10.09,8.14,4.71,11.44,0.07
US-Oho,-83.8438,41.5545,2019,10,5,18.44,7.67,8.88,3.56,15.91,0.06
US-Oho,-83.8438,41.5545,2019,10,6,21.32,11.99,11.73,4.46,11.67,2.58
US-Oho,-83.8438,41.5545,2019,10,7,21.22,9.23,8.64,3.14,12.64,0.02
US-Oho,-83.8438,41.5545,2019,10,8,21.67,6.45,8.82,2.59,17.56,0
US-Oho,-83.8438,41.5545,2019,10,9,21.25,6.97,8.79,3.5,17.28,0
US-Oho,-83.8438,41.5545,2019,10,10,24.45,8.87,11.39,3.44,15.14,0.04
US-Oho,-83.8438,41.5545,2019,10,11,23.19,7.24,12.98,6.18,4.3,9.29
US-Oho,-83.8438,41.5545,2019,10,12,11.64,2.15,-0.74,5.92,17.39,0.36
US-Oho,-83.8438,41.5545,2019,10,13,18.31,3.32,2.06,6.65,16.45,0.12
US-Oho,-83.8438,41.5545,2019,10,14,13.39,3.49,2.51,3.53,13.43,0.11
US-Oho,-83.8438,41.5545,2019,10,15,21.04,2.72,5.35,4.71,14.75,0.83
US-Oho,-83.8438,41.5545,2019,10,16,13.93,6.26,5.66,8.48,4.61,4.4
US-Oho,-83.8438,41.5545,2019,10,17,13.48,4.48,3.85,5.54,10.72,0.09
US-Oho,-83.8438,41.5545,2019,10,18,14.24,1.68,2.34,2.11,15.39,0.03
US-Oho,-83.8438,41.5545,2019,10,19,18.14,2.08,3.95,3.56,12.76,0
US-Oho,-83.8438,41.5545,2019,10,20,21.14,6.42,7.74,2.24,11.45,0
US-Oho,-83.8438,41.5545,2019,10,21,20.57,8.85,13.11,7.62,4.79,4.59
US-Oho,-83.8438,41.5545,2019,10,22,14.51,7.24,6.73,7.55,8.61,0.46
US-Oho,-83.8438,41.5545,2019,10,23,16.96,3.81,3.3,6.71,14.31,0
US-Oho,-83.8438,41.5545,2019,10,24,13.73,6.99,5.06,3.92,10.85,0
US-Oho,-83.8438,41.5545,2019,10,25,13.83,5.45,5.31,2.23,4.96,0.06
US-Oho,-83.8438,41.5545,2019,10,26,13.83,5.36,8.52,5.86,2.63,30.31
US-Oho,-83.8438,41.5545,2019,10,27,16.32,5.79,7.93,7.67,6.1,0.69
US-Oho,-83.8438,41.5545,2019,10,28,18.4,3.86,7.08,3.23,13.4,0
US-Oho,-83.8438,41.5545,2019,10,29,15.36,6.94,8.6,4.07,6.96,0.53
US-Oho,-83.8438,41.5545,2019,10,30,10.08,5.49,6.38,4.02,3.07,13.73
US-Oho,-83.8438,41.5545,2019,10,31,9.5,1.35,4.49,6.33,2.48,22.03
US-Oho,-83.8438,41.5545,2019,11,1,6.94,-2.62,-2.53,5.4,11.02,0.08
US-Oho,-83.8438,41.5545,2019,11,2,8.09,-0.62,-0.32,5.47,9.05,0.57
US-Oho,-83.8438,41.5545,2019,11,3,9.13,-1.06,0.01,4.74,10.9,0.14
US-Oho,-83.8438,41.5545,2019,11,4,13.67,4.14,3.94,7.08,7.98,0.1
US-Oho,-83.8438,41.5545,2019,11,5,8.7,-2.15,0.11,5.04,10.65,0.01
US-Oho,-83.8438,41.5545,2019,11,6,10.24,-3.79,-1.67,3.67,5.27,0
US-Oho,-83.8438,41.5545,2019,11,7,2.65,-4.06,-4.81,5.51,7.46,0.04
US-Oho,-83.8438,41.5545,2019,11,8,2.99,-5.39,-6.41,3.27,12.19,0
US-Oho,-83.8438,41.5545,2019,11,9,5.67,-3.16,-4.75,5.51,7.45,0
US-Oho,-83.8438,41.5545,2019,11,10,8.63,-1.07,1.3,3.51,7.11,0.29
US-Oho,-83.8438,41.5545,2019,11,11,2.13,-5.41,-2.44,6.89,0.84,10.17
US-Oho,-83.8438,41.5545,2019,11,12,-3.68,-10.06,-10.38,5.4,9.16,0.07
US-Oho,-83.8438,41.5545,2019,11,13,-2.96,-10.29,-9.8,4.68,5.11,0.13
US-Oho,-83.8438,41.5545,2019,11,14,1.12,-5.45,-4.48,3.66,4.89,2.26
US-Oho,-83.8438,41.5545,2019,11,15,1.51,-7.37,-3.74,3.98,6.36,0.01
US-Oho,-83.8438,41.5545,2019,11,16,2.87,-4.08,-3.58,4.35,8.6,0
US-Oho,-83.8438,41.5545,2019,11,17,4.63,-5.81,-3.22,2.12,8.32,0.11
US-Oho,-83.8438,41.5545,2019,11,18,8.55,-1.6,-0.88,1.53,9.24,0
US-Oho,-83.8438,41.5545,2019,11,19,6.01,-0.83,0.46,1.55,3.28,0.01
US-Oho,-83.8438,41.5545,2019,11,20,7.78,-1.94,1.17,2.24,4.31,0
US-Oho,-83.8438,41.5545,2019,11,21,11.42,1.47,4.72,7.79,3.29,1.14
US-Oho,-83.8438,41.5545,2019,11,22,4.55,-3.33,-2.61,3.99,7.38,0.1
US-Oho,-83.8438,41.5545,2019,11,23,3.72,-3.97,-2.48,2.57,4.54,1.06
US-Oho,-83.8438,41.5545,2019,11,24,7.1,-3.17,-0.13,5.8,8.68,0.03
US-Oho,-83.8438,41.5545,2019,11,25,9.12,1.23,3.72,5.26,7.65,0.05
US-Oho,-83.8438,41.5545,2019,11,26,11.19,4.65,6.21,3.94,6.08,4.51
US-Oho,-83.8438,41.5545,2019,11,27,12.12,1.67,2.85,12.54,2.99,6.17
US-Oho,-83.8438,41.5545,2019,11,28,4.49,-0.48,-1.47,4.94,4.02,0.1
US-Oho,-83.8438,41.5545,2019,11,29,3.85,-1.41,-1.88,1.86,4.13,0
US-Oho,-83.8438,41.5545,2019,11,30,3.67,-1.35,-1.78,4.98,2.45,0.73
US-Oho,-83.8438,41.5545,2019,12,1,7.01,0.51,2.34,4.93,5.28,8.95
US-Oho,-83.8438,41.5545,2019,12,2,2.5,-2.99,-1.85,5.24,2.47,0.2
US-Oho,-83.8438,41.5545,2019,12,3,1.74,-3.2,-3.26,4.88,2.38,0.03
US-Oho,-83.8438,41.5545,2019,12,4,4.77,-1.55,-1.43,6.93,2.18,0.01
US-Oho,-83.8438,41.5545,2019,12,5,6.01,-2.95,-1.86,4.29,7.96,0
US-Oho,-83.8438,41.5545,2019,12,6,4.56,-4.25,-2,5.31,6.21,0
US-Oho,-83.8438,41.5545,2019,12,7,3.12,-5,-6.03,2.64,7.27,0
US-Oho,-83.8438,41.5545,2019,12,8,8.38,-3.32,1.08,6.2,5.75,0.44
US-Oho,-83.8438,41.5545,2019,12,9,10.68,2.54,7.56,7.77,1.4,8.79
US-Oho,-83.8438,41.5545,2019,12,10,0.88,-6.76,-6.56,7.15,3.22,0.1
US-Oho,-83.8438,41.5545,2019,12,11,-3.53,-7.17,-10.06,6,5.35,0.43
US-Oho,-83.8438,41.5545,2019,12,12,2.85,-8.43,-5.71,5.18,5.07,0
US-Oho,-83.8438,41.5545,2019,12,13,4.54,-3.73,-0.29,3.57,4.34,0.07
US-Oho,-83.8438,41.5545,2019,12,14,4.1,-1.85,0.06,4.09,4.87,1.45
US-Oho,-83.8438,41.5545,2019,12,15,0.71,-2.63,-4.97,4.48,5.91,0.32
US-Oho,-83.8438,41.5545,2019,12,16,1.75,-3.87,-3.92,3.02,6.37,0.2
US-Oho,-83.8438,41.5545,2019,12,17,0.63,-5.21,-5.61,5.79,5.18,0.96
US-Oho,-83.8438,41.5545,2019,12,18,-4.33,-11.4,-11.2,6.29,6.28,0.28
US-Oho,-83.8438,41.5545,2019,12,19,0.94,-11.74,-9.48,4.55,8.28,0.38
US-Oho,-83.8438,41.5545,2019,12,20,2.29,-4.96,-3.37,3.09,5.73,0.84
US-Oho,-83.8438,41.5545,2019,12,21,6.37,-3.82,-1.35,3.94,8.15,0
US-Oho,-83.8438,41.5545,2019,12,22,8.19,-1.28,0.38,4.62,8.1,0
US-Oho,-83.8438,41.5545,2019,12,23,9.77,0.23,2.87,4.59,7.67,0
US-Oho,-83.8438,41.5545,2019,12,24,4.32,-0.58,1.46,3.08,3.59,0.31
US-Oho,-83.8438,41.5545,2019,12,25,11.72,-0.56,3.56,4.4,7.98,0.11
US-Oho,-83.8438,41.5545,2019,12,26,15.68,4.73,10.36,5.64,5.24,0.09
US-Oho,-83.8438,41.5545,2019,12,27,11.57,-2.76,3.43,4.5,4.73,0
US-Oho,-83.8438,41.5545,2019,12,28,4.95,-3.2,-0.22,3.33,4.91,0.64
US-Oho,-83.8438,41.5545,2019,12,29,14,3.5,9.21,5.48,2.11,15.15
US-Oho,-83.8438,41.5545,2019,12,30,9.92,0.11,0.42,9.99,4.15,15.44
US-Oho,-83.8438,41.5545,2019,12,31,-0.09,-3.87,-5.09,9.54,2.93,1.81
US-Oho,-83.8438,41.5545,2020,1,1,3.5,-5.01,-4.49,6.36,8.59,0.94
US-Oho,-83.8438,41.5545,2020,1,2,6.04,-0.4,1.87,6.23,6.94,0.66
US-Oho,-83.8438,41.5545,2020,1,3,6.31,1.23,3.72,2.69,2.7,2.99
US-Oho,-83.8438,41.5545,2020,1,4,2.94,-2.86,-2.04,4.25,2.42,1.26
US-Oho,-83.8438,41.5545,2020,1,5,2.97,-3.82,-2.82,6.57,4.93,0.05
US-Oho,-83.8438,41.5545,2020,1,6,5.5,-3.63,-3.15,5.98,9.32,0
US-Oho,-83.8438,41.5545,2020,1,7,5.52,-2.42,-3.7,4.79,7.54,0.34
US-Oho,-83.8438,41.5545,2020,1,8,-0.75,-6.03,-8.87,6.03,6.91,0.07
US-Oho,-83.8438,41.5545,2020,1,9,6.68,-5.63,-3.19,8.1,5.69,1.04
US-Oho,-83.8438,41.5545,2020,1,10,12.22,4.84,8.04,5.37,2.88,15.86
US-Oho,-83.8438,41.5545,2020,1,11,13.83,0.24,8.27,7.04,1.4,31.49
US-Oho,-83.8438,41.5545,2020,1,12,1.35,-5.76,-5.86,3.92,5.99,0.62
US-Oho,-83.8438,41.5545,2020,1,13,4.02,-2.77,-1.6,3.45,3.34,1.02
US-Oho,-83.8438,41.5545,2020,1,14,5.77,-2.41,0.47,5,5.21,0.25
US-Oho,-83.8438,41.5545,2020,1,15,8.25,-2.28,0.81,4.04,4.38,0.65
US-Oho,-83.8438,41.5545,2020,1,16,0.99,-5.43,-6.05,8.04,3.77,0.07
US-Oho,-83.8438,41.5545,2020,1,17,-1.97,-6.72,-7.89,4.56,6.04,3.92
US-Oho,-83.8438,41.5545,2020,1,18,3.35,-7.72,-2.46,10.52,1.75,15.27
US-Oho,-83.8438,41.5545,2020,1,19,-7.44,-11.95,-11.69,8.14,5.11,0.13
US-Oho,-83.8438,41.5545,2020,1,20,-3.93,-13.89,-11.81,3.44,7.63,0
US-Oho,-83.8438,41.5545,2020,1,21,-1.6,-10.2,-9.2,2.55,7.8,0.59
US-Oho,-83.8438,41.5545,2020,1,22,-0.46,-11.88,-7.89,4.97,7.08,0
US-Oho,-83.8438,41.5545,2020,1,23,3.89,-3.36,-1.97,3.38,4.16,0.3
US-Oho,-83.8438,41.5545,2020,1,24,3.11,0.55,1.35,4.41,3.07,10.47
US-Oho,-83.8438,41.5545,2020,1,25,2.7,-1.18,-0.45,5.38,4.18,2.42
US-Oho,-83.8438,41.5545,2020,1,26,1.81,-1.66,-1.48,6.25,3.66,0.22
US-Oho,-83.8438,41.5545,2020,1,27,3.64,-2.04,-1.79,3.62,4.48,0.03
US-Oho,-83.8438,41.5545,2020,1,28,2.67,-2.11,-2.5,3.19,3.47,0.18
US-Oho,-83.8438,41.5545,2020,1,29,1.03,-2.56,-3.79,2.44,3.66,0.02
US-Oho,-83.8438,41.5545,2020,1,30,1.44,-2.58,-4.34,1.28,5.03,0.01
US-Oho,-83.8438,41.5545,2020,1,31,1.87,-2.5,-3.91,1.39,5.81,0.03
US-Oho,-83.8438,41.5545,2020,2,1,3.02,-4.69,-2.3,4.71,4.47,0.32
US-Oho,-83.8438,41.5545,2020,2,2,10.97,-0.62,1.97,8.13,11.53,0.16
US-Oho,-83.8438,41.5545,2020,2,3,10.97,-1.12,3.96,2.8,10.6,0
US-Oho,-83.8438,41.5545,2020,2,4,8.31,-1.88,-0.18,6.48,2.46,1.25
US-Oho,-83.8438,41.5545,2020,2,5,0.52,-4.4,-6.87,6.3,7.04,5.29
US-Oho,-83.8438,41.5545,2020,2,6,-1.08,-4.72,-5.22,6.61,2.76,2.13
US-Oho,-83.8438,41.5545,2020,2,7,0.04,-4.81,-5.21,6.11,7.96,0.81
US-Oho,-83.8438,41.5545,2020,2,8,0.31,-5.01,-4.35,2.86,4.09,0.55
US-Oho,-83.8438,41.5545,2020,2,9,0.84,-6.07,-3,5.77,4.31,5.39
US-Oho,-83.8438,41.5545,2020,2,10,2.04,-1.58,-1.26,2.78,4.98,0.48
US-Oho,-83.8438,41.5545,2020,2,11,3.19,-4.88,-3.41,4.11,12.27,0.01
US-Oho,-83.8438,41.5545,2020,2,12,1.2,-4.83,-3.69,2.86,5.83,3.66
US-Oho,-83.8438,41.5545,2020,2,13,1.29,-11.23,-6.15,5.01,4.02,1.33
US-Oho,-83.8438,41.5545,2020,2,14,-6.01,-14.35,-14.61,3.19,12.49,0.01
US-Oho,-83.8438,41.5545,2020,2,15,1.22,-14.63,-7.77,7.45,7.02,0.03
US-Oho,-83.8438,41.5545,2020,2,16,3.36,-3.2,-2.4,3.34,12.49,0.01
US-Oho,-83.8438,41.5545,2020,2,17,3.83,-5.89,-2.96,5.1,9.95,1.74
US-Oho,-83.8438,41.5545,2020,2,18,5.46,-3.97,-0.43,6.59,6.98,1.09
US-Oho,-83.8438,41.5545,2020,2,19,0.56,-6.09,-7.65,4.75,15.53,0
US-Oho,-83.8438,41.5545,2020,2,20,-2.69,-9.75,-10.83,4.16,15.08,0
US-Oho,-83.8438,41.5545,2020,2,21,0.95,-11.55,-9.84,5.42,16.33,0
US-Oho,-83.8438,41.5545,2020,2,22,7.07,-6.97,-4.74,6.52,16.05,0
US-Oho,-83.8438,41.5545,2020,2,23,10.29,-1.83,0.27,6.14,15.34,0
US-Oho,-83.8438,41.5545,2020,2,24,7.58,-0.33,2.54,3.21,6.63,5.03
US-Oho,-83.8438,41.5545,2020,2,25,5.01,-0.99,0.64,6.65,4.13,4.42
US-Oho,-83.8438,41.5545,2020,2,26,1.01,-4.4,-2.83,6.78,3.85,5.67
US-Oho,-83.8438,41.5545,2020,2,27,-2.18,-6.79,-8.77,8.31,6.79,0.09
US-Oho,-83.8438,41.5545,2020,2,28,-2.3,-7.66,-9.54,6.61,8.77,0.02
US-Oho,-83.8438,41.5545,2020,2,29,1,-7.99,-7.99,5.47,12.38,0
US-Oho,-83.8438,41.5545,2020,3,1,8.33,-8.07,-2.08,6.81,12.16,0.61
US-Oho,-83.8438,41.5545,2020,3,2,10.58,2.92,5,5.91,4,7.34
US-Oho,-83.8438,41.5545,2020,3,3,10.82,-0.2,1.63,5.93,9.61,0.94
US-Oho,-83.8438,41.5545,2020,3,4,8.09,-3.82,-1.23,5.15,8.58,0.04
US-Oho,-83.8438,41.5545,2020,3,5,10.2,-3.89,-1.64,4.35,17.55,0.94
US-Oho,-83.8438,41.5545,2020,3,6,4.75,-4.3,-1.9,7.33,5.05,0.28
US-Oho,-83.8438,41.5545,2020,3,7,7.02,-4.96,-4.61,3,18.66,0
US-Oho,-83.8438,41.5545,2020,3,8,14.68,-1.78,1.28,7.09,17.94,0
US-Oho,-83.8438,41.5545,2020,3,9,16.45,6.57,8.43,8.63,10.34,2.06
US-Oho,-83.8438,41.5545,2020,3,10,12.45,-0.77,4.25,6.62,6.84,2.52
US-Oho,-83.8438,41.5545,2020,3,11,10.06,-1.09,2.28,2.36,6.38,0.14
US-Oho,-83.8438,41.5545,2020,3,12,13.64,2.52,7.02,3.43,9.75,2.07
US-Oho,-83.8438,41.5545,2020,3,13,9.81,-1.07,-1.15,8.07,20.22,0.03
US-Oho,-83.8438,41.5545,2020,3,14,3.77,-2.87,-2.89,2.87,4.31,0.24
US-Oho,-83.8438,41.5545,2020,3,15,7.3,-3.51,-3.55,4.54,16.65,0
US-Oho,-83.8438,41.5545,2020,3,16,9.57,-3.65,-0.37,2.91,11.94,0.17
US-Oho,-83.8438,41.5545,2020,3,17,10.4,-0.67,0.24,4.35,10.31,0.11
US-Oho,-83.8438,41.5545,2020,3,18,7.94,-1.42,2.05,3.67,5.93,15.22
US-Oho,-83.8438,41.5545,2020,3,19,16.79,2.16,7.97,5.48,6.35,10.14
US-Oho,-83.8438,41.5545,2020,3,20,18.41,-3.88,5.5,9.51,12.16,1.91
US-Oho,-83.8438,41.5545,2020,3,21,3.28,-5.29,-6.48,3.83,10.15,0.07
US-Oho,-83.8438,41.5545,2020,3,22,4.66,-4.99,-4.4,4.55,13.68,1.94
US-Oho,-83.8438,41.5545,2020,3,23,7.63,-0.65,0.84,3.33,7.72,1.74
US-Oho,-83.8438,41.5545,2020,3,24,9.78,-0.08,0.81,3.47,7.3,0.69
US-Oho,-83.8438,41.5545,2020,3,25,14.46,-1.27,3.52,2.44,17.55,0.07
US-Oho,-83.8438,41.5545,2020,3,26,17.07,4.76,7.89,5.22,12.68,3.09
US-Oho,-83.8438,41.5545,2020,3,27,10.53,2.37,3.39,5.06,7.75,12.14
US-Oho,-83.8438,41.5545,2020,3,28,13.22,5.95,8.8,3.93,5.8,18.63
US-Oho,-83.8438,41.5545,2020,3,29,17.2,7.27,9.27,10.87,11.82,4.27
US-Oho,-83.8438,41.5545,2020,3,30,9.1,1.43,2.21,7.24,7.43,0.27
US-Oho,-83.8438,41.5545,2020,3,31,7.8,-0.31,2.45,3.24,5.92,0.62
US-Oho,-83.8438,41.5545,2020,4,1,10.54,2.7,3.53,3.51,9,0.05
US-Oho,-83.8438,41.5545,2020,4,2,15.26,0.46,2.41,3.73,23.91,0
US-Oho,-83.8438,41.5545,2020,4,3,17.59,0.72,1.68,3.35,23.12,0
US-Oho,-83.8438,41.5545,2020,4,4,19.76,2.29,5.68,3.8,12.81,0.03
US-Oho,-83.8438,41.5545,2020,4,5,13.02,1.4,2.84,3.6,14.44,0.05
US-Oho,-83.8438,41.5545,2020,4,6,14.84,0.69,1.66,1.96,20.86,0.47
US-Oho,-83.8438,41.5545,2020,4,7,22.24,5.67,11.82,5.16,12.72,12.79
US-Oho,-83.8438,41.5545,2020,4,8,21.69,9.2,10.17,3.85,22.88,5.62
US-Oho,-83.8438,41.5545,2020,4,9,9.21,1.22,0.75,8.31,18.1,0.76
US-Oho,-83.8438,41.5545,2020,4,10,7.7,-0.1,-1.69,6.71,16.88,0.09
US-Oho,-83.8438,41.5545,2020,4,11,13.14,-1.79,1.53,4.12,18.81,0.7
US-Oho,-83.8438,41.5545,2020,4,12,17.22,5.67,9.23,5.6,11.68,2.23
US-Oho,-83.8438,41.5545,2020,4,13,11.15,0.1,2.58,8.1,9.74,2.37
US-Oho,-83.8438,41.5545,2020,4,14,4.62,-3.05,-4.35,5.31,17.95,0.03
US-Oho,-83.8438,41.5545,2020,4,15,3.31,-4.12,-4.06,4.09,10.98,1.53
US-Oho,-83.8438,41.5545,2020,4,16,6.39,-3.98,-4.53,4.36,21.38,0.03
US-Oho,-83.8438,41.5545,2020,4,17,2.59,-2.81,-1.74,3.71,4.65,7.65
US-Oho,-83.8438,41.5545,2020,4,18,11.87,-4,-0.1,5.66,23.52,0.03
US-Oho,-83.8438,41.5545,2020,4,19,14.98,2.05,4.13,6.04,18.16,0.01
US-Oho,-83.8438,41.5545,2020,4,20,14.45,-0.64,1.61,5.07,25.93,1.33
US-Oho,-83.8438,41.5545,2020,4,21,8.74,-3.07,-2.36,7.81,22,1.23
US-Oho,-83.8438,41.5545,2020,4,22,9.26,-3.14,-0.79,2.23,7.52,1.3
US-Oho,-83.8438,41.5545,2020,4,23,14.41,2.97,6.62,3.01,10.99,0.63
US-Oho,-83.8438,41.5545,2020,4,24,15.78,2.81,6.46,3.57,16.88,0.02
US-Oho,-83.8438,41.5545,2020,4,25,11.88,5.6,5.22,5.96,10.1,1.95
US-Oho,-83.8438,41.5545,2020,4,26,14.57,3.73,3.93,8.04,12.3,2.37
US-Oho,-83.8438,41.5545,2020,4,27,17.51,3.84,4.59,3.19,24.13,0.5
US-Oho,-83.8438,41.5545,2020,4,28,20.89,8.15,12.43,3.91,17.89,1.3
US-Oho,-83.8438,41.5545,2020,4,29,18.77,11.56,12.54,7.63,8.73,1.69
US-Oho,-83.8438,41.5545,2020,4,30,13.01,7.45,6.48,4.66,9.59,2.66
US-Oho,-83.8438,41.5545,2020,5,1,18.39,5.38,6.38,3.72,24.46,0.09
US-Oho,-83.8438,41.5545,2020,5,2,25.51,8.53,12.06,6.06,19.73,0
US-Oho,-83.8438,41.5545,2020,5,3,23.41,9.18,9.62,4.74,20.67,0
US-Oho,-83.8438,41.5545,2020,5,4,14.78,3.75,4.54,4.42,27.13,0
US-Oho,-83.8438,41.5545,2020,5,5,11.7,3.8,-0.09,5.86,12.01,0.15
US-Oho,-83.8438,41.5545,2020,5,6,15.2,2.06,0.67,4.63,29.02,0.03
US-Oho,-83.8438,41.5545,2020,5,7,18.01,2.65,2.97,6.48,27.18,0
US-Oho,-83.8438,41.5545,2020,5,8,7.56,-1.43,-1.35,6.4,18.66,0.06
US-Oho,-83.8438,41.5545,2020,5,9,10.42,-3.36,-3.15,5.89,22.09,0.09
US-Oho,-83.8438,41.5545,2020,5,10,15.07,2.94,3.87,7.21,16.01,6.15
US-Oho,-83.8438,41.5545,2020,5,11,9.18,0.17,0.12,5.94,13.8,0.8
US-Oho,-83.8438,41.5545,2020,5,12,14.94,-0.94,0.51,4.96,25.73,0
US-Oho,-83.8438,41.5545,2020,5,13,17.44,0.25,1.99,3.55,25.43,0
US-Oho,-83.8438,41.5545,2020,5,14,23.23,5.32,14.2,6.26,9.66,15.26
US-Oho,-83.8438,41.5545,2020,5,15,23.15,14.66,16.41,5.29,9.78,10.31
US-Oho,-83.8438,41.5545,2020,5,16,21.09,11.06,12.92,3.97,19.86,0.15
US-Oho,-83.8438,41.5545,2020,5,17,20.61,10.38,13.1,5.34,11.77,5.37
US-Oho,-83.8438,41.5545,2020,5,18,22.94,12.4,16.7,5.98,7.51,36.83
US-Oho,-83.8438,41.5545,2020,5,19,18.79,12.77,12.87,6.77,9.4,6.7
US-Oho,-83.8438,41.5545,2020,5,20,19.94,10.24,8.62,5.36,13.49,0.09
US-Oho,-83.8438,41.5545,2020,5,21,20.13,11.37,12.34,4.15,13.03,0.75
US-Oho,-83.8438,41.5545,2020,5,22,21.28,12.27,13.94,2.22,11.79,1.65
US-Oho,-83.8438,41.5545,2020,5,23,23.28,11.24,14.94,2.92,19.95,0.04
US-Oho,-83.8438,41.5545,2020,5,24,26.98,18.16,19.9,4.3,24.28,0.11
US-Oho,-83.8438,41.5545,2020,5,25,29.87,17.46,19.38,3.09,20.52,0.95
US-Oho,-83.8438,41.5545,2020,5,26,30.07,18.06,20.03,2.7,24.03,1.57
US-Oho,-83.8438,41.5545,2020,5,27,27.57,18.08,19.87,3.68,16.15,1.27
US-Oho,-83.8438,41.5545,2020,5,28,26.77,19.01,19.33,4.8,16.21,4.03
US-Oho,-83.8438,41.5545,2020,5,29,20.97,14.63,15.84,4.45,13.99,5.98
US-Oho,-83.8438,41.5545,2020,5,30,21.05,10.21,10.54,5.28,25.41,0.01
US-Oho,-83.8438,41.5545,2020,5,31,18.13,6.05,4.69,3.23,31.97,0
US-Oho,-83.8438,41.5545,2020,6,1,22.87,6.74,8.31,3.68,26.28,0.1
US-Oho,-83.8438,41.5545,2020,6,2,29.85,13.35,17.17,6.81,27.37,0.02
US-Oho,-83.8438,41.5545,2020,6,3,26.41,20.28,19.02,4.9,21.62,0.19
US-Oho,-83.8438,41.5545,2020,6,4,26.4,17.76,19.02,1.61,19.88,0.88
US-Oho,-83.8438,41.5545,2020,6,5,29.44,17.54,19.47,2.85,24.14,2.04
US-Oho,-83.8438,41.5545,2020,6,6,27.45,14.74,15.97,4.4,29.44,0.24
US-Oho,-83.8438,41.5545,2020,6,7,24.58,12.75,12.25,3.35,27.84,0.02
US-Oho,-83.8438,41.5545,2020,6,8,26.93,12.76,13.04,3.46,30.04,0
US-Oho,-83.8438,41.5545,2020,6,9,31.02,15.23,19.15,5.17,26.6,0.8
US-Oho,-83.8438,41.5545,2020,6,10,29.61,17.58,21.28,9.04,21.54,6.96
US-Oho,-83.8438,41.5545,2020,6,11,24.61,14,13.3,5.95,30.45,0.08
US-Oho,-83.8438,41.5545,2020,6,12,24.75,13.28,13.53,4.15,28.69,1.44
US-Oho,-83.8438,41.5545,2020,6,13,19.77,10.03,8.25,5.56,29.22,4.2
US-Oho,-83.8438,41.5545,2020,6,14,20.29,9.45,7.67,5.33,30.78,2.36
US-Oho,-83.8438,41.5545,2020,6,15,23.46,11.05,12.98,4.51,27.04,0
US-Oho,-83.8438,41.5545,2020,6,16,26.42,13.09,14.58,2.94,28.15,0
US-Oho,-83.8438,41.5545,2020,6,17,27.26,12.64,12.7,3.4,29.07,0
US-Oho,-83.8438,41.5545,2020,6,18,27.94,15.56,15.98,2.79,27.58,0.09
US-Oho,-83.8438,41.5545,2020,6,19,29.54,18.04,17.46,1.54,26.54,0.15
US-Oho,-83.8438,41.5545,2020,6,20,31.14,18.13,18.14,2.31,26.32,0.42
US-Oho,-83.8438,41.5545,2020,6,21,28.57,19.61,19.52,2.95,17.9,1.57
US-Oho,-83.8438,41.5545,2020,6,22,27.05,19.14,19.23,2.14,21.89,6.64
US-Oho,-83.8438,41.5545,2020,6,23,25.48,15.85,16.83,5.17,22.16,4.2
US-Oho,-83.8438,41.5545,2020,6,24,24.56,14.58,12.8,3.86,23.43,0.26
US-Oho,-83.8438,41.5545,2020,6,25,26.06,14.27,14.23,3.68,25.43,0.08
US-Oho,-83.8438,41.5545,2020,6,26,29.17,17.67,18.54,3.88,17.51,10.16
US-Oho,-83.8438,41.5545,2020,6,27,27.95,20.55,21.57,5.23,18.14,5.84
US-Oho,-83.8438,41.5545,2020,6,28,29.47,17.46,17.68,2.13,25.29,0.15
US-Oho,-83.8438,41.5545,2020,6,29,30,17.67,16.83,2.43,27.94,0.01
US-Oho,-83.8438,41.5545,2020,6,30,30.85,17.31,15.24,2.82,30.05,0
US-Oho,-83.8438,41.5545,2020,7,1,30.82,17.35,17.18,3.63,30.16,0.02
US-Oho,-83.8438,41.5545,2020,7,2,32.43,19.19,16.82,2.04,28.15,0
US-Oho,-83.8438,41.5545,2020,7,3,33.39,20.01,19.23,2.59,27.67,0.33
US-Oho,-83.8438,41.5545,2020,7,4,33.04,20.89,18.82,3.01,27.27,0.25
US-Oho,-83.8438,41.5545,2020,7,5,33.2,19.01,16.06,1.73,28.47,0
US-Oho,-83.8438,41.5545,2020,7,6,34.3,21.68,17.08,1.29,26.65,0.11
US-Oho,-83.8438,41.5545,2020,7,7,34.98,22.34,19.44,2.35,25.46,1.65
US-Oho,-83.8438,41.5545,2020,7,8,32.59,22.16,21.13,1.36,24.49,4.48
US-Oho,-83.8438,41.5545,2020,7,9,33.73,23.44,21.04,1.98,26.41,2.33
US-Oho,-83.8438,41.5545,2020,7,10,30.21,19.67,20.87,6.43,16.85,14.09
US-Oho,-83.8438,41.5545,2020,7,11,29.64,18.07,16.91,5.77,27.09,0.41
US-Oho,-83.8438,41.5545,2020,7,12,27.17,18.47,16.96,2.74,21.1,0.72
US-Oho,-83.8438,41.5545,2020,7,13,28.4,17.51,15.42,3.19,25.38,0.07
US-Oho,-83.8438,41.5545,2020,7,14,30.99,16.53,14.71,1.98,26.54,0
US-Oho,-83.8438,41.5545,2020,7,15,32.86,19.28,16.92,3.36,25.41,0
US-Oho,-83.8438,41.5545,2020,7,16,31.11,22.01,21.87,3.68,12.64,7.24
US-Oho,-83.8438,41.5545,2020,7,17,32.43,19.82,16.57,2.5,29.41,0.03
US-Oho,-83.8438,41.5545,2020,7,18,33.85,19.85,18.95,4.22,27.75,0.13
US-Oho,-83.8438,41.5545,2020,7,19,32.46,20.8,21.97,6.27,12.76,8.57
US-Oho,-83.8438,41.5545,2020,7,20,30.59,19.42,18.64,3.47,23.26,0.18
US-Oho,-83.8438,41.5545,2020,7,21,27.67,19.59,17.91,2.09,19.18,2
US-Oho,-83.8438,41.5545,2020,7,22,28.61,21.69,21.79,4.7,14.83,3.74
US-Oho,-83.8438,41.5545,2020,7,23,31.17,22.08,19.96,2.1,19.62,1
US-Oho,-83.8438,41.5545,2020,7,24,30.99,20.41,16.69,2.47,27.05,0.08
US-Oho,-83.8438,41.5545,2020,7,25,32.86,18.64,16.5,1.7,26.61,0
US-Oho,-83.8438,41.5545,2020,7,26,34.24,20.02,19.06,4.26,25.59,0.27
US-Oho,-83.8438,41.5545,2020,7,27,32.79,20.48,22.15,5.48,13.96,8.4
US-Oho,-83.8438,41.5545,2020,7,28,31.17,17.44,16.21,4.01,27.9,0.17
US-Oho,-83.8438,41.5545,2020,7,29,32.42,20.7,17.53,4.81,24.96,0.25
US-Oho,-83.8438,41.5545,2020,7,30,27.47,20.89,17.44,2.83,15.41,0.04
US-Oho,-83.8438,41.5545,2020,7,31,29,17.67,15.6,3.8,24.28,0.07
US-Oho,-83.8438,41.5545,2020,8,1,26.68,19.75,19.35,3.2,5.13,12.72
US-Oho,-83.8438,41.5545,2020,8,2,25.82,18.29,18.18,5.02,7.7,10.05
US-Oho,-83.8438,41.5545,2020,8,3,27.16,17.55,17.61,2.99,21.02,1.54
US-Oho,-83.8438,41.5545,2020,8,4,25.5,15.14,14.52,4.19,19.76,0.38
US-Oho,-83.8438,41.5545,2020,8,5,25.27,12.68,11.14,1.82,24.26,0
US-Oho,-83.8438,41.5545,2020,8,6,25.47,14.32,12.07,2.49,23.57,0
US-Oho,-83.8438,41.5545,2020,8,7,28.39,14.66,12.96,2.6,25.24,0.02
US-Oho,-83.8438,41.5545,2020,8,8,30.27,16.13,13.03,2.33,26.85,0
US-Oho,-83.8438,41.5545,2020,8,9,31.66,19.45,18.07,3.76,25.46,0.01
US-Oho,-83.8438,41.5545,2020,8,10,31.1,20,20.66,4.8,22.98,0.84
US-Oho,-83.8438,41.5545,2020,8,11,32.57,20.6,17.11,4.13,20.33,0.14
US-Oho,-83.8438,41.5545,2020,8,12,30.12,18.56,15.85,2.64,21.25,0
US-Oho,-83.8438,41.5545,2020,8,13,31.56,16.37,16.18,3.12,24,0
US-Oho,-83.8438,41.5545,2020,8,14,29.53,20.64,21.06,3.58,16.99,10.66
US-Oho,-83.8438,41.5545,2020,8,15,32.55,20.71,18.78,2.86,23.83,2.31
US-Oho,-83.8438,41.5545,2020,8,16,28.52,19.63,16.42,3.84,18.43,4
US-Oho,-83.8438,41.5545,2020,8,17,29.59,16.75,13.79,3.59,22.26,0.08
US-Oho,-83.8438,41.5545,2020,8,18,26.7,15.39,11.34,3.76,24.87,0
US-Oho,-83.8438,41.5545,2020,8,19,27.18,14.58,11.23,2.54,23.68,0
US-Oho,-83.8438,41.5545,2020,8,20,29.7,12.85,10.66,1.84,25.04,0
US-Oho,-83.8438,41.5545,2020,8,21,32.4,16.06,12.76,1.68,25.03,0.09
US-Oho,-83.8438,41.5545,2020,8,22,33.54,17.9,15.12,1.72,24.57,0.02
US-Oho,-83.8438,41.5545,2020,8,23,33.29,18.7,15.97,2.51,21.23,0.04
US-Oho,-83.8438,41.5545,2020,8,24,33.92,20.11,18.73,3.9,21.03,0.14
US-Oho,-83.8438,41.5545,2020,8,25,32.69,21.94,16.55,3.98,18.46,0.13
US-Oho,-83.8438,41.5545,2020,8,26,34.42,19.9,17.42,4.29,18.1,0.06
US-Oho,-83.8438,41.5545,2020,8,27,34.81,22.54,19.78,5.78,20.31,0.22
US-Oho,-83.8438,41.5545,2020,8,28,31.98,22.78,21.89,4.32,13.92,25.92
US-Oho,-83.8438,41.5545,2020,8,29,27.41,16.45,16.41,6.34,17.66,7.97
US-Oho,-83.8438,41.5545,2020,8,30,25.5,13.14,12.42,2.72,23.39,1.12
US-Oho,-83.8438,41.5545,2020,8,31,29.18,15.54,12.43,2.62,23.05,0.05
US-Oho,-83.8438,41.5545,2020,9,1,29.75,17.73,19.38,3.69,15.84,1.11
US-Oho,-83.8438,41.5545,2020,9,2,28.69,18.39,17.21,4.47,12.3,3.64
US-Oho,-83.8438,41.5545,2020,9,3,30.79,16.37,12.69,5.11,22.08,0.02
US-Oho,-83.8438,41.5545,2020,9,4,26.1,13.25,8.6,3.91,23.54,0
US-Oho,-83.8438,41.5545,2020,9,5,29.45,12.62,9.93,5.22,19.23,0.01
US-Oho,-83.8438,41.5545,2020,9,6,23.17,14.43,13.38,4.36,10.98,0.15
US-Oho,-83.8438,41.5545,2020,9,7,28.39,18.74,19,5.13,9.27,21.19
US-Oho,-83.8438,41.5545,2020,9,8,28.72,17.24,19.26,2.35,14.18,5.7
US-Oho,-83.8438,41.5545,2020,9,9,29.95,16.65,17.92,3.01,10.25,0.7
US-Oho,-83.8438,41.5545,2020,9,10,24.19,16.16,16.6,3.79,6.1,0.02
US-Oho,-83.8438,41.5545,2020,9,11,22.54,14.45,11.34,4.77,13.3,0.02
US-Oho,-83.8438,41.5545,2020,9,12,28.69,14.34,16.12,3.18,17.14,0.54
US-Oho,-83.8438,41.5545,2020,9,13,26.65,14.87,15.88,4.18,17.47,6.59
US-Oho,-83.8438,41.5545,2020,9,14,22.65,12.33,11.06,3.41,16.06,1.88
US-Oho,-83.8438,41.5545,2020,9,15,23.29,9.95,8.88,2.88,16.89,0
US-Oho,-83.8438,41.5545,2020,9,16,26.14,9.31,9.11,3.87,16.53,0.01
US-Oho,-83.8438,41.5545,2020,9,17,22.14,11.14,9.69,5.08,12.79,0
US-Oho,-83.8438,41.5545,2020,9,18,18.78,7.93,3.83,5.59,19.83,0
US-Oho,-83.8438,41.5545,2020,9,19,19.95,6.08,4.04,2.88,21.56,0
US-Oho,-83.8438,41.5545,2020,9,20,21.19,7.28,5.08,3.9,21.19,0
US-Oho,-83.8438,41.5545,2020,9,21,23.31,6.41,5.43,3.23,19.99,0
US-Oho,-83.8438,41.5545,2020,9,22,24.87,7.45,6.49,2.51,16.16,0
US-Oho,-83.8438,41.5545,2020,9,23,27.42,10.41,11.52,3.22,16.11,0
US-Oho,-83.8438,41.5545,2020,9,24,26.22,13.19,10.91,3.35,16.97,0
US-Oho,-83.8438,41.5545,2020,9,25,28.08,12.16,12.18,2.96,18.14,0
US-Oho,-83.8438,41.5545,2020,9,26,28.25,14.2,15.43,5.5,15.62,0
US-Oho,-83.8438,41.5545,2020,9,27,28.07,15.77,15.71,5.49,16.06,0.05
US-Oho,-83.8438,41.5545,2020,9,28,21.7,10.55,14.01,4.33,4.26,4.23
US-Oho,-83.8438,41.5545,2020,9,29,19.64,8.48,7.54,3.78,12.1,0.09
US-Oho,-83.8438,41.5545,2020,9,30,21.05,8.27,7.74,7.86,8,1.51
US-Oho,-83.8438,41.5545,2020,10,1,16.28,7.73,7.53,4.94,13.27,1.74
US-Oho,-83.8438,41.5545,2020,10,2,14.42,5.25,3.64,3.55,13.14,0.02
US-Oho,-83.8438,41.5545,2020,10,3,14.53,4.95,3.16,2.21,11.89,0.1
US-Oho,-83.8438,41.5545,2020,10,4,11.53,5.51,7.11,3.09,4.97,4.97
US-Oho,-83.8438,41.5545,2020,10,5,16.43,4.39,3.48,3.18,17.28,0.1
US-Oho,-83.8438,41.5545,2020,10,6,23.02,5.61,6.65,6.47,13.27,0
US-Oho,-83.8438,41.5545,2020,10,7,24.43,8.79,8.07,6.65,16.66,0.02
US-Oho,-83.8438,41.5545,2020,10,8,22.21,7.53,6.52,2.77,17,0
US-Oho,-83.8438,41.5545,2020,10,9,27.05,6.98,8.16,5.29,15.7,0
US-Oho,-83.8438,41.5545,2020,10,10,27.22,13.99,15.22,6.58,11.46,0.01
US-Oho,-83.8438,41.5545,2020,10,11,21.55,12.7,11.97,5.63,11.13,0.15
US-Oho,-83.8438,41.5545,2020,10,12,25.36,9.84,13.88,6.05,5.71,4.28
US-Oho,-83.8438,41.5545,2020,10,13,20.81,6.06,3.7,4.41,16.46,0.01
US-Oho,-83.8438,41.5545,2020,10,14,18.04,7.18,6.5,5.66,7,0.01
US-Oho,-83.8438,41.5545,2020,10,15,15.49,5.56,6.68,6.1,1.48,1.7
US-Oho,-83.8438,41.5545,2020,10,16,13.79,0.81,-1.66,4.01,15.71,0
US-Oho,-83.8438,41.5545,2020,10,17,16.34,0.6,-1.54,4.65,13.37,0
US-Oho,-83.8438,41.5545,2020,10,18,18.64,6.57,3.74,6.28,7.71,1.5
US-Oho,-83.8438,41.5545,2020,10,19,10,5.58,5.13,4,4.42,10.16
US-Oho,-83.8438,41.5545,2020,10,20,13.31,5.15,6.16,4.86,7.28,6.95
US-Oho,-83.8438,41.5545,2020,10,21,17.32,10.78,10.34,4.45,9.83,22.16
US-Oho,-83.8438,41.5545,2020,10,22,24.1,10.73,13.93,3.65,8.06,7.19
US-Oho,-83.8438,41.5545,2020,10,23,25.76,6.14,13.69,7.64,10.47,7.85
US-Oho,-83.8438,41.5545,2020,10,24,10.17,2.48,0.43,3.84,8.86,0.01
US-Oho,-83.8438,41.5545,2020,10,25,12.01,3.24,2.84,4.06,4.55,0.02
US-Oho,-83.8438,41.5545,2020,10,26,9.49,3.33,3.66,3.18,3.9,0.5
US-Oho,-83.8438,41.5545,2020,10,27,7.15,1.39,1.66,1.75,2.67,2.36
US-Oho,-83.8438,41.5545,2020,10,28,12.36,3.16,2.13,2.88,10.78,0.26
US-Oho,-83.8438,41.5545,2020,10,29,11.64,4,3.49,5.03,5.67,1.95
US-Oho,-83.8438,41.5545,2020,10,30,6.92,-1.76,-2.35,4.38,7.75,0.45
US-Oho,-83.8438,41.5545,2020,10,31,11.7,-3.19,-1.53,5,12.95,0
US-Oho,-83.8438,41.5545,2020,11,1,8.1,-1.17,-2.18,9.84,5.38,0.69
US-Oho,-83.8438,41.5545,2020,11,2,8.78,-3.42,-6.6,7.02,12.21,0
US-Oho,-83.8438,41.5545,2020,11,3,16.46,-1.26,0.73,4.85,12.44,0.02
US-Oho,-83.8438,41.5545,2020,11,4,21.58,5.02,7.91,6.65,12.32,0
US-Oho,-83.8438,41.5545,2020,11,5,16.24,9.51,10.35,5.82,6.11,0
US-Oho,-83.8438,41.5545,2020,11,6,21.16,7.66,8.44,4.54,11.19,0.02
US-Oho,-83.8438,41.5545,2020,11,7,21.13,5.64,6.65,3.96,12.05,0
US-Oho,-83.8438,41.5545,2020,11,8,24.52,6.1,8.59,3.17,11.09,0.01
US-Oho,-83.8438,41.5545,2020,11,9,25.36,9.01,11.35,4.12,11.13,0.05
US-Oho,-83.8438,41.5545,2020,11,10,24.08,14.21,14.97,7.08,9.86,2.1
US-Oho,-83.8438,41.5545,2020,11,11,17.15,0.74,2.45,4.91,10.39,2.48
US-Oho,-83.8438,41.5545,2020,11,12,10.91,-1.5,-0.31,2.8,11.76,0.03
US-Oho,-83.8438,41.5545,2020,11,13,9.59,-3.47,-0.85,4.12,6.37,0.07
US-Oho,-83.8438,41.5545,2020,11,14,6.59,-4.67,-2.57,4.29,7.39,1.35
US-Oho,-83.8438,41.5545,2020,11,15,13.46,2.41,3.11,12.31,3.15,12.56
US-Oho,-83.8438,41.5545,2020,11,16,8.03,-1.83,-3.51,5.83,10.65,0.03
US-Oho,-83.8438,41.5545,2020,11,17,4.12,-4.62,-4.64,5.87,8.34,0.04
US-Oho,-83.8438,41.5545,2020,11,18,7.12,-4.85,-4.3,4.34,9.9,0
US-Oho,-83.8438,41.5545,2020,11,19,16.95,1.37,-0.09,9.82,8.12,0
US-Oho,-83.8438,41.5545,2020,11,20,18.62,5.87,5.6,6.88,8.98,0
US-Oho,-83.8438,41.5545,2020,11,21,7.49,1.53,0.6,3.38,4.95,0.01
US-Oho,-83.8438,41.5545,2020,11,22,3.04,-1.45,0.31,4.78,2.07,18.54
US-Oho,-83.8438,41.5545,2020,11,23,6.37,-3.43,-1.61,4.15,8.09,0.12
US-Oho,-83.8438,41.5545,2020,11,24,3.22,-3.61,-0.57,4,3.25,1.48
US-Oho,-83.8438,41.5545,2020,11,25,9.83,1.84,6.09,4.7,2.55,12.58
US-Oho,-83.8438,41.5545,2020,11,26,9.78,2.42,6.07,5.13,2.54,0.58
US-Oho,-83.8438,41.5545,2020,11,27,9,0.85,2.33,3.57,3.35,0.07
US-Oho,-83.8438,41.5545,2020,11,28,8.02,-2.51,-2.22,4.03,9.87,0
US-Oho,-83.8438,41.5545,2020,11,29,11.22,-2.4,-1.13,4.36,7.89,0.08
US-Oho,-83.8438,41.5545,2020,11,30,3.31,-2.04,-1.37,7.91,2.12,6.9
US-Oho,-83.8438,41.5545,2020,12,1,1.77,-4.01,-4.92,7.01,2.82,1.61
US-Oho,-83.8438,41.5545,2020,12,2,5.86,-4.13,-3.46,5.46,9.13,0.05
US-Oho,-83.8438,41.5545,2020,12,3,6.26,-6.24,-4.6,6.71,8.19,0
US-Oho,-83.8438,41.5545,2020,12,4,7.37,-1.28,-1.19,5.62,8.04,0.07
US-Oho,-83.8438,41.5545,2020,12,5,2.99,-4.44,-3.43,3.63,4.96,0
US-Oho,-83.8438,41.5545,2020,12,6,1.68,-4.36,-4.9,1.77,3.97,0
US-Oho,-83.8438,41.5545,2020,12,7,2.24,-3.22,-4.85,3.06,4,0.05
US-Oho,-83.8438,41.5545,2020,12,8,3.44,-3.23,-3.49,4.55,3.46,0
US-Oho,-83.8438,41.5545,2020,12,9,6.88,-1.82,-0.05,4.84,6.94,0
US-Oho,-83.8438,41.5545,2020,12,10,9.82,-1.43,1.22,3.03,8.3,0.01
US-Oho,-83.8438,41.5545,2020,12,11,10.19,1.14,4.68,2.8,6.89,0.56
US-Oho,-83.8438,41.5545,2020,12,12,13.98,1.33,5.85,8.07,3.77,7.45
US-Oho,-83.8438,41.5545,2020,12,13,4.1,-3.74,-2.62,2.72,2.98,0.01
US-Oho,-83.8438,41.5545,2020,12,14,1.56,-5.59,-5.89,4.9,4.07,0.01
US-Oho,-83.8438,41.5545,2020,12,15,-1.21,-5.57,-7.63,3.72,6.15,0
US-Oho,-83.8438,41.5545,2020,12,16,1.5,-1.85,-3.3,4.64,2.3,1.48
US-Oho,-83.8438,41.5545,2020,12,17,0.33,-3.41,-3.41,3.04,1.81,2.73
US-Oho,-83.8438,41.5545,2020,12,18,1.65,-5.38,-4.57,3.14,3.14,0.03
US-Oho,-83.8438,41.5545,2020,12,19,2.43,-1.52,-0.75,5.73,2.29,0.59
US-Oho,-83.8438,41.5545,2020,12,20,3.34,-2.41,-1.5,4.81,2.84,0.03
US-Oho,-83.8438,41.5545,2020,12,21,2.71,-1.85,-0.33,5.68,3.15,0.66
US-Oho,-83.8438,41.5545,2020,12,22,5.28,-1.41,-0.67,4.72,3.73,0.12
US-Oho,-83.8438,41.5545,2020,12,23,9.29,-1.26,1.18,9.96,6.06,0.55
US-Oho,-83.8438,41.5545,2020,12,24,8.77,-6.13,-8.15,7.78,3.12,1.11
US-Oho,-83.8438,41.5545,2020,12,25,-4.28,-8.35,-11.18,8.4,2.08,0.46
US-Oho,-83.8438,41.5545,2020,12,26,-1.51,-8.59,-8.65,5.82,3.06,0.03
US-Oho,-83.8438,41.5545,2020,12,27,5.45,-6.89,-1.53,6.59,4.97,1.35
US-Oho,-83.8438,41.5545,2020,12,28,5.47,-3.76,-3.33,6.82,1.73,0.03
US-Oho,-83.8438,41.5545,2020,12,29,0.44,-4.68,-6.25,3.31,7.71,1.46
US-Oho,-83.8438,41.5545,2020,12,30,6.61,-2.06,-0.53,7.51,1.56,10.12
US-Oho,-83.8438,41.5545,2020,12,31,0.67,-4.46,-5.73,2.31,3.86,0
US-Oho,-83.8438,41.5545,2021,1,1,0.83,-5.05,-2.25,5.25,1.51,15.12
US-Oho,-83.8438,41.5545,2021,1,2,3.22,-4.19,-1.64,3.33,3.29,0.39
US-Oho,-83.8438,41.5545,2021,1,3,2.77,-1.73,-0.95,2.97,2.8,1.45
US-Oho,-83.8438,41.5545,2021,1,4,2.47,-3.48,-2.86,2.33,2.68,0.15
US-Oho,-83.8438,41.5545,2021,1,5,1.93,-2.62,-2.14,2.99,2.33,0.34
US-Oho,-83.8438,41.5545,2021,1,6,3.5,-2.85,-2.28,3.18,3.64,0.05
US-Oho,-83.8438,41.5545,2021,1,7,2.6,-3.05,-2.5,4.42,3.82,0
US-Oho,-83.8438,41.5545,2021,1,8,1.37,-4.98,-4.77,4.64,4.87,0
US-Oho,-83.8438,41.5545,2021,1,9,2.73,-6.8,-5.01,2.67,8.79,0
US-Oho,-83.8438,41.5545,2021,1,10,2.1,-5.36,-4.56,1.86,7.96,0
US-Oho,-83.8438,41.5545,2021,1,11,-0.15,-5.63,-5.86,4.6,3.73,0
US-Oho,-83.8438,41.5545,2021,1,12,2.57,-5.7,-3.91,5.95,2.67,0.04
US-Oho,-83.8438,41.5545,2021,1,13,5.29,-1.03,-0.27,6.15,7.74,0.09
US-Oho,-83.8438,41.5545,2021,1,14,4.6,-0.39,0.68,4.74,7.05,0.04
US-Oho,-83.8438,41.5545,2021,1,15,2.97,-2.13,-1.05,3.69,3.38,5.34
US-Oho,-83.8438,41.5545,2021,1,16,1.68,-3.09,-2.68,3.96,4.84,0.33
US-Oho,-83.8438,41.5545,2021,1,17,2.53,-2.03,-1.77,4.67,4.27,0.95
US-Oho,-83.8438,41.5545,2021,1,18,1.52,-2.62,-3.9,5.31,4.65,0.13
US-Oho,-83.8438,41.5545,2021,1,19,1.72,-6.02,-5.61,5.91,6.59,0.69
US-Oho,-83.8438,41.5545,2021,1,20,-0.68,-7.63,-7.71,5.69,3.89,0.1
US-Oho,-83.8438,41.5545,2021,1,21,5.09,-4.36,-3.93,8.67,10.7,0
US-Oho,-83.8438,41.5545,2021,1,22,-0.77,-8.33,-8.45,6.88,4.04,0.01
US-Oho,-83.8438,41.5545,2021,1,23,-1.38,-11.83,-10.63,2.24,11.26,0
US-Oho,-83.8438,41.5545,2021,1,24,1.37,-5.69,-6.9,3.38,3.41,0.17
US-Oho,-83.8438,41.5545,2021,1,25,-0.2,-6.81,-4.6,4.74,3.97,0.07
US-Oho,-83.8438,41.5545,2021,1,26,1.12,-5.16,-2.85,5.03,2.96,2.49
US-Oho,-83.8438,41.5545,2021,1,27,-1.6,-9.66,-9.63,4.79,8.22,0.01
US-Oho,-83.8438,41.5545,2021,1,28,-4.15,-9.68,-11.09,4.51,6.02,0.01
US-Oho,-83.8438,41.5545,2021,1,29,-2.1,-10.93,-10.43,2.62,11.4,0
US-Oho,-83.8438,41.5545,2021,1,30,-0.62,-8.64,-8.25,4.82,6.22,1.2
US-Oho,-83.8438,41.5545,2021,1,31,0.73,-3.93,-3.09,8.55,3.96,6.42
US-Oho,-83.8438,41.5545,2021,2,1,-2.15,-4.6,-5.13,7.36,3.03,2.13
US-Oho,-83.8438,41.5545,2021,2,2,-0.89,-10.27,-8.44,6.31,7.39,0
US-Oho,-83.8438,41.5545,2021,2,3,1.25,-13.96,-10.34,4.15,7.82,0.01
US-Oho,-83.8438,41.5545,2021,2,4,0.72,-8.35,-5,6.97,4.65,13.82
US-Oho,-83.8438,41.5545,2021,2,5,-3.69,-12.38,-10.96,10.28,10.47,0.3
US-Oho,-83.8438,41.5545,2021,2,6,-7.09,-16.45,-13.87,4.99,11.87,0.24
US-Oho,-83.8438,41.5545,2021,2,7,-9.19,-17.03,-14.55,4.45,13.36,0.03
US-Oho,-83.8438,41.5545,2021,2,8,-7.06,-16.67,-13,1.57,7.85,0.58
US-Oho,-83.8438,41.5545,2021,2,9,-5.61,-14.2,-11.96,3.06,11.83,0.22
US-Oho,-83.8438,41.5545,2021,2,10,-7.93,-17.79,-12.97,3.04,4.31,0.78
US-Oho,-83.8438,41.5545,2021,2,11,-6.1,-14.83,-12.26,4.71,12.89,0
US-Oho,-83.8438,41.5545,2021,2,12,-3.54,-10.73,-9.21,4.27,12.14,0.06
US-Oho,-83.8438,41.5545,2021,2,13,-5.26,-12.67,-8.94,4.46,4.57,0.12
US-Oho,-83.8438,41.5545,2021,2,14,-5.93,-15.57,-12.13,4.02,12.57,0.05
US-Oho,-83.8438,41.5545,2021,2,15,-8.94,-11.88,-11.36,7.45,6.11,9.52
US-Oho,-83.8438,41.5545,2021,2,16,-7.62,-17.41,-12.49,5.93,11.16,1.4
US-Oho,-83.8438,41.5545,2021,2,17,-7.02,-19.83,-14.11,1.9,10.19,0.1
US-Oho,-83.8438,41.5545,2021,2,18,-4.07,-10.17,-8.46,4.11,7.29,1.33
US-Oho,-83.8438,41.5545,2021,2,19,-4.25,-14.79,-10.2,4.59,13.66,0.03
US-Oho,-83.8438,41.5545,2021,2,20,-3.23,-15.65,-11.37,4.52,15.93,0
US-Oho,-83.8438,41.5545,2021,2,21,0.46,-15.46,-7.06,5.85,12.35,0.67
US-Oho,-83.8438,41.5545,2021,2,22,1.3,-1.05,-1.08,9.12,6.77,0.87
US-Oho,-83.8438,41.5545,2021,2,23,5.71,-1.76,0.21,6.86,16.18,0.07
US-Oho,-83.8438,41.5545,2021,2,24,10.62,-2.62,0.93,7.53,11.84,0
US-Oho,-83.8438,41.5545,2021,2,25,5.52,-4.77,-4.86,3.54,16.19,0
US-Oho,-83.8438,41.5545,2021,2,26,7.17,-4.61,-4.42,4.58,14.04,0.17
US-Oho,-83.8438,41.5545,2021,2,27,11.34,1.36,2.02,4.11,15.01,2.54
US-Oho,-83.8438,41.5545,2021,2,28,15.95,1.21,5.38,5.64,10.83,2.96
US-Oho,-83.8438,41.5545,2021,3,1,4.82,-6.33,-6.56,7.32,13.83,0.01
US-Oho,-83.8438,41.5545,2021,3,2,4.16,-6.59,-8.75,3.93,18.02,0
US-Oho,-83.8438,41.5545,2021,3,3,12.99,-2.12,-0.78,6,17.32,0.01
US-Oho,-83.8438,41.5545,2021,3,4,2.9,-5.1,-5.71,4.86,10.11,0
US-Oho,-83.8438,41.5545,2021,3,5,6.01,-5.17,-6.02,5.03,18.74,0
US-Oho,-83.8438,41.5545,2021,3,6,5.36,-4.83,-6.91,4.57,19.03,0
US-Oho,-83.8438,41.5545,2021,3,7,4.91,-5.05,-7.69,2.9,18.81,0
US-Oho,-83.8438,41.5545,2021,3,8,16.87,-2.49,0.68,6.65,16.32,0
US-Oho,-83.8438,41.5545,2021,3,9,14.75,2.44,5.17,3.09,14.22,0
US-Oho,-83.8438,41.5545,2021,3,10,19.03,4.29,9.1,9,12.14,0.02
US-Oho,-83.8438,41.5545,2021,3,11,19.03,1.62,8.51,8.57,9.86,0.23
US-Oho,-83.8438,41.5545,2021,3,12,13.77,-2.6,-1.36,5.09,17.97,0
US-Oho,-83.8438,41.5545,2021,3,13,10.27,-4.57,-4.37,3.12,20.05,0
US-Oho,-83.8438,41.5545,2021,3,14,11.06,-3.76,-3.88,6.51,19.5,0.01
US-Oho,-83.8438,41.5545,2021,3,15,4.24,-4.47,-7.2,7.23,11.15,0.44
US-Oho,-83.8438,41.5545,2021,3,16,13.84,0.39,2.39,1.99,14.86,0.07
US-Oho,-83.8438,41.5545,2021,3,17,17.21,-0.75,3.85,3.72,18.87,1.13
US-Oho,-83.8438,41.5545,2021,3,18,5.99,-1.6,-0.44,11.3,2.97,8.21
US-Oho,-83.8438,41.5545,2021,3,19,6.4,-4.05,-7.41,6.71,22.15,0
US-Oho,-83.8438,41.5545,2021,3,20,14,-4.16,-4.64,2.98,21.25,0
US-Oho,-83.8438,41.5545,2021,3,21,17.86,-2.76,-0.67,3.64,21.44,0
US-Oho,-83.8438,41.5545,2021,3,22,19.97,3.13,5.84,4,19.5,0.01
US-Oho,-83.8438,41.5545,2021,3,23,19.05,6.93,7.3,5.47,14.73,0.01
US-Oho,-83.8438,41.5545,2021,3,24,21.4,9.95,11.04,7.92,15.17,0.2
US-Oho,-83.8438,41.5545,2021,3,25,18.32,5.92,9.03,3.28,11.07,12.8
US-Oho,-83.8438,41.5545,2021,3,26,15.01,3.61,5.09,6.59,12.51,12.5
US-Oho,-83.8438,41.5545,2021,3,27,19.35,0.85,5.94,3.56,17.53,0.19
US-Oho,-83.8438,41.5545,2021,3,28,10.97,-1.65,2.91,8.4,10.26,11.48
US-Oho,-83.8438,41.5545,2021,3,29,11.87,-4.38,-2.07,3.93,23.19,0
US-Oho,-83.8438,41.5545,2021,3,30,20.79,2.42,5.15,8.84,20.47,0.47
US-Oho,-83.8438,41.5545,2021,3,31,11.51,-0.38,-1.28,6.78,19.97,0.62
US-Oho,-83.8438,41.5545,2021,4,1,1.83,-5.09,-7.7,6.12,15.12,0.14
US-Oho,-83.8438,41.5545,2021,4,2,7.98,-5.64,-8.25,2.83,24.51,0
US-Oho,-83.8438,41.5545,2021,4,3,16.88,-2.43,-0.24,6.91,21.38,0.03
US-Oho,-83.8438,41.5545,2021,4,4,19.88,2.97,4.09,2.7,22.82,0
US-Oho,-83.8438,41.5545,2021,4,5,22.01,7.07,8.18,3.25,11.11,1.52
US-Oho,-83.8438,41.5545,2021,4,6,25.09,9.97,12.72,3.7,20.34,0.62
US-Oho,-83.8438,41.5545,2021,4,7,25.86,12.44,14.59,3.75,17.99,0.02
US-Oho,-83.8438,41.5545,2021,4,8,22.07,13.41,15.54,6.16,10.82,4.74
US-Oho,-83.8438,41.5545,2021,4,9,22.5,9.58,11.64,6.85,20,0.35
US-Oho,-83.8438,41.5545,2021,4,10,22.05,11.13,14.32,4.01,14.13,17.06
US-Oho,-83.8438,41.5545,2021,4,11,15.21,8.43,8.17,4.73,10.16,8.95
US-Oho,-83.8438,41.5545,2021,4,12,17.45,7.12,7.82,4.18,12.07,0.52
US-Oho,-83.8438,41.5545,2021,4,13,18.62,3.95,3.14,4.55,25.63,0
US-Oho,-83.8438,41.5545,2021,4,14,15.63,1.7,1.27,4.8,18.58,0.02
US-Oho,-83.8438,41.5545,2021,4,15,9.72,-0.33,0.95,6.25,12.46,0.29
US-Oho,-83.8438,41.5545,2021,4,16,14.89,1.99,3.51,4.45,20.27,0
US-Oho,-83.8438,41.5545,2021,4,17,13.9,3.1,4.25,1.64,17.85,0.16
US-Oho,-83.8438,41.5545,2021,4,18,15.02,4.32,3.48,2.61,17.88,0.2
US-Oho,-83.8438,41.5545,2021,4,19,18.1,4.1,3.15,6.44,17.51,0.26
US-Oho,-83.8438,41.5545,2021,4,20,5.79,-0.33,-0.74,3.89,6.81,7.44
US-Oho,-83.8438,41.5545,2021,4,21,5.36,-2.44,-3.37,4.79,19.46,1.15
US-Oho,-83.8438,41.5545,2021,4,22,10.03,-4.62,-4.29,4.3,20.75,0
US-Oho,-83.8438,41.5545,2021,4,23,16.37,-0.59,0.96,4.91,21.01,0
US-Oho,-83.8438,41.5545,2021,4,24,16.08,4.05,6.77,3.08,9.21,1.16
US-Oho,-83.8438,41.5545,2021,4,25,13.66,4.12,2.04,5.02,21.02,0.14
US-Oho,-83.8438,41.5545,2021,4,26,19.24,1.64,3.24,5.04,23.38,0
US-Oho,-83.8438,41.5545,2021,4,27,27.16,10.69,13.44,6.72,21.18,0
US-Oho,-83.8438,41.5545,2021,4,28,23.18,14.25,16.97,4.91,11.51,11.48
US-Oho,-83.8438,41.5545,2021,4,29,15.31,8.63,10.02,4.6,6.35,6.91
US-Oho,-83.8438,41.5545,2021,4,30,14.41,2.07,1.99,6.81,21.42,0.17
US-Oho,-83.8438,41.5545,2021,5,1,19.41,0.87,2.63,6.4,25.24,0
US-Oho,-83.8438,41.5545,2021,5,2,26.5,13.4,12.26,7.92,23.97,0.32
US-Oho,-83.8438,41.5545,2021,5,3,22,13.5,14.61,3.81,5.83,7.66
US-Oho,-83.8438,41.5545,2021,5,4,20.99,9.97,12.07,5.32,11.63,1.91
US-Oho,-83.8438,41.5545,2021,5,5,15.23,5.59,4.27,4.93,14.71,0.05
US-Oho,-83.8438,41.5545,2021,5,6,16.41,4.59,4.79,3.02,12.11,5.27
US-Oho,-83.8438,41.5545,2021,5,7,14.04,3.27,3.15,4.2,21.87,1.61
US-Oho,-83.8438,41.5545,2021,5,8,14.48,2.55,0.66,3.77,27.54,0.1
US-Oho,-83.8438,41.5545,2021,5,9,8.17,2.87,2.9,5.21,5.11,32.73
US-Oho,-83.8438,41.5545,2021,5,10,14.29,0.59,2.47,3.92,19.7,0.21
US-Oho,-83.8438,41.5545,2021,5,11,12.32,1.36,0.6,4.9,25.5,0.08
US-Oho,-83.8438,41.5545,2021,5,12,17.46,1.5,1.67,2.75,28.26,0
US-Oho,-83.8438,41.5545,2021,5,13,20.2,5.85,2.6,1.46,28,0
US-Oho,-83.8438,41.5545,2021,5,14,21.13,6.28,2.56,2.37,29.03,0
US-Oho,-83.8438,41.5545,2021,5,15,21.59,7.79,6.12,2.2,20.87,0.25
US-Oho,-83.8438,41.5545,2021,5,16,21.96,10.88,9.62,2.24,18.83,0.13
US-Oho,-83.8438,41.5545,2021,5,17,22.38,11.64,11.45,2.75,20.41,0.01
US-Oho,-83.8438,41.5545,2021,5,18,25.99,10.63,12.48,3.05,25.28,0
US-Oho,-83.8438,41.5545,2021,5,19,28.53,14.53,15.02,3.1,22.02,0.01
US-Oho,-83.8438,41.5545,2021,5,20,29.9,17.17,17.22,3,20.36,0
US-Oho,-83.8438,41.5545,2021,5,21,30.22,17.59,16.87,3.88,23.79,0
US-Oho,-83.8438,41.5545,2021,5,22,30.16,17.3,15.43,3.91,20.77,0
US-Oho,-83.8438,41.5545,2021,5,23,30.01,14.25,17.19,4.55,20.96,6.37
US-Oho,-83.8438,41.5545,2021,5,24,28.31,13.74,16.67,1.99,20.16,0.46
US-Oho,-83.8438,41.5545,2021,5,25,29.96,18.38,17.48,5.79,22.41,0.01
US-Oho,-83.8438,41.5545,2021,5,26,25.03,15.12,16.56,5.34,12.3,7.58
US-Oho,-83.8438,41.5545,2021,5,27,19.33,11.62,8.68,4.63,24.56,0.84
US-Oho,-83.8438,41.5545,2021,5,28,12.3,6.07,6.81,8.76,5.72,19.05
US-Oho,-83.8438,41.5545,2021,5,29,17.42,5.02,2.25,6.98,28.3,0.03
US-Oho,-83.8438,41.5545,2021,5,30,20.32,4.96,3.61,3.48,31.47,0.01
US-Oho,-83.8438,41.5545,2021,5,31,23.08,8.84,6.92,2.78,23.48,0
US-Oho,-83.8438,41.5545,2021,6,1,24.01,13.59,10.06,1.73,20.03,0.08
US-Oho,-83.8438,41.5545,2021,6,2,22.01,13.07,14.37,3.26,5.59,17.08
US-Oho,-83.8438,41.5545,2021,6,3,25.26,15.11,15.42,2.38,17.84,0.9
US-Oho,-83.8438,41.5545,2021,6,4,29.37,15.65,16.04,5.31,22.23,0.03
US-Oho,-83.8438,41.5545,2021,6,5,29.89,16.6,16.39,5.78,28.14,0
US-Oho,-83.8438,41.5545,2021,6,6,31.3,17.82,18.22,4.72,26.49,0.01
US-Oho,-83.8438,41.5545,2021,6,7,27.41,20.91,20.49,3.91,13.7,3.25
US-Oho,-83.8438,41.5545,2021,6,8,27.56,20.54,21.13,2.69,16.73,7.29
US-Oho,-83.8438,41.5545,2021,6,9,29.6,19.77,20.23,2.14,22.21,3.52
US-Oho,-83.8438,41.5545,2021,6,10,30.27,19.58,19.64,2.63,23.68,0.91
US-Oho,-83.8438,41.5545,2021,6,11,30.24,19.53,18.99,2.65,27.22,0.6
US-Oho,-83.8438,41.5545,2021,6,12,31.11,19.8,19.27,1.61,26.32,0.73
US-Oho,-83.8438,41.5545,2021,6,13,30.94,18.94,16.61,4.04,29.41,0.14
US-Oho,-83.8438,41.5545,2021,6,14,27.95,16.5,12.81,3.65,25.71,0.68
US-Oho,-83.8438,41.5545,2021,6,15,26.71,13.85,10.87,4.66,27.92,0.1
US-Oho,-83.8438,41.5545,2021,6,16,26.12,11.47,7.05,2.67,30.84,0
US-Oho,-83.8438,41.5545,2021,6,17,30.46,12.46,9.54,3.75,31.09,0.01
US-Oho,-83.8438,41.5545,2021,6,18,29.93,18.38,20.09,5.13,14.02,11.79
US-Oho,-83.8438,41.5545,2021,6,19,28.94,18.24,19.7,3.6,15.88,1.36
US-Oho,-83.8438,41.5545,2021,6,20,30.27,21.05,21.64,4.23,22.19,19.26
US-Oho,-83.8438,41.5545,2021,6,21,25.8,12.85,16.36,7.48,19.99,6.2
US-Oho,-83.8438,41.5545,2021,6,22,21.55,8.03,6.42,3.2,28.24,0
US-Oho,-83.8438,41.5545,2021,6,23,22.56,12.46,10.71,4.2,15.76,0.07
US-Oho,-83.8438,41.5545,2021,6,24,29.74,14.19,14.74,6.07,22.57,0.35
US-Oho,-83.8438,41.5545,2021,6,25,27.44,20.35,20.59,7.73,5.99,20.48
US-Oho,-83.8438,41.5545,2021,6,26,29.59,21.96,21.32,8.24,16.29,2.24
US-Oho,-83.8438,41.5545,2021,6,27,31.42,22.71,21.99,7.27,21.1,4.15
US-Oho,-83.8438,41.5545,2021,6,28,32.2,22.68,22.36,3.73,24.22,1.37
US-Oho,-83.8438,41.5545,2021,6,29,31.81,22.14,22.24,3,22.82,3.58
US-Oho,-83.8438,41.5545,2021,6,30,26.46,21.18,21.62,3.39,8.7,11.05
US-Oho,-83.8438,41.5545,2021,7,1,27.8,16.01,17.02,4.03,22.95,0.54
US-Oho,-83.8438,41.5545,2021,7,2,24.35,13.55,12.67,4.55,24.62,0.05
US-Oho,-83.8438,41.5545,2021,7,3,27.06,14.23,13.34,3.74,21.85,0
US-Oho,-83.8438,41.5545,2021,7,4,32.5,17.24,18.08,2.82,24.15,0
US-Oho,-83.8438,41.5545,2021,7,5,32.71,19.78,18.96,4.26,26,0.01
US-Oho,-83.8438,41.5545,2021,7,6,33.19,21.24,19.14,4.49,25.25,0.03
US-Oho,-83.8438,41.5545,2021,7,7,31.17,21.58,21.05,3.7,17.4,5.58
US-Oho,-83.8438,41.5545,2021,7,8,30.03,19.36,19.77,4.05,16.11,2.48
US-Oho,-83.8438,41.5545,2021,7,9,26.33,17.14,14.61,2.93,16.35,0.22
US-Oho,-83.8438,41.5545,2021,7,10,27.51,15.65,12.15,3.83,21.63,0.84
US-Oho,-83.8438,41.5545,2021,7,11,22.46,17.73,17.45,5.21,5.94,24.97
US-Oho,-83.8438,41.5545,2021,7,12,27.53,17.9,20.04,2.21,11.55,5.27
US-Oho,-83.8438,41.5545,2021,7,13,27.05,20.37,21.09,4.7,15.16,9.44
US-Oho,-83.8438,41.5545,2021,7,14,28.47,19.32,19.86,3.32,20.48,0.6
US-Oho,-83.8438,41.5545,2021,7,15,29.33,20.67,21.28,5.19,18.85,4.59
US-Oho,-83.8438,41.5545,2021,7,16,25.4,19.74,20.98,3.65,9.6,32.31
US-Oho,-83.8438,41.5545,2021,7,17,26.46,17.92,19,3.35,20.81,7.88
US-Oho,-83.8438,41.5545,2021,7,18,28.31,15.86,16.16,1.5,25.86,0.04
US-Oho,-83.8438,41.5545,2021,7,19,28.8,17.07,17.72,2.94,21.1,0.03
US-Oho,-83.8438,41.5545,2021,7,20,28.86,18.02,18.5,3.33,20.93,0.52
US-Oho,-83.8438,41.5545,2021,7,21,25.26,16.23,14.76,3.79,20.08,0.05
US-Oho,-83.8438,41.5545,2021,7,22,26.54,15.84,12.55,1.72,25.1,0
US-Oho,-83.8438,41.5545,2021,7,23,26.41,15.85,16.61,3.56,12.31,12.56
US-Oho,-83.8438,41.5545,2021,7,24,29.45,20.08,21.4,5.56,17.13,16.78
US-Oho,-83.8438,41.5545,2021,7,25,30.23,18.93,19.05,2.58,25.86,1.62
US-Oho,-83.8438,41.5545,2021,7,26,30.49,16.24,15.1,2.7,27.2,0
US-Oho,-83.8438,41.5545,2021,7,27,30.22,18,16.34,2.99,22.45,0
US-Oho,-83.8438,41.5545,2021,7,28,30.83,17.96,17.98,2.2,23.5,0.55
US-Oho,-83.8438,41.5545,2021,7,29,31.08,20.55,21.87,5.18,18.13,1.87
US-Oho,-83.8438,41.5545,2021,7,30,26.69,16.87,14.67,3.47,25.28,0.01
US-Oho,-83.8438,41.5545,2021,7,31,27.17,14.89,13.21,2.76,25.96,0.01
US-Oho,-83.8438,41.5545,2021,8,1,25.73,14.79,12.59,4.3,23.88,0.56
US-Oho,-83.8438,41.5545,2021,8,2,26.62,12.53,12.04,2.31,27.01,0
US-Oho,-83.8438,41.5545,2021,8,3,27.43,14.3,11.01,1.02,25.26,0
US-Oho,-83.8438,41.5545,2021,8,4,29.21,17.06,11.37,1.72,26.61,0.03
US-Oho,-83.8438,41.5545,2021,8,5,30.38,15.08,12.94,1.87,26.38,0.23
US-Oho,-83.8438,41.5545,2021,8,6,30.38,18.47,15.85,4.17,20.71,1
US-Oho,-83.8438,41.5545,2021,8,7,28.39,18.47,18.86,2.66,18.69,1.28
US-Oho,-83.8438,41.5545,2021,8,8,32.17,19.6,19.01,3.63,20.83,0.19
US-Oho,-83.8438,41.5545,2021,8,9,30.61,21.16,19.63,5.32,14.68,1.72
US-Oho,-83.8438,41.5545,2021,8,10,30.59,22.24,24.1,5.41,17.58,9.29
US-Oho,-83.8438,41.5545,2021,8,11,29.69,23.62,23.85,5.77,10.08,16.21
US-Oho,-83.8438,41.5545,2021,8,12,28.52,23.38,23.42,5.07,18.75,7.87
US-Oho,-83.8438,41.5545,2021,8,13,29.58,19.15,20.15,3.22,16.75,2.84
US-Oho,-83.8438,41.5545,2021,8,14,26.8,15.11,12.78,3.43,23.16,0
US-Oho,-83.8438,41.5545,2021,8,15,25.7,14.65,11.88,3.76,23.65,0.01
US-Oho,-83.8438,41.5545,2021,8,16,24.55,17.2,17.96,3.38,9.23,2.96
US-Oho,-83.8438,41.5545,2021,8,17,29.82,18.91,19.63,2.17,17.39,0.1
US-Oho,-83.8438,41.5545,2021,8,18,29.5,21.27,20.56,1.91,15.27,1.67
US-Oho,-83.8438,41.5545,2021,8,19,31.48,21.18,18.8,1.35,20.75,0.05
US-Oho,-83.8438,41.5545,2021,8,20,32.29,20.33,16.86,1.81,22.83,0.06
US-Oho,-83.8438,41.5545,2021,8,21,32.83,18.76,17.34,1.5,22.44,0
US-Oho,-83.8438,41.5545,2021,8,22,33.96,20.94,18.42,1.89,21,0.14
US-Oho,-83.8438,41.5545,2021,8,23,32.91,21.33,16.89,2.88,23.63,0.08
US-Oho,-83.8438,41.5545,2021,8,24,33.23,21.01,19.07,2.67,20.1,4.25
US-Oho,-83.8438,41.5545,2021,8,25,30.76,22.63,21.93,2.37,16.05,6.38
US-Oho,-83.8438,41.5545,2021,8,26,30.63,22.33,22.1,1.67,20.17,4.55
US-Oho,-83.8438,41.5545,2021,8,27,32.78,22.22,20.76,2.09,18.65,0.92
US-Oho,-83.8438,41.5545,2021,8,28,33.02,22.01,21.28,2.67,21.51,0.14
US-Oho,-83.8438,41.5545,2021,8,29,32.87,23.07,21.54,4.46,20.86,7.91
US-Oho,-83.8438,41.5545,2021,8,30,30.35,19.72,17.33,2.88,18.43,1.92
US-Oho,-83.8438,41.5545,2021,8,31,28.92,17.49,14.74,4.28,20.33,0.03
US-Oho,-83.8438,41.5545,2021,9,1,27.21,15.33,11.8,6.03,22.85,0.01
US-Oho,-83.8438,41.5545,2021,9,2,27.05,12.61,9.43,3.03,24.31,0
US-Oho,-83.8438,41.5545,2021,9,3,24.58,13.78,9.53,1.81,18.76,0
US-Oho,-83.8438,41.5545,2021,9,4,26.06,14.28,13.65,4.21,13.21,5.6
US-Oho,-83.8438,41.5545,2021,9,5,27.8,16.35,12.72,4.22,20.74,0.23
US-Oho,-83.8438,41.5545,2021,9,6,27.51,14.75,11.63,3.36,21.61,0.34
US-Oho,-83.8438,41.5545,2021,9,7,31.03,13.77,14.1,6.39,20.58,3.93
US-Oho,-83.8438,41.5545,2021,9,8,27.42,15.45,12.26,4.27,20.52,0.15
US-Oho,-83.8438,41.5545,2021,9,9,24.58,12.17,9.96,3.74,16.99,0.02
US-Oho,-83.8438,41.5545,2021,9,10,26.26,10.86,9.2,2.37,20.62,0
US-Oho,-83.8438,41.5545,2021,9,11,29.13,14.95,12.84,6.7,16.37,0.01
US-Oho,-83.8438,41.5545,2021,9,12,32.14,19.07,16.3,6.26,16.42,0
US-Oho,-83.8438,41.5545,2021,9,13,30.6,18.93,17.88,2.97,12.92,0.02
US-Oho,-83.8438,41.5545,2021,9,14,30.81,18.84,19.03,6.14,16.03,10.46
US-Oho,-83.8438,41.5545,2021,9,15,25.81,15.68,13.71,2.43,12.21,2.82
US-Oho,-83.8438,41.5545,2021,9,16,27.83,13.91,12.97,3.28,20.83,0
US-Oho,-83.8438,41.5545,2021,9,17,31.34,15.92,17.39,2.61,19.4,0
US-Oho,-83.8438,41.5545,2021,9,18,28.24,17.68,15.52,3.89,17.27,0
US-Oho,-83.8438,41.5545,2021,9,19,31.16,15.96,14.7,3.26,18.99,0
US-Oho,-83.8438,41.5545,2021,9,20,26.55,18.66,18.04,4.89,7.46,1.95
US-Oho,-83.8438,41.5545,2021,9,21,26.84,17.47,18.54,5.68,6.33,22.33
US-Oho,-83.8438,41.5545,2021,9,22,16,9.44,11.86,9.74,2.6,64.43
US-Oho,-83.8438,41.5545,2021,9,23,12.7,6,7.39,6.98,6.85,6
US-Oho,-83.8438,41.5545,2021,9,24,22.49,6.88,9.59,5.46,19.51,0.07
US-Oho,-83.8438,41.5545,2021,9,25,19.1,9.57,9.71,4.25,14.32,3.38
US-Oho,-83.8438,41.5545,2021,9,26,23.64,7.37,8.44,5.52,18.74,0
US-Oho,-83.8438,41.5545,2021,9,27,27.24,13.75,14.32,5.45,16.77,0
US-Oho,-83.8438,41.5545,2021,9,28,22.26,12.1,12.06,3.39,17.89,0
US-Oho,-83.8438,41.5545,2021,9,29,22.85,10.91,9.64,2.56,18.62,0
US-Oho,-83.8438,41.5545,2021,9,30,23.06,10.58,10.91,2.41,18.02,0
US-Oho,-83.8438,41.5545,2021,10,1,24.17,9.14,9.3,2.38,17.85,0
US-Oho,-83.8438,41.5545,2021,10,2,22.75,10.81,12.68,3.81,11.4,5.57
US-Oho,-83.8438,41.5545,2021,10,3,23.36,18.21,18.88,3.73,8.89,10.59
US-Oho,-83.8438,41.5545,2021,10,4,23.21,16.82,17.57,2.98,8.75,6.76
US-Oho,-83.8438,41.5545,2021,10,5,23.62,15.57,16.72,3.1,9.16,0.68
US-Oho,-83.8438,41.5545,2021,10,6,22.25,15.46,17.41,3.79,4.79,0.06
US-Oho,-83.8438,41.5545,2021,10,7,22.55,17.04,18.43,3,6.66,3.72
US-Oho,-83.8438,41.5545,2021,10,8,25.05,15.9,17.27,2.5,9.11,11.2
US-Oho,-83.8438,41.5545,2021,10,9,24.9,14.37,15.9,2.72,13.94,1.31
US-Oho,-83.8438,41.5545,2021,10,10,25.5,17.34,17.16,5.66,12.08,0.86
US-Oho,-83.8438,41.5545,2021,10,11,27.18,17.83,17.14,5,11.49,0.02
US-Oho,-83.8438,41.5545,2021,10,12,22.98,15.09,15.61,5.17,9.08,0.08
US-Oho,-83.8438,41.5545,2021,10,13,23.65,13.23,13.43,3.21,15.39,0
US-Oho,-83.8438,41.5545,2021,10,14,27.39,16.9,18.64,4.13,9.81,5.16
US-Oho,-83.8438,41.5545,2021,10,15,24.5,12.62,15.62,3.8,3.39,22.47
US-Oho,-83.8438,41.5545,2021,10,16,15.59,7.61,7.21,6.07,8.05,7.97
US-Oho,-83.8438,41.5545,2021,10,17,17,5.83,4.94,5.12,13.87,0.01
US-Oho,-83.8438,41.5545,2021,10,18,19.27,4.75,5.84,2.82,14.6,0
US-Oho,-83.8438,41.5545,2021,10,19,21.7,6.33,7.4,4.23,14.88,0
US-Oho,-83.8438,41.5545,2021,10,20,21.52,8,10.35,3.86,14.14,2.84
US-Oho,-83.8438,41.5545,2021,10,21,18.98,8.9,10.34,6.88,8.31,3.33
US-Oho,-83.8438,41.5545,2021,10,22,11.15,4.7,3.02,2.4,10.73,0.19
US-Oho,-83.8438,41.5545,2021,10,23,12.87,5.11,3.94,2.62,6.94,0.81
US-Oho,-83.8438,41.5545,2021,10,24,10.29,2.56,5.99,3.83,3.92,33.96
US-Oho,-83.8438,41.5545,2021,10,25,13.06,6.35,8.87,5.37,3,14.06
US-Oho,-83.8438,41.5545,2021,10,26,11.09,2.05,2.9,5.27,13.47,0.18
US-Oho,-83.8438,41.5545,2021,10,27,11.28,1.84,5.92,2.25,5.28,0.04
US-Oho,-83.8438,41.5545,2021,10,28,17.48,8.31,10.28,4.98,10.02,6.33
US-Oho,-83.8438,41.5545,2021,10,29,14.19,10.91,11.69,5.73,1.97,18.68
US-Oho,-83.8438,41.5545,2021,10,30,13.03,8.45,9.33,4.27,3.41,1.03
US-Oho,-83.8438,41.5545,2021,10,31,15.78,3.66,6.85,5.42,7.96,0.14
US-Oho,-83.8438,41.5545,2021,11,1,10.16,0.74,0.78,4.38,10.58,0
US-Oho,-83.8438,41.5545,2021,11,2,7.6,-1.13,-0.78,4.23,9.45,0.01
US-Oho,-83.8438,41.5545,2021,11,3,7.67,-2.55,-1.83,1.98,10,0
US-Oho,-83.8438,41.5545,2021,11,4,7.82,0.95,-1.73,2.01,8.38,0
US-Oho,-83.8438,41.5545,2021,11,5,10.23,-1.18,-2.2,2.2,12.31,0
US-Oho,-83.8438,41.5545,2021,11,6,12.14,-2.69,-0.6,3.53,12.34,0.01
US-Oho,-83.8438,41.5545,2021,11,7,16.49,0.28,3.98,3.81,11.73,0
US-Oho,-83.8438,41.5545,2021,11,8,17.91,2.85,6.07,4.91,11.48,0
US-Oho,-83.8438,41.5545,2021,11,9,15.27,5.88,8.64,1.88,8.39,0.08
US-Oho,-83.8438,41.5545,2021,11,10,13.5,3.6,5.43,3.46,8.65,0.05
US-Oho,-83.8438,41.5545,2021,11,11,18.79,4.61,7.37,6.67,6.92,4.73
US-Oho,-83.8438,41.5545,2021,11,12,11.38,1.27,1.61,6.84,8.8,0.29
US-Oho,-83.8438,41.5545,2021,11,13,5.83,-0.41,-0.14,7.2,4.25,0.77
US-Oho,-83.8438,41.5545,2021,11,14,3.16,-0.08,-0.37,6.44,2.26,4.3
US-Oho,-83.8438,41.5545,2021,11,15,3.94,-3.2,-2.19,4.66,6.53,0.22
US-Oho,-83.8438,41.5545,2021,11,16,7.55,-3.36,-0.72,2.91,9.3,0
US-Oho,-83.8438,41.5545,2021,11,17,17.68,4.57,11.6,8.29,2.94,2.85
US-Oho,-83.8438,41.5545,2021,11,18,7.74,-1.88,-1.15,7.47,9,2.8
US-Oho,-83.8438,41.5545,2021,11,19,5.9,-3.25,-3.36,3.71,8.34,0.02
US-Oho,-83.8438,41.5545,2021,11,20,5.13,-2.09,-1.64,4.22,4.13,0.1
US-Oho,-83.8438,41.5545,2021,11,21,5.47,-0.92,1.87,4.97,2.21,3.06
US-Oho,-83.8438,41.5545,2021,11,22,3.34,-5.07,-6.21,4.6,9.64,0
US-Oho,-83.8438,41.5545,2021,11,23,3.23,-5.15,-5.9,2.75,10.29,0
US-Oho,-83.8438,41.5545,2021,11,24,7.8,-2.38,-1.43,6.23,7.08,1.17
US-Oho,-83.8438,41.5545,2021,11,25,8.72,-0.96,3.88,5.95,1.82,5.65
US-Oho,-83.8438,41.5545,2021,11,26,-0.05,-4.5,-6.07,5.24,4.78,0.04
US-Oho,-83.8438,41.5545,2021,11,27,0.74,-4.6,-3.99,3.52,3.17,3.16
US-Oho,-83.8438,41.5545,2021,11,28,2.97,-2.98,-2.47,6.14,4.97,0.12
US-Oho,-83.8438,41.5545,2021,11,29,3.89,-4.29,-3.35,3.72,8,2.11
US-Oho,-83.8438,41.5545,2021,11,30,6.66,-3.05,-0.98,4.67,8.43,0.2
US-Oho,-83.8438,41.5545,2021,12,1,4.53,-1.68,0.1,3.85,4.55,0.58
US-Oho,-83.8438,41.5545,2021,12,2,13.15,-0.98,3.35,7.37,7.18,0.05
US-Oho,-83.8438,41.5545,2021,12,3,4.61,-0.91,0,1.92,2.36,0.95
US-Oho,-83.8438,41.5545,2021,12,4,7.37,-1.54,-2.48,4.11,8.13,0.05
US-Oho,-83.8438,41.5545,2021,12,5,12.91,-0.96,1.42,6.07,3.56,11.47
US-Oho,-83.8438,41.5545,2021,12,6,10.7,-5.09,-1.63,9.07,4.49,4.71
US-Oho,-83.8438,41.5545,2021,12,7,-3.09,-6.4,-9.11,3.19,4.54,0.04
US-Oho,-83.8438,41.5545,2021,12,8,0.36,-3.86,-5.8,3.14,4.56,0.03
US-Oho,-83.8438,41.5545,2021,12,9,3.08,-4.41,-1.89,4.66,3.49,0.01
US-Oho,-83.8438,41.5545,2021,12,10,9.57,-0.52,3.73,4.18,2.86,4.66
US-Oho,-83.8438,41.5545,2021,12,11,14.77,-2.63,3.86,11.04,3.61,12.74
US-Oho,-83.8438,41.5545,2021,12,12,7.72,-3.91,-2.98,7,8.95,0.02
US-Oho,-83.8438,41.5545,2021,12,13,8.72,-2.18,-1.24,5.28,8.82,0
US-Oho,-83.8438,41.5545,2021,12,14,10.14,-1.73,1.59,3.68,7.13,0.21
US-Oho,-83.8438,41.5545,2021,12,15,13.84,5.37,5.84,8.48,3.56,1.76
US-Oho,-83.8438,41.5545,2021,12,16,16.17,0.09,6.52,10.38,3.64,2.97
US-Oho,-83.8438,41.5545,2021,12,17,5.63,-4.17,-2.11,3.26,7.7,0.44
US-Oho,-83.8438,41.5545,2021,12,18,1.83,-3.76,-0.74,5.23,1.34,9.02
US-Oho,-83.8438,41.5545,2021,12,19,0.95,-4.97,-5.41,2.75,2.87,0.05
US-Oho,-83.8438,41.5545,2021,12,20,4.23,-4.66,-3.77,5.25,8.69,0
US-Oho,-83.8438,41.5545,2021,12,21,4.99,-3.37,-1.85,5.11,6.94,0.02
US-Oho,-83.8438,41.5545,2021,12,22,-0.65,-5.5,-7.54,5.54,6.16,0
US-Oho,-83.8438,41.5545,2021,12,23,3.57,-4.73,-3.33,5.85,4.85,0
US-Oho,-83.8438,41.5545,2021,12,24,10.71,-0.13,4.94,5.28,3.66,0.58
US-Oho,-83.8438,41.5545,2021,12,25,13.83,-1.43,6.51,5.45,3.04,5.2
US-Oho,-83.8438,41.5545,2021,12,26,5.1,-3.48,-2.04,3.44,4.43,0
US-Oho,-83.8438,41.5545,2021,12,27,7.99,0.31,2.57,5.8,2.54,10.1
US-Oho,-83.8438,41.5545,2021,12,28,3.74,-1.81,-1.03,3.86,2.35,8.6
US-Oho,-83.8438,41.5545,2021,12,29,4.04,-2.44,-0.3,2.73,2.54,0.58
US-Oho,-83.8438,41.5545,2021,12,30,4.06,-3.54,-0.94,2.33,1.92,0.29
US-Oho,-83.8438,41.5545,2021,12,31,6.75,1.34,3.82,3.53,4.89,0.12
US-Oho,-83.8438,41.5545,2022,1,1,6.21,-2.84,1.51,5.93,1.87,4.4
US-Oho,-83.8438,41.5545,2022,1,2,-2.39,-9.28,-7.47,5.98,4.42,1.59
US-Oho,-83.8438,41.5545,2022,1,3,-1.95,-9.07,-9.42,3.59,9.24,0.01
US-Oho,-83.8438,41.5545,2022,1,4,2.53,-7.09,-4.65,5.91,8.6,0
US-Oho,-83.8438,41.5545,2022,1,5,0.76,-11.11,-7.14,11.02,3.49,0.03
US-Oho,-83.8438,41.5545,2022,1,6,-7.11,-11.37,-11.91,7.16,6.81,0.04
US-Oho,-83.8438,41.5545,2022,1,7,-5.75,-10.94,-10.42,5.47,7.96,0.01
US-Oho,-83.8438,41.5545,2022,1,8,0.82,-12.13,-7.85,5.97,8.74,1.64
US-Oho,-83.8438,41.5545,2022,1,9,3.61,-9.94,-4.87,7.76,6.38,2.16
US-Oho,-83.8438,41.5545,2022,1,10,-4.76,-12.48,-12.91,7.58,6.78,0.01
US-Oho,-83.8438,41.5545,2022,1,11,-3.39,-12.64,-12.3,6.12,9.27,0
US-Oho,-83.8438,41.5545,2022,1,12,4.45,-3.73,-1.32,6.04,5.4,0.02
US-Oho,-83.8438,41.5545,2022,1,13,2.36,-3.03,-0.48,2.65,6.33,0.04
US-Oho,-83.8438,41.5545,2022,1,14,0.78,-9.99,-6.21,5.14,3.21,0
US-Oho,-83.8438,41.5545,2022,1,15,-6.21,-11.39,-13.21,6.07,8.57,0
US-Oho,-83.8438,41.5545,2022,1,16,-0.39,-12.31,-8.98,3.43,9.61,0.17
US-Oho,-83.8438,41.5545,2022,1,17,-0.78,-7.38,-6.67,7.4,3.12,0.14
US-Oho,-83.8438,41.5545,2022,1,18,1.84,-7.65,-4.88,7.35,5.7,0
US-Oho,-83.8438,41.5545,2022,1,19,3.89,-6.21,-4.18,8.6,6.96,0.01
US-Oho,-83.8438,41.5545,2022,1,20,-5.88,-9.13,-11.61,4.56,5.86,0
US-Oho,-83.8438,41.5545,2022,1,21,-5.22,-13.29,-12.94,2.61,8.66,0.01
US-Oho,-83.8438,41.5545,2022,1,22,-2.84,-13.15,-9.89,7.01,5.34,0.06
US-Oho,-83.8438,41.5545,2022,1,23,-4.2,-11.81,-9.1,4.65,4.59,2.41
US-Oho,-83.8438,41.5545,2022,1,24,-2.53,-12.69,-8.8,4.8,3.58,2.36
US-Oho,-83.8438,41.5545,2022,1,25,-4.58,-12.04,-11.45,3.9,10.03,0.04
US-Oho,-83.8438,41.5545,2022,1,26,-6.68,-14.37,-13.68,3.69,11.22,0.02
US-Oho,-83.8438,41.5545,2022,1,27,-1.89,-15.31,-9.46,6.5,3.68,0.29
US-Oho,-83.8438,41.5545,2022,1,28,-4.83,-13.57,-11.2,5.41,6.71,0.02
US-Oho,-83.8438,41.5545,2022,1,29,-6.26,-15.82,-13.19,2.66,10.68,0
US-Oho,-83.8438,41.5545,2022,1,30,-1.12,-9.43,-8.58,2.6,7.57,0.02
US-Oho,-83.8438,41.5545,2022,1,31,0.3,-9.52,-7.12,2.63,11.21,0
US-Oho,-83.8438,41.5545,2022,2,1,8.24,-5.28,-0.89,6.66,11.15,0.1
US-Oho,-83.8438,41.5545,2022,2,2,2.93,-4.78,-0.58,4.29,2.9,16.85
US-Oho,-83.8438,41.5545,2022,2,3,-5,-8.54,-8.17,9.37,3.61,5.11
US-Oho,-83.8438,41.5545,2022,2,4,-6.49,-13.76,-11.98,4.63,11.65,0.19
US-Oho,-83.8438,41.5545,2022,2,5,-4.19,-12.92,-10.67,3.28,11.09,0.15
US-Oho,-83.8438,41.5545,2022,2,6,0.9,-13.69,-8.9,6.02,12.96,0
US-Oho,-83.8438,41.5545,2022,2,7,-0.74,-7.55,-6.1,5.39,5.99,0.04
US-Oho,-83.8438,41.5545,2022,2,8,-0.62,-12.7,-7.66,5.17,10.92,0
US-Oho,-83.8438,41.5545,2022,2,9,5.36,-1.49,0.44,6.62,12.26,0.08
US-Oho,-83.8438,41.5545,2022,2,10,1.64,-3.99,-3.31,6.11,5.11,0.16
US-Oho,-83.8438,41.5545,2022,2,11,2.79,-2.56,-0.14,8.36,4.48,3.36
US-Oho,-83.8438,41.5545,2022,2,12,-1.73,-8.07,-9.68,5.33,9.2,0.03
US-Oho,-83.8438,41.5545,2022,2,13,-5.89,-9.83,-11.39,3.04,8.69,0.16
US-Oho,-83.8438,41.5545,2022,2,14,-4.86,-11.02,-11.96,2.16,13.4,0
US-Oho,-83.8438,41.5545,2022,2,15,0.81,-11.11,-7.97,3.79,12.7,0
US-Oho,-83.8438,41.5545,2022,2,16,11.16,-2.79,4.93,10.96,10.33,2.04
US-Oho,-83.8438,41.5545,2022,2,17,11.71,-6.59,0.87,9.15,3.57,22.92
US-Oho,-83.8438,41.5545,2022,2,18,-2.39,-13.49,-10.06,7.12,13.77,0.01
US-Oho,-83.8438,41.5545,2022,2,19,-1.13,-12.95,-11.85,8.32,14.51,0.02
US-Oho,-83.8438,41.5545,2022,2,20,7.33,-12.96,-4.01,8.65,15.37,0
US-Oho,-83.8438,41.5545,2022,2,21,11.79,-0.22,3.88,4.65,14.8,0.04
US-Oho,-83.8438,41.5545,2022,2,22,12.6,0.15,8.05,7.9,3.08,5.96
US-Oho,-83.8438,41.5545,2022,2,23,0.25,-5.1,-7.74,6.54,8.79,0.13
US-Oho,-83.8438,41.5545,2022,2,24,-1.03,-6.03,-8.38,6.86,8.49,2.11
US-Oho,-83.8438,41.5545,2022,2,25,-1.49,-6.53,-7.6,4.8,7.26,0.44
US-Oho,-83.8438,41.5545,2022,2,26,0.55,-7.01,-7.25,5.68,12.1,0.01
US-Oho,-83.8438,41.5545,2022,2,27,5.9,-6.12,-4.89,6.64,16.38,0
US-Oho,-83.8438,41.5545,2022,2,28,4.93,-4.83,-3.83,4.25,14.15,0
US-Oho,-83.8438,41.5545,2022,3,1,8.29,-2.52,1.28,5.1,6.45,0.17
US-Oho,-83.8438,41.5545,2022,3,2,9.49,-3.35,-0.17,4.24,14.32,0.9
US-Oho,-83.8438,41.5545,2022,3,3,1.06,-5.57,-8.02,4.14,17.45,0.01
US-Oho,-83.8438,41.5545,2022,3,4,4.79,-5.28,-6.25,2.76,16.14,0
US-Oho,-83.8438,41.5545,2022,3,5,20.38,-0.87,6.16,7.23,15.28,0.01
US-Oho,-83.8438,41.5545,2022,3,6,16.18,-0.19,5.7,9.75,17.37,3.7
US-Oho,-83.8438,41.5545,2022,3,7,3.26,-3.98,-1.53,5.97,5.92,12.52
US-Oho,-83.8438,41.5545,2022,3,8,4.31,-4.17,-3.91,2.59,9.91,0.04
US-Oho,-83.8438,41.5545,2022,3,9,7.2,-3.51,-3.13,3.09,16.97,0.04
US-Oho,-83.8438,41.5545,2022,3,10,6.03,-3.51,-3.62,2,16.43,0.04
US-Oho,-83.8438,41.5545,2022,3,11,1.15,-4.47,-4.4,4.9,5.8,0.97
US-Oho,-83.8438,41.5545,2022,3,12,-5.26,-10.7,-13.42,8.5,13.58,0.05
US-Oho,-83.8438,41.5545,2022,3,13,7.67,-11.14,-5.15,7.17,13.62,0.07
US-Oho,-83.8438,41.5545,2022,3,14,13.38,-0.76,2.47,5.13,17.92,0
US-Oho,-83.8438,41.5545,2022,3,15,15.8,0.37,5.06,3.55,11.64,0
US-Oho,-83.8438,41.5545,2022,3,16,19.75,1.5,6.31,3.38,18.72,0
US-Oho,-83.8438,41.5545,2022,3,17,21.02,2.46,7.6,2.98,18.35,0.01
US-Oho,-83.8438,41.5545,2022,3,18,14.31,5.49,9.3,3.25,9.46,8.1
US-Oho,-83.8438,41.5545,2022,3,19,10.86,2.16,5.83,8.17,4.34,10.03
US-Oho,-83.8438,41.5545,2022,3,20,13.61,0.53,0.88,4.49,20.57,0.14
US-Oho,-83.8438,41.5545,2022,3,21,19.28,3.21,4.81,2.29,18.54,0
US-Oho,-83.8438,41.5545,2022,3,22,10.49,3.06,4.51,6.94,3.34,1.78
US-Oho,-83.8438,41.5545,2022,3,23,17.9,6.92,10.89,6.47,11.4,15.28
US-Oho,-83.8438,41.5545,2022,3,24,11.04,2.88,4.09,7.11,8.34,0.34
US-Oho,-83.8438,41.5545,2022,3,25,8.82,0.96,2.19,6.51,8.79,1.31
US-Oho,-83.8438,41.5545,2022,3,26,3.74,-3.16,-3.21,8.43,7.66,0.66
US-Oho,-83.8438,41.5545,2022,3,27,0.85,-6.37,-9,7.11,14.4,0.04
US-Oho,-83.8438,41.5545,2022,3,28,0.17,-6.45,-9.5,4.54,21.39,0.01
US-Oho,-83.8438,41.5545,2022,3,29,5.69,-5.07,-6.44,3.94,19.71,1.07
US-Oho,-83.8438,41.5545,2022,3,30,18.53,0.14,7.28,7.49,10.56,0.94
US-Oho,-83.8438,41.5545,2022,3,31,17.31,0.69,3.85,10.6,7.94,1
US-Oho,-83.8438,41.5545,2022,4,1,5.26,-2.85,-2.73,5.3,10.41,0.17
US-Oho,-83.8438,41.5545,2022,4,2,7.37,-2.79,-1.97,2.88,15.27,2.81
US-Oho,-83.8438,41.5545,2022,4,3,9.38,-1.15,0.53,4.15,9.42,0.15
US-Oho,-83.8438,41.5545,2022,4,4,12.6,1.75,4.37,4.35,9.66,5.77
US-Oho,-83.8438,41.5545,2022,4,5,15.7,1.68,5.5,2.6,17.02,0.03
US-Oho,-83.8438,41.5545,2022,4,6,14.77,4.6,7.42,5.47,5.11,4.22
US-Oho,-83.8438,41.5545,2022,4,7,10.43,2.81,2,6.13,12,0.02
US-Oho,-83.8438,41.5545,2022,4,8,7.89,1.3,2,4.86,13.15,0.97
US-Oho,-83.8438,41.5545,2022,4,9,6.73,-1.4,-1.13,4.4,12.17,0.64
US-Oho,-83.8438,41.5545,2022,4,10,14.23,-3.44,-0.1,3.38,25.01,0
US-Oho,-83.8438,41.5545,2022,4,11,21.05,5.07,8.14,5.75,10.3,3.31
US-Oho,-83.8438,41.5545,2022,4,12,20.2,4.67,8.5,3.84,24.34,0.02
US-Oho,-83.8438,41.5545,2022,4,13,22.03,15.1,16.37,8.06,6.69,7.2
US-Oho,-83.8438,41.5545,2022,4,14,14.77,3.65,1.04,9.53,24.02,1.61
US-Oho,-83.8438,41.5545,2022,4,15,15.99,3.52,5,6.5,15.74,0.74
US-Oho,-83.8438,41.5545,2022,4,16,11.93,-1.84,-1.06,5.21,24.52,0.31
US-Oho,-83.8438,41.5545,2022,4,17,7.37,-3.98,-3.99,4.39,26.85,0.06
US-Oho,-83.8438,41.5545,2022,4,18,4.87,0.39,-0.02,4.99,5.38,6.83
US-Oho,-83.8438,41.5545,2022,4,19,7.18,-1.85,-1.68,6.91,13.92,0.17
US-Oho,-83.8438,41.5545,2022,4,20,13.38,-1.99,0.2,4.24,17.31,0.11
US-Oho,-83.8438,41.5545,2022,4,21,19.4,7.16,8.43,6.47,19.85,1.14
US-Oho,-83.8438,41.5545,2022,4,22,15.12,3.85,5.31,5.23,10.9,2.93
US-Oho,-83.8438,41.5545,2022,4,23,27.35,7.19,13.44,5.61,24.45,0.09
US-Oho,-83.8438,41.5545,2022,4,24,25.86,14.39,16.27,7.59,19.65,1.38
US-Oho,-83.8438,41.5545,2022,4,25,17.84,5.42,9.92,4.66,6.34,9.09
US-Oho,-83.8438,41.5545,2022,4,26,10.62,-0.32,0.69,4.91,9.97,0.03
US-Oho,-83.8438,41.5545,2022,4,27,9.34,-2.22,-1.78,4.8,24.55,0
US-Oho,-83.8438,41.5545,2022,4,28,11.3,-2.58,-2.02,3.38,22.77,0
US-Oho,-83.8438,41.5545,2022,4,29,16.74,1.41,0.3,5.01,22.77,0
US-Oho,-83.8438,41.5545,2022,4,30,18.63,4.86,7.11,5.69,10.84,7.12
US-Oho,-83.8438,41.5545,2022,5,1,20.83,9.5,11.08,6.83,18.79,3.47
US-Oho,-83.8438,41.5545,2022,5,2,16.99,6.91,7.83,3.84,9.52,0.06
US-Oho,-83.8438,41.5545,2022,5,3,21.02,8.95,12.1,6.2,6.71,21.92
US-Oho,-83.8438,41.5545,2022,5,4,18.13,6.62,7.74,4.84,13.24,0.88
US-Oho,-83.8438,41.5545,2022,5,5,15.22,4.75,7.59,3.62,10.48,4.58
US-Oho,-83.8438,41.5545,2022,5,6,13.67,8.63,8.48,8.32,7.24,9.35
US-Oho,-83.8438,41.5545,2022,5,7,17.6,4.67,4.01,7.39,28.24,0.07
US-Oho,-83.8438,41.5545,2022,5,8,18.46,3.15,4.34,4.3,27.11,0
US-Oho,-83.8438,41.5545,2022,5,9,23.03,6.82,8.8,5.46,27.44,0.01
US-Oho,-83.8438,41.5545,2022,5,10,27.93,10.01,13.36,4.91,23.12,0
US-Oho,-83.8438,41.5545,2022,5,11,29.08,13.75,13.67,3.53,20.69,0
US-Oho,-83.8438,41.5545,2022,5,12,29.12,13.88,11.36,3.2,25.8,0
US-Oho,-83.8438,41.5545,2022,5,13,28.18,14.77,16.33,3.66,27.52,0
US-Oho,-83.8438,41.5545,2022,5,14,27.7,15.7,17.42,2.22,20.3,6.23
US-Oho,-83.8438,41.5545,2022,5,15,28.77,14.35,15.51,3.01,26.2,8.07
US-Oho,-83.8438,41.5545,2022,5,16,23.32,12.62,10.89,4.9,27.33,5.84
US-Oho,-83.8438,41.5545,2022,5,17,20.4,9.29,8.26,4.3,28.8,0.05
US-Oho,-83.8438,41.5545,2022,5,18,19.23,10.53,12.79,3.34,6.24,8.11
US-Oho,-83.8438,41.5545,2022,5,19,25.84,11.19,14.88,4.65,24.45,0.11
US-Oho,-83.8438,41.5545,2022,5,20,27.49,17.7,20.01,8.01,17.28,0.12
US-Oho,-83.8438,41.5545,2022,5,21,25.48,20.18,20.42,3.82,14.04,4.56
US-Oho,-83.8438,41.5545,2022,5,22,19.97,8.73,10.02,5.53,15.86,0.93
US-Oho,-83.8438,41.5545,2022,5,23,17.54,7.68,6.94,4.55,20.45,0
US-Oho,-83.8438,41.5545,2022,5,24,20.61,6.92,7.02,4.11,28.24,0.01
US-Oho,-83.8438,41.5545,2022,5,25,22.78,11.19,16.14,5.1,14.33,8.22
US-Oho,-83.8438,41.5545,2022,5,26,24.27,17.06,18.62,6.18,10.9,13.74
US-Oho,-83.8438,41.5545,2022,5,27,22.92,15.69,14.98,4.21,20.51,3.58
US-Oho,-83.8438,41.5545,2022,5,28,23.86,12.78,13.38,2.63,24,0.29
US-Oho,-83.8438,41.5545,2022,5,29,27.02,13.88,16.17,4.57,27.79,0
US-Oho,-83.8438,41.5545,2022,5,30,29.72,17.1,18.21,5.56,29.06,0
US-Oho,-83.8438,41.5545,2022,5,31,30.69,20.33,20.25,5.91,26.87,0
US-Oho,-83.8438,41.5545,2022,6,1,28.7,15.4,19.91,4.65,18.93,5.74
US-Oho,-83.8438,41.5545,2022,6,2,22.39,13.1,12.55,3.07,19.83,0.11
US-Oho,-83.8438,41.5545,2022,6,3,26.09,9.9,9.96,4.34,28.42,0
US-Oho,-83.8438,41.5545,2022,6,4,22.59,9.3,9.26,2.67,23.87,0
US-Oho,-83.8438,41.5545,2022,6,5,26.69,12.78,11.97,3.94,21.33,0.01
US-Oho,-83.8438,41.5545,2022,6,6,25.86,15.82,17.8,4.94,13.1,21.4
US-Oho,-83.8438,41.5545,2022,6,7,22.57,13.36,15.45,4.7,17.76,5.13
US-Oho,-83.8438,41.5545,2022,6,8,23.77,11.36,13.73,3.69,17.31,14.25
US-Oho,-83.8438,41.5545,2022,6,9,22.57,11.39,12.36,3.77,26.57,0.19
US-Oho,-83.8438,41.5545,2022,6,10,24.12,11.92,11.98,2.7,24.08,0.02
US-Oho,-83.8438,41.5545,2022,6,11,23.43,13.53,14.55,3.15,24.04,0.07
US-Oho,-83.8438,41.5545,2022,6,12,27.78,16.51,18.53,2.26,22.82,0.24
US-Oho,-83.8438,41.5545,2022,6,13,30.06,16.88,20.14,3.2,24.88,28.75
US-Oho,-83.8438,41.5545,2022,6,14,30.5,19.38,22.45,2.07,21.64,4.45
US-Oho,-83.8438,41.5545,2022,6,15,32.78,23.04,23.27,4.46,29.24,0.39
US-Oho,-83.8438,41.5545,2022,6,16,31.67,21.67,22.08,6.29,26.64,0.83
US-Oho,-83.8438,41.5545,2022,6,17,26.9,14.5,15.19,5.98,30.12,0
US-Oho,-83.8438,41.5545,2022,6,18,22.72,10.95,8.52,4.9,32.04,0
US-Oho,-83.8438,41.5545,2022,6,19,25.18,11.41,8.27,1.79,28.66,0.07
US-Oho,-83.8438,41.5545,2022,6,20,28.71,14.21,14.04,4.56,18.89,0.06
US-Oho,-83.8438,41.5545,2022,6,21,33.07,15.41,19.19,4.86,29.98,0
US-Oho,-83.8438,41.5545,2022,6,22,29.99,18.51,18.64,5.02,27.8,0.02
US-Oho,-83.8438,41.5545,2022,6,23,27.65,15.81,12.83,3.25,31.86,0
US-Oho,-83.8438,41.5545,2022,6,24,29.56,15.17,13.27,1.77,30.67,0.05
US-Oho,-83.8438,41.5545,2022,6,25,29.96,15.79,14.76,2.83,24.47,0.67
US-Oho,-83.8438,41.5545,2022,6,26,30.08,17.99,17.54,4.7,16.49,0.8
US-Oho,-83.8438,41.5545,2022,6,27,24.92,13.39,9.95,4.94,30.57,0
US-Oho,-83.8438,41.5545,2022,6,28,27,11.14,8.73,1.84,31.48,0
US-Oho,-83.8438,41.5545,2022,6,29,28.6,14.69,13.67,3.46,25.56,0.05
US-Oho,-83.8438,41.5545,2022,6,30,31.81,17.53,14.98,4.97,30.27,0
US-Oho,-83.8438,41.5545,2022,7,1,31.27,18.33,18.92,4.91,15.56,5.28
US-Oho,-83.8438,41.5545,2022,7,2,29.34,16.7,14.06,2.98,27.56,0.03
US-Oho,-83.8438,41.5545,2022,7,3,30.6,16.17,13.1,1.92,29.44,0
US-Oho,-83.8438,41.5545,2022,7,4,32.92,17.75,15.16,3.58,23.65,4.2
US-Oho,-83.8438,41.5545,2022,7,5,29.8,20.59,23.34,4.73,17.96,19.06
US-Oho,-83.8438,41.5545,2022,7,6,25.57,19,21.33,3.87,8.64,15.3
US-Oho,-83.8438,41.5545,2022,7,7,29.11,16.78,17.11,1.97,24.17,0.02
US-Oho,-83.8438,41.5545,2022,7,8,28.06,18.06,17.78,2.74,12.63,0.86
US-Oho,-83.8438,41.5545,2022,7,9,26.92,15.92,13.01,4.79,28.88,0.01
US-Oho,-83.8438,41.5545,2022,7,10,28.83,13.85,11.3,2.36,25.19,0
US-Oho,-83.8438,41.5545,2022,7,11,30.27,16.45,16.07,5.63,24.72,0.02
US-Oho,-83.8438,41.5545,2022,7,12,28.77,18.37,16.74,5.34,28.04,0.03
US-Oho,-83.8438,41.5545,2022,7,13,28.52,16.68,16.37,3.28,20.81,9.41
US-Oho,-83.8438,41.5545,2022,7,14,28.02,16.02,13.75,2.17,28.22,0.43
US-Oho,-83.8438,41.5545,2022,7,15,26.99,15.47,13.87,2.32,21.93,7.54
US-Oho,-83.8438,41.5545,2022,7,16,29.24,16.83,19.17,2.28,15.54,7.59
US-Oho,-83.8438,41.5545,2022,7,17,26.27,20.43,21.26,2.5,8.42,17.55
US-Oho,-83.8438,41.5545,2022,7,18,29.62,19.19,18.8,3.12,25.58,0.55
US-Oho,-83.8438,41.5545,2022,7,19,30.91,17.12,17.02,3.52,27.71,0.01
US-Oho,-83.8438,41.5545,2022,7,20,32.44,21.12,20.8,6.18,23.59,1.47
US-Oho,-83.8438,41.5545,2022,7,21,31.55,20.87,19.35,5.22,28.65,0.92
US-Oho,-83.8438,41.5545,2022,7,22,31.08,19.45,17.08,3.92,28.32,0.35
US-Oho,-83.8438,41.5545,2022,7,23,30.43,19.95,20.22,4.32,15.13,8.41
US-Oho,-83.8438,41.5545,2022,7,24,29.42,21.62,22.34,7,14.64,4.4
US-Oho,-83.8438,41.5545,2022,7,25,27.7,17.18,14.88,3.83,25.05,0.01
US-Oho,-83.8438,41.5545,2022,7,26,28.46,16.14,13.47,1.97,23.15,0
US-Oho,-83.8438,41.5545,2022,7,27,29.72,19.3,20.01,3.68,11.4,1.27
US-Oho,-83.8438,41.5545,2022,7,28,29.67,18.72,17.88,4.86,23.84,2.94
US-Oho,-83.8438,41.5545,2022,7,29,28.28,16.15,12.79,3.23,24.21,0.08
US-Oho,-83.8438,41.5545,2022,7,30,29.49,14.54,13.05,2.03,27.32,0
US-Oho,-83.8438,41.5545,2022,7,31,30.64,17.85,12.9,2.13,25.88,0
US-Oho,-83.8438,41.5545,2022,8,1,30.96,17.33,18.42,5.75,17.91,0.89
US-Oho,-83.8438,41.5545,2022,8,2,31.38,18.45,15.52,2.91,25.49,0.18
US-Oho,-83.8438,41.5545,2022,8,3,34.76,18.76,21.13,5.5,23.67,1.43
US-Oho,-83.8438,41.5545,2022,8,4,27.4,22.38,21.75,3.7,10.51,8.45
US-Oho,-83.8438,41.5545,2022,8,5,32.08,21.1,21.82,2.22,19.81,1.43
US-Oho,-83.8438,41.5545,2022,8,6,32.92,21.84,21.24,2.72,24.59,0.12
US-Oho,-83.8438,41.5545,2022,8,7,34.89,22.63,21.28,4.31,21.57,3.93
US-Oho,-83.8438,41.5545,2022,8,8,31.19,21.12,23.22,5.28,16.59,26.54
US-Oho,-83.8438,41.5545,2022,8,9,27.42,18.6,17.37,2.1,12.31,1.73
US-Oho,-83.8438,41.5545,2022,8,10,28.88,17.34,15.87,1.67,23.78,0.13
US-Oho,-83.8438,41.5545,2022,8,11,28.31,16.12,12.29,3.87,23.28,0.1
US-Oho,-83.8438,41.5545,2022,8,12,27.25,13.03,9.45,2.6,27.46,0
US-Oho,-83.8438,41.5545,2022,8,13,23.63,13.83,10.37,2.38,9.24,6.01
US-Oho,-83.8438,41.5545,2022,8,14,24.55,14.66,15.05,3.33,7.56,10.11
US-Oho,-83.8438,41.5545,2022,8,15,27.49,16.04,14.01,3.73,21.57,0.2
US-Oho,-83.8438,41.5545,2022,8,16,27.55,16.01,14.99,4.24,23.26,0.21
US-Oho,-83.8438,41.5545,2022,8,17,27.62,15.95,15.09,2.75,23.26,0.39
US-Oho,-83.8438,41.5545,2022,8,18,29.25,15.78,13.85,2,24.49,0.06
US-Oho,-83.8438,41.5545,2022,8,19,30.31,15.41,12.84,2.37,24.37,0.1
US-Oho,-83.8438,41.5545,2022,8,20,29.51,19.34,17.02,3.15,11.43,13.31
US-Oho,-83.8438,41.5545,2022,8,21,26.22,18.59,19.14,2.24,13.21,15.68
US-Oho,-83.8438,41.5545,2022,8,22,27.83,17.74,17.2,3.43,18.95,0.33
US-Oho,-83.8438,41.5545,2022,8,23,27.91,14.33,13.07,2.61,23.93,0
US-Oho,-83.8438,41.5545,2022,8,24,30.53,15.86,15.06,1.76,23.85,0
US-Oho,-83.8438,41.5545,2022,8,25,29.61,18.23,14.93,2.48,18.36,0.22
US-Oho,-83.8438,41.5545,2022,8,26,28.28,18.3,16.72,3.24,11.4,0.06
US-Oho,-83.8438,41.5545,2022,8,27,28.95,16.11,13.79,2.6,24.19,0
US-Oho,-83.8438,41.5545,2022,8,28,32.57,14.71,16.87,3.67,22.97,0.28
US-Oho,-83.8438,41.5545,2022,8,29,30.45,21.8,21.41,5.89,16.47,4.54
US-Oho,-83.8438,41.5545,2022,8,30,27.23,15.66,16.54,5.16,19.84,12.81
US-Oho,-83.8438,41.5545,2022,8,31,28.49,14.31,12.98,4.68,23.6,0
US-Oho,-83.8438,41.5545,2022,9,1,30.46,15.61,14.4,1.98,23.28,0
US-Oho,-83.8438,41.5545,2022,9,2,30.82,17.4,15.04,2.71,18.63,0
US-Oho,-83.8438,41.5545,2022,9,3,29.05,18.69,16.64,2.59,18.93,0.05
US-Oho,-83.8438,41.5545,2022,9,4,26.13,18.71,17.88,2.77,5.45,8.7
US-Oho,-83.8438,41.5545,2022,9,5,25.99,17.04,17.23,4.03,6.7,0.36
US-Oho,-83.8438,41.5545,2022,9,6,27.55,16.57,15.39,3.35,12.79,0.01
US-Oho,-83.8438,41.5545,2022,9,7,27.56,14.4,12.01,3.16,22.77,0.01
US-Oho,-83.8438,41.5545,2022,9,8,28.35,13.65,10.03,2.43,22.89,0.01
US-Oho,-83.8438,41.5545,2022,9,9,30.07,12.84,13.8,2.49,22.3,0
US-Oho,-83.8438,41.5545,2022,9,10,30.9,18.76,16.7,3.83,18.06,0.88
US-Oho,-83.8438,41.5545,2022,9,11,27.31,18.12,17.96,3.88,10.6,8.34
US-Oho,-83.8438,41.5545,2022,9,12,21.83,13.91,11.71,4.57,13.63,2.74
US-Oho,-83.8438,41.5545,2022,9,13,24.06,11.7,12.2,3.56,18.44,1.14
US-Oho,-83.8438,41.5545,2022,9,14,28.51,13,13.76,2.6,18.66,0.05
US-Oho,-83.8438,41.5545,2022,9,15,27.29,15,13.45,2.37,15.69,0
US-Oho,-83.8438,41.5545,2022,9,16,27.69,13.38,13.44,2.3,15.68,0
US-Oho,-83.8438,41.5545,2022,9,17,29.74,14.79,14.67,3.87,16.13,0.13
US-Oho,-83.8438,41.5545,2022,9,18,27.55,17.23,16.52,4.66,14.57,3.2
US-Oho,-83.8438,41.5545,2022,9,19,29.73,15.84,15.01,3.54,17.03,3.67
US-Oho,-83.8438,41.5545,2022,9,20,28.03,14.58,12.34,2.46,14.24,4.76
US-Oho,-83.8438,41.5545,2022,9,21,32.4,16.61,17.54,6.03,11.67,11.05
US-Oho,-83.8438,41.5545,2022,9,22,18.77,8.81,6.74,5.94,15.55,0.01
US-Oho,-83.8438,41.5545,2022,9,23,19.93,5.29,4.38,2.04,19.46,0
US-Oho,-83.8438,41.5545,2022,9,24,22.71,10.11,8.61,3.72,9.99,1.12
US-Oho,-83.8438,41.5545,2022,9,25,20.73,13.01,12.85,4.84,8.57,7.47
US-Oho,-83.8438,41.5545,2022,9,26,16.71,10.3,9.16,7.24,13.12,1.74
US-Oho,-83.8438,41.5545,2022,9,27,15.16,7.51,6.64,4.98,13.02,0.68
US-Oho,-83.8438,41.5545,2022,9,28,17.21,7.41,6.41,4.06,11.47,0.05
US-Oho,-83.8438,41.5545,2022,9,29,18.65,6.18,6.49,2.85,13.07,0
US-Oho,-83.8438,41.5545,2022,9,30,20.18,5.92,5.84,3.7,18.15,0
US-Oho,-83.8438,41.5545,2022,10,1,21.07,9.71,6.61,6.08,14.71,0
US-Oho,-83.8438,41.5545,2022,10,2,19.45,7.38,6.11,6.02,16.78,0
US-Oho,-83.8438,41.5545,2022,10,3,19.71,5.36,5.09,3.34,18.79,0
US-Oho,-83.8438,41.5545,2022,10,4,22.65,5.51,2.3,1.91,17.86,0
US-Oho,-83.8438,41.5545,2022,10,5,24.72,6.97,3.49,2.33,16.7,0
US-Oho,-83.8438,41.5545,2022,10,6,24.69,10.72,5.97,4.46,14.97,0.28
US-Oho,-83.8438,41.5545,2022,10,7,12.67,3.43,2.51,4.81,9.58,0.58
US-Oho,-83.8438,41.5545,2022,10,8,14.18,-0.46,-0.78,4.3,15.44,0.01
US-Oho,-83.8438,41.5545,2022,10,9,19,2.1,0.69,4.98,16.57,0.01
US-Oho,-83.8438,41.5545,2022,10,10,22.18,5.01,4.97,2.48,16.18,0.02
US-Oho,-83.8438,41.5545,2022,10,11,25.09,8.09,6.14,5.92,14.04,0.18
US-Oho,-83.8438,41.5545,2022,10,12,24.32,11.88,9.86,6.63,6.92,1.67
US-Oho,-83.8438,41.5545,2022,10,13,15.97,3.87,1.88,5.78,12.23,0.23
US-Oho,-83.8438,41.5545,2022,10,14,15.86,0.7,-2.95,5.96,16.05,0.2
US-Oho,-83.8438,41.5545,2022,10,15,13.49,4.67,0.74,5.54,13.38,0.6
US-Oho,-83.8438,41.5545,2022,10,16,18.22,3.21,2.27,4.39,14.13,0.12
US-Oho,-83.8438,41.5545,2022,10,17,7.12,2.85,1.78,7.79,6,1.72
US-Oho,-83.8438,41.5545,2022,10,18,7.48,2.24,0.75,8.21,5.08,2.58
US-Oho,-83.8438,41.5545,2022,10,19,10.07,0.16,0.03,6.43,7.41,0.84
US-Oho,-83.8438,41.5545,2022,10,20,11.33,-0.07,-5.76,5.64,5.07,0.06
US-Oho,-83.8438,41.5545,2022,10,21,21.34,2.58,0.33,6.92,12.94,0
US-Oho,-83.8438,41.5545,2022,10,22,24.53,7.26,7.32,5.8,13.92,0
US-Oho,-83.8438,41.5545,2022,10,23,24.66,10.47,9.33,4.39,12.2,0
US-Oho,-83.8438,41.5545,2022,10,24,24.48,9.27,6.33,4.24,12.42,0
US-Oho,-83.8438,41.5545,2022,10,25,25.31,9.76,9.01,5.31,9.35,1.94
US-Oho,-83.8438,41.5545,2022,10,26,13.54,2.68,6.62,5.58,3.65,4.67
US-Oho,-83.8438,41.5545,2022,10,27,12.63,0.09,0.87,3.49,13.86,0
US-Oho,-83.8438,41.5545,2022,10,28,16.37,3.83,2.64,3.25,11.98,0
US-Oho,-83.8438,41.5545,2022,10,29,18.38,1.85,1.77,2.35,13.59,0
US-Oho,-83.8438,41.5545,2022,10,30,17.14,4.15,6.91,2.41,6.1,2.25
US-Oho,-83.8438,41.5545,2022,10,31,19.94,11.13,12.88,3.81,4.14,4.76
US-Oho,-83.8438,41.5545,2022,11,1,20.69,9.31,8.32,3.28,9.83,0.19
US-Oho,-83.8438,41.5545,2022,11,2,19.92,7.61,4.96,1.77,10.92,0
US-Oho,-83.8438,41.5545,2022,11,3,21.21,6.41,9.29,3.7,11.64,0.01
US-Oho,-83.8438,41.5545,2022,11,4,22.36,10.26,10.91,7.18,10.09,0.01
US-Oho,-83.8438,41.5545,2022,11,5,22.09,9.94,11.19,9.7,5.15,0.56
US-Oho,-83.8438,41.5545,2022,11,6,19.25,8.22,4.74,4.76,11.74,0
US-Oho,-83.8438,41.5545,2022,11,7,16,4.55,0.23,4.31,12.45,0
US-Oho,-83.8438,41.5545,2022,11,8,13.14,4.52,2.89,4.66,11.31,0.06
US-Oho,-83.8438,41.5545,2022,11,9,20.28,2.72,1.15,4.36,10.93,0
US-Oho,-83.8438,41.5545,2022,11,10,23.21,7.5,4.15,5.06,11.11,0
US-Oho,-83.8438,41.5545,2022,11,11,15.72,3.54,6.43,4.06,3.68,1.63
US-Oho,-83.8438,41.5545,2022,11,12,4.28,-0.21,-1.63,4.58,2.36,3.28
US-Oho,-83.8438,41.5545,2022,11,13,4.09,-2.39,-4.07,4.11,5.75,0.04
US-Oho,-83.8438,41.5545,2022,11,14,5.74,-3.72,-5.79,2.23,4.22,0.01
US-Oho,-83.8438,41.5545,2022,11,15,6.22,-0.54,-1.73,3.63,3.5,1.71
US-Oho,-83.8438,41.5545,2022,11,16,3.94,-0.93,-1.89,6.48,2.31,0.55
US-Oho,-83.8438,41.5545,2022,11,17,2.33,-2.23,-4.57,7,4.02,0.07
US-Oho,-83.8438,41.5545,2022,11,18,-0.6,-5.78,-7.75,8.3,5.18,0.03
US-Oho,-83.8438,41.5545,2022,11,19,-0.28,-5.89,-11.68,9.26,8.1,0.29
US-Oho,-83.8438,41.5545,2022,11,20,-1.25,-5.34,-12.76,6.35,9.28,0.08
US-Oho,-83.8438,41.5545,2022,11,21,7.68,-6.04,-8.24,6.8,10.51,0
US-Oho,-83.8438,41.5545,2022,11,22,10.13,-2.4,-2.44,4.1,9.63,0
US-Oho,-83.8438,41.5545,2022,11,23,12.46,-2.23,-0.79,3.53,9.96,0
US-Oho,-83.8438,41.5545,2022,11,24,11.52,-1.34,-0.69,3.58,7.97,1.09
US-Oho,-83.8438,41.5545,2022,11,25,11.24,-1.07,0.5,5.04,9.33,0.07
US-Oho,-83.8438,41.5545,2022,11,26,12.23,-1.96,-1.77,4.44,9.95,0.01
US-Oho,-83.8438,41.5545,2022,11,27,9.8,1.73,3.36,4.37,3.9,30.16
US-Oho,-83.8438,41.5545,2022,11,28,7.35,-1.88,-1.47,2.4,5.19,0.02
US-Oho,-83.8438,41.5545,2022,11,29,12.49,0.76,4.2,6.76,5.71,0.25
US-Oho,-83.8438,41.5545,2022,11,30,11.59,-4.07,-4.56,10.73,3.96,3.52
US-Oho,-83.8438,41.5545,2022,12,1,2.46,-6.09,-7.48,4.74,8.67,0
US-Oho,-83.8438,41.5545,2022,12,2,9.81,-3.67,-1.75,7.75,1.79,0.13
US-Oho,-83.8438,41.5545,2022,12,3,10.32,-5.32,-2.26,8.33,4.66,0.5
US-Oho,-83.8438,41.5545,2022,12,4,3.4,-6.74,-9.61,5.09,9.56,0
US-Oho,-83.8438,41.5545,2022,12,5,7.27,-4.08,-5.66,4.74,6.6,0.01
US-Oho,-83.8438,41.5545,2022,12,6,9.75,1.53,3.36,1.65,2.86,0.21
US-Oho,-83.8438,41.5545,2022,12,7,10.85,1.09,3.45,3.02,2.84,0.07
US-Oho,-83.8438,41.5545,2022,12,8,7.4,-1.48,-0.6,3.3,3.59,0
US-Oho,-83.8438,41.5545,2022,12,9,5.63,-1.82,-0.09,5.62,4.21,1.98
US-Oho,-83.8438,41.5545,2022,12,10,3.62,-0.94,-0.39,2.76,3.17,0.18
US-Oho,-83.8438,41.5545,2022,12,11,6.5,-1.7,0.11,2.74,2.4,0.15
US-Oho,-83.8438,41.5545,2022,12,12,4.1,-3.16,-2.51,2.99,2.86,0
US-Oho,-83.8438,41.5545,2022,12,13,3.55,-2.87,-3.36,4.48,5.53,0
US-Oho,-83.8438,41.5545,2022,12,14,3.69,-0.55,-2.7,7.29,3.95,3.32
US-Oho,-83.8438,41.5545,2022,12,15,6.76,-0.19,0.9,5.3,3.97,8.01
US-Oho,-83.8438,41.5545,2022,12,16,2.5,-3.73,-3.94,5.37,2.12,0.44
US-Oho,-83.8438,41.5545,2022,12,17,-0.32,-3.83,-6.82,6.48,2.95,0.04
US-Oho,-83.8438,41.5545,2022,12,18,-0.77,-4.78,-8.11,7.01,4.2,0.01
US-Oho,-83.8438,41.5545,2022,12,19,-0.42,-5.84,-7.15,3.3,2.06,0
US-Oho,-83.8438,41.5545,2022,12,20,1.49,-6.31,-6.82,2.24,7.15,0
US-Oho,-83.8438,41.5545,2022,12,21,1.5,-6.34,-4.61,3.24,5.54,0.01
US-Oho,-83.8438,41.5545,2022,12,22,3.9,-4.2,-0.75,4.44,2.36,3.16
US-Oho,-83.8438,41.5545,2022,12,23,-6.56,-18.25,-19.79,15.21,3.46,2.16
US-Oho,-83.8438,41.5545,2022,12,24,-10.03,-17.5,-17.15,12.57,3.37,0.26
US-Oho,-83.8438,41.5545,2022,12,25,-9.74,-14.33,-14.84,7.99,3.82,0.02
US-Oho,-83.8438,41.5545,2022,12,26,-4.76,-14.3,-12.06,3.58,3.61,0.02
US-Oho,-83.8438,41.5545,2022,12,27,-2.79,-10.68,-7.61,4.78,3.35,0.01
US-Oho,-83.8438,41.5545,2022,12,28,6.03,-3.22,-1.96,7.97,5.74,0
US-Oho,-83.8438,41.5545,2022,12,29,10.14,1.75,5.45,8.11,3.88,0.03
US-Oho,-83.8438,41.5545,2022,12,30,12.85,7.38,9.16,5.8,2.81,9.57
US-Oho,-83.8438,41.5545,2022,12,31,7.71,-1.3,2.53,2.73,2.44,9.14
US-Oho,-83.8438,41.5545,2023,1,1,5.9,-0.72,3.04,3.51,2.38,0.87
US-Oho,-83.8438,41.5545,2023,1,2,5.91,1.75,3.55,3.01,3.74,0.38
US-Oho,-83.8438,41.5545,2023,1,3,13.55,5.21,10.17,3.64,3.32,14.69
US-Oho,-83.8438,41.5545,2023,1,4,12.74,-1.82,5.7,5.16,4.67,0.84
US-Oho,-83.8438,41.5545,2023,1,5,5.13,-3.28,-1.35,4.65,5.24,0.81
US-Oho,-83.8438,41.5545,2023,1,6,2.98,-3.92,-2.76,4.49,4.22,0.11
US-Oho,-83.8438,41.5545,2023,1,7,3.33,-4.35,-4.17,2.64,2.49,0.01
US-Oho,-83.8438,41.5545,2023,1,8,2.89,-3.56,-4.33,1.92,5.4,0
US-Oho,-83.8438,41.5545,2023,1,9,3.26,-2.57,-4.52,4.66,8.44,0
US-Oho,-83.8438,41.5545,2023,1,10,5.44,-1.87,-0.71,2.93,4.38,0.31
US-Oho,-83.8438,41.5545,2023,1,11,6.48,-0.2,1.9,3.9,5.72,0.21
US-Oho,-83.8438,41.5545,2023,1,12,3.55,-0.76,1.5,5.71,1.5,4.41
US-Oho,-83.8438,41.5545,2023,1,13,0.06,-4.22,-5.47,6.84,3.16,0.07
US-Oho,-83.8438,41.5545,2023,1,14,-1.45,-7.32,-9.8,3.3,10.06,0
US-Oho,-83.8438,41.5545,2023,1,15,2.6,-7.27,-7.53,3.35,8.48,0
US-Oho,-83.8438,41.5545,2023,1,16,2.82,-4.77,-3.1,4.99,5.57,7.8
US-Oho,-83.8438,41.5545,2023,1,17,6.82,-0.14,2.81,6.83,4.13,0.65
US-Oho,-83.8438,41.5545,2023,1,18,5.83,-0.74,-0.13,4.31,3.37,3.22
US-Oho,-83.8438,41.5545,2023,1,19,10.95,0.66,2.33,7.04,7.68,17.3
US-Oho,-83.8438,41.5545,2023,1,20,3.45,-2.7,-2.23,7.19,5.04,0.24
US-Oho,-83.8438,41.5545,2023,1,21,2.91,-4.21,-4.5,2.89,2.54,0.12
US-Oho,-83.8438,41.5545,2023,1,22,1.25,-3.62,-3.34,2.1,3.65,2.48
US-Oho,-83.8438,41.5545,2023,1,23,2.55,-4.22,-4.32,5.59,3.58,0.28
US-Oho,-83.8438,41.5545,2023,1,24,3.97,-3.52,-2.8,3.61,7.07,0.03
US-Oho,-83.8438,41.5545,2023,1,25,2.02,-1.47,-1.01,5.7,2.87,12.08
US-Oho,-83.8438,41.5545,2023,1,26,0.8,-5.76,-3.69,6.31,4.94,0.87
US-Oho,-83.8438,41.5545,2023,1,27,1.4,-7.61,-5.87,8.74,6.2,0.69
US-Oho,-83.8438,41.5545,2023,1,28,1.3,-5.61,-4.21,3.78,4.97,0.17
US-Oho,-83.8438,41.5545,2023,1,29,2.1,-2.72,-1.06,4.63,4.62,0.88
US-Oho,-83.8438,41.5545,2023,1,30,-1.07,-11.98,-7.64,4.71,4.47,0.78
US-Oho,-83.8438,41.5545,2023,1,31,-5.83,-13.98,-13.94,2.69,9.98,0
US-Oho,-83.8438,41.5545,2023,2,1,-2.71,-14.96,-12.2,4.03,12.43,0
US-Oho,-83.8438,41.5545,2023,2,2,3.2,-9.44,-8.65,7.58,11.55,0
US-Oho,-83.8438,41.5545,2023,2,3,-8.42,-13.66,-16.3,5.24,12.49,0
US-Oho,-83.8438,41.5545,2023,2,4,2.5,-11.33,-8.97,7.66,11.61,0
US-Oho,-83.8438,41.5545,2023,2,5,5.16,-2.58,-0.48,6.99,4.59,0.02
US-Oho,-83.8438,41.5545,2023,2,6,2.57,-4.74,-5.05,3.67,5.68,0
US-Oho,-83.8438,41.5545,2023,2,7,11.07,-2.44,0.82,7.31,7.48,0
US-Oho,-83.8438,41.5545,2023,2,8,6.3,-2.5,-1.56,2.7,10.35,1.84
US-Oho,-83.8438,41.5545,2023,2,9,16.27,1.31,5.08,9.85,4.94,21.71
US-Oho,-83.8438,41.5545,2023,2,10,6.73,-5.27,-3.07,6.8,6.59,0.14
US-Oho,-83.8438,41.5545,2023,2,11,4.7,-5.32,-6.4,2.56,14.25,0
US-Oho,-83.8438,41.5545,2023,2,12,10,-3.03,-5.12,3.1,14.27,0
US-Oho,-83.8438,41.5545,2023,2,13,10.41,-2.54,-2.8,6.07,13.78,0
US-Oho,-83.8438,41.5545,2023,2,14,10.71,-2.79,-0.54,5.63,10.12,0.01
US-Oho,-83.8438,41.5545,2023,2,15,14.15,-0.28,4.77,10.5,13.28,0.27
US-Oho,-83.8438,41.5545,2023,2,16,5.05,-1.62,0.52,4.93,4.76,2.89
US-Oho,-83.8438,41.5545,2023,2,17,-1.33,-5.66,-8.38,6.65,5.89,0.03
US-Oho,-83.8438,41.5545,2023,2,18,7.65,-5.76,-5.46,7.42,13.9,0
US-Oho,-83.8438,41.5545,2023,2,19,11.32,-0.18,-0.51,7.61,13.06,0
US-Oho,-83.8438,41.5545,2023,2,20,7.98,-1.73,-1.69,2.86,13.05,0
US-Oho,-83.8438,41.5545,2023,2,21,3.67,-1.93,-3.88,6.25,13.73,0.04
US-Oho,-83.8438,41.5545,2023,2,22,5.02,-1.73,-0.58,6.67,2.58,38.29
US-Oho,-83.8438,41.5545,2023,2,23,10.79,-3.81,-0.87,6.14,10.3,0.39
US-Oho,-83.8438,41.5545,2023,2,24,0.37,-5.74,-8.05,5.04,12.1,0.13
US-Oho,-83.8438,41.5545,2023,2,25,4.99,-4.89,-4.17,3.41,12.46,0.47
US-Oho,-83.8438,41.5545,2023,2,26,9.34,-3.09,-2.39,5.14,16.53,0.15
US-Oho,-83.8438,41.5545,2023,2,27,12.1,-1.75,2.98,7.36,2.81,29.07
US-Oho,-83.8438,41.5545,2023,2,28,9.31,0.34,0.3,5.7,9.72,0.1
US-Oho,-83.8438,41.5545,2023,3,1,14.85,0.26,4.52,3.7,15.38,0.12
US-Oho,-83.8438,41.5545,2023,3,2,8.64,-0.43,1.5,4.41,7.3,0.03
US-Oho,-83.8438,41.5545,2023,3,3,3.44,-0.74,0.1,9.34,3.46,30.44
US-Oho,-83.8438,41.5545,2023,3,4,5.09,-4.93,-1.15,5.14,17.08,0.13
US-Oho,-83.8438,41.5545,2023,3,5,9.35,-1.29,-0.63,3.61,17.39,0.06
US-Oho,-83.8438,41.5545,2023,3,6,9.44,-0.4,1.03,5.8,8.96,5.06
US-Oho,-83.8438,41.5545,2023,3,7,6.46,-3.76,-4.03,5.63,18.03,0.04
US-Oho,-83.8438,41.5545,2023,3,8,6.88,-4,-4.17,4.84,18.15,0
US-Oho,-83.8438,41.5545,2023,3,9,6.99,-3.28,-2.15,4.79,17.52,2.64
US-Oho,-83.8438,41.5545,2023,3,10,3.14,-3.04,-1.41,5.76,5.29,4
US-Oho,-83.8438,41.5545,2023,3,11,4.95,-4.52,-3.43,3.42,13.35,0.09
US-Oho,-83.8438,41.5545,2023,3,12,3.7,-2.68,-2.98,3.09,6.2,1.02
US-Oho,-83.8438,41.5545,2023,3,13,1.81,-4.94,-4.19,4.88,8.02,1.27
US-Oho,-83.8438,41.5545,2023,3,14,1.95,-5.7,-7.38,6.12,16.62,0.01
US-Oho,-83.8438,41.5545,2023,3,15,7.41,-5.46,-5.06,3.39,20.4,0
US-Oho,-83.8438,41.5545,2023,3,16,12.87,-0.04,1.41,7.18,11.69,1.44
US-Oho,-83.8438,41.5545,2023,3,17,9.84,-2.36,0.13,9.65,7.44,1.36
US-Oho,-83.8438,41.5545,2023,3,18,-3.49,-6.17,-10.1,9.17,12.48,0.26
US-Oho,-83.8438,41.5545,2023,3,19,3.47,-4.85,-7.16,6.32,19.16,0.01
US-Oho,-83.8438,41.5545,2023,3,20,8.3,-3.92,-5.07,7.17,20.87,0
US-Oho,-83.8438,41.5545,2023,3,21,12.01,-2.74,-0.8,4.22,17.46,0.29
US-Oho,-83.8438,41.5545,2023,3,22,10.54,1.65,5.74,5.43,4.68,3.16
US-Oho,-83.8438,41.5545,2023,3,23,11.11,3.58,6.5,3.86,3.82,11.01
US-Oho,-83.8438,41.5545,2023,3,24,4.88,0.8,-1.69,5.56,11.16,2.95
US-Oho,-83.8438,41.5545,2023,3,25,12.19,-0.4,1.43,10.81,7.79,8.46
US-Oho,-83.8438,41.5545,2023,3,26,13.75,-2.91,1.77,3.75,17.93,0.33
US-Oho,-83.8438,41.5545,2023,3,27,9.02,1.95,2.83,3.06,5.01,1.11
US-Oho,-83.8438,41.5545,2023,3,28,8.07,-2.07,-1.2,2.62,14.99,0
US-Oho,-83.8438,41.5545,2023,3,29,8.27,-5.28,-3.36,6.35,12.66,0.09
US-Oho,-83.8438,41.5545,2023,3,30,9.66,-5.51,-3.76,3.08,22.35,0.02
US-Oho,-83.8438,41.5545,2023,3,31,16.09,4.3,9.48,9.12,4.17,16.41
US-Oho,-83.8438,41.5545,2023,4,1,15.75,-1.79,3.53,7.71,8.87,1.97
US-Oho,-83.8438,41.5545,2023,4,2,9.93,-3.02,-1.85,3.32,20.52,0
US-Oho,-83.8438,41.5545,2023,4,3,17.95,2.02,7.3,4.29,16.88,0.64
US-Oho,-83.8438,41.5545,2023,4,4,19.02,6.93,11.49,5.2,12.1,0.13
US-Oho,-83.8438,41.5545,2023,4,5,24.36,7.25,15.67,9.03,6.33,8.02
US-Oho,-83.8438,41.5545,2023,4,6,12.17,1.4,0,4.96,16.1,0
US-Oho,-83.8438,41.5545,2023,4,7,11.14,-1.02,-2.04,4.17,22.92,0
US-Oho,-83.8438,41.5545,2023,4,8,13.42,-1.82,-1.48,3.8,23.54,0
US-Oho,-83.8438,41.5545,2023,4,9,16.68,-0.69,0.1,3.01,24.68,0
US-Oho,-83.8438,41.5545,2023,4,10,19.22,0.48,2.2,2.89,23.37,0
US-Oho,-83.8438,41.5545,2023,4,11,22.5,4.95,6.49,5.52,23.4,0.01
US-Oho,-83.8438,41.5545,2023,4,12,24.93,10.12,11.04,7.05,24.75,0
US-Oho,-83.8438,41.5545,2023,4,13,25.73,9.04,9.8,4.47,25.3,0
US-Oho,-83.8438,41.5545,2023,4,14,25.13,12.25,9.82,2.62,21.08,0
US-Oho,-83.8438,41.5545,2023,4,15,27.1,12.53,14.07,2.77,20.86,0.22
US-Oho,-83.8438,41.5545,2023,4,16,23.04,4.48,9.34,8.4,8.91,2.86
US-Oho,-83.8438,41.5545,2023,4,17,5.85,0.63,-1.4,8.86,9.5,0.87
US-Oho,-83.8438,41.5545,2023,4,18,11.76,-0.34,-1.05,6.46,16.77,0.01
US-Oho,-83.8438,41.5545,2023,4,19,17.73,-1.57,3.74,3.29,23.01,0
US-Oho,-83.8438,41.5545,2023,4,20,24.92,7.52,11.48,4.58,17.53,0.14
US-Oho,-83.8438,41.5545,2023,4,21,16.04,6.31,8.58,3.6,7.31,4.5
US-Oho,-83.8438,41.5545,2023,4,22,13.51,1.73,3.73,4.74,15.68,0.57
US-Oho,-83.8438,41.5545,2023,4,23,9.21,-0.14,0.56,4.23,12.5,0.84
US-Oho,-83.8438,41.5545,2023,4,24,8.89,-0.4,-1.06,3.24,15.59,0.18
US-Oho,-83.8438,41.5545,2023,4,25,8.25,-0.68,1.35,2.88,9.31,2.42
US-Oho,-83.8438,41.5545,2023,4,26,13.42,-0.99,1.35,2.53,22.32,0
US-Oho,-83.8438,41.5545,2023,4,27,17.02,-0.48,1.43,4.05,23.47,0
US-Oho,-83.8438,41.5545,2023,4,28,13.68,6.35,9.31,5.24,5.5,13.62
US-Oho,-83.8438,41.5545,2023,4,29,18.58,6.86,8.38,4.63,15.59,5.14
US-Oho,-83.8438,41.5545,2023,4,30,12.27,4.01,3.76,4.85,17.32,7.44
US-Oho,-83.8438,41.5545,2023,5,1,8.39,3.17,1.8,8.48,14.42,5.05
US-Oho,-83.8438,41.5545,2023,5,2,7.76,2.35,1.51,8.69,10.21,2.23
US-Oho,-83.8438,41.5545,2023,5,3,13.3,2.3,4.67,6.25,10.54,0.13
US-Oho,-83.8438,41.5545,2023,5,4,17.17,4.97,5.97,2.21,22.02,0
US-Oho,-83.8438,41.5545,2023,5,5,21.52,5.38,6.25,4.09,26.67,0
US-Oho,-83.8438,41.5545,2023,5,6,21.38,6.99,8.72,3.86,18.08,0.01
US-Oho,-83.8438,41.5545,2023,5,7,23.99,13.26,16.41,4.28,18.9,5.28
US-Oho,-83.8438,41.5545,2023,5,8,18.33,9.65,10,3.67,9.8,1.37
US-Oho,-83.8438,41.5545,2023,5,9,20.62,7.92,5.86,4.03,27.43,0.09
US-Oho,-83.8438,41.5545,2023,5,10,24.28,8.51,6.21,1.4,28.46,0
US-Oho,-83.8438,41.5545,2023,5,11,26.29,10.78,9.24,2.46,27.99,0
US-Oho,-83.8438,41.5545,2023,5,12,24.62,12.02,13.83,1.95,12.97,0.11
US-Oho,-83.8438,41.5545,2023,5,13,22.95,12.31,12.77,3.24,9.47,0.81
US-Oho,-83.8438,41.5545,2023,5,14,20.67,9.85,7.06,5.52,21.94,0
US-Oho,-83.8438,41.5545,2023,5,15,22.4,8.21,6.24,2.44,28.05,0
US-Oho,-83.8438,41.5545,2023,5,16,21.38,7.66,7.48,4.09,19.59,0
US-Oho,-83.8438,41.5545,2023,5,17,15.81,4.7,2.48,4.7,29.18,0
US-Oho,-83.8438,41.5545,2023,5,18,19.65,2.86,3.16,3.07,28.1,0
US-Oho,-83.8438,41.5545,2023,5,19,26.41,8.65,11.61,4.91,18.59,11.28
US-Oho,-83.8438,41.5545,2023,5,20,18.17,9.09,9.25,4.79,18.79,2.02
US-Oho,-83.8438,41.5545,2023,5,21,24.43,6.86,8.48,3.44,26.15,0.01
US-Oho,-83.8438,41.5545,2023,5,22,24.94,12.19,9.44,3.39,25.74,0
US-Oho,-83.8438,41.5545,2023,5,23,26.75,9.96,12.53,1.82,24.11,0
US-Oho,-83.8438,41.5545,2023,5,24,22.74,6.83,8.57,5.86,26.36,0
US-Oho,-83.8438,41.5545,2023,5,25,17.53,5.85,3.49,5.36,26.64,0
US-Oho,-83.8438,41.5545,2023,5,26,20.91,5.77,4.88,4.57,31.24,0
US-Oho,-83.8438,41.5545,2023,5,27,24.72,6.55,7.69,3.56,24.25,0
US-Oho,-83.8438,41.5545,2023,5,28,25.94,9.93,9.67,3.13,23.27,0
US-Oho,-83.8438,41.5545,2023,5,29,28.34,10.74,9.62,3.72,28.46,0
US-Oho,-83.8438,41.5545,2023,5,30,30.32,13.09,15.13,2.9,27.73,0
US-Oho,-83.8438,41.5545,2023,5,31,30.4,16.57,15.36,3.24,27.25,0.02
US-Oho,-83.8438,41.5545,2023,6,1,31.08,16.35,10.52,2.9,30.31,0
US-Oho,-83.8438,41.5545,2023,6,2,31.32,15.64,12.83,3.71,28.09,0
US-Oho,-83.8438,41.5545,2023,6,3,30.94,16.26,13.87,4.92,27.4,0.04
US-Oho,-83.8438,41.5545,2023,6,4,25.55,12.08,8.71,5.35,29.5,0
US-Oho,-83.8438,41.5545,2023,6,5,26.4,11.39,7.69,2.31,24.54,0.02
US-Oho,-83.8438,41.5545,2023,6,6,25.14,12.41,11.19,3.94,15.53,0
US-Oho,-83.8438,41.5545,2023,6,7,24.5,9.85,5.68,3.97,26.96,0
US-Oho,-83.8438,41.5545,2023,6,8,24.42,9.13,6.99,3.58,23.75,0
US-Oho,-83.8438,41.5545,2023,6,9,25.57,12.28,8.62,3.04,28.31,0
US-Oho,-83.8438,41.5545,2023,6,10,27.29,11.5,6.78,2.91,26.61,0
US-Oho,-83.8438,41.5545,2023,6,11,23.99,13.05,11.96,3.78,10.6,14.42
US-Oho,-83.8438,41.5545,2023,6,12,19.96,9.36,8.57,5.67,15.98,0.14
US-Oho,-83.8438,41.5545,2023,6,13,21.52,9.17,10.13,5.51,17.99,10.44
US-Oho,-83.8438,41.5545,2023,6,14,24.28,10.08,10.47,3.32,25.29,0.14
US-Oho,-83.8438,41.5545,2023,6,15,25.12,12.07,12.81,3.61,17.16,0.97
US-Oho,-83.8438,41.5545,2023,6,16,24.24,13.24,12.48,4.96,17.15,0.26
US-Oho,-83.8438,41.5545,2023,6,17,27.78,11.42,10.42,2.96,28.26,0
US-Oho,-83.8438,41.5545,2023,6,18,29.45,13.8,9.15,2.44,27.86,0
US-Oho,-83.8438,41.5545,2023,6,19,26.72,15.14,11,4.26,22.84,0.05
US-Oho,-83.8438,41.5545,2023,6,20,30.27,17.19,15.85,5.03,25.27,0
US-Oho,-83.8438,41.5545,2023,6,21,30.42,17.43,14.42,4.66,28.01,0
US-Oho,-83.8438,41.5545,2023,6,22,23.58,17.24,13.82,4.08,16.98,0.39
US-Oho,-83.8438,41.5545,2023,6,23,24.95,16.99,16.87,2.17,8.62,5.77
US-Oho,-83.8438,41.5545,2023,6,24,30.57,16.26,17.09,1.65,23.19,0.19
US-Oho,-83.8438,41.5545,2023,6,25,29.81,17.91,18.21,4.76,17.98,12.85
US-Oho,-83.8438,41.5545,2023,6,26,26.2,16.32,16.84,6.37,15.35,10.42
US-Oho,-83.8438,41.5545,2023,6,27,25.98,15.59,15.83,4.92,9.44,0.21
US-Oho,-83.8438,41.5545,2023,6,28,27.19,15.61,13.25,1.67,21.07,0
US-Oho,-83.8438,41.5545,2023,6,29,31.47,14.92,15.17,3.69,20.52,0.03
US-Oho,-83.8438,41.5545,2023,6,30,32.94,18.69,18,1.89,22.43,0.51
US-Oho,-83.8438,41.5545,2023,7,1,27.71,22.03,21.51,1.98,14.32,5.95
US-Oho,-83.8438,41.5545,2023,7,2,28.88,20.76,20.89,2.56,16.25,15.56
US-Oho,-83.8438,41.5545,2023,7,3,28.67,19.06,19.79,2.11,21.63,1.63
US-Oho,-83.8438,41.5545,2023,7,4,32.43,19.65,18.6,1.52,28.17,0.04
US-Oho,-83.8438,41.5545,2023,7,5,33.65,19.79,17.86,2.64,26.83,0.42
US-Oho,-83.8438,41.5545,2023,7,6,29.69,21.48,19.9,3.25,20.32,0.49
US-Oho,-83.8438,41.5545,2023,7,7,29.73,19.4,16.14,2.09,28.04,0.01
US-Oho,-83.8438,41.5545,2023,7,8,27.3,17.95,16.69,3.71,13.13,4.88
US-Oho,-83.8438,41.5545,2023,7,9,26.9,15.73,14.02,2.7,19.42,0.18
US-Oho,-83.8438,41.5545,2023,7,10,31.2,17,12.29,2.59,28.76,0
US-Oho,-83.8438,41.5545,2023,7,11,32.5,16.76,15.85,4.4,25.88,1.59
US-Oho,-83.8438,41.5545,2023,7,12,24.74,19.31,18.76,3.4,16.62,8.83
US-Oho,-83.8438,41.5545,2023,7,13,29.12,18.9,15.98,3.42,17.51,0.12
US-Oho,-83.8438,41.5545,2023,7,14,31.18,18.29,16.94,2.51,27.43,5.52
US-Oho,-83.8438,41.5545,2023,7,15,25.38,19.17,19.35,2.22,7.25,13.28
US-Oho,-83.8438,41.5545,2023,7,16,28.77,18.03,16.75,3.86,19.96,0.04
US-Oho,-83.8438,41.5545,2023,7,17,28.83,16.97,14.72,3.95,19.18,0.2
US-Oho,-83.8438,41.5545,2023,7,18,28.49,14.45,11.39,1.54,25.15,0.06
US-Oho,-83.8438,41.5545,2023,7,19,30.71,16.83,13.01,1.26,27.22,0
US-Oho,-83.8438,41.5545,2023,7,20,31.86,18.73,17.76,5.02,19.68,5.34
US-Oho,-83.8438,41.5545,2023,7,21,28.99,16.87,14.25,3.59,22.73,0.01
US-Oho,-83.8438,41.5545,2023,7,22,30.33,16.65,12.83,1.7,25.05,0.48
US-Oho,-83.8438,41.5545,2023,7,23,29.86,16.95,13.49,2.69,17.64,2.55
US-Oho,-83.8438,41.5545,2023,7,24,31.21,16.57,14.38,1.41,24.49,0.16
US-Oho,-83.8438,41.5545,2023,7,25,32.3,18.15,14.84,1.95,25.23,0.03
US-Oho,-83.8438,41.5545,2023,7,26,33.31,19.6,20.05,5.32,15.57,29.65
US-Oho,-83.8438,41.5545,2023,7,27,31.29,21.57,20.49,2.44,24.66,0.51
US-Oho,-83.8438,41.5545,2023,7,28,32.47,21.21,22.64,2.64,18.02,9.62
US-Oho,-83.8438,41.5545,2023,7,29,28.85,20.63,19.96,4.13,19.96,9.83
US-Oho,-83.8438,41.5545,2023,7,30,28.01,16.92,15.93,2.98,23.91,0.08
US-Oho,-83.8438,41.5545,2023,7,31,27.48,14.71,12.21,2.3,24.56,0.01
US-Oho,-83.8438,41.5545,2023,8,1,28.2,16.61,13.36,1.66,19.26,0
US-Oho,-83.8438,41.5545,2023,8,2,29.77,16.2,13.69,2.14,19.75,0
US-Oho,-83.8438,41.5545,2023,8,3,31.18,17.73,13.81,1.74,25.72,0
US-Oho,-83.8438,41.5545,2023,8,4,31.92,17.82,14.75,3.13,26.11,0.04
US-Oho,-83.8438,41.5545,2023,8,5,28.55,18.24,15.72,3.77,19.29,2.53
US-Oho,-83.8438,41.5545,2023,8,6,28.89,18.96,19.11,4.94,11.64,7.3
US-Oho,-83.8438,41.5545,2023,8,7,22.76,17.47,17.5,3.36,8.73,4.34
US-Oho,-83.8438,41.5545,2023,8,8,28.8,17.14,14.48,3.8,22.23,0.02
US-Oho,-83.8438,41.5545,2023,8,9,29.65,15.71,15.93,2.88,20.56,1.77
US-Oho,-83.8438,41.5545,2023,8,10,29.05,16.14,15.01,4.02,23.12,0.62
US-Oho,-83.8438,41.5545,2023,8,11,28.53,16.22,17.06,2.71,17.22,6.82
US-Oho,-83.8438,41.5545,2023,8,12,32.5,18.23,18.18,4.72,19.91,2.04
US-Oho,-83.8438,41.5545,2023,8,13,30.76,17.52,14.96,3.38,21.85,0.01
US-Oho,-83.8438,41.5545,2023,8,14,28.21,18.02,18.46,3.42,8.92,8.87
US-Oho,-83.8438,41.5545,2023,8,15,25.6,17.24,17,4.38,9.8,4.19
US-Oho,-83.8438,41.5545,2023,8,16,29.03,14.82,13.88,2.39,24.76,0.04
US-Oho,-83.8438,41.5545,2023,8,17,27.24,15.62,14.88,6.37,13.19,9.2
US-Oho,-83.8438,41.5545,2023,8,18,24.99,12.26,10.58,4.29,25.1,0.03
US-Oho,-83.8438,41.5545,2023,8,19,26.11,12.56,9.01,2.5,24.25,0
US-Oho,-83.8438,41.5545,2023,8,20,32.57,16.62,15.78,2.53,22.35,0
US-Oho,-83.8438,41.5545,2023,8,21,32.69,19.93,19.32,3.06,19.34,0
US-Oho,-83.8438,41.5545,2023,8,22,28.23,16.58,11.63,3.65,20.19,0
US-Oho,-83.8438,41.5545,2023,8,23,32.44,15.49,18.27,4.57,16.87,25.43
US-Oho,-83.8438,41.5545,2023,8,24,29.52,23.48,24.33,5.6,18.92,31.06
US-Oho,-83.8438,41.5545,2023,8,25,28.04,20.6,21.59,2.91,8.4,2.77
US-Oho,-83.8438,41.5545,2023,8,26,27.39,15.83,18.47,3.06,17.06,0.16
US-Oho,-83.8438,41.5545,2023,8,27,24.61,13.1,13.36,3.83,21.56,0
US-Oho,-83.8438,41.5545,2023,8,28,24.81,11.81,9.37,2.93,24.68,0
US-Oho,-83.8438,41.5545,2023,8,29,28.03,12.91,12.49,2.81,23.37,1.19
US-Oho,-83.8438,41.5545,2023,8,30,22.82,12.07,10.61,4.31,18.5,0.03
US-Oho,-83.8438,41.5545,2023,8,31,24.28,9.81,9.31,3.51,24.67,0
US-Oho,-83.8438,41.5545,2023,9,1,27.56,10.47,11.29,2.27,24.41,0
US-Oho,-83.8438,41.5545,2023,9,2,31.24,12.84,12.87,3.71,22.33,0
US-Oho,-83.8438,41.5545,2023,9,3,32.9,17.35,16.2,4.68,22.48,0
US-Oho,-83.8438,41.5545,2023,9,4,33.44,19.77,18.31,3.72,21.72,0
US-Oho,-83.8438,41.5545,2023,9,5,34.14,20.63,18.54,3.19,21.11,0.47
US-Oho,-83.8438,41.5545,2023,9,6,27.81,19.75,20.7,4.75,8.74,9.43
US-Oho,-83.8438,41.5545,2023,9,7,26.98,17.12,18.55,3.09,9.37,4.95
US-Oho,-83.8438,41.5545,2023,9,8,23.6,15.95,15.78,2.72,8.04,0.88
US-Oho,-83.8438,41.5545,2023,9,9,24.95,14.53,13.8,2.86,8.5,0.09
US-Oho,-83.8438,41.5545,2023,9,10,25.66,14.51,13.76,2.08,16.83,0
US-Oho,-83.8438,41.5545,2023,9,11,25.65,13.7,13.67,1.47,15.1,1.37
US-Oho,-83.8438,41.5545,2023,9,12,23.38,13.14,14.12,3.02,14.89,3.22
US-Oho,-83.8438,41.5545,2023,9,13,22.2,10.61,9.34,2.86,18.97,0.25
US-Oho,-83.8438,41.5545,2023,9,14,23.42,9.77,9.17,2.34,19.03,0
US-Oho,-83.8438,41.5545,2023,9,15,23.76,9.35,8.04,2.52,20.99,0
US-Oho,-83.8438,41.5545,2023,9,16,21.79,9.48,7.83,1.38,15.98,0.01
US-Oho,-83.8438,41.5545,2023,9,17,25.17,13.36,10.1,2.08,15.02,0.11
US-Oho,-83.8438,41.5545,2023,9,18,22.74,10.7,10.14,3.32,16.94,0.14
US-Oho,-83.8438,41.5545,2023,9,19,22.27,9.11,9.62,2.08,15.41,0.01
US-Oho,-83.8438,41.5545,2023,9,20,27.85,12.39,10.33,2.6,15.85,0.08
US-Oho,-83.8438,41.5545,2023,9,21,29.27,14.97,10.98,2.25,17.92,0
US-Oho,-83.8438,41.5545,2023,9,22,26.91,14.54,12.67,3.16,18.41,0
US-Oho,-83.8438,41.5545,2023,9,23,24.24,10.64,9.71,4.22,19.44,0
US-Oho,-83.8438,41.5545,2023,9,24,25.67,12.31,13.31,4.02,17.09,0.03
US-Oho,-83.8438,41.5545,2023,9,25,23.51,16.06,15.54,3.13,5.46,0.34
US-Oho,-83.8438,41.5545,2023,9,26,23.4,14.86,15.07,3.37,6.9,0.85
US-Oho,-83.8438,41.5545,2023,9,27,22.27,14.45,15.11,3.96,5.09,11.07
US-Oho,-83.8438,41.5545,2023,9,28,22.41,15.26,15.61,3.57,4.8,1.5
US-Oho,-83.8438,41.5545,2023,9,29,25.38,14.82,15.16,1.67,8.34,0.1
US-Oho,-83.8438,41.5545,2023,9,30,26.6,13.94,14.15,2.17,16.38,0.02
US-Oho,-83.8438,41.5545,2023,10,1,27.69,13.31,13.5,2.33,17.28,0.02
US-Oho,-83.8438,41.5545,2023,10,2,30.71,14.9,12.57,1.46,17.62,0
US-Oho,-83.8438,41.5545,2023,10,3,31.28,15.2,12.54,2.52,17.28,0
US-Oho,-83.8438,41.5545,2023,10,4,29.35,16.18,13.78,3.95,12.43,0
US-Oho,-83.8438,41.5545,2023,10,5,20.96,16.59,15.43,5.04,3.84,16.26
US-Oho,-83.8438,41.5545,2023,10,6,21.21,7.67,8.73,5.63,17.25,0.71
US-Oho,-83.8438,41.5545,2023,10,7,14.65,5.63,4.05,6.37,11.29,0.41
US-Oho,-83.8438,41.5545,2023,10,8,14.6,3.09,1.94,5,13.84,0.02
US-Oho,-83.8438,41.5545,2023,10,9,14.6,4.77,1.81,4.7,11.99,0.02
US-Oho,-83.8438,41.5545,2023,10,10,15.93,3.04,1.41,4.31,9.61,0.16
US-Oho,-83.8438,41.5545,2023,10,11,19.52,4.25,1.82,2.83,16.16,0.13
US-Oho,-83.8438,41.5545,2023,10,12,16.74,9.18,7.84,3.06,5.63,0.09
US-Oho,-83.8438,41.5545,2023,10,13,19.22,9.34,7.8,6.01,8.61,6.16
US-Oho,-83.8438,41.5545,2023,10,14,12.72,6.49,8.76,7.37,4.36,17.36
US-Oho,-83.8438,41.5545,2023,10,15,14.65,5.75,4.98,5.42,10.05,0.72
US-Oho,-83.8438,41.5545,2023,10,16,13.74,5.5,6.34,4.35,6.84,0.34
US-Oho,-83.8438,41.5545,2023,10,17,15.38,3.94,4.78,2.36,6.08,0.01
US-Oho,-83.8438,41.5545,2023,10,18,18.4,3.36,5.25,4.44,11.44,0
US-Oho,-83.8438,41.5545,2023,10,19,14.47,8.01,9.12,5.69,4.57,8.26
US-Oho,-83.8438,41.5545,2023,10,20,16.36,7.45,9.23,5.63,6.42,1.63
US-Oho,-83.8438,41.5545,2023,10,21,15.64,5.38,6.54,3.93,5.08,4.13
US-Oho,-83.8438,41.5545,2023,10,22,12.6,2.11,2.09,3.49,13.52,0.01
US-Oho,-83.8438,41.5545,2023,10,23,16.46,0.69,2.46,2.87,11.95,0
US-Oho,-83.8438,41.5545,2023,10,24,25.95,6.55,7.37,5.98,13.3,0
US-Oho,-83.8438,41.5545,2023,10,25,22.63,13.88,10.5,5.23,5.75,0.73
US-Oho,-83.8438,41.5545,2023,10,26,24.2,14.67,13.38,6.05,8.23,0.87
US-Oho,-83.8438,41.5545,2023,10,27,25.2,16.71,15.77,6.66,9.59,0.56
US-Oho,-83.8438,41.5545,2023,10,28,15.4,8.69,5.87,4.51,9.13,9.13
US-Oho,-83.8438,41.5545,2023,10,29,10.19,6.41,6.47,4.79,2.64,12.44
US-Oho,-83.8438,41.5545,2023,10,30,8.08,-2.08,-0.23,4.96,6.97,0.84
US-Oho,-83.8438,41.5545,2023,10,31,5.85,-4.35,-5.19,4.41,7.52,0.64
US-Oho,-83.8438,41.5545,2023,11,1,6.35,-3.69,-4.23,3.79,11.05,0.03
US-Oho,-83.8438,41.5545,2023,11,2,11.41,-2.01,-3.19,5.8,11.14,0
US-Oho,-83.8438,41.5545,2023,11,3,15.13,2.23,-1.98,6.81,10.04,0.02
US-Oho,-83.8438,41.5545,2023,11,4,16.35,5.33,4.84,2.41,7.8,0.24
US-Oho,-83.8438,41.5545,2023,11,5,13.69,3.25,2.84,2.31,10.96,0
US-Oho,-83.8438,41.5545,2023,11,6,17.06,4.92,6.82,7.13,5.89,0.02
US-Oho,-83.8438,41.5545,2023,11,7,14.35,5.76,5.66,4.31,9.16,0.04
US-Oho,-83.8438,41.5545,2023,11,8,17.02,4.67,7.74,5.78,4.47,0.65
US-Oho,-83.8438,41.5545,2023,11,9,14.82,5.05,1.81,5.84,11.57,0.25
US-Oho,-83.8438,41.5545,2023,11,10,13.35,1.21,0.78,4.59,11.06,0
US-Oho,-83.8438,41.5545,2023,11,11,10.36,-1.1,-0.19,2.55,10.94,0
US-Oho,-83.8438,41.5545,2023,11,12,11.79,0.2,0.17,3.03,10.49,0
US-Oho,-83.8438,41.5545,2023,11,13,15.8,0.45,0.36,5.34,11.45,0
US-Oho,-83.8438,41.5545,2023,11,14,13.23,-0.85,0.15,3.01,11.53,0
US-Oho,-83.8438,41.5545,2023,11,15,16.04,-0.49,-0.69,4.21,10.94,0
US-Oho,-83.8438,41.5545,2023,11,16,18.26,1.56,3.24,4.92,9.82,0
US-Oho,-83.8438,41.5545,2023,11,17,13.55,-0.04,5.62,5.21,2.59,3.89
US-Oho,-83.8438,41.5545,2023,11,18,9.86,-2.75,-2.86,3.5,10.98,0
US-Oho,-83.8438,41.5545,2023,11,19,11.84,-2.05,-1.12,3.45,10.69,0
US-Oho,-83.8438,41.5545,2023,11,20,6.41,1.73,-0.25,6.24,5.56,0.72
US-Oho,-83.8438,41.5545,2023,11,21,11.03,3.45,5.43,5.81,1.81,10.1
US-Oho,-83.8438,41.5545,2023,11,22,8.26,0.87,0.97,4.2,5.55,0.05
US-Oho,-83.8438,41.5545,2023,11,23,9.57,-1.14,-0.24,5.14,9.33,0
US-Oho,-83.8438,41.5545,2023,11,24,2.55,-4.72,-7.41,4.34,9.69,0
US-Oho,-83.8438,41.5545,2023,11,25,3.73,-4.48,-5.74,2.05,8.14,0
US-Oho,-83.8438,41.5545,2023,11,26,3.75,-3.42,-1.65,4.38,3.07,4.98
US-Oho,-83.8438,41.5545,2023,11,27,-0.22,-4.84,-7.04,7.84,3.75,0.09
US-Oho,-83.8438,41.5545,2023,11,28,-1.24,-5.92,-9.9,6.14,6.98,0.11
US-Oho,-83.8438,41.5545,2023,11,29,4.02,-5.9,-6.7,6.36,8.87,0
US-Oho,-83.8438,41.5545,2023,11,30,9.75,-1.6,1.5,6.96,8.13,0.03
US-Oho,-83.8438,41.5545,2023,12,1,5.41,2.6,3.51,2.82,1.87,7.19
US-Oho,-83.8438,41.5545,2023,12,2,6.93,2.6,3.62,2.78,2.94,1.51
US-Oho,-83.8438,41.5545,2023,12,3,7.38,1.66,3.13,4.91,1.57,4.22
US-Oho,-83.8438,41.5545,2023,12,4,5.48,-0.42,-0.84,3.46,4.02,0.06
US-Oho,-83.8438,41.5545,2023,12,5,4.39,-3.1,-0.35,2.38,2.61,1.08
US-Oho,-83.8438,41.5545,2023,12,6,4.4,-3.71,-2.34,3.72,5.59,0.02
US-Oho,-83.8438,41.5545,2023,12,7,9.06,-1.31,0.16,5,7.92,0
US-Oho,-83.8438,41.5545,2023,12,8,13.37,2.47,3.3,6.65,4.51,0.14
US-Oho,-83.8438,41.5545,2023,12,9,17.33,4.7,7.47,7.23,3.89,2.82
US-Oho,-83.8438,41.5545,2023,12,10,5.04,-2.01,-1.33,5.15,4.16,0.47
US-Oho,-83.8438,41.5545,2023,12,11,3.3,-4.05,-5.22,4.14,2.94,0.03
US-Oho,-83.8438,41.5545,2023,12,12,6.45,-3.99,-5.01,5.93,8.56,0
US-Oho,-83.8438,41.5545,2023,12,13,4.41,-4.11,-6.18,3.11,8.59,0
US-Oho,-83.8438,41.5545,2023,12,14,7.58,-3.47,-5.46,4.09,8.12,0
US-Oho,-83.8438,41.5545,2023,12,15,11.01,-1.88,-2.78,3.48,8.22,0
US-Oho,-83.8438,41.5545,2023,12,16,11.67,-0.14,0.13,4.44,4.48,0.06
US-Oho,-83.8438,41.5545,2023,12,17,8.9,3.09,4.24,5.28,2.5,3.94
US-Oho,-83.8438,41.5545,2023,12,18,2.63,-2.84,-2.88,9.15,3.17,0.93
US-Oho,-83.8438,41.5545,2023,12,19,1.98,-4.77,-7.09,4.68,7.32,0
US-Oho,-83.8438,41.5545,2023,12,20,6.44,-3.8,-5.96,3.51,7.99,0
US-Oho,-83.8438,41.5545,2023,12,21,4.45,-0.73,-2.08,2.19,3.03,0.01
US-Oho,-83.8438,41.5545,2023,12,22,6.77,-0.86,0.23,2.71,3.63,4.81
US-Oho,-83.8438,41.5545,2023,12,23,8.47,2.85,4.78,3.28,2.02,4.77
US-Oho,-83.8438,41.5545,2023,12,24,12.96,5.44,7.77,2.66,1.97,0.19
US-Oho,-83.8438,41.5545,2023,12,25,15.53,5.94,8.45,4.63,6.47,0.83
US-Oho,-83.8438,41.5545,2023,12,26,13.26,7.61,9.06,3.87,4.77,0.74
US-Oho,-83.8438,41.5545,2023,12,27,10.04,3.48,4.45,4.34,2.88,1.21
US-Oho,-83.8438,41.5545,2023,12,28,6.04,1.33,3.52,3.05,2.19,3.79
US-Oho,-83.8438,41.5545,2023,12,29,5.31,0.45,1,3.57,2.48,0.57
US-Oho,-83.8438,41.5545,2023,12,30,5.9,-2.67,-1.79,3.91,3.88,0.05
US-Oho,-83.8438,41.5545,2023,12,31,4.79,-2.46,-0.91,4.4,2.41,1.87
US-Oho,-83.8438,41.5545,2024,1,1,2.32,-4.01,-3.64,4.05,4.35,0.33
US-Oho,-83.8438,41.5545,2024,1,2,2.53,-3.81,-5.14,5.85,3.25,0.04
US-Oho,-83.8438,41.5545,2024,1,3,2.22,-3.3,-3.17,4.38,2.37,0.26
US-Oho,-83.8438,41.5545,2024,1,4,-0.63,-5.05,-8.36,3.27,6.39,0.01
US-Oho,-83.8438,41.5545,2024,1,5,0.94,-4.79,-6.59,2.51,6.87,0
US-Oho,-83.8438,41.5545,2024,1,6,2.64,-2.24,-3,2.66,2.82,0.25
US-Oho,-83.8438,41.5545,2024,1,7,2.23,-2.13,-1.43,4.35,3.46,1.78
US-Oho,-83.8438,41.5545,2024,1,8,2.12,-4.99,-3.19,3.7,4.48,0
US-Oho,-83.8438,41.5545,2024,1,9,2.85,-0.21,0.49,7.84,2.36,24.81
US-Oho,-83.8438,41.5545,2024,1,10,2.35,-2.14,-2.08,8.26,3.67,0.56
US-Oho,-83.8438,41.5545,2024,1,11,2.05,-3.97,-2.6,5.43,2.58,1.05
US-Oho,-83.8438,41.5545,2024,1,12,1.93,-2.72,-1.29,7.94,3.06,17.45
US-Oho,-83.8438,41.5545,2024,1,13,-2.13,-11.41,-7.69,12.74,5.08,0.73
US-Oho,-83.8438,41.5545,2024,1,14,-12.52,-22.94,-20.75,9.51,10.07,0.05
US-Oho,-83.8438,41.5545,2024,1,15,-15.07,-28.16,-22.39,4.6,9.36,0.02
US-Oho,-83.8438,41.5545,2024,1,16,-12.94,-17.87,-18.02,7.2,9.99,0.35
US-Oho,-83.8438,41.5545,2024,1,17,-6.76,-19.9,-15.13,7.59,10.41,0.02
US-Oho,-83.8438,41.5545,2024,1,18,-3.1,-7.58,-7.51,3.57,6.76,1.34
US-Oho,-83.8438,41.5545,2024,1,19,-6.27,-15.08,-10.59,4.92,8.58,1.51
US-Oho,-83.8438,41.5545,2024,1,20,-6.37,-22.47,-14.04,4.88,8.87,0.02
US-Oho,-83.8438,41.5545,2024,1,21,-4.58,-14.55,-12.54,4.35,10.08,0.02
US-Oho,-83.8438,41.5545,2024,1,22,0.09,-13.56,-6.2,5.65,4.16,1.72
US-Oho,-83.8438,41.5545,2024,1,23,1.11,0.01,0.26,3.44,3.67,7.42
US-Oho,-83.8438,41.5545,2024,1,24,2.56,0.54,1.63,2.68,2.86,6.96
US-Oho,-83.8438,41.5545,2024,1,25,2.88,1.19,1.67,3.58,4.71,13.04
US-Oho,-83.8438,41.5545,2024,1,26,2.68,-0.05,1.15,1.53,6.37,4.23
US-Oho,-83.8438,41.5545,2024,1,27,4.33,0.24,1.12,3.25,6.1,5.39
US-Oho,-83.8438,41.5545,2024,1,28,2.11,-1.18,-0.04,7.21,5.23,4.7
US-Oho,-83.8438,41.5545,2024,1,29,2.7,-3.56,-2.38,3.74,5.43,0.13
US-Oho,-83.8438,41.5545,2024,1,30,1.02,-3.08,-1.86,4.21,3.79,3.06
US-Oho,-83.8438,41.5545,2024,1,31,4.75,-2.63,-1.25,3.24,4.49,0.04
US-Oho,-83.8438,41.5545,2024,2,1,8.8,-1.47,1.02,5.32,10.19,0
US-Oho,-83.8438,41.5545,2024,2,2,4.25,-3.68,-1.95,4.18,5.79,0
US-Oho,-83.8438,41.5545,2024,2,3,4.19,-3.9,-2.83,2.59,5.05,0.01
US-Oho,-83.8438,41.5545,2024,2,4,5.9,-3.74,-2.83,3.56,12.68,0
US-Oho,-83.8438,41.5545,2024,2,5,4.5,-2.95,-1.49,3.82,3.71,0
US-Oho,-83.8438,41.5545,2024,2,6,5.95,-2.83,-3.39,2.84,12.25,0
US-Oho,-83.8438,41.5545,2024,2,7,8.69,-2.94,-2.07,2.53,11.12,0
US-Oho,-83.8438,41.5545,2024,2,8,14.8,0.85,3.46,6.67,10.2,0.01
US-Oho,-83.8438,41.5545,2024,2,9,17.05,8.34,9.04,8.54,9.68,0.02
US-Oho,-83.8438,41.5545,2024,2,10,9.47,-2.23,0.81,4.68,11.97,0.02
US-Oho,-83.8438,41.5545,2024,2,11,4.98,-3.61,-3.11,1.88,10.89,0
US-Oho,-83.8438,41.5545,2024,2,12,5.25,-4.14,-4.1,2.52,12.47,0
US-Oho,-83.8438,41.5545,2024,2,13,4.73,-3.18,-3.5,3.94,6.94,0
US-Oho,-83.8438,41.5545,2024,2,14,3.85,-3.79,-5.88,2.46,14.27,0
US-Oho,-83.8438,41.5545,2024,2,15,5.47,-3.63,-3.07,8.16,3.39,1.18
US-Oho,-83.8438,41.5545,2024,2,16,-0.63,-4.6,-6.32,2.63,5.6,1.12
US-Oho,-83.8438,41.5545,2024,2,17,-2.46,-8.33,-10.5,7.13,7.9,0.11
US-Oho,-83.8438,41.5545,2024,2,18,3.58,-8.79,-7.06,7.79,12.97,0
US-Oho,-83.8438,41.5545,2024,2,19,5.09,-6.92,-5.13,1.94,13.98,0
US-Oho,-83.8438,41.5545,2024,2,20,9.81,-3.39,-3.11,3.49,15.22,0
US-Oho,-83.8438,41.5545,2024,2,21,14.62,-0.35,1.37,6.27,12.33,0.13
US-Oho,-83.8438,41.5545,2024,2,22,8.47,0.76,5.86,3.54,3.3,8.48
US-Oho,-83.8438,41.5545,2024,2,23,11.85,-2.5,-0.04,4.92,13.95,0.22
US-Oho,-83.8438,41.5545,2024,2,24,0.5,-5.37,-9.11,4.99,12.8,0.26
US-Oho,-83.8438,41.5545,2024,2,25,10.09,-4.23,-1.83,6.95,15.15,0.02
US-Oho,-83.8438,41.5545,2024,2,26,16.51,1.03,5.97,4.21,14.25,0
US-Oho,-83.8438,41.5545,2024,2,27,21.39,11.71,13.37,8.3,12.03,1.52
US-Oho,-83.8438,41.5545,2024,2,28,16.53,-5.66,-2.28,10.18,6.81,0.91
US-Oho,-83.8438,41.5545,2024,2,29,3.85,-5.94,-7.45,4.24,17.57,0
US-Oho,-83.8438,41.5545,2024,3,1,8.17,-3.58,-2.36,3.94,10.48,0.03
US-Oho,-83.8438,41.5545,2024,3,2,10.58,2.57,4.34,2.16,7.3,0.03
US-Oho,-83.8438,41.5545,2024,3,3,17.41,2.16,6.62,4.66,16.92,0.01
US-Oho,-83.8438,41.5545,2024,3,4,22.51,7.8,12.25,5.9,12.33,0.07
US-Oho,-83.8438,41.5545,2024,3,5,17.26,6.96,11.18,5.02,4.05,4.9
US-Oho,-83.8438,41.5545,2024,3,6,10.54,2.44,3.23,5.35,5.25,0.17
US-Oho,-83.8438,41.5545,2024,3,7,9.71,1.45,1.86,4.22,12.63,0.03
US-Oho,-83.8438,41.5545,2024,3,8,12.95,2.09,7.91,5.15,4.32,16.62
US-Oho,-83.8438,41.5545,2024,3,9,12.34,0.65,3.53,7.02,5.24,1.34
US-Oho,-83.8438,41.5545,2024,3,10,3.94,-3.67,-4.38,8.83,9.47,0.14
US-Oho,-83.8438,41.5545,2024,3,11,13.22,-4,-1.61,6.41,19.33,0
US-Oho,-83.8438,41.5545,2024,3,12,19.24,3.48,5.5,7,16.46,0
US-Oho,-83.8438,41.5545,2024,3,13,21.06,6.87,8.78,3.11,15.85,2.84
US-Oho,-83.8438,41.5545,2024,3,14,19.03,8.18,12.37,5.77,6.03,25.77
US-Oho,-83.8438,41.5545,2024,3,15,14.02,1.2,3.73,4.53,17,0.02
US-Oho,-83.8438,41.5545,2024,3,16,16.43,-0.8,2.24,7.75,17.77,1.71
US-Oho,-83.8438,41.5545,2024,3,17,6.07,-2.46,-2.35,6,11.33,0.2
US-Oho,-83.8438,41.5545,2024,3,18,2.59,-3.82,-5.35,5.33,8.34,0.13
US-Oho,-83.8438,41.5545,2024,3,19,8.97,-3.1,-3.62,7.84,14.38,0.01
US-Oho,-83.8438,41.5545,2024,3,20,3.06,-5.81,-5.38,6.51,16.8,0
US-Oho,-83.8438,41.5545,2024,3,21,2.69,-5.91,-8.35,2.81,19.19,0
US-Oho,-83.8438,41.5545,2024,3,22,6.13,-2.8,-4.5,5.37,12.56,0.3
US-Oho,-83.8438,41.5545,2024,3,23,4.39,-4,-5.36,5.43,17.47,0.19
US-Oho,-83.8438,41.5545,2024,3,24,7.15,-4.02,-5.23,5.41,19.77,0
US-Oho,-83.8438,41.5545,2024,3,25,18.2,-0.05,3.28,7.26,14.74,0
US-Oho,-83.8438,41.5545,2024,3,26,16.61,3.38,7.33,9.87,7.47,7.73
US-Oho,-83.8438,41.5545,2024,3,27,7.57,-1.35,-2.25,5.52,7.8,0.06
US-Oho,-83.8438,41.5545,2024,3,28,10.19,-3.75,-2.6,4.6,19.49,0
US-Oho,-83.8438,41.5545,2024,3,29,12.41,-2.51,-2.99,2.45,22.84,0
US-Oho,-83.8438,41.5545,2024,3,30,14.69,2.94,5.43,3.69,9.45,6.32
US-Oho,-83.8438,41.5545,2024,3,31,11.28,2.62,4.35,3.44,8.02,8.42
US-Oho,-83.8438,41.5545,2024,4,1,12.52,1.93,2.87,6.53,8.29,12.46
US-Oho,-83.8438,41.5545,2024,4,2,11.71,3.8,6.3,6.31,5.66,18.65
US-Oho,-83.8438,41.5545,2024,4,3,9,1.84,0.66,6.76,12.96,1.36
US-Oho,-83.8438,41.5545,2024,4,4,8.23,1.01,1.63,3.8,12.49,1.37
US-Oho,-83.8438,41.5545,2024,4,5,8.37,0.63,-1.04,5.42,16.02,0.06
US-Oho,-83.8438,41.5545,2024,4,6,13.98,-0.86,1.02,3.85,22.35,0
US-Oho,-83.8438,41.5545,2024,4,7,15.47,-0.17,0.5,4.48,22.11,1.14
US-Oho,-83.8438,41.5545,2024,4,8,23.54,7.06,7.85,3.8,21.45,0.05
US-Oho,-83.8438,41.5545,2024,4,9,23.89,8.88,11.7,5.22,18.29,0.7
US-Oho,-83.8438,41.5545,2024,4,10,19.5,7.14,6.78,3.99,16.67,9.78
US-Oho,-83.8438,41.5545,2024,4,11,19.86,7.33,10.62,5.28,5.68,29.08
US-Oho,-83.8438,41.5545,2024,4,12,12.65,6.49,5.62,10.83,7.41,3.54
US-Oho,-83.8438,41.5545,2024,4,13,16.89,3.71,3.29,6.59,25.6,0
US-Oho,-83.8438,41.5545,2024,4,14,26,7.21,11.87,7.11,22.65,0.07
US-Oho,-83.8438,41.5545,2024,4,15,21.12,7.25,7.73,2.78,25.15,0
US-Oho,-83.8438,41.5545,2024,4,16,22.8,6.85,8.5,4.72,22.78,0.22
US-Oho,-83.8438,41.5545,2024,4,17,24.13,11.35,14.71,7.98,10.24,7.74
US-Oho,-83.8438,41.5545,2024,4,18,20.09,8.31,9.24,3.09,23.24,0.01
US-Oho,-83.8438,41.5545,2024,4,19,14.69,7.31,4.5,6.71,20.45,6.89
US-Oho,-83.8438,41.5545,2024,4,20,10.18,0.77,-0.41,5.42,17.12,0.09
US-Oho,-83.8438,41.5545,2024,4,21,12.33,-0.99,-0.83,3.92,21.02,0
US-Oho,-83.8438,41.5545,2024,4,22,17.02,0.22,1.53,4.71,26.73,0
US-Oho,-83.8438,41.5545,2024,4,23,14.41,7.2,7.77,6.72,6.56,10.91
US-Oho,-83.8438,41.5545,2024,4,24,11.52,0.87,2.02,4.83,10.56,0.08
US-Oho,-83.8438,41.5545,2024,4,25,13.24,-2.25,-1.66,3.27,27.74,0
US-Oho,-83.8438,41.5545,2024,4,26,20.22,0.57,6.26,4.68,21.96,1.38
US-Oho,-83.8438,41.5545,2024,4,27,24.8,15.25,16.46,8.5,16.68,2.24
US-Oho,-83.8438,41.5545,2024,4,28,26.65,17.68,17.26,6.41,15.29,5.36
US-Oho,-83.8438,41.5545,2024,4,29,26.57,15.98,16.71,5.44,17.36,16.27
US-Oho,-83.8438,41.5545,2024,4,30,21.91,12.22,10.92,4.15,26.05,2.3
US-Oho,-83.8438,41.5545,2024,5,1,26.48,9.44,11.3,5.19,23.55,0.02
US-Oho,-83.8438,41.5545,2024,5,2,25.59,8.23,11.07,4.14,27.03,3.99
US-Oho,-83.8438,41.5545,2024,5,3,23.74,13.72,15.57,2.2,11.31,5.43
US-Oho,-83.8438,41.5545,2024,5,4,24.09,13.4,16.07,3.32,12.71,2.39
US-Oho,-83.8438,41.5545,2024,5,5,23.29,13.14,15.54,3.61,14.41,0.2
US-Oho,-83.8438,41.5545,2024,5,6,19.14,10.56,8.04,4.82,15.91,0.03
US-Oho,-83.8438,41.5545,2024,5,7,23.54,8.83,14.05,5.37,14.92,4.1
US-Oho,-83.8438,41.5545,2024,5,8,25.69,11.78,12.27,5.03,27.1,0.23
US-Oho,-83.8438,41.5545,2024,5,9,15.94,9.7,9.41,6.91,5.56,11.34
US-Oho,-83.8438,41.5545,2024,5,10,18.19,6.64,6.37,4.14,24.57,0.03
US-Oho,-83.8438,41.5545,2024,5,11,16.64,8.15,8.29,7.21,17.24,6.15
US-Oho,-83.8438,41.5545,2024,5,12,21.85,5.66,8.43,3.67,28.91,0
US-Oho,-83.8438,41.5545,2024,5,13,26.62,12.57,13.39,5.56,25.79,0.01
US-Oho,-83.8438,41.5545,2024,5,14,23.21,13.9,14.91,3.4,14.88,2.65
US-Oho,-83.8438,41.5545,2024,5,15,21.41,11.81,12.62,4.58,19.96,1.96
US-Oho,-83.8438,41.5545,2024,5,16,25.59,9.74,12.84,1.83,25.48,2.08
US-Oho,-83.8438,41.5545,2024,5,17,24.26,15.88,15.98,1.33,17.22,2.89
US-Oho,-83.8438,41.5545,2024,5,18,26.92,14.14,16.02,1.83,25.06,0.08
US-Oho,-83.8438,41.5545,2024,5,19,29.8,14.59,17.4,2.87,26.84,0.48
US-Oho,-83.8438,41.5545,2024,5,20,30.19,18.41,18.55,3.18,23.84,0.41
US-Oho,-83.8438,41.5545,2024,5,21,29.27,18.81,19.7,4.36,26.73,0.05
US-Oho,-83.8438,41.5545,2024,5,22,28.72,15.01,17.11,6.84,25.29,0.7
US-Oho,-83.8438,41.5545,2024,5,23,26.73,12.74,11.12,2.63,29.48,0
US-Oho,-83.8438,41.5545,2024,5,24,28.41,13.37,14.78,2.57,25.64,0.08
US-Oho,-83.8438,41.5545,2024,5,25,27.13,14.44,15.58,4.28,26.76,0.2
US-Oho,-83.8438,41.5545,2024,5,26,26.57,13.22,16.27,3.96,16.63,8.78
US-Oho,-83.8438,41.5545,2024,5,27,22.23,13.34,14.64,7.17,12.93,11.47
US-Oho,-83.8438,41.5545,2024,5,28,21.44,11.28,12.73,3.37,19.04,2.61
US-Oho,-83.8438,41.5545,2024,5,29,19.2,9.57,11.87,3.95,17.95,8.66
US-Oho,-83.8438,41.5545,2024,5,30,21.87,8.02,6.14,2.8,31.29,0
US-Oho,-83.8438,41.5545,2024,5,31,24.6,8.38,7.58,2.39,31.54,0
US-Oho,-83.8438,41.5545,2024,6,1,25.12,10.24,12.12,3.66,23.25,6.5
US-Oho,-83.8438,41.5545,2024,6,2,25.74,16.46,17.33,3.54,14.25,3.22
US-Oho,-83.8438,41.5545,2024,6,3,27.78,15.17,16.85,1.71,25.13,0.08
US-Oho,-83.8438,41.5545,2024,6,4,28.95,18.57,19.18,2.96,22.26,0.05
US-Oho,-83.8438,41.5545,2024,6,5,26.71,17.02,20.64,4.16,13.92,8.74
US-Oho,-83.8438,41.5545,2024,6,6,25.92,15.16,13.55,5.52,28.15,0.05
US-Oho,-83.8438,41.5545,2024,6,7,23.25,13.22,11.22,6.35,23.36,0.02
US-Oho,-83.8438,41.5545,2024,6,8,26.14,11.37,12.25,3.84,23.64,4.53
US-Oho,-83.8438,41.5545,2024,6,9,24.73,12.14,11.79,5.59,26.51,0.12
US-Oho,-83.8438,41.5545,2024,6,10,20.79,9.89,8.21,3.86,15.89,0.01
US-Oho,-83.8438,41.5545,2024,6,11,23.85,9.52,8.56,1.96,29.67,0
US-Oho,-83.8438,41.5545,2024,6,12,28.99,13.22,12.09,4.41,27.83,0.03
US-Oho,-83.8438,41.5545,2024,6,13,30.87,17.38,16.6,6.09,26.53,0.65
US-Oho,-83.8438,41.5545,2024,6,14,28.69,16.72,15.5,3.9,26.24,1.47
US-Oho,-83.8438,41.5545,2024,6,15,27.27,14.01,10.56,3.22,29.27,0
US-Oho,-83.8438,41.5545,2024,6,16,30.84,14.89,11.81,4.04,30.75,0.02
US-Oho,-83.8438,41.5545,2024,6,17,33.24,21.61,21.25,4.56,24.23,1.98
US-Oho,-83.8438,41.5545,2024,6,18,30.04,23.17,21.21,3.29,17.8,0.21
US-Oho,-83.8438,41.5545,2024,6,19,33.08,22.48,20.94,2.47,17.29,3.23
US-Oho,-83.8438,41.5545,2024,6,20,33.92,22.47,22.42,1.82,22.22,4.39
US-Oho,-83.8438,41.5545,2024,6,21,34.33,22.31,20.47,1.75,24.08,1.85
US-Oho,-83.8438,41.5545,2024,6,22,33.34,21.66,18.44,4.94,21.97,0.16
US-Oho,-83.8438,41.5545,2024,6,23,29.67,18.62,18.83,7.31,18.31,6.76
US-Oho,-83.8438,41.5545,2024,6,24,29.75,16.57,14.56,2.17,26.82,0.07
US-Oho,-83.8438,41.5545,2024,6,25,30.81,18.78,18.57,7.23,14.2,2
US-Oho,-83.8438,41.5545,2024,6,26,26.14,17.69,19.79,2.74,7.94,25.63
US-Oho,-83.8438,41.5545,2024,6,27,25.23,15.05,12.84,3.57,24.13,0.02
US-Oho,-83.8438,41.5545,2024,6,28,28.23,13.68,15.07,3.5,16.6,6.47
US-Oho,-83.8438,41.5545,2024,6,29,29.76,22.91,23.44,5.96,13.36,6.63
US-Oho,-83.8438,41.5545,2024,6,30,23.78,14.79,13.42,5.19,26.25,0.05
US-Oho,-83.8438,41.5545,2024,7,1,24.63,11.62,8.79,3.77,30.34,0
US-Oho,-83.8438,41.5545,2024,7,2,29.07,12.27,12.64,3.83,23.22,0
US-Oho,-83.8438,41.5545,2024,7,3,30.11,21.07,20.79,5.07,17.08,0.07
US-Oho,-83.8438,41.5545,2024,7,4,30.27,20.79,17.97,1.52,11.24,2.38
US-Oho,-83.8438,41.5545,2024,7,5,29.08,18.5,17.81,2.74,14.12,0.86
US-Oho,-83.8438,41.5545,2024,7,6,28.57,17.58,16.3,3.88,23.72,0.01
US-Oho,-83.8438,41.5545,2024,7,7,31.01,15.93,14.06,1.7,27.16,0.01
US-Oho,-83.8438,41.5545,2024,7,8,32.56,19.17,15.91,2.89,25.5,0.12
US-Oho,-83.8438,41.5545,2024,7,9,28.61,21.5,20.13,2.38,10.96,31.47
US-Oho,-83.8438,41.5545,2024,7,10,24.63,16.9,18.87,7.35,8.77,16.86
US-Oho,-83.8438,41.5545,2024,7,11,28.77,15.61,16.51,2.08,26.56,0.13
US-Oho,-83.8438,41.5545,2024,7,12,29.79,17.82,18.11,1.95,20.16,0.82
US-Oho,-83.8438,41.5545,2024,7,13,32.08,20.2,17.79,1.54,25.82,0.01
US-Oho,-83.8438,41.5545,2024,7,14,29.89,21.04,21.28,5.13,12.64,1.85
US-Oho,-83.8438,41.5545,2024,7,15,31.32,22.27,22.49,4.71,24.44,1.94
US-Oho,-83.8438,41.5545,2024,7,16,31.08,22.79,22.7,5.22,24.01,0.63
US-Oho,-83.8438,41.5545,2024,7,17,30.19,17.86,16.52,4.01,20.96,0.08
US-Oho,-83.8438,41.5545,2024,7,18,26.08,14.72,12.52,4.03,24.48,0
US-Oho,-83.8438,41.5545,2024,7,19,28.09,16,11.89,1.57,24.77,0
US-Oho,-83.8438,41.5545,2024,7,20,29.29,15.81,11.86,1.59,24.25,0
US-Oho,-83.8438,41.5545,2024,7,21,29.44,16.75,13.56,1.2,22.02,0
US-Oho,-83.8438,41.5545,2024,7,22,28.69,18.56,15.57,1.73,12.47,7.18
US-Oho,-83.8438,41.5545,2024,7,23,31.09,17.23,15.65,2.46,21.29,0.41
US-Oho,-83.8438,41.5545,2024,7,24,28.87,18.98,17.27,4.14,17.03,0.23
US-Oho,-83.8438,41.5545,2024,7,25,28.43,16.15,14.68,2.94,21.85,0.02
US-Oho,-83.8438,41.5545,2024,7,26,28.37,16.63,10.85,3.05,25.17,0
US-Oho,-83.8438,41.5545,2024,7,27,30.88,16.58,10.19,1.72,28.52,0
US-Oho,-83.8438,41.5545,2024,7,28,34.55,16.14,14.57,2.39,25.46,0.19
US-Oho,-83.8438,41.5545,2024,7,29,31.43,22.2,21.25,2.76,16.1,4.94
US-Oho,-83.8438,41.5545,2024,7,30,32.77,21.57,19.49,4.73,19.52,0.33
US-Oho,-83.8438,41.5545,2024,7,31,33.29,20.99,19.67,2.97,22.76,0.01
US-Oho,-83.8438,41.5545,2024,8,1,34.76,23.08,22.31,2.1,19.29,5.43
US-Oho,-83.8438,41.5545,2024,8,2,29.68,22.3,21.74,3.2,11.82,11.56
US-Oho,-83.8438,41.5545,2024,8,3,32.77,21.81,19.3,3.01,24.42,0.71
US-Oho,-83.8438,41.5545,2024,8,4,33.61,19.54,16.34,2.19,24.52,0.01
US-Oho,-83.8438,41.5545,2024,8,5,31.44,21.98,19.72,4.1,14.92,0.95
US-Oho,-83.8438,41.5545,2024,8,6,31.99,19.27,20.07,4.78,9.46,19.26
US-Oho,-83.8438,41.5545,2024,8,7,27.13,17.69,14.71,5.53,16.87,0.11
US-Oho,-83.8438,41.5545,2024,8,8,31.07,18.22,17.58,2.47,18.46,0
US-Oho,-83.8438,41.5545,2024,8,9,28.31,15.5,12.2,5.01,25.83,0
US-Oho,-83.8438,41.5545,2024,8,10,26.34,15.02,10.65,4.9,22.78,0
US-Oho,-83.8438,41.5545,2024,8,11,26.99,13.77,10.5,4.27,23.1,0
US-Oho,-83.8438,41.5545,2024,8,12,29.04,13.82,12.28,3.05,22.31,0.27
US-Oho,-83.8438,41.5545,2024,8,13,30.28,17.93,13.41,1.78,23.78,0.04
US-Oho,-83.8438,41.5545,2024,8,14,30.85,17.47,12.62,2.1,24.82,0
US-Oho,-83.8438,41.5545,2024,8,15,28.87,16.3,12.64,2.53,13.78,0.35
US-Oho,-83.8438,41.5545,2024,8,16,29.84,18.2,18.56,3.6,14.89,2.7
US-Oho,-83.8438,41.5545,2024,8,17,28.85,19.73,18.99,4.97,17.22,1.43
US-Oho,-83.8438,41.5545,2024,8,18,28.85,18.75,17.95,4.37,16.74,1.86
US-Oho,-83.8438,41.5545,2024,8,19,26.13,14.53,12.36,5.39,16.44,0.03
US-Oho,-83.8438,41.5545,2024,8,20,24.43,12.47,7.69,4.55,20.82,0.05
US-Oho,-83.8438,41.5545,2024,8,21,25.7,10.54,6.92,3.41,22.71,0
US-Oho,-83.8438,41.5545,2024,8,22,27.87,13.03,6.8,1.15,24.88,0.01
US-Oho,-83.8438,41.5545,2024,8,23,29.75,13.05,6.73,1.89,23.61,0
US-Oho,-83.8438,41.5545,2024,8,24,31.84,16.3,10.32,1.98,21.51,0.02
US-Oho,-83.8438,41.5545,2024,8,25,35.18,18.59,14.92,2.68,20.78,0.03
US-Oho,-83.8438,41.5545,2024,8,26,35.9,20.88,14.23,2.83,22.04,0
US-Oho,-83.8438,41.5545,2024,8,27,37.51,20.98,16.44,4.21,19.4,0.59
US-Oho,-83.8438,41.5545,2024,8,28,33.82,21.1,20.23,3.04,17.11,7.31
US-Oho,-83.8438,41.5545,2024,8,29,32.54,20.78,18.34,3.2,14.2,0.08
US-Oho,-83.8438,41.5545,2024,8,30,36.37,20.93,18.93,3.37,18.92,3.78
US-Oho,-83.8438,41.5545,2024,8,31,29.16,18.03,15.53,2.49,13.59,2.38
US-Oho,-83.8438,41.5545,2024,9,1,29.85,14.81,11.62,4.68,19.99,0.24
US-Oho,-83.8438,41.5545,2024,9,2,24.43,12.64,6.96,4.37,24.04,0
US-Oho,-83.8438,41.5545,2024,9,3,27.18,11.82,6.91,3.14,23.66,0
US-Oho,-83.8438,41.5545,2024,9,4,30.42,10.69,7.64,2.8,20.82,0
US-Oho,-83.8438,41.5545,2024,9,5,32.11,14.48,13.65,3.65,19.83,1.35
US-Oho,-83.8438,41.5545,2024,9,6,25.46,12.68,14.12,3.82,11.43,5.77
US-Oho,-83.8438,41.5545,2024,9,7,19.88,9,5.05,5.18,16.96,0.09
US-Oho,-83.8438,41.5545,2024,9,8,24.01,6.04,4.94,3.78,21.35,0
US-Oho,-83.8438,41.5545,2024,9,9,28.24,10.18,7.4,5.08,20.91,0
US-Oho,-83.8438,41.5545,2024,9,10,29.57,12.52,10.49,1.99,21.52,0
US-Oho,-83.8438,41.5545,2024,9,11,30.43,13.09,10.45,2.15,19.81,0
US-Oho,-83.8438,41.5545,2024,9,12,32.48,14.08,12.11,3.61,21.2,0.03
US-Oho,-83.8438,41.5545,2024,9,13,31.49,14.34,12.06,4.2,20.57,0.04
US-Oho,-83.8438,41.5545,2024,9,14,31.2,14.57,13.2,3.75,19.92,0
US-Oho,-83.8438,41.5545,2024,9,15,32.16,15.52,11.09,3.5,20.74,0
US-Oho,-83.8438,41.5545,2024,9,16,30.57,13.73,9.76,3.55,20.64,0
US-Oho,-83.8438,41.5545,2024,9,17,29.6,12.71,10.47,2.9,19.61,0
US-Oho,-83.8438,41.5545,2024,9,18,30.48,15.65,16.17,2.73,18.36,0
US-Oho,-83.8438,41.5545,2024,9,19,30.99,15.87,15.87,2.32,18.14,0
US-Oho,-83.8438,41.5545,2024,9,20,33.15,16.75,14.22,1.75,13.71,0.48
US-Oho,-83.8438,41.5545,2024,9,21,33.26,17.74,13.14,2.21,19.65,0
US-Oho,-83.8438,41.5545,2024,9,22,31.7,18.17,12.47,2.98,10.16,7.76
US-Oho,-83.8438,41.5545,2024,9,23,24.46,15.59,15.49,2.57,9.85,0.5
US-Oho,-83.8438,41.5545,2024,9,24,26.23,16.29,17.55,3.33,6.94,3.96
US-Oho,-83.8438,41.5545,2024,9,25,27.1,15.02,14.7,2.62,12.42,0.32
US-Oho,-83.8438,41.5545,2024,9,26,23.66,16.42,13.86,4.51,6.44,0.01
US-Oho,-83.8438,41.5545,2024,9,27,23.34,17.88,16.2,8.94,9.09,2.59
US-Oho,-83.8438,41.5545,2024,9,28,25.82,18.68,18.68,3.76,8.01,4.02
US-Oho,-83.8438,41.5545,2024,9,29,24.51,18.01,17.91,5.01,6.7,0.96
US-Oho,-83.8438,41.5545,2024,9,30,26.96,17.02,17.19,3.8,5.66,0.07
US-Oho,-83.8438,41.5545,2024,10,1,27.71,11,14.13,3.39,9.53,2.03
US-Oho,-83.8438,41.5545,2024,10,2,22.46,9.79,4.7,2.32,17.71,0
US-Oho,-83.8438,41.5545,2024,10,3,26.48,8.76,4.07,2.31,17.68,0
US-Oho,-83.8438,41.5545,2024,10,4,23.51,10.69,8.98,2.99,12.75,0
US-Oho,-83.8438,41.5545,2024,10,5,25.29,11.51,9.12,3.98,17.3,0
US-Oho,-83.8438,41.5545,2024,10,6,28.13,12.19,8.06,7.2,15.56,0
US-Oho,-83.8438,41.5545,2024,10,7,20.9,8.41,2.56,3.89,17.44,0
US-Oho,-83.8438,41.5545,2024,10,8,22.85,6.28,3.79,3.78,16.39,0
US-Oho,-83.8438,41.5545,2024,10,9,20.62,6.07,2.72,3.3,17.14,0
US-Oho,-83.8438,41.5545,2024,10,10,20.01,6.94,5.14,2.58,17.04,0
US-Oho,-83.8438,41.5545,2024,10,11,26.13,6.27,4.41,5.18,15.71,0
US-Oho,-83.8438,41.5545,2024,10,12,21.46,11.2,11.18,3.59,8.39,9.68
US-Oho,-83.8438,41.5545,2024,10,13,16.54,8.22,9.54,4.47,3.28,12.13
US-Oho,-83.8438,41.5545,2024,10,14,14.48,6.21,3.4,4.6,8.69,0.59
US-Oho,-83.8438,41.5545,2024,10,15,11.29,3.58,1.67,4.94,9.07,1.67
US-Oho,-83.8438,41.5545,2024,10,16,14.36,2.59,0.8,3.81,14.27,0.02
US-Oho,-83.8438,41.5545,2024,10,17,17.12,0.89,0.38,2.01,15.51,0
US-Oho,-83.8438,41.5545,2024,10,18,20.58,4.1,-0.72,2.21,15.25,0
US-Oho,-83.8438,41.5545,2024,10,19,22.41,5.04,0.95,2.34,15.16,0
US-Oho,-83.8438,41.5545,2024,10,20,24.08,4.62,2.78,3.93,14.73,0
US-Oho,-83.8438,41.5545,2024,10,21,26.58,8.74,4.19,4.1,14.18,0
US-Oho,-83.8438,41.5545,2024,10,22,26.18,8.23,5.16,4.87,12.64,0.08
US-Oho,-83.8438,41.5545,2024,10,23,19.95,7.33,6.55,5.94,8.36,0
US-Oho,-83.8438,41.5545,2024,10,24,16.66,3.7,1.53,1.87,14.81,0.01
US-Oho,-83.8438,41.5545,2024,10,25,19.3,4.87,4.82,4.4,8.07,2.42
US-Oho,-83.8438,41.5545,2024,10,26,15.16,3.87,0.59,3.87,14.36,0.01
US-Oho,-83.8438,41.5545,2024,10,27,15.8,2.85,-0.13,2.1,13.66,0
US-Oho,-83.8438,41.5545,2024,10,28,17.2,2.12,-0.09,3.28,11.56,0
US-Oho,-83.8438,41.5545,2024,10,29,26.29,12.6,13.39,8.07,10.24,0.02
US-Oho,-83.8438,41.5545,2024,10,30,26.04,15.17,12.91,7.66,10.63,0
US-Oho,-83.8438,41.5545,2024,10,31,23.88,9.63,13.18,9.09,4.04,0.17
US-Oho,-83.8438,41.5545,2024,11,1,13.99,3.64,1.53,5.02,6.67,0.01
US-Oho,-83.8438,41.5545,2024,11,2,14.55,1.53,0.91,1.9,12.46,0
US-Oho,-83.8438,41.5545,2024,11,3,19.4,2.51,2.47,4.6,11.35,0.34
US-Oho,-83.8438,41.5545,2024,11,4,20.56,13.52,12.55,7.68,6.99,0.78
US-Oho,-83.8438,41.5545,2024,11,5,24.86,17.23,14.18,9.05,7.33,4.93
US-Oho,-83.8438,41.5545,2024,11,6,21.33,8.32,12.27,4.19,8.77,3.52
US-Oho,-83.8438,41.5545,2024,11,7,15.97,5.84,4.04,2.85,11.25,0.01
US-Oho,-83.8438,41.5545,2024,11,8,17.83,4.19,3.74,4.66,11.69,0
US-Oho,-83.8438,41.5545,2024,11,9,13.62,4.43,1.42,4.12,8.1,0
US-Oho,-83.8438,41.5545,2024,11,10,19.16,7.34,7.38,5.56,3.11,14.27
US-Oho,-83.8438,41.5545,2024,11,11,17.34,4.26,3.98,7.11,6.28,0.02
US-Oho,-83.8438,41.5545,2024,11,12,10.33,1.86,0.14,5.1,11.29,0.84
US-Oho,-83.8438,41.5545,2024,11,13,13.71,-0.16,-0.06,4.49,7.74,3.44
US-Oho,-83.8438,41.5545,2024,11,14,13.51,6.73,7.37,4.49,2.48,10.9
US-Oho,-83.8438,41.5545,2024,11,15,11.65,7.05,6.54,3.71,4.39,0.11
US-Oho,-83.8438,41.5545,2024,11,16,13.19,4.84,4.83,2.32,3.39,0.01
US-Oho,-83.8438,41.5545,2024,11,17,14.35,4.19,5.99,4.4,7.42,0.05
US-Oho,-83.8438,41.5545,2024,11,18,17.07,6.86,8.71,3.53,3.49,2.1
US-Oho,-83.8438,41.5545,2024,11,19,20.13,8.42,11.17,5.47,4.78,2.45
US-Oho,-83.8438,41.5545,2024,11,20,8.4,1.21,3.07,5.18,2.9,4.29
US-Oho,-83.8438,41.5545,2024,11,21,3.07,-2.05,-3.02,5.2,4.07,0.41
US-Oho,-83.8438,41.5545,2024,11,22,9.1,-2.35,1.55,6.92,4.21,0.55
US-Oho,-83.8438,41.5545,2024,11,23,8.42,2.32,2.43,5.18,4.47,0.09
US-Oho,-83.8438,41.5545,2024,11,24,7.16,0.9,0.5,3.33,5.02,0.01
US-Oho,-83.8438,41.5545,2024,11,25,11.55,2.32,6.05,4.01,2.3,0.46
US-Oho,-83.8438,41.5545,2024,11,26,7.53,0.68,-3.46,6.6,8.88,0
US-Oho,-83.8438,41.5545,2024,11,27,7.28,-0.25,-2.52,2.24,5.81,2.69
US-Oho,-83.8438,41.5545,2024,11,28,5.31,-2.1,-2.49,5.34,5.98,0.48
US-Oho,-83.8438,41.5545,2024,11,29,-0.75,-5.9,-8.31,8,3.77,0.06
US-Oho,-83.8438,41.5545,2024,11,30,-1.33,-6.59,-11.09,6.87,6.62,0.18
US-Oho,-83.8438,41.5545,2024,12,1,-0.99,-5.52,-8.37,5.63,4.12,0.04
US-Oho,-83.8438,41.5545,2024,12,2,0.53,-7.13,-6.45,3.98,5.55,0.05
US-Oho,-83.8438,41.5545,2024,12,3,0.13,-6.07,-6.43,5.53,4.96,0.01
US-Oho,-83.8438,41.5545,2024,12,4,4.37,-6.07,-5.28,9.8,3.68,0.15
US-Oho,-83.8438,41.5545,2024,12,5,-0.25,-7.31,-8.95,8.86,4.31,0.02
US-Oho,-83.8438,41.5545,2024,12,6,0.31,-7.51,-9.48,5.64,8.44,0
US-Oho,-83.8438,41.5545,2024,12,7,4.15,-6.56,-6.73,7.76,4.79,0
US-Oho,-83.8438,41.5545,2024,12,8,10.74,1.34,2.96,5.84,7.07,0.31
US-Oho,-83.8438,41.5545,2024,12,9,11.11,3.14,4.91,4.81,2.27,8.05
US-Oho,-83.8438,41.5545,2024,12,10,11.46,-0.86,1.48,2.55,4.09,0.11
US-Oho,-83.8438,41.5545,2024,12,11,1.73,-6.35,-5.6,7.18,5.09,0.17
US-Oho,-83.8438,41.5545,2024,12,12,-5.4,-8.71,-16.16,8.24,6.44,0.01
US-Oho,-83.8438,41.5545,2024,12,13,-3.12,-10.83,-12.45,2.34,8.38,0
US-Oho,-83.8438,41.5545,2024,12,14,3.11,-7.44,-5.84,5.52,7.47,0.12
US-Oho,-83.8438,41.5545,2024,12,15,3.57,0.76,2.1,4.76,2.23,15.24
US-Oho,-83.8438,41.5545,2024,12,16,10.69,1.53,5.56,6.93,1.91,6.63
US-Oho,-83.8438,41.5545,2024,12,17,6.49,-0.99,-0.67,4.96,5.11,0.03
US-Oho,-83.8438,41.5545,2024,12,18,4.4,-2.37,-1.61,2.97,3.42,0.04
US-Oho,-83.8438,41.5545,2024,12,19,2.48,-3.19,-4.5,2.54,1.97,0.11
US-Oho,-83.8438,41.5545,2024,12,20,2.2,-4.37,-2.86,4.71,2.03,1.01
US-Oho,-83.8438,41.5545,2024,12,21,-1.85,-6.14,-9.73,4.26,5.5,0
US-Oho,-83.8438,41.5545,2024,12,22,-0.41,-7.69,-10.17,2.58,7.31,0
US-Oho,-83.8438,41.5545,2024,12,23,3.32,-5.68,-4.41,6.29,1.36,1.72
US-Oho,-83.8438,41.5545,2024,12,24,3.97,-2.59,-1.13,2.68,2.84,0.04
US-Oho,-83.8438,41.5545,2024,12,25,3.12,-2.51,-0.8,2.8,2.63,0.04
US-Oho,-83.8438,41.5545,2024,12,26,7.42,0.02,2.01,3.25,2.89,0.06
US-Oho,-83.8438,41.5545,2024,12,27,9.04,0.43,3.8,5.14,3.93,2.75
US-Oho,-83.8438,41.5545,2024,12,28,14.54,7.68,9.01,5.74,5.57,0.51
US-Oho,-83.8438,41.5545,2024,12,29,9.91,1.31,5.79,6.85,2.33,35.88
US-Oho,-83.8438,41.5545,2024,12,30,8.88,1.68,0.89,6.24,8.03,2.65
US-Oho,-83.8438,41.5545,2024,12,31,3.5,0.22,0.65,8.04,1.28,15.5
