site_id,LON,LAT,YEAR,MO,DY,T2M_MAX,T2M_MIN,T2MDEW,WS10M,ALLSKY_SFC_SW_DWN,PRECTOTCORR
US-xSC,-78.1395,38.8929,2001,1,1,1.18,-8.46,-8.19,2.56,8.48,0
US-xSC,-78.1395,38.8929,2001,1,2,-2.32,-8.76,-9.83,3.3,10.1,0.02
US-xSC,-78.1395,38.8929,2001,1,3,1.25,-11.29,-10.7,2.27,10.54,0.01
US-xSC,-78.1395,38.8929,2001,1,4,1.04,-8.95,-8.18,2.26,6.44,0.02
US-xSC,-78.1395,38.8929,2001,1,5,2.97,-9.16,-5.41,2.42,4.52,1.86
US-xSC,-78.1395,38.8929,2001,1,6,3.66,-4.62,-4.18,2.75,6.76,0.01
US-xSC,-78.1395,38.8929,2001,1,7,6.72,-5.59,-2.13,1.98,6.05,0.01
US-xSC,-78.1395,38.8929,2001,1,8,1.29,-3.14,-0.74,2.07,2.84,3.45
US-xSC,-78.1395,38.8929,2001,1,9,-1.64,-6.33,-9.77,4.4,9.9,0
US-xSC,-78.1395,38.8929,2001,1,10,5.16,-5.71,-7.18,3.7,11.11,0
US-xSC,-78.1395,38.8929,2001,1,11,9.9,-5.4,-4.44,2.52,10.79,0
US-xSC,-78.1395,38.8929,2001,1,12,4.57,-0.92,-2.46,1.42,8.43,0
US-xSC,-78.1395,38.8929,2001,1,13,7.32,-2.54,-4.13,1.46,11.03,0
US-xSC,-78.1395,38.8929,2001,1,14,6.99,-2.63,-1.68,1.58,5.62,0.16
US-xSC,-78.1395,38.8929,2001,1,15,9.6,-1.09,2.37,1.66,7.94,0.01
US-xSC,-78.1395,38.8929,2001,1,16,6.07,-3.47,-2.17,2.7,7.67,0
US-xSC,-78.1395,38.8929,2001,1,17,6.24,-3.59,-3.29,1.62,6.74,0.02
US-xSC,-78.1395,38.8929,2001,1,18,1.78,-1.96,-1.44,1.58,2.76,2.61
US-xSC,-78.1395,38.8929,2001,1,19,2.84,-0.39,0.34,1.68,2.46,17.27
US-xSC,-78.1395,38.8929,2001,1,20,0.44,-2.58,-1.2,2.48,2.27,13.46
US-xSC,-78.1395,38.8929,2001,1,21,-2.64,-13.04,-8.42,3.74,12.37,0.4
US-xSC,-78.1395,38.8929,2001,1,22,-0.33,-12.92,-9.3,1.74,9.48,0.01
US-xSC,-78.1395,38.8929,2001,1,23,2.78,-9.73,-6.17,1.56,12.18,0
US-xSC,-78.1395,38.8929,2001,1,24,5.43,-5.88,-3.7,2.2,8.84,0.05
US-xSC,-78.1395,38.8929,2001,1,25,0.18,-8.48,-7.3,3.81,8.41,0.05
US-xSC,-78.1395,38.8929,2001,1,26,2.42,-10.72,-7.5,2.2,10.42,0.15
US-xSC,-78.1395,38.8929,2001,1,27,2.66,-4.24,-4.17,3.97,9.17,0.06
US-xSC,-78.1395,38.8929,2001,1,28,4.06,-9.44,-7.25,2.36,12.64,0
US-xSC,-78.1395,38.8929,2001,1,29,6.24,-6.71,-4.11,1.86,8.73,0.11
US-xSC,-78.1395,38.8929,2001,1,30,11.43,-0.86,2.13,2.76,8.89,16.51
US-xSC,-78.1395,38.8929,2001,1,31,8.48,-3.04,0.03,3.12,8.23,0.06
US-xSC,-78.1395,38.8929,2001,2,1,7.43,-2.7,-2.28,2.28,8.26,0.01
US-xSC,-78.1395,38.8929,2001,2,2,8.39,-5.59,-5.15,3.02,9.46,0.08
US-xSC,-78.1395,38.8929,2001,2,3,2.48,-5.81,-10.11,2.53,14,0.02
US-xSC,-78.1395,38.8929,2001,2,4,5.46,-5.51,-5.37,2.4,9.72,0
US-xSC,-78.1395,38.8929,2001,2,5,6.75,-2.3,-1.4,2,9.87,2.08
US-xSC,-78.1395,38.8929,2001,2,6,8.01,-2.58,-1.53,2.45,13.05,0.04
US-xSC,-78.1395,38.8929,2001,2,7,10.21,-3.2,-2.41,1.95,13.64,0
US-xSC,-78.1395,38.8929,2001,2,8,10.73,-3.17,0.57,2.32,11.85,0
US-xSC,-78.1395,38.8929,2001,2,9,14.61,0.56,5.16,3.28,10.4,0
US-xSC,-78.1395,38.8929,2001,2,10,11.96,-3.96,-2.83,5.15,15.57,0.37
US-xSC,-78.1395,38.8929,2001,2,11,3.57,-5.23,-8.56,2.25,15.44,0.03
US-xSC,-78.1395,38.8929,2001,2,12,5.58,-3.31,-4.65,2.64,4.93,0.45
US-xSC,-78.1395,38.8929,2001,2,13,12.07,-0.97,2.05,1.64,9.92,0.05
US-xSC,-78.1395,38.8929,2001,2,14,9.95,1.53,5.62,2.64,7.71,2.28
US-xSC,-78.1395,38.8929,2001,2,15,10.54,2.71,6.31,1.86,3.7,1.94
US-xSC,-78.1395,38.8929,2001,2,16,8.72,1.71,4.2,1.78,3.41,10.56
US-xSC,-78.1395,38.8929,2001,2,17,1.37,-5.29,-7.79,4.95,15.39,1.38
US-xSC,-78.1395,38.8929,2001,2,18,1.57,-6.5,-10.61,2.67,17.36,0
US-xSC,-78.1395,38.8929,2001,2,19,8.01,-6.3,-4.92,2.84,13.93,0
US-xSC,-78.1395,38.8929,2001,2,20,14.58,-1.49,3.02,2.56,11.91,0.02
US-xSC,-78.1395,38.8929,2001,2,21,6.94,-6.73,-4.19,3.72,16.18,0.01
US-xSC,-78.1395,38.8929,2001,2,22,-2.83,-6.97,-8.96,2.3,2.48,6.3
US-xSC,-78.1395,38.8929,2001,2,23,5.99,-6.31,-4.38,2.3,16.93,0.02
US-xSC,-78.1395,38.8929,2001,2,24,2.81,-3.93,-4.7,2.25,12.1,0.12
US-xSC,-78.1395,38.8929,2001,2,25,11.69,-1.59,3.61,3.47,7.98,3.3
US-xSC,-78.1395,38.8929,2001,2,26,9.95,-1.15,-1.29,3.26,18.37,0
US-xSC,-78.1395,38.8929,2001,2,27,14.08,-2.93,-0.81,2.2,16.51,0.01
US-xSC,-78.1395,38.8929,2001,2,28,6.78,-5.29,-5.27,2.65,15.15,0.1
US-xSC,-78.1395,38.8929,2001,3,1,7.29,-5.28,-6.25,2.61,18.76,0
US-xSC,-78.1395,38.8929,2001,3,2,11.49,-2.01,-0.23,2.43,12.1,0
US-xSC,-78.1395,38.8929,2001,3,3,11.4,-0.06,1.8,1.72,11.38,0
US-xSC,-78.1395,38.8929,2001,3,4,3.9,0.15,1,3.11,2.98,11.27
US-xSC,-78.1395,38.8929,2001,3,5,4.72,-5.46,-4.17,4.31,9.93,1.97
US-xSC,-78.1395,38.8929,2001,3,6,0.95,-6.25,-7.38,6.06,11.26,0.31
US-xSC,-78.1395,38.8929,2001,3,7,6.74,-3.81,-3.46,4.05,15.33,0.12
US-xSC,-78.1395,38.8929,2001,3,8,9.32,-4.84,-2.94,2.02,16.35,0.43
US-xSC,-78.1395,38.8929,2001,3,9,4.56,-2.73,-4.48,3.35,13.67,0.16
US-xSC,-78.1395,38.8929,2001,3,10,7.4,-4.12,-5.7,2.6,20.42,0.01
US-xSC,-78.1395,38.8929,2001,3,11,14.65,-3.05,-0.79,2.63,17.49,0.22
US-xSC,-78.1395,38.8929,2001,3,12,12.33,-3.79,-0.82,2.67,18,3.49
US-xSC,-78.1395,38.8929,2001,3,13,16.46,3.31,3.97,2.97,14.24,3.04
US-xSC,-78.1395,38.8929,2001,3,14,12.54,0.41,0.03,3.74,21.16,0.32
US-xSC,-78.1395,38.8929,2001,3,15,9.73,0,1.4,1.76,3.34,6.78
US-xSC,-78.1395,38.8929,2001,3,16,8.01,0.82,3.64,1.76,1.82,2.56
US-xSC,-78.1395,38.8929,2001,3,17,13.84,0.47,1.87,3.04,12.92,0.12
US-xSC,-78.1395,38.8929,2001,3,18,9.37,-2.09,-5.5,4.15,22.63,0.03
US-xSC,-78.1395,38.8929,2001,3,19,11.28,-4.63,-5.23,2.14,22.97,0
US-xSC,-78.1395,38.8929,2001,3,20,7.96,-2.59,-1.75,2.7,10,6.87
US-xSC,-78.1395,38.8929,2001,3,21,5.32,1.02,2.65,4.92,4.94,38.55
US-xSC,-78.1395,38.8929,2001,3,22,11,1.86,1.1,5.5,14.4,0.5
US-xSC,-78.1395,38.8929,2001,3,23,12.46,-0.68,-0.59,4.04,13.89,0.03
US-xSC,-78.1395,38.8929,2001,3,24,12.79,-3.12,-0.74,3.79,11.75,0.21
US-xSC,-78.1395,38.8929,2001,3,25,8.6,-5.24,-5.83,2.2,23.19,0.01
US-xSC,-78.1395,38.8929,2001,3,26,1.62,-6.35,-10.15,3.27,23.54,0.04
US-xSC,-78.1395,38.8929,2001,3,27,4.22,-6.29,-8.44,2.28,21.86,0.01
US-xSC,-78.1395,38.8929,2001,3,28,9.84,-4.83,-5.54,1.71,23.72,0
US-xSC,-78.1395,38.8929,2001,3,29,6.72,-1.61,0.96,2.56,4.45,28.94
US-xSC,-78.1395,38.8929,2001,3,30,11,0.37,2.21,2.94,20.57,4.47
US-xSC,-78.1395,38.8929,2001,3,31,11.68,0.93,3.9,0.93,6.76,3.37
US-xSC,-78.1395,38.8929,2001,4,1,8.92,3.24,4.24,1.35,6.82,2.69
US-xSC,-78.1395,38.8929,2001,4,2,12.12,1.26,-1.11,3.33,23.43,0.06
US-xSC,-78.1395,38.8929,2001,4,3,14.69,1.03,3.17,2.09,12.48,0.01
US-xSC,-78.1395,38.8929,2001,4,4,14.35,3.14,1.41,2.21,20.43,0
US-xSC,-78.1395,38.8929,2001,4,5,17.73,1.98,3.59,1.98,23.63,0.01
US-xSC,-78.1395,38.8929,2001,4,6,24.15,7.41,13.01,2.54,7.73,5.83
US-xSC,-78.1395,38.8929,2001,4,7,22.44,8.02,14.62,2.89,11.37,0.23
US-xSC,-78.1395,38.8929,2001,4,8,26.85,6.93,13.28,2,18.19,1.15
US-xSC,-78.1395,38.8929,2001,4,9,25.07,15.46,17.32,2.3,21.51,4.97
US-xSC,-78.1395,38.8929,2001,4,10,19.56,11.64,12.91,2.08,14.2,7.74
US-xSC,-78.1395,38.8929,2001,4,11,15.78,9.14,10.67,2.14,6.64,10.21
US-xSC,-78.1395,38.8929,2001,4,12,23.57,9.88,13.92,2.52,15.05,1.6
US-xSC,-78.1395,38.8929,2001,4,13,22.15,9.38,10.31,2.96,19.37,1.06
US-xSC,-78.1395,38.8929,2001,4,14,21.06,4.7,6.65,1.94,25.69,0.04
US-xSC,-78.1395,38.8929,2001,4,15,20,8.59,11.07,1.8,13.03,7.27
US-xSC,-78.1395,38.8929,2001,4,16,14.07,5.71,5.53,3.08,16.39,2.85
US-xSC,-78.1395,38.8929,2001,4,17,7.87,-1.35,-3.38,3.57,18.34,0.26
US-xSC,-78.1395,38.8929,2001,4,18,8.47,-0.55,-3.78,4.27,20.16,0.04
US-xSC,-78.1395,38.8929,2001,4,19,15.39,-3.01,-0.32,2.04,22.12,0
US-xSC,-78.1395,38.8929,2001,4,20,16.55,5.46,5.67,2.19,13.29,0.19
US-xSC,-78.1395,38.8929,2001,4,21,21.65,9.34,11.48,2.38,10.33,0.96
US-xSC,-78.1395,38.8929,2001,4,22,26.91,12.38,15.61,1.98,17.63,0
US-xSC,-78.1395,38.8929,2001,4,23,29.31,14.05,16.2,2.07,24.39,0
US-xSC,-78.1395,38.8929,2001,4,24,24.24,9.07,11.13,3.33,13.87,0.27
US-xSC,-78.1395,38.8929,2001,4,25,13.55,4.95,0.89,2.19,19.29,0.01
US-xSC,-78.1395,38.8929,2001,4,26,17.93,0.82,0.16,1.66,28.54,0
US-xSC,-78.1395,38.8929,2001,4,27,22.68,3.49,7.34,2.63,23.45,0.01
US-xSC,-78.1395,38.8929,2001,4,28,18.22,4.97,3.34,2.69,28.81,0.01
US-xSC,-78.1395,38.8929,2001,4,29,19.56,1.04,1.08,1.46,28.63,0
US-xSC,-78.1395,38.8929,2001,4,30,25.77,4.05,7.31,1.71,27.52,0.03
US-xSC,-78.1395,38.8929,2001,5,1,28.86,9.84,9.99,1.37,26.27,0
US-xSC,-78.1395,38.8929,2001,5,2,29.38,12.28,13.14,1.52,23.65,0.04
US-xSC,-78.1395,38.8929,2001,5,3,31.08,14.55,13.11,1.59,24.6,0
US-xSC,-78.1395,38.8929,2001,5,4,31.52,16.75,14.42,1.58,20.22,0.43
US-xSC,-78.1395,38.8929,2001,5,5,28.96,15.61,13.64,2.13,15.96,1.1
US-xSC,-78.1395,38.8929,2001,5,6,19.5,8.88,7.48,2.68,13.49,0.02
US-xSC,-78.1395,38.8929,2001,5,7,20.28,4.05,2.42,2.17,29.92,0
US-xSC,-78.1395,38.8929,2001,5,8,22.92,5.69,9.38,1.86,21.19,0.99
US-xSC,-78.1395,38.8929,2001,5,9,24.75,11.26,8.87,1.77,25.35,0.21
US-xSC,-78.1395,38.8929,2001,5,10,27.84,10.15,6.85,1.5,24.84,0
US-xSC,-78.1395,38.8929,2001,5,11,30.16,12.04,10.52,2.2,25.57,0
US-xSC,-78.1395,38.8929,2001,5,12,24.66,12.8,11.38,2.91,15.11,0.34
US-xSC,-78.1395,38.8929,2001,5,13,20.74,8.51,1.93,2.73,29.6,0
US-xSC,-78.1395,38.8929,2001,5,14,20.56,4.75,1.33,2.13,25.88,0.1
US-xSC,-78.1395,38.8929,2001,5,15,21.14,6.99,4.58,1.34,9.77,0.55
US-xSC,-78.1395,38.8929,2001,5,16,21.11,7.1,6.16,2.09,9.58,1.38
US-xSC,-78.1395,38.8929,2001,5,17,16.43,9.63,10.42,2.37,6.58,2.31
US-xSC,-78.1395,38.8929,2001,5,18,25.19,12.16,14.95,1.02,11.93,10.5
US-xSC,-78.1395,38.8929,2001,5,19,25.74,15.17,15.12,1.13,9.55,17.41
US-xSC,-78.1395,38.8929,2001,5,20,20.63,12.83,13.55,2.28,5.68,6.04
US-xSC,-78.1395,38.8929,2001,5,21,21.75,11.82,14.66,1.99,4.95,14.21
US-xSC,-78.1395,38.8929,2001,5,22,26.89,12.26,16.39,1.91,12.95,21.4
US-xSC,-78.1395,38.8929,2001,5,23,22.67,8.48,7.51,1.45,28.23,0.18
US-xSC,-78.1395,38.8929,2001,5,24,24.19,10.92,9.36,2.08,23.68,1.22
US-xSC,-78.1395,38.8929,2001,5,25,21.96,11.73,13.63,2.64,13.27,4.32
US-xSC,-78.1395,38.8929,2001,5,26,21.7,12.12,12.86,1.86,18.44,9.56
US-xSC,-78.1395,38.8929,2001,5,27,22.21,10.37,12.5,1.95,18.05,4.43
US-xSC,-78.1395,38.8929,2001,5,28,22.54,10.39,10.72,2.04,21.38,0.91
US-xSC,-78.1395,38.8929,2001,5,29,23.53,10.31,11.11,2.07,24.67,0.36
US-xSC,-78.1395,38.8929,2001,5,30,20.23,9.06,5.63,2.82,28.35,0.05
US-xSC,-78.1395,38.8929,2001,5,31,22.56,4.7,1.5,1.53,25.15,0.01
US-xSC,-78.1395,38.8929,2001,6,1,22.05,9.43,14.26,2.23,8.1,4.71
US-xSC,-78.1395,38.8929,2001,6,2,25.61,12.36,12.58,1.49,23.42,1.53
US-xSC,-78.1395,38.8929,2001,6,3,21.02,11.07,9.5,2.46,20.23,0.47
US-xSC,-78.1395,38.8929,2001,6,4,25.34,9.21,11.14,1.5,19.56,8.75
US-xSC,-78.1395,38.8929,2001,6,5,27.94,13.25,14.88,1.33,23.79,3.82
US-xSC,-78.1395,38.8929,2001,6,6,27.4,16.58,18.37,1.18,16.58,18.43
US-xSC,-78.1395,38.8929,2001,6,7,24.16,15.36,16.2,1.64,17.25,4.38
US-xSC,-78.1395,38.8929,2001,6,8,25.63,13.05,12.96,1.68,23.13,0.07
US-xSC,-78.1395,38.8929,2001,6,9,25.93,11.68,9.96,2.02,27.32,0
US-xSC,-78.1395,38.8929,2001,6,10,28.09,11.9,11.31,1.77,27.48,0.03
US-xSC,-78.1395,38.8929,2001,6,11,30.14,14.12,14.15,2.25,28.4,0.05
US-xSC,-78.1395,38.8929,2001,6,12,33.39,17.53,17.93,1.76,23.71,0.7
US-xSC,-78.1395,38.8929,2001,6,13,30.44,20.13,20.24,1.36,21.89,2.54
US-xSC,-78.1395,38.8929,2001,6,14,31.09,19.53,18.97,1.85,23.26,0.43
US-xSC,-78.1395,38.8929,2001,6,15,28.72,19.24,20.31,1.6,12.47,5.07
US-xSC,-78.1395,38.8929,2001,6,16,28.88,20.04,20.16,2.28,13.9,8.72
US-xSC,-78.1395,38.8929,2001,6,17,30.02,16.4,12.55,3.06,31.09,0
US-xSC,-78.1395,38.8929,2001,6,18,31.14,14.25,10.52,1.43,31.75,0.01
US-xSC,-78.1395,38.8929,2001,6,19,34.11,14.42,11.79,1.81,30.78,0
US-xSC,-78.1395,38.8929,2001,6,20,34.62,16.97,15.78,1.35,27.03,10.67
US-xSC,-78.1395,38.8929,2001,6,21,31.99,18.53,17.58,1.32,24.48,7.37
US-xSC,-78.1395,38.8929,2001,6,22,29.41,18.99,19.54,1.71,19.41,30.22
US-xSC,-78.1395,38.8929,2001,6,23,23.49,17.25,16.8,1.7,16.03,3.96
US-xSC,-78.1395,38.8929,2001,6,24,26.11,13.67,12.79,1.38,28.38,0.01
US-xSC,-78.1395,38.8929,2001,6,25,28.16,13.66,12.75,1.4,28.21,0.02
US-xSC,-78.1395,38.8929,2001,6,26,30.82,15.65,15.03,1.31,29.19,0.01
US-xSC,-78.1395,38.8929,2001,6,27,33.25,17.55,16.48,1.19,28.56,0.62
US-xSC,-78.1395,38.8929,2001,6,28,33.77,19.68,16.85,1.67,27.23,0.08
US-xSC,-78.1395,38.8929,2001,6,29,34.62,18.99,16.39,1.44,24.36,1.34
US-xSC,-78.1395,38.8929,2001,6,30,33.35,20.46,18.51,1.76,23.35,1.93
US-xSC,-78.1395,38.8929,2001,7,1,31.12,16.39,18.39,2.63,19.63,6.95
US-xSC,-78.1395,38.8929,2001,7,2,24.02,12.02,5.33,2.09,31.31,0.01
US-xSC,-78.1395,38.8929,2001,7,3,29.77,10.43,11.86,1.89,22.29,2.2
US-xSC,-78.1395,38.8929,2001,7,4,31.39,17.32,18.16,1.43,16.24,6.35
US-xSC,-78.1395,38.8929,2001,7,5,29.73,17.28,16.52,2.19,23.78,2.49
US-xSC,-78.1395,38.8929,2001,7,6,26.9,12.9,7.48,1.9,31.59,0
US-xSC,-78.1395,38.8929,2001,7,7,29.86,14.64,10.12,1.95,29.41,11.02
US-xSC,-78.1395,38.8929,2001,7,8,32.43,18.46,19.57,1.8,17.36,3.82
US-xSC,-78.1395,38.8929,2001,7,9,32.35,16.62,13.31,1.73,29.62,0.01
US-xSC,-78.1395,38.8929,2001,7,10,33.62,16.79,15.87,1.86,25.98,2.64
US-xSC,-78.1395,38.8929,2001,7,11,28.94,17.78,12.95,2.66,27.55,0.02
US-xSC,-78.1395,38.8929,2001,7,12,26.92,13.7,10.38,1.91,23.36,0.05
US-xSC,-78.1395,38.8929,2001,7,13,27.79,12.78,8.35,1.97,28.26,0
US-xSC,-78.1395,38.8929,2001,7,14,28.32,13.09,9.4,2.35,26.97,0
US-xSC,-78.1395,38.8929,2001,7,15,29.97,14.96,10.52,1.63,27.99,0
US-xSC,-78.1395,38.8929,2001,7,16,32.61,16.03,11.91,1.27,23.21,0.04
US-xSC,-78.1395,38.8929,2001,7,17,33.29,18.54,13.53,1.6,21.84,0.1
US-xSC,-78.1395,38.8929,2001,7,18,28.67,19.35,18.48,1.1,10.84,11.68
US-xSC,-78.1395,38.8929,2001,7,19,29.42,18.96,16.57,1.84,14.2,0.44
US-xSC,-78.1395,38.8929,2001,7,20,28.92,15.84,12.53,1.57,24.24,0
US-xSC,-78.1395,38.8929,2001,7,21,29.84,13.82,7.95,1.65,29.94,0
US-xSC,-78.1395,38.8929,2001,7,22,32.63,14.82,9.4,1.57,28.32,0
US-xSC,-78.1395,38.8929,2001,7,23,34.86,15.46,11.55,1.55,27.44,0
US-xSC,-78.1395,38.8929,2001,7,24,36.81,19.65,17.57,1.73,25.17,0.31
US-xSC,-78.1395,38.8929,2001,7,25,35.41,20.27,19.1,1.84,20.23,6.11
US-xSC,-78.1395,38.8929,2001,7,26,31.72,17.66,20.01,1.88,11.69,11.08
US-xSC,-78.1395,38.8929,2001,7,27,27.47,14.48,11.6,1.67,18.24,0.33
US-xSC,-78.1395,38.8929,2001,7,28,27.6,14.69,10.92,2.12,9.94,2.01
US-xSC,-78.1395,38.8929,2001,7,29,19.84,14.67,15.92,2.3,5.13,42.95
US-xSC,-78.1395,38.8929,2001,7,30,25.4,16.18,16.75,1.38,12.37,3.18
US-xSC,-78.1395,38.8929,2001,7,31,28.16,15.23,16.69,1.35,17.53,1.1
US-xSC,-78.1395,38.8929,2001,8,1,29.8,16.37,14.89,1.66,23.39,0.04
US-xSC,-78.1395,38.8929,2001,8,2,31.15,15.81,12.44,1.76,27.43,0.02
US-xSC,-78.1395,38.8929,2001,8,3,31.49,16.48,16.53,1.36,19.49,5.26
US-xSC,-78.1395,38.8929,2001,8,4,34.12,19.69,19.19,0.94,16.41,2.99
US-xSC,-78.1395,38.8929,2001,8,5,32.76,18.89,18.36,1.21,20.71,0.41
US-xSC,-78.1395,38.8929,2001,8,6,34.58,20.89,18.59,1.47,23.33,0.61
US-xSC,-78.1395,38.8929,2001,8,7,35.29,20.32,16.06,1.99,25.91,0
US-xSC,-78.1395,38.8929,2001,8,8,36.11,20.67,18.48,1.93,23.9,0.2
US-xSC,-78.1395,38.8929,2001,8,9,37.24,22.27,18.67,1.54,23.38,0.12
US-xSC,-78.1395,38.8929,2001,8,10,33.04,22.46,21.32,1.59,16.32,5.63
US-xSC,-78.1395,38.8929,2001,8,11,31.13,20.97,21.08,1.06,11.81,13.31
US-xSC,-78.1395,38.8929,2001,8,12,30.83,20.16,21.24,1.19,11.74,18.95
US-xSC,-78.1395,38.8929,2001,8,13,30.64,19.05,19.27,1.35,14.6,3.29
US-xSC,-78.1395,38.8929,2001,8,14,29.71,16.73,14.45,1.77,23.19,0.1
US-xSC,-78.1395,38.8929,2001,8,15,30.61,13.21,10,1.39,25.27,0
US-xSC,-78.1395,38.8929,2001,8,16,30.96,16.61,17.02,2.44,18.69,0.69
US-xSC,-78.1395,38.8929,2001,8,17,31.97,18.01,16.61,2.23,18.96,0.23
US-xSC,-78.1395,38.8929,2001,8,18,29.36,15.97,12.95,0.98,16.79,0.22
US-xSC,-78.1395,38.8929,2001,8,19,28.69,19.52,17.65,1.44,17.27,11.23
US-xSC,-78.1395,38.8929,2001,8,20,29,17.38,15.46,1.59,21.16,0.39
US-xSC,-78.1395,38.8929,2001,8,21,28.75,15.48,13.31,2.01,21.9,0
US-xSC,-78.1395,38.8929,2001,8,22,30.98,14.34,11.14,1.57,24.78,0.24
US-xSC,-78.1395,38.8929,2001,8,23,31.13,16.55,17.97,1.7,13.77,10.88
US-xSC,-78.1395,38.8929,2001,8,24,29.73,17.7,15.79,1.96,21.49,0.12
US-xSC,-78.1395,38.8929,2001,8,25,29.59,17.46,14.72,1.43,19.89,0.27
US-xSC,-78.1395,38.8929,2001,8,26,30.52,15.43,16.68,1.99,20.39,5.09
US-xSC,-78.1395,38.8929,2001,8,27,30.2,19.08,18.27,1.63,14.95,1.61
US-xSC,-78.1395,38.8929,2001,8,28,33.21,17.57,13.7,1.66,20.5,0.25
US-xSC,-78.1395,38.8929,2001,8,29,30.51,17.85,16.58,1.1,14.6,0.67
US-xSC,-78.1395,38.8929,2001,8,30,31.75,18.34,18.53,1.51,14.78,3.46
US-xSC,-78.1395,38.8929,2001,8,31,30.8,18.55,19.45,1.41,17.5,6.73
US-xSC,-78.1395,38.8929,2001,9,1,29.04,15.53,13.92,1.78,16.04,0.1
US-xSC,-78.1395,38.8929,2001,9,2,26.98,11.27,8.98,1.25,20.61,0
US-xSC,-78.1395,38.8929,2001,9,3,29.28,13.02,13.16,1.92,15.23,0.26
US-xSC,-78.1395,38.8929,2001,9,4,31.93,17.54,16.92,1.65,19.6,0.94
US-xSC,-78.1395,38.8929,2001,9,5,27.79,14.76,10.19,1.84,24.03,0
US-xSC,-78.1395,38.8929,2001,9,6,30.03,11.36,6.27,1.42,23.79,0
US-xSC,-78.1395,38.8929,2001,9,7,31.53,12.62,10.8,1.84,21.29,0
US-xSC,-78.1395,38.8929,2001,9,8,30.9,13.98,12.55,1.83,21.94,0.04
US-xSC,-78.1395,38.8929,2001,9,9,30.37,14.6,16.33,2.17,18.61,1.29
US-xSC,-78.1395,38.8929,2001,9,10,28.68,16.09,18.08,1.75,10.31,2.24
US-xSC,-78.1395,38.8929,2001,9,11,29.1,12.29,7.78,2,23.65,0
US-xSC,-78.1395,38.8929,2001,9,12,28.32,12.05,8.08,1.56,22.94,0.01
US-xSC,-78.1395,38.8929,2001,9,13,32.51,12.45,9.24,1.59,21.47,0
US-xSC,-78.1395,38.8929,2001,9,14,20.95,9.38,7.94,2.76,12.86,2.17
US-xSC,-78.1395,38.8929,2001,9,15,21.95,6.91,2.32,1.91,23.25,0
US-xSC,-78.1395,38.8929,2001,9,16,24.25,8.43,2.47,1.37,23.03,0.03
US-xSC,-78.1395,38.8929,2001,9,17,27.64,9.98,3.26,1.36,21.83,0
US-xSC,-78.1395,38.8929,2001,9,18,28.75,11.45,6.7,1.37,17.13,0.09
US-xSC,-78.1395,38.8929,2001,9,19,26.85,13.24,9.3,2.35,15.61,0.37
US-xSC,-78.1395,38.8929,2001,9,20,24.54,14.54,16.15,1.82,7.4,7.53
US-xSC,-78.1395,38.8929,2001,9,21,27.85,12.5,11.69,1.45,17.87,0.09
US-xSC,-78.1395,38.8929,2001,9,22,29.21,13.92,10.6,1.67,16.86,0.02
US-xSC,-78.1395,38.8929,2001,9,23,28.58,12.52,10.52,1.37,18.82,0.45
US-xSC,-78.1395,38.8929,2001,9,24,22.03,12.83,16.07,2.22,4.01,32.53
US-xSC,-78.1395,38.8929,2001,9,25,18.17,6.19,5.84,2.35,17.19,0.91
US-xSC,-78.1395,38.8929,2001,9,26,19.05,4.33,1.76,1.87,16.28,0
US-xSC,-78.1395,38.8929,2001,9,27,19.76,6.55,4.23,2.16,14.43,0.31
US-xSC,-78.1395,38.8929,2001,9,28,17.72,6.02,5.71,2.27,11.91,0.13
US-xSC,-78.1395,38.8929,2001,9,29,19.04,7.46,6.41,2.54,13.4,0.01
US-xSC,-78.1395,38.8929,2001,9,30,17.86,7.31,1.95,2.52,19.36,0
US-xSC,-78.1395,38.8929,2001,10,1,22.11,6.57,2.46,2.37,15.29,0
US-xSC,-78.1395,38.8929,2001,10,2,26.91,8.73,8.86,2.07,17.27,0
US-xSC,-78.1395,38.8929,2001,10,3,28.53,12.06,10.02,1.95,18.22,0
US-xSC,-78.1395,38.8929,2001,10,4,27.86,10.91,6.11,2.02,19.2,0
US-xSC,-78.1395,38.8929,2001,10,5,26.9,10.88,7.35,2.76,17.81,0.01
US-xSC,-78.1395,38.8929,2001,10,6,18.4,6.07,4.02,3.34,13.63,0.6
US-xSC,-78.1395,38.8929,2001,10,7,13.66,2.3,-4.46,2.81,18.95,0
US-xSC,-78.1395,38.8929,2001,10,8,13.93,-0.17,-6.14,2.05,19.37,0
US-xSC,-78.1395,38.8929,2001,10,9,17.2,0.29,-5.73,2.23,18.86,0
US-xSC,-78.1395,38.8929,2001,10,10,22.89,3.42,2.15,2.12,16.53,0
US-xSC,-78.1395,38.8929,2001,10,11,25.31,8.19,9.55,2.04,14.41,0.01
US-xSC,-78.1395,38.8929,2001,10,12,24.41,9.68,11.1,1.99,9.63,0.13
US-xSC,-78.1395,38.8929,2001,10,13,27.01,11.88,12.83,2.17,13.47,0
US-xSC,-78.1395,38.8929,2001,10,14,22.78,12.07,14.56,3.51,3.94,18.7
US-xSC,-78.1395,38.8929,2001,10,15,20.33,7.65,3.48,1.96,17.77,0.05
US-xSC,-78.1395,38.8929,2001,10,16,20.17,5.15,4.39,3.08,10.1,3.39
US-xSC,-78.1395,38.8929,2001,10,17,13.36,3.31,-1.37,3.67,13.75,0.07
US-xSC,-78.1395,38.8929,2001,10,18,16.57,-0.02,-3.16,1.64,17.34,0
US-xSC,-78.1395,38.8929,2001,10,19,20.25,1.62,-0.28,1.92,15.55,0
US-xSC,-78.1395,38.8929,2001,10,20,23.52,6.56,4.86,1.83,15.72,0
US-xSC,-78.1395,38.8929,2001,10,21,25.5,7.54,6.7,2.35,15.84,0
US-xSC,-78.1395,38.8929,2001,10,22,27.27,9.96,8.69,1.53,13.99,0.01
US-xSC,-78.1395,38.8929,2001,10,23,26.08,8.51,9.97,2.28,12.15,0
US-xSC,-78.1395,38.8929,2001,10,24,28.39,13.07,12.77,2.17,14.14,0.04
US-xSC,-78.1395,38.8929,2001,10,25,20.57,10.68,2.62,3.76,15.88,0.17
US-xSC,-78.1395,38.8929,2001,10,26,11.67,4.11,-4.73,4.06,13.25,0.03
US-xSC,-78.1395,38.8929,2001,10,27,9.1,2.43,-2.41,3.54,8.49,0.08
US-xSC,-78.1395,38.8929,2001,10,28,11.14,0.15,-4.17,2.3,13.77,0
US-xSC,-78.1395,38.8929,2001,10,29,17.85,-1.85,-3.64,1.55,15.06,0
US-xSC,-78.1395,38.8929,2001,10,30,17.65,4.15,1.07,2.02,12.34,0
US-xSC,-78.1395,38.8929,2001,10,31,18.51,4.1,3.06,2.09,13.03,0
US-xSC,-78.1395,38.8929,2001,11,1,23.32,3.99,5.62,2.01,12.39,0
US-xSC,-78.1395,38.8929,2001,11,2,24.4,11.11,10.87,2.46,10.66,0.11
US-xSC,-78.1395,38.8929,2001,11,3,21.47,7.89,5.5,2.12,11.79,0.34
US-xSC,-78.1395,38.8929,2001,11,4,20.44,4.31,2.22,2.17,14.09,0
US-xSC,-78.1395,38.8929,2001,11,5,12.46,2.05,-2.83,3.15,14.56,0.01
US-xSC,-78.1395,38.8929,2001,11,6,14.71,-0.47,-3.58,2.58,14.24,0
US-xSC,-78.1395,38.8929,2001,11,7,20.99,4.22,0.67,2.72,13.4,0
US-xSC,-78.1395,38.8929,2001,11,8,21.34,5.17,1.65,2.25,13.33,0.02
US-xSC,-78.1395,38.8929,2001,11,9,14.16,2.37,-1.66,3.07,13.46,0.02
US-xSC,-78.1395,38.8929,2001,11,10,20.72,0.6,-4.07,2.46,9.98,0
US-xSC,-78.1395,38.8929,2001,11,11,12.44,-0.03,-1.82,2.48,12.14,0
US-xSC,-78.1395,38.8929,2001,11,12,11.45,-2.65,-4.7,1.34,12.88,0
US-xSC,-78.1395,38.8929,2001,11,13,14.31,0.96,-3.27,1.82,12.95,0
US-xSC,-78.1395,38.8929,2001,11,14,19.51,-1.7,-1.79,1.7,12.06,0
US-xSC,-78.1395,38.8929,2001,11,15,21.8,3.49,3.2,1.7,10.93,0
US-xSC,-78.1395,38.8929,2001,11,16,22.98,6.26,7.23,2.25,10.72,0.03
US-xSC,-78.1395,38.8929,2001,11,17,16.13,3.63,4.5,1.73,11.01,0
US-xSC,-78.1395,38.8929,2001,11,18,16.53,3.16,3.96,1.83,11.22,0.03
US-xSC,-78.1395,38.8929,2001,11,19,21.79,3.27,5.02,2.26,10.44,0.02
US-xSC,-78.1395,38.8929,2001,11,20,10.61,-0.04,-2.3,3.08,10.75,0.25
US-xSC,-78.1395,38.8929,2001,11,21,10.55,-3.14,-5.58,1.74,11.65,0
US-xSC,-78.1395,38.8929,2001,11,22,15.81,-1.78,-5.02,1.55,10.95,0
US-xSC,-78.1395,38.8929,2001,11,23,16.6,1.39,-1.54,1.7,10.91,0
US-xSC,-78.1395,38.8929,2001,11,24,15.95,3.36,8.84,2.2,3,2.79
US-xSC,-78.1395,38.8929,2001,11,25,19.62,7.66,14.18,3.53,2.02,16.52
US-xSC,-78.1395,38.8929,2001,11,26,18.6,4.11,6.27,1.65,8.64,0.03
US-xSC,-78.1395,38.8929,2001,11,27,14.66,5.11,8.57,1.48,3.77,0.5
US-xSC,-78.1395,38.8929,2001,11,28,21,9.51,12.24,1.6,6.5,0.26
US-xSC,-78.1395,38.8929,2001,11,29,16.49,9.91,12.15,1.9,5.87,0.25
US-xSC,-78.1395,38.8929,2001,11,30,21.78,12.09,14.72,3.46,3.27,1.67
US-xSC,-78.1395,38.8929,2001,12,1,19.88,5.71,5.73,1.94,10.65,0.01
US-xSC,-78.1395,38.8929,2001,12,2,11.81,4.62,1.26,1.45,6.6,0.02
US-xSC,-78.1395,38.8929,2001,12,3,16.1,1.95,-1.51,1.95,10.96,0
US-xSC,-78.1395,38.8929,2001,12,4,21.62,2.22,-0.53,1.92,10.44,0
US-xSC,-78.1395,38.8929,2001,12,5,25.93,7.4,4.46,2,10.02,0
US-xSC,-78.1395,38.8929,2001,12,6,21.69,9.01,7.97,1.81,9.41,0.1
US-xSC,-78.1395,38.8929,2001,12,7,15.5,6.28,7.32,1.83,3.01,0.98
US-xSC,-78.1395,38.8929,2001,12,8,6.01,3.85,3.69,1.72,1.24,10.67
US-xSC,-78.1395,38.8929,2001,12,9,9.74,0.29,0.57,2.53,6.68,0.36
US-xSC,-78.1395,38.8929,2001,12,10,6.91,-3.18,-1.26,1.7,3.31,2.68
US-xSC,-78.1395,38.8929,2001,12,11,10.56,2.12,3.78,1.38,3.82,9.48
US-xSC,-78.1395,38.8929,2001,12,12,8.02,0.72,3.62,1.55,2.91,0.8
US-xSC,-78.1395,38.8929,2001,12,13,17.24,5.93,9.31,2.07,4.15,1.29
US-xSC,-78.1395,38.8929,2001,12,14,15.39,9.39,10.84,2.53,3.1,3.72
US-xSC,-78.1395,38.8929,2001,12,15,10.51,0.72,-0.13,2.93,8.28,0
US-xSC,-78.1395,38.8929,2001,12,16,8.3,-0.76,-1.6,1.55,6.46,0.21
US-xSC,-78.1395,38.8929,2001,12,17,10.87,2.08,4.41,3.06,5.19,3.86
US-xSC,-78.1395,38.8929,2001,12,18,10,-0.24,2.25,4.26,8.7,0.47
US-xSC,-78.1395,38.8929,2001,12,19,11,-1.54,-0.27,2.35,10.03,0
US-xSC,-78.1395,38.8929,2001,12,20,5,-0.01,-6.18,4.56,10.61,0.06
US-xSC,-78.1395,38.8929,2001,12,21,4.99,-3.97,-6.91,3.46,10.58,0
US-xSC,-78.1395,38.8929,2001,12,22,6.82,-4.99,-6.63,1.63,10.15,0
US-xSC,-78.1395,38.8929,2001,12,23,5.75,-3.67,-1.01,2.6,5.34,3.99
US-xSC,-78.1395,38.8929,2001,12,24,5.81,-5.63,-4.32,2.35,8.02,0.14
US-xSC,-78.1395,38.8929,2001,12,25,2.66,-5.74,-8.96,1.44,9.18,0
US-xSC,-78.1395,38.8929,2001,12,26,2.57,-5.56,-9.23,1.79,9.96,0
US-xSC,-78.1395,38.8929,2001,12,27,1.31,-5.11,-9.25,2.45,7.05,0.04
US-xSC,-78.1395,38.8929,2001,12,28,4.77,-6.88,-6.84,2.46,7.69,0.19
US-xSC,-78.1395,38.8929,2001,12,29,3.16,-5.47,-7.2,3.03,7.57,0.03
US-xSC,-78.1395,38.8929,2001,12,30,-2.01,-9.66,-13.53,2.9,10.73,0.01
US-xSC,-78.1395,38.8929,2001,12,31,0.8,-11.25,-12.2,1.98,10.11,0
US-xSC,-78.1395,38.8929,2002,1,1,-0.06,-11.61,-11.89,2.31,10.92,0.04
US-xSC,-78.1395,38.8929,2002,1,2,1.6,-9.31,-10.22,1.5,9.22,0.06
US-xSC,-78.1395,38.8929,2002,1,3,1.75,-6.42,-8.82,2.88,5.47,0.17
US-xSC,-78.1395,38.8929,2002,1,4,4.04,-6.08,-9.34,2.93,11,0
US-xSC,-78.1395,38.8929,2002,1,5,5.55,-6.8,-7.63,2.06,5.8,0.01
US-xSC,-78.1395,38.8929,2002,1,6,0.72,-3.03,-4.33,1.87,4.17,11.75
US-xSC,-78.1395,38.8929,2002,1,7,0.97,-4.66,-3.09,3.42,3.29,0.79
US-xSC,-78.1395,38.8929,2002,1,8,1.84,-8.29,-7.29,2.69,9.34,0
US-xSC,-78.1395,38.8929,2002,1,9,4.09,-6.01,-2.1,2.46,5.95,0.39
US-xSC,-78.1395,38.8929,2002,1,10,9.89,1.1,4.26,2.51,7.28,0.07
US-xSC,-78.1395,38.8929,2002,1,11,6.58,-1.92,0.13,3.38,7.76,3.31
US-xSC,-78.1395,38.8929,2002,1,12,8.59,-4.37,-3.57,2.46,11.08,0.01
US-xSC,-78.1395,38.8929,2002,1,13,5.68,-3.89,-4.74,3.95,11.2,0.05
US-xSC,-78.1395,38.8929,2002,1,14,9.67,-3.13,-3.05,2.88,9.51,0.01
US-xSC,-78.1395,38.8929,2002,1,15,9.05,-1.29,-2.3,3.45,9.23,0.01
US-xSC,-78.1395,38.8929,2002,1,16,3.98,-3.49,-4.63,2.09,6.35,0
US-xSC,-78.1395,38.8929,2002,1,17,9.52,-1.7,-2.94,2.62,7.8,0.01
US-xSC,-78.1395,38.8929,2002,1,18,4.74,-4.11,-6.73,2.72,11.67,0.02
US-xSC,-78.1395,38.8929,2002,1,19,-0.26,-2.83,-3.75,1.9,2.26,8.04
US-xSC,-78.1395,38.8929,2002,1,20,4.46,-6.27,-5.15,2.14,8.1,0
US-xSC,-78.1395,38.8929,2002,1,21,8.35,-4.25,-1.53,2.93,8.92,0.38
US-xSC,-78.1395,38.8929,2002,1,22,11.18,-3.36,-2.35,2.65,11.98,0
US-xSC,-78.1395,38.8929,2002,1,23,10.92,2.08,3.58,3.44,6.14,1
US-xSC,-78.1395,38.8929,2002,1,24,17.26,3.91,6.69,2.64,2.5,8.23
US-xSC,-78.1395,38.8929,2002,1,25,8.59,-2.95,-4.29,3.15,13.04,0.05
US-xSC,-78.1395,38.8929,2002,1,26,14.18,-4.17,-4.46,2.15,13.15,0.02
US-xSC,-78.1395,38.8929,2002,1,27,17.47,-3.87,-1.22,2,12.66,0
US-xSC,-78.1395,38.8929,2002,1,28,18.96,-0.9,1.66,2.16,12.18,0
US-xSC,-78.1395,38.8929,2002,1,29,21.08,6.37,9.54,2.48,8.78,0.06
US-xSC,-78.1395,38.8929,2002,1,30,21.23,8.67,12.02,2.41,7.28,4.12
US-xSC,-78.1395,38.8929,2002,1,31,11.24,6.93,7.96,2.24,5.24,1.03
US-xSC,-78.1395,38.8929,2002,2,1,21.92,1.07,5.85,5.14,6.15,0.46
US-xSC,-78.1395,38.8929,2002,2,2,5.46,-2.95,-8.01,2.74,13.63,0
US-xSC,-78.1395,38.8929,2002,2,3,5.95,-3.37,-5.3,2.25,6.71,0.04
US-xSC,-78.1395,38.8929,2002,2,4,3.66,-6.75,-8.39,5.26,9.74,0.13
US-xSC,-78.1395,38.8929,2002,2,5,3.65,-7.41,-12.55,3.95,13.1,0
US-xSC,-78.1395,38.8929,2002,2,6,6.21,-4.17,-5.92,1.96,8.42,0.56
US-xSC,-78.1395,38.8929,2002,2,7,8.35,-1.47,-0.19,1.69,7,4.07
US-xSC,-78.1395,38.8929,2002,2,8,14.84,-2.61,-2.13,2.59,14.96,0
US-xSC,-78.1395,38.8929,2002,2,9,11.59,-3.22,-0.65,2.38,14.72,0
US-xSC,-78.1395,38.8929,2002,2,10,11.56,0.14,4.04,2.73,3.03,2.55
US-xSC,-78.1395,38.8929,2002,2,11,4.9,-5.27,-6.85,4.83,15.51,0.09
US-xSC,-78.1395,38.8929,2002,2,12,10.06,-4.93,-4.81,3.08,12.81,0.01
US-xSC,-78.1395,38.8929,2002,2,13,5.59,-6.04,-6.65,3.14,12.8,0.04
US-xSC,-78.1395,38.8929,2002,2,14,7.9,-5.99,-9.64,1.8,16.28,0
US-xSC,-78.1395,38.8929,2002,2,15,9.07,-3.44,-3.33,3.11,10.96,0
US-xSC,-78.1395,38.8929,2002,2,16,13.36,1.79,-1.03,2.55,15.87,0.08
US-xSC,-78.1395,38.8929,2002,2,17,4.44,-3.48,-5.38,4.73,10.2,0.2
US-xSC,-78.1395,38.8929,2002,2,18,8.43,-5.13,-9.85,2.46,16.86,0
US-xSC,-78.1395,38.8929,2002,2,19,16.71,-2.75,-4.95,1.67,13.77,0
US-xSC,-78.1395,38.8929,2002,2,20,16.99,4.87,5.55,3.87,6.78,0.29
US-xSC,-78.1395,38.8929,2002,2,21,16.27,2.4,3.66,2.76,15.48,0.02
US-xSC,-78.1395,38.8929,2002,2,22,9.22,-2.81,-2.03,2.84,9.95,0
US-xSC,-78.1395,38.8929,2002,2,23,8.94,-4.4,-6.46,2.21,13.56,0
US-xSC,-78.1395,38.8929,2002,2,24,12.39,-5.32,-6.81,1.77,17.87,0
US-xSC,-78.1395,38.8929,2002,2,25,18.11,-1.37,-1.51,2.61,14.83,0
US-xSC,-78.1395,38.8929,2002,2,26,18.83,1.37,2.32,3.82,12.37,0.14
US-xSC,-78.1395,38.8929,2002,2,27,0.25,-4.95,-11.38,4.97,15.55,0.54
US-xSC,-78.1395,38.8929,2002,2,28,4.43,-6.04,-10.64,3.22,18.43,0
US-xSC,-78.1395,38.8929,2002,3,1,10.14,-6.06,-7.75,1.98,18.34,0
US-xSC,-78.1395,38.8929,2002,3,2,6.92,-3.31,-0.7,2.62,3.9,21.08
US-xSC,-78.1395,38.8929,2002,3,3,10.32,-3.19,1.14,3.55,10.13,0.5
US-xSC,-78.1395,38.8929,2002,3,4,-1.85,-8,-15.11,4.63,19.24,0.02
US-xSC,-78.1395,38.8929,2002,3,5,6.57,-8.03,-10.06,2.65,18.69,0
US-xSC,-78.1395,38.8929,2002,3,6,15.51,-2.19,-2.1,2.78,16.62,0
US-xSC,-78.1395,38.8929,2002,3,7,19.31,-0.39,1.78,1.86,15.97,0
US-xSC,-78.1395,38.8929,2002,3,8,22,6.6,3.67,2.2,18.83,0
US-xSC,-78.1395,38.8929,2002,3,9,19.56,5.21,10.84,4.4,7.02,1.27
US-xSC,-78.1395,38.8929,2002,3,10,7.85,-2.78,-9.87,5.99,21.69,0
US-xSC,-78.1395,38.8929,2002,3,11,9.6,-5.6,-9.46,1.87,18.68,0
US-xSC,-78.1395,38.8929,2002,3,12,11.81,-0.05,1.73,1.7,3.91,2.55
US-xSC,-78.1395,38.8929,2002,3,13,11.8,4.44,6.72,1.31,4.37,7.05
US-xSC,-78.1395,38.8929,2002,3,14,21.58,5.28,6.34,2.33,19.07,0.07
US-xSC,-78.1395,38.8929,2002,3,15,25.09,9.11,9.92,2.8,17.11,0.44
US-xSC,-78.1395,38.8929,2002,3,16,18.04,5.36,8.98,2.93,6.01,0.94
US-xSC,-78.1395,38.8929,2002,3,17,4.71,1.46,-0.73,2.85,2.93,7.87
US-xSC,-78.1395,38.8929,2002,3,18,11.35,2.02,4.1,0.98,8.59,3.83
US-xSC,-78.1395,38.8929,2002,3,19,9.96,1.85,2.88,1.98,5.85,11.8
US-xSC,-78.1395,38.8929,2002,3,20,12.93,2.2,5.08,3.22,5.29,14.2
US-xSC,-78.1395,38.8929,2002,3,21,16.49,-2.62,-0.13,3.22,21.61,0.17
US-xSC,-78.1395,38.8929,2002,3,22,0.88,-5.91,-12.38,4.42,22.63,0.06
US-xSC,-78.1395,38.8929,2002,3,23,10.75,-4.79,-7.23,3.12,22.62,0
US-xSC,-78.1395,38.8929,2002,3,24,14.43,-3.03,-1.38,1.9,19.16,0.01
US-xSC,-78.1395,38.8929,2002,3,25,16.08,1.15,2.75,2.81,16.86,0.26
US-xSC,-78.1395,38.8929,2002,3,26,9.55,3.35,4.98,2.8,5.91,13.86
US-xSC,-78.1395,38.8929,2002,3,27,10.73,-1.19,-1.7,3.55,15.74,0.09
US-xSC,-78.1395,38.8929,2002,3,28,13.24,-4.3,-3.18,1.6,23.64,0
US-xSC,-78.1395,38.8929,2002,3,29,19.9,2.08,5.49,3.4,21.09,0.03
US-xSC,-78.1395,38.8929,2002,3,30,21.32,9.13,6.09,2.5,16.58,0.42
US-xSC,-78.1395,38.8929,2002,3,31,12.24,5.66,6.38,1.54,3.96,11.13
US-xSC,-78.1395,38.8929,2002,4,1,13.24,2.88,0.79,3.14,23.33,0.01
US-xSC,-78.1395,38.8929,2002,4,2,21.16,0.92,4.57,3.4,22.1,0.01
US-xSC,-78.1395,38.8929,2002,4,3,17.88,1.49,5.24,3.98,11.29,0.11
US-xSC,-78.1395,38.8929,2002,4,4,11.89,-1.25,-3.88,2.42,24.42,0.05
US-xSC,-78.1395,38.8929,2002,4,5,10.37,-3.8,-4.5,2.41,21.38,0.03
US-xSC,-78.1395,38.8929,2002,4,6,7.57,-2.8,-5.97,2.6,19.62,0.04
US-xSC,-78.1395,38.8929,2002,4,7,13.09,-4.64,-4.31,2.2,25.26,0
US-xSC,-78.1395,38.8929,2002,4,8,21.66,2.92,5.19,3.1,20.13,0.1
US-xSC,-78.1395,38.8929,2002,4,9,21.92,11.1,13.15,3.42,5.62,6.42
US-xSC,-78.1395,38.8929,2002,4,10,18.92,6.32,3.03,2.67,26.36,0.13
US-xSC,-78.1395,38.8929,2002,4,11,20,6.85,3.2,2.6,26.23,0
US-xSC,-78.1395,38.8929,2002,4,12,19.53,5.6,9.47,1.96,12.28,0.2
US-xSC,-78.1395,38.8929,2002,4,13,21.92,10.21,13.36,2.39,10.31,5.64
US-xSC,-78.1395,38.8929,2002,4,14,25.81,12.75,14.24,2.27,16.35,7.75
US-xSC,-78.1395,38.8929,2002,4,15,28.29,14.59,15.48,2.33,19.46,0.96
US-xSC,-78.1395,38.8929,2002,4,16,32.87,15.5,14.94,1.59,23.24,0.01
US-xSC,-78.1395,38.8929,2002,4,17,32.69,16.33,15.88,2.22,19.04,0.69
US-xSC,-78.1395,38.8929,2002,4,18,31.11,18.03,15.88,1.66,12.86,2.84
US-xSC,-78.1395,38.8929,2002,4,19,28.93,16.6,15.92,2.02,16.19,6.54
US-xSC,-78.1395,38.8929,2002,4,20,24.36,13.16,16.11,1.74,8.76,2.38
US-xSC,-78.1395,38.8929,2002,4,21,12.84,7.62,8.96,2.45,3.41,21.72
US-xSC,-78.1395,38.8929,2002,4,22,18.06,5.82,6.31,3.6,21.46,9.12
US-xSC,-78.1395,38.8929,2002,4,23,13.58,1.77,-0.89,2.57,19.83,0.03
US-xSC,-78.1395,38.8929,2002,4,24,18.29,-0.24,0.52,1.89,27.73,0.03
US-xSC,-78.1395,38.8929,2002,4,25,17.92,6.74,3.64,3.53,19.95,1.71
US-xSC,-78.1395,38.8929,2002,4,26,17.04,4.01,0.81,2.24,21.14,0.13
US-xSC,-78.1395,38.8929,2002,4,27,18.13,2.75,4.24,1.87,18.97,6.17
US-xSC,-78.1395,38.8929,2002,4,28,25.54,10.61,13.92,3.98,15.21,25.69
US-xSC,-78.1395,38.8929,2002,4,29,14.07,4.72,3.55,3.83,19.84,0.46
US-xSC,-78.1395,38.8929,2002,4,30,20.37,2.28,5.31,2.5,27.44,0.3
US-xSC,-78.1395,38.8929,2002,5,1,21.85,6.61,7.56,1.86,25.46,4.98
US-xSC,-78.1395,38.8929,2002,5,2,29.31,11.42,15.22,3.59,14.99,8.11
US-xSC,-78.1395,38.8929,2002,5,3,17.35,5.23,1.66,3.59,22.91,0.22
US-xSC,-78.1395,38.8929,2002,5,4,16.8,2.56,2.72,1.99,12.67,3.77
US-xSC,-78.1395,38.8929,2002,5,5,22.74,6.08,7.4,0.98,27.43,0.26
US-xSC,-78.1395,38.8929,2002,5,6,23.21,8.1,10.58,3,18.92,0.92
US-xSC,-78.1395,38.8929,2002,5,7,23.52,14.72,16.8,1.69,5.91,6.92
US-xSC,-78.1395,38.8929,2002,5,8,24.43,14.55,15.15,2.02,15.1,4.38
US-xSC,-78.1395,38.8929,2002,5,9,25.82,13.19,16.77,2.54,12.83,7.15
US-xSC,-78.1395,38.8929,2002,5,10,21.52,9.92,7.65,2.7,25.12,0.03
US-xSC,-78.1395,38.8929,2002,5,11,21.83,6.66,5.22,1.9,27.81,0.17
US-xSC,-78.1395,38.8929,2002,5,12,27.57,12.34,15.9,2.55,17.95,2.82
US-xSC,-78.1395,38.8929,2002,5,13,26.58,10.46,15.69,3.67,11.09,5.9
US-xSC,-78.1395,38.8929,2002,5,14,16,8.7,4.22,4.41,22.13,1.36
US-xSC,-78.1395,38.8929,2002,5,15,20.88,7.33,4.66,2.84,29.69,0.07
US-xSC,-78.1395,38.8929,2002,5,16,26.31,7.39,8.41,2.6,27.79,0.15
US-xSC,-78.1395,38.8929,2002,5,17,24.5,14.02,14.93,2.07,16.3,9.22
US-xSC,-78.1395,38.8929,2002,5,18,15.44,6.95,5.99,3.47,13.67,15.12
US-xSC,-78.1395,38.8929,2002,5,19,15.44,2.52,0.57,2.14,25.16,0.05
US-xSC,-78.1395,38.8929,2002,5,20,15.11,2.08,-0.26,1.99,20.53,0
US-xSC,-78.1395,38.8929,2002,5,21,14.41,1.33,-0.75,1.99,18.19,0
US-xSC,-78.1395,38.8929,2002,5,22,19.22,1.53,0.89,1.44,31.18,0
US-xSC,-78.1395,38.8929,2002,5,23,25.29,4.02,4.6,1.48,31.1,0
US-xSC,-78.1395,38.8929,2002,5,24,28.77,9.31,11.95,2.29,29.03,0.24
US-xSC,-78.1395,38.8929,2002,5,25,26.48,13.44,14.11,1.93,19.77,1.64
US-xSC,-78.1395,38.8929,2002,5,26,29.38,14.62,15.49,1.27,20.75,19.93
US-xSC,-78.1395,38.8929,2002,5,27,27.75,14.2,16.61,1.37,18.09,8.75
US-xSC,-78.1395,38.8929,2002,5,28,26.52,16.06,17.12,0.92,17.71,2.46
US-xSC,-78.1395,38.8929,2002,5,29,28.22,14.35,15.71,1.89,23.64,0.15
US-xSC,-78.1395,38.8929,2002,5,30,29.31,14.29,15.74,1.51,25.87,0.06
US-xSC,-78.1395,38.8929,2002,5,31,30.99,16.67,17.24,2.35,25.94,1.65
US-xSC,-78.1395,38.8929,2002,6,1,30.85,17.56,15.35,2.21,27.51,0.09
US-xSC,-78.1395,38.8929,2002,6,2,27.75,14.71,12.84,3.03,25.77,0.5
US-xSC,-78.1395,38.8929,2002,6,3,27.85,12.32,8.98,1.36,28.13,3.66
US-xSC,-78.1395,38.8929,2002,6,4,29.39,15.62,17.82,1.64,24.55,2.68
US-xSC,-78.1395,38.8929,2002,6,5,32.01,20.28,20.64,1.56,20.94,6.7
US-xSC,-78.1395,38.8929,2002,6,6,30.21,15.75,19.52,1.57,12.27,8.73
US-xSC,-78.1395,38.8929,2002,6,7,24.06,13.17,11.23,2.25,23.47,0.25
US-xSC,-78.1395,38.8929,2002,6,8,26.62,10.32,10.06,1.87,30.48,0
US-xSC,-78.1395,38.8929,2002,6,9,31.43,11.55,12.77,1.37,28.67,0
US-xSC,-78.1395,38.8929,2002,6,10,33.48,17.96,16.89,1.29,25.75,0
US-xSC,-78.1395,38.8929,2002,6,11,34.43,19.5,16.03,1.94,26.6,0.04
US-xSC,-78.1395,38.8929,2002,6,12,33.1,19.81,18.15,2.46,21.51,1.06
US-xSC,-78.1395,38.8929,2002,6,13,27.99,19.62,20.47,0.92,13.25,21.72
US-xSC,-78.1395,38.8929,2002,6,14,25.58,16.94,18.15,1.3,13.82,14.12
US-xSC,-78.1395,38.8929,2002,6,15,23.99,14.93,12.82,2.38,22.67,0.7
US-xSC,-78.1395,38.8929,2002,6,16,26.09,13.61,12.27,2.34,17.8,0.1
US-xSC,-78.1395,38.8929,2002,6,17,26.68,12.51,10.75,1.77,26.68,0.17
US-xSC,-78.1395,38.8929,2002,6,18,29.49,12.38,11.38,1.19,26.22,3.22
US-xSC,-78.1395,38.8929,2002,6,19,28.36,16,15.51,1.04,17.32,2.09
US-xSC,-78.1395,38.8929,2002,6,20,29.2,14.87,14.06,1.64,27.43,0
US-xSC,-78.1395,38.8929,2002,6,21,29.62,14.64,11.24,1.68,29.31,0
US-xSC,-78.1395,38.8929,2002,6,22,31.52,13.37,9.8,1.44,30.34,0
US-xSC,-78.1395,38.8929,2002,6,23,34.1,15.19,13.56,1.36,28.25,0
US-xSC,-78.1395,38.8929,2002,6,24,35.24,17.96,14.61,1.12,26.76,0.11
US-xSC,-78.1395,38.8929,2002,6,25,35.97,19.84,16.9,1.27,19.88,0.93
US-xSC,-78.1395,38.8929,2002,6,26,35.55,21.47,18.99,1.68,17.06,7.65
US-xSC,-78.1395,38.8929,2002,6,27,32.18,20.95,20.23,1.95,17.27,4.73
US-xSC,-78.1395,38.8929,2002,6,28,30.24,19.49,17.64,1.66,20.68,4.04
US-xSC,-78.1395,38.8929,2002,6,29,31.52,17.49,13.24,1.61,25.66,0
US-xSC,-78.1395,38.8929,2002,6,30,33.02,17,12.19,1.47,22.42,0
US-xSC,-78.1395,38.8929,2002,7,1,34.94,18.17,16.24,0.89,24.39,0.11
US-xSC,-78.1395,38.8929,2002,7,2,34.87,21.39,19.07,1.19,23.6,0.47
US-xSC,-78.1395,38.8929,2002,7,3,36.51,22.46,18.09,1.47,25.89,0
US-xSC,-78.1395,38.8929,2002,7,4,37.72,22.65,17.8,1.56,27.08,0.2
US-xSC,-78.1395,38.8929,2002,7,5,34.63,19.52,11.91,2.32,27.8,0.03
US-xSC,-78.1395,38.8929,2002,7,6,30.91,15.87,9.71,1.98,29.47,0.14
US-xSC,-78.1395,38.8929,2002,7,7,33.1,14.73,8.3,1.35,24.58,0
US-xSC,-78.1395,38.8929,2002,7,8,35.22,18.61,11.35,1.55,23.28,0.09
US-xSC,-78.1395,38.8929,2002,7,9,35.68,20.4,17.26,2.19,20.37,7.58
US-xSC,-78.1395,38.8929,2002,7,10,28.44,20.07,18.88,1.42,12.57,4.44
US-xSC,-78.1395,38.8929,2002,7,11,27.11,16.19,4.02,2.08,23.57,0
US-xSC,-78.1395,38.8929,2002,7,12,29.78,12.35,4.79,1.4,29.01,0.02
US-xSC,-78.1395,38.8929,2002,7,13,24.36,15.73,14.81,1.45,11.14,11.97
US-xSC,-78.1395,38.8929,2002,7,14,23.74,18.33,18.56,1.4,6.56,23.67
US-xSC,-78.1395,38.8929,2002,7,15,33.02,16.4,16.8,1.49,25.74,0.11
US-xSC,-78.1395,38.8929,2002,7,16,33.93,17.78,14.05,2.29,26.68,0
US-xSC,-78.1395,38.8929,2002,7,17,35.08,17.32,13.69,1.58,25.84,0.01
US-xSC,-78.1395,38.8929,2002,7,18,32.91,22.1,18.81,1.52,15.32,5.95
US-xSC,-78.1395,38.8929,2002,7,19,30.52,20.99,20.02,1.62,15.13,3.97
US-xSC,-78.1395,38.8929,2002,7,20,32.77,20.76,18.31,1.14,19.31,0.51
US-xSC,-78.1395,38.8929,2002,7,21,34.72,19.53,17.27,1.58,23.79,0.07
US-xSC,-78.1395,38.8929,2002,7,22,34.98,20.33,17.85,2.07,24.9,1.44
US-xSC,-78.1395,38.8929,2002,7,23,35.81,21.74,19.57,1.72,19.78,14.06
US-xSC,-78.1395,38.8929,2002,7,24,29.32,19.84,17.91,1.4,10.97,0.93
US-xSC,-78.1395,38.8929,2002,7,25,26.27,18.66,18.09,2.09,5.9,5.47
US-xSC,-78.1395,38.8929,2002,7,26,24.81,17.23,18.34,1.76,8.97,14.67
US-xSC,-78.1395,38.8929,2002,7,27,31.38,18.87,20.67,1.49,13.58,8.25
US-xSC,-78.1395,38.8929,2002,7,28,35.04,20.14,20.83,1.98,23.81,0.29
US-xSC,-78.1395,38.8929,2002,7,29,35.15,22.65,20.54,2.29,23.95,0.05
US-xSC,-78.1395,38.8929,2002,7,30,32.97,22.51,18.86,2.45,25.22,0.01
US-xSC,-78.1395,38.8929,2002,7,31,34.73,21.09,16.37,1.6,25.89,0.01
US-xSC,-78.1395,38.8929,2002,8,1,35.62,21.55,17.29,1.4,26.18,0.09
US-xSC,-78.1395,38.8929,2002,8,2,37.3,21.17,16.07,1.18,26.66,0.58
US-xSC,-78.1395,38.8929,2002,8,3,36.63,21.61,17.68,0.84,21.65,7.7
US-xSC,-78.1395,38.8929,2002,8,4,37.14,21.21,16.87,1.07,25.66,0.22
US-xSC,-78.1395,38.8929,2002,8,5,36.31,20.84,17.89,1.27,21.29,5.94
US-xSC,-78.1395,38.8929,2002,8,6,27.59,15.62,11.42,2.84,27.47,1.72
US-xSC,-78.1395,38.8929,2002,8,7,26.7,12.9,7.55,2.1,26.64,0.02
US-xSC,-78.1395,38.8929,2002,8,8,27.7,12.8,7.54,1.57,27.73,0
US-xSC,-78.1395,38.8929,2002,8,9,29.95,13.7,8.13,1.5,27.81,0.02
US-xSC,-78.1395,38.8929,2002,8,10,33.13,13.93,9.47,1.81,27.34,0
US-xSC,-78.1395,38.8929,2002,8,11,35,16.68,12.66,1,22.29,0
US-xSC,-78.1395,38.8929,2002,8,12,36.14,18.75,14.07,1.3,20.35,0.55
US-xSC,-78.1395,38.8929,2002,8,13,36.76,20.88,16.52,1.33,20.12,0.64
US-xSC,-78.1395,38.8929,2002,8,14,36.16,20.21,13.56,2.24,23.92,0.06
US-xSC,-78.1395,38.8929,2002,8,15,35.57,20.51,18.75,1.67,18.19,5.85
US-xSC,-78.1395,38.8929,2002,8,16,32.65,21.16,18.93,1.81,14.43,0.59
US-xSC,-78.1395,38.8929,2002,8,17,33.53,21.28,18.04,1.5,15.72,0.91
US-xSC,-78.1395,38.8929,2002,8,18,33.37,21.64,19.19,1.51,18.59,1.71
US-xSC,-78.1395,38.8929,2002,8,19,35.15,21.64,18.22,1.42,20.39,0.27
US-xSC,-78.1395,38.8929,2002,8,20,32.77,19.32,14.1,2.06,21.85,0.02
US-xSC,-78.1395,38.8929,2002,8,21,32.85,16.77,13.96,1.63,17.96,0
US-xSC,-78.1395,38.8929,2002,8,22,36.06,19.05,16.19,1.86,19.34,0.37
US-xSC,-78.1395,38.8929,2002,8,23,35.27,22.13,19.07,1.98,18.73,6.52
US-xSC,-78.1395,38.8929,2002,8,24,31.98,21.73,19.83,1.81,15.63,1.96
US-xSC,-78.1395,38.8929,2002,8,25,29.44,18.93,15.15,1.65,19.84,0.1
US-xSC,-78.1395,38.8929,2002,8,26,27.26,17.75,13.37,0.91,11.8,0.73
US-xSC,-78.1395,38.8929,2002,8,27,28.06,17.61,13.88,1.54,9.87,2.21
US-xSC,-78.1395,38.8929,2002,8,28,20.08,15.16,16.89,2.73,4.7,20.61
US-xSC,-78.1395,38.8929,2002,8,29,25.69,13.93,14.66,1.81,8.11,3.06
US-xSC,-78.1395,38.8929,2002,8,30,27.07,15.68,13.58,1.2,10.41,0
US-xSC,-78.1395,38.8929,2002,8,31,24.91,14.29,14.04,2.04,10.35,0.42
US-xSC,-78.1395,38.8929,2002,9,1,22.77,15.23,15.36,2.13,9.88,3.12
US-xSC,-78.1395,38.8929,2002,9,2,29.01,13.93,14.2,1.06,16.07,0.2
US-xSC,-78.1395,38.8929,2002,9,3,34.25,15.08,16.17,1.43,18.84,0.07
US-xSC,-78.1395,38.8929,2002,9,4,33.12,17.85,12.67,2.26,21.45,0.01
US-xSC,-78.1395,38.8929,2002,9,5,30.17,14.48,10.05,1.87,22.92,0.04
US-xSC,-78.1395,38.8929,2002,9,6,28.93,12.92,8.4,1.73,23.18,0.64
US-xSC,-78.1395,38.8929,2002,9,7,30.16,15.84,9.02,1.5,23.45,0
US-xSC,-78.1395,38.8929,2002,9,8,30.61,15.17,10.17,1.51,23.38,0
US-xSC,-78.1395,38.8929,2002,9,9,32.81,12.55,7.45,1.69,23.36,0
US-xSC,-78.1395,38.8929,2002,9,10,34.04,16.51,8.04,1.72,21.66,0
US-xSC,-78.1395,38.8929,2002,9,11,26.31,14.64,7.68,3.4,22.33,0
US-xSC,-78.1395,38.8929,2002,9,12,26.54,11.4,5.23,1.66,23.3,0
US-xSC,-78.1395,38.8929,2002,9,13,31.48,11.25,8.59,2.07,22.62,0
US-xSC,-78.1395,38.8929,2002,9,14,29.2,16.21,16.8,2.35,8.5,1.07
US-xSC,-78.1395,38.8929,2002,9,15,24.68,20,19.97,2.21,5.42,6.49
US-xSC,-78.1395,38.8929,2002,9,16,30.87,18.2,16.61,1.58,14.4,0.74
US-xSC,-78.1395,38.8929,2002,9,17,29.85,14.7,10.98,1.15,20.14,0
US-xSC,-78.1395,38.8929,2002,9,18,30.69,16.29,10.08,1.6,15.33,0.02
US-xSC,-78.1395,38.8929,2002,9,19,28.57,16.97,15.23,2.12,10.72,1.85
US-xSC,-78.1395,38.8929,2002,9,20,31.06,16.53,17.05,2.15,15.52,0.39
US-xSC,-78.1395,38.8929,2002,9,21,30.53,17.83,18.93,1.73,10.79,12.9
US-xSC,-78.1395,38.8929,2002,9,22,26.15,19.15,19.9,1.75,8.39,15.04
US-xSC,-78.1395,38.8929,2002,9,23,24.02,11.11,8.36,2.5,19.53,0.54
US-xSC,-78.1395,38.8929,2002,9,24,25.49,8.63,4.89,1.46,20.67,0
US-xSC,-78.1395,38.8929,2002,9,25,23.05,11.82,8.33,1.55,11.08,1.92
US-xSC,-78.1395,38.8929,2002,9,26,17.29,13.51,14.74,1.85,3.23,44.86
US-xSC,-78.1395,38.8929,2002,9,27,28.38,13.08,18.57,3.19,8.27,9.88
US-xSC,-78.1395,38.8929,2002,9,28,24.27,13.43,12.82,2.51,17.34,0.09
US-xSC,-78.1395,38.8929,2002,9,29,23.51,9.87,10.98,1.31,16.93,0
US-xSC,-78.1395,38.8929,2002,9,30,25.26,11.36,13.34,1.75,13.55,0.01
US-xSC,-78.1395,38.8929,2002,10,1,29.57,12.24,14.6,1.39,16.75,0
US-xSC,-78.1395,38.8929,2002,10,2,29.88,15.83,17.42,1.64,14.38,0.07
US-xSC,-78.1395,38.8929,2002,10,3,30.28,17.74,18.14,1.56,12.16,0.29
US-xSC,-78.1395,38.8929,2002,10,4,28.07,17.27,17.91,2.95,11.12,0.42
US-xSC,-78.1395,38.8929,2002,10,5,28.19,13.01,14.17,2.36,17.34,0.04
US-xSC,-78.1395,38.8929,2002,10,6,22.57,8.8,8.62,1.95,17.99,0
US-xSC,-78.1395,38.8929,2002,10,7,22.8,8.94,9.37,2.14,10.53,0
US-xSC,-78.1395,38.8929,2002,10,8,16.99,5.02,1.73,1.85,14.19,0
US-xSC,-78.1395,38.8929,2002,10,9,20.39,6.17,8.39,1.67,6.91,0.44
US-xSC,-78.1395,38.8929,2002,10,10,17.77,11.71,13.39,1.01,4.27,13.65
US-xSC,-78.1395,38.8929,2002,10,11,19.57,13.96,16.13,1.27,3.37,21.27
US-xSC,-78.1395,38.8929,2002,10,12,23.11,13.96,15.35,1.3,7.37,1.38
US-xSC,-78.1395,38.8929,2002,10,13,23.13,9.88,13.53,2.04,5.18,1.67
US-xSC,-78.1395,38.8929,2002,10,14,14.87,3.96,1.59,2.12,17.6,0
US-xSC,-78.1395,38.8929,2002,10,15,13.85,3.18,5.44,1.74,8.13,9.04
US-xSC,-78.1395,38.8929,2002,10,16,14.59,8.44,9.92,2.66,5.2,28.82
US-xSC,-78.1395,38.8929,2002,10,17,14.52,3.99,5.57,1.75,5.87,0.96
US-xSC,-78.1395,38.8929,2002,10,18,15.4,1.33,2.81,1.75,15.78,0
US-xSC,-78.1395,38.8929,2002,10,19,19.28,5.53,8.5,2.42,7.27,0.48
US-xSC,-78.1395,38.8929,2002,10,20,14.08,6.96,7.74,1.14,6.03,0.43
US-xSC,-78.1395,38.8929,2002,10,21,14.66,3.43,3.51,1.76,11.03,0.11
US-xSC,-78.1395,38.8929,2002,10,22,16.83,3.94,5.1,1.32,13.46,0.06
US-xSC,-78.1395,38.8929,2002,10,23,16.59,4.67,5.43,1.85,13.98,0.01
US-xSC,-78.1395,38.8929,2002,10,24,9.53,3.57,2.89,1.6,3.42,0.43
US-xSC,-78.1395,38.8929,2002,10,25,8.91,3.97,5.87,1.58,2.94,15.99
US-xSC,-78.1395,38.8929,2002,10,26,18.97,6.83,9.24,2,9.96,0.82
US-xSC,-78.1395,38.8929,2002,10,27,16.85,4.92,6.77,1.76,11.73,0.29
US-xSC,-78.1395,38.8929,2002,10,28,9.6,3.56,4.7,1.09,3.49,4.51
US-xSC,-78.1395,38.8929,2002,10,29,4.66,0.63,1.79,1.96,2.41,20.24
US-xSC,-78.1395,38.8929,2002,10,30,1.11,-0.06,0.3,1.7,2.92,6.71
US-xSC,-78.1395,38.8929,2002,10,31,7.84,-0.73,0.03,2.08,7.15,0.51
US-xSC,-78.1395,38.8929,2002,11,1,9.36,-1.35,-0.17,2.7,7.73,0.08
US-xSC,-78.1395,38.8929,2002,11,2,9.11,-3.69,-3.74,2.2,14.54,0
US-xSC,-78.1395,38.8929,2002,11,3,10.73,-2.27,-1.64,1.48,13.47,0.04
US-xSC,-78.1395,38.8929,2002,11,4,10.99,0.68,2.52,1.68,7.31,1.13
US-xSC,-78.1395,38.8929,2002,11,5,6.8,-0.24,2.7,1.97,2.84,14.6
US-xSC,-78.1395,38.8929,2002,11,6,10.78,3.55,3.46,2.9,5.11,0.92
US-xSC,-78.1395,38.8929,2002,11,7,9.62,0.91,0.69,2.78,4.71,0.02
US-xSC,-78.1395,38.8929,2002,11,8,16.51,0.02,3.76,2.3,13.55,0
US-xSC,-78.1395,38.8929,2002,11,9,17.94,4.32,7.57,2.14,9.98,0.01
US-xSC,-78.1395,38.8929,2002,11,10,20.05,10.42,14.14,3.48,6.07,7.09
US-xSC,-78.1395,38.8929,2002,11,11,18.76,10.77,14.13,2.45,5.87,7.03
US-xSC,-78.1395,38.8929,2002,11,12,11.22,6.18,7.78,2.29,2.51,17.22
US-xSC,-78.1395,38.8929,2002,11,13,10.23,2.25,3.11,2.64,9.42,0.18
US-xSC,-78.1395,38.8929,2002,11,14,15.92,1.38,4.15,1.98,11.96,0.02
US-xSC,-78.1395,38.8929,2002,11,15,14.67,3.65,5.03,1.72,9.81,0.14
US-xSC,-78.1395,38.8929,2002,11,16,9.8,4.99,7.24,1.79,1.48,21.29
US-xSC,-78.1395,38.8929,2002,11,17,5.27,1.36,2.45,2.94,2.9,10.04
US-xSC,-78.1395,38.8929,2002,11,18,7.51,-1.15,-2.86,2.94,11.68,0.08
US-xSC,-78.1395,38.8929,2002,11,19,10.2,-2.88,1.59,2.08,4.14,1.55
US-xSC,-78.1395,38.8929,2002,11,20,13.19,-0.66,2.52,1.94,11.47,0.03
US-xSC,-78.1395,38.8929,2002,11,21,8.56,3.68,5.86,1.43,2.16,8.01
US-xSC,-78.1395,38.8929,2002,11,22,8.84,1.59,2.1,3.08,5.28,0.58
US-xSC,-78.1395,38.8929,2002,11,23,6.33,-1.65,-3.61,3.57,11.16,0.01
US-xSC,-78.1395,38.8929,2002,11,24,13.29,-2.88,-0.02,1.7,10.76,0
US-xSC,-78.1395,38.8929,2002,11,25,16.6,-1.24,3.53,1.66,9.5,0.04
US-xSC,-78.1395,38.8929,2002,11,26,5.93,-1.11,-0.43,1.67,3.31,1.7
US-xSC,-78.1395,38.8929,2002,11,27,3.76,-5.32,-3.62,2.73,9.44,0.15
US-xSC,-78.1395,38.8929,2002,11,28,2.89,-5.43,-6.6,1.99,8.74,0
US-xSC,-78.1395,38.8929,2002,11,29,6.68,-5.15,-2.4,2.86,8.8,0.09
US-xSC,-78.1395,38.8929,2002,11,30,9.75,-0.79,0.29,3.3,5.82,0.75
US-xSC,-78.1395,38.8929,2002,12,1,0.06,-5.11,-8.64,3.6,10.78,0.1
US-xSC,-78.1395,38.8929,2002,12,2,6.01,-4.39,-4.06,2.07,7.94,0.01
US-xSC,-78.1395,38.8929,2002,12,3,-0.17,-7.36,-10.91,2.9,11.07,0
US-xSC,-78.1395,38.8929,2002,12,4,-2.01,-10.33,-10.41,0.97,4.52,2.28
US-xSC,-78.1395,38.8929,2002,12,5,-2.54,-9.18,-6.44,1.94,3.44,15.69
US-xSC,-78.1395,38.8929,2002,12,6,-1.11,-10.88,-8.08,2.53,9.01,0
US-xSC,-78.1395,38.8929,2002,12,7,2.01,-11.93,-6.69,2,10.85,0
US-xSC,-78.1395,38.8929,2002,12,8,3.67,-6.38,-2.62,2.38,5.15,0.08
US-xSC,-78.1395,38.8929,2002,12,9,-0.77,-9.4,-8.53,1.87,8.69,0
US-xSC,-78.1395,38.8929,2002,12,10,0.74,-7.72,-5.34,1.06,4.81,0.03
US-xSC,-78.1395,38.8929,2002,12,11,-0.06,-3.79,-2.62,2.01,2.92,25.1
US-xSC,-78.1395,38.8929,2002,12,12,0.87,-5.26,-3.03,2.15,8.19,0.04
US-xSC,-78.1395,38.8929,2002,12,13,0.14,-5.2,-1.98,1.69,1.13,14.69
US-xSC,-78.1395,38.8929,2002,12,14,0.86,-0.42,-0.01,3.07,5.71,1.23
US-xSC,-78.1395,38.8929,2002,12,15,3.83,-4.23,-0.94,2.5,7.8,0.01
US-xSC,-78.1395,38.8929,2002,12,16,2.21,-5.69,-2.75,3.19,9.23,0.14
US-xSC,-78.1395,38.8929,2002,12,17,1.56,-8.57,-6.29,1.59,8.82,0.01
US-xSC,-78.1395,38.8929,2002,12,18,2.15,-5.73,-4.73,1.79,4.95,0.21
US-xSC,-78.1395,38.8929,2002,12,19,8.14,-2.34,1.71,2.46,5.52,0.44
US-xSC,-78.1395,38.8929,2002,12,20,9.78,0.46,3.73,3.02,5.89,9.96
US-xSC,-78.1395,38.8929,2002,12,21,8.35,-0.2,-1.3,3.51,10.34,0.05
US-xSC,-78.1395,38.8929,2002,12,22,11.27,-2.29,1.32,2.97,6.61,0.31
US-xSC,-78.1395,38.8929,2002,12,23,6.78,-1.49,-3.05,3.26,10.2,0
US-xSC,-78.1395,38.8929,2002,12,24,1.46,-2.03,-2.67,1.81,2.53,3.91
US-xSC,-78.1395,38.8929,2002,12,25,1.58,-2.57,-2.27,3.87,5.06,12.16
US-xSC,-78.1395,38.8929,2002,12,26,1.48,-6.54,-4.18,4.05,9.26,0.03
US-xSC,-78.1395,38.8929,2002,12,27,2.03,-6.89,-5.57,1.29,8.94,0
US-xSC,-78.1395,38.8929,2002,12,28,2.99,-6.67,-3.37,2.11,5.46,0.02
US-xSC,-78.1395,38.8929,2002,12,29,5.8,-3.81,-1.32,1.75,9.66,0.03
US-xSC,-78.1395,38.8929,2002,12,30,4.84,-3.12,0.07,1.91,6.53,0.31
US-xSC,-78.1395,38.8929,2002,12,31,10.44,-0.44,3.21,1.87,8.53,1.38
US-xSC,-78.1395,38.8929,2003,1,1,6.69,2.15,4.3,2.48,2.19,37.92
US-xSC,-78.1395,38.8929,2003,1,2,4.68,-0.48,0.56,2.33,2.77,1.95
US-xSC,-78.1395,38.8929,2003,1,3,1.54,-2.27,-0.36,2.63,3,7.26
US-xSC,-78.1395,38.8929,2003,1,4,1.45,-6,-5.22,3.19,7.48,0.11
US-xSC,-78.1395,38.8929,2003,1,5,-1.06,-5.64,-4.25,1.76,2.83,3.43
US-xSC,-78.1395,38.8929,2003,1,6,2.57,-3.33,-2.27,2.33,2.54,1
US-xSC,-78.1395,38.8929,2003,1,7,0.07,-6.56,-6.83,3.74,8.67,0.06
US-xSC,-78.1395,38.8929,2003,1,8,5.85,-1.78,-0.36,3.21,9.51,0.07
US-xSC,-78.1395,38.8929,2003,1,9,9.93,-0.02,1.97,2.71,10.8,0
US-xSC,-78.1395,38.8929,2003,1,10,3.16,-2.94,-3.4,3.49,6.6,0.14
US-xSC,-78.1395,38.8929,2003,1,11,0.22,-5.86,-9.33,3.44,11.53,0.01
US-xSC,-78.1395,38.8929,2003,1,12,-0.62,-9.03,-10.2,3.06,11.63,0
US-xSC,-78.1395,38.8929,2003,1,13,4.45,-9.02,-6.57,2.67,10.89,0.02
US-xSC,-78.1395,38.8929,2003,1,14,-0.42,-7.95,-7.28,1.29,5.57,0.48
US-xSC,-78.1395,38.8929,2003,1,15,-3.05,-9.84,-10.34,2.91,11.6,0.12
US-xSC,-78.1395,38.8929,2003,1,16,-3.71,-11.58,-10.12,2.02,4.5,1.9
US-xSC,-78.1395,38.8929,2003,1,17,-2.83,-9.55,-9.53,3.48,7.18,0.09
US-xSC,-78.1395,38.8929,2003,1,18,-3.38,-13.7,-13.02,2.17,11.27,0
US-xSC,-78.1395,38.8929,2003,1,19,-2.77,-8.94,-9.86,2.91,10.44,0.23
US-xSC,-78.1395,38.8929,2003,1,20,1.45,-8.87,-7.01,3.86,9.21,0.16
US-xSC,-78.1395,38.8929,2003,1,21,-1.98,-10.9,-10.11,1.95,6.83,0.11
US-xSC,-78.1395,38.8929,2003,1,22,-4.94,-13.78,-13.61,3.17,11.95,0.04
US-xSC,-78.1395,38.8929,2003,1,23,-10.02,-12.4,-15.65,4.96,10.16,0.11
US-xSC,-78.1395,38.8929,2003,1,24,-1.8,-11.73,-11.66,4.38,12.31,0
US-xSC,-78.1395,38.8929,2003,1,25,1.37,-13.27,-9.75,1.93,12.67,0
US-xSC,-78.1395,38.8929,2003,1,26,1.17,-8.85,-6.93,2.3,6.51,0.06
US-xSC,-78.1395,38.8929,2003,1,27,-6.78,-13.82,-14.69,3.37,13.48,0
US-xSC,-78.1395,38.8929,2003,1,28,1.18,-13.01,-9.45,1.88,10.3,0.05
US-xSC,-78.1395,38.8929,2003,1,29,1.97,-3.37,-0.93,1.54,2.99,0.41
US-xSC,-78.1395,38.8929,2003,1,30,0.65,-5.43,-4.18,1.72,3.56,0.44
US-xSC,-78.1395,38.8929,2003,1,31,2.09,-4.49,-2.13,1.44,2.96,2.65
US-xSC,-78.1395,38.8929,2003,2,1,4.6,-1.42,-0.39,1.97,5.6,1.1
US-xSC,-78.1395,38.8929,2003,2,2,7.02,-2.4,-1.39,2.51,10.9,0.01
US-xSC,-78.1395,38.8929,2003,2,3,7.08,-2.35,0.11,2.14,7.22,0.08
US-xSC,-78.1395,38.8929,2003,2,4,7.58,-1.96,0.09,4.72,10.05,6.68
US-xSC,-78.1395,38.8929,2003,2,5,0.65,-4.79,-8.01,3.15,14.69,0.09
US-xSC,-78.1395,38.8929,2003,2,6,0.92,-4.04,-5.22,1.84,7.86,4.47
US-xSC,-78.1395,38.8929,2003,2,7,1.89,-5.57,-3.65,2.26,7.44,4.53
US-xSC,-78.1395,38.8929,2003,2,8,-0.69,-10.66,-10.32,2.7,14.42,0.02
US-xSC,-78.1395,38.8929,2003,2,9,2.77,-11.08,-6.71,2.1,12.09,0.95
US-xSC,-78.1395,38.8929,2003,2,10,2.91,-4.41,-2.95,2.96,4.97,1.65
US-xSC,-78.1395,38.8929,2003,2,11,2.01,-8.07,-5.47,2.93,9.58,0.66
US-xSC,-78.1395,38.8929,2003,2,12,-0.9,-7.32,-8.77,5.26,15.99,0.18
US-xSC,-78.1395,38.8929,2003,2,13,0.69,-8.26,-8.86,5.02,15.6,0.32
US-xSC,-78.1395,38.8929,2003,2,14,4.58,-8.17,-5.26,1.74,7.41,2.67
US-xSC,-78.1395,38.8929,2003,2,15,-0.74,-7.29,-3.66,3.16,2.72,14.69
US-xSC,-78.1395,38.8929,2003,2,16,-7.88,-10.89,-10.82,3.77,2.38,39.78
US-xSC,-78.1395,38.8929,2003,2,17,-4.24,-10.6,-8.6,2.89,4.29,12.19
US-xSC,-78.1395,38.8929,2003,2,18,0.07,-10.73,-6.38,2.16,8.92,2.13
US-xSC,-78.1395,38.8929,2003,2,19,0.26,-9.86,-4.16,1.64,7.03,1.67
US-xSC,-78.1395,38.8929,2003,2,20,3.54,-5.02,-2.58,1.65,15.55,0.19
US-xSC,-78.1395,38.8929,2003,2,21,0.88,-3.66,-1.65,1.28,3.96,8.62
US-xSC,-78.1395,38.8929,2003,2,22,3.72,0.06,0.37,1.99,2.48,34.81
US-xSC,-78.1395,38.8929,2003,2,23,3.91,-5.56,-1.31,4.88,8.03,2.51
US-xSC,-78.1395,38.8929,2003,2,24,7.49,-6.15,-2.5,3.02,11.78,0.48
US-xSC,-78.1395,38.8929,2003,2,25,-3.13,-9.33,-8.3,2.8,6.83,0.25
US-xSC,-78.1395,38.8929,2003,2,26,-2.82,-9.6,-7.43,1.9,4.83,3.15
US-xSC,-78.1395,38.8929,2003,2,27,-1.99,-7.1,-5.43,1.68,2.3,6.67
US-xSC,-78.1395,38.8929,2003,2,28,3.17,-5.08,-3.15,1.29,9.42,1.13
US-xSC,-78.1395,38.8929,2003,3,1,4.16,-3.24,-0.11,1.9,8.05,0.29
US-xSC,-78.1395,38.8929,2003,3,2,9.73,-0.05,1.38,2.79,9.36,1.83
US-xSC,-78.1395,38.8929,2003,3,3,1.6,-6.62,-9.08,3.09,16.87,0
US-xSC,-78.1395,38.8929,2003,3,4,8.06,-7.04,-2.69,2.56,14.84,0
US-xSC,-78.1395,38.8929,2003,3,5,17.2,0.68,5.68,2.52,12.15,0.46
US-xSC,-78.1395,38.8929,2003,3,6,4.9,-4.92,0.03,2.57,8.39,4.43
US-xSC,-78.1395,38.8929,2003,3,7,4.58,-5.59,-5.05,2.17,17.42,0
US-xSC,-78.1395,38.8929,2003,3,8,11.63,-3.39,1.47,2.57,16.96,0
US-xSC,-78.1395,38.8929,2003,3,9,8.71,-3.8,0.05,3.69,19.64,0.07
US-xSC,-78.1395,38.8929,2003,3,10,2.48,-5.66,-8.28,3.1,20.87,0
US-xSC,-78.1395,38.8929,2003,3,11,6.79,-4.2,-2.47,2.28,13.62,0.38
US-xSC,-78.1395,38.8929,2003,3,12,13.21,-1.06,3.34,1.96,10.66,0.12
US-xSC,-78.1395,38.8929,2003,3,13,17.8,1.75,5.77,2.18,14.36,5.31
US-xSC,-78.1395,38.8929,2003,3,14,7.78,-4.12,-3.66,2.23,20.09,0.02
US-xSC,-78.1395,38.8929,2003,3,15,14.92,-2.36,2.6,2.51,19.57,0.03
US-xSC,-78.1395,38.8929,2003,3,16,16.41,2.99,7.84,1.68,11.87,0.34
US-xSC,-78.1395,38.8929,2003,3,17,19.04,4.59,9.86,1.63,17.02,0.16
US-xSC,-78.1395,38.8929,2003,3,18,17.14,8.36,11.7,1.77,7.7,0.34
US-xSC,-78.1395,38.8929,2003,3,19,9.54,1.66,3.63,3.5,10.86,2.91
US-xSC,-78.1395,38.8929,2003,3,20,5.2,0.8,1.81,2.38,3.2,41.42
US-xSC,-78.1395,38.8929,2003,3,21,18.52,1.44,7.35,1.75,16.42,1.96
US-xSC,-78.1395,38.8929,2003,3,22,16.58,5.1,6.35,2.4,19.69,0.08
US-xSC,-78.1395,38.8929,2003,3,23,16.47,2.21,5.72,1.81,13.01,0
US-xSC,-78.1395,38.8929,2003,3,24,18.62,1.49,4.79,1.6,22.01,0
US-xSC,-78.1395,38.8929,2003,3,25,21.85,4.92,10.04,2.62,21.9,0.01
US-xSC,-78.1395,38.8929,2003,3,26,19.42,3.13,8.68,2.31,10.4,6.95
US-xSC,-78.1395,38.8929,2003,3,27,17.23,0.45,4.08,2.19,23.16,0
US-xSC,-78.1395,38.8929,2003,3,28,15.58,3.13,8.75,2.73,12.84,1.04
US-xSC,-78.1395,38.8929,2003,3,29,22.04,5.92,12.35,3.64,13.02,4.76
US-xSC,-78.1395,38.8929,2003,3,30,5.18,-3.34,-0.64,3.44,6.32,13.46
US-xSC,-78.1395,38.8929,2003,3,31,4.37,-4.81,-4.14,3.52,18.54,0.14
US-xSC,-78.1395,38.8929,2003,4,1,16.83,-3.91,4.51,3.02,18.88,0.46
US-xSC,-78.1395,38.8929,2003,4,2,23.79,8.07,12.17,2.55,23.89,0
US-xSC,-78.1395,38.8929,2003,4,3,25.06,8.77,13.34,2.11,23.15,0
US-xSC,-78.1395,38.8929,2003,4,4,20.37,10.47,12.54,2.06,16.45,1.28
US-xSC,-78.1395,38.8929,2003,4,5,21.04,4.8,9.21,2.74,16.36,2.76
US-xSC,-78.1395,38.8929,2003,4,6,12.38,0.31,-0.36,2.61,22.86,0.87
US-xSC,-78.1395,38.8929,2003,4,7,4.07,0.46,0.83,2.72,5.32,22.09
US-xSC,-78.1395,38.8929,2003,4,8,4.27,0.25,1,1.48,6.36,3.66
US-xSC,-78.1395,38.8929,2003,4,9,3.71,0.18,1.24,1.93,7.94,15.04
US-xSC,-78.1395,38.8929,2003,4,10,9.66,1.7,2.82,3.51,11.61,8.85
US-xSC,-78.1395,38.8929,2003,4,11,5.63,1.04,2.72,2.81,7.41,9.75
US-xSC,-78.1395,38.8929,2003,4,12,16.83,3.82,5.29,3.39,24.73,0.04
US-xSC,-78.1395,38.8929,2003,4,13,18.27,2.32,4.43,1.96,26.34,0
US-xSC,-78.1395,38.8929,2003,4,14,20.99,1.24,7.5,1.98,23.85,0
US-xSC,-78.1395,38.8929,2003,4,15,27.34,8.41,13.11,2.13,25.44,0
US-xSC,-78.1395,38.8929,2003,4,16,25.94,11.38,14.1,2.2,19.59,0.03
US-xSC,-78.1395,38.8929,2003,4,17,18.48,2.87,5.98,3.88,16.29,0.41
US-xSC,-78.1395,38.8929,2003,4,18,6.08,2.08,3.23,2.1,3.15,12.18
US-xSC,-78.1395,38.8929,2003,4,19,13.82,5.57,7.11,1.63,8.16,0.79
US-xSC,-78.1395,38.8929,2003,4,20,15.62,4.48,6.43,1.78,15.5,0.01
US-xSC,-78.1395,38.8929,2003,4,21,19.18,5.98,11.41,2.41,10.87,6.85
US-xSC,-78.1395,38.8929,2003,4,22,17.31,5.56,7.77,2.68,14.38,0.45
US-xSC,-78.1395,38.8929,2003,4,23,14.32,2.59,0.83,3.72,28.76,0
US-xSC,-78.1395,38.8929,2003,4,24,17.5,0.09,0.9,1.95,24.48,0.05
US-xSC,-78.1395,38.8929,2003,4,25,18.03,5.81,9.05,2,10.4,1.77
US-xSC,-78.1395,38.8929,2003,4,26,17.55,9.97,11.7,1.46,6.78,4.63
US-xSC,-78.1395,38.8929,2003,4,27,19.53,7.27,6.47,2.35,28.07,0
US-xSC,-78.1395,38.8929,2003,4,28,24.36,5.02,9.54,2.06,28.25,0
US-xSC,-78.1395,38.8929,2003,4,29,21.61,11.25,13.4,1.98,15.29,0.37
US-xSC,-78.1395,38.8929,2003,4,30,21.58,8.01,10.75,1.89,21.76,2.86
US-xSC,-78.1395,38.8929,2003,5,1,25.26,14.29,16.93,2.39,18.8,3.51
US-xSC,-78.1395,38.8929,2003,5,2,25.31,14.27,15.76,2.02,20.58,0.33
US-xSC,-78.1395,38.8929,2003,5,3,19.09,9.79,9.11,2.27,16.51,2.58
US-xSC,-78.1395,38.8929,2003,5,4,16.43,7.14,7.2,1.98,18.32,4.72
US-xSC,-78.1395,38.8929,2003,5,5,9.56,6.01,6.09,2.46,6.34,10.91
US-xSC,-78.1395,38.8929,2003,5,6,23.97,7.57,12.63,1.04,16.53,0.38
US-xSC,-78.1395,38.8929,2003,5,7,24.88,11.28,15.33,1.43,17.6,5.66
US-xSC,-78.1395,38.8929,2003,5,8,24.69,14.26,15.87,1.56,21.19,6
US-xSC,-78.1395,38.8929,2003,5,9,23.16,12.48,16.83,1.84,6.96,12.58
US-xSC,-78.1395,38.8929,2003,5,10,22.6,15.11,18.11,1.63,5.21,19.05
US-xSC,-78.1395,38.8929,2003,5,11,25.03,15.82,17.65,2.82,15.21,0.76
US-xSC,-78.1395,38.8929,2003,5,12,17.66,10.77,8.94,3.86,16.25,1.62
US-xSC,-78.1395,38.8929,2003,5,13,16.42,8.08,6.77,3.46,21.03,0.11
US-xSC,-78.1395,38.8929,2003,5,14,21.41,6.41,7.67,2.03,28.44,0
US-xSC,-78.1395,38.8929,2003,5,15,20.3,8.62,12.57,2.26,12.42,26.72
US-xSC,-78.1395,38.8929,2003,5,16,16.57,9.78,12.45,2.73,9.54,13.76
US-xSC,-78.1395,38.8929,2003,5,17,11.38,8.34,8.8,2.13,4.47,7.39
US-xSC,-78.1395,38.8929,2003,5,18,11.79,7.77,8.6,1.61,7.09,10.17
US-xSC,-78.1395,38.8929,2003,5,19,20.26,7.17,9.52,1.75,24.88,0.15
US-xSC,-78.1395,38.8929,2003,5,20,20.2,7.64,10.97,2.03,26.2,0.15
US-xSC,-78.1395,38.8929,2003,5,21,14.68,10.19,11.43,2.1,5.52,7.14
US-xSC,-78.1395,38.8929,2003,5,22,15.42,8.68,10.92,1.39,6.77,0.58
US-xSC,-78.1395,38.8929,2003,5,23,14.34,10.41,11.41,1.63,7.54,6.92
US-xSC,-78.1395,38.8929,2003,5,24,20.37,10.91,12.92,0.96,16.46,2.24
US-xSC,-78.1395,38.8929,2003,5,25,20.58,9.47,10.97,1.43,14.02,4.08
US-xSC,-78.1395,38.8929,2003,5,26,19.9,11.66,13.19,1.99,16.97,6.8
US-xSC,-78.1395,38.8929,2003,5,27,18.74,8.92,11.46,1.16,7.57,4.46
US-xSC,-78.1395,38.8929,2003,5,28,18.89,9.49,10.91,1.99,16.62,3.45
US-xSC,-78.1395,38.8929,2003,5,29,19.52,10.82,12.16,1.04,10.06,1.47
US-xSC,-78.1395,38.8929,2003,5,30,24.02,10.85,13.1,2.04,24.85,0.22
US-xSC,-78.1395,38.8929,2003,5,31,21.55,13.81,15.17,2.7,14.77,9.71
US-xSC,-78.1395,38.8929,2003,6,1,19.06,9.09,8.74,4.67,25.23,0.64
US-xSC,-78.1395,38.8929,2003,6,2,20.91,5.97,6.66,1.54,29.96,0
US-xSC,-78.1395,38.8929,2003,6,3,18.26,10.35,13.43,2.33,5.25,25.96
US-xSC,-78.1395,38.8929,2003,6,4,23.12,15.09,16.64,1.36,8.71,5.67
US-xSC,-78.1395,38.8929,2003,6,5,21.97,11.28,12.13,2.18,27.86,0.16
US-xSC,-78.1395,38.8929,2003,6,6,24.77,11.34,13.1,1.54,29.44,0
US-xSC,-78.1395,38.8929,2003,6,7,21.64,14.87,17.38,1.73,7.28,24.75
US-xSC,-78.1395,38.8929,2003,6,8,23.56,13.83,16.27,1.51,12.46,8.29
US-xSC,-78.1395,38.8929,2003,6,9,24.58,14.26,15.59,1.85,24.84,0.6
US-xSC,-78.1395,38.8929,2003,6,10,25.74,13.7,16.51,1.64,25.15,0.12
US-xSC,-78.1395,38.8929,2003,6,11,26.58,17.37,19.72,1.77,17.59,3.27
US-xSC,-78.1395,38.8929,2003,6,12,26.97,17.42,20.64,1.86,19.98,18.09
US-xSC,-78.1395,38.8929,2003,6,13,25.86,18.97,20.66,1.16,15.16,12.66
US-xSC,-78.1395,38.8929,2003,6,14,27.5,18.07,20.27,1.37,22.65,5.64
US-xSC,-78.1395,38.8929,2003,6,15,23.48,18.14,18.1,1.33,9.44,5.69
US-xSC,-78.1395,38.8929,2003,6,16,22.18,15.75,16.38,1.97,8.56,2.54
US-xSC,-78.1395,38.8929,2003,6,17,17.2,13.68,14.24,2.17,5.3,15.37
US-xSC,-78.1395,38.8929,2003,6,18,27.22,14.28,17.89,0.75,19.12,3.7
US-xSC,-78.1395,38.8929,2003,6,19,26.93,17.34,18.56,1.36,17.38,8.54
US-xSC,-78.1395,38.8929,2003,6,20,20.75,12.88,15.17,2.03,14.86,18.54
US-xSC,-78.1395,38.8929,2003,6,21,18.16,11.1,12.67,2.46,12.96,2.77
US-xSC,-78.1395,38.8929,2003,6,22,24.72,14.22,15.4,2.51,26.4,0.76
US-xSC,-78.1395,38.8929,2003,6,23,26.67,13.89,15.69,2.49,29.86,0
US-xSC,-78.1395,38.8929,2003,6,24,30.51,14.96,15.9,1.82,29.23,0
US-xSC,-78.1395,38.8929,2003,6,25,33.01,15.33,16.75,1.73,29.21,0
US-xSC,-78.1395,38.8929,2003,6,26,31.68,17.62,19.77,1.7,28.17,0.01
US-xSC,-78.1395,38.8929,2003,6,27,27.12,16.56,18.55,2.08,18.53,2.23
US-xSC,-78.1395,38.8929,2003,6,28,25.82,14.44,15.72,1.46,21.66,0.02
US-xSC,-78.1395,38.8929,2003,6,29,30.53,15.88,18.34,1.19,26.63,0.05
US-xSC,-78.1395,38.8929,2003,6,30,30.33,16.58,18.62,1.22,23.77,2.7
US-xSC,-78.1395,38.8929,2003,7,1,26.24,17.85,17.68,1.22,17.9,0.24
US-xSC,-78.1395,38.8929,2003,7,2,21.35,18.03,18.46,1.76,6.84,11.99
US-xSC,-78.1395,38.8929,2003,7,3,24.24,17.71,18.83,2.23,9.4,14.38
US-xSC,-78.1395,38.8929,2003,7,4,29.78,17.87,20.19,1.95,23.66,1.05
US-xSC,-78.1395,38.8929,2003,7,5,30.75,19.7,21.8,1.7,24.38,1.69
US-xSC,-78.1395,38.8929,2003,7,6,31.07,21.15,22.26,1.53,22.58,9.94
US-xSC,-78.1395,38.8929,2003,7,7,29.29,19.68,21.67,1.59,25.41,5.68
US-xSC,-78.1395,38.8929,2003,7,8,28.76,21.65,22.61,1.77,20.33,6.66
US-xSC,-78.1395,38.8929,2003,7,9,28.5,20.9,21.55,1.57,16.96,13.09
US-xSC,-78.1395,38.8929,2003,7,10,27.2,19.84,21.34,1.49,15.04,11.27
US-xSC,-78.1395,38.8929,2003,7,11,27.88,17.53,19.63,2.18,22.67,0.81
US-xSC,-78.1395,38.8929,2003,7,12,26.71,16.06,17.6,1.91,24.23,2.99
US-xSC,-78.1395,38.8929,2003,7,13,25.69,16.87,15.77,1.33,24.18,0.45
US-xSC,-78.1395,38.8929,2003,7,14,26.37,15.86,16.55,1.43,21.48,1.94
US-xSC,-78.1395,38.8929,2003,7,15,27.83,16.57,19.08,2.08,23.54,0.28
US-xSC,-78.1395,38.8929,2003,7,16,28.39,19.22,19.96,2.01,23.83,0.02
US-xSC,-78.1395,38.8929,2003,7,17,26.01,15.74,15.48,1.69,30.07,0
US-xSC,-78.1395,38.8929,2003,7,18,28.19,15.75,17.89,1.65,14.36,0.48
US-xSC,-78.1395,38.8929,2003,7,19,27.81,17.23,16.39,1.65,22.83,0.79
US-xSC,-78.1395,38.8929,2003,7,20,27.61,13.76,16.79,1.42,27.12,0.05
US-xSC,-78.1395,38.8929,2003,7,21,29.81,16.7,20.2,2.29,24.26,1.06
US-xSC,-78.1395,38.8929,2003,7,22,29.05,20.4,21.41,1.92,18.96,2.54
US-xSC,-78.1395,38.8929,2003,7,23,29.09,18.69,18.88,1.44,20.24,11.9
US-xSC,-78.1395,38.8929,2003,7,24,25.65,16.82,16.86,1.86,25.01,0.6
US-xSC,-78.1395,38.8929,2003,7,25,29.54,14.43,15.45,1.22,27.92,0
US-xSC,-78.1395,38.8929,2003,7,26,29.6,16.03,17.96,1.78,25.7,0
US-xSC,-78.1395,38.8929,2003,7,27,30.33,20.25,20.41,2.38,19.71,0.13
US-xSC,-78.1395,38.8929,2003,7,28,27.82,18.72,20.73,1.4,9.82,17.13
US-xSC,-78.1395,38.8929,2003,7,29,26.68,17.16,17.83,1.34,14.93,0.25
US-xSC,-78.1395,38.8929,2003,7,30,24.66,16.58,16.34,1.61,18.22,0.07
US-xSC,-78.1395,38.8929,2003,7,31,26.22,16.99,19.53,1.62,9.12,6.95
US-xSC,-78.1395,38.8929,2003,8,1,27.54,20.85,21.49,1.45,10.02,4.34
US-xSC,-78.1395,38.8929,2003,8,2,29.45,20.32,21.03,1.55,17.55,2.13
US-xSC,-78.1395,38.8929,2003,8,3,26.4,21.04,22.02,2.04,13.79,15.63
US-xSC,-78.1395,38.8929,2003,8,4,27.94,20.37,21.13,1.39,18.14,6.83
US-xSC,-78.1395,38.8929,2003,8,5,29.52,19.37,19.24,1.01,22.55,3.81
US-xSC,-78.1395,38.8929,2003,8,6,28.47,16.6,17.69,1.13,20.91,0.19
US-xSC,-78.1395,38.8929,2003,8,7,26,18.2,19.26,1.26,7.78,3.19
US-xSC,-78.1395,38.8929,2003,8,8,25.97,18.09,19.54,1.31,15.82,1.64
US-xSC,-78.1395,38.8929,2003,8,9,25.95,19.29,21.04,1.27,12.69,6.5
US-xSC,-78.1395,38.8929,2003,8,10,27.9,19.05,20.35,1.35,17.79,5.39
US-xSC,-78.1395,38.8929,2003,8,11,30.62,19.06,19.47,0.74,19.45,8.41
US-xSC,-78.1395,38.8929,2003,8,12,29.33,17.59,19.77,1.2,20.27,4.28
US-xSC,-78.1395,38.8929,2003,8,13,29.49,20.25,20.73,0.95,16.62,0.82
US-xSC,-78.1395,38.8929,2003,8,14,32.34,19.51,20.35,1.23,22.19,0.04
US-xSC,-78.1395,38.8929,2003,8,15,32.15,20.21,19.96,1.57,24.02,0
US-xSC,-78.1395,38.8929,2003,8,16,30.63,21.14,21.37,1.53,17.52,9.65
US-xSC,-78.1395,38.8929,2003,8,17,26.72,19.13,19.31,1.16,20.38,2.86
US-xSC,-78.1395,38.8929,2003,8,18,26.78,16.89,17.31,1.44,18.12,0.42
US-xSC,-78.1395,38.8929,2003,8,19,28.36,16.62,18.28,1.34,21.13,0.01
US-xSC,-78.1395,38.8929,2003,8,20,31.09,18.91,19.92,1.32,22.38,0.01
US-xSC,-78.1395,38.8929,2003,8,21,33.77,18.92,19.22,1.28,22.42,0.12
US-xSC,-78.1395,38.8929,2003,8,22,32.43,21.06,21.27,1.74,20.49,2.88
US-xSC,-78.1395,38.8929,2003,8,23,28.65,17.91,14.85,2.07,25.07,0.1
US-xSC,-78.1395,38.8929,2003,8,24,27.72,14.04,8.78,1.45,25.18,0
US-xSC,-78.1395,38.8929,2003,8,25,32.05,15.1,14.9,1.84,23.75,0.08
US-xSC,-78.1395,38.8929,2003,8,26,32.71,18.79,19.08,1.92,21.03,5.32
US-xSC,-78.1395,38.8929,2003,8,27,31.94,20.48,21.1,1.74,18.58,8.4
US-xSC,-78.1395,38.8929,2003,8,28,32.13,19.71,20.83,1.27,20.04,1.42
US-xSC,-78.1395,38.8929,2003,8,29,32.43,20.86,21.92,1.53,17.96,6.32
US-xSC,-78.1395,38.8929,2003,8,30,31.45,19.09,20.77,1.64,13.47,3.69
US-xSC,-78.1395,38.8929,2003,8,31,25.61,17.9,16.2,1.66,6.46,0.31
US-xSC,-78.1395,38.8929,2003,9,1,30.38,19.39,21.08,1.63,15.14,10.11
US-xSC,-78.1395,38.8929,2003,9,2,27.13,20.69,21.39,1.4,10.4,8.94
US-xSC,-78.1395,38.8929,2003,9,3,27.63,19.55,20.82,1.62,11.66,31.72
US-xSC,-78.1395,38.8929,2003,9,4,24.97,18.67,19.68,1.19,6.39,11.81
US-xSC,-78.1395,38.8929,2003,9,5,23.03,13.73,13.37,2.22,18.39,0.08
US-xSC,-78.1395,38.8929,2003,9,6,23.38,11.14,12.19,1.21,19.96,0
US-xSC,-78.1395,38.8929,2003,9,7,24.53,10.83,12.42,0.98,21.08,0.01
US-xSC,-78.1395,38.8929,2003,9,8,25.59,13.54,14.7,1.64,10.72,0.01
US-xSC,-78.1395,38.8929,2003,9,9,23.4,13.53,14.79,1.95,11.77,0.19
US-xSC,-78.1395,38.8929,2003,9,10,22.62,10.78,10.95,1.59,21.78,0
US-xSC,-78.1395,38.8929,2003,9,11,25.39,10.37,12.1,2.05,22.68,0
US-xSC,-78.1395,38.8929,2003,9,12,18.92,11.99,15.11,2.51,4.22,13.55
US-xSC,-78.1395,38.8929,2003,9,13,26.93,14.69,18.66,2.31,5.27,12.12
US-xSC,-78.1395,38.8929,2003,9,14,26,17.67,19.21,1.82,10.25,2.36
US-xSC,-78.1395,38.8929,2003,9,15,27.85,16.12,18.39,1.65,12.7,3.47
US-xSC,-78.1395,38.8929,2003,9,16,24.04,12.23,11.46,1.75,22.99,0.01
US-xSC,-78.1395,38.8929,2003,9,17,24.21,10.36,11.4,2.07,20.85,0.05
US-xSC,-78.1395,38.8929,2003,9,18,21.52,13.14,15.08,5.26,2.75,74.45
US-xSC,-78.1395,38.8929,2003,9,19,22.15,16.12,17.61,3.8,9.29,20.37
US-xSC,-78.1395,38.8929,2003,9,20,25.93,14.88,16.86,1.1,14.09,0.1
US-xSC,-78.1395,38.8929,2003,9,21,24.01,14.43,15.44,1.41,15.19,0.15
US-xSC,-78.1395,38.8929,2003,9,22,22.44,17.63,18.88,2.86,5.63,22.3
US-xSC,-78.1395,38.8929,2003,9,23,22.24,11.42,14.45,2.43,19.44,19.46
US-xSC,-78.1395,38.8929,2003,9,24,21.98,8.7,10.15,1.5,21.12,0.01
US-xSC,-78.1395,38.8929,2003,9,25,26.01,10.91,14.82,1.71,18.13,1.32
US-xSC,-78.1395,38.8929,2003,9,26,24.13,14.16,16.6,1.59,15.16,0.44
US-xSC,-78.1395,38.8929,2003,9,27,25.17,14.99,17.35,2.6,16.38,10.17
US-xSC,-78.1395,38.8929,2003,9,28,20.75,10.99,11.6,1.83,16.2,3.85
US-xSC,-78.1395,38.8929,2003,9,29,16.93,6.95,6.84,2.24,14.16,0.15
US-xSC,-78.1395,38.8929,2003,9,30,17.84,5.16,5.62,1.73,18.81,0
US-xSC,-78.1395,38.8929,2003,10,1,13.77,4.92,6.78,1.57,8.63,1.75
US-xSC,-78.1395,38.8929,2003,10,2,12.02,1.47,0.32,2.52,17.52,0
US-xSC,-78.1395,38.8929,2003,10,3,13.56,-1.04,0.72,2.17,19.82,0.01
US-xSC,-78.1395,38.8929,2003,10,4,16.45,5.74,7.53,2.13,9.29,1.67
US-xSC,-78.1395,38.8929,2003,10,5,17.3,4.97,5.88,1.81,16.64,0.06
US-xSC,-78.1395,38.8929,2003,10,6,17.99,5.22,6.38,1.38,15.82,0.04
US-xSC,-78.1395,38.8929,2003,10,7,20.63,5.74,9.63,1.2,16.61,0
US-xSC,-78.1395,38.8929,2003,10,8,23.66,8.36,12.71,1.47,16.31,0.01
US-xSC,-78.1395,38.8929,2003,10,9,23.28,12.32,14.58,1.59,9.28,0
US-xSC,-78.1395,38.8929,2003,10,10,21.12,10.76,13.39,1.73,12.81,0.01
US-xSC,-78.1395,38.8929,2003,10,11,16.83,12.17,12.97,1.55,6.58,0.12
US-xSC,-78.1395,38.8929,2003,10,12,24.3,9.15,13.89,1.78,15.48,0
US-xSC,-78.1395,38.8929,2003,10,13,20.89,8.16,8.65,1.46,17.01,0
US-xSC,-78.1395,38.8929,2003,10,14,19.01,10.91,12.41,3.3,3.6,26.46
US-xSC,-78.1395,38.8929,2003,10,15,14.42,7.12,3.76,4.57,17.74,0.27
US-xSC,-78.1395,38.8929,2003,10,16,19.21,5.02,6.28,2.08,16.46,0.05
US-xSC,-78.1395,38.8929,2003,10,17,12.42,7.15,8.2,1.48,8.14,3.47
US-xSC,-78.1395,38.8929,2003,10,18,14.55,3.97,3.33,1.52,15.91,0.29
US-xSC,-78.1395,38.8929,2003,10,19,17.11,3.64,5.25,2.3,14.82,0
US-xSC,-78.1395,38.8929,2003,10,20,18.38,3.69,7.57,1.49,14.97,0.09
US-xSC,-78.1395,38.8929,2003,10,21,20.92,8.79,11.15,2.52,10.14,0.13
US-xSC,-78.1395,38.8929,2003,10,22,12.77,3.26,4.7,3.08,9.88,0.52
US-xSC,-78.1395,38.8929,2003,10,23,9.03,-0.04,-0.38,2.27,9.47,0.1
US-xSC,-78.1395,38.8929,2003,10,24,13.63,-1.66,0.08,1.47,16.16,0
US-xSC,-78.1395,38.8929,2003,10,25,16.13,1.34,5.51,2.46,13.31,0.13
US-xSC,-78.1395,38.8929,2003,10,26,17.73,10.37,13.14,2.53,5.65,5.76
US-xSC,-78.1395,38.8929,2003,10,27,16.04,3.06,10.12,1.89,2.64,21.82
US-xSC,-78.1395,38.8929,2003,10,28,13.79,0.05,3.7,1.66,8.65,1.68
US-xSC,-78.1395,38.8929,2003,10,29,14.75,3.08,5.61,1.91,8.02,5.52
US-xSC,-78.1395,38.8929,2003,10,30,17.63,1.8,5.17,1.9,14.62,0
US-xSC,-78.1395,38.8929,2003,10,31,25.2,5.88,10.05,1.5,13.92,0
US-xSC,-78.1395,38.8929,2003,11,1,24.2,8.49,13.15,1.55,12.46,0.01
US-xSC,-78.1395,38.8929,2003,11,2,24.1,11.57,15.45,1.52,12.33,0.01
US-xSC,-78.1395,38.8929,2003,11,3,25.65,11.58,14.76,1.53,13.63,0
US-xSC,-78.1395,38.8929,2003,11,4,26.27,11.21,13.85,1.45,13.85,0.01
US-xSC,-78.1395,38.8929,2003,11,5,24.53,13.08,17.1,1.67,7.3,9.28
US-xSC,-78.1395,38.8929,2003,11,6,17.29,13.42,14.62,1.68,2.68,9.48
US-xSC,-78.1395,38.8929,2003,11,7,14.85,4.42,5.79,2.24,11.44,0.08
US-xSC,-78.1395,38.8929,2003,11,8,8.46,-1.71,-1.91,2.22,13.63,0.05
US-xSC,-78.1395,38.8929,2003,11,9,6.28,-5.45,-7.12,1.66,13.82,0
US-xSC,-78.1395,38.8929,2003,11,10,9.76,-3.8,-2.86,1.72,13.19,0
US-xSC,-78.1395,38.8929,2003,11,11,13.61,1.26,5.95,2.15,6.8,3.78
US-xSC,-78.1395,38.8929,2003,11,12,18.69,10.55,13.02,1.65,1.92,21.42
US-xSC,-78.1395,38.8929,2003,11,13,14.6,0.16,-2.42,6.13,11.83,0.15
US-xSC,-78.1395,38.8929,2003,11,14,7.93,-1.63,-5.06,4,12.8,0
US-xSC,-78.1395,38.8929,2003,11,15,12.64,1.54,-0.01,1.89,6.04,0.02
US-xSC,-78.1395,38.8929,2003,11,16,12.27,4.02,6.13,1.21,3.17,0.52
US-xSC,-78.1395,38.8929,2003,11,17,15.74,4.29,6.77,1.65,10.68,0.07
US-xSC,-78.1395,38.8929,2003,11,18,11.79,3.17,7.94,2.22,2.1,1.97
US-xSC,-78.1395,38.8929,2003,11,19,19.36,7.39,13.72,4.36,1.73,35.34
US-xSC,-78.1395,38.8929,2003,11,20,11.93,2.32,3.3,2.8,11.99,0.06
US-xSC,-78.1395,38.8929,2003,11,21,19.47,1.7,6.54,2.21,11.76,0
US-xSC,-78.1395,38.8929,2003,11,22,18.43,4.86,7.92,1.73,11.33,0
US-xSC,-78.1395,38.8929,2003,11,23,16.03,4.76,8.58,2.11,8.68,0.04
US-xSC,-78.1395,38.8929,2003,11,24,16.4,-0.13,6.53,3.12,5.08,7.64
US-xSC,-78.1395,38.8929,2003,11,25,6.7,-4.2,-5.02,1.75,11.06,0
US-xSC,-78.1395,38.8929,2003,11,26,8.78,-2.41,-0.33,1.3,7.23,0.09
US-xSC,-78.1395,38.8929,2003,11,27,10.69,1.76,4.09,1.75,7.17,0.61
US-xSC,-78.1395,38.8929,2003,11,28,17.23,1.74,8.17,3.82,2.81,11.79
US-xSC,-78.1395,38.8929,2003,11,29,4.21,-2.88,-4.44,4.77,6.89,0.15
US-xSC,-78.1395,38.8929,2003,11,30,9.22,-3.05,-0.6,2.2,8.71,0
US-xSC,-78.1395,38.8929,2003,12,1,7.6,-1.53,-1.82,3.47,10.24,0
US-xSC,-78.1395,38.8929,2003,12,2,2.93,-4.56,-6.76,3.55,11.38,0
US-xSC,-78.1395,38.8929,2003,12,3,1.94,-5.06,-6.77,1.41,7.44,0.02
US-xSC,-78.1395,38.8929,2003,12,4,3.37,-4.41,-4.38,1.55,3.87,3.78
US-xSC,-78.1395,38.8929,2003,12,5,0.53,-2.71,-1.67,2.27,3.18,15.09
US-xSC,-78.1395,38.8929,2003,12,6,-0.23,-3.91,-3.5,3.43,6.56,1.15
US-xSC,-78.1395,38.8929,2003,12,7,0.42,-7.6,-4.5,3.67,10.42,0
US-xSC,-78.1395,38.8929,2003,12,8,2.85,-8.8,-6.06,1.87,8.7,0
US-xSC,-78.1395,38.8929,2003,12,9,3.13,-4.4,-2.26,1.4,6.66,0.56
US-xSC,-78.1395,38.8929,2003,12,10,9.97,-1.08,2.39,2.53,0.93,30
US-xSC,-78.1395,38.8929,2003,12,11,9.58,-0.94,0.84,4.79,7.88,7.41
US-xSC,-78.1395,38.8929,2003,12,12,4.27,-4.73,-5.27,2.72,10.23,0
US-xSC,-78.1395,38.8929,2003,12,13,-0.92,-5.41,-6.66,1.69,6.58,0.42
US-xSC,-78.1395,38.8929,2003,12,14,0.09,-3.59,-2.69,2.37,2.34,20.49
US-xSC,-78.1395,38.8929,2003,12,15,0.7,-4.06,-2.98,2.68,10.15,0.02
US-xSC,-78.1395,38.8929,2003,12,16,3.54,-6.75,-1.35,2.62,8.96,0.02
US-xSC,-78.1395,38.8929,2003,12,17,2.81,-3.19,-1.27,3.4,6.33,4
US-xSC,-78.1395,38.8929,2003,12,18,0.32,-3.88,-5.23,2.4,3.53,0.07
US-xSC,-78.1395,38.8929,2003,12,19,-0.2,-3.93,-4.81,1.93,4.9,0.18
US-xSC,-78.1395,38.8929,2003,12,20,0.43,-6.39,-5.67,3.04,6.59,0.03
US-xSC,-78.1395,38.8929,2003,12,21,4.44,-7.24,-4.84,2.21,9.21,0
US-xSC,-78.1395,38.8929,2003,12,22,8.17,-3.39,0.31,2.35,8.2,0.01
US-xSC,-78.1395,38.8929,2003,12,23,10.44,0.79,4.62,2.85,9.84,0.37
US-xSC,-78.1395,38.8929,2003,12,24,9.39,-4.14,3.68,2.67,6.67,8.84
US-xSC,-78.1395,38.8929,2003,12,25,2.88,-4.6,-4.96,2.68,7.53,0.17
US-xSC,-78.1395,38.8929,2003,12,26,4.21,-4.03,-3.76,3.27,9.53,0
US-xSC,-78.1395,38.8929,2003,12,27,9,-2.63,-2,2.8,10.46,0
US-xSC,-78.1395,38.8929,2003,12,28,8.9,-2.73,-0.46,1.73,10.31,0
US-xSC,-78.1395,38.8929,2003,12,29,11.09,0.06,2.83,2.26,9.38,0.09
US-xSC,-78.1395,38.8929,2003,12,30,7.28,-3.28,0.22,3.73,10.2,1.08
US-xSC,-78.1395,38.8929,2003,12,31,9.53,-3.66,-1.16,2.21,10.15,0
US-xSC,-78.1395,38.8929,2004,1,1,10.91,-1.94,0.23,1.89,7.54,0.01
US-xSC,-78.1395,38.8929,2004,1,2,11.39,3.09,6.03,1.57,3.6,2.35
US-xSC,-78.1395,38.8929,2004,1,3,18.17,5.97,10.57,2.33,6.93,0.14
US-xSC,-78.1395,38.8929,2004,1,4,18.59,9.63,12.18,1.27,5.78,1.74
US-xSC,-78.1395,38.8929,2004,1,5,11.45,0.28,6.96,2.55,2.28,4.01
US-xSC,-78.1395,38.8929,2004,1,6,1.85,-7.06,-7.74,3.93,6.62,0.03
US-xSC,-78.1395,38.8929,2004,1,7,-3.41,-8.77,-12.62,4.26,11.28,0.01
US-xSC,-78.1395,38.8929,2004,1,8,-0.71,-9.7,-7.98,1.86,5.06,0.57
US-xSC,-78.1395,38.8929,2004,1,9,-1.13,-10.14,-6.42,1.95,4.32,0.55
US-xSC,-78.1395,38.8929,2004,1,10,-6.73,-13.17,-14.64,2.46,9.92,0
US-xSC,-78.1395,38.8929,2004,1,11,1.76,-12.15,-9.16,2.43,9.25,0
US-xSC,-78.1395,38.8929,2004,1,12,8.17,-4.64,-0.64,2.59,9.14,0
US-xSC,-78.1395,38.8929,2004,1,13,6.24,-3.26,-2.57,3.59,10.79,0.08
US-xSC,-78.1395,38.8929,2004,1,14,1.28,-5.33,-5.48,2.66,9.77,0.43
US-xSC,-78.1395,38.8929,2004,1,15,0.11,-8.91,-8.25,5.25,10.4,0.1
US-xSC,-78.1395,38.8929,2004,1,16,-3.4,-12.1,-13.88,4.64,11.95,0
US-xSC,-78.1395,38.8929,2004,1,17,1.43,-9.88,-8.71,2.04,5.67,1.16
US-xSC,-78.1395,38.8929,2004,1,18,2.48,-5.46,-2.02,3.06,3.07,3.3
US-xSC,-78.1395,38.8929,2004,1,19,-2.92,-8.19,-11,4.58,11.77,0.03
US-xSC,-78.1395,38.8929,2004,1,20,-3.98,-10.42,-12.23,4.05,12.17,0.01
US-xSC,-78.1395,38.8929,2004,1,21,-1.14,-12.22,-12.03,2,7.38,0
US-xSC,-78.1395,38.8929,2004,1,22,4.9,-7.69,-7.04,4.26,6.92,0.01
US-xSC,-78.1395,38.8929,2004,1,23,-6.23,-11.48,-13.93,3.33,12.63,1.56
US-xSC,-78.1395,38.8929,2004,1,24,-3.05,-11,-10.12,2.59,6.38,0.23
US-xSC,-78.1395,38.8929,2004,1,25,-7.49,-14.11,-13.76,1.84,4.69,11.13
US-xSC,-78.1395,38.8929,2004,1,26,-6.81,-10.36,-9.29,2.3,4.59,3.21
US-xSC,-78.1395,38.8929,2004,1,27,-3.93,-9.08,-7.39,1.9,2.65,4.38
US-xSC,-78.1395,38.8929,2004,1,28,-5.49,-9.55,-9.06,4.72,12.01,0.08
US-xSC,-78.1395,38.8929,2004,1,29,-1.96,-9.3,-8.3,3.15,10.23,0.02
US-xSC,-78.1395,38.8929,2004,1,30,-6.31,-12.38,-11.35,3.37,9.85,0.07
US-xSC,-78.1395,38.8929,2004,1,31,-6.52,-16.19,-14.26,3.61,13.44,0
US-xSC,-78.1395,38.8929,2004,2,1,-0.92,-17.17,-11.17,2.24,13.99,0
US-xSC,-78.1395,38.8929,2004,2,2,0.69,-11.64,-6.85,1.85,10.16,0.02
US-xSC,-78.1395,38.8929,2004,2,3,0.21,-5.54,-2.3,2.1,6.36,23.54
US-xSC,-78.1395,38.8929,2004,2,4,0,-12.02,-5.1,2.93,13.51,0
US-xSC,-78.1395,38.8929,2004,2,5,-2.49,-13.77,-7.64,1.82,4.26,11.78
US-xSC,-78.1395,38.8929,2004,2,6,0.73,-3.35,-0.94,2.06,3.75,36.4
US-xSC,-78.1395,38.8929,2004,2,7,0.15,-4.58,-1.59,3.32,10.91,0.09
US-xSC,-78.1395,38.8929,2004,2,8,-1.51,-11.62,-7.13,3.06,15.33,0
US-xSC,-78.1395,38.8929,2004,2,9,0.27,-12.24,-5.15,2.37,7.88,0.06
US-xSC,-78.1395,38.8929,2004,2,10,3.75,-5.06,-2.54,2.14,13.28,0.02
US-xSC,-78.1395,38.8929,2004,2,11,1.6,-6.62,-4.54,2.26,14.04,0.01
US-xSC,-78.1395,38.8929,2004,2,12,3.52,-4.41,-3.17,1.58,9.83,0.01
US-xSC,-78.1395,38.8929,2004,2,13,4.06,-7.57,-3.85,2.66,15.59,0
US-xSC,-78.1395,38.8929,2004,2,14,3.66,-4.3,-3.13,2.08,6,0
US-xSC,-78.1395,38.8929,2004,2,15,-0.81,-8.33,-7.5,3.33,10.86,0
US-xSC,-78.1395,38.8929,2004,2,16,-2.07,-15.3,-12.41,2.22,16.63,0
US-xSC,-78.1395,38.8929,2004,2,17,2.31,-9.4,-7.56,1.53,9.21,0
US-xSC,-78.1395,38.8929,2004,2,18,3.45,-8.19,-5.31,3.12,16.04,0
US-xSC,-78.1395,38.8929,2004,2,19,9.83,-2.55,-0.19,2.48,15.74,0
US-xSC,-78.1395,38.8929,2004,2,20,11.52,-0.85,2.53,2.45,14.98,0.01
US-xSC,-78.1395,38.8929,2004,2,21,7.75,-0.22,0.49,4.5,9.61,0.06
US-xSC,-78.1395,38.8929,2004,2,22,5.62,-3.55,-2.74,3.09,12.83,0
US-xSC,-78.1395,38.8929,2004,2,23,8.18,-4,-2.75,1.6,13.81,0
US-xSC,-78.1395,38.8929,2004,2,24,5.56,-2.56,0.25,2.01,5.09,1.52
US-xSC,-78.1395,38.8929,2004,2,25,5.18,-4.37,-4.61,3.17,18.25,0
US-xSC,-78.1395,38.8929,2004,2,26,2.39,-4.52,-4.31,1.9,8.18,0.01
US-xSC,-78.1395,38.8929,2004,2,27,7.18,-2.18,-3.34,2.62,15.62,0
US-xSC,-78.1395,38.8929,2004,2,28,12.41,-3.23,-3.8,2.04,17.51,0
US-xSC,-78.1395,38.8929,2004,2,29,16.39,-2.59,-0.82,1.92,15.59,0
US-xSC,-78.1395,38.8929,2004,3,1,17.6,0.36,3.24,2.03,15.37,0.01
US-xSC,-78.1395,38.8929,2004,3,2,19.76,4.01,8.82,3.17,11.3,0.39
US-xSC,-78.1395,38.8929,2004,3,3,17,1.33,4.91,1.64,14.75,0.67
US-xSC,-78.1395,38.8929,2004,3,4,14.91,5.99,8.32,1.45,7.73,1.06
US-xSC,-78.1395,38.8929,2004,3,5,22.3,6.91,12.26,3.28,15.22,0.84
US-xSC,-78.1395,38.8929,2004,3,6,18.8,4.35,10.63,3.75,8.39,14.98
US-xSC,-78.1395,38.8929,2004,3,7,13.85,-0.68,3.26,2.3,19.31,2.12
US-xSC,-78.1395,38.8929,2004,3,8,6.33,-2.7,-1.44,3.94,11.22,0.25
US-xSC,-78.1395,38.8929,2004,3,9,6.21,-3.19,-2.7,1.35,10.37,0.2
US-xSC,-78.1395,38.8929,2004,3,10,5.97,-2.98,-1.78,2.44,12.94,0.02
US-xSC,-78.1395,38.8929,2004,3,11,13.14,-3.59,-0.94,2.12,18.29,0
US-xSC,-78.1395,38.8929,2004,3,12,5.85,-2.72,-4.11,4.01,21.51,0.02
US-xSC,-78.1395,38.8929,2004,3,13,6.85,-3.92,-5.7,2.86,21.83,0
US-xSC,-78.1395,38.8929,2004,3,14,12.46,-2.04,1.07,3.14,12.68,0.14
US-xSC,-78.1395,38.8929,2004,3,15,13.68,0.82,1.31,2.64,21.19,0.16
US-xSC,-78.1395,38.8929,2004,3,16,2.38,-2.45,-0.3,2.65,3.2,14.18
US-xSC,-78.1395,38.8929,2004,3,17,4.44,-5.47,-3.06,1.82,6.25,0.54
US-xSC,-78.1395,38.8929,2004,3,18,9.49,-3.78,0.11,1.35,11.02,7.63
US-xSC,-78.1395,38.8929,2004,3,19,7.81,-1.47,-0.05,3.17,18.25,0.47
US-xSC,-78.1395,38.8929,2004,3,20,15.24,-3.46,4.4,3.96,19.87,3.42
US-xSC,-78.1395,38.8929,2004,3,21,10.74,-2.99,-1.16,4.73,13.41,0.26
US-xSC,-78.1395,38.8929,2004,3,22,2.36,-5.46,-8.35,3.49,22.44,0
US-xSC,-78.1395,38.8929,2004,3,23,9.28,-5.5,-5.54,2.24,23.5,0
US-xSC,-78.1395,38.8929,2004,3,24,15.62,-0.21,1.18,2.52,15.96,0.54
US-xSC,-78.1395,38.8929,2004,3,25,21.49,5.16,7.86,2.27,19.9,0.09
US-xSC,-78.1395,38.8929,2004,3,26,24.78,6.84,11.1,2.06,20.29,0.05
US-xSC,-78.1395,38.8929,2004,3,27,21.25,11.15,13.23,2.02,9.14,2.09
US-xSC,-78.1395,38.8929,2004,3,28,17.74,6.09,7.7,2.33,17.74,0.02
US-xSC,-78.1395,38.8929,2004,3,29,14.98,2.04,3.93,2.4,22.27,0
US-xSC,-78.1395,38.8929,2004,3,30,11.82,1.93,3.43,2.4,8.55,4.59
US-xSC,-78.1395,38.8929,2004,3,31,9.18,4.69,5.9,1.39,4.11,1.64
US-xSC,-78.1395,38.8929,2004,4,1,7.07,2.59,3.88,2.88,5.62,16.92
US-xSC,-78.1395,38.8929,2004,4,2,8.86,4.26,4.92,2.43,7.27,8.72
US-xSC,-78.1395,38.8929,2004,4,3,11.45,4.42,4.41,2.62,11.89,1.17
US-xSC,-78.1395,38.8929,2004,4,4,7.43,-1.16,-1.28,5.36,18.22,0.91
US-xSC,-78.1395,38.8929,2004,4,5,6.17,-3.95,-6.85,5.13,26.68,0.01
US-xSC,-78.1395,38.8929,2004,4,6,13.77,-3.85,-0.76,2.58,21.22,0.01
US-xSC,-78.1395,38.8929,2004,4,7,19.96,3.87,6.98,2.82,20.28,0
US-xSC,-78.1395,38.8929,2004,4,8,17,3.58,7.01,1.74,14.3,3.28
US-xSC,-78.1395,38.8929,2004,4,9,15.7,4.89,5.57,2.71,20.16,0.26
US-xSC,-78.1395,38.8929,2004,4,10,17.32,2.4,4.43,1.22,18.19,0
US-xSC,-78.1395,38.8929,2004,4,11,8.59,4.14,5.05,1.96,3.86,2.69
US-xSC,-78.1395,38.8929,2004,4,12,7.41,3.7,4.9,2.45,3.25,37.81
US-xSC,-78.1395,38.8929,2004,4,13,9.15,4.03,5.58,1.51,3.98,16.07
US-xSC,-78.1395,38.8929,2004,4,14,7.73,3.62,3.99,3.54,6.07,1.33
US-xSC,-78.1395,38.8929,2004,4,15,15.21,1.94,1.96,3.53,23.71,0
US-xSC,-78.1395,38.8929,2004,4,16,20.69,0.16,3.53,1.48,26.2,0
US-xSC,-78.1395,38.8929,2004,4,17,25.51,7.14,12.35,2.14,24.02,0
US-xSC,-78.1395,38.8929,2004,4,18,27.66,13.56,16.57,1.95,23.58,0.01
US-xSC,-78.1395,38.8929,2004,4,19,26.81,14.11,14.77,2.8,23.76,0
US-xSC,-78.1395,38.8929,2004,4,20,27.14,12.62,13.69,1.52,21.24,2.76
US-xSC,-78.1395,38.8929,2004,4,21,24.98,10.01,14.06,2.36,20.91,0.42
US-xSC,-78.1395,38.8929,2004,4,22,25.05,12.81,14.86,1.32,16.25,1.13
US-xSC,-78.1395,38.8929,2004,4,23,25.47,12.87,16.02,1.37,17.15,3.51
US-xSC,-78.1395,38.8929,2004,4,24,22.15,10.74,10.43,1.9,26.51,0.04
US-xSC,-78.1395,38.8929,2004,4,25,18.99,10.3,12.99,3.39,7.92,8.48
US-xSC,-78.1395,38.8929,2004,4,26,17.32,9.71,13.68,2.08,4.23,23.32
US-xSC,-78.1395,38.8929,2004,4,27,16.13,3.19,4.17,3.15,19.73,0.44
US-xSC,-78.1395,38.8929,2004,4,28,17.71,0.34,0.96,2.04,28,0
US-xSC,-78.1395,38.8929,2004,4,29,23.58,6.79,10.02,2.36,26.26,0
US-xSC,-78.1395,38.8929,2004,4,30,23.38,9.48,12.36,2.44,20.85,0
US-xSC,-78.1395,38.8929,2004,5,1,23.36,12.54,15.46,2.68,14.67,4.17
US-xSC,-78.1395,38.8929,2004,5,2,25.59,9.29,16.53,3.58,14.55,18.26
US-xSC,-78.1395,38.8929,2004,5,3,14.21,5.74,4.04,2.76,13.96,3.29
US-xSC,-78.1395,38.8929,2004,5,4,16.64,1.69,1.57,2.24,28.21,0
US-xSC,-78.1395,38.8929,2004,5,5,21.14,6.16,9.18,2.26,21.54,0.33
US-xSC,-78.1395,38.8929,2004,5,6,25.21,6.03,10.44,1.37,28.48,0
US-xSC,-78.1395,38.8929,2004,5,7,27.88,14.09,17.44,2.14,21.61,10.42
US-xSC,-78.1395,38.8929,2004,5,8,21.88,10.84,10.72,2.54,25.78,0.01
US-xSC,-78.1395,38.8929,2004,5,9,28.62,11.59,15.4,1.82,24.72,1.45
US-xSC,-78.1395,38.8929,2004,5,10,30.1,14.4,17.4,1.65,23.82,0.3
US-xSC,-78.1395,38.8929,2004,5,11,28.37,17.14,18,1.52,17.14,1.35
US-xSC,-78.1395,38.8929,2004,5,12,28.75,16.72,18.2,1.49,25.19,0.53
US-xSC,-78.1395,38.8929,2004,5,13,28.6,16.85,18.11,1.56,25.09,0.13
US-xSC,-78.1395,38.8929,2004,5,14,27.75,17.14,18.57,1.89,22.49,3.32
US-xSC,-78.1395,38.8929,2004,5,15,28.09,17.13,17.99,1.97,22.23,8.6
US-xSC,-78.1395,38.8929,2004,5,16,25.34,16.97,17.43,0.92,18.84,6.48
US-xSC,-78.1395,38.8929,2004,5,17,23.82,14.26,17.15,1.59,18.12,1.73
US-xSC,-78.1395,38.8929,2004,5,18,26.56,17.71,18.81,1.94,17.65,11.52
US-xSC,-78.1395,38.8929,2004,5,19,23.69,17.1,18.4,1.25,11.67,5.76
US-xSC,-78.1395,38.8929,2004,5,20,24.32,16.24,18.02,2,11.17,1.19
US-xSC,-78.1395,38.8929,2004,5,21,26.77,18.56,19.96,1.46,10.62,6.67
US-xSC,-78.1395,38.8929,2004,5,22,28.94,17.73,20,1.65,26.09,0.22
US-xSC,-78.1395,38.8929,2004,5,23,29.76,19.26,20.08,1.83,24.01,1.35
US-xSC,-78.1395,38.8929,2004,5,24,29.23,18.2,19.54,2.18,23.44,0.01
US-xSC,-78.1395,38.8929,2004,5,25,29.06,17.33,19.35,1.48,22.49,7.84
US-xSC,-78.1395,38.8929,2004,5,26,25.29,18.11,19.31,1.62,13.39,4.32
US-xSC,-78.1395,38.8929,2004,5,27,26.22,16.5,18.03,1.59,21.9,7.99
US-xSC,-78.1395,38.8929,2004,5,28,23.88,15.22,17.29,2.17,13.95,4
US-xSC,-78.1395,38.8929,2004,5,29,21.7,9.55,7.73,1.89,29.61,0
US-xSC,-78.1395,38.8929,2004,5,30,23.56,10.93,13.59,1.35,12.28,0.09
US-xSC,-78.1395,38.8929,2004,5,31,26.88,15.56,18.45,1.76,15.16,7.23
US-xSC,-78.1395,38.8929,2004,6,1,23.81,14.39,13.66,2.4,25.33,1.5
US-xSC,-78.1395,38.8929,2004,6,2,25.32,13.99,14.18,2.23,25.46,1.6
US-xSC,-78.1395,38.8929,2004,6,3,24.47,14.61,14.14,2.1,24.76,0.34
US-xSC,-78.1395,38.8929,2004,6,4,17.09,12.35,13.38,1.97,5.47,1.99
US-xSC,-78.1395,38.8929,2004,6,5,15.27,12.2,12.58,2.75,6.21,29.33
US-xSC,-78.1395,38.8929,2004,6,6,23.68,9.65,13.47,1.22,19.22,0.03
US-xSC,-78.1395,38.8929,2004,6,7,25.77,13.91,15.99,1.22,21.95,0
US-xSC,-78.1395,38.8929,2004,6,8,29.08,14.74,18.4,1.41,24.9,0
US-xSC,-78.1395,38.8929,2004,6,9,30.83,18.65,20.13,1.59,24.72,0.49
US-xSC,-78.1395,38.8929,2004,6,10,28.62,19.71,19.66,1.9,18.19,0.96
US-xSC,-78.1395,38.8929,2004,6,11,23.15,15.37,17.92,1.84,8.08,26.32
US-xSC,-78.1395,38.8929,2004,6,12,23.58,13.09,13.14,1.66,18.49,1.98
US-xSC,-78.1395,38.8929,2004,6,13,24.7,13.48,14.27,2.77,15.03,0.77
US-xSC,-78.1395,38.8929,2004,6,14,28.89,17.37,20.03,2.14,16.88,0.91
US-xSC,-78.1395,38.8929,2004,6,15,29.86,19.43,21.37,1.19,19.31,6.44
US-xSC,-78.1395,38.8929,2004,6,16,29.53,18.95,20.93,0.85,16.99,4.44
US-xSC,-78.1395,38.8929,2004,6,17,29.98,20.07,22.28,1.44,23.09,5.37
US-xSC,-78.1395,38.8929,2004,6,18,30.27,20.74,21.74,1.75,20.27,1.65
US-xSC,-78.1395,38.8929,2004,6,19,27.52,14.82,17.24,2.37,16.6,0.04
US-xSC,-78.1395,38.8929,2004,6,20,24,10.57,7.49,1.28,31.57,0
US-xSC,-78.1395,38.8929,2004,6,21,26.43,12.52,12.7,1.94,25.82,0.01
US-xSC,-78.1395,38.8929,2004,6,22,29.56,18.95,19.03,2.04,21.02,1.96
US-xSC,-78.1395,38.8929,2004,6,23,27.14,18.76,17.96,1.19,10.36,1.58
US-xSC,-78.1395,38.8929,2004,6,24,30.31,15.86,14.39,1.42,27.23,0
US-xSC,-78.1395,38.8929,2004,6,25,28.58,17.28,17.53,1.25,12.03,5.27
US-xSC,-78.1395,38.8929,2004,6,26,24.99,14.7,13.26,2.38,22.52,0.08
US-xSC,-78.1395,38.8929,2004,6,27,26.83,11.68,11.72,1.75,27.71,0
US-xSC,-78.1395,38.8929,2004,6,28,28.54,13.2,13.39,1.05,20.35,0.44
US-xSC,-78.1395,38.8929,2004,6,29,26.95,14.32,11.97,1.8,27.04,0
US-xSC,-78.1395,38.8929,2004,6,30,29.72,14.8,13.06,1.09,24.92,0.2
US-xSC,-78.1395,38.8929,2004,7,1,31.66,16.98,16.62,1.17,19.17,1.62
US-xSC,-78.1395,38.8929,2004,7,2,33.2,17.58,14.74,1.36,25.29,0.04
US-xSC,-78.1395,38.8929,2004,7,3,31.29,17.94,16.95,1.66,24.79,4.35
US-xSC,-78.1395,38.8929,2004,7,4,28.17,18.99,21.04,1.98,17.95,17.54
US-xSC,-78.1395,38.8929,2004,7,5,31.25,20.13,20.58,1.96,23.07,4.43
US-xSC,-78.1395,38.8929,2004,7,6,31.66,19.35,19.16,2.05,24.89,0.72
US-xSC,-78.1395,38.8929,2004,7,7,31.88,20.44,19.51,1.5,17.28,5.91
US-xSC,-78.1395,38.8929,2004,7,8,31.02,18.02,16.02,2.07,26.83,0.03
US-xSC,-78.1395,38.8929,2004,7,9,30.47,17.99,15.54,2.19,22.41,0
US-xSC,-78.1395,38.8929,2004,7,10,30.87,16.58,17.24,1,13.03,0.67
US-xSC,-78.1395,38.8929,2004,7,11,29.34,20.39,19.81,0.83,20.12,1.64
US-xSC,-78.1395,38.8929,2004,7,12,30.69,20.24,20.89,1.26,17.19,11.32
US-xSC,-78.1395,38.8929,2004,7,13,32.27,19.96,20.22,1.07,19.3,2.9
US-xSC,-78.1395,38.8929,2004,7,14,31.22,18.98,18.64,2.16,22.74,5.47
US-xSC,-78.1395,38.8929,2004,7,15,28.01,17.67,14.41,2.68,22.82,0.04
US-xSC,-78.1395,38.8929,2004,7,16,29.42,17.59,13.94,2.23,26.33,0
US-xSC,-78.1395,38.8929,2004,7,17,30.12,15.1,13.22,1.12,16.01,2.23
US-xSC,-78.1395,38.8929,2004,7,18,26.76,17.64,17.45,1.39,13.35,6.9
US-xSC,-78.1395,38.8929,2004,7,19,29.44,16.5,16.25,1.24,20.07,1.61
US-xSC,-78.1395,38.8929,2004,7,20,31.24,16.68,15.06,1.24,23.49,0.06
US-xSC,-78.1395,38.8929,2004,7,21,32.81,17.94,16.37,1.02,23.32,0
US-xSC,-78.1395,38.8929,2004,7,22,32.43,19.07,18.56,1.63,13.11,6.11
US-xSC,-78.1395,38.8929,2004,7,23,30.22,20.36,20.53,1.21,18.36,8.7
US-xSC,-78.1395,38.8929,2004,7,24,28.89,18.54,16.08,2.48,14.43,0.21
US-xSC,-78.1395,38.8929,2004,7,25,27.55,17.61,17.79,1.97,6.69,1.45
US-xSC,-78.1395,38.8929,2004,7,26,27.28,18.65,19.23,1.9,8.41,3.84
US-xSC,-78.1395,38.8929,2004,7,27,29.29,20.27,20.77,1.6,12.5,7.75
US-xSC,-78.1395,38.8929,2004,7,28,29.72,18.33,17.48,1.19,20.69,0.4
US-xSC,-78.1395,38.8929,2004,7,29,31.7,15.53,15.39,1.51,23.75,0.06
US-xSC,-78.1395,38.8929,2004,7,30,30.94,20.9,19.03,2.4,19.73,2.72
US-xSC,-78.1395,38.8929,2004,7,31,30.84,21.19,20.35,2.48,23.41,8.92
US-xSC,-78.1395,38.8929,2004,8,1,31.55,21.4,21.24,0.92,16.05,10.69
US-xSC,-78.1395,38.8929,2004,8,2,30.26,21.22,21.27,1.31,15.52,2.95
US-xSC,-78.1395,38.8929,2004,8,3,33.02,20.48,19.1,1.46,24.61,0.03
US-xSC,-78.1395,38.8929,2004,8,4,34.25,20.07,19.07,1.53,20.7,0.73
US-xSC,-78.1395,38.8929,2004,8,5,24.14,17.72,16.63,2.12,7.08,4.46
US-xSC,-78.1395,38.8929,2004,8,6,23.17,13.33,8.54,2.72,22.06,0.19
US-xSC,-78.1395,38.8929,2004,8,7,24.59,11.48,9.61,2.01,24.2,0
US-xSC,-78.1395,38.8929,2004,8,8,28.22,13.36,9.34,1.3,23.58,0
US-xSC,-78.1395,38.8929,2004,8,9,30.95,13.87,11.5,1.11,25.03,0.01
US-xSC,-78.1395,38.8929,2004,8,10,31.72,16.46,14.96,1.99,22.15,0.08
US-xSC,-78.1395,38.8929,2004,8,11,32.13,18.95,16.16,1.68,18.47,1.7
US-xSC,-78.1395,38.8929,2004,8,12,26.31,17,17.97,1.15,8.4,20.57
US-xSC,-78.1395,38.8929,2004,8,13,27.01,17.11,16.54,1.7,13.67,3.42
US-xSC,-78.1395,38.8929,2004,8,14,26.8,14.01,13.3,1.15,8.25,1.58
US-xSC,-78.1395,38.8929,2004,8,15,28.58,13.29,13.91,1.07,21.18,0.15
US-xSC,-78.1395,38.8929,2004,8,16,27.91,15.82,15.07,1.22,20.24,0.4
US-xSC,-78.1395,38.8929,2004,8,17,29.94,16.26,13.72,1.13,19.28,0.5
US-xSC,-78.1395,38.8929,2004,8,18,30.88,15.42,15.06,1.52,20.37,0.19
US-xSC,-78.1395,38.8929,2004,8,19,33.34,18.38,18.74,1.7,18.28,3.82
US-xSC,-78.1395,38.8929,2004,8,20,34.17,19.79,18.53,1.88,18.41,3.86
US-xSC,-78.1395,38.8929,2004,8,21,24.86,15.82,18.66,2.1,7.91,6.47
US-xSC,-78.1395,38.8929,2004,8,22,29.26,13.74,12.75,0.94,21.9,0.02
US-xSC,-78.1395,38.8929,2004,8,23,31.05,13.33,11.78,1.16,25.35,0
US-xSC,-78.1395,38.8929,2004,8,24,32.55,14.92,13.75,1.67,23.2,0.01
US-xSC,-78.1395,38.8929,2004,8,25,30.28,15.5,15.97,2.04,19.26,0
US-xSC,-78.1395,38.8929,2004,8,26,31.15,16.98,15.45,2.02,22.19,0.06
US-xSC,-78.1395,38.8929,2004,8,27,33.2,18.87,17.66,1.43,20.88,0.13
US-xSC,-78.1395,38.8929,2004,8,28,34.74,19.48,18.85,1.32,20.68,1.89
US-xSC,-78.1395,38.8929,2004,8,29,33.27,19.77,19.18,1.91,18.99,2.53
US-xSC,-78.1395,38.8929,2004,8,30,31.8,20.31,19.3,1.78,12.73,1.72
US-xSC,-78.1395,38.8929,2004,8,31,30.49,17.64,14.7,2.38,22,0.15
US-xSC,-78.1395,38.8929,2004,9,1,30.06,15.19,12.55,1.65,20.42,0
US-xSC,-78.1395,38.8929,2004,9,2,28.36,15.62,14.06,1.57,18.74,0
US-xSC,-78.1395,38.8929,2004,9,3,28.8,17.01,14.35,1.43,17.7,0
US-xSC,-78.1395,38.8929,2004,9,4,30.75,17.75,14.6,1.39,19.33,0
US-xSC,-78.1395,38.8929,2004,9,5,28.87,15.97,15.88,2.61,17.42,1.59
US-xSC,-78.1395,38.8929,2004,9,6,26.42,15.81,17.14,2.62,4.04,4.15
US-xSC,-78.1395,38.8929,2004,9,7,29.54,17.99,19.21,1.75,10.97,4.9
US-xSC,-78.1395,38.8929,2004,9,8,24.31,20.94,21.64,3.18,3.25,76.5
US-xSC,-78.1395,38.8929,2004,9,9,25.68,16.79,19.08,3.08,12.09,4.3
US-xSC,-78.1395,38.8929,2004,9,10,26.08,14.93,15,1.7,19.35,0.01
US-xSC,-78.1395,38.8929,2004,9,11,26.47,13.22,15.6,1.38,18.74,0
US-xSC,-78.1395,38.8929,2004,9,12,27.24,16.47,16.94,1.16,15.89,0.01
US-xSC,-78.1395,38.8929,2004,9,13,27.65,14.31,14.7,1.25,17.17,0
US-xSC,-78.1395,38.8929,2004,9,14,23.57,15.58,16.1,1.51,7.89,1.07
US-xSC,-78.1395,38.8929,2004,9,15,22.39,16.05,16.7,1.6,7.61,4.53
US-xSC,-78.1395,38.8929,2004,9,16,27.26,14.7,17.05,1.07,12.47,0.19
US-xSC,-78.1395,38.8929,2004,9,17,26.48,18.7,21.03,2.82,4.25,47.8
US-xSC,-78.1395,38.8929,2004,9,18,22.12,11.64,13.12,4.2,13.14,17.46
US-xSC,-78.1395,38.8929,2004,9,19,19.15,8.39,7,2.66,22.38,0
US-xSC,-78.1395,38.8929,2004,9,20,20.31,6.9,7.67,1.31,19.68,0
US-xSC,-78.1395,38.8929,2004,9,21,27.85,8.62,10.3,1.32,20.31,0
US-xSC,-78.1395,38.8929,2004,9,22,26.14,12.69,13.44,1.89,19.26,0
US-xSC,-78.1395,38.8929,2004,9,23,26.88,12.63,14.42,1.66,21.22,0
US-xSC,-78.1395,38.8929,2004,9,24,25.6,14.42,16.12,1.47,15.01,0
US-xSC,-78.1395,38.8929,2004,9,25,25.62,12.8,14.5,1.37,16.71,0
US-xSC,-78.1395,38.8929,2004,9,26,24.4,15,16.34,1.72,11.24,0
US-xSC,-78.1395,38.8929,2004,9,27,22.11,14.14,16.05,1.47,5.91,3.63
US-xSC,-78.1395,38.8929,2004,9,28,22.48,16.82,19,2.84,2.66,76
US-xSC,-78.1395,38.8929,2004,9,29,22.63,14.8,15.28,1.76,13.47,0.79
US-xSC,-78.1395,38.8929,2004,9,30,22.17,10.99,12.98,1.42,14.66,0.08
US-xSC,-78.1395,38.8929,2004,10,1,22.81,9.33,12.66,1.74,11.26,0.01
US-xSC,-78.1395,38.8929,2004,10,2,24.35,15.61,16.56,1.98,9.36,0.63
US-xSC,-78.1395,38.8929,2004,10,3,19.94,8.92,8.57,1.74,14.28,0.01
US-xSC,-78.1395,38.8929,2004,10,4,21.92,6.91,9.37,1.65,19.27,0
US-xSC,-78.1395,38.8929,2004,10,5,15.61,6.6,4.47,1.88,18.08,0
US-xSC,-78.1395,38.8929,2004,10,6,18.79,3.59,4.51,1.34,19.16,0
US-xSC,-78.1395,38.8929,2004,10,7,23.55,5.53,6.84,1.4,19.14,0
US-xSC,-78.1395,38.8929,2004,10,8,22.72,10.88,10.14,1.63,18.3,0
US-xSC,-78.1395,38.8929,2004,10,9,20.96,10.09,12.55,1.5,9.91,0
US-xSC,-78.1395,38.8929,2004,10,10,19.16,9.17,9.57,2.39,18.23,0.02
US-xSC,-78.1395,38.8929,2004,10,11,16.43,6.07,5.61,2.09,18.43,0
US-xSC,-78.1395,38.8929,2004,10,12,18.95,2.74,5.59,1.87,18.32,0
US-xSC,-78.1395,38.8929,2004,10,13,15.66,6.08,8.02,1.35,4.68,3.95
US-xSC,-78.1395,38.8929,2004,10,14,20.66,8.55,12.01,0.95,11.41,2.2
US-xSC,-78.1395,38.8929,2004,10,15,17.68,7.18,10.43,2.26,8.58,3.24
US-xSC,-78.1395,38.8929,2004,10,16,14.52,5.31,4.77,2.84,8.75,2.18
US-xSC,-78.1395,38.8929,2004,10,17,14.28,2.37,0.58,2.63,17.74,0
US-xSC,-78.1395,38.8929,2004,10,18,15.43,0.87,4.34,1.67,10.67,1.11
US-xSC,-78.1395,38.8929,2004,10,19,18.16,9.84,12.31,1.45,4.9,1.98
US-xSC,-78.1395,38.8929,2004,10,20,12.42,8.99,9.72,1.4,3.17,6.85
US-xSC,-78.1395,38.8929,2004,10,21,13.51,8.69,10.21,1.13,3.05,3.38
US-xSC,-78.1395,38.8929,2004,10,22,12.27,7.84,8.35,1.47,3.73,0.44
US-xSC,-78.1395,38.8929,2004,10,23,14.5,5.44,5.68,1.29,7.04,0.01
US-xSC,-78.1395,38.8929,2004,10,24,11.38,6.09,7.66,1.46,6.09,5.56
US-xSC,-78.1395,38.8929,2004,10,25,16.64,7.74,9.48,1.15,9.45,0.71
US-xSC,-78.1395,38.8929,2004,10,26,18.4,6.27,9.05,1.63,14.29,0
US-xSC,-78.1395,38.8929,2004,10,27,17.81,7.15,9.01,1.3,5.27,0.97
US-xSC,-78.1395,38.8929,2004,10,28,17.41,7.01,8.73,1.45,5.28,0.03
US-xSC,-78.1395,38.8929,2004,10,29,18.17,7.86,11.47,1.61,4.34,4.05
US-xSC,-78.1395,38.8929,2004,10,30,24.29,12.16,15.74,2.38,10.76,1.42
US-xSC,-78.1395,38.8929,2004,10,31,20.51,8.8,10.85,2.39,12.74,0
US-xSC,-78.1395,38.8929,2004,11,1,22,7.76,8.46,1.36,11.39,0
US-xSC,-78.1395,38.8929,2004,11,2,23.18,8.33,13.37,1.83,13,0.02
US-xSC,-78.1395,38.8929,2004,11,3,17.53,7.05,7.25,2.59,9.7,0.23
US-xSC,-78.1395,38.8929,2004,11,4,10.71,6.68,7.41,2.43,2.39,19.59
US-xSC,-78.1395,38.8929,2004,11,5,11.45,2.09,0.31,3.66,14.22,0.09
US-xSC,-78.1395,38.8929,2004,11,6,16.36,0.7,2.89,2.25,13.47,0
US-xSC,-78.1395,38.8929,2004,11,7,19.81,4.46,8.08,2.06,13.44,0
US-xSC,-78.1395,38.8929,2004,11,8,10.37,0.1,-0.41,3.08,9.6,0
US-xSC,-78.1395,38.8929,2004,11,9,8.69,-2.4,-2.78,1.99,13.09,0
US-xSC,-78.1395,38.8929,2004,11,10,10.95,-3.39,-0.57,2.14,12.1,0
US-xSC,-78.1395,38.8929,2004,11,11,16.38,2.25,4.16,1.57,9.18,0.75
US-xSC,-78.1395,38.8929,2004,11,12,7.06,2.93,4.94,2.4,2.01,26.37
US-xSC,-78.1395,38.8929,2004,11,13,7.99,-1.33,-2.26,3.09,12.27,0.51
US-xSC,-78.1395,38.8929,2004,11,14,9.39,-3.98,-4.06,1.8,13.1,0
US-xSC,-78.1395,38.8929,2004,11,15,14.18,-1.53,-1.19,1.84,11.76,0
US-xSC,-78.1395,38.8929,2004,11,16,14.37,0.37,1.43,1.84,11.11,0
US-xSC,-78.1395,38.8929,2004,11,17,15.65,2.32,4.85,1.43,10.78,0.82
US-xSC,-78.1395,38.8929,2004,11,18,18.48,6.77,9.84,1.48,8.28,0.62
US-xSC,-78.1395,38.8929,2004,11,19,14.68,7.94,11,1.19,2.78,4.25
US-xSC,-78.1395,38.8929,2004,11,20,14.28,7.97,10.47,1.24,3.8,1.78
US-xSC,-78.1395,38.8929,2004,11,21,16.63,6.81,9.27,1.56,4.72,0.06
US-xSC,-78.1395,38.8929,2004,11,22,12.53,7.29,8.16,0.84,3.21,0.28
US-xSC,-78.1395,38.8929,2004,11,23,10.42,7.53,8.32,1.21,2.22,1.5
US-xSC,-78.1395,38.8929,2004,11,24,16.36,8.15,12.15,2.89,1.89,12.8
US-xSC,-78.1395,38.8929,2004,11,25,16.37,-1.38,3.69,4.46,5.32,2.1
US-xSC,-78.1395,38.8929,2004,11,26,8.08,-4.18,-4.77,1.95,10.31,0
US-xSC,-78.1395,38.8929,2004,11,27,9.03,-2.37,1.7,2.75,7.95,8.46
US-xSC,-78.1395,38.8929,2004,11,28,11.58,0.67,4.25,3.52,9.14,8.95
US-xSC,-78.1395,38.8929,2004,11,29,9.39,-0.95,-1.14,1.76,9.43,0
US-xSC,-78.1395,38.8929,2004,11,30,10.44,1.88,2.21,1.54,5.84,3.87
US-xSC,-78.1395,38.8929,2004,12,1,8.93,-0.4,1.31,4.41,8.27,8.07
US-xSC,-78.1395,38.8929,2004,12,2,8.66,-3.07,-2.1,1.78,8.79,0
US-xSC,-78.1395,38.8929,2004,12,3,7.31,-4.29,-2.68,2.48,10.87,0
US-xSC,-78.1395,38.8929,2004,12,4,8.53,-4.56,-1.96,2.24,10.83,0
US-xSC,-78.1395,38.8929,2004,12,5,12.83,-0.54,1.58,1.81,10.13,0
US-xSC,-78.1395,38.8929,2004,12,6,10.33,2.61,5.07,1.97,3.36,0.79
US-xSC,-78.1395,38.8929,2004,12,7,14.89,5.94,9.53,2.58,3.45,6.66
US-xSC,-78.1395,38.8929,2004,12,8,13.43,3.76,5.41,2.54,10.16,0.08
US-xSC,-78.1395,38.8929,2004,12,9,6.34,2.22,4.36,1.23,1.33,15.3
US-xSC,-78.1395,38.8929,2004,12,10,10.07,5.13,6.47,1.15,2.49,13.06
US-xSC,-78.1395,38.8929,2004,12,11,9.62,0.74,2.39,2.83,5.87,0.73
US-xSC,-78.1395,38.8929,2004,12,12,7.16,-0.48,-0.41,2.47,5.58,0.09
US-xSC,-78.1395,38.8929,2004,12,13,4.76,-2.23,-3.03,3.65,7.26,0.1
US-xSC,-78.1395,38.8929,2004,12,14,1.45,-4.19,-6.22,3.44,6.44,0.03
US-xSC,-78.1395,38.8929,2004,12,15,1.99,-4.98,-7.32,2.54,10.59,0
US-xSC,-78.1395,38.8929,2004,12,16,6.47,-5.42,-4.6,1.96,10.45,0
US-xSC,-78.1395,38.8929,2004,12,17,6.85,-3.6,-2.59,2.1,10.16,0
US-xSC,-78.1395,38.8929,2004,12,18,6.77,-4.01,-2.62,1.74,9.61,0
US-xSC,-78.1395,38.8929,2004,12,19,6.51,-8.59,-3.98,3.2,5.6,0.12
US-xSC,-78.1395,38.8929,2004,12,20,-6.29,-12.72,-15.92,4.25,10.87,0
US-xSC,-78.1395,38.8929,2004,12,21,6.83,-9.82,-4.64,2.16,9.41,0
US-xSC,-78.1395,38.8929,2004,12,22,9.98,0.13,2.57,2.36,9.94,0.06
US-xSC,-78.1395,38.8929,2004,12,23,14.8,-2.79,3.39,4.79,2.16,16.66
US-xSC,-78.1395,38.8929,2004,12,24,0.41,-5.64,-8.22,2.39,8.29,0
US-xSC,-78.1395,38.8929,2004,12,25,-0.27,-8.29,-10.75,1.67,10.39,0
US-xSC,-78.1395,38.8929,2004,12,26,-2.38,-9.37,-9.63,1.9,6.93,0.01
US-xSC,-78.1395,38.8929,2004,12,27,-1.83,-9.17,-10.43,3.71,10.79,0.02
US-xSC,-78.1395,38.8929,2004,12,28,2.28,-9.64,-8.01,2.4,9.41,0
US-xSC,-78.1395,38.8929,2004,12,29,9.82,-1.61,0.62,2.25,6.19,0
US-xSC,-78.1395,38.8929,2004,12,30,8.86,-0.29,3.05,2.13,5.1,0
US-xSC,-78.1395,38.8929,2004,12,31,12.12,1.52,4.96,2.75,8.99,0
US-xSC,-78.1395,38.8929,2005,1,1,16.59,3.11,7.81,2.47,7.16,0.01
US-xSC,-78.1395,38.8929,2005,1,2,9.4,0.58,3.74,2.06,3.66,0.11
US-xSC,-78.1395,38.8929,2005,1,3,17.71,4.49,8.83,2.03,5.56,0.36
US-xSC,-78.1395,38.8929,2005,1,4,17.44,8.63,10.8,1.75,5.51,0.87
US-xSC,-78.1395,38.8929,2005,1,5,8.34,3.46,5.92,2.02,2.64,8.6
US-xSC,-78.1395,38.8929,2005,1,6,9.55,3.4,5.23,2.08,2.31,1.44
US-xSC,-78.1395,38.8929,2005,1,7,4.84,-0.56,-0.76,1.71,4.78,0.43
US-xSC,-78.1395,38.8929,2005,1,8,12.66,-0.6,2.27,3.46,8.97,6.15
US-xSC,-78.1395,38.8929,2005,1,9,7.73,-2.41,-0.41,1.9,6.23,0
US-xSC,-78.1395,38.8929,2005,1,10,11.88,0.81,2.58,2.27,10.12,0
US-xSC,-78.1395,38.8929,2005,1,11,7.72,1.27,3.74,2.44,3.04,3.01
US-xSC,-78.1395,38.8929,2005,1,12,12.91,4.48,7.44,1.69,5.02,0.52
US-xSC,-78.1395,38.8929,2005,1,13,18.59,8.41,12.83,3.9,4.4,4.17
US-xSC,-78.1395,38.8929,2005,1,14,17.61,-3.46,2,4.47,4.63,31.07
US-xSC,-78.1395,38.8929,2005,1,15,2.23,-5.75,-6.52,1.46,8.23,0
US-xSC,-78.1395,38.8929,2005,1,16,1.13,-3.5,-5.16,1.51,7.4,0.11
US-xSC,-78.1395,38.8929,2005,1,17,-4.87,-10.23,-13.89,5.26,11.59,0.02
US-xSC,-78.1395,38.8929,2005,1,18,-5.93,-12.18,-15.04,3.01,12.45,0.01
US-xSC,-78.1395,38.8929,2005,1,19,-1.58,-10.67,-8.29,3.01,3.69,0.24
US-xSC,-78.1395,38.8929,2005,1,20,0.04,-5.7,-5.86,2.05,7.33,0.09
US-xSC,-78.1395,38.8929,2005,1,21,-2.32,-10.95,-10.11,2.12,11.73,0.02
US-xSC,-78.1395,38.8929,2005,1,22,-3.19,-10.96,-9.19,3.59,2.45,5.58
US-xSC,-78.1395,38.8929,2005,1,23,-7.13,-12.45,-13.91,6.52,9.37,0.02
US-xSC,-78.1395,38.8929,2005,1,24,-3.77,-15.84,-11.88,2.41,3.55,0.01
US-xSC,-78.1395,38.8929,2005,1,25,2.74,-9.93,-5.17,1.98,6.5,0.04
US-xSC,-78.1395,38.8929,2005,1,26,7.82,-3.47,-0.53,2.51,7.25,0.05
US-xSC,-78.1395,38.8929,2005,1,27,-3.36,-11.43,-11.79,3.76,13.31,0
US-xSC,-78.1395,38.8929,2005,1,28,-2.96,-14.54,-13.45,1.8,13.69,0
US-xSC,-78.1395,38.8929,2005,1,29,0.5,-13.13,-10.14,2.49,8.56,1.23
US-xSC,-78.1395,38.8929,2005,1,30,1.84,-5.48,-4.43,2.29,5.34,3.18
US-xSC,-78.1395,38.8929,2005,1,31,2.76,-7.69,-5.62,2,13.12,0
US-xSC,-78.1395,38.8929,2005,2,1,3.69,-4.98,-5.42,1.1,13.3,0
US-xSC,-78.1395,38.8929,2005,2,2,4.68,-8.72,-5.23,1.65,12.13,0
US-xSC,-78.1395,38.8929,2005,2,3,2.71,-3.32,-3.12,1.24,3.83,3
US-xSC,-78.1395,38.8929,2005,2,4,6.3,-2.57,-1.29,3.23,12.3,0.06
US-xSC,-78.1395,38.8929,2005,2,5,9.62,-2.18,-2.52,2.45,13.4,0
US-xSC,-78.1395,38.8929,2005,2,6,11.45,-2.1,-1.86,1.92,14.11,0
US-xSC,-78.1395,38.8929,2005,2,7,13.44,-0.92,-0.19,1.75,13.27,0
US-xSC,-78.1395,38.8929,2005,2,8,16.63,1.2,5.56,1.78,11.48,0.24
US-xSC,-78.1395,38.8929,2005,2,9,16.22,2.57,7.11,1.94,8.25,2.3
US-xSC,-78.1395,38.8929,2005,2,10,4.9,-4.2,-4.06,5.29,9.36,0.69
US-xSC,-78.1395,38.8929,2005,2,11,2.16,-5.15,-7.93,5.03,11.6,0.01
US-xSC,-78.1395,38.8929,2005,2,12,8.91,-3.22,-1.79,3.52,13.09,0.01
US-xSC,-78.1395,38.8929,2005,2,13,6.9,-2.46,-1.15,2.01,8.17,2.04
US-xSC,-78.1395,38.8929,2005,2,14,5.2,-0.47,1.76,3.03,3.33,7.03
US-xSC,-78.1395,38.8929,2005,2,15,15.49,1.88,4.67,2.11,9.38,0.01
US-xSC,-78.1395,38.8929,2005,2,16,12.94,-1.54,2.79,3.45,6.63,0.31
US-xSC,-78.1395,38.8929,2005,2,17,4.03,-3.15,-4.76,3.08,11.66,0.04
US-xSC,-78.1395,38.8929,2005,2,18,-2.3,-6.41,-10.76,4.14,14.64,0
US-xSC,-78.1395,38.8929,2005,2,19,3.61,-10.1,-8.63,1.95,17.13,0
US-xSC,-78.1395,38.8929,2005,2,20,5.58,-5.93,-4.05,2.67,6.58,0.79
US-xSC,-78.1395,38.8929,2005,2,21,12.84,0.47,4.49,1.99,8.26,5.64
US-xSC,-78.1395,38.8929,2005,2,22,11.26,-1.13,0.5,1.83,12.71,0.06
US-xSC,-78.1395,38.8929,2005,2,23,7.51,-2.81,-2,2.27,14.17,0.05
US-xSC,-78.1395,38.8929,2005,2,24,0.63,-4.41,-3.05,2.42,3.28,8.88
US-xSC,-78.1395,38.8929,2005,2,25,3.21,-5.2,-5.54,1.54,12.76,0.13
US-xSC,-78.1395,38.8929,2005,2,26,5.44,-5.42,-3.47,2.44,10.67,0
US-xSC,-78.1395,38.8929,2005,2,27,3.91,-5.69,-5.99,1.88,13.29,0.02
US-xSC,-78.1395,38.8929,2005,2,28,0.45,-2.75,-3.25,2.08,2.61,12.14
US-xSC,-78.1395,38.8929,2005,3,1,1.02,-5.55,-4.58,3.84,11.14,0.24
US-xSC,-78.1395,38.8929,2005,3,2,-2.15,-6.45,-7.93,5.37,16.07,0.03
US-xSC,-78.1395,38.8929,2005,3,3,-0.61,-9.17,-8.75,4,17.91,0
US-xSC,-78.1395,38.8929,2005,3,4,4.53,-10.34,-5.92,1.61,16.25,0.8
US-xSC,-78.1395,38.8929,2005,3,5,2.74,-2.86,-2.82,1.91,6.66,0.67
US-xSC,-78.1395,38.8929,2005,3,6,9.32,-5.72,-1.45,3.25,18.56,0
US-xSC,-78.1395,38.8929,2005,3,7,14.15,0.54,4.87,3.09,16.21,0.08
US-xSC,-78.1395,38.8929,2005,3,8,7.51,-6.14,-4.92,6.03,11.05,6.47
US-xSC,-78.1395,38.8929,2005,3,9,-0.28,-6.56,-10.31,3.54,20.61,0.04
US-xSC,-78.1395,38.8929,2005,3,10,3.97,-7.3,-6.96,1.66,18.03,0.05
US-xSC,-78.1395,38.8929,2005,3,11,8.4,-2.36,-0.71,2.45,12.02,0.28
US-xSC,-78.1395,38.8929,2005,3,12,7.79,-3.86,-3.56,3.33,14.97,0.12
US-xSC,-78.1395,38.8929,2005,3,13,9.27,-1.61,-2.27,1.62,14.83,0.83
US-xSC,-78.1395,38.8929,2005,3,14,6.63,-4.55,-5.47,2.57,21.19,0.27
US-xSC,-78.1395,38.8929,2005,3,15,7.69,-4.56,-4.67,2.56,21.42,0
US-xSC,-78.1395,38.8929,2005,3,16,8.42,-2.35,-2.9,1.65,8.89,0.01
US-xSC,-78.1395,38.8929,2005,3,17,9.12,-2.2,-3.12,1.18,10.76,0.03
US-xSC,-78.1395,38.8929,2005,3,18,13.61,-2.76,-0.18,1.51,19.12,0
US-xSC,-78.1395,38.8929,2005,3,19,14.55,-0.68,2.83,1.74,17.05,0.21
US-xSC,-78.1395,38.8929,2005,3,20,13.59,0.95,3.59,2.37,13.98,0.21
US-xSC,-78.1395,38.8929,2005,3,21,11,-2.17,-0.92,2.64,19.91,0.01
US-xSC,-78.1395,38.8929,2005,3,22,13.17,-4.05,0.5,1.7,21.19,0.65
US-xSC,-78.1395,38.8929,2005,3,23,7.01,1.07,3.41,2.53,4.96,27.9
US-xSC,-78.1395,38.8929,2005,3,24,8.87,-0.98,1.32,1.96,11.54,0.84
US-xSC,-78.1395,38.8929,2005,3,25,8.48,-1.4,1.56,1.13,5.13,0.77
US-xSC,-78.1395,38.8929,2005,3,26,6.55,2.51,3.73,1.72,4.45,0.74
US-xSC,-78.1395,38.8929,2005,3,27,7,3.93,4.54,2.16,3.65,6.31
US-xSC,-78.1395,38.8929,2005,3,28,10.47,4.24,6.03,2.44,3.2,34.04
US-xSC,-78.1395,38.8929,2005,3,29,16.27,4.83,6.04,4.02,20.01,0.38
US-xSC,-78.1395,38.8929,2005,3,30,17.84,1.75,6.57,2.12,19.45,0
US-xSC,-78.1395,38.8929,2005,3,31,13.17,5.4,7.88,2.55,10.8,0.01
US-xSC,-78.1395,38.8929,2005,4,1,14.72,4.17,7.23,2.13,14.91,4.49
US-xSC,-78.1395,38.8929,2005,4,2,13.7,3.32,7.14,3.06,7.39,27.08
US-xSC,-78.1395,38.8929,2005,4,3,9.37,1.62,-1.02,5.96,18.08,1.3
US-xSC,-78.1395,38.8929,2005,4,4,15.41,2.59,2.22,3.63,25.49,0
US-xSC,-78.1395,38.8929,2005,4,5,21.13,1.77,5.92,2.02,24.28,0
US-xSC,-78.1395,38.8929,2005,4,6,26.45,9.09,11.88,2.27,20.65,0
US-xSC,-78.1395,38.8929,2005,4,7,19.67,12.25,13.76,2.61,9.5,4.78
US-xSC,-78.1395,38.8929,2005,4,8,17.89,7.28,10.3,2.47,11.76,1.12
US-xSC,-78.1395,38.8929,2005,4,9,17.66,5.7,6.56,2.08,25.7,0
US-xSC,-78.1395,38.8929,2005,4,10,22.4,3.58,6.19,1.27,25.96,0
US-xSC,-78.1395,38.8929,2005,4,11,19.81,6.29,6.45,2.08,23.84,0
US-xSC,-78.1395,38.8929,2005,4,12,11.04,3.09,4.18,2.25,13.18,0.07
US-xSC,-78.1395,38.8929,2005,4,13,15.45,5.05,3.74,2.19,18.56,0.03
US-xSC,-78.1395,38.8929,2005,4,14,17.05,1.48,4.34,2.56,26.55,0
US-xSC,-78.1395,38.8929,2005,4,15,13.76,2.74,0.02,2.71,27.06,0
US-xSC,-78.1395,38.8929,2005,4,16,15.7,-1.18,-0.45,2.27,25.41,0
US-xSC,-78.1395,38.8929,2005,4,17,21.97,0.4,3.72,1.76,25.2,0
US-xSC,-78.1395,38.8929,2005,4,18,23.66,7.72,8.61,1.73,23.03,0
US-xSC,-78.1395,38.8929,2005,4,19,26.58,10.17,12.47,2.22,16.85,0.21
US-xSC,-78.1395,38.8929,2005,4,20,26.01,11.68,12.97,2.64,22.58,0.05
US-xSC,-78.1395,38.8929,2005,4,21,16.07,8.17,10.52,1.93,9.89,5.33
US-xSC,-78.1395,38.8929,2005,4,22,14.89,8.07,10.1,2.2,6.4,9.18
US-xSC,-78.1395,38.8929,2005,4,23,19.98,3.56,9.09,2.97,14.9,7.99
US-xSC,-78.1395,38.8929,2005,4,24,7.5,2.43,-1.73,3.09,15.95,0.16
US-xSC,-78.1395,38.8929,2005,4,25,14.56,2.54,1.31,3.36,23.25,0.13
US-xSC,-78.1395,38.8929,2005,4,26,19.12,4.09,6.33,3.27,23.29,0.08
US-xSC,-78.1395,38.8929,2005,4,27,18.09,7.12,6.82,2.32,19.31,0.1
US-xSC,-78.1395,38.8929,2005,4,28,16.99,4.21,4.04,2.55,22.67,0.01
US-xSC,-78.1395,38.8929,2005,4,29,14.03,5.62,7.93,1.48,6.63,3.65
US-xSC,-78.1395,38.8929,2005,4,30,18.57,10.39,13.16,2.4,6.36,11.74
US-xSC,-78.1395,38.8929,2005,5,1,16.11,4.27,4.01,2.99,24.91,1.36
US-xSC,-78.1395,38.8929,2005,5,2,13.25,2.17,3.23,2.47,12.22,0.19
US-xSC,-78.1395,38.8929,2005,5,3,15.32,0.38,2.15,1.79,22.92,0
US-xSC,-78.1395,38.8929,2005,5,4,16.64,2.06,2.3,1.68,22.41,0
US-xSC,-78.1395,38.8929,2005,5,5,17.1,5.47,5.18,2.02,23.79,0
US-xSC,-78.1395,38.8929,2005,5,6,12.78,4.93,3.23,1.85,15.53,0
US-xSC,-78.1395,38.8929,2005,5,7,21.02,3.11,6.51,2.1,17.92,0.35
US-xSC,-78.1395,38.8929,2005,5,8,21.72,7.15,7.55,3.26,29.99,0
US-xSC,-78.1395,38.8929,2005,5,9,24.87,7.5,8.49,1.66,29.69,0
US-xSC,-78.1395,38.8929,2005,5,10,25.65,8.79,11.91,2.18,27.55,0.71
US-xSC,-78.1395,38.8929,2005,5,11,28.71,14.37,16.47,1.67,22.24,0.22
US-xSC,-78.1395,38.8929,2005,5,12,22.63,12.17,13.31,2.39,14.59,0.06
US-xSC,-78.1395,38.8929,2005,5,13,20.75,9.21,8.17,2.15,11.76,0
US-xSC,-78.1395,38.8929,2005,5,14,27.35,12.67,15.66,2.18,22.04,7.16
US-xSC,-78.1395,38.8929,2005,5,15,24.2,13.14,12.9,1.79,15.21,1.18
US-xSC,-78.1395,38.8929,2005,5,16,19.64,9.05,7.43,2.04,20.67,0.02
US-xSC,-78.1395,38.8929,2005,5,17,21.25,6.81,7.3,1.15,20.15,0
US-xSC,-78.1395,38.8929,2005,5,18,23.13,8.15,7.98,1.56,25.14,0.02
US-xSC,-78.1395,38.8929,2005,5,19,19.66,9.29,11.66,1.8,12.85,11.44
US-xSC,-78.1395,38.8929,2005,5,20,13.33,7.26,9.96,2.65,5.55,26.06
US-xSC,-78.1395,38.8929,2005,5,21,21.16,6.58,8.27,2.26,26.83,0.4
US-xSC,-78.1395,38.8929,2005,5,22,22.77,9.58,10.13,2.48,23.23,0.43
US-xSC,-78.1395,38.8929,2005,5,23,20.43,11.36,12.6,0.77,16.44,13.74
US-xSC,-78.1395,38.8929,2005,5,24,14.9,10.04,10.57,1.88,7.79,8.47
US-xSC,-78.1395,38.8929,2005,5,25,15.31,9.01,9.7,2.56,10.08,0.62
US-xSC,-78.1395,38.8929,2005,5,26,23.91,10,11.16,2.88,29.74,0
US-xSC,-78.1395,38.8929,2005,5,27,24.29,12.29,12.42,2.41,22.09,0.03
US-xSC,-78.1395,38.8929,2005,5,28,21.27,10.91,11.25,2.17,18.47,1.15
US-xSC,-78.1395,38.8929,2005,5,29,22.75,10.54,10.75,2.05,22.32,0.02
US-xSC,-78.1395,38.8929,2005,5,30,23.69,10.18,11.84,1.11,17.93,0.61
US-xSC,-78.1395,38.8929,2005,5,31,24.72,10.48,11.21,1.48,26.92,0.07
US-xSC,-78.1395,38.8929,2005,6,1,25.15,12.12,11.4,2.23,23.01,0
US-xSC,-78.1395,38.8929,2005,6,2,17.6,11.14,12.71,2.1,7.59,3.09
US-xSC,-78.1395,38.8929,2005,6,3,19.78,13.19,14.55,1.8,8.35,4.42
US-xSC,-78.1395,38.8929,2005,6,4,27.94,13.65,16.4,0.91,21.23,0.11
US-xSC,-78.1395,38.8929,2005,6,5,31.51,15.84,18.24,1.11,25.91,0.03
US-xSC,-78.1395,38.8929,2005,6,6,32.87,18.47,19.46,1.36,22.04,5.25
US-xSC,-78.1395,38.8929,2005,6,7,32.38,17.99,17.79,1.32,23.8,0.05
US-xSC,-78.1395,38.8929,2005,6,8,32.66,18.42,18.13,1.86,26.58,0.08
US-xSC,-78.1395,38.8929,2005,6,9,31,19.31,20.33,1.81,18.66,5.83
US-xSC,-78.1395,38.8929,2005,6,10,31.55,20.62,20.89,1.84,21.32,2.51
US-xSC,-78.1395,38.8929,2005,6,11,32.01,21.81,20.94,1.54,21.61,1.02
US-xSC,-78.1395,38.8929,2005,6,12,31.14,19.25,18.34,2.23,21.95,0.01
US-xSC,-78.1395,38.8929,2005,6,13,33.03,20.7,20.98,2.11,21.51,4.4
US-xSC,-78.1395,38.8929,2005,6,14,34.36,20.33,19.99,2.22,26.64,0.07
US-xSC,-78.1395,38.8929,2005,6,15,30.26,20.41,16.6,2.66,26.45,0.21
US-xSC,-78.1395,38.8929,2005,6,16,28.58,15.07,14.24,2.84,23.97,0.52
US-xSC,-78.1395,38.8929,2005,6,17,25.04,13.35,10.09,2.23,24.3,0
US-xSC,-78.1395,38.8929,2005,6,18,27.09,11.9,10.91,1.53,20.92,0.01
US-xSC,-78.1395,38.8929,2005,6,19,24.89,15.11,12.79,1.99,16.18,0.15
US-xSC,-78.1395,38.8929,2005,6,20,21.57,13.64,12.42,1.38,19.99,0.01
US-xSC,-78.1395,38.8929,2005,6,21,29.92,12.29,12.82,1.37,23.63,0.03
US-xSC,-78.1395,38.8929,2005,6,22,29.17,16.87,15.83,1.95,17.77,3.43
US-xSC,-78.1395,38.8929,2005,6,23,31.02,14.62,9.43,1.34,30.35,0
US-xSC,-78.1395,38.8929,2005,6,24,33.6,15.31,13.36,1.87,28.92,0.01
US-xSC,-78.1395,38.8929,2005,6,25,34.94,17.79,13.4,1.54,25.96,0
US-xSC,-78.1395,38.8929,2005,6,26,34.22,17.72,12.4,1.62,23.62,0
US-xSC,-78.1395,38.8929,2005,6,27,33.01,19.35,16.86,1.58,25.03,0.02
US-xSC,-78.1395,38.8929,2005,6,28,32.82,20.16,20.26,1.53,19,4.92
US-xSC,-78.1395,38.8929,2005,6,29,33.74,20.79,19.79,1.12,21,6.53
US-xSC,-78.1395,38.8929,2005,6,30,34.12,19.73,17.77,1.26,25.99,2.19
US-xSC,-78.1395,38.8929,2005,7,1,34.53,19.41,18.1,1.41,23.17,0.75
US-xSC,-78.1395,38.8929,2005,7,2,32.17,19.38,15.6,1.62,21.19,0.21
US-xSC,-78.1395,38.8929,2005,7,3,29.78,16.67,15.15,1.92,18.49,0.06
US-xSC,-78.1395,38.8929,2005,7,4,32.21,17.47,17.09,1.99,22.69,0.04
US-xSC,-78.1395,38.8929,2005,7,5,32.42,20.34,19.77,1.38,17.48,8
US-xSC,-78.1395,38.8929,2005,7,6,30.81,20.29,17.39,1.82,19.1,0.06
US-xSC,-78.1395,38.8929,2005,7,7,28.83,18.6,16.82,1.3,8.35,25.43
US-xSC,-78.1395,38.8929,2005,7,8,26.36,18.07,17.73,3.15,18.8,42.31
US-xSC,-78.1395,38.8929,2005,7,9,28.95,16.64,16.37,1.87,25.51,0.02
US-xSC,-78.1395,38.8929,2005,7,10,32.02,16.15,13.21,1.12,27.27,0
US-xSC,-78.1395,38.8929,2005,7,11,32.62,17.04,17.21,1.4,21.56,0
US-xSC,-78.1395,38.8929,2005,7,12,33.06,21.06,19.94,1.1,19.15,1.15
US-xSC,-78.1395,38.8929,2005,7,13,28.69,21.96,22.27,1.1,16.23,7.34
US-xSC,-78.1395,38.8929,2005,7,14,30.17,21.07,21.21,1.47,12.72,4.66
US-xSC,-78.1395,38.8929,2005,7,15,30.17,21.57,21.57,1.44,16.54,5.35
US-xSC,-78.1395,38.8929,2005,7,16,31.34,21.84,22.55,1.15,19.95,7.74
US-xSC,-78.1395,38.8929,2005,7,17,31.52,21.21,21.82,1.15,17.52,5.51
US-xSC,-78.1395,38.8929,2005,7,18,32.46,21.66,21.59,1.65,20.34,1.37
US-xSC,-78.1395,38.8929,2005,7,19,31.39,21.85,21.8,1.6,16.55,4.14
US-xSC,-78.1395,38.8929,2005,7,20,32.86,20.69,18.24,1.79,26.29,0
US-xSC,-78.1395,38.8929,2005,7,21,33.49,18.64,20,1.4,20.86,6.75
US-xSC,-78.1395,38.8929,2005,7,22,34.26,21.68,20.09,1.2,20.78,0.22
US-xSC,-78.1395,38.8929,2005,7,23,31.5,20.19,15.51,2.03,28.14,0
US-xSC,-78.1395,38.8929,2005,7,24,31.62,16.7,12.16,1.25,23.22,0.45
US-xSC,-78.1395,38.8929,2005,7,25,36.14,19.45,21.28,2.12,24.98,1.15
US-xSC,-78.1395,38.8929,2005,7,26,37.47,22.91,20.72,1.77,26.78,0.05
US-xSC,-78.1395,38.8929,2005,7,27,35.74,22.61,20.99,2.27,22.81,2.2
US-xSC,-78.1395,38.8929,2005,7,28,29.41,20.27,17.67,1.08,8.17,1.11
US-xSC,-78.1395,38.8929,2005,7,29,29.11,19.71,19.67,1.01,11.15,1.83
US-xSC,-78.1395,38.8929,2005,7,30,30.04,20.48,18.92,1.76,14.9,0.12
US-xSC,-78.1395,38.8929,2005,7,31,30.47,19.11,18,1.67,17.31,0.02
US-xSC,-78.1395,38.8929,2005,8,1,33.75,19.24,17.24,1.15,25.16,0.01
US-xSC,-78.1395,38.8929,2005,8,2,33.67,19.71,17.6,1.62,25.73,0.36
US-xSC,-78.1395,38.8929,2005,8,3,35.76,20.64,16.88,1.6,25.77,0
US-xSC,-78.1395,38.8929,2005,8,4,37.01,20.7,14.9,1.27,25.05,0
US-xSC,-78.1395,38.8929,2005,8,5,37.02,21.42,16.97,1.59,20.77,0.9
US-xSC,-78.1395,38.8929,2005,8,6,33.81,20.22,16.28,1.25,19.81,5.42
US-xSC,-78.1395,38.8929,2005,8,7,29.94,21.38,19.94,1.23,18.52,4.78
US-xSC,-78.1395,38.8929,2005,8,8,31.2,20.97,18.37,0.97,13.77,3.54
US-xSC,-78.1395,38.8929,2005,8,9,27.47,19.31,20.19,1.26,9.64,15.8
US-xSC,-78.1395,38.8929,2005,8,10,33.47,18.46,17.97,0.81,19.87,0.22
US-xSC,-78.1395,38.8929,2005,8,11,35.41,19.99,17.43,1.38,21.69,0.94
US-xSC,-78.1395,38.8929,2005,8,12,37.48,21.45,18.86,1.29,21.68,0.53
US-xSC,-78.1395,38.8929,2005,8,13,36.58,22.36,18.73,1.31,21.9,0.31
US-xSC,-78.1395,38.8929,2005,8,14,37.18,22.41,18.59,1.41,20.5,0.41
US-xSC,-78.1395,38.8929,2005,8,15,34.03,22.14,19.06,1.49,19.82,2.31
US-xSC,-78.1395,38.8929,2005,8,16,29.86,20.09,20.15,1.31,13,8.88
US-xSC,-78.1395,38.8929,2005,8,17,31.75,17.62,14.79,1.46,24.95,0.06
US-xSC,-78.1395,38.8929,2005,8,18,32.05,18.8,14.58,1.64,14.37,2.06
US-xSC,-78.1395,38.8929,2005,8,19,29.5,19.46,19.86,1.43,11.25,4.03
US-xSC,-78.1395,38.8929,2005,8,20,36.83,19.33,18.23,1.2,20.92,0.22
US-xSC,-78.1395,38.8929,2005,8,21,34.52,19.61,16.83,2.2,24.24,0.24
US-xSC,-78.1395,38.8929,2005,8,22,31.97,17.8,10.93,1.99,23.53,0
US-xSC,-78.1395,38.8929,2005,8,23,30.22,15.16,12.61,0.97,17.97,0
US-xSC,-78.1395,38.8929,2005,8,24,29.54,16.85,10.86,1.73,20.23,0
US-xSC,-78.1395,38.8929,2005,8,25,30.6,13.92,9.77,1.33,20.2,0
US-xSC,-78.1395,38.8929,2005,8,26,25.34,16.34,13.96,1.71,9.9,2.26
US-xSC,-78.1395,38.8929,2005,8,27,22.44,16.31,17.54,2.19,4.33,11.69
US-xSC,-78.1395,38.8929,2005,8,28,31.86,18.27,18.16,1.11,19.69,0.7
US-xSC,-78.1395,38.8929,2005,8,29,30.93,19.11,18.82,1.65,15.6,0.27
US-xSC,-78.1395,38.8929,2005,8,30,28.06,21,21.45,2.3,10.31,9.61
US-xSC,-78.1395,38.8929,2005,8,31,31.25,20.65,19.81,3.66,14.12,2.28
US-xSC,-78.1395,38.8929,2005,9,1,30.77,17.22,14.51,1.96,21,0.06
US-xSC,-78.1395,38.8929,2005,9,2,33.24,16.65,13.23,2.03,22.66,0
US-xSC,-78.1395,38.8929,2005,9,3,29.75,15.58,10.8,1.88,21.66,0.01
US-xSC,-78.1395,38.8929,2005,9,4,28.48,14.93,10.21,1.82,20.37,0.01
US-xSC,-78.1395,38.8929,2005,9,5,28.75,14.36,11.07,1.93,17.04,0
US-xSC,-78.1395,38.8929,2005,9,6,27.9,14.38,10.91,1.82,23.03,0
US-xSC,-78.1395,38.8929,2005,9,7,28.78,12.5,8.43,1.68,24.45,0
US-xSC,-78.1395,38.8929,2005,9,8,31.74,12.53,5.22,1.22,23.93,0
US-xSC,-78.1395,38.8929,2005,9,9,30.37,14.02,12.48,1.46,19.88,0.01
US-xSC,-78.1395,38.8929,2005,9,10,29.44,15.27,14.11,1.54,18.32,0
US-xSC,-78.1395,38.8929,2005,9,11,30.04,12.69,10.28,1.42,22,0
US-xSC,-78.1395,38.8929,2005,9,12,32.53,12.61,9.35,1.54,23.2,0
US-xSC,-78.1395,38.8929,2005,9,13,33.53,14.4,7.6,1.6,22.8,0
US-xSC,-78.1395,38.8929,2005,9,14,31.72,18.19,17.87,1.52,14.34,0.3
US-xSC,-78.1395,38.8929,2005,9,15,32.78,18.63,18.88,1.38,17.34,0.38
US-xSC,-78.1395,38.8929,2005,9,16,32.41,20.91,19.44,1.16,15.81,5.6
US-xSC,-78.1395,38.8929,2005,9,17,31.99,18.79,15.84,1.75,17.27,0.45
US-xSC,-78.1395,38.8929,2005,9,18,29.91,16.04,13.23,1.23,17.66,0
US-xSC,-78.1395,38.8929,2005,9,19,31.62,15.58,13.61,1.5,19.1,0
US-xSC,-78.1395,38.8929,2005,9,20,29.92,17.74,15.64,1.98,9.94,0
US-xSC,-78.1395,38.8929,2005,9,21,29.61,14.71,10.2,1.52,20.44,0
US-xSC,-78.1395,38.8929,2005,9,22,33,14.15,13.78,2.08,18.85,0
US-xSC,-78.1395,38.8929,2005,9,23,32.42,18.92,17.32,1.86,14.18,3.81
US-xSC,-78.1395,38.8929,2005,9,24,24.16,15.85,13.66,1.98,5.38,0.39
US-xSC,-78.1395,38.8929,2005,9,25,27.32,16.95,16.66,2.17,6.84,0.27
US-xSC,-78.1395,38.8929,2005,9,26,24.88,17.89,17.82,3.07,6.7,1.59
US-xSC,-78.1395,38.8929,2005,9,27,27.32,12.56,8.85,2.18,20.68,0.04
US-xSC,-78.1395,38.8929,2005,9,28,26.83,8.72,6.84,2.11,20.39,0
US-xSC,-78.1395,38.8929,2005,9,29,22.08,9.44,6.44,2.85,15.18,1.01
US-xSC,-78.1395,38.8929,2005,9,30,22.2,5.73,1.23,1.42,20.44,0
US-xSC,-78.1395,38.8929,2005,10,1,26.85,7.66,8.43,1.78,19.43,0
US-xSC,-78.1395,38.8929,2005,10,2,28.86,12.52,10.54,1.5,18.28,0
US-xSC,-78.1395,38.8929,2005,10,3,27.83,12.74,7.96,1.75,18.33,0
US-xSC,-78.1395,38.8929,2005,10,4,27.22,13.56,14.83,1.39,12.63,0
US-xSC,-78.1395,38.8929,2005,10,5,28.44,15.25,14.86,1.73,9.75,0.03
US-xSC,-78.1395,38.8929,2005,10,6,28.99,15.99,17.73,1.93,8.01,3.86
US-xSC,-78.1395,38.8929,2005,10,7,23.57,20,20.34,2.16,3.48,50.89
US-xSC,-78.1395,38.8929,2005,10,8,20.06,12.58,15.8,2.56,3.89,30.95
US-xSC,-78.1395,38.8929,2005,10,9,20.47,10.89,11.24,1.85,8.18,0.13
US-xSC,-78.1395,38.8929,2005,10,10,22.39,11.21,13.1,1.21,7.47,0.57
US-xSC,-78.1395,38.8929,2005,10,11,18.39,13.3,13.94,1.59,5.6,4.41
US-xSC,-78.1395,38.8929,2005,10,12,20.96,11.72,12.63,1.84,4.32,0.67
US-xSC,-78.1395,38.8929,2005,10,13,17.61,10.52,11.58,2.26,11.25,0.68
US-xSC,-78.1395,38.8929,2005,10,14,20.75,12.36,12.46,2.65,10.7,0.2
US-xSC,-78.1395,38.8929,2005,10,15,23.98,9.63,8.14,2.99,16.7,0
US-xSC,-78.1395,38.8929,2005,10,16,17.97,7.3,4.59,3.33,14.02,0
US-xSC,-78.1395,38.8929,2005,10,17,18.94,7.94,4.63,2.75,17.42,0
US-xSC,-78.1395,38.8929,2005,10,18,23.45,8.97,6.29,2.56,15.41,0
US-xSC,-78.1395,38.8929,2005,10,19,25.6,7.86,8.8,2.26,16.08,0
US-xSC,-78.1395,38.8929,2005,10,20,17.93,8.24,8.32,1.81,9.32,2.53
US-xSC,-78.1395,38.8929,2005,10,21,10.93,7.86,8.53,1.41,3.23,3.73
US-xSC,-78.1395,38.8929,2005,10,22,14.29,7.55,9.1,1.66,4.88,16.66
US-xSC,-78.1395,38.8929,2005,10,23,16.91,4.94,4.03,2.09,12.42,0.14
US-xSC,-78.1395,38.8929,2005,10,24,12.44,4.37,7.21,2.36,4.87,14.38
US-xSC,-78.1395,38.8929,2005,10,25,6.21,2.42,3,3.12,4.4,16.85
US-xSC,-78.1395,38.8929,2005,10,26,12.15,2.19,2.95,3.1,8.16,0.26
US-xSC,-78.1395,38.8929,2005,10,27,12.1,0.6,1.55,1.72,12.84,0
US-xSC,-78.1395,38.8929,2005,10,28,10.53,-0.14,1.37,1.44,9.43,0.1
US-xSC,-78.1395,38.8929,2005,10,29,11.48,1.27,1.07,2.71,12.59,0
US-xSC,-78.1395,38.8929,2005,10,30,18.69,1.81,1.88,2.1,15.37,0
US-xSC,-78.1395,38.8929,2005,10,31,21.41,1.28,3.61,1.91,15.09,0
US-xSC,-78.1395,38.8929,2005,11,1,19.38,3.8,6.46,2.18,13.01,0.21
US-xSC,-78.1395,38.8929,2005,11,2,14.92,3.78,4.05,2.36,14.37,0.2
US-xSC,-78.1395,38.8929,2005,11,3,20.49,2.26,4.92,2.25,14.08,0
US-xSC,-78.1395,38.8929,2005,11,4,22.2,4.7,8.05,1.78,11.83,0
US-xSC,-78.1395,38.8929,2005,11,5,23.32,8.86,11.43,1.81,11.66,0
US-xSC,-78.1395,38.8929,2005,11,6,22.85,10.11,11.97,3.07,9.48,0.06
US-xSC,-78.1395,38.8929,2005,11,7,17.12,5.54,4.92,1.93,12.76,0
US-xSC,-78.1395,38.8929,2005,11,8,21.88,4.95,8.08,1.51,5.74,2.28
US-xSC,-78.1395,38.8929,2005,11,9,21.2,9.48,13.09,2.5,8.44,4.19
US-xSC,-78.1395,38.8929,2005,11,10,16.42,3.91,0.08,3.76,7.15,0.1
US-xSC,-78.1395,38.8929,2005,11,11,11.8,-0.05,-0.86,2.05,13.17,0
US-xSC,-78.1395,38.8929,2005,11,12,16.08,0.59,0.42,2.06,12.62,0
US-xSC,-78.1395,38.8929,2005,11,13,19.22,2.56,5.59,2.37,11.93,0.01
US-xSC,-78.1395,38.8929,2005,11,14,17.61,9.58,6.79,1.95,5.73,0.86
US-xSC,-78.1395,38.8929,2005,11,15,21.12,9.41,12.83,2.61,6.98,0.78
US-xSC,-78.1395,38.8929,2005,11,16,20.87,2.9,11.01,4.37,3.35,10.85
US-xSC,-78.1395,38.8929,2005,11,17,4.86,-4.05,-8.1,3,12.78,0.01
US-xSC,-78.1395,38.8929,2005,11,18,5.36,-5.71,-8.29,1.63,12.56,0
US-xSC,-78.1395,38.8929,2005,11,19,10.55,-4.1,-4.41,1.91,12.18,0
US-xSC,-78.1395,38.8929,2005,11,20,15.61,-2.02,-0.98,1.64,11.6,0
US-xSC,-78.1395,38.8929,2005,11,21,6.46,0.94,2.44,1.52,1.65,10.65
US-xSC,-78.1395,38.8929,2005,11,22,7.88,-0.21,-0.14,4.27,6.61,11.98
US-xSC,-78.1395,38.8929,2005,11,23,2.35,-4.73,-6.93,2.73,7.28,1.14
US-xSC,-78.1395,38.8929,2005,11,24,8.38,-6.11,-4.48,3.66,6.35,0.14
US-xSC,-78.1395,38.8929,2005,11,25,1.72,-7.06,-12.85,2.09,11.74,0
US-xSC,-78.1395,38.8929,2005,11,26,7.43,-3.96,-5.42,2.13,11.01,0.01
US-xSC,-78.1395,38.8929,2005,11,27,4.44,-1.72,0.13,1.54,4.18,2.73
US-xSC,-78.1395,38.8929,2005,11,28,15.64,2.84,10.78,3.1,2.48,7.4
US-xSC,-78.1395,38.8929,2005,11,29,17.46,7.77,14.53,4.68,1.85,47.13
US-xSC,-78.1395,38.8929,2005,11,30,10.3,-1.64,1.62,2.28,9.99,0.04
US-xSC,-78.1395,38.8929,2005,12,1,4.37,-3.9,-2.5,1.47,5.22,0.04
US-xSC,-78.1395,38.8929,2005,12,2,0.77,-4.78,-7.25,3.78,10.27,0.07
US-xSC,-78.1395,38.8929,2005,12,3,3.07,-5.02,-7.84,2.03,7.92,0.74
US-xSC,-78.1395,38.8929,2005,12,4,8.43,-1.97,-0.32,2.27,7.23,1.64
US-xSC,-78.1395,38.8929,2005,12,5,0.71,-3.07,-2.93,1.32,1.92,3.95
US-xSC,-78.1395,38.8929,2005,12,6,1.76,-6.4,-6.42,2.19,9.05,0.21
US-xSC,-78.1395,38.8929,2005,12,7,0.87,-6.89,-7.88,2.4,10.29,0
US-xSC,-78.1395,38.8929,2005,12,8,0.89,-7.88,-8.55,1.67,9.09,3.05
US-xSC,-78.1395,38.8929,2005,12,9,-2.04,-10.36,-6.25,2.96,9.5,10.86
US-xSC,-78.1395,38.8929,2005,12,10,1.29,-11.22,-6.31,2.26,8.71,0
US-xSC,-78.1395,38.8929,2005,12,11,3.03,-7.79,-3.93,2.41,5.37,0.14
US-xSC,-78.1395,38.8929,2005,12,12,1.41,-7.73,-5.72,2.28,3.79,0.09
US-xSC,-78.1395,38.8929,2005,12,13,-1.21,-10.86,-9.47,1.96,10.62,0
US-xSC,-78.1395,38.8929,2005,12,14,-3.82,-11.49,-10.58,1.7,6.15,0
US-xSC,-78.1395,38.8929,2005,12,15,0.06,-8.3,-5.25,2.03,3.02,18.5
US-xSC,-78.1395,38.8929,2005,12,16,1.85,-5.17,-1.8,2.33,7.28,0.82
US-xSC,-78.1395,38.8929,2005,12,17,2.79,-5.12,-4.07,1.64,8.25,0
US-xSC,-78.1395,38.8929,2005,12,18,4.79,-4.96,-3.78,1.29,9.39,0
US-xSC,-78.1395,38.8929,2005,12,19,-0.45,-9.51,-7.15,2.87,7.09,0.01
US-xSC,-78.1395,38.8929,2005,12,20,0.36,-11.11,-10.47,2.94,10.55,0
US-xSC,-78.1395,38.8929,2005,12,21,1.69,-9.85,-7.32,1.97,9.98,0
US-xSC,-78.1395,38.8929,2005,12,22,3.54,-7.92,-4.37,2.02,9.24,0
US-xSC,-78.1395,38.8929,2005,12,23,8.74,-5.44,-1.09,1.99,10.17,0
US-xSC,-78.1395,38.8929,2005,12,24,10.81,-1.9,0.26,2.05,8.87,0
US-xSC,-78.1395,38.8929,2005,12,25,2.85,-1.92,0.05,1.58,1.77,9.43
US-xSC,-78.1395,38.8929,2005,12,26,5.8,-0.32,-0.2,4,5.35,0.25
US-xSC,-78.1395,38.8929,2005,12,27,6.2,-1.88,-1.85,2.43,9.11,0.01
US-xSC,-78.1395,38.8929,2005,12,28,7.82,-2.19,2.23,2.22,8.43,0.02
US-xSC,-78.1395,38.8929,2005,12,29,7.62,1.31,2.8,3.09,3.6,1.16
US-xSC,-78.1395,38.8929,2005,12,30,7.62,-1.74,-0.77,2.46,7.81,0.02
US-xSC,-78.1395,38.8929,2005,12,31,10.1,-2.4,0.44,1.78,7.39,0.12
US-xSC,-78.1395,38.8929,2006,1,1,8.11,-1.89,-0.16,1.74,8.33,0
US-xSC,-78.1395,38.8929,2006,1,2,4.2,-0.93,2.13,2.05,1.43,15.72
US-xSC,-78.1395,38.8929,2006,1,3,4.38,-0.86,1.74,1.89,2,3.07
US-xSC,-78.1395,38.8929,2006,1,4,8.18,-1.03,2.29,1.92,3.98,0.14
US-xSC,-78.1395,38.8929,2006,1,5,7.73,-1.57,1.16,2.33,7.09,0.03
US-xSC,-78.1395,38.8929,2006,1,6,2.92,-4.67,-4.08,3.26,7.19,0.03
US-xSC,-78.1395,38.8929,2006,1,7,3.06,-5.57,-5.77,2.17,6.15,0
US-xSC,-78.1395,38.8929,2006,1,8,5.68,-2.79,-0.55,2.06,7.64,0
US-xSC,-78.1395,38.8929,2006,1,9,14.06,0.96,4.51,2.58,7.43,0
US-xSC,-78.1395,38.8929,2006,1,10,9.69,-0.56,1.88,1.79,9.18,0
US-xSC,-78.1395,38.8929,2006,1,11,10.21,2.88,5.82,2.5,3,6.92
US-xSC,-78.1395,38.8929,2006,1,12,14.55,-0.48,3.63,2.05,11.12,0
US-xSC,-78.1395,38.8929,2006,1,13,14.54,0.66,6.29,3.03,6.95,4.58
US-xSC,-78.1395,38.8929,2006,1,14,13.24,-2.89,0.91,6.5,2.88,6.66
US-xSC,-78.1395,38.8929,2006,1,15,1.8,-5.58,-8.45,5.68,11.92,0
US-xSC,-78.1395,38.8929,2006,1,16,5.3,-2.93,-3.95,1.7,9.42,0
US-xSC,-78.1395,38.8929,2006,1,17,12.19,-1.97,1.48,3.2,2.53,4.39
US-xSC,-78.1395,38.8929,2006,1,18,15.44,-2.85,0.73,5.19,9.71,14.13
US-xSC,-78.1395,38.8929,2006,1,19,8.19,-3.98,-1.08,2.54,8.42,0
US-xSC,-78.1395,38.8929,2006,1,20,13.99,0.58,4.5,2.46,8.96,0
US-xSC,-78.1395,38.8929,2006,1,21,16.43,-0.41,3.86,3.7,5.96,0.05
US-xSC,-78.1395,38.8929,2006,1,22,5.58,-4.88,-2.96,2.17,7.05,8.36
US-xSC,-78.1395,38.8929,2006,1,23,6.61,-0.19,1.67,2.1,4.69,5.34
US-xSC,-78.1395,38.8929,2006,1,24,8.3,-2.95,0,2.64,9.77,0.76
US-xSC,-78.1395,38.8929,2006,1,25,2.86,-2.12,-3.65,5.34,8.05,0.37
US-xSC,-78.1395,38.8929,2006,1,26,1.22,-5.06,-7.35,4.66,13.29,0.01
US-xSC,-78.1395,38.8929,2006,1,27,7.14,-5.77,-5.21,1.8,12.96,0
US-xSC,-78.1395,38.8929,2006,1,28,14.52,-1.85,1.49,2.12,11.88,0
US-xSC,-78.1395,38.8929,2006,1,29,13.83,1.17,5.88,3.7,4.81,1.55
US-xSC,-78.1395,38.8929,2006,1,30,15.64,2.07,5.3,1.67,11.33,0.28
US-xSC,-78.1395,38.8929,2006,1,31,7.16,-2.06,0.86,4.04,8.29,1.49
US-xSC,-78.1395,38.8929,2006,2,1,7.18,-4.06,-2.12,1.77,11.61,0
US-xSC,-78.1395,38.8929,2006,2,2,12.44,-2.35,2.28,2.13,10.29,4.96
US-xSC,-78.1395,38.8929,2006,2,3,15.07,4.77,6.3,2.53,12.75,3.56
US-xSC,-78.1395,38.8929,2006,2,4,11.35,2.1,5.65,3.58,2.69,12.43
US-xSC,-78.1395,38.8929,2006,2,5,4.06,-2.12,-4.18,4.24,10.88,0.05
US-xSC,-78.1395,38.8929,2006,2,6,4.22,-3.37,-5.87,3.84,14.63,0.01
US-xSC,-78.1395,38.8929,2006,2,7,4.26,-4.97,-6.03,2.81,14.91,0
US-xSC,-78.1395,38.8929,2006,2,8,0.95,-4.72,-5.2,1.63,10.79,0.02
US-xSC,-78.1395,38.8929,2006,2,9,1.36,-4.91,-7.23,3.05,14.86,0
US-xSC,-78.1395,38.8929,2006,2,10,5.06,-4.83,-5.15,2.08,9.83,0
US-xSC,-78.1395,38.8929,2006,2,11,1.21,-1.56,-1.69,2.59,3.47,12.35
US-xSC,-78.1395,38.8929,2006,2,12,-0.26,-5.99,-4.2,4.11,8.41,4.04
US-xSC,-78.1395,38.8929,2006,2,13,0.12,-9.81,-7.05,2.87,12.59,0.01
US-xSC,-78.1395,38.8929,2006,2,14,4.75,-9.23,-3.91,2.67,10.14,0
US-xSC,-78.1395,38.8929,2006,2,15,12.24,-3.07,0.52,2.25,14.45,0
US-xSC,-78.1395,38.8929,2006,2,16,15.83,0.19,5.1,2.92,15.08,0
US-xSC,-78.1395,38.8929,2006,2,17,10.11,-0.82,1.03,4.32,12.38,0.05
US-xSC,-78.1395,38.8929,2006,2,18,-0.37,-8.93,-8.22,3.71,7.74,0.13
US-xSC,-78.1395,38.8929,2006,2,19,-0.24,-10.69,-14.34,2.19,17.03,0
US-xSC,-78.1395,38.8929,2006,2,20,4.2,-5.9,-7.49,1.23,15.93,0.01
US-xSC,-78.1395,38.8929,2006,2,21,7.01,-5.9,-4.58,2.31,16.97,0
US-xSC,-78.1395,38.8929,2006,2,22,5.32,-2.33,-0.68,1.76,4.92,1.91
US-xSC,-78.1395,38.8929,2006,2,23,8.64,-0.8,-0.79,2.83,14.47,0.16
US-xSC,-78.1395,38.8929,2006,2,24,4.33,-4.67,-5.81,3.8,17.98,0
US-xSC,-78.1395,38.8929,2006,2,25,14.32,-4.37,-2.26,4.03,12.92,0
US-xSC,-78.1395,38.8929,2006,2,26,-0.41,-4.95,-9.91,4.45,15.62,0.02
US-xSC,-78.1395,38.8929,2006,2,27,1.16,-5.57,-6.99,2.79,11.2,0.16
US-xSC,-78.1395,38.8929,2006,2,28,6.1,-3.86,-4.75,2.38,15.54,0.01
US-xSC,-78.1395,38.8929,2006,3,1,10.71,-2.21,-2.63,1.52,10.64,0
US-xSC,-78.1395,38.8929,2006,3,2,16.13,-0.51,2.93,3.03,8.43,1.02
US-xSC,-78.1395,38.8929,2006,3,3,4.79,-3.32,-6.14,4.38,18.75,0
US-xSC,-78.1395,38.8929,2006,3,4,5.71,-4.15,-5.84,4.85,19.94,0
US-xSC,-78.1395,38.8929,2006,3,5,8.91,-3.8,-3.8,3.09,19.68,0
US-xSC,-78.1395,38.8929,2006,3,6,7.8,-1.39,-2.31,1.43,5.26,0.32
US-xSC,-78.1395,38.8929,2006,3,7,8.78,-3.45,-3.79,2.82,20.25,0
US-xSC,-78.1395,38.8929,2006,3,8,11.86,-3.98,-1.49,1.99,11.79,0
US-xSC,-78.1395,38.8929,2006,3,9,17.33,1.1,6.52,3.12,11.22,0.03
US-xSC,-78.1395,38.8929,2006,3,10,20.47,8.09,9.4,4.42,17.33,0.01
US-xSC,-78.1395,38.8929,2006,3,11,20.99,4.95,8.1,1.82,18.09,0.01
US-xSC,-78.1395,38.8929,2006,3,12,22.15,8.08,12.96,1.84,7.73,1.61
US-xSC,-78.1395,38.8929,2006,3,13,25.53,10.5,14.27,2.85,15.38,0.12
US-xSC,-78.1395,38.8929,2006,3,14,15.42,3.13,1.74,5.29,21.02,1.13
US-xSC,-78.1395,38.8929,2006,3,15,8.08,0.45,-3.95,5.3,20,0.02
US-xSC,-78.1395,38.8929,2006,3,16,12.7,-1.62,-2.31,2.31,18.75,0
US-xSC,-78.1395,38.8929,2006,3,17,10.73,-1.35,-1.35,2.31,11.75,0.12
US-xSC,-78.1395,38.8929,2006,3,18,6.64,-4.89,-8.02,3.77,22.76,0
US-xSC,-78.1395,38.8929,2006,3,19,9.22,-4.64,-5.59,3.26,23,0
US-xSC,-78.1395,38.8929,2006,3,20,6.71,-3.51,-3.52,2.38,14.34,0
US-xSC,-78.1395,38.8929,2006,3,21,3.74,-4.87,-4.75,1.44,4.93,1.12
US-xSC,-78.1395,38.8929,2006,3,22,5.99,-3.82,-4.87,3.72,20.41,0
US-xSC,-78.1395,38.8929,2006,3,23,9.9,-3.98,-2.18,1.98,17.4,0.01
US-xSC,-78.1395,38.8929,2006,3,24,8.46,-0.63,-1.03,1.59,11.78,0.05
US-xSC,-78.1395,38.8929,2006,3,25,8.14,-0.59,-1.3,2.05,12.52,0.09
US-xSC,-78.1395,38.8929,2006,3,26,9.81,-2.76,-2.02,2.66,15.29,0
US-xSC,-78.1395,38.8929,2006,3,27,13.98,-2.38,-2.17,2.35,22.91,0
US-xSC,-78.1395,38.8929,2006,3,28,15.2,2.35,2.81,1.23,9.99,1.04
US-xSC,-78.1395,38.8929,2006,3,29,15.86,3.39,4.13,1.59,10.63,0
US-xSC,-78.1395,38.8929,2006,3,30,19.76,3.27,5.62,2.24,23.06,0.01
US-xSC,-78.1395,38.8929,2006,3,31,24.35,7.48,11.03,2.89,18.89,1
US-xSC,-78.1395,38.8929,2006,4,1,21.29,7.89,10.84,3.57,12.95,0.19
US-xSC,-78.1395,38.8929,2006,4,2,20.64,5.22,7.3,1.71,20.45,0
US-xSC,-78.1395,38.8929,2006,4,3,18.11,7.15,10.41,3.24,13.91,5.48
US-xSC,-78.1395,38.8929,2006,4,4,13,2.47,-1.9,4.3,25.22,0.13
US-xSC,-78.1395,38.8929,2006,4,5,10.39,1.86,-1.27,3.77,17.83,0.94
US-xSC,-78.1395,38.8929,2006,4,6,18.48,-0.12,2.45,1.57,20.95,0
US-xSC,-78.1395,38.8929,2006,4,7,25.92,8.65,11.86,2.77,16.29,5.61
US-xSC,-78.1395,38.8929,2006,4,8,14.74,1.25,6.94,2.56,4.79,10.21
US-xSC,-78.1395,38.8929,2006,4,9,13.69,-1.36,-1.81,2.35,26.7,0
US-xSC,-78.1395,38.8929,2006,4,10,19.05,0.78,0.67,1.54,25.48,0
US-xSC,-78.1395,38.8929,2006,4,11,24.62,3.52,6.14,1.81,24.62,0
US-xSC,-78.1395,38.8929,2006,4,12,19.87,8.75,9.13,2.95,14.73,1.56
US-xSC,-78.1395,38.8929,2006,4,13,24.64,12.04,11.49,1.84,20.84,2.14
US-xSC,-78.1395,38.8929,2006,4,14,22.9,11.96,13.53,2.66,10.03,4.38
US-xSC,-78.1395,38.8929,2006,4,15,26.52,11.88,14.34,2.49,18.63,0.23
US-xSC,-78.1395,38.8929,2006,4,16,20.99,6.94,6.42,1.56,13.24,1.78
US-xSC,-78.1395,38.8929,2006,4,17,15.13,6.45,6.5,2.07,6.7,14.41
US-xSC,-78.1395,38.8929,2006,4,18,19.91,4.6,5.62,1.95,25.88,0
US-xSC,-78.1395,38.8929,2006,4,19,22.73,6.4,7.29,2.07,25.79,0
US-xSC,-78.1395,38.8929,2006,4,20,28.21,7,6.98,1.53,24.84,0
US-xSC,-78.1395,38.8929,2006,4,21,20.98,12.76,13.45,2.07,7.01,6.58
US-xSC,-78.1395,38.8929,2006,4,22,19.25,9.84,13.7,1.99,7.89,27.75
US-xSC,-78.1395,38.8929,2006,4,23,23.27,8.63,10.24,1.74,20.35,1.95
US-xSC,-78.1395,38.8929,2006,4,24,21.98,8.24,9.01,2.21,26.64,0
US-xSC,-78.1395,38.8929,2006,4,25,24.32,8,9.04,2.25,24.72,3.46
US-xSC,-78.1395,38.8929,2006,4,26,15.9,3.84,1.34,1.78,14.95,0.05
US-xSC,-78.1395,38.8929,2006,4,27,20.71,3.09,3.57,1.71,25.42,0.01
US-xSC,-78.1395,38.8929,2006,4,28,17.37,6.34,2.38,2.46,27.44,0
US-xSC,-78.1395,38.8929,2006,4,29,18.71,2.44,2.86,1.92,28.26,0
US-xSC,-78.1395,38.8929,2006,4,30,18.36,3.46,2.65,1.97,23.02,0
US-xSC,-78.1395,38.8929,2006,5,1,19.87,6.24,2.58,2.19,27.7,0
US-xSC,-78.1395,38.8929,2006,5,2,25.43,5.17,6.67,1.48,22.28,0.08
US-xSC,-78.1395,38.8929,2006,5,3,21.36,10.71,11.46,2.42,17.58,0.13
US-xSC,-78.1395,38.8929,2006,5,4,28.27,9.93,10.44,1.78,26.68,0.02
US-xSC,-78.1395,38.8929,2006,5,5,24.93,14.34,12.79,1.66,14.61,2.04
US-xSC,-78.1395,38.8929,2006,5,6,22.49,9.5,7.63,2.94,26.74,0.02
US-xSC,-78.1395,38.8929,2006,5,7,16.71,4.84,4.19,1.42,14.19,4.15
US-xSC,-78.1395,38.8929,2006,5,8,11.86,7.82,7.66,1.7,6.66,2.01
US-xSC,-78.1395,38.8929,2006,5,9,21.22,8.43,4.21,1.34,23.05,0.06
US-xSC,-78.1395,38.8929,2006,5,10,26.18,7.27,7.44,1.69,27.02,0.02
US-xSC,-78.1395,38.8929,2006,5,11,22.11,9.79,14.32,3.22,4.74,16.7
US-xSC,-78.1395,38.8929,2006,5,12,20.69,5.81,7.07,1.81,23.34,0.63
US-xSC,-78.1395,38.8929,2006,5,13,21.05,8.23,7.86,1.39,20.18,0.43
US-xSC,-78.1395,38.8929,2006,5,14,19.6,9.37,11.32,2.75,13.54,15.4
US-xSC,-78.1395,38.8929,2006,5,15,18.58,10.15,9.76,1.26,18.01,9.71
US-xSC,-78.1395,38.8929,2006,5,16,18.44,6.89,7.51,2.27,19.7,0.25
US-xSC,-78.1395,38.8929,2006,5,17,20.27,8.44,9.7,2.01,17.82,0.6
US-xSC,-78.1395,38.8929,2006,5,18,21.28,9.09,8.25,2.66,22.36,0.24
US-xSC,-78.1395,38.8929,2006,5,19,17.16,7.04,6.43,2.69,12.04,0.18
US-xSC,-78.1395,38.8929,2006,5,20,21.11,8.17,6.03,2.79,28.99,0
US-xSC,-78.1395,38.8929,2006,5,21,22.51,6.13,5.38,3.18,23.76,0
US-xSC,-78.1395,38.8929,2006,5,22,19.86,4.79,3.55,2.7,30.35,0
US-xSC,-78.1395,38.8929,2006,5,23,19.94,3.99,2.13,2.38,31.22,0
US-xSC,-78.1395,38.8929,2006,5,24,24.8,6.49,5.05,1.73,29.94,0
US-xSC,-78.1395,38.8929,2006,5,25,28.07,11.33,13,1.79,16.33,0.39
US-xSC,-78.1395,38.8929,2006,5,26,27.47,16.43,17.45,1.98,15.42,2.28
US-xSC,-78.1395,38.8929,2006,5,27,28.16,16.09,15.68,2.45,20.25,0.02
US-xSC,-78.1395,38.8929,2006,5,28,31.05,14.54,14.4,1.59,29.03,0
US-xSC,-78.1395,38.8929,2006,5,29,33.98,17.36,13.6,1.42,28.85,0
US-xSC,-78.1395,38.8929,2006,5,30,34.49,18.6,17.3,1.76,26.23,1.74
US-xSC,-78.1395,38.8929,2006,5,31,33.95,19.56,18.6,1.42,24.15,3.81
US-xSC,-78.1395,38.8929,2006,6,1,31.39,19.31,19.08,1.11,20.44,10.73
US-xSC,-78.1395,38.8929,2006,6,2,28.84,18.86,18.69,1.08,15.33,11.93
US-xSC,-78.1395,38.8929,2006,6,3,23.08,15.13,14,2.79,18.74,0.9
US-xSC,-78.1395,38.8929,2006,6,4,23.99,12.15,11.55,2.08,21.46,1.81
US-xSC,-78.1395,38.8929,2006,6,5,23.5,12.27,10.18,2.12,20.96,0.29
US-xSC,-78.1395,38.8929,2006,6,6,25.31,11.84,11.42,1.81,23.62,0.01
US-xSC,-78.1395,38.8929,2006,6,7,28.43,13.27,12.15,2.08,25.24,0.59
US-xSC,-78.1395,38.8929,2006,6,8,27.84,15.12,14.02,1.36,16.73,0.91
US-xSC,-78.1395,38.8929,2006,6,9,26.58,13.98,13.1,2.52,23.95,0.59
US-xSC,-78.1395,38.8929,2006,6,10,21.57,11.51,7.11,3.21,21.17,0
US-xSC,-78.1395,38.8929,2006,6,11,23.03,7.94,5,2.21,22,1.21
US-xSC,-78.1395,38.8929,2006,6,12,22.21,12.19,10.84,1.51,20.24,5.99
US-xSC,-78.1395,38.8929,2006,6,13,28.83,10.71,10.84,1.37,28.06,0
US-xSC,-78.1395,38.8929,2006,6,14,25.66,15.11,14.09,1.54,11.84,3.13
US-xSC,-78.1395,38.8929,2006,6,15,27.82,14.46,11.27,2.36,28.39,0.2
US-xSC,-78.1395,38.8929,2006,6,16,30.44,12.67,9.24,1.07,30.18,0
US-xSC,-78.1395,38.8929,2006,6,17,34.35,14.61,11.64,1.46,28.15,0
US-xSC,-78.1395,38.8929,2006,6,18,35.55,17.75,14.71,1.82,27.2,0
US-xSC,-78.1395,38.8929,2006,6,19,32.26,18.71,16.92,1.8,19.46,2.93
US-xSC,-78.1395,38.8929,2006,6,20,31.54,18.23,15.15,2.24,27.56,0.05
US-xSC,-78.1395,38.8929,2006,6,21,33.4,16.14,13.59,1.4,23.01,0.58
US-xSC,-78.1395,38.8929,2006,6,22,34.43,19.74,18.46,1.93,24.83,3.72
US-xSC,-78.1395,38.8929,2006,6,23,33.95,19.86,18.66,1.09,16.61,7.49
US-xSC,-78.1395,38.8929,2006,6,24,30,20.48,19.57,0.8,15.1,4.74
US-xSC,-78.1395,38.8929,2006,6,25,26.4,20.4,21.11,1.19,13.71,37.59
US-xSC,-78.1395,38.8929,2006,6,26,27.05,20.91,21.28,2.5,14.36,23.73
US-xSC,-78.1395,38.8929,2006,6,27,25.25,20.38,21.57,1.98,7.73,47.38
US-xSC,-78.1395,38.8929,2006,6,28,28.54,18.65,19.27,1.29,24.62,6.79
US-xSC,-78.1395,38.8929,2006,6,29,27.22,16.26,17.08,1.45,25.47,1.21
US-xSC,-78.1395,38.8929,2006,6,30,26.93,13.88,14.25,1.6,27.6,0.03
US-xSC,-78.1395,38.8929,2006,7,1,27.66,14.66,15.63,1.82,27.17,0
US-xSC,-78.1395,38.8929,2006,7,2,31.18,18.77,19.94,2.18,24.4,0.76
US-xSC,-78.1395,38.8929,2006,7,3,31,20.56,20.79,1.74,17.72,0.51
US-xSC,-78.1395,38.8929,2006,7,4,31.65,20.21,20.92,1.85,22.79,2.78
US-xSC,-78.1395,38.8929,2006,7,5,27.32,19.3,20.79,1.18,9.26,24.95
US-xSC,-78.1395,38.8929,2006,7,6,24.79,15.29,14.93,2.31,21.21,1.83
US-xSC,-78.1395,38.8929,2006,7,7,25.06,13.22,13.61,1.71,26,0
US-xSC,-78.1395,38.8929,2006,7,8,25.59,14.75,15.88,1.53,22.5,0
US-xSC,-78.1395,38.8929,2006,7,9,27.6,16.08,16.02,1.72,20.54,0.25
US-xSC,-78.1395,38.8929,2006,7,10,29.28,15.53,17.68,1.74,22.03,0.09
US-xSC,-78.1395,38.8929,2006,7,11,32.44,19.2,19.46,1.65,21.04,0.33
US-xSC,-78.1395,38.8929,2006,7,12,29.26,20.94,21.64,1.7,18.92,8.44
US-xSC,-78.1395,38.8929,2006,7,13,27.52,21.72,21.93,1.49,8.09,5.52
US-xSC,-78.1395,38.8929,2006,7,14,29.53,21.04,21.98,1.49,14.27,3.17
US-xSC,-78.1395,38.8929,2006,7,15,31.41,21.66,21.05,1.45,18.59,0.54
US-xSC,-78.1395,38.8929,2006,7,16,32.47,19.38,17.85,2.02,29.52,0
US-xSC,-78.1395,38.8929,2006,7,17,37.85,19.51,16.91,1.33,28.54,0
US-xSC,-78.1395,38.8929,2006,7,18,37.66,19.83,18.53,1.32,25.51,5.32
US-xSC,-78.1395,38.8929,2006,7,19,32.77,21.24,20.42,1.31,22.34,0.92
US-xSC,-78.1395,38.8929,2006,7,20,33.59,20.92,20.38,1.09,23.06,1.61
US-xSC,-78.1395,38.8929,2006,7,21,33.92,20.79,20.54,1.14,16.28,6.55
US-xSC,-78.1395,38.8929,2006,7,22,31.32,19.88,20.9,1.89,19.1,4.39
US-xSC,-78.1395,38.8929,2006,7,23,28.07,17.92,15.67,1.39,23.44,0.06
US-xSC,-78.1395,38.8929,2006,7,24,30.91,16.34,13.86,1.35,25.3,0
US-xSC,-78.1395,38.8929,2006,7,25,29.07,19.1,19.02,1.67,13.03,2.12
US-xSC,-78.1395,38.8929,2006,7,26,32.25,19.16,18.53,1.11,23.85,0.29
US-xSC,-78.1395,38.8929,2006,7,27,34.29,20.18,19.06,1.55,21.34,1.32
US-xSC,-78.1395,38.8929,2006,7,28,33.36,22.18,19.55,2.75,16.08,0.42
US-xSC,-78.1395,38.8929,2006,7,29,33.91,20.87,19.66,1.41,20.71,0.86
US-xSC,-78.1395,38.8929,2006,7,30,35.19,20.99,19.78,1.73,22.89,0.65
US-xSC,-78.1395,38.8929,2006,7,31,35.85,22.51,20.14,1.36,20.65,1.2
US-xSC,-78.1395,38.8929,2006,8,1,38.07,22.91,19.84,1.34,24.87,0
US-xSC,-78.1395,38.8929,2006,8,2,38.05,24.19,20.57,1.72,23.9,0.01
US-xSC,-78.1395,38.8929,2006,8,3,37.8,23.67,19.25,2.01,25.27,0.08
US-xSC,-78.1395,38.8929,2006,8,4,33.62,22.11,18.11,2.26,19.39,0.06
US-xSC,-78.1395,38.8929,2006,8,5,33.37,18.65,12.31,1.49,27.16,0
US-xSC,-78.1395,38.8929,2006,8,6,34.19,18.26,14.99,1.82,24.03,1.38
US-xSC,-78.1395,38.8929,2006,8,7,36.63,21.37,19.2,1.88,20.86,0.71
US-xSC,-78.1395,38.8929,2006,8,8,33.25,19.64,15.69,1.93,18.58,0.49
US-xSC,-78.1395,38.8929,2006,8,9,31.95,16.96,12.65,1.26,22.37,0.06
US-xSC,-78.1395,38.8929,2006,8,10,29.56,18.62,17.77,1.3,11.21,9.34
US-xSC,-78.1395,38.8929,2006,8,11,26.92,17.36,12.8,1.78,19.11,0
US-xSC,-78.1395,38.8929,2006,8,12,28.73,12.84,7.36,1.6,26.38,0
US-xSC,-78.1395,38.8929,2006,8,13,31.44,11.94,7.77,1.23,25.83,0.02
US-xSC,-78.1395,38.8929,2006,8,14,33.75,16.69,14.86,1.89,20.88,0.01
US-xSC,-78.1395,38.8929,2006,8,15,33.53,18.77,15.51,1.76,14.29,0.19
US-xSC,-78.1395,38.8929,2006,8,16,32.13,16.22,11.23,1.75,26.74,0
US-xSC,-78.1395,38.8929,2006,8,17,32.03,16.61,13.6,1.71,23.35,0
US-xSC,-78.1395,38.8929,2006,8,18,32.41,18.15,14.18,1.3,24.62,0.02
US-xSC,-78.1395,38.8929,2006,8,19,33.85,19.45,17.97,2.06,18.03,0.49
US-xSC,-78.1395,38.8929,2006,8,20,34.09,20.77,17.96,1.9,15.68,0.37
US-xSC,-78.1395,38.8929,2006,8,21,31.76,15.39,12.03,1.45,26.6,0
US-xSC,-78.1395,38.8929,2006,8,22,32.54,16.3,11.32,1.2,21.64,0
US-xSC,-78.1395,38.8929,2006,8,23,32.85,15.32,10.63,1.31,22.46,0
US-xSC,-78.1395,38.8929,2006,8,24,33.19,16.71,12.5,1.25,20.66,0.14
US-xSC,-78.1395,38.8929,2006,8,25,35.46,18.69,14.47,1.52,21.11,0
US-xSC,-78.1395,38.8929,2006,8,26,34.56,20.03,17.58,1.51,16.87,7.89
US-xSC,-78.1395,38.8929,2006,8,27,32.63,20.58,18.57,2.15,12.91,8.06
US-xSC,-78.1395,38.8929,2006,8,28,33.18,20.04,19.33,1.52,15.35,4.43
US-xSC,-78.1395,38.8929,2006,8,29,34.21,21.52,20.05,1.85,17.43,1.32
US-xSC,-78.1395,38.8929,2006,8,30,27.92,19.82,18.38,1.54,10.35,5.02
US-xSC,-78.1395,38.8929,2006,8,31,22.94,17.03,15.75,2.51,5.07,4.23
US-xSC,-78.1395,38.8929,2006,9,1,17.03,13.57,12.89,4.69,4.33,56.75
US-xSC,-78.1395,38.8929,2006,9,2,20.87,12.95,13.44,3.11,15.86,22.58
US-xSC,-78.1395,38.8929,2006,9,3,25.29,11.27,13.31,1.21,18.14,0.51
US-xSC,-78.1395,38.8929,2006,9,4,26.34,11.59,13.69,1.09,7.55,2.44
US-xSC,-78.1395,38.8929,2006,9,5,22,15.14,15.84,1.71,8.46,25.77
US-xSC,-78.1395,38.8929,2006,9,6,25.34,14.74,15.64,1.14,14.7,1.71
US-xSC,-78.1395,38.8929,2006,9,7,26.05,12.84,14.56,1.26,18.73,0.1
US-xSC,-78.1395,38.8929,2006,9,8,26.65,16.48,16.15,1.21,17.8,1.36
US-xSC,-78.1395,38.8929,2006,9,9,27.93,13.56,14.22,1.21,19.31,0.13
US-xSC,-78.1395,38.8929,2006,9,10,26.51,14.74,16.3,1.63,17.89,0.5
US-xSC,-78.1395,38.8929,2006,9,11,19.94,14.91,15.42,1.88,5.24,2.4
US-xSC,-78.1395,38.8929,2006,9,12,19.55,13.75,12.93,1.87,7.28,0.58
US-xSC,-78.1395,38.8929,2006,9,13,18.51,13.34,13.83,2.34,5.29,7.85
US-xSC,-78.1395,38.8929,2006,9,14,24.27,14.64,14.98,1.17,13.13,4.14
US-xSC,-78.1395,38.8929,2006,9,15,24.88,13.38,14.98,2.08,15.55,0.84
US-xSC,-78.1395,38.8929,2006,9,16,24.61,16.43,16.24,1.85,9.6,0.19
US-xSC,-78.1395,38.8929,2006,9,17,27.83,13.42,15.33,1.21,20.91,0
US-xSC,-78.1395,38.8929,2006,9,18,29.29,13.45,14.42,1.71,21.28,0
US-xSC,-78.1395,38.8929,2006,9,19,25.99,14.07,14.05,2.08,12.88,0.2
US-xSC,-78.1395,38.8929,2006,9,20,19.38,8.88,7.47,2.48,14.32,0.11
US-xSC,-78.1395,38.8929,2006,9,21,20.7,6.31,5.88,1.3,19.94,0
US-xSC,-78.1395,38.8929,2006,9,22,21.77,8.14,10.02,2.43,11.51,0.73
US-xSC,-78.1395,38.8929,2006,9,23,27.4,14.83,17.76,2.36,9.37,0.38
US-xSC,-78.1395,38.8929,2006,9,24,28.24,14.31,17.42,2.56,8.59,0.98
US-xSC,-78.1395,38.8929,2006,9,25,23.53,11.36,8.97,2.05,18.77,0
US-xSC,-78.1395,38.8929,2006,9,26,23.95,9.52,8.26,1.25,18.05,0
US-xSC,-78.1395,38.8929,2006,9,27,23.85,10.75,9.8,1.87,18.1,0
US-xSC,-78.1395,38.8929,2006,9,28,23.98,8.96,12.18,2.43,11.82,9.09
US-xSC,-78.1395,38.8929,2006,9,29,17.75,7.7,6.66,2.19,14.62,0.59
US-xSC,-78.1395,38.8929,2006,9,30,18.71,5.82,7.63,2.41,12.28,4.95
US-xSC,-78.1395,38.8929,2006,10,1,21.77,9.67,9.83,2.12,15.68,1.37
US-xSC,-78.1395,38.8929,2006,10,2,25.52,7.37,8.41,1.59,19.47,0.01
US-xSC,-78.1395,38.8929,2006,10,3,29.3,13.65,11.95,1.74,18.36,0.05
US-xSC,-78.1395,38.8929,2006,10,4,28.7,14.3,17.12,1.77,16.36,1.06
US-xSC,-78.1395,38.8929,2006,10,5,20.54,11.67,11.62,2.02,5.52,10.64
US-xSC,-78.1395,38.8929,2006,10,6,11.64,8.41,8.63,3.53,2.57,36.7
US-xSC,-78.1395,38.8929,2006,10,7,11.79,7.34,8.03,2.85,3.72,8.63
US-xSC,-78.1395,38.8929,2006,10,8,20.76,9.27,10.65,1.28,13.09,0.19
US-xSC,-78.1395,38.8929,2006,10,9,24.53,8.48,10.43,1.37,18.18,0
US-xSC,-78.1395,38.8929,2006,10,10,25.27,10.92,13.98,1.47,16.75,0
US-xSC,-78.1395,38.8929,2006,10,11,18.26,12.93,14.46,1.77,7.28,1.46
US-xSC,-78.1395,38.8929,2006,10,12,18.13,1.55,6.08,2.72,15.6,0.54
US-xSC,-78.1395,38.8929,2006,10,13,13.01,-1.22,-2.33,1.99,18.39,0
US-xSC,-78.1395,38.8929,2006,10,14,14.33,-0.46,-2.34,2.36,17.8,0
US-xSC,-78.1395,38.8929,2006,10,15,15.59,-0.34,-0.98,1.83,17.08,0
US-xSC,-78.1395,38.8929,2006,10,16,15.37,0.36,2.58,1.66,12.19,0.09
US-xSC,-78.1395,38.8929,2006,10,17,16.96,8.92,12.8,3.31,2.4,21.54
US-xSC,-78.1395,38.8929,2006,10,18,25.12,10.84,13.88,1.05,15.54,0.11
US-xSC,-78.1395,38.8929,2006,10,19,23.85,10.53,14.69,1.52,6.89,2.4
US-xSC,-78.1395,38.8929,2006,10,20,16.05,4.92,8.98,3.02,10.64,1.93
US-xSC,-78.1395,38.8929,2006,10,21,15.91,3.43,3.08,1.59,16.14,0
US-xSC,-78.1395,38.8929,2006,10,22,17.41,3.14,5.64,2.65,11.59,0.18
US-xSC,-78.1395,38.8929,2006,10,23,9.45,1.44,-1.2,3.1,6.85,0.05
US-xSC,-78.1395,38.8929,2006,10,24,8.64,0.9,-2.36,3.62,10.29,0.03
US-xSC,-78.1395,38.8929,2006,10,25,10.88,2.25,-1.25,3.08,10.39,0
US-xSC,-78.1395,38.8929,2006,10,26,12.67,-0.51,-0.45,1.79,14.81,0.05
US-xSC,-78.1395,38.8929,2006,10,27,8.12,4.06,5.25,2.25,3.3,17.24
US-xSC,-78.1395,38.8929,2006,10,28,14.17,4.69,3.42,4.04,9.62,9.36
US-xSC,-78.1395,38.8929,2006,10,29,13,2.54,-0.75,3.41,15.16,0
US-xSC,-78.1395,38.8929,2006,10,30,19.86,0.39,5.41,1.82,14.26,0
US-xSC,-78.1395,38.8929,2006,10,31,21.28,7.95,10.34,1.97,13.01,0.02
US-xSC,-78.1395,38.8929,2006,11,1,20.71,9.19,12.34,1.6,11.48,1.66
US-xSC,-78.1395,38.8929,2006,11,2,12.84,0.7,-0.04,3.2,14.19,6.69
US-xSC,-78.1395,38.8929,2006,11,3,6.52,-4.16,-6.38,2.36,14.94,0
US-xSC,-78.1395,38.8929,2006,11,4,6.76,-5.32,-6.69,1.31,10.89,0
US-xSC,-78.1395,38.8929,2006,11,5,11.27,0.38,-3.78,1.38,11.08,0
US-xSC,-78.1395,38.8929,2006,11,6,13.65,0.96,0.8,1.61,10.7,0
US-xSC,-78.1395,38.8929,2006,11,7,8.63,1.54,5.9,1.35,3.21,13.89
US-xSC,-78.1395,38.8929,2006,11,8,16.82,9.61,11.86,2.12,3.04,16.3
US-xSC,-78.1395,38.8929,2006,11,9,19.49,9.13,10.18,2.4,12.76,0.09
US-xSC,-78.1395,38.8929,2006,11,10,21.19,7.6,11.37,1.7,12.19,0
US-xSC,-78.1395,38.8929,2006,11,11,22.28,10.69,13.37,2.31,10.88,0.93
US-xSC,-78.1395,38.8929,2006,11,12,9.39,4.3,4.93,4.71,3.64,24.39
US-xSC,-78.1395,38.8929,2006,11,13,12.28,4.72,7.4,3.12,4.82,0.59
US-xSC,-78.1395,38.8929,2006,11,14,16.54,7.37,9.12,1.38,9.27,0.04
US-xSC,-78.1395,38.8929,2006,11,15,13.49,7.55,9.41,1.54,4.6,1.11
US-xSC,-78.1395,38.8929,2006,11,16,21.52,9.71,14.33,4.02,3.27,29.8
US-xSC,-78.1395,38.8929,2006,11,17,11.59,1.95,3.52,2.33,10.23,0.07
US-xSC,-78.1395,38.8929,2006,11,18,8.85,0.37,0.55,1.52,9.32,0
US-xSC,-78.1395,38.8929,2006,11,19,8.5,0.16,1.47,1.64,7.21,0.01
US-xSC,-78.1395,38.8929,2006,11,20,6.86,-0.91,-0.6,2.09,8.63,0.01
US-xSC,-78.1395,38.8929,2006,11,21,6.51,-3.87,-2.43,2.22,11.42,0.02
US-xSC,-78.1395,38.8929,2006,11,22,4.04,0.21,-1.27,3.16,2.68,18.89
US-xSC,-78.1395,38.8929,2006,11,23,6.59,1.03,3.36,2.85,5.52,1.34
US-xSC,-78.1395,38.8929,2006,11,24,14.03,1.96,2.88,2.34,11.64,0
US-xSC,-78.1395,38.8929,2006,11,25,13.09,-0.66,2.45,1.8,11.46,0
US-xSC,-78.1395,38.8929,2006,11,26,16.6,1.29,5.24,1.8,10.73,0
US-xSC,-78.1395,38.8929,2006,11,27,18.83,4.25,7.28,1.32,8.14,0
US-xSC,-78.1395,38.8929,2006,11,28,15.76,6.07,8.1,1.47,8.91,0
US-xSC,-78.1395,38.8929,2006,11,29,16.87,5.86,9.63,1.39,6.32,0.14
US-xSC,-78.1395,38.8929,2006,11,30,18.31,10.75,13.5,2.52,4.6,0.68
US-xSC,-78.1395,38.8929,2006,12,1,22.16,2.98,11.78,4.6,3.1,2.05
US-xSC,-78.1395,38.8929,2006,12,2,6.8,-0.77,-2.88,2.42,10.68,0
US-xSC,-78.1395,38.8929,2006,12,3,6.9,-1.59,-1.91,1.48,6.46,0
US-xSC,-78.1395,38.8929,2006,12,4,0.86,-5.3,-8.22,3.17,11.37,0.01
US-xSC,-78.1395,38.8929,2006,12,5,2.82,-5.17,-6.82,2,10.58,0
US-xSC,-78.1395,38.8929,2006,12,6,7.59,-4.13,-2.68,2.7,10,0
US-xSC,-78.1395,38.8929,2006,12,7,5.01,-5.99,-4.73,3.7,7.74,0.06
US-xSC,-78.1395,38.8929,2006,12,8,-1.37,-6.65,-11.09,3.89,10.89,0.02
US-xSC,-78.1395,38.8929,2006,12,9,5.13,-9.22,-8,1.86,9.75,0
US-xSC,-78.1395,38.8929,2006,12,10,10.8,-3.66,-1.97,2.19,10.32,0
US-xSC,-78.1395,38.8929,2006,12,11,12.95,0.19,-2.34,1.36,10.26,0
US-xSC,-78.1395,38.8929,2006,12,12,9.45,-0.48,2.22,1.91,8.82,0
US-xSC,-78.1395,38.8929,2006,12,13,15.28,3.88,6.74,2.03,8.13,1.77
US-xSC,-78.1395,38.8929,2006,12,14,15.97,2.03,5.65,1.92,10.05,0
US-xSC,-78.1395,38.8929,2006,12,15,14.6,2.25,5.32,2.26,8.3,0.05
US-xSC,-78.1395,38.8929,2006,12,16,10.99,-0.6,0.52,1.84,9.46,0
US-xSC,-78.1395,38.8929,2006,12,17,17.75,1.55,6.29,2.16,7.41,0
US-xSC,-78.1395,38.8929,2006,12,18,18.28,5.24,8.28,2.66,6.85,0
US-xSC,-78.1395,38.8929,2006,12,19,9.61,-1.81,-0.32,2.06,8.17,0
US-xSC,-78.1395,38.8929,2006,12,20,8.83,-2.93,-1.67,1.88,10.2,0
US-xSC,-78.1395,38.8929,2006,12,21,13.4,1.27,3.57,1.36,2.69,0.03
US-xSC,-78.1395,38.8929,2006,12,22,10.64,5.17,7.32,2.41,1.73,18.72
US-xSC,-78.1395,38.8929,2006,12,23,13.14,2.12,5.72,2.26,9.48,0.13
US-xSC,-78.1395,38.8929,2006,12,24,9.43,-0.32,0.44,2.29,9.68,0
US-xSC,-78.1395,38.8929,2006,12,25,5.44,0.24,2.19,1.7,2.36,10.3
US-xSC,-78.1395,38.8929,2006,12,26,11.52,2.57,3.65,2.78,5.08,0.31
US-xSC,-78.1395,38.8929,2006,12,27,6.09,-2.96,-2.39,2.91,10.07,0.02
US-xSC,-78.1395,38.8929,2006,12,28,9.81,-3.46,-1.3,1.71,6.93,0
US-xSC,-78.1395,38.8929,2006,12,29,9.25,-1.23,1.84,1.71,9.5,0
US-xSC,-78.1395,38.8929,2006,12,30,13.18,0.65,2.94,1.44,9.29,0
US-xSC,-78.1395,38.8929,2006,12,31,6.64,1.78,3.27,2.55,4.64,2.74
US-xSC,-78.1395,38.8929,2007,1,1,14.82,2.21,7.35,2.8,5.73,10.22
US-xSC,-78.1395,38.8929,2007,1,2,8.57,0.05,-1.49,3.07,10.79,0.03
US-xSC,-78.1395,38.8929,2007,1,3,13.01,-2.37,0.84,2.11,10.82,0
US-xSC,-78.1395,38.8929,2007,1,4,15.01,0.54,5.2,2.05,9.62,0
US-xSC,-78.1395,38.8929,2007,1,5,14.16,9.6,11.84,2.49,3.34,5.63
US-xSC,-78.1395,38.8929,2007,1,6,18.11,5.92,10.8,3.11,9.4,0.59
US-xSC,-78.1395,38.8929,2007,1,7,9.12,2,4.38,2.6,5.03,3.77
US-xSC,-78.1395,38.8929,2007,1,8,9.28,-3.3,0.9,3.46,10.15,10.69
US-xSC,-78.1395,38.8929,2007,1,9,6.52,-3.74,-2.94,2.52,6.54,0.16
US-xSC,-78.1395,38.8929,2007,1,10,0.94,-5.25,-7.66,3.41,9.79,0.02
US-xSC,-78.1395,38.8929,2007,1,11,4.65,-4.75,-4.92,2.57,10.32,0
US-xSC,-78.1395,38.8929,2007,1,12,6.71,-0.61,2.35,2.44,2.5,0.26
US-xSC,-78.1395,38.8929,2007,1,13,15.74,4.34,8.23,2.19,4.11,0.19
US-xSC,-78.1395,38.8929,2007,1,14,15.63,9.83,11.92,1.78,4.39,0.44
US-xSC,-78.1395,38.8929,2007,1,15,15.88,8.63,11.61,2.42,5.08,0.2
US-xSC,-78.1395,38.8929,2007,1,16,11.25,-3.47,-1.37,4.34,4.3,0.04
US-xSC,-78.1395,38.8929,2007,1,17,1.31,-6.28,-9.72,2.29,12.12,0
US-xSC,-78.1395,38.8929,2007,1,18,0.87,-5.9,-5.85,2.24,3.83,0.03
US-xSC,-78.1395,38.8929,2007,1,19,3.81,-3.13,-3.97,4.01,11.16,0.03
US-xSC,-78.1395,38.8929,2007,1,20,-0.15,-4.86,-8.79,4.53,12.52,0.01
US-xSC,-78.1395,38.8929,2007,1,21,-2.71,-5.04,-6.84,2,1.96,4.52
US-xSC,-78.1395,38.8929,2007,1,22,5.53,-4.47,-1.94,1.52,4.88,0.11
US-xSC,-78.1395,38.8929,2007,1,23,3.42,-3.95,-4.26,2.51,7.87,0.01
US-xSC,-78.1395,38.8929,2007,1,24,2.92,-3.98,-3.41,1.89,6.19,0.09
US-xSC,-78.1395,38.8929,2007,1,25,-0.17,-8.68,-7.99,3.74,6.39,0.08
US-xSC,-78.1395,38.8929,2007,1,26,-0.22,-11.62,-10.96,3.04,8.43,0
US-xSC,-78.1395,38.8929,2007,1,27,10.95,-6.46,-0.73,2.46,12.1,0.04
US-xSC,-78.1395,38.8929,2007,1,28,3.58,-6.27,-4.36,3.31,6.69,0.09
US-xSC,-78.1395,38.8929,2007,1,29,-2.62,-9.38,-12.38,4.08,13.15,0
US-xSC,-78.1395,38.8929,2007,1,30,3.44,-10.23,-7.96,3.37,9.36,0.05
US-xSC,-78.1395,38.8929,2007,1,31,-0.23,-9.14,-11.17,2.82,13.88,0
US-xSC,-78.1395,38.8929,2007,2,1,1.63,-5.47,-5.18,1.88,4.53,0.01
US-xSC,-78.1395,38.8929,2007,2,2,4.49,-3.51,-2.25,1.66,4.8,0.61
US-xSC,-78.1395,38.8929,2007,2,3,0.57,-7.56,-10.86,4.02,13.81,0.01
US-xSC,-78.1395,38.8929,2007,2,4,-0.31,-10.91,-12.64,4.06,9.97,0
US-xSC,-78.1395,38.8929,2007,2,5,-8.76,-14.97,-18.46,4.47,15.21,0
US-xSC,-78.1395,38.8929,2007,2,6,-5.19,-17.35,-15.83,2.32,14.43,1.43
US-xSC,-78.1395,38.8929,2007,2,7,-3.66,-12.38,-12.43,3.17,12.2,0.42
US-xSC,-78.1395,38.8929,2007,2,8,-4.4,-14.33,-14.03,3.23,13.76,0
US-xSC,-78.1395,38.8929,2007,2,9,-2.19,-13.58,-12.62,3.13,13.73,0
US-xSC,-78.1395,38.8929,2007,2,10,-0.53,-11.49,-11.59,2.85,14.83,0
US-xSC,-78.1395,38.8929,2007,2,11,1.51,-13.95,-10.86,2.09,11.15,0
US-xSC,-78.1395,38.8929,2007,2,12,5.25,-8.97,-5.24,1.47,6.64,0.27
US-xSC,-78.1395,38.8929,2007,2,13,-0.75,-5.31,-3.38,3.08,2.34,15.97
US-xSC,-78.1395,38.8929,2007,2,14,-0.96,-12.01,-7.97,5.12,8.84,20.32
US-xSC,-78.1395,38.8929,2007,2,15,-8.29,-14.57,-12.04,3.78,12.01,0.02
US-xSC,-78.1395,38.8929,2007,2,16,-7.02,-18.88,-14.17,3.33,15.13,0
US-xSC,-78.1395,38.8929,2007,2,17,-1.55,-20.11,-10.51,2.36,7.89,0.21
US-xSC,-78.1395,38.8929,2007,2,18,-3.68,-10.82,-7.81,3.58,9.3,0.26
US-xSC,-78.1395,38.8929,2007,2,19,-0.32,-17.94,-7.58,2.88,12.86,0
US-xSC,-78.1395,38.8929,2007,2,20,3.49,-0.13,1.1,3.21,9.29,3.59
US-xSC,-78.1395,38.8929,2007,2,21,9.83,-2.64,0.15,2.12,14.62,0.01
US-xSC,-78.1395,38.8929,2007,2,22,10.61,-1.35,-0.33,4.67,12.68,0.22
US-xSC,-78.1395,38.8929,2007,2,23,1.82,-5.26,-7.86,6.06,17.66,0.01
US-xSC,-78.1395,38.8929,2007,2,24,6.49,-8.09,-8.19,2.7,17.43,0.99
US-xSC,-78.1395,38.8929,2007,2,25,0.54,-1.88,-1.3,2.19,2.79,26.6
US-xSC,-78.1395,38.8929,2007,2,26,4.3,-4.07,-1.06,1.77,7.34,0.25
US-xSC,-78.1395,38.8929,2007,2,27,7.45,-3.48,-1.21,2.19,15.6,0.06
US-xSC,-78.1395,38.8929,2007,2,28,8.89,-3.96,-3.08,1.74,17.34,0
US-xSC,-78.1395,38.8929,2007,3,1,9.15,-2.26,2.28,2.8,5.22,8.74
US-xSC,-78.1395,38.8929,2007,3,2,12.94,1.81,2.81,4.43,18.96,9.92
US-xSC,-78.1395,38.8929,2007,3,3,10.95,-1.66,-0.49,3.26,15.23,0.13
US-xSC,-78.1395,38.8929,2007,3,4,1.96,-3.34,-6.9,4.17,12.76,0.01
US-xSC,-78.1395,38.8929,2007,3,5,7,-3.33,-5.09,5.15,18.46,0.07
US-xSC,-78.1395,38.8929,2007,3,6,-0.23,-8.33,-12.51,4.1,20.4,0.03
US-xSC,-78.1395,38.8929,2007,3,7,1.57,-7.17,-5.72,2.03,10.51,4.86
US-xSC,-78.1395,38.8929,2007,3,8,5.25,-9.96,-7.06,1.92,19.21,0
US-xSC,-78.1395,38.8929,2007,3,9,7.7,-6.45,-2.91,2.65,18.83,0
US-xSC,-78.1395,38.8929,2007,3,10,16.42,-0.58,5.62,2.9,14.99,1.61
US-xSC,-78.1395,38.8929,2007,3,11,12.58,-1.34,0.94,3.14,20.91,0.02
US-xSC,-78.1395,38.8929,2007,3,12,14.53,-2.01,-0.46,1.84,16.87,0
US-xSC,-78.1395,38.8929,2007,3,13,22.56,1.77,6.83,2.29,15.49,0
US-xSC,-78.1395,38.8929,2007,3,14,21.9,8.31,12.22,2.68,9.59,0.84
US-xSC,-78.1395,38.8929,2007,3,15,19.46,0.9,8.22,2.96,8.63,9.8
US-xSC,-78.1395,38.8929,2007,3,16,0.85,-3.79,-0.82,3.02,3.02,35.3
US-xSC,-78.1395,38.8929,2007,3,17,-1.62,-8.37,-4.91,3.87,12.63,0.02
US-xSC,-78.1395,38.8929,2007,3,18,0.14,-9.36,-5.01,3.22,19.13,0.03
US-xSC,-78.1395,38.8929,2007,3,19,5.63,-12.35,-2.97,3.45,16.9,0.62
US-xSC,-78.1395,38.8929,2007,3,20,14.03,-0.51,3.69,2.69,18.91,0.23
US-xSC,-78.1395,38.8929,2007,3,21,11.41,-2.25,-0.08,2.7,8.24,0
US-xSC,-78.1395,38.8929,2007,3,22,21.88,3.97,10.27,3.37,17.85,0.42
US-xSC,-78.1395,38.8929,2007,3,23,20.49,10.57,13.71,1.99,9.58,1.11
US-xSC,-78.1395,38.8929,2007,3,24,21.46,9.15,12.53,1.39,8.49,6.04
US-xSC,-78.1395,38.8929,2007,3,25,18.08,6.7,8.3,2.36,21.82,0.02
US-xSC,-78.1395,38.8929,2007,3,26,21.03,5.87,10.3,3.08,15.74,0.13
US-xSC,-78.1395,38.8929,2007,3,27,24.15,14.55,15.16,2.66,10.04,0.48
US-xSC,-78.1395,38.8929,2007,3,28,18.89,7.24,11.03,2.68,17.14,0.89
US-xSC,-78.1395,38.8929,2007,3,29,14.73,2.32,-1.25,2.29,23.94,0.01
US-xSC,-78.1395,38.8929,2007,3,30,19.37,0.62,0.75,1.6,24.12,0.02
US-xSC,-78.1395,38.8929,2007,3,31,17.09,5.21,7.08,2.01,11.74,0
US-xSC,-78.1395,38.8929,2007,4,1,14.91,6.23,9.35,2.08,9.47,4.64
US-xSC,-78.1395,38.8929,2007,4,2,23.2,9.5,10.76,2.8,19.26,0
US-xSC,-78.1395,38.8929,2007,4,3,26.22,8.26,11.26,2.33,23.44,0.61
US-xSC,-78.1395,38.8929,2007,4,4,18.74,2.7,5.34,3.53,17.57,0.55
US-xSC,-78.1395,38.8929,2007,4,5,5.71,-1.1,-5.67,3.94,18.49,0.02
US-xSC,-78.1395,38.8929,2007,4,6,8.21,-2.49,-5.39,2.53,14.5,0.29
US-xSC,-78.1395,38.8929,2007,4,7,3.29,-3.21,-6.88,3.4,17.65,0.52
US-xSC,-78.1395,38.8929,2007,4,8,4.91,-3.55,-6.34,3.07,17.5,0.01
US-xSC,-78.1395,38.8929,2007,4,9,8.12,-4.21,-3.63,1.96,14.47,0
US-xSC,-78.1395,38.8929,2007,4,10,11.7,-3.43,-2.53,1.65,24.7,0
US-xSC,-78.1395,38.8929,2007,4,11,9.02,-1.19,2.62,3.19,6.23,3.81
US-xSC,-78.1395,38.8929,2007,4,12,15.05,1.69,3.99,2.2,15.61,12.63
US-xSC,-78.1395,38.8929,2007,4,13,11.87,1.62,0.1,3.57,24.93,0.01
US-xSC,-78.1395,38.8929,2007,4,14,11.93,0.35,3.76,1.74,6.76,7.98
US-xSC,-78.1395,38.8929,2007,4,15,12.13,3.37,4.73,4.25,5.22,39.8
US-xSC,-78.1395,38.8929,2007,4,16,7.48,1.93,-0.2,7.46,11.98,1.69
US-xSC,-78.1395,38.8929,2007,4,17,12.18,3.57,2.76,5,16.84,0.26
US-xSC,-78.1395,38.8929,2007,4,18,12.98,2.58,3.4,2.09,16.52,0
US-xSC,-78.1395,38.8929,2007,4,19,13.09,4.51,5.41,1.39,9.15,0.05
US-xSC,-78.1395,38.8929,2007,4,20,19.23,4.36,5.16,2.25,27,0
US-xSC,-78.1395,38.8929,2007,4,21,22.73,4.14,5.41,1.64,27.5,0
US-xSC,-78.1395,38.8929,2007,4,22,27.87,5.85,7.4,1.75,25.67,0
US-xSC,-78.1395,38.8929,2007,4,23,26.03,11.93,11.86,2.86,25.71,0.09
US-xSC,-78.1395,38.8929,2007,4,24,25.19,12.78,14.71,2.1,15.82,0.11
US-xSC,-78.1395,38.8929,2007,4,25,23.96,9.3,12.94,1.91,17.28,0.3
US-xSC,-78.1395,38.8929,2007,4,26,13.9,9.47,9.64,2.54,9.1,4.92
US-xSC,-78.1395,38.8929,2007,4,27,23.04,9.63,11.98,1.63,12.29,3.99
US-xSC,-78.1395,38.8929,2007,4,28,19.53,8.18,9.54,2.41,14.65,0.31
US-xSC,-78.1395,38.8929,2007,4,29,21.74,7.23,9.12,2.68,22.89,0.02
US-xSC,-78.1395,38.8929,2007,4,30,25.69,9.08,12.25,3.11,18.9,0
US-xSC,-78.1395,38.8929,2007,5,1,27.7,10.08,13.31,2.12,25.36,0.77
US-xSC,-78.1395,38.8929,2007,5,2,24.58,13.82,15.4,2.12,16.44,0.79
US-xSC,-78.1395,38.8929,2007,5,3,18.79,9.76,8.24,1.79,6.24,0.31
US-xSC,-78.1395,38.8929,2007,5,4,20.69,8.73,8.81,1.69,14.64,0.01
US-xSC,-78.1395,38.8929,2007,5,5,17.47,8.87,10.28,1.46,8.96,1.51
US-xSC,-78.1395,38.8929,2007,5,6,15.87,5.32,1.33,3.45,30.35,0.01
US-xSC,-78.1395,38.8929,2007,5,7,18.06,3.51,4.2,1.94,28.87,0
US-xSC,-78.1395,38.8929,2007,5,8,23.89,5.65,6.47,1.41,28.45,0
US-xSC,-78.1395,38.8929,2007,5,9,27.35,11.45,15.14,1.84,25.02,0
US-xSC,-78.1395,38.8929,2007,5,10,27.73,14.56,17.06,2.02,25.26,2.91
US-xSC,-78.1395,38.8929,2007,5,11,27.45,15.78,16.06,1.84,20.46,0.23
US-xSC,-78.1395,38.8929,2007,5,12,25.5,15.69,16.28,1.2,16.08,9.11
US-xSC,-78.1395,38.8929,2007,5,13,19.45,9.57,4.47,2.64,28.51,1.51
US-xSC,-78.1395,38.8929,2007,5,14,23.19,6.4,4.7,1.74,26.55,0
US-xSC,-78.1395,38.8929,2007,5,15,29.21,11.11,14.07,2.74,27.81,0
US-xSC,-78.1395,38.8929,2007,5,16,25.3,13.23,15.55,2.71,12.32,5.51
US-xSC,-78.1395,38.8929,2007,5,17,21.03,9.71,8.18,1.61,20.07,0.59
US-xSC,-78.1395,38.8929,2007,5,18,13.68,9.45,8.88,2.15,4.84,12.75
US-xSC,-78.1395,38.8929,2007,5,19,20.7,6.53,5.39,3.14,27.38,0
US-xSC,-78.1395,38.8929,2007,5,20,24.17,11.35,10.96,3.07,22.36,0.25
US-xSC,-78.1395,38.8929,2007,5,21,23.92,11.4,8.51,2.02,26.05,0.03
US-xSC,-78.1395,38.8929,2007,5,22,26.64,12.02,10.72,1.5,23.38,0.24
US-xSC,-78.1395,38.8929,2007,5,23,26.31,14.07,12.69,2.28,21.79,0.67
US-xSC,-78.1395,38.8929,2007,5,24,28.48,12.38,12.65,1.79,27.96,0.03
US-xSC,-78.1395,38.8929,2007,5,25,30.91,14.55,15.29,1.19,23.71,1.45
US-xSC,-78.1395,38.8929,2007,5,26,31.97,17.37,14.82,1.44,21.99,0
US-xSC,-78.1395,38.8929,2007,5,27,31.83,16.64,15.83,1.4,18.18,5.12
US-xSC,-78.1395,38.8929,2007,5,28,29.34,18.27,16.32,1.71,18.83,0.93
US-xSC,-78.1395,38.8929,2007,5,29,30.69,16.39,13.46,1.34,28.16,0
US-xSC,-78.1395,38.8929,2007,5,30,32.39,16.22,13.22,1.01,26.62,0
US-xSC,-78.1395,38.8929,2007,5,31,33.32,17.96,16.3,1.38,24.03,1.15
US-xSC,-78.1395,38.8929,2007,6,1,31.68,17.94,17.52,1.05,23.58,3.08
US-xSC,-78.1395,38.8929,2007,6,2,31.31,18.55,16.81,1.46,19.7,2.57
US-xSC,-78.1395,38.8929,2007,6,3,21.18,16.21,16.58,2.57,6.75,17.32
US-xSC,-78.1395,38.8929,2007,6,4,27.48,15.49,15.34,2.29,23.76,1.26
US-xSC,-78.1395,38.8929,2007,6,5,26.6,16.1,13.64,2.7,21.58,0.77
US-xSC,-78.1395,38.8929,2007,6,6,24.58,13.46,9.94,2.03,27.99,0.13
US-xSC,-78.1395,38.8929,2007,6,7,32.18,11.32,13.07,1.83,28.81,0
US-xSC,-78.1395,38.8929,2007,6,8,35.14,18.67,18.46,1.78,23.21,3.03
US-xSC,-78.1395,38.8929,2007,6,9,30.79,16.52,14.77,2.3,27.53,0.09
US-xSC,-78.1395,38.8929,2007,6,10,29.11,13.58,12.69,1.42,27.1,0.01
US-xSC,-78.1395,38.8929,2007,6,11,29.77,16.55,13.79,1.37,24.81,0.34
US-xSC,-78.1395,38.8929,2007,6,12,28.12,15.17,14.68,1.62,24.31,11.42
US-xSC,-78.1395,38.8929,2007,6,13,25.17,16.44,16.56,1.18,25.12,8.03
US-xSC,-78.1395,38.8929,2007,6,14,19.87,12.18,12.96,1.8,6.86,4.41
US-xSC,-78.1395,38.8929,2007,6,15,23.66,11.05,9.96,1.36,13.7,0.13
US-xSC,-78.1395,38.8929,2007,6,16,27.59,11.21,12.09,1.03,24.75,0.13
US-xSC,-78.1395,38.8929,2007,6,17,32.87,15.09,13.25,1.69,29.01,0
US-xSC,-78.1395,38.8929,2007,6,18,34.91,18.88,16.82,1.32,22.46,2.3
US-xSC,-78.1395,38.8929,2007,6,19,35.3,20.04,17.97,1.6,20.56,8.96
US-xSC,-78.1395,38.8929,2007,6,20,28.63,16.18,13.18,2.6,26.81,0.44
US-xSC,-78.1395,38.8929,2007,6,21,30.97,12.78,12.02,1.99,28.84,5.24
US-xSC,-78.1395,38.8929,2007,6,22,26.72,14.33,9.19,2.62,24.26,0
US-xSC,-78.1395,38.8929,2007,6,23,28.12,11.09,6.56,1.58,27.57,0
US-xSC,-78.1395,38.8929,2007,6,24,31.29,13.14,11.29,1.33,15.41,0.15
US-xSC,-78.1395,38.8929,2007,6,25,30.4,19,18.61,1.14,17.16,3.62
US-xSC,-78.1395,38.8929,2007,6,26,34.64,18.74,18.5,1.17,23.9,1.18
US-xSC,-78.1395,38.8929,2007,6,27,35.82,20.9,18.04,1.29,18.89,2.06
US-xSC,-78.1395,38.8929,2007,6,28,32.73,21.56,19.91,1.7,19.14,7.45
US-xSC,-78.1395,38.8929,2007,6,29,27.01,19.86,19.39,1.06,11.79,9.17
US-xSC,-78.1395,38.8929,2007,6,30,29.25,17.27,13.46,1.63,21.37,0.23
US-xSC,-78.1395,38.8929,2007,7,1,27.5,14.42,7.63,2.23,25.49,0
US-xSC,-78.1395,38.8929,2007,7,2,26.11,12.02,6.3,1.74,30.94,0
US-xSC,-78.1395,38.8929,2007,7,3,25.41,11.69,12.92,2.02,18.8,0.5
US-xSC,-78.1395,38.8929,2007,7,4,30.05,16.38,16.98,2.27,19.95,3.8
US-xSC,-78.1395,38.8929,2007,7,5,26.89,19.86,19.25,2.24,10.51,8.62
US-xSC,-78.1395,38.8929,2007,7,6,31.75,18.4,15.92,2.07,26.89,0.02
US-xSC,-78.1395,38.8929,2007,7,7,33.11,17.04,13.29,1.66,27.41,0
US-xSC,-78.1395,38.8929,2007,7,8,35.34,16.97,13.05,1.6,27.84,0
US-xSC,-78.1395,38.8929,2007,7,9,37.16,18.61,14.58,1.37,27.25,0
US-xSC,-78.1395,38.8929,2007,7,10,35.63,22.45,17.68,1.25,15.77,0.59
US-xSC,-78.1395,38.8929,2007,7,11,30.85,20.73,19.74,1.71,13.8,3.94
US-xSC,-78.1395,38.8929,2007,7,12,30.31,15.57,11.56,1.86,24.61,0.05
US-xSC,-78.1395,38.8929,2007,7,13,30.51,15.8,11.19,2,17.95,0.44
US-xSC,-78.1395,38.8929,2007,7,14,32.07,14.87,13.16,1.88,24.87,0
US-xSC,-78.1395,38.8929,2007,7,15,34.02,18.59,15.86,1.81,23.11,1.81
US-xSC,-78.1395,38.8929,2007,7,16,31.93,19.54,17.69,1.17,17.37,3.95
US-xSC,-78.1395,38.8929,2007,7,17,34.48,16.81,13.76,1.35,23.6,0.65
US-xSC,-78.1395,38.8929,2007,7,18,33.6,20.83,17.93,1.69,19.93,0.37
US-xSC,-78.1395,38.8929,2007,7,19,33.45,21.31,18.92,2.58,14.53,4.8
US-xSC,-78.1395,38.8929,2007,7,20,28.7,18.57,12.93,2.51,25.24,1.19
US-xSC,-78.1395,38.8929,2007,7,21,28.63,16.83,8.26,2.11,26.55,0
US-xSC,-78.1395,38.8929,2007,7,22,29.32,15.67,8.86,2.11,24.03,0
US-xSC,-78.1395,38.8929,2007,7,23,28.24,17.97,10.59,1.33,21.91,0
US-xSC,-78.1395,38.8929,2007,7,24,28.88,14.51,12.94,1.45,18.48,1.75
US-xSC,-78.1395,38.8929,2007,7,25,28.93,16.54,16.04,1.55,16.18,2.09
US-xSC,-78.1395,38.8929,2007,7,26,33.42,17.52,16.02,1.72,21.78,0.95
US-xSC,-78.1395,38.8929,2007,7,27,32.99,18.98,16.53,1.41,17.72,4.09
US-xSC,-78.1395,38.8929,2007,7,28,33.26,19.06,18.89,0.69,22.97,12.19
US-xSC,-78.1395,38.8929,2007,7,29,32.76,20.42,19.44,1.13,16.2,8.32
US-xSC,-78.1395,38.8929,2007,7,30,31.83,19.14,18.78,1.52,18.12,0.46
US-xSC,-78.1395,38.8929,2007,7,31,33.37,19.64,15.65,1.8,23.39,0.01
US-xSC,-78.1395,38.8929,2007,8,1,34.03,18.79,14.73,1.65,24.62,0
US-xSC,-78.1395,38.8929,2007,8,2,35.89,20,15.24,1.6,24.85,0.06
US-xSC,-78.1395,38.8929,2007,8,3,35.55,20.45,16.9,1.29,20.15,3.51
US-xSC,-78.1395,38.8929,2007,8,4,36.6,20.95,16.79,1.41,22.14,0.08
US-xSC,-78.1395,38.8929,2007,8,5,32.49,21.26,17.24,1.06,9.89,10.87
US-xSC,-78.1395,38.8929,2007,8,6,34.25,20.05,20.25,1.98,18.77,0.89
US-xSC,-78.1395,38.8929,2007,8,7,35.74,22.34,19.92,1.34,18.54,0.41
US-xSC,-78.1395,38.8929,2007,8,8,37.5,24.72,20.66,2.25,22.97,0.33
US-xSC,-78.1395,38.8929,2007,8,9,33.07,23.89,23.17,0.97,16.56,24.74
US-xSC,-78.1395,38.8929,2007,8,10,33.87,22.13,20.47,1.99,22.29,0.42
US-xSC,-78.1395,38.8929,2007,8,11,30.46,19.72,16.57,1.71,24,0
US-xSC,-78.1395,38.8929,2007,8,12,33.86,17.54,14.68,0.93,23.92,0.1
US-xSC,-78.1395,38.8929,2007,8,13,33.18,18.95,14.43,2.24,25.28,0
US-xSC,-78.1395,38.8929,2007,8,14,31.57,14.96,9.45,1.03,25.75,0
US-xSC,-78.1395,38.8929,2007,8,15,34.7,14.82,12.36,1.52,22.58,0
US-xSC,-78.1395,38.8929,2007,8,16,34.09,19.83,20.16,1.47,16.74,10.26
US-xSC,-78.1395,38.8929,2007,8,17,33.05,19.84,17.91,2.13,21.66,1.83
US-xSC,-78.1395,38.8929,2007,8,18,27.71,16.04,8.14,1.73,25.1,0
US-xSC,-78.1395,38.8929,2007,8,19,30.45,15.88,11.75,1.47,19,11.54
US-xSC,-78.1395,38.8929,2007,8,20,23.49,15.99,17.32,1.27,9.91,16.24
US-xSC,-78.1395,38.8929,2007,8,21,30.84,17.65,19.84,0.98,13.98,21.03
US-xSC,-78.1395,38.8929,2007,8,22,27.77,16.23,17.83,1.48,11.46,0.89
US-xSC,-78.1395,38.8929,2007,8,23,30.87,18.02,18.85,1.4,12.3,0.34
US-xSC,-78.1395,38.8929,2007,8,24,35.09,19.8,21.04,1.43,18.39,0.81
US-xSC,-78.1395,38.8929,2007,8,25,36.74,21.2,21.22,1.24,19.61,13.97
US-xSC,-78.1395,38.8929,2007,8,26,29.48,20.02,20.36,1.51,15.22,2.94
US-xSC,-78.1395,38.8929,2007,8,27,29.8,17.71,15.62,1.41,21.3,0.03
US-xSC,-78.1395,38.8929,2007,8,28,30.73,16.96,17.87,1.55,18.7,0.01
US-xSC,-78.1395,38.8929,2007,8,29,30.6,18.1,18.75,1.57,17.87,0
US-xSC,-78.1395,38.8929,2007,8,30,30.47,18.66,19.46,1.19,16.49,1.76
US-xSC,-78.1395,38.8929,2007,8,31,29.32,18.24,18.04,2.1,18.76,0.4
US-xSC,-78.1395,38.8929,2007,9,1,27.44,13.34,10.5,1.99,25.14,0
US-xSC,-78.1395,38.8929,2007,9,2,28.82,12.3,12.43,1.45,24.41,0
US-xSC,-78.1395,38.8929,2007,9,3,32.76,14.69,13.4,1.58,22.52,0
US-xSC,-78.1395,38.8929,2007,9,4,32.31,16.34,13.53,1.41,23.1,0
US-xSC,-78.1395,38.8929,2007,9,5,33.35,19.75,13.98,1.38,22.4,0
US-xSC,-78.1395,38.8929,2007,9,6,33.87,17.3,17.33,1.9,21.21,0.02
US-xSC,-78.1395,38.8929,2007,9,7,34.92,20.56,16.69,1.99,21.01,0.04
US-xSC,-78.1395,38.8929,2007,9,8,34.79,19.4,16.65,1.49,21.2,0.2
US-xSC,-78.1395,38.8929,2007,9,9,32.9,17.28,14.54,1.53,20.29,0.28
US-xSC,-78.1395,38.8929,2007,9,10,32.11,18.96,17.72,1.15,14.43,3.87
US-xSC,-78.1395,38.8929,2007,9,11,24.5,17.82,19.04,1.95,4.96,13.19
US-xSC,-78.1395,38.8929,2007,9,12,26.21,13.09,8.05,1.71,23.65,0
US-xSC,-78.1395,38.8929,2007,9,13,27.76,10.33,11.04,1.58,18.32,0
US-xSC,-78.1395,38.8929,2007,9,14,22.24,16.57,16.68,1.83,7.46,8.11
US-xSC,-78.1395,38.8929,2007,9,15,20.42,9.49,7.74,2.88,22.59,0.18
US-xSC,-78.1395,38.8929,2007,9,16,20.13,6.57,3.96,1.58,22.09,0
US-xSC,-78.1395,38.8929,2007,9,17,22.15,5.68,5.67,1.55,21.84,0.01
US-xSC,-78.1395,38.8929,2007,9,18,23.63,8.45,8.42,1.66,20.29,0
US-xSC,-78.1395,38.8929,2007,9,19,25.83,11.18,11.28,1.41,21.46,0
US-xSC,-78.1395,38.8929,2007,9,20,28.18,12.55,12.45,1.46,17.61,0
US-xSC,-78.1395,38.8929,2007,9,21,30.24,14.67,15.12,1.48,19,0.02
US-xSC,-78.1395,38.8929,2007,9,22,32.38,16.8,16.49,1.66,16.54,0.02
US-xSC,-78.1395,38.8929,2007,9,23,29.22,14.16,9.7,2.05,20.5,0
US-xSC,-78.1395,38.8929,2007,9,24,30.12,10.65,7.79,1.48,20.89,0
US-xSC,-78.1395,38.8929,2007,9,25,33.97,13.56,11.99,1.57,19.47,0
US-xSC,-78.1395,38.8929,2007,9,26,33.25,17.59,17.02,1.25,14.35,6.63
US-xSC,-78.1395,38.8929,2007,9,27,30.53,18.4,18.61,1.19,15.53,11.5
US-xSC,-78.1395,38.8929,2007,9,28,25.14,13.93,11.35,2.59,18.49,0.49
US-xSC,-78.1395,38.8929,2007,9,29,24.05,10.4,6.56,2.03,20.47,0
US-xSC,-78.1395,38.8929,2007,9,30,24.85,10.05,7.55,1.5,19.85,0
US-xSC,-78.1395,38.8929,2007,10,1,24.71,9.31,10.02,1.93,17.63,0
US-xSC,-78.1395,38.8929,2007,10,2,26.38,11.84,13.01,1.96,17.16,0
US-xSC,-78.1395,38.8929,2007,10,3,29.82,12.83,15.19,1.58,18.58,0
US-xSC,-78.1395,38.8929,2007,10,4,31.73,16.07,15.94,1.41,17.8,0
US-xSC,-78.1395,38.8929,2007,10,5,25.96,17.52,17.09,1.38,14.07,0
US-xSC,-78.1395,38.8929,2007,10,6,30.13,16.26,16.36,1.15,14.28,0
US-xSC,-78.1395,38.8929,2007,10,7,32.39,16.64,16.02,1.86,15.51,0.14
US-xSC,-78.1395,38.8929,2007,10,8,33.02,16.86,16.38,1.25,15.72,0
US-xSC,-78.1395,38.8929,2007,10,9,32.79,19.42,16.35,1.78,13.48,2.45
US-xSC,-78.1395,38.8929,2007,10,10,27.61,13.29,10.59,2.05,17.38,0.15
US-xSC,-78.1395,38.8929,2007,10,11,17.33,9.12,3.95,3.42,12.85,0.17
US-xSC,-78.1395,38.8929,2007,10,12,18.4,6.93,4.83,2.98,10.95,0.12
US-xSC,-78.1395,38.8929,2007,10,13,20.02,4.66,1.24,1.84,17.85,0
US-xSC,-78.1395,38.8929,2007,10,14,21.03,4.69,2.73,1.97,17.44,0
US-xSC,-78.1395,38.8929,2007,10,15,24.98,5.86,5.15,1.22,15.27,0
US-xSC,-78.1395,38.8929,2007,10,16,23.84,11.8,9.37,1.13,14.59,0.04
US-xSC,-78.1395,38.8929,2007,10,17,28.21,11.66,12.28,1.34,12.91,0
US-xSC,-78.1395,38.8929,2007,10,18,27.66,13.65,14.74,2.18,9.42,0.03
US-xSC,-78.1395,38.8929,2007,10,19,24.81,13.5,18.53,2.4,4.38,11.81
US-xSC,-78.1395,38.8929,2007,10,20,21.89,9.59,6.41,2.49,13.76,0
US-xSC,-78.1395,38.8929,2007,10,21,26.27,7.33,3.68,2.03,16.68,0
US-xSC,-78.1395,38.8929,2007,10,22,26.58,8.63,7.27,2.06,13.66,0
US-xSC,-78.1395,38.8929,2007,10,23,23.75,16,17,2.62,5.55,8.7
US-xSC,-78.1395,38.8929,2007,10,24,18.06,11.14,13.75,2.14,3.48,26.04
US-xSC,-78.1395,38.8929,2007,10,25,12.02,9.98,9.98,2.62,3.43,9.25
US-xSC,-78.1395,38.8929,2007,10,26,13.33,10.22,11.45,2.11,2.4,31.19
US-xSC,-78.1395,38.8929,2007,10,27,18.32,9.44,10.35,2.52,13.18,2.72
US-xSC,-78.1395,38.8929,2007,10,28,13.25,3.53,1.68,2.81,15.23,0.04
US-xSC,-78.1395,38.8929,2007,10,29,14.12,-0.44,-0.41,1.4,15.69,0
US-xSC,-78.1395,38.8929,2007,10,30,17.43,0.48,1.17,1.57,15.17,0
US-xSC,-78.1395,38.8929,2007,10,31,19.52,2.39,4.01,2.14,14.96,0
US-xSC,-78.1395,38.8929,2007,11,1,16.78,4.04,5.21,2.28,8.12,0
US-xSC,-78.1395,38.8929,2007,11,2,12.85,1.16,0.48,2.17,15.1,0
US-xSC,-78.1395,38.8929,2007,11,3,15.1,0.91,-1.38,2.63,14.82,0
US-xSC,-78.1395,38.8929,2007,11,4,12.51,1.96,1.26,1.89,7.94,0
US-xSC,-78.1395,38.8929,2007,11,5,15.73,-0.42,1.05,2.44,13.44,2.43
US-xSC,-78.1395,38.8929,2007,11,6,9.08,3.01,-0.86,3.24,12.64,0.36
US-xSC,-78.1395,38.8929,2007,11,7,9.57,-1.61,-2.71,2.61,10.86,0
US-xSC,-78.1395,38.8929,2007,11,8,7.3,-3.45,-3.52,1.35,9.39,0
US-xSC,-78.1395,38.8929,2007,11,9,5.65,0.23,1.16,1.51,4.53,4.38
US-xSC,-78.1395,38.8929,2007,11,10,7.54,-1.07,2.13,1.59,5.15,0.43
US-xSC,-78.1395,38.8929,2007,11,11,9.68,-0.54,0.87,1.22,10.96,2
US-xSC,-78.1395,38.8929,2007,11,12,16.94,3.51,7.77,1.39,9.33,2.55
US-xSC,-78.1395,38.8929,2007,11,13,17.61,6.88,10.09,1.84,4.23,0.76
US-xSC,-78.1395,38.8929,2007,11,14,20.06,6.49,11.34,2.16,8.44,6.91
US-xSC,-78.1395,38.8929,2007,11,15,14.05,2.89,3.29,3.87,4.72,11.61
US-xSC,-78.1395,38.8929,2007,11,16,6.11,-2.25,-3.93,3.63,10.49,0.01
US-xSC,-78.1395,38.8929,2007,11,17,10.18,-1.81,-2.07,1.86,9.56,0.02
US-xSC,-78.1395,38.8929,2007,11,18,10.13,0.51,2.02,1.49,9.21,0.13
US-xSC,-78.1395,38.8929,2007,11,19,9.4,0.61,1.1,1.6,5.36,0.09
US-xSC,-78.1395,38.8929,2007,11,20,19.55,3.59,8.23,2.15,6.39,0.1
US-xSC,-78.1395,38.8929,2007,11,21,22.03,6.18,10.75,2.26,9.36,0.01
US-xSC,-78.1395,38.8929,2007,11,22,19.96,2.32,6.75,3.77,6.06,0.47
US-xSC,-78.1395,38.8929,2007,11,23,5.04,-4.09,-5.14,2.78,10.58,0.01
US-xSC,-78.1395,38.8929,2007,11,24,5.18,-5.79,-6.34,1.59,10.6,0
US-xSC,-78.1395,38.8929,2007,11,25,11.36,-3.44,-2.13,1.84,5.7,0.02
US-xSC,-78.1395,38.8929,2007,11,26,11.72,3.1,7.65,2.63,2.41,5.35
US-xSC,-78.1395,38.8929,2007,11,27,10.96,2.39,1.66,3.27,9.63,0.09
US-xSC,-78.1395,38.8929,2007,11,28,7.6,-3.44,-4.77,1.93,10.69,0
US-xSC,-78.1395,38.8929,2007,11,29,13.82,-0.81,-2.41,2.81,7.6,0
US-xSC,-78.1395,38.8929,2007,11,30,9.49,-3.78,-6.87,1.88,11.29,0
US-xSC,-78.1395,38.8929,2007,12,1,4.98,-3.53,-6.81,2.06,10.36,0.03
US-xSC,-78.1395,38.8929,2007,12,2,5.47,-2.37,-1.41,2.42,2.49,8.4
US-xSC,-78.1395,38.8929,2007,12,3,7.65,-0.82,-2.22,5.39,7.87,0.61
US-xSC,-78.1395,38.8929,2007,12,4,2.26,-4.77,-8.02,4.27,9.97,0.01
US-xSC,-78.1395,38.8929,2007,12,5,0.03,-4.38,-4.54,2.04,3.22,3.9
US-xSC,-78.1395,38.8929,2007,12,6,1.31,-7.3,-9.01,1.85,10.82,0
US-xSC,-78.1395,38.8929,2007,12,7,1.66,-4.85,-4.12,1.76,3.33,0.5
US-xSC,-78.1395,38.8929,2007,12,8,10.25,-1.25,2.35,1.47,6.44,1.9
US-xSC,-78.1395,38.8929,2007,12,9,4.24,-0.65,1.8,1.36,4.02,11.23
US-xSC,-78.1395,38.8929,2007,12,10,10.71,3.99,6.7,1.49,3.03,0.54
US-xSC,-78.1395,38.8929,2007,12,11,13.39,2.34,6.28,1.94,4.49,0.85
US-xSC,-78.1395,38.8929,2007,12,12,14.51,2.22,7.46,2.53,3.63,0.9
US-xSC,-78.1395,38.8929,2007,12,13,5.53,0.93,2.2,2.13,2.84,5.6
US-xSC,-78.1395,38.8929,2007,12,14,9,-1.99,-0.05,2.04,9.7,0.01
US-xSC,-78.1395,38.8929,2007,12,15,2,-3.68,-3.74,2.39,2.14,15.28
US-xSC,-78.1395,38.8929,2007,12,16,1.32,-3.83,-1.76,3.71,5.9,14.43
US-xSC,-78.1395,38.8929,2007,12,17,-0.4,-9.71,-6.55,3.7,10.04,1.18
US-xSC,-78.1395,38.8929,2007,12,18,2.36,-9.77,-5.76,1.87,9.17,0
US-xSC,-78.1395,38.8929,2007,12,19,3.91,-3.59,-2.2,1.88,3.82,0.11
US-xSC,-78.1395,38.8929,2007,12,20,4.52,-4.58,-3.09,1.84,9.46,0
US-xSC,-78.1395,38.8929,2007,12,21,3.89,-1.91,-0.56,1.68,4.27,0
US-xSC,-78.1395,38.8929,2007,12,22,3.94,0.58,2.55,1.74,2.31,0.2
US-xSC,-78.1395,38.8929,2007,12,23,13.73,1.16,5.64,3.8,2.63,8.18
US-xSC,-78.1395,38.8929,2007,12,24,7.54,-3.62,-3.03,2.3,10,0
US-xSC,-78.1395,38.8929,2007,12,25,9.43,-3.33,-2.43,1.53,9.87,0
US-xSC,-78.1395,38.8929,2007,12,26,2.3,-2.04,-1.29,1.65,3.18,0.65
US-xSC,-78.1395,38.8929,2007,12,27,11.95,-0.77,2.26,1.91,7.13,0.01
US-xSC,-78.1395,38.8929,2007,12,28,8.35,-1.52,3.03,2.89,2.92,5.88
US-xSC,-78.1395,38.8929,2007,12,29,9.35,-0.4,3.94,1.93,6.97,2.31
US-xSC,-78.1395,38.8929,2007,12,30,2.95,-1.12,-0.03,1.51,1.45,6.15
US-xSC,-78.1395,38.8929,2007,12,31,8.24,-2.93,0.04,2.3,9.92,0.01
US-xSC,-78.1395,38.8929,2008,1,1,5.35,-3.34,-2.31,4.28,9.72,1.03
US-xSC,-78.1395,38.8929,2008,1,2,-0.51,-6.81,-9.83,5.5,6.84,0.05
US-xSC,-78.1395,38.8929,2008,1,3,-1.92,-9.86,-11.06,3.12,10.74,0
US-xSC,-78.1395,38.8929,2008,1,4,4.54,-10.61,-7.81,1.73,10.6,0
US-xSC,-78.1395,38.8929,2008,1,5,3.62,-4.21,-1.96,1.71,6.15,0.9
US-xSC,-78.1395,38.8929,2008,1,6,13.35,1.67,5.29,2.03,8.28,0.87
US-xSC,-78.1395,38.8929,2008,1,7,19.36,3.75,8.92,2.37,9.23,0.34
US-xSC,-78.1395,38.8929,2008,1,8,18.83,6.42,10.24,3.11,9.66,0
US-xSC,-78.1395,38.8929,2008,1,9,14.48,1.35,5.7,4,10.07,0.95
US-xSC,-78.1395,38.8929,2008,1,10,6.98,0.99,1.78,2.17,3.75,5.1
US-xSC,-78.1395,38.8929,2008,1,11,13.54,3.15,5.9,2.97,9.2,7.46
US-xSC,-78.1395,38.8929,2008,1,12,8.01,-0.69,-0.09,1.66,8.77,0
US-xSC,-78.1395,38.8929,2008,1,13,6.36,-3.78,-0.16,1.71,7.51,0.14
US-xSC,-78.1395,38.8929,2008,1,14,4.31,-3.03,-3.11,2.97,9.02,0.03
US-xSC,-78.1395,38.8929,2008,1,15,0.09,-4.68,-7.03,3.23,8.38,0.07
US-xSC,-78.1395,38.8929,2008,1,16,3.17,-3.88,-5.71,2.05,11.22,0
US-xSC,-78.1395,38.8929,2008,1,17,0.76,-2.73,-2.44,1.95,2.25,10.77
US-xSC,-78.1395,38.8929,2008,1,18,4.1,-4.29,-3.39,2.33,11.22,0.06
US-xSC,-78.1395,38.8929,2008,1,19,1.61,-4.21,-4.27,1.72,4.61,0.02
US-xSC,-78.1395,38.8929,2008,1,20,-4.86,-13.46,-14.8,4.36,11.57,0
US-xSC,-78.1395,38.8929,2008,1,21,-1.26,-13.81,-13.18,1.97,11.47,0
US-xSC,-78.1395,38.8929,2008,1,22,4.86,-8.72,-4.48,3.11,5.93,0.02
US-xSC,-78.1395,38.8929,2008,1,23,3.47,-6.53,-6.08,2.26,12.41,0
US-xSC,-78.1395,38.8929,2008,1,24,2.38,-8.64,-8.54,2.65,8.07,0
US-xSC,-78.1395,38.8929,2008,1,25,1.11,-10.48,-11.19,2.6,12.79,0
US-xSC,-78.1395,38.8929,2008,1,26,2.23,-6.48,-7.51,1.41,7.31,0
US-xSC,-78.1395,38.8929,2008,1,27,2.86,-4.87,-3.55,1.81,6.88,0.01
US-xSC,-78.1395,38.8929,2008,1,28,6.1,-5.64,-3.92,2,12.66,0
US-xSC,-78.1395,38.8929,2008,1,29,5.93,-1.83,1.61,2.13,3.86,3.58
US-xSC,-78.1395,38.8929,2008,1,30,4.96,-5.15,-5.31,4.37,14.06,3.24
US-xSC,-78.1395,38.8929,2008,1,31,3.52,-5.19,-7.65,1.86,12.29,0.19
US-xSC,-78.1395,38.8929,2008,2,1,1.34,-2.35,-1.64,2.91,1.8,26.42
US-xSC,-78.1395,38.8929,2008,2,2,3.7,-6.81,-3.34,1.84,10.99,0
US-xSC,-78.1395,38.8929,2008,2,3,10.11,-4.33,-0.48,1.59,11.25,0.04
US-xSC,-78.1395,38.8929,2008,2,4,5.36,-1.56,1.87,1.76,5.9,1.4
US-xSC,-78.1395,38.8929,2008,2,5,14.96,1.19,7.75,2.17,8.28,1.29
US-xSC,-78.1395,38.8929,2008,2,6,17.49,7.51,11.74,3.92,3.91,5.32
US-xSC,-78.1395,38.8929,2008,2,7,7.47,-3.53,-0.93,3.33,10.88,0.04
US-xSC,-78.1395,38.8929,2008,2,8,8.17,-2.38,-1.64,1.46,12.3,0.01
US-xSC,-78.1395,38.8929,2008,2,9,10.95,-2.93,1.69,2.48,11.08,0.56
US-xSC,-78.1395,38.8929,2008,2,10,5.63,-8.84,-7.51,6.45,12.12,0.44
US-xSC,-78.1395,38.8929,2008,2,11,-1.43,-10.96,-14.52,3.23,15.47,0.55
US-xSC,-78.1395,38.8929,2008,2,12,-0.11,-8.72,-6.42,2.45,3.32,3.79
US-xSC,-78.1395,38.8929,2008,2,13,2.92,-3.68,-1.58,3.42,3.02,15.74
US-xSC,-78.1395,38.8929,2008,2,14,4.47,-6.97,-5.92,3.1,15.84,0
US-xSC,-78.1395,38.8929,2008,2,15,10.26,-3.55,-0.38,2.59,10.99,0
US-xSC,-78.1395,38.8929,2008,2,16,7.82,-4.53,-4.45,1.86,16.08,0
US-xSC,-78.1395,38.8929,2008,2,17,12.01,-2.66,2.65,4.3,3.56,1.28
US-xSC,-78.1395,38.8929,2008,2,18,13.89,0.11,5.35,4.18,9.59,0.84
US-xSC,-78.1395,38.8929,2008,2,19,5.16,-5.94,-6.16,3.99,12.7,0.06
US-xSC,-78.1395,38.8929,2008,2,20,0.7,-6.39,-6.7,2.43,5.42,1.69
US-xSC,-78.1395,38.8929,2008,2,21,0.35,-8.6,-10.88,2.21,14.98,1.3
US-xSC,-78.1395,38.8929,2008,2,22,1.25,-4.23,-3.01,1.77,5.11,1
US-xSC,-78.1395,38.8929,2008,2,23,4.6,-3.44,-1.11,1.61,5.52,0.09
US-xSC,-78.1395,38.8929,2008,2,24,4.21,-5.4,-4.27,1.52,12.83,0.32
US-xSC,-78.1395,38.8929,2008,2,25,8.58,-2.14,-1.98,1.5,11.64,0
US-xSC,-78.1395,38.8929,2008,2,26,7.18,-0.72,1.91,2.3,3.2,3.78
US-xSC,-78.1395,38.8929,2008,2,27,0.9,-6.06,-6.57,4.35,11.56,0.07
US-xSC,-78.1395,38.8929,2008,2,28,-1.02,-8.04,-11.28,3.35,14.97,0.01
US-xSC,-78.1395,38.8929,2008,2,29,5.67,-9.17,-5.31,3.41,13.22,1.18
US-xSC,-78.1395,38.8929,2008,3,1,6.05,-3.27,-2.76,4.02,16.75,0.09
US-xSC,-78.1395,38.8929,2008,3,2,11.14,-4.68,-3.79,1.69,17.16,0
US-xSC,-78.1395,38.8929,2008,3,3,16.94,0.33,4.62,4.19,18.45,0.02
US-xSC,-78.1395,38.8929,2008,3,4,16.55,9.86,12.86,4.1,4.19,21.65
US-xSC,-78.1395,38.8929,2008,3,5,15.7,-2.55,1.51,4.1,17.82,9.72
US-xSC,-78.1395,38.8929,2008,3,6,12.72,-2.81,-0.11,1.52,18.78,0.02
US-xSC,-78.1395,38.8929,2008,3,7,5.63,0.35,2.46,2.36,4.15,6.05
US-xSC,-78.1395,38.8929,2008,3,8,15.57,-3.5,-0.18,3.64,9.18,9.33
US-xSC,-78.1395,38.8929,2008,3,9,5.73,-4.62,-7.36,3.71,20.36,0
US-xSC,-78.1395,38.8929,2008,3,10,11.5,-4.25,-1.41,1.6,13.52,0.51
US-xSC,-78.1395,38.8929,2008,3,11,12.52,-1.85,0.66,1.8,15.88,0.01
US-xSC,-78.1395,38.8929,2008,3,12,10.76,-1.68,-0.34,3.29,20.51,0
US-xSC,-78.1395,38.8929,2008,3,13,16.21,-1.85,2.66,2.67,18.28,0
US-xSC,-78.1395,38.8929,2008,3,14,17.07,3.55,7.23,1.78,16.24,3.61
US-xSC,-78.1395,38.8929,2008,3,15,13.98,4.03,4.09,2.16,17.78,4.1
US-xSC,-78.1395,38.8929,2008,3,16,8.92,-0.7,0.07,3.83,20.15,2.33
US-xSC,-78.1395,38.8929,2008,3,17,10.6,-4.15,-3.47,2.06,21.06,0.02
US-xSC,-78.1395,38.8929,2008,3,18,9.82,1.37,1.6,2.91,8.8,4.16
US-xSC,-78.1395,38.8929,2008,3,19,17.75,5.45,11.43,4.36,4.09,12.03
US-xSC,-78.1395,38.8929,2008,3,20,9.21,1.49,-1.94,5.89,22.17,0.62
US-xSC,-78.1395,38.8929,2008,3,21,12.41,-0.94,-2.43,2.75,21.55,0.04
US-xSC,-78.1395,38.8929,2008,3,22,7.94,-0.87,0.31,2.19,13.75,0.28
US-xSC,-78.1395,38.8929,2008,3,23,9.67,-5,-4.05,1.6,21.06,0.01
US-xSC,-78.1395,38.8929,2008,3,24,7.74,-2.18,-3.14,1.96,12.85,0.13
US-xSC,-78.1395,38.8929,2008,3,25,10.42,-4.67,-3.6,2.88,22.85,0
US-xSC,-78.1395,38.8929,2008,3,26,17.27,3.46,5.32,3.06,16.91,0
US-xSC,-78.1395,38.8929,2008,3,27,17.06,4.84,8.66,1.5,7.2,2.77
US-xSC,-78.1395,38.8929,2008,3,28,18.97,2.93,8.02,3.07,10.35,0.36
US-xSC,-78.1395,38.8929,2008,3,29,9.44,-2.4,-3.76,2.39,20.95,0
US-xSC,-78.1395,38.8929,2008,3,30,9.55,-0.52,-2.37,2.61,9.68,0.05
US-xSC,-78.1395,38.8929,2008,3,31,9.64,2.06,5.83,2.62,6.51,1.69
US-xSC,-78.1395,38.8929,2008,4,1,21.68,8.13,10.71,3.83,14.14,0.78
US-xSC,-78.1395,38.8929,2008,4,2,12.2,0.79,-1.75,3.17,22.92,0
US-xSC,-78.1395,38.8929,2008,4,3,7.98,-0.16,1.17,2.81,4.74,13.18
US-xSC,-78.1395,38.8929,2008,4,4,17.78,3.45,8.41,2.3,10.2,1.49
US-xSC,-78.1395,38.8929,2008,4,5,15.13,7.85,7.5,2.13,14.95,1.21
US-xSC,-78.1395,38.8929,2008,4,6,10.64,2.5,5.37,1.98,5.06,5.36
US-xSC,-78.1395,38.8929,2008,4,7,12.15,4.39,4.77,2.16,9.75,0.52
US-xSC,-78.1395,38.8929,2008,4,8,14.89,3.89,6.01,1.82,15.12,0
US-xSC,-78.1395,38.8929,2008,4,9,18.99,6.15,9.23,1.99,15.74,0
US-xSC,-78.1395,38.8929,2008,4,10,22.53,8.52,12.26,1.85,21.64,0
US-xSC,-78.1395,38.8929,2008,4,11,25.68,9.74,14.95,2.77,20.18,11.98
US-xSC,-78.1395,38.8929,2008,4,12,22.73,8.51,11.86,2.7,18.62,0.59
US-xSC,-78.1395,38.8929,2008,4,13,12.81,4.13,3.43,2.11,9.37,1.37
US-xSC,-78.1395,38.8929,2008,4,14,12.05,2.24,0.08,2.06,17.48,0.04
US-xSC,-78.1395,38.8929,2008,4,15,14.13,0.35,-1.24,2.09,27.58,0
US-xSC,-78.1395,38.8929,2008,4,16,19.08,0.06,0.44,1.68,27.37,0
US-xSC,-78.1395,38.8929,2008,4,17,24.79,2.49,4.21,1.4,27.12,0
US-xSC,-78.1395,38.8929,2008,4,18,28.1,7.77,9.34,1.76,26.69,0
US-xSC,-78.1395,38.8929,2008,4,19,24.88,9.31,10.83,2.25,19.91,0.14
US-xSC,-78.1395,38.8929,2008,4,20,17.83,11.89,13.27,2.21,6.71,43.89
US-xSC,-78.1395,38.8929,2008,4,21,14.66,11.54,12.41,3.33,6.64,16.84
US-xSC,-78.1395,38.8929,2008,4,22,19.6,9.77,11.63,2.45,9.97,1.51
US-xSC,-78.1395,38.8929,2008,4,23,22.9,9.79,11.58,1.18,21.65,0.2
US-xSC,-78.1395,38.8929,2008,4,24,23.44,11.88,10.73,2.05,23.83,0
US-xSC,-78.1395,38.8929,2008,4,25,24.58,11.4,13.5,1.47,20.31,0.96
US-xSC,-78.1395,38.8929,2008,4,26,27.05,13.53,16.82,1.31,18.89,16.5
US-xSC,-78.1395,38.8929,2008,4,27,16.91,10.5,11.96,2,11.15,5.44
US-xSC,-78.1395,38.8929,2008,4,28,16.94,6.7,9.89,1.88,7.84,15.51
US-xSC,-78.1395,38.8929,2008,4,29,14.19,4.29,4.7,2.8,19.5,1.81
US-xSC,-78.1395,38.8929,2008,4,30,15.47,1.33,3.12,1.75,21.79,0.01
US-xSC,-78.1395,38.8929,2008,5,1,21,4.12,9.03,1.89,17.23,0.11
US-xSC,-78.1395,38.8929,2008,5,2,26.23,11.93,13.93,2.37,23.9,0.01
US-xSC,-78.1395,38.8929,2008,5,3,25.57,12.13,14.99,2.11,21.24,2.25
US-xSC,-78.1395,38.8929,2008,5,4,20.17,8.57,9.12,2.47,28.46,0.01
US-xSC,-78.1395,38.8929,2008,5,5,21.55,5.46,7.37,1.38,27.76,0
US-xSC,-78.1395,38.8929,2008,5,6,23.06,7.97,9.72,1.68,19.39,0.09
US-xSC,-78.1395,38.8929,2008,5,7,25.18,9.67,11.36,2.63,25.96,0.01
US-xSC,-78.1395,38.8929,2008,5,8,23.1,16.12,15.38,2,8.02,5.86
US-xSC,-78.1395,38.8929,2008,5,9,19.08,11.01,12.75,2.81,10.36,22.53
US-xSC,-78.1395,38.8929,2008,5,10,16.43,9.64,8.84,1.91,12.45,11.2
US-xSC,-78.1395,38.8929,2008,5,11,14.54,7.11,8.11,3.28,7.61,40.33
US-xSC,-78.1395,38.8929,2008,5,12,11.33,5.46,5.6,3.76,13.26,9.93
US-xSC,-78.1395,38.8929,2008,5,13,20.67,5.45,6.93,1.98,29.23,0
US-xSC,-78.1395,38.8929,2008,5,14,21.12,7.7,10.63,1.97,14.29,0.26
US-xSC,-78.1395,38.8929,2008,5,15,22.23,11.95,14.58,1.33,15.43,10.79
US-xSC,-78.1395,38.8929,2008,5,16,21.85,9.23,12.85,2.76,14.45,11.37
US-xSC,-78.1395,38.8929,2008,5,17,21.65,6.81,9.47,2.94,26.78,0.98
US-xSC,-78.1395,38.8929,2008,5,18,19.37,9.48,10.92,2.85,11.66,2.67
US-xSC,-78.1395,38.8929,2008,5,19,17.05,5.51,5.56,2.79,27.72,0.02
US-xSC,-78.1395,38.8929,2008,5,20,15.64,7.87,8.74,2.02,14.12,17.93
US-xSC,-78.1395,38.8929,2008,5,21,17.77,6.04,7.58,2.35,19.56,1.12
US-xSC,-78.1395,38.8929,2008,5,22,18.25,7.18,7.2,2.9,23.72,0.02
US-xSC,-78.1395,38.8929,2008,5,23,19.39,5.25,7.1,1.81,28.09,0
US-xSC,-78.1395,38.8929,2008,5,24,20.71,8.17,8.74,2.22,30.23,0
US-xSC,-78.1395,38.8929,2008,5,25,22.86,7.27,8.9,1.43,30.32,0
US-xSC,-78.1395,38.8929,2008,5,26,27.49,11.04,15.48,2.37,28.21,1.92
US-xSC,-78.1395,38.8929,2008,5,27,27.05,17.04,18.95,1.87,11.65,2.9
US-xSC,-78.1395,38.8929,2008,5,28,18.74,8.32,6.15,2.32,22.93,0.08
US-xSC,-78.1395,38.8929,2008,5,29,25.09,7.09,7.87,1.04,30.38,0
US-xSC,-78.1395,38.8929,2008,5,30,27.03,10.12,12.93,1.56,27.42,0
US-xSC,-78.1395,38.8929,2008,5,31,27.1,18.02,19.04,2.54,19.75,10.49
US-xSC,-78.1395,38.8929,2008,6,1,26.47,15.56,16.46,2.44,19.63,1.29
US-xSC,-78.1395,38.8929,2008,6,2,25.66,11.11,10.49,1.36,30.49,0
US-xSC,-78.1395,38.8929,2008,6,3,25.42,12.75,15.4,2.24,20.75,13.59
US-xSC,-78.1395,38.8929,2008,6,4,25.45,17.58,20.01,2.43,15.1,21.8
US-xSC,-78.1395,38.8929,2008,6,5,30.55,16.38,19.87,1.24,25.64,0.08
US-xSC,-78.1395,38.8929,2008,6,6,30.76,19.26,21.38,1.29,23.19,0.04
US-xSC,-78.1395,38.8929,2008,6,7,34.39,19.47,22.03,1.63,25.36,1.19
US-xSC,-78.1395,38.8929,2008,6,8,31.75,20.48,22.42,1.88,26.94,0.02
US-xSC,-78.1395,38.8929,2008,6,9,33.04,20.24,21.95,1.75,29.51,0
US-xSC,-78.1395,38.8929,2008,6,10,33.61,20.28,21.62,1.7,25.38,3.98
US-xSC,-78.1395,38.8929,2008,6,11,28.92,18.3,14.6,1.48,29.64,0
US-xSC,-78.1395,38.8929,2008,6,12,30.39,17.46,15.81,1.66,30.11,0
US-xSC,-78.1395,38.8929,2008,6,13,30.34,16.77,18.18,1.65,24.15,1.6
US-xSC,-78.1395,38.8929,2008,6,14,30.38,18.58,19.37,1.42,16.86,17.69
US-xSC,-78.1395,38.8929,2008,6,15,27.08,16.6,16.14,2.01,28.2,0.52
US-xSC,-78.1395,38.8929,2008,6,16,27.88,14.7,16.54,1.86,18.11,13.72
US-xSC,-78.1395,38.8929,2008,6,17,22.89,12.92,13.12,2.35,26.47,0.02
US-xSC,-78.1395,38.8929,2008,6,18,23.6,11.5,11.48,2.18,23.78,1.29
US-xSC,-78.1395,38.8929,2008,6,19,23.34,10.4,12.27,1.32,21.26,2.04
US-xSC,-78.1395,38.8929,2008,6,20,26.76,11.47,13.41,1.58,21.65,0.54
US-xSC,-78.1395,38.8929,2008,6,21,29.27,14.44,16.17,1.03,21.99,5.34
US-xSC,-78.1395,38.8929,2008,6,22,28.82,16.3,17.05,1.16,20.08,4.32
US-xSC,-78.1395,38.8929,2008,6,23,27.97,15.8,15.55,1.5,24.38,2.57
US-xSC,-78.1395,38.8929,2008,6,24,26.62,13.87,14.32,2.19,29.23,0.01
US-xSC,-78.1395,38.8929,2008,6,25,29.82,14.57,14.77,1.59,26.9,0.17
US-xSC,-78.1395,38.8929,2008,6,26,30.74,17.68,18.37,2.31,24.59,0.82
US-xSC,-78.1395,38.8929,2008,6,27,30.99,19.73,19.14,1.99,23.12,0.71
US-xSC,-78.1395,38.8929,2008,6,28,31.23,19.95,20.03,1.89,21.51,6.03
US-xSC,-78.1395,38.8929,2008,6,29,29.7,19.67,19.73,1.69,19,3.51
US-xSC,-78.1395,38.8929,2008,6,30,26.41,16.84,16.53,1.54,20.35,5.47
US-xSC,-78.1395,38.8929,2008,7,1,24.67,14.16,13.96,2.14,19.04,0.39
US-xSC,-78.1395,38.8929,2008,7,2,29.06,13.7,11.52,1.91,30.18,0
US-xSC,-78.1395,38.8929,2008,7,3,31.86,14.64,13.68,2.13,26.39,3.18
US-xSC,-78.1395,38.8929,2008,7,4,28.11,19.4,18.76,1.05,14.06,16.23
US-xSC,-78.1395,38.8929,2008,7,5,26.43,19.03,19.45,1.13,17.83,7.1
US-xSC,-78.1395,38.8929,2008,7,6,26.39,18.81,20.01,1.22,14.16,5.48
US-xSC,-78.1395,38.8929,2008,7,7,29.87,18.76,19.46,1.41,22.25,6.25
US-xSC,-78.1395,38.8929,2008,7,8,31.72,18.2,19.02,1.54,24.14,0.93
US-xSC,-78.1395,38.8929,2008,7,9,28.93,20.29,20.61,2.23,11.94,1.37
US-xSC,-78.1395,38.8929,2008,7,10,27.88,17.92,15.78,1.66,19.68,0
US-xSC,-78.1395,38.8929,2008,7,11,31.78,15.97,15.23,1.04,27.64,0
US-xSC,-78.1395,38.8929,2008,7,12,33.49,18.71,17.98,1.3,25.05,0
US-xSC,-78.1395,38.8929,2008,7,13,31.78,19.47,20.13,1.87,20.18,16.36
US-xSC,-78.1395,38.8929,2008,7,14,29.12,17.7,16.12,1.56,25.52,2.32
US-xSC,-78.1395,38.8929,2008,7,15,30.27,16.26,14.54,1.28,27.58,0
US-xSC,-78.1395,38.8929,2008,7,16,31.97,16.5,13.69,1.53,29.41,0
US-xSC,-78.1395,38.8929,2008,7,17,34.73,17.6,15.87,1.06,27.9,0
US-xSC,-78.1395,38.8929,2008,7,18,34.79,20.79,16.42,1.67,27.82,0
US-xSC,-78.1395,38.8929,2008,7,19,35.37,18.47,15.82,1.4,23.33,0
US-xSC,-78.1395,38.8929,2008,7,20,35.77,20.61,16.55,1.58,25.92,1.37
US-xSC,-78.1395,38.8929,2008,7,21,34.18,21.38,19.03,1.85,27.63,1.7
US-xSC,-78.1395,38.8929,2008,7,22,32.85,21.97,19.55,1.5,23.65,8.62
US-xSC,-78.1395,38.8929,2008,7,23,25.74,17.89,20.52,1.25,13.42,28.27
US-xSC,-78.1395,38.8929,2008,7,24,27.12,14.71,14.62,1.93,28.29,0.89
US-xSC,-78.1395,38.8929,2008,7,25,30.56,15.93,14.02,1.39,27.34,0
US-xSC,-78.1395,38.8929,2008,7,26,31.16,17.42,17.17,1.85,22.82,1.81
US-xSC,-78.1395,38.8929,2008,7,27,31.25,18.78,17.89,1.58,22.54,1.63
US-xSC,-78.1395,38.8929,2008,7,28,31.34,15.63,13.88,1.25,20.7,0.13
US-xSC,-78.1395,38.8929,2008,7,29,33.22,18.9,16.88,0.82,23.75,0.18
US-xSC,-78.1395,38.8929,2008,7,30,32.25,20.18,17.78,1.45,18.7,2.39
US-xSC,-78.1395,38.8929,2008,7,31,30.08,21.26,19.43,1.8,11.78,1.48
US-xSC,-78.1395,38.8929,2008,8,1,31.83,19.77,18.52,1.93,24.55,4.48
US-xSC,-78.1395,38.8929,2008,8,2,30.14,19.63,19.43,1.79,20.91,12.89
US-xSC,-78.1395,38.8929,2008,8,3,29.01,16.65,14.98,2.02,26.72,0
US-xSC,-78.1395,38.8929,2008,8,4,30.72,15.51,15.16,1.67,25.31,0
US-xSC,-78.1395,38.8929,2008,8,5,29.62,20.53,18.48,1.6,10.22,1.47
US-xSC,-78.1395,38.8929,2008,8,6,32.6,20.56,18.15,2.39,21,0.28
US-xSC,-78.1395,38.8929,2008,8,7,31.22,18.19,14.96,1.85,21.39,0.76
US-xSC,-78.1395,38.8929,2008,8,8,27.61,15.51,12.63,2.59,24.22,0.07
US-xSC,-78.1395,38.8929,2008,8,9,28.27,13.66,10.08,1.44,27.25,0
US-xSC,-78.1395,38.8929,2008,8,10,27.89,14.1,12.99,1.72,17.05,3.76
US-xSC,-78.1395,38.8929,2008,8,11,24.49,12.25,10.4,2.62,20.52,0.01
US-xSC,-78.1395,38.8929,2008,8,12,29.05,13.4,12.03,1.81,26.12,0
US-xSC,-78.1395,38.8929,2008,8,13,30.05,14.2,14.44,1.56,20.15,4.18
US-xSC,-78.1395,38.8929,2008,8,14,28.73,15.95,15.24,1.27,17.03,2.56
US-xSC,-78.1395,38.8929,2008,8,15,26.81,15.43,14.95,1.26,12.48,1.16
US-xSC,-78.1395,38.8929,2008,8,16,28.8,14.06,11.14,1.98,25.31,0
US-xSC,-78.1395,38.8929,2008,8,17,31.1,14.19,11.49,1.39,23.23,0
US-xSC,-78.1395,38.8929,2008,8,18,32.44,15.12,12.5,1.54,22.41,0
US-xSC,-78.1395,38.8929,2008,8,19,33.13,16.07,13.41,1.97,23.58,0
US-xSC,-78.1395,38.8929,2008,8,20,29.44,14.53,10.04,1.51,24.08,0
US-xSC,-78.1395,38.8929,2008,8,21,30.05,15.85,14.87,1.65,20.2,0
US-xSC,-78.1395,38.8929,2008,8,22,30.46,14.26,11.89,1.89,24.77,0
US-xSC,-78.1395,38.8929,2008,8,23,30.55,15.66,14.96,1.59,21.84,0
US-xSC,-78.1395,38.8929,2008,8,24,32.65,16.83,15.23,1.69,22.02,0
US-xSC,-78.1395,38.8929,2008,8,25,31.48,18.04,15.3,1.46,13.23,0.88
US-xSC,-78.1395,38.8929,2008,8,26,27.24,16.11,10.64,1.74,13.4,0
US-xSC,-78.1395,38.8929,2008,8,27,19.69,16.71,14.59,1.73,4.28,11.74
US-xSC,-78.1395,38.8929,2008,8,28,22.32,16.79,18.33,2.7,4.01,36.68
US-xSC,-78.1395,38.8929,2008,8,29,26.79,17.76,18.87,1.33,13.76,5.74
US-xSC,-78.1395,38.8929,2008,8,30,30.45,16.58,18.04,1.05,17.87,0.46
US-xSC,-78.1395,38.8929,2008,8,31,29.35,17.38,11.49,1.56,19.01,0.11
US-xSC,-78.1395,38.8929,2008,9,1,29.36,11.86,10.41,1.42,23.59,0
US-xSC,-78.1395,38.8929,2008,9,2,32,13.2,10.64,1.5,24.63,0
US-xSC,-78.1395,38.8929,2008,9,3,33.72,15.31,12.05,1.37,23.39,0
US-xSC,-78.1395,38.8929,2008,9,4,33.36,16.27,14.21,1.67,22.76,0
US-xSC,-78.1395,38.8929,2008,9,5,29.42,16.51,17,1.86,19.67,2.96
US-xSC,-78.1395,38.8929,2008,9,6,24.2,18.02,19.8,3.08,6.75,31.87
US-xSC,-78.1395,38.8929,2008,9,7,28.34,14.26,13.11,1.81,20.94,0
US-xSC,-78.1395,38.8929,2008,9,8,29.85,14.23,15.49,1.48,19.94,0.42
US-xSC,-78.1395,38.8929,2008,9,9,27.6,17.03,19.41,1.9,7.1,6.97
US-xSC,-78.1395,38.8929,2008,9,10,23.54,14.22,12.39,1.71,11.6,0.28
US-xSC,-78.1395,38.8929,2008,9,11,25.17,14.81,15.99,1.83,5.96,0.24
US-xSC,-78.1395,38.8929,2008,9,12,26.47,17.31,19.18,1.89,7.8,5.55
US-xSC,-78.1395,38.8929,2008,9,13,31.42,19.32,20.18,1.56,16.05,2.61
US-xSC,-78.1395,38.8929,2008,9,14,33.39,20.87,20.71,2.72,18.87,0.02
US-xSC,-78.1395,38.8929,2008,9,15,26.83,16.42,13.84,2.62,17.37,0.06
US-xSC,-78.1395,38.8929,2008,9,16,24.54,14.13,11.76,1.37,13.33,0.01
US-xSC,-78.1395,38.8929,2008,9,17,24.97,11.33,9.92,1.39,19.79,0
US-xSC,-78.1395,38.8929,2008,9,18,25.43,12.18,11.19,2.02,19.46,0
US-xSC,-78.1395,38.8929,2008,9,19,22.92,11.02,9.35,1.8,11.25,0
US-xSC,-78.1395,38.8929,2008,9,20,22.73,8.82,8.79,1.31,17.61,0
US-xSC,-78.1395,38.8929,2008,9,21,26.57,8.88,9.47,1.49,18.95,0
US-xSC,-78.1395,38.8929,2008,9,22,26.55,10.82,12.85,1.93,19.22,0
US-xSC,-78.1395,38.8929,2008,9,23,23.49,13.63,11.2,2.04,17.29,0
US-xSC,-78.1395,38.8929,2008,9,24,23.5,8.79,9.26,2.15,19.1,0
US-xSC,-78.1395,38.8929,2008,9,25,17.03,11.23,10.33,3.08,7.13,10.55
US-xSC,-78.1395,38.8929,2008,9,26,20.97,12.62,14.91,2.97,4.1,12.47
US-xSC,-78.1395,38.8929,2008,9,27,25.59,15.37,17.7,1.29,7.9,20.26
US-xSC,-78.1395,38.8929,2008,9,28,25.52,14.15,16.59,1.68,9.73,4.98
US-xSC,-78.1395,38.8929,2008,9,29,24,14.39,13.32,1.79,16.99,0.1
US-xSC,-78.1395,38.8929,2008,9,30,24.94,10.7,12.63,1.56,12.93,2.54
US-xSC,-78.1395,38.8929,2008,10,1,18.87,9.61,9.93,1.88,8.98,1.82
US-xSC,-78.1395,38.8929,2008,10,2,17.76,7.09,4.97,2.41,18.63,0.02
US-xSC,-78.1395,38.8929,2008,10,3,21.66,6.07,6.12,1.96,19.07,0
US-xSC,-78.1395,38.8929,2008,10,4,22.15,7.55,9,1.24,17.38,0
US-xSC,-78.1395,38.8929,2008,10,5,22.84,8.8,8.26,1.66,18.77,0
US-xSC,-78.1395,38.8929,2008,10,6,20.35,7.02,6.09,1.78,15.5,0
US-xSC,-78.1395,38.8929,2008,10,7,19.15,3.24,4.06,1.37,15.84,0
US-xSC,-78.1395,38.8929,2008,10,8,20.01,6.9,10.21,2.32,9.78,0.04
US-xSC,-78.1395,38.8929,2008,10,9,26.54,13.5,14.15,1.19,13.85,0
US-xSC,-78.1395,38.8929,2008,10,10,24.41,9.73,8.42,1.74,17.38,0
US-xSC,-78.1395,38.8929,2008,10,11,24.07,7,6.46,1.9,17.53,0
US-xSC,-78.1395,38.8929,2008,10,12,24.56,8.08,8.8,1.68,17.57,0
US-xSC,-78.1395,38.8929,2008,10,13,26.05,9.34,8.62,1.28,13.33,0
US-xSC,-78.1395,38.8929,2008,10,14,28.21,10.06,10.88,1.63,16.13,0
US-xSC,-78.1395,38.8929,2008,10,15,27.95,14.73,15.68,1.43,10.87,0
US-xSC,-78.1395,38.8929,2008,10,16,24.99,13.59,14.61,2.19,6.54,0.48
US-xSC,-78.1395,38.8929,2008,10,17,16.71,6.57,5.12,1.72,6.93,0.08
US-xSC,-78.1395,38.8929,2008,10,18,13.6,4.42,0.37,2.55,11.77,0
US-xSC,-78.1395,38.8929,2008,10,19,14.26,0.99,-2.36,2.01,16.67,0
US-xSC,-78.1395,38.8929,2008,10,20,19.12,0.07,-2.78,1.56,16.57,0
US-xSC,-78.1395,38.8929,2008,10,21,14.92,4.07,-0.31,3.33,14.54,0
US-xSC,-78.1395,38.8929,2008,10,22,13.47,1.28,-1.72,2.48,16.74,0
US-xSC,-78.1395,38.8929,2008,10,23,13.3,-1.51,0.77,1.88,16.14,0
US-xSC,-78.1395,38.8929,2008,10,24,14.13,4.14,6.16,2.4,5.46,1.26
US-xSC,-78.1395,38.8929,2008,10,25,17.53,5.13,11.65,3.02,4.04,26.91
US-xSC,-78.1395,38.8929,2008,10,26,18.44,4.06,5.04,2.01,15.44,0
US-xSC,-78.1395,38.8929,2008,10,27,9.51,4.03,0.95,2.64,3.98,1.32
US-xSC,-78.1395,38.8929,2008,10,28,8.95,3.21,0.2,5.01,8.88,0.57
US-xSC,-78.1395,38.8929,2008,10,29,8.7,1.37,-2.6,3.46,13.44,0.84
US-xSC,-78.1395,38.8929,2008,10,30,12.74,-2.26,-3.5,2.18,14.79,0
US-xSC,-78.1395,38.8929,2008,10,31,20.92,-0.41,-0.94,1.83,14.62,0
US-xSC,-78.1395,38.8929,2008,11,1,22.59,5,5.66,2.01,13.72,0
US-xSC,-78.1395,38.8929,2008,11,2,14.62,7.7,5.82,1.97,10.35,0
US-xSC,-78.1395,38.8929,2008,11,3,18.22,7.32,8.22,1.56,11.09,0
US-xSC,-78.1395,38.8929,2008,11,4,13.87,8.18,10.56,1.38,3.53,1.29
US-xSC,-78.1395,38.8929,2008,11,5,19.49,9.89,10.7,2.29,8.59,0.31
US-xSC,-78.1395,38.8929,2008,11,6,19.07,10.65,11.53,2.6,7.47,0.42
US-xSC,-78.1395,38.8929,2008,11,7,22.66,8.53,11.75,1.5,12.77,0.01
US-xSC,-78.1395,38.8929,2008,11,8,18.32,4.43,6.94,1.69,9.84,0.2
US-xSC,-78.1395,38.8929,2008,11,9,13.21,0.68,0.17,1.94,10.27,0
US-xSC,-78.1395,38.8929,2008,11,10,9.59,-2.2,-4.05,2.19,13.14,0.01
US-xSC,-78.1395,38.8929,2008,11,11,8.87,-3.91,-4.53,1.42,11.2,0.01
US-xSC,-78.1395,38.8929,2008,11,12,10.65,0.07,1.72,1.72,5.27,0.54
US-xSC,-78.1395,38.8929,2008,11,13,8.71,3.98,5.88,1.17,3.52,23.47
US-xSC,-78.1395,38.8929,2008,11,14,12.38,6.3,8.57,1.37,5.13,0.55
US-xSC,-78.1395,38.8929,2008,11,15,21.41,4.67,11,3.34,3.67,9.46
US-xSC,-78.1395,38.8929,2008,11,16,7.87,-0.37,-2.89,3.73,6.65,0.22
US-xSC,-78.1395,38.8929,2008,11,17,6.58,-3.09,-2.44,1.78,7,0.44
US-xSC,-78.1395,38.8929,2008,11,18,2.25,-3.4,-6.09,3.06,8.12,0.34
US-xSC,-78.1395,38.8929,2008,11,19,3.23,-5.81,-7.76,1.77,7.75,0
US-xSC,-78.1395,38.8929,2008,11,20,5.19,-3.77,-5.16,2.58,5.87,0
US-xSC,-78.1395,38.8929,2008,11,21,1.11,-4.25,-7.76,3.68,7.48,0.02
US-xSC,-78.1395,38.8929,2008,11,22,0.88,-4.78,-9.46,2.76,11.48,0
US-xSC,-78.1395,38.8929,2008,11,23,5.64,-5.41,-8.31,1.51,11.88,0
US-xSC,-78.1395,38.8929,2008,11,24,7,-3.43,-2.41,2.41,4.92,5.47
US-xSC,-78.1395,38.8929,2008,11,25,5.44,-2.24,-1.95,2.84,7.58,0.66
US-xSC,-78.1395,38.8929,2008,11,26,5.32,-3.53,-3.71,2.49,7.25,0.01
US-xSC,-78.1395,38.8929,2008,11,27,9.31,-4.18,-4.15,1.77,10.83,0
US-xSC,-78.1395,38.8929,2008,11,28,8.7,-3.03,-1.14,2.22,8.01,0
US-xSC,-78.1395,38.8929,2008,11,29,6.82,-4.48,-3.88,1.43,9.64,0.02
US-xSC,-78.1395,38.8929,2008,11,30,1.64,0.04,0.36,1.62,1.39,12.34
US-xSC,-78.1395,38.8929,2008,12,1,6.54,-0.34,0.35,2.77,6.57,0.96
US-xSC,-78.1395,38.8929,2008,12,2,4.16,-4.95,-3.97,1.93,4.97,0.09
US-xSC,-78.1395,38.8929,2008,12,3,6.53,-4.99,-4.2,2.23,10.6,0
US-xSC,-78.1395,38.8929,2008,12,4,8.9,-1.95,0.96,1.97,4.79,1.14
US-xSC,-78.1395,38.8929,2008,12,5,2.43,-6.6,-7.15,1.94,9.74,0
US-xSC,-78.1395,38.8929,2008,12,6,-0.61,-6.4,-6.96,1.87,4.1,0.08
US-xSC,-78.1395,38.8929,2008,12,7,-1.53,-8.93,-10.3,3.85,10.41,0.02
US-xSC,-78.1395,38.8929,2008,12,8,2.08,-10.49,-10.52,1.72,5.79,0
US-xSC,-78.1395,38.8929,2008,12,9,9.34,-2.94,0.66,3.09,4.07,0.55
US-xSC,-78.1395,38.8929,2008,12,10,14.53,4.74,9.62,3.11,2.95,2.89
US-xSC,-78.1395,38.8929,2008,12,11,4.37,0.45,1.27,2.12,1.55,44.71
US-xSC,-78.1395,38.8929,2008,12,12,3.12,-4.91,-2.63,3.55,7.96,3.69
US-xSC,-78.1395,38.8929,2008,12,13,2.37,-7.16,-7.68,1.78,10.61,0
US-xSC,-78.1395,38.8929,2008,12,14,6.3,-3.83,-2.09,3,9.78,0.02
US-xSC,-78.1395,38.8929,2008,12,15,15.46,3.18,8.01,3.25,4.97,1.33
US-xSC,-78.1395,38.8929,2008,12,16,5.01,-0.55,-1.29,2.24,2.85,14.18
US-xSC,-78.1395,38.8929,2008,12,17,7.26,-2.23,1.26,2.02,4.89,2.93
US-xSC,-78.1395,38.8929,2008,12,18,3.39,-2.53,-0.25,1.4,2.47,0.22
US-xSC,-78.1395,38.8929,2008,12,19,12.97,1.47,5.32,2.67,2.61,7.7
US-xSC,-78.1395,38.8929,2008,12,20,5.28,-2.35,-2.49,2.3,2.03,0.22
US-xSC,-78.1395,38.8929,2008,12,21,3.55,-7.73,-6.46,3.95,7.46,1.43
US-xSC,-78.1395,38.8929,2008,12,22,-5.42,-11.8,-15.18,4.5,10.8,0
US-xSC,-78.1395,38.8929,2008,12,23,-0.38,-11.8,-10.37,2.17,7.61,1.24
US-xSC,-78.1395,38.8929,2008,12,24,8.76,-2.23,2.4,4.06,3.12,4.26
US-xSC,-78.1395,38.8929,2008,12,25,6.22,-4.09,-2.3,2.36,10.17,0
US-xSC,-78.1395,38.8929,2008,12,26,3.83,-4.13,-2.63,1.89,4.69,2.59
US-xSC,-78.1395,38.8929,2008,12,27,12.69,-0.18,4.84,2.14,8.14,0.24
US-xSC,-78.1395,38.8929,2008,12,28,17.4,0.25,6.78,3.28,4.37,0.12
US-xSC,-78.1395,38.8929,2008,12,29,8.15,-2.42,-2.06,2.41,10.62,0
US-xSC,-78.1395,38.8929,2008,12,30,8.09,-2.28,-3.56,2.87,10.55,0
US-xSC,-78.1395,38.8929,2008,12,31,2.86,-5.83,-6.53,5.51,6.2,0.12
US-xSC,-78.1395,38.8929,2009,1,1,1.64,-6.44,-10.7,2.83,10.25,0
US-xSC,-78.1395,38.8929,2009,1,2,7.61,-3.84,-2.75,2.88,7.03,0.01
US-xSC,-78.1395,38.8929,2009,1,3,6.39,-3.89,-4.86,1.84,10.5,0
US-xSC,-78.1395,38.8929,2009,1,4,5.8,-2.62,-1.59,1.64,6.38,0.12
US-xSC,-78.1395,38.8929,2009,1,5,5.85,-0.21,1.07,2.06,5.74,0.32
US-xSC,-78.1395,38.8929,2009,1,6,-0.24,-1.71,-2.25,1.88,2.03,14.32
US-xSC,-78.1395,38.8929,2009,1,7,5.01,-2.52,0.25,2.02,1.96,20.7
US-xSC,-78.1395,38.8929,2009,1,8,0.77,-5.6,-5.16,3.61,9.97,0.39
US-xSC,-78.1395,38.8929,2009,1,9,1.25,-7.76,-7,2.34,10.9,0
US-xSC,-78.1395,38.8929,2009,1,10,1.88,-5.13,-2.61,2.02,4.44,4.21
US-xSC,-78.1395,38.8929,2009,1,11,1.54,-6.44,-3.05,2.63,6.19,0.15
US-xSC,-78.1395,38.8929,2009,1,12,2.38,-6.39,-5.36,1.86,8.21,0
US-xSC,-78.1395,38.8929,2009,1,13,2.92,-5.05,-2.73,2.96,7,0.05
US-xSC,-78.1395,38.8929,2009,1,14,-1.38,-9.22,-10.48,2.75,7.11,0.3
US-xSC,-78.1395,38.8929,2009,1,15,-2.92,-10.2,-11.97,3.63,9.9,0.17
US-xSC,-78.1395,38.8929,2009,1,16,-9.74,-15.18,-18.14,3.37,12.58,0
US-xSC,-78.1395,38.8929,2009,1,17,-6.08,-15.66,-15,2.77,8.19,0
US-xSC,-78.1395,38.8929,2009,1,18,1.44,-6.39,-5.1,2.61,4.88,0.09
US-xSC,-78.1395,38.8929,2009,1,19,1.44,-8.96,-6.34,1.66,6.88,0.47
US-xSC,-78.1395,38.8929,2009,1,20,-3.26,-10.15,-10.34,3.22,10.24,0.01
US-xSC,-78.1395,38.8929,2009,1,21,-0.59,-10.67,-11.05,2.7,11.63,0
US-xSC,-78.1395,38.8929,2009,1,22,5.57,-10.95,-5.87,2.1,11.37,0
US-xSC,-78.1395,38.8929,2009,1,23,10.14,-5.16,0.85,2.64,11.31,0
US-xSC,-78.1395,38.8929,2009,1,24,3.97,-6.21,-5.93,3.54,9.36,0
US-xSC,-78.1395,38.8929,2009,1,25,1.25,-6.89,-8.99,1.14,11.58,0
US-xSC,-78.1395,38.8929,2009,1,26,0.93,-8.43,-7.38,1.09,4.51,0.11
US-xSC,-78.1395,38.8929,2009,1,27,-2.19,-4.64,-4.89,1.83,3.16,9.65
US-xSC,-78.1395,38.8929,2009,1,28,5.73,-5.04,-1.71,4.46,2.45,7.25
US-xSC,-78.1395,38.8929,2009,1,29,3.31,-8.16,-6.69,1.88,13.33,0.02
US-xSC,-78.1395,38.8929,2009,1,30,1.69,-8.87,-7.68,2.93,9.58,0.02
US-xSC,-78.1395,38.8929,2009,1,31,-0.09,-9.29,-9.88,2.92,13.98,0
US-xSC,-78.1395,38.8929,2009,2,1,11.74,-6.55,-1.24,2.94,13.46,0.02
US-xSC,-78.1395,38.8929,2009,2,2,9.1,-1.59,-0.29,2.26,10.31,3.17
US-xSC,-78.1395,38.8929,2009,2,3,2.06,-6.22,-5.35,2.92,10.51,0.38
US-xSC,-78.1395,38.8929,2009,2,4,-1.61,-9.11,-10.24,4.06,9.78,0
US-xSC,-78.1395,38.8929,2009,2,5,-4.73,-12.03,-14.37,3.39,14.03,0
US-xSC,-78.1395,38.8929,2009,2,6,6.08,-12.39,-7.73,1.75,13.38,0
US-xSC,-78.1395,38.8929,2009,2,7,14.03,-3.15,2.8,2.64,13.8,0
US-xSC,-78.1395,38.8929,2009,2,8,14.55,-2.05,4.76,3.16,11.97,0.4
US-xSC,-78.1395,38.8929,2009,2,9,11.68,-3.47,0.57,1.86,12.38,0
US-xSC,-78.1395,38.8929,2009,2,10,12.44,0.64,5.22,1.92,6.73,1.79
US-xSC,-78.1395,38.8929,2009,2,11,17.78,4.28,9.28,3.57,9.87,3.89
US-xSC,-78.1395,38.8929,2009,2,12,11.88,3.35,0.43,7.36,15.71,0.28
US-xSC,-78.1395,38.8929,2009,2,13,7.02,-3.53,-3.03,4.02,15.83,0
US-xSC,-78.1395,38.8929,2009,2,14,8.57,-3.56,-1.44,1.96,12.68,0.28
US-xSC,-78.1395,38.8929,2009,2,15,4.95,-4.54,-5.07,2.61,13.66,0
US-xSC,-78.1395,38.8929,2009,2,16,1.85,-4.47,-6.17,2.96,8.65,0.01
US-xSC,-78.1395,38.8929,2009,2,17,5.52,-5.2,-6.39,1.7,15.97,0
US-xSC,-78.1395,38.8929,2009,2,18,3.68,-2.57,-0.12,3.73,4.62,3.58
US-xSC,-78.1395,38.8929,2009,2,19,4.66,-4.86,-5.01,4.64,12.28,0.31
US-xSC,-78.1395,38.8929,2009,2,20,0.18,-6.18,-10.93,4.56,17.19,0.02
US-xSC,-78.1395,38.8929,2009,2,21,5.68,-9.38,-6.86,2.55,15.58,0
US-xSC,-78.1395,38.8929,2009,2,22,3.07,-3.3,-5.5,4.06,13.24,0.1
US-xSC,-78.1395,38.8929,2009,2,23,-0.44,-6.84,-9.69,4.99,16.57,0.02
US-xSC,-78.1395,38.8929,2009,2,24,3.52,-8.83,-9.79,2.43,18.02,0
US-xSC,-78.1395,38.8929,2009,2,25,8.7,-7.57,-5.99,2.14,17.12,0
US-xSC,-78.1395,38.8929,2009,2,26,13.22,-1.4,1.88,2,11.79,0.01
US-xSC,-78.1395,38.8929,2009,2,27,14.62,2.98,7.91,4.18,4.59,1.29
US-xSC,-78.1395,38.8929,2009,2,28,2.95,-2.23,-3.38,2.59,6.45,1.78
US-xSC,-78.1395,38.8929,2009,3,1,2.5,-2.91,-3.14,2.9,5.35,1.19
US-xSC,-78.1395,38.8929,2009,3,2,-3.22,-8.76,-11.34,5.8,15.35,1.98
US-xSC,-78.1395,38.8929,2009,3,3,-1.19,-12.18,-13.25,3.59,17.48,0
US-xSC,-78.1395,38.8929,2009,3,4,5.1,-11.11,-9.62,1.44,18.89,0
US-xSC,-78.1395,38.8929,2009,3,5,11.2,-3.59,-3.33,1.76,18.12,0
US-xSC,-78.1395,38.8929,2009,3,6,19.38,1.19,6.47,2.87,15.13,0.01
US-xSC,-78.1395,38.8929,2009,3,7,20.9,5.47,11.37,2.8,13.24,0
US-xSC,-78.1395,38.8929,2009,3,8,19.61,9.27,12.48,2.34,10.12,0.02
US-xSC,-78.1395,38.8929,2009,3,9,14.82,1.89,5.17,4.19,20.37,0.01
US-xSC,-78.1395,38.8929,2009,3,10,10.86,-0.83,2.66,2.66,9.37,0
US-xSC,-78.1395,38.8929,2009,3,11,21.62,3.85,4.64,4.19,10.33,0.01
US-xSC,-78.1395,38.8929,2009,3,12,7.17,-1.5,-4.72,2.49,12.19,0.14
US-xSC,-78.1395,38.8929,2009,3,13,5.21,-1.33,-1.25,1.47,4.94,0.44
US-xSC,-78.1395,38.8929,2009,3,14,6.5,0.09,0.96,1.3,5.57,2.49
US-xSC,-78.1395,38.8929,2009,3,15,7.62,1.52,2.79,1.24,4.81,2.6
US-xSC,-78.1395,38.8929,2009,3,16,8.63,1.88,4.55,1.11,4.8,5.72
US-xSC,-78.1395,38.8929,2009,3,17,12.26,3.69,4.56,1.4,11.71,0.27
US-xSC,-78.1395,38.8929,2009,3,18,19.97,3.87,6.93,2.52,20.62,0
US-xSC,-78.1395,38.8929,2009,3,19,11.08,2.88,4.94,2.46,5.5,0.98
US-xSC,-78.1395,38.8929,2009,3,20,7.71,-1.76,-3.45,2.7,20.95,0
US-xSC,-78.1395,38.8929,2009,3,21,8.35,-5.12,-5.2,1.62,18.35,0
US-xSC,-78.1395,38.8929,2009,3,22,15.47,-3.22,-0.17,2.28,21.11,0
US-xSC,-78.1395,38.8929,2009,3,23,11.6,-2.3,-4.24,2.39,23.71,0
US-xSC,-78.1395,38.8929,2009,3,24,8.62,-6.11,-7.97,1.88,21.69,0
US-xSC,-78.1395,38.8929,2009,3,25,9.7,-1.27,-1.68,3.14,8.06,2.62
US-xSC,-78.1395,38.8929,2009,3,26,10.35,2.99,5.84,2.56,4.62,8.14
US-xSC,-78.1395,38.8929,2009,3,27,14.43,4.46,6.34,1.73,9.84,13.97
US-xSC,-78.1395,38.8929,2009,3,28,12.7,5.95,8.19,1.84,6.18,4.68
US-xSC,-78.1395,38.8929,2009,3,29,20.87,3.97,7.63,3.67,16.45,3.83
US-xSC,-78.1395,38.8929,2009,3,30,12.76,1.11,0.01,4.08,24.45,0.31
US-xSC,-78.1395,38.8929,2009,3,31,16.6,-1.94,1.98,2.16,22.75,0
US-xSC,-78.1395,38.8929,2009,4,1,13.94,4.76,8.01,2.17,6.73,0.91
US-xSC,-78.1395,38.8929,2009,4,2,14.48,4.97,9.43,2.22,5.66,2.53
US-xSC,-78.1395,38.8929,2009,4,3,20.46,8.13,9.06,4.71,13.7,15.22
US-xSC,-78.1395,38.8929,2009,4,4,15.03,3.4,0.8,4.82,25.35,0.02
US-xSC,-78.1395,38.8929,2009,4,5,19.96,1.65,4.71,2.14,22.7,0
US-xSC,-78.1395,38.8929,2009,4,6,17.93,1.9,5.81,3.69,11.71,1.19
US-xSC,-78.1395,38.8929,2009,4,7,6.75,-0.18,-4.3,3.9,12.54,0.14
US-xSC,-78.1395,38.8929,2009,4,8,11.95,-1.16,-2.02,3.23,18.99,0.02
US-xSC,-78.1395,38.8929,2009,4,9,16.12,-0.93,-0.29,2.05,24.05,0
US-xSC,-78.1395,38.8929,2009,4,10,20.13,5.95,6.98,1.81,13.97,0.24
US-xSC,-78.1395,38.8929,2009,4,11,12.91,3.28,5.34,3.32,7.72,12.8
US-xSC,-78.1395,38.8929,2009,4,12,12.48,-1.58,-3.38,2.89,27.48,0
US-xSC,-78.1395,38.8929,2009,4,13,11.45,-1.1,-0.76,1.77,12.56,0.29
US-xSC,-78.1395,38.8929,2009,4,14,8.73,4.86,5.95,1.99,5.18,4.46
US-xSC,-78.1395,38.8929,2009,4,15,7.17,4.04,5.03,2.18,6.18,10.7
US-xSC,-78.1395,38.8929,2009,4,16,17.55,2.58,3.36,1.7,26.31,0
US-xSC,-78.1395,38.8929,2009,4,17,21.68,3.29,5.11,2.07,27.16,0
US-xSC,-78.1395,38.8929,2009,4,18,23.97,3.56,5.43,2.12,27.32,0
US-xSC,-78.1395,38.8929,2009,4,19,18.61,8.16,9.04,2.37,9.63,1.32
US-xSC,-78.1395,38.8929,2009,4,20,16.8,7.87,10.44,2.8,4.81,27.5
US-xSC,-78.1395,38.8929,2009,4,21,18.35,4.94,6.45,2,15.17,3.3
US-xSC,-78.1395,38.8929,2009,4,22,12.13,1.78,2.62,2.83,17.69,2.32
US-xSC,-78.1395,38.8929,2009,4,23,15.7,3.53,2.31,2.68,28.51,0.03
US-xSC,-78.1395,38.8929,2009,4,24,25,2.98,9.13,2.5,25.76,0.01
US-xSC,-78.1395,38.8929,2009,4,25,30.39,13.27,15.5,2,24.94,0
US-xSC,-78.1395,38.8929,2009,4,26,31.56,15.16,16.1,2.05,24.21,0.01
US-xSC,-78.1395,38.8929,2009,4,27,30.88,14.09,14.21,2.6,27.9,0.05
US-xSC,-78.1395,38.8929,2009,4,28,29.27,14.38,14.7,2.35,27.35,0.01
US-xSC,-78.1395,38.8929,2009,4,29,16.53,9.25,10.49,2.36,4.51,13.64
US-xSC,-78.1395,38.8929,2009,4,30,18.93,8.98,10.78,2.21,9.92,1.03
US-xSC,-78.1395,38.8929,2009,5,1,23.66,13.12,15.1,2.53,11.65,2.41
US-xSC,-78.1395,38.8929,2009,5,2,20.77,12.76,12.61,1.54,10.63,1.51
US-xSC,-78.1395,38.8929,2009,5,3,14.41,11.42,11.42,1.47,4.93,15.49
US-xSC,-78.1395,38.8929,2009,5,4,13.53,9.03,10.46,2.28,6.27,32.75
US-xSC,-78.1395,38.8929,2009,5,5,16.46,8.38,10.23,1.29,7.76,7.65
US-xSC,-78.1395,38.8929,2009,5,6,19.84,9.14,13.65,2.21,10.94,11.28
US-xSC,-78.1395,38.8929,2009,5,7,22.81,13.36,15.84,1.69,15.88,7.4
US-xSC,-78.1395,38.8929,2009,5,8,25.27,10.96,14.65,1.81,17.98,0.23
US-xSC,-78.1395,38.8929,2009,5,9,25.26,14.82,16.25,2.94,16.67,0.54
US-xSC,-78.1395,38.8929,2009,5,10,20.76,9.8,8.56,2.83,28.36,0
US-xSC,-78.1395,38.8929,2009,5,11,16.49,8.2,9.21,1.57,15.2,5.59
US-xSC,-78.1395,38.8929,2009,5,12,18.53,7.42,5.36,2.12,29.4,0
US-xSC,-78.1395,38.8929,2009,5,13,20.53,5.31,7.32,2.76,21.31,0.01
US-xSC,-78.1395,38.8929,2009,5,14,24.17,10.97,14.85,3.15,16.77,5.26
US-xSC,-78.1395,38.8929,2009,5,15,25.66,12.6,16.15,1.56,19.21,0.83
US-xSC,-78.1395,38.8929,2009,5,16,26.07,17.36,19.11,2.15,18.97,12.19
US-xSC,-78.1395,38.8929,2009,5,17,17.48,8.24,6.02,3.19,14.53,7.43
US-xSC,-78.1395,38.8929,2009,5,18,16.13,4.78,1.07,2.36,29.05,0
US-xSC,-78.1395,38.8929,2009,5,19,20.07,4.67,4.72,1.51,27.9,0
US-xSC,-78.1395,38.8929,2009,5,20,23.34,6.25,7,1.91,31.27,0
US-xSC,-78.1395,38.8929,2009,5,21,25.94,7.4,10.3,1.83,31.37,0
US-xSC,-78.1395,38.8929,2009,5,22,29.15,11.78,14.43,1.39,27.99,0
US-xSC,-78.1395,38.8929,2009,5,23,28.65,15.11,16.66,1.99,26.71,2.39
US-xSC,-78.1395,38.8929,2009,5,24,25.91,17.74,17.67,1.71,17.14,1.14
US-xSC,-78.1395,38.8929,2009,5,25,24.73,17.25,18.75,1.27,14.54,9.7
US-xSC,-78.1395,38.8929,2009,5,26,19.21,12.26,15.37,2.76,6.99,15.24
US-xSC,-78.1395,38.8929,2009,5,27,24.54,12.06,15.42,1.55,11.7,1.62
US-xSC,-78.1395,38.8929,2009,5,28,26.25,16.33,18.74,1.72,17.53,7.33
US-xSC,-78.1395,38.8929,2009,5,29,26.42,13.91,17,1.71,19.12,2.99
US-xSC,-78.1395,38.8929,2009,5,30,24.05,11.7,11.99,2.09,24.77,1.87
US-xSC,-78.1395,38.8929,2009,5,31,25.99,10.94,13.19,1.83,26.52,4.84
US-xSC,-78.1395,38.8929,2009,6,1,24.35,8.25,10.22,1.91,28.1,0
US-xSC,-78.1395,38.8929,2009,6,2,29.25,14.98,18.17,1.93,25.56,4.83
US-xSC,-78.1395,38.8929,2009,6,3,27.64,15.2,18.17,1.33,22.02,15.85
US-xSC,-78.1395,38.8929,2009,6,4,17.61,12.58,13.23,1.81,4.75,20.44
US-xSC,-78.1395,38.8929,2009,6,5,16.87,13.03,13.79,1.77,7.56,14.24
US-xSC,-78.1395,38.8929,2009,6,6,24.33,12.24,13.08,1.4,28.05,0.09
US-xSC,-78.1395,38.8929,2009,6,7,27.03,11.85,15.35,1.77,28.21,0
US-xSC,-78.1395,38.8929,2009,6,8,30.78,17.83,18.65,1.02,24.55,0.77
US-xSC,-78.1395,38.8929,2009,6,9,26.62,18.57,19.98,1.49,21.89,8.35
US-xSC,-78.1395,38.8929,2009,6,10,27.51,16.05,18.24,0.98,15.19,9.04
US-xSC,-78.1395,38.8929,2009,6,11,26.41,16.03,18.85,1.47,16.57,3.05
US-xSC,-78.1395,38.8929,2009,6,12,27.45,17.85,19.11,1.62,17.43,2.16
US-xSC,-78.1395,38.8929,2009,6,13,26.84,17.25,18.32,1.21,17.73,2.67
US-xSC,-78.1395,38.8929,2009,6,14,26.26,14.76,13.21,1.69,28.31,0.04
US-xSC,-78.1395,38.8929,2009,6,15,28.24,16.37,15.15,0.72,22.06,0.26
US-xSC,-78.1395,38.8929,2009,6,16,25.44,16.52,16.73,2.27,16.29,3.07
US-xSC,-78.1395,38.8929,2009,6,17,21.79,15.4,16.28,3.44,5.01,30.75
US-xSC,-78.1395,38.8929,2009,6,18,27.9,17.09,18.85,2.06,23,1.57
US-xSC,-78.1395,38.8929,2009,6,19,28.52,14.93,18.71,1.19,16.83,0.75
US-xSC,-78.1395,38.8929,2009,6,20,29.71,21.3,20.86,2.79,19.76,12.97
US-xSC,-78.1395,38.8929,2009,6,21,24.64,17.85,17,3.12,22.61,0.11
US-xSC,-78.1395,38.8929,2009,6,22,27.19,16.59,17.72,2.52,27.68,0.17
US-xSC,-78.1395,38.8929,2009,6,23,27.53,15.81,17.23,1.85,30.12,0
US-xSC,-78.1395,38.8929,2009,6,24,27.97,16.46,16.49,2.01,30.31,0
US-xSC,-78.1395,38.8929,2009,6,25,31.46,17.01,16.29,1.44,23.18,0
US-xSC,-78.1395,38.8929,2009,6,26,29.47,19.31,20.46,1.31,23.02,2.4
US-xSC,-78.1395,38.8929,2009,6,27,27.67,17.27,15.95,2.28,28.64,0
US-xSC,-78.1395,38.8929,2009,6,28,27.82,16.9,16.52,1.4,16.58,0.1
US-xSC,-78.1395,38.8929,2009,6,29,28.01,16.78,14.73,2.19,29.51,0.1
US-xSC,-78.1395,38.8929,2009,6,30,27.2,16.13,15.49,1.84,21.03,0.51
US-xSC,-78.1395,38.8929,2009,7,1,28.39,15.17,15.94,1.37,19.03,7.1
US-xSC,-78.1395,38.8929,2009,7,2,26.85,15.37,14.81,2.04,18.48,0.19
US-xSC,-78.1395,38.8929,2009,7,3,26.38,13.59,13.53,2.35,17.86,0.02
US-xSC,-78.1395,38.8929,2009,7,4,27.76,14.87,14.06,2.22,23.65,0.01
US-xSC,-78.1395,38.8929,2009,7,5,22.93,13.99,13.76,1.21,7.65,0.97
US-xSC,-78.1395,38.8929,2009,7,6,29.41,13.65,12.35,1.56,28.8,0.01
US-xSC,-78.1395,38.8929,2009,7,7,29.62,15.04,13.68,2.23,25.77,0
US-xSC,-78.1395,38.8929,2009,7,8,27.65,14.14,11.18,1.68,27.45,0
US-xSC,-78.1395,38.8929,2009,7,9,26.64,14.83,12.82,1.61,15.6,0.02
US-xSC,-78.1395,38.8929,2009,7,10,27.04,14.38,14.76,1.81,12.88,0.01
US-xSC,-78.1395,38.8929,2009,7,11,29.96,17.91,17.74,2.09,18.11,2.86
US-xSC,-78.1395,38.8929,2009,7,12,30.79,19.1,15.88,2.06,22.97,0.35
US-xSC,-78.1395,38.8929,2009,7,13,30.29,16.99,12.14,1.6,23.97,0.03
US-xSC,-78.1395,38.8929,2009,7,14,29.45,12.74,8.03,1.78,28.83,0
US-xSC,-78.1395,38.8929,2009,7,15,32.45,14.35,12.42,1.77,25.51,0
US-xSC,-78.1395,38.8929,2009,7,16,34.18,21.11,17.49,2.23,24.59,0
US-xSC,-78.1395,38.8929,2009,7,17,28.33,19.81,18.17,1.41,11.67,13.41
US-xSC,-78.1395,38.8929,2009,7,18,27.37,15.75,12.36,2.26,22.58,0.05
US-xSC,-78.1395,38.8929,2009,7,19,27.89,13.8,11.48,0.91,22.68,0.01
US-xSC,-78.1395,38.8929,2009,7,20,24.59,17.75,15.08,1.48,11.39,6.8
US-xSC,-78.1395,38.8929,2009,7,21,28.05,16.74,15,1.23,22.35,2.83
US-xSC,-78.1395,38.8929,2009,7,22,29.92,16.72,16.5,1.72,16.81,4.17
US-xSC,-78.1395,38.8929,2009,7,23,30.89,18.98,18.46,1.5,20.35,4.31
US-xSC,-78.1395,38.8929,2009,7,24,29.93,16.66,15.33,1.56,21.68,2.17
US-xSC,-78.1395,38.8929,2009,7,25,31.61,16.91,16.09,2.3,22.87,11.43
US-xSC,-78.1395,38.8929,2009,7,26,30.01,19.57,18.57,2.02,19.14,3.75
US-xSC,-78.1395,38.8929,2009,7,27,32.22,18.86,16.41,1.3,22.64,0.72
US-xSC,-78.1395,38.8929,2009,7,28,33.16,17.4,16.33,1.34,23.11,1.16
US-xSC,-78.1395,38.8929,2009,7,29,26.43,21.21,20.53,1.87,11.38,6.26
US-xSC,-78.1395,38.8929,2009,7,30,31.62,19.66,18.76,1.7,19,0.54
US-xSC,-78.1395,38.8929,2009,7,31,27.44,19.75,20.9,1.47,14.76,13.69
US-xSC,-78.1395,38.8929,2009,8,1,30.68,17.49,18.45,1.35,23.75,4.12
US-xSC,-78.1395,38.8929,2009,8,2,28.4,20.16,20.5,1.55,16.4,12.8
US-xSC,-78.1395,38.8929,2009,8,3,30.85,17.79,15.88,1.13,22.9,0.03
US-xSC,-78.1395,38.8929,2009,8,4,32.44,16.02,16.6,1.6,22.37,0.04
US-xSC,-78.1395,38.8929,2009,8,5,29.7,18.81,18.71,1.42,17.34,6.54
US-xSC,-78.1395,38.8929,2009,8,6,27.96,16.6,15.1,1.87,17.81,6.7
US-xSC,-78.1395,38.8929,2009,8,7,28.38,14.35,12.26,1.35,22.52,0
US-xSC,-78.1395,38.8929,2009,8,8,31.68,16.27,15.58,0.97,17.86,0
US-xSC,-78.1395,38.8929,2009,8,9,34.77,20.3,18.65,2.23,25.58,0.04
US-xSC,-78.1395,38.8929,2009,8,10,34.09,21.12,19.97,2.18,21.43,0.64
US-xSC,-78.1395,38.8929,2009,8,11,32.72,21.99,19.61,1.67,15.31,0.77
US-xSC,-78.1395,38.8929,2009,8,12,29.17,20.85,19.41,1.27,13.36,2.9
US-xSC,-78.1395,38.8929,2009,8,13,30.55,19.95,18.36,1.41,22.2,0.79
US-xSC,-78.1395,38.8929,2009,8,14,31.12,18.94,18,1.51,21.34,0.11
US-xSC,-78.1395,38.8929,2009,8,15,32.93,18.23,17.12,1.35,24,0.11
US-xSC,-78.1395,38.8929,2009,8,16,34.14,18.63,15.59,1.42,23.25,0.01
US-xSC,-78.1395,38.8929,2009,8,17,32.5,20.09,16.93,1.46,22.85,4.86
US-xSC,-78.1395,38.8929,2009,8,18,34.12,19.51,18.63,1.39,17.72,2.24
US-xSC,-78.1395,38.8929,2009,8,19,32.9,20.4,20,1.24,12.95,3.44
US-xSC,-78.1395,38.8929,2009,8,20,32.84,21.15,20.55,1.67,19.48,1.96
US-xSC,-78.1395,38.8929,2009,8,21,31.16,22.14,21.29,1.66,17.67,15.24
US-xSC,-78.1395,38.8929,2009,8,22,25.77,19.84,20.83,1.41,5.92,7.39
US-xSC,-78.1395,38.8929,2009,8,23,29.44,17.5,15.64,1.61,20.41,0.35
US-xSC,-78.1395,38.8929,2009,8,24,29.52,16.58,15.12,1.55,20.29,0.1
US-xSC,-78.1395,38.8929,2009,8,25,31.35,15.33,14.58,1.23,22.78,0
US-xSC,-78.1395,38.8929,2009,8,26,32.77,17.59,16.05,1.81,22.33,0
US-xSC,-78.1395,38.8929,2009,8,27,33.45,18.01,16.81,1.05,18.77,1.43
US-xSC,-78.1395,38.8929,2009,8,28,27.23,20.06,20.6,1.39,8.89,6
US-xSC,-78.1395,38.8929,2009,8,29,30.75,19.79,19.45,1.54,16.68,2.98
US-xSC,-78.1395,38.8929,2009,8,30,29.26,15.35,12.61,1.88,21.5,0
US-xSC,-78.1395,38.8929,2009,8,31,24.99,13.13,9.77,1.66,19.97,0.01
US-xSC,-78.1395,38.8929,2009,9,1,24.58,10.92,7.45,1.85,24.52,0
US-xSC,-78.1395,38.8929,2009,9,2,25.44,9.55,8.66,1.79,23.46,0
US-xSC,-78.1395,38.8929,2009,9,3,26.88,10.96,10.2,1.72,23.9,0
US-xSC,-78.1395,38.8929,2009,9,4,29.46,11.86,8.78,1.35,23.9,0
US-xSC,-78.1395,38.8929,2009,9,5,30.72,13.7,11.83,1.29,20.61,0.02
US-xSC,-78.1395,38.8929,2009,9,6,28.45,14.88,14.15,1.77,12.39,0.03
US-xSC,-78.1395,38.8929,2009,9,7,25.79,18.09,16.61,2,13.73,0.94
US-xSC,-78.1395,38.8929,2009,9,8,24.33,17.64,15.68,2.14,7.92,2.07
US-xSC,-78.1395,38.8929,2009,9,9,25.25,14.88,13.65,1.98,13.1,1.05
US-xSC,-78.1395,38.8929,2009,9,10,23.85,15.12,11.47,2.37,11.53,0.34
US-xSC,-78.1395,38.8929,2009,9,11,21.79,13.78,11.66,2.63,19.19,0.98
US-xSC,-78.1395,38.8929,2009,9,12,24.28,12.87,12.78,2.27,14.44,0.03
US-xSC,-78.1395,38.8929,2009,9,13,28.66,14.08,11.04,2.11,19.03,0
US-xSC,-78.1395,38.8929,2009,9,14,29.9,13.67,12.35,1.84,20.3,0.03
US-xSC,-78.1395,38.8929,2009,9,15,31.12,15.38,14.39,1.24,17.38,0.03
US-xSC,-78.1395,38.8929,2009,9,16,23.59,16.61,15.12,2.18,11.89,3.15
US-xSC,-78.1395,38.8929,2009,9,17,21.86,15.06,15.25,1.81,5.37,3.36
US-xSC,-78.1395,38.8929,2009,9,18,29.61,14.82,13.88,1.43,16.38,0.12
US-xSC,-78.1395,38.8929,2009,9,19,25.62,11.54,7.37,1.69,20.16,0
US-xSC,-78.1395,38.8929,2009,9,20,27.23,10.66,9.28,1.6,11.85,0
US-xSC,-78.1395,38.8929,2009,9,21,27.17,12.14,12.62,1.91,12.93,0.01
US-xSC,-78.1395,38.8929,2009,9,22,26.7,14.74,16.72,1.5,9.02,0.13
US-xSC,-78.1395,38.8929,2009,9,23,32.45,17.3,18.03,1.57,17.8,0.37
US-xSC,-78.1395,38.8929,2009,9,24,30.99,19.65,17.16,1.44,14.07,0.89
US-xSC,-78.1395,38.8929,2009,9,25,21.82,14.55,12.59,1.72,5.18,5.23
US-xSC,-78.1395,38.8929,2009,9,26,15.45,13.26,12.7,2.23,3.03,20.59
US-xSC,-78.1395,38.8929,2009,9,27,24.64,13.42,13.07,2.08,14.75,10.19
US-xSC,-78.1395,38.8929,2009,9,28,25.15,11.36,9.34,3.14,14.95,0.97
US-xSC,-78.1395,38.8929,2009,9,29,19.18,10.68,6.73,3.26,10.97,0.07
US-xSC,-78.1395,38.8929,2009,9,30,19.07,7.8,7.69,2.6,11.29,0.18
US-xSC,-78.1395,38.8929,2009,10,1,19.58,4.93,3.27,1.53,20.03,0
US-xSC,-78.1395,38.8929,2009,10,2,20.46,6.8,10.13,2.24,10.09,0.62
US-xSC,-78.1395,38.8929,2009,10,3,24.38,10.99,8.71,1.82,19.15,0.01
US-xSC,-78.1395,38.8929,2009,10,4,20.76,8.8,5.32,2.12,19.1,0
US-xSC,-78.1395,38.8929,2009,10,5,21.69,6.98,4.39,1.73,18.67,0
US-xSC,-78.1395,38.8929,2009,10,6,20.2,5.7,9.16,1.97,10.61,0.92
US-xSC,-78.1395,38.8929,2009,10,7,19.12,9.67,6.97,3.89,18.12,0.13
US-xSC,-78.1395,38.8929,2009,10,8,21.86,6.8,5.18,1.72,16.86,1.11
US-xSC,-78.1395,38.8929,2009,10,9,29.17,11.36,14.76,2.93,15.21,1.44
US-xSC,-78.1395,38.8929,2009,10,10,20.54,8.53,9.24,2.25,7.95,2.43
US-xSC,-78.1395,38.8929,2009,10,11,20.37,5.28,3.2,1.53,17.52,0
US-xSC,-78.1395,38.8929,2009,10,12,14.32,5.59,3.49,1.74,4.78,0.01
US-xSC,-78.1395,38.8929,2009,10,13,20.92,6.15,6.02,2.58,12.4,0.01
US-xSC,-78.1395,38.8929,2009,10,14,9.08,4.09,1.9,1.29,4.83,2.29
US-xSC,-78.1395,38.8929,2009,10,15,7.46,3.36,4.41,1.87,2.7,17.85
US-xSC,-78.1395,38.8929,2009,10,16,7.47,2.61,2.51,1.77,4.35,2.04
US-xSC,-78.1395,38.8929,2009,10,17,6.29,2.04,2.96,2.52,5.06,9.15
US-xSC,-78.1395,38.8929,2009,10,18,11.61,1.34,0.5,3.15,7.18,0.73
US-xSC,-78.1395,38.8929,2009,10,19,14.91,-0.57,-1.39,1.86,15.78,0
US-xSC,-78.1395,38.8929,2009,10,20,23.25,2.37,3.69,1.66,15.59,0
US-xSC,-78.1395,38.8929,2009,10,21,25.96,5.96,5.36,1.57,15.99,0
US-xSC,-78.1395,38.8929,2009,10,22,26.36,9.57,7.23,1.68,13.6,0
US-xSC,-78.1395,38.8929,2009,10,23,19.26,10.61,12.41,2.46,4.99,8.87
US-xSC,-78.1395,38.8929,2009,10,24,23.83,9.57,15.95,3.47,6.83,12.74
US-xSC,-78.1395,38.8929,2009,10,25,16.98,4.67,2.66,1.79,14.01,0.01
US-xSC,-78.1395,38.8929,2009,10,26,16.41,2.47,4.9,1.89,12.81,0
US-xSC,-78.1395,38.8929,2009,10,27,14.42,9.3,10.46,1.01,4.21,22.32
US-xSC,-78.1395,38.8929,2009,10,28,20,10.23,11.11,2.25,9.76,6.51
US-xSC,-78.1395,38.8929,2009,10,29,17.97,8.46,10.34,1.7,7.99,0.03
US-xSC,-78.1395,38.8929,2009,10,30,16.46,10.25,10.09,2.63,4.83,0.02
US-xSC,-78.1395,38.8929,2009,10,31,21.88,11.11,13.28,3.16,6.25,4.02
US-xSC,-78.1395,38.8929,2009,11,1,12.66,6.1,5.74,1.72,7.17,10.41
US-xSC,-78.1395,38.8929,2009,11,2,14.67,2.54,3.38,1.61,13.85,0
US-xSC,-78.1395,38.8929,2009,11,3,16.08,2.04,1.87,2.47,12.53,0
US-xSC,-78.1395,38.8929,2009,11,4,10.66,-0.56,0.02,1.46,9.62,0.01
US-xSC,-78.1395,38.8929,2009,11,5,12.04,0.25,1.3,2.1,9.89,0.21
US-xSC,-78.1395,38.8929,2009,11,6,9.97,-0.94,-1.61,2.08,13.74,0.04
US-xSC,-78.1395,38.8929,2009,11,7,15.97,-2.21,2.09,2.15,12.94,0
US-xSC,-78.1395,38.8929,2009,11,8,22.39,5.11,8.61,1.64,12.82,0
US-xSC,-78.1395,38.8929,2009,11,9,19.31,6.66,9.92,1.87,8.99,0
US-xSC,-78.1395,38.8929,2009,11,10,15.35,9.08,10.26,1.58,5.86,1.55
US-xSC,-78.1395,38.8929,2009,11,11,10.11,5.08,5.81,3.26,2.58,19.72
US-xSC,-78.1395,38.8929,2009,11,12,7.3,4.34,3.96,3.98,2.47,7.31
US-xSC,-78.1395,38.8929,2009,11,13,11.48,5.83,6.58,3.26,5.68,4.57
US-xSC,-78.1395,38.8929,2009,11,14,15.86,7.56,9.38,2.02,8.52,0.55
US-xSC,-78.1395,38.8929,2009,11,15,20.41,6.96,9.71,1.95,12.12,0
US-xSC,-78.1395,38.8929,2009,11,16,18.11,7.2,8.86,1.81,11.11,0
US-xSC,-78.1395,38.8929,2009,11,17,12.94,3.32,3.04,1.89,7.2,0
US-xSC,-78.1395,38.8929,2009,11,18,10.65,1.85,7.36,2.23,3.33,2.96
US-xSC,-78.1395,38.8929,2009,11,19,13.9,8.59,10.44,1.86,2.85,21.2
US-xSC,-78.1395,38.8929,2009,11,20,13.68,2.84,5.05,1.95,11.08,0.09
US-xSC,-78.1395,38.8929,2009,11,21,13.36,2.34,4.21,1.66,6.88,0
US-xSC,-78.1395,38.8929,2009,11,22,12.41,3.61,4.88,1.78,9.52,0
US-xSC,-78.1395,38.8929,2009,11,23,8.22,5.08,6.02,1.86,2.41,10.85
US-xSC,-78.1395,38.8929,2009,11,24,10.91,6.33,7.05,1.24,6.32,2.16
US-xSC,-78.1395,38.8929,2009,11,25,13.32,5.53,8.11,1.48,5.31,0.34
US-xSC,-78.1395,38.8929,2009,11,26,10.5,2.29,5.62,1.6,6.87,2.6
US-xSC,-78.1395,38.8929,2009,11,27,6.86,1.03,-0.99,4.06,7.6,0.73
US-xSC,-78.1395,38.8929,2009,11,28,9.7,-0.19,-1.7,3.09,11.17,0.01
US-xSC,-78.1395,38.8929,2009,11,29,17.2,-0.61,5.38,2.18,10.76,0
US-xSC,-78.1395,38.8929,2009,11,30,10.07,0.46,4.29,2.52,2.17,2.39
US-xSC,-78.1395,38.8929,2009,12,1,12.71,-3.07,-0.43,2.21,10.32,0
US-xSC,-78.1395,38.8929,2009,12,2,10.82,1.47,4.89,2.13,2.13,17.3
US-xSC,-78.1395,38.8929,2009,12,3,11.79,1.18,5.45,3.02,8.57,4
US-xSC,-78.1395,38.8929,2009,12,4,8.18,-1.01,0.73,1.47,4.63,0.03
US-xSC,-78.1395,38.8929,2009,12,5,2.44,-3.7,-0.7,2.7,1.88,12.34
US-xSC,-78.1395,38.8929,2009,12,6,1.18,-8.12,-6.91,1.9,9.05,0
US-xSC,-78.1395,38.8929,2009,12,7,4.24,-5.31,-3.25,2.05,5.93,0.05
US-xSC,-78.1395,38.8929,2009,12,8,3.43,-3.96,-1.88,1.74,4.98,13.6
US-xSC,-78.1395,38.8929,2009,12,9,3.24,-0.47,0.38,2.57,6.79,22.49
US-xSC,-78.1395,38.8929,2009,12,10,0.33,-8.85,-6.88,3.74,9.43,0.05
US-xSC,-78.1395,38.8929,2009,12,11,-0.34,-10.37,-10.92,3.45,10.62,0
US-xSC,-78.1395,38.8929,2009,12,12,2.84,-7.28,-6.83,2.06,10.36,0
US-xSC,-78.1395,38.8929,2009,12,13,3.04,-2.42,-0.79,2.26,3.03,9.79
US-xSC,-78.1395,38.8929,2009,12,14,6.34,-0.1,2.38,2.06,7.85,0.01
US-xSC,-78.1395,38.8929,2009,12,15,9.42,0.22,2.5,2.54,5.38,0.06
US-xSC,-78.1395,38.8929,2009,12,16,2.24,-5.08,-7.75,3.04,8.91,0
US-xSC,-78.1395,38.8929,2009,12,17,2.62,-5.38,-7.04,2.06,10.03,0
US-xSC,-78.1395,38.8929,2009,12,18,-0.32,-3.83,-5.49,1.57,3.14,6.16
US-xSC,-78.1395,38.8929,2009,12,19,-3.49,-5.5,-5.63,3.23,1.84,30.8
US-xSC,-78.1395,38.8929,2009,12,20,-1.76,-8.05,-6.06,2.97,7.37,0.04
US-xSC,-78.1395,38.8929,2009,12,21,0.05,-10.52,-5.71,2.08,6.24,0.01
US-xSC,-78.1395,38.8929,2009,12,22,0.05,-9.27,-5.65,2.01,5.43,0
US-xSC,-78.1395,38.8929,2009,12,23,0.18,-10.64,-6.95,2.03,8.67,0
US-xSC,-78.1395,38.8929,2009,12,24,-1.03,-15.35,-9.2,1.95,10,0
US-xSC,-78.1395,38.8929,2009,12,25,0.96,-8.25,-2.73,2.49,1.32,17.66
US-xSC,-78.1395,38.8929,2009,12,26,3.64,-2,0.92,1.96,5.04,4.86
US-xSC,-78.1395,38.8929,2009,12,27,4.88,-5.59,-2.46,2.11,10.25,0
US-xSC,-78.1395,38.8929,2009,12,28,-1.19,-4.57,-5.96,3.74,9.23,0.05
US-xSC,-78.1395,38.8929,2009,12,29,-3.09,-10.21,-9.61,4.31,10.56,0.01
US-xSC,-78.1395,38.8929,2009,12,30,-1.07,-10.65,-8.63,1.77,6.25,0.01
US-xSC,-78.1395,38.8929,2009,12,31,3.07,-4.04,-1.84,1.33,4.23,5.05
US-xSC,-78.1395,38.8929,2010,1,1,3.16,-5.41,-2.84,2.94,5.5,0.11
US-xSC,-78.1395,38.8929,2010,1,2,-5.61,-10.12,-11.67,5.68,7.51,0.08
US-xSC,-78.1395,38.8929,2010,1,3,-7.09,-12.62,-14.09,6.36,9.92,0.01
US-xSC,-78.1395,38.8929,2010,1,4,-2.97,-9.16,-10.08,4.45,7.5,0.03
US-xSC,-78.1395,38.8929,2010,1,5,-1.57,-7.11,-8.58,3.8,8.33,0.03
US-xSC,-78.1395,38.8929,2010,1,6,-0.35,-6.36,-7.37,4.54,8.21,0.03
US-xSC,-78.1395,38.8929,2010,1,7,0.78,-7.58,-6.76,2.02,7.62,1.1
US-xSC,-78.1395,38.8929,2010,1,8,-4.41,-9.39,-9.67,4.08,8.62,0.21
US-xSC,-78.1395,38.8929,2010,1,9,-0.71,-9.67,-9.14,3.61,9.78,0
US-xSC,-78.1395,38.8929,2010,1,10,-2.88,-13.37,-11.72,3.11,10.47,0
US-xSC,-78.1395,38.8929,2010,1,11,0.6,-13.18,-9.32,1.63,7.75,0
US-xSC,-78.1395,38.8929,2010,1,12,-1.34,-8.18,-7.67,3.03,7.68,0
US-xSC,-78.1395,38.8929,2010,1,13,3.66,-7.56,-5.67,2.42,9.58,0
US-xSC,-78.1395,38.8929,2010,1,14,7.91,-7.81,-3.07,1.97,9.99,0
US-xSC,-78.1395,38.8929,2010,1,15,8.12,-2.54,-0.17,2.18,8.14,0
US-xSC,-78.1395,38.8929,2010,1,16,9.27,-1.5,3.07,1.84,8.88,0.03
US-xSC,-78.1395,38.8929,2010,1,17,3.48,0.15,1.4,2.08,2.58,16.91
US-xSC,-78.1395,38.8929,2010,1,18,9.03,-2.3,0.74,2.89,11.37,0.01
US-xSC,-78.1395,38.8929,2010,1,19,10.99,-2.73,1.56,2.12,8.34,0.17
US-xSC,-78.1395,38.8929,2010,1,20,4.54,-2.41,-2.47,2,4.95,0.71
US-xSC,-78.1395,38.8929,2010,1,21,2.75,-3.81,-2.79,2.19,5.55,6.18
US-xSC,-78.1395,38.8929,2010,1,22,1.39,-2.44,-1.9,1.83,4.21,7.37
US-xSC,-78.1395,38.8929,2010,1,23,4.04,-4.91,-2.84,2.11,9.25,0
US-xSC,-78.1395,38.8929,2010,1,24,9.73,-1.16,2.26,3.37,1.54,6.99
US-xSC,-78.1395,38.8929,2010,1,25,13.48,0.32,6.85,4.26,10.44,35.21
US-xSC,-78.1395,38.8929,2010,1,26,3.83,-3.39,-2.98,2.71,5.18,0.14
US-xSC,-78.1395,38.8929,2010,1,27,4.07,-4.6,-4.83,2.36,11.68,0
US-xSC,-78.1395,38.8929,2010,1,28,7.3,-6.6,-4.66,3.92,11.66,0.04
US-xSC,-78.1395,38.8929,2010,1,29,-3.99,-8.73,-12.95,2.98,7.85,0.02
US-xSC,-78.1395,38.8929,2010,1,30,-7.12,-9.63,-11.69,2.57,2.57,6.94
US-xSC,-78.1395,38.8929,2010,1,31,0.41,-13.28,-10.47,2.46,13.57,0.01
US-xSC,-78.1395,38.8929,2010,2,1,2.62,-9.88,-7.48,1.87,11.6,0
US-xSC,-78.1395,38.8929,2010,2,2,2.08,-4.71,-3,1.11,4.47,6.99
US-xSC,-78.1395,38.8929,2010,2,3,2.99,-4.2,-2.43,2.15,4.79,0.14
US-xSC,-78.1395,38.8929,2010,2,4,3.15,-6.48,-4.47,1.68,9.17,0
US-xSC,-78.1395,38.8929,2010,2,5,0.71,-2.71,-2.19,2.49,2.03,31.61
US-xSC,-78.1395,38.8929,2010,2,6,-2.87,-12.24,-5.85,4.16,5.25,19.26
US-xSC,-78.1395,38.8929,2010,2,7,-3.95,-16.98,-11.46,3.07,13.89,0
US-xSC,-78.1395,38.8929,2010,2,8,-2.66,-14.3,-10.63,2.93,14.65,0
US-xSC,-78.1395,38.8929,2010,2,9,-1.94,-12.64,-6.65,1.73,5.28,5.47
US-xSC,-78.1395,38.8929,2010,2,10,-4.37,-9.91,-7.92,5.54,10.65,7.28
US-xSC,-78.1395,38.8929,2010,2,11,-1.66,-6.83,-5.43,5.11,13.83,0.04
US-xSC,-78.1395,38.8929,2010,2,12,-1.28,-10.85,-5.92,2.44,13.95,0
US-xSC,-78.1395,38.8929,2010,2,13,-3.12,-7.75,-6.74,3.1,11.37,0.02
US-xSC,-78.1395,38.8929,2010,2,14,-0.9,-12.36,-6.78,3.52,15.9,0
US-xSC,-78.1395,38.8929,2010,2,15,-0.52,-14.66,-7.73,2.35,4.1,2.11
US-xSC,-78.1395,38.8929,2010,2,16,-2.76,-15.96,-8.98,3.44,11.64,0.08
US-xSC,-78.1395,38.8929,2010,2,17,-1.07,-10.81,-6.2,3.25,8.96,0.03
US-xSC,-78.1395,38.8929,2010,2,18,0.14,-4.02,-2.36,4.6,14.78,0.12
US-xSC,-78.1395,38.8929,2010,2,19,0.2,-3.97,-2.28,3.74,17.17,0
US-xSC,-78.1395,38.8929,2010,2,20,0.78,-6.24,-3.48,2.54,13.85,0
US-xSC,-78.1395,38.8929,2010,2,21,5.71,-8.4,-2.95,2.01,12.07,0
US-xSC,-78.1395,38.8929,2010,2,22,2.63,-2.25,-0.4,1.71,4.5,1.4
US-xSC,-78.1395,38.8929,2010,2,23,5.66,-1.65,0.13,2.34,11.03,0.08
US-xSC,-78.1395,38.8929,2010,2,24,5.41,-3.6,-2.28,2.08,8.98,0.02
US-xSC,-78.1395,38.8929,2010,2,25,1.87,-4.43,-4.5,4.97,13.66,0.13
US-xSC,-78.1395,38.8929,2010,2,26,-0.39,-4.65,-5.95,6.14,6.79,0.23
US-xSC,-78.1395,38.8929,2010,2,27,4.16,-3.49,-3.3,2.86,16.38,0.11
US-xSC,-78.1395,38.8929,2010,2,28,4.41,-1.61,-1.82,3.7,11.19,0.05
US-xSC,-78.1395,38.8929,2010,3,1,6.43,-1.61,-1.28,3.56,13.18,0
US-xSC,-78.1395,38.8929,2010,3,2,3.53,-1.36,-1.38,1.68,3.93,1.15
US-xSC,-78.1395,38.8929,2010,3,3,4.36,-0.52,0,3.62,5.86,0.54
US-xSC,-78.1395,38.8929,2010,3,4,4.48,-2.86,-3.54,4.18,18.01,0
US-xSC,-78.1395,38.8929,2010,3,5,6.6,-4.06,-3.4,3.66,16.39,0
US-xSC,-78.1395,38.8929,2010,3,6,7.53,-4.29,-4.22,3.03,19.79,0
US-xSC,-78.1395,38.8929,2010,3,7,11.65,-3.37,-3.27,2.53,18.59,0
US-xSC,-78.1395,38.8929,2010,3,8,11.68,-3.26,-2.01,2.75,19.25,0
US-xSC,-78.1395,38.8929,2010,3,9,15.74,-2.8,-1.48,1.77,18.13,0
US-xSC,-78.1395,38.8929,2010,3,10,17.25,2.75,6.66,1.9,13.81,0
US-xSC,-78.1395,38.8929,2010,3,11,17.43,4.27,8.65,1.87,13.34,6.41
US-xSC,-78.1395,38.8929,2010,3,12,10.89,6.53,8.51,2.91,4.38,24.91
US-xSC,-78.1395,38.8929,2010,3,13,10.85,6.52,8.3,3.26,6.85,34.21
US-xSC,-78.1395,38.8929,2010,3,14,9.91,5.44,5.97,2.52,6.72,8.14
US-xSC,-78.1395,38.8929,2010,3,15,8.84,4.61,4.81,3.55,7.34,1.1
US-xSC,-78.1395,38.8929,2010,3,16,14.01,3.05,3.73,2.23,16.68,0.04
US-xSC,-78.1395,38.8929,2010,3,17,17.69,0.13,1.12,1.51,21.63,0
US-xSC,-78.1395,38.8929,2010,3,18,17.75,1.31,2.71,2.23,22.01,0
US-xSC,-78.1395,38.8929,2010,3,19,19.56,2.02,5.16,2.37,21.73,0
US-xSC,-78.1395,38.8929,2010,3,20,21.17,3.36,6.97,1.88,21.57,0
US-xSC,-78.1395,38.8929,2010,3,21,21.26,6.93,9.94,2.07,14.87,0.03
US-xSC,-78.1395,38.8929,2010,3,22,18.52,7.1,11.61,2.71,12.85,8.67
US-xSC,-78.1395,38.8929,2010,3,23,10.85,4.07,3.88,3.72,9.53,1.24
US-xSC,-78.1395,38.8929,2010,3,24,16.13,4.9,4.82,3.01,21.56,0.02
US-xSC,-78.1395,38.8929,2010,3,25,19.84,6.72,8.4,2.39,12.08,1.3
US-xSC,-78.1395,38.8929,2010,3,26,11.39,-1.27,1.7,3.22,8.92,7.32
US-xSC,-78.1395,38.8929,2010,3,27,9.63,-5.4,-3.43,2.25,21.72,0
US-xSC,-78.1395,38.8929,2010,3,28,11.71,0.21,5.21,2.87,6.09,31.22
US-xSC,-78.1395,38.8929,2010,3,29,14.3,6.63,8.36,1.84,11.38,4.77
US-xSC,-78.1395,38.8929,2010,3,30,12.45,4.04,2.8,4.83,21.33,0.25
US-xSC,-78.1395,38.8929,2010,3,31,18.17,3.32,4.09,3.5,24.65,0
US-xSC,-78.1395,38.8929,2010,4,1,23.93,4.55,7.96,1.86,23.97,0
US-xSC,-78.1395,38.8929,2010,4,2,24.34,8.56,12.58,1.87,23.28,0
US-xSC,-78.1395,38.8929,2010,4,3,22.81,8.32,13.49,2.46,18.8,0
US-xSC,-78.1395,38.8929,2010,4,4,24.39,10.3,9.6,1.59,21.81,0
US-xSC,-78.1395,38.8929,2010,4,5,26.22,9.55,14.29,2.2,18.73,0.51
US-xSC,-78.1395,38.8929,2010,4,6,28.13,14.49,16.23,2.7,23.54,0
US-xSC,-78.1395,38.8929,2010,4,7,28.8,12.29,14.85,2.71,21.78,0
US-xSC,-78.1395,38.8929,2010,4,8,24.25,9.88,14.6,3.43,16.04,4.57
US-xSC,-78.1395,38.8929,2010,4,9,12.37,3.49,2.19,3.37,23.82,1.35
US-xSC,-78.1395,38.8929,2010,4,10,17.8,1.67,1.5,2.25,24.46,0
US-xSC,-78.1395,38.8929,2010,4,11,23.49,3.11,6.72,1.86,25.37,0
US-xSC,-78.1395,38.8929,2010,4,12,20.29,6.94,6.17,1.8,25.45,0
US-xSC,-78.1395,38.8929,2010,4,13,11.3,6.02,6.5,1.69,9.13,1.26
US-xSC,-78.1395,38.8929,2010,4,14,15.98,4.93,4.85,1.46,19.69,0.16
US-xSC,-78.1395,38.8929,2010,4,15,25.17,3.02,8.34,1.51,25.38,0
US-xSC,-78.1395,38.8929,2010,4,16,24.91,11.61,13.3,3.19,18.32,1.89
US-xSC,-78.1395,38.8929,2010,4,17,14.06,2.17,3.65,3.45,26.97,0.12
US-xSC,-78.1395,38.8929,2010,4,18,13.03,0.68,1.66,2.62,22.62,0
US-xSC,-78.1395,38.8929,2010,4,19,16.9,1.62,3.35,2.45,27.56,0
US-xSC,-78.1395,38.8929,2010,4,20,18.11,3.57,5.15,1.32,22.06,0
US-xSC,-78.1395,38.8929,2010,4,21,15.83,7.36,8.61,1.17,14.62,2.99
US-xSC,-78.1395,38.8929,2010,4,22,20.85,4.29,7.01,2.16,20.47,0.09
US-xSC,-78.1395,38.8929,2010,4,23,21.14,7.51,8.51,1.73,20.06,0
US-xSC,-78.1395,38.8929,2010,4,24,16.53,7.61,8.87,2.51,9.9,3.49
US-xSC,-78.1395,38.8929,2010,4,25,24.4,10.55,14.6,1.89,20.21,11.39
US-xSC,-78.1395,38.8929,2010,4,26,20.58,9.55,11.37,1.64,14.13,7.92
US-xSC,-78.1395,38.8929,2010,4,27,15.14,3.3,4.72,3.03,18.19,0.14
US-xSC,-78.1395,38.8929,2010,4,28,13.57,0.72,0.42,3.32,25.02,0
US-xSC,-78.1395,38.8929,2010,4,29,19.51,1.84,3.61,2.19,28.83,0
US-xSC,-78.1395,38.8929,2010,4,30,26.45,10.3,10.79,1.87,26.47,0
US-xSC,-78.1395,38.8929,2010,5,1,28.59,12.57,16.04,2.16,22.98,0.01
US-xSC,-78.1395,38.8929,2010,5,2,29.36,17.4,20.25,2.52,15.66,2.09
US-xSC,-78.1395,38.8929,2010,5,3,26.79,15.68,18.74,2.48,12.67,13.69
US-xSC,-78.1395,38.8929,2010,5,4,24.66,12.64,13.24,2.37,27.03,0
US-xSC,-78.1395,38.8929,2010,5,5,25.71,10.05,12.86,2.04,27.95,0
US-xSC,-78.1395,38.8929,2010,5,6,24.27,11.5,12.78,2.74,26.72,0.23
US-xSC,-78.1395,38.8929,2010,5,7,23.53,8.5,10.57,2.29,25.48,0.01
US-xSC,-78.1395,38.8929,2010,5,8,19.77,8.48,8.67,4.61,28.43,0.46
US-xSC,-78.1395,38.8929,2010,5,9,14.62,4.78,0.4,3.47,27.98,0.16
US-xSC,-78.1395,38.8929,2010,5,10,17.38,1.33,1.15,1.82,27.51,0
US-xSC,-78.1395,38.8929,2010,5,11,13.06,5.48,6.46,3.02,4.21,9.35
US-xSC,-78.1395,38.8929,2010,5,12,26.86,11.56,15.62,1.94,13.45,5.69
US-xSC,-78.1395,38.8929,2010,5,13,17,9.71,11.13,2.14,7.12,1.37
US-xSC,-78.1395,38.8929,2010,5,14,27.61,14.28,17.42,2.3,22.36,1.68
US-xSC,-78.1395,38.8929,2010,5,15,23.88,12.97,12.23,2.34,27.34,0.03
US-xSC,-78.1395,38.8929,2010,5,16,22.59,12.23,11.36,1.31,17.87,0.82
US-xSC,-78.1395,38.8929,2010,5,17,13.82,9.37,11.2,2.18,4.87,19.86
US-xSC,-78.1395,38.8929,2010,5,18,13.71,8.84,9.88,1.49,8.75,2.5
US-xSC,-78.1395,38.8929,2010,5,19,18.68,8.98,11.24,1.04,11.49,0.94
US-xSC,-78.1395,38.8929,2010,5,20,25.32,10.14,11.71,1.82,29.08,0.02
US-xSC,-78.1395,38.8929,2010,5,21,26.56,11.77,12.38,2.01,23.88,0
US-xSC,-78.1395,38.8929,2010,5,22,20.59,13.97,15.95,2.24,9.08,18.63
US-xSC,-78.1395,38.8929,2010,5,23,23.19,15.32,17.29,1.53,18.4,7.41
US-xSC,-78.1395,38.8929,2010,5,24,23.87,13.98,16.51,1.67,13.29,1.32
US-xSC,-78.1395,38.8929,2010,5,25,25.79,15.17,16.92,1.59,17.45,0.06
US-xSC,-78.1395,38.8929,2010,5,26,28.92,15.04,17.72,1.77,24.71,0.01
US-xSC,-78.1395,38.8929,2010,5,27,31.06,19.77,19.77,1.45,26.55,6.25
US-xSC,-78.1395,38.8929,2010,5,28,25.32,17.17,18.64,1.55,18.33,7
US-xSC,-78.1395,38.8929,2010,5,29,28.06,16.15,18,0.99,19.6,1.16
US-xSC,-78.1395,38.8929,2010,5,30,31.07,17.34,17.66,1.33,27.13,0.04
US-xSC,-78.1395,38.8929,2010,5,31,29.88,18.62,19.98,1.69,23.64,2.52
US-xSC,-78.1395,38.8929,2010,6,1,27.76,19,19.02,2.05,20.48,0.65
US-xSC,-78.1395,38.8929,2010,6,2,30.3,16.21,17.79,1.36,27.54,0
US-xSC,-78.1395,38.8929,2010,6,3,29.49,18.09,19.77,1.42,21.67,7.48
US-xSC,-78.1395,38.8929,2010,6,4,30.94,18.67,20.02,1.44,24.4,3.85
US-xSC,-78.1395,38.8929,2010,6,5,28.53,20.31,20.36,1.99,19.72,2.37
US-xSC,-78.1395,38.8929,2010,6,6,30.82,15.62,18.55,3.05,16.14,5.41
US-xSC,-78.1395,38.8929,2010,6,7,23.68,13.35,12.13,2.06,21.97,0.01
US-xSC,-78.1395,38.8929,2010,6,8,24.48,10.75,8.54,1.81,30.27,0
US-xSC,-78.1395,38.8929,2010,6,9,24.21,13.17,16.07,2.47,9.84,7.17
US-xSC,-78.1395,38.8929,2010,6,10,29.15,16.42,16.78,2.23,28.59,0.01
US-xSC,-78.1395,38.8929,2010,6,11,31.41,14.57,15.61,0.93,27.24,0
US-xSC,-78.1395,38.8929,2010,6,12,32.93,18.85,19.76,1.52,22.12,3.52
US-xSC,-78.1395,38.8929,2010,6,13,32.05,20.89,20.6,2.11,21.16,0.16
US-xSC,-78.1395,38.8929,2010,6,14,32.09,19.77,20.82,1.63,22.24,2.61
US-xSC,-78.1395,38.8929,2010,6,15,27.17,19.87,19.53,1.58,10.1,3.08
US-xSC,-78.1395,38.8929,2010,6,16,29.54,19.64,20.94,2.05,13.69,6.49
US-xSC,-78.1395,38.8929,2010,6,17,28.69,16.84,15.74,2.54,30.51,0
US-xSC,-78.1395,38.8929,2010,6,18,29.84,13.54,13.16,1.21,30.88,0
US-xSC,-78.1395,38.8929,2010,6,19,33.57,15.41,16.9,1.63,28.35,3.01
US-xSC,-78.1395,38.8929,2010,6,20,32.6,20.78,17.96,1.99,26.88,0.08
US-xSC,-78.1395,38.8929,2010,6,21,32.87,18.63,16.89,1.36,27.93,0
US-xSC,-78.1395,38.8929,2010,6,22,34.61,22.02,18.57,1.55,25.1,0.67
US-xSC,-78.1395,38.8929,2010,6,23,35.05,21.07,19.65,1.87,25.27,0.29
US-xSC,-78.1395,38.8929,2010,6,24,33.62,21.35,19.94,2.56,21.86,1.47
US-xSC,-78.1395,38.8929,2010,6,25,32.73,19.36,15.24,1.51,28.9,0
US-xSC,-78.1395,38.8929,2010,6,26,34.42,20.6,16.08,1.13,26.93,0
US-xSC,-78.1395,38.8929,2010,6,27,35.96,21.18,19.4,1.93,24.03,0.95
US-xSC,-78.1395,38.8929,2010,6,28,33.95,23.76,19.81,2.22,21.24,0.58
US-xSC,-78.1395,38.8929,2010,6,29,32.33,21.23,16.11,2.26,23.8,0
US-xSC,-78.1395,38.8929,2010,6,30,29.04,16.12,7.94,1.85,24.88,0
US-xSC,-78.1395,38.8929,2010,7,1,26.54,12.61,6.03,2.06,31.8,0
US-xSC,-78.1395,38.8929,2010,7,2,27.88,12.52,6.6,1.66,30.66,0
US-xSC,-78.1395,38.8929,2010,7,3,32.88,12.98,7.98,1.51,31.15,0
US-xSC,-78.1395,38.8929,2010,7,4,36.61,15.29,10.45,1.25,30.96,0
US-xSC,-78.1395,38.8929,2010,7,5,37.73,19.06,15.53,1.15,28.32,0
US-xSC,-78.1395,38.8929,2010,7,6,39.11,21.53,16.48,1.29,27.47,0
US-xSC,-78.1395,38.8929,2010,7,7,38.14,22.27,16.73,1.7,25.44,0
US-xSC,-78.1395,38.8929,2010,7,8,37.4,22.75,16.65,1.79,23.13,1.07
US-xSC,-78.1395,38.8929,2010,7,9,33.87,21.78,20.07,1.29,19.26,14.52
US-xSC,-78.1395,38.8929,2010,7,10,30.04,19.7,17.92,2.07,22.35,13.27
US-xSC,-78.1395,38.8929,2010,7,11,32.96,17.04,11.24,1.4,29.49,0
US-xSC,-78.1395,38.8929,2010,7,12,29.94,18.56,17.5,2.08,8.39,3.38
US-xSC,-78.1395,38.8929,2010,7,13,31.93,20.24,20.6,1.11,18.24,22.25
US-xSC,-78.1395,38.8929,2010,7,14,31.99,20.48,18.85,3,22.08,1.69
US-xSC,-78.1395,38.8929,2010,7,15,34.58,20.9,18.43,1.23,25.36,0.06
US-xSC,-78.1395,38.8929,2010,7,16,36.16,21.47,19.05,1.73,26.67,0.55
US-xSC,-78.1395,38.8929,2010,7,17,31.78,22.76,18.51,1.69,21.55,0.3
US-xSC,-78.1395,38.8929,2010,7,18,33.44,21.38,19.54,1.94,23.81,1.06
US-xSC,-78.1395,38.8929,2010,7,19,33.89,22.43,20.08,1.88,20.71,1.08
US-xSC,-78.1395,38.8929,2010,7,20,34.35,21,19.38,1.93,16.09,2.47
US-xSC,-78.1395,38.8929,2010,7,21,34.26,21.46,20.14,1.64,18.36,1.04
US-xSC,-78.1395,38.8929,2010,7,22,35.79,21.66,17.69,1.76,26.25,0
US-xSC,-78.1395,38.8929,2010,7,23,36.8,22.73,19.25,1.9,24.76,0
US-xSC,-78.1395,38.8929,2010,7,24,38.96,25.27,20.37,2.45,26.91,0
US-xSC,-78.1395,38.8929,2010,7,25,36.6,23.74,21.29,2.44,22.89,3.52
US-xSC,-78.1395,38.8929,2010,7,26,32.45,19.8,14.65,1.58,25.43,0.04
US-xSC,-78.1395,38.8929,2010,7,27,31.17,17.91,16.66,1.83,14.37,0.01
US-xSC,-78.1395,38.8929,2010,7,28,36.33,19.42,17.27,1.47,23.21,0.19
US-xSC,-78.1395,38.8929,2010,7,29,35.28,21.13,18.69,2.05,16.53,2.94
US-xSC,-78.1395,38.8929,2010,7,30,30.43,17.87,12.46,1.52,23.27,0
US-xSC,-78.1395,38.8929,2010,7,31,32.01,17.23,13.82,1.09,15.86,1.19
US-xSC,-78.1395,38.8929,2010,8,1,24.79,18.24,16.35,1.75,12.61,1.46
US-xSC,-78.1395,38.8929,2010,8,2,30.3,16.56,16.63,1.53,14.15,0.06
US-xSC,-78.1395,38.8929,2010,8,3,32.32,19.64,19.42,1.72,12.3,4.18
US-xSC,-78.1395,38.8929,2010,8,4,32.8,22.51,22.89,1.42,15.24,7.84
US-xSC,-78.1395,38.8929,2010,8,5,34.23,23.07,22.22,2.07,19.91,7.41
US-xSC,-78.1395,38.8929,2010,8,6,32.71,19.63,16.49,2.27,23.83,0.02
US-xSC,-78.1395,38.8929,2010,8,7,31.43,16.91,12.43,1.32,25.06,0
US-xSC,-78.1395,38.8929,2010,8,8,32.63,16.87,13.88,1.53,23.32,0
US-xSC,-78.1395,38.8929,2010,8,9,35.4,19.45,17.66,1.41,23.25,0
US-xSC,-78.1395,38.8929,2010,8,10,36.96,21.12,18.09,1.49,21.42,0
US-xSC,-78.1395,38.8929,2010,8,11,36.99,22.93,19.4,1.26,16.85,1.15
US-xSC,-78.1395,38.8929,2010,8,12,34.06,22.8,21.21,1.53,20.45,7.88
US-xSC,-78.1395,38.8929,2010,8,13,26.54,19.83,19.38,2.63,12.78,5.08
US-xSC,-78.1395,38.8929,2010,8,14,30.52,18.14,17.06,2.15,9.1,0.77
US-xSC,-78.1395,38.8929,2010,8,15,31.02,19.72,20.08,2.39,14.01,3.77
US-xSC,-78.1395,38.8929,2010,8,16,35.1,21.62,21.01,1.27,19.18,2.42
US-xSC,-78.1395,38.8929,2010,8,17,33.8,19.14,16.51,1.23,19.19,1.13
US-xSC,-78.1395,38.8929,2010,8,18,25.54,19.79,19.09,1.21,6.2,11.42
US-xSC,-78.1395,38.8929,2010,8,19,33.15,17.61,15.85,0.94,21.53,0.01
US-xSC,-78.1395,38.8929,2010,8,20,33.91,18.5,15.97,1.27,23.88,0
US-xSC,-78.1395,38.8929,2010,8,21,33.45,20.84,17.52,2.31,18.19,0.7
US-xSC,-78.1395,38.8929,2010,8,22,32.79,21.21,18.67,2.34,17.31,0.66
US-xSC,-78.1395,38.8929,2010,8,23,29.32,18.76,17.09,1.76,15.42,3.9
US-xSC,-78.1395,38.8929,2010,8,24,25.2,17.23,16.26,1.91,7.07,5.48
US-xSC,-78.1395,38.8929,2010,8,25,28.59,15.45,15.37,1.22,15.03,1.36
US-xSC,-78.1395,38.8929,2010,8,26,30.51,17.38,14.09,1.83,18.73,0.01
US-xSC,-78.1395,38.8929,2010,8,27,30.4,13.37,11.07,0.87,21.29,0
US-xSC,-78.1395,38.8929,2010,8,28,31.53,14.07,12.09,1.47,23.71,0
US-xSC,-78.1395,38.8929,2010,8,29,35.6,15.86,13.99,1.41,24.21,0
US-xSC,-78.1395,38.8929,2010,8,30,36.48,17.48,11.84,1.33,24.46,0
US-xSC,-78.1395,38.8929,2010,8,31,36.44,18.53,13.58,1.06,23.44,0
US-xSC,-78.1395,38.8929,2010,9,1,36.76,19.3,14.18,1.39,24.08,0
US-xSC,-78.1395,38.8929,2010,9,2,36.76,18.67,14.13,1.37,22.93,0
US-xSC,-78.1395,38.8929,2010,9,3,36.02,22.49,14.92,1.56,17.01,0.1
US-xSC,-78.1395,38.8929,2010,9,4,26.61,15.37,8.19,2.99,22.62,0
US-xSC,-78.1395,38.8929,2010,9,5,26.76,10.87,4.05,1.54,25.05,0
US-xSC,-78.1395,38.8929,2010,9,6,30.33,10.44,7.39,1.65,24.11,0
US-xSC,-78.1395,38.8929,2010,9,7,34.71,14.88,11.53,2.12,23.36,0
US-xSC,-78.1395,38.8929,2010,9,8,31.82,17,9.28,2.91,21.89,0.04
US-xSC,-78.1395,38.8929,2010,9,9,26.04,12.84,6.88,2.39,23.63,0
US-xSC,-78.1395,38.8929,2010,9,10,24.66,10.95,7.66,2.07,23.6,0
US-xSC,-78.1395,38.8929,2010,9,11,27.08,10.34,8.67,1.55,20.61,1.15
US-xSC,-78.1395,38.8929,2010,9,12,26.97,15.57,13.79,1.59,16.66,6.8
US-xSC,-78.1395,38.8929,2010,9,13,30.73,11.37,10.13,2.11,20.24,0
US-xSC,-78.1395,38.8929,2010,9,14,27.4,16.26,8.13,2.48,18.66,0
US-xSC,-78.1395,38.8929,2010,9,15,30.71,12.1,8.5,1.65,21.74,0
US-xSC,-78.1395,38.8929,2010,9,16,30.51,14.41,14.77,2.48,8.26,8.54
US-xSC,-78.1395,38.8929,2010,9,17,26.99,13.5,12.68,1.99,16.89,0.08
US-xSC,-78.1395,38.8929,2010,9,18,28.16,9.85,8.27,1.12,21.23,0
US-xSC,-78.1395,38.8929,2010,9,19,32.95,14.09,10.17,1.18,19.3,0
US-xSC,-78.1395,38.8929,2010,9,20,26.7,12.9,7.91,2.19,20.77,0
US-xSC,-78.1395,38.8929,2010,9,21,28.98,10.03,7.28,1.79,19.97,0
US-xSC,-78.1395,38.8929,2010,9,22,35.22,16.99,15.66,1.91,16.73,0.64
US-xSC,-78.1395,38.8929,2010,9,23,34.89,19.4,17,1.27,17.28,0.02
US-xSC,-78.1395,38.8929,2010,9,24,35.49,19.5,14.48,2.36,18.87,0
US-xSC,-78.1395,38.8929,2010,9,25,32.48,18.84,10.34,2.05,19.88,0.14
US-xSC,-78.1395,38.8929,2010,9,26,23.35,14.6,10.52,1.84,7.88,4.02
US-xSC,-78.1395,38.8929,2010,9,27,24.44,14.64,17.96,2.37,4.56,21.32
US-xSC,-78.1395,38.8929,2010,9,28,26.31,14.54,15.26,2.78,15.52,9.44
US-xSC,-78.1395,38.8929,2010,9,29,20.19,12.55,11.89,1.22,5.27,5.2
US-xSC,-78.1395,38.8929,2010,9,30,24.51,14.99,18.19,2.75,4.89,81.58
US-xSC,-78.1395,38.8929,2010,10,1,19.16,10.11,10.52,3.66,19.68,2.21
US-xSC,-78.1395,38.8929,2010,10,2,19.72,6.57,7.68,1.4,19.63,0
US-xSC,-78.1395,38.8929,2010,10,3,16.82,7.17,9.39,1.91,10.66,2.96
US-xSC,-78.1395,38.8929,2010,10,4,13.36,6.68,7.8,2.4,10.22,4.58
US-xSC,-78.1395,38.8929,2010,10,5,13.95,5.14,5.51,2.46,10.56,0.21
US-xSC,-78.1395,38.8929,2010,10,6,14.02,5.09,6.71,2.28,7.19,0.38
US-xSC,-78.1395,38.8929,2010,10,7,21.05,8.01,8.49,2.69,18.44,0
US-xSC,-78.1395,38.8929,2010,10,8,23.48,6.44,7.37,1.91,19.07,0
US-xSC,-78.1395,38.8929,2010,10,9,25.59,8.98,8.49,2.1,16.85,0
US-xSC,-78.1395,38.8929,2010,10,10,27.06,8.32,12,1.71,16.93,0
US-xSC,-78.1395,38.8929,2010,10,11,28.09,11.94,12.59,1.92,16.02,0
US-xSC,-78.1395,38.8929,2010,10,12,25.86,12.31,12.5,2.06,15.87,0.17
US-xSC,-78.1395,38.8929,2010,10,13,20.33,6.67,6.72,1.42,16.92,0
US-xSC,-78.1395,38.8929,2010,10,14,13.73,8.63,8.3,2.06,6.54,7.88
US-xSC,-78.1395,38.8929,2010,10,15,16.02,5.56,4.01,3.13,8.64,0.16
US-xSC,-78.1395,38.8929,2010,10,16,17.58,6.64,3.95,3.24,16.6,0
US-xSC,-78.1395,38.8929,2010,10,17,23.18,5.74,6.25,2.33,16.56,0
US-xSC,-78.1395,38.8929,2010,10,18,19.14,5.9,6.94,1.3,11.15,0.59
US-xSC,-78.1395,38.8929,2010,10,19,16.69,8.48,8.4,1.05,11.34,2.91
US-xSC,-78.1395,38.8929,2010,10,20,16.65,6.4,7.98,1.21,7.44,0.78
US-xSC,-78.1395,38.8929,2010,10,21,17.32,4.93,2.72,2.71,13.88,0.01
US-xSC,-78.1395,38.8929,2010,10,22,13.86,3.34,0.38,2.42,16.07,0.03
US-xSC,-78.1395,38.8929,2010,10,23,23.42,1.73,4.02,1.83,15.3,0
US-xSC,-78.1395,38.8929,2010,10,24,25.51,9.59,8.5,1.81,13.05,0
US-xSC,-78.1395,38.8929,2010,10,25,21.52,12.26,14.42,2.8,7.71,0.2
US-xSC,-78.1395,38.8929,2010,10,26,24.17,12.8,17.09,3.13,5.28,4.2
US-xSC,-78.1395,38.8929,2010,10,27,21.76,13.25,15.07,2.01,4.73,11.44
US-xSC,-78.1395,38.8929,2010,10,28,21.88,7.65,6.37,2.78,14.67,0
US-xSC,-78.1395,38.8929,2010,10,29,11.97,2.15,0.32,3,13.5,0
US-xSC,-78.1395,38.8929,2010,10,30,15.74,0.08,0.42,2.36,13.58,0
US-xSC,-78.1395,38.8929,2010,10,31,15.84,2.96,2.42,2.4,13.9,0
US-xSC,-78.1395,38.8929,2010,11,1,11.73,0.34,-0.5,1.79,14.58,0
US-xSC,-78.1395,38.8929,2010,11,2,9.29,-2.77,-1.41,1.55,13.72,0
US-xSC,-78.1395,38.8929,2010,11,3,12.62,-0.03,2.01,1.68,8.98,2.33
US-xSC,-78.1395,38.8929,2010,11,4,5.87,3.17,4.4,1.74,4.27,26.11
US-xSC,-78.1395,38.8929,2010,11,5,11.02,1.68,2.53,2.54,9.78,0.43
US-xSC,-78.1395,38.8929,2010,11,6,8.8,-1.18,-0.85,2.18,10.91,0
US-xSC,-78.1395,38.8929,2010,11,7,8.63,-0.92,-1.52,2.15,13.36,0
US-xSC,-78.1395,38.8929,2010,11,8,14.98,-0.95,-0.8,3.11,13.12,0
US-xSC,-78.1395,38.8929,2010,11,9,16.41,2.11,3.64,2.51,13.59,0
US-xSC,-78.1395,38.8929,2010,11,10,16.25,4.24,5.33,2.23,12.75,0
US-xSC,-78.1395,38.8929,2010,11,11,15.08,1.01,0.45,1.87,13.56,0
US-xSC,-78.1395,38.8929,2010,11,12,16.18,-1.03,-2.43,1.51,12.75,0
US-xSC,-78.1395,38.8929,2010,11,13,17.31,1.67,-2.54,1.8,12.77,0
US-xSC,-78.1395,38.8929,2010,11,14,17.08,2.08,1.22,2.19,12.41,0
US-xSC,-78.1395,38.8929,2010,11,15,12.3,4.25,5.97,1.59,7.61,1.85
US-xSC,-78.1395,38.8929,2010,11,16,15.12,7.18,9.89,2.45,1.99,23.93
US-xSC,-78.1395,38.8929,2010,11,17,14.73,3.39,4.99,3.79,10.26,0.44
US-xSC,-78.1395,38.8929,2010,11,18,10.4,1.34,1.24,2.27,6.07,0.02
US-xSC,-78.1395,38.8929,2010,11,19,10.69,-0.83,-0.01,1.85,11.61,0
US-xSC,-78.1395,38.8929,2010,11,20,15.83,0.94,3.53,1.96,11.46,0
US-xSC,-78.1395,38.8929,2010,11,21,13.27,1.22,4.23,1.59,10.34,0.03
US-xSC,-78.1395,38.8929,2010,11,22,18.45,6.01,8.26,2.14,10.32,0
US-xSC,-78.1395,38.8929,2010,11,23,16.98,5.92,8.23,2.45,4.71,0.09
US-xSC,-78.1395,38.8929,2010,11,24,7.7,-0.73,-2.58,2.03,9.4,1.15
US-xSC,-78.1395,38.8929,2010,11,25,8.45,1.1,3.34,2.34,5.06,2.35
US-xSC,-78.1395,38.8929,2010,11,26,9.73,-1.7,0.09,2.98,2.33,0.51
US-xSC,-78.1395,38.8929,2010,11,27,5.05,-3.53,-5.87,3.1,9.88,0
US-xSC,-78.1395,38.8929,2010,11,28,7.64,-4.56,-4.74,1.66,11.5,0
US-xSC,-78.1395,38.8929,2010,11,29,8.2,-4.19,-2.22,2.29,10.51,0.06
US-xSC,-78.1395,38.8929,2010,11,30,14.33,2.19,8.36,3.47,1.64,13.79
US-xSC,-78.1395,38.8929,2010,12,1,15.56,-2.92,2.02,4.24,7.69,40.75
US-xSC,-78.1395,38.8929,2010,12,2,2.59,-4.54,-4.38,1.66,5.12,0.01
US-xSC,-78.1395,38.8929,2010,12,3,2.76,-4.23,-4.26,1.9,5.88,0
US-xSC,-78.1395,38.8929,2010,12,4,2.91,-4.76,-5.69,1.76,8.11,0.02
US-xSC,-78.1395,38.8929,2010,12,5,0.66,-3.51,-6.82,3.97,6.52,0.04
US-xSC,-78.1395,38.8929,2010,12,6,-1.19,-4.45,-8.88,4.93,6.58,0.03
US-xSC,-78.1395,38.8929,2010,12,7,-2.06,-6.79,-10.3,4.34,10.2,0.01
US-xSC,-78.1395,38.8929,2010,12,8,-1.14,-7.45,-10,2.91,9.79,0
US-xSC,-78.1395,38.8929,2010,12,9,1.03,-8.75,-9.08,1.76,10.69,0
US-xSC,-78.1395,38.8929,2010,12,10,2.32,-5.85,-6.11,2.15,5.34,0.05
US-xSC,-78.1395,38.8929,2010,12,11,3.04,-5.22,-3.16,1.56,6.1,0.41
US-xSC,-78.1395,38.8929,2010,12,12,2.44,-2.36,0.06,1.84,2.14,6.5
US-xSC,-78.1395,38.8929,2010,12,13,-2.91,-7.85,-10.82,5.08,6.64,0.18
US-xSC,-78.1395,38.8929,2010,12,14,-6.82,-9.53,-13.85,5.47,10.25,0.02
US-xSC,-78.1395,38.8929,2010,12,15,-2.9,-10.19,-12.13,3.62,10.78,0
US-xSC,-78.1395,38.8929,2010,12,16,-4.53,-9.86,-9.23,1.31,3.4,4.78
US-xSC,-78.1395,38.8929,2010,12,17,1.77,-9.13,-7.13,2.12,6.5,0.04
US-xSC,-78.1395,38.8929,2010,12,18,0.77,-7.71,-6.16,1.33,4.44,0.07
US-xSC,-78.1395,38.8929,2010,12,19,0.2,-7.94,-7.69,2.3,9.53,0
US-xSC,-78.1395,38.8929,2010,12,20,-0.22,-8.19,-7.94,3.18,9.5,0
US-xSC,-78.1395,38.8929,2010,12,21,2.08,-7.43,-6.34,2.53,4.77,0
US-xSC,-78.1395,38.8929,2010,12,22,3.82,-4.26,-4.41,2.61,4.57,0.01
US-xSC,-78.1395,38.8929,2010,12,23,2.36,-3.55,-5.65,5.15,8.19,0
US-xSC,-78.1395,38.8929,2010,12,24,2.1,-5.5,-6.46,3.13,10.03,0
US-xSC,-78.1395,38.8929,2010,12,25,-0.06,-5.53,-5.4,1.13,4.29,0.14
US-xSC,-78.1395,38.8929,2010,12,26,-2.8,-5.56,-6.85,3.86,2.74,0.09
US-xSC,-78.1395,38.8929,2010,12,27,-2.08,-6.6,-9.7,6.75,9.96,0
US-xSC,-78.1395,38.8929,2010,12,28,3.16,-6.67,-7.48,3.82,10.32,0
US-xSC,-78.1395,38.8929,2010,12,29,5.17,-5.85,-3.91,2.16,8.67,0
US-xSC,-78.1395,38.8929,2010,12,30,4.42,-4.86,-2.07,1.62,5.34,0
US-xSC,-78.1395,38.8929,2010,12,31,9.45,-1.27,1.82,1.66,8.49,0
US-xSC,-78.1395,38.8929,2011,1,1,7.79,0.42,4.21,2.33,3.99,0.19
US-xSC,-78.1395,38.8929,2011,1,2,6.88,-3.8,-1.2,2.72,5.34,0.24
US-xSC,-78.1395,38.8929,2011,1,3,3.59,-5.19,-8.47,2.47,11.05,0
US-xSC,-78.1395,38.8929,2011,1,4,6.67,-3.83,-4.26,2.07,10.27,0
US-xSC,-78.1395,38.8929,2011,1,5,2.79,-5.36,-6.53,1.84,10.6,0
US-xSC,-78.1395,38.8929,2011,1,6,3.29,-6.52,-6.02,1.56,9.21,0.03
US-xSC,-78.1395,38.8929,2011,1,7,-0.39,-5.09,-7.03,2.15,6.8,0.61
US-xSC,-78.1395,38.8929,2011,1,8,-2.05,-8.13,-9.44,3.41,6.86,0.52
US-xSC,-78.1395,38.8929,2011,1,9,-2.07,-8.4,-10.92,4.21,11.06,0
US-xSC,-78.1395,38.8929,2011,1,10,-2.57,-9.42,-9.57,2.2,5.91,0
US-xSC,-78.1395,38.8929,2011,1,11,0.57,-9.15,-6.21,1.75,3.2,1.94
US-xSC,-78.1395,38.8929,2011,1,12,-1.4,-6.87,-8.16,4.57,7.25,0.14
US-xSC,-78.1395,38.8929,2011,1,13,-0.67,-8.43,-9.25,3.98,11.06,0.01
US-xSC,-78.1395,38.8929,2011,1,14,0.31,-8.07,-8.38,1.49,9.35,0.02
US-xSC,-78.1395,38.8929,2011,1,15,4.78,-6.97,-4.8,1.92,6.55,0
US-xSC,-78.1395,38.8929,2011,1,16,1.82,-6.98,-6.39,2.3,9.17,0
US-xSC,-78.1395,38.8929,2011,1,17,1.03,-7.96,-7.11,2.03,5.1,1.82
US-xSC,-78.1395,38.8929,2011,1,18,3.91,-4.44,-2.22,1.65,6.58,2.06
US-xSC,-78.1395,38.8929,2011,1,19,7.36,-2.62,0,2.51,6.38,0.32
US-xSC,-78.1395,38.8929,2011,1,20,2.81,-3.27,-4.19,1.86,8.19,0.12
US-xSC,-78.1395,38.8929,2011,1,21,-0.35,-9.99,-11.32,4.54,12.41,0.02
US-xSC,-78.1395,38.8929,2011,1,22,-3.8,-12.42,-15.01,1.17,10.16,0
US-xSC,-78.1395,38.8929,2011,1,23,-3.93,-12.85,-13.62,2.83,11.85,0
US-xSC,-78.1395,38.8929,2011,1,24,-1.64,-14.19,-11.63,2.16,9.31,0.01
US-xSC,-78.1395,38.8929,2011,1,25,5.29,-7.55,-4.19,1.49,7.19,0.03
US-xSC,-78.1395,38.8929,2011,1,26,0.8,-2.67,-1.29,3.04,1.58,22.23
US-xSC,-78.1395,38.8929,2011,1,27,-0.17,-7.36,-5.13,2.79,7.8,0.01
US-xSC,-78.1395,38.8929,2011,1,28,0.79,-7.39,-5.14,1.85,5.98,0.57
US-xSC,-78.1395,38.8929,2011,1,29,2.05,-9.8,-5.05,2.51,6.31,0.01
US-xSC,-78.1395,38.8929,2011,1,30,4.46,-6.06,-3.49,1.84,10.24,0.01
US-xSC,-78.1395,38.8929,2011,1,31,-0.3,-8.35,-6.61,2.32,4.43,0.43
US-xSC,-78.1395,38.8929,2011,2,1,4.22,-4.64,-1.97,2.09,8.86,6.06
US-xSC,-78.1395,38.8929,2011,2,2,8.26,-3.59,-0.96,4.46,10.65,11.54
US-xSC,-78.1395,38.8929,2011,2,3,1.51,-5.24,-8.02,3.08,12.09,0.01
US-xSC,-78.1395,38.8929,2011,2,4,2.92,-4.41,-4.32,1.67,8.79,0
US-xSC,-78.1395,38.8929,2011,2,5,1.96,-1.88,-0.66,3.04,3.48,2.34
US-xSC,-78.1395,38.8929,2011,2,6,6.75,-2.55,-2.88,2.1,12.96,0.15
US-xSC,-78.1395,38.8929,2011,2,7,9.73,-2.1,-0.1,1.4,7.74,0.28
US-xSC,-78.1395,38.8929,2011,2,8,0.82,-7.02,-7.53,4.83,11.41,0.16
US-xSC,-78.1395,38.8929,2011,2,9,0.61,-8.4,-10.13,2.23,8.46,0.03
US-xSC,-78.1395,38.8929,2011,2,10,0.13,-9.93,-11.23,2.61,15.88,0
US-xSC,-78.1395,38.8929,2011,2,11,5.42,-13.26,-10,1.94,15.81,0
US-xSC,-78.1395,38.8929,2011,2,12,4.46,-8.77,-6.73,3.53,13.39,0
US-xSC,-78.1395,38.8929,2011,2,13,8.28,-2.81,-1.53,3.1,10,0
US-xSC,-78.1395,38.8929,2011,2,14,12.68,0.47,0.47,5.36,14.96,0.13
US-xSC,-78.1395,38.8929,2011,2,15,7.1,-4.56,-7.32,3.06,16.07,0
US-xSC,-78.1395,38.8929,2011,2,16,14.41,-2.5,0.1,2.9,14.73,0
US-xSC,-78.1395,38.8929,2011,2,17,19.33,1.34,5.69,2.78,14.48,0
US-xSC,-78.1395,38.8929,2011,2,18,20.89,5.86,6.97,3.8,10.03,0
US-xSC,-78.1395,38.8929,2011,2,19,8.68,-2.06,-5.18,6.99,17.38,0
US-xSC,-78.1395,38.8929,2011,2,20,7.51,-4.62,-5.34,2.59,10.61,0.75
US-xSC,-78.1395,38.8929,2011,2,21,9.46,-3.48,2.1,3.27,4.78,6.62
US-xSC,-78.1395,38.8929,2011,2,22,1.07,-5.94,-6.17,2.06,5.48,1.85
US-xSC,-78.1395,38.8929,2011,2,23,6.35,-5.32,-4.95,1.39,11.84,0
US-xSC,-78.1395,38.8929,2011,2,24,6.67,-3.95,0.31,2.61,4.35,6.15
US-xSC,-78.1395,38.8929,2011,2,25,16.35,-2.97,1.88,5.36,12.3,5.96
US-xSC,-78.1395,38.8929,2011,2,26,7.95,-4.6,-2.81,2.26,12.58,0.01
US-xSC,-78.1395,38.8929,2011,2,27,16.85,-1.49,4.48,2.09,14.73,4.12
US-xSC,-78.1395,38.8929,2011,2,28,19.4,1.1,8.53,3.98,4.48,7.8
US-xSC,-78.1395,38.8929,2011,3,1,8.83,-4.28,-5.42,2.53,19.3,0
US-xSC,-78.1395,38.8929,2011,3,2,13.77,-2.67,-2.28,3.48,18.71,0
US-xSC,-78.1395,38.8929,2011,3,3,3.94,-5.9,-8.63,2.19,18.65,0
US-xSC,-78.1395,38.8929,2011,3,4,8.55,-3.91,-3.27,3.17,17.43,0
US-xSC,-78.1395,38.8929,2011,3,5,12.13,1.19,5.63,3.51,7.3,0.41
US-xSC,-78.1395,38.8929,2011,3,6,12.85,0.3,6.31,4.67,3.93,40.46
US-xSC,-78.1395,38.8929,2011,3,7,7.21,-3.62,-4.43,3.96,20.21,0.01
US-xSC,-78.1395,38.8929,2011,3,8,7.34,-4.75,-3.36,2.04,13.19,0
US-xSC,-78.1395,38.8929,2011,3,9,6.07,-0.73,2.37,3.25,3.09,9.88
US-xSC,-78.1395,38.8929,2011,3,10,12.62,4.09,8.21,3.8,4.14,33.74
US-xSC,-78.1395,38.8929,2011,3,11,8.36,-2.31,-1.1,2.79,12.62,0.69
US-xSC,-78.1395,38.8929,2011,3,12,16.56,-2.58,2.73,3.28,17.46,0
US-xSC,-78.1395,38.8929,2011,3,13,12.49,-1.04,1.98,2.68,21.03,0
US-xSC,-78.1395,38.8929,2011,3,14,10.25,-2.57,-0.66,1.84,13.18,0
US-xSC,-78.1395,38.8929,2011,3,15,6.46,-2.19,1.28,2.43,7.78,2.9
US-xSC,-78.1395,38.8929,2011,3,16,13.98,0,3.11,1.93,12.75,1.8
US-xSC,-78.1395,38.8929,2011,3,17,17.37,0.03,4.99,2.31,20.83,0.01
US-xSC,-78.1395,38.8929,2011,3,18,22.62,6.4,11.86,2.92,12.09,0.44
US-xSC,-78.1395,38.8929,2011,3,19,14.38,1.94,3.5,3.24,21.88,0.07
US-xSC,-78.1395,38.8929,2011,3,20,10.17,-1.2,0.35,2.28,16.59,1.05
US-xSC,-78.1395,38.8929,2011,3,21,21.6,3.94,10.81,3.28,14.09,6.98
US-xSC,-78.1395,38.8929,2011,3,22,18.3,6.21,7.7,2.3,12.77,1.91
US-xSC,-78.1395,38.8929,2011,3,23,15.47,6,9.21,2.92,12.16,10.71
US-xSC,-78.1395,38.8929,2011,3,24,7.9,-0.98,1.14,2.62,9.52,1.83
US-xSC,-78.1395,38.8929,2011,3,25,7.88,-5.08,-4.37,2.08,16.08,0.01
US-xSC,-78.1395,38.8929,2011,3,26,8.5,-4.5,-4.81,1.78,16.2,0.17
US-xSC,-78.1395,38.8929,2011,3,27,5.99,-3.69,-3.97,1.86,9.06,1.72
US-xSC,-78.1395,38.8929,2011,3,28,7.46,-4.39,-6.49,2.22,19.41,0
US-xSC,-78.1395,38.8929,2011,3,29,9.19,-5.1,-5.18,2.18,17.31,0
US-xSC,-78.1395,38.8929,2011,3,30,5.46,-0.66,0.12,2.04,4.82,3.39
US-xSC,-78.1395,38.8929,2011,3,31,5.75,0.35,1.48,1.1,6.88,3.83
US-xSC,-78.1395,38.8929,2011,4,1,8.15,0.56,0.05,3.14,12.17,1.27
US-xSC,-78.1395,38.8929,2011,4,2,9.2,-0.56,1.23,3.06,14.76,1.98
US-xSC,-78.1395,38.8929,2011,4,3,13.26,-0.5,1.4,2.56,19.64,0.12
US-xSC,-78.1395,38.8929,2011,4,4,25.48,6.24,10.92,4.14,20.84,0.01
US-xSC,-78.1395,38.8929,2011,4,5,17.87,2.8,3.83,4.75,14.37,11.89
US-xSC,-78.1395,38.8929,2011,4,6,16.83,-1.15,2.63,2.69,23.66,0.15
US-xSC,-78.1395,38.8929,2011,4,7,21.29,5.53,8.44,1.57,20.79,0.14
US-xSC,-78.1395,38.8929,2011,4,8,10.77,4.77,6.46,2.45,4.93,11.53
US-xSC,-78.1395,38.8929,2011,4,9,9.17,3.8,5.48,1.55,6.45,1.3
US-xSC,-78.1395,38.8929,2011,4,10,20.84,5.69,10.55,2.4,17.5,0.02
US-xSC,-78.1395,38.8929,2011,4,11,27.28,12.79,16.38,3.06,19.39,1.35
US-xSC,-78.1395,38.8929,2011,4,12,16.53,10.46,12.29,3.35,4.96,31.25
US-xSC,-78.1395,38.8929,2011,4,13,12.95,6.14,7.39,2.65,10.11,2.93
US-xSC,-78.1395,38.8929,2011,4,14,20.45,2.86,3.81,1.58,25.08,0
US-xSC,-78.1395,38.8929,2011,4,15,18.75,4.75,6.98,3.26,23.06,0.03
US-xSC,-78.1395,38.8929,2011,4,16,19.16,7.48,10.86,4.97,3.91,49.15
US-xSC,-78.1395,38.8929,2011,4,17,17.02,4.06,4.41,3.85,25.95,0.13
US-xSC,-78.1395,38.8929,2011,4,18,20.13,7.32,10.45,2.22,14.75,0.01
US-xSC,-78.1395,38.8929,2011,4,19,21.83,9.84,13.64,1.64,9.57,10.93
US-xSC,-78.1395,38.8929,2011,4,20,25.9,9.57,13.17,3.38,17.16,0.05
US-xSC,-78.1395,38.8929,2011,4,21,15.23,4.98,3.21,2.95,24.71,0
US-xSC,-78.1395,38.8929,2011,4,22,8.62,3.65,3.93,2.93,6.23,5.29
US-xSC,-78.1395,38.8929,2011,4,23,20.18,5.8,12.38,2.74,14.92,10.45
US-xSC,-78.1395,38.8929,2011,4,24,26.03,13.59,16.34,2.09,18.49,3.2
US-xSC,-78.1395,38.8929,2011,4,25,27.45,13.46,17.23,2.11,24.8,0.63
US-xSC,-78.1395,38.8929,2011,4,26,25.74,16.42,17.85,3.13,19.57,2.15
US-xSC,-78.1395,38.8929,2011,4,27,25.78,17.46,18.89,3.64,14.61,16.27
US-xSC,-78.1395,38.8929,2011,4,28,23.08,10.09,13.82,3.73,20.96,15.43
US-xSC,-78.1395,38.8929,2011,4,29,18.24,6.41,7.26,2.69,15.7,0.01
US-xSC,-78.1395,38.8929,2011,4,30,18.37,4.7,6.01,1.74,27.44,0.14
US-xSC,-78.1395,38.8929,2011,5,1,17.42,6.14,10.39,1.92,8.04,1.18
US-xSC,-78.1395,38.8929,2011,5,2,25.23,10.82,14.61,2.21,17.45,0.11
US-xSC,-78.1395,38.8929,2011,5,3,26.07,10.46,15.61,2.89,21.46,1.11
US-xSC,-78.1395,38.8929,2011,5,4,12.71,2.46,4.32,3.11,18.21,16.7
US-xSC,-78.1395,38.8929,2011,5,5,17.02,3.74,3.69,2.92,28.81,0
US-xSC,-78.1395,38.8929,2011,5,6,19.67,5.27,7.28,1.94,19.72,0.21
US-xSC,-78.1395,38.8929,2011,5,7,20.07,7.38,9.25,1.99,19.65,0.1
US-xSC,-78.1395,38.8929,2011,5,8,20.08,8.53,10.71,1.45,16.99,0.1
US-xSC,-78.1395,38.8929,2011,5,9,21.34,9,9.72,1.9,28.76,0
US-xSC,-78.1395,38.8929,2011,5,10,22.37,6.66,8.89,1.3,24.21,0.01
US-xSC,-78.1395,38.8929,2011,5,11,23.14,11.68,11.68,1.7,22.41,0.13
US-xSC,-78.1395,38.8929,2011,5,12,23.73,10.88,14.69,1.83,14.46,1.27
US-xSC,-78.1395,38.8929,2011,5,13,22.82,14.96,16.99,1.9,9.05,5.39
US-xSC,-78.1395,38.8929,2011,5,14,22.55,13.69,16.27,1.65,11.03,6.73
US-xSC,-78.1395,38.8929,2011,5,15,23.06,14.57,15.75,1.36,17.31,10.01
US-xSC,-78.1395,38.8929,2011,5,16,22.87,12.25,14.1,1.47,14.57,11.5
US-xSC,-78.1395,38.8929,2011,5,17,19.63,14.59,15.61,2.68,10.36,45.44
US-xSC,-78.1395,38.8929,2011,5,18,20.03,12.33,14.34,2.11,20.41,12.59
US-xSC,-78.1395,38.8929,2011,5,19,18.85,10.32,11.61,1.65,17.71,1.93
US-xSC,-78.1395,38.8929,2011,5,20,22.06,8.75,11.96,1.67,15.88,0.23
US-xSC,-78.1395,38.8929,2011,5,21,25.23,11.5,14.31,1.45,28.16,0
US-xSC,-78.1395,38.8929,2011,5,22,26.25,14.53,17.56,2.19,18.78,4.54
US-xSC,-78.1395,38.8929,2011,5,23,25.94,18.07,19.27,2.33,17.08,5.21
US-xSC,-78.1395,38.8929,2011,5,24,26.48,17.33,18.47,2.03,17.77,1.41
US-xSC,-78.1395,38.8929,2011,5,25,27.58,14.51,17.55,1.5,27.99,0
US-xSC,-78.1395,38.8929,2011,5,26,28.95,18.04,19.44,2.16,25.07,7.62
US-xSC,-78.1395,38.8929,2011,5,27,25.14,17.75,18.88,1.85,19.78,8.29
US-xSC,-78.1395,38.8929,2011,5,28,25.64,16.09,18.58,2.06,22.88,0.41
US-xSC,-78.1395,38.8929,2011,5,29,29.03,18.12,19.79,1.76,24.64,0
US-xSC,-78.1395,38.8929,2011,5,30,30.25,18.51,20.12,1.81,26.37,0
US-xSC,-78.1395,38.8929,2011,5,31,34.34,18.94,20.65,1.29,27.49,0
US-xSC,-78.1395,38.8929,2011,6,1,29.49,19.44,21.24,2,24.56,0.09
US-xSC,-78.1395,38.8929,2011,6,2,25.44,13.79,13.45,2.69,30.88,0
US-xSC,-78.1395,38.8929,2011,6,3,22.64,10.4,9.47,1.93,29.68,0
US-xSC,-78.1395,38.8929,2011,6,4,28.74,10.4,14.05,1.29,26.62,1.72
US-xSC,-78.1395,38.8929,2011,6,5,27.54,17.44,18.74,1.16,19.72,1.24
US-xSC,-78.1395,38.8929,2011,6,6,28.15,15.48,15.75,1.54,30.08,0.01
US-xSC,-78.1395,38.8929,2011,6,7,28.98,15.19,18,1.69,19.69,0.07
US-xSC,-78.1395,38.8929,2011,6,8,31.33,18.61,21.14,1.58,27.36,0.01
US-xSC,-78.1395,38.8929,2011,6,9,31.73,21.64,22.03,1.62,25.68,3.83
US-xSC,-78.1395,38.8929,2011,6,10,33.91,20.92,20.39,1.24,25.76,5.38
US-xSC,-78.1395,38.8929,2011,6,11,31.11,19.88,20.14,1.08,21.58,5.4
US-xSC,-78.1395,38.8929,2011,6,12,29.54,18.78,19.82,1.32,22.04,4.11
US-xSC,-78.1395,38.8929,2011,6,13,23.54,14.28,12.35,2.29,27.55,0
US-xSC,-78.1395,38.8929,2011,6,14,22.7,12.05,12.47,2.08,20.82,0
US-xSC,-78.1395,38.8929,2011,6,15,25.26,11.33,11.41,1.35,27.37,0
US-xSC,-78.1395,38.8929,2011,6,16,25.83,13.37,15.39,2.06,17.7,6.29
US-xSC,-78.1395,38.8929,2011,6,17,27.84,14.39,17.31,1.74,20.62,2.86
US-xSC,-78.1395,38.8929,2011,6,18,28.84,16.96,18.91,1.21,18.22,4.64
US-xSC,-78.1395,38.8929,2011,6,19,28.33,18.45,19.07,1.35,12.19,14.74
US-xSC,-78.1395,38.8929,2011,6,20,25.92,16.94,17.87,1.6,15.23,14.08
US-xSC,-78.1395,38.8929,2011,6,21,31.56,18.52,20.62,1.34,19.6,4.05
US-xSC,-78.1395,38.8929,2011,6,22,30.36,20.44,21.19,1.68,19.99,0.2
US-xSC,-78.1395,38.8929,2011,6,23,27.79,19.76,19.54,2,11.42,0.38
US-xSC,-78.1395,38.8929,2011,6,24,27.09,17.78,17.01,2.18,21.87,0.02
US-xSC,-78.1395,38.8929,2011,6,25,26.48,15.41,15.68,1.71,18.46,0
US-xSC,-78.1395,38.8929,2011,6,26,26.96,14.5,15.22,0.96,19.43,0.69
US-xSC,-78.1395,38.8929,2011,6,27,27.23,17.97,17.66,0.95,17.73,2.91
US-xSC,-78.1395,38.8929,2011,6,28,30.23,18.7,20.76,1.52,19.91,2.78
US-xSC,-78.1395,38.8929,2011,6,29,28.36,17.93,15.44,2.22,31.13,0
US-xSC,-78.1395,38.8929,2011,6,30,28.44,14.6,13.72,1.75,29.22,0
US-xSC,-78.1395,38.8929,2011,7,1,30.18,15.53,13.48,1.64,30.68,0
US-xSC,-78.1395,38.8929,2011,7,2,33.49,17.36,15.24,0.99,27.66,2
US-xSC,-78.1395,38.8929,2011,7,3,32.56,20.32,20.39,1.47,23.12,5.76
US-xSC,-78.1395,38.8929,2011,7,4,27.73,19.77,20.26,1.26,13.2,3.04
US-xSC,-78.1395,38.8929,2011,7,5,31.51,17.97,18.28,1.14,26.11,1.37
US-xSC,-78.1395,38.8929,2011,7,6,32.7,18.7,17.96,1.22,20.78,1.5
US-xSC,-78.1395,38.8929,2011,7,7,34.19,19.11,18.19,1.19,27.32,3.04
US-xSC,-78.1395,38.8929,2011,7,8,26.82,19.33,20.69,1.44,11.97,16.73
US-xSC,-78.1395,38.8929,2011,7,9,31.25,17.44,15.54,1.47,28.55,0.17
US-xSC,-78.1395,38.8929,2011,7,10,33.62,19.44,15.75,0.95,27.72,0
US-xSC,-78.1395,38.8929,2011,7,11,35.04,19.92,20.13,1.74,25.94,0.55
US-xSC,-78.1395,38.8929,2011,7,12,34.33,23.04,21.61,2.05,25.64,0
US-xSC,-78.1395,38.8929,2011,7,13,32.74,19.97,19.76,1.89,16.96,5.15
US-xSC,-78.1395,38.8929,2011,7,14,28.54,16.55,12.28,1.93,27.88,0
US-xSC,-78.1395,38.8929,2011,7,15,28.22,15.19,12.6,1.87,26,0
US-xSC,-78.1395,38.8929,2011,7,16,28.69,14.51,14.16,1.88,23.8,0
US-xSC,-78.1395,38.8929,2011,7,17,32.31,16.94,16.59,1.38,25.91,0
US-xSC,-78.1395,38.8929,2011,7,18,35.47,19.56,18.56,1.43,25.75,0.11
US-xSC,-78.1395,38.8929,2011,7,19,34.64,23.44,20.94,1.26,16.82,1.04
US-xSC,-78.1395,38.8929,2011,7,20,36.25,21.54,20.38,0.9,24.05,0.15
US-xSC,-78.1395,38.8929,2011,7,21,38.93,22.66,19.72,1.54,26.88,0.01
US-xSC,-78.1395,38.8929,2011,7,22,35.69,25.27,23.33,1.46,24.6,2.43
US-xSC,-78.1395,38.8929,2011,7,23,36.87,23.54,21.06,1.37,20.16,0.49
US-xSC,-78.1395,38.8929,2011,7,24,32.71,24.49,21.75,1.49,15.71,1.41
US-xSC,-78.1395,38.8929,2011,7,25,33.4,23.06,21.33,0.85,18.48,2.45
US-xSC,-78.1395,38.8929,2011,7,26,35.97,21.56,16.76,1.8,27.58,0.19
US-xSC,-78.1395,38.8929,2011,7,27,34.57,19.84,13.78,1.52,25.97,0.04
US-xSC,-78.1395,38.8929,2011,7,28,36.41,19.38,16.33,1.02,23.88,0.12
US-xSC,-78.1395,38.8929,2011,7,29,37.62,24.52,19.37,2.09,24.74,0.63
US-xSC,-78.1395,38.8929,2011,7,30,33.9,23.35,17.66,1.32,22.16,0.03
US-xSC,-78.1395,38.8929,2011,7,31,35.75,20.04,13.23,1.77,24.18,0.12
US-xSC,-78.1395,38.8929,2011,8,1,36.09,20.8,16.16,1.81,24.89,0.89
US-xSC,-78.1395,38.8929,2011,8,2,34.61,20.85,16.83,1.92,24.71,0.08
US-xSC,-78.1395,38.8929,2011,8,3,32.69,21.67,18.88,1.6,8.86,4.38
US-xSC,-78.1395,38.8929,2011,8,4,31.7,21.97,20.12,1.96,20.11,0.69
US-xSC,-78.1395,38.8929,2011,8,5,32.2,20.69,19.17,1.95,15.36,0.49
US-xSC,-78.1395,38.8929,2011,8,6,31.6,20.85,20.83,2.09,12.67,15.18
US-xSC,-78.1395,38.8929,2011,8,7,31.72,22.32,21.53,2.19,17.69,2.34
US-xSC,-78.1395,38.8929,2011,8,8,34.26,20.98,18.32,1.98,25.08,0.14
US-xSC,-78.1395,38.8929,2011,8,9,33.89,21.59,18.12,2.28,18.21,1.95
US-xSC,-78.1395,38.8929,2011,8,10,31.84,19.64,14.52,2.43,22.06,0
US-xSC,-78.1395,38.8929,2011,8,11,31.15,17.43,12.03,1.63,23.93,0
US-xSC,-78.1395,38.8929,2011,8,12,31.55,14.81,9.51,1.32,25.11,0
US-xSC,-78.1395,38.8929,2011,8,13,29.19,18.09,18.51,2.32,14.39,8.33
US-xSC,-78.1395,38.8929,2011,8,14,29.87,20.04,19.33,1.53,21.03,13.45
US-xSC,-78.1395,38.8929,2011,8,15,24.22,18.49,17.35,1.89,16.18,4.3
US-xSC,-78.1395,38.8929,2011,8,16,30.32,16.94,15.46,2.41,22.44,0.23
US-xSC,-78.1395,38.8929,2011,8,17,32.46,16.82,14.42,1.44,21.33,0.06
US-xSC,-78.1395,38.8929,2011,8,18,32.4,19.15,16.21,1.49,22.2,6.25
US-xSC,-78.1395,38.8929,2011,8,19,30.9,16.9,16.18,1.14,13.69,3.35
US-xSC,-78.1395,38.8929,2011,8,20,33.01,15.99,15.17,1.18,24.63,0.06
US-xSC,-78.1395,38.8929,2011,8,21,33.87,20.5,17.51,1.67,16.74,4.26
US-xSC,-78.1395,38.8929,2011,8,22,27.66,15.61,11.36,2.32,24.26,0
US-xSC,-78.1395,38.8929,2011,8,23,28.56,12.37,7.55,1.31,24.9,0
US-xSC,-78.1395,38.8929,2011,8,24,30.37,14.43,13.67,2.65,21.55,0
US-xSC,-78.1395,38.8929,2011,8,25,32.33,20.25,18.96,2.3,11.41,6.02
US-xSC,-78.1395,38.8929,2011,8,26,32.15,16.63,18.14,1.39,18.47,0.22
US-xSC,-78.1395,38.8929,2011,8,27,26.16,21.25,20.54,3.8,5.33,14.21
US-xSC,-78.1395,38.8929,2011,8,28,29.45,18.85,16.23,4.18,22.54,9.09
US-xSC,-78.1395,38.8929,2011,8,29,24.42,14.97,11.71,1.47,15.4,0.71
US-xSC,-78.1395,38.8929,2011,8,30,29.08,12.2,10.64,1.58,24.6,0
US-xSC,-78.1395,38.8929,2011,8,31,29.98,14.92,12.96,1.61,21.09,0
US-xSC,-78.1395,38.8929,2011,9,1,31.29,16.08,16.84,1.44,14.55,5.53
US-xSC,-78.1395,38.8929,2011,9,2,28.88,18.14,18.63,1.63,13.47,1.56
US-xSC,-78.1395,38.8929,2011,9,3,32.93,18.32,20.13,1.28,14.21,1.71
US-xSC,-78.1395,38.8929,2011,9,4,30.98,20.56,21.07,1.43,17.33,7.66
US-xSC,-78.1395,38.8929,2011,9,5,27.48,16.62,20.26,1.43,7.16,34.95
US-xSC,-78.1395,38.8929,2011,9,6,17.93,14.61,14.53,2.9,3.82,39.73
US-xSC,-78.1395,38.8929,2011,9,7,26.83,14.97,18.73,1.41,8.58,12.1
US-xSC,-78.1395,38.8929,2011,9,8,23.12,17.31,19.35,1.26,7.29,8.57
US-xSC,-78.1395,38.8929,2011,9,9,26.95,17.23,19.51,1.78,16.67,5.85
US-xSC,-78.1395,38.8929,2011,9,10,26.41,16.49,17.27,1.99,19.1,0.38
US-xSC,-78.1395,38.8929,2011,9,11,26.65,14.61,16.36,1.25,19.45,2.93
US-xSC,-78.1395,38.8929,2011,9,12,26.17,14.15,15.82,1.21,18.31,1.11
US-xSC,-78.1395,38.8929,2011,9,13,27.65,14.86,16.25,1.53,21.27,0
US-xSC,-78.1395,38.8929,2011,9,14,30.44,15.74,18.12,1.32,19.36,10.92
US-xSC,-78.1395,38.8929,2011,9,15,21.64,8.41,13.8,2.69,6.88,3.29
US-xSC,-78.1395,38.8929,2011,9,16,15.45,5.47,4.95,1.39,14.73,0.01
US-xSC,-78.1395,38.8929,2011,9,17,15.11,7.11,7.41,1.65,10.46,0.36
US-xSC,-78.1395,38.8929,2011,9,18,19.82,8.62,10.04,1.61,14.02,0.03
US-xSC,-78.1395,38.8929,2011,9,19,20.38,10.24,12.63,1.85,7.17,0.84
US-xSC,-78.1395,38.8929,2011,9,20,24.04,14.47,16.05,1.34,12.41,5.7
US-xSC,-78.1395,38.8929,2011,9,21,23.16,14.24,17.16,1.52,8.36,1.84
US-xSC,-78.1395,38.8929,2011,9,22,24.91,16.68,18.19,1.25,11.5,0.9
US-xSC,-78.1395,38.8929,2011,9,23,22.17,15.83,18.08,1.16,5.13,11.45
US-xSC,-78.1395,38.8929,2011,9,24,24.02,14.93,17.06,1.41,10.18,0.7
US-xSC,-78.1395,38.8929,2011,9,25,21.93,17.57,18.81,1.4,7.54,3.52
US-xSC,-78.1395,38.8929,2011,9,26,26.21,17.05,19.12,1.73,9.75,2.61
US-xSC,-78.1395,38.8929,2011,9,27,25.45,18.74,20.34,1.9,12.57,10.02
US-xSC,-78.1395,38.8929,2011,9,28,23.58,16.15,17.85,1.48,11.12,3.17
US-xSC,-78.1395,38.8929,2011,9,29,22.36,12.58,12.91,1.97,14.65,0.37
US-xSC,-78.1395,38.8929,2011,9,30,21.99,10.13,10.21,2.24,12.62,0.01
US-xSC,-78.1395,38.8929,2011,10,1,10.79,5.3,5.02,3.24,13.12,16.41
US-xSC,-78.1395,38.8929,2011,10,2,9.91,4.79,4.23,2.84,6.58,3.83
US-xSC,-78.1395,38.8929,2011,10,3,9.84,4.93,6.31,1.63,5.92,3.66
US-xSC,-78.1395,38.8929,2011,10,4,18.81,7.2,9.75,2.57,10.9,0.25
US-xSC,-78.1395,38.8929,2011,10,5,21.69,8.47,10.51,2.36,18.87,0
US-xSC,-78.1395,38.8929,2011,10,6,19.93,5.94,7.06,1.29,18.46,0
US-xSC,-78.1395,38.8929,2011,10,7,21.76,6.79,8.87,1.71,18.26,0
US-xSC,-78.1395,38.8929,2011,10,8,22.01,10.52,9.47,1.58,18.21,0
US-xSC,-78.1395,38.8929,2011,10,9,25.61,8.86,9.04,1.34,17.84,0
US-xSC,-78.1395,38.8929,2011,10,10,25.57,10.33,11.16,1.47,13.54,0
US-xSC,-78.1395,38.8929,2011,10,11,20.2,11.13,14.96,1.66,7.05,2.41
US-xSC,-78.1395,38.8929,2011,10,12,17.52,14.36,15.35,2.98,2.62,22.09
US-xSC,-78.1395,38.8929,2011,10,13,22.49,14.46,17.04,1.82,5.23,10.28
US-xSC,-78.1395,38.8929,2011,10,14,19.08,10.88,11.33,2.83,11.87,7.56
US-xSC,-78.1395,38.8929,2011,10,15,18.04,9.16,5.85,3.55,17.7,0.19
US-xSC,-78.1395,38.8929,2011,10,16,20.45,7.04,7.42,3.06,16.47,0.01
US-xSC,-78.1395,38.8929,2011,10,17,19.8,9.55,9.24,2.11,15.84,0.26
US-xSC,-78.1395,38.8929,2011,10,18,21.28,8.23,9.73,1.46,12.75,1.6
US-xSC,-78.1395,38.8929,2011,10,19,20.53,12.75,15.84,2.43,3.74,9.22
US-xSC,-78.1395,38.8929,2011,10,20,15.16,6.58,5.12,3.44,9.82,0.4
US-xSC,-78.1395,38.8929,2011,10,21,13.76,4.63,4.23,2.19,8.79,0.05
US-xSC,-78.1395,38.8929,2011,10,22,15.99,2.47,4.54,1.22,11.79,0
US-xSC,-78.1395,38.8929,2011,10,23,17.16,4.08,6.55,1.33,14.82,0
US-xSC,-78.1395,38.8929,2011,10,24,19.73,7.19,8.96,1.55,9.57,0.62
US-xSC,-78.1395,38.8929,2011,10,25,18.51,5.8,6.51,2.05,15.59,0.01
US-xSC,-78.1395,38.8929,2011,10,26,18.49,8.39,10.5,1.95,6.27,0.14
US-xSC,-78.1395,38.8929,2011,10,27,20.18,4.74,10.19,2.78,5.18,1.63
US-xSC,-78.1395,38.8929,2011,10,28,7.03,0.63,0.66,1.63,6.56,2.8
US-xSC,-78.1395,38.8929,2011,10,29,2.4,-0.47,0.49,2.57,5.62,22.99
US-xSC,-78.1395,38.8929,2011,10,30,9.49,-3.17,-1.76,1.9,14.63,0.02
US-xSC,-78.1395,38.8929,2011,10,31,8.08,-2.05,0.42,1.62,10.79,0
US-xSC,-78.1395,38.8929,2011,11,1,12.42,-0.02,3.26,1.74,14.3,0
US-xSC,-78.1395,38.8929,2011,11,2,15.57,1.53,5.28,1.86,14.24,0
US-xSC,-78.1395,38.8929,2011,11,3,16.84,3.06,5.84,1.57,13.52,0
US-xSC,-78.1395,38.8929,2011,11,4,12.11,3.08,3.07,2.91,8.33,0.02
US-xSC,-78.1395,38.8929,2011,11,5,9.69,-1.2,-1.92,2.19,14.44,0
US-xSC,-78.1395,38.8929,2011,11,6,13.23,-2.65,2.49,2.16,14.01,0
US-xSC,-78.1395,38.8929,2011,11,7,19.2,3.16,4.8,1.43,12.58,0
US-xSC,-78.1395,38.8929,2011,11,8,19.11,2.87,3.98,2.18,13.85,0
US-xSC,-78.1395,38.8929,2011,11,9,17.76,2.2,5.8,2.19,13.42,0
US-xSC,-78.1395,38.8929,2011,11,10,9.56,2.23,4.33,2.29,4.51,0.54
US-xSC,-78.1395,38.8929,2011,11,11,7.37,-1.84,-2.44,2.85,10.28,0.01
US-xSC,-78.1395,38.8929,2011,11,12,16.31,-3.08,0.77,2.29,13.13,0
US-xSC,-78.1395,38.8929,2011,11,13,15.59,1.63,4.06,2.51,8.52,0
US-xSC,-78.1395,38.8929,2011,11,14,21.27,6.43,10.46,2.82,9.63,0
US-xSC,-78.1395,38.8929,2011,11,15,15.34,12.19,12.84,1.23,2.5,7.47
US-xSC,-78.1395,38.8929,2011,11,16,15.68,5.71,11.72,1.69,2.36,11.51
US-xSC,-78.1395,38.8929,2011,11,17,7.37,-0.05,-0.97,3.02,4.06,3.19
US-xSC,-78.1395,38.8929,2011,11,18,7.76,-4.4,-6.57,1.95,11.82,0
US-xSC,-78.1395,38.8929,2011,11,19,11.5,-3.17,-1.96,2.45,11.49,0
US-xSC,-78.1395,38.8929,2011,11,20,16.36,4.5,9.09,1.87,4.31,2.29
US-xSC,-78.1395,38.8929,2011,11,21,12.91,7.77,9.77,1.6,3.87,5.6
US-xSC,-78.1395,38.8929,2011,11,22,14.42,6.68,8.92,1.61,2.29,16.51
US-xSC,-78.1395,38.8929,2011,11,23,15.04,3.79,7.2,4.17,6.85,10.5
US-xSC,-78.1395,38.8929,2011,11,24,14.25,0.21,2.11,2.24,11,0
US-xSC,-78.1395,38.8929,2011,11,25,18.33,-1.34,1.72,2,11.28,0
US-xSC,-78.1395,38.8929,2011,11,26,17.72,2.17,4.55,1.68,8.9,0
US-xSC,-78.1395,38.8929,2011,11,27,18.76,5.43,9.54,2.93,8.73,0
US-xSC,-78.1395,38.8929,2011,11,28,19.14,9.74,12.79,2.43,6.72,0.6
US-xSC,-78.1395,38.8929,2011,11,29,15.1,4.93,8.66,3.12,4.78,18.15
US-xSC,-78.1395,38.8929,2011,11,30,7.31,-0.11,-0.42,3.03,5.58,0.08
US-xSC,-78.1395,38.8929,2011,12,1,10.38,-2.2,-3.17,1.62,10.33,0
US-xSC,-78.1395,38.8929,2011,12,2,12.46,-3.75,-0.99,1.87,10.78,0
US-xSC,-78.1395,38.8929,2011,12,3,7.77,-3.29,-0.45,1.74,9.96,0
US-xSC,-78.1395,38.8929,2011,12,4,11.11,-1.06,1.93,2.32,9.81,0
US-xSC,-78.1395,38.8929,2011,12,5,12.72,3.4,7.25,1.93,5.55,0.44
US-xSC,-78.1395,38.8929,2011,12,6,15.65,10.9,12.93,2.24,1.8,2.92
US-xSC,-78.1395,38.8929,2011,12,7,12.01,0.64,5.93,3.03,1.49,44.64
US-xSC,-78.1395,38.8929,2011,12,8,3.98,-4.4,-4.18,2.46,10.66,0
US-xSC,-78.1395,38.8929,2011,12,9,7.55,-5.2,-1.7,1.86,10.3,0
US-xSC,-78.1395,38.8929,2011,12,10,3.91,-5.8,-4.23,2.37,9.75,0
US-xSC,-78.1395,38.8929,2011,12,11,3.77,-6.03,-6.62,1.45,10.73,0
US-xSC,-78.1395,38.8929,2011,12,12,3.53,-4.35,-3.98,1.5,8.76,0
US-xSC,-78.1395,38.8929,2011,12,13,7.83,-3.14,-1.92,1.98,9.94,0
US-xSC,-78.1395,38.8929,2011,12,14,7.34,-1.22,0.82,1.7,4.91,0
US-xSC,-78.1395,38.8929,2011,12,15,13.26,2.23,7.32,3.02,6.38,0.17
US-xSC,-78.1395,38.8929,2011,12,16,11.73,0.46,0.73,2.49,2.95,0.07
US-xSC,-78.1395,38.8929,2011,12,17,3.83,-4.45,-3.44,2.04,5.07,0.04
US-xSC,-78.1395,38.8929,2011,12,18,3.65,-3.56,-4.09,1.91,6.28,0.01
US-xSC,-78.1395,38.8929,2011,12,19,9.48,-3.84,-0.41,2.24,8.96,0.01
US-xSC,-78.1395,38.8929,2011,12,20,11.17,2.21,4.5,1.57,5.37,0.05
US-xSC,-78.1395,38.8929,2011,12,21,11.76,5.31,8.24,2.57,2.48,2.25
US-xSC,-78.1395,38.8929,2011,12,22,12.81,4.33,7.5,1.55,6.01,13.15
US-xSC,-78.1395,38.8929,2011,12,23,9.92,-1.21,2.76,2.85,6.77,6.09
US-xSC,-78.1395,38.8929,2011,12,24,6.45,-2.72,-2.4,1.96,8.98,0.02
US-xSC,-78.1395,38.8929,2011,12,25,9.68,-3.76,-0.86,2.26,8.79,0.02
US-xSC,-78.1395,38.8929,2011,12,26,7.52,-0.07,-1.5,2.81,10.46,0.05
US-xSC,-78.1395,38.8929,2011,12,27,5.92,0.49,1.72,2.92,2.34,11.15
US-xSC,-78.1395,38.8929,2011,12,28,3.23,-4.57,-3.98,3.7,9.86,0.03
US-xSC,-78.1395,38.8929,2011,12,29,1.78,-4.87,-2.59,1.76,3.91,0.02
US-xSC,-78.1395,38.8929,2011,12,30,9.51,-1.57,2.23,1.96,6.54,0.3
US-xSC,-78.1395,38.8929,2011,12,31,11.4,-0.02,4.66,2.29,6.12,0.43
US-xSC,-78.1395,38.8929,2012,1,1,12.25,-0.49,3.36,3.35,6.94,0.37
US-xSC,-78.1395,38.8929,2012,1,2,2.48,-3.33,-6.17,3.87,6.12,0.09
US-xSC,-78.1395,38.8929,2012,1,3,-3.07,-6.91,-10.79,4.5,6.84,0.15
US-xSC,-78.1395,38.8929,2012,1,4,-1.46,-9.03,-9.06,2.02,5.11,0
US-xSC,-78.1395,38.8929,2012,1,5,5.67,-4.63,-2.61,2.27,8.67,0
US-xSC,-78.1395,38.8929,2012,1,6,12.34,-1.28,1.73,2.46,9.62,0
US-xSC,-78.1395,38.8929,2012,1,7,14.9,-1.35,3.52,2.73,5.92,0
US-xSC,-78.1395,38.8929,2012,1,8,8.18,-3.42,-0.86,2.03,9.33,0
US-xSC,-78.1395,38.8929,2012,1,9,3.44,-3.75,-2.17,1.62,3.26,0.82
US-xSC,-78.1395,38.8929,2012,1,10,9.51,-1.91,-0.36,2.44,10.91,0
US-xSC,-78.1395,38.8929,2012,1,11,3.93,-2.21,1.31,2.01,1.74,23.74
US-xSC,-78.1395,38.8929,2012,1,12,11.33,0.47,4.86,2.4,9.25,5.07
US-xSC,-78.1395,38.8929,2012,1,13,5.92,-4.88,-7.73,4.89,10.69,1.44
US-xSC,-78.1395,38.8929,2012,1,14,0.97,-5.3,-7.88,2.82,9.66,0
US-xSC,-78.1395,38.8929,2012,1,15,0.05,-6.29,-9.03,2.18,11.24,0
US-xSC,-78.1395,38.8929,2012,1,16,2.29,-9.37,-4.76,3.51,8.94,0.15
US-xSC,-78.1395,38.8929,2012,1,17,12.17,1.17,4.67,3.96,6.99,3.29
US-xSC,-78.1395,38.8929,2012,1,18,3.72,-6,-5.68,3.96,10,0.29
US-xSC,-78.1395,38.8929,2012,1,19,2.53,-5.83,-5.64,2.67,11.31,0.05
US-xSC,-78.1395,38.8929,2012,1,20,-0.12,-5.51,-6.78,2.16,6.15,1.9
US-xSC,-78.1395,38.8929,2012,1,21,-0.26,-6.68,-3.77,2.39,2.26,4.78
US-xSC,-78.1395,38.8929,2012,1,22,0.86,-8.13,-4.26,2.18,4.54,0.05
US-xSC,-78.1395,38.8929,2012,1,23,2.73,-1.72,0.28,2.78,2.58,1.29
US-xSC,-78.1395,38.8929,2012,1,24,9.05,-1.94,1.78,2.2,9.4,0
US-xSC,-78.1395,38.8929,2012,1,25,6.34,-3.28,-1.1,1.75,10.87,0.02
US-xSC,-78.1395,38.8929,2012,1,26,7.32,-0.11,3.57,1.87,6.85,0.93
US-xSC,-78.1395,38.8929,2012,1,27,13.42,-0.11,5.9,4.7,8.29,7.41
US-xSC,-78.1395,38.8929,2012,1,28,11.05,-2.83,-1.12,3.19,11.39,0
US-xSC,-78.1395,38.8929,2012,1,29,6.2,-4.97,-4.76,3.25,12.47,0.11
US-xSC,-78.1395,38.8929,2012,1,30,6.82,-5.17,-4.47,2.6,13.35,0.01
US-xSC,-78.1395,38.8929,2012,1,31,15.97,-0.13,3.28,2.92,12.28,0.01
US-xSC,-78.1395,38.8929,2012,2,1,16.77,4.28,6.81,2.71,8.26,0.03
US-xSC,-78.1395,38.8929,2012,2,2,11.7,-0.51,3.4,2.87,11.15,3.91
US-xSC,-78.1395,38.8929,2012,2,3,9.9,-3.58,-1.21,1.8,13.64,0
US-xSC,-78.1395,38.8929,2012,2,4,4.9,-2.19,0.32,1.7,2.66,1.85
US-xSC,-78.1395,38.8929,2012,2,5,4.36,-3.61,-1.3,1.64,5.37,1.82
US-xSC,-78.1395,38.8929,2012,2,6,9.34,-4.25,-2.04,2.2,13.75,0
US-xSC,-78.1395,38.8929,2012,2,7,10.7,-2.61,-0.53,2.45,14.47,0
US-xSC,-78.1395,38.8929,2012,2,8,5.48,-2.96,-0.97,1.62,3.74,2.36
US-xSC,-78.1395,38.8929,2012,2,9,6.61,-4.7,-5.15,2.17,14.75,0
US-xSC,-78.1395,38.8929,2012,2,10,5.37,-4.61,-2.35,1.49,8.18,0.87
US-xSC,-78.1395,38.8929,2012,2,11,3.24,-6.61,-5.22,4.38,7.92,2.01
US-xSC,-78.1395,38.8929,2012,2,12,-2.7,-7.78,-10.91,5.49,14.48,0.04
US-xSC,-78.1395,38.8929,2012,2,13,6.88,-7.4,-5.4,2.51,15.65,0
US-xSC,-78.1395,38.8929,2012,2,14,9.29,-1.03,-0.39,1.87,9.74,0.06
US-xSC,-78.1395,38.8929,2012,2,15,10.14,-1.41,-0.26,2.27,15.31,0.01
US-xSC,-78.1395,38.8929,2012,2,16,9.3,-0.54,3.55,2.44,2.79,6.1
US-xSC,-78.1395,38.8929,2012,2,17,9.77,-1.26,0.62,2.8,15.43,0.04
US-xSC,-78.1395,38.8929,2012,2,18,13,-3.08,0.09,2.87,15.51,0
US-xSC,-78.1395,38.8929,2012,2,19,4.78,-1.65,-1.93,2.18,6.62,1.1
US-xSC,-78.1395,38.8929,2012,2,20,8.25,-2.49,-3,2.61,16.87,0.02
US-xSC,-78.1395,38.8929,2012,2,21,7.72,-3.71,-0.5,3.5,13.64,0.06
US-xSC,-78.1395,38.8929,2012,2,22,14.01,-0.43,4.32,2.94,15.03,0.27
US-xSC,-78.1395,38.8929,2012,2,23,15.61,3.42,5.77,2.57,13.94,3.33
US-xSC,-78.1395,38.8929,2012,2,24,19.26,3.07,7.04,3.79,9.78,3.18
US-xSC,-78.1395,38.8929,2012,2,25,3.27,-2.22,-5.77,5.73,14.31,0.08
US-xSC,-78.1395,38.8929,2012,2,26,8.28,-4.81,-4.63,2.19,17.34,0
US-xSC,-78.1395,38.8929,2012,2,27,16.27,-3.17,2.08,2.97,16.72,0
US-xSC,-78.1395,38.8929,2012,2,28,12.37,-2.72,-1.3,2.08,17.02,0
US-xSC,-78.1395,38.8929,2012,2,29,14.63,0.22,6.87,3.74,5.46,34.74
US-xSC,-78.1395,38.8929,2012,3,1,15.16,1.79,6.31,3.41,18.55,0.02
US-xSC,-78.1395,38.8929,2012,3,2,10.5,-1.37,3.29,2.98,7.11,2.62
US-xSC,-78.1395,38.8929,2012,3,3,12.03,2.52,2.44,3.66,13.7,9.98
US-xSC,-78.1395,38.8929,2012,3,4,5.14,-1.48,-3.13,2.97,12.86,0.33
US-xSC,-78.1395,38.8929,2012,3,5,3.82,-3.46,-3.98,2.46,8.95,1.65
US-xSC,-78.1395,38.8929,2012,3,6,8.18,-5.36,-3.72,2.21,18.16,0
US-xSC,-78.1395,38.8929,2012,3,7,16.58,-1.87,3.6,3.33,19.63,0
US-xSC,-78.1395,38.8929,2012,3,8,18.77,8.52,9.97,4.73,11.88,0.58
US-xSC,-78.1395,38.8929,2012,3,9,11.78,-0.46,-0.62,4.05,16.87,0.18
US-xSC,-78.1395,38.8929,2012,3,10,8.4,-4.14,-5.19,2.11,20.88,0
US-xSC,-78.1395,38.8929,2012,3,11,17.02,-3.05,1.65,2.47,19.45,0
US-xSC,-78.1395,38.8929,2012,3,12,20.02,2.46,7.72,1.94,16.66,0.25
US-xSC,-78.1395,38.8929,2012,3,13,23.62,10.3,12.92,2.68,16.81,0.02
US-xSC,-78.1395,38.8929,2012,3,14,25.16,9.32,10.09,1.96,20.02,0
US-xSC,-78.1395,38.8929,2012,3,15,25.87,10.05,11.62,1.82,13.61,0.22
US-xSC,-78.1395,38.8929,2012,3,16,20.91,10.95,12.86,0.96,8,0.37
US-xSC,-78.1395,38.8929,2012,3,17,22.98,10.42,13.42,2.11,16.76,0
US-xSC,-78.1395,38.8929,2012,3,18,20.17,9.07,12.54,2.23,12.95,2.02
US-xSC,-78.1395,38.8929,2012,3,19,21.02,10.42,14.09,1.63,17,1.81
US-xSC,-78.1395,38.8929,2012,3,20,22.87,11.12,14.42,1.68,15.77,0.96
US-xSC,-78.1395,38.8929,2012,3,21,21.71,11.61,14.36,1.77,9.07,0.31
US-xSC,-78.1395,38.8929,2012,3,22,26.77,12.09,15.03,1.14,18.19,0.39
US-xSC,-78.1395,38.8929,2012,3,23,26.05,11.89,15.75,1.89,19.22,0.74
US-xSC,-78.1395,38.8929,2012,3,24,18.49,12.71,14.93,1.63,8.86,14.83
US-xSC,-78.1395,38.8929,2012,3,25,17.46,9.18,10.91,2.42,7.46,3.53
US-xSC,-78.1395,38.8929,2012,3,26,12.71,0.74,1.49,4.66,23.74,0.15
US-xSC,-78.1395,38.8929,2012,3,27,13.4,-3.29,-4.35,1.81,22.68,0
US-xSC,-78.1395,38.8929,2012,3,28,24.68,5.06,10.39,3.49,16.05,1.33
US-xSC,-78.1395,38.8929,2012,3,29,16.21,4.13,5.48,3.17,23.88,0
US-xSC,-78.1395,38.8929,2012,3,30,15,1.54,5.57,2.14,12.73,1.91
US-xSC,-78.1395,38.8929,2012,3,31,17.41,6.85,9.59,2.24,15.7,0.3
US-xSC,-78.1395,38.8929,2012,4,1,20.02,4.38,7.52,1.43,18.03,3.53
US-xSC,-78.1395,38.8929,2012,4,2,15.62,4.85,3.39,3.25,24.32,0.04
US-xSC,-78.1395,38.8929,2012,4,3,23.38,0.3,2.83,1.3,24.09,0.04
US-xSC,-78.1395,38.8929,2012,4,4,22.49,7.73,10.24,2.47,11.83,0.14
US-xSC,-78.1395,38.8929,2012,4,5,14.91,3.85,1.75,1.56,16.23,0.01
US-xSC,-78.1395,38.8929,2012,4,6,14.29,0.25,-0.63,2.94,26.15,0
US-xSC,-78.1395,38.8929,2012,4,7,16.34,0.33,-0.81,2.84,26.32,0
US-xSC,-78.1395,38.8929,2012,4,8,19.69,2.28,2.77,3.13,23.41,0
US-xSC,-78.1395,38.8929,2012,4,9,16.94,5.54,3.25,3.44,19.84,0.91
US-xSC,-78.1395,38.8929,2012,4,10,15.68,2.9,1.41,3.34,26.15,0.01
US-xSC,-78.1395,38.8929,2012,4,11,8.73,1.67,-0.73,3.24,15.6,0.19
US-xSC,-78.1395,38.8929,2012,4,12,14.61,1.04,0.85,2.86,23.49,0
US-xSC,-78.1395,38.8929,2012,4,13,18.51,2.69,1.43,1.41,26.01,0
US-xSC,-78.1395,38.8929,2012,4,14,22.35,5.48,6.75,2.09,19.03,0.59
US-xSC,-78.1395,38.8929,2012,4,15,27.28,12.02,13.91,2.55,17.84,0.03
US-xSC,-78.1395,38.8929,2012,4,16,30.08,11.44,15.22,2.57,25.63,0
US-xSC,-78.1395,38.8929,2012,4,17,22.57,11.77,7.57,2.61,16.63,0.01
US-xSC,-78.1395,38.8929,2012,4,18,13.07,8.32,8.03,1.22,6.16,8.52
US-xSC,-78.1395,38.8929,2012,4,19,21.35,6.78,8.11,1.39,20.88,0.33
US-xSC,-78.1395,38.8929,2012,4,20,23.05,8.22,10.04,2.33,20.72,0
US-xSC,-78.1395,38.8929,2012,4,21,25.12,8.73,11.18,2.59,15.74,3.2
US-xSC,-78.1395,38.8929,2012,4,22,8.69,4.12,5.23,3.34,5.37,17.42
US-xSC,-78.1395,38.8929,2012,4,23,7.76,3.15,1.32,4.07,8.12,6.8
US-xSC,-78.1395,38.8929,2012,4,24,14.9,1.99,0.26,2.87,24.97,0
US-xSC,-78.1395,38.8929,2012,4,25,19,1.74,2.05,1.92,26.15,0
US-xSC,-78.1395,38.8929,2012,4,26,20.65,9.88,12.24,2.16,13.93,1.95
US-xSC,-78.1395,38.8929,2012,4,27,15.51,5.09,1.07,3.12,28.34,0
US-xSC,-78.1395,38.8929,2012,4,28,14.3,2.68,2.05,1.34,10.12,4.37
US-xSC,-78.1395,38.8929,2012,4,29,21.34,5.48,5.23,1.53,26.27,1.5
US-xSC,-78.1395,38.8929,2012,4,30,19.27,5.73,10.51,2.28,11.69,3.05
US-xSC,-78.1395,38.8929,2012,5,1,27.44,16.01,15.94,2.21,19.42,2.45
US-xSC,-78.1395,38.8929,2012,5,2,26.91,15.68,17.35,1.49,17.99,3.58
US-xSC,-78.1395,38.8929,2012,5,3,30.73,13.91,16.88,1.26,23.4,2.46
US-xSC,-78.1395,38.8929,2012,5,4,28.82,17.08,17.56,1.6,13.01,2.52
US-xSC,-78.1395,38.8929,2012,5,5,25.06,15.65,17.44,1.75,11.32,6.72
US-xSC,-78.1395,38.8929,2012,5,6,23.98,14.03,15.19,1.56,13.24,0.53
US-xSC,-78.1395,38.8929,2012,5,7,22.38,14.3,14.11,2.96,11.79,0.36
US-xSC,-78.1395,38.8929,2012,5,8,22.24,12.77,15.44,3.09,8.4,6.59
US-xSC,-78.1395,38.8929,2012,5,9,22.1,11.88,14.04,1.67,10.21,3.14
US-xSC,-78.1395,38.8929,2012,5,10,18.11,8.76,6.31,3.16,23.6,0.09
US-xSC,-78.1395,38.8929,2012,5,11,21.27,5.51,3.93,2.29,30.73,0
US-xSC,-78.1395,38.8929,2012,5,12,23.73,7.28,7.91,1.63,23.54,0.03
US-xSC,-78.1395,38.8929,2012,5,13,25.22,11.62,14.13,1.57,18.39,2.55
US-xSC,-78.1395,38.8929,2012,5,14,21.07,15.08,15.75,2,5.81,21.93
US-xSC,-78.1395,38.8929,2012,5,15,26.32,15.67,15.99,1.54,18.82,4.16
US-xSC,-78.1395,38.8929,2012,5,16,27.84,13.6,13.66,1.61,25.79,0.05
US-xSC,-78.1395,38.8929,2012,5,17,22.41,10.97,7.26,2.24,28.45,0.23
US-xSC,-78.1395,38.8929,2012,5,18,23.58,8.46,7.79,1.77,27.12,0.02
US-xSC,-78.1395,38.8929,2012,5,19,26.5,10.96,9.53,1.43,28.13,0
US-xSC,-78.1395,38.8929,2012,5,20,27.21,12.89,12.2,2.25,24.9,0.04
US-xSC,-78.1395,38.8929,2012,5,21,23.79,16.31,17.11,1.74,12.72,8.85
US-xSC,-78.1395,38.8929,2012,5,22,24.88,16.24,17.35,1.08,18.42,11.93
US-xSC,-78.1395,38.8929,2012,5,23,24.44,16.13,17.19,1.03,18.39,10.04
US-xSC,-78.1395,38.8929,2012,5,24,26.54,15.7,16.77,1.75,18.92,3.99
US-xSC,-78.1395,38.8929,2012,5,25,30.01,16.21,17.61,1.45,25.12,0.83
US-xSC,-78.1395,38.8929,2012,5,26,31.3,17.47,18.9,1.35,23.9,0.77
US-xSC,-78.1395,38.8929,2012,5,27,30.65,19.48,19.01,1.76,25.86,5
US-xSC,-78.1395,38.8929,2012,5,28,32.69,18.62,18.86,1.46,27.13,0.17
US-xSC,-78.1395,38.8929,2012,5,29,31.82,20.1,19.6,1.95,25.67,11.12
US-xSC,-78.1395,38.8929,2012,5,30,29.13,17.9,15.89,1.54,24.42,4.5
US-xSC,-78.1395,38.8929,2012,5,31,27.94,15.78,13.09,1.59,28.01,0
US-xSC,-78.1395,38.8929,2012,6,1,25.6,15.44,16.98,2.61,11.39,16.28
US-xSC,-78.1395,38.8929,2012,6,2,21.72,10.43,9.21,2.28,24.17,0.02
US-xSC,-78.1395,38.8929,2012,6,3,24.23,10.49,10.38,2.22,26.16,0.43
US-xSC,-78.1395,38.8929,2012,6,4,22.7,13.54,10.99,2.7,20.94,0.05
US-xSC,-78.1395,38.8929,2012,6,5,19.33,11.93,10.7,1.79,14.44,0.91
US-xSC,-78.1395,38.8929,2012,6,6,25.15,11.72,10.78,0.87,15.7,0.59
US-xSC,-78.1395,38.8929,2012,6,7,25.45,11.59,11.02,1.86,25.04,0.86
US-xSC,-78.1395,38.8929,2012,6,8,27.92,12.35,11.5,2.04,27.98,0
US-xSC,-78.1395,38.8929,2012,6,9,31.4,14.46,12.47,2.03,28.3,0
US-xSC,-78.1395,38.8929,2012,6,10,33.24,15.85,14.11,1.52,27.24,0
US-xSC,-78.1395,38.8929,2012,6,11,29.96,18.21,17.11,2.28,12.6,2.65
US-xSC,-78.1395,38.8929,2012,6,12,27.64,19.65,20.3,1.57,15.05,18.63
US-xSC,-78.1395,38.8929,2012,6,13,25.67,15.06,11.77,2.8,28.83,0.04
US-xSC,-78.1395,38.8929,2012,6,14,26.45,12.8,13.9,1.87,21.21,0
US-xSC,-78.1395,38.8929,2012,6,15,26.88,15.04,12.59,1.62,25.67,0
US-xSC,-78.1395,38.8929,2012,6,16,27.15,12.61,10.97,1.63,26.69,0
US-xSC,-78.1395,38.8929,2012,6,17,27.2,12.13,10.84,2.08,27.34,1.01
US-xSC,-78.1395,38.8929,2012,6,18,22.79,14.27,15.78,1.95,13.73,14.64
US-xSC,-78.1395,38.8929,2012,6,19,33.81,16.14,17.98,0.97,23.51,1
US-xSC,-78.1395,38.8929,2012,6,20,35.86,19.53,17.66,1.37,28.62,0
US-xSC,-78.1395,38.8929,2012,6,21,36.03,21.31,18.31,1.32,23.5,1.29
US-xSC,-78.1395,38.8929,2012,6,22,33.31,21.55,18.87,1.56,18.32,4.41
US-xSC,-78.1395,38.8929,2012,6,23,30.94,18.09,14.19,1.81,28.63,0
US-xSC,-78.1395,38.8929,2012,6,24,32.05,17.11,13.86,1.18,24.16,0.31
US-xSC,-78.1395,38.8929,2012,6,25,28.7,15.87,12.18,2.84,24.11,0.57
US-xSC,-78.1395,38.8929,2012,6,26,25.94,13.02,7.07,2.86,29.77,0
US-xSC,-78.1395,38.8929,2012,6,27,30.22,13.52,9.7,2.52,30.3,0
US-xSC,-78.1395,38.8929,2012,6,28,35.64,16.18,11.57,1.93,28.94,0
US-xSC,-78.1395,38.8929,2012,6,29,37,23.93,20.3,2,25.82,9.81
US-xSC,-78.1395,38.8929,2012,6,30,35.74,21.96,19.15,1.61,27.17,0.52
US-xSC,-78.1395,38.8929,2012,7,1,35.48,21.59,18.47,2.02,25.52,2.49
US-xSC,-78.1395,38.8929,2012,7,2,34.27,19.85,15.49,1.91,27.77,0.01
US-xSC,-78.1395,38.8929,2012,7,3,36.5,20.23,16.95,1.3,24.64,6.17
US-xSC,-78.1395,38.8929,2012,7,4,36.3,20.64,19.34,1.74,25.7,2.44
US-xSC,-78.1395,38.8929,2012,7,5,37.02,24.55,20,2.16,26.75,0.01
US-xSC,-78.1395,38.8929,2012,7,6,37.71,23.44,18.81,1.11,26.11,0
US-xSC,-78.1395,38.8929,2012,7,7,40.27,23.58,17.64,1.77,24.7,0
US-xSC,-78.1395,38.8929,2012,7,8,36.6,24.42,21.28,1.65,21.19,19.25
US-xSC,-78.1395,38.8929,2012,7,9,30.07,22.36,18.83,1.44,15.43,0.66
US-xSC,-78.1395,38.8929,2012,7,10,32.43,19.7,15.55,1.4,23.69,0.23
US-xSC,-78.1395,38.8929,2012,7,11,31.03,19.91,16.72,1.48,20.07,1.19
US-xSC,-78.1395,38.8929,2012,7,12,31.06,18.48,13.86,1.56,23.44,0
US-xSC,-78.1395,38.8929,2012,7,13,28.86,19.23,13.17,1.05,12.13,0.65
US-xSC,-78.1395,38.8929,2012,7,14,29.17,18.19,19.21,1.36,17.65,5.47
US-xSC,-78.1395,38.8929,2012,7,15,33.3,21.33,20.88,1.39,19.55,8.08
US-xSC,-78.1395,38.8929,2012,7,16,35.14,21.21,19.37,1.82,24,0.24
US-xSC,-78.1395,38.8929,2012,7,17,37.45,20.34,16.46,1.63,26.36,0
US-xSC,-78.1395,38.8929,2012,7,18,35.4,23.77,20.96,1.47,17.42,9.12
US-xSC,-78.1395,38.8929,2012,7,19,33.51,22.4,21.21,1.07,22.21,12.95
US-xSC,-78.1395,38.8929,2012,7,20,27.67,20.42,21.09,1.06,9.21,13.8
US-xSC,-78.1395,38.8929,2012,7,21,24.26,17.3,17.88,1.68,8.72,6.75
US-xSC,-78.1395,38.8929,2012,7,22,31.19,17.74,17.16,0.69,20.97,0.23
US-xSC,-78.1395,38.8929,2012,7,23,33.41,19.51,18.02,1.68,15.68,0.1
US-xSC,-78.1395,38.8929,2012,7,24,31.26,22.05,22.05,2.71,8.66,13.69
US-xSC,-78.1395,38.8929,2012,7,25,30.81,17.5,13.88,1.41,28.93,0.01
US-xSC,-78.1395,38.8929,2012,7,26,35.74,19.49,20.1,2.27,26.33,4.07
US-xSC,-78.1395,38.8929,2012,7,27,32.13,22.48,20.72,1.62,18.37,0.8
US-xSC,-78.1395,38.8929,2012,7,28,33.03,20.1,18.07,1.6,22.95,0.97
US-xSC,-78.1395,38.8929,2012,7,29,30.83,19.3,17.22,1.49,23.56,0.01
US-xSC,-78.1395,38.8929,2012,7,30,31.38,17.73,16.68,1.6,22.18,0.26
US-xSC,-78.1395,38.8929,2012,7,31,29.73,19.75,19.87,1.42,19.59,13.4
US-xSC,-78.1395,38.8929,2012,8,1,31.72,19.67,18.61,0.76,21.87,4.01
US-xSC,-78.1395,38.8929,2012,8,2,34.12,19.4,17.25,0.82,25.16,0.29
US-xSC,-78.1395,38.8929,2012,8,3,33.14,20.34,18.79,1.27,20.2,1.74
US-xSC,-78.1395,38.8929,2012,8,4,33.26,20.96,20.25,2.05,23.11,1.24
US-xSC,-78.1395,38.8929,2012,8,5,33.15,22.41,21.15,2.4,18.28,9.9
US-xSC,-78.1395,38.8929,2012,8,6,30.85,20.94,19,1.05,14.85,0.47
US-xSC,-78.1395,38.8929,2012,8,7,31.25,18.3,15,1.2,19.05,0.09
US-xSC,-78.1395,38.8929,2012,8,8,34.02,18,14.79,1.11,22.09,0.35
US-xSC,-78.1395,38.8929,2012,8,9,34.57,18.12,17.47,1.32,22.55,18
US-xSC,-78.1395,38.8929,2012,8,10,30.27,20.59,19.75,1.8,17.49,5.18
US-xSC,-78.1395,38.8929,2012,8,11,30.39,19.8,16.15,1.57,21.43,2.12
US-xSC,-78.1395,38.8929,2012,8,12,29.32,16.93,14.04,1.49,23.61,0
US-xSC,-78.1395,38.8929,2012,8,13,30.53,16.22,14.72,1.25,22.34,2.58
US-xSC,-78.1395,38.8929,2012,8,14,30.12,18.92,17.86,1.24,19.75,7.86
US-xSC,-78.1395,38.8929,2012,8,15,28.08,18.54,17.48,1.53,12.07,4.98
US-xSC,-78.1395,38.8929,2012,8,16,30.96,16.28,14.48,1.63,24.49,0.1
US-xSC,-78.1395,38.8929,2012,8,17,31.62,17.13,16.04,1.71,18.56,4.25
US-xSC,-78.1395,38.8929,2012,8,18,28.34,16.98,14.21,1.22,22.13,1.26
US-xSC,-78.1395,38.8929,2012,8,19,23.07,16.36,15.44,1.28,8.09,4.96
US-xSC,-78.1395,38.8929,2012,8,20,26.09,15.67,16.06,1.13,15.92,6.2
US-xSC,-78.1395,38.8929,2012,8,21,27.78,13.17,13.47,0.9,21.23,1.89
US-xSC,-78.1395,38.8929,2012,8,22,29.57,13.86,13.51,1.05,18.73,1.52
US-xSC,-78.1395,38.8929,2012,8,23,30.71,15.78,14.51,1.25,21.39,0.15
US-xSC,-78.1395,38.8929,2012,8,24,28.86,17.44,15.36,1.47,15.21,0.19
US-xSC,-78.1395,38.8929,2012,8,25,26.24,19.16,15.68,2.39,7.91,5.78
US-xSC,-78.1395,38.8929,2012,8,26,25.47,18.61,19.99,1.75,13.56,13.42
US-xSC,-78.1395,38.8929,2012,8,27,31.01,16.22,17.62,1.51,23.05,0.67
US-xSC,-78.1395,38.8929,2012,8,28,30.8,18.34,15.94,2.11,20.22,0.32
US-xSC,-78.1395,38.8929,2012,8,29,29.14,15.4,13.36,1.14,22.34,0
US-xSC,-78.1395,38.8929,2012,8,30,31.5,13.81,12.94,1.13,22.84,0
US-xSC,-78.1395,38.8929,2012,8,31,34.63,15.29,13.78,2.06,23.27,0
US-xSC,-78.1395,38.8929,2012,9,1,29.64,22.06,20.54,1.89,10.73,1.76
US-xSC,-78.1395,38.8929,2012,9,2,29.52,20.45,20.67,1.01,11.28,5.44
US-xSC,-78.1395,38.8929,2012,9,3,28.89,21.54,21.23,1.77,8.79,2.35
US-xSC,-78.1395,38.8929,2012,9,4,29.3,21.53,21.44,2.08,12.9,2.78
US-xSC,-78.1395,38.8929,2012,9,5,32.06,21.18,20.92,1.1,15.31,2.88
US-xSC,-78.1395,38.8929,2012,9,6,31.67,20.76,19.93,1.43,15,2.63
US-xSC,-78.1395,38.8929,2012,9,7,33.57,18.58,17.73,1.48,21.84,0.13
US-xSC,-78.1395,38.8929,2012,9,8,28.75,13.69,17.43,2.27,11.58,9.04
US-xSC,-78.1395,38.8929,2012,9,9,25.04,11.24,10.36,1.86,20.42,0.15
US-xSC,-78.1395,38.8929,2012,9,10,23.75,11.54,7.59,2.14,22.71,0
US-xSC,-78.1395,38.8929,2012,9,11,25.91,8.68,6.27,1.2,23.6,0
US-xSC,-78.1395,38.8929,2012,9,12,28.38,10.34,8.66,1.66,22.9,0
US-xSC,-78.1395,38.8929,2012,9,13,28.66,11.37,9.29,1.61,22.04,0
US-xSC,-78.1395,38.8929,2012,9,14,26.26,12.87,10.15,1.63,17.58,0.02
US-xSC,-78.1395,38.8929,2012,9,15,24.64,13.1,7.57,2.14,21.02,0
US-xSC,-78.1395,38.8929,2012,9,16,23.96,11.39,8.76,1.24,12.52,0
US-xSC,-78.1395,38.8929,2012,9,17,25.05,12.11,13.69,1.6,12.76,2.79
US-xSC,-78.1395,38.8929,2012,9,18,22.8,14.09,18.66,3.22,4.04,48.94
US-xSC,-78.1395,38.8929,2012,9,19,20.4,10,7.09,1.8,21.76,0.02
US-xSC,-78.1395,38.8929,2012,9,20,23.07,8.9,9.1,1.73,19.69,0
US-xSC,-78.1395,38.8929,2012,9,21,26.44,10.96,13.8,1.74,19.23,0
US-xSC,-78.1395,38.8929,2012,9,22,27.5,15.02,14.1,2.52,16.65,0.1
US-xSC,-78.1395,38.8929,2012,9,23,20.02,8.96,5.06,1.78,20.22,0.01
US-xSC,-78.1395,38.8929,2012,9,24,20.05,6.19,4.53,1.6,21.1,0
US-xSC,-78.1395,38.8929,2012,9,25,23.37,5.08,6.57,2.04,16.87,1.67
US-xSC,-78.1395,38.8929,2012,9,26,27.6,12.17,15.47,1.91,15.09,3.78
US-xSC,-78.1395,38.8929,2012,9,27,27.19,15.45,16.9,1.33,14.98,16.52
US-xSC,-78.1395,38.8929,2012,9,28,24.03,12.21,14.94,1.51,7.67,2.65
US-xSC,-78.1395,38.8929,2012,9,29,20.1,9,8.32,1.77,15.77,0.14
US-xSC,-78.1395,38.8929,2012,9,30,20.38,7.37,8.78,1.51,15.15,0.92
US-xSC,-78.1395,38.8929,2012,10,1,20.91,8.04,10.03,1.29,10.03,3.17
US-xSC,-78.1395,38.8929,2012,10,2,25.03,12.79,17.96,1.61,5.29,15.4
US-xSC,-78.1395,38.8929,2012,10,3,26.83,18.41,18.29,1.4,12.34,0.73
US-xSC,-78.1395,38.8929,2012,10,4,25.47,13.99,15.5,1.68,13.14,0.26
US-xSC,-78.1395,38.8929,2012,10,5,25.6,12.36,12.57,1.85,17.83,0
US-xSC,-78.1395,38.8929,2012,10,6,20.73,7.08,9.4,2.44,12.31,0.01
US-xSC,-78.1395,38.8929,2012,10,7,12.21,4.81,5.16,1.21,4.55,1.71
US-xSC,-78.1395,38.8929,2012,10,8,8.68,3.91,4.26,1.15,4.47,3.04
US-xSC,-78.1395,38.8929,2012,10,9,17.35,5.06,6.79,1.4,12.85,0.18
US-xSC,-78.1395,38.8929,2012,10,10,20.09,5.57,6.71,2.35,15.01,0.05
US-xSC,-78.1395,38.8929,2012,10,11,17.01,2.05,0.42,1.82,18.69,0
US-xSC,-78.1395,38.8929,2012,10,12,16.39,2.28,2.09,2.49,16.1,0
US-xSC,-78.1395,38.8929,2012,10,13,15.38,-0.65,0.51,1.94,17.63,0
US-xSC,-78.1395,38.8929,2012,10,14,21.93,6.5,9.16,2.94,14.29,0.02
US-xSC,-78.1395,38.8929,2012,10,15,22.1,9.18,12.01,2.83,6.67,2.72
US-xSC,-78.1395,38.8929,2012,10,16,17.79,5.48,4.3,2.05,17.49,0.01
US-xSC,-78.1395,38.8929,2012,10,17,19.3,6.11,5.99,1.63,15.64,0
US-xSC,-78.1395,38.8929,2012,10,18,19.88,7.11,10.64,2.54,7.39,5.44
US-xSC,-78.1395,38.8929,2012,10,19,21.26,10.43,10.33,1.95,11.99,8.05
US-xSC,-78.1395,38.8929,2012,10,20,17.76,6.24,5.17,1.9,14.13,0.05
US-xSC,-78.1395,38.8929,2012,10,21,17.39,4.34,4.73,2.14,15.93,0
US-xSC,-78.1395,38.8929,2012,10,22,22.67,4.01,4.9,1.64,15.76,0
US-xSC,-78.1395,38.8929,2012,10,23,26.02,9.78,11.28,1.51,12.38,0.1
US-xSC,-78.1395,38.8929,2012,10,24,25.42,12.17,11.98,1.64,12.03,0.03
US-xSC,-78.1395,38.8929,2012,10,25,23.89,11.04,13.56,1.81,13.76,0
US-xSC,-78.1395,38.8929,2012,10,26,22.11,12.29,13.38,1.43,8.24,0
US-xSC,-78.1395,38.8929,2012,10,27,17.63,12.23,11.71,1.63,7.56,0.09
US-xSC,-78.1395,38.8929,2012,10,28,14.48,10.19,9.45,2.78,4.06,7.01
US-xSC,-78.1395,38.8929,2012,10,29,9.97,1.09,4.55,5.89,1.73,69.3
US-xSC,-78.1395,38.8929,2012,10,30,4.85,1.55,1.52,3.31,4.07,16.35
US-xSC,-78.1395,38.8929,2012,10,31,8.84,1.59,1.8,2.2,8.84,0.15
US-xSC,-78.1395,38.8929,2012,11,1,9.07,2.19,2.14,2.35,7.11,0.08
US-xSC,-78.1395,38.8929,2012,11,2,9.4,0.09,-0.19,2.93,10.73,0
US-xSC,-78.1395,38.8929,2012,11,3,8.39,0.15,-0.22,2.63,9.61,0
US-xSC,-78.1395,38.8929,2012,11,4,9.98,-1.26,-0.85,1.85,10.31,0
US-xSC,-78.1395,38.8929,2012,11,5,8.59,-2.9,-2.72,2.13,13.97,0
US-xSC,-78.1395,38.8929,2012,11,6,7.26,-4.49,-2.96,1.6,12.46,0
US-xSC,-78.1395,38.8929,2012,11,7,3.82,-1.33,-3.51,2.07,6.24,0
US-xSC,-78.1395,38.8929,2012,11,8,9.89,-1.25,-3,3.23,13.2,0
US-xSC,-78.1395,38.8929,2012,11,9,13.65,-0.45,1.24,1.95,12.48,0
US-xSC,-78.1395,38.8929,2012,11,10,16.59,0.27,3.41,1.68,10.99,0.01
US-xSC,-78.1395,38.8929,2012,11,11,18.89,4.35,5.54,2.07,12.69,0
US-xSC,-78.1395,38.8929,2012,11,12,16.7,6.64,10.97,2.77,4.77,5.11
US-xSC,-78.1395,38.8929,2012,11,13,10.74,-1.32,-0.21,2.59,12.25,9.95
US-xSC,-78.1395,38.8929,2012,11,14,6.82,-3.28,-2.85,1.87,10.93,0
US-xSC,-78.1395,38.8929,2012,11,15,8.78,-2.81,-0.64,1.24,6.86,0
US-xSC,-78.1395,38.8929,2012,11,16,10.09,-0.21,0.05,1.83,12.07,0
US-xSC,-78.1395,38.8929,2012,11,17,10.9,-2.11,-0.38,2.12,12.29,0
US-xSC,-78.1395,38.8929,2012,11,18,9.67,-1.73,1.58,1.87,10.12,0
US-xSC,-78.1395,38.8929,2012,11,19,11.56,2.68,2.97,1.6,7.54,0
US-xSC,-78.1395,38.8929,2012,11,20,11.07,1.51,3.03,1.22,7.42,0
US-xSC,-78.1395,38.8929,2012,11,21,11.78,-0.55,1.54,1.75,11.32,0
US-xSC,-78.1395,38.8929,2012,11,22,13.4,-1.49,-0.82,1.7,11.3,0
US-xSC,-78.1395,38.8929,2012,11,23,15.23,-1.6,2.07,2.41,8.66,0.05
US-xSC,-78.1395,38.8929,2012,11,24,3.87,-2.56,-5.98,3.83,10.16,0
US-xSC,-78.1395,38.8929,2012,11,25,6.47,-4.49,-5.27,1.87,7.55,0
US-xSC,-78.1395,38.8929,2012,11,26,11.6,-2.87,-1.7,1.56,11.09,0.27
US-xSC,-78.1395,38.8929,2012,11,27,4.51,-1.08,0.74,1.74,2.61,5.1
US-xSC,-78.1395,38.8929,2012,11,28,6.43,-4.28,-3.63,2.1,10.92,0
US-xSC,-78.1395,38.8929,2012,11,29,7.87,-4.37,-3.63,1.91,11.07,0
US-xSC,-78.1395,38.8929,2012,11,30,8.91,-3.21,-0.98,1.59,7.37,0
US-xSC,-78.1395,38.8929,2012,12,1,9.65,-0.1,1.72,1.34,9.62,0
US-xSC,-78.1395,38.8929,2012,12,2,15.06,2.1,6.29,2.08,8.25,0.28
US-xSC,-78.1395,38.8929,2012,12,3,20.08,7.27,11.93,1.71,6.32,0.02
US-xSC,-78.1395,38.8929,2012,12,4,19.93,8.41,11.46,1.97,9.2,0.06
US-xSC,-78.1395,38.8929,2012,12,5,12.67,-0.18,3.42,2.73,8.84,0.13
US-xSC,-78.1395,38.8929,2012,12,6,5.91,-4.86,-3.78,1.66,10.59,0
US-xSC,-78.1395,38.8929,2012,12,7,11.4,0.88,3.42,2.05,6.58,1.17
US-xSC,-78.1395,38.8929,2012,12,8,18.15,6.19,9.06,1.67,7.38,0.91
US-xSC,-78.1395,38.8929,2012,12,9,8.42,6.21,7.07,1.99,1.86,9.12
US-xSC,-78.1395,38.8929,2012,12,10,15.03,5.96,10.76,2.55,3.69,1.66
US-xSC,-78.1395,38.8929,2012,12,11,7.52,-0.72,-0.4,2.28,7.3,0.2
US-xSC,-78.1395,38.8929,2012,12,12,4.68,-1.98,-3.14,1.4,6.04,0
US-xSC,-78.1395,38.8929,2012,12,13,7.2,-4.71,-4.63,1.65,10.56,0
US-xSC,-78.1395,38.8929,2012,12,14,11.54,-3.94,-3.41,1.88,10.59,0
US-xSC,-78.1395,38.8929,2012,12,15,10.18,-1.48,-0.2,1.91,7.78,0.58
US-xSC,-78.1395,38.8929,2012,12,16,6.05,2.41,4,1.72,2.93,1.21
US-xSC,-78.1395,38.8929,2012,12,17,9.02,4.82,6.5,1.42,2.64,2.52
US-xSC,-78.1395,38.8929,2012,12,18,11.06,0.79,3.76,3.02,5.96,0.4
US-xSC,-78.1395,38.8929,2012,12,19,10.59,-0.65,1.37,2.3,9.41,0
US-xSC,-78.1395,38.8929,2012,12,20,7.82,-1.35,2.08,2.89,2.54,14.76
US-xSC,-78.1395,38.8929,2012,12,21,8.28,-0.2,-3.08,4.61,4.56,2.61
US-xSC,-78.1395,38.8929,2012,12,22,3.12,-3.85,-5.45,5.01,9.92,0.07
US-xSC,-78.1395,38.8929,2012,12,23,7.88,-4.9,-3.4,2.08,9.57,0
US-xSC,-78.1395,38.8929,2012,12,24,0.88,-3.22,-1.21,1.63,1.82,4.86
US-xSC,-78.1395,38.8929,2012,12,25,5.57,-0.26,0.56,1.82,6.78,0.67
US-xSC,-78.1395,38.8929,2012,12,26,-0.09,-2.55,-1.85,3.55,1.38,25.95
US-xSC,-78.1395,38.8929,2012,12,27,-0.16,-4.68,-3.01,4.1,6.99,0.02
US-xSC,-78.1395,38.8929,2012,12,28,0.87,-6.15,-4.5,1.6,6.3,0.01
US-xSC,-78.1395,38.8929,2012,12,29,1.14,-4.46,-1.87,2.48,5.38,3.15
US-xSC,-78.1395,38.8929,2012,12,30,-0.47,-9.91,-5.62,3.93,8.89,0.02
US-xSC,-78.1395,38.8929,2012,12,31,1.48,-9.58,-4.34,1.85,2.76,0.09
US-xSC,-78.1395,38.8929,2013,1,1,2.35,-2.34,-1.45,1.69,3.6,0.39
US-xSC,-78.1395,38.8929,2013,1,2,-0.49,-7.78,-6.66,2.28,7.56,0.01
US-xSC,-78.1395,38.8929,2013,1,3,1.94,-5.73,-6,1.74,8.35,0.03
US-xSC,-78.1395,38.8929,2013,1,4,2.31,-6.47,-5.19,3.14,10.82,0
US-xSC,-78.1395,38.8929,2013,1,5,5.07,-4.56,-3.74,2.29,8.76,0.19
US-xSC,-78.1395,38.8929,2013,1,6,6.77,-3.13,-1.15,2.04,6.8,0.05
US-xSC,-78.1395,38.8929,2013,1,7,4.91,-3.66,-3.33,2.08,8.48,0
US-xSC,-78.1395,38.8929,2013,1,8,8.96,-3.8,-1.41,1.96,8.89,0
US-xSC,-78.1395,38.8929,2013,1,9,8.26,-1.46,2.17,2.09,4.8,0.05
US-xSC,-78.1395,38.8929,2013,1,10,9.69,-2.46,0.11,1.85,9.57,0
US-xSC,-78.1395,38.8929,2013,1,11,8.2,-0.7,2.44,2.33,3.58,1.76
US-xSC,-78.1395,38.8929,2013,1,12,17.14,3.43,7.29,1.23,8.14,0.06
US-xSC,-78.1395,38.8929,2013,1,13,17.07,7.17,10.34,2.15,5.82,0.08
US-xSC,-78.1395,38.8929,2013,1,14,12.3,1.24,6.58,2.69,2.35,4.88
US-xSC,-78.1395,38.8929,2013,1,15,1.86,0.27,0.16,1.68,1.85,15.62
US-xSC,-78.1395,38.8929,2013,1,16,2.8,-1.05,0.19,1.64,2.33,12.54
US-xSC,-78.1395,38.8929,2013,1,17,2.86,-1.37,-0.94,1.74,2.1,1.02
US-xSC,-78.1395,38.8929,2013,1,18,-0.07,-6.4,-6.45,2.99,11.56,0
US-xSC,-78.1395,38.8929,2013,1,19,8.4,-6.58,-2.21,3.09,12.28,0
US-xSC,-78.1395,38.8929,2013,1,20,7.47,-5.14,-2.43,3.39,12.18,0.01
US-xSC,-78.1395,38.8929,2013,1,21,5.3,-5.16,-5.91,2.66,8.04,0.02
US-xSC,-78.1395,38.8929,2013,1,22,-5.53,-10.6,-15.92,4.39,13.01,0.01
US-xSC,-78.1395,38.8929,2013,1,23,-4.25,-10.95,-13.5,2.23,9.96,0.47
US-xSC,-78.1395,38.8929,2013,1,24,-4.27,-10.93,-11.62,2.95,8.61,0.5
US-xSC,-78.1395,38.8929,2013,1,25,-6.29,-10.3,-10.98,1.92,3.42,1.42
US-xSC,-78.1395,38.8929,2013,1,26,-0.03,-8.68,-7.08,1.96,6.42,0.02
US-xSC,-78.1395,38.8929,2013,1,27,1.9,-8.08,-6.32,1.61,10.45,0.01
US-xSC,-78.1395,38.8929,2013,1,28,8.25,-2.56,1.37,2.81,6.96,5.34
US-xSC,-78.1395,38.8929,2013,1,29,19,2.11,9,2.49,11.17,0.04
US-xSC,-78.1395,38.8929,2013,1,30,19.1,8.45,13.32,5.32,2.27,33.01
US-xSC,-78.1395,38.8929,2013,1,31,13.78,-3.91,-4.04,5.13,11.07,18.6
US-xSC,-78.1395,38.8929,2013,2,1,-2.06,-10.27,-11.31,4.39,12.44,0.18
US-xSC,-78.1395,38.8929,2013,2,2,-2.99,-12.1,-9.39,2.02,6.56,0.18
US-xSC,-78.1395,38.8929,2013,2,3,1.05,-4.94,-5.19,1.97,6.52,0.16
US-xSC,-78.1395,38.8929,2013,2,4,2.49,-7.83,-6.72,2.52,8.97,1.32
US-xSC,-78.1395,38.8929,2013,2,5,6.6,-2.57,-0.38,1.44,7.02,0.3
US-xSC,-78.1395,38.8929,2013,2,6,5.82,-3.62,-2.49,2.28,11.96,0.02
US-xSC,-78.1395,38.8929,2013,2,7,1.5,-3.51,-3.24,1.94,6.18,0.12
US-xSC,-78.1395,38.8929,2013,2,8,4.54,-2.16,-1.19,3.22,6.09,1.17
US-xSC,-78.1395,38.8929,2013,2,9,3.16,-4.97,-6.42,4.72,15.35,0
US-xSC,-78.1395,38.8929,2013,2,10,5.58,-7.81,-4.68,2.56,11.52,0.21
US-xSC,-78.1395,38.8929,2013,2,11,11.47,-0.06,2.72,2.91,8.47,2
US-xSC,-78.1395,38.8929,2013,2,12,10.18,-2.21,-0.79,2.69,15.61,0
US-xSC,-78.1395,38.8929,2013,2,13,7.58,-3.66,-0.51,1.91,5.12,2.71
US-xSC,-78.1395,38.8929,2013,2,14,8.81,-3.86,-1.94,2.15,15.38,0.13
US-xSC,-78.1395,38.8929,2013,2,15,12.17,-1.93,0.82,2.12,11.8,2.74
US-xSC,-78.1395,38.8929,2013,2,16,1.61,-3.81,-3.89,2.23,5.73,0.42
US-xSC,-78.1395,38.8929,2013,2,17,-2.33,-6.57,-10.4,4.83,11.88,0.02
US-xSC,-78.1395,38.8929,2013,2,18,5.84,-10.94,-7.68,2.41,16.29,0
US-xSC,-78.1395,38.8929,2013,2,19,8.88,-1.87,-0.45,3.81,7.85,1.58
US-xSC,-78.1395,38.8929,2013,2,20,0.53,-6.1,-9.28,4.7,16.33,0.01
US-xSC,-78.1395,38.8929,2013,2,21,2.32,-7.66,-8.34,3.29,17.41,0
US-xSC,-78.1395,38.8929,2013,2,22,2.66,-5.09,-4.14,2.36,4.02,0.12
US-xSC,-78.1395,38.8929,2013,2,23,4.23,-1.17,0.03,1.52,10.31,0.2
US-xSC,-78.1395,38.8929,2013,2,24,7.59,-2.74,-1.75,3.21,16.85,0.18
US-xSC,-78.1395,38.8929,2013,2,25,6.42,-3.97,-4.43,1.85,13.79,0.01
US-xSC,-78.1395,38.8929,2013,2,26,1.93,-3.21,-0.96,3.11,2.71,20.27
US-xSC,-78.1395,38.8929,2013,2,27,9.7,-0.24,1.1,2.54,13.31,1.55
US-xSC,-78.1395,38.8929,2013,2,28,5.4,-2.62,-1.68,2.75,7.54,1.1
US-xSC,-78.1395,38.8929,2013,3,1,4.43,-3.25,-2.69,2.98,5.84,0.06
US-xSC,-78.1395,38.8929,2013,3,2,1.81,-4.32,-5.19,2.75,7.16,0.01
US-xSC,-78.1395,38.8929,2013,3,3,1.89,-4.36,-6.69,3.77,14.18,0
US-xSC,-78.1395,38.8929,2013,3,4,4.37,-4.87,-6.81,3.88,18.1,0
US-xSC,-78.1395,38.8929,2013,3,5,8.65,-3.49,-3.29,1.9,11.86,2.96
US-xSC,-78.1395,38.8929,2013,3,6,1.28,-1.05,-0.57,4.79,5.2,22.35
US-xSC,-78.1395,38.8929,2013,3,7,4.52,-3.59,-1.41,3.52,8.43,0.81
US-xSC,-78.1395,38.8929,2013,3,8,5.81,-1.73,-1.76,4.5,14.22,0.18
US-xSC,-78.1395,38.8929,2013,3,9,13.13,-2.97,-2.42,2.06,18.08,0
US-xSC,-78.1395,38.8929,2013,3,10,15.37,-1.64,1.59,2.81,16.36,0
US-xSC,-78.1395,38.8929,2013,3,11,14.18,3.63,6.82,3.68,7.73,1.5
US-xSC,-78.1395,38.8929,2013,3,12,13.94,-1.21,5.3,3.23,13.75,15.68
US-xSC,-78.1395,38.8929,2013,3,13,7.11,-3.61,-3.18,3.37,12.64,0.05
US-xSC,-78.1395,38.8929,2013,3,14,4.59,-3.47,-5.98,4.45,21.59,0
US-xSC,-78.1395,38.8929,2013,3,15,11.15,-4.39,-0.51,2.47,18.07,0.01
US-xSC,-78.1395,38.8929,2013,3,16,14.87,2.04,4.52,1.69,7.83,1.88
US-xSC,-78.1395,38.8929,2013,3,17,3.96,-0.05,-0.2,1.69,3.25,1.53
US-xSC,-78.1395,38.8929,2013,3,18,1.12,-1.53,-1.26,2.59,2.64,8.98
US-xSC,-78.1395,38.8929,2013,3,19,10.6,-1.2,-1.1,3.52,21.04,2.25
US-xSC,-78.1395,38.8929,2013,3,20,8.48,-2.88,-3.7,3.41,19.71,0.03
US-xSC,-78.1395,38.8929,2013,3,21,0.02,-3.84,-7.72,3.19,16.15,0.01
US-xSC,-78.1395,38.8929,2013,3,22,5.89,-3.96,-5.74,3.19,22.78,0.04
US-xSC,-78.1395,38.8929,2013,3,23,9.94,-4.22,-3.4,2.25,20.14,0
US-xSC,-78.1395,38.8929,2013,3,24,2.36,-3.66,-3.05,1.61,5.52,6.56
US-xSC,-78.1395,38.8929,2013,3,25,2.82,-2.44,-1.41,1.32,6.01,9.52
US-xSC,-78.1395,38.8929,2013,3,26,6.5,-3.65,-1.38,2.98,12.25,0.08
US-xSC,-78.1395,38.8929,2013,3,27,7.19,-2.13,-1.51,3.44,16.55,0.02
US-xSC,-78.1395,38.8929,2013,3,28,8.02,-1.23,-0.96,3.28,14.28,0
US-xSC,-78.1395,38.8929,2013,3,29,11.62,-2.05,0.15,2.33,15.93,0
US-xSC,-78.1395,38.8929,2013,3,30,13.91,-2.53,-1.2,1.6,22.03,0
US-xSC,-78.1395,38.8929,2013,3,31,9.68,2.14,4.84,2.18,5.64,3.88
US-xSC,-78.1395,38.8929,2013,4,1,13.96,-0.47,2.07,3.41,14.31,0.21
US-xSC,-78.1395,38.8929,2013,4,2,7.84,-3.82,-5.19,2.81,25.55,0
US-xSC,-78.1395,38.8929,2013,4,3,8.95,-4.89,-5.59,2.83,25.69,0
US-xSC,-78.1395,38.8929,2013,4,4,6.47,-5.28,-4.93,1.89,13.41,3.01
US-xSC,-78.1395,38.8929,2013,4,5,15.49,-0.37,1.42,2.61,24.15,0.43
US-xSC,-78.1395,38.8929,2013,4,6,12.7,-3.44,-2.47,2.13,23.35,0
US-xSC,-78.1395,38.8929,2013,4,7,17.85,2.42,6.49,3.3,19.87,0.04
US-xSC,-78.1395,38.8929,2013,4,8,24.39,7.25,11.6,2.22,19.07,0.01
US-xSC,-78.1395,38.8929,2013,4,9,26.01,11.95,15.22,2.16,22.28,0
US-xSC,-78.1395,38.8929,2013,4,10,27.96,14.11,16.75,2.28,21.86,0.1
US-xSC,-78.1395,38.8929,2013,4,11,27.21,14.79,16.72,1.99,18.33,0.74
US-xSC,-78.1395,38.8929,2013,4,12,23.06,8.1,14.2,3,16.32,19.2
US-xSC,-78.1395,38.8929,2013,4,13,18.41,4.22,5.28,2.18,26.1,0
US-xSC,-78.1395,38.8929,2013,4,14,20.43,3.08,5.73,1.71,22.6,0.03
US-xSC,-78.1395,38.8929,2013,4,15,18.59,9.34,10.44,2.65,7.81,0.72
US-xSC,-78.1395,38.8929,2013,4,16,22.39,9.05,13.14,2.65,19.04,4.04
US-xSC,-78.1395,38.8929,2013,4,17,22.56,13.11,14.91,2.02,18.1,0.31
US-xSC,-78.1395,38.8929,2013,4,18,23.32,12.91,15.09,3.27,12.96,0.35
US-xSC,-78.1395,38.8929,2013,4,19,22.04,8.27,14.92,3.99,5.65,15.14
US-xSC,-78.1395,38.8929,2013,4,20,13.87,3.53,0.06,3.43,27.8,0.04
US-xSC,-78.1395,38.8929,2013,4,21,11.65,-0.74,-1.42,2.03,24.91,0
US-xSC,-78.1395,38.8929,2013,4,22,13.26,-0.35,1.86,2.38,27.13,0
US-xSC,-78.1395,38.8929,2013,4,23,17,1.1,5.12,1.47,24.97,0
US-xSC,-78.1395,38.8929,2013,4,24,22.89,6.86,9.82,3.4,21.63,1.83
US-xSC,-78.1395,38.8929,2013,4,25,17.24,3.28,1.01,1.93,28.66,0.02
US-xSC,-78.1395,38.8929,2013,4,26,18.1,3.44,3.12,1.53,26.86,0
US-xSC,-78.1395,38.8929,2013,4,27,20.65,4.97,7.59,1.99,24.71,0
US-xSC,-78.1395,38.8929,2013,4,28,15.6,9.06,9.15,2.83,5.86,1.78
US-xSC,-78.1395,38.8929,2013,4,29,18.05,9.72,11.41,1.75,10.87,4.65
US-xSC,-78.1395,38.8929,2013,4,30,15.73,9.65,11,1.92,9.63,0.84
US-xSC,-78.1395,38.8929,2013,5,1,19.72,6.38,6.56,2.02,26.97,0
US-xSC,-78.1395,38.8929,2013,5,2,19.4,5.82,7.22,1.99,28.4,0
US-xSC,-78.1395,38.8929,2013,5,3,19.19,5.07,7.21,2.62,20.78,0
US-xSC,-78.1395,38.8929,2013,5,4,18.47,3.97,6.5,2.17,22.47,0
US-xSC,-78.1395,38.8929,2013,5,5,16.99,4.27,5.62,2.38,26.15,0
US-xSC,-78.1395,38.8929,2013,5,6,16.76,6.68,10.45,2.57,7.05,12.79
US-xSC,-78.1395,38.8929,2013,5,7,16.98,10.94,13.03,2.9,6.57,49.8
US-xSC,-78.1395,38.8929,2013,5,8,19.72,8.79,11.65,1.55,12.72,12.42
US-xSC,-78.1395,38.8929,2013,5,9,22.44,7.71,12.11,1.95,20.56,0.92
US-xSC,-78.1395,38.8929,2013,5,10,25.91,11.3,15.48,1.87,21.07,8.86
US-xSC,-78.1395,38.8929,2013,5,11,23.37,14.68,16.03,2.17,17.52,8.47
US-xSC,-78.1395,38.8929,2013,5,12,15.38,5.21,3.58,3.23,28.28,0.1
US-xSC,-78.1395,38.8929,2013,5,13,13.51,2.61,0.49,2.46,20.8,0
US-xSC,-78.1395,38.8929,2013,5,14,18.41,-0.06,3.43,1.56,23.43,0.15
US-xSC,-78.1395,38.8929,2013,5,15,28.8,8.72,15.2,2.34,25.83,0.37
US-xSC,-78.1395,38.8929,2013,5,16,25.2,16.13,16.19,2.3,17.72,0.72
US-xSC,-78.1395,38.8929,2013,5,17,26.37,13.64,15.33,1.32,24.71,0.22
US-xSC,-78.1395,38.8929,2013,5,18,21.61,13.54,14.33,2.08,7.49,0.96
US-xSC,-78.1395,38.8929,2013,5,19,23.15,12.59,15.79,1.76,7.88,0.94
US-xSC,-78.1395,38.8929,2013,5,20,26.24,15.44,18.45,1.61,20.31,1.8
US-xSC,-78.1395,38.8929,2013,5,21,28.59,17.83,19.3,1.34,24.55,0.01
US-xSC,-78.1395,38.8929,2013,5,22,29.15,18.35,19.67,1.87,24.27,6.13
US-xSC,-78.1395,38.8929,2013,5,23,24.38,17.05,18.7,1.68,17.08,12.75
US-xSC,-78.1395,38.8929,2013,5,24,16.38,5.41,5.65,4.14,20.98,1.77
US-xSC,-78.1395,38.8929,2013,5,25,16.69,3.6,2.04,3.48,30.52,0
US-xSC,-78.1395,38.8929,2013,5,26,19.84,5.17,4.56,2.38,31.63,0
US-xSC,-78.1395,38.8929,2013,5,27,19.04,5.63,7.68,1.35,12.39,0.62
US-xSC,-78.1395,38.8929,2013,5,28,27.19,12.34,16.05,1.77,21.05,1.6
US-xSC,-78.1395,38.8929,2013,5,29,28.28,17.56,18.78,1.9,25.93,0
US-xSC,-78.1395,38.8929,2013,5,30,31.23,16.89,18.72,1.38,26.52,0.6
US-xSC,-78.1395,38.8929,2013,5,31,30.54,15.85,17.64,1.94,29.82,0.03
US-xSC,-78.1395,38.8929,2013,6,1,30.71,18.13,18.66,2.28,26.8,0.37
US-xSC,-78.1395,38.8929,2013,6,2,28.33,18.96,19.51,2.07,13.3,8.75
US-xSC,-78.1395,38.8929,2013,6,3,26.57,15.18,16.83,1.59,17.98,3.46
US-xSC,-78.1395,38.8929,2013,6,4,24.35,10.67,7.5,1.44,31.01,0
US-xSC,-78.1395,38.8929,2013,6,5,26.44,13.58,11.29,1.68,22.46,0.04
US-xSC,-78.1395,38.8929,2013,6,6,21.21,14.55,15.78,2.31,4.9,20.27
US-xSC,-78.1395,38.8929,2013,6,7,21.93,17.3,18.38,1.84,7.01,13.66
US-xSC,-78.1395,38.8929,2013,6,8,27.33,14.33,14.73,1.16,21.68,0.48
US-xSC,-78.1395,38.8929,2013,6,9,25.08,14.74,17.91,1.64,15.43,8.28
US-xSC,-78.1395,38.8929,2013,6,10,24.34,19.37,20.74,2.19,11.7,26.81
US-xSC,-78.1395,38.8929,2013,6,11,27.08,15.61,17.49,2.4,22.15,0.38
US-xSC,-78.1395,38.8929,2013,6,12,29.35,17.27,19.04,1.82,24.35,2.52
US-xSC,-78.1395,38.8929,2013,6,13,28.19,16.33,19.42,3.12,10.32,11
US-xSC,-78.1395,38.8929,2013,6,14,23.27,13.67,13.03,2.64,25.48,0.04
US-xSC,-78.1395,38.8929,2013,6,15,26.33,13.23,13.62,1.66,29.19,0
US-xSC,-78.1395,38.8929,2013,6,16,27.53,16.26,16.73,2.12,16.77,0.25
US-xSC,-78.1395,38.8929,2013,6,17,29.56,17.9,18.54,1.28,21.76,1.38
US-xSC,-78.1395,38.8929,2013,6,18,24.37,17.62,18.82,1.25,8.34,10.88
US-xSC,-78.1395,38.8929,2013,6,19,24.11,15.06,15.35,1.69,17.17,0.74
US-xSC,-78.1395,38.8929,2013,6,20,25.29,14.88,16.18,1.78,22.27,0
US-xSC,-78.1395,38.8929,2013,6,21,28.09,14.2,14.72,1.8,29.4,0
US-xSC,-78.1395,38.8929,2013,6,22,29.61,14.78,17.17,1.86,28.54,0.38
US-xSC,-78.1395,38.8929,2013,6,23,31.21,17.91,19.02,1.13,23.36,1.14
US-xSC,-78.1395,38.8929,2013,6,24,32.67,20.36,19.25,1.45,20.63,5.46
US-xSC,-78.1395,38.8929,2013,6,25,33.02,19.02,19.39,1.74,25.16,0.38
US-xSC,-78.1395,38.8929,2013,6,26,31.64,19.28,19.88,1.48,17.78,3.15
US-xSC,-78.1395,38.8929,2013,6,27,28.32,19.95,20.23,1.57,13.94,6.62
US-xSC,-78.1395,38.8929,2013,6,28,30.77,19.14,19.29,1.89,23.81,2.43
US-xSC,-78.1395,38.8929,2013,6,29,29.87,17.21,16.96,1.65,26.67,1.72
US-xSC,-78.1395,38.8929,2013,6,30,30.3,18.02,19.87,1.63,19.88,2.08
US-xSC,-78.1395,38.8929,2013,7,1,27.89,20.4,20.39,1.84,16.23,2.75
US-xSC,-78.1395,38.8929,2013,7,2,27.53,20.8,20.94,2.57,11.59,4.05
US-xSC,-78.1395,38.8929,2013,7,3,26.87,19.98,21.04,1.97,13.69,5.92
US-xSC,-78.1395,38.8929,2013,7,4,31.53,21.23,20.75,2.37,24.64,1.38
US-xSC,-78.1395,38.8929,2013,7,5,31.48,20.38,20.3,2.37,25.28,0.64
US-xSC,-78.1395,38.8929,2013,7,6,33.74,21.04,20.3,1.94,27.83,0.02
US-xSC,-78.1395,38.8929,2013,7,7,30.47,20.79,20.75,1.44,22.5,12.38
US-xSC,-78.1395,38.8929,2013,7,8,30.39,18.76,17.53,1.61,21.95,0.61
US-xSC,-78.1395,38.8929,2013,7,9,30.18,20.41,19.98,1.48,15.34,1.56
US-xSC,-78.1395,38.8929,2013,7,10,31.89,21.7,21.19,1.83,12.6,2.83
US-xSC,-78.1395,38.8929,2013,7,11,31.06,19.33,20.13,1.2,17.57,24.15
US-xSC,-78.1395,38.8929,2013,7,12,22.82,17.94,19.14,2.23,7.78,12.94
US-xSC,-78.1395,38.8929,2013,7,13,28.72,18.24,19.76,1.48,18.2,2.31
US-xSC,-78.1395,38.8929,2013,7,14,31.24,20.55,20.77,1.86,25.59,0.16
US-xSC,-78.1395,38.8929,2013,7,15,33.84,19.43,20.13,1.27,27.81,0
US-xSC,-78.1395,38.8929,2013,7,16,33.85,22.13,21.1,1.62,26.21,0.36
US-xSC,-78.1395,38.8929,2013,7,17,34.88,22.53,20.8,1.52,23.96,0.04
US-xSC,-78.1395,38.8929,2013,7,18,34.56,23.73,22.3,1.11,25.78,0.9
US-xSC,-78.1395,38.8929,2013,7,19,33.85,23.25,22.34,1.51,22.26,3.1
US-xSC,-78.1395,38.8929,2013,7,20,32.14,22.52,21.52,1.86,21.45,0.66
US-xSC,-78.1395,38.8929,2013,7,21,29.43,21.73,21.17,0.8,18.81,8.88
US-xSC,-78.1395,38.8929,2013,7,22,30.12,20.7,21.1,0.86,20.02,17.75
US-xSC,-78.1395,38.8929,2013,7,23,30.33,20.47,19.97,1.76,23.33,1.59
US-xSC,-78.1395,38.8929,2013,7,24,27.96,17.06,16.87,1.88,18.51,0.18
US-xSC,-78.1395,38.8929,2013,7,25,26.25,14.11,12,1.81,24.79,0
US-xSC,-78.1395,38.8929,2013,7,26,28.84,13.46,12.08,1.2,26.38,0
US-xSC,-78.1395,38.8929,2013,7,27,27.13,17.11,18.6,1.95,10.82,3.09
US-xSC,-78.1395,38.8929,2013,7,28,29.26,18.44,17.97,1.59,19.61,1.51
US-xSC,-78.1395,38.8929,2013,7,29,27.96,13.89,11.91,1.48,26.94,0
US-xSC,-78.1395,38.8929,2013,7,30,28.9,13.73,12.61,0.85,23.8,0
US-xSC,-78.1395,38.8929,2013,7,31,27.07,16.7,16.55,1.26,11.65,4.86
US-xSC,-78.1395,38.8929,2013,8,1,29.77,18.93,18.59,1.5,16.89,7.85
US-xSC,-78.1395,38.8929,2013,8,2,29.34,16.62,15.46,1.83,25.39,0
US-xSC,-78.1395,38.8929,2013,8,3,27.86,18.28,16.3,1.57,10.69,2.73
US-xSC,-78.1395,38.8929,2013,8,4,27.11,15.84,12.96,2.37,25.17,0.05
US-xSC,-78.1395,38.8929,2013,8,5,27.43,13.35,10.59,1.05,23.46,0.06
US-xSC,-78.1395,38.8929,2013,8,6,27.07,16.03,16.41,1.23,16.82,6.1
US-xSC,-78.1395,38.8929,2013,8,7,28.34,18.63,20.07,1.71,15.34,8.67
US-xSC,-78.1395,38.8929,2013,8,8,26.59,20.88,21.34,1.88,12.01,5.96
US-xSC,-78.1395,38.8929,2013,8,9,30.65,21.75,21.7,1.93,16.67,3.29
US-xSC,-78.1395,38.8929,2013,8,10,31.37,20.05,18.02,0.98,15.3,3.19
US-xSC,-78.1395,38.8929,2013,8,11,28.58,17.89,18.11,1.09,18.02,0.72
US-xSC,-78.1395,38.8929,2013,8,12,31.32,18.86,18.45,1.34,21.76,0.52
US-xSC,-78.1395,38.8929,2013,8,13,29.96,19.78,19.38,1.74,15.24,14.08
US-xSC,-78.1395,38.8929,2013,8,14,23.76,13.34,9.44,2.75,25.63,0.01
US-xSC,-78.1395,38.8929,2013,8,15,25.12,10.54,8.56,1.25,24.57,0
US-xSC,-78.1395,38.8929,2013,8,16,26.62,13.78,11.54,1.4,23.28,0
US-xSC,-78.1395,38.8929,2013,8,17,26.86,11.95,12.43,1.65,17.75,0.56
US-xSC,-78.1395,38.8929,2013,8,18,22.05,15.51,15.44,1.19,7.6,8.7
US-xSC,-78.1395,38.8929,2013,8,19,25.93,15.82,17.54,0.89,12.3,3.24
US-xSC,-78.1395,38.8929,2013,8,20,30.73,16.23,16.2,0.99,20.24,0
US-xSC,-78.1395,38.8929,2013,8,21,30.92,16.93,17.71,1.36,18.07,4.38
US-xSC,-78.1395,38.8929,2013,8,22,29.15,18.68,18.4,1.57,19.98,0.9
US-xSC,-78.1395,38.8929,2013,8,23,23.66,15.72,17.61,1.5,6.64,24.35
US-xSC,-78.1395,38.8929,2013,8,24,26.87,13.57,13.48,1.7,23.83,0
US-xSC,-78.1395,38.8929,2013,8,25,27.38,14.34,13.97,1.47,22.54,0
US-xSC,-78.1395,38.8929,2013,8,26,31.13,14.61,14.63,1.52,23.67,0.11
US-xSC,-78.1395,38.8929,2013,8,27,29.77,18.77,19.37,1.98,14.14,3.54
US-xSC,-78.1395,38.8929,2013,8,28,26.27,20.78,21.68,1.59,6.14,9.51
US-xSC,-78.1395,38.8929,2013,8,29,28.71,19.33,19.5,1.72,15.29,1.75
US-xSC,-78.1395,38.8929,2013,8,30,30.68,17.6,18.89,1.81,21.88,0
US-xSC,-78.1395,38.8929,2013,8,31,31.92,19.53,19.45,1.55,16.64,0.58
US-xSC,-78.1395,38.8929,2013,9,1,30.71,19.59,20.29,0.85,16.99,3.28
US-xSC,-78.1395,38.8929,2013,9,2,32.65,20.08,19.7,1.35,19.83,0.73
US-xSC,-78.1395,38.8929,2013,9,3,28.68,16.5,15.17,2.09,20.27,0.1
US-xSC,-78.1395,38.8929,2013,9,4,28.62,13,11.4,1.39,24.52,0
US-xSC,-78.1395,38.8929,2013,9,5,28.71,14.25,12.22,2.28,23.1,0
US-xSC,-78.1395,38.8929,2013,9,6,24.73,10.46,6.05,1.48,24.14,0
US-xSC,-78.1395,38.8929,2013,9,7,28.72,11.87,9.88,1.33,22.61,0
US-xSC,-78.1395,38.8929,2013,9,8,31.01,15.01,14.55,1.79,19.4,0.5
US-xSC,-78.1395,38.8929,2013,9,9,27.69,13.99,12.29,1.79,15.82,0.05
US-xSC,-78.1395,38.8929,2013,9,10,34.88,18.61,18.8,1.51,19.57,0
US-xSC,-78.1395,38.8929,2013,9,11,34.04,21.22,20.33,1.34,18.18,3.07
US-xSC,-78.1395,38.8929,2013,9,12,32.73,19.59,19.06,1.52,15.31,3.75
US-xSC,-78.1395,38.8929,2013,9,13,24.66,13.24,11.79,2.59,19.37,0.52
US-xSC,-78.1395,38.8929,2013,9,14,21.56,9.2,5.84,1.91,20.58,0
US-xSC,-78.1395,38.8929,2013,9,15,25.3,8.75,7.71,1.61,21,0.02
US-xSC,-78.1395,38.8929,2013,9,16,22.2,13.02,11.38,2.04,7.78,1.41
US-xSC,-78.1395,38.8929,2013,9,17,20.9,8.03,3.86,2.02,18.65,0
US-xSC,-78.1395,38.8929,2013,9,18,22.48,6.81,5.15,1.56,20.31,0
US-xSC,-78.1395,38.8929,2013,9,19,26.18,9.29,10.07,1.42,15.97,0
US-xSC,-78.1395,38.8929,2013,9,20,27.5,11.74,13.39,1.74,14.71,0
US-xSC,-78.1395,38.8929,2013,9,21,21.49,13.79,15.9,2.61,5.1,16.76
US-xSC,-78.1395,38.8929,2013,9,22,23.05,10.65,9.55,1.99,16.58,0.09
US-xSC,-78.1395,38.8929,2013,9,23,19.82,7.27,4.58,1.88,19.26,0
US-xSC,-78.1395,38.8929,2013,9,24,23.25,4.3,4.12,1.08,20.58,0
US-xSC,-78.1395,38.8929,2013,9,25,24.96,8.28,5.78,1.4,17.3,0
US-xSC,-78.1395,38.8929,2013,9,26,24.77,10,7.49,1.64,19.44,0
US-xSC,-78.1395,38.8929,2013,9,27,23.28,9.57,10.15,1.51,14.8,0
US-xSC,-78.1395,38.8929,2013,9,28,20.28,10.58,10.6,1.6,9.08,0
US-xSC,-78.1395,38.8929,2013,9,29,23.02,10.79,9.12,1.28,17.83,0
US-xSC,-78.1395,38.8929,2013,9,30,25.23,10.82,10.69,1.26,17.51,0
US-xSC,-78.1395,38.8929,2013,10,1,27.77,14.02,12.52,1.76,15.43,0
US-xSC,-78.1395,38.8929,2013,10,2,29.97,13.54,13.02,1.78,18.89,0
US-xSC,-78.1395,38.8929,2013,10,3,28.52,14.89,14.99,1.34,13.19,0
US-xSC,-78.1395,38.8929,2013,10,4,30.64,15.4,15.19,1.33,15.26,0.19
US-xSC,-78.1395,38.8929,2013,10,5,31.73,17.07,16.14,1.3,16.3,0.06
US-xSC,-78.1395,38.8929,2013,10,6,30.42,17.78,15.89,2.48,15.99,0.28
US-xSC,-78.1395,38.8929,2013,10,7,21.5,10.15,13.81,2.72,6.57,24.69
US-xSC,-78.1395,38.8929,2013,10,8,19.44,7.92,5.49,1.94,16.89,0
US-xSC,-78.1395,38.8929,2013,10,9,15.39,8.99,7.27,1.92,6.3,0.53
US-xSC,-78.1395,38.8929,2013,10,10,14.99,9.22,10.43,2.58,3.32,30.13
US-xSC,-78.1395,38.8929,2013,10,11,15.01,11.07,12.62,2.44,5.47,23.59
US-xSC,-78.1395,38.8929,2013,10,12,19.51,13.56,15.08,2.12,4.36,7.19
US-xSC,-78.1395,38.8929,2013,10,13,17.56,13.07,13.75,1.81,3.68,11.99
US-xSC,-78.1395,38.8929,2013,10,14,19.3,11.54,11.71,1.17,10.02,0.43
US-xSC,-78.1395,38.8929,2013,10,15,21,9.6,10.37,1.26,13.4,0
US-xSC,-78.1395,38.8929,2013,10,16,21.58,10.76,12.87,1.6,9.4,0.03
US-xSC,-78.1395,38.8929,2013,10,17,21.61,10.83,14.25,1.83,6.78,3.24
US-xSC,-78.1395,38.8929,2013,10,18,18.23,6.78,5.75,1.82,16.96,0.05
US-xSC,-78.1395,38.8929,2013,10,19,17.29,7.81,8.38,1.8,6.22,0.27
US-xSC,-78.1395,38.8929,2013,10,20,16.05,3.04,2.16,1.73,16.81,0.01
US-xSC,-78.1395,38.8929,2013,10,21,18.31,3.31,3.54,2.38,16.23,0
US-xSC,-78.1395,38.8929,2013,10,22,15.97,3.5,4.85,2.12,8.58,0.02
US-xSC,-78.1395,38.8929,2013,10,23,13.61,2.37,1.49,1.84,8.41,1.34
US-xSC,-78.1395,38.8929,2013,10,24,9.26,0.1,-1.1,2.49,9.36,0.02
US-xSC,-78.1395,38.8929,2013,10,25,10.88,-1.18,-1.69,2.39,13.95,0
US-xSC,-78.1395,38.8929,2013,10,26,12.29,-2.97,-2.6,2.41,15.65,0
US-xSC,-78.1395,38.8929,2013,10,27,14.6,0.86,0.49,1.72,14.54,0
US-xSC,-78.1395,38.8929,2013,10,28,16.1,0.57,1.65,1.1,12.83,0
US-xSC,-78.1395,38.8929,2013,10,29,16.85,0.87,4.44,1.34,13.92,0
US-xSC,-78.1395,38.8929,2013,10,30,19.59,6.42,10.18,1.35,8.6,0.17
US-xSC,-78.1395,38.8929,2013,10,31,19.6,9.74,12.77,2.9,5.44,1.36
US-xSC,-78.1395,38.8929,2013,11,1,22.48,9.72,12.87,3.23,12.01,4.04
US-xSC,-78.1395,38.8929,2013,11,2,17.38,5.75,5.62,2.27,10.01,0.03
US-xSC,-78.1395,38.8929,2013,11,3,12.1,0.93,0.37,2.53,14.36,0.01
US-xSC,-78.1395,38.8929,2013,11,4,5.68,-3.18,-4.31,1.54,10.36,0
US-xSC,-78.1395,38.8929,2013,11,5,10.85,-0.14,1.81,1.41,8,0
US-xSC,-78.1395,38.8929,2013,11,6,18.4,4.71,8.82,2.34,12.69,0
US-xSC,-78.1395,38.8929,2013,11,7,13.01,3.18,5.05,3,5.44,2.39
US-xSC,-78.1395,38.8929,2013,11,8,8.79,-1.86,-3.28,2.59,11.69,0
US-xSC,-78.1395,38.8929,2013,11,9,12.5,-2.92,-2.79,2.47,13.06,0
US-xSC,-78.1395,38.8929,2013,11,10,12.65,2.11,-0.57,3.18,13.33,0
US-xSC,-78.1395,38.8929,2013,11,11,14.64,-1.46,-1.04,2.25,11.66,0
US-xSC,-78.1395,38.8929,2013,11,12,5.25,-2.74,-5.43,3.3,3.04,0.17
US-xSC,-78.1395,38.8929,2013,11,13,5.33,-4.4,-7.14,2.5,12.85,0
US-xSC,-78.1395,38.8929,2013,11,14,13.69,-4.66,-4.93,1.84,12.09,0
US-xSC,-78.1395,38.8929,2013,11,15,14.3,-1.72,-2.13,1.75,11.21,1.67
US-xSC,-78.1395,38.8929,2013,11,16,12.93,4.07,7.02,1.22,8.2,0.95
US-xSC,-78.1395,38.8929,2013,11,17,14.07,6.5,10.53,2.8,3.98,2.15
US-xSC,-78.1395,38.8929,2013,11,18,17.15,5.35,3.63,3.34,12.41,2.11
US-xSC,-78.1395,38.8929,2013,11,19,7.78,-1.05,-3.71,2.81,11.88,0
US-xSC,-78.1395,38.8929,2013,11,20,7,-2.6,-5.06,1.83,11.97,0
US-xSC,-78.1395,38.8929,2013,11,21,7.16,-3.34,0.97,1.52,5.62,0
US-xSC,-78.1395,38.8929,2013,11,22,18.21,5.05,8.64,2.18,4.82,0.09
US-xSC,-78.1395,38.8929,2013,11,23,9.1,-3.44,-4.77,3.82,10.6,0.01
US-xSC,-78.1395,38.8929,2013,11,24,-2.16,-6.18,-14.13,4.15,11.88,0
US-xSC,-78.1395,38.8929,2013,11,25,2.68,-6.13,-12.14,2,10.89,0.02
US-xSC,-78.1395,38.8929,2013,11,26,0.62,-1.6,-2.06,1.88,2.52,35.6
US-xSC,-78.1395,38.8929,2013,11,27,0.63,-6.13,-2.01,3.99,2.86,5.42
US-xSC,-78.1395,38.8929,2013,11,28,-0.35,-10.23,-8.11,2.23,10.98,0
US-xSC,-78.1395,38.8929,2013,11,29,1.45,-9.53,-6.47,2.09,10.89,0
US-xSC,-78.1395,38.8929,2013,11,30,0.57,-6.73,-5.63,1.8,7.1,0
US-xSC,-78.1395,38.8929,2013,12,1,7.59,-7.06,-2.96,1.49,7.19,0
US-xSC,-78.1395,38.8929,2013,12,2,8.54,-2.08,1.34,1.34,4.33,0
US-xSC,-78.1395,38.8929,2013,12,3,10.02,0.01,2.57,1.31,7.4,0.08
US-xSC,-78.1395,38.8929,2013,12,4,10.21,2,6,1.42,8.08,0.06
US-xSC,-78.1395,38.8929,2013,12,5,18.62,6.74,11.46,2.62,6.58,1.3
US-xSC,-78.1395,38.8929,2013,12,6,14.04,0.87,5.42,2.61,1.64,30.42
US-xSC,-78.1395,38.8929,2013,12,7,2.03,-5.53,-2.53,2.46,5.7,3.74
US-xSC,-78.1395,38.8929,2013,12,8,-3.26,-6.67,-6.35,1.79,2.22,18.37
US-xSC,-78.1395,38.8929,2013,12,9,0.39,-6.3,-1.8,1.32,6.19,2.86
US-xSC,-78.1395,38.8929,2013,12,10,-0.29,-10,-4.97,2.23,4.12,8.81
US-xSC,-78.1395,38.8929,2013,12,11,-0.13,-13.61,-8.17,2.24,10.6,0
US-xSC,-78.1395,38.8929,2013,12,12,-4.38,-15.37,-9.87,2.41,10.74,0
US-xSC,-78.1395,38.8929,2013,12,13,0.31,-14.27,-7.08,2.04,8.58,0.01
US-xSC,-78.1395,38.8929,2013,12,14,0.13,-3.89,-2.06,1.44,1.94,8.68
US-xSC,-78.1395,38.8929,2013,12,15,0.5,-7.2,-2.59,2.45,8.2,0.03
US-xSC,-78.1395,38.8929,2013,12,16,0.04,-8.76,-6.05,2.01,5.85,0.12
US-xSC,-78.1395,38.8929,2013,12,17,3.68,-4.81,-1.94,1.45,6.26,0.67
US-xSC,-78.1395,38.8929,2013,12,18,0.62,-7.84,-5.61,2.35,9.83,0.01
US-xSC,-78.1395,38.8929,2013,12,19,7.77,-6.51,-0.63,2.34,9.78,0
US-xSC,-78.1395,38.8929,2013,12,20,6.93,1.89,4.02,2.43,5.57,0
US-xSC,-78.1395,38.8929,2013,12,21,15.12,5.67,9.95,3,7.12,0.55
US-xSC,-78.1395,38.8929,2013,12,22,20.53,14.24,16.46,3.55,2.39,3.95
US-xSC,-78.1395,38.8929,2013,12,23,13.25,0.01,5.8,2.6,2.8,10.95
US-xSC,-78.1395,38.8929,2013,12,24,1.35,-6.75,-7.75,3.07,6.51,0.02
US-xSC,-78.1395,38.8929,2013,12,25,-0.16,-6.9,-10.08,1.91,10.5,0
US-xSC,-78.1395,38.8929,2013,12,26,5.45,-5.47,-4.9,2.24,9.3,0.01
US-xSC,-78.1395,38.8929,2013,12,27,7.34,-5.22,-4.1,2.19,10.44,0
US-xSC,-78.1395,38.8929,2013,12,28,10.41,-2.02,-0.75,2.17,9.55,0.02
US-xSC,-78.1395,38.8929,2013,12,29,3.39,-0.35,1.13,2.05,3.07,30.19
US-xSC,-78.1395,38.8929,2013,12,30,1.49,-6.01,-2.56,2.09,4.31,0.04
US-xSC,-78.1395,38.8929,2013,12,31,2.58,-5.27,-5.73,2.6,9.69,0.01
US-xSC,-78.1395,38.8929,2014,1,1,5.2,-4.31,-3.14,1.88,9.74,0
US-xSC,-78.1395,38.8929,2014,1,2,0.73,-2.09,-1.79,1.5,3.03,3.59
US-xSC,-78.1395,38.8929,2014,1,3,-2.03,-11.65,-12.58,4.41,10.98,0.18
US-xSC,-78.1395,38.8929,2014,1,4,0.73,-12.34,-9.6,2.62,10.52,0
US-xSC,-78.1395,38.8929,2014,1,5,2.77,-6.35,-1.71,2.1,2.42,3.28
US-xSC,-78.1395,38.8929,2014,1,6,2.92,-16.72,-7.9,4.94,8.62,3.76
US-xSC,-78.1395,38.8929,2014,1,7,-11.02,-18.28,-20.36,3.64,11.59,0.01
US-xSC,-78.1395,38.8929,2014,1,8,-0.88,-14.15,-11.44,1.52,8.27,0
US-xSC,-78.1395,38.8929,2014,1,9,2.68,-6.5,-4.81,1.54,7.34,0.13
US-xSC,-78.1395,38.8929,2014,1,10,3.72,-3,-0.9,1.54,3.74,6.8
US-xSC,-78.1395,38.8929,2014,1,11,9.78,0.24,3.84,2.83,2.54,9.15
US-xSC,-78.1395,38.8929,2014,1,12,7.31,-3.16,-1.04,2.67,10.76,0.01
US-xSC,-78.1395,38.8929,2014,1,13,9.21,-2.6,1.63,2.6,9.96,0.11
US-xSC,-78.1395,38.8929,2014,1,14,8.61,-2.48,3.23,2.32,2.72,2.39
US-xSC,-78.1395,38.8929,2014,1,15,9.05,-2.68,-0.65,1.94,7.88,0.99
US-xSC,-78.1395,38.8929,2014,1,16,2.55,-4.53,-6.06,1.79,11.7,0.17
US-xSC,-78.1395,38.8929,2014,1,17,6.95,-3.44,-1.4,1.86,10.85,0.72
US-xSC,-78.1395,38.8929,2014,1,18,-0.64,-7.46,-10.25,3.69,11.24,0.46
US-xSC,-78.1395,38.8929,2014,1,19,5.09,-7.13,-4.79,2.69,9.06,0.03
US-xSC,-78.1395,38.8929,2014,1,20,7.44,-2.47,-1.48,2.55,11.21,0.01
US-xSC,-78.1395,38.8929,2014,1,21,-1.28,-8.43,-5.7,3.57,2.3,8.3
US-xSC,-78.1395,38.8929,2014,1,22,-8.98,-15.85,-16,3.67,12.11,0.01
US-xSC,-78.1395,38.8929,2014,1,23,-6.61,-14.83,-14.98,3.26,8.91,0
US-xSC,-78.1395,38.8929,2014,1,24,-6.06,-17.81,-15.75,3.02,12.88,0
US-xSC,-78.1395,38.8929,2014,1,25,-0.57,-12.67,-9.03,3.62,7.04,0.19
US-xSC,-78.1395,38.8929,2014,1,26,-1.19,-12.59,-9.54,3.02,6.09,0.51
US-xSC,-78.1395,38.8929,2014,1,27,2.59,-11.11,-7.52,4.39,11.11,0.17
US-xSC,-78.1395,38.8929,2014,1,28,-9.33,-15.14,-17.29,2.38,8.66,0.26
US-xSC,-78.1395,38.8929,2014,1,29,-6.15,-16.97,-15.92,2.71,13.01,0.01
US-xSC,-78.1395,38.8929,2014,1,30,-1.4,-16.58,-12.86,2.27,13.21,0
US-xSC,-78.1395,38.8929,2014,1,31,6.21,-7.6,-5.61,1.38,11.06,0
US-xSC,-78.1395,38.8929,2014,2,1,6.97,-3.41,-1.99,2.25,10.78,0
US-xSC,-78.1395,38.8929,2014,2,2,12.16,-0.78,3.54,2.03,7.89,0.2
US-xSC,-78.1395,38.8929,2014,2,3,1.6,-8.88,-1.81,2.7,4.33,28.97
US-xSC,-78.1395,38.8929,2014,2,4,-1.32,-11.61,-6.46,1.95,4.48,4.54
US-xSC,-78.1395,38.8929,2014,2,5,0.18,-6.04,-1.98,2.99,8.46,15.85
US-xSC,-78.1395,38.8929,2014,2,6,-2.68,-10.22,-7.59,2.45,11.54,0
US-xSC,-78.1395,38.8929,2014,2,7,0.89,-12.22,-8.08,2.13,13.53,0
US-xSC,-78.1395,38.8929,2014,2,8,-1.87,-12.85,-9.38,1.37,6.91,0
US-xSC,-78.1395,38.8929,2014,2,9,0.14,-10.36,-6.1,1.95,3.74,0.6
US-xSC,-78.1395,38.8929,2014,2,10,-3.61,-15.09,-9.73,2.39,10.32,0
US-xSC,-78.1395,38.8929,2014,2,11,-4.55,-17.56,-12.84,2.43,15.34,0
US-xSC,-78.1395,38.8929,2014,2,12,-6.16,-19.1,-12.39,1.96,8.77,4.47
US-xSC,-78.1395,38.8929,2014,2,13,0.13,-8.66,-3.95,4.92,3.85,23.62
US-xSC,-78.1395,38.8929,2014,2,14,1.59,-6.35,-2.84,2.65,15.54,0.42
US-xSC,-78.1395,38.8929,2014,2,15,-1.07,-8.83,-3.76,4.04,9.18,4.51
US-xSC,-78.1395,38.8929,2014,2,16,-0.25,-10.69,-6.27,2.14,9.48,0.15
US-xSC,-78.1395,38.8929,2014,2,17,-2.82,-13.74,-8.58,2.26,15.62,0.82
US-xSC,-78.1395,38.8929,2014,2,18,3.17,-6.28,-2.62,2.6,16.26,0.41
US-xSC,-78.1395,38.8929,2014,2,19,10.57,-3.24,1.23,3.57,12.36,2.45
US-xSC,-78.1395,38.8929,2014,2,20,7.5,-2.23,1.13,2.38,9.01,0
US-xSC,-78.1395,38.8929,2014,2,21,11.44,-1.14,4.14,2.88,5.4,5.76
US-xSC,-78.1395,38.8929,2014,2,22,13.08,-2.55,0.16,2.78,17.21,0
US-xSC,-78.1395,38.8929,2014,2,23,16.07,-0.25,2.55,1.9,15.37,0.2
US-xSC,-78.1395,38.8929,2014,2,24,3.45,-5.08,-6.36,3.88,18.48,0
US-xSC,-78.1395,38.8929,2014,2,25,1.18,-4.99,-5.19,1.79,10.34,0.31
US-xSC,-78.1395,38.8929,2014,2,26,-0.08,-5.92,-7.78,2.41,16.03,0.63
US-xSC,-78.1395,38.8929,2014,2,27,0.36,-10.36,-11.07,3.97,18.72,0
US-xSC,-78.1395,38.8929,2014,2,28,-0.9,-14.35,-14.6,1.65,18.96,0
US-xSC,-78.1395,38.8929,2014,3,1,7.18,-9.88,-5.22,2.28,12.14,0
US-xSC,-78.1395,38.8929,2014,3,2,10.24,-1.45,1.32,1.88,6.93,6.94
US-xSC,-78.1395,38.8929,2014,3,3,-2.12,-14.74,-10.43,3.75,4.37,11.21
US-xSC,-78.1395,38.8929,2014,3,4,-2.25,-15.04,-11.31,1.78,13.11,0
US-xSC,-78.1395,38.8929,2014,3,5,4.2,-10.68,-6.15,1.94,14.38,0
US-xSC,-78.1395,38.8929,2014,3,6,0.28,-8.56,-7.58,2.62,14.1,0
US-xSC,-78.1395,38.8929,2014,3,7,3.52,-4.95,-3.62,1.73,9.07,0.01
US-xSC,-78.1395,38.8929,2014,3,8,13.52,-4.04,1.62,2.4,15.68,0
US-xSC,-78.1395,38.8929,2014,3,9,7.95,-1.89,-2.16,2.57,19.18,0
US-xSC,-78.1395,38.8929,2014,3,10,15.04,-1.18,2.73,2.4,16.48,0
US-xSC,-78.1395,38.8929,2014,3,11,18.27,4.34,7.95,2.19,11.83,0
US-xSC,-78.1395,38.8929,2014,3,12,18.8,-4.03,4.67,4.65,7.57,3.52
US-xSC,-78.1395,38.8929,2014,3,13,-1.23,-8.59,-11.7,5.26,22.42,0
US-xSC,-78.1395,38.8929,2014,3,14,11.75,-5.7,-1.98,3.36,18.35,0.1
US-xSC,-78.1395,38.8929,2014,3,15,13.65,0.42,2.22,3.26,19.98,0.11
US-xSC,-78.1395,38.8929,2014,3,16,2.59,-3.69,-3.25,2.27,5.81,8.11
US-xSC,-78.1395,38.8929,2014,3,17,-1.51,-5.15,-5.4,2.31,6.43,5.36
US-xSC,-78.1395,38.8929,2014,3,18,3.63,-6.13,-3.17,1.96,10.92,0.18
US-xSC,-78.1395,38.8929,2014,3,19,4.76,-3.75,0.93,2.41,9.42,2.25
US-xSC,-78.1395,38.8929,2014,3,20,10.14,-0.89,0.68,3.56,22.36,0.17
US-xSC,-78.1395,38.8929,2014,3,21,14.43,-1.88,2.59,2.01,16.61,0.04
US-xSC,-78.1395,38.8929,2014,3,22,16.55,3.05,4.83,2.76,17.31,0
US-xSC,-78.1395,38.8929,2014,3,23,6.24,-4.62,-2.55,2.78,8.32,0.01
US-xSC,-78.1395,38.8929,2014,3,24,4.61,-6.7,-9.32,2.07,23.53,0
US-xSC,-78.1395,38.8929,2014,3,25,0.78,-4.32,-3.55,1.45,7.26,4.33
US-xSC,-78.1395,38.8929,2014,3,26,0.16,-6.72,-8.57,4.2,21.29,0
US-xSC,-78.1395,38.8929,2014,3,27,6.09,-8.77,-4.49,2.84,18.95,0
US-xSC,-78.1395,38.8929,2014,3,28,16.81,0.93,7.12,3.26,10.48,1.14
US-xSC,-78.1395,38.8929,2014,3,29,13.26,5.37,8,2.18,5.91,14.97
US-xSC,-78.1395,38.8929,2014,3,30,5.63,1.74,0.88,5.91,6.18,8.35
US-xSC,-78.1395,38.8929,2014,3,31,15.81,-0.18,1.19,3.86,23.95,0
US-xSC,-78.1395,38.8929,2014,4,1,19.22,1.39,5.3,2.05,19.2,0.03
US-xSC,-78.1395,38.8929,2014,4,2,18.17,7.34,8.21,1.77,17.74,0.13
US-xSC,-78.1395,38.8929,2014,4,3,19.05,8.26,9.82,1.96,11.63,0.67
US-xSC,-78.1395,38.8929,2014,4,4,15.75,7.84,10.38,2.6,12.48,0.94
US-xSC,-78.1395,38.8929,2014,4,5,12.24,0.66,1.19,3.39,22.29,0
US-xSC,-78.1395,38.8929,2014,4,6,13.76,-3.56,-1.04,1.81,26.1,0
US-xSC,-78.1395,38.8929,2014,4,7,7.69,3.38,4.8,2.25,3.88,9.82
US-xSC,-78.1395,38.8929,2014,4,8,14.74,4.35,6.17,3.06,19.88,0.15
US-xSC,-78.1395,38.8929,2014,4,9,15.64,2.55,3.64,2.45,18.8,0
US-xSC,-78.1395,38.8929,2014,4,10,18.69,1.78,5.01,3.31,25.61,0
US-xSC,-78.1395,38.8929,2014,4,11,19.32,8.84,11.17,2.07,19.96,1.38
US-xSC,-78.1395,38.8929,2014,4,12,21.39,7.13,9.3,1.93,23.32,0.01
US-xSC,-78.1395,38.8929,2014,4,13,25.34,10.86,14.07,2.9,21.87,0
US-xSC,-78.1395,38.8929,2014,4,14,20.04,14.88,15.42,3.57,10.69,0.84
US-xSC,-78.1395,38.8929,2014,4,15,18.31,-1.02,7.12,4.32,5.52,19.95
US-xSC,-78.1395,38.8929,2014,4,16,8.76,-3.7,-5.77,2.68,27.91,0
US-xSC,-78.1395,38.8929,2014,4,17,12.87,-3.37,0.06,2.35,26.12,0
US-xSC,-78.1395,38.8929,2014,4,18,12.61,-0.09,2.61,1.6,18.59,0
US-xSC,-78.1395,38.8929,2014,4,19,17.57,3.27,5.73,2.08,18.86,0
US-xSC,-78.1395,38.8929,2014,4,20,16.38,2.08,4.42,2.19,24.99,0
US-xSC,-78.1395,38.8929,2014,4,21,19.99,2.22,3.19,1.72,27.15,0
US-xSC,-78.1395,38.8929,2014,4,22,22.09,8.62,11.55,2.04,10.41,0.76
US-xSC,-78.1395,38.8929,2014,4,23,13.56,4.08,2.5,3.9,25.52,0.01
US-xSC,-78.1395,38.8929,2014,4,24,17.85,0.31,-0.1,1.8,24.49,0
US-xSC,-78.1395,38.8929,2014,4,25,18.29,4.84,9.22,2.45,8.95,16.68
US-xSC,-78.1395,38.8929,2014,4,26,22.19,5.76,8.11,3.31,19.84,0.38
US-xSC,-78.1395,38.8929,2014,4,27,18.45,4.07,4.38,1.96,27.05,0
US-xSC,-78.1395,38.8929,2014,4,28,14.77,6,7.4,2.29,8.71,3.48
US-xSC,-78.1395,38.8929,2014,4,29,11.2,6.88,7.91,3.33,4.27,23.7
US-xSC,-78.1395,38.8929,2014,4,30,20.13,7.2,14.6,3.1,8.13,24.9
US-xSC,-78.1395,38.8929,2014,5,1,21.77,8.63,12.62,2.05,19.95,0.2
US-xSC,-78.1395,38.8929,2014,5,2,18.98,6.33,6.89,2.11,20.54,0
US-xSC,-78.1395,38.8929,2014,5,3,19.97,7.6,8.15,2.04,21.81,0.1
US-xSC,-78.1395,38.8929,2014,5,4,21.92,7.82,8,3.25,22.31,0.03
US-xSC,-78.1395,38.8929,2014,5,5,17.72,4.95,4.41,1.32,13.17,1.96
US-xSC,-78.1395,38.8929,2014,5,6,21.94,6.81,8.93,1.46,27.45,0.63
US-xSC,-78.1395,38.8929,2014,5,7,17.3,8.82,11.87,2.04,15.4,3.46
US-xSC,-78.1395,38.8929,2014,5,8,28.22,10.89,15.21,1.61,26.53,1
US-xSC,-78.1395,38.8929,2014,5,9,26.76,15.84,17.15,1.6,19.05,0.34
US-xSC,-78.1395,38.8929,2014,5,10,23.85,15.19,17.25,2.17,11.03,3.81
US-xSC,-78.1395,38.8929,2014,5,11,26.42,12.67,13.22,1.35,27.32,0.01
US-xSC,-78.1395,38.8929,2014,5,12,26,14.1,17.55,1.45,17.81,3.2
US-xSC,-78.1395,38.8929,2014,5,13,28.94,17.33,19.65,1.47,24.31,11.47
US-xSC,-78.1395,38.8929,2014,5,14,24.01,14.89,17.16,2.22,13.05,1.67
US-xSC,-78.1395,38.8929,2014,5,15,24.39,15.14,17.96,2.64,9.14,30.61
US-xSC,-78.1395,38.8929,2014,5,16,20.15,8.33,9.69,2.51,21.22,33.66
US-xSC,-78.1395,38.8929,2014,5,17,17.78,6.54,6.31,1.92,24.11,0.12
US-xSC,-78.1395,38.8929,2014,5,18,17.4,5.31,5.53,1.89,26.05,0
US-xSC,-78.1395,38.8929,2014,5,19,20.88,4.7,5.1,1.43,29.31,0
US-xSC,-78.1395,38.8929,2014,5,20,21.8,8.2,9.68,1.18,22.44,0.01
US-xSC,-78.1395,38.8929,2014,5,21,25.63,14.2,17.15,1.2,17.75,1.18
US-xSC,-78.1395,38.8929,2014,5,22,27.39,14.41,16.69,2.22,23.25,0.22
US-xSC,-78.1395,38.8929,2014,5,23,22.6,10.95,10.83,2.51,26.12,0
US-xSC,-78.1395,38.8929,2014,5,24,22.42,9.04,11.22,2.09,28.55,0.01
US-xSC,-78.1395,38.8929,2014,5,25,25.85,10.47,12.21,1.28,29.03,0
US-xSC,-78.1395,38.8929,2014,5,26,27.13,12.77,15,1.69,27.8,0
US-xSC,-78.1395,38.8929,2014,5,27,26.27,16.97,19.35,1.79,19.26,5.25
US-xSC,-78.1395,38.8929,2014,5,28,26.18,18.22,19.66,1.89,20.41,4.41
US-xSC,-78.1395,38.8929,2014,5,29,17.28,12.92,13.47,1.96,6.58,4.29
US-xSC,-78.1395,38.8929,2014,5,30,22.42,11.47,13.66,1.34,14.98,0.54
US-xSC,-78.1395,38.8929,2014,5,31,23.64,12.5,12.54,1.86,29.73,0
US-xSC,-78.1395,38.8929,2014,6,1,23.46,10.24,12.67,2.07,28.54,0
US-xSC,-78.1395,38.8929,2014,6,2,25.24,12.57,15.73,1.88,25.52,0.22
US-xSC,-78.1395,38.8929,2014,6,3,27.59,16.3,18.51,1.63,18.63,1.13
US-xSC,-78.1395,38.8929,2014,6,4,30.22,17.36,17.79,1.51,23.98,6.05
US-xSC,-78.1395,38.8929,2014,6,5,24.17,14.95,14.62,2.54,25.71,6.02
US-xSC,-78.1395,38.8929,2014,6,6,24.38,11.28,11.98,1.56,31.18,0
US-xSC,-78.1395,38.8929,2014,6,7,26.86,12.22,13.75,1.32,29.08,0
US-xSC,-78.1395,38.8929,2014,6,8,24.99,14.46,17.91,2.53,18.94,24.28
US-xSC,-78.1395,38.8929,2014,6,9,27.38,16.43,18.69,1.2,21.59,1.47
US-xSC,-78.1395,38.8929,2014,6,10,29.39,16.79,18.72,0.86,22.81,5.48
US-xSC,-78.1395,38.8929,2014,6,11,28.77,19.11,20.63,2.03,19.63,11.64
US-xSC,-78.1395,38.8929,2014,6,12,24.56,19.41,20.32,1.74,14.57,12.18
US-xSC,-78.1395,38.8929,2014,6,13,26.32,17.7,19.27,1.37,21.75,4.34
US-xSC,-78.1395,38.8929,2014,6,14,22.58,13.04,12.35,2.31,31.23,0
US-xSC,-78.1395,38.8929,2014,6,15,29.41,10.57,13.14,1.16,31.01,0
US-xSC,-78.1395,38.8929,2014,6,16,33.39,15.07,18.12,1.19,27.27,4.18
US-xSC,-78.1395,38.8929,2014,6,17,31.48,19.71,21.23,1.47,27.22,0.29
US-xSC,-78.1395,38.8929,2014,6,18,30.21,20.53,21.36,1.9,26.8,1.04
US-xSC,-78.1395,38.8929,2014,6,19,29.07,18.05,20.23,1.6,18.17,9.5
US-xSC,-78.1395,38.8929,2014,6,20,28.77,16.1,15.24,1.26,23.38,0.73
US-xSC,-78.1395,38.8929,2014,6,21,24.24,16.87,17.68,1.55,13.13,7.37
US-xSC,-78.1395,38.8929,2014,6,22,26.24,15.9,17.1,1.29,17.68,0.35
US-xSC,-78.1395,38.8929,2014,6,23,27.46,17.23,16.63,2.16,20.53,0.01
US-xSC,-78.1395,38.8929,2014,6,24,29.42,15.97,18.22,2.28,26.33,1.05
US-xSC,-78.1395,38.8929,2014,6,25,29.82,19.11,20.53,1.66,22.32,5.71
US-xSC,-78.1395,38.8929,2014,6,26,29.32,19.55,18.76,1.93,24.38,0.16
US-xSC,-78.1395,38.8929,2014,6,27,29.46,17.58,18.58,1.66,26.84,0.41
US-xSC,-78.1395,38.8929,2014,6,28,28.91,18.7,17.28,1.96,22.79,0.25
US-xSC,-78.1395,38.8929,2014,6,29,29.56,17.9,15.15,2.03,23.65,0.07
US-xSC,-78.1395,38.8929,2014,6,30,31.12,18.71,18.66,1.64,24.27,0.68
US-xSC,-78.1395,38.8929,2014,7,1,33.93,20.85,20.89,1.9,25.85,0.64
US-xSC,-78.1395,38.8929,2014,7,2,34.98,20.44,21.16,1.3,24.37,9.45
US-xSC,-78.1395,38.8929,2014,7,3,32.03,20.22,21.67,1.52,16.44,10.42
US-xSC,-78.1395,38.8929,2014,7,4,25.12,15.3,12.23,3.24,29.54,0.01
US-xSC,-78.1395,38.8929,2014,7,5,27.87,12.24,8.93,1.55,31.43,0
US-xSC,-78.1395,38.8929,2014,7,6,31.12,13.71,12.72,1.73,28.82,0
US-xSC,-78.1395,38.8929,2014,7,7,32.98,18.66,16.85,2.47,28.52,0
US-xSC,-78.1395,38.8929,2014,7,8,32.8,20.67,19.01,2.45,24.51,4.75
US-xSC,-78.1395,38.8929,2014,7,9,30.39,18.17,18.2,1.75,19.34,3.51
US-xSC,-78.1395,38.8929,2014,7,10,29.08,16.5,17.58,1.29,19.59,5.11
US-xSC,-78.1395,38.8929,2014,7,11,30.3,16.77,16.71,1.32,23.54,0.08
US-xSC,-78.1395,38.8929,2014,7,12,32.83,18.31,17.72,1.86,23.7,0.16
US-xSC,-78.1395,38.8929,2014,7,13,33.08,20.4,18.54,1.82,20.25,2.8
US-xSC,-78.1395,38.8929,2014,7,14,33.2,20.63,20.5,1.37,19.31,8.19
US-xSC,-78.1395,38.8929,2014,7,15,29.22,19.56,19.74,1.33,14.61,4.95
US-xSC,-78.1395,38.8929,2014,7,16,27.25,15.43,12.17,1.9,25.83,0
US-xSC,-78.1395,38.8929,2014,7,17,27.6,13.66,11.23,1.4,23.61,0
US-xSC,-78.1395,38.8929,2014,7,18,28.13,14.51,12.7,1.4,21.55,1.3
US-xSC,-78.1395,38.8929,2014,7,19,27.63,17.09,14.69,1.54,14.98,1.97
US-xSC,-78.1395,38.8929,2014,7,20,28.6,16.71,15.8,1.02,14.07,0.23
US-xSC,-78.1395,38.8929,2014,7,21,30.19,17.69,18.63,1.63,14.18,1.57
US-xSC,-78.1395,38.8929,2014,7,22,31.69,19.08,19.6,1.62,20.75,0.12
US-xSC,-78.1395,38.8929,2014,7,23,35.88,20.42,19.39,1.55,22.76,3.71
US-xSC,-78.1395,38.8929,2014,7,24,26.08,16.94,16.55,1.46,8.65,3.32
US-xSC,-78.1395,38.8929,2014,7,25,30.32,13.58,10.82,1.21,27.37,0
US-xSC,-78.1395,38.8929,2014,7,26,32.58,16.86,14.67,1.15,24.17,10.82
US-xSC,-78.1395,38.8929,2014,7,27,30.97,19.09,20.17,1.64,13.3,8.8
US-xSC,-78.1395,38.8929,2014,7,28,27.48,17.42,16.11,3.09,19.37,0.46
US-xSC,-78.1395,38.8929,2014,7,29,24.43,13.18,9.41,2.17,18.58,0.01
US-xSC,-78.1395,38.8929,2014,7,30,27.42,11.23,9.91,1.25,22.63,0.21
US-xSC,-78.1395,38.8929,2014,7,31,30.3,13.88,13.2,1.42,23.11,0.01
US-xSC,-78.1395,38.8929,2014,8,1,25.91,18.17,17.53,1.74,9.56,0.43
US-xSC,-78.1395,38.8929,2014,8,2,28.17,16.38,16.48,1.35,15.76,0.16
US-xSC,-78.1395,38.8929,2014,8,3,29.78,17.06,16.54,1.05,22.09,3.15
US-xSC,-78.1395,38.8929,2014,8,4,31.01,15.78,15.18,1.45,24.55,0.01
US-xSC,-78.1395,38.8929,2014,8,5,32.41,17.41,15.29,0.85,20.55,1.21
US-xSC,-78.1395,38.8929,2014,8,6,29.72,16.83,16.11,1.4,15,3.86
US-xSC,-78.1395,38.8929,2014,8,7,29.83,16.85,12.99,1.75,24.1,0
US-xSC,-78.1395,38.8929,2014,8,8,29.16,14.99,13.53,1.27,17.03,0
US-xSC,-78.1395,38.8929,2014,8,9,29.4,17.93,16.58,1.37,16.07,0
US-xSC,-78.1395,38.8929,2014,8,10,30.15,17.17,15.89,1.49,16.37,0
US-xSC,-78.1395,38.8929,2014,8,11,28.04,16.67,15.49,1.81,8.49,8.08
US-xSC,-78.1395,38.8929,2014,8,12,28.26,19.28,20.98,2.45,13.17,26.44
US-xSC,-78.1395,38.8929,2014,8,13,27.1,15.57,15.04,2.52,19.72,0.14
US-xSC,-78.1395,38.8929,2014,8,14,27.72,12.74,10.71,2.2,23.77,0
US-xSC,-78.1395,38.8929,2014,8,15,26.75,11.05,7.35,1.67,26.07,0
US-xSC,-78.1395,38.8929,2014,8,16,29.57,11.14,7.63,1.71,26.6,0.05
US-xSC,-78.1395,38.8929,2014,8,17,31.11,16.35,15.65,1.94,14.06,0.16
US-xSC,-78.1395,38.8929,2014,8,18,28.78,17.76,16.59,1.37,13.82,0.37
US-xSC,-78.1395,38.8929,2014,8,19,28.51,18.85,18.93,1.58,14.25,0.4
US-xSC,-78.1395,38.8929,2014,8,20,29.73,19.26,19.85,1.61,16.79,10.42
US-xSC,-78.1395,38.8929,2014,8,21,31.42,16.98,18.55,1.24,15.62,1.3
US-xSC,-78.1395,38.8929,2014,8,22,28.7,18.42,19.42,1.03,11.59,5.87
US-xSC,-78.1395,38.8929,2014,8,23,27.72,18.19,19.76,1.81,7.7,8.47
US-xSC,-78.1395,38.8929,2014,8,24,25.98,16.53,15.62,1.57,12.36,0.56
US-xSC,-78.1395,38.8929,2014,8,25,27.47,15.46,13.31,1.54,23.56,0
US-xSC,-78.1395,38.8929,2014,8,26,29.87,13.11,13.51,1.47,25.86,0
US-xSC,-78.1395,38.8929,2014,8,27,33.39,15.14,14.86,1.21,23.87,0.03
US-xSC,-78.1395,38.8929,2014,8,28,29.81,15.58,13.81,2.16,24.19,0.02
US-xSC,-78.1395,38.8929,2014,8,29,29.19,11.82,10.38,1.34,24.34,0
US-xSC,-78.1395,38.8929,2014,8,30,31.14,16.6,18.5,1.88,16.76,1.93
US-xSC,-78.1395,38.8929,2014,8,31,32.33,20.25,20.12,1.51,16,6.84
US-xSC,-78.1395,38.8929,2014,9,1,33.95,19.95,19.53,1.42,19.74,0.63
US-xSC,-78.1395,38.8929,2014,9,2,33.91,20.94,18.99,1.91,19.32,4.57
US-xSC,-78.1395,38.8929,2014,9,3,29.73,19.83,17.55,1.32,16.33,0.22
US-xSC,-78.1395,38.8929,2014,9,4,32.2,18.77,19.52,1.67,18.47,1.98
US-xSC,-78.1395,38.8929,2014,9,5,32.5,19.84,20.3,1.2,19.85,3.46
US-xSC,-78.1395,38.8929,2014,9,6,32.81,20.05,19.82,1.43,18.68,5.5
US-xSC,-78.1395,38.8929,2014,9,7,26.35,15.22,10.76,2.22,17.63,0.03
US-xSC,-78.1395,38.8929,2014,9,8,25.12,12.5,12.98,2.18,7.58,0.59
US-xSC,-78.1395,38.8929,2014,9,9,26.26,15.87,15.92,1.6,9.52,0.32
US-xSC,-78.1395,38.8929,2014,9,10,28.52,15.83,15.95,1.95,14.26,0
US-xSC,-78.1395,38.8929,2014,9,11,31.99,18.29,18.01,2.23,14.1,0.2
US-xSC,-78.1395,38.8929,2014,9,12,26.24,15.19,11.34,1.76,16.27,0
US-xSC,-78.1395,38.8929,2014,9,13,23.35,11.64,12.27,1.62,8.21,2.34
US-xSC,-78.1395,38.8929,2014,9,14,22.14,7.55,6.53,1.29,15.82,0.01
US-xSC,-78.1395,38.8929,2014,9,15,24.13,8.6,8.94,1.18,18.96,0
US-xSC,-78.1395,38.8929,2014,9,16,25.04,12.17,9.07,1.87,15.5,0.13
US-xSC,-78.1395,38.8929,2014,9,17,24.65,8.92,8.98,1.42,16.91,0
US-xSC,-78.1395,38.8929,2014,9,18,25.76,11.33,9.64,1.44,14.34,0
US-xSC,-78.1395,38.8929,2014,9,19,24.08,9.75,9.99,1.88,10.01,0
US-xSC,-78.1395,38.8929,2014,9,20,28.05,12.48,12.47,2.05,20.61,0
US-xSC,-78.1395,38.8929,2014,9,21,31.69,13,13.16,1.89,18.54,0.27
US-xSC,-78.1395,38.8929,2014,9,22,22.53,9.69,6.78,2.61,19.67,0.03
US-xSC,-78.1395,38.8929,2014,9,23,22.46,7.07,4.49,1.54,18.45,0
US-xSC,-78.1395,38.8929,2014,9,24,21.86,9.05,9.21,2.26,9.18,2.89
US-xSC,-78.1395,38.8929,2014,9,25,23.41,12.95,14.22,2.04,9.2,4.68
US-xSC,-78.1395,38.8929,2014,9,26,25.12,11.09,10.26,1.81,18.63,0
US-xSC,-78.1395,38.8929,2014,9,27,27.87,9.55,9.38,1.81,20.72,0
US-xSC,-78.1395,38.8929,2014,9,28,26,11.21,9.37,1.38,15.67,0
US-xSC,-78.1395,38.8929,2014,9,29,24.65,14.1,12.47,1.29,7.83,0.07
US-xSC,-78.1395,38.8929,2014,9,30,26.87,12.05,13.71,1.16,13.32,3.74
US-xSC,-78.1395,38.8929,2014,10,1,22.95,14.54,14.42,1.24,8.83,3.19
US-xSC,-78.1395,38.8929,2014,10,2,25.21,13.27,12.91,1.26,14.04,0.1
US-xSC,-78.1395,38.8929,2014,10,3,24.9,13.12,15.63,2.71,8.24,4.95
US-xSC,-78.1395,38.8929,2014,10,4,17.74,4.15,5.34,2.68,16.92,2.12
US-xSC,-78.1395,38.8929,2014,10,5,17.28,2.77,-1.03,1.97,18.83,0
US-xSC,-78.1395,38.8929,2014,10,6,22.53,5.39,5.34,3.02,17.79,3.22
US-xSC,-78.1395,38.8929,2014,10,7,20.75,11.32,12.03,3.06,8.8,6.99
US-xSC,-78.1395,38.8929,2014,10,8,24.03,9.87,9.27,2.46,18.28,0.06
US-xSC,-78.1395,38.8929,2014,10,9,23.05,6.98,4.79,1.92,14.53,0
US-xSC,-78.1395,38.8929,2014,10,10,17.79,10.49,10.28,1.2,4.24,5.69
US-xSC,-78.1395,38.8929,2014,10,11,17.14,8.54,9.73,1.57,4.48,5.93
US-xSC,-78.1395,38.8929,2014,10,12,17.27,6.34,6.62,1.62,5.69,0.65
US-xSC,-78.1395,38.8929,2014,10,13,23.11,10.99,14.13,1.86,6.09,1.63
US-xSC,-78.1395,38.8929,2014,10,14,25.93,15.45,18.54,3.75,5.65,16.68
US-xSC,-78.1395,38.8929,2014,10,15,22.18,10.3,18.44,2.73,3.81,43.85
US-xSC,-78.1395,38.8929,2014,10,16,18.88,9.32,10.51,1.3,8.67,1.16
US-xSC,-78.1395,38.8929,2014,10,17,21.31,8.92,10.68,2.24,16.07,0.01
US-xSC,-78.1395,38.8929,2014,10,18,17.92,7.64,7.8,2.97,9.31,0.11
US-xSC,-78.1395,38.8929,2014,10,19,14.2,4.42,1.82,2.84,16.93,0.07
US-xSC,-78.1395,38.8929,2014,10,20,15.71,2.27,5.23,1.95,13.06,0.26
US-xSC,-78.1395,38.8929,2014,10,21,18.28,6.24,8.9,1.78,9.04,4.69
US-xSC,-78.1395,38.8929,2014,10,22,13,7.42,7.71,3.67,5.76,2.9
US-xSC,-78.1395,38.8929,2014,10,23,17.43,7.49,5.38,4.12,14.49,0.05
US-xSC,-78.1395,38.8929,2014,10,24,18.42,5.8,4.5,2.65,12.93,0
US-xSC,-78.1395,38.8929,2014,10,25,21.16,3.8,6.55,2.22,14.16,0
US-xSC,-78.1395,38.8929,2014,10,26,18.06,5.23,2.93,3.06,13.94,0
US-xSC,-78.1395,38.8929,2014,10,27,22.06,2.47,2.55,1.75,15.22,0
US-xSC,-78.1395,38.8929,2014,10,28,26.49,10.26,12.42,2.43,13.53,0
US-xSC,-78.1395,38.8929,2014,10,29,15.12,6.89,8.62,1.87,4.69,3.35
US-xSC,-78.1395,38.8929,2014,10,30,14.19,3.29,3.03,1.81,9.19,0
US-xSC,-78.1395,38.8929,2014,10,31,12.26,1.38,2.77,1.32,6.26,0.65
US-xSC,-78.1395,38.8929,2014,11,1,10,2.89,2.61,3.63,3.61,0.74
US-xSC,-78.1395,38.8929,2014,11,2,8.66,1.01,-4.86,4.61,12.84,0.02
US-xSC,-78.1395,38.8929,2014,11,3,15.81,0.15,-2.71,2.2,12.17,0
US-xSC,-78.1395,38.8929,2014,11,4,19.47,4.05,3.6,1.86,9.92,0
US-xSC,-78.1395,38.8929,2014,11,5,15.26,8.87,7.43,1.34,4.96,2.11
US-xSC,-78.1395,38.8929,2014,11,6,17.62,7.4,8.73,2.3,8.35,7.95
US-xSC,-78.1395,38.8929,2014,11,7,9.88,-0.39,-0.05,3.35,9.88,0.13
US-xSC,-78.1395,38.8929,2014,11,8,9.8,-2.8,-2.46,2.11,10.96,0
US-xSC,-78.1395,38.8929,2014,11,9,14.19,1.35,1.8,1.64,12.24,0
US-xSC,-78.1395,38.8929,2014,11,10,16.81,2.58,3.33,1.94,13.07,0
US-xSC,-78.1395,38.8929,2014,11,11,20.01,1.82,5.87,2,13.43,0
US-xSC,-78.1395,38.8929,2014,11,12,13.65,0.64,1.57,2.6,12.91,0
US-xSC,-78.1395,38.8929,2014,11,13,8.76,-1.73,-2.02,1.53,3.14,0.18
US-xSC,-78.1395,38.8929,2014,11,14,3.59,-3.48,-7.57,2.66,10.2,0.03
US-xSC,-78.1395,38.8929,2014,11,15,5.61,-4.47,-7.57,1.72,12.84,0
US-xSC,-78.1395,38.8929,2014,11,16,7.75,-2.59,-3.46,1.93,3.48,3.01
US-xSC,-78.1395,38.8929,2014,11,17,8.37,-2.77,0.92,2.94,3.69,7.73
US-xSC,-78.1395,38.8929,2014,11,18,-2.14,-5.94,-14.76,4.19,12.46,0
US-xSC,-78.1395,38.8929,2014,11,19,1.79,-5.97,-12.05,2.85,10.07,0
US-xSC,-78.1395,38.8929,2014,11,20,7.38,-3.78,-5.93,2.59,11.63,0
US-xSC,-78.1395,38.8929,2014,11,21,1.43,-4.2,-11.2,2.45,11.98,0
US-xSC,-78.1395,38.8929,2014,11,22,8.9,-6.64,-6.53,2.27,11.26,0
US-xSC,-78.1395,38.8929,2014,11,23,13.38,-1.77,1.14,1.95,6.17,8.66
US-xSC,-78.1395,38.8929,2014,11,24,19.25,8.46,11.64,3.82,10.25,2.36
US-xSC,-78.1395,38.8929,2014,11,25,10.94,4.57,2.86,1.53,5.86,0.09
US-xSC,-78.1395,38.8929,2014,11,26,3.93,-1.19,0.4,1.88,2.47,26.47
US-xSC,-78.1395,38.8929,2014,11,27,2.41,-4.18,-1.89,1.97,5.21,0.57
US-xSC,-78.1395,38.8929,2014,11,28,0.64,-4.59,-6.16,2.14,8.55,0.06
US-xSC,-78.1395,38.8929,2014,11,29,3.61,-4.5,-3.1,1.95,6.96,0.01
US-xSC,-78.1395,38.8929,2014,11,30,14.93,-0.47,5.07,2.54,9.45,0
US-xSC,-78.1395,38.8929,2014,12,1,17.82,2.64,7.81,2.7,7.31,2.26
US-xSC,-78.1395,38.8929,2014,12,2,2.3,0.1,-0.3,2.16,2.56,10.8
US-xSC,-78.1395,38.8929,2014,12,3,8.01,0.45,2.07,2.2,3.67,1.2
US-xSC,-78.1395,38.8929,2014,12,4,5.47,-4.28,-2.2,1.39,5.15,1.58
US-xSC,-78.1395,38.8929,2014,12,5,3.43,-0.75,1.52,1.86,1.97,2.63
US-xSC,-78.1395,38.8929,2014,12,6,9.74,2.55,4.61,2.72,1.79,14.9
US-xSC,-78.1395,38.8929,2014,12,7,5.26,-3.62,-4.19,3.35,11.1,0.08
US-xSC,-78.1395,38.8929,2014,12,8,0.88,-3.8,-4.16,1.73,3.03,3.36
US-xSC,-78.1395,38.8929,2014,12,9,3.55,-1.6,0.04,2.65,4.91,7.88
US-xSC,-78.1395,38.8929,2014,12,10,5.05,-1.52,-1.22,4.17,5.93,0.06
US-xSC,-78.1395,38.8929,2014,12,11,1.64,-3.75,-6.81,3.9,6.97,0.01
US-xSC,-78.1395,38.8929,2014,12,12,4.02,-2.46,-4.07,2.96,9.64,0
US-xSC,-78.1395,38.8929,2014,12,13,4.93,-3.99,-2.33,2.14,7.41,0
US-xSC,-78.1395,38.8929,2014,12,14,9.57,-1.97,2.37,2.71,9.38,0
US-xSC,-78.1395,38.8929,2014,12,15,11.9,1.61,4.33,1.53,9.71,0.01
US-xSC,-78.1395,38.8929,2014,12,16,6.71,1.93,3.73,2.02,3.87,4.98
US-xSC,-78.1395,38.8929,2014,12,17,8.05,-2.58,-0.49,2.75,9.55,0.03
US-xSC,-78.1395,38.8929,2014,12,18,4.32,-4.07,-5.08,2.39,8.94,0
US-xSC,-78.1395,38.8929,2014,12,19,3.39,-4.19,-4.36,2.17,7.98,0
US-xSC,-78.1395,38.8929,2014,12,20,1.95,-4.29,-5.02,1.12,4.7,0
US-xSC,-78.1395,38.8929,2014,12,21,5,-3.51,-3.95,1.11,8.2,0
US-xSC,-78.1395,38.8929,2014,12,22,2.13,-3.81,-2.39,1.4,3.9,2.17
US-xSC,-78.1395,38.8929,2014,12,23,5.15,-0.46,1.45,0.95,3.94,2.67
US-xSC,-78.1395,38.8929,2014,12,24,10.21,1.22,5.11,2.04,3.33,12.56
US-xSC,-78.1395,38.8929,2014,12,25,9.18,-2.35,1.59,3.07,8.05,1.55
US-xSC,-78.1395,38.8929,2014,12,26,10.15,-3.49,-0.27,1.76,10.19,0
US-xSC,-78.1395,38.8929,2014,12,27,14.66,-1.94,0.77,1.82,8.82,0
US-xSC,-78.1395,38.8929,2014,12,28,11.37,3.85,5.74,1.73,2.96,0.81
US-xSC,-78.1395,38.8929,2014,12,29,5.47,-1.01,-0.52,1.52,3.18,0.21
US-xSC,-78.1395,38.8929,2014,12,30,2.82,-5.12,-6.49,2.05,10.38,0.01
US-xSC,-78.1395,38.8929,2014,12,31,1.32,-5.09,-8.17,2.27,10.35,0
US-xSC,-78.1395,38.8929,2015,1,1,4.55,-4.8,-6.38,2.62,10.19,0
US-xSC,-78.1395,38.8929,2015,1,2,4.89,-3.21,-3.38,1.78,6.24,0
US-xSC,-78.1395,38.8929,2015,1,3,2.84,-2.14,0,2.24,1.2,4.41
US-xSC,-78.1395,38.8929,2015,1,4,10.69,1.84,5.51,3.26,3.53,15.35
US-xSC,-78.1395,38.8929,2015,1,5,1.92,-5.72,-9.21,4.03,11.01,0.01
US-xSC,-78.1395,38.8929,2015,1,6,-0.06,-5.99,-8.38,2.33,6.26,4.73
US-xSC,-78.1395,38.8929,2015,1,7,-5.76,-13.12,-14.21,4.69,6.43,0.01
US-xSC,-78.1395,38.8929,2015,1,8,-6.43,-15.38,-16.29,3.14,8.8,0
US-xSC,-78.1395,38.8929,2015,1,9,-0.01,-9.33,-10.41,3.61,9.44,0
US-xSC,-78.1395,38.8929,2015,1,10,-2.68,-13.09,-13.9,2.39,11.64,0
US-xSC,-78.1395,38.8929,2015,1,11,2.89,-9.11,-6.9,1.7,9.08,0
US-xSC,-78.1395,38.8929,2015,1,12,3.6,-0.25,0.62,1.92,3.03,13.55
US-xSC,-78.1395,38.8929,2015,1,13,-0.39,-6.89,-7.9,3.02,7.68,0.02
US-xSC,-78.1395,38.8929,2015,1,14,0.06,-7.15,-7.46,1.17,4.54,0.31
US-xSC,-78.1395,38.8929,2015,1,15,3.94,-8.74,-5.83,1.73,6.82,0
US-xSC,-78.1395,38.8929,2015,1,16,3.75,-5.7,-4.66,3.1,10.37,0
US-xSC,-78.1395,38.8929,2015,1,17,3.37,-7.78,-4.72,2.86,11.03,0.01
US-xSC,-78.1395,38.8929,2015,1,18,5.43,-2.24,0.19,2.43,7.29,1.61
US-xSC,-78.1395,38.8929,2015,1,19,5.99,-2.15,-2.48,2.35,11.22,0.01
US-xSC,-78.1395,38.8929,2015,1,20,6.59,-1.57,-1.88,1.29,7.71,0
US-xSC,-78.1395,38.8929,2015,1,21,2.51,-2.52,-1.17,1.77,4.47,2.24
US-xSC,-78.1395,38.8929,2015,1,22,4.82,-3.51,-1.8,2.27,7.8,0.33
US-xSC,-78.1395,38.8929,2015,1,23,4.2,-2.79,-2.22,1.54,5.33,16.28
US-xSC,-78.1395,38.8929,2015,1,24,1.08,-3.03,-1.88,2.66,5.1,7.74
US-xSC,-78.1395,38.8929,2015,1,25,3.72,-4.6,-1.13,2.23,4.47,0.74
US-xSC,-78.1395,38.8929,2015,1,26,0.26,-4.52,-2.04,2.61,2.71,7.4
US-xSC,-78.1395,38.8929,2015,1,27,-2.15,-7.54,-5.86,3.84,7.6,1.04
US-xSC,-78.1395,38.8929,2015,1,28,-1.97,-12.17,-10.24,3.57,13.41,0
US-xSC,-78.1395,38.8929,2015,1,29,-0.13,-11.46,-6.58,2.61,5.73,1.03
US-xSC,-78.1395,38.8929,2015,1,30,-0.14,-10.73,-5.84,4.71,8.45,0.05
US-xSC,-78.1395,38.8929,2015,1,31,-0.99,-14.65,-11.04,2.99,13.81,0
US-xSC,-78.1395,38.8929,2015,2,1,2.29,-7.5,-4,2.17,5.83,1.97
US-xSC,-78.1395,38.8929,2015,2,2,3.93,-8.76,-4.17,4.58,8.35,4.4
US-xSC,-78.1395,38.8929,2015,2,3,0.42,-10.53,-10.58,2.36,14.14,0
US-xSC,-78.1395,38.8929,2015,2,4,7.44,-8.02,-3.03,2.34,12.96,0
US-xSC,-78.1395,38.8929,2015,2,5,0.2,-12.7,-10.04,4.67,12.13,0
US-xSC,-78.1395,38.8929,2015,2,6,1.14,-14.94,-11.09,2.29,8.98,0
US-xSC,-78.1395,38.8929,2015,2,7,8.3,-8.23,-3.77,2.12,7.97,0
US-xSC,-78.1395,38.8929,2015,2,8,10.11,-0.35,3.06,1.98,7.85,0
US-xSC,-78.1395,38.8929,2015,2,9,3.79,-1.2,1.38,1.75,7.09,2.28
US-xSC,-78.1395,38.8929,2015,2,10,2.87,-3.3,-3.34,3.45,5.95,0.42
US-xSC,-78.1395,38.8929,2015,2,11,5.72,-4.92,-4.39,1.84,12.7,0
US-xSC,-78.1395,38.8929,2015,2,12,2.18,-10.05,-7.09,4.29,8.45,0.1
US-xSC,-78.1395,38.8929,2015,2,13,-2.85,-13.01,-15.48,3.35,16.35,0
US-xSC,-78.1395,38.8929,2015,2,14,3.41,-11.54,-9.49,4.34,9.46,1.03
US-xSC,-78.1395,38.8929,2015,2,15,-10.02,-16.07,-19.23,6.59,15.94,0.02
US-xSC,-78.1395,38.8929,2015,2,16,-9.56,-17.35,-17.5,2.11,5.75,6.54
US-xSC,-78.1395,38.8929,2015,2,17,-1.45,-12.39,-11.2,2.03,16.08,2.38
US-xSC,-78.1395,38.8929,2015,2,18,-2.55,-13.75,-11.15,3.24,12.7,0.26
US-xSC,-78.1395,38.8929,2015,2,19,-11.03,-14.96,-17.26,4.56,12.86,0
US-xSC,-78.1395,38.8929,2015,2,20,-7.46,-17.68,-17.72,2.85,17.04,0
US-xSC,-78.1395,38.8929,2015,2,21,-2.42,-15.96,-9.67,3.77,2.48,17.91
US-xSC,-78.1395,38.8929,2015,2,22,5.38,-2.31,-1,1.75,12.25,1.41
US-xSC,-78.1395,38.8929,2015,2,23,-1.98,-14.41,-9.41,3.58,13.99,0
US-xSC,-78.1395,38.8929,2015,2,24,-2.5,-15.22,-11.67,2.39,14.38,0
US-xSC,-78.1395,38.8929,2015,2,25,2.61,-11.23,-7.02,2,14.33,0
US-xSC,-78.1395,38.8929,2015,2,26,0.85,-5.25,-4.7,1.74,7.95,1.72
US-xSC,-78.1395,38.8929,2015,2,27,-1.97,-11.47,-10.06,3.01,17.57,0.21
US-xSC,-78.1395,38.8929,2015,2,28,-0.36,-13.14,-11.95,1.53,17.07,0
US-xSC,-78.1395,38.8929,2015,3,1,0.1,-8.04,-5.11,2.56,5.85,5.61
US-xSC,-78.1395,38.8929,2015,3,2,2.33,-5.94,-3.81,3.06,18.02,0.79
US-xSC,-78.1395,38.8929,2015,3,3,1.23,-7,-4.01,3.28,5.51,0.4
US-xSC,-78.1395,38.8929,2015,3,4,9.44,0.83,3.93,1.9,5.05,12.52
US-xSC,-78.1395,38.8929,2015,3,5,0.5,-9.51,-4.79,2.97,2.31,22.41
US-xSC,-78.1395,38.8929,2015,3,6,-4.32,-19.75,-12.65,1.98,19.41,0
US-xSC,-78.1395,38.8929,2015,3,7,4.61,-15.18,-5.21,2.77,18.37,0
US-xSC,-78.1395,38.8929,2015,3,8,8.98,-1.78,-0.73,2.66,17.55,0
US-xSC,-78.1395,38.8929,2015,3,9,15.52,-1.23,1.68,1.61,15.61,0
US-xSC,-78.1395,38.8929,2015,3,10,9.37,3.53,4.73,1.37,5.15,9.28
US-xSC,-78.1395,38.8929,2015,3,11,15,3.58,7.39,2.41,6.84,0.46
US-xSC,-78.1395,38.8929,2015,3,12,12.39,-0.13,-1.26,2.7,20.17,0
US-xSC,-78.1395,38.8929,2015,3,13,11.24,-3.18,-0.37,2.72,15.38,2.69
US-xSC,-78.1395,38.8929,2015,3,14,16.37,3.58,7.87,2.57,8.1,9.46
US-xSC,-78.1395,38.8929,2015,3,15,10.16,-1.29,1.35,4.59,21.33,0.01
US-xSC,-78.1395,38.8929,2015,3,16,19.03,-1.85,5.74,2.09,18.11,0
US-xSC,-78.1395,38.8929,2015,3,17,16.56,-1.68,4.39,4.46,13.59,0
US-xSC,-78.1395,38.8929,2015,3,18,7.48,-3.96,-6.11,3.22,21.69,0
US-xSC,-78.1395,38.8929,2015,3,19,8.93,-2.24,-1.97,1.65,11.58,0.18
US-xSC,-78.1395,38.8929,2015,3,20,3.07,-1.9,0.1,1.74,4.48,15.62
US-xSC,-78.1395,38.8929,2015,3,21,14.69,-1.84,3.11,2,21.11,0.08
US-xSC,-78.1395,38.8929,2015,3,22,10.22,-0.3,-1.89,2.55,17.82,0
US-xSC,-78.1395,38.8929,2015,3,23,8.51,-3.98,-5.88,1.84,21.29,0
US-xSC,-78.1395,38.8929,2015,3,24,7.67,-2.74,-1.38,1.79,13.99,0.04
US-xSC,-78.1395,38.8929,2015,3,25,10.52,-3.21,2.29,2.86,8.56,0.28
US-xSC,-78.1395,38.8929,2015,3,26,21.34,5.17,9.67,3.19,15.79,9.49
US-xSC,-78.1395,38.8929,2015,3,27,9.38,-1.48,0.29,2.34,9.63,7.17
US-xSC,-78.1395,38.8929,2015,3,28,-0.07,-5.4,-10.41,4.16,20.95,0.09
US-xSC,-78.1395,38.8929,2015,3,29,7.74,-6.03,-8.49,2.19,25.16,0
US-xSC,-78.1395,38.8929,2015,3,30,12.4,-0.3,0.46,3.33,19.73,0.21
US-xSC,-78.1395,38.8929,2015,3,31,17.7,-0.32,3.6,3.63,17.64,0.6
US-xSC,-78.1395,38.8929,2015,4,1,13.93,-2.55,-0.52,2.04,23.88,0
US-xSC,-78.1395,38.8929,2015,4,2,19.35,0.73,6.73,3.87,20.68,0.16
US-xSC,-78.1395,38.8929,2015,4,3,19.58,12.4,14.11,2.88,8.89,2.95
US-xSC,-78.1395,38.8929,2015,4,4,15.21,0.22,1.12,4.14,23.9,1.99
US-xSC,-78.1395,38.8929,2015,4,5,16.31,-0.37,1,2.73,24.1,0
US-xSC,-78.1395,38.8929,2015,4,6,21.21,2.71,6.68,2.65,22.64,0
US-xSC,-78.1395,38.8929,2015,4,7,22.57,10.63,13.73,1.85,11.16,3.27
US-xSC,-78.1395,38.8929,2015,4,8,13.66,7.11,8.17,2.13,8.08,7.57
US-xSC,-78.1395,38.8929,2015,4,9,13.63,5.93,7.36,2.34,9.82,4.02
US-xSC,-78.1395,38.8929,2015,4,10,23.24,6.53,10.46,2.57,10.8,1.05
US-xSC,-78.1395,38.8929,2015,4,11,15.36,3.43,3.59,3.03,26.41,0
US-xSC,-78.1395,38.8929,2015,4,12,19.23,1.45,4.54,1.85,25.9,0
US-xSC,-78.1395,38.8929,2015,4,13,23.39,8.41,11.81,2.92,23.04,0.01
US-xSC,-78.1395,38.8929,2015,4,14,15.37,8.11,10.8,1.89,5.83,16.64
US-xSC,-78.1395,38.8929,2015,4,15,16.59,7.3,3.6,1.71,14.44,0.01
US-xSC,-78.1395,38.8929,2015,4,16,18.58,5.52,6.8,2.14,14.15,0.99
US-xSC,-78.1395,38.8929,2015,4,17,24.03,9.79,13.49,1.73,19.27,2.41
US-xSC,-78.1395,38.8929,2015,4,18,24.84,9.17,11.24,1.37,23.9,0.25
US-xSC,-78.1395,38.8929,2015,4,19,15.05,9.72,9.1,3.49,9.93,18.59
US-xSC,-78.1395,38.8929,2015,4,20,23.5,11.5,14.79,2.9,19.94,19.93
US-xSC,-78.1395,38.8929,2015,4,21,16.6,7.56,4.75,3.09,26.41,0.37
US-xSC,-78.1395,38.8929,2015,4,22,18.17,4.75,5.32,3.74,18.58,1.07
US-xSC,-78.1395,38.8929,2015,4,23,12.34,0.97,-0.43,3.17,21.78,0
US-xSC,-78.1395,38.8929,2015,4,24,12.99,-0.16,-1.55,3.04,28.82,0
US-xSC,-78.1395,38.8929,2015,4,25,11.79,1.54,1.11,1.19,7.39,5.78
US-xSC,-78.1395,38.8929,2015,4,26,16.12,2.98,2.76,1.8,21.25,0.55
US-xSC,-78.1395,38.8929,2015,4,27,14.12,1.97,2.57,2.96,19.09,0.01
US-xSC,-78.1395,38.8929,2015,4,28,18.32,3.27,5.15,2.74,26.53,0
US-xSC,-78.1395,38.8929,2015,4,29,22.55,5.08,7.98,1.27,26.03,0
US-xSC,-78.1395,38.8929,2015,4,30,17.59,10.19,10.99,1.28,12.57,8.21
US-xSC,-78.1395,38.8929,2015,5,1,15.68,9.6,9.77,1.29,12.62,0.95
US-xSC,-78.1395,38.8929,2015,5,2,21.16,8.56,9.47,1.74,20.89,0.03
US-xSC,-78.1395,38.8929,2015,5,3,25.2,8.91,9.64,1.65,21.13,0
US-xSC,-78.1395,38.8929,2015,5,4,26.09,10.68,13.21,2.3,25.58,0
US-xSC,-78.1395,38.8929,2015,5,5,26.27,14.03,16.11,1.47,16.81,3.36
US-xSC,-78.1395,38.8929,2015,5,6,26.67,14.5,16.77,1.5,20.32,10.11
US-xSC,-78.1395,38.8929,2015,5,7,25.36,14.74,16.64,1.46,20.73,1.26
US-xSC,-78.1395,38.8929,2015,5,8,26.42,14.44,16.54,1.72,23.7,0.02
US-xSC,-78.1395,38.8929,2015,5,9,26.1,12.98,16.55,1.94,24.33,0
US-xSC,-78.1395,38.8929,2015,5,10,27.29,14.52,18.02,1.87,22.41,0.56
US-xSC,-78.1395,38.8929,2015,5,11,28.31,16.33,18.21,1.47,24.37,1.31
US-xSC,-78.1395,38.8929,2015,5,12,27.52,15.28,15.54,2.95,24.68,0.09
US-xSC,-78.1395,38.8929,2015,5,13,18.49,7.88,6.26,3,29.03,0
US-xSC,-78.1395,38.8929,2015,5,14,19.91,5.43,5.17,1.73,28.86,0
US-xSC,-78.1395,38.8929,2015,5,15,26.04,10.32,12.75,2.21,22.42,0.03
US-xSC,-78.1395,38.8929,2015,5,16,28.36,16.18,17.92,1.56,18.87,7.78
US-xSC,-78.1395,38.8929,2015,5,17,26.84,17.62,18.92,1.41,15.87,9.01
US-xSC,-78.1395,38.8929,2015,5,18,31.39,17.3,19.63,1.14,19.86,14.11
US-xSC,-78.1395,38.8929,2015,5,19,28.32,15.74,17.07,1.98,25.9,3.97
US-xSC,-78.1395,38.8929,2015,5,20,20.99,10.29,8.03,2.47,29.23,0
US-xSC,-78.1395,38.8929,2015,5,21,13.02,9.21,8.71,1.2,5.5,4.56
US-xSC,-78.1395,38.8929,2015,5,22,22.02,7.2,7.62,2.81,29.41,0.09
US-xSC,-78.1395,38.8929,2015,5,23,23,6.17,5.5,1.22,30.18,0
US-xSC,-78.1395,38.8929,2015,5,24,27.15,10.61,11.89,1.34,29.14,0
US-xSC,-78.1395,38.8929,2015,5,25,28.05,16.21,14.69,2.44,29.21,0
US-xSC,-78.1395,38.8929,2015,5,26,28.06,14.9,16.97,1.62,21.55,0.45
US-xSC,-78.1395,38.8929,2015,5,27,28.74,18.24,18.69,1.94,20.94,3.52
US-xSC,-78.1395,38.8929,2015,5,28,28.15,17.52,18.15,0.96,21.93,2.19
US-xSC,-78.1395,38.8929,2015,5,29,28.91,18.11,18.22,1.66,18.36,0.91
US-xSC,-78.1395,38.8929,2015,5,30,30.14,16.91,17.41,2.01,23.04,1.29
US-xSC,-78.1395,38.8929,2015,5,31,30.65,17.36,18.01,1.88,23.31,6.05
US-xSC,-78.1395,38.8929,2015,6,1,29.72,15.24,18.4,1.48,21.11,27.43
US-xSC,-78.1395,38.8929,2015,6,2,17.32,13.5,13.65,1.85,7.65,6.79
US-xSC,-78.1395,38.8929,2015,6,3,16.85,12.63,12.71,1.7,6.15,4.87
US-xSC,-78.1395,38.8929,2015,6,4,18.63,12.68,13.82,1.42,9.25,9.48
US-xSC,-78.1395,38.8929,2015,6,5,24.63,12.59,15.09,0.94,14.93,1.12
US-xSC,-78.1395,38.8929,2015,6,6,25.35,14.98,15.82,2.19,24.01,0.17
US-xSC,-78.1395,38.8929,2015,6,7,25.86,13.29,15.52,2.56,21.66,0.03
US-xSC,-78.1395,38.8929,2015,6,8,29.68,17.28,18.49,3.2,23.62,3.94
US-xSC,-78.1395,38.8929,2015,6,9,27.69,16.66,16.69,2.55,24.34,7.31
US-xSC,-78.1395,38.8929,2015,6,10,28.74,14.36,15.49,1.41,24.86,0
US-xSC,-78.1395,38.8929,2015,6,11,34.28,18.06,17.06,1.47,27.29,0
US-xSC,-78.1395,38.8929,2015,6,12,32.55,20.17,20.05,1.86,21.75,4.75
US-xSC,-78.1395,38.8929,2015,6,13,29.67,20.52,20.62,1.76,21.28,0.56
US-xSC,-78.1395,38.8929,2015,6,14,32.07,19.04,20.55,1.13,22.93,5.16
US-xSC,-78.1395,38.8929,2015,6,15,29.86,20.88,21.34,1.87,21.16,4.26
US-xSC,-78.1395,38.8929,2015,6,16,31.97,21.35,20.61,2.49,22.24,0.21
US-xSC,-78.1395,38.8929,2015,6,17,28.48,18.43,18.5,1.29,10.92,9.22
US-xSC,-78.1395,38.8929,2015,6,18,31.12,19.49,20.79,1.77,23.62,8.79
US-xSC,-78.1395,38.8929,2015,6,19,30.25,20.21,19.68,1.91,15.57,2.33
US-xSC,-78.1395,38.8929,2015,6,20,31,18.56,20.61,2.19,21.04,20.41
US-xSC,-78.1395,38.8929,2015,6,21,31.12,20.97,20.67,2.79,28.16,8.5
US-xSC,-78.1395,38.8929,2015,6,22,32.4,20.49,19.18,1.48,25.19,0.02
US-xSC,-78.1395,38.8929,2015,6,23,32.74,21.52,21.56,2.09,24.61,11.77
US-xSC,-78.1395,38.8929,2015,6,24,28.23,17.45,16.07,1.69,28.57,0
US-xSC,-78.1395,38.8929,2015,6,25,29.74,17.52,17.63,1.27,17.75,7.91
US-xSC,-78.1395,38.8929,2015,6,26,26.14,16.76,18.11,1.3,13.7,6.96
US-xSC,-78.1395,38.8929,2015,6,27,23.78,18.68,20.47,2.66,9.9,45.05
US-xSC,-78.1395,38.8929,2015,6,28,23.59,14.05,14.9,2.57,21.85,1.46
US-xSC,-78.1395,38.8929,2015,6,29,25.25,12.16,14.03,1.65,27.97,0
US-xSC,-78.1395,38.8929,2015,6,30,27.11,15.2,18.21,1.85,22.57,9.21
US-xSC,-78.1395,38.8929,2015,7,1,27.56,17.11,18.47,1.75,25.07,3.27
US-xSC,-78.1395,38.8929,2015,7,2,28.23,15.79,17.27,0.84,9.55,3.05
US-xSC,-78.1395,38.8929,2015,7,3,24.56,14.65,16.75,1.46,11.84,1.13
US-xSC,-78.1395,38.8929,2015,7,4,26.54,18.02,19.93,1.38,18.01,8.51
US-xSC,-78.1395,38.8929,2015,7,5,27.12,17.23,19.05,1.25,15.93,2.13
US-xSC,-78.1395,38.8929,2015,7,6,27.95,20.33,21.2,1.73,17.4,5.72
US-xSC,-78.1395,38.8929,2015,7,7,29.97,18.77,19.77,1.67,26.21,0.19
US-xSC,-78.1395,38.8929,2015,7,8,29.28,21.21,21.35,1.65,13.26,13.23
US-xSC,-78.1395,38.8929,2015,7,9,30.24,19.87,21.3,1.95,19.36,1.84
US-xSC,-78.1395,38.8929,2015,7,10,29.19,19.76,19.31,1.65,17.16,0.59
US-xSC,-78.1395,38.8929,2015,7,11,27.79,19.53,17.14,1.56,19.31,8.14
US-xSC,-78.1395,38.8929,2015,7,12,28.72,14.43,14.17,1.12,21.67,0.24
US-xSC,-78.1395,38.8929,2015,7,13,24.88,17.35,19.25,1.79,12.73,13.56
US-xSC,-78.1395,38.8929,2015,7,14,28.85,19.89,20.74,1.62,23.67,1.47
US-xSC,-78.1395,38.8929,2015,7,15,28.43,19.31,19.6,2.13,18.54,4.96
US-xSC,-78.1395,38.8929,2015,7,16,26.62,13.17,13.16,1.62,29.3,0.1
US-xSC,-78.1395,38.8929,2015,7,17,29,13.87,17.14,2.2,20.61,0.09
US-xSC,-78.1395,38.8929,2015,7,18,32.87,20.46,21.17,1.41,18.97,4.04
US-xSC,-78.1395,38.8929,2015,7,19,34.7,20.88,21.22,1.32,25.23,0.23
US-xSC,-78.1395,38.8929,2015,7,20,33.57,22.43,21.4,1.42,24.51,0.12
US-xSC,-78.1395,38.8929,2015,7,21,31.61,21.2,20.37,1.47,16.18,1.91
US-xSC,-78.1395,38.8929,2015,7,22,29.52,17.02,14.04,1.72,28.97,0
US-xSC,-78.1395,38.8929,2015,7,23,30.39,15.96,13.24,1.32,26.81,0
US-xSC,-78.1395,38.8929,2015,7,24,30.57,15.44,12.88,1.44,28.7,0.17
US-xSC,-78.1395,38.8929,2015,7,25,32.22,17.09,14.96,1.25,26.07,0
US-xSC,-78.1395,38.8929,2015,7,26,32.35,18.49,18.07,1.67,23.81,3.69
US-xSC,-78.1395,38.8929,2015,7,27,32.03,20.69,20.2,1.15,18.79,3.49
US-xSC,-78.1395,38.8929,2015,7,28,32.04,20.65,20.83,1.1,18.71,5.4
US-xSC,-78.1395,38.8929,2015,7,29,32.63,21.46,21.19,1.57,18.3,0.98
US-xSC,-78.1395,38.8929,2015,7,30,31.36,19.71,20.31,1.51,18.3,9.8
US-xSC,-78.1395,38.8929,2015,7,31,32.42,17.34,13.6,1.7,28.01,0
US-xSC,-78.1395,38.8929,2015,8,1,31.92,18.55,13.84,1.99,25.7,0.02
US-xSC,-78.1395,38.8929,2015,8,2,31.83,15.88,12.44,1.43,24.21,0
US-xSC,-78.1395,38.8929,2015,8,3,33.59,17.88,14.87,1.87,26.15,0.93
US-xSC,-78.1395,38.8929,2015,8,4,32.81,20.38,17.82,1.62,24.44,3.98
US-xSC,-78.1395,38.8929,2015,8,5,32.48,17.91,12.65,1.78,25.73,0
US-xSC,-78.1395,38.8929,2015,8,6,28.31,16.7,14.28,1.25,12.8,1.67
US-xSC,-78.1395,38.8929,2015,8,7,28.83,16.51,15.81,1.48,7.93,1.41
US-xSC,-78.1395,38.8929,2015,8,8,29.36,17.61,14.29,1.4,19.73,0.14
US-xSC,-78.1395,38.8929,2015,8,9,31.05,17.86,15.68,1.11,18.99,0.57
US-xSC,-78.1395,38.8929,2015,8,10,29.5,19.56,20.1,2.17,8.2,5.35
US-xSC,-78.1395,38.8929,2015,8,11,32.32,20.85,18.36,2.06,20.46,0.88
US-xSC,-78.1395,38.8929,2015,8,12,29.39,17.07,13.62,2.14,23.44,0
US-xSC,-78.1395,38.8929,2015,8,13,29.33,15.03,10.49,1.46,24.59,0
US-xSC,-78.1395,38.8929,2015,8,14,32.47,14.28,8.22,1.57,26.42,0
US-xSC,-78.1395,38.8929,2015,8,15,34.19,16.14,12.35,1.44,23.84,0
US-xSC,-78.1395,38.8929,2015,8,16,35.36,17.54,13.23,1.1,23.99,0
US-xSC,-78.1395,38.8929,2015,8,17,35.84,18.59,14.7,1.31,24.44,0
US-xSC,-78.1395,38.8929,2015,8,18,32.3,21.43,18.48,1.78,11.85,0.5
US-xSC,-78.1395,38.8929,2015,8,19,31.57,21.01,21.26,2.13,13.56,7.93
US-xSC,-78.1395,38.8929,2015,8,20,31.64,21.16,21.35,1.76,14.76,18.11
US-xSC,-78.1395,38.8929,2015,8,21,29.49,16.27,12.67,1.72,24.22,0.47
US-xSC,-78.1395,38.8929,2015,8,22,29.42,14.71,10.47,1.62,25.38,0
US-xSC,-78.1395,38.8929,2015,8,23,30.17,14.99,12.32,1.28,21.73,0.63
US-xSC,-78.1395,38.8929,2015,8,24,32.57,17.24,17.31,1.14,19.84,6.42
US-xSC,-78.1395,38.8929,2015,8,25,30.08,15.04,10.74,1.73,25.98,0.1
US-xSC,-78.1395,38.8929,2015,8,26,27.59,13.02,10.47,1.36,21.23,0
US-xSC,-78.1395,38.8929,2015,8,27,28.29,12.81,10.77,1.4,21.7,0
US-xSC,-78.1395,38.8929,2015,8,28,29.98,12.89,11.83,1.16,21.72,0
US-xSC,-78.1395,38.8929,2015,8,29,32.49,14.88,14.56,1.37,19.38,0
US-xSC,-78.1395,38.8929,2015,8,30,32.36,17.35,16.26,1.12,14.06,0.59
US-xSC,-78.1395,38.8929,2015,8,31,31.93,19.56,16.8,1.14,16.68,0.28
US-xSC,-78.1395,38.8929,2015,9,1,34.77,19.14,15.81,1.28,19.03,0
US-xSC,-78.1395,38.8929,2015,9,2,32.73,20.43,16.92,1.27,12.61,1.8
US-xSC,-78.1395,38.8929,2015,9,3,34.62,19.63,17.5,1.44,18.54,0.96
US-xSC,-78.1395,38.8929,2015,9,4,31.49,20.78,18.81,1.64,15.7,1.23
US-xSC,-78.1395,38.8929,2015,9,5,30.19,18.89,17.37,1.62,15.55,1.31
US-xSC,-78.1395,38.8929,2015,9,6,31.22,17.01,13.06,1.43,21.58,0
US-xSC,-78.1395,38.8929,2015,9,7,34.29,16.84,13.55,1.41,22.89,0
US-xSC,-78.1395,38.8929,2015,9,8,34.42,17.9,15.32,1.72,21.94,0
US-xSC,-78.1395,38.8929,2015,9,9,35.14,19.87,17.4,1.17,14.68,0.99
US-xSC,-78.1395,38.8929,2015,9,10,25.08,17.82,19.32,1.58,7.65,10.63
US-xSC,-78.1395,38.8929,2015,9,11,30.08,15.59,13.28,1.39,22.39,1.11
US-xSC,-78.1395,38.8929,2015,9,12,20.71,14.18,15.63,1.64,7.28,12.34
US-xSC,-78.1395,38.8929,2015,9,13,22.15,10.73,8.25,2.57,15.12,0.58
US-xSC,-78.1395,38.8929,2015,9,14,25.92,8.91,4.82,2.1,23.4,0
US-xSC,-78.1395,38.8929,2015,9,15,29.04,10.49,7.27,1.21,22.93,0
US-xSC,-78.1395,38.8929,2015,9,16,30.42,11.94,8.68,1.47,22.06,0.04
US-xSC,-78.1395,38.8929,2015,9,17,30.93,13.47,11.39,1.39,21.96,0
US-xSC,-78.1395,38.8929,2015,9,18,31.09,13.86,11.11,1.63,21.7,0
US-xSC,-78.1395,38.8929,2015,9,19,31.58,14.37,10.81,1.99,21.33,0
US-xSC,-78.1395,38.8929,2015,9,20,26.01,15.4,10,2.47,19.15,0
US-xSC,-78.1395,38.8929,2015,9,21,17.51,13.48,10.83,1.69,4.76,8.79
US-xSC,-78.1395,38.8929,2015,9,22,23.39,12.76,11.26,1.61,9.96,0.92
US-xSC,-78.1395,38.8929,2015,9,23,25.95,9.88,7.8,1.87,19.44,0
US-xSC,-78.1395,38.8929,2015,9,24,26.37,10.61,8.29,1.99,17.94,0.38
US-xSC,-78.1395,38.8929,2015,9,25,22.02,13.01,12.93,2.1,6.8,0.52
US-xSC,-78.1395,38.8929,2015,9,26,22.11,13.47,11.13,2.48,8.69,0.58
US-xSC,-78.1395,38.8929,2015,9,27,21.99,12.44,13.9,2.07,5.4,2.54
US-xSC,-78.1395,38.8929,2015,9,28,26.48,15.18,16.45,1.58,7.86,1.07
US-xSC,-78.1395,38.8929,2015,9,29,24.6,18.29,20.55,1.78,2.78,60.45
US-xSC,-78.1395,38.8929,2015,9,30,23.52,14.72,17.44,2.39,8.58,3.4
US-xSC,-78.1395,38.8929,2015,10,1,13.82,11.11,9.95,2.79,6.26,3.98
US-xSC,-78.1395,38.8929,2015,10,2,11.25,7.36,8.13,3.48,4.14,34.13
US-xSC,-78.1395,38.8929,2015,10,3,12.87,6.99,8.66,3.54,4.33,11.28
US-xSC,-78.1395,38.8929,2015,10,4,13.65,8.63,9.39,2.53,4.54,1.71
US-xSC,-78.1395,38.8929,2015,10,5,18.24,7.59,7.55,1.71,18.48,0.01
US-xSC,-78.1395,38.8929,2015,10,6,22.01,6.92,9.17,1.39,17.59,0
US-xSC,-78.1395,38.8929,2015,10,7,23.78,12.04,13.87,1.56,14.51,0.02
US-xSC,-78.1395,38.8929,2015,10,8,23.63,10.86,13.9,1.26,14.19,0.04
US-xSC,-78.1395,38.8929,2015,10,9,25.87,14.27,16.55,2.02,10.18,4.42
US-xSC,-78.1395,38.8929,2015,10,10,17.32,7.4,7.03,1.97,13.19,0.02
US-xSC,-78.1395,38.8929,2015,10,11,20.92,4.65,6.34,1.52,18.36,0
US-xSC,-78.1395,38.8929,2015,10,12,22.39,6.69,9.45,1.87,18,0.03
US-xSC,-78.1395,38.8929,2015,10,13,23.27,11.02,12.63,2.09,13.65,0.19
US-xSC,-78.1395,38.8929,2015,10,14,19.54,8.37,8.08,1.89,15.1,0
US-xSC,-78.1395,38.8929,2015,10,15,18.34,5.64,6.07,1.89,17.62,0
US-xSC,-78.1395,38.8929,2015,10,16,17.16,5.41,3.64,2.21,16.9,0
US-xSC,-78.1395,38.8929,2015,10,17,12.38,1.82,0.18,2.45,14.53,0
US-xSC,-78.1395,38.8929,2015,10,18,10.23,-0.24,-2.43,2.51,13.2,0
US-xSC,-78.1395,38.8929,2015,10,19,13.97,-2.05,-1.41,1.73,15.86,0
US-xSC,-78.1395,38.8929,2015,10,20,21.64,3.05,5.6,1.62,15.06,0
US-xSC,-78.1395,38.8929,2015,10,21,23.3,6.88,7.16,1.7,16.39,0
US-xSC,-78.1395,38.8929,2015,10,22,25.39,7.09,8.62,1.77,14.81,0.02
US-xSC,-78.1395,38.8929,2015,10,23,19.67,6.2,7.24,1.84,14.76,0.02
US-xSC,-78.1395,38.8929,2015,10,24,18.13,4.54,7.57,2.21,8,0.49
US-xSC,-78.1395,38.8929,2015,10,25,19.04,7.96,8.93,2.39,6.81,0.34
US-xSC,-78.1395,38.8929,2015,10,26,15.24,4.88,2.82,1.73,10.68,0
US-xSC,-78.1395,38.8929,2015,10,27,10.92,4.2,5.75,1.79,4.93,2.2
US-xSC,-78.1395,38.8929,2015,10,28,22.46,10.16,15.52,3.64,3.62,41.88
US-xSC,-78.1395,38.8929,2015,10,29,17.27,7.48,9.57,2.38,9.08,1.96
US-xSC,-78.1395,38.8929,2015,10,30,13.87,2.67,3.04,2.07,13.39,0
US-xSC,-78.1395,38.8929,2015,10,31,13.21,1.14,4.24,1.74,11.31,0
US-xSC,-78.1395,38.8929,2015,11,1,19.59,8.3,10.58,1.83,6.82,1.25
US-xSC,-78.1395,38.8929,2015,11,2,17.05,8.7,9.26,1.34,6.53,0.01
US-xSC,-78.1395,38.8929,2015,11,3,21.15,8.07,8.66,1.44,14.15,0
US-xSC,-78.1395,38.8929,2015,11,4,22.58,10.54,9.29,1.32,13.27,0.16
US-xSC,-78.1395,38.8929,2015,11,5,23.51,9.87,14.05,1.81,12.82,1.57
US-xSC,-78.1395,38.8929,2015,11,6,23.94,14.22,16.51,2.27,8.86,0.19
US-xSC,-78.1395,38.8929,2015,11,7,15.32,7.62,8.95,2.01,2.28,1.8
US-xSC,-78.1395,38.8929,2015,11,8,12.91,1.93,0.71,1.83,12.92,0.01
US-xSC,-78.1395,38.8929,2015,11,9,9.58,1.67,1.69,1.36,2.98,9.12
US-xSC,-78.1395,38.8929,2015,11,10,14.56,6.8,9.44,2.42,4.68,13.07
US-xSC,-78.1395,38.8929,2015,11,11,15.7,6.71,6.56,2.66,12.18,0.01
US-xSC,-78.1395,38.8929,2015,11,12,18.7,5.85,7.74,2.72,8.78,3.3
US-xSC,-78.1395,38.8929,2015,11,13,11.8,3.73,-0.59,3.97,13.49,0.01
US-xSC,-78.1395,38.8929,2015,11,14,10.5,0.23,-1.46,2.98,12.99,0
US-xSC,-78.1395,38.8929,2015,11,15,16.7,-0.38,1.79,2.21,12.77,0
US-xSC,-78.1395,38.8929,2015,11,16,18.04,2.78,2.31,1.59,12.45,0
US-xSC,-78.1395,38.8929,2015,11,17,14.88,4.7,6.39,2.59,9.56,0
US-xSC,-78.1395,38.8929,2015,11,18,16.14,6.87,10.56,2.96,4.91,1.72
US-xSC,-78.1395,38.8929,2015,11,19,21.14,8.67,13.26,2.44,6.1,16.15
US-xSC,-78.1395,38.8929,2015,11,20,10.89,-0.11,-2.32,2.6,12.46,0
US-xSC,-78.1395,38.8929,2015,11,21,10.26,-1.49,-1.64,2.16,11.8,0
US-xSC,-78.1395,38.8929,2015,11,22,7.06,-2.39,-3.48,2.89,8.31,0
US-xSC,-78.1395,38.8929,2015,11,23,4.49,-4.82,-7.2,2.18,11.52,0
US-xSC,-78.1395,38.8929,2015,11,24,10.45,-3.73,-2.22,2.03,10.38,0
US-xSC,-78.1395,38.8929,2015,11,25,11.38,-2.74,0.82,1.72,10.71,0
US-xSC,-78.1395,38.8929,2015,11,26,14.68,-0.07,5.48,1.88,8.52,0
US-xSC,-78.1395,38.8929,2015,11,27,18.46,5.26,8.28,1.9,9.09,0
US-xSC,-78.1395,38.8929,2015,11,28,17.04,7.96,9.9,1.63,4,0.96
US-xSC,-78.1395,38.8929,2015,11,29,10.78,4.52,5.89,1.7,2.06,6.23
US-xSC,-78.1395,38.8929,2015,11,30,4.19,1.42,0.64,1.61,2.47,10.26
US-xSC,-78.1395,38.8929,2015,12,1,7.6,2.45,4.93,1.07,1.9,8.02
US-xSC,-78.1395,38.8929,2015,12,2,11.22,4.53,7.81,1.67,1.77,12.08
US-xSC,-78.1395,38.8929,2015,12,3,7.17,-0.58,-0.74,3.26,9.75,0.01
US-xSC,-78.1395,38.8929,2015,12,4,10.46,-2.85,-0.99,1.88,11.02,0
US-xSC,-78.1395,38.8929,2015,12,5,10.58,-3.25,-0.18,1.47,10.15,0
US-xSC,-78.1395,38.8929,2015,12,6,11.48,0.11,1.44,1.46,10.56,0
US-xSC,-78.1395,38.8929,2015,12,7,13.78,-1.62,1.56,1.6,9.95,0
US-xSC,-78.1395,38.8929,2015,12,8,11.17,-0.27,2.28,1.56,9.26,0
US-xSC,-78.1395,38.8929,2015,12,9,7,1.52,3.77,1.54,7.52,0.44
US-xSC,-78.1395,38.8929,2015,12,10,14.75,4.83,6.42,1.59,9.35,0.09
US-xSC,-78.1395,38.8929,2015,12,11,17.31,5.81,9.25,1.77,6.73,0
US-xSC,-78.1395,38.8929,2015,12,12,21.84,7.89,12.5,1.81,7,0
US-xSC,-78.1395,38.8929,2015,12,13,20.01,10.9,13.61,1.8,5.6,0
US-xSC,-78.1395,38.8929,2015,12,14,18.35,10.51,14.5,3.41,2.06,2.1
US-xSC,-78.1395,38.8929,2015,12,15,14.32,2.93,5.81,2.92,9.36,0.18
US-xSC,-78.1395,38.8929,2015,12,16,12.04,0.66,3.99,1.87,9.65,0.13
US-xSC,-78.1395,38.8929,2015,12,17,10.67,5.37,7.39,1.63,2.18,12.39
US-xSC,-78.1395,38.8929,2015,12,18,5.9,-1.35,-2.29,2.96,7.24,0
US-xSC,-78.1395,38.8929,2015,12,19,3.68,-5.52,-7.13,3.12,10.34,0
US-xSC,-78.1395,38.8929,2015,12,20,6.51,-4.76,-4.47,1.9,10.06,0
US-xSC,-78.1395,38.8929,2015,12,21,7.53,-0.06,2.32,2.4,3.52,0.01
US-xSC,-78.1395,38.8929,2015,12,22,15.05,6.73,9.43,2.27,3.18,4.52
US-xSC,-78.1395,38.8929,2015,12,23,16.38,8.14,12.92,2.23,2.2,17.72
US-xSC,-78.1395,38.8929,2015,12,24,19.54,13.07,15.37,2.5,4.26,2.12
US-xSC,-78.1395,38.8929,2015,12,25,17.54,10.1,13.32,1.79,1.73,13.38
US-xSC,-78.1395,38.8929,2015,12,26,11.98,9.09,9.71,2,1.69,2.33
US-xSC,-78.1395,38.8929,2015,12,27,21.81,8.59,12.21,2.79,6.9,2.22
US-xSC,-78.1395,38.8929,2015,12,28,8.52,2.82,1.22,3.11,2.84,7.24
US-xSC,-78.1395,38.8929,2015,12,29,15.99,3.6,8.07,1.98,7.35,9.92
US-xSC,-78.1395,38.8929,2015,12,30,9.91,6.22,7.41,1.15,3.35,1.71
US-xSC,-78.1395,38.8929,2015,12,31,10.31,2.28,3.79,1.93,6.91,0
US-xSC,-78.1395,38.8929,2016,1,1,4.27,-2.82,-2.81,2.47,5.01,0
US-xSC,-78.1395,38.8929,2016,1,2,6.67,-4.43,-4.19,2.34,10.77,0
US-xSC,-78.1395,38.8929,2016,1,3,8.6,-3.54,-2.85,2.34,10.66,0
US-xSC,-78.1395,38.8929,2016,1,4,-0.54,-7.76,-8.35,3.71,6.62,0
US-xSC,-78.1395,38.8929,2016,1,5,-1.26,-9.98,-13.98,2.23,11.36,0
US-xSC,-78.1395,38.8929,2016,1,6,3.36,-10.5,-9.76,1.91,11.37,0
US-xSC,-78.1395,38.8929,2016,1,7,6.16,-5.34,-3.13,1.36,9.62,0
US-xSC,-78.1395,38.8929,2016,1,8,2.19,-0.21,0.42,1.24,3.41,1.08
US-xSC,-78.1395,38.8929,2016,1,9,5.56,0.33,2.79,1.7,3.59,4.27
US-xSC,-78.1395,38.8929,2016,1,10,12.26,-3.53,1.94,4.19,7.49,25.53
US-xSC,-78.1395,38.8929,2016,1,11,0.7,-6.9,-9.6,2.97,11.66,0
US-xSC,-78.1395,38.8929,2016,1,12,4.12,-7.12,-6.31,4.02,7.25,0.11
US-xSC,-78.1395,38.8929,2016,1,13,-2.15,-10.69,-12.34,2.68,11.57,0
US-xSC,-78.1395,38.8929,2016,1,14,8.42,-8,-2.97,2.44,11.19,0
US-xSC,-78.1395,38.8929,2016,1,15,6.75,-1.01,2,1.9,4.56,8.8
US-xSC,-78.1395,38.8929,2016,1,16,7.37,-3.2,0.1,2.61,7.12,1.97
US-xSC,-78.1395,38.8929,2016,1,17,2.04,-3.24,-3.07,1.61,4.48,0.43
US-xSC,-78.1395,38.8929,2016,1,18,-3.34,-12.23,-15.86,4.87,12.15,0
US-xSC,-78.1395,38.8929,2016,1,19,-5.33,-12.47,-14.92,4.02,12.16,0
US-xSC,-78.1395,38.8929,2016,1,20,-1.58,-11.02,-10.31,1.88,6.84,0.09
US-xSC,-78.1395,38.8929,2016,1,21,-1.33,-8.78,-9.57,2.9,10.56,0
US-xSC,-78.1395,38.8929,2016,1,22,-4.3,-9.02,-8.66,2.82,2.5,21.93
US-xSC,-78.1395,38.8929,2016,1,23,-5.34,-7.33,-7.07,5.7,3.88,33.31
US-xSC,-78.1395,38.8929,2016,1,24,-2.01,-13.12,-8.86,3.03,12.5,0
US-xSC,-78.1395,38.8929,2016,1,25,0.08,-14.97,-7.01,1.92,8.82,0
US-xSC,-78.1395,38.8929,2016,1,26,0.6,-2.06,-0.54,2.61,6.67,0.18
US-xSC,-78.1395,38.8929,2016,1,27,0.19,-5.68,-2.87,2.13,12.3,0.01
US-xSC,-78.1395,38.8929,2016,1,28,0.48,-11.68,-4.53,2.07,12.06,0
US-xSC,-78.1395,38.8929,2016,1,29,0.13,-10.13,-4.87,3.74,8.64,0.16
US-xSC,-78.1395,38.8929,2016,1,30,2.59,-11.24,-4.63,2.72,11.57,0
US-xSC,-78.1395,38.8929,2016,1,31,10.53,-0.52,3.38,2.73,11.37,0
US-xSC,-78.1395,38.8929,2016,2,1,9.32,0.61,4.06,2.35,3.73,2.92
US-xSC,-78.1395,38.8929,2016,2,2,8.49,-1.96,0.52,2.55,7.1,0.04
US-xSC,-78.1395,38.8929,2016,2,3,11.2,3.11,7.29,3.49,2.01,19.71
US-xSC,-78.1395,38.8929,2016,2,4,7.88,0.02,1.82,2.68,7.02,1.12
US-xSC,-78.1395,38.8929,2016,2,5,2.59,-4.51,-4.47,3.51,13.93,0.2
US-xSC,-78.1395,38.8929,2016,2,6,4.77,-4.16,-3.72,2.09,9.99,0
US-xSC,-78.1395,38.8929,2016,2,7,6.08,-3.59,-3.2,1.81,8.03,0
US-xSC,-78.1395,38.8929,2016,2,8,6.86,-1.78,-1.57,1.99,9.77,1.93
US-xSC,-78.1395,38.8929,2016,2,9,1.38,-3.58,-2.65,2.43,8.02,4.54
US-xSC,-78.1395,38.8929,2016,2,10,-0.07,-7.57,-8.99,4.34,12.07,0.39
US-xSC,-78.1395,38.8929,2016,2,11,-5.31,-10.93,-13.21,4.12,15.52,0
US-xSC,-78.1395,38.8929,2016,2,12,-1.79,-11,-9.56,1.52,10.66,0.17
US-xSC,-78.1395,38.8929,2016,2,13,-5.8,-12.26,-15.27,5.38,14.8,0.03
US-xSC,-78.1395,38.8929,2016,2,14,-3.69,-14.51,-14.39,2.13,15.71,0.76
US-xSC,-78.1395,38.8929,2016,2,15,-3.79,-7.82,-6.97,3.2,3.15,11.95
US-xSC,-78.1395,38.8929,2016,2,16,6.33,-2.96,0.97,4.16,10.25,32.85
US-xSC,-78.1395,38.8929,2016,2,17,5.34,-3.04,-1.94,2.47,13.17,0.01
US-xSC,-78.1395,38.8929,2016,2,18,2.98,-4.69,-5.75,2.49,15.51,0
US-xSC,-78.1395,38.8929,2016,2,19,3.84,-5.13,-3.94,3.41,9.84,0
US-xSC,-78.1395,38.8929,2016,2,20,12.72,2.39,6.53,3.15,12.34,0
US-xSC,-78.1395,38.8929,2016,2,21,13.3,2.06,8.49,2.13,4.64,3.61
US-xSC,-78.1395,38.8929,2016,2,22,10.04,-0.33,1.43,1.99,9.55,0.02
US-xSC,-78.1395,38.8929,2016,2,23,3.62,0.28,1.8,2.05,4.17,8.21
US-xSC,-78.1395,38.8929,2016,2,24,18.25,1.48,7.79,3.83,3.51,27.04
US-xSC,-78.1395,38.8929,2016,2,25,8.88,-1.23,-0.73,4.67,7.37,0.6
US-xSC,-78.1395,38.8929,2016,2,26,1.17,-3.51,-6.96,4.27,14.88,0
US-xSC,-78.1395,38.8929,2016,2,27,6.23,-3.96,-3.98,2.15,15.15,0
US-xSC,-78.1395,38.8929,2016,2,28,15.71,-1.96,3.66,2.93,16.37,0
US-xSC,-78.1395,38.8929,2016,2,29,11.8,1.64,3.93,3.66,16.83,0.01
US-xSC,-78.1395,38.8929,2016,3,1,15.75,-0.49,5.21,3.58,16.99,0.3
US-xSC,-78.1395,38.8929,2016,3,2,12.42,-4.86,-5.09,5.03,15.71,1.12
US-xSC,-78.1395,38.8929,2016,3,3,4.39,-5.07,-4.62,1.55,11.65,2.5
US-xSC,-78.1395,38.8929,2016,3,4,4.2,-2.29,-1.54,1.93,8.33,0.39
US-xSC,-78.1395,38.8929,2016,3,5,5.41,-4.44,-2.38,1.58,10.38,0.08
US-xSC,-78.1395,38.8929,2016,3,6,9.56,-1.69,-0.56,1.4,11.51,0.32
US-xSC,-78.1395,38.8929,2016,3,7,18.17,-1.7,4.88,2.49,10.76,0
US-xSC,-78.1395,38.8929,2016,3,8,22.63,5.53,9.24,2.24,16.87,0
US-xSC,-78.1395,38.8929,2016,3,9,24.99,5.54,10.2,2.26,19.03,0.02
US-xSC,-78.1395,38.8929,2016,3,10,22.57,11.54,14.07,2.43,12.93,0.04
US-xSC,-78.1395,38.8929,2016,3,11,18.1,6.07,9.89,2.38,14.42,0.11
US-xSC,-78.1395,38.8929,2016,3,12,15.54,4.71,9.21,1.69,7.91,0.01
US-xSC,-78.1395,38.8929,2016,3,13,13.06,8.31,10.25,2.21,5.42,13.05
US-xSC,-78.1395,38.8929,2016,3,14,12.2,6.75,8.05,1.89,5.45,2.58
US-xSC,-78.1395,38.8929,2016,3,15,18,5.56,9.11,1.24,12.17,2.09
US-xSC,-78.1395,38.8929,2016,3,16,22.42,7.11,10.4,2.55,15.41,0.08
US-xSC,-78.1395,38.8929,2016,3,17,16.4,4.29,5.66,2.71,16.44,0.08
US-xSC,-78.1395,38.8929,2016,3,18,14.97,2.12,2.81,3.09,21.15,0
US-xSC,-78.1395,38.8929,2016,3,19,5.99,0.56,1.36,2.03,3.3,6.21
US-xSC,-78.1395,38.8929,2016,3,20,6.21,-2.19,-0.66,1.52,8.46,0.17
US-xSC,-78.1395,38.8929,2016,3,21,8.39,-1.78,-2.34,3.39,22.07,0
US-xSC,-78.1395,38.8929,2016,3,22,14.34,-2.36,1.96,2.72,19.43,0
US-xSC,-78.1395,38.8929,2016,3,23,19.92,5.41,8.02,2.29,19.56,0
US-xSC,-78.1395,38.8929,2016,3,24,21.25,5.93,10.19,3.19,21.76,0
US-xSC,-78.1395,38.8929,2016,3,25,18.37,3.66,8.88,3.36,14.64,0.62
US-xSC,-78.1395,38.8929,2016,3,26,14.73,-1.18,2.33,1.79,20.7,0
US-xSC,-78.1395,38.8929,2016,3,27,12.75,4.95,8.37,2.2,9.19,5.09
US-xSC,-78.1395,38.8929,2016,3,28,14.9,5.3,6.08,4.26,21.95,4.61
US-xSC,-78.1395,38.8929,2016,3,29,12.95,0.28,0.87,3.31,24.25,0.03
US-xSC,-78.1395,38.8929,2016,3,30,15.3,-2.09,1.44,3.11,23.42,0
US-xSC,-78.1395,38.8929,2016,3,31,19.18,8.55,11.55,4.29,10.63,0.01
US-xSC,-78.1395,38.8929,2016,4,1,24.37,11.56,14.52,3.18,17.37,1.77
US-xSC,-78.1395,38.8929,2016,4,2,15.02,2.04,4.24,3.55,18.61,1.56
US-xSC,-78.1395,38.8929,2016,4,3,9.38,-1.35,-4.07,4.47,25.36,0.06
US-xSC,-78.1395,38.8929,2016,4,4,20.18,1.37,5.16,4.25,14.54,1.56
US-xSC,-78.1395,38.8929,2016,4,5,6.48,-2.82,-7.46,3.04,24.79,0.02
US-xSC,-78.1395,38.8929,2016,4,6,11.37,-4.34,-2.7,3.6,22.13,0
US-xSC,-78.1395,38.8929,2016,4,7,14.39,3.48,5.17,3.63,12.93,17.4
US-xSC,-78.1395,38.8929,2016,4,8,10.06,1.29,-1.33,2.87,20.38,0.02
US-xSC,-78.1395,38.8929,2016,4,9,5.48,-3.47,-3.34,3.87,17.9,1.6
US-xSC,-78.1395,38.8929,2016,4,10,10.37,-5.82,-4.48,2.13,21.82,0.01
US-xSC,-78.1395,38.8929,2016,4,11,20.27,4.43,7.93,3.97,20.4,0.64
US-xSC,-78.1395,38.8929,2016,4,12,14.73,3.26,4.37,3.33,22.06,0.81
US-xSC,-78.1395,38.8929,2016,4,13,14.35,-1.2,0.49,1.77,26.83,0
US-xSC,-78.1395,38.8929,2016,4,14,16.3,2.03,1.53,1.66,25.33,0
US-xSC,-78.1395,38.8929,2016,4,15,17.22,1.83,3.16,2.03,24.99,0.02
US-xSC,-78.1395,38.8929,2016,4,16,20.15,2.11,4.62,1.77,23.61,0.06
US-xSC,-78.1395,38.8929,2016,4,17,22.18,5.38,6.44,1.62,26.67,0.09
US-xSC,-78.1395,38.8929,2016,4,18,26.69,9.04,10.36,2.08,27,0.13
US-xSC,-78.1395,38.8929,2016,4,19,23.59,10.06,10.72,2.48,18.37,0
US-xSC,-78.1395,38.8929,2016,4,20,19.74,6.01,3.87,1.69,27.21,0
US-xSC,-78.1395,38.8929,2016,4,21,21.95,6.62,11.12,2.54,16.95,0.15
US-xSC,-78.1395,38.8929,2016,4,22,20.16,12.98,14.42,1.93,9.76,4.79
US-xSC,-78.1395,38.8929,2016,4,23,19.52,8.1,10.6,2.68,17.11,3.39
US-xSC,-78.1395,38.8929,2016,4,24,20.54,3.19,3.37,1.39,25.16,0
US-xSC,-78.1395,38.8929,2016,4,25,25.98,6.91,12.02,1.48,22.59,0
US-xSC,-78.1395,38.8929,2016,4,26,25.42,14.35,16.12,2.62,15.25,0.41
US-xSC,-78.1395,38.8929,2016,4,27,19.66,10.36,11.87,1.77,10.07,1.72
US-xSC,-78.1395,38.8929,2016,4,28,13.3,9.27,10.49,1.83,6.35,7.93
US-xSC,-78.1395,38.8929,2016,4,29,14.77,7.43,8.88,1.62,12.26,1.94
US-xSC,-78.1395,38.8929,2016,4,30,12.85,8.78,9.04,1.49,6.33,2.69
US-xSC,-78.1395,38.8929,2016,5,1,20.16,9.65,12.27,2.14,15.19,15.55
US-xSC,-78.1395,38.8929,2016,5,2,25.88,11.21,14.97,1.59,22.64,7.1
US-xSC,-78.1395,38.8929,2016,5,3,21.43,12.91,13.61,1.28,16.75,22.78
US-xSC,-78.1395,38.8929,2016,5,4,16.98,10.11,10.99,1.41,14.91,4.95
US-xSC,-78.1395,38.8929,2016,5,5,14.44,8.38,9.03,2.1,6.11,3.98
US-xSC,-78.1395,38.8929,2016,5,6,13.03,9.27,9.28,2.78,6.75,22.59
US-xSC,-78.1395,38.8929,2016,5,7,18.46,8.33,9.54,1.64,18.5,1.7
US-xSC,-78.1395,38.8929,2016,5,8,18.18,7.79,7.65,2.74,23.49,0.1
US-xSC,-78.1395,38.8929,2016,5,9,18.98,6.47,10.54,1.38,9.22,0.62
US-xSC,-78.1395,38.8929,2016,5,10,18.83,10.67,11.21,1.46,11.61,2.85
US-xSC,-78.1395,38.8929,2016,5,11,20.51,10.43,13.02,1.05,9.58,4.47
US-xSC,-78.1395,38.8929,2016,5,12,23.69,12.47,15.23,1.44,13.35,0.86
US-xSC,-78.1395,38.8929,2016,5,13,22.04,11.2,13.98,2.36,19.75,2.58
US-xSC,-78.1395,38.8929,2016,5,14,19.56,7.5,9.3,2.71,16.6,4.81
US-xSC,-78.1395,38.8929,2016,5,15,13.61,3.42,0.66,3.51,22.28,0.02
US-xSC,-78.1395,38.8929,2016,5,16,17.36,1.94,2.37,1.79,29.1,0
US-xSC,-78.1395,38.8929,2016,5,17,11.96,7.72,7.23,1.34,7.31,7.8
US-xSC,-78.1395,38.8929,2016,5,18,14.92,8.31,8.88,1.65,9.32,0.64
US-xSC,-78.1395,38.8929,2016,5,19,20.3,9.21,9.23,1.3,19.46,0.11
US-xSC,-78.1395,38.8929,2016,5,20,22.12,9.01,10.7,1.83,23.97,0.24
US-xSC,-78.1395,38.8929,2016,5,21,13.38,10.29,10.93,1.71,8.77,17.17
US-xSC,-78.1395,38.8929,2016,5,22,12.67,9.87,9.7,1.99,10.36,12.32
US-xSC,-78.1395,38.8929,2016,5,23,19.76,9.83,12.41,1.53,20.23,10.31
US-xSC,-78.1395,38.8929,2016,5,24,24.66,11.63,13.01,2.37,26.94,0.1
US-xSC,-78.1395,38.8929,2016,5,25,26.91,12.44,14.84,1.76,28.89,0
US-xSC,-78.1395,38.8929,2016,5,26,27.22,15.13,17.91,1.78,22.59,0.69
US-xSC,-78.1395,38.8929,2016,5,27,28.88,17.41,19.61,1.42,25.55,0.61
US-xSC,-78.1395,38.8929,2016,5,28,29.51,18.48,20.09,1.66,27.29,0.23
US-xSC,-78.1395,38.8929,2016,5,29,25.52,17.18,17.35,1.32,15.13,0.29
US-xSC,-78.1395,38.8929,2016,5,30,27.04,16.08,17.63,1.01,22.1,5.26
US-xSC,-78.1395,38.8929,2016,5,31,28.08,16.72,17.88,1.44,27.64,0.44
US-xSC,-78.1395,38.8929,2016,6,1,27.97,16.6,18.15,1.66,27.8,0.04
US-xSC,-78.1395,38.8929,2016,6,2,27.45,17.56,19.54,1.49,17.96,3.56
US-xSC,-78.1395,38.8929,2016,6,3,31.48,19.25,19.41,0.64,18.07,10.14
US-xSC,-78.1395,38.8929,2016,6,4,27.71,17.92,19.43,1.34,17.14,2.45
US-xSC,-78.1395,38.8929,2016,6,5,26.66,18.04,20.45,1.74,14.52,9.87
US-xSC,-78.1395,38.8929,2016,6,6,27.22,16.19,16.8,1.98,26.42,0.23
US-xSC,-78.1395,38.8929,2016,6,7,26.56,14.34,15.09,2.07,24.91,0.89
US-xSC,-78.1395,38.8929,2016,6,8,19.24,10.87,8.5,3.22,29.1,0.17
US-xSC,-78.1395,38.8929,2016,6,9,24.11,8.75,9.46,2.32,30.09,0
US-xSC,-78.1395,38.8929,2016,6,10,26.85,10.59,12.64,1.64,27.49,0.08
US-xSC,-78.1395,38.8929,2016,6,11,31.87,16.77,18.22,2.49,27.46,0
US-xSC,-78.1395,38.8929,2016,6,12,30.31,15.23,14.39,3.41,27.76,0.05
US-xSC,-78.1395,38.8929,2016,6,13,26.69,12.27,10.26,2.16,31.1,0
US-xSC,-78.1395,38.8929,2016,6,14,27.3,14.21,10.48,1.49,28.96,0
US-xSC,-78.1395,38.8929,2016,6,15,29.13,15.17,16.89,1.45,16.2,3.9
US-xSC,-78.1395,38.8929,2016,6,16,32.36,20.08,19.93,1.18,24.98,5.38
US-xSC,-78.1395,38.8929,2016,6,17,24.54,17.17,15.48,2.13,17.01,28.61
US-xSC,-78.1395,38.8929,2016,6,18,27.48,15.88,13.94,1.52,29.63,0.24
US-xSC,-78.1395,38.8929,2016,6,19,29.81,15.2,14.16,1.59,30.51,0
US-xSC,-78.1395,38.8929,2016,6,20,31.89,15.85,15.4,1.63,29.13,0
US-xSC,-78.1395,38.8929,2016,6,21,30.94,20.1,20.5,1.57,15.51,25.32
US-xSC,-78.1395,38.8929,2016,6,22,25.64,15.85,15.32,2.16,15.62,2.89
US-xSC,-78.1395,38.8929,2016,6,23,28.05,17.86,20.83,1.86,3.35,13.72
US-xSC,-78.1395,38.8929,2016,6,24,28.26,17.31,19.13,1.69,21.35,3.24
US-xSC,-78.1395,38.8929,2016,6,25,27.18,17.78,17.05,1.6,17.7,0.28
US-xSC,-78.1395,38.8929,2016,6,26,29.31,15.52,15.47,1.79,27.39,0
US-xSC,-78.1395,38.8929,2016,6,27,29.61,16.4,19.31,1.42,18.63,1.49
US-xSC,-78.1395,38.8929,2016,6,28,31.99,19,19.79,1.27,22.38,7.79
US-xSC,-78.1395,38.8929,2016,6,29,26.88,15.46,14.65,1.99,27.47,0.16
US-xSC,-78.1395,38.8929,2016,6,30,27.77,12.94,14.29,1.29,24.47,0.02
US-xSC,-78.1395,38.8929,2016,7,1,31.2,16.83,17.26,1.73,23.47,0.69
US-xSC,-78.1395,38.8929,2016,7,2,27.05,15.92,12.24,1.8,28,0.01
US-xSC,-78.1395,38.8929,2016,7,3,23.59,15.79,13.52,1.14,10.01,0.52
US-xSC,-78.1395,38.8929,2016,7,4,22.18,16.17,18.71,1.82,7.59,14.48
US-xSC,-78.1395,38.8929,2016,7,5,31.37,20.64,21.85,1.55,20.21,6.78
US-xSC,-78.1395,38.8929,2016,7,6,31.15,20.99,20.57,1.51,24.72,0.1
US-xSC,-78.1395,38.8929,2016,7,7,32.23,21.44,20.61,1.75,21.32,2.01
US-xSC,-78.1395,38.8929,2016,7,8,30.83,19.91,20.9,1.71,22.66,2.3
US-xSC,-78.1395,38.8929,2016,7,9,32,20.3,18.59,2.07,27.33,0.46
US-xSC,-78.1395,38.8929,2016,7,10,29.65,18.01,15.74,2.17,26.24,0.23
US-xSC,-78.1395,38.8929,2016,7,11,31.38,15.11,13.41,0.89,27.09,0.19
US-xSC,-78.1395,38.8929,2016,7,12,30.57,17.81,18.41,2,18.75,0.32
US-xSC,-78.1395,38.8929,2016,7,13,33.56,20.52,20.27,0.96,20.91,1.29
US-xSC,-78.1395,38.8929,2016,7,14,34.7,21.47,20.37,2.26,25.82,0.55
US-xSC,-78.1395,38.8929,2016,7,15,32.83,21.65,17.97,1.84,18.81,0.17
US-xSC,-78.1395,38.8929,2016,7,16,32.48,20.29,17.43,1.29,19.55,2.14
US-xSC,-78.1395,38.8929,2016,7,17,33.85,17.94,16.24,1.63,28.62,1.88
US-xSC,-78.1395,38.8929,2016,7,18,34.5,20.18,19.24,1.7,21.45,8.44
US-xSC,-78.1395,38.8929,2016,7,19,33.41,21.34,18.11,1.43,23.13,3.88
US-xSC,-78.1395,38.8929,2016,7,20,31.14,17.98,14.15,1.52,27.49,0.32
US-xSC,-78.1395,38.8929,2016,7,21,34.53,17.19,11.63,1.33,27.38,0
US-xSC,-78.1395,38.8929,2016,7,22,35.99,18.24,16.64,1.57,23.65,0
US-xSC,-78.1395,38.8929,2016,7,23,37.65,22.3,19.3,1.66,28.19,0.33
US-xSC,-78.1395,38.8929,2016,7,24,36.25,22.39,18.34,1.22,26.12,0.13
US-xSC,-78.1395,38.8929,2016,7,25,37.16,23.32,21.07,1.37,22.84,3.57
US-xSC,-78.1395,38.8929,2016,7,26,33.47,23.17,20.87,1.26,21.2,1.3
US-xSC,-78.1395,38.8929,2016,7,27,34.13,22.13,19.24,1.08,20.85,4.85
US-xSC,-78.1395,38.8929,2016,7,28,31.97,22.13,21.04,1.06,18.42,21.19
US-xSC,-78.1395,38.8929,2016,7,29,31.64,21.06,19.9,1.23,18.88,10.64
US-xSC,-78.1395,38.8929,2016,7,30,29.2,20.75,21,1.36,17.69,30.3
US-xSC,-78.1395,38.8929,2016,7,31,31.62,18.37,20.6,0.98,19.5,5.11
US-xSC,-78.1395,38.8929,2016,8,1,31.08,20.18,19.44,1.08,21.65,1.81
US-xSC,-78.1395,38.8929,2016,8,2,30.56,18.79,18.58,1.52,22.7,1.69
US-xSC,-78.1395,38.8929,2016,8,3,28.52,19.83,18.93,1.73,12.16,1.53
US-xSC,-78.1395,38.8929,2016,8,4,27.46,18.08,17.36,1.47,16.57,0.18
US-xSC,-78.1395,38.8929,2016,8,5,28.27,19.41,20.13,1.91,13.41,1.72
US-xSC,-78.1395,38.8929,2016,8,6,32.77,20.38,21.47,1.75,18.65,3.22
US-xSC,-78.1395,38.8929,2016,8,7,30.26,16.94,14.59,1.32,26.7,0.04
US-xSC,-78.1395,38.8929,2016,8,8,29.86,16.79,15.22,1.43,12.26,0.44
US-xSC,-78.1395,38.8929,2016,8,9,28.88,18.18,19.25,1.74,11.05,0.06
US-xSC,-78.1395,38.8929,2016,8,10,33.1,21.28,20.67,1.88,23.42,0.11
US-xSC,-78.1395,38.8929,2016,8,11,34.45,22.64,20.63,1.7,24.15,0.05
US-xSC,-78.1395,38.8929,2016,8,12,35.57,23.72,21.11,1.78,23.99,1.32
US-xSC,-78.1395,38.8929,2016,8,13,36.74,23.05,21.51,1.67,25.51,1.3
US-xSC,-78.1395,38.8929,2016,8,14,34.95,23.56,21.09,1.81,21.55,1.81
US-xSC,-78.1395,38.8929,2016,8,15,35.48,21.11,21.18,0.99,20.54,15.14
US-xSC,-78.1395,38.8929,2016,8,16,33.84,22.43,21.57,1.91,24.43,6.54
US-xSC,-78.1395,38.8929,2016,8,17,32.46,22.02,21.15,1.46,21.84,11.04
US-xSC,-78.1395,38.8929,2016,8,18,31.53,20.72,19.65,1.61,21.2,6.05
US-xSC,-78.1395,38.8929,2016,8,19,30.73,18.96,17.88,1.06,21.13,0.13
US-xSC,-78.1395,38.8929,2016,8,20,32.57,21.41,16.8,1.49,21.29,0
US-xSC,-78.1395,38.8929,2016,8,21,30.07,18.81,19.18,2.11,14.92,8.18
US-xSC,-78.1395,38.8929,2016,8,22,28.29,16.42,14.17,2.06,23.82,0.01
US-xSC,-78.1395,38.8929,2016,8,23,29.14,13.87,13.33,1.19,22.17,0
US-xSC,-78.1395,38.8929,2016,8,24,30.95,15.79,16.23,1.97,23.4,0
US-xSC,-78.1395,38.8929,2016,8,25,34.45,18.81,19.6,1.61,18.15,0
US-xSC,-78.1395,38.8929,2016,8,26,34.76,22.17,20.09,1.65,21.84,0
US-xSC,-78.1395,38.8929,2016,8,27,33.82,19.62,16.35,1.66,22.48,0
US-xSC,-78.1395,38.8929,2016,8,28,33.85,19.09,15.06,1.48,23.94,0.03
US-xSC,-78.1395,38.8929,2016,8,29,33.62,18.63,16.83,1.43,23.08,0
US-xSC,-78.1395,38.8929,2016,8,30,32.69,18.27,14.86,1.27,22.59,0
US-xSC,-78.1395,38.8929,2016,8,31,34.12,18.39,17.64,1.28,21.12,1.68
US-xSC,-78.1395,38.8929,2016,9,1,28.66,18.47,17.36,1.4,12.26,6.09
US-xSC,-78.1395,38.8929,2016,9,2,26.3,14.76,11.04,1.98,18.84,0
US-xSC,-78.1395,38.8929,2016,9,3,26.97,14.85,12.79,2.49,15.49,0.05
US-xSC,-78.1395,38.8929,2016,9,4,27.69,14.22,9.44,1.64,19.92,0
US-xSC,-78.1395,38.8929,2016,9,5,31.37,13.2,11.09,1.74,23.54,0.6
US-xSC,-78.1395,38.8929,2016,9,6,32.88,16.93,14.2,2.64,21.93,0.01
US-xSC,-78.1395,38.8929,2016,9,7,33.62,21.04,20.1,1.91,16.02,11.17
US-xSC,-78.1395,38.8929,2016,9,8,35.29,21.01,19.45,1.89,19.93,0.34
US-xSC,-78.1395,38.8929,2016,9,9,36.09,21.41,17.37,1.52,19.15,0.19
US-xSC,-78.1395,38.8929,2016,9,10,35.19,22.19,19.44,1.82,18.19,2.84
US-xSC,-78.1395,38.8929,2016,9,11,29.03,17.27,12.86,2.39,20,0
US-xSC,-78.1395,38.8929,2016,9,12,28.68,13.18,10.11,1.53,22.42,0
US-xSC,-78.1395,38.8929,2016,9,13,32.33,15.78,15.6,1.84,21.56,0.03
US-xSC,-78.1395,38.8929,2016,9,14,34.06,17.26,12.56,1.68,22.6,0
US-xSC,-78.1395,38.8929,2016,9,15,25,17.65,13.62,1.86,12.13,0.01
US-xSC,-78.1395,38.8929,2016,9,16,26.47,16.75,14.24,1.8,10.54,0.12
US-xSC,-78.1395,38.8929,2016,9,17,29.74,15.22,15.82,2.28,14.35,0.11
US-xSC,-78.1395,38.8929,2016,9,18,31.41,17.99,17.74,1.59,13.39,3.88
US-xSC,-78.1395,38.8929,2016,9,19,22.77,19.06,19.72,1.05,6.52,10.88
US-xSC,-78.1395,38.8929,2016,9,20,27.29,17.77,17.04,1.52,14.46,0.04
US-xSC,-78.1395,38.8929,2016,9,21,29.57,16.2,14.03,1.94,15.32,0
US-xSC,-78.1395,38.8929,2016,9,22,30.48,15.36,12.92,1.75,19.82,0.05
US-xSC,-78.1395,38.8929,2016,9,23,33.9,14.17,10.85,1.24,20.8,0
US-xSC,-78.1395,38.8929,2016,9,24,28.52,15.8,14.54,1.68,15.27,0.19
US-xSC,-78.1395,38.8929,2016,9,25,24.61,11.22,7.5,1.36,8.63,0
US-xSC,-78.1395,38.8929,2016,9,26,23.49,12.62,14.74,2.42,7.58,3.54
US-xSC,-78.1395,38.8929,2016,9,27,26.64,12.93,10.28,1.32,18.41,2.68
US-xSC,-78.1395,38.8929,2016,9,28,23,14.39,16.68,1.66,5.02,43.37
US-xSC,-78.1395,38.8929,2016,9,29,21.28,15.48,18.12,4.17,6.21,27.55
US-xSC,-78.1395,38.8929,2016,9,30,17.68,13.66,14.04,2.94,5.07,8.7
US-xSC,-78.1395,38.8929,2016,10,1,19.94,13.67,15.13,1.76,7.16,5.69
US-xSC,-78.1395,38.8929,2016,10,2,23.35,13.01,14.01,1,13.26,0.48
US-xSC,-78.1395,38.8929,2016,10,3,22.67,11.84,12.04,1.68,14.56,0.05
US-xSC,-78.1395,38.8929,2016,10,4,22.37,9.87,12.37,1.77,16.6,0.1
US-xSC,-78.1395,38.8929,2016,10,5,20.76,10.16,11.38,1.62,8.56,0.1
US-xSC,-78.1395,38.8929,2016,10,6,21.73,8.37,11.73,1.39,14.24,0.03
US-xSC,-78.1395,38.8929,2016,10,7,19.7,12.06,14.31,1.34,5.97,0.65
US-xSC,-78.1395,38.8929,2016,10,8,18.24,13.36,15.63,1.84,2.47,10.15
US-xSC,-78.1395,38.8929,2016,10,9,17.25,8.76,5.44,4.16,19.03,0.01
US-xSC,-78.1395,38.8929,2016,10,10,16.77,4.9,3.08,2.54,18.93,0
US-xSC,-78.1395,38.8929,2016,10,11,17.61,2.21,3.59,1.51,17.37,0
US-xSC,-78.1395,38.8929,2016,10,12,19.9,6.11,6.84,1.63,17.71,0
US-xSC,-78.1395,38.8929,2016,10,13,21.43,7.26,9.14,2.04,10.67,0.02
US-xSC,-78.1395,38.8929,2016,10,14,17.31,3.44,5.03,1.39,16.82,0
US-xSC,-78.1395,38.8929,2016,10,15,20.73,5.08,7.47,1.97,14.97,0
US-xSC,-78.1395,38.8929,2016,10,16,25.96,9.19,12.79,1.58,15.92,0.01
US-xSC,-78.1395,38.8929,2016,10,17,27.37,12.84,14.57,1.71,14.78,0.04
US-xSC,-78.1395,38.8929,2016,10,18,28.01,13.19,15.51,1.98,16.11,0
US-xSC,-78.1395,38.8929,2016,10,19,28.99,17.14,17.76,1.38,13.29,0.03
US-xSC,-78.1395,38.8929,2016,10,20,28.13,16.51,18.25,2.02,13.38,0.25
US-xSC,-78.1395,38.8929,2016,10,21,22.81,10.34,13.44,3.41,3.92,3.22
US-xSC,-78.1395,38.8929,2016,10,22,12.95,6.13,1.49,4.78,14.48,0.09
US-xSC,-78.1395,38.8929,2016,10,23,19.34,5.55,4.45,2.92,15.49,0
US-xSC,-78.1395,38.8929,2016,10,24,18.52,6.53,6.25,2.98,13.29,0
US-xSC,-78.1395,38.8929,2016,10,25,15.57,3.35,1.61,2.32,15.42,0
US-xSC,-78.1395,38.8929,2016,10,26,14.91,0.44,1.16,1.36,12.5,0.01
US-xSC,-78.1395,38.8929,2016,10,27,16.98,5.71,8.49,2.53,5.07,1.58
US-xSC,-78.1395,38.8929,2016,10,28,16.38,5.43,3.49,2.25,14.62,0.06
US-xSC,-78.1395,38.8929,2016,10,29,25.58,4.74,8.12,2.23,14.3,0
US-xSC,-78.1395,38.8929,2016,10,30,26.07,11.44,12.89,2.59,10.86,1.42
US-xSC,-78.1395,38.8929,2016,10,31,14.6,6.16,2.97,1.82,11.85,0.03
US-xSC,-78.1395,38.8929,2016,11,1,19.16,5.53,7.7,2.1,8.63,0.01
US-xSC,-78.1395,38.8929,2016,11,2,27.64,9.39,12.18,1.52,12.59,0.02
US-xSC,-78.1395,38.8929,2016,11,3,22.13,13.02,13.34,2.35,5.84,1.25
US-xSC,-78.1395,38.8929,2016,11,4,16.35,5.62,5.33,2.28,13.79,0
US-xSC,-78.1395,38.8929,2016,11,5,18.47,2.46,2.25,1.93,13.35,0
US-xSC,-78.1395,38.8929,2016,11,6,18.36,6,2.51,2.44,13.64,0
US-xSC,-78.1395,38.8929,2016,11,7,16.17,2.15,-0.19,1.49,12.9,0
US-xSC,-78.1395,38.8929,2016,11,8,21.94,3.35,3.13,1.94,11.06,0
US-xSC,-78.1395,38.8929,2016,11,9,13.05,6.36,7.16,2.98,5.52,4.68
US-xSC,-78.1395,38.8929,2016,11,10,16.08,3.39,1.04,2.56,12.85,0
US-xSC,-78.1395,38.8929,2016,11,11,15.72,4.12,1.56,3.17,11.26,0.04
US-xSC,-78.1395,38.8929,2016,11,12,11.02,-1.67,-4.98,1.7,12.89,0
US-xSC,-78.1395,38.8929,2016,11,13,17.56,-1.91,-4.59,1.89,12.58,0
US-xSC,-78.1395,38.8929,2016,11,14,11.29,-1.65,-0.74,1.64,4.69,2.81
US-xSC,-78.1395,38.8929,2016,11,15,15.52,4.63,1.94,1.9,10.46,0.57
US-xSC,-78.1395,38.8929,2016,11,16,17.13,2.21,3.51,2.22,10.49,0.02
US-xSC,-78.1395,38.8929,2016,11,17,16.25,3.83,2.89,1.67,11.78,0.02
US-xSC,-78.1395,38.8929,2016,11,18,23.58,2.97,4.38,1.54,10.99,0
US-xSC,-78.1395,38.8929,2016,11,19,19.94,1.95,1.97,3.59,7.86,0.78
US-xSC,-78.1395,38.8929,2016,11,20,3.92,-1.23,-6.71,5.43,9.38,0.02
US-xSC,-78.1395,38.8929,2016,11,21,4.63,-2.83,-8.99,4.31,12.47,0
US-xSC,-78.1395,38.8929,2016,11,22,7.84,-3.25,-6.73,2.65,8.9,0
US-xSC,-78.1395,38.8929,2016,11,23,8.37,-3.95,-3.74,1.46,9.48,0
US-xSC,-78.1395,38.8929,2016,11,24,17.81,1.1,4.56,1.44,7.66,0.01
US-xSC,-78.1395,38.8929,2016,11,25,16.28,5.46,6.12,1.26,5.62,0
US-xSC,-78.1395,38.8929,2016,11,26,8.72,0.51,-1.32,2.99,6.08,0
US-xSC,-78.1395,38.8929,2016,11,27,10.53,-1.29,-2.48,1.92,11.14,0
US-xSC,-78.1395,38.8929,2016,11,28,9.83,-2.77,-1.55,2.16,5.05,0
US-xSC,-78.1395,38.8929,2016,11,29,16.99,5.48,10.48,2.37,3.95,10.22
US-xSC,-78.1395,38.8929,2016,11,30,17.54,7.45,12.47,2.19,2.17,25.29
US-xSC,-78.1395,38.8929,2016,12,1,10.58,-0.2,1.02,2.94,10.25,0.06
US-xSC,-78.1395,38.8929,2016,12,2,8.69,-1.64,-2.34,2.82,7.55,0
US-xSC,-78.1395,38.8929,2016,12,3,7.89,0.35,-2.18,2.99,9.51,0
US-xSC,-78.1395,38.8929,2016,12,4,5.93,-1.13,-1.74,1.57,4.32,0.9
US-xSC,-78.1395,38.8929,2016,12,5,10.49,1.06,1.05,2.08,9.26,4.42
US-xSC,-78.1395,38.8929,2016,12,6,2.5,0.42,0.65,1.81,1.82,23.84
US-xSC,-78.1395,38.8929,2016,12,7,7.74,-2.23,-1.04,2.09,9.73,0.08
US-xSC,-78.1395,38.8929,2016,12,8,4.83,-3.51,-5.85,2.97,6.5,0
US-xSC,-78.1395,38.8929,2016,12,9,1,-4.59,-8.59,3.46,9.96,0
US-xSC,-78.1395,38.8929,2016,12,10,0.45,-5.43,-8.57,2.25,10.31,0
US-xSC,-78.1395,38.8929,2016,12,11,1.54,-4.66,-7.18,2.38,5.06,0.03
US-xSC,-78.1395,38.8929,2016,12,12,9.86,-0.82,1.58,2.68,4.42,4.14
US-xSC,-78.1395,38.8929,2016,12,13,5.8,-1.89,-1.3,1.4,7.04,0.01
US-xSC,-78.1395,38.8929,2016,12,14,5.06,-3.96,-4.06,2.19,8.24,0
US-xSC,-78.1395,38.8929,2016,12,15,-3.17,-11.69,-15.52,4.83,10.97,0
US-xSC,-78.1395,38.8929,2016,12,16,-3.16,-13.25,-15.62,2.05,4.45,0.04
US-xSC,-78.1395,38.8929,2016,12,17,8.88,-5.13,-0.74,3.01,6.37,7.07
US-xSC,-78.1395,38.8929,2016,12,18,7.92,-4.27,0.85,3.31,2.34,1.82
US-xSC,-78.1395,38.8929,2016,12,19,1.36,-5.04,-7.38,1.47,9.19,0
US-xSC,-78.1395,38.8929,2016,12,20,2.92,-6,-6.24,1.47,10.75,0
US-xSC,-78.1395,38.8929,2016,12,21,7.57,-4.41,-4.86,1.96,7.18,0
US-xSC,-78.1395,38.8929,2016,12,22,8.74,-3.28,-1.66,2.91,10.14,0
US-xSC,-78.1395,38.8929,2016,12,23,6.19,-3.69,-2.19,1.83,6.66,0
US-xSC,-78.1395,38.8929,2016,12,24,8.97,0.72,3.16,2.24,2.79,9.37
US-xSC,-78.1395,38.8929,2016,12,25,8.74,0.33,0.88,1.65,5.07,0.07
US-xSC,-78.1395,38.8929,2016,12,26,8.77,1.89,3.65,2.89,3.39,0.2
US-xSC,-78.1395,38.8929,2016,12,27,16.01,1.25,5.55,3.24,8.82,0.54
US-xSC,-78.1395,38.8929,2016,12,28,8.19,-3.51,-3.02,1.95,10.53,0
US-xSC,-78.1395,38.8929,2016,12,29,8.26,-2.21,-1,3.27,7.84,4.99
US-xSC,-78.1395,38.8929,2016,12,30,2.45,-5.1,-5.43,3.85,6.75,0.51
US-xSC,-78.1395,38.8929,2016,12,31,5.54,-5.06,-4.22,3.14,8.16,0
US-xSC,-78.1395,38.8929,2017,1,1,9.79,-2.59,1.18,1.77,8.07,0.03
US-xSC,-78.1395,38.8929,2017,1,2,4.82,3.23,3.59,1.9,3.18,5.49
US-xSC,-78.1395,38.8929,2017,1,3,5.23,2.7,3.86,1.37,3.71,23.7
US-xSC,-78.1395,38.8929,2017,1,4,9.34,-4.32,-1.02,3.79,9.2,0.25
US-xSC,-78.1395,38.8929,2017,1,5,0.33,-5.29,-6.88,1.63,3.57,1.06
US-xSC,-78.1395,38.8929,2017,1,6,-2,-6.33,-9.24,2.48,4.93,0.21
US-xSC,-78.1395,38.8929,2017,1,7,-5.27,-9.83,-13.12,3.62,4.61,0.75
US-xSC,-78.1395,38.8929,2017,1,8,-7.05,-12.14,-16.06,4.22,9.26,0
US-xSC,-78.1395,38.8929,2017,1,9,-2.92,-12.52,-12.68,2.3,6.55,0
US-xSC,-78.1395,38.8929,2017,1,10,1.77,-8.39,-6.89,3.76,4.22,0.54
US-xSC,-78.1395,38.8929,2017,1,11,10,-0.53,4.21,3.06,5.43,4.5
US-xSC,-78.1395,38.8929,2017,1,12,16.92,5.66,9.02,3.83,8.83,0.47
US-xSC,-78.1395,38.8929,2017,1,13,9.31,-0.6,0.54,2.88,8.32,0.19
US-xSC,-78.1395,38.8929,2017,1,14,1.51,-1.55,-1.28,1.75,2.75,5.88
US-xSC,-78.1395,38.8929,2017,1,15,6.37,-2.28,-2.82,1.71,5.11,0.06
US-xSC,-78.1395,38.8929,2017,1,16,4.68,-2.26,0.38,1.83,3.54,0.28
US-xSC,-78.1395,38.8929,2017,1,17,9.43,1.91,5.27,1.74,3.92,5.06
US-xSC,-78.1395,38.8929,2017,1,18,10.02,-0.43,3.56,3.1,9.89,0.08
US-xSC,-78.1395,38.8929,2017,1,19,11.57,-1.43,1.47,1.6,8.26,0
US-xSC,-78.1395,38.8929,2017,1,20,8.01,0.27,3.7,1.9,5.94,0.79
US-xSC,-78.1395,38.8929,2017,1,21,9.65,3.49,5.82,1.07,6.62,0.24
US-xSC,-78.1395,38.8929,2017,1,22,9.18,4.9,6.75,1.47,2.37,4.13
US-xSC,-78.1395,38.8929,2017,1,23,8.01,0.46,2.66,5.1,2.06,30.59
US-xSC,-78.1395,38.8929,2017,1,24,6.48,-0.34,0.86,4.41,6.27,0.6
US-xSC,-78.1395,38.8929,2017,1,25,14.35,-0.35,3.16,2.43,12.33,0.01
US-xSC,-78.1395,38.8929,2017,1,26,8.86,0.73,1.88,4.39,9.13,0
US-xSC,-78.1395,38.8929,2017,1,27,2.97,-2.34,-5.27,3.64,6.13,0
US-xSC,-78.1395,38.8929,2017,1,28,5.41,-3.63,-4.62,2.83,12.5,0
US-xSC,-78.1395,38.8929,2017,1,29,3.43,-4.14,-3.41,1.83,4.47,0.95
US-xSC,-78.1395,38.8929,2017,1,30,0.59,-4.75,-6.37,2.84,9.08,0.68
US-xSC,-78.1395,38.8929,2017,1,31,10.32,-5.12,-2.2,3.76,11.18,0.03
US-xSC,-78.1395,38.8929,2017,2,1,8.73,-2.51,0.3,2.33,6.26,0
US-xSC,-78.1395,38.8929,2017,2,2,5.83,-4.63,-3.55,2.89,11.51,0
US-xSC,-78.1395,38.8929,2017,2,3,2.55,-4.3,-7.31,2.6,7.44,0
US-xSC,-78.1395,38.8929,2017,2,4,3.23,-6.61,-9.79,2.58,14.85,0
US-xSC,-78.1395,38.8929,2017,2,5,8.76,-3.2,-2.04,2.85,10.38,0
US-xSC,-78.1395,38.8929,2017,2,6,13.89,-1.62,2.44,2.22,13.54,0
US-xSC,-78.1395,38.8929,2017,2,7,17.22,4.71,9.47,3.17,8.97,0.62
US-xSC,-78.1395,38.8929,2017,2,8,15.74,5.77,8.28,2.34,8.52,0.26
US-xSC,-78.1395,38.8929,2017,2,9,6.15,-7.21,-6.32,6,8.44,7.71
US-xSC,-78.1395,38.8929,2017,2,10,2.51,-7.51,-9.18,2.92,7.76,0.01
US-xSC,-78.1395,38.8929,2017,2,11,15.04,-1.37,4.65,2.29,9.66,0
US-xSC,-78.1395,38.8929,2017,2,12,19,3.88,7.01,3.24,6.63,3.99
US-xSC,-78.1395,38.8929,2017,2,13,5.71,-3.85,-5.55,5.44,16.3,0
US-xSC,-78.1395,38.8929,2017,2,14,7.1,-4.17,-1.26,2.24,4.99,0.08
US-xSC,-78.1395,38.8929,2017,2,15,6.4,-1.82,-2.26,3.65,10.2,0.02
US-xSC,-78.1395,38.8929,2017,2,16,1.77,-5.36,-7.38,4.05,14.21,0
US-xSC,-78.1395,38.8929,2017,2,17,12.86,-5.35,-1.69,1.57,15.25,0
US-xSC,-78.1395,38.8929,2017,2,18,19.68,-0.62,5.6,2.45,12.16,0.02
US-xSC,-78.1395,38.8929,2017,2,19,18.08,6.33,7.64,3.08,15.97,0.29
US-xSC,-78.1395,38.8929,2017,2,20,17.04,4.05,4.77,2.41,16.04,0
US-xSC,-78.1395,38.8929,2017,2,21,10.33,1.8,2.75,2.3,11.51,0
US-xSC,-78.1395,38.8929,2017,2,22,18.03,5.44,8.57,1.73,8.32,0.04
US-xSC,-78.1395,38.8929,2017,2,23,23.26,6.4,11.07,2.34,13.88,0.01
US-xSC,-78.1395,38.8929,2017,2,24,21.82,8.5,12.1,2.84,15.75,0
US-xSC,-78.1395,38.8929,2017,2,25,18.29,0.89,7.7,4.49,8.44,4.14
US-xSC,-78.1395,38.8929,2017,2,26,7.14,-2.09,-6.58,3.14,18.73,0
US-xSC,-78.1395,38.8929,2017,2,27,10.42,-2.4,-1.73,2.13,8.22,0
US-xSC,-78.1395,38.8929,2017,2,28,16.4,1.49,6.44,2.03,8.42,6.91
US-xSC,-78.1395,38.8929,2017,3,1,22.51,8.52,12.19,4.58,9.12,5
US-xSC,-78.1395,38.8929,2017,3,2,7.55,-0.13,-3.5,5.23,17.3,0.02
US-xSC,-78.1395,38.8929,2017,3,3,2.63,-4.75,-6.85,3.54,13.88,0.04
US-xSC,-78.1395,38.8929,2017,3,4,4.02,-5.89,-8.96,2.84,19.76,0
US-xSC,-78.1395,38.8929,2017,3,5,4.7,-6.75,-9.51,1.58,19.48,0
US-xSC,-78.1395,38.8929,2017,3,6,13.89,-3.55,0.51,1.68,8.83,0.02
US-xSC,-78.1395,38.8929,2017,3,7,18.41,3.66,8.79,3.93,6.32,2.42
US-xSC,-78.1395,38.8929,2017,3,8,15.71,4.74,1.32,4.31,20.18,2.32
US-xSC,-78.1395,38.8929,2017,3,9,18.72,5.29,2.39,3.28,20.25,0
US-xSC,-78.1395,38.8929,2017,3,10,6.13,-3.91,-2.84,4.7,11,3.29
US-xSC,-78.1395,38.8929,2017,3,11,1.11,-6.5,-11.12,3.55,20.88,0.02
US-xSC,-78.1395,38.8929,2017,3,12,4.27,-5.24,-8.83,2.06,21.03,0
US-xSC,-78.1395,38.8929,2017,3,13,5.67,-5.51,-6.01,2.56,16.73,5.75
US-xSC,-78.1395,38.8929,2017,3,14,0.81,-7.85,-4.57,5.23,11.33,15.57
US-xSC,-78.1395,38.8929,2017,3,15,-3.97,-9.15,-9.48,5.6,14.3,0.66
US-xSC,-78.1395,38.8929,2017,3,16,0.97,-8.49,-7.04,3.81,20.53,0.08
US-xSC,-78.1395,38.8929,2017,3,17,6.75,-7.75,-4.69,2.01,13.55,0.98
US-xSC,-78.1395,38.8929,2017,3,18,14.4,-0.72,2.02,1.35,16.31,9.88
US-xSC,-78.1395,38.8929,2017,3,19,8.76,-0.73,0.48,2.72,12.19,1.58
US-xSC,-78.1395,38.8929,2017,3,20,12.84,-2.98,0.07,1.58,15.93,0.07
US-xSC,-78.1395,38.8929,2017,3,21,17.37,2.97,5.41,1.98,15.11,0.24
US-xSC,-78.1395,38.8929,2017,3,22,7.66,-4.45,-6.26,4.24,22.49,0
US-xSC,-78.1395,38.8929,2017,3,23,8.95,-6.14,-7.72,1.73,23.69,0
US-xSC,-78.1395,38.8929,2017,3,24,20.18,-2.26,4.4,2.89,15.12,1.84
US-xSC,-78.1395,38.8929,2017,3,25,22.87,10.54,12.85,1.85,15.16,0.59
US-xSC,-78.1395,38.8929,2017,3,26,13.1,6.95,8.18,2.93,11.1,1.47
US-xSC,-78.1395,38.8929,2017,3,27,22.56,7.07,11.61,1.88,15.65,1.32
US-xSC,-78.1395,38.8929,2017,3,28,21.55,11.11,13.02,1.94,11.92,7.12
US-xSC,-78.1395,38.8929,2017,3,29,18.22,6.51,6.42,2.4,21.67,0.61
US-xSC,-78.1395,38.8929,2017,3,30,11.6,3.21,3.67,2.57,8.71,2.31
US-xSC,-78.1395,38.8929,2017,3,31,13.12,7.71,9.47,2.05,8.36,26.08
US-xSC,-78.1395,38.8929,2017,4,1,13.87,3.62,4.87,3.68,15.15,0.18
US-xSC,-78.1395,38.8929,2017,4,2,17.23,0.81,1.68,1.63,23.53,0
US-xSC,-78.1395,38.8929,2017,4,3,18.83,4.49,9.39,3.17,12.91,3.06
US-xSC,-78.1395,38.8929,2017,4,4,23.38,12.46,12.43,3.51,19.22,0.88
US-xSC,-78.1395,38.8929,2017,4,5,21.91,8.02,9.22,2.32,19.49,0.02
US-xSC,-78.1395,38.8929,2017,4,6,18.02,5.79,8.68,3.94,10.98,24.55
US-xSC,-78.1395,38.8929,2017,4,7,6.98,0.98,-1.95,5.08,11.19,0.37
US-xSC,-78.1395,38.8929,2017,4,8,15.31,-1.5,-1.01,2.95,26.16,0
US-xSC,-78.1395,38.8929,2017,4,9,20.7,1.47,3.46,2.11,25.71,0
US-xSC,-78.1395,38.8929,2017,4,10,26.04,7.03,9.54,2.42,21.14,0
US-xSC,-78.1395,38.8929,2017,4,11,28.28,9.85,11.72,1.86,24.57,0
US-xSC,-78.1395,38.8929,2017,4,12,23.19,10.42,10.39,2.28,19.36,0.33
US-xSC,-78.1395,38.8929,2017,4,13,20.61,5.18,5.67,1.74,23.24,0
US-xSC,-78.1395,38.8929,2017,4,14,22.91,7.05,8.23,1.72,20.29,0
US-xSC,-78.1395,38.8929,2017,4,15,27.7,8.35,12.45,1.77,18.98,0.63
US-xSC,-78.1395,38.8929,2017,4,16,25.88,14.98,15.31,3.05,17.81,0.07
US-xSC,-78.1395,38.8929,2017,4,17,20.08,12.42,11.89,2.11,11.63,5.36
US-xSC,-78.1395,38.8929,2017,4,18,21.85,7,7.35,2.28,25.21,0
US-xSC,-78.1395,38.8929,2017,4,19,16.95,7.26,9.64,2.68,8.68,1.31
US-xSC,-78.1395,38.8929,2017,4,20,26.77,11.42,14.67,1.73,20.53,2.71
US-xSC,-78.1395,38.8929,2017,4,21,27.08,14.23,15.28,1.94,17.35,7.32
US-xSC,-78.1395,38.8929,2017,4,22,13.63,7.51,8.44,2.2,4.96,8.99
US-xSC,-78.1395,38.8929,2017,4,23,13.66,5.41,5.13,1.74,14.12,0.19
US-xSC,-78.1395,38.8929,2017,4,24,12.27,8.43,8.47,2.51,5.45,8.68
US-xSC,-78.1395,38.8929,2017,4,25,15.77,9.4,11.43,3.04,7.41,10.82
US-xSC,-78.1395,38.8929,2017,4,26,24.39,10.67,13.05,1.57,24.36,0.51
US-xSC,-78.1395,38.8929,2017,4,27,26.9,11.4,14.83,2.69,20.39,0.61
US-xSC,-78.1395,38.8929,2017,4,28,27.54,12.49,13,1.67,26.34,0.04
US-xSC,-78.1395,38.8929,2017,4,29,30.78,16.03,17.85,2.04,18.74,1.11
US-xSC,-78.1395,38.8929,2017,4,30,29.76,17.5,18.07,1.96,22.84,0.56
US-xSC,-78.1395,38.8929,2017,5,1,27.34,18.88,18.45,4.39,10.42,1.8
US-xSC,-78.1395,38.8929,2017,5,2,21.64,12.35,8.33,3.37,26.27,1.17
US-xSC,-78.1395,38.8929,2017,5,3,17.88,7.92,4.89,2.69,27.45,0
US-xSC,-78.1395,38.8929,2017,5,4,20.27,6.04,7.28,3.3,14.78,13.51
US-xSC,-78.1395,38.8929,2017,5,5,22.99,12.13,15.75,3.13,15.01,37.7
US-xSC,-78.1395,38.8929,2017,5,6,13.57,7.5,7.23,3.16,10.72,4.59
US-xSC,-78.1395,38.8929,2017,5,7,15.64,6.11,3.92,3.11,17.88,0.33
US-xSC,-78.1395,38.8929,2017,5,8,15.96,2.85,1.82,2.26,26.5,0.07
US-xSC,-78.1395,38.8929,2017,5,9,18.78,1.48,1.34,1.2,30.04,0
US-xSC,-78.1395,38.8929,2017,5,10,22.91,6.15,6.88,1.47,23.59,0.23
US-xSC,-78.1395,38.8929,2017,5,11,15.55,8.87,10.74,2.21,5.35,26.67
US-xSC,-78.1395,38.8929,2017,5,12,12.85,8.1,8.46,1.82,6.33,6.8
US-xSC,-78.1395,38.8929,2017,5,13,15.95,7.37,8.15,1.93,15.8,11.85
US-xSC,-78.1395,38.8929,2017,5,14,23.18,6.54,9.79,3.08,25.92,0.14
US-xSC,-78.1395,38.8929,2017,5,15,21.37,6.83,6.86,2.91,30.82,0
US-xSC,-78.1395,38.8929,2017,5,16,27.98,7.7,11.36,1.6,29.23,0.01
US-xSC,-78.1395,38.8929,2017,5,17,31.92,14.97,18.42,1.8,29,0
US-xSC,-78.1395,38.8929,2017,5,18,29.7,18.4,19.49,2.09,25.45,2.35
US-xSC,-78.1395,38.8929,2017,5,19,30.28,18.75,19.58,1.82,22.04,2.69
US-xSC,-78.1395,38.8929,2017,5,20,23.28,14.41,15.01,2.15,15.56,2.45
US-xSC,-78.1395,38.8929,2017,5,21,20.94,12.32,12.51,2.29,14.34,0.76
US-xSC,-78.1395,38.8929,2017,5,22,25.95,12.9,14.86,1.46,19.22,6.46
US-xSC,-78.1395,38.8929,2017,5,23,19.65,11.11,11.99,1.59,7.48,8.43
US-xSC,-78.1395,38.8929,2017,5,24,19.35,12.29,12.96,2.34,7.41,8.83
US-xSC,-78.1395,38.8929,2017,5,25,22.56,11.6,13.68,1.88,16.8,24.07
US-xSC,-78.1395,38.8929,2017,5,26,22.67,11.19,12.86,2.89,21.38,0.23
US-xSC,-78.1395,38.8929,2017,5,27,24.32,11.96,16.05,1.38,17.05,1.04
US-xSC,-78.1395,38.8929,2017,5,28,23.98,15.38,17.39,1.37,8.71,2.77
US-xSC,-78.1395,38.8929,2017,5,29,26.07,15.31,16.11,1.64,21.8,1.29
US-xSC,-78.1395,38.8929,2017,5,30,24.92,15.57,17.14,1.55,21.09,10.67
US-xSC,-78.1395,38.8929,2017,5,31,26.02,15.01,14.93,1.43,22.63,2.58
US-xSC,-78.1395,38.8929,2017,6,1,24.92,13.41,12.98,2.02,29.19,0.45
US-xSC,-78.1395,38.8929,2017,6,2,24.8,11.24,11.26,2.21,29.63,0.06
US-xSC,-78.1395,38.8929,2017,6,3,26.76,13.77,12.33,2.29,28.91,0
US-xSC,-78.1395,38.8929,2017,6,4,28.8,14.08,15.08,2.03,29.06,0.04
US-xSC,-78.1395,38.8929,2017,6,5,24.09,16.94,17.06,1.47,10.19,2.34
US-xSC,-78.1395,38.8929,2017,6,6,23.67,13.5,12.26,2.38,25.01,0.11
US-xSC,-78.1395,38.8929,2017,6,7,19.5,10.68,12.05,1.81,15.34,2.08
US-xSC,-78.1395,38.8929,2017,6,8,22.31,9.11,10.32,1.46,20.52,0.08
US-xSC,-78.1395,38.8929,2017,6,9,26.3,12.26,11.3,1.99,28.72,0.01
US-xSC,-78.1395,38.8929,2017,6,10,31.05,14.37,14.02,1.72,29.38,0.12
US-xSC,-78.1395,38.8929,2017,6,11,33.02,17.49,17.03,1.8,29.25,0
US-xSC,-78.1395,38.8929,2017,6,12,33.46,18.31,16.78,1.5,25.97,0
US-xSC,-78.1395,38.8929,2017,6,13,34.36,20.14,18.71,1.5,24.88,0.05
US-xSC,-78.1395,38.8929,2017,6,14,32.34,21.34,20.13,1.36,21.05,3.78
US-xSC,-78.1395,38.8929,2017,6,15,30.04,20.76,19.25,1.97,20.97,0.49
US-xSC,-78.1395,38.8929,2017,6,16,28.68,19.07,19.18,1,13.08,4.19
US-xSC,-78.1395,38.8929,2017,6,17,29.97,20.43,19.71,1.48,21.89,1.35
US-xSC,-78.1395,38.8929,2017,6,18,32.39,20.68,20.19,2.91,25.98,0.07
US-xSC,-78.1395,38.8929,2017,6,19,30.52,19.81,20.62,2.52,13.8,16.66
US-xSC,-78.1395,38.8929,2017,6,20,29.66,16.1,15.23,2.1,27.08,0.08
US-xSC,-78.1395,38.8929,2017,6,21,30.66,16.73,16.04,1.91,22.92,0.49
US-xSC,-78.1395,38.8929,2017,6,22,32.01,18.47,18.63,1.7,18.32,0.73
US-xSC,-78.1395,38.8929,2017,6,23,32.69,20.54,20.12,3.15,17.43,3.79
US-xSC,-78.1395,38.8929,2017,6,24,29.84,19.49,15.91,2.54,26.47,9.39
US-xSC,-78.1395,38.8929,2017,6,25,28.23,15.81,12.8,2.3,27.65,0.03
US-xSC,-78.1395,38.8929,2017,6,26,27.81,13.58,9.56,1.8,27.78,0.01
US-xSC,-78.1395,38.8929,2017,6,27,26.21,13.61,9.71,2.07,25.28,0.06
US-xSC,-78.1395,38.8929,2017,6,28,28.35,10.82,8.52,1.27,29.69,0
US-xSC,-78.1395,38.8929,2017,6,29,32.68,14.38,13.72,2.17,26.25,0.08
US-xSC,-78.1395,38.8929,2017,6,30,33.79,19.27,17.7,2.66,24.43,0.27
US-xSC,-78.1395,38.8929,2017,7,1,33.09,21.04,19.62,1.89,26.13,4.21
US-xSC,-78.1395,38.8929,2017,7,2,33.52,19.87,16.79,1.71,20.78,0.15
US-xSC,-78.1395,38.8929,2017,7,3,34.08,18.98,15.43,1.26,25.55,0.01
US-xSC,-78.1395,38.8929,2017,7,4,32.07,20.44,17.72,1.17,18.25,2.3
US-xSC,-78.1395,38.8929,2017,7,5,27.58,20.6,20.58,1.51,11.79,16.6
US-xSC,-78.1395,38.8929,2017,7,6,25.21,20.14,20.8,1.72,16.54,33.98
US-xSC,-78.1395,38.8929,2017,7,7,31.22,20.33,19.86,2.05,25.96,3.24
US-xSC,-78.1395,38.8929,2017,7,8,29.67,19.17,17.34,2.16,24.37,0.32
US-xSC,-78.1395,38.8929,2017,7,9,29.67,16.23,14.65,1.18,26.5,0.12
US-xSC,-78.1395,38.8929,2017,7,10,32.21,17.2,14.58,1.6,28.46,0.03
US-xSC,-78.1395,38.8929,2017,7,11,33.36,19.32,18.9,1.82,17.52,1.92
US-xSC,-78.1395,38.8929,2017,7,12,34.16,19.53,19.59,1.72,24.47,1.46
US-xSC,-78.1395,38.8929,2017,7,13,34.46,22.02,20.74,1.64,20,1.06
US-xSC,-78.1395,38.8929,2017,7,14,34.33,22.42,21.27,1.49,20.74,5.38
US-xSC,-78.1395,38.8929,2017,7,15,31.19,19.72,18.58,1.97,23.85,2.51
US-xSC,-78.1395,38.8929,2017,7,16,33.05,17.01,15.85,0.77,25.76,0
US-xSC,-78.1395,38.8929,2017,7,17,32.75,20.22,17.77,1.38,25.02,0.81
US-xSC,-78.1395,38.8929,2017,7,18,32.95,20.68,19.49,1.04,23.93,4.47
US-xSC,-78.1395,38.8929,2017,7,19,35.5,21.22,18.32,1.01,27.06,0.15
US-xSC,-78.1395,38.8929,2017,7,20,36.5,21.22,17.76,1.6,24.46,0
US-xSC,-78.1395,38.8929,2017,7,21,35.7,21.81,19.94,1.36,20.26,0.99
US-xSC,-78.1395,38.8929,2017,7,22,34.77,22.96,21.41,1.47,20.21,16.3
US-xSC,-78.1395,38.8929,2017,7,23,30.37,21.91,22.12,1.15,16.09,13.68
US-xSC,-78.1395,38.8929,2017,7,24,33.42,20.63,19.41,1.65,23.51,2.18
US-xSC,-78.1395,38.8929,2017,7,25,28.45,16.76,14.87,1.72,28.26,0.02
US-xSC,-78.1395,38.8929,2017,7,26,30.84,15.5,15.13,1.2,22.76,0.01
US-xSC,-78.1395,38.8929,2017,7,27,31.82,18.16,17.14,1,12.65,0.21
US-xSC,-78.1395,38.8929,2017,7,28,25.55,18.73,20.28,1.76,7.91,51.92
US-xSC,-78.1395,38.8929,2017,7,29,23.15,15.81,15.55,3.13,13.31,6.41
US-xSC,-78.1395,38.8929,2017,7,30,26.06,13.38,13.15,1.75,29.49,0
US-xSC,-78.1395,38.8929,2017,7,31,29.15,15.31,15.74,1.4,26.02,0.14
US-xSC,-78.1395,38.8929,2017,8,1,30.63,16.86,17.03,1.16,24.34,0.17
US-xSC,-78.1395,38.8929,2017,8,2,30.77,18.3,17.65,1.18,23.35,1.79
US-xSC,-78.1395,38.8929,2017,8,3,31.43,17.77,18.03,1.2,22.86,2.52
US-xSC,-78.1395,38.8929,2017,8,4,31.46,18.74,18.8,1.64,24.84,4.24
US-xSC,-78.1395,38.8929,2017,8,5,25.23,16.05,13.25,2.72,27.22,1.08
US-xSC,-78.1395,38.8929,2017,8,6,27.46,13.87,13.92,1.05,20.42,0.31
US-xSC,-78.1395,38.8929,2017,8,7,23.61,17.36,18.88,1.7,7.9,17.09
US-xSC,-78.1395,38.8929,2017,8,8,26.47,15.37,15.5,1.91,20.36,1.18
US-xSC,-78.1395,38.8929,2017,8,9,27.55,12.43,11.18,1.42,26.96,0
US-xSC,-78.1395,38.8929,2017,8,10,27.64,15.09,14.39,1.46,18.3,0
US-xSC,-78.1395,38.8929,2017,8,11,27.76,16.52,17.88,1.5,15.51,3.57
US-xSC,-78.1395,38.8929,2017,8,12,34.36,19.51,20.22,1.06,19.04,19.42
US-xSC,-78.1395,38.8929,2017,8,13,28.03,16.04,15.75,1.53,25.01,0.07
US-xSC,-78.1395,38.8929,2017,8,14,25.92,17.81,16.95,1.25,8.85,1.43
US-xSC,-78.1395,38.8929,2017,8,15,28.65,19.59,20.47,0.87,12.16,11.53
US-xSC,-78.1395,38.8929,2017,8,16,32.56,18.49,19,1.2,22.13,0.63
US-xSC,-78.1395,38.8929,2017,8,17,32.1,21.07,20.23,1.37,21.6,2.12
US-xSC,-78.1395,38.8929,2017,8,18,32.67,21.62,21.89,1.69,18.29,8.44
US-xSC,-78.1395,38.8929,2017,8,19,31.33,18.64,18.09,1.56,24.55,0.41
US-xSC,-78.1395,38.8929,2017,8,20,32.63,16.58,16.82,1.04,23.91,1.15
US-xSC,-78.1395,38.8929,2017,8,21,33.19,18.61,18.8,1.39,22.99,1.33
US-xSC,-78.1395,38.8929,2017,8,22,33.59,19.93,19.4,1.99,23.23,0.1
US-xSC,-78.1395,38.8929,2017,8,23,28.75,16.74,16.59,1.69,16.44,2.67
US-xSC,-78.1395,38.8929,2017,8,24,25.85,14.75,13.6,1.01,16.99,1.05
US-xSC,-78.1395,38.8929,2017,8,25,24.8,13.41,12.8,1.55,20.54,0.14
US-xSC,-78.1395,38.8929,2017,8,26,25.09,12.5,12.06,1.36,20.06,0
US-xSC,-78.1395,38.8929,2017,8,27,23.7,13.71,12.8,1.65,16.56,0
US-xSC,-78.1395,38.8929,2017,8,28,24.69,11.17,11.49,2.17,15.67,0
US-xSC,-78.1395,38.8929,2017,8,29,21.01,14.47,15.07,2.11,4.87,16.28
US-xSC,-78.1395,38.8929,2017,8,30,27.06,13.27,14.55,0.92,18.92,0.17
US-xSC,-78.1395,38.8929,2017,8,31,28.76,16.4,15.74,1.61,19.03,0.02
US-xSC,-78.1395,38.8929,2017,9,1,21.77,12.95,9.4,1.92,5.8,1.49
US-xSC,-78.1395,38.8929,2017,9,2,18.72,11.65,13.25,1.96,5.73,10.32
US-xSC,-78.1395,38.8929,2017,9,3,25.86,12.07,12.73,2.15,20.84,0.26
US-xSC,-78.1395,38.8929,2017,9,4,28.98,12.45,14.06,2.12,21.88,0
US-xSC,-78.1395,38.8929,2017,9,5,30.05,16.33,16.56,2.16,14.71,10.94
US-xSC,-78.1395,38.8929,2017,9,6,22.4,11.87,14.27,0.86,3.19,19.41
US-xSC,-78.1395,38.8929,2017,9,7,21.17,10.05,9.56,2.18,19.16,0.03
US-xSC,-78.1395,38.8929,2017,9,8,23.66,9.25,9.09,1.94,20.35,0
US-xSC,-78.1395,38.8929,2017,9,9,21.14,9.58,8.71,1.82,20.11,0
US-xSC,-78.1395,38.8929,2017,9,10,21.7,7.85,7.98,2.07,20.91,0
US-xSC,-78.1395,38.8929,2017,9,11,21.62,7.3,8.96,1.61,13.78,0
US-xSC,-78.1395,38.8929,2017,9,12,24.03,11.42,10.78,1.55,15.25,0.39
US-xSC,-78.1395,38.8929,2017,9,13,27.85,15.15,16.64,1.68,13.73,2.27
US-xSC,-78.1395,38.8929,2017,9,14,27,15.57,15.45,1.19,13.16,0.31
US-xSC,-78.1395,38.8929,2017,9,15,27.3,14.48,14.9,0.98,16.87,0.29
US-xSC,-78.1395,38.8929,2017,9,16,28.54,14.61,15.17,1.18,14.95,0.01
US-xSC,-78.1395,38.8929,2017,9,17,28.18,16.08,15.76,1.38,14.03,0.04
US-xSC,-78.1395,38.8929,2017,9,18,27.25,15.49,16.71,1.41,13.48,0.02
US-xSC,-78.1395,38.8929,2017,9,19,28.62,16.72,15.49,1.51,19.54,0.06
US-xSC,-78.1395,38.8929,2017,9,20,31.21,15.23,13.8,1.7,18.79,0.01
US-xSC,-78.1395,38.8929,2017,9,21,30.03,15.76,14.4,1.53,19.23,0
US-xSC,-78.1395,38.8929,2017,9,22,27.43,17.23,14.97,1.62,14.96,0
US-xSC,-78.1395,38.8929,2017,9,23,30.32,15.16,12.49,1.55,20.08,0
US-xSC,-78.1395,38.8929,2017,9,24,31.54,16.48,15.35,1.7,20,0.16
US-xSC,-78.1395,38.8929,2017,9,25,32.35,17.15,16.16,1.71,16.58,0
US-xSC,-78.1395,38.8929,2017,9,26,30.39,18.04,15.76,1.69,17.99,0.01
US-xSC,-78.1395,38.8929,2017,9,27,32.27,17.39,16.39,1.93,19.15,0.1
US-xSC,-78.1395,38.8929,2017,9,28,26.33,13.46,11.08,2.85,19.42,0
US-xSC,-78.1395,38.8929,2017,9,29,24.27,9.65,6.75,1.44,19.87,0.03
US-xSC,-78.1395,38.8929,2017,9,30,19.83,8.6,5.65,2.72,18.9,0.01
US-xSC,-78.1395,38.8929,2017,10,1,20.65,5.82,3.73,1.6,20.37,0
US-xSC,-78.1395,38.8929,2017,10,2,24.16,6.28,5.1,1.64,19.94,0.04
US-xSC,-78.1395,38.8929,2017,10,3,24.53,9.54,8.58,1.7,19.26,0.05
US-xSC,-78.1395,38.8929,2017,10,4,27.56,7.98,7.79,1.71,18.88,0
US-xSC,-78.1395,38.8929,2017,10,5,29.4,13.29,12.29,1.46,14.99,0.01
US-xSC,-78.1395,38.8929,2017,10,6,29.1,13.12,14.34,1.23,16.4,0.01
US-xSC,-78.1395,38.8929,2017,10,7,29.41,14.49,15.04,2.41,17.41,0.04
US-xSC,-78.1395,38.8929,2017,10,8,25.31,20.21,20.59,1.82,7.47,3.1
US-xSC,-78.1395,38.8929,2017,10,9,30.56,20.24,20.75,3.05,10.53,21.11
US-xSC,-78.1395,38.8929,2017,10,10,30.8,18.24,18.09,0.98,12.77,0.1
US-xSC,-78.1395,38.8929,2017,10,11,26.5,18.65,20.24,1.85,5.93,13.73
US-xSC,-78.1395,38.8929,2017,10,12,20.76,13.17,14.91,2.81,3.3,4.55
US-xSC,-78.1395,38.8929,2017,10,13,21.53,11.95,12.57,1.56,5.64,0.27
US-xSC,-78.1395,38.8929,2017,10,14,24.9,12.88,13.26,1,13.5,0.04
US-xSC,-78.1395,38.8929,2017,10,15,28.99,12.73,14.12,2.21,14.95,0.54
US-xSC,-78.1395,38.8929,2017,10,16,17.77,7.44,5.64,2.94,11.39,1.72
US-xSC,-78.1395,38.8929,2017,10,17,17.86,2.96,0.58,1.34,16.69,0
US-xSC,-78.1395,38.8929,2017,10,18,21.72,4.05,2.47,1.77,16.64,0
US-xSC,-78.1395,38.8929,2017,10,19,25.56,5.04,4.71,1.64,17.18,0
US-xSC,-78.1395,38.8929,2017,10,20,23.89,10.07,6.47,1.7,16.19,0
US-xSC,-78.1395,38.8929,2017,10,21,24.76,11.45,5.25,1.38,15.28,0
US-xSC,-78.1395,38.8929,2017,10,22,24.13,11.55,9.58,1.87,15.01,0
US-xSC,-78.1395,38.8929,2017,10,23,22.27,9.84,13.2,3.29,5.95,4.46
US-xSC,-78.1395,38.8929,2017,10,24,20.86,9.95,10.2,2.06,15.09,9.71
US-xSC,-78.1395,38.8929,2017,10,25,16.67,4.64,3.33,1.79,14.31,0
US-xSC,-78.1395,38.8929,2017,10,26,14.48,3.51,0.51,2.46,13.41,0
US-xSC,-78.1395,38.8929,2017,10,27,19.43,1.8,2.26,2.1,15.3,0
US-xSC,-78.1395,38.8929,2017,10,28,20.01,5.69,7.94,2.69,10.91,0.25
US-xSC,-78.1395,38.8929,2017,10,29,15.68,3.86,7.86,3.33,2.46,40.34
US-xSC,-78.1395,38.8929,2017,10,30,12.63,4.08,0.82,3.75,14.69,2.84
US-xSC,-78.1395,38.8929,2017,10,31,13.51,1.85,1.15,2.02,14.68,0
US-xSC,-78.1395,38.8929,2017,11,1,12.36,3.02,5.46,1.17,7.08,0.17
US-xSC,-78.1395,38.8929,2017,11,2,22.13,6.17,10.35,1.78,13.25,0.02
US-xSC,-78.1395,38.8929,2017,11,3,23.44,10.08,12.75,2.15,8,0.13
US-xSC,-78.1395,38.8929,2017,11,4,13.97,5.51,5.32,1.54,4.24,12.33
US-xSC,-78.1395,38.8929,2017,11,5,16.62,8.61,10.96,2.52,5.72,1.24
US-xSC,-78.1395,38.8929,2017,11,6,22.18,8.03,11.91,2.49,8.15,1.21
US-xSC,-78.1395,38.8929,2017,11,7,7.08,2.43,2.43,2.17,2.21,16.56
US-xSC,-78.1395,38.8929,2017,11,8,10.01,1.04,1.25,1.74,5.15,0.08
US-xSC,-78.1395,38.8929,2017,11,9,10.34,1.4,4.29,1,4.2,1.69
US-xSC,-78.1395,38.8929,2017,11,10,4.1,-5.72,-5.16,3.07,13,0.02
US-xSC,-78.1395,38.8929,2017,11,11,2.72,-6.83,-10.03,1.41,11.46,0
US-xSC,-78.1395,38.8929,2017,11,12,8.31,-2.98,-3.99,1.31,7.94,0.78
US-xSC,-78.1395,38.8929,2017,11,13,9.61,-0.14,2.65,1.39,7.42,2.31
US-xSC,-78.1395,38.8929,2017,11,14,9.63,0.8,0.25,1.88,4.58,0
US-xSC,-78.1395,38.8929,2017,11,15,9.77,-1.56,0.54,1.74,10.68,0.17
US-xSC,-78.1395,38.8929,2017,11,16,12.76,1.64,1.54,2.91,12.45,0.11
US-xSC,-78.1395,38.8929,2017,11,17,11.21,0.1,-1.83,2.12,11.4,0
US-xSC,-78.1395,38.8929,2017,11,18,12.08,0.62,3.31,3.04,4.41,1.8
US-xSC,-78.1395,38.8929,2017,11,19,12.62,0.86,0.2,4.51,9.23,2.4
US-xSC,-78.1395,38.8929,2017,11,20,9.83,-2.41,-4.22,2.51,11.91,0
US-xSC,-78.1395,38.8929,2017,11,21,13.56,-2.19,1.2,2.51,9,0.02
US-xSC,-78.1395,38.8929,2017,11,22,8.51,-2.98,0.54,3.22,10.89,0.2
US-xSC,-78.1395,38.8929,2017,11,23,7.21,-5.38,-6.15,1.46,12.15,0
US-xSC,-78.1395,38.8929,2017,11,24,11.46,-3.56,-2.93,1.91,10.82,0
US-xSC,-78.1395,38.8929,2017,11,25,15.48,-0.63,2.95,2.04,7.53,0
US-xSC,-78.1395,38.8929,2017,11,26,10.43,-0.84,-0.49,2.39,10.85,0
US-xSC,-78.1395,38.8929,2017,11,27,13.96,-0.18,0.06,2.18,11.08,0
US-xSC,-78.1395,38.8929,2017,11,28,14.9,1.33,2,2.07,10.88,0
US-xSC,-78.1395,38.8929,2017,11,29,16.74,1.45,2.49,2.3,10.67,0
US-xSC,-78.1395,38.8929,2017,11,30,13.39,0.85,3.19,1.89,9.43,0.28
US-xSC,-78.1395,38.8929,2017,12,1,11.22,1.4,1.77,2.03,11.05,0.01
US-xSC,-78.1395,38.8929,2017,12,2,9.67,0.23,0.99,1.66,6.51,0
US-xSC,-78.1395,38.8929,2017,12,3,12.18,-0.04,0.81,1.68,10.19,0.31
US-xSC,-78.1395,38.8929,2017,12,4,10.49,1.36,0.11,2.04,9.28,0
US-xSC,-78.1395,38.8929,2017,12,5,13.38,2.91,7.44,2.76,3.41,3.58
US-xSC,-78.1395,38.8929,2017,12,6,7.57,0.04,-3.82,2.41,6.45,0.06
US-xSC,-78.1395,38.8929,2017,12,7,7.16,-3.24,-3.59,2.25,7.88,0.04
US-xSC,-78.1395,38.8929,2017,12,8,2.39,-3.96,-5.17,1.19,2.67,0.02
US-xSC,-78.1395,38.8929,2017,12,9,0.49,-5.55,-3.57,1.11,2.42,3.85
US-xSC,-78.1395,38.8929,2017,12,10,2.55,-4.8,-5.77,2.31,7.69,0.02
US-xSC,-78.1395,38.8929,2017,12,11,5.61,-3.95,-3.09,1.84,10.27,0
US-xSC,-78.1395,38.8929,2017,12,12,5.71,-6.9,-4.7,3.67,4.35,0
US-xSC,-78.1395,38.8929,2017,12,13,-0.07,-7.26,-11.78,3.77,9.65,0.18
US-xSC,-78.1395,38.8929,2017,12,14,1.98,-3.95,-6.18,2.74,7.7,0.01
US-xSC,-78.1395,38.8929,2017,12,15,0.57,-4.93,-7.31,1.81,2.41,0.47
US-xSC,-78.1395,38.8929,2017,12,16,6.66,-5.97,-4.05,2.4,10.05,0
US-xSC,-78.1395,38.8929,2017,12,17,6.82,-1.73,0.29,1.81,3.04,0.11
US-xSC,-78.1395,38.8929,2017,12,18,10.82,-0.04,2.74,1.99,8.27,0
US-xSC,-78.1395,38.8929,2017,12,19,12.28,-0.33,3.42,2.47,9.29,0
US-xSC,-78.1395,38.8929,2017,12,20,7.15,-2.98,-0.67,2.19,3.26,0
US-xSC,-78.1395,38.8929,2017,12,21,6.97,-4.29,-4.66,1.62,9.8,0
US-xSC,-78.1395,38.8929,2017,12,22,9.33,-2.78,0.84,2.03,4.42,0.06
US-xSC,-78.1395,38.8929,2017,12,23,14.47,1.86,6.29,3.1,1.97,9.61
US-xSC,-78.1395,38.8929,2017,12,24,4.48,-0.63,-1.36,1.97,3.54,0.17
US-xSC,-78.1395,38.8929,2017,12,25,0.45,-4.27,-9.92,4.61,10.29,0.04
US-xSC,-78.1395,38.8929,2017,12,26,1.15,-4.57,-10.37,2.53,9.42,0
US-xSC,-78.1395,38.8929,2017,12,27,-1.91,-10.41,-10.39,2.41,7.98,0
US-xSC,-78.1395,38.8929,2017,12,28,-5.29,-12.85,-15.57,1.7,9.51,0
US-xSC,-78.1395,38.8929,2017,12,29,-1.22,-10.54,-12.37,2,9.92,0.09
US-xSC,-78.1395,38.8929,2017,12,30,-0.88,-7.59,-10.06,3.1,5.9,0.83
US-xSC,-78.1395,38.8929,2017,12,31,-6.89,-11.23,-15.02,2.85,4.88,0
US-xSC,-78.1395,38.8929,2018,1,1,-6.15,-12.19,-15.62,3.2,8.58,0
US-xSC,-78.1395,38.8929,2018,1,2,-3.51,-14.71,-15.86,2.51,11.11,0
US-xSC,-78.1395,38.8929,2018,1,3,-2.6,-15.63,-12.86,1.52,7.82,0.01
US-xSC,-78.1395,38.8929,2018,1,4,-5.06,-12.15,-13.52,5.46,7.59,0.66
US-xSC,-78.1395,38.8929,2018,1,5,-10.26,-14.03,-18.89,5.2,10.91,0
US-xSC,-78.1395,38.8929,2018,1,6,-10.29,-14.52,-19.08,4.28,10.56,0
US-xSC,-78.1395,38.8929,2018,1,7,-5,-17.78,-16.86,2.1,10.79,0
US-xSC,-78.1395,38.8929,2018,1,8,-0.38,-10.55,-7.02,2.02,3.29,0.83
US-xSC,-78.1395,38.8929,2018,1,9,7.33,-5.3,-1.9,2.33,6.43,0.01
US-xSC,-78.1395,38.8929,2018,1,10,7.2,-4.25,-1.25,2.33,6.19,0
US-xSC,-78.1395,38.8929,2018,1,11,13.09,-0.39,5.96,2.61,5.14,1.53
US-xSC,-78.1395,38.8929,2018,1,12,20.2,11.59,14.98,4.02,3.89,17.74
US-xSC,-78.1395,38.8929,2018,1,13,12.88,-8.11,-7.94,5.43,10.14,12.48
US-xSC,-78.1395,38.8929,2018,1,14,-4.02,-10.31,-13.86,2.8,12.07,0
US-xSC,-78.1395,38.8929,2018,1,15,-1.21,-12.42,-11.43,1.47,10.39,0
US-xSC,-78.1395,38.8929,2018,1,16,2.77,-6.3,-5.22,1.54,6.87,0.32
US-xSC,-78.1395,38.8929,2018,1,17,-3.36,-11.55,-12.29,3.7,6.08,0.3
US-xSC,-78.1395,38.8929,2018,1,18,2.81,-12.08,-10.7,3.54,11.98,0
US-xSC,-78.1395,38.8929,2018,1,19,8.05,-8.11,-6.41,2.44,11.98,0
US-xSC,-78.1395,38.8929,2018,1,20,11.31,-4.34,-1.14,2.48,11.59,0
US-xSC,-78.1395,38.8929,2018,1,21,15.01,-0.94,4.91,2.2,8.06,0
US-xSC,-78.1395,38.8929,2018,1,22,14.84,3.53,7.21,2.61,7.59,0.16
US-xSC,-78.1395,38.8929,2018,1,23,13.78,2.01,4.44,4.06,8.88,11.06
US-xSC,-78.1395,38.8929,2018,1,24,5.25,-3.23,-3.73,3.14,6.28,0.01
US-xSC,-78.1395,38.8929,2018,1,25,3.71,-4.12,-6.35,2.36,10.96,0
US-xSC,-78.1395,38.8929,2018,1,26,8.29,-4.33,-3.84,2.13,11.75,0
US-xSC,-78.1395,38.8929,2018,1,27,12.57,-1.17,2.52,3.47,9.63,0.03
US-xSC,-78.1395,38.8929,2018,1,28,9.88,2.53,5.82,1.96,2.84,4.98
US-xSC,-78.1395,38.8929,2018,1,29,7.52,-3.35,-0.78,2.1,4.65,0.72
US-xSC,-78.1395,38.8929,2018,1,30,0.3,-6.59,-9.39,5.33,11.94,0.33
US-xSC,-78.1395,38.8929,2018,1,31,2.98,-7.71,-9.86,3.02,10.34,0
US-xSC,-78.1395,38.8929,2018,2,1,6.27,-0.15,0.03,2.6,6.42,1.66
US-xSC,-78.1395,38.8929,2018,2,2,0.26,-11.05,-11.78,4.65,12.78,1.17
US-xSC,-78.1395,38.8929,2018,2,3,2.4,-12.81,-11.15,2.53,12.64,0
US-xSC,-78.1395,38.8929,2018,2,4,0.2,-4.29,-3.78,2.13,4.16,22.88
US-xSC,-78.1395,38.8929,2018,2,5,-1.33,-7.66,-6.77,2.97,14.36,0.01
US-xSC,-78.1395,38.8929,2018,2,6,1.74,-9.25,-5.71,2.02,6.05,0
US-xSC,-78.1395,38.8929,2018,2,7,1.07,-7.32,-2.77,3.14,3.93,15.18
US-xSC,-78.1395,38.8929,2018,2,8,0.07,-10.99,-8.08,2.61,13.98,0.01
US-xSC,-78.1395,38.8929,2018,2,9,2.01,-9.26,-4.18,1.85,10.08,0
US-xSC,-78.1395,38.8929,2018,2,10,4.31,-0.03,1.86,2.3,3,11.44
US-xSC,-78.1395,38.8929,2018,2,11,11.53,2.81,7.04,1.82,4.54,19.79
US-xSC,-78.1395,38.8929,2018,2,12,6.53,-3.53,-1.62,3.19,8.9,0.56
US-xSC,-78.1395,38.8929,2018,2,13,3.96,-5.33,-4.25,2.28,7.53,0.04
US-xSC,-78.1395,38.8929,2018,2,14,10.52,-1.5,3.46,2.33,8.98,1.19
US-xSC,-78.1395,38.8929,2018,2,15,22.31,6.43,12.49,3.14,11.03,0.73
US-xSC,-78.1395,38.8929,2018,2,16,15.68,-1.68,7.48,3.88,3.82,7.19
US-xSC,-78.1395,38.8929,2018,2,17,3.83,-5.3,-3.24,2.13,4.69,9.93
US-xSC,-78.1395,38.8929,2018,2,18,8.27,-3.68,-1.82,1.99,14.07,0.06
US-xSC,-78.1395,38.8929,2018,2,19,9.23,-0.58,3.68,3.3,9.37,2.53
US-xSC,-78.1395,38.8929,2018,2,20,21.72,6.01,11.05,3.26,15.9,0.18
US-xSC,-78.1395,38.8929,2018,2,21,24.34,10.45,14.5,3.17,13.48,0.57
US-xSC,-78.1395,38.8929,2018,2,22,11.26,5.11,6.52,2.59,3.63,3.84
US-xSC,-78.1395,38.8929,2018,2,23,7.47,3.4,4.56,2.52,6.47,3.48
US-xSC,-78.1395,38.8929,2018,2,24,14.22,6.95,8.97,1.97,3.65,6.02
US-xSC,-78.1395,38.8929,2018,2,25,17.09,6.62,9.68,2.25,3.58,7.85
US-xSC,-78.1395,38.8929,2018,2,26,11.03,0.3,1.89,2.32,6.13,0
US-xSC,-78.1395,38.8929,2018,2,27,13.63,-2.58,-0.83,2.03,17.24,0
US-xSC,-78.1395,38.8929,2018,2,28,16.95,2.84,5.41,2.42,8.49,0
US-xSC,-78.1395,38.8929,2018,3,1,11.98,6.38,7.91,2.1,4.99,5.5
US-xSC,-78.1395,38.8929,2018,3,2,5.68,-0.93,-3.74,9.23,13.8,0.56
US-xSC,-78.1395,38.8929,2018,3,3,7.9,-2.51,-4.02,5.88,19.56,0
US-xSC,-78.1395,38.8929,2018,3,4,7.99,-3.3,-4.73,4.07,19.74,0.13
US-xSC,-78.1395,38.8929,2018,3,5,6.33,-5.13,-5.7,2.88,20.26,0.56
US-xSC,-78.1395,38.8929,2018,3,6,6.41,-4.41,-1.6,2.5,5.27,2.16
US-xSC,-78.1395,38.8929,2018,3,7,7.98,-1.01,-0.8,2.8,10.69,0.64
US-xSC,-78.1395,38.8929,2018,3,8,3.83,-3.41,-5.99,3.17,12.18,0.02
US-xSC,-78.1395,38.8929,2018,3,9,3.87,-4.1,-6.31,3.71,17.14,0
US-xSC,-78.1395,38.8929,2018,3,10,9.07,-4.59,-4,1.77,12.58,0
US-xSC,-78.1395,38.8929,2018,3,11,9.66,-4.51,-3.89,1.56,15.92,0
US-xSC,-78.1395,38.8929,2018,3,12,3.61,-3.39,-2.37,2.12,7.66,0.3
US-xSC,-78.1395,38.8929,2018,3,13,5.11,-2.85,-5.33,4.15,16.41,0
US-xSC,-78.1395,38.8929,2018,3,14,2.66,-3.52,-6.79,4.47,16.42,0
US-xSC,-78.1395,38.8929,2018,3,15,8.6,-4.13,-3.39,3.75,18.27,0
US-xSC,-78.1395,38.8929,2018,3,16,4.94,-4.43,-6.06,3.85,22.26,0
US-xSC,-78.1395,38.8929,2018,3,17,8.86,-4.56,-2.09,1.77,6.7,0.09
US-xSC,-78.1395,38.8929,2018,3,18,12.87,-3.84,-3.06,2.22,21.01,0
US-xSC,-78.1395,38.8929,2018,3,19,14.04,-2.3,0.52,2.16,14.72,0.01
US-xSC,-78.1395,38.8929,2018,3,20,3.9,-2.37,-0.93,3.36,3.31,17.06
US-xSC,-78.1395,38.8929,2018,3,21,-0.36,-2.64,-2.03,2.85,5.76,16.08
US-xSC,-78.1395,38.8929,2018,3,22,1.97,-6.12,-2.53,3.72,17.41,0
US-xSC,-78.1395,38.8929,2018,3,23,5.26,-6.21,-4.15,3.24,18.23,0
US-xSC,-78.1395,38.8929,2018,3,24,8.26,-5.13,-4.11,2.02,18.4,0
US-xSC,-78.1395,38.8929,2018,3,25,5.13,-4.43,-3.83,2.78,22.57,0
US-xSC,-78.1395,38.8929,2018,3,26,8.69,-3.49,-2.06,2.44,23.04,0
US-xSC,-78.1395,38.8929,2018,3,27,4.31,-2.01,0.15,2.47,5.15,2.98
US-xSC,-78.1395,38.8929,2018,3,28,19.12,2.28,8.19,1.23,6.64,4.06
US-xSC,-78.1395,38.8929,2018,3,29,22.36,6.81,11.3,2.28,15.5,0.13
US-xSC,-78.1395,38.8929,2018,3,30,15.98,2.51,7.31,3.9,11.89,1.93
US-xSC,-78.1395,38.8929,2018,3,31,14.76,-2.83,-0.31,2.65,24.55,0
US-xSC,-78.1395,38.8929,2018,4,1,15.71,5.4,5.8,2.32,11.25,0.16
US-xSC,-78.1395,38.8929,2018,4,2,11.89,1.1,2.07,2.15,13.17,5.79
US-xSC,-78.1395,38.8929,2018,4,3,15.86,3.1,6.91,2.88,10.4,2.57
US-xSC,-78.1395,38.8929,2018,4,4,12.82,0.49,2.31,4.97,18.84,0.81
US-xSC,-78.1395,38.8929,2018,4,5,10.11,-2.82,-4.19,2.79,24.64,0
US-xSC,-78.1395,38.8929,2018,4,6,18.58,1.64,3.96,2.6,21.21,0
US-xSC,-78.1395,38.8929,2018,4,7,9.16,-1.54,-3.4,2.98,6.87,0.2
US-xSC,-78.1395,38.8929,2018,4,8,8.91,-4.97,-5.48,2.64,26.1,0
US-xSC,-78.1395,38.8929,2018,4,9,7.82,-1.52,-1.66,1.46,5.47,0.16
US-xSC,-78.1395,38.8929,2018,4,10,11.2,-1.17,-2.05,2.16,23.65,0.01
US-xSC,-78.1395,38.8929,2018,4,11,14.26,-1.36,0.08,2.05,19.63,0.03
US-xSC,-78.1395,38.8929,2018,4,12,21.83,3.49,7.1,3.14,20.51,0.02
US-xSC,-78.1395,38.8929,2018,4,13,27.04,10.28,11.54,2.93,25.29,0.01
US-xSC,-78.1395,38.8929,2018,4,14,26.13,12.25,14.04,2.84,24.38,0.06
US-xSC,-78.1395,38.8929,2018,4,15,22.43,10.25,13.69,3.98,11.1,16.1
US-xSC,-78.1395,38.8929,2018,4,16,16.49,1.81,4.88,4.06,12.33,35.02
US-xSC,-78.1395,38.8929,2018,4,17,8.11,-0.12,-3.37,3.37,14.39,0.02
US-xSC,-78.1395,38.8929,2018,4,18,18.43,-2.24,3.26,1.59,25.85,0
US-xSC,-78.1395,38.8929,2018,4,19,12.72,1.72,2.87,3.77,15.49,0.66
US-xSC,-78.1395,38.8929,2018,4,20,13.67,-1.61,-1.31,3.03,26.09,0
US-xSC,-78.1395,38.8929,2018,4,21,15.92,-1.55,0.27,1.31,26.04,0
US-xSC,-78.1395,38.8929,2018,4,22,17.85,3.53,6.65,2.01,19.09,0
US-xSC,-78.1395,38.8929,2018,4,23,18.93,4.84,7.04,2.43,17.9,0.06
US-xSC,-78.1395,38.8929,2018,4,24,13.55,8.11,9.09,2.91,4.52,17.46
US-xSC,-78.1395,38.8929,2018,4,25,18.21,9.41,11.37,1.91,13.31,5.62
US-xSC,-78.1395,38.8929,2018,4,26,20.18,5.54,5.15,2.08,27.44,0.01
US-xSC,-78.1395,38.8929,2018,4,27,17.07,9.04,9.75,1.52,12.94,17
US-xSC,-78.1395,38.8929,2018,4,28,22.36,5.72,7.82,2.87,21.98,0.36
US-xSC,-78.1395,38.8929,2018,4,29,11.31,2.11,0.19,3.45,26.56,0
US-xSC,-78.1395,38.8929,2018,4,30,18.42,-0.49,1.25,2.9,29.62,0
US-xSC,-78.1395,38.8929,2018,5,1,25.42,4.34,6.8,2.16,29.31,0.01
US-xSC,-78.1395,38.8929,2018,5,2,28.07,9.77,12.7,2.26,27.67,0
US-xSC,-78.1395,38.8929,2018,5,3,27.84,15.82,17.71,2.52,24.75,0.07
US-xSC,-78.1395,38.8929,2018,5,4,29.21,17.47,17.44,2.28,21.15,0.12
US-xSC,-78.1395,38.8929,2018,5,5,18.2,11.88,11.28,1.45,9.43,5.39
US-xSC,-78.1395,38.8929,2018,5,6,17.62,10.98,11.67,1.36,12.96,4.74
US-xSC,-78.1395,38.8929,2018,5,7,22.94,8.93,11.5,1.68,23.89,0.48
US-xSC,-78.1395,38.8929,2018,5,8,23.2,11.71,11.46,1.7,23.47,0.08
US-xSC,-78.1395,38.8929,2018,5,9,24.99,10.24,10.73,1.98,26.79,0
US-xSC,-78.1395,38.8929,2018,5,10,25.6,12.4,15.61,2.23,15.86,2.38
US-xSC,-78.1395,38.8929,2018,5,11,27.14,12.9,14.98,1.59,23.9,0.07
US-xSC,-78.1395,38.8929,2018,5,12,29.01,15.7,16.45,2.07,24.5,2.37
US-xSC,-78.1395,38.8929,2018,5,13,28.65,16.5,18.39,1.1,22.1,13.93
US-xSC,-78.1395,38.8929,2018,5,14,24.45,17.66,19.58,1.22,18.75,24.82
US-xSC,-78.1395,38.8929,2018,5,15,27.04,17.61,20.48,1.71,23.48,7.12
US-xSC,-78.1395,38.8929,2018,5,16,24.69,18.55,19.15,1.27,10.34,20.48
US-xSC,-78.1395,38.8929,2018,5,17,20.61,16.66,17.36,2.21,6.58,19.01
US-xSC,-78.1395,38.8929,2018,5,18,20.52,11.57,15.34,3.19,6.72,35.69
US-xSC,-78.1395,38.8929,2018,5,19,21.31,10.98,15.07,2.04,11.72,9.34
US-xSC,-78.1395,38.8929,2018,5,20,28.37,17.69,18.98,2.01,24.23,0.18
US-xSC,-78.1395,38.8929,2018,5,21,26.22,16.73,17.52,1.64,22.31,0.29
US-xSC,-78.1395,38.8929,2018,5,22,25.12,16.78,18.58,1.74,15.75,10.52
US-xSC,-78.1395,38.8929,2018,5,23,25.17,15.73,16.56,2.17,27.06,0.55
US-xSC,-78.1395,38.8929,2018,5,24,27.86,12.78,13.13,1.66,30.19,0
US-xSC,-78.1395,38.8929,2018,5,25,28.51,13.14,17.33,1.99,28.18,0.02
US-xSC,-78.1395,38.8929,2018,5,26,28.02,19.02,20.62,1.38,18.46,2.64
US-xSC,-78.1395,38.8929,2018,5,27,27.36,19.11,20.67,1.24,17.55,6.48
US-xSC,-78.1395,38.8929,2018,5,28,25.67,17.58,19.4,1.6,14.24,1.21
US-xSC,-78.1395,38.8929,2018,5,29,28.17,18.2,19.71,1.21,20.3,0.02
US-xSC,-78.1395,38.8929,2018,5,30,26.77,18.25,20.51,2.22,10.53,8.07
US-xSC,-78.1395,38.8929,2018,5,31,27.27,19.32,21.23,1.88,17.39,24.52
US-xSC,-78.1395,38.8929,2018,6,1,30.36,18.64,20.5,1.1,25.72,3.4
US-xSC,-78.1395,38.8929,2018,6,2,23.01,19.98,20.69,1.62,8.42,32.87
US-xSC,-78.1395,38.8929,2018,6,3,20.33,12.97,16.53,2.43,7.98,36.24
US-xSC,-78.1395,38.8929,2018,6,4,24.12,11.8,13.93,1.81,29.17,0.33
US-xSC,-78.1395,38.8929,2018,6,5,24.39,11.87,13.77,2.58,23.54,1.44
US-xSC,-78.1395,38.8929,2018,6,6,21.18,11.25,11.49,1.86,26.43,0
US-xSC,-78.1395,38.8929,2018,6,7,25.29,10.1,12.44,1.36,26.95,0
US-xSC,-78.1395,38.8929,2018,6,8,28.87,13.86,16.58,1.03,21.16,1.43
US-xSC,-78.1395,38.8929,2018,6,9,26.88,17.8,19.5,1.25,22.18,5.31
US-xSC,-78.1395,38.8929,2018,6,10,28.88,18.3,19.65,1.31,16.1,6.93
US-xSC,-78.1395,38.8929,2018,6,11,18.53,14.3,14.76,1.82,6,15.68
US-xSC,-78.1395,38.8929,2018,6,12,23.33,11.51,14.78,2.01,20.47,0.16
US-xSC,-78.1395,38.8929,2018,6,13,26.97,16.26,19.28,1.96,20.15,0.52
US-xSC,-78.1395,38.8929,2018,6,14,25.49,16.4,15.65,2.18,30.17,0.02
US-xSC,-78.1395,38.8929,2018,6,15,25.55,14.31,14.45,1.8,29.32,0.38
US-xSC,-78.1395,38.8929,2018,6,16,30.34,15.32,14.88,0.84,28.81,0
US-xSC,-78.1395,38.8929,2018,6,17,29.97,20.15,20.35,0.86,17.38,0.01
US-xSC,-78.1395,38.8929,2018,6,18,30.82,20.27,22.64,1.47,25.35,1.66
US-xSC,-78.1395,38.8929,2018,6,19,31.25,22,23.1,2.02,22.25,7.15
US-xSC,-78.1395,38.8929,2018,6,20,36.39,20.02,21.24,1.09,17.66,18.42
US-xSC,-78.1395,38.8929,2018,6,21,27.77,19.32,20.44,1.73,16.71,13.93
US-xSC,-78.1395,38.8929,2018,6,22,22.25,17.98,18.92,2.68,8.28,25.82
US-xSC,-78.1395,38.8929,2018,6,23,26.36,17.56,19.88,1.39,19.78,8.06
US-xSC,-78.1395,38.8929,2018,6,24,28.11,18.38,20.25,1.61,20.77,5.26
US-xSC,-78.1395,38.8929,2018,6,25,26.96,16.67,17.55,1.65,22.48,0.23
US-xSC,-78.1395,38.8929,2018,6,26,24.97,13.3,15.77,1.78,13.22,0.25
US-xSC,-78.1395,38.8929,2018,6,27,24.37,16.85,19.45,2.37,16.44,1.72
US-xSC,-78.1395,38.8929,2018,6,28,28.43,19.62,20.11,1.99,25.76,0.05
US-xSC,-78.1395,38.8929,2018,6,29,30.42,17.84,18.92,1.24,29.85,0.01
US-xSC,-78.1395,38.8929,2018,6,30,32.97,18.24,19.19,1.59,28.52,0
US-xSC,-78.1395,38.8929,2018,7,1,33.21,19.22,20.83,1.41,28.58,0.02
US-xSC,-78.1395,38.8929,2018,7,2,32.73,20.96,22.82,1.45,25.68,0.11
US-xSC,-78.1395,38.8929,2018,7,3,34.35,21.74,23,1.12,27.28,4.17
US-xSC,-78.1395,38.8929,2018,7,4,36.06,22.99,22.73,1.24,21.21,1.92
US-xSC,-78.1395,38.8929,2018,7,5,33.09,21.69,22.35,1.33,23.3,1.36
US-xSC,-78.1395,38.8929,2018,7,6,28.02,20.18,21.39,1.76,14.21,1.64
US-xSC,-78.1395,38.8929,2018,7,7,23.75,13.99,11.75,2.19,29.73,0
US-xSC,-78.1395,38.8929,2018,7,8,25.56,13.19,12.31,1.66,31.85,0.01
US-xSC,-78.1395,38.8929,2018,7,9,31.19,12.39,13.9,1.41,31.18,0
US-xSC,-78.1395,38.8929,2018,7,10,31.1,16.23,18.04,1.76,29.85,0.02
US-xSC,-78.1395,38.8929,2018,7,11,29.77,19.88,18.48,1.87,23.54,0.26
US-xSC,-78.1395,38.8929,2018,7,12,28.75,17.16,14.58,1.7,27.43,0
US-xSC,-78.1395,38.8929,2018,7,13,29.17,17.35,17.13,1.63,25.11,0
US-xSC,-78.1395,38.8929,2018,7,14,30.93,16.97,17.21,1.79,27.67,0
US-xSC,-78.1395,38.8929,2018,7,15,33.52,19.14,18.89,1.1,15.07,2.69
US-xSC,-78.1395,38.8929,2018,7,16,33.34,20.68,21,1.24,22.16,2.58
US-xSC,-78.1395,38.8929,2018,7,17,29.87,20.41,21.41,1.55,17.89,16.92
US-xSC,-78.1395,38.8929,2018,7,18,27.93,17.18,14.71,1.96,28.46,0
US-xSC,-78.1395,38.8929,2018,7,19,29.26,14.68,13.97,1.53,26.67,0
US-xSC,-78.1395,38.8929,2018,7,20,28.53,16.49,15.03,2.09,23.49,0.12
US-xSC,-78.1395,38.8929,2018,7,21,25.44,15.06,16.73,3.01,13.36,69.17
US-xSC,-78.1395,38.8929,2018,7,22,23.41,14.45,18.36,1.8,12.63,11.36
US-xSC,-78.1395,38.8929,2018,7,23,24.86,19.5,21.92,2.36,13.74,11.94
US-xSC,-78.1395,38.8929,2018,7,24,25.79,20.36,21.94,1.79,11.2,27.24
US-xSC,-78.1395,38.8929,2018,7,25,28.58,19.87,21.35,1.07,12.21,24.69
US-xSC,-78.1395,38.8929,2018,7,26,29.86,18.22,19.9,1.44,24.5,0.31
US-xSC,-78.1395,38.8929,2018,7,27,29.41,18.43,20.08,1.29,21.02,4.61
US-xSC,-78.1395,38.8929,2018,7,28,26.95,17.97,17.67,1.69,24.5,0.04
US-xSC,-78.1395,38.8929,2018,7,29,27.79,16.35,17.18,1.04,22.24,0.01
US-xSC,-78.1395,38.8929,2018,7,30,23.44,19.12,18.55,1.3,10.81,17.1
US-xSC,-78.1395,38.8929,2018,7,31,25.59,18.02,20.53,1.71,10.75,17.43
US-xSC,-78.1395,38.8929,2018,8,1,27.53,21.02,22.07,1.92,20.22,13.83
US-xSC,-78.1395,38.8929,2018,8,2,26.45,20.52,21.88,1.38,13.44,13.53
US-xSC,-78.1395,38.8929,2018,8,3,24.81,21.06,21.56,1.7,10.18,24.23
US-xSC,-78.1395,38.8929,2018,8,4,30.95,18.3,19.56,1.33,25.72,2.87
US-xSC,-78.1395,38.8929,2018,8,5,31.26,19.45,20.46,1.01,22.59,0.23
US-xSC,-78.1395,38.8929,2018,8,6,32.6,19.5,20.93,1.14,22.84,0.82
US-xSC,-78.1395,38.8929,2018,8,7,29.67,18.85,21.42,1.13,18.38,6.21
US-xSC,-78.1395,38.8929,2018,8,8,29.49,19.69,22.01,1.3,19.82,4.03
US-xSC,-78.1395,38.8929,2018,8,9,29.32,20.15,20.98,1.68,22.67,0.32
US-xSC,-78.1395,38.8929,2018,8,10,29.84,18.79,19.38,1.31,24.22,0.2
US-xSC,-78.1395,38.8929,2018,8,11,30.59,19.28,20.45,1.06,18,2.18
US-xSC,-78.1395,38.8929,2018,8,12,26.79,19.03,19.58,1.37,14.17,8.63
US-xSC,-78.1395,38.8929,2018,8,13,27.57,18.16,18.86,1.44,16.54,5.35
US-xSC,-78.1395,38.8929,2018,8,14,25.06,16.73,18.16,1.79,20.77,1.29
US-xSC,-78.1395,38.8929,2018,8,15,28.64,17.32,18.85,1.81,22.31,0.02
US-xSC,-78.1395,38.8929,2018,8,16,31.55,18.48,19.76,1.36,21.53,0.04
US-xSC,-78.1395,38.8929,2018,8,17,29.89,20.87,21.95,1.53,16.76,7.3
US-xSC,-78.1395,38.8929,2018,8,18,27.63,20.62,21.37,1.38,9.9,3.99
US-xSC,-78.1395,38.8929,2018,8,19,26.8,18.42,18.85,1.46,15.87,0.89
US-xSC,-78.1395,38.8929,2018,8,20,25.71,17.59,19.51,1.58,9.71,6.77
US-xSC,-78.1395,38.8929,2018,8,21,26.06,20.3,22.15,1.91,14.02,34.32
US-xSC,-78.1395,38.8929,2018,8,22,26.48,16.6,18.34,2.17,16.14,0.84
US-xSC,-78.1395,38.8929,2018,8,23,23.55,13.37,12.78,2.02,25.51,0
US-xSC,-78.1395,38.8929,2018,8,24,25.36,11.9,13.46,1.59,24.76,0
US-xSC,-78.1395,38.8929,2018,8,25,24.84,14.18,15.8,1.5,21.86,0
US-xSC,-78.1395,38.8929,2018,8,26,29.36,15.77,19.65,1.6,18.95,0.19
US-xSC,-78.1395,38.8929,2018,8,27,31.71,20.27,22.41,1.23,18.88,1.94
US-xSC,-78.1395,38.8929,2018,8,28,33.38,20.35,21.95,1.27,21.88,0.07
US-xSC,-78.1395,38.8929,2018,8,29,31.85,21.95,21.89,1.49,22.39,0.07
US-xSC,-78.1395,38.8929,2018,8,30,29.58,20.58,21.65,1.35,15.67,3.22
US-xSC,-78.1395,38.8929,2018,8,31,34.89,21,21.09,1.05,19.5,9.68
US-xSC,-78.1395,38.8929,2018,9,1,27.67,20.1,21.87,1.37,13.1,8.71
US-xSC,-78.1395,38.8929,2018,9,2,31.46,19.56,20.8,0.99,21.06,0.87
US-xSC,-78.1395,38.8929,2018,9,3,34.36,20.01,20.49,1,21.49,0.05
US-xSC,-78.1395,38.8929,2018,9,4,33.05,20.16,20.95,1.22,21.96,0.7
US-xSC,-78.1395,38.8929,2018,9,5,33.24,22.18,20.79,1.22,22.21,0
US-xSC,-78.1395,38.8929,2018,9,6,33.78,20.04,20.66,1.06,21.16,0.27
US-xSC,-78.1395,38.8929,2018,9,7,28.41,20.67,21.54,1.12,15.2,12.73
US-xSC,-78.1395,38.8929,2018,9,8,20.57,14.66,17.37,2.34,6.11,20.61
US-xSC,-78.1395,38.8929,2018,9,9,17.73,12.98,14.17,2.88,3.68,48.37
US-xSC,-78.1395,38.8929,2018,9,10,24.4,15.16,18.74,2.29,6.14,9.57
US-xSC,-78.1395,38.8929,2018,9,11,24.14,18.17,19.31,1.39,7.33,1.78
US-xSC,-78.1395,38.8929,2018,9,12,26.62,17.45,20.26,1.16,8.65,4.62
US-xSC,-78.1395,38.8929,2018,9,13,27.01,19.35,21.08,1.82,11.37,1.74
US-xSC,-78.1395,38.8929,2018,9,14,26.39,20.08,20.9,2.47,7.47,2.09
US-xSC,-78.1395,38.8929,2018,9,15,26.1,18.66,20.11,1.97,5.95,1.42
US-xSC,-78.1395,38.8929,2018,9,16,25.05,16.06,19.16,2.05,7.54,1.28
US-xSC,-78.1395,38.8929,2018,9,17,25.75,19.87,21.92,3.1,7.28,27.38
US-xSC,-78.1395,38.8929,2018,9,18,26,19.38,20.95,2.28,11.46,3.25
US-xSC,-78.1395,38.8929,2018,9,19,28.21,18.34,19.88,1.71,16.68,0.47
US-xSC,-78.1395,38.8929,2018,9,20,26.47,16.49,18.93,1.53,16.04,0.33
US-xSC,-78.1395,38.8929,2018,9,21,27.56,18.35,20.64,2.57,13.59,1.78
US-xSC,-78.1395,38.8929,2018,9,22,22.03,13.77,16.17,1.88,8.46,1.68
US-xSC,-78.1395,38.8929,2018,9,23,16.63,12.7,13.74,1.25,3.57,21.87
US-xSC,-78.1395,38.8929,2018,9,24,18.74,14.17,15.72,2.54,4.57,12.11
US-xSC,-78.1395,38.8929,2018,9,25,25.33,16.4,19.02,1.93,8.06,7.71
US-xSC,-78.1395,38.8929,2018,9,26,26.96,17.21,19.82,1.78,14.18,8.57
US-xSC,-78.1395,38.8929,2018,9,27,16.84,13.01,13.88,1.62,3.48,34.01
US-xSC,-78.1395,38.8929,2018,9,28,24.27,12.35,13.58,1.37,18.16,5.74
US-xSC,-78.1395,38.8929,2018,9,29,23.37,11.05,12.91,1.45,18.08,0
US-xSC,-78.1395,38.8929,2018,9,30,23.19,10.58,13.94,1.42,12.12,0
US-xSC,-78.1395,38.8929,2018,10,1,27.34,14.84,17.96,1.58,17.69,0
US-xSC,-78.1395,38.8929,2018,10,2,26.3,17.42,19.78,1.69,12.38,0.15
US-xSC,-78.1395,38.8929,2018,10,3,27.48,17.5,18.76,1.53,15.94,0.03
US-xSC,-78.1395,38.8929,2018,10,4,29.03,16.8,19.97,1.71,16.66,1.1
US-xSC,-78.1395,38.8929,2018,10,5,24.03,14.89,15.51,1.64,8.69,1.24
US-xSC,-78.1395,38.8929,2018,10,6,26.63,15.43,18.56,1.67,12.42,0.07
US-xSC,-78.1395,38.8929,2018,10,7,29.27,17.49,20.15,1.25,15.71,0.02
US-xSC,-78.1395,38.8929,2018,10,8,27.41,18.86,19.86,1.58,13.37,0.01
US-xSC,-78.1395,38.8929,2018,10,9,26.37,18,19.29,1.66,10.45,0.08
US-xSC,-78.1395,38.8929,2018,10,10,25.3,17.91,20,1.94,8.95,2.77
US-xSC,-78.1395,38.8929,2018,10,11,26.01,13.68,20.17,1.98,3.88,25.68
US-xSC,-78.1395,38.8929,2018,10,12,16.05,8.91,6.61,3,18.37,0.01
US-xSC,-78.1395,38.8929,2018,10,13,13.63,4.24,5.58,1.8,12.55,2.11
US-xSC,-78.1395,38.8929,2018,10,14,15.93,4.88,6.63,1.41,6.73,1.07
US-xSC,-78.1395,38.8929,2018,10,15,21.7,10.6,14.04,2.67,5.97,3.58
US-xSC,-78.1395,38.8929,2018,10,16,14.99,7.99,5.99,1.38,10.87,0.09
US-xSC,-78.1395,38.8929,2018,10,17,16.72,5.78,5.12,2.71,16.75,0.02
US-xSC,-78.1395,38.8929,2018,10,18,12.95,2.87,1.54,2.02,17.46,0
US-xSC,-78.1395,38.8929,2018,10,19,16.24,0.71,4.44,2.19,16.46,0.42
US-xSC,-78.1395,38.8929,2018,10,20,17.08,8.21,8.99,2.36,9.87,1.12
US-xSC,-78.1395,38.8929,2018,10,21,9.75,-0.38,0.35,3.66,13.8,0.26
US-xSC,-78.1395,38.8929,2018,10,22,13.18,-2.11,1.19,2.14,16.19,0
US-xSC,-78.1395,38.8929,2018,10,23,17.92,3.81,4.67,2.31,16.18,0
US-xSC,-78.1395,38.8929,2018,10,24,11.56,1.45,1.71,2.5,15.97,0
US-xSC,-78.1395,38.8929,2018,10,25,11.32,-1.2,0.33,1.1,11.07,0.01
US-xSC,-78.1395,38.8929,2018,10,26,7.47,2.09,2.63,2.07,3.26,19.11
US-xSC,-78.1395,38.8929,2018,10,27,11.12,2.82,5.51,2.35,8.53,11.3
US-xSC,-78.1395,38.8929,2018,10,28,14.22,5.07,6.28,2.47,8.71,1.91
US-xSC,-78.1395,38.8929,2018,10,29,12.06,3.66,4.52,2.87,9.15,0.09
US-xSC,-78.1395,38.8929,2018,10,30,15.8,2.85,4.61,1.77,13.69,0
US-xSC,-78.1395,38.8929,2018,10,31,20.89,5.46,10.52,2.02,12,0
US-xSC,-78.1395,38.8929,2018,11,1,21.26,10.61,13.83,3,10,0.16
US-xSC,-78.1395,38.8929,2018,11,2,18.93,9.85,14.7,2.25,5.47,23.4
US-xSC,-78.1395,38.8929,2018,11,3,11.53,2.15,3.65,2.86,12.96,1.42
US-xSC,-78.1395,38.8929,2018,11,4,12.59,0.5,2.8,1.88,13.86,0.02
US-xSC,-78.1395,38.8929,2018,11,5,12.22,6.52,8.51,1.55,4.94,26.72
US-xSC,-78.1395,38.8929,2018,11,6,18.12,7.92,10.94,2.22,4.17,13.07
US-xSC,-78.1395,38.8929,2018,11,7,16.57,5.27,7.27,1.87,6.91,0
US-xSC,-78.1395,38.8929,2018,11,8,12.66,1.92,3.24,1.62,11.65,0.14
US-xSC,-78.1395,38.8929,2018,11,9,8.3,3.45,5.13,1.8,1.82,13.7
US-xSC,-78.1395,38.8929,2018,11,10,3.9,-4.45,-5.22,3.32,13.44,0.01
US-xSC,-78.1395,38.8929,2018,11,11,6.82,-4.88,-4.57,1.59,12.64,0
US-xSC,-78.1395,38.8929,2018,11,12,5.28,-3.57,-1.39,1.49,5.7,13.39
US-xSC,-78.1395,38.8929,2018,11,13,5.69,1.01,1.68,2.32,3.9,9.6
US-xSC,-78.1395,38.8929,2018,11,14,3.66,-1.07,-3.31,1.97,8.34,0
US-xSC,-78.1395,38.8929,2018,11,15,-0.05,-2.04,-1.96,2.59,2.26,29.9
US-xSC,-78.1395,38.8929,2018,11,16,1.8,-4.62,-1.69,2.76,11.43,0.61
US-xSC,-78.1395,38.8929,2018,11,17,6.14,-5.15,-2.02,1.91,11.98,0
US-xSC,-78.1395,38.8929,2018,11,18,7.42,-2.77,1.39,1.73,7.53,0
US-xSC,-78.1395,38.8929,2018,11,19,13.28,2.94,6,1.48,8.78,0.17
US-xSC,-78.1395,38.8929,2018,11,20,7.79,-2.03,1.95,2.53,5.84,0.02
US-xSC,-78.1395,38.8929,2018,11,21,8.15,-3.79,-1.9,2.51,11.67,0
US-xSC,-78.1395,38.8929,2018,11,22,1.28,-5.68,-7.46,2.11,8.58,0
US-xSC,-78.1395,38.8929,2018,11,23,2.38,-5.9,-8.02,2.15,7.95,0
US-xSC,-78.1395,38.8929,2018,11,24,3.82,-2.54,-0.48,2.17,2.99,31.64
US-xSC,-78.1395,38.8929,2018,11,25,12.92,0.92,4.64,1.88,10.97,0.12
US-xSC,-78.1395,38.8929,2018,11,26,10.03,1.83,4.24,2.8,5.15,4.97
US-xSC,-78.1395,38.8929,2018,11,27,3.16,-1.79,-4.59,3.96,8.68,0.01
US-xSC,-78.1395,38.8929,2018,11,28,0.76,-4.14,-7.41,4.6,11.28,0
US-xSC,-78.1395,38.8929,2018,11,29,3.76,-4.14,-5.86,2.07,9.16,0
US-xSC,-78.1395,38.8929,2018,11,30,5.37,-1.37,-0.45,1.03,5.31,0.12
US-xSC,-78.1395,38.8929,2018,12,1,2.69,0.03,1.32,1.45,2.22,6.98
US-xSC,-78.1395,38.8929,2018,12,2,14.61,2.72,7.13,2,7.28,1.25
US-xSC,-78.1395,38.8929,2018,12,3,11.81,1.49,4.26,2.62,10.25,0
US-xSC,-78.1395,38.8929,2018,12,4,4.94,-3.55,-2.24,2.09,4.25,0
US-xSC,-78.1395,38.8929,2018,12,5,1.81,-3.67,-3.65,1.38,4.71,0.17
US-xSC,-78.1395,38.8929,2018,12,6,3.89,-4.04,-3.64,2.01,9.38,0
US-xSC,-78.1395,38.8929,2018,12,7,3.06,-4.14,-5.07,2.06,10.27,0
US-xSC,-78.1395,38.8929,2018,12,8,1.51,-4.01,-5.54,1.57,8.22,0
US-xSC,-78.1395,38.8929,2018,12,9,-1.12,-3.71,-5.97,1.38,1.8,0
US-xSC,-78.1395,38.8929,2018,12,10,2.2,-6.89,-6.26,2.06,8.02,0
US-xSC,-78.1395,38.8929,2018,12,11,5.5,-9.25,-5.54,1.83,10.41,0.01
US-xSC,-78.1395,38.8929,2018,12,12,3.82,-4.83,-1.74,1.77,4.95,0
US-xSC,-78.1395,38.8929,2018,12,13,8.02,-1.3,0.69,1.4,6.09,0
US-xSC,-78.1395,38.8929,2018,12,14,4,-0.18,1.22,1.2,2.05,12.86
US-xSC,-78.1395,38.8929,2018,12,15,6.89,2.32,5.01,2.44,2.2,51.04
US-xSC,-78.1395,38.8929,2018,12,16,5.72,1.1,2.53,2.6,3.15,7.92
US-xSC,-78.1395,38.8929,2018,12,17,9.11,-0.16,0.9,3.08,9.56,0.01
US-xSC,-78.1395,38.8929,2018,12,18,5.33,-2.32,-3.57,2.52,10.51,0
US-xSC,-78.1395,38.8929,2018,12,19,7.54,-2.78,-1.17,1.81,9.24,0
US-xSC,-78.1395,38.8929,2018,12,20,6.45,-1.21,1.51,1.62,2.26,17.65
US-xSC,-78.1395,38.8929,2018,12,21,16.57,3.25,10.47,3.33,4.86,10.51
US-xSC,-78.1395,38.8929,2018,12,22,6.42,-2.7,0.04,3.98,7.43,0.19
US-xSC,-78.1395,38.8929,2018,12,23,7.28,-3.12,-0.49,1.75,8.06,0.83
US-xSC,-78.1395,38.8929,2018,12,24,5.24,-3.6,-1.7,2.63,9.79,0.02
US-xSC,-78.1395,38.8929,2018,12,25,3.07,-3,-3.2,1.05,4.35,0
US-xSC,-78.1395,38.8929,2018,12,26,7.89,-3.56,-2.51,1.51,10.06,0
US-xSC,-78.1395,38.8929,2018,12,27,6.86,-2.42,0.19,2.33,6.98,0.35
US-xSC,-78.1395,38.8929,2018,12,28,10.42,4.34,7.64,2.43,1.39,26
US-xSC,-78.1395,38.8929,2018,12,29,7.47,-0.8,2.19,2.43,10.03,0.02
US-xSC,-78.1395,38.8929,2018,12,30,7.95,-1.16,0.74,1.33,7.1,0
US-xSC,-78.1395,38.8929,2018,12,31,8.49,0.2,3.93,2.24,1.53,11.54
US-xSC,-78.1395,38.8929,2019,1,1,11.18,2.22,6.64,3.14,5.87,0.16
US-xSC,-78.1395,38.8929,2019,1,2,6.3,1.99,2.61,1.78,3.5,0
US-xSC,-78.1395,38.8929,2019,1,3,5.53,-0.93,0.87,1.94,4.95,0.01
US-xSC,-78.1395,38.8929,2019,1,4,4.27,-1.57,1.18,1.61,2.45,3.55
US-xSC,-78.1395,38.8929,2019,1,5,9.61,2.43,4.01,2.91,7.44,3.4
US-xSC,-78.1395,38.8929,2019,1,6,9.33,-1.6,2.3,2.8,9.99,0
US-xSC,-78.1395,38.8929,2019,1,7,2.46,-1.94,-2.56,2.42,4.05,0.71
US-xSC,-78.1395,38.8929,2019,1,8,14.29,-0.37,5.2,2.7,8.9,3.41
US-xSC,-78.1395,38.8929,2019,1,9,5.49,-4.27,-2.71,4.37,5.3,0.04
US-xSC,-78.1395,38.8929,2019,1,10,-0.43,-4.48,-7.79,5.41,9.91,0
US-xSC,-78.1395,38.8929,2019,1,11,0.93,-5.36,-6.95,2.9,11,0
US-xSC,-78.1395,38.8929,2019,1,12,-0.06,-5.33,-5.12,1.36,2.94,3.32
US-xSC,-78.1395,38.8929,2019,1,13,-2.13,-4.35,-4.17,2.13,2.88,11.1
US-xSC,-78.1395,38.8929,2019,1,14,0.71,-6.41,-5.14,1.56,4.19,0.14
US-xSC,-78.1395,38.8929,2019,1,15,1.17,-8.07,-5.1,2.07,10.29,0
US-xSC,-78.1395,38.8929,2019,1,16,2.55,-8.62,-4.46,2.37,8.55,0
US-xSC,-78.1395,38.8929,2019,1,17,0.84,-3.8,-2.91,1.89,2.77,1.89
US-xSC,-78.1395,38.8929,2019,1,18,5.25,-3.66,-1.36,1.76,7.66,0.79
US-xSC,-78.1395,38.8929,2019,1,19,1.85,-2.35,-0.46,2.69,1.97,17.49
US-xSC,-78.1395,38.8929,2019,1,20,4.92,-11.26,-4.93,5.83,8.36,10.82
US-xSC,-78.1395,38.8929,2019,1,21,-8.63,-13.53,-15.29,5.18,12.77,0
US-xSC,-78.1395,38.8929,2019,1,22,-1.41,-13.89,-10.81,2.25,10.57,0
US-xSC,-78.1395,38.8929,2019,1,23,6.12,-4.25,0,3.57,4.48,0.49
US-xSC,-78.1395,38.8929,2019,1,24,9.21,-3.18,2.49,4.17,4.74,21.98
US-xSC,-78.1395,38.8929,2019,1,25,0.66,-4.84,-6.18,2.86,12.69,0
US-xSC,-78.1395,38.8929,2019,1,26,1.72,-4.87,-6.43,1.17,9.93,0
US-xSC,-78.1395,38.8929,2019,1,27,6.41,-6.39,-2.82,2.64,7.87,0
US-xSC,-78.1395,38.8929,2019,1,28,2.23,-4.94,-5.68,2.14,12.88,0
US-xSC,-78.1395,38.8929,2019,1,29,1.57,-6.86,-3.56,2.53,3.58,3.32
US-xSC,-78.1395,38.8929,2019,1,30,-3.1,-17.02,-14.12,4.12,10.29,0.01
US-xSC,-78.1395,38.8929,2019,1,31,-6.28,-17.63,-16.78,2.09,13.2,0
US-xSC,-78.1395,38.8929,2019,2,1,-5.28,-13.31,-11.31,1.31,4.76,1.81
US-xSC,-78.1395,38.8929,2019,2,2,5.34,-11.41,-4.8,1.78,12.21,0.01
US-xSC,-78.1395,38.8929,2019,2,3,10.84,-2.3,2.05,1.92,11.05,0
US-xSC,-78.1395,38.8929,2019,2,4,14.02,0.74,4.09,1.98,12.01,0.08
US-xSC,-78.1395,38.8929,2019,2,5,18.43,2.46,8.33,2.23,11.38,0.09
US-xSC,-78.1395,38.8929,2019,2,6,12.08,2.63,7.35,2.11,5.32,2.99
US-xSC,-78.1395,38.8929,2019,2,7,12.23,4.8,7.85,1.81,5.39,0.84
US-xSC,-78.1395,38.8929,2019,2,8,10.76,-3.48,1.37,4.28,13.4,1.47
US-xSC,-78.1395,38.8929,2019,2,9,0.3,-5.9,-8.09,3.39,14.68,0
US-xSC,-78.1395,38.8929,2019,2,10,2.32,-7.2,-4.82,1.58,7.25,2.27
US-xSC,-78.1395,38.8929,2019,2,11,1.24,-1.33,-0.98,1.46,3.51,12.09
US-xSC,-78.1395,38.8929,2019,2,12,0.24,-1.41,-0.66,2.42,2.72,21.06
US-xSC,-78.1395,38.8929,2019,2,13,1.37,-6.73,-3.05,3.36,14.38,0.03
US-xSC,-78.1395,38.8929,2019,2,14,3.46,-6.61,-1.94,2.37,6.64,0
US-xSC,-78.1395,38.8929,2019,2,15,12.21,1.18,4.32,3.23,9.52,0
US-xSC,-78.1395,38.8929,2019,2,16,4.28,-4.16,-2.81,2.51,13,0.04
US-xSC,-78.1395,38.8929,2019,2,17,2.2,-4.49,-2.74,2.32,6.81,5.27
US-xSC,-78.1395,38.8929,2019,2,18,4.83,-2.89,-1.06,3.44,11.76,3.96
US-xSC,-78.1395,38.8929,2019,2,19,3.22,-5.21,-5.42,2.08,12.49,0
US-xSC,-78.1395,38.8929,2019,2,20,-0.26,-2.28,-2.43,2.74,2.49,24.42
US-xSC,-78.1395,38.8929,2019,2,21,6.72,-0.85,0.66,2.01,12.95,0.19
US-xSC,-78.1395,38.8929,2019,2,22,4.34,-0.06,-0.05,1.77,5.34,0.59
US-xSC,-78.1395,38.8929,2019,2,23,1.22,-1.57,-0.59,1.93,3.15,6.4
US-xSC,-78.1395,38.8929,2019,2,24,13.45,0.3,1.87,4.17,13.26,11.4
US-xSC,-78.1395,38.8929,2019,2,25,3.62,-3.17,-4.76,5.93,18.85,0
US-xSC,-78.1395,38.8929,2019,2,26,9.68,-3.82,-2.58,2.06,15.91,0
US-xSC,-78.1395,38.8929,2019,2,27,6.75,-4.08,-1.52,2.38,15.69,0
US-xSC,-78.1395,38.8929,2019,2,28,6.8,-0.93,-1.45,2.62,16.72,0.08
US-xSC,-78.1395,38.8929,2019,3,1,1.68,-1.94,-1.4,2.2,4.03,15.55
US-xSC,-78.1395,38.8929,2019,3,2,6.65,-2.96,-0.17,1.84,10.48,0.5
US-xSC,-78.1395,38.8929,2019,3,3,1.55,-1.54,-0.94,2.12,2.98,12.37
US-xSC,-78.1395,38.8929,2019,3,4,0.43,-8.75,-5.21,3.46,15.72,0.04
US-xSC,-78.1395,38.8929,2019,3,5,1.26,-9.66,-8.07,2.93,19.79,0
US-xSC,-78.1395,38.8929,2019,3,6,-4.51,-9.52,-10.88,3.52,18.79,0
US-xSC,-78.1395,38.8929,2019,3,7,1.48,-10.93,-6.62,2.37,17.08,0
US-xSC,-78.1395,38.8929,2019,3,8,2,-4.74,-2.72,1.6,5.94,3.13
US-xSC,-78.1395,38.8929,2019,3,9,3.83,-2.24,-0.47,1.92,5.35,1.41
US-xSC,-78.1395,38.8929,2019,3,10,13.59,0.31,5,2.82,14.91,10.62
US-xSC,-78.1395,38.8929,2019,3,11,12.2,1.15,2.6,3.08,13.91,0
US-xSC,-78.1395,38.8929,2019,3,12,8.83,-3.37,-2.26,2.59,20.74,0
US-xSC,-78.1395,38.8929,2019,3,13,12.2,-1.51,1.98,2.14,15.98,0
US-xSC,-78.1395,38.8929,2019,3,14,20.1,5.23,10.13,3.45,17.41,0
US-xSC,-78.1395,38.8929,2019,3,15,20.71,6.41,11.83,4.19,13.47,0
US-xSC,-78.1395,38.8929,2019,3,16,9.01,-1.15,-1.02,3.81,22.04,0
US-xSC,-78.1395,38.8929,2019,3,17,9.52,-3.92,-2.32,1.92,22.04,0
US-xSC,-78.1395,38.8929,2019,3,18,7.26,-1.44,-1.25,1.69,13.07,0
US-xSC,-78.1395,38.8929,2019,3,19,10.46,-4.01,-3.95,1.25,20.59,0
US-xSC,-78.1395,38.8929,2019,3,20,8.7,-2.69,-0.55,2.07,16.99,0.14
US-xSC,-78.1395,38.8929,2019,3,21,4.31,1.32,2.46,2.72,2.41,57.09
US-xSC,-78.1395,38.8929,2019,3,22,8.82,0.73,1.07,5.18,12.21,1.9
US-xSC,-78.1395,38.8929,2019,3,23,8.6,-2.7,-3.19,4.13,23.93,0
US-xSC,-78.1395,38.8929,2019,3,24,15.77,-3.34,2.12,2.03,19.33,0.01
US-xSC,-78.1395,38.8929,2019,3,25,13.08,3.59,5.35,2.21,7.56,1.14
US-xSC,-78.1395,38.8929,2019,3,26,8.04,-1.67,-3.68,2.73,23.69,0.02
US-xSC,-78.1395,38.8929,2019,3,27,10.64,-4.56,-3.45,1.97,22.73,0
US-xSC,-78.1395,38.8929,2019,3,28,15.54,-1.52,3.84,2.58,21.81,0
US-xSC,-78.1395,38.8929,2019,3,29,19.52,7.2,9.88,1.75,10.62,0.2
US-xSC,-78.1395,38.8929,2019,3,30,20.38,8.09,11.57,2.93,15.83,0.11
US-xSC,-78.1395,38.8929,2019,3,31,13.62,-2.13,2.21,4.81,19.8,0.58
US-xSC,-78.1395,38.8929,2019,4,1,8.94,-3.87,-5.03,2.4,25.44,0.01
US-xSC,-78.1395,38.8929,2019,4,2,6.82,-3.59,-1.44,1.61,10.12,0.32
US-xSC,-78.1395,38.8929,2019,4,3,16.33,-1.94,2.89,3.03,24.84,0.01
US-xSC,-78.1395,38.8929,2019,4,4,18.25,2.62,4.64,1.43,18.73,0.02
US-xSC,-78.1395,38.8929,2019,4,5,8.65,6.15,6.2,2.22,4.5,7.99
US-xSC,-78.1395,38.8929,2019,4,6,17.32,5.85,8.54,0.97,16.18,0.22
US-xSC,-78.1395,38.8929,2019,4,7,20.99,7.14,12.96,2.74,12.13,0.62
US-xSC,-78.1395,38.8929,2019,4,8,22.41,13.64,15.84,2.29,12.36,1.06
US-xSC,-78.1395,38.8929,2019,4,9,22.64,8.36,12.18,2.57,16.29,0.15
US-xSC,-78.1395,38.8929,2019,4,10,19.14,5.13,6.71,2.14,21.77,0
US-xSC,-78.1395,38.8929,2019,4,11,18.18,6.4,8.48,2.38,17.68,0
US-xSC,-78.1395,38.8929,2019,4,12,20.03,7.6,13.77,3.05,7.19,15.22
US-xSC,-78.1395,38.8929,2019,4,13,24.2,12.14,12.61,1.41,15.6,1.67
US-xSC,-78.1395,38.8929,2019,4,14,23.13,11.29,15.98,3.7,5.9,9.87
US-xSC,-78.1395,38.8929,2019,4,15,19.56,4.1,4.07,4.84,20.87,6.13
US-xSC,-78.1395,38.8929,2019,4,16,19.77,2.11,5.55,2.12,23.58,0
US-xSC,-78.1395,38.8929,2019,4,17,22.93,10.56,12.03,2.33,19.35,0.02
US-xSC,-78.1395,38.8929,2019,4,18,22.69,9.48,12.6,2.71,18.35,0.01
US-xSC,-78.1395,38.8929,2019,4,19,22.42,15.5,17.67,4.12,7.27,13.56
US-xSC,-78.1395,38.8929,2019,4,20,19.04,9.92,11.4,3.25,22.71,11.47
US-xSC,-78.1395,38.8929,2019,4,21,18,6.27,8.08,1.9,18.69,0.02
US-xSC,-78.1395,38.8929,2019,4,22,19.98,6.15,8.55,2.58,26.7,0
US-xSC,-78.1395,38.8929,2019,4,23,25.12,8.49,12.25,2.24,26.02,0.04
US-xSC,-78.1395,38.8929,2019,4,24,21.51,11.96,10.92,2.48,12.7,0.01
US-xSC,-78.1395,38.8929,2019,4,25,22,11.88,12.28,1.57,15.71,2.73
US-xSC,-78.1395,38.8929,2019,4,26,20.46,10.16,12.13,3.63,9.65,6.36
US-xSC,-78.1395,38.8929,2019,4,27,17.37,6.95,5.04,3.6,28.42,0.95
US-xSC,-78.1395,38.8929,2019,4,28,20.81,5.39,8.83,2.66,20.77,1.87
US-xSC,-78.1395,38.8929,2019,4,29,17.29,3.42,6.1,2.28,19.75,0
US-xSC,-78.1395,38.8929,2019,4,30,24.55,11.81,15.6,1.64,15.58,0.61
US-xSC,-78.1395,38.8929,2019,5,1,24.9,13.12,16.27,2.09,19.44,0.48
US-xSC,-78.1395,38.8929,2019,5,2,26.69,16.12,17.99,1.66,20.45,5.6
US-xSC,-78.1395,38.8929,2019,5,3,26.68,15.85,17.67,1.21,21.98,9.5
US-xSC,-78.1395,38.8929,2019,5,4,25.72,16.92,17.33,0.93,16.74,14.58
US-xSC,-78.1395,38.8929,2019,5,5,19.11,12.48,15.15,2.15,9.52,30.72
US-xSC,-78.1395,38.8929,2019,5,6,23.58,11.4,11.61,1.26,25.3,0.07
US-xSC,-78.1395,38.8929,2019,5,7,25.44,10.63,12.91,1.79,23.98,0.1
US-xSC,-78.1395,38.8929,2019,5,8,20.98,14.4,14.57,1.96,19.17,0.4
US-xSC,-78.1395,38.8929,2019,5,9,24.25,14.92,16.31,2.39,16.34,0.55
US-xSC,-78.1395,38.8929,2019,5,10,26.16,15.82,17.3,2.3,20.59,10.6
US-xSC,-78.1395,38.8929,2019,5,11,20.29,11.55,12.6,2.15,9.14,7.51
US-xSC,-78.1395,38.8929,2019,5,12,16.39,9.29,11.49,2.11,6.92,16.04
US-xSC,-78.1395,38.8929,2019,5,13,16.01,7.56,8.82,1.28,12.83,12.98
US-xSC,-78.1395,38.8929,2019,5,14,14.79,5.88,5.95,2.7,15.39,0.19
US-xSC,-78.1395,38.8929,2019,5,15,20.66,5.02,8.06,2.09,24.21,0.03
US-xSC,-78.1395,38.8929,2019,5,16,22.83,9.64,11.26,2.13,25.28,0.13
US-xSC,-78.1395,38.8929,2019,5,17,26.42,12.99,16.13,1.93,19.61,0.27
US-xSC,-78.1395,38.8929,2019,5,18,29.57,16.88,18.37,1.35,22.95,2.53
US-xSC,-78.1395,38.8929,2019,5,19,28.47,16.6,19.6,2.47,25.16,2.81
US-xSC,-78.1395,38.8929,2019,5,20,27.97,15.59,18.07,2.66,24.64,0.32
US-xSC,-78.1395,38.8929,2019,5,21,20.06,10.52,8.88,2.2,28.23,0
US-xSC,-78.1395,38.8929,2019,5,22,21.57,8.1,10.36,1.68,26.52,0.03
US-xSC,-78.1395,38.8929,2019,5,23,28.35,14.51,18.48,2.11,21.35,7.03
US-xSC,-78.1395,38.8929,2019,5,24,25.78,17.17,16.39,2.46,26.26,0.09
US-xSC,-78.1395,38.8929,2019,5,25,27.93,15.76,18.14,2.01,23.79,5.06
US-xSC,-78.1395,38.8929,2019,5,26,28.96,19.26,20.79,1.6,21.54,3.9
US-xSC,-78.1395,38.8929,2019,5,27,26.68,17.68,17.9,1.41,21.45,1.86
US-xSC,-78.1395,38.8929,2019,5,28,28.6,17.35,20.01,2.13,24.49,2.91
US-xSC,-78.1395,38.8929,2019,5,29,28.38,19.7,20.43,2.18,19.14,0.7
US-xSC,-78.1395,38.8929,2019,5,30,26.04,18.21,19.16,1.85,17.19,7.57
US-xSC,-78.1395,38.8929,2019,5,31,26.78,16.16,17.15,1.58,23.86,0.57
US-xSC,-78.1395,38.8929,2019,6,1,28.34,15.15,14.99,1.32,25.43,1.68
US-xSC,-78.1395,38.8929,2019,6,2,25.57,14.02,17.07,1.82,17.08,4.81
US-xSC,-78.1395,38.8929,2019,6,3,20.26,8.99,8.84,2.31,30.42,0.06
US-xSC,-78.1395,38.8929,2019,6,4,23.6,6.32,9.61,1.54,28.04,0
US-xSC,-78.1395,38.8929,2019,6,5,23.45,14.47,17.1,2,11.67,0.78
US-xSC,-78.1395,38.8929,2019,6,6,28.11,18.37,19.15,1.89,23.02,0.25
US-xSC,-78.1395,38.8929,2019,6,7,23.8,18.05,18.62,1.88,9.61,0.65
US-xSC,-78.1395,38.8929,2019,6,8,25.25,15.75,15.76,2.34,14.09,0.02
US-xSC,-78.1395,38.8929,2019,6,9,22.67,14.39,16.7,2.92,7.69,6.07
US-xSC,-78.1395,38.8929,2019,6,10,25.96,15.25,18.13,1.45,13.54,10.21
US-xSC,-78.1395,38.8929,2019,6,11,22.97,13.9,11.71,3.04,30.77,0.26
US-xSC,-78.1395,38.8929,2019,6,12,22.71,12.37,12.13,2.24,24.72,7.05
US-xSC,-78.1395,38.8929,2019,6,13,23.53,13.43,15.01,1.89,21.4,13.58
US-xSC,-78.1395,38.8929,2019,6,14,22.01,11.47,9.28,3.04,31.22,0.02
US-xSC,-78.1395,38.8929,2019,6,15,25.96,10.68,13.08,2.18,24.3,0
US-xSC,-78.1395,38.8929,2019,6,16,28.62,16.54,19.04,2.25,19.99,1.12
US-xSC,-78.1395,38.8929,2019,6,17,28.24,19.24,20.83,1.17,21.36,7.49
US-xSC,-78.1395,38.8929,2019,6,18,26.92,19.82,20.12,1.52,16.54,17.67
US-xSC,-78.1395,38.8929,2019,6,19,27.37,18.94,21.18,1.39,19.5,3.22
US-xSC,-78.1395,38.8929,2019,6,20,27.9,19.77,20.55,1.94,20.22,1.71
US-xSC,-78.1395,38.8929,2019,6,21,25.21,15.75,15.43,3.29,24.62,0.23
US-xSC,-78.1395,38.8929,2019,6,22,25.01,14.48,12.58,1.9,28.07,0.02
US-xSC,-78.1395,38.8929,2019,6,23,28.64,12.71,14.13,1.24,29.34,0
US-xSC,-78.1395,38.8929,2019,6,24,31.05,16.88,19.9,1.33,20.61,7.19
US-xSC,-78.1395,38.8929,2019,6,25,28.84,19.83,19.62,2.01,25.62,11.07
US-xSC,-78.1395,38.8929,2019,6,26,30.49,17.69,18.51,1.8,29.78,0
US-xSC,-78.1395,38.8929,2019,6,27,34.79,19.66,19.84,1.06,26.38,4.06
US-xSC,-78.1395,38.8929,2019,6,28,33.42,19.69,20.39,1.11,25.84,1.23
US-xSC,-78.1395,38.8929,2019,6,29,32.28,20.9,20.7,1.82,26.18,4.97
US-xSC,-78.1395,38.8929,2019,6,30,29.9,19.27,18.86,2.5,26.3,1.32
US-xSC,-78.1395,38.8929,2019,7,1,30.48,15.72,14.54,1.45,30.19,0
US-xSC,-78.1395,38.8929,2019,7,2,33.77,16.77,19.34,1.67,25.65,4.7
US-xSC,-78.1395,38.8929,2019,7,3,30.17,21.33,21.23,1.5,24.39,1.57
US-xSC,-78.1395,38.8929,2019,7,4,31.21,21.55,21.89,1.2,20.57,5.86
US-xSC,-78.1395,38.8929,2019,7,5,31.55,20.92,21.99,1.2,19.83,7.44
US-xSC,-78.1395,38.8929,2019,7,6,34.28,21.93,21.69,1.24,21.6,5.68
US-xSC,-78.1395,38.8929,2019,7,7,30.13,21.81,21.31,1.35,16.17,12.36
US-xSC,-78.1395,38.8929,2019,7,8,27.08,18.7,20.65,1.75,14.36,21.56
US-xSC,-78.1395,38.8929,2019,7,9,29.27,17.43,17.56,1.38,27.33,0.03
US-xSC,-78.1395,38.8929,2019,7,10,30.4,19.47,20.08,1.79,24.9,0.09
US-xSC,-78.1395,38.8929,2019,7,11,29.86,20.59,21.94,1.45,16.3,14.3
US-xSC,-78.1395,38.8929,2019,7,12,30.55,18.87,19.4,1.84,25.89,0.05
US-xSC,-78.1395,38.8929,2019,7,13,32.96,17.88,17.94,1.53,29.68,0
US-xSC,-78.1395,38.8929,2019,7,14,33.12,18.06,19.13,1.83,25.71,0.04
US-xSC,-78.1395,38.8929,2019,7,15,33.46,18.53,17.35,1.48,26.64,0
US-xSC,-78.1395,38.8929,2019,7,16,31.77,21.15,19.64,1.19,20.43,0.09
US-xSC,-78.1395,38.8929,2019,7,17,34.75,21.69,20.86,1.74,22.13,7.96
US-xSC,-78.1395,38.8929,2019,7,18,33.83,22.42,21.69,1.37,23.73,0.8
US-xSC,-78.1395,38.8929,2019,7,19,36.13,20.15,20.25,1.56,27.63,0
US-xSC,-78.1395,38.8929,2019,7,20,37.14,23.29,21.24,1.7,26.53,0.24
US-xSC,-78.1395,38.8929,2019,7,21,35.75,23.54,21.54,1.86,24.62,1.31
US-xSC,-78.1395,38.8929,2019,7,22,31.41,22.11,21.68,1.72,17.69,11.36
US-xSC,-78.1395,38.8929,2019,7,23,25.09,17.89,17.51,1.56,11.26,12.05
US-xSC,-78.1395,38.8929,2019,7,24,28.09,17.03,15.17,1.72,26.41,0.59
US-xSC,-78.1395,38.8929,2019,7,25,29.26,15.38,14.85,1.49,26.42,1.87
US-xSC,-78.1395,38.8929,2019,7,26,31.11,16.12,12.94,1.4,25.7,0
US-xSC,-78.1395,38.8929,2019,7,27,32.67,17.73,15.28,1.34,25.72,0.15
US-xSC,-78.1395,38.8929,2019,7,28,33.92,18.57,16.44,1.45,26.22,0.04
US-xSC,-78.1395,38.8929,2019,7,29,34.66,19.79,16.74,1.4,26.24,0.1
US-xSC,-78.1395,38.8929,2019,7,30,35.51,20.38,17.15,1.59,22.22,0.3
US-xSC,-78.1395,38.8929,2019,7,31,29.03,20.73,19.69,1.02,13.89,6.39
US-xSC,-78.1395,38.8929,2019,8,1,33.05,18.2,16.9,1.23,23.31,0.16
US-xSC,-78.1395,38.8929,2019,8,2,29.65,20.47,19.03,1.63,22.55,3.72
US-xSC,-78.1395,38.8929,2019,8,3,32.61,19.53,18.86,0.7,23.7,6
US-xSC,-78.1395,38.8929,2019,8,4,32.44,19.54,16.95,1.45,23.63,0.32
US-xSC,-78.1395,38.8929,2019,8,5,30.32,19.14,16.14,1.26,19.62,0.05
US-xSC,-78.1395,38.8929,2019,8,6,33.31,18.92,17.11,1.08,22.92,1.6
US-xSC,-78.1395,38.8929,2019,8,7,30.61,19.13,18.59,1.33,20.91,7.5
US-xSC,-78.1395,38.8929,2019,8,8,32.45,18.66,16.37,2.05,24.18,0.01
US-xSC,-78.1395,38.8929,2019,8,9,32.3,18.78,15.42,2.2,24.2,0.01
US-xSC,-78.1395,38.8929,2019,8,10,28.83,16.32,11.38,1.79,22.23,0
US-xSC,-78.1395,38.8929,2019,8,11,30.8,15.23,11.57,1.25,27.31,0
US-xSC,-78.1395,38.8929,2019,8,12,33.81,18.28,13.62,1.49,24.78,0
US-xSC,-78.1395,38.8929,2019,8,13,31.96,20.85,19.95,1.14,13.65,9.93
US-xSC,-78.1395,38.8929,2019,8,14,32.93,21.05,20.3,1.23,20.23,0.84
US-xSC,-78.1395,38.8929,2019,8,15,31.21,20.37,19.69,1.24,17.48,8.64
US-xSC,-78.1395,38.8929,2019,8,16,32.72,20.8,19.48,1.06,19.04,7.97
US-xSC,-78.1395,38.8929,2019,8,17,34.73,20.72,18.5,1.06,23,0.2
US-xSC,-78.1395,38.8929,2019,8,18,35.46,20.37,18.89,1.19,23.38,3.72
US-xSC,-78.1395,38.8929,2019,8,19,34.78,20.71,19.44,1.33,21.17,1.36
US-xSC,-78.1395,38.8929,2019,8,20,34.43,20.78,19.6,1.19,20.43,8.06
US-xSC,-78.1395,38.8929,2019,8,21,34.26,21.27,20.21,1.47,21.46,4.4
US-xSC,-78.1395,38.8929,2019,8,22,33.88,20.14,19.69,1.54,19.23,2.4
US-xSC,-78.1395,38.8929,2019,8,23,22.77,17.37,18.07,1.65,6.72,12.18
US-xSC,-78.1395,38.8929,2019,8,24,26.05,14.58,11.25,1.79,20.52,0.03
US-xSC,-78.1395,38.8929,2019,8,25,25.68,12.05,11.19,2.1,18.41,0.04
US-xSC,-78.1395,38.8929,2019,8,26,25.65,13.19,14.25,1.8,14.37,0.17
US-xSC,-78.1395,38.8929,2019,8,27,28.51,16.35,16.18,1.74,11.44,0.16
US-xSC,-78.1395,38.8929,2019,8,28,27.85,16.97,17.53,1.59,16.55,7.09
US-xSC,-78.1395,38.8929,2019,8,29,29.29,14.04,11.19,1.99,25.34,0
US-xSC,-78.1395,38.8929,2019,8,30,32.95,13.64,14.76,1.65,24.29,0
US-xSC,-78.1395,38.8929,2019,8,31,31.29,19.45,15.15,1.78,20.86,0.13
US-xSC,-78.1395,38.8929,2019,9,1,28.03,17.79,16.75,1.8,11.71,1.07
US-xSC,-78.1395,38.8929,2019,9,2,31.88,19.49,18.73,1.61,18.67,7.29
US-xSC,-78.1395,38.8929,2019,9,3,30.92,17.31,16.12,1.39,23.18,0.33
US-xSC,-78.1395,38.8929,2019,9,4,35.29,18.37,17.15,2.11,22.1,0
US-xSC,-78.1395,38.8929,2019,9,5,26.26,18.72,14.99,1.79,13.62,0
US-xSC,-78.1395,38.8929,2019,9,6,29.17,17.1,13.69,1.74,20.57,0.01
US-xSC,-78.1395,38.8929,2019,9,7,29.23,15.18,12.43,1.86,19.12,0
US-xSC,-78.1395,38.8929,2019,9,8,30.29,14.64,12.12,1.04,18.16,0
US-xSC,-78.1395,38.8929,2019,9,9,29.31,18.48,14.14,0.84,15,0.04
US-xSC,-78.1395,38.8929,2019,9,10,31.54,17.1,16.05,1.78,17.37,0.08
US-xSC,-78.1395,38.8929,2019,9,11,37.52,18.08,18.29,1.37,18.61,0.07
US-xSC,-78.1395,38.8929,2019,9,12,35.71,20.64,18.03,1.9,19.85,0
US-xSC,-78.1395,38.8929,2019,9,13,25.47,18.43,16.48,2.78,5.07,0.04
US-xSC,-78.1395,38.8929,2019,9,14,29.76,16.52,17.03,2.08,14.06,0.01
US-xSC,-78.1395,38.8929,2019,9,15,31.7,16.83,11.58,1.35,22.13,0
US-xSC,-78.1395,38.8929,2019,9,16,34.44,16.42,12.41,1.36,20.11,0
US-xSC,-78.1395,38.8929,2019,9,17,26.23,17.29,14.35,1.94,7.66,0.01
US-xSC,-78.1395,38.8929,2019,9,18,26.31,12.18,8.66,1.72,20.46,0
US-xSC,-78.1395,38.8929,2019,9,19,24.38,11,7.21,1.61,18.46,0
US-xSC,-78.1395,38.8929,2019,9,20,29.11,8.94,8.09,1.48,21.5,0.34
US-xSC,-78.1395,38.8929,2019,9,21,32.95,15.04,14.56,1.1,18.8,0.08
US-xSC,-78.1395,38.8929,2019,9,22,33.97,18.32,16.64,1.38,19.09,0
US-xSC,-78.1395,38.8929,2019,9,23,33.29,19.33,15.68,2.19,16.4,0
US-xSC,-78.1395,38.8929,2019,9,24,27.17,15.18,11.43,2.19,19.29,0
US-xSC,-78.1395,38.8929,2019,9,25,28.51,12.64,9.36,1.58,20.71,0
US-xSC,-78.1395,38.8929,2019,9,26,32.89,15.88,11.92,2.07,12.32,0.04
US-xSC,-78.1395,38.8929,2019,9,27,28.76,11.97,10.93,1.69,17.72,0
US-xSC,-78.1395,38.8929,2019,9,28,34.92,17.23,16.36,1.8,13.61,0.23
US-xSC,-78.1395,38.8929,2019,9,29,31.89,19.18,16.91,1.57,17.13,0.04
US-xSC,-78.1395,38.8929,2019,9,30,27.87,18.48,17.72,1.94,5.81,0.6
US-xSC,-78.1395,38.8929,2019,10,1,34.59,16.94,17.38,1.42,16.55,0.02
US-xSC,-78.1395,38.8929,2019,10,2,34.95,20.75,16.64,2.11,16.33,0
US-xSC,-78.1395,38.8929,2019,10,3,35.1,19.99,17.11,1.21,17.48,0.07
US-xSC,-78.1395,38.8929,2019,10,4,24.92,11.28,9.59,2.93,19.16,0
US-xSC,-78.1395,38.8929,2019,10,5,19.86,6.99,4.42,2.27,10.74,0
US-xSC,-78.1395,38.8929,2019,10,6,25.57,11.56,12.7,2.65,6.08,0.01
US-xSC,-78.1395,38.8929,2019,10,7,27.14,14.31,13.86,2.8,8.08,0.03
US-xSC,-78.1395,38.8929,2019,10,8,19.3,12.92,8.23,2.34,6.25,0.04
US-xSC,-78.1395,38.8929,2019,10,9,22.44,9.94,6.6,1.76,16.49,0.01
US-xSC,-78.1395,38.8929,2019,10,10,24.14,7.27,8.52,1.59,17.52,0
US-xSC,-78.1395,38.8929,2019,10,11,24.35,8.19,1.58,1.8,17.86,0
US-xSC,-78.1395,38.8929,2019,10,12,23.89,8.93,6.18,1.89,6.96,0.01
US-xSC,-78.1395,38.8929,2019,10,13,21.14,4.7,4.94,1.38,10.89,0.02
US-xSC,-78.1395,38.8929,2019,10,14,24.83,4.52,2.13,1.94,18.27,0
US-xSC,-78.1395,38.8929,2019,10,15,22.82,5.71,3.26,1.77,15.98,0
US-xSC,-78.1395,38.8929,2019,10,16,15.85,8.48,6.61,3.07,4.11,0.56
US-xSC,-78.1395,38.8929,2019,10,17,14.82,7.84,1.32,4.57,13.96,0
US-xSC,-78.1395,38.8929,2019,10,18,17.41,4.95,0.83,2.75,17.09,0
US-xSC,-78.1395,38.8929,2019,10,19,17.65,2.25,2.53,1.48,13.75,0
US-xSC,-78.1395,38.8929,2019,10,20,14.23,8.34,8.57,1.77,4.83,1.49
US-xSC,-78.1395,38.8929,2019,10,21,21.54,7.35,8.35,1.66,13.57,0
US-xSC,-78.1395,38.8929,2019,10,22,18.74,8.58,12.17,2.2,3.51,13.25
US-xSC,-78.1395,38.8929,2019,10,23,19.06,5.74,2.1,2.33,14.87,0
US-xSC,-78.1395,38.8929,2019,10,24,21.38,4.14,0.94,1.99,14.16,0
US-xSC,-78.1395,38.8929,2019,10,25,22.06,6.35,3.14,1.16,8.9,0
US-xSC,-78.1395,38.8929,2019,10,26,16.47,9.02,8.1,1.82,4.96,2.11
US-xSC,-78.1395,38.8929,2019,10,27,24.08,10.02,11.77,3.2,13.86,26.93
US-xSC,-78.1395,38.8929,2019,10,28,21.55,5.75,7.45,1.65,15.41,0.08
US-xSC,-78.1395,38.8929,2019,10,29,21.59,8.48,11.55,1.72,9.9,0
US-xSC,-78.1395,38.8929,2019,10,30,17.97,10.28,12.94,1.86,4.34,9.67
US-xSC,-78.1395,38.8929,2019,10,31,24.43,6.55,15.95,4.56,2.99,37.28
US-xSC,-78.1395,38.8929,2019,11,1,10.9,0.2,-2.8,3.09,15.19,0.01
US-xSC,-78.1395,38.8929,2019,11,2,12.57,-1.42,-2.22,1.45,14.68,0
US-xSC,-78.1395,38.8929,2019,11,3,11.8,-0.63,-2.45,2.12,14.56,0
US-xSC,-78.1395,38.8929,2019,11,4,14.1,-1.59,-1.47,2.26,13.76,0
US-xSC,-78.1395,38.8929,2019,11,5,17.31,2.84,3.42,1.89,10.55,0
US-xSC,-78.1395,38.8929,2019,11,6,15,0.48,0.24,1.63,13.99,0
US-xSC,-78.1395,38.8929,2019,11,7,16.41,3.97,4.09,2.15,6.96,3.21
US-xSC,-78.1395,38.8929,2019,11,8,4.67,-3.52,-6.52,2.79,12.65,0.01
US-xSC,-78.1395,38.8929,2019,11,9,5.85,-5.47,-6.2,1.87,10.13,0
US-xSC,-78.1395,38.8929,2019,11,10,15.47,-2.69,0.48,1.77,8.38,0
US-xSC,-78.1395,38.8929,2019,11,11,18.96,2.71,4.82,2.33,11,0.01
US-xSC,-78.1395,38.8929,2019,11,12,11.13,-4.97,-3.71,3.71,4.98,3.19
US-xSC,-78.1395,38.8929,2019,11,13,2.98,-6.18,-10.75,1.65,12.58,0
US-xSC,-78.1395,38.8929,2019,11,14,8.35,-5.56,-7.85,1.95,9.72,0
US-xSC,-78.1395,38.8929,2019,11,15,10.5,-2.05,-2.68,1.82,10.57,0.02
US-xSC,-78.1395,38.8929,2019,11,16,6.24,-4.84,-6.78,2.71,12.09,0
US-xSC,-78.1395,38.8929,2019,11,17,5.57,-4.92,-3.93,1.67,6.39,0.05
US-xSC,-78.1395,38.8929,2019,11,18,6.61,1.62,2.1,0.82,8.51,2.7
US-xSC,-78.1395,38.8929,2019,11,19,11.67,1.39,1.9,1.62,7.48,0.16
US-xSC,-78.1395,38.8929,2019,11,20,10.66,1.44,0.58,2.7,9.31,0
US-xSC,-78.1395,38.8929,2019,11,21,11.77,-1.63,0.43,2.02,8.93,0
US-xSC,-78.1395,38.8929,2019,11,22,12.07,-0.88,2.81,2.55,3.9,1.88
US-xSC,-78.1395,38.8929,2019,11,23,5.24,-1.95,-1.76,1.68,3.47,12.68
US-xSC,-78.1395,38.8929,2019,11,24,9.03,0.91,-0.03,3.36,11.01,5.7
US-xSC,-78.1395,38.8929,2019,11,25,13.17,-0.91,1.06,2.07,11.27,0
US-xSC,-78.1395,38.8929,2019,11,26,16.68,0.2,3.05,1.65,11.07,0.01
US-xSC,-78.1395,38.8929,2019,11,27,16.51,5.58,5.87,3.66,7.17,0.41
US-xSC,-78.1395,38.8929,2019,11,28,7.2,2.29,-2.16,5.02,7.74,0
US-xSC,-78.1395,38.8929,2019,11,29,10.09,-1.31,-2.59,2,10.02,0
US-xSC,-78.1395,38.8929,2019,11,30,5.19,0.3,-2.28,1.27,3.01,0.01
US-xSC,-78.1395,38.8929,2019,12,1,3.94,1.18,1.52,1.89,2.35,12.57
US-xSC,-78.1395,38.8929,2019,12,2,6.32,-2.51,0.09,2.92,6.66,0.47
US-xSC,-78.1395,38.8929,2019,12,3,7.05,-1.15,-2.54,2.89,9.36,0.14
US-xSC,-78.1395,38.8929,2019,12,4,9.08,-3.86,-1.62,2.39,8.63,0.65
US-xSC,-78.1395,38.8929,2019,12,5,6.63,-0.58,-3.4,3.18,10.7,0.04
US-xSC,-78.1395,38.8929,2019,12,6,8.59,-1.8,0.31,2.12,3.74,0.03
US-xSC,-78.1395,38.8929,2019,12,7,5.67,-3.72,-5.19,1.75,10.01,0
US-xSC,-78.1395,38.8929,2019,12,8,6.08,-4.04,-5.11,2.37,9.32,0.01
US-xSC,-78.1395,38.8929,2019,12,9,7.51,-0.6,2.7,2.88,2.65,10.67
US-xSC,-78.1395,38.8929,2019,12,10,12.41,0.09,5.6,2.89,2,5.38
US-xSC,-78.1395,38.8929,2019,12,11,3.08,-4.24,-7.33,2.64,10.6,1.15
US-xSC,-78.1395,38.8929,2019,12,12,2.61,-5.76,-7.71,1.7,10.31,0
US-xSC,-78.1395,38.8929,2019,12,13,3,-4.1,-1.12,1.16,2.44,6.35
US-xSC,-78.1395,38.8929,2019,12,14,8.87,0.68,2.07,2.81,3.91,8.58
US-xSC,-78.1395,38.8929,2019,12,15,7.57,-1.81,-1.39,2.89,9.9,0.05
US-xSC,-78.1395,38.8929,2019,12,16,1.2,-1.86,-1.35,1.47,1.51,10.23
US-xSC,-78.1395,38.8929,2019,12,17,4.63,-2.12,0.24,2.51,3.8,4.91
US-xSC,-78.1395,38.8929,2019,12,18,0.8,-7.23,-7.8,3.75,9.62,0
US-xSC,-78.1395,38.8929,2019,12,19,0.58,-9.58,-11.09,2.37,9.95,0
US-xSC,-78.1395,38.8929,2019,12,20,2.67,-5.2,-5.41,1.53,9.81,0
US-xSC,-78.1395,38.8929,2019,12,21,2.24,-4.56,-4.2,1.57,4.78,0
US-xSC,-78.1395,38.8929,2019,12,22,7.7,-4.62,-0.45,1.94,8.63,0.12
US-xSC,-78.1395,38.8929,2019,12,23,10.24,0.19,1.67,1.73,7.24,0.02
US-xSC,-78.1395,38.8929,2019,12,24,8.18,-1.86,0.59,2.2,9.21,0.02
US-xSC,-78.1395,38.8929,2019,12,25,8.62,-1.35,-0.11,1.66,8.25,0
US-xSC,-78.1395,38.8929,2019,12,26,12.61,0.02,4.45,1.54,8.64,0
US-xSC,-78.1395,38.8929,2019,12,27,13.67,2.54,6.18,1.79,7.87,0.05
US-xSC,-78.1395,38.8929,2019,12,28,16.24,5.34,7.73,1.73,8.56,0.04
US-xSC,-78.1395,38.8929,2019,12,29,10.58,6.13,8.13,1.73,2.59,11.56
US-xSC,-78.1395,38.8929,2019,12,30,17.18,3.04,9.53,2.49,7.55,3.17
US-xSC,-78.1395,38.8929,2019,12,31,8.94,0.33,0.01,2.53,5.29,0.06
US-xSC,-78.1395,38.8929,2020,1,1,6.78,-3.08,-3.55,2.73,10.67,0
US-xSC,-78.1395,38.8929,2020,1,2,8.15,-3.71,0.59,1.92,7.58,0.05
US-xSC,-78.1395,38.8929,2020,1,3,14.01,5.06,7.79,1.81,2.69,6.2
US-xSC,-78.1395,38.8929,2020,1,4,14.9,3.15,7.45,2.59,4.26,6.44
US-xSC,-78.1395,38.8929,2020,1,5,4.4,-2.83,-4.42,3.66,9.47,0.04
US-xSC,-78.1395,38.8929,2020,1,6,7.69,-3.52,-3.29,2.61,10.95,0.02
US-xSC,-78.1395,38.8929,2020,1,7,1.4,-4.22,-3.32,1.9,2.31,6.7
US-xSC,-78.1395,38.8929,2020,1,8,3.66,-6.18,-5.04,3.67,9.31,0.07
US-xSC,-78.1395,38.8929,2020,1,9,2.59,-6.27,-6.1,2.07,10.18,0
US-xSC,-78.1395,38.8929,2020,1,10,9.33,-1.28,2.98,2.76,5.4,0.02
US-xSC,-78.1395,38.8929,2020,1,11,17.35,7.43,12.57,4.07,4.08,0.85
US-xSC,-78.1395,38.8929,2020,1,12,18.25,3.41,8,3.27,11.01,11.65
US-xSC,-78.1395,38.8929,2020,1,13,10.02,1.83,4.59,0.9,4.54,0.97
US-xSC,-78.1395,38.8929,2020,1,14,8.92,3.8,5.82,1.45,3.15,1.61
US-xSC,-78.1395,38.8929,2020,1,15,12.78,2.6,5.37,2.19,8.64,0.06
US-xSC,-78.1395,38.8929,2020,1,16,9.29,-1.68,-0.32,5.47,11.51,0.1
US-xSC,-78.1395,38.8929,2020,1,17,1.7,-3.74,-7.87,3.09,11.11,0.03
US-xSC,-78.1395,38.8929,2020,1,18,1.61,-3.86,-4.22,3.75,3.26,6.5
US-xSC,-78.1395,38.8929,2020,1,19,1.75,-6.29,-5.43,4.04,9.38,0.33
US-xSC,-78.1395,38.8929,2020,1,20,-0.51,-7.22,-9.94,3.67,12.52,0.03
US-xSC,-78.1395,38.8929,2020,1,21,0.05,-9.4,-9.51,2.58,12.69,0
US-xSC,-78.1395,38.8929,2020,1,22,3,-10.48,-8.38,1.57,12.52,0
US-xSC,-78.1395,38.8929,2020,1,23,2.1,-6.9,-5.31,1.78,7.39,0
US-xSC,-78.1395,38.8929,2020,1,24,5.19,-4.21,0.89,2.69,3.28,2.15
US-xSC,-78.1395,38.8929,2020,1,25,7.83,-2.02,2.4,2.32,5.62,33.75
US-xSC,-78.1395,38.8929,2020,1,26,6.04,-3.08,-2.26,2.55,7.67,0.02
US-xSC,-78.1395,38.8929,2020,1,27,7.53,-2.78,-1.45,2.55,9.84,0
US-xSC,-78.1395,38.8929,2020,1,28,6.24,-3.35,-1.99,2.92,6.04,0
US-xSC,-78.1395,38.8929,2020,1,29,5.47,-4.05,-3.64,2.21,10.61,0
US-xSC,-78.1395,38.8929,2020,1,30,2.06,-4.16,-5.14,1.44,6.38,0
US-xSC,-78.1395,38.8929,2020,1,31,4.89,-3.68,-1.84,1.74,5.07,0.07
US-xSC,-78.1395,38.8929,2020,2,1,6.86,-2.3,0.43,1.27,9.22,1.58
US-xSC,-78.1395,38.8929,2020,2,2,11.61,-2.5,1.33,2.89,12.28,0.13
US-xSC,-78.1395,38.8929,2020,2,3,17.37,3.07,7.21,2.59,10.25,0
US-xSC,-78.1395,38.8929,2020,2,4,16.44,8.72,9.78,2.19,5.84,0.43
US-xSC,-78.1395,38.8929,2020,2,5,10.3,0.83,1.19,2.85,3.06,4.14
US-xSC,-78.1395,38.8929,2020,2,6,10.77,1.4,6.06,2.38,2.16,16.04
US-xSC,-78.1395,38.8929,2020,2,7,10.27,-1.72,0.54,4.39,9.76,7.53
US-xSC,-78.1395,38.8929,2020,2,8,4.89,-4.09,-4.01,2.25,12.47,0.02
US-xSC,-78.1395,38.8929,2020,2,9,8.07,-3.47,-1.96,2.29,13.52,0.01
US-xSC,-78.1395,38.8929,2020,2,10,9.51,1.05,4.18,2.77,4.59,5.92
US-xSC,-78.1395,38.8929,2020,2,11,11.17,4.06,6.01,1.98,4.42,6.57
US-xSC,-78.1395,38.8929,2020,2,12,9.14,0.18,0.2,2.41,4.8,1.55
US-xSC,-78.1395,38.8929,2020,2,13,12.49,1.38,5.31,3.69,3.97,4.32
US-xSC,-78.1395,38.8929,2020,2,14,1.18,-7.12,-7.69,3.53,12.48,0.02
US-xSC,-78.1395,38.8929,2020,2,15,1.87,-7.12,-8.59,2.36,14.2,0
US-xSC,-78.1395,38.8929,2020,2,16,8.61,-2.03,-0.2,1.98,8.96,0
US-xSC,-78.1395,38.8929,2020,2,17,9.97,-0.65,-0.94,2.1,14.67,0
US-xSC,-78.1395,38.8929,2020,2,18,14.24,1.32,4.96,2.93,10.09,0.22
US-xSC,-78.1395,38.8929,2020,2,19,8.62,-3.05,-1.92,3.11,12.32,0.07
US-xSC,-78.1395,38.8929,2020,2,20,2.18,-4.51,-4.82,1.85,6.93,0.04
US-xSC,-78.1395,38.8929,2020,2,21,2.64,-6.9,-9.47,2.41,16.38,0
US-xSC,-78.1395,38.8929,2020,2,22,10.39,-4.44,-5.27,2.37,17.51,0
US-xSC,-78.1395,38.8929,2020,2,23,12.19,-4.01,-2.93,2.19,17.52,0
US-xSC,-78.1395,38.8929,2020,2,24,13.47,-1.29,0.38,2.1,10.74,0.02
US-xSC,-78.1395,38.8929,2020,2,25,12.95,3.86,6.84,1.56,8.89,4.17
US-xSC,-78.1395,38.8929,2020,2,26,14.15,4.01,7.94,2.58,8.12,13.23
US-xSC,-78.1395,38.8929,2020,2,27,3.23,-2.43,-6.67,5.72,17.37,0.72
US-xSC,-78.1395,38.8929,2020,2,28,5.4,-3.75,-5,3.34,11.06,0.04
US-xSC,-78.1395,38.8929,2020,2,29,0.52,-4.38,-8.18,3.94,15.36,0
US-xSC,-78.1395,38.8929,2020,3,1,9.95,-4.99,-4.79,2.2,18.3,0
US-xSC,-78.1395,38.8929,2020,3,2,15.34,-0.05,4.08,3.08,12.05,1.94
US-xSC,-78.1395,38.8929,2020,3,3,16.76,3.92,8.2,3.33,9.23,3.05
US-xSC,-78.1395,38.8929,2020,3,4,15.52,2.47,1.61,3.04,19.11,0
US-xSC,-78.1395,38.8929,2020,3,5,12.73,-1.01,0.37,1.98,13.65,0
US-xSC,-78.1395,38.8929,2020,3,6,10.1,0.36,0.45,3.55,11.23,0.47
US-xSC,-78.1395,38.8929,2020,3,7,8.24,-2.15,-3.95,4.18,18.79,0.04
US-xSC,-78.1395,38.8929,2020,3,8,15.97,-4.13,-1.69,2.52,19.98,0
US-xSC,-78.1395,38.8929,2020,3,9,21.44,1.98,4.66,2.5,19.11,0
US-xSC,-78.1395,38.8929,2020,3,10,20.42,7.78,9.88,3.74,9.99,0.82
US-xSC,-78.1395,38.8929,2020,3,11,12.65,1.8,3.48,1.62,8.9,0.13
US-xSC,-78.1395,38.8929,2020,3,12,18.21,3.95,7.03,2.22,14.16,0.5
US-xSC,-78.1395,38.8929,2020,3,13,19.11,5.82,6.62,3.83,15.34,5.79
US-xSC,-78.1395,38.8929,2020,3,14,12.96,0.84,-1.14,2.03,12.95,3.08
US-xSC,-78.1395,38.8929,2020,3,15,9.27,0.44,0.97,1.9,6.58,1.74
US-xSC,-78.1395,38.8929,2020,3,16,10.18,-3.51,0.41,2.23,10.89,0.01
US-xSC,-78.1395,38.8929,2020,3,17,15.72,2.69,5.54,2.25,12.84,0.25
US-xSC,-78.1395,38.8929,2020,3,18,13.06,-0.05,3.74,2.43,10.49,6.47
US-xSC,-78.1395,38.8929,2020,3,19,22.62,8.13,13.36,2.19,13.29,2.84
US-xSC,-78.1395,38.8929,2020,3,20,24.47,13.85,15.31,3.27,9.86,1.01
US-xSC,-78.1395,38.8929,2020,3,21,12.41,1.85,1.41,2.97,8.71,0.45
US-xSC,-78.1395,38.8929,2020,3,22,10.1,-1.94,-2.09,2.56,15.36,0.04
US-xSC,-78.1395,38.8929,2020,3,23,9.86,2.54,3.69,1.88,6.96,3.73
US-xSC,-78.1395,38.8929,2020,3,24,14.22,1.71,3.37,1.81,13.58,0.08
US-xSC,-78.1395,38.8929,2020,3,25,8.11,3.03,4,2.1,7.19,7.64
US-xSC,-78.1395,38.8929,2020,3,26,16.18,2.62,5.17,2.26,20.09,0.13
US-xSC,-78.1395,38.8929,2020,3,27,17.29,7.83,9.73,1.52,12.96,5.41
US-xSC,-78.1395,38.8929,2020,3,28,17.83,10.82,12.42,2.08,15.13,5.69
US-xSC,-78.1395,38.8929,2020,3,29,25.16,9.53,12.23,2.52,15.38,0.53
US-xSC,-78.1395,38.8929,2020,3,30,18.71,6.17,6.26,3.22,23.99,0
US-xSC,-78.1395,38.8929,2020,3,31,10.7,3.34,4.09,1.89,5.66,3.76
US-xSC,-78.1395,38.8929,2020,4,1,12.92,3.4,3.57,2.42,13.65,0.73
US-xSC,-78.1395,38.8929,2020,4,2,14.5,0.65,0.18,4.2,24.92,0
US-xSC,-78.1395,38.8929,2020,4,3,16.6,3.11,1.38,4.24,22.53,0.01
US-xSC,-78.1395,38.8929,2020,4,4,15.27,3.65,5.83,1.87,22.02,0.01
US-xSC,-78.1395,38.8929,2020,4,5,21.11,5.86,8.83,1.49,17.37,0.12
US-xSC,-78.1395,38.8929,2020,4,6,19.56,7.09,6.6,1.9,18.31,0.11
US-xSC,-78.1395,38.8929,2020,4,7,20.67,8.61,11.42,1.45,16.35,5.38
US-xSC,-78.1395,38.8929,2020,4,8,24.26,12.5,13.6,2.84,20.04,3.46
US-xSC,-78.1395,38.8929,2020,4,9,18.65,5.54,5.87,4.71,21.66,1.93
US-xSC,-78.1395,38.8929,2020,4,10,9.08,1.9,-3.2,4.88,18.9,0.03
US-xSC,-78.1395,38.8929,2020,4,11,13.86,0.48,-0.01,2.51,23.38,0
US-xSC,-78.1395,38.8929,2020,4,12,19.56,2.15,7.37,2.61,13.6,17.53
US-xSC,-78.1395,38.8929,2020,4,13,23.67,6.07,11.17,5.47,15.72,22.22
US-xSC,-78.1395,38.8929,2020,4,14,14.75,1.74,0.88,2.23,16.25,4.74
US-xSC,-78.1395,38.8929,2020,4,15,12,1.06,-2.57,1.96,26.84,1.45
US-xSC,-78.1395,38.8929,2020,4,16,9.83,-0.28,-2.9,3.08,27.08,0.22
US-xSC,-78.1395,38.8929,2020,4,17,13.99,-1.03,2.49,2.17,15.7,0.73
US-xSC,-78.1395,38.8929,2020,4,18,11.55,1.12,2.35,3.21,22.54,1.59
US-xSC,-78.1395,38.8929,2020,4,19,15.77,-1.66,2.54,2.12,20.34,0
US-xSC,-78.1395,38.8929,2020,4,20,15.42,5.2,4.6,2.03,16.01,0.11
US-xSC,-78.1395,38.8929,2020,4,21,17.08,3.59,2.69,4.29,18.71,0.39
US-xSC,-78.1395,38.8929,2020,4,22,13.54,-0.3,-2.65,3.02,27.44,0
US-xSC,-78.1395,38.8929,2020,4,23,14.79,2.87,6.21,1.95,7.2,10.6
US-xSC,-78.1395,38.8929,2020,4,24,17.3,8.7,9.64,1.96,12.21,7.57
US-xSC,-78.1395,38.8929,2020,4,25,15.66,7.09,9.08,2.13,15.03,4.08
US-xSC,-78.1395,38.8929,2020,4,26,14.56,6.99,8.85,1.64,9.22,12.36
US-xSC,-78.1395,38.8929,2020,4,27,14.53,4.53,3.79,3.44,17.74,1.04
US-xSC,-78.1395,38.8929,2020,4,28,14.66,5.14,6.62,1.61,10.96,0.87
US-xSC,-78.1395,38.8929,2020,4,29,22.59,6.58,11.3,3.12,16.27,0.97
US-xSC,-78.1395,38.8929,2020,4,30,17.52,11.02,12.93,3.23,6.47,33.54
US-xSC,-78.1395,38.8929,2020,5,1,16.78,6.84,6.94,2.95,16.12,1.03
US-xSC,-78.1395,38.8929,2020,5,2,20.87,7.56,8.02,2.05,27.06,0.01
US-xSC,-78.1395,38.8929,2020,5,3,24.24,13.55,16.61,2.16,12.07,9.62
US-xSC,-78.1395,38.8929,2020,5,4,19.2,9.25,8.33,3.33,29.68,5.32
US-xSC,-78.1395,38.8929,2020,5,5,14.2,5.86,4.56,1.38,8.2,2.46
US-xSC,-78.1395,38.8929,2020,5,6,13.8,5.44,5.51,2.99,15.45,3.97
US-xSC,-78.1395,38.8929,2020,5,7,17.71,1.21,2.01,2.61,29.8,0.09
US-xSC,-78.1395,38.8929,2020,5,8,16.92,2.09,5.63,3.27,7.97,6.46
US-xSC,-78.1395,38.8929,2020,5,9,9.52,-1.57,-5.08,3.58,24.13,0.01
US-xSC,-78.1395,38.8929,2020,5,10,16.59,-0.15,0.94,2.62,29.37,0
US-xSC,-78.1395,38.8929,2020,5,11,12.92,3.7,2.93,3.31,19.79,0.21
US-xSC,-78.1395,38.8929,2020,5,12,14.73,1.1,0.96,2.55,24.74,0
US-xSC,-78.1395,38.8929,2020,5,13,19.56,2.3,3.34,1.63,27.87,0
US-xSC,-78.1395,38.8929,2020,5,14,21.38,7.62,11.98,1.86,17.33,0.47
US-xSC,-78.1395,38.8929,2020,5,15,27.64,14.93,16.11,2.24,26.9,0.25
US-xSC,-78.1395,38.8929,2020,5,16,24.79,15.37,14.04,1.81,19.32,0.03
US-xSC,-78.1395,38.8929,2020,5,17,22.21,15.02,15.35,2.37,10.34,0.27
US-xSC,-78.1395,38.8929,2020,5,18,21.52,12.41,13.54,2.35,9.89,0.37
US-xSC,-78.1395,38.8929,2020,5,19,17.19,9.35,6,3.38,9.45,0.01
US-xSC,-78.1395,38.8929,2020,5,20,16.85,7.82,4.39,3.4,13.37,0.09
US-xSC,-78.1395,38.8929,2020,5,21,19.5,6.16,10.12,2.29,7.88,1.81
US-xSC,-78.1395,38.8929,2020,5,22,21.94,13.06,14.92,1.23,15.13,11.38
US-xSC,-78.1395,38.8929,2020,5,23,26.58,13.34,15.31,1.57,25.4,1.88
US-xSC,-78.1395,38.8929,2020,5,24,20.43,13.77,14.73,1.86,11.72,0.21
US-xSC,-78.1395,38.8929,2020,5,25,25.92,13.69,15.14,1.57,19.48,0
US-xSC,-78.1395,38.8929,2020,5,26,27.03,13.05,15.44,1.62,24.96,0
US-xSC,-78.1395,38.8929,2020,5,27,26.33,14.53,16.86,1.89,12.61,0.45
US-xSC,-78.1395,38.8929,2020,5,28,27.88,17.7,19.44,2.38,22.03,2.57
US-xSC,-78.1395,38.8929,2020,5,29,27.04,19.62,19.83,2.04,17.99,4.8
US-xSC,-78.1395,38.8929,2020,5,30,26.49,15.43,13.82,2.01,26.69,0.22
US-xSC,-78.1395,38.8929,2020,5,31,22.92,10.55,7.7,2.3,27.27,0
US-xSC,-78.1395,38.8929,2020,6,1,23.14,7.23,4.57,1.47,31.58,0
US-xSC,-78.1395,38.8929,2020,6,2,27.54,11.03,11.03,1.85,24.67,0.12
US-xSC,-78.1395,38.8929,2020,6,3,31.96,19.01,17.02,3,25.98,0.01
US-xSC,-78.1395,38.8929,2020,6,4,29.54,19.1,19.08,1.36,23.32,12.97
US-xSC,-78.1395,38.8929,2020,6,5,28.09,19.1,20.2,1.37,19.43,12.61
US-xSC,-78.1395,38.8929,2020,6,6,30.21,17.69,18.28,2.13,24.43,1.61
US-xSC,-78.1395,38.8929,2020,6,7,27.06,15.65,12.79,1.98,30.34,0.02
US-xSC,-78.1395,38.8929,2020,6,8,28.63,12.82,11.96,1.27,27.94,0
US-xSC,-78.1395,38.8929,2020,6,9,33.58,14.45,16.31,1.92,26.45,0
US-xSC,-78.1395,38.8929,2020,6,10,32.93,21.45,21.19,2.92,23.46,6.46
US-xSC,-78.1395,38.8929,2020,6,11,30.52,18.06,18.21,2.44,22.99,8.82
US-xSC,-78.1395,38.8929,2020,6,12,29.62,14.83,12.58,1.99,29.88,0
US-xSC,-78.1395,38.8929,2020,6,13,25.28,12.59,10.92,1.4,23.09,0.04
US-xSC,-78.1395,38.8929,2020,6,14,22.33,13.81,10.07,2.05,16.36,0.17
US-xSC,-78.1395,38.8929,2020,6,15,21.47,11.8,9.91,1.97,17.78,0.01
US-xSC,-78.1395,38.8929,2020,6,16,21.42,13.58,11.11,1.8,14.07,0.61
US-xSC,-78.1395,38.8929,2020,6,17,20.88,14.74,15.72,2.74,7.1,10.72
US-xSC,-78.1395,38.8929,2020,6,18,26.31,16.35,16.7,1.93,18.22,3.87
US-xSC,-78.1395,38.8929,2020,6,19,26.43,16.15,17.78,1.63,18.61,5
US-xSC,-78.1395,38.8929,2020,6,20,26.78,17.19,17.93,1.38,19.79,4.27
US-xSC,-78.1395,38.8929,2020,6,21,30.88,16.7,17.44,1.07,22.97,0.43
US-xSC,-78.1395,38.8929,2020,6,22,29.26,18.17,19.52,1.59,22.08,10.24
US-xSC,-78.1395,38.8929,2020,6,23,29.09,17.97,19.84,1.61,22.37,1.85
US-xSC,-78.1395,38.8929,2020,6,24,29.01,17.85,15.07,2.11,26.66,0.12
US-xSC,-78.1395,38.8929,2020,6,25,27.55,15.9,15.32,1.05,21.75,5.42
US-xSC,-78.1395,38.8929,2020,6,26,31.01,15.98,15.12,2.14,26.61,0.01
US-xSC,-78.1395,38.8929,2020,6,27,32.44,20.62,18.68,2.28,25.24,1.19
US-xSC,-78.1395,38.8929,2020,6,28,31.6,20.1,19.22,1.86,18.61,0.47
US-xSC,-78.1395,38.8929,2020,6,29,32.7,19.74,16.97,1.99,28.26,0.01
US-xSC,-78.1395,38.8929,2020,6,30,32.74,19.65,16.44,1.18,27.03,2.07
US-xSC,-78.1395,38.8929,2020,7,1,30.91,18.3,16.96,1.32,25.11,0.8
US-xSC,-78.1395,38.8929,2020,7,2,33.05,18.22,15.53,1.74,28.03,0.01
US-xSC,-78.1395,38.8929,2020,7,3,35.78,20.6,16.36,1.8,28.15,0
US-xSC,-78.1395,38.8929,2020,7,4,35.15,21.25,17.43,1.31,26.85,0.01
US-xSC,-78.1395,38.8929,2020,7,5,36.04,21.38,18.6,1.33,21.68,1.14
US-xSC,-78.1395,38.8929,2020,7,6,35.94,22.5,19.92,1.31,22.34,6.83
US-xSC,-78.1395,38.8929,2020,7,7,35.48,21.25,19.06,1.22,24.93,1.41
US-xSC,-78.1395,38.8929,2020,7,8,35.15,20.93,18.43,1.58,25.38,1.22
US-xSC,-78.1395,38.8929,2020,7,9,34.09,21.01,18.02,1.75,27.63,0.05
US-xSC,-78.1395,38.8929,2020,7,10,35.61,19.23,18.61,1.06,27.18,0.63
US-xSC,-78.1395,38.8929,2020,7,11,32.86,21.18,17.33,2.37,25.53,0.62
US-xSC,-78.1395,38.8929,2020,7,12,31.98,18.36,16.01,1.58,20.52,2.77
US-xSC,-78.1395,38.8929,2020,7,13,32.72,18.46,16.22,1.2,27.53,0.71
US-xSC,-78.1395,38.8929,2020,7,14,32.98,18.61,12.9,1.44,28.46,0.01
US-xSC,-78.1395,38.8929,2020,7,15,34.4,17.86,14.4,1.65,26.39,0.18
US-xSC,-78.1395,38.8929,2020,7,16,32.63,20.27,17.63,2.71,17.1,0.84
US-xSC,-78.1395,38.8929,2020,7,17,36.72,21.66,18.58,1.78,22.13,0.35
US-xSC,-78.1395,38.8929,2020,7,18,37.48,20.75,14.98,0.99,28.58,0
US-xSC,-78.1395,38.8929,2020,7,19,35.38,21.58,18.43,1.68,24.19,0.13
US-xSC,-78.1395,38.8929,2020,7,20,37.04,24.16,20.27,1.65,23.41,0.9
US-xSC,-78.1395,38.8929,2020,7,21,35.15,22.99,20.42,1.1,22.26,8.56
US-xSC,-78.1395,38.8929,2020,7,22,32.98,21.95,22.04,0.99,14.64,13.75
US-xSC,-78.1395,38.8929,2020,7,23,34.04,21.38,20.51,1.48,19.04,9.1
US-xSC,-78.1395,38.8929,2020,7,24,30.63,20.84,20.79,0.98,17.79,7.47
US-xSC,-78.1395,38.8929,2020,7,25,34.46,20.41,19.16,0.94,23.01,0.85
US-xSC,-78.1395,38.8929,2020,7,26,35.67,21.02,16.52,1.81,25.89,0.02
US-xSC,-78.1395,38.8929,2020,7,27,36.31,21.16,18.05,1.99,25.63,0.11
US-xSC,-78.1395,38.8929,2020,7,28,34.38,22.05,19.91,2.11,20.26,1.92
US-xSC,-78.1395,38.8929,2020,7,29,35.42,19.12,15.45,1.35,27.84,0.02
US-xSC,-78.1395,38.8929,2020,7,30,34.72,20.52,17.25,0.99,19.42,6.65
US-xSC,-78.1395,38.8929,2020,7,31,29.24,19.45,19.85,1.08,7.76,8.05
US-xSC,-78.1395,38.8929,2020,8,1,32.28,20.89,20.21,1.48,17.44,1.65
US-xSC,-78.1395,38.8929,2020,8,2,34.02,22.1,19.27,2.43,23.72,1.11
US-xSC,-78.1395,38.8929,2020,8,3,29.47,19.54,18.67,1.25,10.87,17.75
US-xSC,-78.1395,38.8929,2020,8,4,30.25,19.53,18.8,2.3,23.34,21.76
US-xSC,-78.1395,38.8929,2020,8,5,30.27,17.72,17.29,1.15,23.67,0.48
US-xSC,-78.1395,38.8929,2020,8,6,26.43,18.82,18.54,1.65,14.29,15.74
US-xSC,-78.1395,38.8929,2020,8,7,29.76,19.22,19.87,0.89,16.64,2.69
US-xSC,-78.1395,38.8929,2020,8,8,30.3,18.74,18.96,1.08,17.75,0.31
US-xSC,-78.1395,38.8929,2020,8,9,33.26,18.65,18.47,1.18,25.13,0.79
US-xSC,-78.1395,38.8929,2020,8,10,33.23,18.56,17.53,1.53,24.72,0.9
US-xSC,-78.1395,38.8929,2020,8,11,33.83,20.04,19.58,1.51,22,3.36
US-xSC,-78.1395,38.8929,2020,8,12,32.54,21.4,21.21,1.27,20.59,3.97
US-xSC,-78.1395,38.8929,2020,8,13,28.92,21.59,21.93,1.32,15.14,11.83
US-xSC,-78.1395,38.8929,2020,8,14,29.28,20.54,20.76,1.46,17.05,4.16
US-xSC,-78.1395,38.8929,2020,8,15,22.18,18.89,18.56,1.46,6.04,11.17
US-xSC,-78.1395,38.8929,2020,8,16,25.8,17.71,17.11,1.6,13.97,6.97
US-xSC,-78.1395,38.8929,2020,8,17,30.2,15.86,16.26,1.47,21.89,1.75
US-xSC,-78.1395,38.8929,2020,8,18,29.99,15.46,14.32,1.68,21.86,0.43
US-xSC,-78.1395,38.8929,2020,8,19,28.41,16.26,14.56,1.49,20.55,3.23
US-xSC,-78.1395,38.8929,2020,8,20,28.48,13.74,14.82,1.63,22.37,0.05
US-xSC,-78.1395,38.8929,2020,8,21,24.84,19.3,19.93,1.42,12.19,0.47
US-xSC,-78.1395,38.8929,2020,8,22,29.82,20.14,19.24,1.03,16.66,2.18
US-xSC,-78.1395,38.8929,2020,8,23,32.23,19.3,19.67,1.22,21.42,2.01
US-xSC,-78.1395,38.8929,2020,8,24,31.84,19.99,19.97,1.35,20.32,2.79
US-xSC,-78.1395,38.8929,2020,8,25,32.54,19.68,19.41,2.48,21.38,2.27
US-xSC,-78.1395,38.8929,2020,8,26,31.7,17.16,16.57,1.88,21.85,0.02
US-xSC,-78.1395,38.8929,2020,8,27,32.93,20.98,20.09,2.66,17.31,0.31
US-xSC,-78.1395,38.8929,2020,8,28,30.67,21.95,21.48,1.59,16.91,8.71
US-xSC,-78.1395,38.8929,2020,8,29,30.27,19.4,20.62,1.88,14.89,18.97
US-xSC,-78.1395,38.8929,2020,8,30,28.27,15.74,13.08,1.52,24.41,0.04
US-xSC,-78.1395,38.8929,2020,8,31,21.72,16.71,16.89,2.16,3.75,18.88
US-xSC,-78.1395,38.8929,2020,9,1,25.48,16.9,19.51,1.62,6.75,5.31
US-xSC,-78.1395,38.8929,2020,9,2,29.63,20.77,22.24,1.86,13.13,5.5
US-xSC,-78.1395,38.8929,2020,9,3,30.94,20.15,21.76,1.49,16.81,9.35
US-xSC,-78.1395,38.8929,2020,9,4,28.69,17.29,19.51,1.88,17.62,1.58
US-xSC,-78.1395,38.8929,2020,9,5,27.65,12.91,11.25,1.34,23.76,0
US-xSC,-78.1395,38.8929,2020,9,6,27.65,13.23,13.09,1.66,22.58,0.04
US-xSC,-78.1395,38.8929,2020,9,7,28.34,14.24,13.62,1.92,22.06,0
US-xSC,-78.1395,38.8929,2020,9,8,29.01,14.3,14.89,1.55,21.75,0.01
US-xSC,-78.1395,38.8929,2020,9,9,27.73,18.69,19.88,1.56,12.49,8.28
US-xSC,-78.1395,38.8929,2020,9,10,29.38,20.52,21.72,1.24,12.55,7.76
US-xSC,-78.1395,38.8929,2020,9,11,27.78,17.56,18.41,1.73,15.97,0.08
US-xSC,-78.1395,38.8929,2020,9,12,24.91,15.95,16.56,2.13,5.87,0.5
US-xSC,-78.1395,38.8929,2020,9,13,28.01,13.93,17.1,1.7,16.84,0.15
US-xSC,-78.1395,38.8929,2020,9,14,24.62,13.14,14.23,2.14,16.47,0.08
US-xSC,-78.1395,38.8929,2020,9,15,21,8.78,6.55,1.52,18.67,0
US-xSC,-78.1395,38.8929,2020,9,16,21.75,6.97,9.29,2.02,16.38,0
US-xSC,-78.1395,38.8929,2020,9,17,21.97,11.44,13.63,0.83,5.83,3.1
US-xSC,-78.1395,38.8929,2020,9,18,22.85,11.9,11.71,2.3,11.8,1.08
US-xSC,-78.1395,38.8929,2020,9,19,18.24,6.57,-0.04,2.21,22.31,0
US-xSC,-78.1395,38.8929,2020,9,20,19.31,2.98,1.45,1.95,19.54,0
US-xSC,-78.1395,38.8929,2020,9,21,19.19,3.27,2.19,1.91,22.18,0
US-xSC,-78.1395,38.8929,2020,9,22,22.97,3.72,3.36,1.84,21.44,0.02
US-xSC,-78.1395,38.8929,2020,9,23,27.76,9.21,7.89,1.94,20.02,0
US-xSC,-78.1395,38.8929,2020,9,24,23.17,13.58,12.49,1.29,7.36,0
US-xSC,-78.1395,38.8929,2020,9,25,20.1,13.11,13.67,1.22,8.41,3.84
US-xSC,-78.1395,38.8929,2020,9,26,25.44,14.04,15.23,1.56,10.41,2.15
US-xSC,-78.1395,38.8929,2020,9,27,26.39,12.71,15.57,1.56,14.73,0.11
US-xSC,-78.1395,38.8929,2020,9,28,28.2,15.1,17.19,2.51,14.23,0.12
US-xSC,-78.1395,38.8929,2020,9,29,22.1,11.96,15.19,2.06,3.91,19.31
US-xSC,-78.1395,38.8929,2020,9,30,21.38,9.85,9.3,2.45,19.5,1.67
US-xSC,-78.1395,38.8929,2020,10,1,21.96,10.15,9.23,1.58,12,1.22
US-xSC,-78.1395,38.8929,2020,10,2,19.01,6.93,6.45,1.82,17.96,0.62
US-xSC,-78.1395,38.8929,2020,10,3,19.04,4.15,3.42,1.27,17.6,0
US-xSC,-78.1395,38.8929,2020,10,4,20.12,6.19,6.31,1.66,15.32,0.32
US-xSC,-78.1395,38.8929,2020,10,5,18.99,8.41,6.55,1.76,14.43,0.6
US-xSC,-78.1395,38.8929,2020,10,6,22.87,4.76,6.86,1.86,18.97,0
US-xSC,-78.1395,38.8929,2020,10,7,26.86,9.97,9.85,2.79,18.12,0.01
US-xSC,-78.1395,38.8929,2020,10,8,20.82,8.65,6.6,2.22,18.67,0
US-xSC,-78.1395,38.8929,2020,10,9,21.23,7.62,5.78,2.05,15.27,0
US-xSC,-78.1395,38.8929,2020,10,10,21.99,11.53,13.44,1.82,5.97,0.21
US-xSC,-78.1395,38.8929,2020,10,11,20.21,14.83,16.51,1.48,3.59,32.19
US-xSC,-78.1395,38.8929,2020,10,12,16.72,11.5,13.75,2.67,5.77,30.78
US-xSC,-78.1395,38.8929,2020,10,13,20.65,8.22,9.82,1.93,14.19,0.31
US-xSC,-78.1395,38.8929,2020,10,14,22.28,5.95,7.96,1.9,17.12,0
US-xSC,-78.1395,38.8929,2020,10,15,23.34,9.63,13.12,2.69,16.9,0.09
US-xSC,-78.1395,38.8929,2020,10,16,16.6,4.75,6.53,2.16,6.33,1.21
US-xSC,-78.1395,38.8929,2020,10,17,16.19,1.09,1.08,1.41,17.42,0
US-xSC,-78.1395,38.8929,2020,10,18,16.45,2.72,4.53,1.99,16.08,0
US-xSC,-78.1395,38.8929,2020,10,19,20.3,6.57,10.46,1.9,12.72,0
US-xSC,-78.1395,38.8929,2020,10,20,25.23,9.89,13.66,1.66,13.75,0
US-xSC,-78.1395,38.8929,2020,10,21,26.17,10.97,14.98,1.7,15.67,0.01
US-xSC,-78.1395,38.8929,2020,10,22,25.7,13.63,15.27,1.6,14.53,0.01
US-xSC,-78.1395,38.8929,2020,10,23,24.62,13.11,15.49,1.87,13.26,0.01
US-xSC,-78.1395,38.8929,2020,10,24,21.55,9.95,11.58,2.28,6.5,0.06
US-xSC,-78.1395,38.8929,2020,10,25,9.28,5.72,4.74,1.78,3.93,7.84
US-xSC,-78.1395,38.8929,2020,10,26,21.45,6.53,10.64,1.02,10.17,0.11
US-xSC,-78.1395,38.8929,2020,10,27,20.34,10.53,11.06,1.42,7.73,0.09
US-xSC,-78.1395,38.8929,2020,10,28,22.76,10.46,13.61,1.34,7.27,0.3
US-xSC,-78.1395,38.8929,2020,10,29,18.3,8.13,12.43,1.99,4.22,56.81
US-xSC,-78.1395,38.8929,2020,10,30,11.93,3.2,5.08,2.7,8.51,1.42
US-xSC,-78.1395,38.8929,2020,10,31,10.75,0.19,1.73,1.79,10.98,0.07
US-xSC,-78.1395,38.8929,2020,11,1,17.05,1.71,3.47,3.49,8.08,5.1
US-xSC,-78.1395,38.8929,2020,11,2,7.63,0.15,-5.15,4.26,14.2,0
US-xSC,-78.1395,38.8929,2020,11,3,15.1,1.97,0.04,2.79,13.79,0
US-xSC,-78.1395,38.8929,2020,11,4,17.93,4.91,4.8,1.93,13.31,0
US-xSC,-78.1395,38.8929,2020,11,5,19.42,4.91,7.83,1.75,12.57,0
US-xSC,-78.1395,38.8929,2020,11,6,21.66,8,8.97,1.53,13.17,0
US-xSC,-78.1395,38.8929,2020,11,7,21.57,6.11,8.2,1.82,12.97,0
US-xSC,-78.1395,38.8929,2020,11,8,22.45,7.33,11.37,1.73,13.09,0
US-xSC,-78.1395,38.8929,2020,11,9,22.43,8.8,12.97,1.72,12.77,0
US-xSC,-78.1395,38.8929,2020,11,10,22.7,10.27,14.3,2.19,10.66,0.11
US-xSC,-78.1395,38.8929,2020,11,11,21.13,14.94,18.18,2.56,2.3,51.78
US-xSC,-78.1395,38.8929,2020,11,12,18.46,6.29,8.94,2.26,1.98,18.76
US-xSC,-78.1395,38.8929,2020,11,13,15.35,4.4,5.34,1.65,10.47,0
US-xSC,-78.1395,38.8929,2020,11,14,14.07,1.46,2.86,1.57,10.97,0
US-xSC,-78.1395,38.8929,2020,11,15,17.79,4.33,7.93,3.78,4.05,2.55
US-xSC,-78.1395,38.8929,2020,11,16,12.34,1.14,0.16,2.99,12.99,0
US-xSC,-78.1395,38.8929,2020,11,17,8.21,-0.68,-2.06,3.72,9.3,0
US-xSC,-78.1395,38.8929,2020,11,18,5.97,-3.69,-5.14,2.17,12.12,0
US-xSC,-78.1395,38.8929,2020,11,19,11.01,-3.56,-0.79,2.77,11.42,0
US-xSC,-78.1395,38.8929,2020,11,20,18.19,1.89,5.98,1.96,11.64,0
US-xSC,-78.1395,38.8929,2020,11,21,16.52,7.16,9.8,1.68,5.68,0
US-xSC,-78.1395,38.8929,2020,11,22,12.43,8.13,8.06,2.31,6.06,0.16
US-xSC,-78.1395,38.8929,2020,11,23,10.52,0.85,2.09,3.53,9.95,2.09
US-xSC,-78.1395,38.8929,2020,11,24,9.43,-2.13,-0.72,1.55,9.89,0
US-xSC,-78.1395,38.8929,2020,11,25,13.36,2.36,4.81,2.48,6.44,0.81
US-xSC,-78.1395,38.8929,2020,11,26,17.69,5.68,10.37,2.4,8.79,0.51
US-xSC,-78.1395,38.8929,2020,11,27,15.27,4.35,6.51,1.13,5.62,0.02
US-xSC,-78.1395,38.8929,2020,11,28,12.75,0.27,2.95,2.14,10.52,0
US-xSC,-78.1395,38.8929,2020,11,29,12.06,-2.41,1.35,1.89,10.83,0.01
US-xSC,-78.1395,38.8929,2020,11,30,16.14,2.55,8.08,2.51,4.53,32.93
US-xSC,-78.1395,38.8929,2020,12,1,3.49,-0.17,-2.87,3.3,6.14,0.17
US-xSC,-78.1395,38.8929,2020,12,2,6.19,-3.16,-4.27,3.13,11.27,0.04
US-xSC,-78.1395,38.8929,2020,12,3,9.68,-4.11,-1.79,1.82,8.74,0
US-xSC,-78.1395,38.8929,2020,12,4,7.43,-0.8,3.13,1.62,2.74,8.16
US-xSC,-78.1395,38.8929,2020,12,5,7.13,-0.98,0.68,3.45,4.08,12.73
US-xSC,-78.1395,38.8929,2020,12,6,5.48,-4.71,-3.34,2.16,10.32,0.04
US-xSC,-78.1395,38.8929,2020,12,7,3.62,-4.64,-5.02,2.2,4.8,0
US-xSC,-78.1395,38.8929,2020,12,8,4.92,-4.79,-4.32,3.27,10.71,0
US-xSC,-78.1395,38.8929,2020,12,9,7.34,-4.74,-1.67,1.87,8.12,0
US-xSC,-78.1395,38.8929,2020,12,10,10.62,-2.34,0.93,1.68,10.15,0
US-xSC,-78.1395,38.8929,2020,12,11,14.57,0.06,5.19,2.15,10.06,0
US-xSC,-78.1395,38.8929,2020,12,12,15.03,3.66,6.74,2.21,8.2,0.02
US-xSC,-78.1395,38.8929,2020,12,13,12.69,1.34,5.77,2.09,9.61,0.04
US-xSC,-78.1395,38.8929,2020,12,14,2.63,-4.35,-0.17,2.34,2.85,23.68
US-xSC,-78.1395,38.8929,2020,12,15,2.29,-6.67,-6.23,1.8,9.86,0.13
US-xSC,-78.1395,38.8929,2020,12,16,-1.75,-5.64,-4.18,2.49,1.73,19.19
US-xSC,-78.1395,38.8929,2020,12,17,0.47,-8.66,-4.31,1.94,5.29,1.23
US-xSC,-78.1395,38.8929,2020,12,18,0.97,-8.49,-3.89,2.08,5.19,1.48
US-xSC,-78.1395,38.8929,2020,12,19,0.56,-7.43,-3.63,1.64,5.85,0.07
US-xSC,-78.1395,38.8929,2020,12,20,3.36,-3.43,-1.19,1.83,6.77,0.99
US-xSC,-78.1395,38.8929,2020,12,21,5.29,-0.93,1.1,1.76,7.19,1.5
US-xSC,-78.1395,38.8929,2020,12,22,5.54,-2.91,-0.2,3.08,6.98,0.01
US-xSC,-78.1395,38.8929,2020,12,23,5.28,-3.09,-0.14,2.56,7.86,0
US-xSC,-78.1395,38.8929,2020,12,24,14.35,2.32,9.69,4.28,2.02,26.61
US-xSC,-78.1395,38.8929,2020,12,25,6.28,-7.44,-8.73,4.45,6.08,14.35
US-xSC,-78.1395,38.8929,2020,12,26,0.04,-7.68,-9.2,2.68,8.18,0.01
US-xSC,-78.1395,38.8929,2020,12,27,3.32,-7.5,-4.26,2.03,10.01,0
US-xSC,-78.1395,38.8929,2020,12,28,10.01,-1.15,1.21,2.57,8.89,0
US-xSC,-78.1395,38.8929,2020,12,29,2.58,-3.71,-5.04,2.33,10.48,0
US-xSC,-78.1395,38.8929,2020,12,30,2.37,-3.42,-2.88,2.98,8.44,0
US-xSC,-78.1395,38.8929,2020,12,31,2.74,-1.89,0.69,1.86,4.24,2.23
US-xSC,-78.1395,38.8929,2021,1,1,0.41,-2.73,-1.72,1.85,1.54,19.73
US-xSC,-78.1395,38.8929,2021,1,2,7.19,-0.72,1.53,2.25,7.63,0.29
US-xSC,-78.1395,38.8929,2021,1,3,2.26,-1.37,0.25,1.6,2.08,5.78
US-xSC,-78.1395,38.8929,2021,1,4,5.79,-2.12,-0.55,1.75,3.03,0.17
US-xSC,-78.1395,38.8929,2021,1,5,3.63,-2.17,-1.05,1.85,5.08,0.29
US-xSC,-78.1395,38.8929,2021,1,6,4.28,-2.61,-1.88,2.96,6.53,0
US-xSC,-78.1395,38.8929,2021,1,7,5.1,-3.34,-2.69,2.26,10.41,0
US-xSC,-78.1395,38.8929,2021,1,8,1.46,-2.46,-3.16,1.98,3.86,0
US-xSC,-78.1395,38.8929,2021,1,9,4.07,-3.29,-4.24,3.64,10.81,0
US-xSC,-78.1395,38.8929,2021,1,10,5.76,-3.72,-3.57,2.57,11.07,0
US-xSC,-78.1395,38.8929,2021,1,11,2.91,-3.31,-2.23,1.38,4.42,0
US-xSC,-78.1395,38.8929,2021,1,12,7.44,-4.56,-3.05,1.68,11.35,0
US-xSC,-78.1395,38.8929,2021,1,13,7.86,-3.59,-1.7,1.84,10.8,0
US-xSC,-78.1395,38.8929,2021,1,14,9.57,-1.38,-0.39,1.85,10.27,0
US-xSC,-78.1395,38.8929,2021,1,15,6.99,-2.18,1.69,2.32,4.47,3.43
US-xSC,-78.1395,38.8929,2021,1,16,4.22,-3.1,-1.81,2.31,5.87,0.17
US-xSC,-78.1395,38.8929,2021,1,17,6.58,-2.99,-1.61,2.49,6.36,0.08
US-xSC,-78.1395,38.8929,2021,1,18,3.62,-3.24,-3.38,2.79,5.61,0.02
US-xSC,-78.1395,38.8929,2021,1,19,6.87,-3.66,-3.28,2.63,9.85,0
US-xSC,-78.1395,38.8929,2021,1,20,3.16,-4.03,-4.3,3.33,9.47,0.02
US-xSC,-78.1395,38.8929,2021,1,21,8.1,-4.68,-2.41,2.65,11.37,0.01
US-xSC,-78.1395,38.8929,2021,1,22,5.09,-2.88,-2.84,2.84,11.71,0
US-xSC,-78.1395,38.8929,2021,1,23,-0.8,-5.8,-8.58,3.55,13.06,0
US-xSC,-78.1395,38.8929,2021,1,24,1.35,-6.61,-7.11,1.6,8.11,0.01
US-xSC,-78.1395,38.8929,2021,1,25,1.71,-3.02,-2.18,1.57,2.89,3.52
US-xSC,-78.1395,38.8929,2021,1,26,2.53,-2.09,-0.4,2.37,5.98,2.76
US-xSC,-78.1395,38.8929,2021,1,27,3.45,-3.06,-1.92,2.31,8.34,0.06
US-xSC,-78.1395,38.8929,2021,1,28,-0.76,-6.85,-7.9,5.14,12.81,0.03
US-xSC,-78.1395,38.8929,2021,1,29,-2.01,-8.66,-10.37,3.95,13.48,0
US-xSC,-78.1395,38.8929,2021,1,30,2.05,-9.66,-8.09,1.78,11.54,0
US-xSC,-78.1395,38.8929,2021,1,31,-0.46,-3.51,-3.38,2.94,2.67,7.3
US-xSC,-78.1395,38.8929,2021,2,1,-1.42,-4.81,-4.35,3.53,5.96,3.61
US-xSC,-78.1395,38.8929,2021,2,2,-0.22,-3.4,-3.94,5.41,6.25,1.42
US-xSC,-78.1395,38.8929,2021,2,3,1.55,-4.22,-3.64,5.39,11.97,0.64
US-xSC,-78.1395,38.8929,2021,2,4,6.31,-8.87,-4.94,2.8,13.15,0.03
US-xSC,-78.1395,38.8929,2021,2,5,7.82,-3.8,-1.17,2.97,12.6,1.6
US-xSC,-78.1395,38.8929,2021,2,6,5.81,-3.75,-2.48,2.45,9.26,0.05
US-xSC,-78.1395,38.8929,2021,2,7,2.78,-6.78,-2.84,2.43,7.04,7.93
US-xSC,-78.1395,38.8929,2021,2,8,2.76,-7.31,-7.14,2.15,13.87,0
US-xSC,-78.1395,38.8929,2021,2,9,8.65,-2.9,-0.72,1.83,10.02,0.01
US-xSC,-78.1395,38.8929,2021,2,10,4.57,-2.42,-2.17,1.69,3.19,3.97
US-xSC,-78.1395,38.8929,2021,2,11,0.93,-3.41,-2.19,2.13,3.64,4.73
US-xSC,-78.1395,38.8929,2021,2,12,-0.14,-5.06,-5.79,1.98,5.49,0.23
US-xSC,-78.1395,38.8929,2021,2,13,-2.59,-4.14,-4.98,1.81,4.06,3.68
US-xSC,-78.1395,38.8929,2021,2,14,1.82,-4.33,-2.69,1.55,4.87,0.55
US-xSC,-78.1395,38.8929,2021,2,15,1.39,-1.8,-1.28,2.09,3.19,3.69
US-xSC,-78.1395,38.8929,2021,2,16,3.57,-7.57,-3.27,3.34,9.79,12.49
US-xSC,-78.1395,38.8929,2021,2,17,-0.2,-9.23,-8.77,2.13,14.06,0.01
US-xSC,-78.1395,38.8929,2021,2,18,-1.58,-5.21,-5.12,1.79,3.98,10.87
US-xSC,-78.1395,38.8929,2021,2,19,1.21,-6.61,-4.23,2.63,7.83,2.64
US-xSC,-78.1395,38.8929,2021,2,20,-4.41,-10.98,-9.57,4.01,13.53,0.1
US-xSC,-78.1395,38.8929,2021,2,21,1.53,-13.02,-8.05,2.21,15.45,0.26
US-xSC,-78.1395,38.8929,2021,2,22,2.42,-5.04,-1.98,3,5.63,7.06
US-xSC,-78.1395,38.8929,2021,2,23,8.63,-3.07,-0.02,3.57,14.96,0.03
US-xSC,-78.1395,38.8929,2021,2,24,13.29,-1.91,3.45,3.13,17.28,0
US-xSC,-78.1395,38.8929,2021,2,25,10.45,-1.69,-1.04,2.83,16.14,0
US-xSC,-78.1395,38.8929,2021,2,26,6.32,-1.41,-1.25,2.19,10.98,5.03
US-xSC,-78.1395,38.8929,2021,2,27,13.96,-0.13,4.39,2.2,11.61,3.62
US-xSC,-78.1395,38.8929,2021,2,28,8.08,2.98,5.66,2.15,2.84,16.99
US-xSC,-78.1395,38.8929,2021,3,1,9.36,-1,3.02,3.81,6.3,7.24
US-xSC,-78.1395,38.8929,2021,3,2,6.54,-5.32,-7.46,2.58,19.61,0
US-xSC,-78.1395,38.8929,2021,3,3,12.6,-3.26,-1.25,2.31,17.73,0
US-xSC,-78.1395,38.8929,2021,3,4,9.32,-3.84,-1.31,3.94,17.5,0
US-xSC,-78.1395,38.8929,2021,3,5,3.93,-5.72,-7,4.05,20.5,0
US-xSC,-78.1395,38.8929,2021,3,6,5.94,-4.12,-4.95,2.95,20.28,0
US-xSC,-78.1395,38.8929,2021,3,7,6.93,-5.21,-5.93,1.96,20.57,0
US-xSC,-78.1395,38.8929,2021,3,8,12.18,-4.09,-3.93,1.97,19.76,0
US-xSC,-78.1395,38.8929,2021,3,9,17.97,-0.19,4.33,2.59,15,0
US-xSC,-78.1395,38.8929,2021,3,10,19.51,1.84,6.47,2.15,19.7,0
US-xSC,-78.1395,38.8929,2021,3,11,21.29,6.76,10.1,2.78,19.31,0
US-xSC,-78.1395,38.8929,2021,3,12,17.68,7.37,8.59,2.81,8.79,0.08
US-xSC,-78.1395,38.8929,2021,3,13,14.34,0.56,-0.67,2.34,17.24,0
US-xSC,-78.1395,38.8929,2021,3,14,13.88,-0.35,-0.63,4.11,19.35,0
US-xSC,-78.1395,38.8929,2021,3,15,7.83,-5.2,-5.89,2.36,18.13,0.04
US-xSC,-78.1395,38.8929,2021,3,16,7.19,0.14,1.9,2.71,10.64,0.21
US-xSC,-78.1395,38.8929,2021,3,17,10.31,3.28,5.04,1.43,10.87,0.46
US-xSC,-78.1395,38.8929,2021,3,18,13.05,4.12,7.51,3.02,5.24,11.93
US-xSC,-78.1395,38.8929,2021,3,19,7.86,-2.68,-3.58,4.12,22.59,0.01
US-xSC,-78.1395,38.8929,2021,3,20,11.74,-5.05,-3.89,1.78,21.85,0.09
US-xSC,-78.1395,38.8929,2021,3,21,15.28,0.95,-0.63,1.76,22.95,0
US-xSC,-78.1395,38.8929,2021,3,22,15.67,1.21,0.41,1.82,20.87,0
US-xSC,-78.1395,38.8929,2021,3,23,15.9,2.09,8.14,2.08,9.26,0.35
US-xSC,-78.1395,38.8929,2021,3,24,15.37,8.43,10.61,1.23,7.83,10.68
US-xSC,-78.1395,38.8929,2021,3,25,19.09,7.47,12.85,2.11,9.79,0.43
US-xSC,-78.1395,38.8929,2021,3,26,20.64,8.08,12.21,4.36,22.32,0.21
US-xSC,-78.1395,38.8929,2021,3,27,20.2,5.02,10.02,2.05,15.61,0.67
US-xSC,-78.1395,38.8929,2021,3,28,22.51,4.87,10.25,4.62,7.36,8.74
US-xSC,-78.1395,38.8929,2021,3,29,13.51,1.46,-0.49,3.16,22.62,0.02
US-xSC,-78.1395,38.8929,2021,3,30,18.37,0.4,5.3,2.98,24.12,0
US-xSC,-78.1395,38.8929,2021,3,31,17.69,8.54,11.78,2.78,5.9,17.39
US-xSC,-78.1395,38.8929,2021,4,1,7.36,-2.19,-1.92,4.42,16.27,2.13
US-xSC,-78.1395,38.8929,2021,4,2,5.77,-4.69,-7.32,3.98,24.2,0
US-xSC,-78.1395,38.8929,2021,4,3,13.03,-4.63,-4.23,1.8,24.01,0
US-xSC,-78.1395,38.8929,2021,4,4,19.09,2.1,4.45,2.99,24.19,0
US-xSC,-78.1395,38.8929,2021,4,5,21.02,1.91,4.99,1.91,22.48,0
US-xSC,-78.1395,38.8929,2021,4,6,24.59,6.58,10.21,1.7,20.77,0
US-xSC,-78.1395,38.8929,2021,4,7,25.68,10,13.35,2.02,19.3,0.02
US-xSC,-78.1395,38.8929,2021,4,8,20.55,9.08,9.66,2.95,21.15,4.36
US-xSC,-78.1395,38.8929,2021,4,9,19.16,9.64,11.95,1.96,10.38,6.43
US-xSC,-78.1395,38.8929,2021,4,10,21.83,10.03,13.19,2.16,14.19,4.24
US-xSC,-78.1395,38.8929,2021,4,11,23.44,12.86,13.65,2.55,22.4,10.65
US-xSC,-78.1395,38.8929,2021,4,12,19.13,9.15,9.83,1.44,11.6,3.17
US-xSC,-78.1395,38.8929,2021,4,13,19.25,7.29,9.01,1.78,21.73,0.02
US-xSC,-78.1395,38.8929,2021,4,14,13.9,8.5,10.07,1.1,7.02,6.93
US-xSC,-78.1395,38.8929,2021,4,15,15.52,4.79,4.77,3.01,15.64,0.04
US-xSC,-78.1395,38.8929,2021,4,16,13.39,2.99,2.63,3.11,21.72,0.01
US-xSC,-78.1395,38.8929,2021,4,17,15.47,1.23,4.47,1.88,17.31,0
US-xSC,-78.1395,38.8929,2021,4,18,17.46,2.4,5.62,1.46,14.29,0.35
US-xSC,-78.1395,38.8929,2021,4,19,17.74,5.19,6.11,1.41,18.4,0.26
US-xSC,-78.1395,38.8929,2021,4,20,21.72,6.11,8.24,2.75,26.87,0
US-xSC,-78.1395,38.8929,2021,4,21,13.37,1.24,2.49,4.15,19.1,0.15
US-xSC,-78.1395,38.8929,2021,4,22,9.37,-0.36,-2.92,3.32,19.44,0
US-xSC,-78.1395,38.8929,2021,4,23,15.02,-0.6,1,2.35,22.15,0
US-xSC,-78.1395,38.8929,2021,4,24,14.42,1.75,4.31,1.59,11.57,10.48
US-xSC,-78.1395,38.8929,2021,4,25,17.19,6.37,7.37,2.8,15.79,3.97
US-xSC,-78.1395,38.8929,2021,4,26,18.91,2.57,2.8,2.29,27.79,0
US-xSC,-78.1395,38.8929,2021,4,27,27.39,6.78,13.26,2.19,25.87,0
US-xSC,-78.1395,38.8929,2021,4,28,27.67,16.1,17.22,2.32,21.1,0.02
US-xSC,-78.1395,38.8929,2021,4,29,26.36,16.55,16.97,2.79,11.73,1.58
US-xSC,-78.1395,38.8929,2021,4,30,18.89,6.52,5.77,5.12,26.8,0.76
US-xSC,-78.1395,38.8929,2021,5,1,18.86,2.87,0.61,2.88,30.11,0
US-xSC,-78.1395,38.8929,2021,5,2,26.63,9.2,11.34,2.44,24.37,0
US-xSC,-78.1395,38.8929,2021,5,3,22.41,13.97,16.56,1.93,13.22,7.87
US-xSC,-78.1395,38.8929,2021,5,4,26.81,15.91,18.44,2.01,16.49,6.25
US-xSC,-78.1395,38.8929,2021,5,5,23.22,8.39,13.23,2.83,20.67,4.61
US-xSC,-78.1395,38.8929,2021,5,6,16.99,4.87,3.66,2.06,26.15,0.01
US-xSC,-78.1395,38.8929,2021,5,7,15.05,4.01,5.51,1.87,11.38,4.29
US-xSC,-78.1395,38.8929,2021,5,8,14.04,3.44,3.46,2.76,26.6,1.95
US-xSC,-78.1395,38.8929,2021,5,9,18.87,4.41,7.32,2.99,17.61,1.35
US-xSC,-78.1395,38.8929,2021,5,10,17.69,7.42,5.46,2.84,23.07,0.01
US-xSC,-78.1395,38.8929,2021,5,11,19.05,6.52,5.24,2.21,22.32,0.01
US-xSC,-78.1395,38.8929,2021,5,12,17.63,3.61,3.5,2.1,22.48,0
US-xSC,-78.1395,38.8929,2021,5,13,19.54,5.35,3.81,1.87,28.15,0
US-xSC,-78.1395,38.8929,2021,5,14,20.88,6.46,5.92,1.3,19.37,0.02
US-xSC,-78.1395,38.8929,2021,5,15,23.33,7.43,6.23,1.37,24.62,0
US-xSC,-78.1395,38.8929,2021,5,16,16.8,10.57,9.56,1.5,8.51,0.86
US-xSC,-78.1395,38.8929,2021,5,17,21.09,9.96,9.53,1.2,21.53,0
US-xSC,-78.1395,38.8929,2021,5,18,25.41,10.99,10.71,1.67,25.09,0
US-xSC,-78.1395,38.8929,2021,5,19,27.97,11.25,12.15,1.53,29.37,0
US-xSC,-78.1395,38.8929,2021,5,20,31.01,13.87,13.23,1.76,28.42,0
US-xSC,-78.1395,38.8929,2021,5,21,29.7,12.76,11.9,1.61,29.27,0
US-xSC,-78.1395,38.8929,2021,5,22,30.4,15.77,13.71,2.22,20.43,0
US-xSC,-78.1395,38.8929,2021,5,23,31.12,16.42,15.89,2.76,23.93,0.01
US-xSC,-78.1395,38.8929,2021,5,24,21.88,14.77,16.8,2.16,8.05,7.53
US-xSC,-78.1395,38.8929,2021,5,25,29.76,13.76,16.35,1.95,20.08,0.48
US-xSC,-78.1395,38.8929,2021,5,26,32.32,18.72,18.74,1.84,23.83,7.92
US-xSC,-78.1395,38.8929,2021,5,27,28.86,17.44,15.25,1.86,27.98,0.06
US-xSC,-78.1395,38.8929,2021,5,28,25.25,15.21,16.15,1.57,13.41,15.06
US-xSC,-78.1395,38.8929,2021,5,29,17.51,8.85,9.56,2.66,8.18,7
US-xSC,-78.1395,38.8929,2021,5,30,15.16,7.09,7.33,1.9,10.26,1.82
US-xSC,-78.1395,38.8929,2021,5,31,23.74,7.23,8.7,1.48,27.25,0
US-xSC,-78.1395,38.8929,2021,6,1,26.15,11.37,12.98,1.29,22.53,0.01
US-xSC,-78.1395,38.8929,2021,6,2,25.84,16.28,14.95,1.92,20.26,0.12
US-xSC,-78.1395,38.8929,2021,6,3,29.11,16.4,17.17,1.75,14.12,3.42
US-xSC,-78.1395,38.8929,2021,6,4,28.65,17.96,16.58,1.86,25.99,3.08
US-xSC,-78.1395,38.8929,2021,6,5,33.17,16.67,16.21,1.82,29.03,0.45
US-xSC,-78.1395,38.8929,2021,6,6,32.88,17.97,18.06,1.32,24.33,0.09
US-xSC,-78.1395,38.8929,2021,6,7,33.04,20.91,19.56,1.74,19.41,0.11
US-xSC,-78.1395,38.8929,2021,6,8,33.1,21.37,20.25,1.09,21.09,2.12
US-xSC,-78.1395,38.8929,2021,6,9,29.27,21,20.01,1.69,14.41,2
US-xSC,-78.1395,38.8929,2021,6,10,30.83,19.19,19.84,1.14,16.79,18.83
US-xSC,-78.1395,38.8929,2021,6,11,23.04,17.46,19.54,2.25,9.09,26.28
US-xSC,-78.1395,38.8929,2021,6,12,26.89,16.05,17.39,1.44,15.31,1.17
US-xSC,-78.1395,38.8929,2021,6,13,28.76,17.51,19.41,1.54,15.26,2.55
US-xSC,-78.1395,38.8929,2021,6,14,31.26,18.54,17.51,1.7,28.34,4.48
US-xSC,-78.1395,38.8929,2021,6,15,26.06,14.42,14.1,2.42,25.76,2.94
US-xSC,-78.1395,38.8929,2021,6,16,24.8,13.94,9.35,2.25,31.06,0
US-xSC,-78.1395,38.8929,2021,6,17,25.97,10.18,6.7,1.83,32.04,0
US-xSC,-78.1395,38.8929,2021,6,18,30.47,12.54,12.25,2.14,27.26,0.07
US-xSC,-78.1395,38.8929,2021,6,19,28.72,20.61,19.72,1.59,14.73,0.67
US-xSC,-78.1395,38.8929,2021,6,20,32.5,19.01,19.66,1.6,25,0.23
US-xSC,-78.1395,38.8929,2021,6,21,33.75,20.98,20.54,1.77,23.45,7
US-xSC,-78.1395,38.8929,2021,6,22,22.69,12.67,14.73,2.3,9.91,8.71
US-xSC,-78.1395,38.8929,2021,6,23,24.8,9.36,7.58,1.42,30.11,0
US-xSC,-78.1395,38.8929,2021,6,24,26.59,11.85,9.22,1.92,30.32,0
US-xSC,-78.1395,38.8929,2021,6,25,28.37,11.38,12.97,2.15,29.76,0.14
US-xSC,-78.1395,38.8929,2021,6,26,30.69,17.72,18.45,2.2,23.89,0.29
US-xSC,-78.1395,38.8929,2021,6,27,31.93,19.49,20.13,1.95,25.04,0.61
US-xSC,-78.1395,38.8929,2021,6,28,35.19,20.6,19.44,1.66,26.79,0.19
US-xSC,-78.1395,38.8929,2021,6,29,36.37,21.13,19.03,1.68,28.76,0
US-xSC,-78.1395,38.8929,2021,6,30,36.62,21.39,19.11,1.57,28.17,1.44
US-xSC,-78.1395,38.8929,2021,7,1,30.89,20.63,20.25,1.89,15.89,7.51
US-xSC,-78.1395,38.8929,2021,7,2,27.52,16.05,14.74,2.21,21.3,13.78
US-xSC,-78.1395,38.8929,2021,7,3,26.11,14.14,12.92,2.5,24.05,1.15
US-xSC,-78.1395,38.8929,2021,7,4,30.09,14.45,14.4,1.3,23.12,0.19
US-xSC,-78.1395,38.8929,2021,7,5,34.06,18.13,16.47,1.15,25.72,0.03
US-xSC,-78.1395,38.8929,2021,7,6,36.35,19.81,18.19,1.62,26.68,0.01
US-xSC,-78.1395,38.8929,2021,7,7,35.75,21.78,18.98,1.24,21.21,0.36
US-xSC,-78.1395,38.8929,2021,7,8,27.63,20.03,20.68,1.34,10.85,5.61
US-xSC,-78.1395,38.8929,2021,7,9,32.8,18.3,18.82,1.55,22.98,3.2
US-xSC,-78.1395,38.8929,2021,7,10,30.82,17.81,13.02,1.45,25.42,0.01
US-xSC,-78.1395,38.8929,2021,7,11,33.28,19.79,18.57,2.27,21.27,1.21
US-xSC,-78.1395,38.8929,2021,7,12,34.91,21.44,20.45,1.52,24.51,5.8
US-xSC,-78.1395,38.8929,2021,7,13,34.55,22.2,18.98,2.13,27.45,0.1
US-xSC,-78.1395,38.8929,2021,7,14,33.73,20.81,18.46,1.4,20.4,2.38
US-xSC,-78.1395,38.8929,2021,7,15,34.25,19.93,18.52,1.3,22.88,0.76
US-xSC,-78.1395,38.8929,2021,7,16,36.08,20.79,17.8,1.36,25.52,0.19
US-xSC,-78.1395,38.8929,2021,7,17,35.41,22.14,19.61,1.59,21.52,9.54
US-xSC,-78.1395,38.8929,2021,7,18,28.72,18.65,16.24,2.41,22.79,0.48
US-xSC,-78.1395,38.8929,2021,7,19,32.8,18.39,15.32,0.93,22.31,0.03
US-xSC,-78.1395,38.8929,2021,7,20,34.22,18.65,15.15,1.03,23.4,0.01
US-xSC,-78.1395,38.8929,2021,7,21,32.12,19.99,16.33,2.04,19.41,2.58
US-xSC,-78.1395,38.8929,2021,7,22,29.37,16.76,10.85,1.44,25.89,0.06
US-xSC,-78.1395,38.8929,2021,7,23,31.09,15.91,11.9,1.29,24.33,0
US-xSC,-78.1395,38.8929,2021,7,24,32.52,17.84,15.45,1.91,20.01,0.37
US-xSC,-78.1395,38.8929,2021,7,25,34.51,20.76,19.33,1.65,17.12,2.12
US-xSC,-78.1395,38.8929,2021,7,26,35.16,21.44,18.96,1.01,19.33,3.45
US-xSC,-78.1395,38.8929,2021,7,27,35.53,18.05,14.45,1.3,26.41,0.01
US-xSC,-78.1395,38.8929,2021,7,28,34.85,19.67,15.04,1.5,24.73,1.47
US-xSC,-78.1395,38.8929,2021,7,29,34.5,19.54,17.63,1.4,14.62,2.03
US-xSC,-78.1395,38.8929,2021,7,30,32.66,21.11,15.93,2.34,23.03,0.79
US-xSC,-78.1395,38.8929,2021,7,31,30.91,17.37,11.37,0.99,20.85,0
US-xSC,-78.1395,38.8929,2021,8,1,29.8,19.16,14.7,1.08,15.79,3.85
US-xSC,-78.1395,38.8929,2021,8,2,29.26,15.75,12.52,1.75,24.55,0.08
US-xSC,-78.1395,38.8929,2021,8,3,28.95,17.13,11.69,1.44,18.55,0.05
US-xSC,-78.1395,38.8929,2021,8,4,29.41,16.63,13.66,1.81,25.74,0.1
US-xSC,-78.1395,38.8929,2021,8,5,32.11,16.35,13.09,1.32,22.39,0.14
US-xSC,-78.1395,38.8929,2021,8,6,34.41,17.97,13.75,1.78,23.46,0
US-xSC,-78.1395,38.8929,2021,8,7,27.49,18.34,14.09,1.07,11.31,0.95
US-xSC,-78.1395,38.8929,2021,8,8,34.37,16.85,13.47,0.81,21.49,1.03
US-xSC,-78.1395,38.8929,2021,8,9,35.32,20.57,16.69,1.37,21.66,0.51
US-xSC,-78.1395,38.8929,2021,8,10,35.68,21.15,19.64,1.43,18.39,3.9
US-xSC,-78.1395,38.8929,2021,8,11,36.65,21.53,20.66,1.56,17.91,5.83
US-xSC,-78.1395,38.8929,2021,8,12,37.55,22.14,19.84,1.59,23.98,1.08
US-xSC,-78.1395,38.8929,2021,8,13,34.94,23.1,20.51,1.18,14.67,8.31
US-xSC,-78.1395,38.8929,2021,8,14,32.87,21.67,21.08,0.99,16.21,5.66
US-xSC,-78.1395,38.8929,2021,8,15,27.67,19.72,17.6,1.51,8.74,7.31
US-xSC,-78.1395,38.8929,2021,8,16,27.53,21.41,21.6,2.05,12.43,14.7
US-xSC,-78.1395,38.8929,2021,8,17,31.38,21.68,21.11,1.78,13.71,7.17
US-xSC,-78.1395,38.8929,2021,8,18,30.95,22.41,22.51,2.7,16.22,11.05
US-xSC,-78.1395,38.8929,2021,8,19,32.85,21.03,20.32,1.73,18.37,3.98
US-xSC,-78.1395,38.8929,2021,8,20,28.43,20.98,20.41,1.59,15.56,11.35
US-xSC,-78.1395,38.8929,2021,8,21,31.55,19.02,18.87,1.09,23.03,1.02
US-xSC,-78.1395,38.8929,2021,8,22,29.46,20.3,19.3,1.2,19.32,0.88
US-xSC,-78.1395,38.8929,2021,8,23,34.41,20.4,18.45,2.05,22.19,0.55
US-xSC,-78.1395,38.8929,2021,8,24,35.87,20.83,17.52,1.25,24.16,0.05
US-xSC,-78.1395,38.8929,2021,8,25,35.72,20.29,17.87,1.18,22.13,3.39
US-xSC,-78.1395,38.8929,2021,8,26,34.31,20.56,20.54,0.99,20.62,5.04
US-xSC,-78.1395,38.8929,2021,8,27,33.37,21.02,21.25,0.95,20.99,5.68
US-xSC,-78.1395,38.8929,2021,8,28,33.51,20.67,21.05,1.32,21.65,7.18
US-xSC,-78.1395,38.8929,2021,8,29,33.55,21.17,20.28,0.95,14.03,3.09
US-xSC,-78.1395,38.8929,2021,8,30,32.6,20.44,20.29,1.28,18.46,1.91
US-xSC,-78.1395,38.8929,2021,8,31,29.86,21.24,20.56,0.96,9.86,9.55
US-xSC,-78.1395,38.8929,2021,9,1,25.28,16.83,20.88,2.6,6.13,49.36
US-xSC,-78.1395,38.8929,2021,9,2,23.97,12.94,11.83,2.69,25.43,0.01
US-xSC,-78.1395,38.8929,2021,9,3,24.42,10.57,11.38,1.52,24.6,0.04
US-xSC,-78.1395,38.8929,2021,9,4,26.59,14.91,13.49,1.23,22.29,0.02
US-xSC,-78.1395,38.8929,2021,9,5,25.93,16.94,18,1.74,8.09,1.42
US-xSC,-78.1395,38.8929,2021,9,6,27.77,15.86,15.07,2.03,22.69,0.5
US-xSC,-78.1395,38.8929,2021,9,7,29.65,14.14,14.88,1.7,22.83,0.05
US-xSC,-78.1395,38.8929,2021,9,8,30.25,16.26,17.29,1.91,20.13,4.95
US-xSC,-78.1395,38.8929,2021,9,9,25.94,15.36,15.73,1.65,13.36,12.01
US-xSC,-78.1395,38.8929,2021,9,10,23.79,12.74,11.65,2.36,20.49,0.01
US-xSC,-78.1395,38.8929,2021,9,11,25.1,11.52,12.64,1.78,20.01,0
US-xSC,-78.1395,38.8929,2021,9,12,30.49,15.21,15.63,2,17.87,0
US-xSC,-78.1395,38.8929,2021,9,13,30.89,18,17.86,1.61,17.81,0.03
US-xSC,-78.1395,38.8929,2021,9,14,31,17.5,17.82,1.46,17.19,0
US-xSC,-78.1395,38.8929,2021,9,15,31.8,18.01,18.07,1.76,19.23,0.97
US-xSC,-78.1395,38.8929,2021,9,16,27.77,19.45,20.29,1.56,12.39,15.01
US-xSC,-78.1395,38.8929,2021,9,17,27.87,19.48,19.31,1.42,12.68,1.26
US-xSC,-78.1395,38.8929,2021,9,18,30.75,18.82,18.16,0.94,17.28,0.04
US-xSC,-78.1395,38.8929,2021,9,19,28.59,16.5,16.41,1.6,18.91,0.01
US-xSC,-78.1395,38.8929,2021,9,20,26.38,14.64,14.63,1.97,8.8,0.03
US-xSC,-78.1395,38.8929,2021,9,21,23.9,13.61,17.15,1.78,8.2,0.29
US-xSC,-78.1395,38.8929,2021,9,22,23.98,19.59,20.64,3.58,4.64,33.14
US-xSC,-78.1395,38.8929,2021,9,23,21.95,10.79,12.75,1.99,17.59,24.04
US-xSC,-78.1395,38.8929,2021,9,24,22.23,8.49,7.79,1.2,21.63,0
US-xSC,-78.1395,38.8929,2021,9,25,22.39,11.32,9.75,1.47,18.05,0.04
US-xSC,-78.1395,38.8929,2021,9,26,22.21,9.58,9.87,2.2,20.8,0.07
US-xSC,-78.1395,38.8929,2021,9,27,25.64,9.72,11.13,1.97,19.96,0.03
US-xSC,-78.1395,38.8929,2021,9,28,26.1,14.82,16.43,1.99,12.35,0.6
US-xSC,-78.1395,38.8929,2021,9,29,22.4,12.11,10.52,1.52,18.66,0.01
US-xSC,-78.1395,38.8929,2021,9,30,22.57,9.39,9.73,1.72,20.24,0.01
US-xSC,-78.1395,38.8929,2021,10,1,23.13,8.85,9.93,0.99,19.78,0.08
US-xSC,-78.1395,38.8929,2021,10,2,27.46,8.99,10.8,1.3,18.92,0
US-xSC,-78.1395,38.8929,2021,10,3,27.25,13.23,14.83,1.77,15.27,0.1
US-xSC,-78.1395,38.8929,2021,10,4,27.86,17.3,17.86,1.32,15,1.71
US-xSC,-78.1395,38.8929,2021,10,5,26.4,15.58,17.8,1.51,14.16,2.21
US-xSC,-78.1395,38.8929,2021,10,6,23.76,17.36,18.37,1.6,5.12,2.76
US-xSC,-78.1395,38.8929,2021,10,7,23.44,16.05,16.15,1.37,6.39,0.11
US-xSC,-78.1395,38.8929,2021,10,8,24.86,15.76,15.58,1.35,7.64,0.01
US-xSC,-78.1395,38.8929,2021,10,9,23.09,14.89,14.96,1.8,6.57,0.95
US-xSC,-78.1395,38.8929,2021,10,10,24.01,15.2,16.1,1.8,5.92,0.99
US-xSC,-78.1395,38.8929,2021,10,11,23.19,14.53,14.88,1.39,8.54,0.17
US-xSC,-78.1395,38.8929,2021,10,12,24.48,13.72,15.35,1.25,8.63,0.11
US-xSC,-78.1395,38.8929,2021,10,13,26.26,12.88,15.03,0.95,12.94,0.01
US-xSC,-78.1395,38.8929,2021,10,14,26.48,12.96,13.44,1.58,15.04,0
US-xSC,-78.1395,38.8929,2021,10,15,29.51,16.38,17.52,1.67,11.32,0
US-xSC,-78.1395,38.8929,2021,10,16,25.85,10.84,13.46,2.89,6.51,5.52
US-xSC,-78.1395,38.8929,2021,10,17,17.47,7.26,4.48,2.73,13.13,0.02
US-xSC,-78.1395,38.8929,2021,10,18,19.05,6.97,3.8,2.82,17.18,0
US-xSC,-78.1395,38.8929,2021,10,19,22.66,5.14,4.76,2.16,16.78,0.01
US-xSC,-78.1395,38.8929,2021,10,20,24.28,9.43,7.57,2.1,15.33,0
US-xSC,-78.1395,38.8929,2021,10,21,24.72,8.56,9.54,2.33,15.63,0.15
US-xSC,-78.1395,38.8929,2021,10,22,20.31,9.91,8.83,1.74,13.14,0.1
US-xSC,-78.1395,38.8929,2021,10,23,18.13,7.94,7.89,1.81,11.23,0.25
US-xSC,-78.1395,38.8929,2021,10,24,21.57,9.01,9.22,2.03,14.48,0.2
US-xSC,-78.1395,38.8929,2021,10,25,23.81,11.56,12.17,2,11.73,23.42
US-xSC,-78.1395,38.8929,2021,10,26,14.57,8.74,7.28,4.41,9.88,0.41
US-xSC,-78.1395,38.8929,2021,10,27,19.49,8.46,8.07,3.36,14.23,0.08
US-xSC,-78.1395,38.8929,2021,10,28,18.06,6.99,9.67,2.22,5.88,1.58
US-xSC,-78.1395,38.8929,2021,10,29,17.62,10.51,12.79,3.37,6.26,32.18
US-xSC,-78.1395,38.8929,2021,10,30,15.46,8.9,10.03,1.19,4.78,5.25
US-xSC,-78.1395,38.8929,2021,10,31,17.31,8.76,8.52,2.61,9.18,0.18
US-xSC,-78.1395,38.8929,2021,11,1,15.13,4.52,3.95,2.14,13.97,0.01
US-xSC,-78.1395,38.8929,2021,11,2,9.12,1.96,3.27,1.66,4.31,2.69
US-xSC,-78.1395,38.8929,2021,11,3,10.22,-0.81,-1.55,1.97,14.21,0
US-xSC,-78.1395,38.8929,2021,11,4,10.36,-2.54,-2.6,1.2,10.76,0.01
US-xSC,-78.1395,38.8929,2021,11,5,10.94,-2.92,-3,1.87,13.63,0
US-xSC,-78.1395,38.8929,2021,11,6,11.63,-2.57,-1.74,1.58,13.16,0.01
US-xSC,-78.1395,38.8929,2021,11,7,13.49,0.1,-0.46,1.94,13.49,0
US-xSC,-78.1395,38.8929,2021,11,8,19.25,3.06,4.33,2.35,12.95,0
US-xSC,-78.1395,38.8929,2021,11,9,22.38,4.68,5.6,2.03,12.91,0
US-xSC,-78.1395,38.8929,2021,11,10,19.77,8.57,8.47,1.99,12.36,0.04
US-xSC,-78.1395,38.8929,2021,11,11,17.31,6.29,9.76,2.54,10.2,0.35
US-xSC,-78.1395,38.8929,2021,11,12,16.05,6.05,6.91,2.68,12.4,15.65
US-xSC,-78.1395,38.8929,2021,11,13,8.64,-0.74,0.02,2.7,10.43,0.54
US-xSC,-78.1395,38.8929,2021,11,14,8.15,-2.48,-1.2,2.05,8.11,0.1
US-xSC,-78.1395,38.8929,2021,11,15,7.86,-1.6,-2.26,3.02,10.85,0.06
US-xSC,-78.1395,38.8929,2021,11,16,12.63,-2.24,0.06,1.58,7.6,0.05
US-xSC,-78.1395,38.8929,2021,11,17,18.5,1,6.27,1.78,11.21,0.04
US-xSC,-78.1395,38.8929,2021,11,18,20.72,4.49,8.02,3.07,10.67,0.84
US-xSC,-78.1395,38.8929,2021,11,19,6.56,-2.98,-4.72,2.88,12.34,0
US-xSC,-78.1395,38.8929,2021,11,20,6.3,-3.91,-3.98,1.94,7.82,0
US-xSC,-78.1395,38.8929,2021,11,21,9.21,-1.35,-1.12,1.66,5.9,0.4
US-xSC,-78.1395,38.8929,2021,11,22,8.56,-2.97,-1.39,2.65,8.32,0.67
US-xSC,-78.1395,38.8929,2021,11,23,4.92,-4.28,-7.27,2.61,12.05,0
US-xSC,-78.1395,38.8929,2021,11,24,8.8,-4.73,-5.1,1.6,11.09,0
US-xSC,-78.1395,38.8929,2021,11,25,15.94,-2.07,0.93,1.82,9.17,0.14
US-xSC,-78.1395,38.8929,2021,11,26,5.93,-2.72,-3.73,4.24,9.06,0.3
US-xSC,-78.1395,38.8929,2021,11,27,6.29,-3.6,-6.21,2.37,10.82,0.01
US-xSC,-78.1395,38.8929,2021,11,28,11.75,-2.1,-0.37,2.09,10.28,0.05
US-xSC,-78.1395,38.8929,2021,11,29,6.25,-2.05,-3.99,2.83,9.09,0
US-xSC,-78.1395,38.8929,2021,11,30,11.92,-1.62,-1.56,2.06,10.51,0.05
US-xSC,-78.1395,38.8929,2021,12,1,12.36,-1.94,1.29,1.99,6.21,0.1
US-xSC,-78.1395,38.8929,2021,12,2,17.38,3.97,5.94,3.07,9.64,0.06
US-xSC,-78.1395,38.8929,2021,12,3,11.99,1.73,0.87,2.2,9.5,0
US-xSC,-78.1395,38.8929,2021,12,4,14.12,-0.05,0.88,1.85,9.69,0
US-xSC,-78.1395,38.8929,2021,12,5,10.01,-1.66,-2.48,2.02,4.93,0
US-xSC,-78.1395,38.8929,2021,12,6,16.12,0.38,2.74,3.84,6.04,0.21
US-xSC,-78.1395,38.8929,2021,12,7,4.29,-4.22,-7.53,1.57,7.54,0
US-xSC,-78.1395,38.8929,2021,12,8,5.84,-3.24,-2.81,1.75,5.66,0.09
US-xSC,-78.1395,38.8929,2021,12,9,3.9,-4.8,-4.29,1.98,6.51,0
US-xSC,-78.1395,38.8929,2021,12,10,11.59,-1.99,1.57,1.75,4.9,0.2
US-xSC,-78.1395,38.8929,2021,12,11,16.9,4.56,7.61,4.16,2.75,1.16
US-xSC,-78.1395,38.8929,2021,12,12,9,-2.22,-4.83,2.87,10.22,0
US-xSC,-78.1395,38.8929,2021,12,13,13.33,-3.95,-4.35,1.86,10.52,0.05
US-xSC,-78.1395,38.8929,2021,12,14,13.15,-0.56,-0.98,1.99,10.24,0
US-xSC,-78.1395,38.8929,2021,12,15,12.3,-0.29,3.14,2.13,9.22,0
US-xSC,-78.1395,38.8929,2021,12,16,18.85,2.86,5.5,2.63,9.15,0
US-xSC,-78.1395,38.8929,2021,12,17,14.61,6.39,3.34,1.74,5.2,0.33
US-xSC,-78.1395,38.8929,2021,12,18,11.3,5.3,7.15,2,3.06,0.71
US-xSC,-78.1395,38.8929,2021,12,19,9.3,-3.48,-2.49,3.57,6.75,0.02
US-xSC,-78.1395,38.8929,2021,12,20,4.95,-5.89,-6.09,1.65,10.04,0
US-xSC,-78.1395,38.8929,2021,12,21,4.47,-3.79,-3.18,1.4,4.87,0.17
US-xSC,-78.1395,38.8929,2021,12,22,5.86,-3.77,-5.58,3.17,10.42,0.03
US-xSC,-78.1395,38.8929,2021,12,23,5.94,-5.25,-7.05,1.93,9.09,0
US-xSC,-78.1395,38.8929,2021,12,24,11.87,-0.68,0.59,1.91,8.13,0.01
US-xSC,-78.1395,38.8929,2021,12,25,20.74,4.66,8.72,2.98,5.8,3.36
US-xSC,-78.1395,38.8929,2021,12,26,15.63,1.5,3.29,2.28,10.07,0.02
US-xSC,-78.1395,38.8929,2021,12,27,6.14,0.94,1.55,2.17,3.79,0.88
US-xSC,-78.1395,38.8929,2021,12,28,13.7,4.15,2.99,2.1,3.74,0.1
US-xSC,-78.1395,38.8929,2021,12,29,16.28,8.4,9.74,1.33,6.73,3.5
US-xSC,-78.1395,38.8929,2021,12,30,14.06,5.63,8.09,1.39,4.9,2.98
US-xSC,-78.1395,38.8929,2021,12,31,17.63,4.73,8.02,1.91,7.46,0.37
US-xSC,-78.1395,38.8929,2022,1,1,16.44,9.59,12.47,1.9,3.73,5.64
US-xSC,-78.1395,38.8929,2022,1,2,15.2,2.53,8.23,2.68,3.15,11.53
US-xSC,-78.1395,38.8929,2022,1,3,1.96,-6.33,-6.06,3.86,3.75,5.23
US-xSC,-78.1395,38.8929,2022,1,4,2.59,-7,-6.35,2.25,10.84,0
US-xSC,-78.1395,38.8929,2022,1,5,2.61,-4.87,-2.2,2.74,4.59,0.01
US-xSC,-78.1395,38.8929,2022,1,6,3.64,-3.01,-4.75,2.08,6.2,2.2
US-xSC,-78.1395,38.8929,2022,1,7,-2.18,-8.16,-9.33,4.07,10.46,2.6
US-xSC,-78.1395,38.8929,2022,1,8,0.11,-8.74,-10.37,2.38,10.81,0.08
US-xSC,-78.1395,38.8929,2022,1,9,3.93,-4.92,-1.51,2.88,2.64,5.9
US-xSC,-78.1395,38.8929,2022,1,10,0.82,-5.93,-9.6,4.47,10.72,0.01
US-xSC,-78.1395,38.8929,2022,1,11,-1.73,-9.45,-13.15,2.48,11.37,0.01
US-xSC,-78.1395,38.8929,2022,1,12,7.32,-8.58,-4.8,2.36,9.8,0
US-xSC,-78.1395,38.8929,2022,1,13,5.57,-1.78,-0.59,1.66,7.16,0
US-xSC,-78.1395,38.8929,2022,1,14,5.4,-2.72,-1.83,3.41,6.02,0
US-xSC,-78.1395,38.8929,2022,1,15,-3.04,-10.22,-11.35,2.16,8.68,0
US-xSC,-78.1395,38.8929,2022,1,16,1.53,-12.19,-9.48,3.19,3.38,16.27
US-xSC,-78.1395,38.8929,2022,1,17,1.84,-3.34,-3.97,5.47,4.06,1.85
US-xSC,-78.1395,38.8929,2022,1,18,1.45,-6.23,-6.15,3.13,9.6,0.09
US-xSC,-78.1395,38.8929,2022,1,19,6.86,-5.48,-1.48,2.62,7.96,0.52
US-xSC,-78.1395,38.8929,2022,1,20,1.58,-7.41,-4.78,3.35,4.7,7.99
US-xSC,-78.1395,38.8929,2022,1,21,-5.26,-11.46,-13.05,2.7,8.32,0
US-xSC,-78.1395,38.8929,2022,1,22,-0.85,-13.9,-12.19,1.73,11.89,0
US-xSC,-78.1395,38.8929,2022,1,23,2.29,-9.03,-6.26,1.99,7.83,0.01
US-xSC,-78.1395,38.8929,2022,1,24,2.17,-7.56,-5.67,2.34,10.01,0.01
US-xSC,-78.1395,38.8929,2022,1,25,4,-6.22,-3.97,2.51,8.33,0
US-xSC,-78.1395,38.8929,2022,1,26,-0.67,-10.45,-10.87,2.1,12.75,0
US-xSC,-78.1395,38.8929,2022,1,27,2.2,-11.52,-9.94,1.73,11.73,0
US-xSC,-78.1395,38.8929,2022,1,28,1.6,-4.17,-3.23,1.69,5.01,3.49
US-xSC,-78.1395,38.8929,2022,1,29,-3.47,-10.73,-11.76,5.18,10.38,0.14
US-xSC,-78.1395,38.8929,2022,1,30,-1.64,-12.82,-10.51,1.92,6.29,0
US-xSC,-78.1395,38.8929,2022,1,31,1.73,-8.71,-6.98,1.8,8.41,0
US-xSC,-78.1395,38.8929,2022,2,1,3.93,-8.85,-5.22,2.14,9.47,0
US-xSC,-78.1395,38.8929,2022,2,2,7.51,-4.39,-1.63,2.22,11.61,0.22
US-xSC,-78.1395,38.8929,2022,2,3,11.14,0.98,5.7,2.8,3.37,10.93
US-xSC,-78.1395,38.8929,2022,2,4,11.69,-3.46,2.05,3.46,2.97,13.28
US-xSC,-78.1395,38.8929,2022,2,5,-0.88,-5.88,-9.38,3.43,14.39,0.3
US-xSC,-78.1395,38.8929,2022,2,6,2.41,-6.92,-8.02,2.05,14.66,0
US-xSC,-78.1395,38.8929,2022,2,7,6.47,-6.81,-4.41,1.21,6.86,0.31
US-xSC,-78.1395,38.8929,2022,2,8,5.36,-3.11,-4.33,2.63,14.99,0
US-xSC,-78.1395,38.8929,2022,2,9,10.84,-3.32,-1.55,2.5,14.77,0
US-xSC,-78.1395,38.8929,2022,2,10,11.72,-2.06,-0.11,3.08,13.47,0
US-xSC,-78.1395,38.8929,2022,2,11,15.59,-2.8,0.92,3.2,14.93,0
US-xSC,-78.1395,38.8929,2022,2,12,11.3,0.95,1.94,2.77,8,0.5
US-xSC,-78.1395,38.8929,2022,2,13,1.22,-5.14,-4.26,2.03,5.67,1.87
US-xSC,-78.1395,38.8929,2022,2,14,-1.8,-6.34,-11.04,2.84,11.61,0.14
US-xSC,-78.1395,38.8929,2022,2,15,4.17,-8.87,-8.26,1.53,15.39,0
US-xSC,-78.1395,38.8929,2022,2,16,8.31,-4.74,-0.85,3.67,13.51,0.05
US-xSC,-78.1395,38.8929,2022,2,17,17.18,4.93,9.05,5.05,5.62,2.1
US-xSC,-78.1395,38.8929,2022,2,18,16.78,-5.66,-2.26,5.21,13.85,1.29
US-xSC,-78.1395,38.8929,2022,2,19,6.24,-5.71,-8.91,4.59,15.93,0
US-xSC,-78.1395,38.8929,2022,2,20,6.24,-6.08,-8.35,2.54,17.48,0
US-xSC,-78.1395,38.8929,2022,2,21,16.54,-1.89,0,2.49,17.12,0
US-xSC,-78.1395,38.8929,2022,2,22,16.38,3.24,9.61,4.13,2.71,1.87
US-xSC,-78.1395,38.8929,2022,2,23,17.9,1.7,6.84,3.7,14.14,0.01
US-xSC,-78.1395,38.8929,2022,2,24,0.97,-1,-3.45,2.2,2.48,4.61
US-xSC,-78.1395,38.8929,2022,2,25,8.65,-1.29,-1.1,4.27,15.11,6.44
US-xSC,-78.1395,38.8929,2022,2,26,6.49,-2.79,-5.06,1.97,14.14,0.02
US-xSC,-78.1395,38.8929,2022,2,27,9.99,-2.86,-4.16,2.96,17.43,0
US-xSC,-78.1395,38.8929,2022,2,28,10.07,-3.39,-3.51,2,18.05,0
US-xSC,-78.1395,38.8929,2022,3,1,15.43,-2.3,0.88,2.53,13.56,0
US-xSC,-78.1395,38.8929,2022,3,2,16.76,0.12,3.65,2.2,16.38,0.03
US-xSC,-78.1395,38.8929,2022,3,3,11.11,-2.55,-1.72,3.67,13.36,0.05
US-xSC,-78.1395,38.8929,2022,3,4,9.96,-6.53,-7.2,1.39,18.52,0
US-xSC,-78.1395,38.8929,2022,3,5,16.27,-1.54,2.64,2.58,16.86,0
US-xSC,-78.1395,38.8929,2022,3,6,22.84,8.74,12.03,3.66,8.57,0.14
US-xSC,-78.1395,38.8929,2022,3,7,23.88,5.72,11.52,5.09,8.68,1.91
US-xSC,-78.1395,38.8929,2022,3,8,11.07,1.67,-1.98,2.76,18.26,0.01
US-xSC,-78.1395,38.8929,2022,3,9,6.36,1.09,1.61,1.87,4.92,9.97
US-xSC,-78.1395,38.8929,2022,3,10,8.66,-1.4,-1.06,1.9,13.31,0.06
US-xSC,-78.1395,38.8929,2022,3,11,15.97,-1.28,3.44,2.85,20.16,0.03
US-xSC,-78.1395,38.8929,2022,3,12,5.93,-6.79,-6.07,5.55,5.02,9.43
US-xSC,-78.1395,38.8929,2022,3,13,5.84,-8.87,-8.79,3.19,19.32,0.05
US-xSC,-78.1395,38.8929,2022,3,14,15.65,-3.08,0.52,2.53,19.94,0.06
US-xSC,-78.1395,38.8929,2022,3,15,20.43,1.88,4.15,2.14,18.83,0
US-xSC,-78.1395,38.8929,2022,3,16,21.24,5.05,5.64,2.25,18.1,0.12
US-xSC,-78.1395,38.8929,2022,3,17,17.41,8.84,10.01,1.91,8.35,5.02
US-xSC,-78.1395,38.8929,2022,3,18,22.75,6.54,10.27,2.6,15.32,0.01
US-xSC,-78.1395,38.8929,2022,3,19,22.51,9.27,10.79,3.41,16.88,0.89
US-xSC,-78.1395,38.8929,2022,3,20,12.75,5.34,2.1,4.19,13.55,0.02
US-xSC,-78.1395,38.8929,2022,3,21,19.6,0.82,2.38,2.64,20.88,0
US-xSC,-78.1395,38.8929,2022,3,22,17.71,5.27,4.31,2.28,17.31,0
US-xSC,-78.1395,38.8929,2022,3,23,14.27,5.49,7.98,3.33,3.91,7.21
US-xSC,-78.1395,38.8929,2022,3,24,19.77,9.86,11.82,2.04,10.68,4.03
US-xSC,-78.1395,38.8929,2022,3,25,15.49,4.24,4,2.76,13.78,0.02
US-xSC,-78.1395,38.8929,2022,3,26,8.27,1.59,-1.92,4.28,18,0.28
US-xSC,-78.1395,38.8929,2022,3,27,5.16,-3.07,-7.01,4.38,17.37,0.02
US-xSC,-78.1395,38.8929,2022,3,28,2.16,-5.55,-10.73,4.15,23.17,0
US-xSC,-78.1395,38.8929,2022,3,29,7.69,-6.03,-10.19,2.62,24.28,0
US-xSC,-78.1395,38.8929,2022,3,30,17.75,-0.59,2.01,2.99,17.22,0.25
US-xSC,-78.1395,38.8929,2022,3,31,22.19,11.27,14.73,5.36,7.23,8.86
US-xSC,-78.1395,38.8929,2022,4,1,10.86,2.65,-0.18,3.92,16.09,0.31
US-xSC,-78.1395,38.8929,2022,4,2,14.84,-2.14,-1.66,1.94,24.86,0
US-xSC,-78.1395,38.8929,2022,4,3,12.13,1.35,0.62,3.37,18.83,0.01
US-xSC,-78.1395,38.8929,2022,4,4,14.7,-2.38,-0.59,1.34,13.77,0.01
US-xSC,-78.1395,38.8929,2022,4,5,14.36,4.34,7.44,1.83,6.31,14.77
US-xSC,-78.1395,38.8929,2022,4,6,14.94,8.39,9.4,2.16,12.53,3.8
US-xSC,-78.1395,38.8929,2022,4,7,11.64,5.24,7.63,2.15,5.51,17.91
US-xSC,-78.1395,38.8929,2022,4,8,14.58,2.07,3.95,2.22,19.91,1.63
US-xSC,-78.1395,38.8929,2022,4,9,11.12,2.59,1.35,2.43,13.98,0.42
US-xSC,-78.1395,38.8929,2022,4,10,11.49,-0.09,-0.71,3.19,20.88,0.01
US-xSC,-78.1395,38.8929,2022,4,11,18.13,1.03,4.64,2.03,22.32,0.03
US-xSC,-78.1395,38.8929,2022,4,12,24.56,9.01,10.72,1.56,19.87,0.04
US-xSC,-78.1395,38.8929,2022,4,13,28.04,11.63,12.92,2.44,19.32,0.02
US-xSC,-78.1395,38.8929,2022,4,14,23.82,5.9,10.26,3.58,12.87,0.19
US-xSC,-78.1395,38.8929,2022,4,15,21.38,3.48,0.88,2.98,26.41,0
US-xSC,-78.1395,38.8929,2022,4,16,23.81,9.18,7.71,2.76,22.76,0.35
US-xSC,-78.1395,38.8929,2022,4,17,13.05,3.42,-1.04,2.97,27.12,0.01
US-xSC,-78.1395,38.8929,2022,4,18,4.75,1.35,1.13,2.53,4.11,17.03
US-xSC,-78.1395,38.8929,2022,4,19,9.7,0.88,-1.25,3.91,18.84,0.13
US-xSC,-78.1395,38.8929,2022,4,20,16.88,-1.28,-0.67,1.63,27.41,0
US-xSC,-78.1395,38.8929,2022,4,21,19.06,4.7,7.55,2.69,9.9,0.47
US-xSC,-78.1395,38.8929,2022,4,22,23.71,7.77,8.74,1.85,25.41,0.02
US-xSC,-78.1395,38.8929,2022,4,23,27.48,8,11.59,1.98,23.85,0
US-xSC,-78.1395,38.8929,2022,4,24,30.76,12.5,14.37,1.96,24.41,0
US-xSC,-78.1395,38.8929,2022,4,25,23.63,10.19,12.75,1.91,24.35,0
US-xSC,-78.1395,38.8929,2022,4,26,20.45,8.04,10.74,2.09,7.57,3.03
US-xSC,-78.1395,38.8929,2022,4,27,14.59,3.38,-1.12,3.77,28.44,0
US-xSC,-78.1395,38.8929,2022,4,28,14.85,-0.61,-4.01,2.87,29.61,0
US-xSC,-78.1395,38.8929,2022,4,29,19.43,-0.57,-3.51,1.64,28.83,0
US-xSC,-78.1395,38.8929,2022,4,30,18.83,1.5,0.51,1.25,19.83,0
US-xSC,-78.1395,38.8929,2022,5,1,18.78,9.14,11.72,1.94,12.14,5.25
US-xSC,-78.1395,38.8929,2022,5,2,26.34,9.48,9.94,1.87,27.57,0.06
US-xSC,-78.1395,38.8929,2022,5,3,25.27,9.3,12.52,2.05,22.01,14.08
US-xSC,-78.1395,38.8929,2022,5,4,25.12,12.32,13.13,2.14,18.85,1.44
US-xSC,-78.1395,38.8929,2022,5,5,20.8,11.37,10.57,1.6,15.75,0.1
US-xSC,-78.1395,38.8929,2022,5,6,17.87,11.57,13.8,2.66,5.38,28.24
US-xSC,-78.1395,38.8929,2022,5,7,10.88,5.5,7.09,3.87,9,22.86
US-xSC,-78.1395,38.8929,2022,5,8,11.85,4.27,3.94,2.12,11.13,0.34
US-xSC,-78.1395,38.8929,2022,5,9,19.32,2.52,2.85,2.07,30.33,0
US-xSC,-78.1395,38.8929,2022,5,10,21.09,3.6,4.14,2.37,29.53,0
US-xSC,-78.1395,38.8929,2022,5,11,22.47,8.71,6.45,2.16,28.91,0
US-xSC,-78.1395,38.8929,2022,5,12,23.41,11.49,14.36,2.05,10.92,1.39
US-xSC,-78.1395,38.8929,2022,5,13,23.04,14.32,16.38,2.06,13.1,3.89
US-xSC,-78.1395,38.8929,2022,5,14,21.97,14.22,16.34,1.41,15.18,1.15
US-xSC,-78.1395,38.8929,2022,5,15,28.07,12.6,15.75,1.09,21.64,6.13
US-xSC,-78.1395,38.8929,2022,5,16,26.59,13.12,14.28,2.53,18.51,3.78
US-xSC,-78.1395,38.8929,2022,5,17,25.85,12.28,10.33,2.88,27.61,0
US-xSC,-78.1395,38.8929,2022,5,18,24.55,8.61,9.68,1.22,21.25,1.8
US-xSC,-78.1395,38.8929,2022,5,19,27.33,14.39,14.76,2.1,25.81,3.55
US-xSC,-78.1395,38.8929,2022,5,20,30.59,15.33,17.11,2.1,21.26,0.49
US-xSC,-78.1395,38.8929,2022,5,21,33.22,17.15,17.62,1.81,25.93,0.19
US-xSC,-78.1395,38.8929,2022,5,22,32.53,15.88,18.03,1.99,23.79,14.38
US-xSC,-78.1395,38.8929,2022,5,23,21.27,13.31,12.4,1.73,10.9,4.14
US-xSC,-78.1395,38.8929,2022,5,24,18.32,11.9,12.4,1.81,8.82,4.56
US-xSC,-78.1395,38.8929,2022,5,25,20.87,9.91,11.68,2.15,12.98,0.01
US-xSC,-78.1395,38.8929,2022,5,26,25.34,11.84,14.26,2.22,16.22,0.29
US-xSC,-78.1395,38.8929,2022,5,27,23.41,16.4,17.93,2.05,13.39,15.78
US-xSC,-78.1395,38.8929,2022,5,28,24.21,13.94,14.44,2.16,19.9,0.74
US-xSC,-78.1395,38.8929,2022,5,29,27.98,12.37,14.48,1.24,25.7,0.02
US-xSC,-78.1395,38.8929,2022,5,30,32.45,15.19,17.17,1.39,28.82,0.01
US-xSC,-78.1395,38.8929,2022,5,31,33.98,17.99,18.3,1.61,25.95,0.09
US-xSC,-78.1395,38.8929,2022,6,1,33.39,20.21,19.02,2.04,24.34,0.21
US-xSC,-78.1395,38.8929,2022,6,2,29.69,19.55,19.69,1.63,20.41,8.4
US-xSC,-78.1395,38.8929,2022,6,3,25.94,15.95,11.87,2.15,22.31,0.03
US-xSC,-78.1395,38.8929,2022,6,4,28.83,12.87,9.43,1.79,29.98,0.01
US-xSC,-78.1395,38.8929,2022,6,5,26.52,11.98,8.51,1.73,30.28,0
US-xSC,-78.1395,38.8929,2022,6,6,28.22,12.16,10.56,2.32,28.18,0.01
US-xSC,-78.1395,38.8929,2022,6,7,24.31,14.22,14.9,2.73,8.29,2.64
US-xSC,-78.1395,38.8929,2022,6,8,29.45,16.28,18.1,1.26,19.13,3.84
US-xSC,-78.1395,38.8929,2022,6,9,26.98,15.59,15.03,2.9,25.1,6.52
US-xSC,-78.1395,38.8929,2022,6,10,26.15,12.8,11.73,1.39,24.64,0.07
US-xSC,-78.1395,38.8929,2022,6,11,21.24,15.25,14.39,1.01,14.33,2.88
US-xSC,-78.1395,38.8929,2022,6,12,30.99,15.71,16.7,1.38,17.85,2.05
US-xSC,-78.1395,38.8929,2022,6,13,33.66,19.48,19.67,1.47,24.12,1.41
US-xSC,-78.1395,38.8929,2022,6,14,32.23,21.68,19.42,2.06,10.33,2.23
US-xSC,-78.1395,38.8929,2022,6,15,34.28,20.15,20.49,1.06,22.62,0.1
US-xSC,-78.1395,38.8929,2022,6,16,35.5,21.81,20.53,1.57,23.01,4.34
US-xSC,-78.1395,38.8929,2022,6,17,34.99,20.41,18.11,2.98,24.05,0.27
US-xSC,-78.1395,38.8929,2022,6,18,25.06,14.92,8.21,3.9,29.7,0
US-xSC,-78.1395,38.8929,2022,6,19,25.62,11.15,3.61,3.16,31.38,0
US-xSC,-78.1395,38.8929,2022,6,20,27.69,12.54,6.95,2.02,21.12,0
US-xSC,-78.1395,38.8929,2022,6,21,34.41,15.37,12.88,1.42,23.26,0.29
US-xSC,-78.1395,38.8929,2022,6,22,33.64,18.9,17.66,1.73,16.11,19.54
US-xSC,-78.1395,38.8929,2022,6,23,27.23,17.85,18.18,1.65,19.71,7.64
US-xSC,-78.1395,38.8929,2022,6,24,32.14,15.42,14.86,0.87,27.81,0.12
US-xSC,-78.1395,38.8929,2022,6,25,33.58,17.1,16.45,1.59,27.77,0.05
US-xSC,-78.1395,38.8929,2022,6,26,32.91,20.28,18.64,2.22,18.79,4.13
US-xSC,-78.1395,38.8929,2022,6,27,30.17,17.65,16.08,2.16,16.64,1.65
US-xSC,-78.1395,38.8929,2022,6,28,28.84,13.62,10.51,1.09,29.39,0.21
US-xSC,-78.1395,38.8929,2022,6,29,32.73,16.29,11.94,1.39,28.3,0.01
US-xSC,-78.1395,38.8929,2022,6,30,33.71,15.17,10.29,1.49,30.62,0
US-xSC,-78.1395,38.8929,2022,7,1,34.99,19.46,18.22,1.85,19.45,2.91
US-xSC,-78.1395,38.8929,2022,7,2,31.03,21.54,19.37,1.51,17.75,5.43
US-xSC,-78.1395,38.8929,2022,7,3,31.3,19.38,14.29,1.58,21.56,0.74
US-xSC,-78.1395,38.8929,2022,7,4,32.92,16.64,11.45,1.39,28.37,0
US-xSC,-78.1395,38.8929,2022,7,5,31.47,19.48,18.94,2.15,13.82,2.31
US-xSC,-78.1395,38.8929,2022,7,6,34.16,21.76,20.93,1.5,15.02,5.55
US-xSC,-78.1395,38.8929,2022,7,7,32.05,21.94,21.04,1.14,15.95,1.23
US-xSC,-78.1395,38.8929,2022,7,8,34.26,20.79,19.56,0.9,18.27,13.69
US-xSC,-78.1395,38.8929,2022,7,9,23.74,19.65,20.14,1.99,5.36,10.16
US-xSC,-78.1395,38.8929,2022,7,10,29.3,17.55,15.21,1.78,17.72,0.57
US-xSC,-78.1395,38.8929,2022,7,11,31.19,15.27,13.14,1.61,28.87,0
US-xSC,-78.1395,38.8929,2022,7,12,35.88,17.26,18.18,1.96,25.07,7.95
US-xSC,-78.1395,38.8929,2022,7,13,33.34,20.05,17.78,1.5,25.28,2.25
US-xSC,-78.1395,38.8929,2022,7,14,31.54,17.72,15.76,1.55,21.62,1.43
US-xSC,-78.1395,38.8929,2022,7,15,32.19,17.2,13.74,1.11,26.98,0.25
US-xSC,-78.1395,38.8929,2022,7,16,30.53,20.04,18.1,1.2,15.68,4.87
US-xSC,-78.1395,38.8929,2022,7,17,30.53,20.2,20.19,1.04,15.35,3.97
US-xSC,-78.1395,38.8929,2022,7,18,33.34,21.62,20.76,2.06,20.54,6.62
US-xSC,-78.1395,38.8929,2022,7,19,33.86,20.59,19.56,1.17,16.96,0.78
US-xSC,-78.1395,38.8929,2022,7,20,35.41,19.75,17.32,1.62,27.27,0.01
US-xSC,-78.1395,38.8929,2022,7,21,35.74,23,18.91,2.15,21.53,0.35
US-xSC,-78.1395,38.8929,2022,7,22,36.44,21.38,17.35,1.81,27.54,0.09
US-xSC,-78.1395,38.8929,2022,7,23,37.47,21.66,16.27,1.37,27.64,1.46
US-xSC,-78.1395,38.8929,2022,7,24,37.64,19.45,17.14,1.59,24.64,0.57
US-xSC,-78.1395,38.8929,2022,7,25,32.35,23.9,21.27,2.02,13.22,5.91
US-xSC,-78.1395,38.8929,2022,7,26,29.48,21.41,18.76,0.84,8.74,0.86
US-xSC,-78.1395,38.8929,2022,7,27,32.98,19.9,20.23,1.26,15.1,0.29
US-xSC,-78.1395,38.8929,2022,7,28,32.01,22.44,20.5,1.77,15.44,1.4
US-xSC,-78.1395,38.8929,2022,7,29,31.17,20.83,19.96,0.98,11.72,7.66
US-xSC,-78.1395,38.8929,2022,7,30,32.74,18.63,15.02,1.58,24.66,0.03
US-xSC,-78.1395,38.8929,2022,7,31,26.9,18.55,17.58,1.06,5.58,6.55
US-xSC,-78.1395,38.8929,2022,8,1,33.13,18.93,18.73,1.23,21.23,1.86
US-xSC,-78.1395,38.8929,2022,8,2,33.79,21.17,18.48,1.88,22.71,0.82
US-xSC,-78.1395,38.8929,2022,8,3,36.06,19.82,16.44,1.2,26.99,0
US-xSC,-78.1395,38.8929,2022,8,4,35.85,21.53,19.96,1.22,21.17,8.65
US-xSC,-78.1395,38.8929,2022,8,5,31.73,21.48,20.95,0.88,16.71,6.67
US-xSC,-78.1395,38.8929,2022,8,6,31.79,21.35,21.27,1.55,19.75,1.84
US-xSC,-78.1395,38.8929,2022,8,7,31.96,22.22,20.22,1.74,24.19,0.85
US-xSC,-78.1395,38.8929,2022,8,8,35.9,21.4,19.75,1.46,22.16,0.91
US-xSC,-78.1395,38.8929,2022,8,9,37.5,22.95,20.39,1.75,23.2,1.44
US-xSC,-78.1395,38.8929,2022,8,10,33.54,22.68,21.66,1.09,16.09,17.47
US-xSC,-78.1395,38.8929,2022,8,11,31.55,20.67,16.92,1.78,23,3.43
US-xSC,-78.1395,38.8929,2022,8,12,28.81,16.64,11.78,2.05,26.33,0.36
US-xSC,-78.1395,38.8929,2022,8,13,29.3,12.67,7.6,1.24,26.53,0
US-xSC,-78.1395,38.8929,2022,8,14,27.37,16.33,13.92,1.34,11.19,2.41
US-xSC,-78.1395,38.8929,2022,8,15,24.41,16.13,16.43,1.53,5.07,4.7
US-xSC,-78.1395,38.8929,2022,8,16,28.24,15.72,13.19,1.62,14.17,0.31
US-xSC,-78.1395,38.8929,2022,8,17,29.15,14.36,12.13,1.2,20.41,2.13
US-xSC,-78.1395,38.8929,2022,8,18,30.59,14.81,13.55,1.25,23.56,0.43
US-xSC,-78.1395,38.8929,2022,8,19,31.97,16.09,14.87,1.47,16.58,0.73
US-xSC,-78.1395,38.8929,2022,8,20,32.57,18.58,16.34,1.71,22.09,0.13
US-xSC,-78.1395,38.8929,2022,8,21,26.57,20.26,20.21,1.7,8.43,4.07
US-xSC,-78.1395,38.8929,2022,8,22,31.31,18.93,19.03,1.47,18.56,3.59
US-xSC,-78.1395,38.8929,2022,8,23,31.1,17.84,15.9,2.02,23.26,0.09
US-xSC,-78.1395,38.8929,2022,8,24,32.31,17.32,14.9,1.14,22.53,1.12
US-xSC,-78.1395,38.8929,2022,8,25,32.5,18.53,16.47,1.51,18.63,1.79
US-xSC,-78.1395,38.8929,2022,8,26,33.48,18.65,17.35,1.52,20.65,0.16
US-xSC,-78.1395,38.8929,2022,8,27,32.6,19.09,16.95,1.42,22.31,0.03
US-xSC,-78.1395,38.8929,2022,8,28,34.37,19.08,16.84,1.56,23.17,0.02
US-xSC,-78.1395,38.8929,2022,8,29,34.73,19.54,17.97,1.81,23.13,0.02
US-xSC,-78.1395,38.8929,2022,8,30,33.91,20.3,19.22,1.87,17.27,7.84
US-xSC,-78.1395,38.8929,2022,8,31,30.11,17.21,13.45,2.17,24.3,0.02
US-xSC,-78.1395,38.8929,2022,9,1,32.68,15.59,12.68,1.66,24.61,0
US-xSC,-78.1395,38.8929,2022,9,2,31.32,16.58,13.96,1.71,21.16,0
US-xSC,-78.1395,38.8929,2022,9,3,31.27,18.43,17.6,1.46,17.5,0
US-xSC,-78.1395,38.8929,2022,9,4,32.54,19.68,17.13,1.59,17.14,0.17
US-xSC,-78.1395,38.8929,2022,9,5,27.43,20.36,19.91,1.44,8.76,17.25
US-xSC,-78.1395,38.8929,2022,9,6,30.22,20.26,19.94,1.57,15.99,19.3
US-xSC,-78.1395,38.8929,2022,9,7,26.2,18.83,19.23,1.33,12.85,10.15
US-xSC,-78.1395,38.8929,2022,9,8,26.87,17.07,16.94,1.4,12.09,0.51
US-xSC,-78.1395,38.8929,2022,9,9,28.29,15.35,13.68,1.76,20.7,0.01
US-xSC,-78.1395,38.8929,2022,9,10,24.38,14.37,15.52,1.32,11.71,3.86
US-xSC,-78.1395,38.8929,2022,9,11,28.37,19.15,20.2,1.55,11.46,10.44
US-xSC,-78.1395,38.8929,2022,9,12,29.94,18.82,19.64,1.24,13.22,9.9
US-xSC,-78.1395,38.8929,2022,9,13,26.33,14.38,13.53,1.84,21.11,0.93
US-xSC,-78.1395,38.8929,2022,9,14,26.33,11.97,12.2,1.9,21.19,0
US-xSC,-78.1395,38.8929,2022,9,15,27.51,14.21,13.33,1.81,19.66,0
US-xSC,-78.1395,38.8929,2022,9,16,27.52,12.15,12.33,0.99,18.49,0
US-xSC,-78.1395,38.8929,2022,9,17,28.56,15.8,12.88,1.34,18.64,0
US-xSC,-78.1395,38.8929,2022,9,18,30,13.98,14.69,1.36,19.21,0
US-xSC,-78.1395,38.8929,2022,9,19,30.78,15.75,15.69,1.67,14.81,0.02
US-xSC,-78.1395,38.8929,2022,9,20,29.55,16.45,14.68,1.95,20.83,0
US-xSC,-78.1395,38.8929,2022,9,21,32.86,15.35,13.23,1.49,19.86,0.02
US-xSC,-78.1395,38.8929,2022,9,22,24.53,12.54,12.16,3.48,11.63,1.22
US-xSC,-78.1395,38.8929,2022,9,23,20.19,9.22,3.21,2.92,22.18,0.01
US-xSC,-78.1395,38.8929,2022,9,24,23.85,7.22,5.37,1.31,14.71,0.02
US-xSC,-78.1395,38.8929,2022,9,25,27.03,12.03,11.95,2.3,11.98,2.3
US-xSC,-78.1395,38.8929,2022,9,26,23.84,12.39,9.05,2.35,16.91,0.02
US-xSC,-78.1395,38.8929,2022,9,27,21.23,9.78,5.09,2.24,14.24,0
US-xSC,-78.1395,38.8929,2022,9,28,20.55,6.83,6.88,2.23,17.43,0
US-xSC,-78.1395,38.8929,2022,9,29,20.27,8.99,7.33,2.31,17.33,0.01
US-xSC,-78.1395,38.8929,2022,9,30,15.76,8.47,7.7,2.66,4.52,4.14
US-xSC,-78.1395,38.8929,2022,10,1,16.85,10.59,12.43,3.65,3.13,23.57
US-xSC,-78.1395,38.8929,2022,10,2,13.64,9.35,11.13,2.98,3.17,12.23
US-xSC,-78.1395,38.8929,2022,10,3,14.15,5.81,5.25,2.38,14.81,4.65
US-xSC,-78.1395,38.8929,2022,10,4,13.4,6.11,6.01,3.05,9.29,2.2
US-xSC,-78.1395,38.8929,2022,10,5,20.04,7.94,7.62,2.7,15.53,0.5
US-xSC,-78.1395,38.8929,2022,10,6,25.02,8.36,8.12,1.68,17.41,0.01
US-xSC,-78.1395,38.8929,2022,10,7,25.41,9.16,8.31,2.27,16.89,0
US-xSC,-78.1395,38.8929,2022,10,8,15.74,4.77,2.69,2.12,13.62,0
US-xSC,-78.1395,38.8929,2022,10,9,18.06,1.89,1.02,1.96,18.96,0
US-xSC,-78.1395,38.8929,2022,10,10,20.38,3.34,2.47,1.68,17.75,0
US-xSC,-78.1395,38.8929,2022,10,11,22.46,5.79,5.13,1.74,18.05,0
US-xSC,-78.1395,38.8929,2022,10,12,21.44,7.07,8.64,2.32,12.58,0.08
US-xSC,-78.1395,38.8929,2022,10,13,23.34,10.14,14.21,2.82,8.56,10.19
US-xSC,-78.1395,38.8929,2022,10,14,20.19,4.48,4.71,1.74,16.9,0.02
US-xSC,-78.1395,38.8929,2022,10,15,24.17,6.15,6.2,2.41,16.34,0.04
US-xSC,-78.1395,38.8929,2022,10,16,23.69,6.24,6.63,1.67,13.11,0.69
US-xSC,-78.1395,38.8929,2022,10,17,19.29,6.55,6.02,2.69,9.81,0.42
US-xSC,-78.1395,38.8929,2022,10,18,12.44,1.32,-2.76,2.4,12.62,0
US-xSC,-78.1395,38.8929,2022,10,19,11.65,1.06,-0.67,2.59,9.52,0
US-xSC,-78.1395,38.8929,2022,10,20,15.61,-0.3,-2.76,2.38,16.67,0
US-xSC,-78.1395,38.8929,2022,10,21,18.88,0.24,-1.32,1.74,16.44,0
US-xSC,-78.1395,38.8929,2022,10,22,21.52,2.44,2.02,1.9,16.2,0
US-xSC,-78.1395,38.8929,2022,10,23,17.96,4.05,7.61,1.57,11.47,0.77
US-xSC,-78.1395,38.8929,2022,10,24,22.01,8.9,11.28,1.54,14.74,0.19
US-xSC,-78.1395,38.8929,2022,10,25,22.7,8.44,10.54,1.51,13.7,0.13
US-xSC,-78.1395,38.8929,2022,10,26,18.74,6.8,10.06,1.97,8.54,0.76
US-xSC,-78.1395,38.8929,2022,10,27,17.38,5.43,2.25,2.57,15.45,0.01
US-xSC,-78.1395,38.8929,2022,10,28,14.19,3.01,2.59,1.83,9.33,0
US-xSC,-78.1395,38.8929,2022,10,29,16.79,3.67,2.79,1.69,13.94,0
US-xSC,-78.1395,38.8929,2022,10,30,16.94,4.42,1.74,1.43,11.96,0
US-xSC,-78.1395,38.8929,2022,10,31,19.49,6.04,10.4,1.7,4.74,4.07
US-xSC,-78.1395,38.8929,2022,11,1,22,10.51,11.78,2.08,10.2,0.19
US-xSC,-78.1395,38.8929,2022,11,2,18.43,9.1,8.76,1.36,8.16,0.01
US-xSC,-78.1395,38.8929,2022,11,3,20.42,8.79,7.99,1.43,13.26,0
US-xSC,-78.1395,38.8929,2022,11,4,22.51,7.54,10.12,2.03,11.52,0.01
US-xSC,-78.1395,38.8929,2022,11,5,24.41,14.1,15.23,3.25,6.66,0.22
US-xSC,-78.1395,38.8929,2022,11,6,24.77,17.5,17.34,3.03,5.11,1.25
US-xSC,-78.1395,38.8929,2022,11,7,25.02,10.48,8.99,2.21,13.01,0.11
US-xSC,-78.1395,38.8929,2022,11,8,15.35,4.44,-0.12,2.38,13.36,0.03
US-xSC,-78.1395,38.8929,2022,11,9,14.86,0.36,-0.72,1.83,12.83,0
US-xSC,-78.1395,38.8929,2022,11,10,19.44,3.52,7.86,1.64,9.68,0.05
US-xSC,-78.1395,38.8929,2022,11,11,20.01,10.69,16.51,2.67,2.04,34.66
US-xSC,-78.1395,38.8929,2022,11,12,20.81,6.32,9.9,2.68,9.34,3.29
US-xSC,-78.1395,38.8929,2022,11,13,8.11,0.57,-2.54,3.32,7.45,0.02
US-xSC,-78.1395,38.8929,2022,11,14,8.82,-2.88,-3.71,1.52,12.84,0.01
US-xSC,-78.1395,38.8929,2022,11,15,4.2,-2.04,-0.45,1.42,2.34,24.11
US-xSC,-78.1395,38.8929,2022,11,16,5.33,-2.44,-0.22,2.19,7.97,0.21
US-xSC,-78.1395,38.8929,2022,11,17,4.32,-4.29,-4.38,2.79,9.74,0.17
US-xSC,-78.1395,38.8929,2022,11,18,6.26,-5.49,-4.85,2.41,11.04,0.03
US-xSC,-78.1395,38.8929,2022,11,19,5.15,-4.8,-6.59,2.05,11.98,0
US-xSC,-78.1395,38.8929,2022,11,20,1.69,-5.57,-10.53,3.1,12.71,0.1
US-xSC,-78.1395,38.8929,2022,11,21,7.42,-5.3,-6.23,2.15,12.17,0
US-xSC,-78.1395,38.8929,2022,11,22,12.34,-3.01,-3.19,1.92,11.95,0
US-xSC,-78.1395,38.8929,2022,11,23,14.63,-2.23,-2.11,1.55,11.7,0
US-xSC,-78.1395,38.8929,2022,11,24,14.08,1.23,0.06,1.84,11.27,0.03
US-xSC,-78.1395,38.8929,2022,11,25,14.12,2.56,3.12,2.9,7.29,1.09
US-xSC,-78.1395,38.8929,2022,11,26,15.31,-0.57,0.32,2,11.48,0
US-xSC,-78.1395,38.8929,2022,11,27,13.01,4.86,6.81,2.56,2.74,3.47
US-xSC,-78.1395,38.8929,2022,11,28,11.55,0.2,3.08,2.64,7.47,0.01
US-xSC,-78.1395,38.8929,2022,11,29,9.97,-1.18,2.04,1.95,8.61,0.01
US-xSC,-78.1395,38.8929,2022,11,30,13.97,1.01,2.2,3.94,4.3,5.31
US-xSC,-78.1395,38.8929,2022,12,1,5.76,-2.93,-6.91,2.74,11.39,0
US-xSC,-78.1395,38.8929,2022,12,2,9.02,-4.88,-3.6,2.14,9.15,0
US-xSC,-78.1395,38.8929,2022,12,3,18.34,1.35,5.06,3.52,5.01,5.96
US-xSC,-78.1395,38.8929,2022,12,4,8.15,-4.37,-4.74,1.57,8.79,0
US-xSC,-78.1395,38.8929,2022,12,5,7.58,-3.18,-2.68,2.22,9.76,0
US-xSC,-78.1395,38.8929,2022,12,6,9.57,-0.88,3.84,1.82,2.22,2.76
US-xSC,-78.1395,38.8929,2022,12,7,15.24,5.46,9.12,1.37,4.14,1.44
US-xSC,-78.1395,38.8929,2022,12,8,10.22,3.3,6.27,1.72,3.85,0.04
US-xSC,-78.1395,38.8929,2022,12,9,8.59,-1.82,-0.21,1.77,7.1,0.04
US-xSC,-78.1395,38.8929,2022,12,10,4.73,-2.39,-2.45,1.4,3.2,0.03
US-xSC,-78.1395,38.8929,2022,12,11,10.03,1.17,2.5,1.67,6.24,0.21
US-xSC,-78.1395,38.8929,2022,12,12,5.76,-0.79,-1.09,2.2,3.77,0
US-xSC,-78.1395,38.8929,2022,12,13,5.7,-4.74,-4.92,1.36,9.71,0
US-xSC,-78.1395,38.8929,2022,12,14,4.87,-3.9,-4.97,1.28,4.86,0.37
US-xSC,-78.1395,38.8929,2022,12,15,0.23,-1.15,-0.74,2.11,2.14,34.23
US-xSC,-78.1395,38.8929,2022,12,16,3.26,-4.29,-0.87,2.54,5.56,1.61
US-xSC,-78.1395,38.8929,2022,12,17,3.8,-5.23,-3.67,2.21,6.54,0.2
US-xSC,-78.1395,38.8929,2022,12,18,1.26,-6.78,-5.95,2.75,6.35,0.05
US-xSC,-78.1395,38.8929,2022,12,19,1.92,-6.79,-6.05,2.36,8.81,0
US-xSC,-78.1395,38.8929,2022,12,20,2.65,-6.53,-6.5,1.22,10.14,0
US-xSC,-78.1395,38.8929,2022,12,21,4.64,-4.62,-3.99,1.25,10.06,0.06
US-xSC,-78.1395,38.8929,2022,12,22,1.24,-2.4,-0.46,1.83,3.22,38.18
US-xSC,-78.1395,38.8929,2022,12,23,0.94,-16.83,-10.73,4.99,9.37,5.31
US-xSC,-78.1395,38.8929,2022,12,24,-9.93,-17.29,-17.15,3.16,9.86,0.08
US-xSC,-78.1395,38.8929,2022,12,25,-3.82,-15.49,-13.09,2.64,10.67,0.01
US-xSC,-78.1395,38.8929,2022,12,26,-1.73,-13.08,-10.63,1.41,6.34,0.01
US-xSC,-78.1395,38.8929,2022,12,27,2.89,-8.24,-6.29,1.53,9.85,0
US-xSC,-78.1395,38.8929,2022,12,28,6.18,-6.49,-2.49,2.09,9.08,0.06
US-xSC,-78.1395,38.8929,2022,12,29,9.52,-3.62,0.99,1.96,10.45,0.04
US-xSC,-78.1395,38.8929,2022,12,30,13.79,0.84,5.51,2.19,9.88,0.03
US-xSC,-78.1395,38.8929,2022,12,31,10.12,4.55,7.64,2.24,2.89,5.53
US-xSC,-78.1395,38.8929,2023,1,1,15.16,4.15,6.09,2.14,9.4,0.03
US-xSC,-78.1395,38.8929,2023,1,2,16.17,3.01,8.51,1.95,5.67,0.08
US-xSC,-78.1395,38.8929,2023,1,3,15.36,7.48,10.98,2.5,6.14,0.99
US-xSC,-78.1395,38.8929,2023,1,4,15.8,8.13,12.2,2.12,3.92,0.09
US-xSC,-78.1395,38.8929,2023,1,5,15.09,3.25,6.58,1.82,9.61,0.42
US-xSC,-78.1395,38.8929,2023,1,6,7.41,-2.11,0.16,2.52,4.97,0.27
US-xSC,-78.1395,38.8929,2023,1,7,7.08,-3.38,-2.83,2.31,9.82,0
US-xSC,-78.1395,38.8929,2023,1,8,4.51,-4.41,-2.33,1.84,4.32,0.64
US-xSC,-78.1395,38.8929,2023,1,9,6.78,-2.81,-2.18,2.73,10.88,0.03
US-xSC,-78.1395,38.8929,2023,1,10,7.17,-3.92,-2.33,1.58,7,0
US-xSC,-78.1395,38.8929,2023,1,11,4.02,-2.17,-0.3,1.89,4.4,1.02
US-xSC,-78.1395,38.8929,2023,1,12,8.03,1.41,4.64,2.46,4.01,4.6
US-xSC,-78.1395,38.8929,2023,1,13,8.6,-1.3,0.54,4.27,9.02,1.53
US-xSC,-78.1395,38.8929,2023,1,14,1.26,-5,-6.34,4.78,7.55,0.05
US-xSC,-78.1395,38.8929,2023,1,15,4.32,-5.15,-6.72,3.82,11.97,0
US-xSC,-78.1395,38.8929,2023,1,16,9.92,-3.46,-5.38,2.26,11.16,0
US-xSC,-78.1395,38.8929,2023,1,17,12.12,1.4,3.75,1.94,6.24,2.65
US-xSC,-78.1395,38.8929,2023,1,18,11.65,1.84,3.29,2.28,11.12,0.05
US-xSC,-78.1395,38.8929,2023,1,19,9.32,0.98,4.81,2.31,3.66,3.9
US-xSC,-78.1395,38.8929,2023,1,20,6.76,-0.36,-0.9,4.16,8.3,0.02
US-xSC,-78.1395,38.8929,2023,1,21,6.57,-2.72,-2.77,2.16,6.81,0.01
US-xSC,-78.1395,38.8929,2023,1,22,2.48,-2.96,-0.73,1.89,2.88,6.66
US-xSC,-78.1395,38.8929,2023,1,23,5.41,-2.02,-1.26,3.56,7.31,1.35
US-xSC,-78.1395,38.8929,2023,1,24,7.1,-3.94,-3.47,2.07,10.59,0
US-xSC,-78.1395,38.8929,2023,1,25,3.24,-1.66,0.25,2.67,2.92,9.16
US-xSC,-78.1395,38.8929,2023,1,26,6.13,-1.5,-1.17,3.41,6.36,0.02
US-xSC,-78.1395,38.8929,2023,1,27,3.82,-3.68,-5,2.51,9.59,0
US-xSC,-78.1395,38.8929,2023,1,28,9.76,-2.95,-0.18,2.54,9.69,0.15
US-xSC,-78.1395,38.8929,2023,1,29,5.76,0.4,2.49,2.13,3.75,0.36
US-xSC,-78.1395,38.8929,2023,1,30,12.9,0.81,4.56,1.82,10.48,0.03
US-xSC,-78.1395,38.8929,2023,1,31,3.56,0.01,0.1,1.72,2.21,1.27
US-xSC,-78.1395,38.8929,2023,2,1,3.02,-4.31,-5.63,2.14,9.56,1.72
US-xSC,-78.1395,38.8929,2023,2,2,4.94,-3.1,-4.04,1.49,7.98,0.08
US-xSC,-78.1395,38.8929,2023,2,3,-0.63,-9.73,-12,5.59,13.67,0.03
US-xSC,-78.1395,38.8929,2023,2,4,0.73,-11.36,-12.21,2.73,13.24,0
US-xSC,-78.1395,38.8929,2023,2,5,7.39,-3.68,-0.5,2.38,10.94,0
US-xSC,-78.1395,38.8929,2023,2,6,7.84,-3.46,0.18,3.26,11.81,0
US-xSC,-78.1395,38.8929,2023,2,7,6.71,-3.44,0.38,2.32,9.64,0.03
US-xSC,-78.1395,38.8929,2023,2,8,14.5,2.81,3.71,2.27,12.32,0.03
US-xSC,-78.1395,38.8929,2023,2,9,15.92,3.55,8.7,3.63,7.2,0.01
US-xSC,-78.1395,38.8929,2023,2,10,12.92,3.38,3.42,3.68,13.68,0
US-xSC,-78.1395,38.8929,2023,2,11,9.05,-1.69,-2.98,2.35,13.4,0.02
US-xSC,-78.1395,38.8929,2023,2,12,5.72,-0.34,-0.58,2.46,2.05,18.01
US-xSC,-78.1395,38.8929,2023,2,13,8.25,-2.29,-0.42,3.11,9.96,0.68
US-xSC,-78.1395,38.8929,2023,2,14,13.94,-2.86,1.34,2.1,15.15,0.01
US-xSC,-78.1395,38.8929,2023,2,15,19.12,4.5,8.28,3.33,12.52,0.18
US-xSC,-78.1395,38.8929,2023,2,16,16.81,8.23,11.57,2.47,2.45,2.45
US-xSC,-78.1395,38.8929,2023,2,17,14.62,-3.42,3.67,5.1,7.31,17.1
US-xSC,-78.1395,38.8929,2023,2,18,9.07,-6.19,-6.21,2.43,17.26,0
US-xSC,-78.1395,38.8929,2023,2,19,14.51,-0.66,1.47,2.88,15.49,0
US-xSC,-78.1395,38.8929,2023,2,20,15.44,4.51,6.05,2.36,7.3,0.65
US-xSC,-78.1395,38.8929,2023,2,21,14.9,1.32,3.82,3.29,14.14,0.78
US-xSC,-78.1395,38.8929,2023,2,22,10.65,1.22,2.65,2.2,8.57,1.15
US-xSC,-78.1395,38.8929,2023,2,23,23.13,8.09,11.67,2.84,14.47,1
US-xSC,-78.1395,38.8929,2023,2,24,13.2,0.07,-0.49,4.16,15.09,0
US-xSC,-78.1395,38.8929,2023,2,25,5.4,-3.24,-1.67,1.92,5.85,0.35
US-xSC,-78.1395,38.8929,2023,2,26,13.95,-0.17,1.59,2.56,16.46,0.03
US-xSC,-78.1395,38.8929,2023,2,27,11.35,0.16,2.94,3.05,5.3,7.38
US-xSC,-78.1395,38.8929,2023,2,28,14.52,1.25,5.72,2.64,16.08,0.54
US-xSC,-78.1395,38.8929,2023,3,1,15.24,-1.08,4.29,3.15,16.25,0.13
US-xSC,-78.1395,38.8929,2023,3,2,15.86,5.7,7.75,2.62,7.87,0.65
US-xSC,-78.1395,38.8929,2023,3,3,6.87,1.93,3.29,3.06,2.3,15.75
US-xSC,-78.1395,38.8929,2023,3,4,11.49,1.04,1.7,4.65,17.97,0.05
US-xSC,-78.1395,38.8929,2023,3,5,14.64,-1.28,1.46,2.64,18.79,0
US-xSC,-78.1395,38.8929,2023,3,6,14.85,-0.57,2.33,1.79,17.61,0
US-xSC,-78.1395,38.8929,2023,3,7,9.96,-0.53,-1.21,4.75,14.67,0.03
US-xSC,-78.1395,38.8929,2023,3,8,9.99,-2.9,-2.88,3.97,20.01,0
US-xSC,-78.1395,38.8929,2023,3,9,12.09,-2.82,-0.88,2.33,19.5,0
US-xSC,-78.1395,38.8929,2023,3,10,6.2,-0.24,1.9,2.83,6.08,2
US-xSC,-78.1395,38.8929,2023,3,11,6.53,-2.59,-3.35,4.16,12.5,0
US-xSC,-78.1395,38.8929,2023,3,12,3.64,-2.59,-1.98,1.84,3.85,1.95
US-xSC,-78.1395,38.8929,2023,3,13,9.2,-0.94,-0.45,2.15,10.12,0.92
US-xSC,-78.1395,38.8929,2023,3,14,3.6,-3.15,-6.59,5.88,16.37,0.03
US-xSC,-78.1395,38.8929,2023,3,15,7.55,-3.66,-6.46,4.93,22.21,0
US-xSC,-78.1395,38.8929,2023,3,16,17.17,-3.29,-1.33,2.41,21.09,0
US-xSC,-78.1395,38.8929,2023,3,17,15.54,5.06,6.81,3.16,8.01,1.49
US-xSC,-78.1395,38.8929,2023,3,18,8.82,-1.34,-4.32,3.77,20.2,0
US-xSC,-78.1395,38.8929,2023,3,19,3.18,-6.14,-10.07,3.68,23.02,0
US-xSC,-78.1395,38.8929,2023,3,20,10.84,-5.45,-6.22,1.91,23.02,0
US-xSC,-78.1395,38.8929,2023,3,21,15.39,-3.88,-2.54,2.09,20.98,0.06
US-xSC,-78.1395,38.8929,2023,3,22,16.44,3.69,4.29,2.67,13.79,0
US-xSC,-78.1395,38.8929,2023,3,23,23.17,6.6,11.74,3.14,14.75,4.5
US-xSC,-78.1395,38.8929,2023,3,24,14.5,7.09,8.55,2.06,4.85,10.02
US-xSC,-78.1395,38.8929,2023,3,25,18.85,5.4,7.65,3.2,10.08,5.33
US-xSC,-78.1395,38.8929,2023,3,26,18.47,3.97,2.33,2.74,23.61,0
US-xSC,-78.1395,38.8929,2023,3,27,17.73,2.98,7.51,2.21,13.5,0.11
US-xSC,-78.1395,38.8929,2023,3,28,14.17,3.98,2.66,2.17,15.31,0.28
US-xSC,-78.1395,38.8929,2023,3,29,14.89,1.13,0.39,1.98,22.05,0.03
US-xSC,-78.1395,38.8929,2023,3,30,13.81,-3.01,-3.82,1.79,24.01,0.01
US-xSC,-78.1395,38.8929,2023,3,31,15.66,0.22,6.2,2.71,6.35,1.31
US-xSC,-78.1395,38.8929,2023,4,1,23.48,6.04,8.41,5.18,17.24,3.63
US-xSC,-78.1395,38.8929,2023,4,2,13.48,2.97,-1.62,3.12,21.37,0.01
US-xSC,-78.1395,38.8929,2023,4,3,21.02,-0.52,5.44,2.9,20.02,0
US-xSC,-78.1395,38.8929,2023,4,4,26.73,7.16,12.48,1.95,23.25,0
US-xSC,-78.1395,38.8929,2023,4,5,28.53,13.76,16.97,2.79,18.8,0.31
US-xSC,-78.1395,38.8929,2023,4,6,28.09,9.66,15,2.35,12.94,0.9
US-xSC,-78.1395,38.8929,2023,4,7,12.25,6.45,0.64,2.15,5.25,0.38
US-xSC,-78.1395,38.8929,2023,4,8,9.32,3.3,-1.39,1.92,15.06,0
US-xSC,-78.1395,38.8929,2023,4,9,16.13,0.89,-1.81,1.56,26.08,0
US-xSC,-78.1395,38.8929,2023,4,10,19.26,0,0.35,1.75,26.24,0
US-xSC,-78.1395,38.8929,2023,4,11,24.14,3.16,3.33,2.26,25.67,0
US-xSC,-78.1395,38.8929,2023,4,12,27.25,9.33,8.05,2.68,24.8,0
US-xSC,-78.1395,38.8929,2023,4,13,30.02,9.86,8.05,2.07,26.02,0
US-xSC,-78.1395,38.8929,2023,4,14,27.44,11.8,10.82,2.1,17.91,0.54
US-xSC,-78.1395,38.8929,2023,4,15,23.02,13.63,14.05,1.24,17.02,2.52
US-xSC,-78.1395,38.8929,2023,4,16,27.29,12.53,13.87,2.42,16.03,0.69
US-xSC,-78.1395,38.8929,2023,4,17,18.05,6.3,3.08,3.13,18.43,0.1
US-xSC,-78.1395,38.8929,2023,4,18,18.23,5.35,0.11,3.36,25.92,0
US-xSC,-78.1395,38.8929,2023,4,19,24.83,3.17,1.67,1.85,26.96,0
US-xSC,-78.1395,38.8929,2023,4,20,31.59,9.67,9.13,1.69,25.39,0
US-xSC,-78.1395,38.8929,2023,4,21,31.43,13.91,10.91,2.41,23.96,0.01
US-xSC,-78.1395,38.8929,2023,4,22,19.46,8.89,10.88,3.01,9.31,12.77
US-xSC,-78.1395,38.8929,2023,4,23,16.81,3.84,2.58,2.55,18.77,0.12
US-xSC,-78.1395,38.8929,2023,4,24,15.26,0.56,-1.48,2.09,24.13,0
US-xSC,-78.1395,38.8929,2023,4,25,16.47,-0.05,-0.75,1.4,22.47,0
US-xSC,-78.1395,38.8929,2023,4,26,20.04,2.38,5.16,1.5,18.52,0.6
US-xSC,-78.1395,38.8929,2023,4,27,21.38,7.59,9.06,1.72,20.8,0.39
US-xSC,-78.1395,38.8929,2023,4,28,13.92,10.46,10.88,3.75,6.32,38.73
US-xSC,-78.1395,38.8929,2023,4,29,19.91,9.42,11.33,1.41,18.49,1.33
US-xSC,-78.1395,38.8929,2023,4,30,16.7,8.53,12.04,2.77,9.55,17.57
US-xSC,-78.1395,38.8929,2023,5,1,14.5,5.36,3.53,3.3,10.84,0.6
US-xSC,-78.1395,38.8929,2023,5,2,13.78,5.97,3.87,3,11.32,0.56
US-xSC,-78.1395,38.8929,2023,5,3,12.95,4.71,2.59,2.8,16.54,0.55
US-xSC,-78.1395,38.8929,2023,5,4,16.22,6.02,6.04,2.43,16.75,1.28
US-xSC,-78.1395,38.8929,2023,5,5,20.05,6.35,6.67,1.71,26.4,0.03
US-xSC,-78.1395,38.8929,2023,5,6,23.06,6.2,7.48,1.18,26.64,0
US-xSC,-78.1395,38.8929,2023,5,7,24.31,9.93,13.37,1.43,13.54,3.18
US-xSC,-78.1395,38.8929,2023,5,8,27.51,14.89,15.38,2.23,25.05,0.77
US-xSC,-78.1395,38.8929,2023,5,9,20.39,11.88,12.43,1.54,9.88,5.93
US-xSC,-78.1395,38.8929,2023,5,10,22.29,7.09,7.01,1.46,26.14,0
US-xSC,-78.1395,38.8929,2023,5,11,27.2,10.14,10.47,1.11,24.39,0
US-xSC,-78.1395,38.8929,2023,5,12,30,13.19,12.18,1.1,22.77,0
US-xSC,-78.1395,38.8929,2023,5,13,22.09,13.88,14.73,1.68,10.13,4.7
US-xSC,-78.1395,38.8929,2023,5,14,25.31,11.56,9.62,1.85,26.46,0.01
US-xSC,-78.1395,38.8929,2023,5,15,24.72,10.32,7.83,1.43,19.65,0
US-xSC,-78.1395,38.8929,2023,5,16,26.86,12.62,13.82,1.56,13.33,0.45
US-xSC,-78.1395,38.8929,2023,5,17,23,9.15,8.26,2.52,26.02,0.21
US-xSC,-78.1395,38.8929,2023,5,18,21.93,5,4.91,2.06,22.26,0.02
US-xSC,-78.1395,38.8929,2023,5,19,24.28,9.16,9.91,2.3,18.91,0
US-xSC,-78.1395,38.8929,2023,5,20,27.92,10.76,14.02,1.68,21.74,6.7
US-xSC,-78.1395,38.8929,2023,5,21,25.24,9.54,8.6,2.4,29.71,0.02
US-xSC,-78.1395,38.8929,2023,5,22,26.16,10.51,8.7,1.62,23.69,0
US-xSC,-78.1395,38.8929,2023,5,23,23.77,12.32,9.85,1.86,20.39,0
US-xSC,-78.1395,38.8929,2023,5,24,27.37,11.94,8.85,1.1,25.43,0
US-xSC,-78.1395,38.8929,2023,5,25,21.56,9.87,3.23,2.71,28.25,0
US-xSC,-78.1395,38.8929,2023,5,26,23.94,6.4,5.35,1.82,29.85,0
US-xSC,-78.1395,38.8929,2023,5,27,24.89,9.43,4.93,1.93,27.31,0
US-xSC,-78.1395,38.8929,2023,5,28,23.25,10.92,7.42,1.65,16.43,2.76
US-xSC,-78.1395,38.8929,2023,5,29,22.31,13.45,13.98,1.85,11.26,3.81
US-xSC,-78.1395,38.8929,2023,5,30,26.22,12.12,9.67,2.04,22.28,0.07
US-xSC,-78.1395,38.8929,2023,5,31,27.52,10.11,4.86,1.69,30.74,0.01
US-xSC,-78.1395,38.8929,2023,6,1,30.33,11.53,5.15,1.62,30.42,0
US-xSC,-78.1395,38.8929,2023,6,2,33.6,13.18,8.23,1.81,29.97,0.02
US-xSC,-78.1395,38.8929,2023,6,3,31.23,16.7,13.99,2.32,23.41,0.38
US-xSC,-78.1395,38.8929,2023,6,4,25.64,13.43,10.47,1.17,11.81,0.44
US-xSC,-78.1395,38.8929,2023,6,5,27.01,9.06,5.74,1.71,25.63,0.01
US-xSC,-78.1395,38.8929,2023,6,6,27.37,11.72,7.36,2.5,21,0
US-xSC,-78.1395,38.8929,2023,6,7,26.64,12.11,7.21,1.53,22.87,0.08
US-xSC,-78.1395,38.8929,2023,6,8,25.21,10.42,4.55,1.79,23.7,0.03
US-xSC,-78.1395,38.8929,2023,6,9,23.27,11.01,7.89,2.25,17.71,0.62
US-xSC,-78.1395,38.8929,2023,6,10,30.24,11.38,6.75,1.55,27.74,0
US-xSC,-78.1395,38.8929,2023,6,11,30.46,15.61,10.72,1.97,23.14,0.04
US-xSC,-78.1395,38.8929,2023,6,12,24.18,13.49,15.24,2.66,11.14,4.96
US-xSC,-78.1395,38.8929,2023,6,13,26.84,11.26,7.47,2.08,26.24,0.01
US-xSC,-78.1395,38.8929,2023,6,14,26.15,14.22,9.51,3.07,17.65,0.72
US-xSC,-78.1395,38.8929,2023,6,15,29.09,11.66,7.86,1.63,24.8,0
US-xSC,-78.1395,38.8929,2023,6,16,26.73,14.95,12.86,2.16,18.13,4.78
US-xSC,-78.1395,38.8929,2023,6,17,27.73,14.22,10.63,2.91,25.36,0.02
US-xSC,-78.1395,38.8929,2023,6,18,31.08,12.08,7.08,1.41,29.38,0
US-xSC,-78.1395,38.8929,2023,6,19,31.57,13.37,14.09,2.05,18.27,6.56
US-xSC,-78.1395,38.8929,2023,6,20,27.79,18.84,16.51,2.53,12.68,4.27
US-xSC,-78.1395,38.8929,2023,6,21,20.38,13.7,13.45,3.22,6.29,15.39
US-xSC,-78.1395,38.8929,2023,6,22,20.74,12.76,14.9,2.6,7.04,8.71
US-xSC,-78.1395,38.8929,2023,6,23,25.62,16.56,19.12,1.5,15.1,12.63
US-xSC,-78.1395,38.8929,2023,6,24,30.41,17.68,18,1.51,19.16,1.48
US-xSC,-78.1395,38.8929,2023,6,25,31.7,18.03,17.97,1.52,24.31,1.53
US-xSC,-78.1395,38.8929,2023,6,26,31.64,19.6,17.9,1.74,18.24,1.2
US-xSC,-78.1395,38.8929,2023,6,27,27.21,18.49,17.51,1.71,17.07,5.33
US-xSC,-78.1395,38.8929,2023,6,28,27.68,16.47,14.47,2.23,21.41,0.02
US-xSC,-78.1395,38.8929,2023,6,29,30.25,14.2,11.84,1.18,24.43,0
US-xSC,-78.1395,38.8929,2023,6,30,31.27,16.52,16.72,1.41,14.71,1.94
US-xSC,-78.1395,38.8929,2023,7,1,31.52,19.43,20.34,1.41,14.09,4.69
US-xSC,-78.1395,38.8929,2023,7,2,32.89,20.59,20.45,1.61,21.5,1.02
US-xSC,-78.1395,38.8929,2023,7,3,32.56,20.87,20.66,1.75,21.06,10.82
US-xSC,-78.1395,38.8929,2023,7,4,33.08,20.08,19.89,1.6,22.93,3.29
US-xSC,-78.1395,38.8929,2023,7,5,33.2,20.64,18.66,1.27,25.7,0.31
US-xSC,-78.1395,38.8929,2023,7,6,34.13,20.65,18.92,1,24.48,1.81
US-xSC,-78.1395,38.8929,2023,7,7,33.36,20.74,19.71,0.96,20.83,3.28
US-xSC,-78.1395,38.8929,2023,7,8,34.71,21.04,18.05,1.29,21.63,0.53
US-xSC,-78.1395,38.8929,2023,7,9,27,20.04,19.33,1.25,12.89,6.47
US-xSC,-78.1395,38.8929,2023,7,10,30.9,18.64,16.46,1.93,26.24,0.43
US-xSC,-78.1395,38.8929,2023,7,11,33.36,17.18,13.8,1.42,27.24,0
US-xSC,-78.1395,38.8929,2023,7,12,34.25,18.36,14.45,1.6,26.75,0
US-xSC,-78.1395,38.8929,2023,7,13,36.4,20.68,17.97,2.28,21.94,0.7
US-xSC,-78.1395,38.8929,2023,7,14,33.74,22.16,20.34,1.29,21.14,7.76
US-xSC,-78.1395,38.8929,2023,7,15,33.72,19.43,20.07,1.38,23.49,5.57
US-xSC,-78.1395,38.8929,2023,7,16,33.02,22.19,20.49,1.7,20.95,4.73
US-xSC,-78.1395,38.8929,2023,7,17,32.86,19.47,17.17,1.58,18.88,0.58
US-xSC,-78.1395,38.8929,2023,7,18,32.81,19.19,17.28,1.44,22.98,0.5
US-xSC,-78.1395,38.8929,2023,7,19,32.9,21.2,19.05,1.16,19.6,4.64
US-xSC,-78.1395,38.8929,2023,7,20,31.21,19.81,16.93,1.31,24.79,3.44
US-xSC,-78.1395,38.8929,2023,7,21,31.11,20.83,18.39,1.92,22.33,8.5
US-xSC,-78.1395,38.8929,2023,7,22,30.3,18.42,14.09,1.12,20.24,0
US-xSC,-78.1395,38.8929,2023,7,23,31.9,17.74,14.07,1.22,24.17,0.32
US-xSC,-78.1395,38.8929,2023,7,24,33.43,19.92,16.75,1,23.91,2.09
US-xSC,-78.1395,38.8929,2023,7,25,30.38,19.08,17.51,1.06,23.19,3.62
US-xSC,-78.1395,38.8929,2023,7,26,34.19,18.52,16.64,1.73,27.46,0.01
US-xSC,-78.1395,38.8929,2023,7,27,37.06,21.98,19.56,2.33,22.05,0.83
US-xSC,-78.1395,38.8929,2023,7,28,35.76,23.09,21.97,1.45,23.71,8.53
US-xSC,-78.1395,38.8929,2023,7,29,36.34,22.65,20.25,2.62,24.65,3.13
US-xSC,-78.1395,38.8929,2023,7,30,31.81,20.07,15.14,1.46,24.9,0.53
US-xSC,-78.1395,38.8929,2023,7,31,30.12,17.44,13.51,1.78,21.56,2.35
US-xSC,-78.1395,38.8929,2023,8,1,29.31,15.52,11,1.55,21.85,0
US-xSC,-78.1395,38.8929,2023,8,2,29.29,14.43,11.76,1.23,19.81,0
US-xSC,-78.1395,38.8929,2023,8,3,27.15,17.61,16.45,2.61,9.3,1.51
US-xSC,-78.1395,38.8929,2023,8,4,31.52,17.6,17.89,1.18,21.16,2.77
US-xSC,-78.1395,38.8929,2023,8,5,32.1,18.35,14.35,1.57,22.76,0.14
US-xSC,-78.1395,38.8929,2023,8,6,33.71,18.7,18.54,2.07,15.75,5.41
US-xSC,-78.1395,38.8929,2023,8,7,32.85,21.57,21.7,2.35,20.56,23.45
US-xSC,-78.1395,38.8929,2023,8,8,29.6,18.47,15.42,3.08,22.24,0.2
US-xSC,-78.1395,38.8929,2023,8,9,31.9,18.07,14.72,1.98,22.1,0.07
US-xSC,-78.1395,38.8929,2023,8,10,29.67,20.24,18.28,2.04,10.42,2.27
US-xSC,-78.1395,38.8929,2023,8,11,32.17,18.47,16.97,1.72,20.51,0.01
US-xSC,-78.1395,38.8929,2023,8,12,34.72,19.24,17.79,1.59,22.5,0.62
US-xSC,-78.1395,38.8929,2023,8,13,33.68,20.57,16.95,2.09,25.91,0.08
US-xSC,-78.1395,38.8929,2023,8,14,33.21,21.41,19.2,1.38,15.76,5.01
US-xSC,-78.1395,38.8929,2023,8,15,32.13,21.19,19.29,1.77,19.65,2.86
US-xSC,-78.1395,38.8929,2023,8,16,30.92,17.82,14.89,1.41,20.8,0.01
US-xSC,-78.1395,38.8929,2023,8,17,33.3,18.42,15.77,2.08,23.04,1.03
US-xSC,-78.1395,38.8929,2023,8,18,29.56,16.4,13.02,2.51,23.95,0.1
US-xSC,-78.1395,38.8929,2023,8,19,31.15,12.98,8.23,1.22,26.61,0
US-xSC,-78.1395,38.8929,2023,8,20,34.76,14.21,10.78,1.33,25.34,0
US-xSC,-78.1395,38.8929,2023,8,21,35.13,18.11,14.04,1.6,18.68,0
US-xSC,-78.1395,38.8929,2023,8,22,30.39,16.42,11.19,2.32,22.07,0
US-xSC,-78.1395,38.8929,2023,8,23,31.46,14.74,9.06,1.3,20.77,0.01
US-xSC,-78.1395,38.8929,2023,8,24,33.07,17.98,16.75,1.33,13.91,1.81
US-xSC,-78.1395,38.8929,2023,8,25,36.22,20.75,20.71,1.49,18.51,1.69
US-xSC,-78.1395,38.8929,2023,8,26,34.99,21.5,18.48,1.58,20.24,0.49
US-xSC,-78.1395,38.8929,2023,8,27,30.83,20.48,16.89,1.2,16.61,0.38
US-xSC,-78.1395,38.8929,2023,8,28,27.1,20.41,17.85,1.57,9.51,0.96
US-xSC,-78.1395,38.8929,2023,8,29,29.47,19.76,19.33,1.38,9.6,0.69
US-xSC,-78.1395,38.8929,2023,8,30,31.61,19.18,14.32,2.15,18.34,0.2
US-xSC,-78.1395,38.8929,2023,8,31,28.13,14.66,8.67,2.63,24.5,0
US-xSC,-78.1395,38.8929,2023,9,1,29.41,11.84,8.27,1.51,23.56,0
US-xSC,-78.1395,38.8929,2023,9,2,34.24,12.4,12.23,1.06,24.47,0
US-xSC,-78.1395,38.8929,2023,9,3,36.71,18.21,15.92,1.85,22.34,0
US-xSC,-78.1395,38.8929,2023,9,4,36.88,21.63,16.21,1.98,22.23,0
US-xSC,-78.1395,38.8929,2023,9,5,36.77,20,16.18,1.67,22.49,0
US-xSC,-78.1395,38.8929,2023,9,6,38.04,20.99,16.28,1.14,22.74,0
US-xSC,-78.1395,38.8929,2023,9,7,31.72,20.84,18.68,1.24,16.51,4.22
US-xSC,-78.1395,38.8929,2023,9,8,31.46,19.5,19.65,1.03,15.36,8.76
US-xSC,-78.1395,38.8929,2023,9,9,30.15,19.42,19.21,1.31,15.92,10.16
US-xSC,-78.1395,38.8929,2023,9,10,28.2,19.07,18.98,0.9,10.8,12.52
US-xSC,-78.1395,38.8929,2023,9,11,31.05,19.32,17,1.78,18.14,2.93
US-xSC,-78.1395,38.8929,2023,9,12,30.99,16.26,15.38,1.17,17.91,7.74
US-xSC,-78.1395,38.8929,2023,9,13,28.16,17.27,15.61,1.61,16.54,3.11
US-xSC,-78.1395,38.8929,2023,9,14,25.95,13.33,9.05,1.98,22.62,0.01
US-xSC,-78.1395,38.8929,2023,9,15,25.22,10.7,7.3,2.09,22.58,0.07
US-xSC,-78.1395,38.8929,2023,9,16,28.78,10.17,7.33,1.24,22.99,0
US-xSC,-78.1395,38.8929,2023,9,17,22.17,14.25,14.34,1.55,4.13,8.83
US-xSC,-78.1395,38.8929,2023,9,18,25.24,12.35,11.43,2.4,17.14,0.39
US-xSC,-78.1395,38.8929,2023,9,19,25.62,11.24,9.71,1.96,18.51,0
US-xSC,-78.1395,38.8929,2023,9,20,27.23,10.97,9.13,1.26,19.23,0
US-xSC,-78.1395,38.8929,2023,9,21,27.05,11.32,7.89,1.74,16.1,0
US-xSC,-78.1395,38.8929,2023,9,22,22.85,10.04,9.5,2.48,15.79,0.1
US-xSC,-78.1395,38.8929,2023,9,23,15.09,12.57,12.31,4.33,3.74,51.89
US-xSC,-78.1395,38.8929,2023,9,24,19.75,13.22,14.58,2.36,9.16,7.28
US-xSC,-78.1395,38.8929,2023,9,25,21.35,14.31,14.89,1.8,7.87,1.25
US-xSC,-78.1395,38.8929,2023,9,26,17.82,12.99,13.28,1.9,4.95,2.38
US-xSC,-78.1395,38.8929,2023,9,27,20.94,10.54,10.25,1.75,8.75,0.09
US-xSC,-78.1395,38.8929,2023,9,28,21.96,8.61,12.1,1.43,17.48,0.13
US-xSC,-78.1395,38.8929,2023,9,29,22.98,13.66,14.72,1.55,13.88,0.18
US-xSC,-78.1395,38.8929,2023,9,30,25.21,12.25,13.83,1.56,10.65,0.01
US-xSC,-78.1395,38.8929,2023,10,1,25.98,12.86,12.23,2.14,19.13,0
US-xSC,-78.1395,38.8929,2023,10,2,27.41,13.53,13.39,1.46,18.68,0
US-xSC,-78.1395,38.8929,2023,10,3,28.1,13.93,12.59,1.47,17.38,0
US-xSC,-78.1395,38.8929,2023,10,4,28.7,13.12,11.41,1.65,18.94,0
US-xSC,-78.1395,38.8929,2023,10,5,25.37,11.42,12.92,2.05,12.6,0.04
US-xSC,-78.1395,38.8929,2023,10,6,26.54,14.77,15.28,1.37,11.26,0.69
US-xSC,-78.1395,38.8929,2023,10,7,17.92,8.42,7.05,3.06,18.24,9.34
US-xSC,-78.1395,38.8929,2023,10,8,14.98,6.59,2.38,2.98,11.79,0.01
US-xSC,-78.1395,38.8929,2023,10,9,17.72,5.06,4.62,2.11,10.77,1.17
US-xSC,-78.1395,38.8929,2023,10,10,19.42,5.29,5.29,1.77,16.03,0.1
US-xSC,-78.1395,38.8929,2023,10,11,20.85,4.51,2.96,1.7,16.5,0
US-xSC,-78.1395,38.8929,2023,10,12,23.8,7.67,5.47,1.25,16.68,0
US-xSC,-78.1395,38.8929,2023,10,13,21.55,8.42,7.66,1.66,16.95,0.01
US-xSC,-78.1395,38.8929,2023,10,14,20.02,7.39,12,1.99,6.98,11.66
US-xSC,-78.1395,38.8929,2023,10,15,15.9,6.52,4.96,3.16,12.42,1.35
US-xSC,-78.1395,38.8929,2023,10,16,15.62,5.03,5.81,2.39,10.01,0.49
US-xSC,-78.1395,38.8929,2023,10,17,16.45,5.72,6.8,2.03,7.64,0.2
US-xSC,-78.1395,38.8929,2023,10,18,18.21,3.64,5.22,1.36,8.46,0
US-xSC,-78.1395,38.8929,2023,10,19,19.5,4.64,7.5,2.15,14.3,0
US-xSC,-78.1395,38.8929,2023,10,20,18.7,9.32,9.96,2.28,4.93,2.35
US-xSC,-78.1395,38.8929,2023,10,21,16.37,6.72,6.52,3.13,12.83,0.06
US-xSC,-78.1395,38.8929,2023,10,22,15.29,6.02,3.69,3.17,14.88,0.23
US-xSC,-78.1395,38.8929,2023,10,23,18.47,2.32,-0.08,1.89,16.76,0
US-xSC,-78.1395,38.8929,2023,10,24,23.87,3.97,2.17,2.06,15.65,0
US-xSC,-78.1395,38.8929,2023,10,25,28.03,6.44,4.8,1.64,14.83,0
US-xSC,-78.1395,38.8929,2023,10,26,27.81,9.59,6.76,1.65,13.77,0
US-xSC,-78.1395,38.8929,2023,10,27,25.69,14.41,12.96,1.82,8.16,0
US-xSC,-78.1395,38.8929,2023,10,28,29.15,13.22,15.07,1.53,11.59,0.04
US-xSC,-78.1395,38.8929,2023,10,29,27.25,14.82,16.28,0.96,7.76,0.7
US-xSC,-78.1395,38.8929,2023,10,30,22.52,7.87,11.5,2.64,7.59,1.19
US-xSC,-78.1395,38.8929,2023,10,31,12.3,2.63,-0.75,1.38,7.67,0.12
US-xSC,-78.1395,38.8929,2023,11,1,8.16,-0.08,-3.98,3.39,13.34,0.02
US-xSC,-78.1395,38.8929,2023,11,2,10.79,-4.06,-6.28,1.61,14.44,0
US-xSC,-78.1395,38.8929,2023,11,3,16.35,-2.54,-3.74,1.96,14.33,0
US-xSC,-78.1395,38.8929,2023,11,4,19.12,2.36,-0.96,1.77,10.68,0
US-xSC,-78.1395,38.8929,2023,11,5,19.83,5.13,3.11,2.11,12.76,0
US-xSC,-78.1395,38.8929,2023,11,6,17.77,3.42,5.59,1.89,12.15,0
US-xSC,-78.1395,38.8929,2023,11,7,23.76,9.21,7.8,2.49,10.65,0
US-xSC,-78.1395,38.8929,2023,11,8,18.08,5.21,3.91,1.78,12.72,0
US-xSC,-78.1395,38.8929,2023,11,9,24.13,6.63,8.85,1.99,8.64,0.95
US-xSC,-78.1395,38.8929,2023,11,10,8.84,2.61,3.54,1.55,3.79,4.69
US-xSC,-78.1395,38.8929,2023,11,11,14.94,1.55,1.02,1.81,12.64,0
US-xSC,-78.1395,38.8929,2023,11,12,11.25,1.15,-0.11,1.51,11.85,0.03
US-xSC,-78.1395,38.8929,2023,11,13,16.69,-1.11,0.27,1.7,12.59,0
US-xSC,-78.1395,38.8929,2023,11,14,14.79,1.94,-0.08,2.29,12.25,0
US-xSC,-78.1395,38.8929,2023,11,15,14.32,1.88,0.65,1.79,8.73,0
US-xSC,-78.1395,38.8929,2023,11,16,21.18,1.59,-0.68,1.92,12.26,0
US-xSC,-78.1395,38.8929,2023,11,17,18.92,5.76,7.28,2.36,7.61,0.9
US-xSC,-78.1395,38.8929,2023,11,18,12.87,1.67,1.15,2.93,11.92,0.58
US-xSC,-78.1395,38.8929,2023,11,19,15.24,-0.46,-1.98,2.1,11.15,0
US-xSC,-78.1395,38.8929,2023,11,20,9.29,-1.23,-1.68,1.68,8.26,0
US-xSC,-78.1395,38.8929,2023,11,21,11.31,0.51,5.03,2.31,2.84,52.2
US-xSC,-78.1395,38.8929,2023,11,22,12.1,4.38,4.91,2.87,6.79,0.46
US-xSC,-78.1395,38.8929,2023,11,23,13.77,0.23,1.49,2.14,11.53,0.01
US-xSC,-78.1395,38.8929,2023,11,24,9.16,0.24,0.14,2.07,7.07,0.07
US-xSC,-78.1395,38.8929,2023,11,25,5.81,-3.3,-5.12,1.61,11.35,0
US-xSC,-78.1395,38.8929,2023,11,26,8.42,-2.63,-0.65,1.87,6.77,0.49
US-xSC,-78.1395,38.8929,2023,11,27,6.59,-4.74,-2.5,2.66,10.63,0.03
US-xSC,-78.1395,38.8929,2023,11,28,1.06,-4.84,-9.37,3.25,9.97,0
US-xSC,-78.1395,38.8929,2023,11,29,4.47,-6.43,-9.28,1.87,10.86,0
US-xSC,-78.1395,38.8929,2023,11,30,12.28,-2.66,-0.95,2.15,9.54,0
US-xSC,-78.1395,38.8929,2023,12,1,9.29,-0.3,2.57,1.92,3.93,2.4
US-xSC,-78.1395,38.8929,2023,12,2,16.09,5.49,8.53,1.45,6,3.27
US-xSC,-78.1395,38.8929,2023,12,3,16.56,7.19,8.96,1.53,4.81,10.49
US-xSC,-78.1395,38.8929,2023,12,4,9.07,0.07,2.25,1.76,5.6,0
US-xSC,-78.1395,38.8929,2023,12,5,8.41,-2,-0.07,1.33,6.76,0.38
US-xSC,-78.1395,38.8929,2023,12,6,5.41,-2.34,-1.66,2.76,6.55,0.57
US-xSC,-78.1395,38.8929,2023,12,7,8.96,-2.85,-1.64,1.93,6.45,0
US-xSC,-78.1395,38.8929,2023,12,8,13.83,1.66,0.72,1.66,9.69,0
US-xSC,-78.1395,38.8929,2023,12,9,13.64,1.05,4.55,1.64,5.33,0.46
US-xSC,-78.1395,38.8929,2023,12,10,12.8,2.04,8.38,2.54,2.84,35.56
US-xSC,-78.1395,38.8929,2023,12,11,4.73,-4.97,-1.83,3.13,8.6,7.44
US-xSC,-78.1395,38.8929,2023,12,12,7.16,-6.02,-3.38,2.02,10.48,0
US-xSC,-78.1395,38.8929,2023,12,13,6.59,-3.48,-2.95,2.18,8.55,0.09
US-xSC,-78.1395,38.8929,2023,12,14,8.04,-4.85,-4.29,1.82,9.24,0.03
US-xSC,-78.1395,38.8929,2023,12,15,12.89,-2.59,-0.42,2.41,10.23,0
US-xSC,-78.1395,38.8929,2023,12,16,12.23,-1.12,0.66,2.03,9.07,0.04
US-xSC,-78.1395,38.8929,2023,12,17,8.18,1.86,5.12,1.71,2.73,40.56
US-xSC,-78.1395,38.8929,2023,12,18,8.92,0.06,1.29,4.95,8.21,5.24
US-xSC,-78.1395,38.8929,2023,12,19,2.8,-5.33,-5.46,3.72,9.06,0.01
US-xSC,-78.1395,38.8929,2023,12,20,7.96,-5.22,-5.36,1.61,9.95,0
US-xSC,-78.1395,38.8929,2023,12,21,7.96,-3.49,-3.12,1.53,5.91,0
US-xSC,-78.1395,38.8929,2023,12,22,8.02,-2.24,-1.13,1.55,8.1,0
US-xSC,-78.1395,38.8929,2023,12,23,7.68,-2.18,1.53,1.68,4.68,0.16
US-xSC,-78.1395,38.8929,2023,12,24,11.04,1.63,3.55,1.06,6.84,0.33
US-xSC,-78.1395,38.8929,2023,12,25,10.87,1.76,4.29,1.23,6.44,0.27
US-xSC,-78.1395,38.8929,2023,12,26,8.94,4.39,6.16,1.58,4.08,6.05
US-xSC,-78.1395,38.8929,2023,12,27,10.69,6.35,7.89,1.77,3.65,16.8
US-xSC,-78.1395,38.8929,2023,12,28,12.71,4.12,6.54,1.8,7.78,0.09
US-xSC,-78.1395,38.8929,2023,12,29,9.45,-0.73,0.72,2.09,4.96,0.16
US-xSC,-78.1395,38.8929,2023,12,30,8.1,-1.72,-0.51,2.72,6.06,0.01
US-xSC,-78.1395,38.8929,2023,12,31,7.74,-3.29,-0.83,1.83,7.81,0.03
US-xSC,-78.1395,38.8929,2024,1,1,3.62,-0.99,-0.71,2.59,3.79,0.32
US-xSC,-78.1395,38.8929,2024,1,2,6.3,-4.26,-3.11,2.45,10.05,0.01
US-xSC,-78.1395,38.8929,2024,1,3,7.22,-3.95,-2.24,1.56,8.7,0
US-xSC,-78.1395,38.8929,2024,1,4,4.36,-4.93,-3.63,2.97,4.79,0.02
US-xSC,-78.1395,38.8929,2024,1,5,4.88,-5.73,-5.43,1.64,10.57,0
US-xSC,-78.1395,38.8929,2024,1,6,0.56,-2.38,-1.85,2.16,1.66,18.65
US-xSC,-78.1395,38.8929,2024,1,7,4,-4.03,-1.33,2.85,6.26,1.7
US-xSC,-78.1395,38.8929,2024,1,8,5.77,-4.21,-2.4,2.17,9.45,0.04
US-xSC,-78.1395,38.8929,2024,1,9,14.07,-1.02,4.78,4.77,1.13,56.6
US-xSC,-78.1395,38.8929,2024,1,10,6.46,-2.68,-0.55,3.64,6.19,0.19
US-xSC,-78.1395,38.8929,2024,1,11,9.92,-3.53,-0.54,2.43,11.06,0
US-xSC,-78.1395,38.8929,2024,1,12,6.19,-3.1,0.93,3.16,6.56,14.16
US-xSC,-78.1395,38.8929,2024,1,13,3.93,-3.42,-2.73,4.03,7.84,0.84
US-xSC,-78.1395,38.8929,2024,1,14,3.94,-6.03,-6.91,3.87,8.82,0.02
US-xSC,-78.1395,38.8929,2024,1,15,-1.06,-4.42,-6.19,1.47,3.14,5.67
US-xSC,-78.1395,38.8929,2024,1,16,-2.04,-11.92,-8.02,3.05,3.36,1.43
US-xSC,-78.1395,38.8929,2024,1,17,-3.37,-13.31,-12.83,3,12.1,0
US-xSC,-78.1395,38.8929,2024,1,18,0.14,-10.33,-7.51,1.42,5.13,0
US-xSC,-78.1395,38.8929,2024,1,19,-1.81,-6.03,-5.36,2.84,6,5.95
US-xSC,-78.1395,38.8929,2024,1,20,-6.37,-9.97,-10.92,4.37,8.32,0.56
US-xSC,-78.1395,38.8929,2024,1,21,-2.38,-10.38,-9.96,3.88,10.48,0.07
US-xSC,-78.1395,38.8929,2024,1,22,2.97,-11.06,-6.34,2.04,8.93,0
US-xSC,-78.1395,38.8929,2024,1,23,4.72,-3.36,-1.08,1.48,6.91,0.14
US-xSC,-78.1395,38.8929,2024,1,24,10,0.11,3.81,1.56,4.27,0.78
US-xSC,-78.1395,38.8929,2024,1,25,15.24,4.07,9.32,1.88,5.3,1.89
US-xSC,-78.1395,38.8929,2024,1,26,19.86,5.89,11.27,2.51,10.53,0.27
US-xSC,-78.1395,38.8929,2024,1,27,14.85,2.42,6.65,2.06,9,13.12
US-xSC,-78.1395,38.8929,2024,1,28,6.41,1.55,3.04,2.24,3.94,26.11
US-xSC,-78.1395,38.8929,2024,1,29,5.9,-3.01,-0.47,3.72,12.68,0.19
US-xSC,-78.1395,38.8929,2024,1,30,5.46,-3.63,-0.77,1.92,6.61,0.01
US-xSC,-78.1395,38.8929,2024,1,31,7.5,-1.21,0.57,0.99,4.94,0.02
US-xSC,-78.1395,38.8929,2024,2,1,11,-1.12,1.49,1.92,12.83,0.07
US-xSC,-78.1395,38.8929,2024,2,2,8.17,0.18,2.41,2.92,5.2,0.03
US-xSC,-78.1395,38.8929,2024,2,3,7.95,-3.6,-1.72,1.88,13.8,0
US-xSC,-78.1395,38.8929,2024,2,4,9.64,-3.58,-2.35,1.21,13.98,0
US-xSC,-78.1395,38.8929,2024,2,5,8.38,-2.76,-1.36,2.23,13.84,0
US-xSC,-78.1395,38.8929,2024,2,6,4.76,-3.98,-4.35,2.44,14.43,0
US-xSC,-78.1395,38.8929,2024,2,7,9.01,-3.71,-2.72,1.64,13.96,0
US-xSC,-78.1395,38.8929,2024,2,8,9.87,-2.09,0.99,2.17,12.85,0
US-xSC,-78.1395,38.8929,2024,2,9,18.28,1.9,6.84,1.81,12.44,0
US-xSC,-78.1395,38.8929,2024,2,10,15.31,6.62,10.01,1.89,5.47,0.06
US-xSC,-78.1395,38.8929,2024,2,11,11.15,5.94,7.35,1.6,2.43,4.06
US-xSC,-78.1395,38.8929,2024,2,12,9.15,3.51,5.06,1.49,2.6,3.83
US-xSC,-78.1395,38.8929,2024,2,13,4.72,0.56,0.49,3.97,12.12,23.77
US-xSC,-78.1395,38.8929,2024,2,14,4.56,-4.93,-3.31,2.72,13.21,0.01
US-xSC,-78.1395,38.8929,2024,2,15,7.34,-5.07,-1.05,3,13.17,0.01
US-xSC,-78.1395,38.8929,2024,2,16,6.1,-1.49,-2.8,2.8,12.58,1.09
US-xSC,-78.1395,38.8929,2024,2,17,0.47,-6.78,-5.09,3.76,11.55,4.83
US-xSC,-78.1395,38.8929,2024,2,18,5.63,-7.7,-5.75,2.82,16.02,0.01
US-xSC,-78.1395,38.8929,2024,2,19,6.98,-4.79,-4.2,1.76,16.84,0.06
US-xSC,-78.1395,38.8929,2024,2,20,7.75,-4.2,-2.11,2.04,15.61,0
US-xSC,-78.1395,38.8929,2024,2,21,8.79,-2.57,-0.71,2.09,16.07,0
US-xSC,-78.1395,38.8929,2024,2,22,10.55,-1.06,2.81,2.33,6.36,1.76
US-xSC,-78.1395,38.8929,2024,2,23,11.41,3.25,4.46,2.02,4.69,5.05
US-xSC,-78.1395,38.8929,2024,2,24,6.62,-3.41,0.5,2.64,4.92,0.84
US-xSC,-78.1395,38.8929,2024,2,25,6.31,-5.54,-4.38,2.26,16.51,0
US-xSC,-78.1395,38.8929,2024,2,26,18.41,-0.94,4.97,1.93,13.38,0.05
US-xSC,-78.1395,38.8929,2024,2,27,13.84,6.36,9.27,3.02,5.85,0.43
US-xSC,-78.1395,38.8929,2024,2,28,17.08,-0.71,8.99,5.27,3.43,6.28
US-xSC,-78.1395,38.8929,2024,2,29,6.35,-4.84,-6,3.27,19.09,0
US-xSC,-78.1395,38.8929,2024,3,1,8.81,-3.82,-1.42,2.46,13.78,2.47
US-xSC,-78.1395,38.8929,2024,3,2,9.96,3.25,4.94,2.09,11.07,13.91
US-xSC,-78.1395,38.8929,2024,3,3,16.32,4.2,7.87,1.57,8.23,0.08
US-xSC,-78.1395,38.8929,2024,3,4,18.08,5.46,9.56,2.18,14.48,1.84
US-xSC,-78.1395,38.8929,2024,3,5,17.84,7.6,9.22,1.86,10.33,8.73
US-xSC,-78.1395,38.8929,2024,3,6,12.63,8.18,9.57,1.6,5.16,3.79
US-xSC,-78.1395,38.8929,2024,3,7,16.65,5.68,8.53,2.59,13.61,0.54
US-xSC,-78.1395,38.8929,2024,3,8,12.7,2.84,6.12,2.52,11.39,0.23
US-xSC,-78.1395,38.8929,2024,3,9,9.45,3.92,5.14,2.97,3.58,24.05
US-xSC,-78.1395,38.8929,2024,3,10,6.25,0.46,-1.05,5.16,14.37,2.45
US-xSC,-78.1395,38.8929,2024,3,11,9.72,-1.03,-1.91,4.76,21.09,0.02
US-xSC,-78.1395,38.8929,2024,3,12,18.71,0.84,4.66,3.11,19.9,0
US-xSC,-78.1395,38.8929,2024,3,13,21.04,4.06,6,2.12,18.27,0.01
US-xSC,-78.1395,38.8929,2024,3,14,23.42,6.17,8.7,2.42,18.82,0
US-xSC,-78.1395,38.8929,2024,3,15,20.69,8.91,12.86,2.83,6.88,1.48
US-xSC,-78.1395,38.8929,2024,3,16,17.68,3.48,5.33,2.3,21.35,0
US-xSC,-78.1395,38.8929,2024,3,17,16.37,4.15,4.8,3.21,19.25,0
US-xSC,-78.1395,38.8929,2024,3,18,7.96,-0.95,-2.43,3.27,19.08,0.01
US-xSC,-78.1395,38.8929,2024,3,19,9.06,-1.74,-2.68,3.21,20.46,0.01
US-xSC,-78.1395,38.8929,2024,3,20,14.46,-0.88,0.81,4.25,20.7,0
US-xSC,-78.1395,38.8929,2024,3,21,8.51,-5.23,-5.08,2.29,22.66,0
US-xSC,-78.1395,38.8929,2024,3,22,12.65,-4.27,0.45,2.5,14.28,2.9
US-xSC,-78.1395,38.8929,2024,3,23,9.86,-1.85,2.28,3.89,10.4,24.72
US-xSC,-78.1395,38.8929,2024,3,24,9.2,-3.84,-3.94,2.6,23.57,0
US-xSC,-78.1395,38.8929,2024,3,25,12.91,-2.84,0.19,2.45,23.15,0
US-xSC,-78.1395,38.8929,2024,3,26,15.05,-1.08,3.17,2.2,13.09,0
US-xSC,-78.1395,38.8929,2024,3,27,11.46,5.44,6.98,1.58,7.58,7.98
US-xSC,-78.1395,38.8929,2024,3,28,8.27,2.77,2.11,2.92,13.31,0.93
US-xSC,-78.1395,38.8929,2024,3,29,13.25,-0.16,1,3.47,20.58,0
US-xSC,-78.1395,38.8929,2024,3,30,19.11,-0.08,6.06,2.12,15.09,1.71
US-xSC,-78.1395,38.8929,2024,3,31,18.45,5.93,9.56,1.41,9.76,4.11
US-xSC,-78.1395,38.8929,2024,4,1,14.45,9.68,10.63,1.88,12.59,10.52
US-xSC,-78.1395,38.8929,2024,4,2,15.26,8.4,9.65,2.55,8.38,7.41
US-xSC,-78.1395,38.8929,2024,4,3,11.7,3.59,7.27,2.66,8.51,24.93
US-xSC,-78.1395,38.8929,2024,4,4,10.46,1.55,2.27,2.41,16.32,1.71
US-xSC,-78.1395,38.8929,2024,4,5,10.36,1.58,1.09,3.64,16.13,0.4
US-xSC,-78.1395,38.8929,2024,4,6,11.54,0.59,1.61,3.82,15.43,0
US-xSC,-78.1395,38.8929,2024,4,7,16.18,0.86,2.35,2.03,26,0
US-xSC,-78.1395,38.8929,2024,4,8,19.81,4.19,7.18,2.09,21.11,0
US-xSC,-78.1395,38.8929,2024,4,9,24.71,9.47,13.51,1.63,15.72,0.02
US-xSC,-78.1395,38.8929,2024,4,10,22.99,12.07,14.02,1.7,17.05,0.18
US-xSC,-78.1395,38.8929,2024,4,11,20.28,14.15,16.14,4.03,4.57,8.98
US-xSC,-78.1395,38.8929,2024,4,12,17.58,9.89,8.72,4.88,16.03,2.94
US-xSC,-78.1395,38.8929,2024,4,13,15.73,6.26,4.68,4.52,24.76,0.05
US-xSC,-78.1395,38.8929,2024,4,14,25.51,4.58,10.27,3.17,23.08,0.01
US-xSC,-78.1395,38.8929,2024,4,15,25.39,12.79,15.76,2.04,20.9,1.33
US-xSC,-78.1395,38.8929,2024,4,16,23.51,7.95,9.53,1.67,24.68,0
US-xSC,-78.1395,38.8929,2024,4,17,22.43,11.84,14.55,2.07,11.48,0.41
US-xSC,-78.1395,38.8929,2024,4,18,23.22,11.61,13.16,2.08,24.5,0.2
US-xSC,-78.1395,38.8929,2024,4,19,16.57,9.7,10.73,2.41,9.85,0.71
US-xSC,-78.1395,38.8929,2024,4,20,19.31,6.52,6.54,2.66,22.77,0.06
US-xSC,-78.1395,38.8929,2024,4,21,11.14,3.67,1.81,1.43,12.3,0.01
US-xSC,-78.1395,38.8929,2024,4,22,16.21,-0.46,0.93,1.76,27.69,0
US-xSC,-78.1395,38.8929,2024,4,23,20.34,4.33,5.24,2.57,26.88,0
US-xSC,-78.1395,38.8929,2024,4,24,20.3,8.68,9.02,2.54,20.17,0.02
US-xSC,-78.1395,38.8929,2024,4,25,16.6,5.33,5.39,1.7,19.24,0.01
US-xSC,-78.1395,38.8929,2024,4,26,17.96,6.36,6.14,2.21,16.4,0.01
US-xSC,-78.1395,38.8929,2024,4,27,16.6,7.18,9.75,2.45,11.83,4.18
US-xSC,-78.1395,38.8929,2024,4,28,27.19,11.44,14.94,1.74,24.45,0.46
US-xSC,-78.1395,38.8929,2024,4,29,29.62,14.28,16.8,1.84,25.88,0
US-xSC,-78.1395,38.8929,2024,4,30,26.53,14.59,16.56,1.75,16.28,1.51
US-xSC,-78.1395,38.8929,2024,5,1,27.57,12.96,12.92,1.56,27.44,0.45
US-xSC,-78.1395,38.8929,2024,5,2,30.34,12.73,15.66,1.47,27.14,0
US-xSC,-78.1395,38.8929,2024,5,3,24.35,12.38,15.44,2.51,19.76,1.41
US-xSC,-78.1395,38.8929,2024,5,4,13.85,10.24,10.69,2.09,5.17,14.17
US-xSC,-78.1395,38.8929,2024,5,5,20.75,11,14.05,1.67,13.72,6.59
US-xSC,-78.1395,38.8929,2024,5,6,23.67,13.72,16.64,0.96,14.9,1.48
US-xSC,-78.1395,38.8929,2024,5,7,26.29,15.91,17.79,1.14,18.33,0.94
US-xSC,-78.1395,38.8929,2024,5,8,27.44,17.51,18.4,2.15,18.35,0.08
US-xSC,-78.1395,38.8929,2024,5,9,21.36,15.18,15.84,1.87,12.91,5.63
US-xSC,-78.1395,38.8929,2024,5,10,16.43,9.45,11.89,1.62,12.66,5.6
US-xSC,-78.1395,38.8929,2024,5,11,19.41,8.55,8.92,1.26,16.85,10.05
US-xSC,-78.1395,38.8929,2024,5,12,18.46,7.46,8.37,2.36,22.03,0.67
US-xSC,-78.1395,38.8929,2024,5,13,23.39,7.58,10.19,2.12,27.78,0.01
US-xSC,-78.1395,38.8929,2024,5,14,18.55,13.01,14.91,2,4.53,7.43
US-xSC,-78.1395,38.8929,2024,5,15,20,13.29,14.79,1.66,10.59,2.99
US-xSC,-78.1395,38.8929,2024,5,16,24.46,12.14,14.93,1.93,24.02,0.03
US-xSC,-78.1395,38.8929,2024,5,17,22.59,13.15,15.47,1.46,10.44,2.59
US-xSC,-78.1395,38.8929,2024,5,18,19.54,14.09,14.85,1.48,9.89,12.9
US-xSC,-78.1395,38.8929,2024,5,19,24.08,13.46,14.69,1.02,17.67,0.11
US-xSC,-78.1395,38.8929,2024,5,20,26.46,13.86,15.3,1.34,27.28,0.01
US-xSC,-78.1395,38.8929,2024,5,21,28.18,13.56,16.64,1.73,26.99,0.02
US-xSC,-78.1395,38.8929,2024,5,22,29.59,17.68,19.3,1.57,23.79,0.21
US-xSC,-78.1395,38.8929,2024,5,23,28.05,19.21,19.06,1.47,19.22,1.34
US-xSC,-78.1395,38.8929,2024,5,24,28.04,18.2,17.17,1.23,18.11,1.21
US-xSC,-78.1395,38.8929,2024,5,25,30.52,16.78,17.6,1.28,22.88,6.87
US-xSC,-78.1395,38.8929,2024,5,26,28.56,17.65,18.71,1.52,26.02,5.08
US-xSC,-78.1395,38.8929,2024,5,27,25.92,18.03,19.28,2.54,18.23,4.29
US-xSC,-78.1395,38.8929,2024,5,28,25.34,14.91,14.89,2.25,22.3,0.79
US-xSC,-78.1395,38.8929,2024,5,29,22.99,12.16,13.25,1.52,20.15,2.87
US-xSC,-78.1395,38.8929,2024,5,30,22.7,11.29,9.31,2.39,28.11,0.07
US-xSC,-78.1395,38.8929,2024,5,31,22.4,7.99,5.89,1.88,31.59,0.01
US-xSC,-78.1395,38.8929,2024,6,1,27.86,9.11,9.63,1.57,28.8,0
US-xSC,-78.1395,38.8929,2024,6,2,27.39,14.61,14.7,1.63,14.67,0.48
US-xSC,-78.1395,38.8929,2024,6,3,28.26,16.27,17.34,1.35,20.84,0.9
US-xSC,-78.1395,38.8929,2024,6,4,30.23,18.46,17.7,1.58,23.03,0.24
US-xSC,-78.1395,38.8929,2024,6,5,25.24,18.49,20.24,1.7,13.52,7.57
US-xSC,-78.1395,38.8929,2024,6,6,30.19,19.28,19.13,2.27,19.1,1.32
US-xSC,-78.1395,38.8929,2024,6,7,27.49,15.64,13.53,2.68,27.27,0.41
US-xSC,-78.1395,38.8929,2024,6,8,28.01,13.62,11.6,2.16,26.29,0
US-xSC,-78.1395,38.8929,2024,6,9,26.54,15.47,12.98,2.69,22.37,0.31
US-xSC,-78.1395,38.8929,2024,6,10,26.12,13.22,11.94,2.06,19.02,0.58
US-xSC,-78.1395,38.8929,2024,6,11,24.18,11.91,10.92,1.7,20.9,0.02
US-xSC,-78.1395,38.8929,2024,6,12,29.15,13.34,11.17,1.08,25.98,0
US-xSC,-78.1395,38.8929,2024,6,13,32.84,17.18,15.95,1.35,27.45,0.52
US-xSC,-78.1395,38.8929,2024,6,14,33.86,17.72,16.82,1.47,20.19,2.59
US-xSC,-78.1395,38.8929,2024,6,15,29,16.36,12.34,2.08,30.44,0.16
US-xSC,-78.1395,38.8929,2024,6,16,31.87,16.48,12.35,1.78,22.63,0
US-xSC,-78.1395,38.8929,2024,6,17,35.59,18.36,17.93,1.62,25.42,0
US-xSC,-78.1395,38.8929,2024,6,18,35.22,21.08,19.21,1.87,27.32,0
US-xSC,-78.1395,38.8929,2024,6,19,33.91,18.89,14.62,1.65,27.88,0
US-xSC,-78.1395,38.8929,2024,6,20,34.66,17.64,15.8,1.43,27.25,0
US-xSC,-78.1395,38.8929,2024,6,21,37.92,20.26,17.63,0.86,28.38,0
US-xSC,-78.1395,38.8929,2024,6,22,38.32,22.63,18.91,1.24,26.3,0.08
US-xSC,-78.1395,38.8929,2024,6,23,35.36,23.1,18.03,2.72,19.12,0.15
US-xSC,-78.1395,38.8929,2024,6,24,30.86,18.72,14.91,2.74,27.21,0.09
US-xSC,-78.1395,38.8929,2024,6,25,34.26,15.54,12.97,1.53,26.75,4.03
US-xSC,-78.1395,38.8929,2024,6,26,36.22,20.25,18.76,1.83,21.54,4.78
US-xSC,-78.1395,38.8929,2024,6,27,33.03,18.28,15.79,1.8,25.93,4.23
US-xSC,-78.1395,38.8929,2024,6,28,30.91,17.39,14.36,2.16,25.38,0
US-xSC,-78.1395,38.8929,2024,6,29,33.9,19.67,20.3,2.35,20.86,13
US-xSC,-78.1395,38.8929,2024,6,30,35.31,19.09,21.84,1.9,20.72,5.21
US-xSC,-78.1395,38.8929,2024,7,1,26.62,14.83,10.14,2.69,30.44,0.74
US-xSC,-78.1395,38.8929,2024,7,2,30.81,14.14,11.12,1.81,28.67,0
US-xSC,-78.1395,38.8929,2024,7,3,32.78,15.38,15.41,2.22,25.52,0
US-xSC,-78.1395,38.8929,2024,7,4,34.57,21.24,21,1.24,17.22,5.96
US-xSC,-78.1395,38.8929,2024,7,5,37.08,21.56,21.1,1.46,25.59,0.13
US-xSC,-78.1395,38.8929,2024,7,6,37.38,23.62,18.67,1.59,26.1,0
US-xSC,-78.1395,38.8929,2024,7,7,36.44,21.32,16.19,1.1,23.11,0
US-xSC,-78.1395,38.8929,2024,7,8,35.48,23.31,19.6,1.33,23.78,0.01
US-xSC,-78.1395,38.8929,2024,7,9,36.69,23.31,20.65,1.24,22.05,0.28
US-xSC,-78.1395,38.8929,2024,7,10,35.22,22.32,21.19,2.83,20.7,5.64
US-xSC,-78.1395,38.8929,2024,7,11,34.4,19.62,14.97,1.79,27.89,0.01
US-xSC,-78.1395,38.8929,2024,7,12,28.28,19.64,18.09,1.56,14.66,6.22
US-xSC,-78.1395,38.8929,2024,7,13,36.45,19.33,18.12,0.99,24.48,1.19
US-xSC,-78.1395,38.8929,2024,7,14,37.96,22.61,16.95,1.56,24.47,0.13
US-xSC,-78.1395,38.8929,2024,7,15,38.47,22.82,17.25,1.84,24.75,2.13
US-xSC,-78.1395,38.8929,2024,7,16,39.24,23.25,18.41,2.08,24.18,1.64
US-xSC,-78.1395,38.8929,2024,7,17,36.2,23.32,20.35,1.46,18.15,6.21
US-xSC,-78.1395,38.8929,2024,7,18,30.52,21.32,18.34,1.45,13.59,0.7
US-xSC,-78.1395,38.8929,2024,7,19,30.83,18.23,15.04,1.44,20.87,0.53
US-xSC,-78.1395,38.8929,2024,7,20,29.52,20.54,18.28,1.44,11.72,0.81
US-xSC,-78.1395,38.8929,2024,7,21,35.35,18.84,16.17,1.06,23.29,0.09
US-xSC,-78.1395,38.8929,2024,7,22,24.79,20.96,21.32,1.93,14.1,17.17
US-xSC,-78.1395,38.8929,2024,7,23,32.24,18.5,17.93,1.28,19.34,1.91
US-xSC,-78.1395,38.8929,2024,7,24,31.41,20.1,20.17,1.13,13.3,4.1
US-xSC,-78.1395,38.8929,2024,7,25,30.94,21.15,18.89,1.09,13.45,2.84
US-xSC,-78.1395,38.8929,2024,7,26,28.45,18.81,14.49,1.46,21.01,0.13
US-xSC,-78.1395,38.8929,2024,7,27,31.75,16.5,10.92,1.56,26.12,0
US-xSC,-78.1395,38.8929,2024,7,28,34.35,18.31,12.37,1.38,24.73,0
US-xSC,-78.1395,38.8929,2024,7,29,35.86,19.98,17.35,1.36,17.62,1.32
US-xSC,-78.1395,38.8929,2024,7,30,31.82,21.29,20.89,1.85,18.14,5.42
US-xSC,-78.1395,38.8929,2024,7,31,36.11,20.8,18.8,1.46,23.02,1.62
US-xSC,-78.1395,38.8929,2024,8,1,36.4,21.18,18.96,1.43,22.14,0.26
US-xSC,-78.1395,38.8929,2024,8,2,36.6,23.43,19.59,1.43,22.1,3.37
US-xSC,-78.1395,38.8929,2024,8,3,34.39,21.73,20.58,1.35,20.05,10.51
US-xSC,-78.1395,38.8929,2024,8,4,33.53,20.49,19.44,1.03,19.61,3.66
US-xSC,-78.1395,38.8929,2024,8,5,36.88,20.75,17.72,1.17,24.58,0.05
US-xSC,-78.1395,38.8929,2024,8,6,35.96,22.11,19.35,1.47,20.7,5.69
US-xSC,-78.1395,38.8929,2024,8,7,32.02,21.82,21.61,1.75,19.14,17.94
US-xSC,-78.1395,38.8929,2024,8,8,26.92,21.88,22.49,3.19,5.73,48
US-xSC,-78.1395,38.8929,2024,8,9,30.1,21.77,23.55,3.03,14.64,23.12
US-xSC,-78.1395,38.8929,2024,8,10,29.43,18.73,18.67,1.54,23.03,1.11
US-xSC,-78.1395,38.8929,2024,8,11,27.06,15.56,14.55,1.5,21.7,0.39
US-xSC,-78.1395,38.8929,2024,8,12,27,14.58,14.35,1.8,23.47,0.01
US-xSC,-78.1395,38.8929,2024,8,13,27.75,14.99,14.84,1.62,19.71,0
US-xSC,-78.1395,38.8929,2024,8,14,27.94,15.81,15.32,1.87,23.09,0
US-xSC,-78.1395,38.8929,2024,8,15,29.81,15.97,15.58,1.45,23.66,0
US-xSC,-78.1395,38.8929,2024,8,16,30.66,18.66,17.66,1.91,14.28,0.32
US-xSC,-78.1395,38.8929,2024,8,17,31.72,19.71,20.04,1.45,18.1,4.58
US-xSC,-78.1395,38.8929,2024,8,18,30.43,19.65,20.09,1.18,19.05,7.2
US-xSC,-78.1395,38.8929,2024,8,19,27.75,17.41,17.17,2.26,15.34,1.3
US-xSC,-78.1395,38.8929,2024,8,20,23.73,13.39,11.21,2.28,19.41,0.01
US-xSC,-78.1395,38.8929,2024,8,21,24.12,10.82,8.68,2.07,22.44,0
US-xSC,-78.1395,38.8929,2024,8,22,25.64,10.27,8.88,1.48,24.56,0
US-xSC,-78.1395,38.8929,2024,8,23,29.26,13.57,10.89,1.24,25.3,0
US-xSC,-78.1395,38.8929,2024,8,24,31.08,14.45,13.11,1.22,23.27,0
US-xSC,-78.1395,38.8929,2024,8,25,33.14,15.69,13.07,0.96,23.89,0
US-xSC,-78.1395,38.8929,2024,8,26,33.24,18.09,17.45,1.64,19.21,2.24
US-xSC,-78.1395,38.8929,2024,8,27,35.23,20.87,18.59,0.87,21.41,0.12
US-xSC,-78.1395,38.8929,2024,8,28,37.84,21.45,16.61,1.42,21.51,0.09
US-xSC,-78.1395,38.8929,2024,8,29,32.97,21.77,20.78,1.53,19.6,17.78
US-xSC,-78.1395,38.8929,2024,8,30,29.76,19.9,20.16,1.5,11.83,7.04
US-xSC,-78.1395,38.8929,2024,8,31,30.26,19.87,20.48,1.6,13.61,7.72
US-xSC,-78.1395,38.8929,2024,9,1,29.66,20.07,20.53,1.35,10.93,1.6
US-xSC,-78.1395,38.8929,2024,9,2,25.43,15.16,11.72,2.45,22.01,0.1
US-xSC,-78.1395,38.8929,2024,9,3,23.8,11.03,6.99,1.87,25.05,0.01
US-xSC,-78.1395,38.8929,2024,9,4,24.05,12.94,7.07,1.72,21.68,0
US-xSC,-78.1395,38.8929,2024,9,5,26.02,11.62,10.79,1.7,23.25,0
US-xSC,-78.1395,38.8929,2024,9,6,27.86,13.66,11.43,1.51,23.27,0
US-xSC,-78.1395,38.8929,2024,9,7,24.36,12.33,10.03,2.33,15.26,0.99
US-xSC,-78.1395,38.8929,2024,9,8,23.38,8.07,4.01,2.03,24.43,0
US-xSC,-78.1395,38.8929,2024,9,9,26.59,7.88,2.35,1.72,21.73,0
US-xSC,-78.1395,38.8929,2024,9,10,30.64,11.29,7.72,1.42,23.21,0
US-xSC,-78.1395,38.8929,2024,9,11,30.14,14.72,10.79,1.44,22.65,0
US-xSC,-78.1395,38.8929,2024,9,12,28.1,13.66,11.59,1.78,21,0
US-xSC,-78.1395,38.8929,2024,9,13,27.53,12.44,13.46,1.79,14.62,0
US-xSC,-78.1395,38.8929,2024,9,14,29.44,13.75,11.46,2.01,19.81,0
US-xSC,-78.1395,38.8929,2024,9,15,27.69,12.83,12.66,2.13,19.33,0
US-xSC,-78.1395,38.8929,2024,9,16,22.09,12.48,12.97,1.85,14.64,0.14
US-xSC,-78.1395,38.8929,2024,9,17,25.76,17.29,17.88,2.41,4.79,8.25
US-xSC,-78.1395,38.8929,2024,9,18,22.58,17.72,18.69,1.99,6.09,12.38
US-xSC,-78.1395,38.8929,2024,9,19,28.81,16.67,16.32,1.23,11.02,1.28
US-xSC,-78.1395,38.8929,2024,9,20,30.21,13.15,12.86,1.44,19.54,0
US-xSC,-78.1395,38.8929,2024,9,21,31.07,14.88,16.02,1.25,15.66,4.75
US-xSC,-78.1395,38.8929,2024,9,22,27.59,17.45,17.51,1.34,9.05,2
US-xSC,-78.1395,38.8929,2024,9,23,24.26,17.3,17.55,2.39,6.18,9.2
US-xSC,-78.1395,38.8929,2024,9,24,22.22,15.87,16.98,2.52,3.13,9.92
US-xSC,-78.1395,38.8929,2024,9,25,23.11,17.14,18.93,1.82,4.94,18.65
US-xSC,-78.1395,38.8929,2024,9,26,24.95,19.57,20.48,1.28,8.33,7.78
US-xSC,-78.1395,38.8929,2024,9,27,24.07,19.47,20.94,3.01,2.55,9.18
US-xSC,-78.1395,38.8929,2024,9,28,27.79,18.39,17.94,1.56,15.35,1.43
US-xSC,-78.1395,38.8929,2024,9,29,22.48,17.92,18.55,1.58,4.78,5.38
US-xSC,-78.1395,38.8929,2024,9,30,20.41,16.24,17.07,1.86,2.99,13.85
US-xSC,-78.1395,38.8929,2024,10,1,20.53,15.48,16.47,1.57,5.01,6.23
US-xSC,-78.1395,38.8929,2024,10,2,23.67,14.61,16.63,0.93,8.14,1.84
US-xSC,-78.1395,38.8929,2024,10,3,25.57,13.85,15.71,1,12.34,0.21
US-xSC,-78.1395,38.8929,2024,10,4,27.45,15.22,17.64,1.02,12.15,0.23
US-xSC,-78.1395,38.8929,2024,10,5,24.15,12.29,11.29,1.79,18.24,0
US-xSC,-78.1395,38.8929,2024,10,6,25.09,11.47,11.87,1.52,18.18,0.1
US-xSC,-78.1395,38.8929,2024,10,7,21.58,10.05,11.58,2.29,17.79,0.56
US-xSC,-78.1395,38.8929,2024,10,8,20.29,6.76,5.69,1.51,18.65,0
US-xSC,-78.1395,38.8929,2024,10,9,20.78,7.2,4.59,2.42,18.12,0
US-xSC,-78.1395,38.8929,2024,10,10,17.83,4.86,3.77,2.07,18.71,0
US-xSC,-78.1395,38.8929,2024,10,11,21.36,4.03,4,1.79,17.53,0
US-xSC,-78.1395,38.8929,2024,10,12,26.05,8.86,8.53,1.97,16.49,0
US-xSC,-78.1395,38.8929,2024,10,13,26.61,11.15,12.56,2.6,14.86,0.02
US-xSC,-78.1395,38.8929,2024,10,14,16.77,6.71,6.22,3.15,12.16,0.02
US-xSC,-78.1395,38.8929,2024,10,15,13.82,4.96,3.64,1.66,8.42,0.22
US-xSC,-78.1395,38.8929,2024,10,16,13.43,2.79,2.38,2.6,11.15,0.01
US-xSC,-78.1395,38.8929,2024,10,17,15.54,2.5,1.55,2.35,16.9,0
US-xSC,-78.1395,38.8929,2024,10,18,19.99,3.26,1.5,1.71,15.83,0
US-xSC,-78.1395,38.8929,2024,10,19,22.71,3.6,2.53,1.8,16.8,0
US-xSC,-78.1395,38.8929,2024,10,20,24.95,4.62,2.41,1.69,16.52,0
US-xSC,-78.1395,38.8929,2024,10,21,27.53,7.36,4.51,1.67,16.26,0
US-xSC,-78.1395,38.8929,2024,10,22,27.72,9.8,7.46,1.85,15.83,0
US-xSC,-78.1395,38.8929,2024,10,23,26.56,7.17,7.87,1.79,15.39,0.02
US-xSC,-78.1395,38.8929,2024,10,24,18.81,6.86,5.71,2.52,16.11,0.01
US-xSC,-78.1395,38.8929,2024,10,25,22.56,3.61,5.31,1.59,14.59,0
US-xSC,-78.1395,38.8929,2024,10,26,17.24,7.54,5.68,2.39,11.29,0.02
US-xSC,-78.1395,38.8929,2024,10,27,15.44,2.37,-0.88,1.46,15.12,0
US-xSC,-78.1395,38.8929,2024,10,28,18.67,2.91,3.66,1.92,13.94,0
US-xSC,-78.1395,38.8929,2024,10,29,21.16,4.27,7.55,2.07,12.38,0
US-xSC,-78.1395,38.8929,2024,10,30,26.72,8.39,11.9,1.77,13.81,0
US-xSC,-78.1395,38.8929,2024,10,31,28.37,12.48,13.86,2.45,13.67,0.03
US-xSC,-78.1395,38.8929,2024,11,1,24.94,8.59,9.47,2.79,10.44,0
US-xSC,-78.1395,38.8929,2024,11,2,18.41,5.22,2.82,1.74,14.36,0
US-xSC,-78.1395,38.8929,2024,11,3,16.56,1.6,0.58,1.57,13.55,0
US-xSC,-78.1395,38.8929,2024,11,4,14.25,2.84,4.76,1.82,9.61,0
US-xSC,-78.1395,38.8929,2024,11,5,24.41,8.06,12.17,2.61,11.73,0
US-xSC,-78.1395,38.8929,2024,11,6,27.86,12.97,15.39,2.12,10.17,0
US-xSC,-78.1395,38.8929,2024,11,7,25.95,13.64,14.18,1.82,7.64,0
US-xSC,-78.1395,38.8929,2024,11,8,21.43,10.71,3.25,2.41,12.73,0
US-xSC,-78.1395,38.8929,2024,11,9,15.39,5.27,-0.8,1.89,13.41,0
US-xSC,-78.1395,38.8929,2024,11,10,13.53,5.28,3.47,2.51,6.4,3.25
US-xSC,-78.1395,38.8929,2024,11,11,22.38,10.18,9.39,2.52,11.59,2
US-xSC,-78.1395,38.8929,2024,11,12,14.52,2.7,1.28,2.68,13.05,0
US-xSC,-78.1395,38.8929,2024,11,13,10.56,-2.26,-4.39,1.64,12.03,0
US-xSC,-78.1395,38.8929,2024,11,14,7.92,2.06,3.23,1.61,3.25,9.24
US-xSC,-78.1395,38.8929,2024,11,15,15.53,4.48,6.31,2.01,7.88,1.62
US-xSC,-78.1395,38.8929,2024,11,16,16.23,3.76,4.36,3.03,11.6,0.02
US-xSC,-78.1395,38.8929,2024,11,17,15.59,0.95,3.31,1.48,10.5,0
US-xSC,-78.1395,38.8929,2024,11,18,21.32,5.58,8.32,1.99,9.85,0
US-xSC,-78.1395,38.8929,2024,11,19,16.52,6.91,8.12,1.4,4.96,0.28
US-xSC,-78.1395,38.8929,2024,11,20,18.49,4.01,9.03,2.1,4.35,10.12
US-xSC,-78.1395,38.8929,2024,11,21,8.27,-0.18,-1.28,2.58,5.12,0.52
US-xSC,-78.1395,38.8929,2024,11,22,4.36,-1.3,-1.79,4.13,4.05,2.72
US-xSC,-78.1395,38.8929,2024,11,23,10.99,3.72,2.37,3.83,7.78,0.01
US-xSC,-78.1395,38.8929,2024,11,24,14.35,2.56,1.32,2.01,7.86,0
US-xSC,-78.1395,38.8929,2024,11,25,16.18,1.1,3.19,1.97,9.78,0
US-xSC,-78.1395,38.8929,2024,11,26,14.85,2.39,4.09,2.93,10.75,2.11
US-xSC,-78.1395,38.8929,2024,11,27,11.11,-0.7,-1.8,1.71,5.74,0.1
US-xSC,-78.1395,38.8929,2024,11,28,11.29,1.98,3.34,2.72,5.61,7.56
US-xSC,-78.1395,38.8929,2024,11,29,5.33,-2.5,-4.95,2.76,7.02,0
US-xSC,-78.1395,38.8929,2024,11,30,2.28,-5.65,-9.98,2.43,11.19,0
US-xSC,-78.1395,38.8929,2024,12,1,4.84,-4.61,-6.38,1.83,5.46,0
US-xSC,-78.1395,38.8929,2024,12,2,3.35,-5.72,-8.39,2.07,10.6,0
US-xSC,-78.1395,38.8929,2024,12,3,4.19,-4.74,-7.79,2.46,10.74,0
US-xSC,-78.1395,38.8929,2024,12,4,5.06,-5.16,-7.27,2.99,3.24,0.01
US-xSC,-78.1395,38.8929,2024,12,5,1.4,-4.59,-8.8,4.63,9.86,0.28
US-xSC,-78.1395,38.8929,2024,12,6,1.33,-4.88,-9.66,3.07,10.88,0
US-xSC,-78.1395,38.8929,2024,12,7,4.78,-6.11,-8.08,2.02,8.28,0
US-xSC,-78.1395,38.8929,2024,12,8,13.69,-0.4,0.34,2.69,9.84,0
US-xSC,-78.1395,38.8929,2024,12,9,15.71,1.41,6.23,2.14,7.54,3.41
US-xSC,-78.1395,38.8929,2024,12,10,11.13,4.82,7.41,1.72,3.17,2.46
US-xSC,-78.1395,38.8929,2024,12,11,12.54,-1.42,4.86,3.33,5.36,27.15
US-xSC,-78.1395,38.8929,2024,12,12,4.1,-4.41,-8.31,2.89,10.44,0
US-xSC,-78.1395,38.8929,2024,12,13,5.84,-3.22,-6.97,0.95,6.91,0.09
US-xSC,-78.1395,38.8929,2024,12,14,3.73,-4.99,-6.57,1.69,8.8,0
US-xSC,-78.1395,38.8929,2024,12,15,3.98,-2.74,-1.47,1.79,1.78,8.44
US-xSC,-78.1395,38.8929,2024,12,16,4.69,-0.1,2.22,1.38,3.47,5.06
US-xSC,-78.1395,38.8929,2024,12,17,14.44,1.28,4.14,2.3,7.55,0.22
US-xSC,-78.1395,38.8929,2024,12,18,10.14,-0.67,1.64,2.18,3.67,2.75
US-xSC,-78.1395,38.8929,2024,12,19,6.8,-1.69,-1.83,2.08,7.37,0.01
US-xSC,-78.1395,38.8929,2024,12,20,5.2,-2.82,-1.22,1.54,4.25,0.18
US-xSC,-78.1395,38.8929,2024,12,21,1.56,-3.5,-6.53,3.2,7.65,0.02
US-xSC,-78.1395,38.8929,2024,12,22,1.69,-6.1,-8.83,1.52,10.63,0
US-xSC,-78.1395,38.8929,2024,12,23,2.21,-6.5,-7.96,2.1,9.57,0
US-xSC,-78.1395,38.8929,2024,12,24,6.81,-3.6,-1.42,1.8,3.83,0.28
US-xSC,-78.1395,38.8929,2024,12,25,5.72,-1.1,-0.45,1.29,5.55,0.01
US-xSC,-78.1395,38.8929,2024,12,26,6.1,-2.74,-1.08,1.49,7.06,0.07
US-xSC,-78.1395,38.8929,2024,12,27,6.61,-2.86,-1.84,2.04,7.42,2.77
US-xSC,-78.1395,38.8929,2024,12,28,9.26,1.21,4.7,1.85,5.11,9.1
US-xSC,-78.1395,38.8929,2024,12,29,15.88,4.89,10.37,3.87,4.1,2.17
US-xSC,-78.1395,38.8929,2024,12,30,12.74,2.75,2.73,3.11,9.62,0.04
US-xSC,-78.1395,38.8929,2024,12,31,12.3,0.47,4.62,2.5,3.72,9.84
