site_id,LON,LAT,YEAR,MO,DY,T2M_MAX,T2M_MIN,T2MDEW,WS10M,ALLSKY_SFC_SW_DWN,PRECTOTCORR
US-Pfa,-90.2723,45.9459,2001,1,1,-7.91,-17.75,-14.05,2.67,7.53,0.03
US-Pfa,-90.2723,45.9459,2001,1,2,-10.56,-18.49,-15.18,6.19,6.99,0.31
US-Pfa,-90.2723,45.9459,2001,1,3,-9.49,-15.07,-12.84,4.31,5.09,0.3
US-Pfa,-90.2723,45.9459,2001,1,4,-0.69,-15.31,-8.87,6.39,5.08,0.71
US-Pfa,-90.2723,45.9459,2001,1,5,-1.25,-10.42,-6.19,6.58,6.6,0.23
US-Pfa,-90.2723,45.9459,2001,1,6,-4.49,-10.89,-8.85,4.48,4.17,2.03
US-Pfa,-90.2723,45.9459,2001,1,7,-6.11,-11.52,-9.14,4.06,7.09,0.49
US-Pfa,-90.2723,45.9459,2001,1,8,-7.21,-15.6,-11.54,2.3,6.71,0.49
US-Pfa,-90.2723,45.9459,2001,1,9,-6.27,-14.32,-11.3,5.45,7.78,0.03
US-Pfa,-90.2723,45.9459,2001,1,10,-0.82,-9.21,-6.32,4.79,7.74,0.01
US-Pfa,-90.2723,45.9459,2001,1,11,0.14,-6.79,-2.87,2.3,5.99,0.47
US-Pfa,-90.2723,45.9459,2001,1,12,0.16,-3.08,-0.81,2.75,3.66,0.37
US-Pfa,-90.2723,45.9459,2001,1,13,-0.5,-6.04,-4.09,2.32,1.58,0.17
US-Pfa,-90.2723,45.9459,2001,1,14,-0.05,-2.78,-1.78,4.9,2.1,7.78
US-Pfa,-90.2723,45.9459,2001,1,15,-0.79,-6.32,-4.19,3.09,5.08,2.01
US-Pfa,-90.2723,45.9459,2001,1,16,-6.28,-12.51,-9.68,2.82,5.49,0.38
US-Pfa,-90.2723,45.9459,2001,1,17,-11.09,-15.12,-13.7,4.94,7.38,0.22
US-Pfa,-90.2723,45.9459,2001,1,18,-3.92,-12.04,-9.56,4.59,6.47,1.11
US-Pfa,-90.2723,45.9459,2001,1,19,-10.54,-21.6,-15.51,3.4,7.65,0.05
US-Pfa,-90.2723,45.9459,2001,1,20,-11.92,-23.5,-19.51,4.15,9.04,0.07
US-Pfa,-90.2723,45.9459,2001,1,21,-5.08,-19.35,-12.89,3.01,7.54,0.12
US-Pfa,-90.2723,45.9459,2001,1,22,-5.94,-16.87,-11.43,5.98,7.85,0.68
US-Pfa,-90.2723,45.9459,2001,1,23,-3.47,-10.25,-8,4.3,7.79,0.41
US-Pfa,-90.2723,45.9459,2001,1,24,-7.36,-18.2,-11.59,4.62,7.63,0.73
US-Pfa,-90.2723,45.9459,2001,1,25,-8.21,-22.07,-16.12,5.64,9.54,0.02
US-Pfa,-90.2723,45.9459,2001,1,26,-5.92,-12.81,-10.91,5.62,6.65,4.31
US-Pfa,-90.2723,45.9459,2001,1,27,-9.51,-21.35,-14.27,4.75,9.13,0.04
US-Pfa,-90.2723,45.9459,2001,1,28,-5.38,-14.83,-11.69,3.26,8.53,0.31
US-Pfa,-90.2723,45.9459,2001,1,29,-2.2,-13.42,-7.74,4.16,7.43,4.21
US-Pfa,-90.2723,45.9459,2001,1,30,0.07,-2.89,-1.46,3.57,5.81,7.91
US-Pfa,-90.2723,45.9459,2001,1,31,-3.43,-10.25,-6.26,3.95,7.77,0.88
US-Pfa,-90.2723,45.9459,2001,2,1,-12.51,-18.91,-16.72,5.12,9.19,1.01
US-Pfa,-90.2723,45.9459,2001,2,2,-12.15,-19.01,-16.69,3.38,10.31,0.22
US-Pfa,-90.2723,45.9459,2001,2,3,-10.38,-19.62,-15.01,4.36,7.28,0.92
US-Pfa,-90.2723,45.9459,2001,2,4,-2.85,-12.85,-9.26,2.94,5.73,0.42
US-Pfa,-90.2723,45.9459,2001,2,5,-5.73,-12.85,-10,2.54,6.37,0.39
US-Pfa,-90.2723,45.9459,2001,2,6,-2.95,-13.37,-8.39,3.9,7.78,0.73
US-Pfa,-90.2723,45.9459,2001,2,7,-7.76,-16.9,-12.58,2.25,6.92,3.98
US-Pfa,-90.2723,45.9459,2001,2,8,-2.93,-9.53,-7.28,4.29,3.39,6.18
US-Pfa,-90.2723,45.9459,2001,2,9,-5.23,-14.7,-9.9,7.34,10.47,4.22
US-Pfa,-90.2723,45.9459,2001,2,10,-14.61,-24.28,-19.08,4.07,11.88,0.26
US-Pfa,-90.2723,45.9459,2001,2,11,-12.07,-25.46,-18.49,3.21,10.08,0.33
US-Pfa,-90.2723,45.9459,2001,2,12,-4.99,-12.38,-10.33,3.36,6.52,1.89
US-Pfa,-90.2723,45.9459,2001,2,13,-4.02,-12.37,-8.49,3.7,5.71,0.36
US-Pfa,-90.2723,45.9459,2001,2,14,-6.6,-18.54,-12.39,4.52,10.67,0.12
US-Pfa,-90.2723,45.9459,2001,2,15,-7.44,-22.49,-16.11,3.15,13.08,0.17
US-Pfa,-90.2723,45.9459,2001,2,16,-13.33,-18.27,-16.29,6.66,13.54,0.22
US-Pfa,-90.2723,45.9459,2001,2,17,-14.45,-22.36,-19.37,5.01,13.86,0.04
US-Pfa,-90.2723,45.9459,2001,2,18,-7.85,-23.48,-16.28,6.2,10.38,0.11
US-Pfa,-90.2723,45.9459,2001,2,19,-4.25,-19.11,-9.82,4.77,9.26,0.34
US-Pfa,-90.2723,45.9459,2001,2,20,-12.72,-22.48,-18.28,6.38,14.72,0.24
US-Pfa,-90.2723,45.9459,2001,2,21,-15.58,-26.93,-22.89,3.08,14.52,0.03
US-Pfa,-90.2723,45.9459,2001,2,22,-8.28,-24.05,-14.9,6.45,8.78,1.76
US-Pfa,-90.2723,45.9459,2001,2,23,-9.07,-18.83,-15.53,2.96,14.55,0.46
US-Pfa,-90.2723,45.9459,2001,2,24,-1.74,-12.64,-6.63,6.91,2.57,6.42
US-Pfa,-90.2723,45.9459,2001,2,25,0.48,-10.13,-4.54,7.15,5,7.26
US-Pfa,-90.2723,45.9459,2001,2,26,-7.24,-21.93,-13.55,4.19,13.62,0.29
US-Pfa,-90.2723,45.9459,2001,2,27,-13.71,-25.65,-20.96,4.11,16.67,0.02
US-Pfa,-90.2723,45.9459,2001,2,28,-10.98,-25.5,-17.91,4.69,12.42,0.08
US-Pfa,-90.2723,45.9459,2001,3,1,-0.5,-12.38,-6.98,3.77,11.45,0.17
US-Pfa,-90.2723,45.9459,2001,3,2,0.06,-6.09,-3.75,4.58,14.43,0.07
US-Pfa,-90.2723,45.9459,2001,3,3,-1.12,-10.15,-6.51,4.31,16.33,0.24
US-Pfa,-90.2723,45.9459,2001,3,4,-6.37,-15.43,-11.79,4.86,15.46,0.36
US-Pfa,-90.2723,45.9459,2001,3,5,-8.46,-15.12,-11.82,6.66,17.24,0.12
US-Pfa,-90.2723,45.9459,2001,3,6,-2.87,-10.95,-8.03,4.59,17.35,0.13
US-Pfa,-90.2723,45.9459,2001,3,7,-2.65,-9.53,-6.65,4.57,8.77,1.01
US-Pfa,-90.2723,45.9459,2001,3,8,-3.72,-9.28,-7.29,4.88,9.78,1.37
US-Pfa,-90.2723,45.9459,2001,3,9,-1.64,-11.79,-8.56,3.02,17.5,0.06
US-Pfa,-90.2723,45.9459,2001,3,10,-2.7,-9.41,-7.12,4.93,5.08,1.4
US-Pfa,-90.2723,45.9459,2001,3,11,-5.72,-17.76,-12.59,3.23,18.42,0.02
US-Pfa,-90.2723,45.9459,2001,3,12,-0.9,-11.97,-6.44,5,3.29,10.21
US-Pfa,-90.2723,45.9459,2001,3,13,-1.19,-6.81,-4.71,5.84,14.31,0.88
US-Pfa,-90.2723,45.9459,2001,3,14,0.2,-7.99,-4.77,3.1,16.28,0.07
US-Pfa,-90.2723,45.9459,2001,3,15,-0.27,-8.44,-4.96,3.72,14.68,0.09
US-Pfa,-90.2723,45.9459,2001,3,16,-1.55,-8.66,-6.46,3.17,14.37,0
US-Pfa,-90.2723,45.9459,2001,3,17,-0.15,-12.47,-6.75,2.1,19.79,0
US-Pfa,-90.2723,45.9459,2001,3,18,-0.02,-10.45,-6.59,3.1,19.69,0.14
US-Pfa,-90.2723,45.9459,2001,3,19,0.26,-7.17,-4.76,3.73,11.4,0
US-Pfa,-90.2723,45.9459,2001,3,20,1.21,-7.65,-3.08,3.91,17.77,1.9
US-Pfa,-90.2723,45.9459,2001,3,21,1.89,-5.57,-3.67,1.47,20.02,0.26
US-Pfa,-90.2723,45.9459,2001,3,22,0.54,-7.99,-4.67,3.43,6.86,0.24
US-Pfa,-90.2723,45.9459,2001,3,23,-2.36,-14.48,-7.5,4.1,15.36,0.63
US-Pfa,-90.2723,45.9459,2001,3,24,-10.51,-16.96,-14.4,4.95,17.91,0.57
US-Pfa,-90.2723,45.9459,2001,3,25,-10.53,-16.72,-14.49,5.35,15.68,1.09
US-Pfa,-90.2723,45.9459,2001,3,26,-5.03,-10.6,-9.23,4.2,19.14,0.48
US-Pfa,-90.2723,45.9459,2001,3,27,0.73,-10.86,-6.97,2.39,20.76,0.02
US-Pfa,-90.2723,45.9459,2001,3,28,3.74,-9.66,-5.24,3.17,13.16,0.17
US-Pfa,-90.2723,45.9459,2001,3,29,4.99,-2.65,-1.33,3.31,5.76,0.21
US-Pfa,-90.2723,45.9459,2001,3,30,6.04,-1.93,-1.11,3.46,4.78,0.43
US-Pfa,-90.2723,45.9459,2001,3,31,6.4,-2.05,-0.97,4.27,4.54,3.03
US-Pfa,-90.2723,45.9459,2001,4,1,7.12,-3.44,-4.44,3.2,17.8,0.48
US-Pfa,-90.2723,45.9459,2001,4,2,3.13,-3.85,-3.94,2.7,11.37,3.07
US-Pfa,-90.2723,45.9459,2001,4,3,10.06,-3.64,-2.7,2.53,19.3,0.24
US-Pfa,-90.2723,45.9459,2001,4,4,12.46,-2.54,-1.68,3.28,20.04,0.14
US-Pfa,-90.2723,45.9459,2001,4,5,7.28,0.39,1.73,4.92,4.95,7.07
US-Pfa,-90.2723,45.9459,2001,4,6,11.08,1.4,2.16,3.55,12.52,3.43
US-Pfa,-90.2723,45.9459,2001,4,7,15.8,1.81,3.69,10.34,4.59,16.74
US-Pfa,-90.2723,45.9459,2001,4,8,10.41,0.3,0.61,5.52,15.28,0.31
US-Pfa,-90.2723,45.9459,2001,4,9,9.21,-1.35,0.02,3.34,8,1.52
US-Pfa,-90.2723,45.9459,2001,4,10,14.81,-1.11,2.35,3.23,12.36,0.31
US-Pfa,-90.2723,45.9459,2001,4,11,12.34,2.48,4.99,7.64,3.18,22.86
US-Pfa,-90.2723,45.9459,2001,4,12,9.17,1.44,3.83,6.52,6.84,5.9
US-Pfa,-90.2723,45.9459,2001,4,13,12.57,-1.54,-0.5,4.15,24.1,1.22
US-Pfa,-90.2723,45.9459,2001,4,14,13.17,1.82,1.04,5.14,23.58,0.38
US-Pfa,-90.2723,45.9459,2001,4,15,8.77,-4.72,0.77,6.36,9.67,9.68
US-Pfa,-90.2723,45.9459,2001,4,16,1.47,-6.2,-7.26,6.27,11.66,1.25
US-Pfa,-90.2723,45.9459,2001,4,17,5.37,-3.92,-6.5,5.41,26.47,0
US-Pfa,-90.2723,45.9459,2001,4,18,11.22,-3.02,-3.82,2.51,24.33,0.02
US-Pfa,-90.2723,45.9459,2001,4,19,15.34,-0.99,1.25,4.36,16.64,0.17
US-Pfa,-90.2723,45.9459,2001,4,20,13.17,4.52,7.99,5.06,6.64,4.65
US-Pfa,-90.2723,45.9459,2001,4,21,18.91,2.09,7.88,6.21,4.97,17.02
US-Pfa,-90.2723,45.9459,2001,4,22,12.26,-1.07,3.28,4.79,3.83,18.21
US-Pfa,-90.2723,45.9459,2001,4,23,18.85,0.37,8.09,8.15,9.28,17.57
US-Pfa,-90.2723,45.9459,2001,4,24,13.33,-2.05,0.1,4.04,21.99,0.14
US-Pfa,-90.2723,45.9459,2001,4,25,17.46,3.19,4.35,3.8,24.7,0.03
US-Pfa,-90.2723,45.9459,2001,4,26,19.16,3.15,4.45,5.38,25.57,0
US-Pfa,-90.2723,45.9459,2001,4,27,18.14,0.08,1.1,3.11,24.79,0
US-Pfa,-90.2723,45.9459,2001,4,28,18.25,2.7,1.93,6,22.3,0.03
US-Pfa,-90.2723,45.9459,2001,4,29,22.78,7.4,8.91,7.78,23.76,0.36
US-Pfa,-90.2723,45.9459,2001,4,30,22.52,11.67,12.95,7.05,11.07,9.31
US-Pfa,-90.2723,45.9459,2001,5,1,20.36,9.13,12.78,4.78,17.47,0.83
US-Pfa,-90.2723,45.9459,2001,5,2,17.43,9.22,9.47,3.87,9.38,6.13
US-Pfa,-90.2723,45.9459,2001,5,3,17.26,6.28,5.48,3.09,7.57,0.79
US-Pfa,-90.2723,45.9459,2001,5,4,15.08,3.01,2.75,3.56,18.73,0.6
US-Pfa,-90.2723,45.9459,2001,5,5,15.47,0.54,2.89,5.62,9.79,1.17
US-Pfa,-90.2723,45.9459,2001,5,6,16.06,5.44,6.24,7.64,12.77,3.61
US-Pfa,-90.2723,45.9459,2001,5,7,16.37,5.79,7.16,5.78,20.56,5.11
US-Pfa,-90.2723,45.9459,2001,5,8,15.19,3.91,3.81,5.98,26.7,1.56
US-Pfa,-90.2723,45.9459,2001,5,9,22.36,3.1,7.89,4.71,19.47,9.8
US-Pfa,-90.2723,45.9459,2001,5,10,20.94,7.26,12.6,5.09,13.72,2.89
US-Pfa,-90.2723,45.9459,2001,5,11,11.95,2.87,1.88,4.22,18.06,0.42
US-Pfa,-90.2723,45.9459,2001,5,12,16.62,1.32,1.89,2.33,26.7,0.21
US-Pfa,-90.2723,45.9459,2001,5,13,20.26,5.37,7.19,2.63,25.08,0.8
US-Pfa,-90.2723,45.9459,2001,5,14,17.67,10.11,11.24,6.25,8.72,1.88
US-Pfa,-90.2723,45.9459,2001,5,15,26.89,10.59,16.79,5.15,24.73,2.44
US-Pfa,-90.2723,45.9459,2001,5,16,23.46,12.88,11.75,3.43,21.63,0.41
US-Pfa,-90.2723,45.9459,2001,5,17,21.92,8.48,8.79,4.53,24.44,0.56
US-Pfa,-90.2723,45.9459,2001,5,18,22.81,5.63,5.61,1.64,27.63,0
US-Pfa,-90.2723,45.9459,2001,5,19,23.26,8.48,7.93,2.87,23,0.06
US-Pfa,-90.2723,45.9459,2001,5,20,21.97,10.11,9.46,5.01,11.07,3.05
US-Pfa,-90.2723,45.9459,2001,5,21,14.36,8.31,10.2,4.87,6.08,17.09
US-Pfa,-90.2723,45.9459,2001,5,22,11.08,3.58,4.59,5.31,12.27,3.56
US-Pfa,-90.2723,45.9459,2001,5,23,7.81,2.9,4.07,4.12,16.81,4.83
US-Pfa,-90.2723,45.9459,2001,5,24,13.05,5.72,7.65,5.1,9.42,9.9
US-Pfa,-90.2723,45.9459,2001,5,25,12.42,6.14,7.83,2.64,12.49,10.69
US-Pfa,-90.2723,45.9459,2001,5,26,11.52,6.36,7.78,1.8,14.53,7.22
US-Pfa,-90.2723,45.9459,2001,5,27,15.54,5.79,6.75,2.97,18.5,0.42
US-Pfa,-90.2723,45.9459,2001,5,28,19.43,4.86,8.47,3.3,26.45,0.36
US-Pfa,-90.2723,45.9459,2001,5,29,17.14,4.78,4.11,3.26,25.31,0.15
US-Pfa,-90.2723,45.9459,2001,5,30,19.95,3.39,2.7,1.97,28.68,0
US-Pfa,-90.2723,45.9459,2001,5,31,18.84,5.92,5.62,2.86,17.53,1.64
US-Pfa,-90.2723,45.9459,2001,6,1,12.3,5.79,6.72,2.06,12.91,4.42
US-Pfa,-90.2723,45.9459,2001,6,2,7.12,3.93,4.15,5.99,9.78,2.21
US-Pfa,-90.2723,45.9459,2001,6,3,13.77,3.98,4.28,4.53,20.08,0.2
US-Pfa,-90.2723,45.9459,2001,6,4,16.84,3.63,5.8,3.57,19.7,0.04
US-Pfa,-90.2723,45.9459,2001,6,5,18.16,5.45,7.92,3.4,9.12,0.1
US-Pfa,-90.2723,45.9459,2001,6,6,17.54,7.63,9.31,3.11,9.45,0.13
US-Pfa,-90.2723,45.9459,2001,6,7,20.05,9.21,9.65,1.39,11.82,0.43
US-Pfa,-90.2723,45.9459,2001,6,8,22.85,11.55,10.3,1.8,26.18,0.01
US-Pfa,-90.2723,45.9459,2001,6,9,23.99,12.49,12.5,3.19,27.65,2.8
US-Pfa,-90.2723,45.9459,2001,6,10,23.01,13.84,16.29,3.51,18.38,13.52
US-Pfa,-90.2723,45.9459,2001,6,11,26.13,13.08,16.98,3.58,21.27,4.86
US-Pfa,-90.2723,45.9459,2001,6,12,23.85,15.32,14.76,3.01,23.81,4.47
US-Pfa,-90.2723,45.9459,2001,6,13,24.81,15.42,18.83,5.8,13.44,8.44
US-Pfa,-90.2723,45.9459,2001,6,14,25.18,19.13,20.21,6.22,14.07,1.22
US-Pfa,-90.2723,45.9459,2001,6,15,20.8,11.75,13.54,5.27,16.48,1.68
US-Pfa,-90.2723,45.9459,2001,6,16,21,10.98,12.34,4.04,23.85,4.17
US-Pfa,-90.2723,45.9459,2001,6,17,20.72,9.61,12.25,2.34,19.35,8.77
US-Pfa,-90.2723,45.9459,2001,6,18,21.9,14.08,17.45,4.34,11.84,20.34
US-Pfa,-90.2723,45.9459,2001,6,19,19.51,9.62,10.1,5.46,30.76,2.79
US-Pfa,-90.2723,45.9459,2001,6,20,21.37,9.77,11.64,2.75,26.65,5.23
US-Pfa,-90.2723,45.9459,2001,6,21,17.17,6.96,10.28,3.5,18.95,1.56
US-Pfa,-90.2723,45.9459,2001,6,22,20.07,5.51,7.2,2.63,28.32,0.18
US-Pfa,-90.2723,45.9459,2001,6,23,22.68,8.88,10.53,3.79,31.1,0
US-Pfa,-90.2723,45.9459,2001,6,24,23.34,11.82,13.5,4.53,16.91,0.1
US-Pfa,-90.2723,45.9459,2001,6,25,27.7,14.16,18.12,6.22,29.28,0.09
US-Pfa,-90.2723,45.9459,2001,6,26,28.24,18.56,20.43,4.83,27.78,2.52
US-Pfa,-90.2723,45.9459,2001,6,27,27.3,19.67,21.25,2.41,19.84,9.95
US-Pfa,-90.2723,45.9459,2001,6,28,28.01,18.07,18.9,3.47,28.79,0.66
US-Pfa,-90.2723,45.9459,2001,6,29,26.61,16.43,18.41,5.04,27.04,2.63
US-Pfa,-90.2723,45.9459,2001,6,30,25.82,12.81,15.99,4.12,26.67,0.55
US-Pfa,-90.2723,45.9459,2001,7,1,15.42,7.04,3.39,4.68,32.45,0.1
US-Pfa,-90.2723,45.9459,2001,7,2,16.69,7.76,7.1,3.54,11.99,3.03
US-Pfa,-90.2723,45.9459,2001,7,3,23.25,11.02,13.96,3.45,25.74,1.93
US-Pfa,-90.2723,45.9459,2001,7,4,19.98,9.88,9.75,5.3,31.08,0.12
US-Pfa,-90.2723,45.9459,2001,7,5,18.66,7.08,5.93,3.36,31.99,0.08
US-Pfa,-90.2723,45.9459,2001,7,6,23.01,8.77,11.58,5.18,14.15,0.27
US-Pfa,-90.2723,45.9459,2001,7,7,25.54,16.09,15.7,3.26,20.46,0.12
US-Pfa,-90.2723,45.9459,2001,7,8,28.68,14.57,15.75,3.2,24.52,0.06
US-Pfa,-90.2723,45.9459,2001,7,9,27.43,14.15,16.01,3.76,26.62,1.25
US-Pfa,-90.2723,45.9459,2001,7,10,22.76,12.05,11.77,4.26,29.74,0.1
US-Pfa,-90.2723,45.9459,2001,7,11,20.72,9.42,9.37,3,25.15,0
US-Pfa,-90.2723,45.9459,2001,7,12,24.32,12.89,9.8,2.38,27.44,0.03
US-Pfa,-90.2723,45.9459,2001,7,13,25.59,11.19,8.77,2.86,30.25,0
US-Pfa,-90.2723,45.9459,2001,7,14,27.61,14.22,14.75,2.69,21.68,0.1
US-Pfa,-90.2723,45.9459,2001,7,15,25.51,17.92,17.13,3.26,19.2,4.04
US-Pfa,-90.2723,45.9459,2001,7,16,27.33,17.59,16.25,2.98,23.51,2.19
US-Pfa,-90.2723,45.9459,2001,7,17,26.11,17.95,19.9,3.56,23.58,7.87
US-Pfa,-90.2723,45.9459,2001,7,18,28.5,19.89,20.4,2.47,27.25,4.55
US-Pfa,-90.2723,45.9459,2001,7,19,27.82,19.43,21.22,2.46,18.38,21.74
US-Pfa,-90.2723,45.9459,2001,7,20,28.39,17.71,19.69,1.65,17.94,3.57
US-Pfa,-90.2723,45.9459,2001,7,21,29.05,19.25,21.1,2.47,21.44,0.94
US-Pfa,-90.2723,45.9459,2001,7,22,29.44,20.22,21.34,2.6,13.78,2.7
US-Pfa,-90.2723,45.9459,2001,7,23,29.29,19.29,20.22,4.12,17.65,1.02
US-Pfa,-90.2723,45.9459,2001,7,24,23.74,13.22,12.48,3.92,18.3,0.02
US-Pfa,-90.2723,45.9459,2001,7,25,22.18,10.82,9.92,3.49,28.42,0.01
US-Pfa,-90.2723,45.9459,2001,7,26,22.62,8.92,9.18,3.19,28.42,0.09
US-Pfa,-90.2723,45.9459,2001,7,27,22.48,11.4,10.8,4.18,17.05,4.96
US-Pfa,-90.2723,45.9459,2001,7,28,24.59,12.65,15.85,4.2,10.5,14.05
US-Pfa,-90.2723,45.9459,2001,7,29,24.81,12.37,15.13,2.04,17.41,1.07
US-Pfa,-90.2723,45.9459,2001,7,30,27.83,16.1,18.2,4.07,12.08,0.94
US-Pfa,-90.2723,45.9459,2001,7,31,26.69,18.91,21.49,4.36,22.7,18.37
US-Pfa,-90.2723,45.9459,2001,8,1,25.07,21.04,22.33,4.63,9.17,34.72
US-Pfa,-90.2723,45.9459,2001,8,2,26.57,17.48,17.6,2.47,24.48,0.29
US-Pfa,-90.2723,45.9459,2001,8,3,27.93,15.85,16.92,1.6,26.8,0.14
US-Pfa,-90.2723,45.9459,2001,8,4,29.57,17.57,19.64,2.49,25.32,0.02
US-Pfa,-90.2723,45.9459,2001,8,5,30.17,19.91,21.94,5.6,22.81,0.06
US-Pfa,-90.2723,45.9459,2001,8,6,31.9,19.87,20.84,3.56,18.5,0.73
US-Pfa,-90.2723,45.9459,2001,8,7,32.24,16.99,18.45,2.39,26.6,0
US-Pfa,-90.2723,45.9459,2001,8,8,30.55,20.71,20,4.34,25.12,0.23
US-Pfa,-90.2723,45.9459,2001,8,9,25.08,13.81,14.76,5.18,20.79,0.12
US-Pfa,-90.2723,45.9459,2001,8,10,21.28,10.66,9.3,3.18,21.34,0
US-Pfa,-90.2723,45.9459,2001,8,11,23.29,10.21,10.07,3.02,23.54,0
US-Pfa,-90.2723,45.9459,2001,8,12,24.56,10.87,12.79,3.66,19.04,5.62
US-Pfa,-90.2723,45.9459,2001,8,13,22.05,9.14,9.04,2.41,22.96,0
US-Pfa,-90.2723,45.9459,2001,8,14,24.83,10.01,11.29,3.99,23.35,0.34
US-Pfa,-90.2723,45.9459,2001,8,15,19.82,13.47,14.19,5.95,4.76,7.19
US-Pfa,-90.2723,45.9459,2001,8,16,19.33,13.92,14.38,4.73,11.97,5.95
US-Pfa,-90.2723,45.9459,2001,8,17,22.94,12.6,13.2,3.32,22.43,3.31
US-Pfa,-90.2723,45.9459,2001,8,18,21.85,11.94,13.83,3.61,13.48,3.35
US-Pfa,-90.2723,45.9459,2001,8,19,23.69,10.48,10.95,3.43,22.86,0.38
US-Pfa,-90.2723,45.9459,2001,8,20,24.4,11,9.75,1.48,23.87,0
US-Pfa,-90.2723,45.9459,2001,8,21,25.86,12.87,13.31,3.9,18.55,0.04
US-Pfa,-90.2723,45.9459,2001,8,22,28.33,15.84,17.72,2.36,20.24,0.09
US-Pfa,-90.2723,45.9459,2001,8,23,25.28,12.85,12.99,3.27,21.75,0.1
US-Pfa,-90.2723,45.9459,2001,8,24,25.34,11.37,14.3,2.87,19.16,0.04
US-Pfa,-90.2723,45.9459,2001,8,25,22.33,15.77,16.06,1.7,10.33,0.95
US-Pfa,-90.2723,45.9459,2001,8,26,26.41,12.53,12.47,2.64,17.86,2.11
US-Pfa,-90.2723,45.9459,2001,8,27,22.98,13.27,12.7,3.35,21.88,1.44
US-Pfa,-90.2723,45.9459,2001,8,28,24.65,12.21,10.44,2.03,22.61,0
US-Pfa,-90.2723,45.9459,2001,8,29,25.93,12.73,12.75,5.24,12.94,0.29
US-Pfa,-90.2723,45.9459,2001,8,30,24.17,12.91,14.02,5.6,20.24,5.27
US-Pfa,-90.2723,45.9459,2001,8,31,18.25,7.67,6.65,3.72,21.71,0.39
US-Pfa,-90.2723,45.9459,2001,9,1,20.17,6.28,7.24,3.95,16.54,0.27
US-Pfa,-90.2723,45.9459,2001,9,2,26.02,11.82,12.51,6.67,20.2,0.01
US-Pfa,-90.2723,45.9459,2001,9,3,23.48,12.43,9.4,4.18,22.59,0.02
US-Pfa,-90.2723,45.9459,2001,9,4,23.62,9.5,10.29,1.99,22.6,0.05
US-Pfa,-90.2723,45.9459,2001,9,5,26.18,11.2,11.5,4.63,21.42,0
US-Pfa,-90.2723,45.9459,2001,9,6,27.19,12.95,16.23,5.07,12.12,23.87
US-Pfa,-90.2723,45.9459,2001,9,7,24.68,16.42,20.18,5.79,9.13,17.16
US-Pfa,-90.2723,45.9459,2001,9,8,18.19,11.91,13.52,3.36,7.51,11.02
US-Pfa,-90.2723,45.9459,2001,9,9,15.37,9.53,10.37,2.25,8.8,1.58
US-Pfa,-90.2723,45.9459,2001,9,10,16.03,8.58,8.58,3.69,15.94,1.19
US-Pfa,-90.2723,45.9459,2001,9,11,21.79,7.28,9.32,2.97,18.42,0.04
US-Pfa,-90.2723,45.9459,2001,9,12,18.17,8.11,9.21,3.48,18.76,0.09
US-Pfa,-90.2723,45.9459,2001,9,13,15.74,4.96,5.64,2.97,14.8,0.46
US-Pfa,-90.2723,45.9459,2001,9,14,14.98,3.47,2.84,2.11,10.24,0.08
US-Pfa,-90.2723,45.9459,2001,9,15,18.93,5.2,6.61,2.16,12.28,0.14
US-Pfa,-90.2723,45.9459,2001,9,16,18.78,7.63,9.2,2.57,10.9,0.32
US-Pfa,-90.2723,45.9459,2001,9,17,17.3,9.77,11.08,1.55,6.28,0.39
US-Pfa,-90.2723,45.9459,2001,9,18,17.71,10.21,12.12,2.08,5.74,1.3
US-Pfa,-90.2723,45.9459,2001,9,19,15.78,10.7,11.47,3.82,7.77,0.9
US-Pfa,-90.2723,45.9459,2001,9,20,19.15,10.04,9.37,3.9,15.59,1.09
US-Pfa,-90.2723,45.9459,2001,9,21,19.01,10.19,10.09,3.39,14.5,1.28
US-Pfa,-90.2723,45.9459,2001,9,22,19.46,9.04,9.92,1.93,10.36,7.85
US-Pfa,-90.2723,45.9459,2001,9,23,11.77,5.64,5.33,6.75,8.02,5.65
US-Pfa,-90.2723,45.9459,2001,9,24,10.58,0.91,-0.15,4.87,18.51,0.35
US-Pfa,-90.2723,45.9459,2001,9,25,14.01,0.8,1.27,4.51,18.3,0
US-Pfa,-90.2723,45.9459,2001,9,26,17.32,5.98,5.02,4.57,17.33,0
US-Pfa,-90.2723,45.9459,2001,9,27,16.24,3.3,4.42,2.95,18.45,0.07
US-Pfa,-90.2723,45.9459,2001,9,28,18.17,3.09,4.15,1.69,14.47,0.01
US-Pfa,-90.2723,45.9459,2001,9,29,18.24,3.53,6.37,3.15,10.61,0
US-Pfa,-90.2723,45.9459,2001,9,30,19.12,6.11,8.13,3.96,13.57,0.11
US-Pfa,-90.2723,45.9459,2001,10,1,21.67,8.71,8.44,2.68,16.94,0.12
US-Pfa,-90.2723,45.9459,2001,10,2,23.38,8.53,8.96,3.03,11.32,5.9
US-Pfa,-90.2723,45.9459,2001,10,3,12.52,7.04,8.2,3.63,3.97,2.73
US-Pfa,-90.2723,45.9459,2001,10,4,13.79,4.1,1.02,4.37,11.89,0.11
US-Pfa,-90.2723,45.9459,2001,10,5,8.52,0.37,-2.58,4.74,14.67,0.3
US-Pfa,-90.2723,45.9459,2001,10,6,4.91,-2.65,-5.06,4.53,11.96,1.13
US-Pfa,-90.2723,45.9459,2001,10,7,11.49,-3.35,-5.31,2.91,16.47,0
US-Pfa,-90.2723,45.9459,2001,10,8,13.93,0.39,1.17,6.99,5.19,2.65
US-Pfa,-90.2723,45.9459,2001,10,9,19.28,7.85,8.85,4.59,6.42,12.04
US-Pfa,-90.2723,45.9459,2001,10,10,17.46,8.19,11.18,7.52,2.93,6.03
US-Pfa,-90.2723,45.9459,2001,10,11,16.28,4.98,3.02,3.98,15.16,0
US-Pfa,-90.2723,45.9459,2001,10,12,16.62,3.5,2.21,2.93,14.61,0.13
US-Pfa,-90.2723,45.9459,2001,10,13,14.25,6.4,7.86,5.26,2.65,12.35
US-Pfa,-90.2723,45.9459,2001,10,14,11.2,3.04,4.65,3.99,3.6,4.58
US-Pfa,-90.2723,45.9459,2001,10,15,9.3,2.22,2.41,3.88,6.45,0.81
US-Pfa,-90.2723,45.9459,2001,10,16,5.08,-1.73,-0.65,3.98,8.02,0.84
US-Pfa,-90.2723,45.9459,2001,10,17,9.37,-3.05,-4.34,3.11,14,0.01
US-Pfa,-90.2723,45.9459,2001,10,18,7.21,0.75,0.94,4.58,4.8,3.55
US-Pfa,-90.2723,45.9459,2001,10,19,12.76,-0.71,-0.88,4.61,12.61,0.23
US-Pfa,-90.2723,45.9459,2001,10,20,14.12,0.9,1.72,4.53,11.66,0.7
US-Pfa,-90.2723,45.9459,2001,10,21,11.15,-1.61,-1.08,3.21,12.2,0.09
US-Pfa,-90.2723,45.9459,2001,10,22,15.62,0.45,2.52,2.57,10.56,0.11
US-Pfa,-90.2723,45.9459,2001,10,23,14.75,5.95,4.75,3.59,10.08,3.55
US-Pfa,-90.2723,45.9459,2001,10,24,8.58,-1.64,3.13,5.2,5.23,2.04
US-Pfa,-90.2723,45.9459,2001,10,25,1.62,-1.68,-1.96,9.73,3.68,9.76
US-Pfa,-90.2723,45.9459,2001,10,26,1.46,-2.46,-3.38,7.53,5.49,2.23
US-Pfa,-90.2723,45.9459,2001,10,27,3.41,-5.93,-4.86,3.19,9.17,0.02
US-Pfa,-90.2723,45.9459,2001,10,28,11.31,-2.54,-0.63,6.02,11.48,0
US-Pfa,-90.2723,45.9459,2001,10,29,8.04,-2.59,-2.25,3.78,8.29,0.03
US-Pfa,-90.2723,45.9459,2001,10,30,6.91,-3.2,-1.19,5.54,4.08,3.4
US-Pfa,-90.2723,45.9459,2001,10,31,14.04,4.44,7.29,5.79,5.41,0.37
US-Pfa,-90.2723,45.9459,2001,11,1,17.62,6.95,5.79,6.6,10.16,0.04
US-Pfa,-90.2723,45.9459,2001,11,2,9.99,0.89,0.33,6,9.5,0
US-Pfa,-90.2723,45.9459,2001,11,3,14.44,-0.25,0.97,3.05,10.61,0
US-Pfa,-90.2723,45.9459,2001,11,4,10.43,-0.49,-3.47,3.22,10.7,0
US-Pfa,-90.2723,45.9459,2001,11,5,13.67,-1.11,-2.81,4.99,10.37,0
US-Pfa,-90.2723,45.9459,2001,11,6,16.72,3.34,4.58,4.46,6.23,0.13
US-Pfa,-90.2723,45.9459,2001,11,7,11.95,2.03,4.12,4.31,5.57,4.43
US-Pfa,-90.2723,45.9459,2001,11,8,7.02,-3.34,-1.12,5.85,8.63,1
US-Pfa,-90.2723,45.9459,2001,11,9,9.23,-3.4,-2.59,4.48,8.45,0.01
US-Pfa,-90.2723,45.9459,2001,11,10,6.17,-3.61,-0.8,4.08,8.18,0.08
US-Pfa,-90.2723,45.9459,2001,11,11,8.62,-3.76,-1.87,2.93,9.64,0
US-Pfa,-90.2723,45.9459,2001,11,12,11.18,-1.71,0.69,4.45,9.07,0
US-Pfa,-90.2723,45.9459,2001,11,13,13.01,2.45,5.69,4.44,4.13,2.32
US-Pfa,-90.2723,45.9459,2001,11,14,15.88,8.07,11.33,3.76,1.65,0.65
US-Pfa,-90.2723,45.9459,2001,11,15,16.49,4.15,8.1,4.09,6.28,0.11
US-Pfa,-90.2723,45.9459,2001,11,16,11.3,1.6,2.52,3.19,7.83,0
US-Pfa,-90.2723,45.9459,2001,11,17,15.33,2.69,6.52,5.36,6.88,0.14
US-Pfa,-90.2723,45.9459,2001,11,18,14.64,2.63,7.98,5.93,2.49,7.56
US-Pfa,-90.2723,45.9459,2001,11,19,2.37,-3.98,-4.29,5.24,7.98,0.3
US-Pfa,-90.2723,45.9459,2001,11,20,4.16,-4.11,-5.67,4.57,5.33,0
US-Pfa,-90.2723,45.9459,2001,11,21,10.38,-2.42,-0.7,2.69,8.37,0
US-Pfa,-90.2723,45.9459,2001,11,22,7.68,-0.15,1.85,4.23,6.05,0.06
US-Pfa,-90.2723,45.9459,2001,11,23,7.71,2.93,4.32,3.53,6.9,3.64
US-Pfa,-90.2723,45.9459,2001,11,24,9.51,5.27,7,5.34,2.15,18.07
US-Pfa,-90.2723,45.9459,2001,11,25,6.24,-1.42,1.91,3.87,2.56,2.27
US-Pfa,-90.2723,45.9459,2001,11,26,-0.5,-2.95,-3.91,5.76,0.83,8.37
US-Pfa,-90.2723,45.9459,2001,11,27,-0.78,-4.64,-3.59,6.98,1.1,12.32
US-Pfa,-90.2723,45.9459,2001,11,28,-2.51,-6.56,-5.91,3.49,2.13,0.57
US-Pfa,-90.2723,45.9459,2001,11,29,0.65,-5.78,-4,1.79,3.27,0.27
US-Pfa,-90.2723,45.9459,2001,11,30,0.39,-3.94,-2.25,2.2,1.54,3.89
US-Pfa,-90.2723,45.9459,2001,12,1,-0.83,-10.37,-5.97,4.18,3,0.55
US-Pfa,-90.2723,45.9459,2001,12,2,0.56,-10.17,-3.87,4.93,3.59,0.08
US-Pfa,-90.2723,45.9459,2001,12,3,2.55,-4.6,-1.68,3.65,6.34,0.02
US-Pfa,-90.2723,45.9459,2001,12,4,5.58,0.73,2.69,2.88,2.43,1.27
US-Pfa,-90.2723,45.9459,2001,12,5,12.59,-0.72,5.42,8.17,2.11,17.26
US-Pfa,-90.2723,45.9459,2001,12,6,1.03,-5.54,-5.61,5,4.38,0.04
US-Pfa,-90.2723,45.9459,2001,12,7,0.62,-6.1,-6.69,1.64,6.55,0.02
US-Pfa,-90.2723,45.9459,2001,12,8,-1.17,-9.74,-7.13,4.27,3.58,0.29
US-Pfa,-90.2723,45.9459,2001,12,9,3.02,-10.03,-7.33,6.7,6.96,0
US-Pfa,-90.2723,45.9459,2001,12,10,4.33,-4.31,-3.4,4.25,5.9,0.02
US-Pfa,-90.2723,45.9459,2001,12,11,3.49,-5.06,-2.87,5.58,5.51,0.01
US-Pfa,-90.2723,45.9459,2001,12,12,3.7,-1.41,-0.75,3.9,1.9,0.22
US-Pfa,-90.2723,45.9459,2001,12,13,-0.8,-8.02,-6.43,3.38,2.17,0.06
US-Pfa,-90.2723,45.9459,2001,12,14,0.04,-8.85,-7.77,2.84,5.41,0
US-Pfa,-90.2723,45.9459,2001,12,15,2.78,-6.97,-3.34,6.28,2.74,0.22
US-Pfa,-90.2723,45.9459,2001,12,16,1.96,-1.24,0.73,5.53,1.72,1.22
US-Pfa,-90.2723,45.9459,2001,12,17,2.7,-4.46,-4.47,2.93,4.18,0.08
US-Pfa,-90.2723,45.9459,2001,12,18,3.35,-5.26,-3.33,3.32,4.03,0.06
US-Pfa,-90.2723,45.9459,2001,12,19,-3.66,-8.16,-8.81,6.05,6.41,0.32
US-Pfa,-90.2723,45.9459,2001,12,20,-0.84,-9.81,-10.06,3.74,6.98,0.01
US-Pfa,-90.2723,45.9459,2001,12,21,-3.3,-10.36,-9.87,4.02,4.58,0.1
US-Pfa,-90.2723,45.9459,2001,12,22,1.45,-3.18,-1.86,7.34,1.39,4.96
US-Pfa,-90.2723,45.9459,2001,12,23,-3.19,-8.7,-8.47,6.4,2.99,4.64
US-Pfa,-90.2723,45.9459,2001,12,24,-7.37,-12.3,-11.25,7.36,4.21,1.38
US-Pfa,-90.2723,45.9459,2001,12,25,-8.58,-14.54,-13.72,4.35,5.11,0.66
US-Pfa,-90.2723,45.9459,2001,12,26,-9.73,-14.08,-13.74,4.29,4.46,1.38
US-Pfa,-90.2723,45.9459,2001,12,27,-8.7,-12.22,-11.6,4.39,4.69,1
US-Pfa,-90.2723,45.9459,2001,12,28,-10.92,-14.52,-14.76,4.08,3.88,1
US-Pfa,-90.2723,45.9459,2001,12,29,-10.58,-14.4,-14.22,5.03,5.22,0.33
US-Pfa,-90.2723,45.9459,2001,12,30,-10.4,-18.27,-15.53,5.47,4.75,0.09
US-Pfa,-90.2723,45.9459,2001,12,31,-9.74,-19.36,-15.61,4.06,4.43,0.22
US-Pfa,-90.2723,45.9459,2002,1,1,-5.79,-14.4,-11.35,3.21,4.72,0.26
US-Pfa,-90.2723,45.9459,2002,1,2,-7.83,-18.74,-15.09,3.66,7.35,0.07
US-Pfa,-90.2723,45.9459,2002,1,3,-7.21,-18.64,-13.83,5.35,7,0
US-Pfa,-90.2723,45.9459,2002,1,4,-3.17,-13.28,-9.37,4,5.84,0.21
US-Pfa,-90.2723,45.9459,2002,1,5,-0.17,-9.55,-5.93,3.24,3.97,0.25
US-Pfa,-90.2723,45.9459,2002,1,6,-3.94,-13.07,-10.1,5.25,4.86,0.46
US-Pfa,-90.2723,45.9459,2002,1,7,-6.37,-16.28,-12.4,5.33,7.05,0
US-Pfa,-90.2723,45.9459,2002,1,8,0.86,-8.81,-4,5.1,5.22,0.11
US-Pfa,-90.2723,45.9459,2002,1,9,3.28,-1.74,-0.66,5.81,7.27,0.04
US-Pfa,-90.2723,45.9459,2002,1,10,0.94,-5.65,-2.43,4.35,2.7,0.65
US-Pfa,-90.2723,45.9459,2002,1,11,2.24,-7.41,-4.62,4.3,7.22,0.07
US-Pfa,-90.2723,45.9459,2002,1,12,-0.48,-7.46,-4.9,5.89,5.26,1.06
US-Pfa,-90.2723,45.9459,2002,1,13,-1.31,-9.34,-8.03,3.75,6.26,0.83
US-Pfa,-90.2723,45.9459,2002,1,14,-3.45,-7.74,-8.15,4.28,3.59,2.57
US-Pfa,-90.2723,45.9459,2002,1,15,-2.23,-10.75,-8.21,2.78,3.55,0.69
US-Pfa,-90.2723,45.9459,2002,1,16,-7.36,-10.41,-11.14,3.08,3.88,0.93
US-Pfa,-90.2723,45.9459,2002,1,17,-7.57,-14.5,-13.09,5.02,6.76,0.24
US-Pfa,-90.2723,45.9459,2002,1,18,-12.8,-22.77,-19.41,4.84,7.9,0.06
US-Pfa,-90.2723,45.9459,2002,1,19,-5.35,-21.25,-11.91,6.69,4.2,0.52
US-Pfa,-90.2723,45.9459,2002,1,20,-4.68,-11.76,-9.58,3.44,3.85,0.24
US-Pfa,-90.2723,45.9459,2002,1,21,-2.99,-8.93,-7.35,4.1,7.22,0.45
US-Pfa,-90.2723,45.9459,2002,1,22,2.2,-8.97,-4.17,5.16,6.98,0.02
US-Pfa,-90.2723,45.9459,2002,1,23,-2.19,-9.27,-6.58,4.07,3.63,0.11
US-Pfa,-90.2723,45.9459,2002,1,24,-5.03,-11.78,-10.6,3.73,5.9,0.06
US-Pfa,-90.2723,45.9459,2002,1,25,0.83,-11.28,-5.39,5.71,7.33,0.23
US-Pfa,-90.2723,45.9459,2002,1,26,4.74,-5.92,-2.81,2.81,6.1,0
US-Pfa,-90.2723,45.9459,2002,1,27,2.08,-3.02,-1.78,2.89,5.43,0.09
US-Pfa,-90.2723,45.9459,2002,1,28,-3.58,-9.55,-9.31,5.61,3.12,0.27
US-Pfa,-90.2723,45.9459,2002,1,29,-9.08,-10.61,-12.69,4.15,5.39,0.75
US-Pfa,-90.2723,45.9459,2002,1,30,-5.1,-10.79,-11.33,1.1,8.19,0.37
US-Pfa,-90.2723,45.9459,2002,1,31,-4.74,-10.13,-9.32,3.15,6.06,6.41
US-Pfa,-90.2723,45.9459,2002,2,1,-4.57,-16.33,-10.95,4.96,9.85,1.53
US-Pfa,-90.2723,45.9459,2002,2,2,-4.53,-18.23,-10.84,5.63,8.52,1.22
US-Pfa,-90.2723,45.9459,2002,2,3,-7.36,-12.9,-11.6,6.47,8.61,0.85
US-Pfa,-90.2723,45.9459,2002,2,4,-6.83,-16.01,-14.3,4.66,10.32,0.12
US-Pfa,-90.2723,45.9459,2002,2,5,-4.51,-15.7,-13.04,4.15,10.78,0.01
US-Pfa,-90.2723,45.9459,2002,2,6,0.54,-12.19,-6.4,6.42,10.8,0.03
US-Pfa,-90.2723,45.9459,2002,2,7,0.89,-8.16,-5.27,4.68,10.63,0.02
US-Pfa,-90.2723,45.9459,2002,2,8,1.97,-6.81,-4.01,3.11,11.08,0.02
US-Pfa,-90.2723,45.9459,2002,2,9,0.84,-3.4,-2.18,5.44,2.5,0.69
US-Pfa,-90.2723,45.9459,2002,2,10,-1.94,-11.9,-8.57,6.55,11.01,0.21
US-Pfa,-90.2723,45.9459,2002,2,11,0.64,-15.17,-8.9,9.7,7.85,0.03
US-Pfa,-90.2723,45.9459,2002,2,12,-3.91,-15.99,-11.85,8.26,11.55,0.46
US-Pfa,-90.2723,45.9459,2002,2,13,0.92,-17.46,-10.2,6.63,11.63,0.07
US-Pfa,-90.2723,45.9459,2002,2,14,1.74,-6.17,-4.84,5.79,9.59,0
US-Pfa,-90.2723,45.9459,2002,2,15,1.47,-3.79,-3.6,4.96,10.97,1.27
US-Pfa,-90.2723,45.9459,2002,2,16,-0.7,-8.75,-6.23,5.78,10.43,0.92
US-Pfa,-90.2723,45.9459,2002,2,17,-0.57,-12.36,-9.34,4.13,13.06,0.01
US-Pfa,-90.2723,45.9459,2002,2,18,5.94,-4.83,-2.22,6.3,11.27,2.43
US-Pfa,-90.2723,45.9459,2002,2,19,1.8,-0.6,-0.07,3.85,3.85,10.76
US-Pfa,-90.2723,45.9459,2002,2,20,-0.86,-6.62,-3.8,8.39,3.21,12.3
US-Pfa,-90.2723,45.9459,2002,2,21,-4.18,-14.74,-10.2,6.9,11.7,0.22
US-Pfa,-90.2723,45.9459,2002,2,22,-1.99,-14.09,-10.33,2.9,10.01,0.15
US-Pfa,-90.2723,45.9459,2002,2,23,0.69,-6.71,-3.23,6.12,5.6,1.73
US-Pfa,-90.2723,45.9459,2002,2,24,-1.13,-5.33,-3.73,4.77,6.97,8.23
US-Pfa,-90.2723,45.9459,2002,2,25,-5.29,-10.58,-8.31,5.52,9.22,0.85
US-Pfa,-90.2723,45.9459,2002,2,26,-9.2,-11.67,-10.93,6.42,8.46,1.89
US-Pfa,-90.2723,45.9459,2002,2,27,-7.22,-18.41,-14.65,4.27,13.01,0.02
US-Pfa,-90.2723,45.9459,2002,2,28,-8.45,-15.74,-13.29,4.85,12.61,0.44
US-Pfa,-90.2723,45.9459,2002,3,1,-11.83,-23.59,-17.93,2.13,15.32,0.19
US-Pfa,-90.2723,45.9459,2002,3,2,-9.41,-16.32,-13.86,5.35,13.51,1.71
US-Pfa,-90.2723,45.9459,2002,3,3,-14.32,-25.7,-19.29,6.06,14.5,0.5
US-Pfa,-90.2723,45.9459,2002,3,4,-12.76,-29.99,-20.58,3.81,15.04,0.11
US-Pfa,-90.2723,45.9459,2002,3,5,-7.54,-20.78,-14.14,3.12,11.51,0.27
US-Pfa,-90.2723,45.9459,2002,3,6,-7.5,-18.47,-13.47,2.92,12.7,1.65
US-Pfa,-90.2723,45.9459,2002,3,7,-6.19,-18.87,-12.3,3.85,6.37,6.98
US-Pfa,-90.2723,45.9459,2002,3,8,-0.81,-9.29,-6.2,5.22,9.39,18.97
US-Pfa,-90.2723,45.9459,2002,3,9,0.97,-15.11,-7.68,10.45,9.63,11.56
US-Pfa,-90.2723,45.9459,2002,3,10,-10.98,-16.2,-15.26,7.52,17.11,0.71
US-Pfa,-90.2723,45.9459,2002,3,11,-2.72,-14.86,-10.8,2.77,12.99,1.68
US-Pfa,-90.2723,45.9459,2002,3,12,1.04,-14.11,-6.02,6.43,16.23,0.07
US-Pfa,-90.2723,45.9459,2002,3,13,-0.26,-9.36,-4.88,5.36,12.36,0.39
US-Pfa,-90.2723,45.9459,2002,3,14,-3.49,-9.51,-7.22,5.86,3.22,14.75
US-Pfa,-90.2723,45.9459,2002,3,15,-2.07,-13.28,-7.55,5.87,13.72,5.96
US-Pfa,-90.2723,45.9459,2002,3,16,-0.29,-14.58,-9.89,2.69,19.34,0
US-Pfa,-90.2723,45.9459,2002,3,17,-0.37,-11.7,-6.56,3.95,14.06,1.03
US-Pfa,-90.2723,45.9459,2002,3,18,0.13,-8.34,-4.13,1.57,18.43,0.18
US-Pfa,-90.2723,45.9459,2002,3,19,-0.01,-6.19,-3.15,2.32,16.19,1.57
US-Pfa,-90.2723,45.9459,2002,3,20,-2.7,-10.23,-7.73,3.88,19.1,3.18
US-Pfa,-90.2723,45.9459,2002,3,21,-11.09,-16.75,-15.37,7.17,20.5,0.39
US-Pfa,-90.2723,45.9459,2002,3,22,-8.57,-16.73,-13.22,5.97,21,0.09
US-Pfa,-90.2723,45.9459,2002,3,23,-4.39,-16.1,-11.43,4.34,21.46,0.16
US-Pfa,-90.2723,45.9459,2002,3,24,-10.73,-22.56,-15.09,4.66,19.55,0.1
US-Pfa,-90.2723,45.9459,2002,3,25,-4.79,-22.58,-12.82,3.75,21.23,0.14
US-Pfa,-90.2723,45.9459,2002,3,26,-2.16,-16.68,-9.67,2.21,20.7,0.04
US-Pfa,-90.2723,45.9459,2002,3,27,0.65,-13.56,-6.45,3.06,22.12,0.07
US-Pfa,-90.2723,45.9459,2002,3,28,1.3,-3.63,-1.45,6.16,13.4,2.81
US-Pfa,-90.2723,45.9459,2002,3,29,3.7,-4.81,-2.07,4.14,18.96,0.29
US-Pfa,-90.2723,45.9459,2002,3,30,2.22,-4.8,-3.97,5.29,14.06,0.59
US-Pfa,-90.2723,45.9459,2002,3,31,-1.25,-7.84,-7.44,4.76,13.05,0.25
US-Pfa,-90.2723,45.9459,2002,4,1,3.05,-10.47,-6.59,1.81,16.52,0.84
US-Pfa,-90.2723,45.9459,2002,4,2,0.62,-4.44,-4.11,2.85,14.2,3.44
US-Pfa,-90.2723,45.9459,2002,4,3,-1.33,-8.52,-7.52,4,12.68,0.74
US-Pfa,-90.2723,45.9459,2002,4,4,-0.72,-9,-7.96,2.62,12.25,0.25
US-Pfa,-90.2723,45.9459,2002,4,5,-0.27,-8.45,-8.44,3.47,17.86,0.25
US-Pfa,-90.2723,45.9459,2002,4,6,3.83,-9.75,-6.56,5.32,18.49,0.44
US-Pfa,-90.2723,45.9459,2002,4,7,5.16,0.39,1.91,6.06,6.3,1.91
US-Pfa,-90.2723,45.9459,2002,4,8,4.77,-1.89,1.41,2.83,7.85,1.34
US-Pfa,-90.2723,45.9459,2002,4,9,8.87,-2,-2.15,3.17,21,0.4
US-Pfa,-90.2723,45.9459,2002,4,10,5.83,0.55,2.38,4.14,4.78,33.9
US-Pfa,-90.2723,45.9459,2002,4,11,10.54,2.15,6.71,4.78,4.31,21.09
US-Pfa,-90.2723,45.9459,2002,4,12,15.42,1.83,3.73,2.74,21.75,0.17
US-Pfa,-90.2723,45.9459,2002,4,13,16.83,2.07,5.59,4,22.06,0.56
US-Pfa,-90.2723,45.9459,2002,4,14,16.9,5.14,8.53,6.05,12.1,3.31
US-Pfa,-90.2723,45.9459,2002,4,15,23.61,4.69,11.04,5.11,20.53,0.15
US-Pfa,-90.2723,45.9459,2002,4,16,23.56,13.25,16.53,7.51,19.36,1.12
US-Pfa,-90.2723,45.9459,2002,4,17,16.94,8.04,7.29,5.81,25.33,1.64
US-Pfa,-90.2723,45.9459,2002,4,18,23.38,4.13,9.77,6,15.22,19.21
US-Pfa,-90.2723,45.9459,2002,4,19,8.72,-1.4,-1.36,4.72,18.78,1.09
US-Pfa,-90.2723,45.9459,2002,4,20,6.88,-3.52,-5.42,4.11,24.71,0.17
US-Pfa,-90.2723,45.9459,2002,4,21,4.14,-3.83,-4.76,4.17,5.02,6.65
US-Pfa,-90.2723,45.9459,2002,4,22,7.19,-3.02,-3.2,1.88,10.16,0.7
US-Pfa,-90.2723,45.9459,2002,4,23,13.39,-3.91,1.58,4.96,23.69,0.01
US-Pfa,-90.2723,45.9459,2002,4,24,11.03,-2.1,2.65,7.95,5.52,8.89
US-Pfa,-90.2723,45.9459,2002,4,25,0.49,-4.42,-7.3,7.4,23.05,0.31
US-Pfa,-90.2723,45.9459,2002,4,26,7.59,-5.47,-7.44,3.56,27.51,0
US-Pfa,-90.2723,45.9459,2002,4,27,3.7,-1.37,-2.2,6.1,5.88,8.22
US-Pfa,-90.2723,45.9459,2002,4,28,6.52,-1.85,-0.79,4.88,7.89,3.02
US-Pfa,-90.2723,45.9459,2002,4,29,11.5,-0.75,1.97,5.16,16.18,3.62
US-Pfa,-90.2723,45.9459,2002,4,30,10.29,-2.15,-0.06,4.28,17.95,0.25
US-Pfa,-90.2723,45.9459,2002,5,1,10.86,-2.33,-1.78,1.62,19.03,0.13
US-Pfa,-90.2723,45.9459,2002,5,2,3.72,-3.11,-4.6,5.72,20.51,0.29
US-Pfa,-90.2723,45.9459,2002,5,3,12.28,-4.6,-2.59,3.59,28.48,0.06
US-Pfa,-90.2723,45.9459,2002,5,4,16.07,-1.01,2.29,5.73,11.54,4.74
US-Pfa,-90.2723,45.9459,2002,5,5,13.71,-1.33,1.94,3.32,20.82,8.25
US-Pfa,-90.2723,45.9459,2002,5,6,11.51,1.99,5.74,4.56,8.27,7.03
US-Pfa,-90.2723,45.9459,2002,5,7,13.1,0.93,1.05,4.09,15.48,1.43
US-Pfa,-90.2723,45.9459,2002,5,8,7.74,0.44,2.81,6,5.27,29.8
US-Pfa,-90.2723,45.9459,2002,5,9,8.05,1.19,1.39,8.48,12.79,4.13
US-Pfa,-90.2723,45.9459,2002,5,10,11.52,-0.98,-1.49,5.96,26.96,0.37
US-Pfa,-90.2723,45.9459,2002,5,11,9.52,1.08,1.84,4.5,7.73,5.57
US-Pfa,-90.2723,45.9459,2002,5,12,8.55,0.33,2.38,3.77,7.22,1.48
US-Pfa,-90.2723,45.9459,2002,5,13,11.17,0.52,2.85,2.41,14.66,0.3
US-Pfa,-90.2723,45.9459,2002,5,14,13.09,2.67,1.35,3.79,23.66,0.47
US-Pfa,-90.2723,45.9459,2002,5,15,19.15,2.63,8.04,6.29,13.54,2.28
US-Pfa,-90.2723,45.9459,2002,5,16,10.94,-1.36,0.6,5,24.35,0.43
US-Pfa,-90.2723,45.9459,2002,5,17,8.6,-2.97,-3.29,3.95,28.75,0
US-Pfa,-90.2723,45.9459,2002,5,18,8.25,-2.87,-4.09,2.94,22.04,0.04
US-Pfa,-90.2723,45.9459,2002,5,19,6.88,-2.45,-3.64,3.49,18.41,0.12
US-Pfa,-90.2723,45.9459,2002,5,20,12.37,-2.2,-2.15,2.59,29.56,0.08
US-Pfa,-90.2723,45.9459,2002,5,21,16.57,0.07,2.12,3.22,30.18,0
US-Pfa,-90.2723,45.9459,2002,5,22,19.61,2.51,7.32,7.68,20.29,0.15
US-Pfa,-90.2723,45.9459,2002,5,23,19.43,3.14,8.64,7.16,23.05,0.09
US-Pfa,-90.2723,45.9459,2002,5,24,13.12,-0.76,-0.08,2.9,26.86,0.01
US-Pfa,-90.2723,45.9459,2002,5,25,11.45,3.08,3.02,3.67,15.41,0.74
US-Pfa,-90.2723,45.9459,2002,5,26,15.36,5.86,8.27,4.22,11.56,2.3
US-Pfa,-90.2723,45.9459,2002,5,27,22.25,8.4,10.36,2.44,24.64,0.11
US-Pfa,-90.2723,45.9459,2002,5,28,22.07,10.44,12.81,3.74,20.45,0.77
US-Pfa,-90.2723,45.9459,2002,5,29,23.85,12.03,14.49,1.78,24.68,3.95
US-Pfa,-90.2723,45.9459,2002,5,30,24.97,13.12,15.86,4.51,26.38,0.89
US-Pfa,-90.2723,45.9459,2002,5,31,23.83,11.33,10.82,4.77,30.38,0
US-Pfa,-90.2723,45.9459,2002,6,1,22.99,9.78,9.75,3.56,28.34,0.16
US-Pfa,-90.2723,45.9459,2002,6,2,14.16,6.57,4,3.57,16.69,0.57
US-Pfa,-90.2723,45.9459,2002,6,3,15.4,5.99,7.92,2.97,7.82,4.09
US-Pfa,-90.2723,45.9459,2002,6,4,14.36,7.37,8.63,2.94,5.8,9.11
US-Pfa,-90.2723,45.9459,2002,6,5,21.06,6.34,9.12,2.39,25.3,0.57
US-Pfa,-90.2723,45.9459,2002,6,6,21.86,10.2,10.93,4.68,28.51,0.37
US-Pfa,-90.2723,45.9459,2002,6,7,22.34,11.22,14.54,5.56,19.27,10.69
US-Pfa,-90.2723,45.9459,2002,6,8,22.02,11.48,12.93,1.73,11.4,3.12
US-Pfa,-90.2723,45.9459,2002,6,9,24.07,11.1,16.07,4.41,19.98,2.68
US-Pfa,-90.2723,45.9459,2002,6,10,26.36,14.04,18.8,4.6,16.52,8.51
US-Pfa,-90.2723,45.9459,2002,6,11,21.7,9.25,15.06,4.45,10.57,2.1
US-Pfa,-90.2723,45.9459,2002,6,12,20.21,8.9,11.04,3.14,24.79,3.37
US-Pfa,-90.2723,45.9459,2002,6,13,18.56,11.87,13.06,1.99,18.17,14.68
US-Pfa,-90.2723,45.9459,2002,6,14,18.31,9.95,11.31,4.12,19.28,10.15
US-Pfa,-90.2723,45.9459,2002,6,15,16.01,8.09,9.43,4.61,26.94,1.1
US-Pfa,-90.2723,45.9459,2002,6,16,20.29,6.45,8.79,3.43,24.47,0.62
US-Pfa,-90.2723,45.9459,2002,6,17,19.8,5.66,7.9,2.96,30.08,0.03
US-Pfa,-90.2723,45.9459,2002,6,18,22.08,8.59,11.72,5.75,26.13,0.15
US-Pfa,-90.2723,45.9459,2002,6,19,22.39,13.66,16.86,8.17,11.4,7.01
US-Pfa,-90.2723,45.9459,2002,6,20,23.19,14.71,14.91,4.62,28.99,1.25
US-Pfa,-90.2723,45.9459,2002,6,21,19.75,13.59,14.09,1.98,6.74,5.38
US-Pfa,-90.2723,45.9459,2002,6,22,27.6,14.73,19.44,4.02,20.76,8.46
US-Pfa,-90.2723,45.9459,2002,6,23,24.45,17.95,19.74,2.63,11.26,7
US-Pfa,-90.2723,45.9459,2002,6,24,26.41,18.7,19.7,4.19,19.43,4.52
US-Pfa,-90.2723,45.9459,2002,6,25,25.55,18.19,19.31,3.5,21.61,11.57
US-Pfa,-90.2723,45.9459,2002,6,26,23.46,14.88,17.07,3.9,21.41,0.83
US-Pfa,-90.2723,45.9459,2002,6,27,25.11,13.68,15.28,2.77,26.6,0.03
US-Pfa,-90.2723,45.9459,2002,6,28,28.73,15.2,17.6,2.73,23.84,0
US-Pfa,-90.2723,45.9459,2002,6,29,26.37,16.47,18.64,5.1,27.06,0.01
US-Pfa,-90.2723,45.9459,2002,6,30,29,19.45,21.64,5.79,28.33,0.12
US-Pfa,-90.2723,45.9459,2002,7,1,30.06,20.17,21.48,4.75,28.74,0.08
US-Pfa,-90.2723,45.9459,2002,7,2,27.6,18.97,18.82,3.16,17.76,6.44
US-Pfa,-90.2723,45.9459,2002,7,3,26.92,14.41,16.92,2.55,25.47,4.03
US-Pfa,-90.2723,45.9459,2002,7,4,23.06,10.95,11.3,2.97,30.33,0
US-Pfa,-90.2723,45.9459,2002,7,5,23.41,11.25,12.32,4.15,21.69,0.06
US-Pfa,-90.2723,45.9459,2002,7,6,27.68,14.77,18.45,3.37,23.97,2.65
US-Pfa,-90.2723,45.9459,2002,7,7,27.02,19.77,21.56,2.49,19.4,7.37
US-Pfa,-90.2723,45.9459,2002,7,8,26.42,16.39,20.29,3.21,15.1,22.18
US-Pfa,-90.2723,45.9459,2002,7,9,25.57,13.21,15.69,3.27,25.71,0.19
US-Pfa,-90.2723,45.9459,2002,7,10,21.8,10.65,11.18,3.97,5.5,0.45
US-Pfa,-90.2723,45.9459,2002,7,11,24.14,9.5,10.31,2.07,29.9,0.02
US-Pfa,-90.2723,45.9459,2002,7,12,23.98,11.83,13.05,2.58,28.98,0
US-Pfa,-90.2723,45.9459,2002,7,13,25.92,12.69,14.75,2.86,28.21,0
US-Pfa,-90.2723,45.9459,2002,7,14,26.73,14.3,16.52,3.36,27.31,0
US-Pfa,-90.2723,45.9459,2002,7,15,28.73,16.03,17.53,3.03,27.35,0
US-Pfa,-90.2723,45.9459,2002,7,16,27.28,15.42,16.73,4.02,27.17,0
US-Pfa,-90.2723,45.9459,2002,7,17,29.86,16.24,19.05,3.36,24.26,4.53
US-Pfa,-90.2723,45.9459,2002,7,18,25.72,14.09,15.21,2.6,11.62,0.51
US-Pfa,-90.2723,45.9459,2002,7,19,28.34,13.1,15.97,1.78,26.69,0
US-Pfa,-90.2723,45.9459,2002,7,20,27,15.22,19.26,4.28,13.75,13.15
US-Pfa,-90.2723,45.9459,2002,7,21,29.04,20.43,22.32,4.11,20.57,21.34
US-Pfa,-90.2723,45.9459,2002,7,22,23.14,13.71,15.29,4.63,25.49,1.89
US-Pfa,-90.2723,45.9459,2002,7,23,22.42,10.36,10.74,1.15,26.97,0.08
US-Pfa,-90.2723,45.9459,2002,7,24,22.7,12.26,13.41,3.52,22.24,3.27
US-Pfa,-90.2723,45.9459,2002,7,25,21.59,13.16,16.01,4.87,6.97,4.79
US-Pfa,-90.2723,45.9459,2002,7,26,26.77,15.31,17.36,3.25,25.68,0.95
US-Pfa,-90.2723,45.9459,2002,7,27,26.94,16.05,19.33,3.66,19.02,7.64
US-Pfa,-90.2723,45.9459,2002,7,28,28.77,18.6,19.85,3.13,25.09,2.48
US-Pfa,-90.2723,45.9459,2002,7,29,25.74,17.34,17.83,2.99,25.48,2.24
US-Pfa,-90.2723,45.9459,2002,7,30,29.12,15.97,18.61,3.49,26.03,2.98
US-Pfa,-90.2723,45.9459,2002,7,31,26.33,18.44,20.28,3.33,12.39,13.76
US-Pfa,-90.2723,45.9459,2002,8,1,25.12,13.04,16.14,5.11,17.18,4.91
US-Pfa,-90.2723,45.9459,2002,8,2,22.63,10.74,11.49,3.18,26.91,0.01
US-Pfa,-90.2723,45.9459,2002,8,3,23.31,12.77,14.56,3.14,9.12,14.1
US-Pfa,-90.2723,45.9459,2002,8,4,25.35,14.51,16.62,2.57,12.26,3.24
US-Pfa,-90.2723,45.9459,2002,8,5,21.91,10.43,10.46,3.76,24.76,0.04
US-Pfa,-90.2723,45.9459,2002,8,6,21.9,8.34,10.1,2.62,23.71,0.01
US-Pfa,-90.2723,45.9459,2002,8,7,22.83,9.48,12.29,2.31,20.5,0.03
US-Pfa,-90.2723,45.9459,2002,8,8,24.91,13.2,14.37,3.42,24.6,0
US-Pfa,-90.2723,45.9459,2002,8,9,25.78,15.04,14.94,3.91,24.28,0.01
US-Pfa,-90.2723,45.9459,2002,8,10,24.92,15.4,14.84,4.79,18.78,0.38
US-Pfa,-90.2723,45.9459,2002,8,11,27.25,13.38,16.12,3.54,22.75,6.01
US-Pfa,-90.2723,45.9459,2002,8,12,24.65,16.46,18.48,4.24,14,6.02
US-Pfa,-90.2723,45.9459,2002,8,13,21.68,13.66,13.2,2.62,16.29,1.6
US-Pfa,-90.2723,45.9459,2002,8,14,22.52,10.96,11.17,5.14,23.05,0.7
US-Pfa,-90.2723,45.9459,2002,8,15,23.69,13.27,13.7,6.08,15.14,8.01
US-Pfa,-90.2723,45.9459,2002,8,16,23.64,11.82,12.92,4.06,20.54,12.42
US-Pfa,-90.2723,45.9459,2002,8,17,20.73,11.39,11.58,8.26,19.11,4.69
US-Pfa,-90.2723,45.9459,2002,8,18,19.75,8.23,8.49,3.86,25.07,0.54
US-Pfa,-90.2723,45.9459,2002,8,19,19.96,8.62,9.18,2.76,25.59,0.63
US-Pfa,-90.2723,45.9459,2002,8,20,21.95,8.77,10.2,3.67,23.64,6.1
US-Pfa,-90.2723,45.9459,2002,8,21,23.31,13.64,16.83,4.74,4.54,23.07
US-Pfa,-90.2723,45.9459,2002,8,22,21.7,12.65,14.61,3.17,10.77,0.69
US-Pfa,-90.2723,45.9459,2002,8,23,23.35,13.47,15.29,1.94,10.29,0.54
US-Pfa,-90.2723,45.9459,2002,8,24,24.89,13,15.3,3.01,21.73,0.07
US-Pfa,-90.2723,45.9459,2002,8,25,25.4,13.67,14.72,1.87,23.75,0.02
US-Pfa,-90.2723,45.9459,2002,8,26,26.88,12.14,14.08,2.48,21.26,0
US-Pfa,-90.2723,45.9459,2002,8,27,24.61,11.93,14.07,2.66,18.91,0.02
US-Pfa,-90.2723,45.9459,2002,8,28,25.74,11.5,15.33,2.22,14.38,0.1
US-Pfa,-90.2723,45.9459,2002,8,29,25.6,14.12,16.23,2.55,17.07,0.23
US-Pfa,-90.2723,45.9459,2002,8,30,24.6,14.47,15.09,2.88,20.78,0.2
US-Pfa,-90.2723,45.9459,2002,8,31,24.35,12.77,15.48,4.59,19.17,1.72
US-Pfa,-90.2723,45.9459,2002,9,1,25.07,15.07,17.18,5.14,15.5,17.31
US-Pfa,-90.2723,45.9459,2002,9,2,25.02,12.8,17.1,5.43,9.53,11.42
US-Pfa,-90.2723,45.9459,2002,9,3,21.49,10.12,9.98,5.23,22.79,0
US-Pfa,-90.2723,45.9459,2002,9,4,24.61,9.33,11.59,2.34,22.4,0.12
US-Pfa,-90.2723,45.9459,2002,9,5,23.22,14.27,14.89,4.74,5.41,5.97
US-Pfa,-90.2723,45.9459,2002,9,6,22.56,14.85,15.07,3.24,12.43,20.45
US-Pfa,-90.2723,45.9459,2002,9,7,27.88,15.1,18.02,4.43,20.42,0.25
US-Pfa,-90.2723,45.9459,2002,9,8,27.67,13.9,16.37,3.99,21,0.02
US-Pfa,-90.2723,45.9459,2002,9,9,28.36,16.59,19.05,3.84,20.31,2.53
US-Pfa,-90.2723,45.9459,2002,9,10,18.55,10.64,13.11,4.18,16.96,6.35
US-Pfa,-90.2723,45.9459,2002,9,11,22.61,8.53,10.21,2.68,20.73,0
US-Pfa,-90.2723,45.9459,2002,9,12,23.23,10.09,11.08,4.57,20.81,0.01
US-Pfa,-90.2723,45.9459,2002,9,13,19.55,11.94,13.27,2.24,8.84,0.31
US-Pfa,-90.2723,45.9459,2002,9,14,16.69,6.88,10.66,4.08,6.2,3.4
US-Pfa,-90.2723,45.9459,2002,9,15,18.38,5.22,5.6,2.09,20.52,0
US-Pfa,-90.2723,45.9459,2002,9,16,22.01,6.62,9.15,4.37,20.3,0.29
US-Pfa,-90.2723,45.9459,2002,9,17,24.52,9.73,11.76,3.33,19.16,0.1
US-Pfa,-90.2723,45.9459,2002,9,18,21.54,11.74,12.61,3.68,11.74,8.63
US-Pfa,-90.2723,45.9459,2002,9,19,21.98,14.48,17.37,4.05,7.03,8.05
US-Pfa,-90.2723,45.9459,2002,9,20,17.42,11.81,14.01,2.69,4.99,10.98
US-Pfa,-90.2723,45.9459,2002,9,21,15.85,6.71,5.37,4.33,12.9,0.11
US-Pfa,-90.2723,45.9459,2002,9,22,11.61,3.88,2.59,4.27,13.71,1.97
US-Pfa,-90.2723,45.9459,2002,9,23,9.01,1.02,3.25,3.75,6.08,7.37
US-Pfa,-90.2723,45.9459,2002,9,24,13.16,1.75,2.23,3.48,17.66,2.06
US-Pfa,-90.2723,45.9459,2002,9,25,14.48,5.42,7.19,4.07,2.77,8.19
US-Pfa,-90.2723,45.9459,2002,9,26,11.23,3.76,5.13,1.89,7.68,9.91
US-Pfa,-90.2723,45.9459,2002,9,27,15.9,3.5,2.81,2.26,18.13,0.01
US-Pfa,-90.2723,45.9459,2002,9,28,14.41,4.01,6.44,2.86,6.03,1.37
US-Pfa,-90.2723,45.9459,2002,9,29,18.51,6.69,11.58,2.99,3.11,3.72
US-Pfa,-90.2723,45.9459,2002,9,30,21.91,13.3,15.56,5.61,7.79,10.41
US-Pfa,-90.2723,45.9459,2002,10,1,21.43,9.6,11.08,3.5,16.46,0.43
US-Pfa,-90.2723,45.9459,2002,10,2,9.41,2.34,4.21,3.44,5.88,3.58
US-Pfa,-90.2723,45.9459,2002,10,3,14.51,-0.34,3.6,3.57,9.05,1.02
US-Pfa,-90.2723,45.9459,2002,10,4,17.2,4.65,9.32,6.47,3.25,33.46
US-Pfa,-90.2723,45.9459,2002,10,5,11.2,1.28,1.24,3.61,13.51,5.66
US-Pfa,-90.2723,45.9459,2002,10,6,6.56,0.57,2.56,4.95,3.81,25.54
US-Pfa,-90.2723,45.9459,2002,10,7,7.6,-3.6,-1.28,3.27,6.75,2.11
US-Pfa,-90.2723,45.9459,2002,10,8,13.19,0.97,4.61,4.31,11.56,1.92
US-Pfa,-90.2723,45.9459,2002,10,9,11.73,0.11,1.38,2.24,13.38,0.06
US-Pfa,-90.2723,45.9459,2002,10,10,13.55,2.79,6.71,3.44,4.41,0.61
US-Pfa,-90.2723,45.9459,2002,10,11,18.21,8.62,9.47,6.47,13.44,0.17
US-Pfa,-90.2723,45.9459,2002,10,12,11.05,0.25,4.6,5.54,7.22,6.8
US-Pfa,-90.2723,45.9459,2002,10,13,4.93,-3.5,-6.38,5.23,14.22,0.25
US-Pfa,-90.2723,45.9459,2002,10,14,12.2,-3.54,-2.34,6.43,11.9,0.04
US-Pfa,-90.2723,45.9459,2002,10,15,5.7,-4.79,-3.99,4.52,9.45,0.11
US-Pfa,-90.2723,45.9459,2002,10,16,4.4,-5.41,-6.92,2.59,12.88,0
US-Pfa,-90.2723,45.9459,2002,10,17,2.94,-2.74,-3.32,2.22,7.43,0.59
US-Pfa,-90.2723,45.9459,2002,10,18,3.3,-1.78,0.04,4.67,3.07,7.28
US-Pfa,-90.2723,45.9459,2002,10,19,4.04,-3.06,-0.56,4.13,3,1.76
US-Pfa,-90.2723,45.9459,2002,10,20,3.44,-2.56,-5.32,3.27,8.33,0.49
US-Pfa,-90.2723,45.9459,2002,10,21,0.77,-2.46,-2.55,3.27,3.08,10.41
US-Pfa,-90.2723,45.9459,2002,10,22,0.51,-6.4,-3.52,4.67,5.43,1.19
US-Pfa,-90.2723,45.9459,2002,10,23,0.82,-6.49,-5.87,2.15,6.27,0.25
US-Pfa,-90.2723,45.9459,2002,10,24,3.06,-5.33,-4.7,1.81,9.41,0.07
US-Pfa,-90.2723,45.9459,2002,10,25,3.68,-1.42,0.11,3.01,2.99,2.43
US-Pfa,-90.2723,45.9459,2002,10,26,3.61,-2.57,-0.94,3.24,2.34,0.66
US-Pfa,-90.2723,45.9459,2002,10,27,3.49,-3.51,-3.21,2.73,6.45,0.07
US-Pfa,-90.2723,45.9459,2002,10,28,5.5,-3.35,-2.31,2.81,8.79,0.01
US-Pfa,-90.2723,45.9459,2002,10,29,5.73,-1.45,-1.58,2.47,7.38,0.11
US-Pfa,-90.2723,45.9459,2002,10,30,4.11,-4.15,-1.41,2.58,3.44,0.51
US-Pfa,-90.2723,45.9459,2002,10,31,1.2,-6.56,-7.76,4.5,11.72,0.25
US-Pfa,-90.2723,45.9459,2002,11,1,1.31,-4.89,-7.43,5.17,8.85,0.25
US-Pfa,-90.2723,45.9459,2002,11,2,2.81,-5.84,-5.94,3.38,10.55,0
US-Pfa,-90.2723,45.9459,2002,11,3,5.34,-5.58,-3.99,4.44,10.14,0.02
US-Pfa,-90.2723,45.9459,2002,11,4,3.17,-5.89,-4.77,2.36,8.26,0
US-Pfa,-90.2723,45.9459,2002,11,5,1.56,-4.5,-2.62,3.18,3.84,0.74
US-Pfa,-90.2723,45.9459,2002,11,6,3.01,-5.38,-4.3,3.57,3.42,0.15
US-Pfa,-90.2723,45.9459,2002,11,7,8.9,-6.88,-1.38,5.95,9.79,0.07
US-Pfa,-90.2723,45.9459,2002,11,8,4.8,-0.27,1.5,2.74,5.77,0.38
US-Pfa,-90.2723,45.9459,2002,11,9,6.35,0.93,3.61,4.09,5.44,1.47
US-Pfa,-90.2723,45.9459,2002,11,10,6.2,-2.05,2.17,3.48,3.04,3.72
US-Pfa,-90.2723,45.9459,2002,11,11,2.26,-4.61,-5.28,3.25,3.91,0.16
US-Pfa,-90.2723,45.9459,2002,11,12,3.68,-4.74,-4.44,4.5,6.72,0.3
US-Pfa,-90.2723,45.9459,2002,11,13,-0.39,-5.48,-5.17,2.59,4.24,0.67
US-Pfa,-90.2723,45.9459,2002,11,14,-0.28,-9.73,-6.93,3.03,4.72,0.2
US-Pfa,-90.2723,45.9459,2002,11,15,-1.86,-9.96,-8.87,1.67,4.62,0.17
US-Pfa,-90.2723,45.9459,2002,11,16,-1.09,-7.12,-8.1,2.07,4.48,0.43
US-Pfa,-90.2723,45.9459,2002,11,17,0.15,-8.49,-8.57,1.14,8.17,0
US-Pfa,-90.2723,45.9459,2002,11,18,1.53,-6.68,-5.07,3.71,5.65,0.25
US-Pfa,-90.2723,45.9459,2002,11,19,4.8,-2.97,-1.9,4.42,8.69,0.08
US-Pfa,-90.2723,45.9459,2002,11,20,2.12,-3.28,-2.62,2.26,3.12,0.69
US-Pfa,-90.2723,45.9459,2002,11,21,1.61,-4.55,-3.65,3.65,3.5,1.6
US-Pfa,-90.2723,45.9459,2002,11,22,0.07,-6.44,-6.06,2.77,4.61,1.05
US-Pfa,-90.2723,45.9459,2002,11,23,1.84,-5.83,-5.18,6.47,5.27,0.51
US-Pfa,-90.2723,45.9459,2002,11,24,-3.72,-8.04,-8.62,4.61,3.53,0.99
US-Pfa,-90.2723,45.9459,2002,11,25,-4.01,-8.95,-9.29,3.06,6.53,0.35
US-Pfa,-90.2723,45.9459,2002,11,26,-3.33,-9.92,-9.05,2.19,5.72,0.28
US-Pfa,-90.2723,45.9459,2002,11,27,-5.44,-11.42,-10.95,2.81,4.08,0.02
US-Pfa,-90.2723,45.9459,2002,11,28,-1.96,-10.07,-7.47,5.53,5.35,0.22
US-Pfa,-90.2723,45.9459,2002,11,29,3.25,-6.64,-2.73,7.59,5.82,1.93
US-Pfa,-90.2723,45.9459,2002,11,30,-6.29,-14.57,-13.84,7.23,6.61,0.97
US-Pfa,-90.2723,45.9459,2002,12,1,-5.43,-12.46,-11.35,3.16,3.13,3.3
US-Pfa,-90.2723,45.9459,2002,12,2,-8.34,-13.68,-13.81,4.15,6,0.43
US-Pfa,-90.2723,45.9459,2002,12,3,-7.9,-15.45,-15.2,2.25,7.19,0.02
US-Pfa,-90.2723,45.9459,2002,12,4,-7.62,-14.1,-13.62,2.63,3.57,0.07
US-Pfa,-90.2723,45.9459,2002,12,5,-9.2,-17.13,-14.99,3.75,5.42,0.06
US-Pfa,-90.2723,45.9459,2002,12,6,-6.2,-15.02,-11.21,5.4,5.64,0.03
US-Pfa,-90.2723,45.9459,2002,12,7,-5.26,-12.48,-11.49,4.88,5.85,0.29
US-Pfa,-90.2723,45.9459,2002,12,8,-10.4,-18.17,-16.97,4.13,7.39,0.18
US-Pfa,-90.2723,45.9459,2002,12,9,-3.51,-18,-11.99,6.58,6.31,0.01
US-Pfa,-90.2723,45.9459,2002,12,10,1.88,-7.24,-4.52,4.06,6.83,0.01
US-Pfa,-90.2723,45.9459,2002,12,11,1.5,-4.59,-2.86,5.2,4.84,0.08
US-Pfa,-90.2723,45.9459,2002,12,12,1.47,-4.59,-2.73,3.12,2.56,0.06
US-Pfa,-90.2723,45.9459,2002,12,13,2.76,-4.81,-2.78,1.82,2.21,0.06
US-Pfa,-90.2723,45.9459,2002,12,14,2.66,-4.23,-2.52,4.89,5.85,0.06
US-Pfa,-90.2723,45.9459,2002,12,15,-1.52,-11.25,-7.13,5.17,2.98,0.1
US-Pfa,-90.2723,45.9459,2002,12,16,-4.92,-13.66,-11.17,5.06,2.51,0.94
US-Pfa,-90.2723,45.9459,2002,12,17,-0.54,-6.94,-6.39,7.54,2.78,0.92
US-Pfa,-90.2723,45.9459,2002,12,18,4.74,-2.47,0.11,7.59,1.19,8.68
US-Pfa,-90.2723,45.9459,2002,12,19,1.21,-2.65,-1.5,4.82,1.43,1.02
US-Pfa,-90.2723,45.9459,2002,12,20,-2.67,-6.83,-6.09,5.53,2.18,0.85
US-Pfa,-90.2723,45.9459,2002,12,21,-4.18,-8.18,-8.47,6.74,2.48,0.17
US-Pfa,-90.2723,45.9459,2002,12,22,-6.2,-10.1,-10.03,6.47,2.72,0.4
US-Pfa,-90.2723,45.9459,2002,12,23,-8.09,-12.44,-12.81,5.93,5.76,0.17
US-Pfa,-90.2723,45.9459,2002,12,24,-5.14,-13.09,-10.6,2.25,4.26,0.09
US-Pfa,-90.2723,45.9459,2002,12,25,-3.26,-10.98,-9.08,3.59,2.65,0.05
US-Pfa,-90.2723,45.9459,2002,12,26,-2.6,-12.98,-10.32,3.56,6.87,0.01
US-Pfa,-90.2723,45.9459,2002,12,27,-0.95,-10.17,-6.96,5.49,5.44,0
US-Pfa,-90.2723,45.9459,2002,12,28,2.13,-5.96,-4.26,3.28,2.91,0.23
US-Pfa,-90.2723,45.9459,2002,12,29,0.52,-6.79,-4.52,4.75,3.86,0.12
US-Pfa,-90.2723,45.9459,2002,12,30,1.65,-9.83,-3.19,6.1,1.84,0.21
US-Pfa,-90.2723,45.9459,2002,12,31,-7.84,-13.28,-13.24,5.26,7.41,0.03
US-Pfa,-90.2723,45.9459,2003,1,1,-4.65,-13.38,-10.85,3.73,5.82,0.07
US-Pfa,-90.2723,45.9459,2003,1,2,-3.27,-12.36,-10.44,3.15,6.9,0.01
US-Pfa,-90.2723,45.9459,2003,1,3,-4.48,-12.41,-10.62,1.57,5.89,0.15
US-Pfa,-90.2723,45.9459,2003,1,4,-3.44,-11.83,-8.93,3.23,3.37,0.83
US-Pfa,-90.2723,45.9459,2003,1,5,-1.04,-7.6,-5.67,3.05,2.77,1.03
US-Pfa,-90.2723,45.9459,2003,1,6,-3.23,-9.57,-9.13,5.38,5.53,0.03
US-Pfa,-90.2723,45.9459,2003,1,7,2.22,-6.51,-3.29,6.3,5.66,0.08
US-Pfa,-90.2723,45.9459,2003,1,8,4.16,-3.24,-1.65,6.66,6.68,0.08
US-Pfa,-90.2723,45.9459,2003,1,9,-0.38,-11.23,-8.35,7.41,3.81,1.73
US-Pfa,-90.2723,45.9459,2003,1,10,-11.72,-15.46,-16.34,7.9,6.93,0.5
US-Pfa,-90.2723,45.9459,2003,1,11,-9.92,-17.31,-15.75,5.88,4.29,0.34
US-Pfa,-90.2723,45.9459,2003,1,12,-7.04,-19.33,-15.76,6.36,6.32,0.15
US-Pfa,-90.2723,45.9459,2003,1,13,-13.5,-18.98,-18.02,5.22,6.03,0.12
US-Pfa,-90.2723,45.9459,2003,1,14,-14.26,-21.89,-19.57,5.64,8.17,0.06
US-Pfa,-90.2723,45.9459,2003,1,15,-9.39,-19.25,-17.5,4.68,8.19,0.05
US-Pfa,-90.2723,45.9459,2003,1,16,-9.58,-18.36,-17.16,5.72,8.21,0.21
US-Pfa,-90.2723,45.9459,2003,1,17,-9.36,-16.79,-16.52,5.64,8.61,0.45
US-Pfa,-90.2723,45.9459,2003,1,18,-11.7,-21.19,-16.04,5.96,5.57,2.04
US-Pfa,-90.2723,45.9459,2003,1,19,-13.13,-21.58,-18.22,6.63,3.13,0.65
US-Pfa,-90.2723,45.9459,2003,1,20,-15.82,-22.02,-20.35,5.38,7.23,0.11
US-Pfa,-90.2723,45.9459,2003,1,21,-16.41,-23.72,-21.33,4.23,7.19,0.08
US-Pfa,-90.2723,45.9459,2003,1,22,-18.33,-21.54,-21.22,5.82,8.11,0.2
US-Pfa,-90.2723,45.9459,2003,1,23,-14.7,-21.29,-19.96,5.39,7.96,0.13
US-Pfa,-90.2723,45.9459,2003,1,24,-12.78,-20.63,-18.63,3.99,4.29,0.21
US-Pfa,-90.2723,45.9459,2003,1,25,-13.17,-18.02,-16.85,5.62,4.14,1.28
US-Pfa,-90.2723,45.9459,2003,1,26,-18.34,-24.23,-22.15,5,8.27,0.28
US-Pfa,-90.2723,45.9459,2003,1,27,-13.34,-25.53,-18.97,6.25,2.82,2.45
US-Pfa,-90.2723,45.9459,2003,1,28,-8.79,-14.89,-12.62,3.89,3.6,0.3
US-Pfa,-90.2723,45.9459,2003,1,29,-9.54,-18.94,-17.17,3.71,8.79,0.01
US-Pfa,-90.2723,45.9459,2003,1,30,-4.72,-16.89,-10.41,6.52,4.06,0.11
US-Pfa,-90.2723,45.9459,2003,1,31,-0.87,-8.59,-6.21,2.53,4.88,0.14
US-Pfa,-90.2723,45.9459,2003,2,1,-0.87,-7.73,-5.48,3.31,2.71,0.42
US-Pfa,-90.2723,45.9459,2003,2,2,0.03,-6.89,-4.59,2.88,2.46,3.47
US-Pfa,-90.2723,45.9459,2003,2,3,-2.27,-5.04,-4.69,4.8,2.81,13.44
US-Pfa,-90.2723,45.9459,2003,2,4,-6.07,-20.88,-15.19,8.14,9.35,1.07
US-Pfa,-90.2723,45.9459,2003,2,5,-12.77,-22.47,-17.98,2.46,6.44,0.63
US-Pfa,-90.2723,45.9459,2003,2,6,-11.39,-23.08,-16.79,3.28,8.53,0.67
US-Pfa,-90.2723,45.9459,2003,2,7,-14.78,-29.35,-21.74,6.46,11.32,0.17
US-Pfa,-90.2723,45.9459,2003,2,8,-11.87,-25.69,-16.12,5.92,9.89,0.91
US-Pfa,-90.2723,45.9459,2003,2,9,-11.77,-31.29,-20.47,6.37,8.32,0.39
US-Pfa,-90.2723,45.9459,2003,2,10,-14.82,-28.1,-21.02,4.79,12.56,0.11
US-Pfa,-90.2723,45.9459,2003,2,11,-13.18,-25.32,-19.48,7.47,7.21,1.12
US-Pfa,-90.2723,45.9459,2003,2,12,-17.92,-27.36,-22.43,5.62,12.19,0.04
US-Pfa,-90.2723,45.9459,2003,2,13,-13.42,-25.94,-20.29,4.49,12.39,0.01
US-Pfa,-90.2723,45.9459,2003,2,14,-9.51,-22.8,-16.42,3.08,6.47,0.09
US-Pfa,-90.2723,45.9459,2003,2,15,-13,-24.55,-19.01,3.77,12.46,0.02
US-Pfa,-90.2723,45.9459,2003,2,16,-8.58,-26.87,-17.99,3.99,13,0.01
US-Pfa,-90.2723,45.9459,2003,2,17,-4.38,-18,-11.57,5.9,13.55,0.03
US-Pfa,-90.2723,45.9459,2003,2,18,-3.73,-11.21,-8.04,7.84,5.57,0.23
US-Pfa,-90.2723,45.9459,2003,2,19,-2.65,-14.72,-9.76,5.39,13.39,0.01
US-Pfa,-90.2723,45.9459,2003,2,20,0.97,-7.4,-4.44,4.74,12.82,0.03
US-Pfa,-90.2723,45.9459,2003,2,21,-4.09,-12.41,-7.99,4.43,3.94,3
US-Pfa,-90.2723,45.9459,2003,2,22,-11.73,-16.66,-14.77,6.62,12.67,0.19
US-Pfa,-90.2723,45.9459,2003,2,23,-14.57,-19.02,-18,4.63,13.14,0.21
US-Pfa,-90.2723,45.9459,2003,2,24,-16.93,-26.17,-20.54,4.25,13.29,0.19
US-Pfa,-90.2723,45.9459,2003,2,25,-12.44,-29.83,-22.49,4.29,13.44,0
US-Pfa,-90.2723,45.9459,2003,2,26,-8.42,-24.7,-17.47,4.43,14.5,0
US-Pfa,-90.2723,45.9459,2003,2,27,-0.92,-18.47,-11.41,3.14,12.82,0
US-Pfa,-90.2723,45.9459,2003,2,28,0.13,-14.06,-9.21,2.37,13.94,0
US-Pfa,-90.2723,45.9459,2003,3,1,1.16,-11.76,-7.24,5.6,11.67,1.25
US-Pfa,-90.2723,45.9459,2003,3,2,-12.02,-22.96,-20.85,5.32,16.12,0.2
US-Pfa,-90.2723,45.9459,2003,3,3,-9.48,-23.87,-16.32,5.93,6.94,3.03
US-Pfa,-90.2723,45.9459,2003,3,4,-11.87,-18.18,-16.34,4.42,15.26,0.23
US-Pfa,-90.2723,45.9459,2003,3,5,-12.1,-22.94,-19.23,2.61,16.87,0.07
US-Pfa,-90.2723,45.9459,2003,3,6,-5.2,-23.87,-14.56,5.75,14.79,0.95
US-Pfa,-90.2723,45.9459,2003,3,7,-4.68,-16.07,-9.69,4.13,14.71,1.52
US-Pfa,-90.2723,45.9459,2003,3,8,-13.33,-25.26,-18.54,4.97,12.67,5.13
US-Pfa,-90.2723,45.9459,2003,3,9,-15.08,-27.87,-21.71,6.94,17.8,0.17
US-Pfa,-90.2723,45.9459,2003,3,10,-10.32,-25.7,-18.08,4.97,17.63,0.2
US-Pfa,-90.2723,45.9459,2003,3,11,-1.93,-14.94,-9.64,5.17,14.08,0.56
US-Pfa,-90.2723,45.9459,2003,3,12,-4.7,-13.66,-11.55,2.55,15.91,0.08
US-Pfa,-90.2723,45.9459,2003,3,13,-1.77,-16.61,-9.91,2.73,16,0.02
US-Pfa,-90.2723,45.9459,2003,3,14,6.07,-6.91,-1.96,5.3,16.97,0
US-Pfa,-90.2723,45.9459,2003,3,15,10.82,-3.16,2.81,4.68,17.6,0.01
US-Pfa,-90.2723,45.9459,2003,3,16,15.03,1.84,6.22,4.11,15.58,0.61
US-Pfa,-90.2723,45.9459,2003,3,17,12.8,-1.08,2.78,4.57,16.41,0.62
US-Pfa,-90.2723,45.9459,2003,3,18,10.26,-1.44,1.59,4.28,7.95,0.07
US-Pfa,-90.2723,45.9459,2003,3,19,8.38,-1.68,-2.21,4.1,11.69,0.74
US-Pfa,-90.2723,45.9459,2003,3,20,6.51,-1.51,0.92,2.7,4.31,5.49
US-Pfa,-90.2723,45.9459,2003,3,21,1.85,-2.15,-1.55,4.09,4.42,6.32
US-Pfa,-90.2723,45.9459,2003,3,22,6.04,-0.25,1.52,3.54,7.95,0.41
US-Pfa,-90.2723,45.9459,2003,3,23,13.9,0.18,2.67,5.41,17.15,0.06
US-Pfa,-90.2723,45.9459,2003,3,24,12.81,2.68,0.32,6.74,19.07,0.02
US-Pfa,-90.2723,45.9459,2003,3,25,7.09,-2.72,-2.56,4.82,17.59,0
US-Pfa,-90.2723,45.9459,2003,3,26,6.08,-3.01,-3.58,2.97,14.85,0.21
US-Pfa,-90.2723,45.9459,2003,3,27,1.9,-1.79,-1.43,5.94,3.83,13.37
US-Pfa,-90.2723,45.9459,2003,3,28,0.17,-5.27,-2.98,6.95,7.28,10.38
US-Pfa,-90.2723,45.9459,2003,3,29,-1.99,-8.24,-7.03,5.64,15.84,0.38
US-Pfa,-90.2723,45.9459,2003,3,30,0.06,-6.87,-5.55,3.33,14.94,0.33
US-Pfa,-90.2723,45.9459,2003,3,31,4.31,-7.19,-3.16,5.76,12.25,2.07
US-Pfa,-90.2723,45.9459,2003,4,1,8.09,-0.95,0.63,3.19,18.47,1.48
US-Pfa,-90.2723,45.9459,2003,4,2,0.84,-5.94,-4.07,6.76,12.16,3.66
US-Pfa,-90.2723,45.9459,2003,4,3,-1.86,-5.64,-6.49,7.87,5.12,6.72
US-Pfa,-90.2723,45.9459,2003,4,4,-4.83,-8.86,-8.96,6.98,4.41,5.45
US-Pfa,-90.2723,45.9459,2003,4,5,-5.55,-13.79,-10.89,4.95,17.5,1.78
US-Pfa,-90.2723,45.9459,2003,4,6,-0.4,-15.49,-8.62,3.3,20.13,0.04
US-Pfa,-90.2723,45.9459,2003,4,7,-2.52,-12.6,-8.39,5.49,13.33,0.01
US-Pfa,-90.2723,45.9459,2003,4,8,4.19,-13.81,-8.52,2.39,24.13,0
US-Pfa,-90.2723,45.9459,2003,4,9,8.79,-4.42,-3.5,4.74,23.83,0.01
US-Pfa,-90.2723,45.9459,2003,4,10,14.92,-1.45,0.65,5.97,23.92,0
US-Pfa,-90.2723,45.9459,2003,4,11,15.22,-1,-0.94,3.7,24.45,0
US-Pfa,-90.2723,45.9459,2003,4,12,10.85,-2.81,-1.2,3.51,23.9,0
US-Pfa,-90.2723,45.9459,2003,4,13,12.82,-2.33,0.53,6.07,22.14,0.11
US-Pfa,-90.2723,45.9459,2003,4,14,24.11,7,11.19,7.47,21.28,0.82
US-Pfa,-90.2723,45.9459,2003,4,15,15.39,0.88,7.26,5.11,16.73,11.51
US-Pfa,-90.2723,45.9459,2003,4,16,0.49,-3.54,-4.15,8.37,4.52,20.02
US-Pfa,-90.2723,45.9459,2003,4,17,-0.21,-4.58,-2.91,3.83,5.51,9.64
US-Pfa,-90.2723,45.9459,2003,4,18,4.18,-6.59,-1.63,3.19,9.13,3.1
US-Pfa,-90.2723,45.9459,2003,4,19,8.43,0.43,4.75,4.59,6.6,12.17
US-Pfa,-90.2723,45.9459,2003,4,20,9.41,2.1,5.3,4.13,4.36,15.78
US-Pfa,-90.2723,45.9459,2003,4,21,5.39,-2.69,-0.6,6.94,15.67,3.03
US-Pfa,-90.2723,45.9459,2003,4,22,10.4,-3.51,-3.61,3.93,27.01,0
US-Pfa,-90.2723,45.9459,2003,4,23,14.42,-2.92,-1.23,3.77,26.52,0
US-Pfa,-90.2723,45.9459,2003,4,24,18.12,-1.46,2.27,2.47,23.54,0
US-Pfa,-90.2723,45.9459,2003,4,25,13.4,-0.37,0.22,3.93,25.23,0.02
US-Pfa,-90.2723,45.9459,2003,4,26,15.73,-3.23,0.85,3.45,25.56,0
US-Pfa,-90.2723,45.9459,2003,4,27,19.08,6.86,7.53,6.35,15.52,0.64
US-Pfa,-90.2723,45.9459,2003,4,28,12.81,1.32,1.86,4.58,26.48,0.01
US-Pfa,-90.2723,45.9459,2003,4,29,12.47,0.1,0,2.87,21.42,0
US-Pfa,-90.2723,45.9459,2003,4,30,12.68,-1.18,2.23,1.95,16.54,0.05
US-Pfa,-90.2723,45.9459,2003,5,1,15.49,-0.26,0.42,3.74,27.02,0.01
US-Pfa,-90.2723,45.9459,2003,5,2,14.07,-2.44,-3.21,2.9,27.96,0
US-Pfa,-90.2723,45.9459,2003,5,3,16.06,-1.77,-1.03,3.51,27.89,0
US-Pfa,-90.2723,45.9459,2003,5,4,13.19,-0.14,0.44,5.4,15.39,0.84
US-Pfa,-90.2723,45.9459,2003,5,5,7.94,3.27,4.35,6.36,4.55,10.02
US-Pfa,-90.2723,45.9459,2003,5,6,14.87,1.96,5.25,1.96,9.87,0.75
US-Pfa,-90.2723,45.9459,2003,5,7,14.55,4.06,6.81,2.27,12.97,2.64
US-Pfa,-90.2723,45.9459,2003,5,8,18.53,5.19,5.67,4.42,19.14,0.33
US-Pfa,-90.2723,45.9459,2003,5,9,12.11,5.74,6.77,6.5,4.95,18.17
US-Pfa,-90.2723,45.9459,2003,5,10,13.93,5.29,7.2,3.17,15.45,13.12
US-Pfa,-90.2723,45.9459,2003,5,11,8.15,2.57,4.58,9.39,4.81,57.62
US-Pfa,-90.2723,45.9459,2003,5,12,14.4,3.75,3.53,6.18,25.19,0.15
US-Pfa,-90.2723,45.9459,2003,5,13,19.56,2.75,5.39,2.59,25.69,0.01
US-Pfa,-90.2723,45.9459,2003,5,14,15.43,7.03,6.57,2.77,11.26,0
US-Pfa,-90.2723,45.9459,2003,5,15,18.94,3.76,6.72,3.52,23.12,0.01
US-Pfa,-90.2723,45.9459,2003,5,16,18.71,5.2,8.3,3.01,22.88,0.05
US-Pfa,-90.2723,45.9459,2003,5,17,19.89,7.92,9.64,2.75,21.21,0.03
US-Pfa,-90.2723,45.9459,2003,5,18,18.54,8.38,10.47,4.67,20.51,0.3
US-Pfa,-90.2723,45.9459,2003,5,19,19.72,7.35,12.99,5.66,7.54,17.76
US-Pfa,-90.2723,45.9459,2003,5,20,11.84,4.31,2.34,5.28,25.11,0.28
US-Pfa,-90.2723,45.9459,2003,5,21,12.76,1.36,2.44,3.68,23.54,0
US-Pfa,-90.2723,45.9459,2003,5,22,13.19,1.78,3.81,2.58,10.48,0.12
US-Pfa,-90.2723,45.9459,2003,5,23,17.69,3.38,3.94,2.97,28,0
US-Pfa,-90.2723,45.9459,2003,5,24,19.67,2.99,3.7,3.41,29.44,0.1
US-Pfa,-90.2723,45.9459,2003,5,25,19.61,3.8,4.5,3.77,27.21,0
US-Pfa,-90.2723,45.9459,2003,5,26,20.31,4.34,5.1,3.17,28.48,0
US-Pfa,-90.2723,45.9459,2003,5,27,22.86,8.23,8.64,1.76,28.06,0.23
US-Pfa,-90.2723,45.9459,2003,5,28,16.03,7.68,10.41,5.01,20.2,3.27
US-Pfa,-90.2723,45.9459,2003,5,29,21.89,7.32,9.8,3.1,26.17,0.18
US-Pfa,-90.2723,45.9459,2003,5,30,19.92,6.55,10.62,5.7,16.9,6.16
US-Pfa,-90.2723,45.9459,2003,5,31,12.98,2.35,1.29,4.62,29.51,0.2
US-Pfa,-90.2723,45.9459,2003,6,1,19.01,2.03,4.96,2.27,28.28,0
US-Pfa,-90.2723,45.9459,2003,6,2,19.47,6.34,7.34,1.74,20.07,0.04
US-Pfa,-90.2723,45.9459,2003,6,3,19.98,8.87,8.14,2.68,21.89,0
US-Pfa,-90.2723,45.9459,2003,6,4,20.92,6.83,7.54,1.82,24.39,0
US-Pfa,-90.2723,45.9459,2003,6,5,20.52,10.32,11.15,2.56,22.46,0.87
US-Pfa,-90.2723,45.9459,2003,6,6,18.29,10.44,11.99,3.06,7.55,9.51
US-Pfa,-90.2723,45.9459,2003,6,7,16.83,9.82,11.06,2.62,11.26,2.57
US-Pfa,-90.2723,45.9459,2003,6,8,13.41,7.68,9.9,3.33,11.7,9.11
US-Pfa,-90.2723,45.9459,2003,6,9,17.47,8,10.04,2.1,21.73,1.02
US-Pfa,-90.2723,45.9459,2003,6,10,15.49,8.4,11.03,4.12,6.02,21.79
US-Pfa,-90.2723,45.9459,2003,6,11,20.48,7.76,10.33,3.01,22.12,0.08
US-Pfa,-90.2723,45.9459,2003,6,12,20.29,8.65,11.83,4.33,21.27,0.04
US-Pfa,-90.2723,45.9459,2003,6,13,24.02,11.87,14.26,2.66,25.85,0.24
US-Pfa,-90.2723,45.9459,2003,6,14,22.4,10.61,12.66,3.28,27.95,0.06
US-Pfa,-90.2723,45.9459,2003,6,15,23.78,9.03,11.13,2.23,26.31,0.02
US-Pfa,-90.2723,45.9459,2003,6,16,24.96,10.95,12.39,2.54,29.37,0
US-Pfa,-90.2723,45.9459,2003,6,17,23.95,11.38,14.56,3.02,20.48,5.31
US-Pfa,-90.2723,45.9459,2003,6,18,21.4,9.37,12.25,3.65,27.4,0.05
US-Pfa,-90.2723,45.9459,2003,6,19,19.75,6.92,6.87,2.82,32.01,0
US-Pfa,-90.2723,45.9459,2003,6,20,22.19,6.56,9.77,3.15,32.21,0
US-Pfa,-90.2723,45.9459,2003,6,21,23.35,7.9,10.97,3.89,31.33,0
US-Pfa,-90.2723,45.9459,2003,6,22,24.67,11.19,13.95,4.22,25.32,0.26
US-Pfa,-90.2723,45.9459,2003,6,23,23.99,13.73,17.7,3.85,15.59,12.52
US-Pfa,-90.2723,45.9459,2003,6,24,24.2,16.33,19.75,3.47,20.57,7.48
US-Pfa,-90.2723,45.9459,2003,6,25,24.69,16.49,20.86,5.03,12.47,3.65
US-Pfa,-90.2723,45.9459,2003,6,26,17.47,10.93,10.7,6.44,11.02,1.01
US-Pfa,-90.2723,45.9459,2003,6,27,16.51,8.22,7.83,4.41,26.18,0.04
US-Pfa,-90.2723,45.9459,2003,6,28,14.61,7.67,9.23,2.98,6.83,4.88
US-Pfa,-90.2723,45.9459,2003,6,29,19.65,8.44,11.83,3.18,24.87,0.81
US-Pfa,-90.2723,45.9459,2003,6,30,23.79,9.98,13.35,2.52,27.65,0.01
US-Pfa,-90.2723,45.9459,2003,7,1,25.57,12.6,13.98,2.82,28.03,1.05
US-Pfa,-90.2723,45.9459,2003,7,2,26.51,13.8,17.75,4.09,23.98,7.57
US-Pfa,-90.2723,45.9459,2003,7,3,27.15,17.13,19.05,3.33,27.64,2.96
US-Pfa,-90.2723,45.9459,2003,7,4,25.78,14.56,16.07,3.59,22.69,0.2
US-Pfa,-90.2723,45.9459,2003,7,5,25.73,11.34,13.45,2.73,30.09,0
US-Pfa,-90.2723,45.9459,2003,7,6,24.54,14,16.04,2.88,21.06,0.34
US-Pfa,-90.2723,45.9459,2003,7,7,24.07,12.28,14.8,4,22.36,0.26
US-Pfa,-90.2723,45.9459,2003,7,8,19.14,9.57,10.3,3.01,21.48,0
US-Pfa,-90.2723,45.9459,2003,7,9,22.12,9.22,11.85,3.98,13.17,7.94
US-Pfa,-90.2723,45.9459,2003,7,10,17.41,8.99,12.43,3.88,6.18,25.19
US-Pfa,-90.2723,45.9459,2003,7,11,18,8.9,11.59,4.58,21.3,0.97
US-Pfa,-90.2723,45.9459,2003,7,12,22.99,10.83,12.71,2.99,27.67,0.07
US-Pfa,-90.2723,45.9459,2003,7,13,24.44,11.62,14.61,3.43,27.03,0.25
US-Pfa,-90.2723,45.9459,2003,7,14,23.35,15.54,15.77,5.64,11.81,12.19
US-Pfa,-90.2723,45.9459,2003,7,15,19.2,12.22,14.16,4.16,21.04,0.94
US-Pfa,-90.2723,45.9459,2003,7,16,25.33,10.29,14.72,3.03,25.76,1.46
US-Pfa,-90.2723,45.9459,2003,7,17,21.93,10.37,11.91,3.42,18.47,2.16
US-Pfa,-90.2723,45.9459,2003,7,18,23.31,10.3,8.76,1.74,27.53,0
US-Pfa,-90.2723,45.9459,2003,7,19,23.91,11.61,14.23,3.89,21.49,9.03
US-Pfa,-90.2723,45.9459,2003,7,20,26.04,15.23,17.16,3.49,20.81,6.56
US-Pfa,-90.2723,45.9459,2003,7,21,16.67,9.7,11.15,4.72,18.09,1.16
US-Pfa,-90.2723,45.9459,2003,7,22,19.24,9.2,10.52,3.89,18.98,0.57
US-Pfa,-90.2723,45.9459,2003,7,23,22.9,7.68,10.46,2.24,26.6,0.03
US-Pfa,-90.2723,45.9459,2003,7,24,23.06,10.76,11.79,3.31,26.28,0.05
US-Pfa,-90.2723,45.9459,2003,7,25,24.35,13.33,14.58,5.52,15.84,3.99
US-Pfa,-90.2723,45.9459,2003,7,26,29.38,17.19,20.3,4.7,19.58,1.97
US-Pfa,-90.2723,45.9459,2003,7,27,23.44,13.7,14.49,3.52,23.96,0.27
US-Pfa,-90.2723,45.9459,2003,7,28,23.78,11.68,13.1,2.08,24.18,1.24
US-Pfa,-90.2723,45.9459,2003,7,29,26.22,14.06,16.01,2.59,26.02,5.28
US-Pfa,-90.2723,45.9459,2003,7,30,24.31,16.93,16.49,3.88,23.08,9.62
US-Pfa,-90.2723,45.9459,2003,7,31,21.84,14.66,15.66,3.12,16.67,6.85
US-Pfa,-90.2723,45.9459,2003,8,1,22.61,13.07,15.08,1.71,20.15,2.83
US-Pfa,-90.2723,45.9459,2003,8,2,21.76,14.54,15.94,1.65,18.44,7.7
US-Pfa,-90.2723,45.9459,2003,8,3,20.57,13.86,15.45,2.61,13.59,3.77
US-Pfa,-90.2723,45.9459,2003,8,4,23.82,12.89,15.39,2.53,18.86,0.33
US-Pfa,-90.2723,45.9459,2003,8,5,25.47,14.75,16.13,2.32,17.16,0.46
US-Pfa,-90.2723,45.9459,2003,8,6,24.74,15.63,17.19,3.13,17.09,1.35
US-Pfa,-90.2723,45.9459,2003,8,7,23.66,13.87,15.42,3.96,21.65,0.13
US-Pfa,-90.2723,45.9459,2003,8,8,24.72,11.8,14.44,2.88,21.54,0
US-Pfa,-90.2723,45.9459,2003,8,9,26.45,14.57,14.88,1.62,25.25,0.02
US-Pfa,-90.2723,45.9459,2003,8,10,24.53,16.74,17.1,2.76,20.24,0.88
US-Pfa,-90.2723,45.9459,2003,8,11,22.72,11.34,13.05,3.83,25.37,0.02
US-Pfa,-90.2723,45.9459,2003,8,12,25.66,9.19,11.71,1.3,26.8,0
US-Pfa,-90.2723,45.9459,2003,8,13,26.25,13.43,15.38,2.42,25.85,0
US-Pfa,-90.2723,45.9459,2003,8,14,27.33,15.8,17.62,3.5,20.69,0.09
US-Pfa,-90.2723,45.9459,2003,8,15,28.68,16.94,17.78,4.22,22.9,0
US-Pfa,-90.2723,45.9459,2003,8,16,28.92,16.45,16.86,2.63,24.14,0
US-Pfa,-90.2723,45.9459,2003,8,17,27.01,16.11,17.12,2.53,21.14,0.03
US-Pfa,-90.2723,45.9459,2003,8,18,28.01,16.4,16.52,4.55,23.37,0.01
US-Pfa,-90.2723,45.9459,2003,8,19,28.37,19.84,19.82,3.78,15.45,3.72
US-Pfa,-90.2723,45.9459,2003,8,20,28.55,20.29,20.74,4.52,15.69,9.69
US-Pfa,-90.2723,45.9459,2003,8,21,24.66,13.94,16.79,5,17.51,0.78
US-Pfa,-90.2723,45.9459,2003,8,22,24.21,12.28,11.21,3.53,24.39,0
US-Pfa,-90.2723,45.9459,2003,8,23,20.56,11.91,12.26,3.28,12.64,3.54
US-Pfa,-90.2723,45.9459,2003,8,24,28.54,13.21,16.02,4.86,21.4,2.83
US-Pfa,-90.2723,45.9459,2003,8,25,28.33,16.13,16.72,1.94,14.16,3.87
US-Pfa,-90.2723,45.9459,2003,8,26,26.28,14.05,14.68,3.27,23.36,0.09
US-Pfa,-90.2723,45.9459,2003,8,27,21.35,10.29,8.74,2.85,21.55,0.01
US-Pfa,-90.2723,45.9459,2003,8,28,25.09,11.79,14.22,5.89,12.66,2.78
US-Pfa,-90.2723,45.9459,2003,8,29,17.93,9.09,7.46,4,17.31,0.02
US-Pfa,-90.2723,45.9459,2003,8,30,20.11,7.5,7.23,3.25,20.37,0.02
US-Pfa,-90.2723,45.9459,2003,8,31,22.86,8.98,7.51,3.28,19.71,0
US-Pfa,-90.2723,45.9459,2003,9,1,24.98,10.28,9.41,1.75,20.63,0.05
US-Pfa,-90.2723,45.9459,2003,9,2,24.08,12.08,8.83,5.58,21.97,0.1
US-Pfa,-90.2723,45.9459,2003,9,3,19.72,10.58,8.8,5.16,13.08,0.29
US-Pfa,-90.2723,45.9459,2003,9,4,18.85,8.77,6.21,3.49,20.44,0.13
US-Pfa,-90.2723,45.9459,2003,9,5,23.75,7,7.53,3.18,22.77,0
US-Pfa,-90.2723,45.9459,2003,9,6,26.99,12.52,12.15,2.68,19.74,0
US-Pfa,-90.2723,45.9459,2003,9,7,28.67,12.6,14.27,2.09,18.37,0.01
US-Pfa,-90.2723,45.9459,2003,9,8,28.6,16.56,16.49,2.56,18.17,0.03
US-Pfa,-90.2723,45.9459,2003,9,9,26.58,15.51,16.16,4.59,18.4,0.06
US-Pfa,-90.2723,45.9459,2003,9,10,25.47,16.28,15.24,6.22,12.69,0.03
US-Pfa,-90.2723,45.9459,2003,9,11,27.06,16.17,15.77,7.17,14.83,0.25
US-Pfa,-90.2723,45.9459,2003,9,12,20.12,14.64,15.58,5.52,5.97,15.33
US-Pfa,-90.2723,45.9459,2003,9,13,20.25,12.1,13.44,3.43,8.31,3.81
US-Pfa,-90.2723,45.9459,2003,9,14,18.03,10.7,10.13,2.33,11.88,1.97
US-Pfa,-90.2723,45.9459,2003,9,15,17.95,7.32,6.8,3.13,14.26,0.05
US-Pfa,-90.2723,45.9459,2003,9,16,22.81,7.37,8.3,2.88,20.09,0
US-Pfa,-90.2723,45.9459,2003,9,17,23.98,12.47,11.58,6.72,18.1,0
US-Pfa,-90.2723,45.9459,2003,9,18,23.81,14.25,12.38,7.06,12,1.3
US-Pfa,-90.2723,45.9459,2003,9,19,13.95,5.74,6.77,6.04,9.87,11.75
US-Pfa,-90.2723,45.9459,2003,9,20,18.66,3.3,4.59,2.57,19.38,0
US-Pfa,-90.2723,45.9459,2003,9,21,17.82,7.03,8.19,4.42,8.57,5.44
US-Pfa,-90.2723,45.9459,2003,9,22,13.88,7.71,8.53,4.55,8.6,2.25
US-Pfa,-90.2723,45.9459,2003,9,23,16.71,5.45,3.85,4.73,18.71,0.35
US-Pfa,-90.2723,45.9459,2003,9,24,13.95,4.34,3.25,7.28,12.32,2.2
US-Pfa,-90.2723,45.9459,2003,9,25,13.24,2.54,0.56,4.2,12.4,0.43
US-Pfa,-90.2723,45.9459,2003,9,26,12,5.53,6.1,5,6.47,8.36
US-Pfa,-90.2723,45.9459,2003,9,27,9.45,5.14,5.26,5.25,4.84,6.69
US-Pfa,-90.2723,45.9459,2003,9,28,7.77,-0.24,1.85,4.5,8.22,2.9
US-Pfa,-90.2723,45.9459,2003,9,29,9,-1.85,0.9,3.63,7.14,3.13
US-Pfa,-90.2723,45.9459,2003,9,30,6.34,-0.92,-2.02,4.18,13.37,1.86
US-Pfa,-90.2723,45.9459,2003,10,1,4.48,-1.82,-3.58,4.63,16.29,0.7
US-Pfa,-90.2723,45.9459,2003,10,2,6.27,-3.03,-4.77,4.1,16.51,0.39
US-Pfa,-90.2723,45.9459,2003,10,3,8.35,0.87,0.76,5.44,8.77,2.94
US-Pfa,-90.2723,45.9459,2003,10,4,8.7,-1.16,-2.57,3.44,12.45,0.07
US-Pfa,-90.2723,45.9459,2003,10,5,11.91,-0.51,-1.78,1.52,16.49,0.01
US-Pfa,-90.2723,45.9459,2003,10,6,17.84,0.1,2.8,3.47,14.46,0
US-Pfa,-90.2723,45.9459,2003,10,7,22.37,3.96,7.36,3.62,14.76,0
US-Pfa,-90.2723,45.9459,2003,10,8,23.28,9.16,10.3,4.45,14.39,0.02
US-Pfa,-90.2723,45.9459,2003,10,9,22.87,10.44,11.46,4.73,12.64,0
US-Pfa,-90.2723,45.9459,2003,10,10,21.28,10.87,11.41,5.24,13.89,0.11
US-Pfa,-90.2723,45.9459,2003,10,11,19.99,7,11.26,6.73,6.47,12.79
US-Pfa,-90.2723,45.9459,2003,10,12,14.89,5.92,4.41,5.26,14.89,0.42
US-Pfa,-90.2723,45.9459,2003,10,13,14.88,5.24,3.72,4,9.27,0
US-Pfa,-90.2723,45.9459,2003,10,14,12.12,2.13,2.37,4.17,11.56,0.13
US-Pfa,-90.2723,45.9459,2003,10,15,8.14,-0.33,-2.41,4.54,11.06,0.04
US-Pfa,-90.2723,45.9459,2003,10,16,9.58,-2.92,-3.7,3.95,12.83,0
US-Pfa,-90.2723,45.9459,2003,10,17,8.99,-1.31,-1.04,2.79,9.26,0.05
US-Pfa,-90.2723,45.9459,2003,10,18,16.59,1.69,4.34,3.74,13.31,0
US-Pfa,-90.2723,45.9459,2003,10,19,16.21,4.6,5.01,3.25,13.17,0.02
US-Pfa,-90.2723,45.9459,2003,10,20,21.19,6.91,7.54,5.58,11.66,0
US-Pfa,-90.2723,45.9459,2003,10,21,10.04,1.49,3.15,4.96,9.93,0.07
US-Pfa,-90.2723,45.9459,2003,10,22,8.24,0.83,2.56,1.74,6.17,2.13
US-Pfa,-90.2723,45.9459,2003,10,23,6.87,-0.1,2.21,3.79,7.17,0.95
US-Pfa,-90.2723,45.9459,2003,10,24,9.11,0,1.77,3.89,5.69,2.43
US-Pfa,-90.2723,45.9459,2003,10,25,8.98,-1.31,-0.33,3.69,7.94,1.03
US-Pfa,-90.2723,45.9459,2003,10,26,4.01,-1.59,-2.84,2.4,5.64,0.44
US-Pfa,-90.2723,45.9459,2003,10,27,3.01,-3.8,-3.3,2.63,9.17,4.27
US-Pfa,-90.2723,45.9459,2003,10,28,3.22,-0.56,0.6,3.24,3.76,6.52
US-Pfa,-90.2723,45.9459,2003,10,29,4.88,-1.04,0.41,3.13,4.26,1.12
US-Pfa,-90.2723,45.9459,2003,10,30,5.95,-0.31,2.43,3.13,2.57,7.37
US-Pfa,-90.2723,45.9459,2003,10,31,5.79,-2.37,1.44,3.86,2.62,0.81
US-Pfa,-90.2723,45.9459,2003,11,1,3.85,-4.97,-5.54,2.02,7.68,0.06
US-Pfa,-90.2723,45.9459,2003,11,2,6.42,-3.67,-1.69,2.16,5.49,0.08
US-Pfa,-90.2723,45.9459,2003,11,3,-0.09,-3.67,-4.17,4.2,2.05,7.15
US-Pfa,-90.2723,45.9459,2003,11,4,1.81,-3,-1.91,4.22,2.88,4.1
US-Pfa,-90.2723,45.9459,2003,11,5,0.08,-7.31,-5.15,4.42,3.18,0.13
US-Pfa,-90.2723,45.9459,2003,11,6,-1.24,-11.45,-10.45,5.98,11.12,0.07
US-Pfa,-90.2723,45.9459,2003,11,7,-6.37,-13.69,-13.94,5.48,10.16,0.17
US-Pfa,-90.2723,45.9459,2003,11,8,-3.99,-14.69,-14.44,2.38,10.81,0
US-Pfa,-90.2723,45.9459,2003,11,9,1.95,-12.29,-9.63,5.42,9.98,0
US-Pfa,-90.2723,45.9459,2003,11,10,1.5,-3.31,-3.14,5.23,2.41,0.74
US-Pfa,-90.2723,45.9459,2003,11,11,6.25,-1.45,0.94,3.93,9.03,0.25
US-Pfa,-90.2723,45.9459,2003,11,12,4.67,-3.62,-1.57,5.76,1.24,2.8
US-Pfa,-90.2723,45.9459,2003,11,13,-1.79,-6.51,-9.77,5.93,9.7,0.03
US-Pfa,-90.2723,45.9459,2003,11,14,6.01,-6.19,-4.07,3.63,8.85,0
US-Pfa,-90.2723,45.9459,2003,11,15,3.32,-0.87,0.67,1.92,2.26,2.88
US-Pfa,-90.2723,45.9459,2003,11,16,5.56,-0.74,1.15,2.21,2.05,1.57
US-Pfa,-90.2723,45.9459,2003,11,17,4.68,0.03,2.45,6.82,2.11,2.86
US-Pfa,-90.2723,45.9459,2003,11,18,6.79,-1.27,3.23,3.61,4.25,17.46
US-Pfa,-90.2723,45.9459,2003,11,19,6.28,-2.7,-1.63,4.17,8.67,0.22
US-Pfa,-90.2723,45.9459,2003,11,20,8.5,-3.2,-0.8,5.55,5.38,0.01
US-Pfa,-90.2723,45.9459,2003,11,21,2.13,-4.92,-6.84,2.65,4.89,0.31
US-Pfa,-90.2723,45.9459,2003,11,22,0.38,-2.76,-3.94,4.74,2.5,3.67
US-Pfa,-90.2723,45.9459,2003,11,23,0.13,-4.04,-2.6,4.59,1.77,8.5
US-Pfa,-90.2723,45.9459,2003,11,24,-5.2,-15.37,-12.37,6.28,4.05,0.83
US-Pfa,-90.2723,45.9459,2003,11,25,0.02,-15.64,-7.95,6.57,3.03,0.43
US-Pfa,-90.2723,45.9459,2003,11,26,0.24,-10.48,-7.48,3.38,7.48,0.24
US-Pfa,-90.2723,45.9459,2003,11,27,0.94,-6.03,-3.5,3.22,1.93,2.08
US-Pfa,-90.2723,45.9459,2003,11,28,-3.37,-7.84,-6.49,4.87,2.17,0.93
US-Pfa,-90.2723,45.9459,2003,11,29,-3.91,-8.78,-8.3,4.85,2.65,0.15
US-Pfa,-90.2723,45.9459,2003,11,30,2.29,-8.54,-4.89,6.4,5.88,0.4
US-Pfa,-90.2723,45.9459,2003,12,1,-4.68,-11.26,-9.51,7.23,7.02,0.07
US-Pfa,-90.2723,45.9459,2003,12,2,-1.66,-12.35,-10.97,2.21,7.07,0
US-Pfa,-90.2723,45.9459,2003,12,3,0.42,-11.17,-9.34,3.43,7.12,0
US-Pfa,-90.2723,45.9459,2003,12,4,1.62,-8.43,-5.31,2.72,4.97,0.02
US-Pfa,-90.2723,45.9459,2003,12,5,2.14,-5.68,-3.47,2.98,4.58,0.04
US-Pfa,-90.2723,45.9459,2003,12,6,-2.63,-10.85,-9,2.23,4.66,0
US-Pfa,-90.2723,45.9459,2003,12,7,0.31,-6.8,-5.06,5.4,3.76,0.08
US-Pfa,-90.2723,45.9459,2003,12,8,1.93,-3.34,-1.41,3.28,2.01,5.55
US-Pfa,-90.2723,45.9459,2003,12,9,-0.22,-4.38,-2.71,3.68,2.22,8.14
US-Pfa,-90.2723,45.9459,2003,12,10,-4.6,-10.03,-7.45,7.39,2.14,7.17
US-Pfa,-90.2723,45.9459,2003,12,11,-10.4,-17.92,-13.88,4.54,7.22,0.59
US-Pfa,-90.2723,45.9459,2003,12,12,-12.45,-23.12,-19.42,2.89,6.54,0.1
US-Pfa,-90.2723,45.9459,2003,12,13,-7.46,-20.24,-13.51,5.56,5.5,0.03
US-Pfa,-90.2723,45.9459,2003,12,14,-4.27,-9.08,-8.14,4.25,2.73,0.3
US-Pfa,-90.2723,45.9459,2003,12,15,-3.38,-8.54,-6.51,3.6,1.44,0.91
US-Pfa,-90.2723,45.9459,2003,12,16,-3.61,-7.83,-6.48,5.4,1.92,6.06
US-Pfa,-90.2723,45.9459,2003,12,17,-6.73,-12.53,-10.5,3.29,3.26,0.29
US-Pfa,-90.2723,45.9459,2003,12,18,-6.05,-12.53,-9.78,4.09,2.42,1.18
US-Pfa,-90.2723,45.9459,2003,12,19,-8.2,-19.02,-12.91,5.49,7.25,0.35
US-Pfa,-90.2723,45.9459,2003,12,20,-5.48,-19.37,-12.69,5.18,4.34,0.01
US-Pfa,-90.2723,45.9459,2003,12,21,-0.63,-9.41,-5.99,4.48,6,0.03
US-Pfa,-90.2723,45.9459,2003,12,22,0.04,-7.31,-3.98,3.47,6.3,0.86
US-Pfa,-90.2723,45.9459,2003,12,23,-3.2,-15.77,-9.29,4.72,5.92,1.98
US-Pfa,-90.2723,45.9459,2003,12,24,-5.75,-14.88,-11.4,2.97,7.08,0.05
US-Pfa,-90.2723,45.9459,2003,12,25,-6.16,-15.96,-12.86,2.21,7.11,0.07
US-Pfa,-90.2723,45.9459,2003,12,26,-0.31,-12.43,-7.08,5.01,5.03,0
US-Pfa,-90.2723,45.9459,2003,12,27,0.67,-1.92,-0.77,8.04,2.53,2.14
US-Pfa,-90.2723,45.9459,2003,12,28,1.39,-3.39,-1.27,7.51,6.33,1.59
US-Pfa,-90.2723,45.9459,2003,12,29,-2.1,-7.32,-5.81,3.13,2.38,1.16
US-Pfa,-90.2723,45.9459,2003,12,30,-3.69,-8.05,-7.22,4,3.16,0.65
US-Pfa,-90.2723,45.9459,2003,12,31,-3.15,-14.62,-12,6.43,7.06,0.05
US-Pfa,-90.2723,45.9459,2004,1,1,-2.24,-15.82,-9.13,4.21,2.67,0.61
US-Pfa,-90.2723,45.9459,2004,1,2,-0.57,-7.69,-4.73,3.88,2.94,2.86
US-Pfa,-90.2723,45.9459,2004,1,3,-3.01,-18.25,-14.28,6.86,7.66,0.11
US-Pfa,-90.2723,45.9459,2004,1,4,-9.65,-16.06,-13.51,2.99,5.07,0.45
US-Pfa,-90.2723,45.9459,2004,1,5,-12.42,-29.67,-22.22,5.35,6.56,0.32
US-Pfa,-90.2723,45.9459,2004,1,6,-16.59,-29.95,-22.09,6.61,5.79,0.18
US-Pfa,-90.2723,45.9459,2004,1,7,-11.46,-19.81,-17.76,3.27,7.38,0.05
US-Pfa,-90.2723,45.9459,2004,1,8,-9.01,-19.18,-14.95,2.71,6.11,0.11
US-Pfa,-90.2723,45.9459,2004,1,9,-8.64,-15.85,-14.35,1.26,6.13,0.18
US-Pfa,-90.2723,45.9459,2004,1,10,-5.97,-14.03,-10.53,3.8,3.92,1.67
US-Pfa,-90.2723,45.9459,2004,1,11,-3.07,-7.82,-6.96,2.69,1.82,1.42
US-Pfa,-90.2723,45.9459,2004,1,12,-5.91,-8.9,-8.39,5.08,2.68,0.92
US-Pfa,-90.2723,45.9459,2004,1,13,-9.4,-14.8,-13.75,3.63,7.83,0.98
US-Pfa,-90.2723,45.9459,2004,1,14,-9.91,-17.44,-13.49,5.17,6.35,5.7
US-Pfa,-90.2723,45.9459,2004,1,15,-11.85,-17.21,-15.33,2.7,3.85,1.27
US-Pfa,-90.2723,45.9459,2004,1,16,-8.9,-15.3,-12.61,5.95,3.46,1.27
US-Pfa,-90.2723,45.9459,2004,1,17,-3.59,-15.91,-9.83,5.73,3.55,1.05
US-Pfa,-90.2723,45.9459,2004,1,18,-14.96,-18.3,-17.42,6.61,8.41,0.6
US-Pfa,-90.2723,45.9459,2004,1,19,-13.93,-19.33,-16.68,4.35,7.37,0.48
US-Pfa,-90.2723,45.9459,2004,1,20,-14.38,-19.38,-18.1,2.14,5.56,0.24
US-Pfa,-90.2723,45.9459,2004,1,21,-6.66,-22.43,-14.68,8.62,5.11,2.43
US-Pfa,-90.2723,45.9459,2004,1,22,-21.37,-25.59,-23.55,6.54,8.97,0.34
US-Pfa,-90.2723,45.9459,2004,1,23,-16.55,-23.38,-20.59,2.69,4.26,1.16
US-Pfa,-90.2723,45.9459,2004,1,24,-13.03,-20.7,-17.54,2.35,9.2,0.12
US-Pfa,-90.2723,45.9459,2004,1,25,-12.26,-21.69,-16.4,3.66,6.75,0.11
US-Pfa,-90.2723,45.9459,2004,1,26,-10.38,-13.91,-13.14,4.87,6.5,1.33
US-Pfa,-90.2723,45.9459,2004,1,27,-8.12,-15.68,-12.88,4.84,9.07,0.94
US-Pfa,-90.2723,45.9459,2004,1,28,-12.81,-24.68,-20.46,6.46,9.85,0.64
US-Pfa,-90.2723,45.9459,2004,1,29,-19.84,-26.31,-23.12,5,9.79,0.17
US-Pfa,-90.2723,45.9459,2004,1,30,-19.96,-23.82,-21.67,5.57,10.19,0.17
US-Pfa,-90.2723,45.9459,2004,1,31,-13.6,-21.41,-18.15,1.85,8.24,0.07
US-Pfa,-90.2723,45.9459,2004,2,1,-5.99,-16.23,-11.4,4.42,6.76,3
US-Pfa,-90.2723,45.9459,2004,2,2,-1.9,-6.47,-5.2,3.32,4.42,9.24
US-Pfa,-90.2723,45.9459,2004,2,3,-5.72,-22.82,-14.54,6.3,10,1.97
US-Pfa,-90.2723,45.9459,2004,2,4,-11.62,-27.48,-21.14,2.46,9.69,0.01
US-Pfa,-90.2723,45.9459,2004,2,5,-5.48,-17.91,-12.18,3.23,6.82,0.5
US-Pfa,-90.2723,45.9459,2004,2,6,-2.96,-8.55,-6.59,3.86,8.46,1.94
US-Pfa,-90.2723,45.9459,2004,2,7,-6.72,-20.38,-12.61,4.43,11.39,0.18
US-Pfa,-90.2723,45.9459,2004,2,8,-8.34,-16.49,-12.35,7.96,6.5,1.42
US-Pfa,-90.2723,45.9459,2004,2,9,-4.62,-11.94,-8.91,5.43,6.98,1.47
US-Pfa,-90.2723,45.9459,2004,2,10,-9.78,-15.36,-13.26,3.57,8.72,0.27
US-Pfa,-90.2723,45.9459,2004,2,11,-7.59,-16.3,-12.36,2.95,6.17,1.98
US-Pfa,-90.2723,45.9459,2004,2,12,-6.44,-14.17,-11.17,5.63,11.49,0.05
US-Pfa,-90.2723,45.9459,2004,2,13,-6.41,-16.73,-12.16,6.81,12.83,0.07
US-Pfa,-90.2723,45.9459,2004,2,14,-10.93,-22.06,-15.87,4.85,13.13,0.02
US-Pfa,-90.2723,45.9459,2004,2,15,-13.79,-23.29,-19.67,2.25,13.19,0.02
US-Pfa,-90.2723,45.9459,2004,2,16,-7.29,-21.01,-14.23,4.91,11.06,0.06
US-Pfa,-90.2723,45.9459,2004,2,17,-4.58,-13.18,-10.51,3.42,13.25,0.03
US-Pfa,-90.2723,45.9459,2004,2,18,0.3,-9.38,-5.1,5.77,11.71,0.02
US-Pfa,-90.2723,45.9459,2004,2,19,-0.18,-7.15,-3.7,3.17,7.85,4.79
US-Pfa,-90.2723,45.9459,2004,2,20,-1.33,-4.35,-3.79,6.27,8.01,7.05
US-Pfa,-90.2723,45.9459,2004,2,21,-1.94,-9.92,-5.85,4.8,10.82,0.27
US-Pfa,-90.2723,45.9459,2004,2,22,-1.13,-11.56,-6.52,3.55,4.95,6.82
US-Pfa,-90.2723,45.9459,2004,2,23,-0.38,-5.6,-3.86,3.16,8.75,2.2
US-Pfa,-90.2723,45.9459,2004,2,24,-0.27,-8,-4.99,1.39,9.76,0.14
US-Pfa,-90.2723,45.9459,2004,2,25,-1.14,-11.25,-7.1,2.66,12.14,0.05
US-Pfa,-90.2723,45.9459,2004,2,26,-0.42,-11.32,-6.77,4.33,14.33,0.05
US-Pfa,-90.2723,45.9459,2004,2,27,-0.06,-9.17,-4.74,5.18,13.56,0.03
US-Pfa,-90.2723,45.9459,2004,2,28,0.6,-6.24,-2.57,4.96,12.97,0
US-Pfa,-90.2723,45.9459,2004,2,29,0.86,-3.6,-0.68,3.29,11.31,0.04
US-Pfa,-90.2723,45.9459,2004,3,1,0.41,-0.48,-0.13,3.43,9.03,4.92
US-Pfa,-90.2723,45.9459,2004,3,2,0.39,-4.42,-1.46,3.29,2.98,1.02
US-Pfa,-90.2723,45.9459,2004,3,3,0.37,-6.72,-3.84,3.23,7.22,1.58
US-Pfa,-90.2723,45.9459,2004,3,4,0.2,-6.58,-3.69,3.38,11.82,0.91
US-Pfa,-90.2723,45.9459,2004,3,5,-0.38,-8.81,-4.43,6.43,6,12.64
US-Pfa,-90.2723,45.9459,2004,3,6,0.21,-8.72,-5.53,2.8,6.08,3.26
US-Pfa,-90.2723,45.9459,2004,3,7,-0.59,-8.4,-3.68,5.99,5.66,5.95
US-Pfa,-90.2723,45.9459,2004,3,8,-2.57,-10.68,-7.9,2.51,11,0.17
US-Pfa,-90.2723,45.9459,2004,3,9,0.16,-11.03,-6.46,2.8,17.61,0.14
US-Pfa,-90.2723,45.9459,2004,3,10,3.34,-4.17,-1.88,7.56,14.13,2.73
US-Pfa,-90.2723,45.9459,2004,3,11,-4.9,-14.18,-10.57,6.82,16.47,4.05
US-Pfa,-90.2723,45.9459,2004,3,12,-4.81,-15,-13.55,3.67,18.54,0.14
US-Pfa,-90.2723,45.9459,2004,3,13,0.39,-12.86,-6.61,7.78,7.2,9.71
US-Pfa,-90.2723,45.9459,2004,3,14,0.32,-7,-5.01,8.45,11.51,2.26
US-Pfa,-90.2723,45.9459,2004,3,15,-2.52,-12.69,-8.48,3.71,16.32,0.04
US-Pfa,-90.2723,45.9459,2004,3,16,-0.26,-14.82,-9.01,4.51,19.22,0.09
US-Pfa,-90.2723,45.9459,2004,3,17,0.37,-6.37,-4.76,4.38,12.46,0.94
US-Pfa,-90.2723,45.9459,2004,3,18,0.98,-7.63,-3.88,2.36,15.26,0.32
US-Pfa,-90.2723,45.9459,2004,3,19,3.81,-10.93,-3.28,6.31,7.57,0.31
US-Pfa,-90.2723,45.9459,2004,3,20,1.86,-6.19,-5.47,8.94,13.27,0.35
US-Pfa,-90.2723,45.9459,2004,3,21,-5.02,-13.53,-13.52,4.86,20.97,0.1
US-Pfa,-90.2723,45.9459,2004,3,22,0.61,-15.27,-10.75,5.5,19.39,0.03
US-Pfa,-90.2723,45.9459,2004,3,23,4.44,-5.63,-5.52,2.8,19.29,0.09
US-Pfa,-90.2723,45.9459,2004,3,24,8.89,-2.5,2.41,3.85,11.18,0.12
US-Pfa,-90.2723,45.9459,2004,3,25,14.63,2.24,8.01,4.37,5.19,9.83
US-Pfa,-90.2723,45.9459,2004,3,26,15.36,1.33,4.12,3.49,15.59,0.14
US-Pfa,-90.2723,45.9459,2004,3,27,9.48,-0.2,3.14,6.98,5.74,0.92
US-Pfa,-90.2723,45.9459,2004,3,28,12.17,1.31,6.12,7.76,3.33,8.42
US-Pfa,-90.2723,45.9459,2004,3,29,6.49,-3.23,-1.47,6.08,10.9,0.12
US-Pfa,-90.2723,45.9459,2004,3,30,3.13,-4.95,-3.99,4.04,9.12,0.27
US-Pfa,-90.2723,45.9459,2004,3,31,6.63,-5.06,-4.98,3.87,22.59,0
US-Pfa,-90.2723,45.9459,2004,4,1,9.15,-5.09,-5.15,3.38,23.19,0
US-Pfa,-90.2723,45.9459,2004,4,2,12.14,-4.14,-4.57,4.07,23.25,0
US-Pfa,-90.2723,45.9459,2004,4,3,4.73,-2.65,-1.96,7.25,19.52,0.26
US-Pfa,-90.2723,45.9459,2004,4,4,4.6,-3.91,-6.42,3.92,22.09,0.02
US-Pfa,-90.2723,45.9459,2004,4,5,11.49,-4.26,-2.34,5.48,16.99,0.86
US-Pfa,-90.2723,45.9459,2004,4,6,13.08,2.25,2.28,4.25,23.22,0.01
US-Pfa,-90.2723,45.9459,2004,4,7,12.85,0.67,1.37,3.89,16.28,3.85
US-Pfa,-90.2723,45.9459,2004,4,8,8.09,0.02,1.57,3.88,6.69,2.53
US-Pfa,-90.2723,45.9459,2004,4,9,5.48,-3.6,-3.02,3.7,19.31,0.22
US-Pfa,-90.2723,45.9459,2004,4,10,2.36,-4.95,-4.78,3.39,12.15,0.95
US-Pfa,-90.2723,45.9459,2004,4,11,2.35,-5.14,-6.55,2.47,13.88,0.19
US-Pfa,-90.2723,45.9459,2004,4,12,4.7,-5.23,-5.55,1.86,14.69,0.04
US-Pfa,-90.2723,45.9459,2004,4,13,11.45,-3.45,-2.41,2.82,24.32,0
US-Pfa,-90.2723,45.9459,2004,4,14,10.83,-1.78,-2.2,3.11,15.53,0
US-Pfa,-90.2723,45.9459,2004,4,15,17.24,-0.79,2.5,7.57,17.39,0.35
US-Pfa,-90.2723,45.9459,2004,4,16,17.75,5.91,7.37,3.41,16.75,2.17
US-Pfa,-90.2723,45.9459,2004,4,17,15.31,2.43,4.8,3.17,19.45,2.2
US-Pfa,-90.2723,45.9459,2004,4,18,20.95,4.99,10.61,9.55,8.16,26.69
US-Pfa,-90.2723,45.9459,2004,4,19,13.84,0.05,2.1,5.48,16.35,17.91
US-Pfa,-90.2723,45.9459,2004,4,20,8.05,-0.51,0.78,5.18,12.4,3.15
US-Pfa,-90.2723,45.9459,2004,4,21,8.93,0.66,2.82,4.24,8.54,3.35
US-Pfa,-90.2723,45.9459,2004,4,22,11.09,1.14,-0.47,3.38,18.94,0.56
US-Pfa,-90.2723,45.9459,2004,4,23,13.05,-2.08,-0.27,5.09,21.51,0
US-Pfa,-90.2723,45.9459,2004,4,24,10.67,-4,-3.9,4.11,18.98,1.64
US-Pfa,-90.2723,45.9459,2004,4,25,7.65,0.23,1.24,3.65,8.59,9.69
US-Pfa,-90.2723,45.9459,2004,4,26,5.52,-3.37,-1.78,5.69,12.9,2.4
US-Pfa,-90.2723,45.9459,2004,4,27,8.05,-5.06,-2.63,3.99,16.46,0.74
US-Pfa,-90.2723,45.9459,2004,4,28,23.03,1.8,9.26,7.12,24.41,1.48
US-Pfa,-90.2723,45.9459,2004,4,29,13.8,1.41,4.88,4.36,15.59,4.52
US-Pfa,-90.2723,45.9459,2004,4,30,9.61,0.64,1.51,2.43,14.64,0.91
US-Pfa,-90.2723,45.9459,2004,5,1,9.25,-2.25,-2.64,4.01,26.71,0
US-Pfa,-90.2723,45.9459,2004,5,2,7.17,-3.71,-5.68,3.8,19.77,0.01
US-Pfa,-90.2723,45.9459,2004,5,3,10.99,-3.07,-3.01,3.21,25.79,0.33
US-Pfa,-90.2723,45.9459,2004,5,4,12.94,-0.72,1.58,5.2,26.84,0.13
US-Pfa,-90.2723,45.9459,2004,5,5,13.37,-3.08,1.81,5.13,16.87,0.06
US-Pfa,-90.2723,45.9459,2004,5,6,15.62,1.44,4.47,4.34,21.24,0.02
US-Pfa,-90.2723,45.9459,2004,5,7,12.34,-0.77,-3.73,4.09,15.74,0.22
US-Pfa,-90.2723,45.9459,2004,5,8,16.5,1.85,5.51,2.74,17.32,0.73
US-Pfa,-90.2723,45.9459,2004,5,9,17.02,5.24,10.59,5.1,18.5,9.3
US-Pfa,-90.2723,45.9459,2004,5,10,18.2,4.1,8.33,4.43,22.67,5.63
US-Pfa,-90.2723,45.9459,2004,5,11,19.41,2.73,6.43,6.32,19.99,0.09
US-Pfa,-90.2723,45.9459,2004,5,12,21.89,9.89,15.98,6.01,9.63,9.88
US-Pfa,-90.2723,45.9459,2004,5,13,13.33,3.84,5.76,3.99,6.39,13.15
US-Pfa,-90.2723,45.9459,2004,5,14,6.67,0.19,1.48,3.9,11.63,5.67
US-Pfa,-90.2723,45.9459,2004,5,15,14.29,-1.72,1.47,2.15,23.44,0.03
US-Pfa,-90.2723,45.9459,2004,5,16,19.32,4.8,8.21,4.94,19.73,0.76
US-Pfa,-90.2723,45.9459,2004,5,17,18.67,4.45,9.7,5.72,9.35,5.89
US-Pfa,-90.2723,45.9459,2004,5,18,19.55,3.58,4.66,1.75,29.95,0.02
US-Pfa,-90.2723,45.9459,2004,5,19,18.67,5.81,6.6,5.35,21.51,3.33
US-Pfa,-90.2723,45.9459,2004,5,20,18.69,6.73,10.33,4.4,20.3,1.39
US-Pfa,-90.2723,45.9459,2004,5,21,12.52,5.23,4.81,4.02,7.36,3.87
US-Pfa,-90.2723,45.9459,2004,5,22,15.64,4.62,8.46,2.67,8.27,5.37
US-Pfa,-90.2723,45.9459,2004,5,23,11.44,3.31,5.88,6.68,4.98,15.68
US-Pfa,-90.2723,45.9459,2004,5,24,14.06,2.61,5.37,4.48,18.17,1.65
US-Pfa,-90.2723,45.9459,2004,5,25,15.62,5.49,6.62,4.93,14.43,2.14
US-Pfa,-90.2723,45.9459,2004,5,26,16.02,2.21,5.38,4.43,27.26,0.4
US-Pfa,-90.2723,45.9459,2004,5,27,12.35,2.59,6.38,5.08,12.99,8.95
US-Pfa,-90.2723,45.9459,2004,5,28,16.91,1.57,4.33,1.9,29.46,0.04
US-Pfa,-90.2723,45.9459,2004,5,29,14.12,6.48,6.04,5.23,6.38,1.52
US-Pfa,-90.2723,45.9459,2004,5,30,14.62,7.51,9.4,8.92,4.61,19.86
US-Pfa,-90.2723,45.9459,2004,5,31,17.46,7.98,10.64,2.6,18.2,14.44
US-Pfa,-90.2723,45.9459,2004,6,1,15,6.44,9.74,2.91,12.03,4.72
US-Pfa,-90.2723,45.9459,2004,6,2,17.28,5.07,5.71,4.14,29.33,0.35
US-Pfa,-90.2723,45.9459,2004,6,3,19.51,2.67,4.9,2.41,31.43,0
US-Pfa,-90.2723,45.9459,2004,6,4,21.26,6.54,9.42,2.7,26.05,0.02
US-Pfa,-90.2723,45.9459,2004,6,5,17.16,9.22,13.53,4.51,8.64,16.85
US-Pfa,-90.2723,45.9459,2004,6,6,22.83,11.77,13.06,2.04,27.62,0.86
US-Pfa,-90.2723,45.9459,2004,6,7,26.79,15.5,19.43,7.14,27.17,1.48
US-Pfa,-90.2723,45.9459,2004,6,8,24.54,13.93,17.09,4.38,19.82,5.44
US-Pfa,-90.2723,45.9459,2004,6,9,15.21,6.16,10.05,4.5,7.79,13.77
US-Pfa,-90.2723,45.9459,2004,6,10,20.28,5.56,8.32,4.57,10.84,0.29
US-Pfa,-90.2723,45.9459,2004,6,11,18.28,9.24,9.93,6.84,7.01,4.83
US-Pfa,-90.2723,45.9459,2004,6,12,24.04,10.73,15.34,5.12,26.57,4.8
US-Pfa,-90.2723,45.9459,2004,6,13,21.42,13.02,15.42,3.29,22.77,3.44
US-Pfa,-90.2723,45.9459,2004,6,14,19.63,9.96,12.43,3.61,20.83,2.88
US-Pfa,-90.2723,45.9459,2004,6,15,22.87,7.95,11.26,2.16,28.6,0.21
US-Pfa,-90.2723,45.9459,2004,6,16,22.51,12.92,14.17,3.38,15.4,1.84
US-Pfa,-90.2723,45.9459,2004,6,17,21.26,10.68,12.27,2.83,20.28,0.49
US-Pfa,-90.2723,45.9459,2004,6,18,18.26,7.46,8.1,4.99,25.39,0.01
US-Pfa,-90.2723,45.9459,2004,6,19,17.99,3.73,5.68,3.95,25.26,0
US-Pfa,-90.2723,45.9459,2004,6,20,19.9,8.04,9.26,5.83,27.53,0
US-Pfa,-90.2723,45.9459,2004,6,21,19.63,9.81,10.93,4.9,24.49,1
US-Pfa,-90.2723,45.9459,2004,6,22,18.06,6.72,8.38,4.15,24.02,2.37
US-Pfa,-90.2723,45.9459,2004,6,23,17.15,7.31,6.82,3.1,23.5,7.34
US-Pfa,-90.2723,45.9459,2004,6,24,13.92,4.22,4.82,5.37,21.96,1.22
US-Pfa,-90.2723,45.9459,2004,6,25,15.28,7.18,6.38,4.64,20.79,1.06
US-Pfa,-90.2723,45.9459,2004,6,26,17.05,5.41,7.3,3.62,19.21,0.07
US-Pfa,-90.2723,45.9459,2004,6,27,18.11,6.61,8.52,3.04,15.48,0.21
US-Pfa,-90.2723,45.9459,2004,6,28,20.99,7.99,10.67,4.2,25.48,0.1
US-Pfa,-90.2723,45.9459,2004,6,29,23.94,11.39,13.65,3.34,28.03,0.08
US-Pfa,-90.2723,45.9459,2004,6,30,25.49,14.42,15.24,4.7,28.85,2.07
US-Pfa,-90.2723,45.9459,2004,7,1,22.61,10.89,11.33,2.71,28.72,0.78
US-Pfa,-90.2723,45.9459,2004,7,2,21.42,11.47,13.51,3.39,26.14,0.54
US-Pfa,-90.2723,45.9459,2004,7,3,24.16,12.48,15.08,2.94,13.49,7.91
US-Pfa,-90.2723,45.9459,2004,7,4,20.63,8.82,13.65,4.69,14.3,12.67
US-Pfa,-90.2723,45.9459,2004,7,5,21.12,7.88,10.87,3.62,20.96,0.45
US-Pfa,-90.2723,45.9459,2004,7,6,15.49,8.87,10.42,4.14,8.28,6.26
US-Pfa,-90.2723,45.9459,2004,7,7,15.92,8.04,9.53,4.12,12.41,2.09
US-Pfa,-90.2723,45.9459,2004,7,8,19.57,9.25,11.11,3.77,22.69,0.25
US-Pfa,-90.2723,45.9459,2004,7,9,22.61,10.6,14.54,3.41,17.89,0.18
US-Pfa,-90.2723,45.9459,2004,7,10,25.5,13.74,15.39,2.37,24.57,0.06
US-Pfa,-90.2723,45.9459,2004,7,11,24.08,17.48,17.77,2.23,11.88,2.62
US-Pfa,-90.2723,45.9459,2004,7,12,26.99,13.86,17.08,2.35,25.98,0.58
US-Pfa,-90.2723,45.9459,2004,7,13,23.44,15.38,16.68,4.01,24.96,9.52
US-Pfa,-90.2723,45.9459,2004,7,14,22.81,14.19,13.72,4.42,27.41,0.13
US-Pfa,-90.2723,45.9459,2004,7,15,25.56,11.96,13.85,2.91,24.46,0.12
US-Pfa,-90.2723,45.9459,2004,7,16,22.28,13.2,15.08,3.88,23.88,1.11
US-Pfa,-90.2723,45.9459,2004,7,17,23.86,11.19,12.94,2.95,19.69,0.01
US-Pfa,-90.2723,45.9459,2004,7,18,24.34,10.87,14.24,2.65,17.98,0.04
US-Pfa,-90.2723,45.9459,2004,7,19,26.83,15.4,18.39,2.9,21.29,4.04
US-Pfa,-90.2723,45.9459,2004,7,20,28.56,16.83,19.44,1.83,20.63,1.58
US-Pfa,-90.2723,45.9459,2004,7,21,27.35,19.2,20.28,4.5,19.53,1.55
US-Pfa,-90.2723,45.9459,2004,7,22,21.23,11.12,12.2,4.07,23.51,0.05
US-Pfa,-90.2723,45.9459,2004,7,23,19.41,8.83,7.41,3.1,28.02,0.01
US-Pfa,-90.2723,45.9459,2004,7,24,20.96,9.23,8.02,2.06,25.69,0
US-Pfa,-90.2723,45.9459,2004,7,25,23.89,9.31,10.46,2.66,26.52,0
US-Pfa,-90.2723,45.9459,2004,7,26,26.07,12,12.3,1.84,23.33,0.03
US-Pfa,-90.2723,45.9459,2004,7,27,25.53,14.04,13.63,2.67,26.76,0
US-Pfa,-90.2723,45.9459,2004,7,28,24.6,13.87,13.09,5,19.02,4.3
US-Pfa,-90.2723,45.9459,2004,7,29,22.87,12.63,13.97,3.96,24.86,8.88
US-Pfa,-90.2723,45.9459,2004,7,30,23.44,10.58,12.31,2.11,18.69,6.96
US-Pfa,-90.2723,45.9459,2004,7,31,22.13,12.2,13.25,3.74,19.63,5.32
US-Pfa,-90.2723,45.9459,2004,8,1,27.4,15.89,18.44,3.23,20.47,1.96
US-Pfa,-90.2723,45.9459,2004,8,2,25.99,15.9,17.47,2.47,17.22,4.81
US-Pfa,-90.2723,45.9459,2004,8,3,25.02,13.96,14.42,2.11,14.42,1
US-Pfa,-90.2723,45.9459,2004,8,4,21.7,10.35,10.32,4.04,23.81,0
US-Pfa,-90.2723,45.9459,2004,8,5,21.29,8.84,7.47,2.69,28.1,0
US-Pfa,-90.2723,45.9459,2004,8,6,23.58,8.68,8.28,2.32,27.23,0
US-Pfa,-90.2723,45.9459,2004,8,7,20.49,12.58,12.19,2.82,8.07,4.12
US-Pfa,-90.2723,45.9459,2004,8,8,24.22,13.89,16.27,4.58,14.73,5.89
US-Pfa,-90.2723,45.9459,2004,8,9,20.88,14.35,15.87,4.42,13.48,10.3
US-Pfa,-90.2723,45.9459,2004,8,10,13.99,8.1,9.81,5.07,8.1,5.43
US-Pfa,-90.2723,45.9459,2004,8,11,9.85,6.21,7.08,5.35,9.69,11.55
US-Pfa,-90.2723,45.9459,2004,8,12,18.23,6.49,7.05,3.48,21.62,0.08
US-Pfa,-90.2723,45.9459,2004,8,13,19.18,4.74,6.71,2.52,22.35,0.12
US-Pfa,-90.2723,45.9459,2004,8,14,21.08,7.92,7.72,2.24,24,0
US-Pfa,-90.2723,45.9459,2004,8,15,21.89,9.03,9.3,3.96,21.04,0.08
US-Pfa,-90.2723,45.9459,2004,8,16,14.9,11.31,11.77,3.67,5.04,5.96
US-Pfa,-90.2723,45.9459,2004,8,17,22.44,12.04,13.54,3.31,15.86,0.34
US-Pfa,-90.2723,45.9459,2004,8,18,22.2,7.3,10.27,6.32,16.47,3.1
US-Pfa,-90.2723,45.9459,2004,8,19,17.73,4,3.97,5.29,25.89,0
US-Pfa,-90.2723,45.9459,2004,8,20,16.04,6.25,2.53,3.58,25.92,0
US-Pfa,-90.2723,45.9459,2004,8,21,18.83,3.66,4.02,3.49,25.83,0.1
US-Pfa,-90.2723,45.9459,2004,8,22,24.51,10.72,11.82,5.99,18.99,1.11
US-Pfa,-90.2723,45.9459,2004,8,23,21.22,9.25,9.17,4.08,17.89,0.02
US-Pfa,-90.2723,45.9459,2004,8,24,22.4,11.34,15.04,4.5,8.35,3.01
US-Pfa,-90.2723,45.9459,2004,8,25,22.26,15.82,17.57,2.61,12.25,3.48
US-Pfa,-90.2723,45.9459,2004,8,26,24.26,15.24,17.38,4.22,10.78,4.51
US-Pfa,-90.2723,45.9459,2004,8,27,22.54,11.99,13.25,3.74,20.72,0.05
US-Pfa,-90.2723,45.9459,2004,8,28,17.26,7.56,8.93,3.2,7.13,0.43
US-Pfa,-90.2723,45.9459,2004,8,29,18.89,6.46,7.7,1.54,20.06,0.25
US-Pfa,-90.2723,45.9459,2004,8,30,21.32,10.64,11.4,4.28,18.89,1.81
US-Pfa,-90.2723,45.9459,2004,8,31,19.6,9.09,11.95,1.34,13.35,1.89
US-Pfa,-90.2723,45.9459,2004,9,1,25.23,12.33,15.06,1.56,19.33,0.15
US-Pfa,-90.2723,45.9459,2004,9,2,28.61,15.45,17.42,4.6,21.45,0.1
US-Pfa,-90.2723,45.9459,2004,9,3,27.04,16.17,16.68,3.83,21.11,0.1
US-Pfa,-90.2723,45.9459,2004,9,4,26.81,13.55,15.24,3.63,20.41,0
US-Pfa,-90.2723,45.9459,2004,9,5,23.05,15.54,18.03,5.53,8.68,12.83
US-Pfa,-90.2723,45.9459,2004,9,6,19.79,10.94,13.64,7.05,15.62,20.1
US-Pfa,-90.2723,45.9459,2004,9,7,18.44,8.08,9.05,3.64,10.92,0.01
US-Pfa,-90.2723,45.9459,2004,9,8,19.79,8.46,9.33,1.94,14.78,0.01
US-Pfa,-90.2723,45.9459,2004,9,9,21.69,9.92,10.71,2.85,20.74,0.02
US-Pfa,-90.2723,45.9459,2004,9,10,24.53,11.25,12.17,5.93,16.25,0.01
US-Pfa,-90.2723,45.9459,2004,9,11,22.79,13.74,12.82,3.41,13.84,0.05
US-Pfa,-90.2723,45.9459,2004,9,12,26.21,12.15,13.74,3.2,19.52,0
US-Pfa,-90.2723,45.9459,2004,9,13,25.23,13.77,14.14,6.91,18,0.01
US-Pfa,-90.2723,45.9459,2004,9,14,22.07,15.71,15.77,4.29,5.48,16.27
US-Pfa,-90.2723,45.9459,2004,9,15,23.17,7.92,16.34,7.95,8.75,25.72
US-Pfa,-90.2723,45.9459,2004,9,16,17.43,7.19,7.1,5.2,20.06,0.46
US-Pfa,-90.2723,45.9459,2004,9,17,18.94,5.77,7.94,3.02,13.24,0.05
US-Pfa,-90.2723,45.9459,2004,9,18,22.75,7.89,11.41,3.26,18.97,0
US-Pfa,-90.2723,45.9459,2004,9,19,24.3,11.15,11.85,6.65,17.34,0.02
US-Pfa,-90.2723,45.9459,2004,9,20,21.84,13.82,10.45,6.18,17.37,0.11
US-Pfa,-90.2723,45.9459,2004,9,21,23.97,10.02,12.35,3.64,13.23,0.21
US-Pfa,-90.2723,45.9459,2004,9,22,26.07,13.7,14.61,3,17.52,0.14
US-Pfa,-90.2723,45.9459,2004,9,23,24.17,11.41,11.74,4.67,16.27,2.75
US-Pfa,-90.2723,45.9459,2004,9,24,16.01,10.79,10.66,5.5,4.11,0.85
US-Pfa,-90.2723,45.9459,2004,9,25,20.52,8.56,8.61,2.94,18.67,0.11
US-Pfa,-90.2723,45.9459,2004,9,26,21.64,7.38,7.97,3.65,18.44,0
US-Pfa,-90.2723,45.9459,2004,9,27,17.72,6.71,9.27,3.95,12.8,1.27
US-Pfa,-90.2723,45.9459,2004,9,28,16.13,3.81,2.97,2.89,18.65,0
US-Pfa,-90.2723,45.9459,2004,9,29,18.33,1.82,2.03,2.82,18.34,0.01
US-Pfa,-90.2723,45.9459,2004,9,30,18.53,4.33,5.55,5.27,12.18,2.16
US-Pfa,-90.2723,45.9459,2004,10,1,15.75,-0.55,6.5,5.62,2.71,16.79
US-Pfa,-90.2723,45.9459,2004,10,2,11.14,-2.76,-3.09,4.95,17.84,0
US-Pfa,-90.2723,45.9459,2004,10,3,16.44,2.48,1,5.97,15.54,0.46
US-Pfa,-90.2723,45.9459,2004,10,4,7.14,-1.19,-4.86,4.43,17.57,0.04
US-Pfa,-90.2723,45.9459,2004,10,5,14.42,-2.16,-2.4,5.63,16.4,0
US-Pfa,-90.2723,45.9459,2004,10,6,21.68,5.57,7.44,4.56,15.61,0
US-Pfa,-90.2723,45.9459,2004,10,7,17.42,9.4,6.91,4.83,10.77,3.56
US-Pfa,-90.2723,45.9459,2004,10,8,18.4,8.84,9.98,6.08,7.1,4.31
US-Pfa,-90.2723,45.9459,2004,10,9,15.17,4.44,3.6,3.7,16.09,0.01
US-Pfa,-90.2723,45.9459,2004,10,10,17.04,3.42,2.5,2.02,15.73,0
US-Pfa,-90.2723,45.9459,2004,10,11,17.54,2.75,2.72,2.03,14.12,0
US-Pfa,-90.2723,45.9459,2004,10,12,17.01,6.61,3.83,1.48,11.55,0
US-Pfa,-90.2723,45.9459,2004,10,13,12.98,2.63,4.25,4.69,6.95,1.02
US-Pfa,-90.2723,45.9459,2004,10,14,7.78,1.7,1.67,3.37,3.98,0.46
US-Pfa,-90.2723,45.9459,2004,10,15,5.59,2.95,2.65,3.08,5.6,3.49
US-Pfa,-90.2723,45.9459,2004,10,16,2.72,-0.17,-1.36,8.21,4.09,2.43
US-Pfa,-90.2723,45.9459,2004,10,17,7.3,-1.58,-2.83,4.54,11.56,0.12
US-Pfa,-90.2723,45.9459,2004,10,18,9.67,-2.41,-1.61,3.71,7.11,0.05
US-Pfa,-90.2723,45.9459,2004,10,19,9.85,1.47,3,4.05,3.27,0.35
US-Pfa,-90.2723,45.9459,2004,10,20,15.14,2.91,4.73,2.08,10.39,0.03
US-Pfa,-90.2723,45.9459,2004,10,21,13.56,2.08,4.9,4.42,8.54,0
US-Pfa,-90.2723,45.9459,2004,10,22,11.07,5.72,7.47,7.07,2.11,6.85
US-Pfa,-90.2723,45.9459,2004,10,23,18.01,8.2,10.41,6.31,5.09,16.24
US-Pfa,-90.2723,45.9459,2004,10,24,12.99,6.19,5.42,3.26,10.19,0.32
US-Pfa,-90.2723,45.9459,2004,10,25,11.39,-0.05,1.71,3.71,12.48,0.31
US-Pfa,-90.2723,45.9459,2004,10,26,6.8,-0.45,1.15,3.67,3.41,3.51
US-Pfa,-90.2723,45.9459,2004,10,27,7,1.95,3.66,3.21,2.86,0.73
US-Pfa,-90.2723,45.9459,2004,10,28,9.58,5.49,7.39,5.18,2.55,15.43
US-Pfa,-90.2723,45.9459,2004,10,29,20.66,9.36,14.44,4.33,3.93,11.56
US-Pfa,-90.2723,45.9459,2004,10,30,15.98,2.54,7.54,5.49,5.61,7.7
US-Pfa,-90.2723,45.9459,2004,10,31,7.96,0.39,1.07,2.35,5.92,0.65
US-Pfa,-90.2723,45.9459,2004,11,1,6.11,0.92,1.92,1.78,2.72,0.05
US-Pfa,-90.2723,45.9459,2004,11,2,5.33,-2.06,1.78,3.17,4.31,4.69
US-Pfa,-90.2723,45.9459,2004,11,3,8.77,-2.74,-1.26,3.47,10.74,0.1
US-Pfa,-90.2723,45.9459,2004,11,4,7.08,-1.54,-2.42,6.06,8.67,0.11
US-Pfa,-90.2723,45.9459,2004,11,5,10.06,-3.01,-2.05,4.72,9.14,0.01
US-Pfa,-90.2723,45.9459,2004,11,6,13.43,0.23,2,3.72,9.22,0
US-Pfa,-90.2723,45.9459,2004,11,7,4.95,-3.28,-4.71,5.53,10.65,0.02
US-Pfa,-90.2723,45.9459,2004,11,8,1.81,-4.78,-7.87,3.29,6.38,0.01
US-Pfa,-90.2723,45.9459,2004,11,9,7.56,-4.37,-4.26,5.53,7.64,0
US-Pfa,-90.2723,45.9459,2004,11,10,8.21,-2.12,2.13,5.6,1.13,4.79
US-Pfa,-90.2723,45.9459,2004,11,11,2.82,-6.11,-9.16,2.87,10.43,0
US-Pfa,-90.2723,45.9459,2004,11,12,3.73,-4.92,-7.75,2.05,10,0
US-Pfa,-90.2723,45.9459,2004,11,13,5.23,-3.96,-8.05,3.74,9.87,0
US-Pfa,-90.2723,45.9459,2004,11,14,6.69,-2.57,-4.4,3.55,8.83,0
US-Pfa,-90.2723,45.9459,2004,11,15,8.38,-2.59,-1.14,3.66,5.89,0.05
US-Pfa,-90.2723,45.9459,2004,11,16,4.91,0.76,3.23,3.69,1.62,0.81
US-Pfa,-90.2723,45.9459,2004,11,17,9.34,4.9,6.69,2.11,2.84,0.34
US-Pfa,-90.2723,45.9459,2004,11,18,8.21,1.31,1.65,2.41,5.17,0.01
US-Pfa,-90.2723,45.9459,2004,11,19,5.26,1.24,0.56,4.04,2.02,5.39
US-Pfa,-90.2723,45.9459,2004,11,20,4.94,-2.75,0.11,4.84,1.32,3.68
US-Pfa,-90.2723,45.9459,2004,11,21,2.55,-4.76,-5.34,3.89,7.6,0
US-Pfa,-90.2723,45.9459,2004,11,22,3.62,-3.89,-3.72,5.32,3.55,0.01
US-Pfa,-90.2723,45.9459,2004,11,23,0.89,-5.35,-6.31,5.02,8.58,0.03
US-Pfa,-90.2723,45.9459,2004,11,24,0.6,-7.88,-8.36,2.7,8.42,0.02
US-Pfa,-90.2723,45.9459,2004,11,25,-1.45,-10.21,-9.13,2.56,5.68,0.25
US-Pfa,-90.2723,45.9459,2004,11,26,0.92,-7.29,-4.89,2.93,2.85,2.25
US-Pfa,-90.2723,45.9459,2004,11,27,0.67,-1.35,-0.88,4.55,2.09,12.96
US-Pfa,-90.2723,45.9459,2004,11,28,-0.88,-8.99,-5.83,4.84,7.23,0.14
US-Pfa,-90.2723,45.9459,2004,11,29,-2.53,-10.86,-9.27,3.59,7.33,0.02
US-Pfa,-90.2723,45.9459,2004,11,30,-0.03,-11.43,-9.45,4.58,7.86,0
US-Pfa,-90.2723,45.9459,2004,12,1,-2.42,-12.68,-9.79,4.43,3.85,0.19
US-Pfa,-90.2723,45.9459,2004,12,2,-3.71,-14.87,-10.81,3.63,2.18,4.25
US-Pfa,-90.2723,45.9459,2004,12,3,-2.08,-16.15,-8.95,5.61,6.48,0.15
US-Pfa,-90.2723,45.9459,2004,12,4,0.93,-10.82,-3.55,5.59,4.84,1.43
US-Pfa,-90.2723,45.9459,2004,12,5,-5.26,-12.92,-11.6,3.5,5.02,0.35
US-Pfa,-90.2723,45.9459,2004,12,6,0.44,-6.39,-3.63,4.67,2.17,2.39
US-Pfa,-90.2723,45.9459,2004,12,7,1.03,-4.9,-1,3.34,1.73,0.87
US-Pfa,-90.2723,45.9459,2004,12,8,0.27,-8.36,-4.18,4.23,3.1,0.24
US-Pfa,-90.2723,45.9459,2004,12,9,2.03,-4.34,-1.59,3.03,2.16,2.64
US-Pfa,-90.2723,45.9459,2004,12,10,0.33,-3.98,-1.6,5.88,3.61,3.33
US-Pfa,-90.2723,45.9459,2004,12,11,-2.28,-7.84,-6.35,3.49,2.41,1.83
US-Pfa,-90.2723,45.9459,2004,12,12,-1.05,-6.9,-5.44,8.93,2.43,6.48
US-Pfa,-90.2723,45.9459,2004,12,13,-6.78,-11.66,-10.83,7.55,4.68,0.84
US-Pfa,-90.2723,45.9459,2004,12,14,-10.03,-19.6,-15.59,3.92,7.03,0.34
US-Pfa,-90.2723,45.9459,2004,12,15,-2.69,-12.95,-8.75,5.64,6.31,0.04
US-Pfa,-90.2723,45.9459,2004,12,16,-3.19,-14.22,-9.1,5.09,5.58,0.61
US-Pfa,-90.2723,45.9459,2004,12,17,-6.18,-17.78,-11.73,4.94,6.02,0.2
US-Pfa,-90.2723,45.9459,2004,12,18,-3.9,-18.54,-10.98,7.08,5.6,1.73
US-Pfa,-90.2723,45.9459,2004,12,19,-14.5,-18.8,-18.07,4.55,6.49,0.39
US-Pfa,-90.2723,45.9459,2004,12,20,-9.83,-15.45,-13.13,7.64,2.51,3.39
US-Pfa,-90.2723,45.9459,2004,12,21,-7.15,-15.42,-11.95,4.2,1.94,1.54
US-Pfa,-90.2723,45.9459,2004,12,22,-15.75,-20.85,-19.15,3.81,7.18,0.33
US-Pfa,-90.2723,45.9459,2004,12,23,-14.44,-26.33,-18.44,4.12,6.72,0.53
US-Pfa,-90.2723,45.9459,2004,12,24,-20.81,-30.63,-26.29,3.1,6.63,0.05
US-Pfa,-90.2723,45.9459,2004,12,25,-13.73,-25.71,-19.23,2.86,4.22,0.43
US-Pfa,-90.2723,45.9459,2004,12,26,-10.6,-18.14,-14.57,3.41,7.18,0.06
US-Pfa,-90.2723,45.9459,2004,12,27,-7.01,-15,-11.7,3.55,2.68,0.67
US-Pfa,-90.2723,45.9459,2004,12,28,-3.24,-10.58,-8.43,3.11,4.7,0.09
US-Pfa,-90.2723,45.9459,2004,12,29,-7.26,-12.49,-10.52,2.39,2.57,0.1
US-Pfa,-90.2723,45.9459,2004,12,30,2.08,-10.33,-3.55,7.01,0.94,8.79
US-Pfa,-90.2723,45.9459,2004,12,31,0.57,-11.77,-8.01,7.82,5.01,0.23
US-Pfa,-90.2723,45.9459,2005,1,1,-5.79,-12.29,-10.3,4.98,2.61,7.96
US-Pfa,-90.2723,45.9459,2005,1,2,-4.71,-18.86,-10.78,4.12,5.39,0.78
US-Pfa,-90.2723,45.9459,2005,1,3,-10.02,-19.35,-15.83,2.62,5.81,0
US-Pfa,-90.2723,45.9459,2005,1,4,-9.34,-16.71,-14.22,3.95,5.88,0.08
US-Pfa,-90.2723,45.9459,2005,1,5,-10.85,-15.85,-14.58,3.47,4.24,0.34
US-Pfa,-90.2723,45.9459,2005,1,6,-9.34,-20.2,-15.79,2.84,6.74,0.31
US-Pfa,-90.2723,45.9459,2005,1,7,-10.3,-19.72,-14.82,4.74,5.33,0.09
US-Pfa,-90.2723,45.9459,2005,1,8,-7.15,-15.78,-12.04,2.25,4.26,0.07
US-Pfa,-90.2723,45.9459,2005,1,9,-6,-12.8,-10.23,3.86,1.94,1.49
US-Pfa,-90.2723,45.9459,2005,1,10,-9.42,-18.09,-15.14,2.53,6.56,0.02
US-Pfa,-90.2723,45.9459,2005,1,11,-5.44,-15.28,-11.48,1.92,4.36,0.25
US-Pfa,-90.2723,45.9459,2005,1,12,-0.58,-7.36,-4.37,4.79,1.83,1.19
US-Pfa,-90.2723,45.9459,2005,1,13,-7.4,-22.56,-17.02,7.11,7.42,0.07
US-Pfa,-90.2723,45.9459,2005,1,14,-19.82,-28.09,-25.54,5.49,8.06,0.06
US-Pfa,-90.2723,45.9459,2005,1,15,-21.43,-30.98,-27.81,4.66,8.07,0.08
US-Pfa,-90.2723,45.9459,2005,1,16,-18.86,-31.15,-25.89,3.62,8.35,0.09
US-Pfa,-90.2723,45.9459,2005,1,17,-18.91,-27.27,-23.1,3.36,8.48,0.08
US-Pfa,-90.2723,45.9459,2005,1,18,-5.11,-28.46,-17.87,9.12,2.01,5.36
US-Pfa,-90.2723,45.9459,2005,1,19,-6.26,-18.59,-13.08,6.27,5.24,0.36
US-Pfa,-90.2723,45.9459,2005,1,20,-9.81,-18.5,-14.94,3.27,3.23,1.71
US-Pfa,-90.2723,45.9459,2005,1,21,-9.49,-19.49,-14.48,5.06,3.61,11.79
US-Pfa,-90.2723,45.9459,2005,1,22,-9.41,-20.91,-14.18,5.83,5.38,2.53
US-Pfa,-90.2723,45.9459,2005,1,23,-11.48,-25.36,-17.69,5.31,6.56,0.04
US-Pfa,-90.2723,45.9459,2005,1,24,-4.36,-14.71,-10.47,3.35,5.27,0.08
US-Pfa,-90.2723,45.9459,2005,1,25,-1.79,-8.51,-5.68,4.7,6.41,0.83
US-Pfa,-90.2723,45.9459,2005,1,26,-5.29,-20.09,-13.38,5.28,7.88,0.12
US-Pfa,-90.2723,45.9459,2005,1,27,-11.4,-25.24,-18.7,4.01,9.98,0.02
US-Pfa,-90.2723,45.9459,2005,1,28,-8.01,-15.8,-12.47,6.48,7.95,0.05
US-Pfa,-90.2723,45.9459,2005,1,29,-2.91,-10.11,-8.13,2.87,4.73,0.1
US-Pfa,-90.2723,45.9459,2005,1,30,-1.09,-10.95,-7.57,2.7,4.21,0.06
US-Pfa,-90.2723,45.9459,2005,1,31,-0.28,-7.8,-5.54,3.03,3.32,0.06
US-Pfa,-90.2723,45.9459,2005,2,1,0.01,-7.64,-4.48,3.92,3.41,0.06
US-Pfa,-90.2723,45.9459,2005,2,2,0.11,-6.39,-3.61,6.25,7.55,0.03
US-Pfa,-90.2723,45.9459,2005,2,3,0.32,-6.11,-3.62,4.5,9.85,0.01
US-Pfa,-90.2723,45.9459,2005,2,4,0.87,-4.04,-2.12,4.14,10.27,0.02
US-Pfa,-90.2723,45.9459,2005,2,5,1.78,-3.54,-0.96,6.53,10.37,0.23
US-Pfa,-90.2723,45.9459,2005,2,6,0.96,-7,-2.18,4.81,3.67,5.71
US-Pfa,-90.2723,45.9459,2005,2,7,-4.14,-11.67,-9.27,4.2,4.88,0.92
US-Pfa,-90.2723,45.9459,2005,2,8,-7.15,-12.54,-11.88,4.15,6.47,0.19
US-Pfa,-90.2723,45.9459,2005,2,9,-5.22,-12.1,-10.72,2.4,8.51,0.09
US-Pfa,-90.2723,45.9459,2005,2,10,-3.47,-14.77,-10.18,4.05,11.4,0.39
US-Pfa,-90.2723,45.9459,2005,2,11,1.18,-8.27,-4.71,5.23,11.51,0.09
US-Pfa,-90.2723,45.9459,2005,2,12,4.65,-5.7,-3.89,2.63,11.68,0.01
US-Pfa,-90.2723,45.9459,2005,2,13,0.19,-6.25,-4.98,7.11,8.48,3.31
US-Pfa,-90.2723,45.9459,2005,2,14,1.68,-5.35,-3.5,4.99,5.54,1.99
US-Pfa,-90.2723,45.9459,2005,2,15,-3.11,-12.82,-10.23,4.67,11.22,0
US-Pfa,-90.2723,45.9459,2005,2,16,-5.29,-13.68,-12.34,4.95,8.77,0.66
US-Pfa,-90.2723,45.9459,2005,2,17,-13.31,-15.62,-17.23,5.5,11.98,0.58
US-Pfa,-90.2723,45.9459,2005,2,18,-9.46,-17.68,-15.59,4.45,12,0.16
US-Pfa,-90.2723,45.9459,2005,2,19,-6.8,-14.74,-14.19,3.36,12.47,0.03
US-Pfa,-90.2723,45.9459,2005,2,20,-2.85,-11.04,-7.74,5.3,5.3,3.64
US-Pfa,-90.2723,45.9459,2005,2,21,-2.53,-13,-9.48,3.89,13.32,0.07
US-Pfa,-90.2723,45.9459,2005,2,22,-5.16,-13.07,-10.3,2.64,11.42,0.28
US-Pfa,-90.2723,45.9459,2005,2,23,-4.53,-12.96,-11.23,2.07,13.93,0.04
US-Pfa,-90.2723,45.9459,2005,2,24,-4.85,-12.51,-10.14,1.93,12.12,0.72
US-Pfa,-90.2723,45.9459,2005,2,25,-3.71,-14.68,-10.02,3.12,10.02,0.36
US-Pfa,-90.2723,45.9459,2005,2,26,-5.25,-17.08,-13.2,3.24,15.01,0.16
US-Pfa,-90.2723,45.9459,2005,2,27,-2.23,-9.73,-7.57,5.43,3.26,7.53
US-Pfa,-90.2723,45.9459,2005,2,28,-2.4,-9.98,-8.19,5.14,7.62,1.59
US-Pfa,-90.2723,45.9459,2005,3,1,-9.53,-14.14,-13.02,6.14,15.79,0.19
US-Pfa,-90.2723,45.9459,2005,3,2,-6.2,-16.35,-14.03,3.53,15.82,0
US-Pfa,-90.2723,45.9459,2005,3,3,-3.59,-19.37,-13.32,3.04,15,0.01
US-Pfa,-90.2723,45.9459,2005,3,4,0.28,-8.99,-5.69,3.18,11.23,0.8
US-Pfa,-90.2723,45.9459,2005,3,5,1.98,-7.44,-4.07,4.61,10.68,0.04
US-Pfa,-90.2723,45.9459,2005,3,6,9.13,-1.8,0.19,4.2,15.55,0.04
US-Pfa,-90.2723,45.9459,2005,3,7,0.19,-11.35,-10,7.74,13.98,1.61
US-Pfa,-90.2723,45.9459,2005,3,8,-9.1,-15.41,-16.02,5.08,18.1,0.02
US-Pfa,-90.2723,45.9459,2005,3,9,-5.02,-16.53,-14.59,4.14,17.22,0.01
US-Pfa,-90.2723,45.9459,2005,3,10,-2.43,-9.72,-7.84,4.74,5.61,2.4
US-Pfa,-90.2723,45.9459,2005,3,11,-4.52,-10.03,-9.49,5.44,9.38,1.04
US-Pfa,-90.2723,45.9459,2005,3,12,-8.48,-15.28,-14.61,4.64,16.82,0.09
US-Pfa,-90.2723,45.9459,2005,3,13,-4.52,-16.76,-12.72,3.51,17.75,0.04
US-Pfa,-90.2723,45.9459,2005,3,14,-2,-11.96,-9.65,2.15,15.16,0.19
US-Pfa,-90.2723,45.9459,2005,3,15,-3.09,-8.84,-9.09,2.27,14.19,0.51
US-Pfa,-90.2723,45.9459,2005,3,16,-3.4,-11.69,-9.06,2.62,7.65,1.78
US-Pfa,-90.2723,45.9459,2005,3,17,0.05,-11.45,-9.04,2.88,11.89,0.03
US-Pfa,-90.2723,45.9459,2005,3,18,-1.08,-11.11,-8.74,4.65,7.54,1.02
US-Pfa,-90.2723,45.9459,2005,3,19,-0.7,-7.12,-6.95,5.31,8.89,1.14
US-Pfa,-90.2723,45.9459,2005,3,20,1.16,-6.64,-5.3,3.73,17.57,0.15
US-Pfa,-90.2723,45.9459,2005,3,21,3.04,-7.26,-5.44,2.67,19.3,0.02
US-Pfa,-90.2723,45.9459,2005,3,22,5.08,-6.38,-5.06,2.56,17.71,0
US-Pfa,-90.2723,45.9459,2005,3,23,5.53,-2.73,-6.42,2.38,18.02,0
US-Pfa,-90.2723,45.9459,2005,3,24,6,-4.32,-3.96,4.5,14.15,0.03
US-Pfa,-90.2723,45.9459,2005,3,25,5.17,-5.24,-7.83,2.27,20.61,0
US-Pfa,-90.2723,45.9459,2005,3,26,7.22,-3.45,-6.8,3.39,20.97,0
US-Pfa,-90.2723,45.9459,2005,3,27,9.49,-3.25,-2.24,4.45,16.32,0
US-Pfa,-90.2723,45.9459,2005,3,28,15.63,-1.24,0.77,2.89,18.87,0
US-Pfa,-90.2723,45.9459,2005,3,29,14.76,2.95,3.51,7.28,16.52,0.01
US-Pfa,-90.2723,45.9459,2005,3,30,15.58,5.19,7.74,5.54,11.07,4.72
US-Pfa,-90.2723,45.9459,2005,3,31,6.5,-1.55,0.06,6.77,16.43,9.09
US-Pfa,-90.2723,45.9459,2005,4,1,6.84,-2.25,-1.47,3.29,13.04,0.12
US-Pfa,-90.2723,45.9459,2005,4,2,11.47,-2.31,-2.04,2.62,22.15,0.11
US-Pfa,-90.2723,45.9459,2005,4,3,14.44,-0.96,-1.5,3.28,22.65,0.01
US-Pfa,-90.2723,45.9459,2005,4,4,11.93,-0.54,-2.78,5.99,16.67,0
US-Pfa,-90.2723,45.9459,2005,4,5,17.36,2.98,5.84,3.97,14.66,4.26
US-Pfa,-90.2723,45.9459,2005,4,6,8.13,2.13,4.41,4.16,7.85,7.68
US-Pfa,-90.2723,45.9459,2005,4,7,14.42,1.21,1.23,3.59,22.37,0.08
US-Pfa,-90.2723,45.9459,2005,4,8,16.73,0.47,1.14,4.88,23.02,0
US-Pfa,-90.2723,45.9459,2005,4,9,17.65,1.58,2.43,6,19.78,0
US-Pfa,-90.2723,45.9459,2005,4,10,19.3,4,4.15,5.88,16.24,0.09
US-Pfa,-90.2723,45.9459,2005,4,11,16.17,4.68,1.66,8.68,12.66,0.42
US-Pfa,-90.2723,45.9459,2005,4,12,14.77,0.23,-2.67,6.43,15.97,0
US-Pfa,-90.2723,45.9459,2005,4,13,15.27,-3.03,-4.28,3.84,25.39,0.04
US-Pfa,-90.2723,45.9459,2005,4,14,19.28,-1.62,-2.43,2.62,25.09,0
US-Pfa,-90.2723,45.9459,2005,4,15,17.94,0.31,1.39,4.78,22.84,0
US-Pfa,-90.2723,45.9459,2005,4,16,15.32,4.26,7.23,2.75,5.85,3.77
US-Pfa,-90.2723,45.9459,2005,4,17,19.64,4.89,5.45,2.73,21.31,0.28
US-Pfa,-90.2723,45.9459,2005,4,18,23.78,7.61,11.18,5.39,20.02,1.5
US-Pfa,-90.2723,45.9459,2005,4,19,21.45,8.59,12.45,4.16,8.79,7
US-Pfa,-90.2723,45.9459,2005,4,20,12.84,-0.75,1.71,5.1,18.85,0.22
US-Pfa,-90.2723,45.9459,2005,4,21,14.74,-3.61,-1.11,2.75,23.45,0.22
US-Pfa,-90.2723,45.9459,2005,4,22,9.21,-2.03,-1.68,6.49,15.12,0.81
US-Pfa,-90.2723,45.9459,2005,4,23,3.61,-3.23,-7.03,7.08,27.73,0.01
US-Pfa,-90.2723,45.9459,2005,4,24,8.49,-3.17,-3.09,6.28,27.22,0.01
US-Pfa,-90.2723,45.9459,2005,4,25,12.44,-1.37,0.34,2.99,8.14,3.14
US-Pfa,-90.2723,45.9459,2005,4,26,4.58,-0.63,-0.66,3.27,12.27,2.36
US-Pfa,-90.2723,45.9459,2005,4,27,6.97,-1,-2.16,3.96,9.66,1.06
US-Pfa,-90.2723,45.9459,2005,4,28,8.15,-3.6,-3.52,3.55,16.12,0.11
US-Pfa,-90.2723,45.9459,2005,4,29,9.08,-2.29,-3.56,3.19,14.65,0.28
US-Pfa,-90.2723,45.9459,2005,4,30,7.13,-3.53,-3.04,3.46,10.61,0.28
US-Pfa,-90.2723,45.9459,2005,5,1,6.67,-1.3,-2.62,4.4,13.8,1.77
US-Pfa,-90.2723,45.9459,2005,5,2,3.57,-3.36,-4.42,4.35,9.17,0.33
US-Pfa,-90.2723,45.9459,2005,5,3,9.92,-3.49,-4.85,3.54,28.05,0.17
US-Pfa,-90.2723,45.9459,2005,5,4,15.47,-2.23,-2.34,4.15,28.1,0
US-Pfa,-90.2723,45.9459,2005,5,5,18.93,3.3,3.82,6.88,19.59,1.25
US-Pfa,-90.2723,45.9459,2005,5,6,18.5,5.93,7.2,4.27,26.31,0.86
US-Pfa,-90.2723,45.9459,2005,5,7,20.05,3.5,4.99,5.09,13.33,1.57
US-Pfa,-90.2723,45.9459,2005,5,8,19.82,7.74,12.53,5.16,13.62,2.52
US-Pfa,-90.2723,45.9459,2005,5,9,21.06,12.65,14.04,5.67,13.15,10.48
US-Pfa,-90.2723,45.9459,2005,5,10,17.69,9.36,11.04,4.5,9.44,1.45
US-Pfa,-90.2723,45.9459,2005,5,11,10.24,-2.52,-0.28,5.96,18.87,0.28
US-Pfa,-90.2723,45.9459,2005,5,12,6.47,-2.79,-5.82,5.69,8.84,1.07
US-Pfa,-90.2723,45.9459,2005,5,13,9.46,1.61,3.89,3.77,6.25,11.5
US-Pfa,-90.2723,45.9459,2005,5,14,9.78,2.95,3.65,4.66,12.48,2.86
US-Pfa,-90.2723,45.9459,2005,5,15,8.87,1.87,1.35,4.77,14.61,0.97
US-Pfa,-90.2723,45.9459,2005,5,16,15.6,0.93,2.5,2.01,19.99,0.2
US-Pfa,-90.2723,45.9459,2005,5,17,15.53,4.27,7.41,4.25,12.56,0.99
US-Pfa,-90.2723,45.9459,2005,5,18,20.15,6.45,9.77,5.74,7.77,2.79
US-Pfa,-90.2723,45.9459,2005,5,19,12.73,8.06,9.09,5.79,5.53,3.8
US-Pfa,-90.2723,45.9459,2005,5,20,20.71,7.87,8.39,2.95,22.85,0.06
US-Pfa,-90.2723,45.9459,2005,5,21,16.97,9.32,9.21,4.57,16.69,2.92
US-Pfa,-90.2723,45.9459,2005,5,22,18.37,10.02,10.24,5.42,12.12,2.54
US-Pfa,-90.2723,45.9459,2005,5,23,17.68,7.11,7.96,4.08,18.66,0.41
US-Pfa,-90.2723,45.9459,2005,5,24,22.45,9.04,9.15,2.25,26.37,0
US-Pfa,-90.2723,45.9459,2005,5,25,20.45,8.69,7.93,5.6,13.46,2.36
US-Pfa,-90.2723,45.9459,2005,5,26,17.05,8.85,7.51,5.56,20.73,1.05
US-Pfa,-90.2723,45.9459,2005,5,27,14.08,6.56,6.75,2.8,15.72,2.86
US-Pfa,-90.2723,45.9459,2005,5,28,16.06,5.49,6.61,2.24,16.1,0.93
US-Pfa,-90.2723,45.9459,2005,5,29,18.5,5.79,7.78,1.9,21.1,0.66
US-Pfa,-90.2723,45.9459,2005,5,30,20.76,7.88,9.5,3.03,26.47,0.01
US-Pfa,-90.2723,45.9459,2005,5,31,23.54,7.93,10.61,2.88,26.87,0.02
US-Pfa,-90.2723,45.9459,2005,6,1,23.54,10.23,10.96,4.33,21.65,0.01
US-Pfa,-90.2723,45.9459,2005,6,2,25.22,12.06,11.08,4.09,26.42,0
US-Pfa,-90.2723,45.9459,2005,6,3,24.21,11.16,12.94,3.76,20.37,0.03
US-Pfa,-90.2723,45.9459,2005,6,4,21.84,14.63,16.36,5.06,8.91,14.59
US-Pfa,-90.2723,45.9459,2005,6,5,23.83,15.92,17.37,5.72,18.65,12.27
US-Pfa,-90.2723,45.9459,2005,6,6,22.36,13.47,13.52,5.46,25.56,1.19
US-Pfa,-90.2723,45.9459,2005,6,7,26.3,12.56,15.96,2.75,19.07,1.62
US-Pfa,-90.2723,45.9459,2005,6,8,24.32,11.45,16.33,4.19,17.43,0.87
US-Pfa,-90.2723,45.9459,2005,6,9,24.41,14.37,13.58,2.51,20.85,0.11
US-Pfa,-90.2723,45.9459,2005,6,10,25,14.44,16.88,3.79,20.87,8.12
US-Pfa,-90.2723,45.9459,2005,6,11,26.25,17.63,19.2,4.66,19.29,4.71
US-Pfa,-90.2723,45.9459,2005,6,12,24.13,17.02,15.93,3.96,28.83,0.33
US-Pfa,-90.2723,45.9459,2005,6,13,26.37,14.1,17.1,2.85,14.3,15.08
US-Pfa,-90.2723,45.9459,2005,6,14,22.26,11.76,15.98,3.79,14.11,6.25
US-Pfa,-90.2723,45.9459,2005,6,15,17.96,8.64,9.61,5.62,24.71,0.76
US-Pfa,-90.2723,45.9459,2005,6,16,19.1,7.14,7.69,4.23,32.07,0
US-Pfa,-90.2723,45.9459,2005,6,17,20.36,7.95,8.02,3.66,31.98,0.01
US-Pfa,-90.2723,45.9459,2005,6,18,23.14,7.22,10.11,3.01,31.16,0
US-Pfa,-90.2723,45.9459,2005,6,19,25.33,10.04,13.06,4.29,31,0
US-Pfa,-90.2723,45.9459,2005,6,20,29.33,15.1,16.92,3.85,17.31,1.08
US-Pfa,-90.2723,45.9459,2005,6,21,26.36,15.97,13.45,3.08,29.33,0.16
US-Pfa,-90.2723,45.9459,2005,6,22,26.71,14.26,13.72,3.77,29.81,0
US-Pfa,-90.2723,45.9459,2005,6,23,29.16,16.92,18.11,6.89,28.42,0.08
US-Pfa,-90.2723,45.9459,2005,6,24,26.12,16.15,13.96,4.68,19.29,0.12
US-Pfa,-90.2723,45.9459,2005,6,25,26.97,13.53,12.59,1.89,23.58,0.12
US-Pfa,-90.2723,45.9459,2005,6,26,25.61,15.64,16.68,4.85,16.51,1.31
US-Pfa,-90.2723,45.9459,2005,6,27,29.16,19.18,20.39,5.45,20.1,24.04
US-Pfa,-90.2723,45.9459,2005,6,28,25.7,14.77,17.98,3.21,19.19,1.7
US-Pfa,-90.2723,45.9459,2005,6,29,26.43,13.03,16.54,4.54,13.47,2.76
US-Pfa,-90.2723,45.9459,2005,6,30,23.96,13.62,14.81,8.92,20.13,4.68
US-Pfa,-90.2723,45.9459,2005,7,1,18.97,10.84,8.12,4.82,24.81,0.24
US-Pfa,-90.2723,45.9459,2005,7,2,23.34,9.74,9.86,4.25,29.37,1.32
US-Pfa,-90.2723,45.9459,2005,7,3,25.62,14.74,13.64,5.92,14.08,0.47
US-Pfa,-90.2723,45.9459,2005,7,4,25.59,15.44,15.19,2.84,23.12,1.9
US-Pfa,-90.2723,45.9459,2005,7,5,16.21,10.82,12.13,3.51,14.82,12.09
US-Pfa,-90.2723,45.9459,2005,7,6,20.73,9.72,12.5,1.41,19.73,1.78
US-Pfa,-90.2723,45.9459,2005,7,7,25.08,13.94,13.7,2.78,26.99,0.06
US-Pfa,-90.2723,45.9459,2005,7,8,27.02,13.56,13.67,3.9,22.22,0
US-Pfa,-90.2723,45.9459,2005,7,9,29.69,15.97,16.25,3.78,26.67,0.01
US-Pfa,-90.2723,45.9459,2005,7,10,30.73,18.02,16.83,3.83,27.51,0
US-Pfa,-90.2723,45.9459,2005,7,11,30.16,17.22,14.58,2.97,27.97,0
US-Pfa,-90.2723,45.9459,2005,7,12,30.81,18.48,16.16,1.56,26.41,0
US-Pfa,-90.2723,45.9459,2005,7,13,30.42,18.52,17.88,3.13,25.8,0.23
US-Pfa,-90.2723,45.9459,2005,7,14,29.63,15.31,13.89,2.18,28.99,0.01
US-Pfa,-90.2723,45.9459,2005,7,15,31.3,15.96,16.97,2.88,25.72,1.64
US-Pfa,-90.2723,45.9459,2005,7,16,32.01,19.34,17.62,3.26,25.35,0.45
US-Pfa,-90.2723,45.9459,2005,7,17,32.5,20.88,17.6,5.32,26.59,3.17
US-Pfa,-90.2723,45.9459,2005,7,18,24.44,15.67,14.92,5.77,17.9,10
US-Pfa,-90.2723,45.9459,2005,7,19,26.45,11.29,11.01,2.8,29.87,0.01
US-Pfa,-90.2723,45.9459,2005,7,20,28.57,16.51,16.73,3.7,20.03,0.46
US-Pfa,-90.2723,45.9459,2005,7,21,26.87,14.63,10.87,3.17,25.1,0.01
US-Pfa,-90.2723,45.9459,2005,7,22,27.56,12.98,11.66,2.49,25.07,0.33
US-Pfa,-90.2723,45.9459,2005,7,23,24.04,17.35,17.07,3.98,8.54,23.19
US-Pfa,-90.2723,45.9459,2005,7,24,28.37,17.44,17.89,4.39,19.8,2.51
US-Pfa,-90.2723,45.9459,2005,7,25,26.8,16.39,15.15,2.6,14.4,12.22
US-Pfa,-90.2723,45.9459,2005,7,26,17.88,12.16,10.93,5.06,15.83,1.4
US-Pfa,-90.2723,45.9459,2005,7,27,21.72,9.38,8.63,2.73,28.99,0.05
US-Pfa,-90.2723,45.9459,2005,7,28,22.52,12.22,12.66,3.05,18.1,8.79
US-Pfa,-90.2723,45.9459,2005,7,29,21.16,9.92,9.42,2.05,27.1,0.04
US-Pfa,-90.2723,45.9459,2005,7,30,27.99,12.29,13.46,5.42,25,0.31
US-Pfa,-90.2723,45.9459,2005,7,31,30.2,16.75,17.73,4.3,24.69,0.36
US-Pfa,-90.2723,45.9459,2005,8,1,30.5,17.5,18.61,2.86,24.31,0.04
US-Pfa,-90.2723,45.9459,2005,8,2,32.11,18.76,17.83,3.53,22.05,0.23
US-Pfa,-90.2723,45.9459,2005,8,3,29.61,19.92,19.03,3.92,13.23,3.4
US-Pfa,-90.2723,45.9459,2005,8,4,25.11,15.37,11.81,5.09,27.22,0.07
US-Pfa,-90.2723,45.9459,2005,8,5,25.76,12.13,9.08,2.65,28.33,0
US-Pfa,-90.2723,45.9459,2005,8,6,27.63,12.25,8.28,3.98,28.13,0
US-Pfa,-90.2723,45.9459,2005,8,7,30.52,14.07,11.84,3.31,26.43,0
US-Pfa,-90.2723,45.9459,2005,8,8,31.63,18.56,15.53,5.98,20.13,0.1
US-Pfa,-90.2723,45.9459,2005,8,9,26.5,15.35,17.63,2.44,8.05,9.64
US-Pfa,-90.2723,45.9459,2005,8,10,25.63,15.02,12.51,2.9,25.28,0.13
US-Pfa,-90.2723,45.9459,2005,8,11,23.5,13.93,12.91,3.59,7.67,0.63
US-Pfa,-90.2723,45.9459,2005,8,12,24.33,15.29,12.13,4.04,21,0.27
US-Pfa,-90.2723,45.9459,2005,8,13,22.96,11.88,8.21,2.89,21.53,0
US-Pfa,-90.2723,45.9459,2005,8,14,23.55,9.62,8.38,2.05,25.85,0.01
US-Pfa,-90.2723,45.9459,2005,8,15,25.62,10.78,7.05,2.77,24.39,0
US-Pfa,-90.2723,45.9459,2005,8,16,26.39,12.71,12.46,3.03,23.06,0.08
US-Pfa,-90.2723,45.9459,2005,8,17,26.06,13.38,14.75,3.35,14.18,2.69
US-Pfa,-90.2723,45.9459,2005,8,18,22.82,15.14,16.43,4.29,9.06,6.58
US-Pfa,-90.2723,45.9459,2005,8,19,27.81,15.34,16.42,3.3,13.72,1.48
US-Pfa,-90.2723,45.9459,2005,8,20,25.13,13.54,9.92,4.18,23,2.74
US-Pfa,-90.2723,45.9459,2005,8,21,19.57,10.94,8.19,4.92,18.56,0.02
US-Pfa,-90.2723,45.9459,2005,8,22,20.69,9.35,7.39,3.35,18.54,0.02
US-Pfa,-90.2723,45.9459,2005,8,23,23.84,7.47,8.3,2.32,24.98,0
US-Pfa,-90.2723,45.9459,2005,8,24,24.11,9.25,10.63,4.25,14.74,0.01
US-Pfa,-90.2723,45.9459,2005,8,25,25.98,14.03,13.67,4.13,11.92,0.29
US-Pfa,-90.2723,45.9459,2005,8,26,25.26,13.24,16.52,4.37,5.24,4.35
US-Pfa,-90.2723,45.9459,2005,8,27,26.32,10.56,10.11,3.96,23.04,0.38
US-Pfa,-90.2723,45.9459,2005,8,28,22.95,11.77,10.38,3.95,15.74,0.01
US-Pfa,-90.2723,45.9459,2005,8,29,23.86,12.35,11.6,2.91,18.31,0.15
US-Pfa,-90.2723,45.9459,2005,8,30,22.79,11.96,11.68,2.94,17.15,0.03
US-Pfa,-90.2723,45.9459,2005,8,31,25.92,11.1,10.74,2.04,21.58,0.35
US-Pfa,-90.2723,45.9459,2005,9,1,24.24,11.25,7.7,6.98,23.54,0.02
US-Pfa,-90.2723,45.9459,2005,9,2,23.19,11.35,10.06,4.36,21.33,0.01
US-Pfa,-90.2723,45.9459,2005,9,3,25.03,9.49,7.75,2.14,17.14,0.08
US-Pfa,-90.2723,45.9459,2005,9,4,27.5,10.56,12.8,3.88,16.02,0.17
US-Pfa,-90.2723,45.9459,2005,9,5,29.65,14.34,14.73,5.46,18.13,0.02
US-Pfa,-90.2723,45.9459,2005,9,6,27.4,16.16,13.96,5.39,16.94,1.19
US-Pfa,-90.2723,45.9459,2005,9,7,19.76,11.65,6.4,2.07,8.79,0.2
US-Pfa,-90.2723,45.9459,2005,9,8,24.1,10.77,6.82,2.05,14.11,0.03
US-Pfa,-90.2723,45.9459,2005,9,9,26.76,10.76,13.02,4.31,14.97,0.3
US-Pfa,-90.2723,45.9459,2005,9,10,30.85,16.62,15.69,5.69,17.74,0.11
US-Pfa,-90.2723,45.9459,2005,9,11,31.82,18.04,15.1,5.52,18.06,0
US-Pfa,-90.2723,45.9459,2005,9,12,28.07,19.36,17.67,4.76,8.49,11.34
US-Pfa,-90.2723,45.9459,2005,9,13,26.11,13.65,17.01,4.66,11.75,9.43
US-Pfa,-90.2723,45.9459,2005,9,14,20.04,8.83,5.52,3.32,15.9,0.01
US-Pfa,-90.2723,45.9459,2005,9,15,23.21,8.33,5.37,2.71,19.84,0.01
US-Pfa,-90.2723,45.9459,2005,9,16,25.16,9.49,7.67,2.58,18.35,0
US-Pfa,-90.2723,45.9459,2005,9,17,25.37,10.78,8.46,3.8,14.86,0
US-Pfa,-90.2723,45.9459,2005,9,18,24.91,12.04,11.38,2.68,16.64,1.08
US-Pfa,-90.2723,45.9459,2005,9,19,19.64,11.19,13.2,3.52,9.36,12.69
US-Pfa,-90.2723,45.9459,2005,9,20,25.67,9.95,9.8,3.97,19.11,0.13
US-Pfa,-90.2723,45.9459,2005,9,21,27.57,11.22,14.23,3.84,16.56,2.66
US-Pfa,-90.2723,45.9459,2005,9,22,17.08,7.71,8.25,4.09,12.99,3.73
US-Pfa,-90.2723,45.9459,2005,9,23,19.65,4.71,4.51,3.16,19.35,0
US-Pfa,-90.2723,45.9459,2005,9,24,20.62,6.82,11.7,4.47,3.91,2.73
US-Pfa,-90.2723,45.9459,2005,9,25,15.74,9.76,12.71,3.14,4.62,21.08
US-Pfa,-90.2723,45.9459,2005,9,26,17.03,8.22,6.61,3.79,17.52,0.9
US-Pfa,-90.2723,45.9459,2005,9,27,20.72,6.36,8.4,4.36,17.35,0
US-Pfa,-90.2723,45.9459,2005,9,28,12.23,5.3,6.2,5.28,3.62,10.61
US-Pfa,-90.2723,45.9459,2005,9,29,12.96,2.85,-0.17,4.85,14.17,0.02
US-Pfa,-90.2723,45.9459,2005,9,30,19.61,5.28,4.96,5.89,16.1,0
US-Pfa,-90.2723,45.9459,2005,10,1,24.71,8.86,10.71,3.94,16.43,0
US-Pfa,-90.2723,45.9459,2005,10,2,23.75,13.24,14.64,5.99,12.06,0.92
US-Pfa,-90.2723,45.9459,2005,10,3,25.62,19.07,19.67,5.57,4.9,13.05
US-Pfa,-90.2723,45.9459,2005,10,4,21.77,17.9,19.13,3.54,2.3,61.89
US-Pfa,-90.2723,45.9459,2005,10,5,23.37,8.09,15.75,4.69,3.31,19.82
US-Pfa,-90.2723,45.9459,2005,10,6,9.13,2.18,1.51,5.34,7.52,0.81
US-Pfa,-90.2723,45.9459,2005,10,7,8.36,-0.15,-0.68,3.46,11.05,0.08
US-Pfa,-90.2723,45.9459,2005,10,8,11.94,-0.36,-0.1,1.94,16.21,0.01
US-Pfa,-90.2723,45.9459,2005,10,9,14.69,-0.33,2.41,2.65,15.03,0
US-Pfa,-90.2723,45.9459,2005,10,10,15.94,2.08,3.9,2.15,15.57,0
US-Pfa,-90.2723,45.9459,2005,10,11,16.64,3.83,6.21,2.87,14.92,0.15
US-Pfa,-90.2723,45.9459,2005,10,12,13.64,9.31,10.55,1.94,4.31,2.81
US-Pfa,-90.2723,45.9459,2005,10,13,14.19,7.25,9.9,2.9,4.75,2.57
US-Pfa,-90.2723,45.9459,2005,10,14,18.74,6.98,6.26,5.45,12.67,0.11
US-Pfa,-90.2723,45.9459,2005,10,15,12.82,3.61,2.93,4.8,14.55,0.01
US-Pfa,-90.2723,45.9459,2005,10,16,14.47,1.36,2.88,2.44,13.57,0
US-Pfa,-90.2723,45.9459,2005,10,17,16.22,4.71,5.55,5.99,13.3,9.05
US-Pfa,-90.2723,45.9459,2005,10,18,15.07,2.21,4.56,3.31,12.2,2.5
US-Pfa,-90.2723,45.9459,2005,10,19,11.74,1.41,1.27,4.12,13.76,0.11
US-Pfa,-90.2723,45.9459,2005,10,20,11.1,0.64,1.21,2.33,10.1,0.02
US-Pfa,-90.2723,45.9459,2005,10,21,10.56,0.43,2.85,2.94,5.5,1.65
US-Pfa,-90.2723,45.9459,2005,10,22,8.54,3.31,2.91,3.26,8.79,3.43
US-Pfa,-90.2723,45.9459,2005,10,23,7.93,2.37,2.39,4.94,6.9,2.08
US-Pfa,-90.2723,45.9459,2005,10,24,8.07,-0.39,1.4,3.75,6.65,0.63
US-Pfa,-90.2723,45.9459,2005,10,25,7.39,0.21,1.18,2.08,8.6,0.37
US-Pfa,-90.2723,45.9459,2005,10,26,8.87,0.82,1.66,1.96,7.06,0.33
US-Pfa,-90.2723,45.9459,2005,10,27,10.64,-0.11,0.93,1.74,12.06,0.12
US-Pfa,-90.2723,45.9459,2005,10,28,12.5,-1.56,1.17,3.6,12.1,0
US-Pfa,-90.2723,45.9459,2005,10,29,13.76,0.91,3,5.98,8.51,0
US-Pfa,-90.2723,45.9459,2005,10,30,10.53,7.18,7.04,4.72,1.67,3.64
US-Pfa,-90.2723,45.9459,2005,10,31,8.93,3.52,4.11,3.77,4.26,0.53
US-Pfa,-90.2723,45.9459,2005,11,1,7.3,0.93,1.46,3.11,6.41,0.06
US-Pfa,-90.2723,45.9459,2005,11,2,10.9,0.92,2.48,4.65,7.57,0.02
US-Pfa,-90.2723,45.9459,2005,11,3,9.66,1.9,2.62,3.6,6.51,0.28
US-Pfa,-90.2723,45.9459,2005,11,4,8.92,2.63,3.34,2.97,4.33,0.46
US-Pfa,-90.2723,45.9459,2005,11,5,8.8,1.08,1.94,2.54,3.48,1.79
US-Pfa,-90.2723,45.9459,2005,11,6,7.3,1.73,1,4.89,6.43,1.55
US-Pfa,-90.2723,45.9459,2005,11,7,11.58,0.27,1.76,3.24,8.84,0
US-Pfa,-90.2723,45.9459,2005,11,8,11.31,1.08,2.27,3.64,5.01,0.14
US-Pfa,-90.2723,45.9459,2005,11,9,8.24,-0.67,-1.29,9.96,2.81,0.59
US-Pfa,-90.2723,45.9459,2005,11,10,6.44,-4.37,-4.04,3.46,9.59,0
US-Pfa,-90.2723,45.9459,2005,11,11,12.12,-2.21,-1.09,3.7,7.98,0
US-Pfa,-90.2723,45.9459,2005,11,12,13.83,3.64,6.21,5.36,4.97,7.99
US-Pfa,-90.2723,45.9459,2005,11,13,10.49,-4.96,0.67,8.19,2.93,8.46
US-Pfa,-90.2723,45.9459,2005,11,14,3.14,-5.11,-4.23,2.97,7.19,0.31
US-Pfa,-90.2723,45.9459,2005,11,15,2.73,-1.87,-0.58,3.97,1.96,8.14
US-Pfa,-90.2723,45.9459,2005,11,16,-0.15,-10.23,-6.99,7.21,3.29,5.53
US-Pfa,-90.2723,45.9459,2005,11,17,-7.03,-12.26,-14.22,4.48,8.49,1.01
US-Pfa,-90.2723,45.9459,2005,11,18,-0.48,-9.55,-6.67,4.54,3.63,0.44
US-Pfa,-90.2723,45.9459,2005,11,19,2.85,-2.36,-0.84,3.55,2.68,0.52
US-Pfa,-90.2723,45.9459,2005,11,20,1.34,-3.79,-2.71,4.53,2.26,0.04
US-Pfa,-90.2723,45.9459,2005,11,21,2.39,-5.91,-2.25,5.32,4.7,0.57
US-Pfa,-90.2723,45.9459,2005,11,22,-2.3,-9.88,-8.43,2.89,5.29,0.53
US-Pfa,-90.2723,45.9459,2005,11,23,1.34,-12.56,-5.8,7.09,2.43,4.69
US-Pfa,-90.2723,45.9459,2005,11,24,-8.83,-15.67,-15.46,8.5,8.26,1.59
US-Pfa,-90.2723,45.9459,2005,11,25,-6.18,-12.51,-13.42,2.28,4.21,0.37
US-Pfa,-90.2723,45.9459,2005,11,26,-3.79,-13.76,-10.87,3.37,6.65,0.1
US-Pfa,-90.2723,45.9459,2005,11,27,2.55,-4.04,0.11,4.79,2.36,6.58
US-Pfa,-90.2723,45.9459,2005,11,28,4.72,1.17,2.85,4.82,1.71,9.35
US-Pfa,-90.2723,45.9459,2005,11,29,1.1,-6.04,-4.48,4.96,2.04,2.01
US-Pfa,-90.2723,45.9459,2005,11,30,-4.55,-8.17,-11.53,2.35,5.21,0.23
US-Pfa,-90.2723,45.9459,2005,12,1,-6.23,-11.21,-11.73,4.33,3.89,1.23
US-Pfa,-90.2723,45.9459,2005,12,2,-9.56,-12.83,-14.7,3.97,4.02,0.14
US-Pfa,-90.2723,45.9459,2005,12,3,-7.6,-13.27,-12.74,2.05,2.88,0.83
US-Pfa,-90.2723,45.9459,2005,12,4,-10,-17.43,-15.94,5.28,7.31,0.14
US-Pfa,-90.2723,45.9459,2005,12,5,-13.44,-19.03,-18.49,4.41,6.22,0.12
US-Pfa,-90.2723,45.9459,2005,12,6,-13.32,-18.87,-18.42,3.65,6.5,0.14
US-Pfa,-90.2723,45.9459,2005,12,7,-5.18,-15.83,-11.27,2.03,4.94,0.33
US-Pfa,-90.2723,45.9459,2005,12,8,-5.92,-14.07,-13.08,1.93,6.74,0.01
US-Pfa,-90.2723,45.9459,2005,12,9,-8.14,-14.35,-13.04,6.22,7.19,0.05
US-Pfa,-90.2723,45.9459,2005,12,10,-2.4,-10.32,-8.52,5.85,2.35,1.43
US-Pfa,-90.2723,45.9459,2005,12,11,-7.07,-14.33,-12.32,3.05,4.84,0.27
US-Pfa,-90.2723,45.9459,2005,12,12,-6.29,-15.17,-11.74,3.24,2.3,0.26
US-Pfa,-90.2723,45.9459,2005,12,13,-3.56,-9.98,-7.86,4.2,2.91,0.07
US-Pfa,-90.2723,45.9459,2005,12,14,-1.84,-6.12,-5.24,7.49,1.96,4.17
US-Pfa,-90.2723,45.9459,2005,12,15,-0.69,-5.07,-4.74,3.05,3.42,1.54
US-Pfa,-90.2723,45.9459,2005,12,16,-2.63,-8.85,-6.9,3.35,2.41,1.88
US-Pfa,-90.2723,45.9459,2005,12,17,-9,-14.89,-13.33,4.36,6.09,0.17
US-Pfa,-90.2723,45.9459,2005,12,18,-10.05,-19.05,-15.39,4.36,6.19,0.07
US-Pfa,-90.2723,45.9459,2005,12,19,-8.97,-18.25,-15.69,6.12,6.61,0
US-Pfa,-90.2723,45.9459,2005,12,20,-5.22,-15.76,-12.14,3.23,4.87,0.15
US-Pfa,-90.2723,45.9459,2005,12,21,-5.87,-12.88,-10.94,3.79,3.81,0.21
US-Pfa,-90.2723,45.9459,2005,12,22,0.76,-9.71,-4.61,5.2,6.48,0.04
US-Pfa,-90.2723,45.9459,2005,12,23,1.13,-2.7,-1.22,1.54,3.08,1.59
US-Pfa,-90.2723,45.9459,2005,12,24,1.45,-3.22,-0.98,2.17,2.28,0.7
US-Pfa,-90.2723,45.9459,2005,12,25,1.14,-3.5,-1.98,2.66,2.34,0.54
US-Pfa,-90.2723,45.9459,2005,12,26,0.66,-4.98,-3.55,2.46,3.61,0.11
US-Pfa,-90.2723,45.9459,2005,12,27,-0.48,-4.22,-3.52,1.51,3.06,0.06
US-Pfa,-90.2723,45.9459,2005,12,28,1.04,-4.6,-2.33,3.74,4.24,0.47
US-Pfa,-90.2723,45.9459,2005,12,29,-1.06,-5.93,-5.53,2.37,4.76,0.29
US-Pfa,-90.2723,45.9459,2005,12,30,-0.22,-4.39,-3.92,4.58,3.08,6.14
US-Pfa,-90.2723,45.9459,2005,12,31,0.18,-5.97,-4.29,2.16,3.6,0.5
US-Pfa,-90.2723,45.9459,2006,1,1,-1,-6.45,-4.78,2.55,4.03,0.15
US-Pfa,-90.2723,45.9459,2006,1,2,0.12,-3.55,-2.75,4.75,3.1,0.31
US-Pfa,-90.2723,45.9459,2006,1,3,0.27,-4.05,-2.31,2.73,1.43,0.31
US-Pfa,-90.2723,45.9459,2006,1,4,0.53,-2.58,-1.51,3.85,1.13,2.74
US-Pfa,-90.2723,45.9459,2006,1,5,-2.81,-9.23,-7.11,5.16,2.07,0.4
US-Pfa,-90.2723,45.9459,2006,1,6,-4.01,-9.33,-7.98,4.42,3.21,0.22
US-Pfa,-90.2723,45.9459,2006,1,7,-1.74,-7.75,-6.34,3.12,4.54,0.16
US-Pfa,-90.2723,45.9459,2006,1,8,-2.35,-8.12,-6.27,2.57,4.65,1.47
US-Pfa,-90.2723,45.9459,2006,1,9,-4.51,-15.56,-10.35,4.31,7.23,0.18
US-Pfa,-90.2723,45.9459,2006,1,10,-3.6,-15.26,-11.68,6.04,8,0
US-Pfa,-90.2723,45.9459,2006,1,11,-0.22,-12.43,-5.99,4.61,7.25,0.02
US-Pfa,-90.2723,45.9459,2006,1,12,1.48,-4.93,-2.95,3.26,6.47,0.02
US-Pfa,-90.2723,45.9459,2006,1,13,-1.13,-8.9,-4.76,6.15,7.06,0.2
US-Pfa,-90.2723,45.9459,2006,1,14,-3.4,-12.52,-9.4,2.78,6.62,0.13
US-Pfa,-90.2723,45.9459,2006,1,15,-1.18,-6.65,-5.13,7.55,6.4,0.58
US-Pfa,-90.2723,45.9459,2006,1,16,-1.36,-5.96,-5.04,5.38,3.63,1.57
US-Pfa,-90.2723,45.9459,2006,1,17,-4.33,-11.35,-8.02,3.33,4.69,3.06
US-Pfa,-90.2723,45.9459,2006,1,18,-9.69,-17.54,-13.98,4.66,7.51,0.05
US-Pfa,-90.2723,45.9459,2006,1,19,-5.82,-14.31,-11.2,2.39,3.2,4.16
US-Pfa,-90.2723,45.9459,2006,1,20,-3.88,-14.79,-10.13,3.23,7.02,0.14
US-Pfa,-90.2723,45.9459,2006,1,21,-5.53,-15.73,-11.17,3.45,8.34,0.01
US-Pfa,-90.2723,45.9459,2006,1,22,-3.27,-11.91,-7.61,4.86,5.17,0.09
US-Pfa,-90.2723,45.9459,2006,1,23,-3.74,-20.55,-11.86,6.04,7.88,0.65
US-Pfa,-90.2723,45.9459,2006,1,24,-1.49,-6.39,-5.22,9.12,6.22,3.43
US-Pfa,-90.2723,45.9459,2006,1,25,-5.84,-13.02,-9.53,4.65,9.41,0.12
US-Pfa,-90.2723,45.9459,2006,1,26,0.04,-15.25,-7.71,6.25,9.18,0
US-Pfa,-90.2723,45.9459,2006,1,27,2.83,-2.99,-1.1,6.73,8.93,0.02
US-Pfa,-90.2723,45.9459,2006,1,28,1.33,-5.69,-2.16,4,5.09,3.09
US-Pfa,-90.2723,45.9459,2006,1,29,-0.47,-4.24,-2.73,5.89,5.89,5.92
US-Pfa,-90.2723,45.9459,2006,1,30,-4.08,-13.29,-8.82,5.42,4.41,0.68
US-Pfa,-90.2723,45.9459,2006,1,31,-3.38,-14.44,-9.56,3.39,4.02,0.94
US-Pfa,-90.2723,45.9459,2006,2,1,-0.78,-9.98,-5.01,5.29,4.21,8.59
US-Pfa,-90.2723,45.9459,2006,2,2,0.12,-13.04,-5.97,4.39,9.48,0.13
US-Pfa,-90.2723,45.9459,2006,2,3,-0.38,-6.75,-4.3,4.37,6.21,1.4
US-Pfa,-90.2723,45.9459,2006,2,4,-6.76,-10.65,-9.53,6.95,7.05,0.84
US-Pfa,-90.2723,45.9459,2006,2,5,-7.95,-15.44,-11.58,6.9,10.48,0.42
US-Pfa,-90.2723,45.9459,2006,2,6,-6.62,-16.21,-13.56,6.02,11.77,0.01
US-Pfa,-90.2723,45.9459,2006,2,7,-6.31,-16.28,-13.06,3.97,10.08,0.05
US-Pfa,-90.2723,45.9459,2006,2,8,-5.93,-18.28,-14.15,4.22,11.54,0.01
US-Pfa,-90.2723,45.9459,2006,2,9,-6.67,-20.77,-14.44,3.86,7.94,0.55
US-Pfa,-90.2723,45.9459,2006,2,10,-3.77,-12.75,-9.67,2.59,5.55,0.28
US-Pfa,-90.2723,45.9459,2006,2,11,-2.98,-15.49,-9.93,3.18,8.97,0.58
US-Pfa,-90.2723,45.9459,2006,2,12,-7.03,-18.06,-13.94,4.25,10.1,0.16
US-Pfa,-90.2723,45.9459,2006,2,13,-5.84,-15.75,-12.43,3.15,10.02,0.1
US-Pfa,-90.2723,45.9459,2006,2,14,-1.18,-13.7,-6.84,5.15,7.4,0.57
US-Pfa,-90.2723,45.9459,2006,2,15,-10.3,-21.86,-16.8,3.24,11.98,0.01
US-Pfa,-90.2723,45.9459,2006,2,16,-7.41,-17.74,-13.15,5.49,6.38,2.41
US-Pfa,-90.2723,45.9459,2006,2,17,-11.96,-26.76,-21.29,7.26,13.68,0.18
US-Pfa,-90.2723,45.9459,2006,2,18,-14.96,-28.83,-23.65,5.18,14.13,0.03
US-Pfa,-90.2723,45.9459,2006,2,19,-10.13,-23.53,-18.99,6.29,13.9,0
US-Pfa,-90.2723,45.9459,2006,2,20,-6.33,-21.46,-13.89,5.58,13.79,0.45
US-Pfa,-90.2723,45.9459,2006,2,21,-7.14,-18.38,-12.55,3.99,13.84,0.53
US-Pfa,-90.2723,45.9459,2006,2,22,-3.16,-11.22,-8.59,4.35,10.71,0.51
US-Pfa,-90.2723,45.9459,2006,2,23,-5.99,-19.2,-12.04,5.41,13.21,0.17
US-Pfa,-90.2723,45.9459,2006,2,24,-6.92,-19.78,-12.17,3.94,8.1,4.46
US-Pfa,-90.2723,45.9459,2006,2,25,-7.8,-21.44,-13.96,5.95,16.2,0.08
US-Pfa,-90.2723,45.9459,2006,2,26,-7.57,-22.11,-14.78,3.98,13.55,0.18
US-Pfa,-90.2723,45.9459,2006,2,27,-7.52,-17.01,-13.65,2.9,13.78,0.05
US-Pfa,-90.2723,45.9459,2006,2,28,-3.44,-15.13,-12.21,1.42,12.66,0
US-Pfa,-90.2723,45.9459,2006,3,1,-3.69,-12.65,-9.29,2.88,8.59,1.89
US-Pfa,-90.2723,45.9459,2006,3,2,-2.68,-9.83,-7.58,3.94,14.55,3.94
US-Pfa,-90.2723,45.9459,2006,3,3,-4.13,-15.97,-10.24,3.06,12.55,0.05
US-Pfa,-90.2723,45.9459,2006,3,4,-3.77,-16.48,-11.71,1.76,16.79,0.02
US-Pfa,-90.2723,45.9459,2006,3,5,-2.34,-12.51,-6.96,3.41,6.43,3.85
US-Pfa,-90.2723,45.9459,2006,3,6,-0.41,-7.07,-4.85,1.79,6.4,1.42
US-Pfa,-90.2723,45.9459,2006,3,7,0.29,-8.71,-3.93,5.42,10.73,1.48
US-Pfa,-90.2723,45.9459,2006,3,8,1.38,-1.96,-0.69,3.45,6.12,0.85
US-Pfa,-90.2723,45.9459,2006,3,9,3.48,-4.74,-1.62,2.49,11.78,0.42
US-Pfa,-90.2723,45.9459,2006,3,10,4.55,-5.01,-2.58,3.3,14.65,0.04
US-Pfa,-90.2723,45.9459,2006,3,11,11.41,-2.93,1.61,6.82,9.61,0.18
US-Pfa,-90.2723,45.9459,2006,3,12,7.69,-4.14,-4.46,2.69,10.82,2.86
US-Pfa,-90.2723,45.9459,2006,3,13,0.3,-6.42,-3.98,9.12,4.71,18.81
US-Pfa,-90.2723,45.9459,2006,3,14,-5.75,-8.85,-8.46,7.7,12.78,0.41
US-Pfa,-90.2723,45.9459,2006,3,15,-1.59,-12.81,-8.96,3.63,16.4,0.02
US-Pfa,-90.2723,45.9459,2006,3,16,-0.65,-10.29,-8.59,4.11,13.73,0.01
US-Pfa,-90.2723,45.9459,2006,3,17,-2.12,-12.99,-10.8,4.1,20.25,0
US-Pfa,-90.2723,45.9459,2006,3,18,-1.95,-14.43,-11.14,4.52,20.9,0
US-Pfa,-90.2723,45.9459,2006,3,19,0.31,-11.75,-9.48,4.79,20.24,0
US-Pfa,-90.2723,45.9459,2006,3,20,-0.4,-12.33,-9.11,5.15,18.3,0
US-Pfa,-90.2723,45.9459,2006,3,21,-2.29,-8.62,-8.54,5.4,19.92,0.01
US-Pfa,-90.2723,45.9459,2006,3,22,2.33,-7.57,-4.06,4.99,20.24,0.54
US-Pfa,-90.2723,45.9459,2006,3,23,1.64,-5.08,-4.22,3.36,10.9,1.11
US-Pfa,-90.2723,45.9459,2006,3,24,3.14,-4.06,-3.18,3.93,13.11,0.51
US-Pfa,-90.2723,45.9459,2006,3,25,3.76,-3.6,-3.68,3.56,11.48,0.17
US-Pfa,-90.2723,45.9459,2006,3,26,6.93,-5.93,-6.22,2.6,21.54,0
US-Pfa,-90.2723,45.9459,2006,3,27,9.32,-3.22,-4.12,3.23,17.99,0
US-Pfa,-90.2723,45.9459,2006,3,28,11.17,-2.9,-2.38,2.45,20.51,0
US-Pfa,-90.2723,45.9459,2006,3,29,12.52,-2.37,0.26,5.22,18.81,0
US-Pfa,-90.2723,45.9459,2006,3,30,13.55,1.96,5.62,7.01,7.14,2.32
US-Pfa,-90.2723,45.9459,2006,3,31,12,-0.01,6.59,5.87,8.84,9.83
US-Pfa,-90.2723,45.9459,2006,4,1,10.55,-1.8,-0.96,4.4,14.18,0.19
US-Pfa,-90.2723,45.9459,2006,4,2,5.32,-0.06,0.7,4.44,3.85,4.31
US-Pfa,-90.2723,45.9459,2006,4,3,6.21,-2.24,-3.74,8.1,23.15,0.54
US-Pfa,-90.2723,45.9459,2006,4,4,7.54,-4.13,-5.46,6.33,23.71,0
US-Pfa,-90.2723,45.9459,2006,4,5,13.8,-3.15,-5.69,2.05,17.37,0
US-Pfa,-90.2723,45.9459,2006,4,6,14.48,2.04,1.2,3.17,11.05,0.19
US-Pfa,-90.2723,45.9459,2006,4,7,3.64,-5.87,-6.35,6.58,22.09,0.03
US-Pfa,-90.2723,45.9459,2006,4,8,9.28,-5.41,-5.21,3.06,24.1,0
US-Pfa,-90.2723,45.9459,2006,4,9,10.8,-2.4,-3.04,3.85,17.32,0
US-Pfa,-90.2723,45.9459,2006,4,10,19.2,3.16,3.85,5.42,22.17,0
US-Pfa,-90.2723,45.9459,2006,4,11,20.96,6.82,7.48,6.51,15.11,0.47
US-Pfa,-90.2723,45.9459,2006,4,12,18.17,6.7,7.12,4.99,21.46,0.49
US-Pfa,-90.2723,45.9459,2006,4,13,14.75,3.2,5.58,3.57,10.36,1
US-Pfa,-90.2723,45.9459,2006,4,14,18.33,4.91,4.77,4.34,24.28,0.05
US-Pfa,-90.2723,45.9459,2006,4,15,20.89,3.99,2.7,2.75,21.55,0
US-Pfa,-90.2723,45.9459,2006,4,16,18.23,4.03,2.77,4.95,19.03,0.03
US-Pfa,-90.2723,45.9459,2006,4,17,18.29,0.79,-1.45,3.95,25.72,0.02
US-Pfa,-90.2723,45.9459,2006,4,18,17.03,0.34,0.71,6.1,24.07,0
US-Pfa,-90.2723,45.9459,2006,4,19,16.13,3.67,5.03,5.56,12.71,1.66
US-Pfa,-90.2723,45.9459,2006,4,20,14.97,4.11,4.65,4.77,15.04,0.5
US-Pfa,-90.2723,45.9459,2006,4,21,11.62,3.5,3.98,3.04,11.03,1.86
US-Pfa,-90.2723,45.9459,2006,4,22,12.74,3.34,4.69,3.22,14.33,1.2
US-Pfa,-90.2723,45.9459,2006,4,23,16.41,5.66,5.7,4.09,18.8,0.3
US-Pfa,-90.2723,45.9459,2006,4,24,15.88,1.14,4.16,5.09,11.62,0.43
US-Pfa,-90.2723,45.9459,2006,4,25,11.48,-3.49,-4.69,4.02,27.31,0
US-Pfa,-90.2723,45.9459,2006,4,26,18.22,2.43,-0.19,5.61,27.51,0
US-Pfa,-90.2723,45.9459,2006,4,27,17.4,1.25,-0.94,2.89,25.44,0
US-Pfa,-90.2723,45.9459,2006,4,28,16.28,1.02,-1.15,4.92,14.94,0.05
US-Pfa,-90.2723,45.9459,2006,4,29,13.7,5.29,0.41,5.71,6.94,1.73
US-Pfa,-90.2723,45.9459,2006,4,30,12.47,6.73,7.28,8.99,3.52,3.14
US-Pfa,-90.2723,45.9459,2006,5,1,12.66,8.64,9.34,6.66,5.27,5.27
US-Pfa,-90.2723,45.9459,2006,5,2,16.68,8.27,8.73,3.02,17.39,0.56
US-Pfa,-90.2723,45.9459,2006,5,3,17.58,6.21,4.77,5.68,27.65,0.03
US-Pfa,-90.2723,45.9459,2006,5,4,14.38,4.32,4.02,5.34,16.74,0.16
US-Pfa,-90.2723,45.9459,2006,5,5,9.23,-0.09,-0.48,3.68,17.46,0.34
US-Pfa,-90.2723,45.9459,2006,5,6,16.42,-1.48,0.75,4.91,21.96,0.04
US-Pfa,-90.2723,45.9459,2006,5,7,20.36,4.43,5.95,3.37,25.65,0.04
US-Pfa,-90.2723,45.9459,2006,5,8,15.85,6.21,9.7,5.91,7.41,3.06
US-Pfa,-90.2723,45.9459,2006,5,9,17.41,9.8,12.04,3.18,10.61,13.5
US-Pfa,-90.2723,45.9459,2006,5,10,17.72,5.31,8.59,3.78,16.97,0.83
US-Pfa,-90.2723,45.9459,2006,5,11,4.06,0.63,0.01,9.82,7.19,11.43
US-Pfa,-90.2723,45.9459,2006,5,12,3.34,0.37,0.64,6.03,9.18,5.6
US-Pfa,-90.2723,45.9459,2006,5,13,10.92,2.76,4.54,4.1,10.76,3.07
US-Pfa,-90.2723,45.9459,2006,5,14,14.47,6.17,8.04,3.94,13.58,1.58
US-Pfa,-90.2723,45.9459,2006,5,15,15,6.72,8.42,4.31,13.36,0.94
US-Pfa,-90.2723,45.9459,2006,5,16,18.85,8.56,8.45,4.53,22.06,0.39
US-Pfa,-90.2723,45.9459,2006,5,17,15.84,7.38,5.83,5.47,24,1.25
US-Pfa,-90.2723,45.9459,2006,5,18,12.97,4.01,1.82,5.11,25.54,0.14
US-Pfa,-90.2723,45.9459,2006,5,19,16.37,3.99,0.6,2.74,25.17,0.02
US-Pfa,-90.2723,45.9459,2006,5,20,18.39,3.21,2.12,5.83,16.81,0.91
US-Pfa,-90.2723,45.9459,2006,5,21,11.56,0.89,-3.06,4.35,26.85,0
US-Pfa,-90.2723,45.9459,2006,5,22,18.29,0.67,0.33,2.4,30.64,0
US-Pfa,-90.2723,45.9459,2006,5,23,23.46,5.06,7.88,3.58,28.09,0
US-Pfa,-90.2723,45.9459,2006,5,24,24.07,12.31,14.91,4.92,16.43,11
US-Pfa,-90.2723,45.9459,2006,5,25,23.16,11.61,14.7,2.51,14.19,2.94
US-Pfa,-90.2723,45.9459,2006,5,26,22.49,10.79,13.01,3,25.76,0.18
US-Pfa,-90.2723,45.9459,2006,5,27,26.36,12.92,16.68,5.82,18.47,12.15
US-Pfa,-90.2723,45.9459,2006,5,28,28.96,18.01,19.68,5.02,27.94,0.32
US-Pfa,-90.2723,45.9459,2006,5,29,25.73,19.29,20.04,4.61,26.97,2.26
US-Pfa,-90.2723,45.9459,2006,5,30,23.9,14.32,14.48,3.21,21.41,0.65
US-Pfa,-90.2723,45.9459,2006,5,31,23.86,11.31,8.69,2.77,25.61,0
US-Pfa,-90.2723,45.9459,2006,6,1,23.45,11.83,10.94,2.42,24.97,0.33
US-Pfa,-90.2723,45.9459,2006,6,2,21.96,10.78,10.21,3.13,29.06,0.05
US-Pfa,-90.2723,45.9459,2006,6,3,23.24,10.78,9.11,2.65,28.4,0
US-Pfa,-90.2723,45.9459,2006,6,4,23.45,9.9,8.79,3.36,30.91,0
US-Pfa,-90.2723,45.9459,2006,6,5,25.14,10.9,11.17,4.75,24.88,0.25
US-Pfa,-90.2723,45.9459,2006,6,6,21.84,14.45,15.71,3.65,15.72,14.04
US-Pfa,-90.2723,45.9459,2006,6,7,24.14,12.92,13.12,3.73,29.28,0.05
US-Pfa,-90.2723,45.9459,2006,6,8,21.11,10.91,8.54,4.06,31.06,0
US-Pfa,-90.2723,45.9459,2006,6,9,16.28,7.71,3.34,3.72,10.61,0.14
US-Pfa,-90.2723,45.9459,2006,6,10,16.81,5.39,0.99,3.66,22.44,0
US-Pfa,-90.2723,45.9459,2006,6,11,19.08,6.98,3.87,2.59,20.71,0.01
US-Pfa,-90.2723,45.9459,2006,6,12,21.22,5.09,6.58,2.02,29.97,0
US-Pfa,-90.2723,45.9459,2006,6,13,20.3,10.88,10.88,2.5,21.9,2.57
US-Pfa,-90.2723,45.9459,2006,6,14,21.85,11.87,12.48,3.39,25.02,0.25
US-Pfa,-90.2723,45.9459,2006,6,15,24.22,10.82,14.52,4.63,18.86,0.17
US-Pfa,-90.2723,45.9459,2006,6,16,28.5,17.6,18.65,5.46,23.41,0.14
US-Pfa,-90.2723,45.9459,2006,6,17,28.64,18.69,19.46,5.77,20.93,6.49
US-Pfa,-90.2723,45.9459,2006,6,18,25.24,15.22,13.66,4.19,27.04,0.59
US-Pfa,-90.2723,45.9459,2006,6,19,20.93,11.82,11.43,3.99,23.13,0.6
US-Pfa,-90.2723,45.9459,2006,6,20,23.49,10.07,9.52,3.63,11.79,0.29
US-Pfa,-90.2723,45.9459,2006,6,21,26.85,14.95,13.99,4.1,24.35,0.75
US-Pfa,-90.2723,45.9459,2006,6,22,20.37,9.67,9.26,3.94,27.45,0.01
US-Pfa,-90.2723,45.9459,2006,6,23,23.03,8.47,7.79,3.34,29.47,0.73
US-Pfa,-90.2723,45.9459,2006,6,24,23.54,13.21,12.92,1.61,20.8,5.99
US-Pfa,-90.2723,45.9459,2006,6,25,23.22,13.17,11.9,3.48,19.73,2.17
US-Pfa,-90.2723,45.9459,2006,6,26,25.71,13.31,10.73,1.3,28.71,0.12
US-Pfa,-90.2723,45.9459,2006,6,27,21.17,13.29,11.42,3.14,22.6,2.07
US-Pfa,-90.2723,45.9459,2006,6,28,21.87,11.84,10.43,3.12,23.53,1.55
US-Pfa,-90.2723,45.9459,2006,6,29,25.67,11.08,9.42,2.87,29.12,0
US-Pfa,-90.2723,45.9459,2006,6,30,27.17,14.64,13.46,2.76,26.75,0.22
US-Pfa,-90.2723,45.9459,2006,7,1,27.4,17.72,16.53,5.19,20.76,3.4
US-Pfa,-90.2723,45.9459,2006,7,2,27.58,15.06,11.24,4.26,29.81,0
US-Pfa,-90.2723,45.9459,2006,7,3,27.93,15.38,12.88,3.91,22.98,2.36
US-Pfa,-90.2723,45.9459,2006,7,4,21.37,12.36,8.33,4.08,27,0.01
US-Pfa,-90.2723,45.9459,2006,7,5,23.47,10.39,7.87,3.36,25.52,0.01
US-Pfa,-90.2723,45.9459,2006,7,6,27.71,11.64,9.35,2.37,25.18,0
US-Pfa,-90.2723,45.9459,2006,7,7,28.07,14.62,10.34,4.73,27.8,0
US-Pfa,-90.2723,45.9459,2006,7,8,26.47,16.75,14.46,5.86,19.35,6.28
US-Pfa,-90.2723,45.9459,2006,7,9,23.25,9.44,10.43,4.46,28.65,0.1
US-Pfa,-90.2723,45.9459,2006,7,10,23.3,7.57,9.98,2.06,23.48,0.01
US-Pfa,-90.2723,45.9459,2006,7,11,26.87,13.6,13.71,2.57,21.41,0.24
US-Pfa,-90.2723,45.9459,2006,7,12,30.97,15,15.08,1.44,27.65,0
US-Pfa,-90.2723,45.9459,2006,7,13,31.75,17.51,15.68,3.64,26.61,0.56
US-Pfa,-90.2723,45.9459,2006,7,14,30.98,19.76,16.86,3.78,27.52,3.94
US-Pfa,-90.2723,45.9459,2006,7,15,35.69,18.55,12.91,4.83,28.51,0
US-Pfa,-90.2723,45.9459,2006,7,16,36.57,21.94,16.59,4.44,15.96,0.6
US-Pfa,-90.2723,45.9459,2006,7,17,29.23,16.2,12.9,5.18,27.47,0.08
US-Pfa,-90.2723,45.9459,2006,7,18,30.39,14.39,9.55,2.24,27.06,0
US-Pfa,-90.2723,45.9459,2006,7,19,30.84,16.07,12.9,5.44,10,0.15
US-Pfa,-90.2723,45.9459,2006,7,20,28.03,17.09,12.26,3.66,27.91,0.08
US-Pfa,-90.2723,45.9459,2006,7,21,25.64,15.63,10.48,2.41,14.65,0.2
US-Pfa,-90.2723,45.9459,2006,7,22,24.89,15.07,10.99,2.98,22.58,0.64
US-Pfa,-90.2723,45.9459,2006,7,23,26.26,13.08,12.62,3.51,23.88,6.04
US-Pfa,-90.2723,45.9459,2006,7,24,31.5,16.27,15.08,3.7,20.91,1.6
US-Pfa,-90.2723,45.9459,2006,7,25,31.36,16.94,17.49,2.89,23.33,7.41
US-Pfa,-90.2723,45.9459,2006,7,26,27.97,19.42,16.85,3.52,25.96,2.29
US-Pfa,-90.2723,45.9459,2006,7,27,30,16.88,15.1,2.24,23,0.22
US-Pfa,-90.2723,45.9459,2006,7,28,31.87,18.57,18.42,4.03,26.36,22.39
US-Pfa,-90.2723,45.9459,2006,7,29,28.38,20.94,21.03,2.33,17.75,16.85
US-Pfa,-90.2723,45.9459,2006,7,30,28.46,21.03,22,4.18,17.19,10.75
US-Pfa,-90.2723,45.9459,2006,7,31,33.88,21.24,20.83,5.87,26.52,4.12
US-Pfa,-90.2723,45.9459,2006,8,1,24.04,17.5,20.59,2.67,8.69,29.62
US-Pfa,-90.2723,45.9459,2006,8,2,24.24,15.75,15.44,3.49,17.19,17.45
US-Pfa,-90.2723,45.9459,2006,8,3,26.22,14.92,13.69,3.19,26.82,0.09
US-Pfa,-90.2723,45.9459,2006,8,4,26.05,14.74,13.45,2.37,24.83,0.04
US-Pfa,-90.2723,45.9459,2006,8,5,26.23,17.22,15.36,4.34,12.09,5.2
US-Pfa,-90.2723,45.9459,2006,8,6,25.83,14.79,13.22,4.58,17.23,0.52
US-Pfa,-90.2723,45.9459,2006,8,7,23.07,12.46,10.63,3.6,26.58,0
US-Pfa,-90.2723,45.9459,2006,8,8,24.53,11.07,9.86,2.98,25.1,0
US-Pfa,-90.2723,45.9459,2006,8,9,26.51,14.42,13.35,3.02,14.4,0
US-Pfa,-90.2723,45.9459,2006,8,10,25.22,14.27,14.09,3.62,17.53,0.29
US-Pfa,-90.2723,45.9459,2006,8,11,24.4,11.7,8.75,2.69,23.15,0.1
US-Pfa,-90.2723,45.9459,2006,8,12,25.84,10.23,11.27,3.04,23.81,0
US-Pfa,-90.2723,45.9459,2006,8,13,27.1,15.06,15.06,4.93,10.25,2.78
US-Pfa,-90.2723,45.9459,2006,8,14,24.29,13.25,10.84,5.4,25.25,1.06
US-Pfa,-90.2723,45.9459,2006,8,15,24.47,11,8.07,3.13,26.57,0
US-Pfa,-90.2723,45.9459,2006,8,16,28.39,13.68,12.62,3.98,21.82,0.01
US-Pfa,-90.2723,45.9459,2006,8,17,24.66,15.24,12.23,4.34,8.94,0.06
US-Pfa,-90.2723,45.9459,2006,8,18,26.57,14.37,17.13,2.09,12.88,6.23
US-Pfa,-90.2723,45.9459,2006,8,19,21.14,14.74,13.58,3.87,17.25,13.17
US-Pfa,-90.2723,45.9459,2006,8,20,25.36,10.75,10.08,2.75,23.51,0
US-Pfa,-90.2723,45.9459,2006,8,21,25.28,14.19,12.19,3.53,22.21,0.22
US-Pfa,-90.2723,45.9459,2006,8,22,24.22,13.14,7.97,2.48,23.35,0
US-Pfa,-90.2723,45.9459,2006,8,23,20.35,11.48,10.7,2.39,16.06,9.5
US-Pfa,-90.2723,45.9459,2006,8,24,22.09,12.8,12.74,4.8,8.04,12.78
US-Pfa,-90.2723,45.9459,2006,8,25,22.7,13.24,15.83,3.27,5.95,7.3
US-Pfa,-90.2723,45.9459,2006,8,26,23.03,14.06,13.67,2.23,16.01,0.24
US-Pfa,-90.2723,45.9459,2006,8,27,26.18,10.97,11.17,2.11,21.73,0
US-Pfa,-90.2723,45.9459,2006,8,28,24.76,13.19,10.65,1.91,5.53,0.01
US-Pfa,-90.2723,45.9459,2006,8,29,24.63,12.27,12.89,3.73,19.89,0.02
US-Pfa,-90.2723,45.9459,2006,8,30,24.93,10.31,10.43,2.6,20.33,0
US-Pfa,-90.2723,45.9459,2006,8,31,23.12,7.82,7.72,3.52,23.21,0
US-Pfa,-90.2723,45.9459,2006,9,1,24.26,8.44,9.04,2.65,22.16,0.02
US-Pfa,-90.2723,45.9459,2006,9,2,23.71,9.42,10.15,2.08,18.83,0
US-Pfa,-90.2723,45.9459,2006,9,3,25.18,10.57,10.94,1.74,17.53,0
US-Pfa,-90.2723,45.9459,2006,9,4,25.46,13.88,10.27,1.35,17.05,0.05
US-Pfa,-90.2723,45.9459,2006,9,5,26.47,11.37,9.17,3.25,21.54,0
US-Pfa,-90.2723,45.9459,2006,9,6,25.49,11.6,11.42,2.05,20.09,0.68
US-Pfa,-90.2723,45.9459,2006,9,7,25.97,13.42,10.93,4.49,18.79,0.33
US-Pfa,-90.2723,45.9459,2006,9,8,16.65,5.08,7.84,4.07,8.53,2.1
US-Pfa,-90.2723,45.9459,2006,9,9,17.73,2.89,1.67,3.27,20.8,0
US-Pfa,-90.2723,45.9459,2006,9,10,18.82,1.93,2.54,3.07,10.51,0.03
US-Pfa,-90.2723,45.9459,2006,9,11,18.32,7.43,7.1,3.21,7.1,1.29
US-Pfa,-90.2723,45.9459,2006,9,12,18.83,9.11,9.58,2.97,10.72,0.44
US-Pfa,-90.2723,45.9459,2006,9,13,21.95,8.94,6.61,2.6,21.27,0.03
US-Pfa,-90.2723,45.9459,2006,9,14,23.59,7.57,6.7,3.49,20.62,0
US-Pfa,-90.2723,45.9459,2006,9,15,24.41,11.16,11.81,4.95,18.9,0.03
US-Pfa,-90.2723,45.9459,2006,9,16,22.23,14.74,14.88,7.88,12.12,8.32
US-Pfa,-90.2723,45.9459,2006,9,17,22.03,8.8,12.15,5.52,10.02,1.91
US-Pfa,-90.2723,45.9459,2006,9,18,13.05,5.75,3.88,4.87,6.26,1.84
US-Pfa,-90.2723,45.9459,2006,9,19,10.55,3.3,3.56,5.07,11.59,2.73
US-Pfa,-90.2723,45.9459,2006,9,20,14.13,1.08,0.47,3.32,18.03,0.12
US-Pfa,-90.2723,45.9459,2006,9,21,17.54,1.9,2.43,3.7,9.7,0.74
US-Pfa,-90.2723,45.9459,2006,9,22,14.13,9.42,10.8,5.65,2.17,6.26
US-Pfa,-90.2723,45.9459,2006,9,23,17.91,8.69,10.51,3.32,8.28,8.02
US-Pfa,-90.2723,45.9459,2006,9,24,14.8,6.46,4.24,5.04,17.74,0.35
US-Pfa,-90.2723,45.9459,2006,9,25,15.84,5.85,3.99,5.19,18.31,0.02
US-Pfa,-90.2723,45.9459,2006,9,26,18.37,4.52,4.88,5.61,15.74,4.94
US-Pfa,-90.2723,45.9459,2006,9,27,9.85,4.87,6.04,4.62,9.65,4.25
US-Pfa,-90.2723,45.9459,2006,9,28,10.21,3.96,2.34,2.65,11.68,1.34
US-Pfa,-90.2723,45.9459,2006,9,29,8.92,3.27,3.85,3.12,5.66,2.17
US-Pfa,-90.2723,45.9459,2006,9,30,14.62,4.03,5.54,3.81,13.32,0.26
US-Pfa,-90.2723,45.9459,2006,10,1,19.18,2.55,4.94,3.8,16.63,0
US-Pfa,-90.2723,45.9459,2006,10,2,23.79,9.73,10.5,2.98,13.59,0.02
US-Pfa,-90.2723,45.9459,2006,10,3,20.34,7.69,8.36,3.94,8.17,5.09
US-Pfa,-90.2723,45.9459,2006,10,4,14.14,4.08,2.9,4.87,15.62,2.18
US-Pfa,-90.2723,45.9459,2006,10,5,15.89,2.59,0.42,1.72,16.87,0
US-Pfa,-90.2723,45.9459,2006,10,6,15.74,1.97,1.85,5.53,14.56,0
US-Pfa,-90.2723,45.9459,2006,10,7,20.73,7.14,3.23,7.53,13.51,0
US-Pfa,-90.2723,45.9459,2006,10,8,18.06,8.4,3.81,5.66,8.78,0.18
US-Pfa,-90.2723,45.9459,2006,10,9,9.05,0.61,-0.61,3.15,5.9,0.02
US-Pfa,-90.2723,45.9459,2006,10,10,11.43,0.34,-2.1,2.67,13.43,0.13
US-Pfa,-90.2723,45.9459,2006,10,11,3.28,-4.82,-2.81,5.82,6.61,7.33
US-Pfa,-90.2723,45.9459,2006,10,12,-0.35,-6.32,-7.3,7.56,5.8,3.1
US-Pfa,-90.2723,45.9459,2006,10,13,1.09,-2.15,-2.85,8.34,4.98,5.22
US-Pfa,-90.2723,45.9459,2006,10,14,4.19,-5.09,-5.25,4.98,8.84,0.15
US-Pfa,-90.2723,45.9459,2006,10,15,8,-4.88,-5.89,3.61,14.43,0
US-Pfa,-90.2723,45.9459,2006,10,16,8.25,1.49,4.6,4.83,2.12,7.83
US-Pfa,-90.2723,45.9459,2006,10,17,13.9,5.18,7.35,3.42,3.41,1.69
US-Pfa,-90.2723,45.9459,2006,10,18,6.24,-0.5,-0.58,4.13,3.37,0.85
US-Pfa,-90.2723,45.9459,2006,10,19,6.51,-1.88,-3.13,2.73,4.9,0.14
US-Pfa,-90.2723,45.9459,2006,10,20,5.45,-2.91,-2.42,1.8,4.6,0.42
US-Pfa,-90.2723,45.9459,2006,10,21,4.59,-3.36,-2.73,2.77,6.46,0.41
US-Pfa,-90.2723,45.9459,2006,10,22,3.08,-3.74,-5.32,3.86,9.05,0.67
US-Pfa,-90.2723,45.9459,2006,10,23,2.06,-3.32,-2.7,3.56,6.63,1.77
US-Pfa,-90.2723,45.9459,2006,10,24,3.51,-3.33,-3.12,1.7,9.75,0.05
US-Pfa,-90.2723,45.9459,2006,10,25,7.37,-3.42,-4.36,2.26,11.62,0
US-Pfa,-90.2723,45.9459,2006,10,26,8.95,-2.78,-2.23,2.94,7.13,0
US-Pfa,-90.2723,45.9459,2006,10,27,10.56,-1.71,-0.08,3.3,10.79,0.75
US-Pfa,-90.2723,45.9459,2006,10,28,5.25,-1.05,-4.24,6.19,11.09,0.1
US-Pfa,-90.2723,45.9459,2006,10,29,8.03,-3.8,-6.01,3.98,11.71,0
US-Pfa,-90.2723,45.9459,2006,10,30,13.28,-1.35,1.79,5.26,10.58,0
US-Pfa,-90.2723,45.9459,2006,10,31,3.31,-5.3,-8.16,7.52,7.11,0.01
US-Pfa,-90.2723,45.9459,2006,11,1,0.15,-6.2,-10.67,5.87,9.87,0.02
US-Pfa,-90.2723,45.9459,2006,11,2,-0.65,-4.73,-9.55,5.69,5.43,0.09
US-Pfa,-90.2723,45.9459,2006,11,3,0.63,-8.17,-9.45,2.78,10.86,0.03
US-Pfa,-90.2723,45.9459,2006,11,4,6.14,-3.8,-3.14,3.26,5.06,0.1
US-Pfa,-90.2723,45.9459,2006,11,5,10,-1.18,0.64,3.33,8.26,0.02
US-Pfa,-90.2723,45.9459,2006,11,6,11.04,0.38,3.53,4.77,5.45,0.17
US-Pfa,-90.2723,45.9459,2006,11,7,9.01,4.92,5.98,3.03,3.87,3.33
US-Pfa,-90.2723,45.9459,2006,11,8,12.62,6.19,7.92,4.63,4.59,4.63
US-Pfa,-90.2723,45.9459,2006,11,9,8.6,-2.13,-1.45,4.8,9.76,0.01
US-Pfa,-90.2723,45.9459,2006,11,10,-0.55,-4.14,-5.1,4.03,2.04,3.01
US-Pfa,-90.2723,45.9459,2006,11,11,1.48,-4.78,-6.45,3.02,3.92,0.05
US-Pfa,-90.2723,45.9459,2006,11,12,2.74,-4.75,-3.54,5.83,5.69,0.49
US-Pfa,-90.2723,45.9459,2006,11,13,1.96,-3.1,-1.58,3.22,2.99,4.83
US-Pfa,-90.2723,45.9459,2006,11,14,1.3,-3.11,-2.45,2.3,3.38,0.06
US-Pfa,-90.2723,45.9459,2006,11,15,2.89,-3.82,-2.88,2.06,5.57,0.06
US-Pfa,-90.2723,45.9459,2006,11,16,3.02,-3.88,-2.48,3.19,2.75,0.31
US-Pfa,-90.2723,45.9459,2006,11,17,2.2,-3.87,-3.19,1.94,3.89,0.21
US-Pfa,-90.2723,45.9459,2006,11,18,2.32,-4.33,-2.84,3.48,2.66,0.51
US-Pfa,-90.2723,45.9459,2006,11,19,3.7,-4.19,-4.67,3.35,8.85,0
US-Pfa,-90.2723,45.9459,2006,11,20,2.13,-4.96,-4.88,3.97,7.56,0.01
US-Pfa,-90.2723,45.9459,2006,11,21,6.73,-1.04,-2.56,4.52,7.63,0
US-Pfa,-90.2723,45.9459,2006,11,22,7.33,-1.47,-1,4.93,4.26,0
US-Pfa,-90.2723,45.9459,2006,11,23,8.44,-1.13,0.56,3.07,6.71,0.04
US-Pfa,-90.2723,45.9459,2006,11,24,7.77,-1.77,-0.29,4.29,6.37,0.01
US-Pfa,-90.2723,45.9459,2006,11,25,6.6,-0.6,-3.49,1.54,6.98,0
US-Pfa,-90.2723,45.9459,2006,11,26,6.16,-1.71,0.97,1.78,3.64,0.57
US-Pfa,-90.2723,45.9459,2006,11,27,2.49,-0.48,-0.51,4.61,1.72,3.38
US-Pfa,-90.2723,45.9459,2006,11,28,10.19,0.03,3.88,5.66,1.52,10.85
US-Pfa,-90.2723,45.9459,2006,11,29,4.72,-10.88,-8.25,5.09,7.17,0.33
US-Pfa,-90.2723,45.9459,2006,11,30,-8.12,-11.77,-15.13,4.49,7.95,0.07
US-Pfa,-90.2723,45.9459,2006,12,1,-2.46,-11.07,-8.25,3.88,5.94,0.6
US-Pfa,-90.2723,45.9459,2006,12,2,-7.72,-11.11,-13.15,5.03,5.17,1.14
US-Pfa,-90.2723,45.9459,2006,12,3,-6.19,-11.25,-11.96,4.96,6.02,1.89
US-Pfa,-90.2723,45.9459,2006,12,4,-7.67,-12.14,-13.39,4.84,3.74,0.94
US-Pfa,-90.2723,45.9459,2006,12,5,-7.57,-17.51,-13.56,5.22,1.93,2.72
US-Pfa,-90.2723,45.9459,2006,12,6,-7.23,-13.74,-12.57,6.5,4.4,1.94
US-Pfa,-90.2723,45.9459,2006,12,7,-11.56,-19.93,-16.72,6,6.86,0.57
US-Pfa,-90.2723,45.9459,2006,12,8,-5.49,-20.59,-13.96,5.59,4.77,0.04
US-Pfa,-90.2723,45.9459,2006,12,9,0.49,-8.22,-5.56,5.53,6.6,0
US-Pfa,-90.2723,45.9459,2006,12,10,2.25,-3.33,-2.06,3.28,6.4,0.08
US-Pfa,-90.2723,45.9459,2006,12,11,1.81,-3.04,-0.54,3.68,3.57,2.14
US-Pfa,-90.2723,45.9459,2006,12,12,2.01,0.31,0.79,4.05,1.28,5.64
US-Pfa,-90.2723,45.9459,2006,12,13,0.97,-3.35,-2.04,5.7,4.48,0.19
US-Pfa,-90.2723,45.9459,2006,12,14,2.29,-2.79,-0.78,4.68,4.52,3.68
US-Pfa,-90.2723,45.9459,2006,12,15,-0.25,-6.76,-5.14,4.38,2.73,0.65
US-Pfa,-90.2723,45.9459,2006,12,16,1.43,-3.77,-2.25,5.02,3.13,0.05
US-Pfa,-90.2723,45.9459,2006,12,17,-1.23,-7.32,-7.2,4.27,4.04,0
US-Pfa,-90.2723,45.9459,2006,12,18,-3.17,-12.16,-10.98,3.72,7.03,0
US-Pfa,-90.2723,45.9459,2006,12,19,1.2,-11.55,-7.69,4.97,6.99,0
US-Pfa,-90.2723,45.9459,2006,12,20,2.1,-8.18,-6.35,4.15,4.25,0
US-Pfa,-90.2723,45.9459,2006,12,21,-1.08,-8.24,-5.01,3.93,1.13,1.74
US-Pfa,-90.2723,45.9459,2006,12,22,0.71,-1.08,-0.88,4.16,1.14,17.74
US-Pfa,-90.2723,45.9459,2006,12,23,-0.62,-10.42,-5.04,5.35,2.82,1.54
US-Pfa,-90.2723,45.9459,2006,12,24,-2.34,-12.97,-8.05,4.46,5.09,0.01
US-Pfa,-90.2723,45.9459,2006,12,25,-2.71,-11.62,-7.57,3.78,5.51,0.1
US-Pfa,-90.2723,45.9459,2006,12,26,-3.66,-11.59,-10.05,3.18,5.02,0
US-Pfa,-90.2723,45.9459,2006,12,27,-0.21,-11.12,-6.15,2.81,3.71,0.09
US-Pfa,-90.2723,45.9459,2006,12,28,-2.67,-5.94,-5.21,3.57,2.04,1.25
US-Pfa,-90.2723,45.9459,2006,12,29,-0.06,-6.69,-4.2,2.77,1.1,2.49
US-Pfa,-90.2723,45.9459,2006,12,30,0.27,-5.59,-2.64,3.04,2.59,0.32
US-Pfa,-90.2723,45.9459,2006,12,31,0.54,-1.62,-0.59,4.42,0.88,18.18
US-Pfa,-90.2723,45.9459,2007,1,1,-0.67,-12.67,-6.23,5.68,7.44,2.41
US-Pfa,-90.2723,45.9459,2007,1,2,-1.52,-12.64,-7.57,6.06,7.43,0.09
US-Pfa,-90.2723,45.9459,2007,1,3,0.91,-6.08,-2.99,6.94,4.48,0.03
US-Pfa,-90.2723,45.9459,2007,1,4,0.67,-1.97,-0.6,4.72,3.02,0.66
US-Pfa,-90.2723,45.9459,2007,1,5,0.26,-4.14,-1.52,3.59,2.51,0.52
US-Pfa,-90.2723,45.9459,2007,1,6,-3.06,-9.57,-6.83,3.7,2.49,0.03
US-Pfa,-90.2723,45.9459,2007,1,7,-0.53,-10.86,-5.28,6.03,2.86,0.47
US-Pfa,-90.2723,45.9459,2007,1,8,-6.61,-15.28,-13.05,4.22,7.34,0.16
US-Pfa,-90.2723,45.9459,2007,1,9,-12.01,-20.02,-15.16,6.06,6.59,0.33
US-Pfa,-90.2723,45.9459,2007,1,10,-6.91,-21.58,-14.58,5.01,4.07,0.11
US-Pfa,-90.2723,45.9459,2007,1,11,0.28,-6.57,-3.57,3.94,4.79,0.2
US-Pfa,-90.2723,45.9459,2007,1,12,-6.95,-15.61,-12.26,4.26,2.92,0.69
US-Pfa,-90.2723,45.9459,2007,1,13,-11.94,-19.07,-16.67,2.35,4.34,0.07
US-Pfa,-90.2723,45.9459,2007,1,14,-7.5,-18.46,-13.68,3.38,6.37,1.73
US-Pfa,-90.2723,45.9459,2007,1,15,-10.4,-19.64,-13.59,4.57,5.79,1.77
US-Pfa,-90.2723,45.9459,2007,1,16,-12.83,-23.37,-20.23,3.92,8.73,0.15
US-Pfa,-90.2723,45.9459,2007,1,17,-7.85,-21.53,-15.23,7.78,7.9,0.04
US-Pfa,-90.2723,45.9459,2007,1,18,-6.84,-12.88,-10.53,5.53,2.45,1.01
US-Pfa,-90.2723,45.9459,2007,1,19,-11.45,-20.55,-16.27,4.38,7.07,0.22
US-Pfa,-90.2723,45.9459,2007,1,20,-11.36,-19.77,-16.25,3.63,7.35,0.01
US-Pfa,-90.2723,45.9459,2007,1,21,-7.58,-13.72,-11.65,2.83,2.34,1.06
US-Pfa,-90.2723,45.9459,2007,1,22,-7.26,-12.36,-10.26,4.08,2.95,0.12
US-Pfa,-90.2723,45.9459,2007,1,23,-4.74,-17.46,-11.3,4.12,3.2,0.15
US-Pfa,-90.2723,45.9459,2007,1,24,-8.72,-19.97,-13.95,3.3,6.7,0.45
US-Pfa,-90.2723,45.9459,2007,1,25,-10.09,-15.02,-13.49,3.01,8.37,0.26
US-Pfa,-90.2723,45.9459,2007,1,26,-4.13,-12.74,-8.38,4.44,4.15,0.13
US-Pfa,-90.2723,45.9459,2007,1,27,-6.74,-12.43,-10.79,5.38,6.74,1.87
US-Pfa,-90.2723,45.9459,2007,1,28,-11.48,-19.44,-16.13,4.42,8.6,0.38
US-Pfa,-90.2723,45.9459,2007,1,29,-10.59,-19.12,-15.22,2.78,5.25,1.48
US-Pfa,-90.2723,45.9459,2007,1,30,-11.73,-21.4,-16.3,5.08,9.14,0.12
US-Pfa,-90.2723,45.9459,2007,1,31,-11.1,-22.09,-16.3,4.65,8.12,0.29
US-Pfa,-90.2723,45.9459,2007,2,1,-13.51,-18.55,-16.72,3.19,7.13,0.32
US-Pfa,-90.2723,45.9459,2007,2,2,-16.45,-24.1,-21.09,4.39,8.08,0.35
US-Pfa,-90.2723,45.9459,2007,2,3,-21.91,-28.99,-25.05,4.91,7.46,0.32
US-Pfa,-90.2723,45.9459,2007,2,4,-24.31,-30.45,-26.94,5.22,8.63,0.23
US-Pfa,-90.2723,45.9459,2007,2,5,-19.29,-29.81,-24.15,4.55,10.04,0.1
US-Pfa,-90.2723,45.9459,2007,2,6,-17.12,-30.99,-25.06,3.34,7.32,0.02
US-Pfa,-90.2723,45.9459,2007,2,7,-15.56,-26.51,-22.29,5.59,10.85,0.01
US-Pfa,-90.2723,45.9459,2007,2,8,-14.57,-23.47,-19.7,5.57,10.87,0.03
US-Pfa,-90.2723,45.9459,2007,2,9,-14.81,-21.62,-19.06,4.63,10.36,0.07
US-Pfa,-90.2723,45.9459,2007,2,10,-15.33,-22.95,-19.65,4.64,11.69,0.02
US-Pfa,-90.2723,45.9459,2007,2,11,-8.66,-21.05,-17,4.44,9.04,0.01
US-Pfa,-90.2723,45.9459,2007,2,12,-11.32,-23.33,-18.57,3.69,10.98,0
US-Pfa,-90.2723,45.9459,2007,2,13,-11.9,-23.68,-17.46,3.89,11.16,0.04
US-Pfa,-90.2723,45.9459,2007,2,14,-14.34,-19.51,-17.56,4.58,11.91,0.07
US-Pfa,-90.2723,45.9459,2007,2,15,-12.13,-20.29,-17.98,4.93,12.91,0.02
US-Pfa,-90.2723,45.9459,2007,2,16,-8.7,-20.11,-14.93,5.56,10.32,0.23
US-Pfa,-90.2723,45.9459,2007,2,17,-7.94,-16.08,-12.96,5.28,10.46,0.3
US-Pfa,-90.2723,45.9459,2007,2,18,-11.34,-17.8,-16,3.79,11.17,0.02
US-Pfa,-90.2723,45.9459,2007,2,19,-0.7,-14.18,-8.03,6.15,9.06,0.09
US-Pfa,-90.2723,45.9459,2007,2,20,-1.09,-10.17,-6.58,3.16,13.19,0.01
US-Pfa,-90.2723,45.9459,2007,2,21,1.44,-5.5,-2.47,6.09,12.77,1.58
US-Pfa,-90.2723,45.9459,2007,2,22,-5.12,-14.88,-10.04,7.01,13.88,0.36
US-Pfa,-90.2723,45.9459,2007,2,23,-5.57,-15.76,-11.98,4.2,5.85,0.36
US-Pfa,-90.2723,45.9459,2007,2,24,-5.14,-9.97,-9.11,8.57,3.56,1.65
US-Pfa,-90.2723,45.9459,2007,2,25,-3.25,-6.81,-6.57,7.87,4.29,9.01
US-Pfa,-90.2723,45.9459,2007,2,26,-4.33,-9.85,-7.35,3.33,5.43,3.83
US-Pfa,-90.2723,45.9459,2007,2,27,-1.49,-10.33,-7.07,1.27,6.19,0.17
US-Pfa,-90.2723,45.9459,2007,2,28,-0.39,-8.86,-4.95,4.64,4.69,0.66
US-Pfa,-90.2723,45.9459,2007,3,1,-3.68,-7.03,-6.33,9.9,4.28,11.33
US-Pfa,-90.2723,45.9459,2007,3,2,-3.59,-9.86,-7.64,6.96,6.77,4.03
US-Pfa,-90.2723,45.9459,2007,3,3,-7.18,-14.24,-10.65,6.82,13,0.89
US-Pfa,-90.2723,45.9459,2007,3,4,-3.73,-15.18,-10.32,6.35,14.94,0.06
US-Pfa,-90.2723,45.9459,2007,3,5,-9.95,-20.94,-16.87,6.05,17.34,0.02
US-Pfa,-90.2723,45.9459,2007,3,6,-12.2,-20.5,-17.09,2.25,7.83,3.53
US-Pfa,-90.2723,45.9459,2007,3,7,-6.72,-18.76,-13.26,3.06,17.17,0.05
US-Pfa,-90.2723,45.9459,2007,3,8,-2.48,-16.86,-9.04,5.14,6.23,0.04
US-Pfa,-90.2723,45.9459,2007,3,9,0.25,-4.59,-1.97,5.86,11.75,0.06
US-Pfa,-90.2723,45.9459,2007,3,10,0.65,-7.4,-3.3,5.09,17.36,0.03
US-Pfa,-90.2723,45.9459,2007,3,11,2.16,-7.6,-3.07,5.28,16.26,0.94
US-Pfa,-90.2723,45.9459,2007,3,12,3.69,0.4,0.87,4.27,16.06,0.54
US-Pfa,-90.2723,45.9459,2007,3,13,13.28,-0.42,3.32,4.97,14.15,0.02
US-Pfa,-90.2723,45.9459,2007,3,14,3.54,-5.76,-5.89,4.99,7.57,0.02
US-Pfa,-90.2723,45.9459,2007,3,15,-1.17,-8.92,-11.69,3.54,11.6,0.73
US-Pfa,-90.2723,45.9459,2007,3,16,0.84,-7.05,-9.03,2.8,12.3,0.24
US-Pfa,-90.2723,45.9459,2007,3,17,2,-9.52,-9.97,2.79,19.13,0
US-Pfa,-90.2723,45.9459,2007,3,18,4.29,-7.83,-7.75,4.55,17.01,4.24
US-Pfa,-90.2723,45.9459,2007,3,19,1.5,-10.43,-7.07,8.05,19.4,0.55
US-Pfa,-90.2723,45.9459,2007,3,20,3,-12.5,-10.26,6.61,15.98,0.01
US-Pfa,-90.2723,45.9459,2007,3,21,5.92,-1.59,1.86,6.88,5.26,2.56
US-Pfa,-90.2723,45.9459,2007,3,22,6.65,-2.28,-4.42,5.46,20.52,0.03
US-Pfa,-90.2723,45.9459,2007,3,23,14.99,-0.1,-0.95,3.75,19.81,0
US-Pfa,-90.2723,45.9459,2007,3,24,18.3,0.42,2.44,3.16,14.29,0.02
US-Pfa,-90.2723,45.9459,2007,3,25,20.37,5.4,10.73,6.07,13.09,16.03
US-Pfa,-90.2723,45.9459,2007,3,26,21.26,6.09,9.11,3.65,18.23,0.29
US-Pfa,-90.2723,45.9459,2007,3,27,14.18,0.97,1.27,6.38,19.69,0.05
US-Pfa,-90.2723,45.9459,2007,3,28,9.27,1.45,-3.47,8.24,7.2,1.49
US-Pfa,-90.2723,45.9459,2007,3,29,11.98,0.85,-0.79,5.61,6.72,0.25
US-Pfa,-90.2723,45.9459,2007,3,30,8.07,1.06,1.12,5.57,4.67,6.2
US-Pfa,-90.2723,45.9459,2007,3,31,11.16,1.48,2.97,6.84,6.78,11.17
US-Pfa,-90.2723,45.9459,2007,4,1,8.5,3.03,3.13,5.74,8.99,4.37
US-Pfa,-90.2723,45.9459,2007,4,2,11.04,-0.23,-0.81,5.48,15.29,0.45
US-Pfa,-90.2723,45.9459,2007,4,3,4.89,-3.03,-0.66,4.54,2.89,10.94
US-Pfa,-90.2723,45.9459,2007,4,4,-3.85,-7.46,-9.49,10.46,11.99,3.83
US-Pfa,-90.2723,45.9459,2007,4,5,-4.06,-9.66,-11.96,7.69,23.67,0.09
US-Pfa,-90.2723,45.9459,2007,4,6,-8.24,-9.6,-12.45,8.11,22.08,0.77
US-Pfa,-90.2723,45.9459,2007,4,7,-3.56,-8.51,-9.45,6.78,15.14,0.58
US-Pfa,-90.2723,45.9459,2007,4,8,0.51,-8.02,-9.57,3.49,21.64,0.03
US-Pfa,-90.2723,45.9459,2007,4,9,3.35,-9.51,-10.68,1.78,24.38,0
US-Pfa,-90.2723,45.9459,2007,4,10,5.67,-5.65,-6.2,3,16.26,0.02
US-Pfa,-90.2723,45.9459,2007,4,11,2.18,-2.41,-5.37,6.65,7.21,1.75
US-Pfa,-90.2723,45.9459,2007,4,12,2.86,-3.46,-4.49,6.04,19.54,0.56
US-Pfa,-90.2723,45.9459,2007,4,13,8.76,-3.61,-5.9,3.86,25.03,0
US-Pfa,-90.2723,45.9459,2007,4,14,10.61,-2.03,-4.31,2.11,19.16,0.01
US-Pfa,-90.2723,45.9459,2007,4,15,12.36,-1.36,-3.56,3.46,24.03,0
US-Pfa,-90.2723,45.9459,2007,4,16,17.37,-1.19,-3.53,1.74,24.49,0.11
US-Pfa,-90.2723,45.9459,2007,4,17,10.18,-0.53,1.71,4.84,20.26,3.09
US-Pfa,-90.2723,45.9459,2007,4,18,13.47,-0.87,0.28,4.41,23.35,0.01
US-Pfa,-90.2723,45.9459,2007,4,19,17.39,-0.31,3,3.11,22.96,0
US-Pfa,-90.2723,45.9459,2007,4,20,18.86,1.63,3.23,3.79,25,0
US-Pfa,-90.2723,45.9459,2007,4,21,21.35,4.54,7.43,7.25,15.99,0.22
US-Pfa,-90.2723,45.9459,2007,4,22,23.82,9.89,11.16,5.94,17.71,8.02
US-Pfa,-90.2723,45.9459,2007,4,23,15.68,5.69,5.43,5.06,20.42,3.71
US-Pfa,-90.2723,45.9459,2007,4,24,15.08,1.19,-1.26,2.69,16.44,0
US-Pfa,-90.2723,45.9459,2007,4,25,13.07,1.23,-2.16,2.82,14.06,0
US-Pfa,-90.2723,45.9459,2007,4,26,15.22,2.83,-0.77,2.83,13.98,0.05
US-Pfa,-90.2723,45.9459,2007,4,27,19.39,0.37,2.48,2.18,24.25,0.01
US-Pfa,-90.2723,45.9459,2007,4,28,18.49,6.71,4.65,4.66,26.82,0.09
US-Pfa,-90.2723,45.9459,2007,4,29,24.44,6.66,4.72,6.04,25.69,0
US-Pfa,-90.2723,45.9459,2007,4,30,17.94,3.88,2.96,3.74,14.88,4.02
US-Pfa,-90.2723,45.9459,2007,5,1,17.43,3.15,4.33,4.47,25.67,0.12
US-Pfa,-90.2723,45.9459,2007,5,2,17.13,2.27,3.67,3.73,24.17,0
US-Pfa,-90.2723,45.9459,2007,5,3,18.09,3.34,2.84,4.89,27.66,0
US-Pfa,-90.2723,45.9459,2007,5,4,19.29,2.63,0.03,5.44,17.38,0.15
US-Pfa,-90.2723,45.9459,2007,5,5,16.76,6.93,1.02,6.73,8.41,0.74
US-Pfa,-90.2723,45.9459,2007,5,6,18.54,6.32,-2.03,9.24,16.29,0
US-Pfa,-90.2723,45.9459,2007,5,7,18.51,8.37,9.54,5.76,6.7,3.04
US-Pfa,-90.2723,45.9459,2007,5,8,24.32,10.6,12.55,2.47,19.66,2.74
US-Pfa,-90.2723,45.9459,2007,5,9,24.82,11.36,11.27,2.4,24.85,2
US-Pfa,-90.2723,45.9459,2007,5,10,27.73,10.36,10.38,3.59,27.56,0
US-Pfa,-90.2723,45.9459,2007,5,11,16.73,7.12,-0.02,5.17,25.44,0.01
US-Pfa,-90.2723,45.9459,2007,5,12,19.49,4.64,1.17,3.03,28.39,0
US-Pfa,-90.2723,45.9459,2007,5,13,17.76,5.87,5.57,6.58,15.15,2.46
US-Pfa,-90.2723,45.9459,2007,5,14,27.58,14.01,15.8,6.76,22.41,4.49
US-Pfa,-90.2723,45.9459,2007,5,15,14.62,4.06,7.26,4.62,9.02,1.62
US-Pfa,-90.2723,45.9459,2007,5,16,11.51,1.23,1.92,3.18,17.33,0.94
US-Pfa,-90.2723,45.9459,2007,5,17,18.87,0.07,0.78,3.3,30.27,0
US-Pfa,-90.2723,45.9459,2007,5,18,20.73,4.56,6.12,5.63,22.37,1.31
US-Pfa,-90.2723,45.9459,2007,5,19,21.27,1.12,7.39,5.39,19.45,0.63
US-Pfa,-90.2723,45.9459,2007,5,20,18.69,0.23,3.33,3.52,12.72,0.75
US-Pfa,-90.2723,45.9459,2007,5,21,22.71,5.52,10.5,5.6,22.15,4.14
US-Pfa,-90.2723,45.9459,2007,5,22,26.18,11.99,14.22,7.13,22.21,1.22
US-Pfa,-90.2723,45.9459,2007,5,23,24.96,16.6,16.96,7.11,15.9,14.95
US-Pfa,-90.2723,45.9459,2007,5,24,23.67,7.3,14.02,6.27,6.97,20.16
US-Pfa,-90.2723,45.9459,2007,5,25,17.01,4.49,4.2,3.22,27.99,0
US-Pfa,-90.2723,45.9459,2007,5,26,19.18,5.79,7.27,6.16,9.95,1.54
US-Pfa,-90.2723,45.9459,2007,5,27,15.82,5.25,5.1,5.49,22.11,0.15
US-Pfa,-90.2723,45.9459,2007,5,28,21.65,6,7.97,4.25,21.51,0.01
US-Pfa,-90.2723,45.9459,2007,5,29,24.59,14.3,16.85,5.42,20.03,2.84
US-Pfa,-90.2723,45.9459,2007,5,30,24.51,16.78,17.39,4.07,18.4,2.93
US-Pfa,-90.2723,45.9459,2007,5,31,21.62,12.76,14.57,3.04,21.64,3.24
US-Pfa,-90.2723,45.9459,2007,6,1,24.35,11.44,12.48,2.41,17.85,0.69
US-Pfa,-90.2723,45.9459,2007,6,2,22.84,15.35,14.39,2.76,19.76,1.63
US-Pfa,-90.2723,45.9459,2007,6,3,22.45,11.1,12.77,2.87,11.15,6.75
US-Pfa,-90.2723,45.9459,2007,6,4,19,9.66,10.47,5.46,18.31,3.33
US-Pfa,-90.2723,45.9459,2007,6,5,15.98,6.66,5.39,3.27,22.44,0.13
US-Pfa,-90.2723,45.9459,2007,6,6,20.27,7.26,9.17,6.31,16.49,2.65
US-Pfa,-90.2723,45.9459,2007,6,7,27.54,16.16,15.84,9.17,18.02,0.86
US-Pfa,-90.2723,45.9459,2007,6,8,18.75,10.33,5.22,5.94,29.63,0.07
US-Pfa,-90.2723,45.9459,2007,6,9,23.09,8.93,7.24,4.82,27.99,0
US-Pfa,-90.2723,45.9459,2007,6,10,27.36,12.02,12.82,3.51,29.02,0.21
US-Pfa,-90.2723,45.9459,2007,6,11,26.92,13.78,14.13,4.05,28.88,0
US-Pfa,-90.2723,45.9459,2007,6,12,28.77,14.52,14.39,3.3,29.41,0
US-Pfa,-90.2723,45.9459,2007,6,13,27.45,14.13,12.13,3.4,30.19,0
US-Pfa,-90.2723,45.9459,2007,6,14,29.07,14.91,14.28,2.83,27.85,0
US-Pfa,-90.2723,45.9459,2007,6,15,30.1,16.48,15.32,3.98,25.63,0.37
US-Pfa,-90.2723,45.9459,2007,6,16,26.69,17.66,13.52,3.18,24.39,0.46
US-Pfa,-90.2723,45.9459,2007,6,17,25.25,14.65,15.91,4.35,19.48,11.86
US-Pfa,-90.2723,45.9459,2007,6,18,26.74,14.92,18.36,7.01,12.94,19.93
US-Pfa,-90.2723,45.9459,2007,6,19,19.93,10.72,8.41,6.63,26.62,0.02
US-Pfa,-90.2723,45.9459,2007,6,20,25.84,9.45,9.95,5.01,26.54,3.37
US-Pfa,-90.2723,45.9459,2007,6,21,24.18,9.89,8.11,2.48,27.72,0
US-Pfa,-90.2723,45.9459,2007,6,22,24.1,11.29,9.49,3.94,29.02,0
US-Pfa,-90.2723,45.9459,2007,6,23,26.29,11.76,12.3,3.65,29.76,0
US-Pfa,-90.2723,45.9459,2007,6,24,28.01,14.33,14.41,3.16,29.62,0
US-Pfa,-90.2723,45.9459,2007,6,25,28.95,14.5,15.8,4.04,23.03,0
US-Pfa,-90.2723,45.9459,2007,6,26,29.22,17.98,20.14,4.74,25.73,20.26
US-Pfa,-90.2723,45.9459,2007,6,27,23.48,12.22,10.72,4.37,29.08,0.07
US-Pfa,-90.2723,45.9459,2007,6,28,19.77,10.15,5.19,3.57,22.13,0.01
US-Pfa,-90.2723,45.9459,2007,6,29,23.89,9.02,4.37,1.82,31.15,0
US-Pfa,-90.2723,45.9459,2007,6,30,23.88,10.25,7.24,2.94,28.22,0
US-Pfa,-90.2723,45.9459,2007,7,1,23.02,8.56,6.3,2.45,26.36,0.07
US-Pfa,-90.2723,45.9459,2007,7,2,20.75,11.46,12.28,5.34,10.57,4.02
US-Pfa,-90.2723,45.9459,2007,7,3,27.41,15.7,16.68,2.56,15.2,3.33
US-Pfa,-90.2723,45.9459,2007,7,4,27.1,14.24,13.98,3.34,26.39,1.62
US-Pfa,-90.2723,45.9459,2007,7,5,25.22,14.54,11.89,3.71,26.98,0.49
US-Pfa,-90.2723,45.9459,2007,7,6,28.1,13.73,11.91,2.44,28.56,0
US-Pfa,-90.2723,45.9459,2007,7,7,31.38,15.3,13.29,4.27,29.57,0
US-Pfa,-90.2723,45.9459,2007,7,8,30.89,16.4,18.33,4.16,19.18,14.06
US-Pfa,-90.2723,45.9459,2007,7,9,25.96,14.55,12.02,2.46,28.69,0.02
US-Pfa,-90.2723,45.9459,2007,7,10,25.71,12.68,11.11,7.15,20.71,0.83
US-Pfa,-90.2723,45.9459,2007,7,11,21.27,10.89,9.02,4.76,22.46,5.09
US-Pfa,-90.2723,45.9459,2007,7,12,19.83,9.08,8.42,5.21,22.69,2.23
US-Pfa,-90.2723,45.9459,2007,7,13,20.43,10.48,8.53,3.26,20.05,5.03
US-Pfa,-90.2723,45.9459,2007,7,14,18.29,12.13,11.08,4.84,20.68,1.72
US-Pfa,-90.2723,45.9459,2007,7,15,21.93,9.61,8.38,3.02,24.29,0.09
US-Pfa,-90.2723,45.9459,2007,7,16,25.39,11.82,11.09,1.95,20.11,0.08
US-Pfa,-90.2723,45.9459,2007,7,17,25.15,15.09,15.78,2.33,18.09,3.48
US-Pfa,-90.2723,45.9459,2007,7,18,28.31,16.13,15.36,2.5,22.21,1.84
US-Pfa,-90.2723,45.9459,2007,7,19,19.75,10.61,9.06,5,29.4,0
US-Pfa,-90.2723,45.9459,2007,7,20,24.19,10.4,8.49,1.92,28.85,0
US-Pfa,-90.2723,45.9459,2007,7,21,26.6,10.09,9.61,2.95,28.61,0
US-Pfa,-90.2723,45.9459,2007,7,22,23.94,14.73,13.3,4.46,6.96,2.64
US-Pfa,-90.2723,45.9459,2007,7,23,27.31,16.63,17.46,3.55,12.02,0.45
US-Pfa,-90.2723,45.9459,2007,7,24,31.34,18.08,18.67,1.7,21.58,0.08
US-Pfa,-90.2723,45.9459,2007,7,25,32.27,19.44,18.61,2.35,26,0.06
US-Pfa,-90.2723,45.9459,2007,7,26,31.39,19.8,20.01,3.09,17.63,9.2
US-Pfa,-90.2723,45.9459,2007,7,27,27.62,15.7,13.39,4.83,27.43,0.24
US-Pfa,-90.2723,45.9459,2007,7,28,29.91,17.64,11.85,1.72,25.27,0
US-Pfa,-90.2723,45.9459,2007,7,29,30.53,15.99,13.17,2.87,25.52,0
US-Pfa,-90.2723,45.9459,2007,7,30,32.51,17.34,12.29,3.26,27.13,0
US-Pfa,-90.2723,45.9459,2007,7,31,33.35,17.45,14.13,3.25,26.74,0
US-Pfa,-90.2723,45.9459,2007,8,1,31.9,18.51,15.72,5.57,24.99,1.01
US-Pfa,-90.2723,45.9459,2007,8,2,29.11,16.9,9.71,4.41,28.03,0.5
US-Pfa,-90.2723,45.9459,2007,8,3,28.23,13.23,5.42,3.33,28.43,0
US-Pfa,-90.2723,45.9459,2007,8,4,27.43,13.23,9.56,3.94,13.84,0.02
US-Pfa,-90.2723,45.9459,2007,8,5,28.14,14.55,14.62,3.39,9.31,1.78
US-Pfa,-90.2723,45.9459,2007,8,6,28.45,15.27,11.69,2.88,15.61,0
US-Pfa,-90.2723,45.9459,2007,8,7,31.9,17.66,15.09,4.23,19.82,0.33
US-Pfa,-90.2723,45.9459,2007,8,8,30.4,13.92,10.67,2.07,24.52,0
US-Pfa,-90.2723,45.9459,2007,8,9,29.99,17.61,14.99,3.07,17.21,3.27
US-Pfa,-90.2723,45.9459,2007,8,10,32.38,15.84,14.17,2.48,25.21,0.3
US-Pfa,-90.2723,45.9459,2007,8,11,29.95,19.18,17.79,4.92,20.78,1.23
US-Pfa,-90.2723,45.9459,2007,8,12,24.99,14.17,9.95,3.84,23.73,0.05
US-Pfa,-90.2723,45.9459,2007,8,13,29.45,11.53,6.77,3.19,22.16,0.21
US-Pfa,-90.2723,45.9459,2007,8,14,28.26,17.94,13.83,5.16,17.6,1.66
US-Pfa,-90.2723,45.9459,2007,8,15,29.19,14.8,12.17,4.15,16.89,1.43
US-Pfa,-90.2723,45.9459,2007,8,16,23.39,12.59,2.73,4.35,24.84,0.02
US-Pfa,-90.2723,45.9459,2007,8,17,19.94,9.2,3.87,4.36,22.89,0
US-Pfa,-90.2723,45.9459,2007,8,18,18.43,8.19,7.56,3.91,5.95,0.69
US-Pfa,-90.2723,45.9459,2007,8,19,22.06,11.61,10.49,4.05,4.82,1.65
US-Pfa,-90.2723,45.9459,2007,8,20,21.97,12.74,13.27,5.84,6.61,5.11
US-Pfa,-90.2723,45.9459,2007,8,21,23.23,14,15.83,3.87,6.23,5.53
US-Pfa,-90.2723,45.9459,2007,8,22,29.1,14.3,14.06,2.13,14.37,0.07
US-Pfa,-90.2723,45.9459,2007,8,23,24.44,14.27,14.32,2.56,7.59,2.08
US-Pfa,-90.2723,45.9459,2007,8,24,24.64,12.76,10.1,2.93,18.58,0.12
US-Pfa,-90.2723,45.9459,2007,8,25,21.85,10.95,8.36,3.06,19.94,0.01
US-Pfa,-90.2723,45.9459,2007,8,26,25.16,10.19,11.33,4.56,18.3,4.09
US-Pfa,-90.2723,45.9459,2007,8,27,23.8,14.79,16.15,5.49,13.1,12.65
US-Pfa,-90.2723,45.9459,2007,8,28,24.54,14.81,18.47,3.43,9.95,14.14
US-Pfa,-90.2723,45.9459,2007,8,29,21.39,11.79,9.83,3.67,21.33,0.12
US-Pfa,-90.2723,45.9459,2007,8,30,23.32,9.05,6.69,2.47,24.2,0
US-Pfa,-90.2723,45.9459,2007,8,31,25.37,10.53,10.5,2.79,19.81,0.02
US-Pfa,-90.2723,45.9459,2007,9,1,27.38,13.44,13.93,3.93,22.85,0
US-Pfa,-90.2723,45.9459,2007,9,2,28.55,14,12.08,5.37,20.26,0.01
US-Pfa,-90.2723,45.9459,2007,9,3,27.33,11.15,8.48,2.23,17.41,0.59
US-Pfa,-90.2723,45.9459,2007,9,4,31.74,16.95,15.8,3.62,21.52,0.27
US-Pfa,-90.2723,45.9459,2007,9,5,30.99,18.06,18.08,5.38,18.71,0.04
US-Pfa,-90.2723,45.9459,2007,9,6,29.14,19.79,19.48,5.61,14.78,1.11
US-Pfa,-90.2723,45.9459,2007,9,7,21.91,15.8,13.92,5.31,15.1,4.53
US-Pfa,-90.2723,45.9459,2007,9,8,22.68,9.58,8.29,3.37,18.59,0.39
US-Pfa,-90.2723,45.9459,2007,9,9,17.82,9.24,8.07,3.72,13.67,0.21
US-Pfa,-90.2723,45.9459,2007,9,10,17.58,8.48,4.77,2.1,12.71,0.51
US-Pfa,-90.2723,45.9459,2007,9,11,14.05,6.37,4,7.83,13.44,1.16
US-Pfa,-90.2723,45.9459,2007,9,12,18.55,4.92,1.57,3.09,21.41,0.06
US-Pfa,-90.2723,45.9459,2007,9,13,20.66,7.48,6.08,6.48,7.68,3.14
US-Pfa,-90.2723,45.9459,2007,9,14,8.63,0.8,-0.74,5.34,12.94,1.46
US-Pfa,-90.2723,45.9459,2007,9,15,14.07,-1.18,-1.98,3.26,21.14,0
US-Pfa,-90.2723,45.9459,2007,9,16,18.43,5.34,5.1,4.83,14.51,0
US-Pfa,-90.2723,45.9459,2007,9,17,22.23,7.55,13.33,5.82,6.48,5.19
US-Pfa,-90.2723,45.9459,2007,9,18,22.8,18.56,18.31,6.47,5.3,26.52
US-Pfa,-90.2723,45.9459,2007,9,19,20.6,8.49,13.14,4.68,11.52,4.24
US-Pfa,-90.2723,45.9459,2007,9,20,19.91,6.45,10.31,5.45,6.34,9.09
US-Pfa,-90.2723,45.9459,2007,9,21,24.65,9.92,15.05,7.82,10.21,20.21
US-Pfa,-90.2723,45.9459,2007,9,22,20.6,7.15,6.06,4.06,17.39,0
US-Pfa,-90.2723,45.9459,2007,9,23,24.28,8.82,9.08,5.33,18.4,0
US-Pfa,-90.2723,45.9459,2007,9,24,26.61,15.79,17.96,6.72,11.51,15.09
US-Pfa,-90.2723,45.9459,2007,9,25,19.42,9,11.92,4.35,6.43,8.01
US-Pfa,-90.2723,45.9459,2007,9,26,16.43,6.75,4.17,2.63,16.3,0.33
US-Pfa,-90.2723,45.9459,2007,9,27,16.83,8.08,8.08,3.7,14.29,1.78
US-Pfa,-90.2723,45.9459,2007,9,28,18.46,5.63,6,2.49,17.78,0
US-Pfa,-90.2723,45.9459,2007,9,29,17.04,7.67,9.79,7.03,4.73,5.67
US-Pfa,-90.2723,45.9459,2007,9,30,19.15,13.48,11.6,5.44,2.75,18.47
US-Pfa,-90.2723,45.9459,2007,10,1,21.03,11.04,12.72,2.53,5.29,2.8
US-Pfa,-90.2723,45.9459,2007,10,2,16.6,11.26,13.57,6.37,3.16,27.7
US-Pfa,-90.2723,45.9459,2007,10,3,19.41,7.45,7.43,5.22,16.97,0.37
US-Pfa,-90.2723,45.9459,2007,10,4,22.14,9.83,10.75,4.74,16.19,0.04
US-Pfa,-90.2723,45.9459,2007,10,5,22.94,13.53,17.04,3.4,5.89,42.96
US-Pfa,-90.2723,45.9459,2007,10,6,26.08,18.35,19.87,4.04,11.2,4.32
US-Pfa,-90.2723,45.9459,2007,10,7,25.71,18.78,20.1,3.83,9.52,3.77
US-Pfa,-90.2723,45.9459,2007,10,8,21.24,8.33,14.86,5.32,6.26,7.36
US-Pfa,-90.2723,45.9459,2007,10,9,8.78,3.77,3.35,6.94,8.02,2.42
US-Pfa,-90.2723,45.9459,2007,10,10,7.83,3.7,3.65,7.33,5.83,4.25
US-Pfa,-90.2723,45.9459,2007,10,11,9.21,-0.3,1.88,4.24,10.31,0.53
US-Pfa,-90.2723,45.9459,2007,10,12,10.06,-0.49,-0.07,1.51,6.58,0.04
US-Pfa,-90.2723,45.9459,2007,10,13,12.58,-1.22,0.44,2.48,13.93,0
US-Pfa,-90.2723,45.9459,2007,10,14,12.06,2.64,-0.74,1.85,3.91,0.04
US-Pfa,-90.2723,45.9459,2007,10,15,9.1,5.09,2.05,4.24,3.77,3.1
US-Pfa,-90.2723,45.9459,2007,10,16,11.25,6.69,9.1,4.45,3.01,8.27
US-Pfa,-90.2723,45.9459,2007,10,17,16.48,8.33,9.39,4.53,5.94,5.09
US-Pfa,-90.2723,45.9459,2007,10,18,18.03,11.52,12.68,7.24,4.68,17.67
US-Pfa,-90.2723,45.9459,2007,10,19,11.43,8.46,8.48,7.2,3.52,7.16
US-Pfa,-90.2723,45.9459,2007,10,20,17.16,4.39,5.94,4.72,8.66,0.04
US-Pfa,-90.2723,45.9459,2007,10,21,13.47,5.61,7.76,3.41,2.93,1.79
US-Pfa,-90.2723,45.9459,2007,10,22,9.2,0.87,2.56,3.4,6.9,0.04
US-Pfa,-90.2723,45.9459,2007,10,23,11.45,-1.17,0.71,6.01,8.84,2.8
US-Pfa,-90.2723,45.9459,2007,10,24,8.4,-1.53,-2.54,4.42,13.15,0.1
US-Pfa,-90.2723,45.9459,2007,10,25,11.35,-2.7,-0.68,4.04,12.81,0
US-Pfa,-90.2723,45.9459,2007,10,26,13.24,-1.68,2.07,2.07,7.56,0.11
US-Pfa,-90.2723,45.9459,2007,10,27,8.39,-0.68,-1.82,5.25,12.74,0.13
US-Pfa,-90.2723,45.9459,2007,10,28,8.59,-2.97,-2.49,3.7,12.25,0
US-Pfa,-90.2723,45.9459,2007,10,29,14.51,0.29,3.23,3.19,11.24,0
US-Pfa,-90.2723,45.9459,2007,10,30,16.89,4.49,8.52,6.17,10.4,0.13
US-Pfa,-90.2723,45.9459,2007,10,31,11.63,1.15,0.72,8.25,10.32,1.69
US-Pfa,-90.2723,45.9459,2007,11,1,8.47,-3.94,-4.45,4,11.41,0
US-Pfa,-90.2723,45.9459,2007,11,2,10.92,0.33,-1.98,5.99,9.14,0.01
US-Pfa,-90.2723,45.9459,2007,11,3,8.27,-2.28,-2.57,3.14,10.48,0.02
US-Pfa,-90.2723,45.9459,2007,11,4,7.81,0.49,-0.06,3.13,9.61,3.12
US-Pfa,-90.2723,45.9459,2007,11,5,3.59,-0.44,-0.99,7.39,5.26,4.61
US-Pfa,-90.2723,45.9459,2007,11,6,0.52,-4.62,-5.39,6.55,4.73,1.12
US-Pfa,-90.2723,45.9459,2007,11,7,1.08,-4.36,-5.62,3.2,6.64,0.46
US-Pfa,-90.2723,45.9459,2007,11,8,3.81,-2.64,-2.09,1.72,6.4,0.19
US-Pfa,-90.2723,45.9459,2007,11,9,2.83,-3.66,-2.35,1.76,3.69,0.37
US-Pfa,-90.2723,45.9459,2007,11,10,1.47,-2.94,-1.85,4.01,3.67,1.65
US-Pfa,-90.2723,45.9459,2007,11,11,10.47,0.62,3.81,4.66,8.41,0.06
US-Pfa,-90.2723,45.9459,2007,11,12,8.11,-1.56,-0.05,3.87,6.44,0
US-Pfa,-90.2723,45.9459,2007,11,13,8.72,-2.31,-2.55,7.01,5.49,0.04
US-Pfa,-90.2723,45.9459,2007,11,14,4.56,-1.61,-1.77,7.32,3.72,2.07
US-Pfa,-90.2723,45.9459,2007,11,15,-0.19,-5.52,-7.28,4.77,4.32,0.2
US-Pfa,-90.2723,45.9459,2007,11,16,0.92,-4.18,-5.56,2.13,5.32,0.24
US-Pfa,-90.2723,45.9459,2007,11,17,0.27,-4.84,-6.22,3.94,4.62,0.04
US-Pfa,-90.2723,45.9459,2007,11,18,2.34,-6.7,-5.49,4.53,5.05,0.57
US-Pfa,-90.2723,45.9459,2007,11,19,2.31,-0.69,0.35,4.33,1.57,3
US-Pfa,-90.2723,45.9459,2007,11,20,3.2,-1.6,-1.28,2.3,2.78,0.68
US-Pfa,-90.2723,45.9459,2007,11,21,-0.69,-5.47,-4.84,5.39,2.98,0.57
US-Pfa,-90.2723,45.9459,2007,11,22,-2.97,-8.54,-10.09,3.78,5.25,0.12
US-Pfa,-90.2723,45.9459,2007,11,23,-2.95,-13.81,-10.41,4.64,5.61,0.82
US-Pfa,-90.2723,45.9459,2007,11,24,-0.28,-5.62,-6.1,5.92,2.79,0.22
US-Pfa,-90.2723,45.9459,2007,11,25,2.49,-5.44,-4.03,6.52,7.67,0.01
US-Pfa,-90.2723,45.9459,2007,11,26,-0.22,-7.94,-5.81,3.61,4.17,0.32
US-Pfa,-90.2723,45.9459,2007,11,27,-5.81,-12.66,-14.89,5.67,7.55,0.84
US-Pfa,-90.2723,45.9459,2007,11,28,-3.18,-10.28,-10.16,6.26,3.08,1.35
US-Pfa,-90.2723,45.9459,2007,11,29,-10.42,-14.09,-17.06,6.61,6.94,0.05
US-Pfa,-90.2723,45.9459,2007,11,30,-11.75,-18.36,-19.23,5.6,7.53,0.03
US-Pfa,-90.2723,45.9459,2007,12,1,-5.4,-18.43,-13.34,5.86,2.55,14.33
US-Pfa,-90.2723,45.9459,2007,12,2,-1.77,-6.93,-5.03,4.11,1.65,3.04
US-Pfa,-90.2723,45.9459,2007,12,3,-5.96,-12.75,-9.79,4.86,2.63,0.46
US-Pfa,-90.2723,45.9459,2007,12,4,-7.22,-12.79,-10.52,2.68,3.19,1.33
US-Pfa,-90.2723,45.9459,2007,12,5,-9.51,-22.94,-15.12,4.42,5.95,0.07
US-Pfa,-90.2723,45.9459,2007,12,6,-7.56,-24.88,-15.56,5.06,3.06,0.48
US-Pfa,-90.2723,45.9459,2007,12,7,-8.33,-22.66,-16.15,4.23,6.71,0.04
US-Pfa,-90.2723,45.9459,2007,12,8,-12.23,-23.66,-18.57,2.44,5.06,0.03
US-Pfa,-90.2723,45.9459,2007,12,9,-11.62,-22.1,-17.52,2.48,3.33,0
US-Pfa,-90.2723,45.9459,2007,12,10,-7.97,-22.67,-16.17,3.7,6.07,0.02
US-Pfa,-90.2723,45.9459,2007,12,11,-6.7,-14.22,-10.47,3.9,3.63,0.04
US-Pfa,-90.2723,45.9459,2007,12,12,-7.49,-17.87,-14.32,3.16,6.93,0.01
US-Pfa,-90.2723,45.9459,2007,12,13,-5.13,-15.9,-11.4,6.58,2.93,0.33
US-Pfa,-90.2723,45.9459,2007,12,14,-9.75,-19.64,-14.65,2.9,6.81,0.02
US-Pfa,-90.2723,45.9459,2007,12,15,-8.51,-20.67,-15.39,2.48,6.32,0.02
US-Pfa,-90.2723,45.9459,2007,12,16,-5.74,-18.23,-13.78,3.6,2.46,0.15
US-Pfa,-90.2723,45.9459,2007,12,17,-6.49,-17.98,-12.04,3.99,5.55,0.09
US-Pfa,-90.2723,45.9459,2007,12,18,-2.95,-11.48,-7.97,3.13,2.75,0.28
US-Pfa,-90.2723,45.9459,2007,12,19,-2.7,-12.35,-8.62,2.61,2.46,0.01
US-Pfa,-90.2723,45.9459,2007,12,20,-0.85,-7.49,-4.89,5.47,4.21,0.11
US-Pfa,-90.2723,45.9459,2007,12,21,0.43,-2.36,-1,3.97,1.4,0.2
US-Pfa,-90.2723,45.9459,2007,12,22,0.79,-6.92,-1.52,3.74,2.06,5.23
US-Pfa,-90.2723,45.9459,2007,12,23,-2.08,-8.84,-6.73,7.07,2.1,15
US-Pfa,-90.2723,45.9459,2007,12,24,-5.59,-12.9,-9.56,3.87,6.18,0.14
US-Pfa,-90.2723,45.9459,2007,12,25,-4.06,-12.91,-8.93,3.67,4.08,2.07
US-Pfa,-90.2723,45.9459,2007,12,26,-3.19,-8.82,-7.1,1.86,4.37,4.99
US-Pfa,-90.2723,45.9459,2007,12,27,-5.58,-16.44,-10.09,3.89,6.45,0.07
US-Pfa,-90.2723,45.9459,2007,12,28,-8.19,-13.7,-11.29,2.41,4.66,1.99
US-Pfa,-90.2723,45.9459,2007,12,29,-6.92,-14.59,-11.25,3.12,4.81,0.45
US-Pfa,-90.2723,45.9459,2007,12,30,-7.92,-14.55,-12.25,2.88,5.26,0.13
US-Pfa,-90.2723,45.9459,2007,12,31,-7.51,-13.1,-11.49,2.77,4.54,0.75
US-Pfa,-90.2723,45.9459,2008,1,1,-12.1,-15.4,-13.95,4.78,7.11,0.55
US-Pfa,-90.2723,45.9459,2008,1,2,-11.3,-21.09,-15.54,3.67,7.29,0.06
US-Pfa,-90.2723,45.9459,2008,1,3,-8.63,-19.51,-14.08,7.34,6.66,0.01
US-Pfa,-90.2723,45.9459,2008,1,4,-4.77,-11.37,-8.51,4.84,6.77,0.03
US-Pfa,-90.2723,45.9459,2008,1,5,-0.29,-4.47,-2.94,5.45,4.14,0.11
US-Pfa,-90.2723,45.9459,2008,1,6,0.58,-2.56,-0.35,4.91,2.94,0.27
US-Pfa,-90.2723,45.9459,2008,1,7,0.38,-4.18,-1.54,1.86,1.19,1.6
US-Pfa,-90.2723,45.9459,2008,1,8,-0.06,-3.14,-1.21,3.73,2.1,0.22
US-Pfa,-90.2723,45.9459,2008,1,9,-4,-13.26,-9.61,2.96,5.09,0.01
US-Pfa,-90.2723,45.9459,2008,1,10,-1.93,-9.68,-6.27,3.84,2.31,0.12
US-Pfa,-90.2723,45.9459,2008,1,11,-1.36,-9.34,-5.91,2.72,4.88,1.08
US-Pfa,-90.2723,45.9459,2008,1,12,-2.66,-11.5,-7.87,1.64,6.18,0.8
US-Pfa,-90.2723,45.9459,2008,1,13,-2.44,-9.71,-7.4,3.86,5.95,2.16
US-Pfa,-90.2723,45.9459,2008,1,14,-6.9,-9.99,-8.75,5.94,7.47,1.75
US-Pfa,-90.2723,45.9459,2008,1,15,-5.36,-12.76,-10.7,3.16,6.54,0.09
US-Pfa,-90.2723,45.9459,2008,1,16,-5.06,-12.75,-9.6,4.68,5.22,0.35
US-Pfa,-90.2723,45.9459,2008,1,17,-9.8,-18.28,-13.08,3.96,6.56,5.13
US-Pfa,-90.2723,45.9459,2008,1,18,-15.73,-23.13,-20.51,5.02,8.2,0.37
US-Pfa,-90.2723,45.9459,2008,1,19,-23.71,-28.99,-26.18,4.57,8.88,0.14
US-Pfa,-90.2723,45.9459,2008,1,20,-21.86,-29.43,-26.24,4.23,8.98,0.12
US-Pfa,-90.2723,45.9459,2008,1,21,-17.37,-28.86,-22.55,2.9,7.26,0.55
US-Pfa,-90.2723,45.9459,2008,1,22,-17.32,-24.39,-19.7,4.68,8.08,0.15
US-Pfa,-90.2723,45.9459,2008,1,23,-16.45,-25.36,-20.88,3.54,9.18,0.07
US-Pfa,-90.2723,45.9459,2008,1,24,-18.47,-27.28,-23.78,4.38,9.28,0.1
US-Pfa,-90.2723,45.9459,2008,1,25,-11.51,-23.1,-18.23,4.4,7.94,0.04
US-Pfa,-90.2723,45.9459,2008,1,26,-7.56,-15.1,-12.44,2.95,7.15,0.11
US-Pfa,-90.2723,45.9459,2008,1,27,-4.55,-13.34,-10.05,4.64,8.96,0.02
US-Pfa,-90.2723,45.9459,2008,1,28,0.61,-8.97,-3.22,7.8,7.29,2.95
US-Pfa,-90.2723,45.9459,2008,1,29,0.56,-24.09,-12.22,8.46,5.74,3.83
US-Pfa,-90.2723,45.9459,2008,1,30,-22.98,-29.04,-26.02,8.22,8.35,0.08
US-Pfa,-90.2723,45.9459,2008,1,31,-15.43,-30,-22.6,2.65,8.1,0.05
US-Pfa,-90.2723,45.9459,2008,2,1,-4.55,-20.52,-12.19,3.3,4.58,0.03
US-Pfa,-90.2723,45.9459,2008,2,2,-3.94,-9.87,-7.6,3.26,5.89,1.35
US-Pfa,-90.2723,45.9459,2008,2,3,-3.91,-15,-10.07,3.14,8.53,0.11
US-Pfa,-90.2723,45.9459,2008,2,4,-1.95,-7.74,-6.08,3.42,4.08,1.77
US-Pfa,-90.2723,45.9459,2008,2,5,-0.75,-9.02,-6.31,4.42,6.05,0.87
US-Pfa,-90.2723,45.9459,2008,2,6,-7.85,-18.41,-12.58,5.12,11.75,0.05
US-Pfa,-90.2723,45.9459,2008,2,7,-9.16,-20.77,-14.9,2.8,10.97,0.06
US-Pfa,-90.2723,45.9459,2008,2,8,-6.04,-15.36,-11.25,2.32,7.17,0.33
US-Pfa,-90.2723,45.9459,2008,2,9,-5.31,-24.7,-13.43,6.43,7.17,0.65
US-Pfa,-90.2723,45.9459,2008,2,10,-22.29,-27.45,-25.3,9.75,12.32,0.22
US-Pfa,-90.2723,45.9459,2008,2,11,-14.04,-24,-20.38,3.18,12,0.03
US-Pfa,-90.2723,45.9459,2008,2,12,-10.88,-24.76,-19.52,2.3,8.81,0.04
US-Pfa,-90.2723,45.9459,2008,2,13,-10.59,-21.16,-16.42,3.21,11.02,0.87
US-Pfa,-90.2723,45.9459,2008,2,14,-9.45,-17.81,-14.37,4.03,9.77,2.08
US-Pfa,-90.2723,45.9459,2008,2,15,-16.1,-23.15,-20.95,4.07,10.85,0.02
US-Pfa,-90.2723,45.9459,2008,2,16,-6.11,-21.56,-12.72,6.85,11.18,0.02
US-Pfa,-90.2723,45.9459,2008,2,17,-2.91,-10.69,-7.75,5.35,4.08,2.81
US-Pfa,-90.2723,45.9459,2008,2,18,-8.54,-14.39,-13.07,4.89,11.05,1.56
US-Pfa,-90.2723,45.9459,2008,2,19,-15.02,-20.5,-18.88,3.78,13.52,0.44
US-Pfa,-90.2723,45.9459,2008,2,20,-15.12,-25.19,-19.34,4.19,14.06,0.12
US-Pfa,-90.2723,45.9459,2008,2,21,-12.74,-28.11,-19.8,4.03,13.22,0.04
US-Pfa,-90.2723,45.9459,2008,2,22,-7.42,-20.76,-14.72,2.16,14.22,0.02
US-Pfa,-90.2723,45.9459,2008,2,23,-4.19,-17.76,-12.02,3.28,13.87,0.02
US-Pfa,-90.2723,45.9459,2008,2,24,-1.54,-13.09,-7.88,4,11.95,0.04
US-Pfa,-90.2723,45.9459,2008,2,25,-0.82,-8.26,-6.18,3.94,11.61,0.1
US-Pfa,-90.2723,45.9459,2008,2,26,-7.91,-11.99,-11.83,5.74,9.91,0.25
US-Pfa,-90.2723,45.9459,2008,2,27,-9.88,-16.26,-14.22,3.44,13.34,0.12
US-Pfa,-90.2723,45.9459,2008,2,28,-6.34,-17.06,-12.26,3.95,11.72,0.47
US-Pfa,-90.2723,45.9459,2008,2,29,-2.83,-15.29,-9.7,5.63,8.55,1.79
US-Pfa,-90.2723,45.9459,2008,3,1,-4.89,-18.51,-12.65,3,14.57,0.01
US-Pfa,-90.2723,45.9459,2008,3,2,0.44,-11.05,-4.84,7.17,7.25,1.4
US-Pfa,-90.2723,45.9459,2008,3,3,-4.1,-19.8,-12.96,6.75,16.58,0.07
US-Pfa,-90.2723,45.9459,2008,3,4,-7.3,-22.17,-14.67,3.02,15.59,0.01
US-Pfa,-90.2723,45.9459,2008,3,5,-3.16,-12.28,-9.62,3.28,10.6,0.84
US-Pfa,-90.2723,45.9459,2008,3,6,-12.8,-18.44,-16.48,4.16,17.6,0.04
US-Pfa,-90.2723,45.9459,2008,3,7,-14.35,-27.12,-20.28,2.88,18.23,0.02
US-Pfa,-90.2723,45.9459,2008,3,8,-9.31,-25.02,-17.61,1.9,16.72,0
US-Pfa,-90.2723,45.9459,2008,3,9,-5.24,-15.08,-11.94,1.63,16.89,0.01
US-Pfa,-90.2723,45.9459,2008,3,10,-4.51,-17.08,-10.47,4.59,17.58,0.01
US-Pfa,-90.2723,45.9459,2008,3,11,1.34,-9.12,-4.66,5.37,17.36,0
US-Pfa,-90.2723,45.9459,2008,3,12,0.06,-11.26,-5.08,4.88,8.39,3.45
US-Pfa,-90.2723,45.9459,2008,3,13,2.12,-5.4,-2.27,4.77,16.22,1.46
US-Pfa,-90.2723,45.9459,2008,3,14,0.72,-9.16,-4.91,4.56,11,0.07
US-Pfa,-90.2723,45.9459,2008,3,15,-1.81,-13.51,-9.78,4.27,18.31,0.01
US-Pfa,-90.2723,45.9459,2008,3,16,-1.29,-15.09,-10.39,2.91,19.64,0
US-Pfa,-90.2723,45.9459,2008,3,17,1.16,-10.73,-5.78,4.9,7.97,1.49
US-Pfa,-90.2723,45.9459,2008,3,18,2.37,-4.78,-2.48,3.28,7.62,3.82
US-Pfa,-90.2723,45.9459,2008,3,19,3.11,-6.45,-5.13,5.4,19.8,0.25
US-Pfa,-90.2723,45.9459,2008,3,20,2.43,-9.84,-8.5,3.66,20.27,0.01
US-Pfa,-90.2723,45.9459,2008,3,21,-0.57,-8.37,-8.02,4.05,6.9,0.05
US-Pfa,-90.2723,45.9459,2008,3,22,1.61,-7.97,-7.72,2.56,17.11,0.06
US-Pfa,-90.2723,45.9459,2008,3,23,-2.7,-11.27,-10.19,4.14,17.38,0.22
US-Pfa,-90.2723,45.9459,2008,3,24,3.03,-11.97,-8.63,6.99,19.82,1.4
US-Pfa,-90.2723,45.9459,2008,3,25,5.42,-3.49,-2.53,6.82,6.54,0.53
US-Pfa,-90.2723,45.9459,2008,3,26,4.02,-5.2,-5.72,5.71,17.51,0.1
US-Pfa,-90.2723,45.9459,2008,3,27,1.74,-8.42,-9.75,3.5,18.04,0
US-Pfa,-90.2723,45.9459,2008,3,28,3.81,-10.7,-9.84,2.76,20.94,0
US-Pfa,-90.2723,45.9459,2008,3,29,6.43,-6.22,-7.5,5.24,19.86,0
US-Pfa,-90.2723,45.9459,2008,3,30,6.35,-1.88,-1.97,5.81,11.56,0.23
US-Pfa,-90.2723,45.9459,2008,3,31,4.24,-1.7,-1.83,6.39,4.12,14.53
US-Pfa,-90.2723,45.9459,2008,4,1,0.4,-6.59,-6.35,6.62,22.33,1.29
US-Pfa,-90.2723,45.9459,2008,4,2,4.45,-8.52,-5.67,5.02,18.81,0.01
US-Pfa,-90.2723,45.9459,2008,4,3,9.93,-2.82,-1.07,3.85,18.58,0
US-Pfa,-90.2723,45.9459,2008,4,4,11.21,-1.41,-0.76,3.63,20.95,0
US-Pfa,-90.2723,45.9459,2008,4,5,13.96,-1.95,2.12,2.97,21.2,0.21
US-Pfa,-90.2723,45.9459,2008,4,6,13.68,2.01,2.81,5.3,10.48,2.54
US-Pfa,-90.2723,45.9459,2008,4,7,7.36,-0.29,2.45,3.77,4.05,3.75
US-Pfa,-90.2723,45.9459,2008,4,8,4.37,-2.06,-1.19,2.78,5.4,2.74
US-Pfa,-90.2723,45.9459,2008,4,9,6.6,-2.83,-2.01,4.55,10.65,3.38
US-Pfa,-90.2723,45.9459,2008,4,10,4.69,-3.93,-2.42,7.5,5.8,10.23
US-Pfa,-90.2723,45.9459,2008,4,11,1.03,-3.58,-2.06,8.53,4.5,15.22
US-Pfa,-90.2723,45.9459,2008,4,12,-1.29,-8.2,-4.59,7.34,10.42,1.58
US-Pfa,-90.2723,45.9459,2008,4,13,1.69,-8.21,-5.52,4.04,20.57,0
US-Pfa,-90.2723,45.9459,2008,4,14,7.49,-6.17,-6.03,3.06,25.64,0
US-Pfa,-90.2723,45.9459,2008,4,15,13.49,-1.03,0.12,9.13,23.08,0
US-Pfa,-90.2723,45.9459,2008,4,16,16.1,3.56,6.16,8.01,14.56,0.07
US-Pfa,-90.2723,45.9459,2008,4,17,13.03,1.35,1.68,3.38,8.11,3.99
US-Pfa,-90.2723,45.9459,2008,4,18,7.85,0.48,2.72,4.7,5.67,16.18
US-Pfa,-90.2723,45.9459,2008,4,19,14.31,3.03,6.16,3.31,10.77,2.34
US-Pfa,-90.2723,45.9459,2008,4,20,21.96,4.48,7.17,3.82,23.25,0.06
US-Pfa,-90.2723,45.9459,2008,4,21,20.53,5.83,9.98,4.55,18.19,1.84
US-Pfa,-90.2723,45.9459,2008,4,22,16.76,3.83,7.63,3.79,17.37,4.75
US-Pfa,-90.2723,45.9459,2008,4,23,19.82,2.12,2.98,4.15,24.88,0
US-Pfa,-90.2723,45.9459,2008,4,24,13.63,6.84,6.24,6.88,4.67,9.39
US-Pfa,-90.2723,45.9459,2008,4,25,14.08,3.53,9.32,4.38,5.27,15.61
US-Pfa,-90.2723,45.9459,2008,4,26,3.23,-3.24,-3.94,10.13,11.7,1.6
US-Pfa,-90.2723,45.9459,2008,4,27,7.3,-3.92,-5.87,5.65,22.96,0.02
US-Pfa,-90.2723,45.9459,2008,4,28,4.09,-4.29,-5.71,4.2,11.96,0.04
US-Pfa,-90.2723,45.9459,2008,4,29,8.37,-4.09,-5.94,2.96,24.3,0
US-Pfa,-90.2723,45.9459,2008,4,30,14.37,-3.23,-0.58,3.3,25.25,0.04
US-Pfa,-90.2723,45.9459,2008,5,1,15.52,2.28,2.37,5.07,17.57,2.83
US-Pfa,-90.2723,45.9459,2008,5,2,11.1,1.91,5.11,5.57,3.76,27.42
US-Pfa,-90.2723,45.9459,2008,5,3,8.88,-1.41,-0.11,5.42,22.8,7.07
US-Pfa,-90.2723,45.9459,2008,5,4,15.42,-2.14,1.68,5.29,22.48,0.93
US-Pfa,-90.2723,45.9459,2008,5,5,12.37,0.67,-0.23,3.73,25,0.4
US-Pfa,-90.2723,45.9459,2008,5,6,21.1,3.22,7.4,3.37,18.65,2.3
US-Pfa,-90.2723,45.9459,2008,5,7,13.88,4.93,4.32,4.19,20.98,0.74
US-Pfa,-90.2723,45.9459,2008,5,8,16.16,0.99,1.46,2.4,23.38,0
US-Pfa,-90.2723,45.9459,2008,5,9,13.94,1.86,-0.64,3.19,23.42,0
US-Pfa,-90.2723,45.9459,2008,5,10,14.98,0.36,1.49,2.98,13.99,0.12
US-Pfa,-90.2723,45.9459,2008,5,11,7.91,-0.67,1.78,5.01,20.19,0.28
US-Pfa,-90.2723,45.9459,2008,5,12,11.98,-1.48,1.74,2.56,22.57,0.3
US-Pfa,-90.2723,45.9459,2008,5,13,18.49,3.09,7.18,6.27,9.54,2.2
US-Pfa,-90.2723,45.9459,2008,5,14,15.18,2.52,2.43,4.54,29.35,0.23
US-Pfa,-90.2723,45.9459,2008,5,15,18.93,2.76,4.66,3.86,28.29,0.03
US-Pfa,-90.2723,45.9459,2008,5,16,19.62,5.32,7.79,3.94,19.9,1.37
US-Pfa,-90.2723,45.9459,2008,5,17,14.61,4.32,4.24,5.43,21.06,2.03
US-Pfa,-90.2723,45.9459,2008,5,18,10.07,1.62,0.47,5.24,20.36,0.99
US-Pfa,-90.2723,45.9459,2008,5,19,9.91,-0.73,-0.46,2.65,12.33,0.03
US-Pfa,-90.2723,45.9459,2008,5,20,13.33,1.04,1.05,5.14,26.28,0.01
US-Pfa,-90.2723,45.9459,2008,5,21,14.76,-0.23,2.34,4.2,30.71,0
US-Pfa,-90.2723,45.9459,2008,5,22,15.11,0.98,4.07,3.65,27.84,0
US-Pfa,-90.2723,45.9459,2008,5,23,18.09,2.04,4.66,3.41,27.7,0.01
US-Pfa,-90.2723,45.9459,2008,5,24,20,3.36,5.63,3.52,25.33,0
US-Pfa,-90.2723,45.9459,2008,5,25,20.85,8.37,12.39,5.73,12.59,10.63
US-Pfa,-90.2723,45.9459,2008,5,26,18.99,1.81,7.93,5.28,18.94,0.72
US-Pfa,-90.2723,45.9459,2008,5,27,12.74,-0.99,-1.06,3.64,27.97,0
US-Pfa,-90.2723,45.9459,2008,5,28,18.49,1.12,3.16,3.18,28.95,0
US-Pfa,-90.2723,45.9459,2008,5,29,20.55,5.95,7.49,3.7,14.07,7.76
US-Pfa,-90.2723,45.9459,2008,5,30,18.16,9.71,11.94,3.68,6.63,21.08
US-Pfa,-90.2723,45.9459,2008,5,31,15.92,7.98,8.62,4.56,26.21,0.13
US-Pfa,-90.2723,45.9459,2008,6,1,21.65,6.48,10.43,3.4,27.01,0.6
US-Pfa,-90.2723,45.9459,2008,6,2,18.25,8.76,8.72,2.32,13.51,0.34
US-Pfa,-90.2723,45.9459,2008,6,3,17.1,7.51,5.49,4.02,11.72,0.45
US-Pfa,-90.2723,45.9459,2008,6,4,18.87,6.64,10.22,3.18,9.72,1.23
US-Pfa,-90.2723,45.9459,2008,6,5,18.82,10.69,13.38,3.18,10.26,7.34
US-Pfa,-90.2723,45.9459,2008,6,6,24.84,14.06,15.88,9.21,15.3,10.54
US-Pfa,-90.2723,45.9459,2008,6,7,24.73,12.36,15.28,5.91,16.76,14.3
US-Pfa,-90.2723,45.9459,2008,6,8,20.43,10.61,12.74,2.35,11.19,20.65
US-Pfa,-90.2723,45.9459,2008,6,9,21.36,11.62,12.6,4.58,24.95,0.31
US-Pfa,-90.2723,45.9459,2008,6,10,17.6,9.39,10.62,3.4,21.42,1.74
US-Pfa,-90.2723,45.9459,2008,6,11,17.31,7.61,9.74,5.43,6.38,13.4
US-Pfa,-90.2723,45.9459,2008,6,12,19.64,9.36,13.93,4.82,12.59,14.85
US-Pfa,-90.2723,45.9459,2008,6,13,19.26,10.55,11.08,5.84,26.16,0.06
US-Pfa,-90.2723,45.9459,2008,6,14,20.5,9.31,10.88,4.76,27.48,0.54
US-Pfa,-90.2723,45.9459,2008,6,15,19.51,10.36,11.08,4.71,26.33,1.96
US-Pfa,-90.2723,45.9459,2008,6,16,15.66,7.71,7.85,4.54,17.28,0.16
US-Pfa,-90.2723,45.9459,2008,6,17,19.05,6.96,7.88,5.04,27.4,0
US-Pfa,-90.2723,45.9459,2008,6,18,19.17,6.33,6.88,3.19,31.83,0
US-Pfa,-90.2723,45.9459,2008,6,19,21.88,7.56,8.66,2.77,25.48,0.19
US-Pfa,-90.2723,45.9459,2008,6,20,24.29,11.87,13.12,2.95,26.26,2.13
US-Pfa,-90.2723,45.9459,2008,6,21,20.98,11.71,12.07,4,26.88,3.38
US-Pfa,-90.2723,45.9459,2008,6,22,16.52,10.32,11.41,3.61,21.67,2.08
US-Pfa,-90.2723,45.9459,2008,6,23,22.45,10.38,11.31,2.68,28.6,0.09
US-Pfa,-90.2723,45.9459,2008,6,24,24.15,12.94,13.79,4.49,26.67,0.08
US-Pfa,-90.2723,45.9459,2008,6,25,25.74,16.22,17.69,5.26,25.77,0.38
US-Pfa,-90.2723,45.9459,2008,6,26,26.63,14.66,15.74,2.3,22.33,0.02
US-Pfa,-90.2723,45.9459,2008,6,27,24.2,13.66,16.74,4.59,12.04,10.26
US-Pfa,-90.2723,45.9459,2008,6,28,20.02,11.07,12.63,4.08,24.75,3.35
US-Pfa,-90.2723,45.9459,2008,6,29,20.26,10.23,11.59,5.54,19.26,1.59
US-Pfa,-90.2723,45.9459,2008,6,30,22.89,8.89,10.19,3.44,31.11,0.01
US-Pfa,-90.2723,45.9459,2008,7,1,25.62,13,14.28,4.95,28.33,0.06
US-Pfa,-90.2723,45.9459,2008,7,2,20.89,11,13.91,5.45,23.7,6.97
US-Pfa,-90.2723,45.9459,2008,7,3,20.97,9.33,9.39,2.01,25.55,0.02
US-Pfa,-90.2723,45.9459,2008,7,4,22.81,11.52,11.05,2.65,27.74,0
US-Pfa,-90.2723,45.9459,2008,7,5,24.6,12.34,14.31,5,26.41,0.02
US-Pfa,-90.2723,45.9459,2008,7,6,26.33,14.57,17.23,4.74,19.66,3.16
US-Pfa,-90.2723,45.9459,2008,7,7,26.93,14.41,16.73,2,15.45,4.23
US-Pfa,-90.2723,45.9459,2008,7,8,24.05,13.63,14.93,4.86,29.03,0.7
US-Pfa,-90.2723,45.9459,2008,7,9,21.51,11.03,11.33,4.58,26.6,0.06
US-Pfa,-90.2723,45.9459,2008,7,10,23.75,12.75,13.76,2.75,10.46,7.26
US-Pfa,-90.2723,45.9459,2008,7,11,25.88,14.52,19.46,5.96,22.09,11.64
US-Pfa,-90.2723,45.9459,2008,7,12,21.94,13.23,12.18,6.95,28.5,2.72
US-Pfa,-90.2723,45.9459,2008,7,13,20.36,11.28,10.1,7.15,22.06,0.23
US-Pfa,-90.2723,45.9459,2008,7,14,23.2,8.98,11.48,3.17,29.6,4.41
US-Pfa,-90.2723,45.9459,2008,7,15,26.43,13.73,15.31,3.48,27.64,3.22
US-Pfa,-90.2723,45.9459,2008,7,16,27.71,14.9,16.96,2.13,13.46,2.12
US-Pfa,-90.2723,45.9459,2008,7,17,25.87,16.75,20.4,2.54,8.94,23.25
US-Pfa,-90.2723,45.9459,2008,7,18,25.14,14.38,15.59,2.7,23.72,0.24
US-Pfa,-90.2723,45.9459,2008,7,19,25.65,12.52,14.85,1.61,16.31,0.86
US-Pfa,-90.2723,45.9459,2008,7,20,25.23,15.09,16.96,2.58,18.06,2.46
US-Pfa,-90.2723,45.9459,2008,7,21,22.75,12.84,13.32,3.06,20.57,0.26
US-Pfa,-90.2723,45.9459,2008,7,22,22.95,11.21,11.65,3.18,26.22,0.17
US-Pfa,-90.2723,45.9459,2008,7,23,24.38,8.56,9.71,1.63,26.92,0
US-Pfa,-90.2723,45.9459,2008,7,24,24.15,14.41,14.17,3.25,19.59,0.46
US-Pfa,-90.2723,45.9459,2008,7,25,25.35,14.81,17.37,4.49,13.17,8.84
US-Pfa,-90.2723,45.9459,2008,7,26,24.27,12.28,12.24,4.88,27.2,0
US-Pfa,-90.2723,45.9459,2008,7,27,25.01,12.45,12.43,3.66,20.92,0.02
US-Pfa,-90.2723,45.9459,2008,7,28,25.98,12.55,13.76,2.16,27.04,0.2
US-Pfa,-90.2723,45.9459,2008,7,29,25.68,15.61,17.79,4.93,17.66,9.9
US-Pfa,-90.2723,45.9459,2008,7,30,25.03,14.02,14.53,3.95,24.79,0
US-Pfa,-90.2723,45.9459,2008,7,31,23.81,13.17,15.26,1.94,19.5,2.44
US-Pfa,-90.2723,45.9459,2008,8,1,23.77,12.73,13.41,3.24,27.92,1.35
US-Pfa,-90.2723,45.9459,2008,8,2,25.49,11.26,12.94,1.86,25.78,0
US-Pfa,-90.2723,45.9459,2008,8,3,25.28,13.84,14.86,3.97,10.72,3.07
US-Pfa,-90.2723,45.9459,2008,8,4,27.5,16.18,17.84,1.89,15.53,1.9
US-Pfa,-90.2723,45.9459,2008,8,5,25.27,14.87,14.61,3.36,25.94,0.01
US-Pfa,-90.2723,45.9459,2008,8,6,23.4,12.86,13.03,3.32,21.65,1.99
US-Pfa,-90.2723,45.9459,2008,8,7,21.92,12.37,11.95,3.79,24.2,0.17
US-Pfa,-90.2723,45.9459,2008,8,8,23.68,11.1,11.71,3.01,20.62,0.12
US-Pfa,-90.2723,45.9459,2008,8,9,21.33,8.89,9.87,3.77,24.31,0.07
US-Pfa,-90.2723,45.9459,2008,8,10,21.93,7.6,9.29,2.85,27.56,0
US-Pfa,-90.2723,45.9459,2008,8,11,24.54,9.01,11.08,1.94,24.84,0
US-Pfa,-90.2723,45.9459,2008,8,12,23.38,13.62,13.42,2.76,9.01,0.62
US-Pfa,-90.2723,45.9459,2008,8,13,21.76,13.97,14.09,1.4,14.23,2.25
US-Pfa,-90.2723,45.9459,2008,8,14,24.11,12.62,11.19,2.77,16.24,0.12
US-Pfa,-90.2723,45.9459,2008,8,15,23.96,10.83,9.14,2,25.25,0.01
US-Pfa,-90.2723,45.9459,2008,8,16,24.47,12.14,14.15,3.8,21.27,2.28
US-Pfa,-90.2723,45.9459,2008,8,17,27.89,14.17,15.28,4.05,22.42,0.05
US-Pfa,-90.2723,45.9459,2008,8,18,25.69,11.81,13.3,4.27,23.25,0.02
US-Pfa,-90.2723,45.9459,2008,8,19,25.02,9.2,12.31,2.79,22.43,0
US-Pfa,-90.2723,45.9459,2008,8,20,26.92,12.9,14.13,3.46,17.69,0
US-Pfa,-90.2723,45.9459,2008,8,21,25.28,16.12,16.01,5.07,13.35,0.99
US-Pfa,-90.2723,45.9459,2008,8,22,27.8,16.83,18.91,6.88,14.05,4.68
US-Pfa,-90.2723,45.9459,2008,8,23,22.75,11.96,11.14,4.29,23.51,0.19
US-Pfa,-90.2723,45.9459,2008,8,24,19.94,9.15,6.48,3.29,24.75,0.7
US-Pfa,-90.2723,45.9459,2008,8,25,22.61,8.15,4.04,1.89,24.8,0
US-Pfa,-90.2723,45.9459,2008,8,26,24.38,8.11,8.57,3.78,23.85,0
US-Pfa,-90.2723,45.9459,2008,8,27,25.12,9.26,10.72,4.26,14.14,0.06
US-Pfa,-90.2723,45.9459,2008,8,28,23.43,13.08,14.08,4.17,16.6,14.77
US-Pfa,-90.2723,45.9459,2008,8,29,23.68,9.13,9.89,2.95,22.88,0.61
US-Pfa,-90.2723,45.9459,2008,8,30,25.07,11.85,9.79,2.02,23.13,0
US-Pfa,-90.2723,45.9459,2008,8,31,28.42,14.12,14.06,4.83,22.61,0
US-Pfa,-90.2723,45.9459,2008,9,1,28.34,15.41,16.86,5.64,18.85,0
US-Pfa,-90.2723,45.9459,2008,9,2,29,14.64,18.15,6.21,11.47,7.86
US-Pfa,-90.2723,45.9459,2008,9,3,18.41,8.98,7.04,4.16,22.61,0.01
US-Pfa,-90.2723,45.9459,2008,9,4,15.33,7.58,7.29,2.56,11.93,0.15
US-Pfa,-90.2723,45.9459,2008,9,5,19.83,6.58,8.68,2.02,18.51,2.78
US-Pfa,-90.2723,45.9459,2008,9,6,16.85,8.56,9.37,2.88,12.71,1.75
US-Pfa,-90.2723,45.9459,2008,9,7,17.35,7.02,8.37,3.55,11.85,4.69
US-Pfa,-90.2723,45.9459,2008,9,8,15.86,6.42,5.91,2.57,13.93,0.38
US-Pfa,-90.2723,45.9459,2008,9,9,17.57,4.38,4.09,2.49,20.8,0.01
US-Pfa,-90.2723,45.9459,2008,9,10,19.08,5.73,5.01,4.36,13.68,0.05
US-Pfa,-90.2723,45.9459,2008,9,11,18.03,11.51,12.7,5.18,3.34,13.88
US-Pfa,-90.2723,45.9459,2008,9,12,21.54,11.22,11.51,2.27,17.48,1.13
US-Pfa,-90.2723,45.9459,2008,9,13,20.55,11.49,14.18,3.03,4.49,22.08
US-Pfa,-90.2723,45.9459,2008,9,14,16.82,7.56,9.9,4.64,7.36,2.54
US-Pfa,-90.2723,45.9459,2008,9,15,15.47,5.94,5.52,2.64,17.8,0.1
US-Pfa,-90.2723,45.9459,2008,9,16,22.57,7.25,8.11,4.72,20.07,0
US-Pfa,-90.2723,45.9459,2008,9,17,20.9,8.22,8.67,2.95,20,0
US-Pfa,-90.2723,45.9459,2008,9,18,22.14,7.99,10.32,5.23,18.54,0
US-Pfa,-90.2723,45.9459,2008,9,19,24.56,14.42,12.72,6.22,17.87,0.01
US-Pfa,-90.2723,45.9459,2008,9,20,20.51,9.19,9.76,3.02,15.99,0.03
US-Pfa,-90.2723,45.9459,2008,9,21,22.99,8.73,10.94,3.06,16.21,0.05
US-Pfa,-90.2723,45.9459,2008,9,22,21.23,12.77,14.08,5.01,12.55,0.06
US-Pfa,-90.2723,45.9459,2008,9,23,25.07,14.9,14.86,6.8,11.08,0.99
US-Pfa,-90.2723,45.9459,2008,9,24,19.97,9.03,10.41,4.24,18.08,6.08
US-Pfa,-90.2723,45.9459,2008,9,25,21.61,8.87,5.94,3.99,12.05,0
US-Pfa,-90.2723,45.9459,2008,9,26,25.22,10.89,12.85,5.02,16.77,0.1
US-Pfa,-90.2723,45.9459,2008,9,27,18.3,8.79,12.2,3.89,7.17,13.07
US-Pfa,-90.2723,45.9459,2008,9,28,18.52,8.73,8.13,2.48,7.6,0.39
US-Pfa,-90.2723,45.9459,2008,9,29,16.53,7.63,8.85,3.42,8.71,4.62
US-Pfa,-90.2723,45.9459,2008,9,30,10.47,5.8,5.87,4.34,7.41,3.63
US-Pfa,-90.2723,45.9459,2008,10,1,10.62,3.25,3.35,4.19,8.83,1
US-Pfa,-90.2723,45.9459,2008,10,2,10.13,1.06,4.52,3.8,7.31,4.4
US-Pfa,-90.2723,45.9459,2008,10,3,11.08,-1.07,-0.93,2.85,17,0.04
US-Pfa,-90.2723,45.9459,2008,10,4,14.2,0.44,-1.35,1.07,16.82,0
US-Pfa,-90.2723,45.9459,2008,10,5,15.12,2.02,3.49,3.34,3.89,4.99
US-Pfa,-90.2723,45.9459,2008,10,6,14,8.29,9.49,6.17,6.85,5.46
US-Pfa,-90.2723,45.9459,2008,10,7,16.44,9.99,10.13,5.87,3.47,9.56
US-Pfa,-90.2723,45.9459,2008,10,8,16.55,6.69,6.67,4.15,13.58,1.12
US-Pfa,-90.2723,45.9459,2008,10,9,14.16,5.09,0.76,5.75,15.8,0
US-Pfa,-90.2723,45.9459,2008,10,10,15.73,5.04,3.39,2.55,6.86,1
US-Pfa,-90.2723,45.9459,2008,10,11,21.82,7.08,10.36,4.01,13.36,0.43
US-Pfa,-90.2723,45.9459,2008,10,12,20.88,13.49,15.54,4.64,5.46,0.2
US-Pfa,-90.2723,45.9459,2008,10,13,22.47,6.08,13.42,6.16,4.35,3.89
US-Pfa,-90.2723,45.9459,2008,10,14,13.19,2.66,1.11,3.88,10.58,0.14
US-Pfa,-90.2723,45.9459,2008,10,15,11.81,4.59,3.03,5.35,5.23,0.05
US-Pfa,-90.2723,45.9459,2008,10,16,12.2,1.8,1.83,2.48,11.71,0.02
US-Pfa,-90.2723,45.9459,2008,10,17,8.88,2.38,1.75,1.61,8.51,0.09
US-Pfa,-90.2723,45.9459,2008,10,18,11.92,-0.41,1.09,4.39,12.56,0
US-Pfa,-90.2723,45.9459,2008,10,19,13.61,3.98,5.56,5.12,3.92,0.77
US-Pfa,-90.2723,45.9459,2008,10,20,9.71,0.71,2.23,4.44,12.38,0.38
US-Pfa,-90.2723,45.9459,2008,10,21,9.51,-0.67,-0.73,2.64,13.3,0.04
US-Pfa,-90.2723,45.9459,2008,10,22,9.2,-1.55,-2.6,4.7,4.57,0
US-Pfa,-90.2723,45.9459,2008,10,23,12.32,-0.47,-0.47,4.6,10.9,0.03
US-Pfa,-90.2723,45.9459,2008,10,24,8.86,4.34,4.92,3.52,1.39,14.74
US-Pfa,-90.2723,45.9459,2008,10,25,8.15,3.72,2.86,5.3,7.62,2.08
US-Pfa,-90.2723,45.9459,2008,10,26,5.83,1.12,1.32,6.28,4.42,5.87
US-Pfa,-90.2723,45.9459,2008,10,27,1.21,-3.99,-3.95,5.3,6.9,1.68
US-Pfa,-90.2723,45.9459,2008,10,28,5.14,-4.34,-5.42,3.79,8.82,0
US-Pfa,-90.2723,45.9459,2008,10,29,7.05,-3.82,-4.31,2.78,11.72,0
US-Pfa,-90.2723,45.9459,2008,10,30,15.9,-0.39,0.4,6.28,10.82,0
US-Pfa,-90.2723,45.9459,2008,10,31,12.77,0.38,1.5,3.65,11.16,0.02
US-Pfa,-90.2723,45.9459,2008,11,1,10.86,-2.3,-1.33,2.43,10.11,0
US-Pfa,-90.2723,45.9459,2008,11,2,10.39,1.91,5.16,4.87,3.62,0.35
US-Pfa,-90.2723,45.9459,2008,11,3,18.35,4.33,8.96,4.84,9.69,0.04
US-Pfa,-90.2723,45.9459,2008,11,4,18.36,10.59,11.06,4.65,6.81,0.15
US-Pfa,-90.2723,45.9459,2008,11,5,13.24,9.56,9.41,5.82,4.51,5.08
US-Pfa,-90.2723,45.9459,2008,11,6,13.42,5.87,9.51,5.88,2.39,4.5
US-Pfa,-90.2723,45.9459,2008,11,7,5.69,2.38,2.16,2.95,3.79,3.59
US-Pfa,-90.2723,45.9459,2008,11,8,3.86,-3.6,-1.02,5.92,4.11,9.63
US-Pfa,-90.2723,45.9459,2008,11,9,-2.63,-5.62,-7.89,5.97,4.92,2.61
US-Pfa,-90.2723,45.9459,2008,11,10,0.69,-6.23,-6.69,3.63,7.32,0.07
US-Pfa,-90.2723,45.9459,2008,11,11,0.66,-6.17,-6.29,2.65,4.96,0.53
US-Pfa,-90.2723,45.9459,2008,11,12,1.86,-1.19,-0.33,3.44,2.24,5.54
US-Pfa,-90.2723,45.9459,2008,11,13,1.57,-0.01,0.21,5.18,3.61,2.72
US-Pfa,-90.2723,45.9459,2008,11,14,3.15,-2.66,-1.44,3.59,3.23,0.67
US-Pfa,-90.2723,45.9459,2008,11,15,-0.14,-3.96,-5.23,4.67,4.58,0.69
US-Pfa,-90.2723,45.9459,2008,11,16,-2,-5.45,-8.53,4.72,5.16,0.9
US-Pfa,-90.2723,45.9459,2008,11,17,-5.08,-9.14,-10.87,4.83,5.27,1.43
US-Pfa,-90.2723,45.9459,2008,11,18,-5.39,-12.27,-12.31,3.74,5.94,0.04
US-Pfa,-90.2723,45.9459,2008,11,19,-0.87,-5.76,-6.96,6.06,2.64,0.7
US-Pfa,-90.2723,45.9459,2008,11,20,-5.5,-11.43,-11.14,6.09,4.99,1.43
US-Pfa,-90.2723,45.9459,2008,11,21,-6.85,-12.37,-14.26,3.63,7.78,0.24
US-Pfa,-90.2723,45.9459,2008,11,22,-2.22,-14.15,-12.52,3.76,6.03,0
US-Pfa,-90.2723,45.9459,2008,11,23,-0.86,-9.21,-6.28,3.29,2.38,0.15
US-Pfa,-90.2723,45.9459,2008,11,24,-1.27,-6.35,-5.46,3.79,3.72,1.11
US-Pfa,-90.2723,45.9459,2008,11,25,-1.34,-8.83,-7.27,3.09,6.27,0.17
US-Pfa,-90.2723,45.9459,2008,11,26,0.33,-11.15,-8.06,2.2,8.13,0.01
US-Pfa,-90.2723,45.9459,2008,11,27,-0.49,-7.89,-5.2,5.01,3.31,1.4
US-Pfa,-90.2723,45.9459,2008,11,28,-0.19,-10,-6.71,4.17,7.9,0.09
US-Pfa,-90.2723,45.9459,2008,11,29,1.07,-8.83,-6.66,1.6,5.5,0.08
US-Pfa,-90.2723,45.9459,2008,11,30,-2.14,-6.81,-6.28,4.81,2.97,0.44
US-Pfa,-90.2723,45.9459,2008,12,1,-4.94,-12.75,-9.65,6.11,5.03,1.03
US-Pfa,-90.2723,45.9459,2008,12,2,-2.48,-13.31,-9.13,5.73,3.51,0.06
US-Pfa,-90.2723,45.9459,2008,12,3,-4.88,-11.31,-10.36,4.66,6.65,0.9
US-Pfa,-90.2723,45.9459,2008,12,4,-9.9,-16.69,-15.63,4.6,5.15,0.42
US-Pfa,-90.2723,45.9459,2008,12,5,-9.55,-18.75,-15.37,5.5,3.73,1.75
US-Pfa,-90.2723,45.9459,2008,12,6,-8.63,-15.43,-12.64,5.85,4.33,2.19
US-Pfa,-90.2723,45.9459,2008,12,7,-11.96,-17.85,-16.29,3.29,2.65,2.03
US-Pfa,-90.2723,45.9459,2008,12,8,-9.01,-16.17,-13.75,2.05,2.91,1.41
US-Pfa,-90.2723,45.9459,2008,12,9,-6.92,-17.96,-11.46,4.77,3.92,1.85
US-Pfa,-90.2723,45.9459,2008,12,10,-8.6,-18.69,-14.94,5.27,2.92,0.75
US-Pfa,-90.2723,45.9459,2008,12,11,-7.88,-16.88,-13.95,4.8,6.17,0.23
US-Pfa,-90.2723,45.9459,2008,12,12,-12.61,-18.76,-17.42,4.19,3.58,0.76
US-Pfa,-90.2723,45.9459,2008,12,13,-1.4,-11.53,-5.48,4.42,2.94,1.51
US-Pfa,-90.2723,45.9459,2008,12,14,0.63,-10.12,-2.92,5.3,1.06,11.42
US-Pfa,-90.2723,45.9459,2008,12,15,-10.11,-26.95,-21.8,7.07,5.84,0.54
US-Pfa,-90.2723,45.9459,2008,12,16,-18.1,-31.87,-24.08,3.13,3.64,1.97
US-Pfa,-90.2723,45.9459,2008,12,17,-15.44,-23.92,-19.65,3.42,5.69,0.24
US-Pfa,-90.2723,45.9459,2008,12,18,-11.94,-23.79,-18.11,2.61,6.4,0.07
US-Pfa,-90.2723,45.9459,2008,12,19,-7.27,-15.64,-12.14,4.04,5.07,0.18
US-Pfa,-90.2723,45.9459,2008,12,20,-8.49,-16.55,-13.04,3.23,2.82,4.01
US-Pfa,-90.2723,45.9459,2008,12,21,-11.34,-21.62,-16.47,5.64,4.53,2.45
US-Pfa,-90.2723,45.9459,2008,12,22,-18.53,-27.76,-23.22,3.61,6.37,0.09
US-Pfa,-90.2723,45.9459,2008,12,23,-11.62,-22.59,-15.93,4.41,3.13,3.04
US-Pfa,-90.2723,45.9459,2008,12,24,-8.82,-18.42,-12.91,3.6,3.3,0.84
US-Pfa,-90.2723,45.9459,2008,12,25,-11.79,-23.32,-18.13,5.12,6.65,2.18
US-Pfa,-90.2723,45.9459,2008,12,26,0.66,-10.95,-4.41,7.54,0.88,5.45
US-Pfa,-90.2723,45.9459,2008,12,27,0.64,-8.27,-2.82,4.43,1.47,0.85
US-Pfa,-90.2723,45.9459,2008,12,28,-6.77,-12.77,-11,4.89,6.86,0.35
US-Pfa,-90.2723,45.9459,2008,12,29,-6.04,-21.7,-11.58,6.62,6.96,0.25
US-Pfa,-90.2723,45.9459,2008,12,30,-10.23,-20.72,-14.65,4.03,2.62,2.37
US-Pfa,-90.2723,45.9459,2008,12,31,-14.12,-25.25,-18.93,4.57,7.66,0.01
US-Pfa,-90.2723,45.9459,2009,1,1,-8.73,-20.14,-13.85,6.18,5.36,0.42
US-Pfa,-90.2723,45.9459,2009,1,2,-12.09,-19.45,-16.4,3.79,7.52,0.11
US-Pfa,-90.2723,45.9459,2009,1,3,-5.89,-14.06,-10.18,5.24,4.42,6.38
US-Pfa,-90.2723,45.9459,2009,1,4,-5.58,-24.75,-14.39,4.98,7.27,2.06
US-Pfa,-90.2723,45.9459,2009,1,5,-14.36,-30.17,-22.28,3.41,7.39,0.03
US-Pfa,-90.2723,45.9459,2009,1,6,-9.34,-17.61,-14.17,3.6,5.47,0.08
US-Pfa,-90.2723,45.9459,2009,1,7,-7.13,-13.67,-10.73,2.89,5.36,2.12
US-Pfa,-90.2723,45.9459,2009,1,8,-8.67,-21.94,-15.55,4.29,7.18,0.63
US-Pfa,-90.2723,45.9459,2009,1,9,-10.75,-21.58,-16.23,2.49,6.83,0.12
US-Pfa,-90.2723,45.9459,2009,1,10,-9.19,-19.49,-15.49,2.41,7.47,0
US-Pfa,-90.2723,45.9459,2009,1,11,-10.19,-18.41,-15.2,2.9,5.97,0.08
US-Pfa,-90.2723,45.9459,2009,1,12,-10.99,-19.26,-15.45,2.85,4.52,2.19
US-Pfa,-90.2723,45.9459,2009,1,13,-16.67,-24.63,-20.59,4.21,8.1,0.13
US-Pfa,-90.2723,45.9459,2009,1,14,-16.96,-25.64,-21.67,4.9,8.41,0.28
US-Pfa,-90.2723,45.9459,2009,1,15,-22.73,-27.12,-24.5,5.43,8.38,0.31
US-Pfa,-90.2723,45.9459,2009,1,16,-21.81,-35.89,-28.16,3.87,8.56,0.47
US-Pfa,-90.2723,45.9459,2009,1,17,-13.16,-21.87,-16.41,5.01,6.41,4.59
US-Pfa,-90.2723,45.9459,2009,1,18,-10.47,-15.76,-13.28,3.42,5.16,1.01
US-Pfa,-90.2723,45.9459,2009,1,19,-9.58,-13.98,-12.55,3.59,6.96,1.45
US-Pfa,-90.2723,45.9459,2009,1,20,-9.12,-14.93,-13.04,3.61,6.96,0.15
US-Pfa,-90.2723,45.9459,2009,1,21,-5.09,-14.98,-10.86,3.1,6.44,0.05
US-Pfa,-90.2723,45.9459,2009,1,22,-3.79,-11.96,-8.77,2.09,4.73,0.1
US-Pfa,-90.2723,45.9459,2009,1,23,-8.56,-17.85,-12.79,6.25,7.66,0.57
US-Pfa,-90.2723,45.9459,2009,1,24,-17.81,-26.46,-23.02,4.82,9.38,0.03
US-Pfa,-90.2723,45.9459,2009,1,25,-19.01,-31.13,-26.37,3.67,9.39,0.04
US-Pfa,-90.2723,45.9459,2009,1,26,-17.08,-30.83,-26.24,3.34,9.64,0.01
US-Pfa,-90.2723,45.9459,2009,1,27,-14.98,-31.16,-24.23,3.02,9.42,0
US-Pfa,-90.2723,45.9459,2009,1,28,-12.53,-24.14,-18.45,3.39,9.5,0.47
US-Pfa,-90.2723,45.9459,2009,1,29,-9.73,-16.99,-14.4,4.43,8.43,1.25
US-Pfa,-90.2723,45.9459,2009,1,30,-13.13,-19.4,-17.48,4.32,10.48,0.11
US-Pfa,-90.2723,45.9459,2009,1,31,-0.98,-15.49,-7.83,6.66,8.81,0.22
US-Pfa,-90.2723,45.9459,2009,2,1,-2.64,-7.08,-6.26,7.59,10.5,0.35
US-Pfa,-90.2723,45.9459,2009,2,2,-6.75,-15.83,-13.71,5.62,10.46,0.6
US-Pfa,-90.2723,45.9459,2009,2,3,-15.26,-19.2,-17.57,6.11,9.76,0.12
US-Pfa,-90.2723,45.9459,2009,2,4,-11.81,-20.97,-18.28,3.16,10.59,0.03
US-Pfa,-90.2723,45.9459,2009,2,5,-6.04,-18.44,-14.25,5.04,10.72,0
US-Pfa,-90.2723,45.9459,2009,2,6,0.11,-12.54,-6.69,6.21,9.43,0.06
US-Pfa,-90.2723,45.9459,2009,2,7,0.5,-7.51,-1.55,5.76,5.09,0.27
US-Pfa,-90.2723,45.9459,2009,2,8,-3.22,-11.99,-9.16,3.71,11.44,0.02
US-Pfa,-90.2723,45.9459,2009,2,9,0.83,-11.18,-3.26,7.62,3.69,1.73
US-Pfa,-90.2723,45.9459,2009,2,10,1.49,0.01,0.46,9.8,3.3,0.65
US-Pfa,-90.2723,45.9459,2009,2,11,1.33,-3.12,-1.37,3.5,2.31,0.97
US-Pfa,-90.2723,45.9459,2009,2,12,-0.86,-8.81,-5.34,5.69,2.67,1.05
US-Pfa,-90.2723,45.9459,2009,2,13,-2.55,-10.04,-7.89,2.77,6.17,0.58
US-Pfa,-90.2723,45.9459,2009,2,14,-6.42,-15.58,-11.38,3.87,10.87,0.48
US-Pfa,-90.2723,45.9459,2009,2,15,-5.91,-17,-14.24,3.07,11.95,0.02
US-Pfa,-90.2723,45.9459,2009,2,16,-3.77,-18.3,-11.51,4.91,7.78,0.23
US-Pfa,-90.2723,45.9459,2009,2,17,0.79,-7.85,-4.83,3.57,10.12,1.23
US-Pfa,-90.2723,45.9459,2009,2,18,-3.63,-14.74,-11.04,8.11,10.1,1.35
US-Pfa,-90.2723,45.9459,2009,2,19,-10.22,-18.46,-16.2,6.27,14.24,0.11
US-Pfa,-90.2723,45.9459,2009,2,20,-5.5,-18.46,-14.77,2.04,12.97,0.08
US-Pfa,-90.2723,45.9459,2009,2,21,-6.43,-11.89,-10.79,3.75,10.58,2.32
US-Pfa,-90.2723,45.9459,2009,2,22,-9,-14.88,-13.16,5.12,13.17,0.44
US-Pfa,-90.2723,45.9459,2009,2,23,-7.8,-14.43,-14,2.1,14,0.06
US-Pfa,-90.2723,45.9459,2009,2,24,1.1,-12.45,-8.04,5.7,12.1,0.07
US-Pfa,-90.2723,45.9459,2009,2,25,1.39,-9.28,-4.71,5.22,10.91,1.74
US-Pfa,-90.2723,45.9459,2009,2,26,-4.64,-10.69,-8.9,5.15,3.98,7.6
US-Pfa,-90.2723,45.9459,2009,2,27,-11.4,-19.76,-16.41,6.46,15.14,0.13
US-Pfa,-90.2723,45.9459,2009,2,28,-7.49,-20.23,-16.22,3.53,15.9,0.02
US-Pfa,-90.2723,45.9459,2009,3,1,-12.74,-17.36,-16.37,4.23,15.66,0.08
US-Pfa,-90.2723,45.9459,2009,3,2,-9.29,-20.45,-17.88,1.51,15.92,0
US-Pfa,-90.2723,45.9459,2009,3,3,-5.86,-21.17,-14.79,4.19,12.13,0
US-Pfa,-90.2723,45.9459,2009,3,4,1.29,-11.97,-6.99,5.82,13.82,0
US-Pfa,-90.2723,45.9459,2009,3,5,1.55,-4.79,-0.97,4.7,9.27,0.36
US-Pfa,-90.2723,45.9459,2009,3,6,6.99,-2.48,0.01,4.53,13.02,0.14
US-Pfa,-90.2723,45.9459,2009,3,7,4.44,-5.65,-4.92,3.44,14.59,0.09
US-Pfa,-90.2723,45.9459,2009,3,8,1.67,-7.59,-5.86,3.52,11.12,0.01
US-Pfa,-90.2723,45.9459,2009,3,9,5.62,-7.13,-4.82,2.57,15.88,0.01
US-Pfa,-90.2723,45.9459,2009,3,10,3.67,-3.35,-1.58,4.58,6.53,6.18
US-Pfa,-90.2723,45.9459,2009,3,11,-6.53,-17.45,-17.95,9.26,16.53,0.66
US-Pfa,-90.2723,45.9459,2009,3,12,-7.13,-21.53,-19.9,3.53,18.4,0
US-Pfa,-90.2723,45.9459,2009,3,13,1.01,-16.08,-12.07,5.39,17.45,0
US-Pfa,-90.2723,45.9459,2009,3,14,7.08,-8.11,-5.35,5.34,17.65,0
US-Pfa,-90.2723,45.9459,2009,3,15,10.46,-3.61,-0.8,4.7,17.03,0
US-Pfa,-90.2723,45.9459,2009,3,16,13.33,-0.53,2.7,5.99,16.74,0
US-Pfa,-90.2723,45.9459,2009,3,17,13.46,-1.95,0.79,5.18,15.34,0.04
US-Pfa,-90.2723,45.9459,2009,3,18,7.01,-5.68,-6.15,6.11,19.51,0
US-Pfa,-90.2723,45.9459,2009,3,19,-0.87,-7.07,-11.55,3.67,20.65,0.02
US-Pfa,-90.2723,45.9459,2009,3,20,1.4,-5.55,-6.3,5.49,7.58,3.4
US-Pfa,-90.2723,45.9459,2009,3,21,9.15,-0.47,1.05,3.26,18.13,0.29
US-Pfa,-90.2723,45.9459,2009,3,22,8.61,-3.15,-0.81,6.25,15.6,0.1
US-Pfa,-90.2723,45.9459,2009,3,23,3.59,-2.38,-3.56,11.17,3.06,4.62
US-Pfa,-90.2723,45.9459,2009,3,24,6.2,-0.45,0.51,9.77,2.9,14.9
US-Pfa,-90.2723,45.9459,2009,3,25,3.17,-3.23,-1.89,7.23,4.91,0.38
US-Pfa,-90.2723,45.9459,2009,3,26,2.5,-4.54,-6.7,5.11,7.82,0.43
US-Pfa,-90.2723,45.9459,2009,3,27,0.61,-5.75,-9.15,3.68,13.87,0.27
US-Pfa,-90.2723,45.9459,2009,3,28,4.06,-6.07,-7.44,2.78,17.62,0.03
US-Pfa,-90.2723,45.9459,2009,3,29,2.26,-5.8,-8.12,6.09,22.34,0
US-Pfa,-90.2723,45.9459,2009,3,30,5.92,-6.42,-6.5,3.04,15.1,0.07
US-Pfa,-90.2723,45.9459,2009,3,31,2.15,-2.74,-2.28,8.07,3.24,10.47
US-Pfa,-90.2723,45.9459,2009,4,1,2.67,-2.07,-2.27,6.88,5.22,3.23
US-Pfa,-90.2723,45.9459,2009,4,2,5.22,-3.57,-3.59,4.33,12.93,0.06
US-Pfa,-90.2723,45.9459,2009,4,3,4.87,-3.6,-3.08,3.94,9.46,0.08
US-Pfa,-90.2723,45.9459,2009,4,4,6.36,-3.43,-3.18,3.25,15.12,0.11
US-Pfa,-90.2723,45.9459,2009,4,5,2.12,-3.24,-5.84,5.64,15.18,0.13
US-Pfa,-90.2723,45.9459,2009,4,6,0.58,-4.2,-7.4,7.38,23.99,0.02
US-Pfa,-90.2723,45.9459,2009,4,7,5.7,-4.56,-7.85,6.51,24.5,0
US-Pfa,-90.2723,45.9459,2009,4,8,8.31,-3.87,-5.51,4.72,23.98,0
US-Pfa,-90.2723,45.9459,2009,4,9,7.72,-3.55,-4.32,3.47,22.43,0
US-Pfa,-90.2723,45.9459,2009,4,10,8.04,-4.43,-5.6,3.17,24.86,0
US-Pfa,-90.2723,45.9459,2009,4,11,10.63,-4.33,-7.53,1.68,24.57,0
US-Pfa,-90.2723,45.9459,2009,4,12,11.79,-3.2,-5.22,3.37,23.64,0
US-Pfa,-90.2723,45.9459,2009,4,13,8.49,-1.5,-5.22,3.47,16.12,0
US-Pfa,-90.2723,45.9459,2009,4,14,13.56,-1.99,-5.04,3.21,21.35,0
US-Pfa,-90.2723,45.9459,2009,4,15,16.7,-1.32,-4.14,2.65,25.37,0
US-Pfa,-90.2723,45.9459,2009,4,16,18.59,-1.28,-1.42,3.38,25.21,0
US-Pfa,-90.2723,45.9459,2009,4,17,20.6,3.71,4.3,4.25,23.1,0
US-Pfa,-90.2723,45.9459,2009,4,18,15.06,3.42,5.7,4.02,20.09,0.6
US-Pfa,-90.2723,45.9459,2009,4,19,6.26,1.23,2.31,2.48,4.26,10.29
US-Pfa,-90.2723,45.9459,2009,4,20,1.3,-0.62,-0.52,6.2,8.4,14.41
US-Pfa,-90.2723,45.9459,2009,4,21,4.4,-1.87,-0.62,7.34,17,6.23
US-Pfa,-90.2723,45.9459,2009,4,22,7.23,-2.34,-0.83,3.74,24.73,0.2
US-Pfa,-90.2723,45.9459,2009,4,23,17.56,-0.93,3.71,7.5,21.74,0.35
US-Pfa,-90.2723,45.9459,2009,4,24,23.38,4.83,10.37,6.31,19.65,7.91
US-Pfa,-90.2723,45.9459,2009,4,25,11.3,1.08,1.28,4.04,14.34,5.31
US-Pfa,-90.2723,45.9459,2009,4,26,8.39,-0.46,2.18,5.93,3.5,6.93
US-Pfa,-90.2723,45.9459,2009,4,27,12.75,0.28,4.74,5.93,13.17,6.33
US-Pfa,-90.2723,45.9459,2009,4,28,15.21,-1.91,0.46,3.36,28.09,0
US-Pfa,-90.2723,45.9459,2009,4,29,13.21,-0.23,1.11,5.29,10.55,0.18
US-Pfa,-90.2723,45.9459,2009,4,30,14.77,5.64,7.37,5.16,7.33,3.84
US-Pfa,-90.2723,45.9459,2009,5,1,9.91,2.47,0.52,5.49,19.22,0.39
US-Pfa,-90.2723,45.9459,2009,5,2,11.25,0.74,-0.74,4.59,20.18,0.05
US-Pfa,-90.2723,45.9459,2009,5,3,15.82,0.62,0.69,3.4,24.11,0.07
US-Pfa,-90.2723,45.9459,2009,5,4,19.1,2.98,2.26,3.53,24.82,0
US-Pfa,-90.2723,45.9459,2009,5,5,15.06,7.3,8,6.04,16.07,10.18
US-Pfa,-90.2723,45.9459,2009,5,6,20.9,8.66,9.9,3.38,20.02,4.29
US-Pfa,-90.2723,45.9459,2009,5,7,20.72,8.6,7.21,4.26,23.65,0.26
US-Pfa,-90.2723,45.9459,2009,5,8,17.56,3.3,4.56,3.72,23.88,0.06
US-Pfa,-90.2723,45.9459,2009,5,9,9.44,1.25,0.35,4.37,12.57,0.57
US-Pfa,-90.2723,45.9459,2009,5,10,11.55,1.6,0.77,2.76,15.94,0.21
US-Pfa,-90.2723,45.9459,2009,5,11,14.88,-0.14,0.91,2.41,21.64,0.06
US-Pfa,-90.2723,45.9459,2009,5,12,18.7,4.63,4.42,6.72,20.3,0.04
US-Pfa,-90.2723,45.9459,2009,5,13,15.58,8.58,10.29,6.53,5.99,13.75
US-Pfa,-90.2723,45.9459,2009,5,14,14.05,4.36,2.66,5.6,22.58,0.27
US-Pfa,-90.2723,45.9459,2009,5,15,18.51,5.11,7.17,6.07,18.09,3.73
US-Pfa,-90.2723,45.9459,2009,5,16,8.3,-0.02,-3.26,7.81,22.9,0.97
US-Pfa,-90.2723,45.9459,2009,5,17,15.64,-0.33,-0.6,3.45,28.38,0
US-Pfa,-90.2723,45.9459,2009,5,18,18.05,3.32,5,7,25.1,0.15
US-Pfa,-90.2723,45.9459,2009,5,19,18.13,4.02,8.83,5.14,23.38,0.23
US-Pfa,-90.2723,45.9459,2009,5,20,26.27,15.1,13.15,9.25,26.63,0
US-Pfa,-90.2723,45.9459,2009,5,21,19.26,6.08,8.41,4.65,17.55,1.61
US-Pfa,-90.2723,45.9459,2009,5,22,19.78,2.69,4.44,3.79,26.87,0.28
US-Pfa,-90.2723,45.9459,2009,5,23,17.78,7.19,6.05,3.83,24.74,0.11
US-Pfa,-90.2723,45.9459,2009,5,24,20.04,3.49,2.81,2.07,30.45,0.07
US-Pfa,-90.2723,45.9459,2009,5,25,18.91,5.63,2.38,5.36,26.58,0
US-Pfa,-90.2723,45.9459,2009,5,26,13.3,7.69,7.93,3.45,8.66,6.35
US-Pfa,-90.2723,45.9459,2009,5,27,10.12,5.77,6.4,4.77,5.18,7.18
US-Pfa,-90.2723,45.9459,2009,5,28,20.92,5.28,8.04,3.85,30.24,1.09
US-Pfa,-90.2723,45.9459,2009,5,29,17.98,5.86,4.91,4.06,29.01,0.18
US-Pfa,-90.2723,45.9459,2009,5,30,14.83,3.89,3.29,5.15,31.21,0.99
US-Pfa,-90.2723,45.9459,2009,5,31,17.03,0.93,3.54,3.36,24.99,4.87
US-Pfa,-90.2723,45.9459,2009,6,1,14.44,4.64,5.29,4.19,26.9,0.35
US-Pfa,-90.2723,45.9459,2009,6,2,18.31,3.07,4.71,4.05,24.63,0.02
US-Pfa,-90.2723,45.9459,2009,6,3,17.64,3.47,2.55,2.14,28.3,0
US-Pfa,-90.2723,45.9459,2009,6,4,21.28,5.65,4.73,4.46,31.23,0
US-Pfa,-90.2723,45.9459,2009,6,5,18.17,4.45,4.01,5.07,29.62,0
US-Pfa,-90.2723,45.9459,2009,6,6,12.27,2.11,3.55,2.81,9.89,7.11
US-Pfa,-90.2723,45.9459,2009,6,7,14.54,4.96,6.36,4.09,7.91,1.12
US-Pfa,-90.2723,45.9459,2009,6,8,10.95,4.74,6.98,4.01,5.86,20.24
US-Pfa,-90.2723,45.9459,2009,6,9,16.59,5.23,6.95,2.39,18.64,0.48
US-Pfa,-90.2723,45.9459,2009,6,10,16.21,7.32,9.27,2.09,13.63,0.44
US-Pfa,-90.2723,45.9459,2009,6,11,18.67,7.76,7.43,1.95,21.87,0.01
US-Pfa,-90.2723,45.9459,2009,6,12,20.97,9.26,7.72,1.38,23.69,0.03
US-Pfa,-90.2723,45.9459,2009,6,13,21.17,7.75,10.2,3.42,27.95,4.98
US-Pfa,-90.2723,45.9459,2009,6,14,23.33,11.31,10.89,2.62,26.98,0.68
US-Pfa,-90.2723,45.9459,2009,6,15,25.18,9.37,12.38,2.58,25.84,0.01
US-Pfa,-90.2723,45.9459,2009,6,16,23.41,12.99,11.49,3.61,16.84,0.08
US-Pfa,-90.2723,45.9459,2009,6,17,23.2,10.63,12.2,3.23,15.57,0.05
US-Pfa,-90.2723,45.9459,2009,6,18,24.4,13.9,16.19,3.85,14.88,3.44
US-Pfa,-90.2723,45.9459,2009,6,19,25.49,17.18,18.96,3.46,16.84,6.94
US-Pfa,-90.2723,45.9459,2009,6,20,26.26,15.46,15.59,3.76,29.27,0.05
US-Pfa,-90.2723,45.9459,2009,6,21,25.38,14.54,14.7,3.2,16.76,0.58
US-Pfa,-90.2723,45.9459,2009,6,22,28.06,15.56,18.59,4.12,17.57,7.56
US-Pfa,-90.2723,45.9459,2009,6,23,30.47,18.3,18.52,2.59,28.65,0.11
US-Pfa,-90.2723,45.9459,2009,6,24,27.47,17.08,15.4,3.1,20.07,0.59
US-Pfa,-90.2723,45.9459,2009,6,25,27.78,14.75,15.56,3.61,27.93,3.78
US-Pfa,-90.2723,45.9459,2009,6,26,25.9,11.73,12.41,2.56,31.6,0
US-Pfa,-90.2723,45.9459,2009,6,27,24.75,14.69,16.42,5.38,9.26,7
US-Pfa,-90.2723,45.9459,2009,6,28,21.89,12.47,11.67,7.47,24.78,1.52
US-Pfa,-90.2723,45.9459,2009,6,29,17.5,10.75,11.23,6.55,10.39,2.82
US-Pfa,-90.2723,45.9459,2009,6,30,12.32,8.56,8.31,5.35,9.33,2.65
US-Pfa,-90.2723,45.9459,2009,7,1,14.55,8.01,8.64,4.28,13.81,0.66
US-Pfa,-90.2723,45.9459,2009,7,2,20.83,9.38,11.47,3.3,13.72,0.1
US-Pfa,-90.2723,45.9459,2009,7,3,22.52,9.94,12.46,2.53,23.95,0.1
US-Pfa,-90.2723,45.9459,2009,7,4,25.06,12.44,11.28,1.73,23.51,0
US-Pfa,-90.2723,45.9459,2009,7,5,22.89,11.08,9.64,3.8,27.71,0
US-Pfa,-90.2723,45.9459,2009,7,6,21.89,9.14,8.48,4.07,28.78,0
US-Pfa,-90.2723,45.9459,2009,7,7,21.91,8.43,8.33,2.74,26.52,0
US-Pfa,-90.2723,45.9459,2009,7,8,23.36,8.79,9.23,2.02,24.73,0
US-Pfa,-90.2723,45.9459,2009,7,9,24.68,10.6,12.25,5.66,27.25,2.06
US-Pfa,-90.2723,45.9459,2009,7,10,26.02,14.75,14.92,4.87,23.96,14
US-Pfa,-90.2723,45.9459,2009,7,11,19.93,9.99,6.97,4.71,30.31,0
US-Pfa,-90.2723,45.9459,2009,7,12,21.26,7.85,4.93,3.66,24.52,0
US-Pfa,-90.2723,45.9459,2009,7,13,22.4,7.65,6.66,2.76,28.27,0
US-Pfa,-90.2723,45.9459,2009,7,14,22.31,12.43,10.39,5.72,9.83,6.14
US-Pfa,-90.2723,45.9459,2009,7,15,22.25,14.59,14.1,5.64,17.08,10.71
US-Pfa,-90.2723,45.9459,2009,7,16,19.08,10.77,8.94,5.79,18.21,1.41
US-Pfa,-90.2723,45.9459,2009,7,17,14.9,9.82,9.88,4.48,11.19,2.63
US-Pfa,-90.2723,45.9459,2009,7,18,15.98,9.7,8.88,3.58,10.09,0.52
US-Pfa,-90.2723,45.9459,2009,7,19,21.29,7.69,9.63,1.84,23.46,0.01
US-Pfa,-90.2723,45.9459,2009,7,20,23.4,9.77,10.82,3.94,27.14,0
US-Pfa,-90.2723,45.9459,2009,7,21,20.3,12.32,13.09,3.93,15.46,7.57
US-Pfa,-90.2723,45.9459,2009,7,22,21.94,12.89,13.2,1.66,20.32,5.9
US-Pfa,-90.2723,45.9459,2009,7,23,24.47,11.15,11.73,1.78,24.04,0.09
US-Pfa,-90.2723,45.9459,2009,7,24,23.97,14.63,14.21,4.15,17.91,4.03
US-Pfa,-90.2723,45.9459,2009,7,25,20.26,12.39,13.67,4.38,14.68,3.76
US-Pfa,-90.2723,45.9459,2009,7,26,23.23,14.1,13.92,4.49,23.97,0.48
US-Pfa,-90.2723,45.9459,2009,7,27,23.55,13.11,15.24,2.96,15.34,9.16
US-Pfa,-90.2723,45.9459,2009,7,28,21.63,11.39,11.69,4.69,16.48,0.43
US-Pfa,-90.2723,45.9459,2009,7,29,21.27,9.46,9.8,3.84,21.58,0.02
US-Pfa,-90.2723,45.9459,2009,7,30,18.22,11.33,12.05,2.74,13.71,5.2
US-Pfa,-90.2723,45.9459,2009,7,31,23.17,10.66,11.61,3.02,21.93,0.32
US-Pfa,-90.2723,45.9459,2009,8,1,19.87,11.33,10.02,6.64,19.05,2.86
US-Pfa,-90.2723,45.9459,2009,8,2,21.74,8.63,9.95,3.49,17.3,6.5
US-Pfa,-90.2723,45.9459,2009,8,3,24.19,14.45,15.3,3.18,20.7,2.07
US-Pfa,-90.2723,45.9459,2009,8,4,20.74,10.89,9.35,4.04,25.07,0.01
US-Pfa,-90.2723,45.9459,2009,8,5,21.23,8.5,9.37,3.55,22.13,0.01
US-Pfa,-90.2723,45.9459,2009,8,6,22.1,10.64,9.91,3.2,23.55,0.01
US-Pfa,-90.2723,45.9459,2009,8,7,23.91,11.5,12.29,4.73,5.8,1.56
US-Pfa,-90.2723,45.9459,2009,8,8,27.85,15.72,19.47,3.11,14.96,8.55
US-Pfa,-90.2723,45.9459,2009,8,9,27.02,17.13,18.29,3.66,14.86,0.71
US-Pfa,-90.2723,45.9459,2009,8,10,25.32,14.5,14.52,3.27,20.09,0.28
US-Pfa,-90.2723,45.9459,2009,8,11,25.93,13.41,12.93,2.35,23.87,0.08
US-Pfa,-90.2723,45.9459,2009,8,12,28.35,13.39,12.46,3.27,25.31,0
US-Pfa,-90.2723,45.9459,2009,8,13,27.83,16.07,17.24,3.85,20.14,2.89
US-Pfa,-90.2723,45.9459,2009,8,14,28.48,19.46,19.74,3.61,23.5,3.88
US-Pfa,-90.2723,45.9459,2009,8,15,27.94,19.13,18.91,4.51,13.49,5.58
US-Pfa,-90.2723,45.9459,2009,8,16,26.67,14.96,18.55,6.45,12.8,3.07
US-Pfa,-90.2723,45.9459,2009,8,17,25.68,13.54,13.17,3.89,21.36,1
US-Pfa,-90.2723,45.9459,2009,8,18,21.79,11.85,9.58,4.74,25.1,0.02
US-Pfa,-90.2723,45.9459,2009,8,19,23.37,11.38,11.96,4.63,8,10.17
US-Pfa,-90.2723,45.9459,2009,8,20,17.49,12.71,14.39,2.73,6.57,25.47
US-Pfa,-90.2723,45.9459,2009,8,21,15.8,10.37,10.44,5.25,12.23,3.92
US-Pfa,-90.2723,45.9459,2009,8,22,19.17,8.08,8.19,3.39,23.48,0.01
US-Pfa,-90.2723,45.9459,2009,8,23,22.94,6.05,10.13,2.4,23.63,0.1
US-Pfa,-90.2723,45.9459,2009,8,24,24.45,12.01,13.7,4.71,22.51,0.01
US-Pfa,-90.2723,45.9459,2009,8,25,21.12,11.6,14.65,4.16,12.83,12.64
US-Pfa,-90.2723,45.9459,2009,8,26,23.63,10.5,11.67,1.98,20.43,0.18
US-Pfa,-90.2723,45.9459,2009,8,27,24.28,11.96,12.1,1.92,20.64,0.01
US-Pfa,-90.2723,45.9459,2009,8,28,18.09,9.04,12.35,3.95,10.9,17.51
US-Pfa,-90.2723,45.9459,2009,8,29,11.21,7.02,8.45,6.13,8.61,8.58
US-Pfa,-90.2723,45.9459,2009,8,30,17.1,4.37,4.66,2.97,20.92,0.02
US-Pfa,-90.2723,45.9459,2009,8,31,19.84,4.92,6.11,2.65,22.95,0
US-Pfa,-90.2723,45.9459,2009,9,1,21.26,7.15,8.16,3.09,22.04,0
US-Pfa,-90.2723,45.9459,2009,9,2,21.37,7.42,8.56,3.06,22.47,0
US-Pfa,-90.2723,45.9459,2009,9,3,23.17,8.54,10.18,2.13,20.32,0
US-Pfa,-90.2723,45.9459,2009,9,4,24.84,9.68,12.21,1.28,19.69,0.01
US-Pfa,-90.2723,45.9459,2009,9,5,24.72,10.74,11.77,2.14,20.92,0
US-Pfa,-90.2723,45.9459,2009,9,6,24.1,10.5,10.52,2.7,19.46,0
US-Pfa,-90.2723,45.9459,2009,9,7,24.82,10.99,10.9,1.96,20.29,0
US-Pfa,-90.2723,45.9459,2009,9,8,24.91,13.01,11.35,2.79,20.63,0
US-Pfa,-90.2723,45.9459,2009,9,9,24.99,11.47,12.45,3.04,15.85,0.01
US-Pfa,-90.2723,45.9459,2009,9,10,26.01,13.36,14.77,2.55,16.63,0.02
US-Pfa,-90.2723,45.9459,2009,9,11,24.33,14.48,15.01,2.84,15.35,0.35
US-Pfa,-90.2723,45.9459,2009,9,12,26.47,12.75,13.8,1.86,16.9,0.01
US-Pfa,-90.2723,45.9459,2009,9,13,26.91,13.96,15.11,2.56,16.39,0.01
US-Pfa,-90.2723,45.9459,2009,9,14,26.86,14.06,14.4,2.55,15.49,0.01
US-Pfa,-90.2723,45.9459,2009,9,15,25.36,11.22,12.74,3.34,17.03,0
US-Pfa,-90.2723,45.9459,2009,9,16,21.8,8.13,8.52,2.5,18.63,0
US-Pfa,-90.2723,45.9459,2009,9,17,24.19,9.9,11.92,3.42,16.52,0.15
US-Pfa,-90.2723,45.9459,2009,9,18,22.4,11.22,10.53,2.4,15.76,0.24
US-Pfa,-90.2723,45.9459,2009,9,19,24.75,10.07,11.69,3.51,16.5,0
US-Pfa,-90.2723,45.9459,2009,9,20,22.59,10.87,10.6,3.55,14.22,0.08
US-Pfa,-90.2723,45.9459,2009,9,21,23.64,11.21,9.81,2.55,17.38,0.14
US-Pfa,-90.2723,45.9459,2009,9,22,22.52,13.37,13.65,2.26,7.23,0.85
US-Pfa,-90.2723,45.9459,2009,9,23,23.43,10.88,10.99,2.7,14.52,0.35
US-Pfa,-90.2723,45.9459,2009,9,24,24.81,8.71,7.68,1.71,16.72,0
US-Pfa,-90.2723,45.9459,2009,9,25,22.32,10.08,11.36,4,7.34,3.64
US-Pfa,-90.2723,45.9459,2009,9,26,20.51,10.93,10.4,3.44,13.12,0.45
US-Pfa,-90.2723,45.9459,2009,9,27,22.21,8.71,9.33,6.72,10.86,4.39
US-Pfa,-90.2723,45.9459,2009,9,28,10.66,4.39,5.59,9.46,5.78,12.58
US-Pfa,-90.2723,45.9459,2009,9,29,9.45,-0.19,1.55,5.28,8.26,0.56
US-Pfa,-90.2723,45.9459,2009,9,30,14.01,-1.49,-0.81,2.32,17.24,0.01
US-Pfa,-90.2723,45.9459,2009,10,1,14.36,-0.71,-0.8,4.64,8.21,1.32
US-Pfa,-90.2723,45.9459,2009,10,2,7.45,4.67,5.03,6.47,2.19,19.24
US-Pfa,-90.2723,45.9459,2009,10,3,10.43,5.4,5.52,3.89,7.39,5.46
US-Pfa,-90.2723,45.9459,2009,10,4,11.03,5.9,6.03,3.9,7.76,2.68
US-Pfa,-90.2723,45.9459,2009,10,5,12.11,5.25,4.77,2.55,6.36,3.19
US-Pfa,-90.2723,45.9459,2009,10,6,6.13,4.35,4.51,4.22,1.71,33.26
US-Pfa,-90.2723,45.9459,2009,10,7,9.99,3.04,3.22,4.33,13.57,0.24
US-Pfa,-90.2723,45.9459,2009,10,8,11.23,0.22,0.92,3.78,10.16,0
US-Pfa,-90.2723,45.9459,2009,10,9,8.36,-1.48,-1.42,2.71,11.03,0.05
US-Pfa,-90.2723,45.9459,2009,10,10,1.51,-3.1,-6.67,5.98,10.71,0.6
US-Pfa,-90.2723,45.9459,2009,10,11,5.31,-4.86,-6.53,3.21,11.69,0.01
US-Pfa,-90.2723,45.9459,2009,10,12,0.79,-4.15,-4.15,2.16,4.47,2.96
US-Pfa,-90.2723,45.9459,2009,10,13,5.55,-4.04,-2.27,2.82,11.6,0.17
US-Pfa,-90.2723,45.9459,2009,10,14,6.14,-1.06,-0.98,2.38,6.01,0.24
US-Pfa,-90.2723,45.9459,2009,10,15,4.24,-2.28,-1.16,2.66,5.25,1.08
US-Pfa,-90.2723,45.9459,2009,10,16,6.44,-4.01,-2.13,2.2,9.71,1.07
US-Pfa,-90.2723,45.9459,2009,10,17,7.51,-0.23,-0.74,2.76,10.94,0.39
US-Pfa,-90.2723,45.9459,2009,10,18,12.27,-0.41,1.01,6.31,11.83,0
US-Pfa,-90.2723,45.9459,2009,10,19,13,4.37,5.02,4.91,9.92,0.01
US-Pfa,-90.2723,45.9459,2009,10,20,8.77,3.39,4.1,2.71,4,2.14
US-Pfa,-90.2723,45.9459,2009,10,21,5.58,0.21,2.78,4.58,1.49,21.39
US-Pfa,-90.2723,45.9459,2009,10,22,5.05,-0.41,-0.46,4.76,7.04,0.68
US-Pfa,-90.2723,45.9459,2009,10,23,1.11,-0.34,-0.3,5.38,1.4,21.52
US-Pfa,-90.2723,45.9459,2009,10,24,5.13,-1.06,0.61,3.73,11.18,1.26
US-Pfa,-90.2723,45.9459,2009,10,25,4.33,1.79,2.89,2.73,2.11,5.24
US-Pfa,-90.2723,45.9459,2009,10,26,7.47,0.43,3.28,2.03,4.01,0.83
US-Pfa,-90.2723,45.9459,2009,10,27,9.23,-2.56,0.08,3.15,11.96,0.01
US-Pfa,-90.2723,45.9459,2009,10,28,10.55,-0.68,3.02,3.08,4.61,0.02
US-Pfa,-90.2723,45.9459,2009,10,29,9.81,6.7,7.69,5.16,2.42,4.92
US-Pfa,-90.2723,45.9459,2009,10,30,15.17,1.24,6.57,7.99,6.23,5.94
US-Pfa,-90.2723,45.9459,2009,10,31,4.09,-1.81,-2.27,6.12,4.65,1.14
US-Pfa,-90.2723,45.9459,2009,11,1,7.45,-3.12,-0.63,3.51,8.52,1.72
US-Pfa,-90.2723,45.9459,2009,11,2,7.59,-1.87,-1.83,5.35,11.14,0.11
US-Pfa,-90.2723,45.9459,2009,11,3,5.11,-4.73,-5.09,2.82,10.49,0.08
US-Pfa,-90.2723,45.9459,2009,11,4,4.87,-2.4,-1.38,3.34,2.72,0.72
US-Pfa,-90.2723,45.9459,2009,11,5,4.91,-3.02,-4.81,3.88,10.53,0.06
US-Pfa,-90.2723,45.9459,2009,11,6,12.95,-2.41,3.33,7.15,9.08,0.03
US-Pfa,-90.2723,45.9459,2009,11,7,14.5,1.69,3.79,4.68,10.37,0.07
US-Pfa,-90.2723,45.9459,2009,11,8,12.79,0.9,0.62,3.43,7.49,0.72
US-Pfa,-90.2723,45.9459,2009,11,9,12.41,0.6,1.56,4.06,10.24,0.03
US-Pfa,-90.2723,45.9459,2009,11,10,13,-0.19,-3.38,2.13,10.26,0
US-Pfa,-90.2723,45.9459,2009,11,11,6.06,-1.78,-1.93,4.13,6.02,0
US-Pfa,-90.2723,45.9459,2009,11,12,6.79,-0.73,-1.35,6.61,4.7,0
US-Pfa,-90.2723,45.9459,2009,11,13,6.85,2.95,2.65,5.4,1.82,2.77
US-Pfa,-90.2723,45.9459,2009,11,14,9.26,-0.68,4.16,3.63,2.12,0.75
US-Pfa,-90.2723,45.9459,2009,11,15,5.99,-3.56,-3.7,3.43,9.25,0
US-Pfa,-90.2723,45.9459,2009,11,16,7.68,-3.75,-3.56,2.43,9.31,0
US-Pfa,-90.2723,45.9459,2009,11,17,6.4,-3.9,-4.05,2.95,9.4,0
US-Pfa,-90.2723,45.9459,2009,11,18,9.09,-3.03,-0.44,2.95,7.95,0.03
US-Pfa,-90.2723,45.9459,2009,11,19,5.97,2,3.27,1.99,2.64,3.74
US-Pfa,-90.2723,45.9459,2009,11,20,9.44,-1.32,2.4,3.17,5.53,0.11
US-Pfa,-90.2723,45.9459,2009,11,21,8.64,-1.73,1.87,4.3,4.58,0.02
US-Pfa,-90.2723,45.9459,2009,11,22,9.63,3.31,5.77,5.41,2.79,0.82
US-Pfa,-90.2723,45.9459,2009,11,23,7.73,4.02,4.54,3.1,4.38,1.71
US-Pfa,-90.2723,45.9459,2009,11,24,6.73,3.23,3.1,2.54,2.22,0.23
US-Pfa,-90.2723,45.9459,2009,11,25,6.15,1.92,3.02,3.33,1.58,4.03
US-Pfa,-90.2723,45.9459,2009,11,26,1.42,-5.1,-4.44,5.53,2.64,0.86
US-Pfa,-90.2723,45.9459,2009,11,27,1.92,-5.09,-6.41,2.31,6.85,0
US-Pfa,-90.2723,45.9459,2009,11,28,4.81,-3.24,-2.01,2.76,5.61,0.16
US-Pfa,-90.2723,45.9459,2009,11,29,1.28,-4.65,-2.89,3.57,4.28,1.81
US-Pfa,-90.2723,45.9459,2009,11,30,2.07,-3.81,-2.96,5.58,4.44,0.82
US-Pfa,-90.2723,45.9459,2009,12,1,2.95,-3.12,-2.45,3.22,6.03,0.1
US-Pfa,-90.2723,45.9459,2009,12,2,-0.3,-4.09,-4.73,5.22,3.43,0.81
US-Pfa,-90.2723,45.9459,2009,12,3,-3.73,-8.16,-9.72,4.93,3.08,0.78
US-Pfa,-90.2723,45.9459,2009,12,4,-7.51,-9.25,-11.86,5.38,4.07,1.11
US-Pfa,-90.2723,45.9459,2009,12,5,-5.69,-8.73,-11.16,3.74,4.26,0.35
US-Pfa,-90.2723,45.9459,2009,12,6,-5.01,-11.52,-11.47,2.63,7.18,0.05
US-Pfa,-90.2723,45.9459,2009,12,7,-4.84,-9.17,-11,3.14,4.44,0.78
US-Pfa,-90.2723,45.9459,2009,12,8,-5.32,-9.33,-11.26,3.48,3.31,4.4
US-Pfa,-90.2723,45.9459,2009,12,9,-4.34,-12.3,-9.27,9.26,2.57,9.87
US-Pfa,-90.2723,45.9459,2009,12,10,-12.78,-21.31,-18.69,5.43,6.45,0.65
US-Pfa,-90.2723,45.9459,2009,12,11,-14.78,-21.94,-20,4.85,7.34,0.05
US-Pfa,-90.2723,45.9459,2009,12,12,-5.58,-15.75,-11.95,4.83,5.12,0.02
US-Pfa,-90.2723,45.9459,2009,12,13,-7.56,-14.16,-12.88,3.14,5.81,1.06
US-Pfa,-90.2723,45.9459,2009,12,14,-7.89,-17.86,-12.2,3.49,3.17,5.94
US-Pfa,-90.2723,45.9459,2009,12,15,-16.54,-26.36,-20.73,4.33,6.57,0.13
US-Pfa,-90.2723,45.9459,2009,12,16,-13.03,-26.08,-20.07,2.07,5.58,0.02
US-Pfa,-90.2723,45.9459,2009,12,17,-7,-17.76,-13.33,3.05,4.93,0.02
US-Pfa,-90.2723,45.9459,2009,12,18,-4.41,-11.76,-9.67,1.76,3.28,0.04
US-Pfa,-90.2723,45.9459,2009,12,19,-6.67,-13.94,-10.76,3.15,2.46,0.23
US-Pfa,-90.2723,45.9459,2009,12,20,-7.79,-13.52,-12.3,1.14,4.04,0.33
US-Pfa,-90.2723,45.9459,2009,12,21,-6.79,-11.65,-10.62,2.97,2.67,0.95
US-Pfa,-90.2723,45.9459,2009,12,22,-5.49,-14.48,-11.12,2.88,5.04,0.04
US-Pfa,-90.2723,45.9459,2009,12,23,-5.55,-12.82,-9.94,4.58,2.27,0.18
US-Pfa,-90.2723,45.9459,2009,12,24,-2.15,-8.64,-5.41,6.42,1.72,12.33
US-Pfa,-90.2723,45.9459,2009,12,25,0.34,-1.9,-1.01,8.18,1.47,5.82
US-Pfa,-90.2723,45.9459,2009,12,26,0,-15.04,-11.05,3.79,4.52,0.57
US-Pfa,-90.2723,45.9459,2009,12,27,-2.88,-9.72,-7.12,3.46,5.15,1.83
US-Pfa,-90.2723,45.9459,2009,12,28,-7.26,-14.01,-11.44,6.87,7.07,0.49
US-Pfa,-90.2723,45.9459,2009,12,29,-12.86,-20.33,-17.98,3.23,6.66,0.02
US-Pfa,-90.2723,45.9459,2009,12,30,-8.29,-18.29,-13.11,4.94,5.43,0.36
US-Pfa,-90.2723,45.9459,2009,12,31,-10.05,-17.16,-13.7,4.08,6.38,1.15
US-Pfa,-90.2723,45.9459,2010,1,1,-12.23,-18.13,-15.39,4.15,6.88,1.43
US-Pfa,-90.2723,45.9459,2010,1,2,-16.64,-20.99,-18.98,3.9,7.15,0.42
US-Pfa,-90.2723,45.9459,2010,1,3,-11.82,-19.9,-15.67,4.03,5.77,0.22
US-Pfa,-90.2723,45.9459,2010,1,4,-9.86,-14.21,-13.16,5.49,7.05,0.7
US-Pfa,-90.2723,45.9459,2010,1,5,-7.88,-16.64,-13.81,4.6,7.82,0.03
US-Pfa,-90.2723,45.9459,2010,1,6,-7.09,-17.04,-12.53,3.62,7.34,0.09
US-Pfa,-90.2723,45.9459,2010,1,7,-6.14,-10.57,-9.07,6.55,4.88,3.01
US-Pfa,-90.2723,45.9459,2010,1,8,-10.97,-16.55,-13.73,5.48,7.87,0.13
US-Pfa,-90.2723,45.9459,2010,1,9,-10.67,-18.96,-16.24,3.27,7.76,0.29
US-Pfa,-90.2723,45.9459,2010,1,10,-12.41,-19.6,-16.32,5.43,5.73,1.38
US-Pfa,-90.2723,45.9459,2010,1,11,-6.53,-13.83,-10.24,4.9,6.05,0.8
US-Pfa,-90.2723,45.9459,2010,1,12,-7.34,-17.43,-11.8,5.25,6.98,0.03
US-Pfa,-90.2723,45.9459,2010,1,13,-4.94,-11.51,-9,4.51,5.39,0.06
US-Pfa,-90.2723,45.9459,2010,1,14,-2.6,-9.57,-6.88,4.34,4.03,0.07
US-Pfa,-90.2723,45.9459,2010,1,15,-5.26,-12.28,-9.48,4.54,4.63,0.03
US-Pfa,-90.2723,45.9459,2010,1,16,-2.28,-9.9,-7.25,6.4,7.98,0.01
US-Pfa,-90.2723,45.9459,2010,1,17,0.04,-9.35,-5.68,3.55,6.56,0.02
US-Pfa,-90.2723,45.9459,2010,1,18,-2.35,-11.17,-8.29,3.18,7.19,0.04
US-Pfa,-90.2723,45.9459,2010,1,19,-4.11,-12.02,-9.85,2.58,5.36,0.06
US-Pfa,-90.2723,45.9459,2010,1,20,-5.86,-15.72,-11.33,4.18,6.45,0.04
US-Pfa,-90.2723,45.9459,2010,1,21,-2.37,-11.4,-7.73,4.41,5.91,0.03
US-Pfa,-90.2723,45.9459,2010,1,22,-1.56,-8.68,-6.07,4.13,4.76,0.01
US-Pfa,-90.2723,45.9459,2010,1,23,0.35,-4.09,-1.69,8,2.98,1.67
US-Pfa,-90.2723,45.9459,2010,1,24,0.39,-1.01,-0.29,4.9,2.99,14.28
US-Pfa,-90.2723,45.9459,2010,1,25,-1.23,-7.66,-5.25,5.92,4.06,4.15
US-Pfa,-90.2723,45.9459,2010,1,26,-8.32,-19.82,-13.93,5.57,4.79,0.22
US-Pfa,-90.2723,45.9459,2010,1,27,-18.09,-22.21,-20.79,4.61,8.03,0.36
US-Pfa,-90.2723,45.9459,2010,1,28,-18.9,-24.28,-21.13,5.76,10.22,0.25
US-Pfa,-90.2723,45.9459,2010,1,29,-13.18,-24.6,-19.68,2.47,9.7,0.06
US-Pfa,-90.2723,45.9459,2010,1,30,-12.4,-24.92,-19.97,3.26,9.84,0.09
US-Pfa,-90.2723,45.9459,2010,1,31,-11.81,-24.86,-18.04,4.35,10.28,0.37
US-Pfa,-90.2723,45.9459,2010,2,1,-10.7,-24.97,-17.85,1.77,7.6,0.23
US-Pfa,-90.2723,45.9459,2010,2,2,-7.77,-13.42,-12.04,2.27,8.24,1.57
US-Pfa,-90.2723,45.9459,2010,2,3,-7.57,-18.94,-14.31,2.8,10.1,0.05
US-Pfa,-90.2723,45.9459,2010,2,4,-2.94,-14.6,-9.03,2.35,4,0.11
US-Pfa,-90.2723,45.9459,2010,2,5,-2.32,-8.47,-6.51,4.45,6.33,0.21
US-Pfa,-90.2723,45.9459,2010,2,6,-6.6,-13.73,-10.83,3.38,10,0.02
US-Pfa,-90.2723,45.9459,2010,2,7,-6.9,-13.85,-11.21,2.5,9.26,0.35
US-Pfa,-90.2723,45.9459,2010,2,8,-5.65,-10.44,-9.35,3.4,8.1,1.12
US-Pfa,-90.2723,45.9459,2010,2,9,-5.26,-10.55,-8.41,5.87,8.12,2.56
US-Pfa,-90.2723,45.9459,2010,2,10,-6.31,-11.83,-9.69,5.93,12.08,0.08
US-Pfa,-90.2723,45.9459,2010,2,11,-4.96,-17.11,-11.93,3.24,12.69,0.01
US-Pfa,-90.2723,45.9459,2010,2,12,-4.54,-18.48,-12.4,3.51,12.33,0.03
US-Pfa,-90.2723,45.9459,2010,2,13,-3.98,-12.45,-10.3,3.6,13.22,0.02
US-Pfa,-90.2723,45.9459,2010,2,14,-6.48,-11.63,-9.41,5.33,9.31,3.84
US-Pfa,-90.2723,45.9459,2010,2,15,-4.52,-6.48,-6.49,7.12,8.19,2.44
US-Pfa,-90.2723,45.9459,2010,2,16,-4.04,-7.93,-7.04,8.1,12.05,0.37
US-Pfa,-90.2723,45.9459,2010,2,17,-1.39,-8.98,-6.15,5.19,9.95,0.1
US-Pfa,-90.2723,45.9459,2010,2,18,-1.96,-12.14,-8.96,4.12,14,0
US-Pfa,-90.2723,45.9459,2010,2,19,-0.71,-13.51,-8.68,2.1,13.44,0
US-Pfa,-90.2723,45.9459,2010,2,20,-1.03,-8.96,-7.12,1.91,9.56,0.03
US-Pfa,-90.2723,45.9459,2010,2,21,-0.83,-11.22,-7.38,1.72,13.2,0.05
US-Pfa,-90.2723,45.9459,2010,2,22,-0.61,-9.11,-5.04,2.75,10.79,0.71
US-Pfa,-90.2723,45.9459,2010,2,23,-6.62,-12.2,-9.69,3.88,11.92,2.16
US-Pfa,-90.2723,45.9459,2010,2,24,-8.2,-15.97,-12.07,5.74,15.22,0.45
US-Pfa,-90.2723,45.9459,2010,2,25,-6.27,-17.6,-12.85,3.86,15.66,0.05
US-Pfa,-90.2723,45.9459,2010,2,26,-3.99,-17.78,-11.38,5.23,15.53,0
US-Pfa,-90.2723,45.9459,2010,2,27,-1,-7.81,-5.05,5.86,13.93,0.16
US-Pfa,-90.2723,45.9459,2010,2,28,-0.89,-9.67,-5.68,4.68,9.8,0.36
US-Pfa,-90.2723,45.9459,2010,3,1,-1.72,-12.47,-7.33,3.74,15.88,0.03
US-Pfa,-90.2723,45.9459,2010,3,2,-0.43,-13.06,-7.61,2.59,15.64,0.01
US-Pfa,-90.2723,45.9459,2010,3,3,0.09,-10.29,-5.92,2.35,16.21,0.03
US-Pfa,-90.2723,45.9459,2010,3,4,-0.09,-10.83,-6.7,2.22,16.47,0.01
US-Pfa,-90.2723,45.9459,2010,3,5,0.67,-12.03,-6.47,3.5,15.73,0
US-Pfa,-90.2723,45.9459,2010,3,6,1.13,-8.92,-5.97,3.29,17.14,0
US-Pfa,-90.2723,45.9459,2010,3,7,2.54,-8.42,-4.14,3.1,14.5,0
US-Pfa,-90.2723,45.9459,2010,3,8,7.34,-3.05,-0.22,2.97,9.34,0.03
US-Pfa,-90.2723,45.9459,2010,3,9,9.37,-1.4,1.5,3.67,13.24,0.17
US-Pfa,-90.2723,45.9459,2010,3,10,7,0.07,2.15,5.25,6.94,2.68
US-Pfa,-90.2723,45.9459,2010,3,11,11.77,2.76,5.6,5.21,4.74,1.95
US-Pfa,-90.2723,45.9459,2010,3,12,11.06,1.7,4.81,3.87,4.16,7.69
US-Pfa,-90.2723,45.9459,2010,3,13,9.61,2.4,4.45,5.31,7.15,0.47
US-Pfa,-90.2723,45.9459,2010,3,14,15.57,-0.43,2.53,4.75,17.37,0.04
US-Pfa,-90.2723,45.9459,2010,3,15,15.09,-1.34,-0.45,3.32,17.36,0
US-Pfa,-90.2723,45.9459,2010,3,16,15.84,-1.05,-0.17,2.64,17.03,0
US-Pfa,-90.2723,45.9459,2010,3,17,15.14,-0.5,2.4,3.76,18.86,0
US-Pfa,-90.2723,45.9459,2010,3,18,14.55,2.38,2.04,5.38,18.21,0.01
US-Pfa,-90.2723,45.9459,2010,3,19,4.56,-3.21,-4.6,5.69,7.84,0.1
US-Pfa,-90.2723,45.9459,2010,3,20,3.62,-5.92,-9.45,3.28,20.88,0
US-Pfa,-90.2723,45.9459,2010,3,21,8.8,-5.16,-6.35,3.6,20.44,0
US-Pfa,-90.2723,45.9459,2010,3,22,10.52,-2.67,-4.23,3.74,16.84,0
US-Pfa,-90.2723,45.9459,2010,3,23,12.39,-3.37,-3.28,2.79,17.77,0
US-Pfa,-90.2723,45.9459,2010,3,24,12.41,-1.83,-3.24,3.85,20.17,0.01
US-Pfa,-90.2723,45.9459,2010,3,25,-1.2,-8.84,-14.61,5.83,21.35,0
US-Pfa,-90.2723,45.9459,2010,3,26,4.86,-7.49,-9.82,4.65,19.66,0
US-Pfa,-90.2723,45.9459,2010,3,27,8.21,-0.85,-2.12,4.39,11.91,0.42
US-Pfa,-90.2723,45.9459,2010,3,28,5.92,-3.64,-3.31,4.39,16.54,0.16
US-Pfa,-90.2723,45.9459,2010,3,29,8.98,-4.18,-4.25,3.62,20.42,0
US-Pfa,-90.2723,45.9459,2010,3,30,16.92,-0.32,2.62,8.57,16.84,0
US-Pfa,-90.2723,45.9459,2010,3,31,19.71,7.53,7.95,5.76,14.86,0
US-Pfa,-90.2723,45.9459,2010,4,1,23.25,5.16,9.51,4.88,18.51,0
US-Pfa,-90.2723,45.9459,2010,4,2,20.1,12.01,13.36,7.86,11.25,1.08
US-Pfa,-90.2723,45.9459,2010,4,3,11.11,3.39,0.63,7.16,15.55,1.24
US-Pfa,-90.2723,45.9459,2010,4,4,15.61,3.83,3.29,4.16,18.36,2.19
US-Pfa,-90.2723,45.9459,2010,4,5,15.1,1.84,1.48,4.05,15.4,0.65
US-Pfa,-90.2723,45.9459,2010,4,6,13.3,1.31,1.4,2.97,5.45,1.37
US-Pfa,-90.2723,45.9459,2010,4,7,9.5,-1.42,-3.31,5.83,20.96,0.04
US-Pfa,-90.2723,45.9459,2010,4,8,2.12,-4.56,-5.71,5.75,17.58,0.11
US-Pfa,-90.2723,45.9459,2010,4,9,12.01,-4.57,-5.21,2.92,24.32,0
US-Pfa,-90.2723,45.9459,2010,4,10,13.29,1.42,-2.12,4.88,21.94,0.01
US-Pfa,-90.2723,45.9459,2010,4,11,16.44,-1.73,-3.3,2.78,24.72,0
US-Pfa,-90.2723,45.9459,2010,4,12,14.27,3.48,2.35,3.87,12.74,1.9
US-Pfa,-90.2723,45.9459,2010,4,13,12.66,3.36,4.26,6.47,9.95,2.06
US-Pfa,-90.2723,45.9459,2010,4,14,21.2,4.21,9.06,7.15,17.41,3.61
US-Pfa,-90.2723,45.9459,2010,4,15,20.43,6.9,10.77,6.08,14.22,7.68
US-Pfa,-90.2723,45.9459,2010,4,16,9.85,2.68,-2.31,7.91,25.33,0.07
US-Pfa,-90.2723,45.9459,2010,4,17,11.86,-0.25,-4.42,6.56,25.79,0
US-Pfa,-90.2723,45.9459,2010,4,18,15.17,-0.98,-0.4,2.82,25.73,0
US-Pfa,-90.2723,45.9459,2010,4,19,15.22,1.6,2.75,2.15,20.83,0
US-Pfa,-90.2723,45.9459,2010,4,20,20.25,2.34,2.68,3.8,23.85,0
US-Pfa,-90.2723,45.9459,2010,4,21,11.37,-1.77,-2.99,4.15,25.54,0
US-Pfa,-90.2723,45.9459,2010,4,22,14.93,-4.09,-1.97,2.01,26.63,0
US-Pfa,-90.2723,45.9459,2010,4,23,18.28,0.91,2.82,4.06,20.58,0
US-Pfa,-90.2723,45.9459,2010,4,24,14.25,5.29,3.63,4.64,5.25,4.13
US-Pfa,-90.2723,45.9459,2010,4,25,15.01,4.33,1.08,5.63,18.89,0.12
US-Pfa,-90.2723,45.9459,2010,4,26,15.04,1.38,-0.32,4.69,25.8,0
US-Pfa,-90.2723,45.9459,2010,4,27,12.96,-3.15,-4.1,3.32,28,0
US-Pfa,-90.2723,45.9459,2010,4,28,16.08,-2.28,-2.47,3.27,24.32,0
US-Pfa,-90.2723,45.9459,2010,4,29,17.12,4.17,6.56,7.69,8.96,3.19
US-Pfa,-90.2723,45.9459,2010,4,30,21.39,10.42,13.72,6.71,8.46,16.91
US-Pfa,-90.2723,45.9459,2010,5,1,16.4,7.99,6.18,7.16,19.35,0.13
US-Pfa,-90.2723,45.9459,2010,5,2,17.06,5.99,4.56,5.69,23.28,0.06
US-Pfa,-90.2723,45.9459,2010,5,3,14.38,3.13,3.14,4.8,10.6,0.22
US-Pfa,-90.2723,45.9459,2010,5,4,18.81,4.19,5.99,3.75,21.91,4.37
US-Pfa,-90.2723,45.9459,2010,5,5,12.81,4.59,3.48,6.41,14.88,1.29
US-Pfa,-90.2723,45.9459,2010,5,6,14.23,-0.49,1.53,2.73,20.38,0.14
US-Pfa,-90.2723,45.9459,2010,5,7,7.71,0.32,0.2,4.75,5.71,13.23
US-Pfa,-90.2723,45.9459,2010,5,8,6.89,-1.33,-1.7,5.33,14.66,1.71
US-Pfa,-90.2723,45.9459,2010,5,9,11.92,-3.38,-3,3.19,27.29,0
US-Pfa,-90.2723,45.9459,2010,5,10,14.61,-0.94,-0.24,4.81,19.4,0.36
US-Pfa,-90.2723,45.9459,2010,5,11,9.96,2.72,0.62,5.18,5.88,3.45
US-Pfa,-90.2723,45.9459,2010,5,12,15.02,1.69,1.63,4.97,17.56,1.37
US-Pfa,-90.2723,45.9459,2010,5,13,10.42,3.15,5.81,4.95,4.92,19.64
US-Pfa,-90.2723,45.9459,2010,5,14,13.35,3.46,4.33,6.03,17.12,0.74
US-Pfa,-90.2723,45.9459,2010,5,15,20.52,2.13,4.82,2.28,26.7,0
US-Pfa,-90.2723,45.9459,2010,5,16,20.91,7.02,7.6,2.42,23.89,0.05
US-Pfa,-90.2723,45.9459,2010,5,17,22.45,7.06,5.75,2.72,27.02,0
US-Pfa,-90.2723,45.9459,2010,5,18,22.88,8.96,4.11,2.2,29.12,0
US-Pfa,-90.2723,45.9459,2010,5,19,24.56,8.66,5.77,2.14,29.65,0
US-Pfa,-90.2723,45.9459,2010,5,20,26.2,10.5,7.72,2.28,25.54,0
US-Pfa,-90.2723,45.9459,2010,5,21,20.67,12.09,10.64,3.43,8.77,0.68
US-Pfa,-90.2723,45.9459,2010,5,22,22.99,11.24,12.97,4.27,13.22,0.18
US-Pfa,-90.2723,45.9459,2010,5,23,25.9,14.96,18.82,5.62,10.45,0.78
US-Pfa,-90.2723,45.9459,2010,5,24,26.87,19.13,20.62,4.75,25.68,0.41
US-Pfa,-90.2723,45.9459,2010,5,25,27.62,18.93,19.93,3.36,17.38,8.23
US-Pfa,-90.2723,45.9459,2010,5,26,23.4,13.78,12.38,3.75,25.49,1.27
US-Pfa,-90.2723,45.9459,2010,5,27,22.26,10.46,7.54,3.83,31.02,0
US-Pfa,-90.2723,45.9459,2010,5,28,27.46,9.2,9.6,2.19,26.75,0
US-Pfa,-90.2723,45.9459,2010,5,29,27.47,13,12.79,3.86,30.21,0
US-Pfa,-90.2723,45.9459,2010,5,30,28.2,14.46,15.49,4.94,21.6,5.46
US-Pfa,-90.2723,45.9459,2010,5,31,22.42,11.21,9.01,3.2,30.84,0.41
US-Pfa,-90.2723,45.9459,2010,6,1,24.5,12.46,11.94,4.93,21.95,3.18
US-Pfa,-90.2723,45.9459,2010,6,2,20.28,9.37,9.6,3.06,10.42,1.03
US-Pfa,-90.2723,45.9459,2010,6,3,22.54,9.71,6.91,1.2,25.58,0.01
US-Pfa,-90.2723,45.9459,2010,6,4,21.59,12.06,13.69,3.98,15.5,15.93
US-Pfa,-90.2723,45.9459,2010,6,5,20.92,9.94,11.92,3.17,10.52,4.48
US-Pfa,-90.2723,45.9459,2010,6,6,16.86,7.8,7.77,3.28,16.98,1.51
US-Pfa,-90.2723,45.9459,2010,6,7,20.89,7.75,5.59,1.21,27.35,0
US-Pfa,-90.2723,45.9459,2010,6,8,16.13,11.25,10.16,5.8,4.28,28.38
US-Pfa,-90.2723,45.9459,2010,6,9,19.05,10.62,11.68,5.59,19.98,1.96
US-Pfa,-90.2723,45.9459,2010,6,10,19.03,9.35,10.05,2.12,13.72,0.11
US-Pfa,-90.2723,45.9459,2010,6,11,19.74,10.76,14.24,4.88,6.57,28.56
US-Pfa,-90.2723,45.9459,2010,6,12,21.72,9.82,13.27,2.92,7.36,1.9
US-Pfa,-90.2723,45.9459,2010,6,13,21.92,12.87,14.64,1.83,7.78,1.55
US-Pfa,-90.2723,45.9459,2010,6,14,22.42,12.18,14.18,2.75,9.84,1.07
US-Pfa,-90.2723,45.9459,2010,6,15,20.11,13.23,14.67,4.11,10.08,10.12
US-Pfa,-90.2723,45.9459,2010,6,16,22.68,12.62,13.98,2.8,16.45,0.46
US-Pfa,-90.2723,45.9459,2010,6,17,26.2,13.94,17.19,5.3,26.53,0.54
US-Pfa,-90.2723,45.9459,2010,6,18,25.01,14.64,15.57,4.72,24.8,3.26
US-Pfa,-90.2723,45.9459,2010,6,19,21.73,12.8,13.05,4.22,15.06,0.17
US-Pfa,-90.2723,45.9459,2010,6,20,25.28,12.14,13.39,1.54,27.42,0.17
US-Pfa,-90.2723,45.9459,2010,6,21,24.22,14.84,17.13,3.9,12.17,31.28
US-Pfa,-90.2723,45.9459,2010,6,22,26.56,16,19.58,3.52,27.94,19.5
US-Pfa,-90.2723,45.9459,2010,6,23,23.43,15.49,17.93,2.93,15.93,17.99
US-Pfa,-90.2723,45.9459,2010,6,24,21.9,13.32,13.32,3.43,27.7,1.99
US-Pfa,-90.2723,45.9459,2010,6,25,23.61,13.81,16.93,3.51,13.19,19.47
US-Pfa,-90.2723,45.9459,2010,6,26,24.97,15.08,16.83,1.83,20.07,3.14
US-Pfa,-90.2723,45.9459,2010,6,27,24.97,15.97,17.51,4.25,21.44,4.85
US-Pfa,-90.2723,45.9459,2010,6,28,18.44,10.22,10.46,4.32,20,0.45
US-Pfa,-90.2723,45.9459,2010,6,29,17.48,7.31,6.4,3.53,31.87,0.03
US-Pfa,-90.2723,45.9459,2010,6,30,21.2,9.01,8.07,1.91,29.91,0
US-Pfa,-90.2723,45.9459,2010,7,1,24.6,11.41,13.51,4.1,29.86,0.69
US-Pfa,-90.2723,45.9459,2010,7,2,25.58,13.97,15.26,5.9,28.95,0
US-Pfa,-90.2723,45.9459,2010,7,3,27.75,16.63,18.17,6.32,26.98,0.02
US-Pfa,-90.2723,45.9459,2010,7,4,27.34,19.78,21.36,5.58,8.3,12.67
US-Pfa,-90.2723,45.9459,2010,7,5,25.04,17.5,19.05,2.53,15.58,15.06
US-Pfa,-90.2723,45.9459,2010,7,6,26.86,19.01,19.16,2.59,22.89,3.26
US-Pfa,-90.2723,45.9459,2010,7,7,28.13,17.24,18.09,2.22,20.22,7.72
US-Pfa,-90.2723,45.9459,2010,7,8,25.44,16.5,16.4,3.19,28.68,0.3
US-Pfa,-90.2723,45.9459,2010,7,9,25.3,14.35,14.02,3.08,28.78,0
US-Pfa,-90.2723,45.9459,2010,7,10,26.8,13.93,16.29,3.85,25.54,0.56
US-Pfa,-90.2723,45.9459,2010,7,11,23.23,15.2,18.13,4.22,14.66,8.41
US-Pfa,-90.2723,45.9459,2010,7,12,23.41,12.82,13.06,2.65,26.09,0.15
US-Pfa,-90.2723,45.9459,2010,7,13,25.22,13.66,14.82,3.64,25.23,0.03
US-Pfa,-90.2723,45.9459,2010,7,14,26.05,16.57,19.69,7.05,4.05,33.71
US-Pfa,-90.2723,45.9459,2010,7,15,23.45,14.49,15.19,4.97,28.04,3.67
US-Pfa,-90.2723,45.9459,2010,7,16,26.61,15.69,16.42,5.31,28.38,0.01
US-Pfa,-90.2723,45.9459,2010,7,17,25.77,14.09,15.15,2.98,22.27,3.84
US-Pfa,-90.2723,45.9459,2010,7,18,22.31,17.15,16.89,4.9,18.51,6.67
US-Pfa,-90.2723,45.9459,2010,7,19,24.7,14.9,15.81,1.77,16.77,0.1
US-Pfa,-90.2723,45.9459,2010,7,20,24.44,15.05,16.05,2.04,19.31,1.09
US-Pfa,-90.2723,45.9459,2010,7,21,25.05,14.81,15.12,3.67,28.46,0.02
US-Pfa,-90.2723,45.9459,2010,7,22,20.62,16.4,16.1,4.08,8.73,2.6
US-Pfa,-90.2723,45.9459,2010,7,23,25.66,16.12,17.63,4.15,21.69,3.16
US-Pfa,-90.2723,45.9459,2010,7,24,23.07,16.18,15.65,2.68,17.09,7.77
US-Pfa,-90.2723,45.9459,2010,7,25,26.27,12.83,14.57,2.06,27.67,0.11
US-Pfa,-90.2723,45.9459,2010,7,26,26.27,14.18,16.59,3.57,24.62,0.13
US-Pfa,-90.2723,45.9459,2010,7,27,25.83,18.24,21.38,5.45,13.91,33.24
US-Pfa,-90.2723,45.9459,2010,7,28,23.2,15.15,15.78,3.94,27.5,3.96
US-Pfa,-90.2723,45.9459,2010,7,29,24.67,14.23,14.36,2.41,23.24,0
US-Pfa,-90.2723,45.9459,2010,7,30,23.93,14.94,16.2,2.72,13.4,2.77
US-Pfa,-90.2723,45.9459,2010,7,31,24.56,16.97,17.03,2.97,18.86,1.84
US-Pfa,-90.2723,45.9459,2010,8,1,26.61,15.67,19.14,3.26,13.61,13.24
US-Pfa,-90.2723,45.9459,2010,8,2,28.08,19.84,21.32,4.16,11.31,9.76
US-Pfa,-90.2723,45.9459,2010,8,3,29.12,19.4,20,3.7,22.56,0.53
US-Pfa,-90.2723,45.9459,2010,8,4,26.9,17.25,16.96,3.95,23.61,0.15
US-Pfa,-90.2723,45.9459,2010,8,5,22.63,14.11,13.29,4.78,22.32,0.09
US-Pfa,-90.2723,45.9459,2010,8,6,22.48,12.58,11.4,2.81,21.55,0
US-Pfa,-90.2723,45.9459,2010,8,7,26.25,11.85,16.99,3.55,17.83,22.91
US-Pfa,-90.2723,45.9459,2010,8,8,28.12,21.1,21.25,2.67,10.32,11.83
US-Pfa,-90.2723,45.9459,2010,8,9,29.57,19.91,20.96,2.2,23.98,0.18
US-Pfa,-90.2723,45.9459,2010,8,10,29.29,19.21,20.09,1.99,13.67,1.96
US-Pfa,-90.2723,45.9459,2010,8,11,27.9,20.3,21.44,3.21,17.66,9.29
US-Pfa,-90.2723,45.9459,2010,8,12,29.2,18.26,20.13,1.89,24.98,2.91
US-Pfa,-90.2723,45.9459,2010,8,13,27.21,21.71,22.76,5.55,13.71,38.58
US-Pfa,-90.2723,45.9459,2010,8,14,26.82,19.04,19.21,3.37,23.4,5.06
US-Pfa,-90.2723,45.9459,2010,8,15,20.59,13.81,12.89,6.24,15.53,1.18
US-Pfa,-90.2723,45.9459,2010,8,16,20.03,10.71,9.16,6.24,22.18,0.02
US-Pfa,-90.2723,45.9459,2010,8,17,19.77,7.75,8.05,4.06,25.69,0
US-Pfa,-90.2723,45.9459,2010,8,18,21.73,12.63,16.13,4.38,7.87,12.53
US-Pfa,-90.2723,45.9459,2010,8,19,22.15,11.32,13.76,2.94,15.89,2.3
US-Pfa,-90.2723,45.9459,2010,8,20,24.76,15.14,18.81,4.7,10.77,22.07
US-Pfa,-90.2723,45.9459,2010,8,21,23.8,13.7,15.45,3.01,20.14,0.33
US-Pfa,-90.2723,45.9459,2010,8,22,26.93,13.44,15.99,1.58,24.63,0
US-Pfa,-90.2723,45.9459,2010,8,23,26.81,15.24,18.18,3.72,22.78,0.05
US-Pfa,-90.2723,45.9459,2010,8,24,21.29,12.58,13.8,4.79,20.22,0.74
US-Pfa,-90.2723,45.9459,2010,8,25,18.6,9.78,9.19,4.37,23.5,0
US-Pfa,-90.2723,45.9459,2010,8,26,21.47,9.11,10.03,2.57,24.58,0
US-Pfa,-90.2723,45.9459,2010,8,27,26.12,11.48,15.5,5.31,24.01,0
US-Pfa,-90.2723,45.9459,2010,8,28,25.83,15.87,15.53,6.65,24.31,0
US-Pfa,-90.2723,45.9459,2010,8,29,28.25,14.48,17.83,5.58,22.16,0.02
US-Pfa,-90.2723,45.9459,2010,8,30,28.5,21.21,20.83,6.07,21.3,0.25
US-Pfa,-90.2723,45.9459,2010,8,31,27.37,19.44,21.4,5.28,10.58,10.12
US-Pfa,-90.2723,45.9459,2010,9,1,22.79,14.04,13,2.61,22.82,1.09
US-Pfa,-90.2723,45.9459,2010,9,2,20.75,12.82,15.2,4.67,11.01,19.12
US-Pfa,-90.2723,45.9459,2010,9,3,13.5,7.09,8.61,7.53,8.6,6.89
US-Pfa,-90.2723,45.9459,2010,9,4,14.02,5.72,4.16,5.6,21.33,0.14
US-Pfa,-90.2723,45.9459,2010,9,5,18.01,3.67,6.29,2.06,19.94,0.09
US-Pfa,-90.2723,45.9459,2010,9,6,22.23,11.48,14.2,3.79,11.24,6.64
US-Pfa,-90.2723,45.9459,2010,9,7,17.61,7.06,9.27,6.7,6.2,7.79
US-Pfa,-90.2723,45.9459,2010,9,8,15.39,6.65,6.2,3.84,14.53,0.19
US-Pfa,-90.2723,45.9459,2010,9,9,17.91,4.23,7,1.77,19.79,0
US-Pfa,-90.2723,45.9459,2010,9,10,19.53,7.15,8.75,5.05,18.82,0.45
US-Pfa,-90.2723,45.9459,2010,9,11,17.12,11.13,11.18,4.95,13.15,12.36
US-Pfa,-90.2723,45.9459,2010,9,12,20.45,8.99,9.69,4.62,20.37,0.29
US-Pfa,-90.2723,45.9459,2010,9,13,16.44,6.96,6.17,4.47,21.15,0
US-Pfa,-90.2723,45.9459,2010,9,14,16.4,5.24,4.26,3.05,15.87,0.04
US-Pfa,-90.2723,45.9459,2010,9,15,11.43,5.23,6.62,3.49,4.72,47.26
US-Pfa,-90.2723,45.9459,2010,9,16,14.6,6.14,7.51,3.59,10.39,4.89
US-Pfa,-90.2723,45.9459,2010,9,17,16.14,8.01,9.93,4.16,4.19,1.25
US-Pfa,-90.2723,45.9459,2010,9,18,13.83,4.67,1.84,3.49,18.84,0.23
US-Pfa,-90.2723,45.9459,2010,9,19,15.04,3.47,2.92,2.19,12.94,0
US-Pfa,-90.2723,45.9459,2010,9,20,19.42,4.62,9.4,6.31,4.09,3.64
US-Pfa,-90.2723,45.9459,2010,9,21,20.41,6.91,13.24,5.24,16.41,4.42
US-Pfa,-90.2723,45.9459,2010,9,22,17.61,5,8.38,3.01,13.26,2.01
US-Pfa,-90.2723,45.9459,2010,9,23,21.06,11.96,16.3,4.86,2.37,74.28
US-Pfa,-90.2723,45.9459,2010,9,24,19.15,6.15,9.65,8.04,6.81,5.08
US-Pfa,-90.2723,45.9459,2010,9,25,13.69,1.23,3.93,4.1,17.15,0.06
US-Pfa,-90.2723,45.9459,2010,9,26,15.43,1.39,3.45,1.91,18.88,0.01
US-Pfa,-90.2723,45.9459,2010,9,27,15.75,3.64,6.66,4.06,13.62,0.56
US-Pfa,-90.2723,45.9459,2010,9,28,11.54,5.8,7.99,3.65,6.52,0.35
US-Pfa,-90.2723,45.9459,2010,9,29,18.17,6.35,9.7,4.67,14.11,2.03
US-Pfa,-90.2723,45.9459,2010,9,30,15.73,5.94,7.13,4.09,17.47,0.01
US-Pfa,-90.2723,45.9459,2010,10,1,11.82,3.67,5.73,3,5.35,4.5
US-Pfa,-90.2723,45.9459,2010,10,2,8.51,0.5,1.19,4.15,11.59,0.96
US-Pfa,-90.2723,45.9459,2010,10,3,12.98,-1.68,0.8,2.18,17.17,0
US-Pfa,-90.2723,45.9459,2010,10,4,14.18,0,1.65,3.36,17.31,0
US-Pfa,-90.2723,45.9459,2010,10,5,17.24,2.64,4.94,3.28,16.75,0
US-Pfa,-90.2723,45.9459,2010,10,6,15.86,6.62,5.44,4.39,16.09,0
US-Pfa,-90.2723,45.9459,2010,10,7,18.42,4.79,6.65,3.35,16.14,0
US-Pfa,-90.2723,45.9459,2010,10,8,22.21,7.93,9.64,3.26,15.08,0
US-Pfa,-90.2723,45.9459,2010,10,9,20.47,8.86,10.31,3.53,14.53,0
US-Pfa,-90.2723,45.9459,2010,10,10,22.76,8.93,11.2,1.64,12.4,0.03
US-Pfa,-90.2723,45.9459,2010,10,11,18.77,8.41,9.84,1.65,11.85,0.06
US-Pfa,-90.2723,45.9459,2010,10,12,19.18,7.1,10.74,3.46,13.56,2.05
US-Pfa,-90.2723,45.9459,2010,10,13,14,3.63,3.49,3.54,14.69,0
US-Pfa,-90.2723,45.9459,2010,10,14,13.96,3.83,2.92,4.47,12.27,0.05
US-Pfa,-90.2723,45.9459,2010,10,15,13.75,3.53,4.75,2.18,12.29,0.03
US-Pfa,-90.2723,45.9459,2010,10,16,15.22,3.63,3.18,4.83,14.21,0
US-Pfa,-90.2723,45.9459,2010,10,17,10.87,0.14,0.15,3.42,12.42,0
US-Pfa,-90.2723,45.9459,2010,10,18,9.94,1.05,-0.21,3.21,13,0
US-Pfa,-90.2723,45.9459,2010,10,19,12.15,1.21,2.11,4.29,12.46,0
US-Pfa,-90.2723,45.9459,2010,10,20,11.38,2.75,1.52,5.49,6,0.57
US-Pfa,-90.2723,45.9459,2010,10,21,6.51,-1.39,-0.75,4.29,12.26,0.42
US-Pfa,-90.2723,45.9459,2010,10,22,12.89,-1.87,0.07,3.93,13.03,0
US-Pfa,-90.2723,45.9459,2010,10,23,8.82,3.03,6.19,2.92,2.25,7.12
US-Pfa,-90.2723,45.9459,2010,10,24,10.58,6.14,8.39,3.16,1.95,13.72
US-Pfa,-90.2723,45.9459,2010,10,25,13.98,8.39,10.45,4.09,4.98,1.45
US-Pfa,-90.2723,45.9459,2010,10,26,15.98,3.17,7.24,11.87,2.75,25.89
US-Pfa,-90.2723,45.9459,2010,10,27,2.91,0.93,0.28,10.58,4.06,8.04
US-Pfa,-90.2723,45.9459,2010,10,28,3.77,-4.84,-3.06,6.44,6.35,0.48
US-Pfa,-90.2723,45.9459,2010,10,29,3.16,-5.19,-4.26,3.47,8.4,0
US-Pfa,-90.2723,45.9459,2010,10,30,5.84,-1.5,-0.34,3.51,10.01,0.03
US-Pfa,-90.2723,45.9459,2010,10,31,6.61,-3.45,-1.82,2.26,11.67,0
US-Pfa,-90.2723,45.9459,2010,11,1,8.12,-3.53,-1.47,2.62,11.34,0
US-Pfa,-90.2723,45.9459,2010,11,2,9.02,-2.28,0,4.29,10.93,1.03
US-Pfa,-90.2723,45.9459,2010,11,3,9.91,1.7,2.51,5.02,9.42,0.23
US-Pfa,-90.2723,45.9459,2010,11,4,3.07,-3.77,-2.76,5.18,6.81,2.2
US-Pfa,-90.2723,45.9459,2010,11,5,2.02,-5.3,-6.68,3.79,11.02,0
US-Pfa,-90.2723,45.9459,2010,11,6,6.31,-2.94,-3.36,5.37,9.72,0
US-Pfa,-90.2723,45.9459,2010,11,7,10.96,-1.63,1.06,3.4,9.93,0
US-Pfa,-90.2723,45.9459,2010,11,8,12.92,1.56,4.34,4.68,9.24,0.01
US-Pfa,-90.2723,45.9459,2010,11,9,13.63,3.97,5.25,5.06,9.7,0.01
US-Pfa,-90.2723,45.9459,2010,11,10,12.97,5.01,6.47,6.36,6.83,0.07
US-Pfa,-90.2723,45.9459,2010,11,11,9,-0.87,2.11,4.94,9.72,0.19
US-Pfa,-90.2723,45.9459,2010,11,12,4.39,-0.48,-1.41,2.23,2.31,1.38
US-Pfa,-90.2723,45.9459,2010,11,13,1.32,0.46,-0.04,5.39,0.96,16.18
US-Pfa,-90.2723,45.9459,2010,11,14,0.65,-3.44,-1.47,4.4,2.46,3.31
US-Pfa,-90.2723,45.9459,2010,11,15,1.2,-6.47,-3.54,2.47,3.89,0.1
US-Pfa,-90.2723,45.9459,2010,11,16,4.51,-4.34,-1.57,1.72,5.07,0.17
US-Pfa,-90.2723,45.9459,2010,11,17,1.87,-2.55,-1.7,4.02,6.56,0.26
US-Pfa,-90.2723,45.9459,2010,11,18,-1.62,-5.76,-7.32,3.12,5.17,0.11
US-Pfa,-90.2723,45.9459,2010,11,19,1.92,-8.97,-5.31,6.48,1.63,0.11
US-Pfa,-90.2723,45.9459,2010,11,20,-3.13,-9.85,-10.28,4.08,4.04,0.01
US-Pfa,-90.2723,45.9459,2010,11,21,0.63,-5.61,-2.61,4.06,1.06,1.69
US-Pfa,-90.2723,45.9459,2010,11,22,1.29,-4.98,-2.29,3.33,1.84,3.71
US-Pfa,-90.2723,45.9459,2010,11,23,-5.71,-11.36,-9.5,5.02,5.28,0.91
US-Pfa,-90.2723,45.9459,2010,11,24,-1.08,-11.1,-6.33,6.79,3.05,4.99
US-Pfa,-90.2723,45.9459,2010,11,25,-1.19,-13.56,-10.53,6.38,7.64,0.91
US-Pfa,-90.2723,45.9459,2010,11,26,-6.37,-12.58,-10.92,7.63,4.63,0.32
US-Pfa,-90.2723,45.9459,2010,11,27,-2.94,-11.95,-10.02,3.51,6.71,0.03
US-Pfa,-90.2723,45.9459,2010,11,28,1.37,-11.23,-4.94,5.63,4.22,0
US-Pfa,-90.2723,45.9459,2010,11,29,2.37,-2.45,-0.86,5.69,2.29,5.52
US-Pfa,-90.2723,45.9459,2010,11,30,0.98,-8.07,-3.66,4.34,1.71,1.1
US-Pfa,-90.2723,45.9459,2010,12,1,-4.91,-9.92,-9.01,5.24,3.01,1.01
US-Pfa,-90.2723,45.9459,2010,12,2,-7.06,-13.59,-11.94,3.96,6.76,0.34
US-Pfa,-90.2723,45.9459,2010,12,3,-4.53,-13.71,-11.64,1.98,4.21,0.03
US-Pfa,-90.2723,45.9459,2010,12,4,-3.92,-9.51,-8.49,2.83,4.04,0.68
US-Pfa,-90.2723,45.9459,2010,12,5,-8.18,-11.35,-11.27,4.96,4.75,1.21
US-Pfa,-90.2723,45.9459,2010,12,6,-8.42,-12.01,-12.25,5.53,3.45,0.98
US-Pfa,-90.2723,45.9459,2010,12,7,-7.39,-15.86,-13.74,5,7.43,0.16
US-Pfa,-90.2723,45.9459,2010,12,8,-7.87,-14.89,-13.82,2.9,6.79,0.3
US-Pfa,-90.2723,45.9459,2010,12,9,-7.13,-14.68,-11.07,5.82,1.37,4.81
US-Pfa,-90.2723,45.9459,2010,12,10,-6.72,-15.17,-11.2,4.26,5.5,0.36
US-Pfa,-90.2723,45.9459,2010,12,11,-6.77,-12.27,-9.48,7.01,1.11,11.1
US-Pfa,-90.2723,45.9459,2010,12,12,-9.54,-14.37,-13.46,9.64,6.76,0.83
US-Pfa,-90.2723,45.9459,2010,12,13,-12.18,-17.54,-15.53,4.92,6.7,0.59
US-Pfa,-90.2723,45.9459,2010,12,14,-9.43,-17.09,-14.96,2.65,7.15,0.23
US-Pfa,-90.2723,45.9459,2010,12,15,-8.17,-19.5,-15.41,1.78,7.06,0.07
US-Pfa,-90.2723,45.9459,2010,12,16,-5.99,-18.77,-13.34,3.5,6.21,0.02
US-Pfa,-90.2723,45.9459,2010,12,17,-10.48,-16.33,-14.76,3.8,5.64,0.13
US-Pfa,-90.2723,45.9459,2010,12,18,-9.86,-16.39,-13.91,3.66,3.34,0.17
US-Pfa,-90.2723,45.9459,2010,12,19,-9.74,-20.3,-15.9,2.7,5.8,0.02
US-Pfa,-90.2723,45.9459,2010,12,20,-7.33,-19.27,-13.33,2.72,1.8,2
US-Pfa,-90.2723,45.9459,2010,12,21,-1.9,-7.95,-5.41,4.05,1.92,7.03
US-Pfa,-90.2723,45.9459,2010,12,22,-2.4,-9.36,-7.49,3.31,3.16,0.15
US-Pfa,-90.2723,45.9459,2010,12,23,-4.4,-11.62,-8.72,2.26,1.79,0.09
US-Pfa,-90.2723,45.9459,2010,12,24,-3.67,-9.03,-7.17,2.13,3.15,0.61
US-Pfa,-90.2723,45.9459,2010,12,25,-4.78,-11.1,-7.8,3.52,3.52,0.88
US-Pfa,-90.2723,45.9459,2010,12,26,-4.73,-12.51,-9.74,2.29,3.17,0.29
US-Pfa,-90.2723,45.9459,2010,12,27,-9.19,-15,-13.17,4.72,6.05,0.07
US-Pfa,-90.2723,45.9459,2010,12,28,-4.56,-12.86,-10.51,4.87,6.23,0.01
US-Pfa,-90.2723,45.9459,2010,12,29,-0.58,-9.56,-5.31,7.12,4.85,0.14
US-Pfa,-90.2723,45.9459,2010,12,30,0.72,-0.51,0.04,6.8,1.49,7.13
US-Pfa,-90.2723,45.9459,2010,12,31,0.56,-8.16,-3.8,5.08,2.2,1.21
US-Pfa,-90.2723,45.9459,2011,1,1,-3.8,-17.92,-16.21,9.21,4.51,0.19
US-Pfa,-90.2723,45.9459,2011,1,2,-14.36,-20.74,-18.33,4.49,7.14,0.06
US-Pfa,-90.2723,45.9459,2011,1,3,-9.35,-18.22,-14.77,1.48,5.7,0.4
US-Pfa,-90.2723,45.9459,2011,1,4,-12.85,-21.78,-18.19,3.81,7.79,0.03
US-Pfa,-90.2723,45.9459,2011,1,5,-11.08,-20.01,-15.88,3.59,5.57,1.38
US-Pfa,-90.2723,45.9459,2011,1,6,-10.71,-16.42,-14.12,4.66,6.53,0.38
US-Pfa,-90.2723,45.9459,2011,1,7,-13.27,-16.96,-15.97,5.28,5.22,1.16
US-Pfa,-90.2723,45.9459,2011,1,8,-7.4,-13.61,-11.77,5.33,7.97,0.77
US-Pfa,-90.2723,45.9459,2011,1,9,-8.62,-16.48,-14.09,2.03,7.83,0.15
US-Pfa,-90.2723,45.9459,2011,1,10,-6.97,-15.26,-12.1,1.77,6.5,0.39
US-Pfa,-90.2723,45.9459,2011,1,11,-6.17,-9.68,-8.53,3.28,6.06,4.04
US-Pfa,-90.2723,45.9459,2011,1,12,-6.49,-12.58,-9.55,4.67,5.84,1.27
US-Pfa,-90.2723,45.9459,2011,1,13,-9.25,-13.85,-12.42,2.6,5.55,1.2
US-Pfa,-90.2723,45.9459,2011,1,14,-8.71,-15.8,-12.76,2.23,6.66,5.38
US-Pfa,-90.2723,45.9459,2011,1,15,-10.42,-17.48,-13.93,5.16,6.71,0.51
US-Pfa,-90.2723,45.9459,2011,1,16,-13.61,-19.91,-17.41,2.77,7.13,0.24
US-Pfa,-90.2723,45.9459,2011,1,17,-7.09,-17.68,-12.77,5.07,6.05,2.17
US-Pfa,-90.2723,45.9459,2011,1,18,-10.66,-17.34,-13.66,4.49,6.35,0.19
US-Pfa,-90.2723,45.9459,2011,1,19,-11.32,-20.35,-16.3,2.71,7.15,0.22
US-Pfa,-90.2723,45.9459,2011,1,20,-16.05,-23.63,-20.9,4.91,7.57,0.51
US-Pfa,-90.2723,45.9459,2011,1,21,-16.97,-23.19,-20.78,3.32,8.12,0.56
US-Pfa,-90.2723,45.9459,2011,1,22,-13.5,-26.53,-19.89,4.29,9.16,1
US-Pfa,-90.2723,45.9459,2011,1,23,-14.78,-22.14,-18.43,4.65,8.75,0.08
US-Pfa,-90.2723,45.9459,2011,1,24,-9.99,-15.58,-13.75,5.16,5.13,0.39
US-Pfa,-90.2723,45.9459,2011,1,25,-6.88,-15.87,-12,3.99,6.23,0.07
US-Pfa,-90.2723,45.9459,2011,1,26,-5.64,-14.46,-10.94,3.02,5.39,0.35
US-Pfa,-90.2723,45.9459,2011,1,27,-4.5,-14.07,-9.69,3.04,6.32,0.8
US-Pfa,-90.2723,45.9459,2011,1,28,-7.12,-14.69,-11.06,3.5,6.26,6.33
US-Pfa,-90.2723,45.9459,2011,1,29,-5.89,-16.17,-12.29,2.42,6.07,0.47
US-Pfa,-90.2723,45.9459,2011,1,30,-9.59,-16.24,-14.23,3.28,7.2,0.09
US-Pfa,-90.2723,45.9459,2011,1,31,-11.5,-15.56,-14.46,2.78,7.8,2.28
US-Pfa,-90.2723,45.9459,2011,2,1,-10.61,-13.87,-13.29,5.76,9.13,0.41
US-Pfa,-90.2723,45.9459,2011,2,2,-10.47,-23.3,-16.26,6.12,11.24,0.1
US-Pfa,-90.2723,45.9459,2011,2,3,-9.9,-23.4,-16.68,7.66,9.28,0.06
US-Pfa,-90.2723,45.9459,2011,2,4,-6.71,-13.45,-10.25,6.11,7.5,1.04
US-Pfa,-90.2723,45.9459,2011,2,5,-1.03,-8.06,-5.81,2.84,6.24,0.14
US-Pfa,-90.2723,45.9459,2011,2,6,-5.12,-13.92,-10.29,3.69,7.96,0.49
US-Pfa,-90.2723,45.9459,2011,2,7,-11.85,-18.04,-15.13,3.5,8.15,0.88
US-Pfa,-90.2723,45.9459,2011,2,8,-16.24,-23.04,-19.8,6.18,12.09,0.09
US-Pfa,-90.2723,45.9459,2011,2,9,-17.54,-26.83,-21.52,5.44,12.62,0.1
US-Pfa,-90.2723,45.9459,2011,2,10,-15.79,-32.3,-24.24,3.02,12.18,0.02
US-Pfa,-90.2723,45.9459,2011,2,11,-7.75,-22.45,-16.65,5.13,7.91,0.25
US-Pfa,-90.2723,45.9459,2011,2,12,-4.37,-16.12,-9.71,4.25,7.18,0.63
US-Pfa,-90.2723,45.9459,2011,2,13,0.85,-5.24,-2.42,7.14,9.58,0.56
US-Pfa,-90.2723,45.9459,2011,2,14,0.39,-9.65,-6.09,5.4,11.33,0.23
US-Pfa,-90.2723,45.9459,2011,2,15,0.46,-5.78,-2.71,8.05,9.34,0.03
US-Pfa,-90.2723,45.9459,2011,2,16,1.06,-4.51,-1.58,5.17,12.39,0.02
US-Pfa,-90.2723,45.9459,2011,2,17,1.71,-2.41,0.57,6.33,3.93,0.38
US-Pfa,-90.2723,45.9459,2011,2,18,-4.01,-13.52,-11.97,10.69,13.74,0.02
US-Pfa,-90.2723,45.9459,2011,2,19,-5.49,-14.86,-11.95,3.77,12.11,0
US-Pfa,-90.2723,45.9459,2011,2,20,-5.59,-11.01,-9.83,6.28,6.1,1.72
US-Pfa,-90.2723,45.9459,2011,2,21,-8.63,-14.47,-12.72,5.75,8.88,1.21
US-Pfa,-90.2723,45.9459,2011,2,22,-4.37,-15.94,-11.33,4.24,12.78,0.03
US-Pfa,-90.2723,45.9459,2011,2,23,-2.9,-9.82,-6.92,5.23,7.9,0.14
US-Pfa,-90.2723,45.9459,2011,2,24,-2.38,-12.46,-9.13,4.06,13.89,0.02
US-Pfa,-90.2723,45.9459,2011,2,25,-11.46,-17.88,-15.63,3.74,14.66,0.18
US-Pfa,-90.2723,45.9459,2011,2,26,-14.15,-22.41,-19.01,2.34,10.24,1.05
US-Pfa,-90.2723,45.9459,2011,2,27,-6.05,-19.67,-13.51,4.46,9.03,0.11
US-Pfa,-90.2723,45.9459,2011,2,28,-3.5,-12.89,-11.16,4.06,16.54,0.01
US-Pfa,-90.2723,45.9459,2011,3,1,0.6,-13.62,-9.08,7.43,15.02,0
US-Pfa,-90.2723,45.9459,2011,3,2,-8.61,-17.24,-15.99,4.12,13.92,0.02
US-Pfa,-90.2723,45.9459,2011,3,3,-2.82,-13.04,-8.38,5.02,6.49,1.51
US-Pfa,-90.2723,45.9459,2011,3,4,0.18,-6.27,-4.92,3.2,7.5,0.15
US-Pfa,-90.2723,45.9459,2011,3,5,-4.6,-15.1,-9.9,5.4,13.5,0.06
US-Pfa,-90.2723,45.9459,2011,3,6,-3.81,-15.52,-10.5,2.85,15.82,0.75
US-Pfa,-90.2723,45.9459,2011,3,7,-1.58,-8.28,-6.54,2.5,9.28,2.96
US-Pfa,-90.2723,45.9459,2011,3,8,0.73,-8.39,-5.51,1.97,10.7,0.3
US-Pfa,-90.2723,45.9459,2011,3,9,0.03,-5.38,-3.93,4.29,9.59,2.48
US-Pfa,-90.2723,45.9459,2011,3,10,1.04,-8.82,-4.35,4.63,17.93,0.16
US-Pfa,-90.2723,45.9459,2011,3,11,1.81,-8.88,-4.65,3.99,12.57,0.35
US-Pfa,-90.2723,45.9459,2011,3,12,1.1,-4.69,-2.65,5.26,9.35,4.63
US-Pfa,-90.2723,45.9459,2011,3,13,0.47,-7.86,-5.14,3.07,12.98,0.34
US-Pfa,-90.2723,45.9459,2011,3,14,3.22,-8.28,-4.51,4.52,18.56,0.05
US-Pfa,-90.2723,45.9459,2011,3,15,5.15,-4.35,-2,5.52,14.81,0.11
US-Pfa,-90.2723,45.9459,2011,3,16,8.33,-1.23,0.95,4.59,14.48,0.03
US-Pfa,-90.2723,45.9459,2011,3,17,6.98,0.11,2.97,4.78,11.56,0.39
US-Pfa,-90.2723,45.9459,2011,3,18,1.76,-5.08,-3.89,5.13,15.82,0.12
US-Pfa,-90.2723,45.9459,2011,3,19,7.97,-4.71,-2.21,3.12,19.34,0.02
US-Pfa,-90.2723,45.9459,2011,3,20,2.84,-1.28,-0.68,6.65,3.98,13.64
US-Pfa,-90.2723,45.9459,2011,3,21,3.76,-1.54,-0.12,4.54,6.09,0.27
US-Pfa,-90.2723,45.9459,2011,3,22,0.75,-4.19,-3.56,7.14,3.36,8
US-Pfa,-90.2723,45.9459,2011,3,23,-4.01,-10.7,-8.7,7.71,14.12,7.84
US-Pfa,-90.2723,45.9459,2011,3,24,-1.75,-13.98,-11.41,4,21.35,0.02
US-Pfa,-90.2723,45.9459,2011,3,25,-3.51,-15.84,-13.1,3.77,22.07,0.02
US-Pfa,-90.2723,45.9459,2011,3,26,-3.09,-16.46,-11.93,3.24,22.45,0.02
US-Pfa,-90.2723,45.9459,2011,3,27,-1.67,-14.8,-12.07,2.17,23.06,0
US-Pfa,-90.2723,45.9459,2011,3,28,1.48,-12.74,-9.76,2.26,22.74,0
US-Pfa,-90.2723,45.9459,2011,3,29,4.6,-8.86,-8.25,1.32,23.23,0
US-Pfa,-90.2723,45.9459,2011,3,30,6.49,-5.74,-7.92,1.21,22.59,0
US-Pfa,-90.2723,45.9459,2011,3,31,6.23,-3.49,-4.62,2.59,17.89,0
US-Pfa,-90.2723,45.9459,2011,4,1,3.3,-1.25,-1.68,2.89,13.64,1.48
US-Pfa,-90.2723,45.9459,2011,4,2,6.25,-1.23,-1.24,3.82,17.58,0.52
US-Pfa,-90.2723,45.9459,2011,4,3,2.2,-0.77,-0.49,5.51,4.02,14.21
US-Pfa,-90.2723,45.9459,2011,4,4,1.69,-3.67,-2.14,6.43,12.78,3.58
US-Pfa,-90.2723,45.9459,2011,4,5,5.5,-5.3,-3.36,3.95,21.4,0.33
US-Pfa,-90.2723,45.9459,2011,4,6,8.2,-1.99,-1.16,2.45,19.86,0.03
US-Pfa,-90.2723,45.9459,2011,4,7,12.7,-2.1,1.05,3.98,21.72,0.01
US-Pfa,-90.2723,45.9459,2011,4,8,14.15,-1.11,1.81,3.71,21.61,0
US-Pfa,-90.2723,45.9459,2011,4,9,13.23,1.82,5.36,3.6,8.03,0.23
US-Pfa,-90.2723,45.9459,2011,4,10,22.22,6.41,12.6,7.11,15.27,9.95
US-Pfa,-90.2723,45.9459,2011,4,11,11.49,1.22,1.82,6.67,15.33,0.98
US-Pfa,-90.2723,45.9459,2011,4,12,14.47,-0.38,3.15,4.63,22.65,0
US-Pfa,-90.2723,45.9459,2011,4,13,13.46,-2.35,1.02,4.7,19.59,0.05
US-Pfa,-90.2723,45.9459,2011,4,14,7.01,-5.48,-6.76,5.84,21.57,0
US-Pfa,-90.2723,45.9459,2011,4,15,6.04,-5.13,-7.09,8.31,11.67,1.71
US-Pfa,-90.2723,45.9459,2011,4,16,1.21,-2.98,-3.37,6.43,9.84,5.24
US-Pfa,-90.2723,45.9459,2011,4,17,0.06,-6.12,-6.55,7,21.26,0.77
US-Pfa,-90.2723,45.9459,2011,4,18,3.84,-4.69,-4.78,2.16,20.41,0.03
US-Pfa,-90.2723,45.9459,2011,4,19,2.35,-3.64,-3.79,3.59,9.78,0.17
US-Pfa,-90.2723,45.9459,2011,4,20,2.14,-3.05,-3.32,3.37,12.95,1.29
US-Pfa,-90.2723,45.9459,2011,4,21,7.86,-3.6,-1.17,3,19.1,0.38
US-Pfa,-90.2723,45.9459,2011,4,22,7.83,-1.33,0.9,4.9,6.01,14.12
US-Pfa,-90.2723,45.9459,2011,4,23,5.15,-1.4,-0.06,3.55,9.51,1.07
US-Pfa,-90.2723,45.9459,2011,4,24,12.78,-1.88,1.92,3.3,20.83,0
US-Pfa,-90.2723,45.9459,2011,4,25,16.97,-0.97,3.09,3.08,25.11,0
US-Pfa,-90.2723,45.9459,2011,4,26,6.01,-0.57,1.71,6.88,5.26,17.29
US-Pfa,-90.2723,45.9459,2011,4,27,6.4,-1.49,0.3,3.36,12,3.92
US-Pfa,-90.2723,45.9459,2011,4,28,5.35,-1.53,-1.12,5.09,11.25,3.42
US-Pfa,-90.2723,45.9459,2011,4,29,15.59,-2.29,1.13,3.26,25.13,0
US-Pfa,-90.2723,45.9459,2011,4,30,12.22,3.21,4.86,7.83,5.24,5.67
US-Pfa,-90.2723,45.9459,2011,5,1,4.19,-2.05,-2.57,7.07,8.28,0.15
US-Pfa,-90.2723,45.9459,2011,5,2,4.65,-3.08,-4.19,3.44,9.6,0.22
US-Pfa,-90.2723,45.9459,2011,5,3,10.54,-3.05,-2.47,2.62,25.68,0
US-Pfa,-90.2723,45.9459,2011,5,4,15.19,-0.69,0.15,2.98,26.76,0
US-Pfa,-90.2723,45.9459,2011,5,5,8.52,2.41,3.6,4.89,7.36,3.99
US-Pfa,-90.2723,45.9459,2011,5,6,13.55,3.02,4.04,4,24.63,0.18
US-Pfa,-90.2723,45.9459,2011,5,7,17.47,1.34,4.48,2.08,19.34,0
US-Pfa,-90.2723,45.9459,2011,5,8,17.9,3.4,5.93,4.03,18.72,0.01
US-Pfa,-90.2723,45.9459,2011,5,9,14.77,5.98,6.07,6.36,5.97,4.33
US-Pfa,-90.2723,45.9459,2011,5,10,18.38,7.46,11.02,5.56,17.24,2.57
US-Pfa,-90.2723,45.9459,2011,5,11,19.9,11.02,14.82,3.42,13.31,8.27
US-Pfa,-90.2723,45.9459,2011,5,12,20.83,8.06,12.73,2.72,11.43,12.42
US-Pfa,-90.2723,45.9459,2011,5,13,10.01,3.79,5.18,5.7,10.2,2.35
US-Pfa,-90.2723,45.9459,2011,5,14,7.5,3.55,2.34,6.65,7.66,1
US-Pfa,-90.2723,45.9459,2011,5,15,11,-1.05,-0.7,6.06,29.86,0
US-Pfa,-90.2723,45.9459,2011,5,16,14.05,-2.68,0.22,4.2,30.41,0
US-Pfa,-90.2723,45.9459,2011,5,17,17.54,0.33,1.42,3.01,31.01,0
US-Pfa,-90.2723,45.9459,2011,5,18,18.24,4.88,6.32,2.86,16.16,0.02
US-Pfa,-90.2723,45.9459,2011,5,19,20.56,8.54,12.3,2.44,13.14,0.24
US-Pfa,-90.2723,45.9459,2011,5,20,22.85,10.73,14.22,2.86,19.65,0.12
US-Pfa,-90.2723,45.9459,2011,5,21,17.83,10.5,13.58,5.1,9.08,12.87
US-Pfa,-90.2723,45.9459,2011,5,22,20.19,11.27,14.61,4.1,15.65,12.83
US-Pfa,-90.2723,45.9459,2011,5,23,15.47,8.58,11.2,3.69,13.88,2.59
US-Pfa,-90.2723,45.9459,2011,5,24,16.21,4.47,5.85,3.21,24.69,0.09
US-Pfa,-90.2723,45.9459,2011,5,25,14.18,4.27,5.54,3.56,15.88,0.07
US-Pfa,-90.2723,45.9459,2011,5,26,10.96,0.57,-1.33,4.74,31.36,0.01
US-Pfa,-90.2723,45.9459,2011,5,27,15.85,-0.6,2.24,3.65,22.49,0.96
US-Pfa,-90.2723,45.9459,2011,5,28,18.09,7.35,9.34,5.12,22.52,8.12
US-Pfa,-90.2723,45.9459,2011,5,29,19.49,8.78,9.68,2.74,13.73,4.91
US-Pfa,-90.2723,45.9459,2011,5,30,23.28,10.35,16.04,5.92,10.59,9.67
US-Pfa,-90.2723,45.9459,2011,5,31,22.5,11.47,14.35,8.06,23.45,2.28
US-Pfa,-90.2723,45.9459,2011,6,1,17.46,5.94,6.58,7.51,31.07,0
US-Pfa,-90.2723,45.9459,2011,6,2,18.43,4.27,6.55,4.93,22.29,0
US-Pfa,-90.2723,45.9459,2011,6,3,26.34,9.35,16.78,7.01,14.24,1.18
US-Pfa,-90.2723,45.9459,2011,6,4,23.4,11.34,13.49,4.23,29.36,0.1
US-Pfa,-90.2723,45.9459,2011,6,5,23.28,9.39,11.12,2.31,30.05,0
US-Pfa,-90.2723,45.9459,2011,6,6,26.9,12.49,17.37,3.05,27.37,1.78
US-Pfa,-90.2723,45.9459,2011,6,7,29.27,17.34,20.99,5.13,27.57,0.59
US-Pfa,-90.2723,45.9459,2011,6,8,25.52,8.14,15.4,5.74,28.68,0.16
US-Pfa,-90.2723,45.9459,2011,6,9,15.23,6.34,4.75,4.83,23.95,0.13
US-Pfa,-90.2723,45.9459,2011,6,10,14.28,4.38,7.19,2.94,7.37,6.49
US-Pfa,-90.2723,45.9459,2011,6,11,14.82,6.84,7.31,2.79,19.39,0.31
US-Pfa,-90.2723,45.9459,2011,6,12,20.37,5.31,7.03,1.48,25.86,0
US-Pfa,-90.2723,45.9459,2011,6,13,21.77,9.33,9.28,3,27,0
US-Pfa,-90.2723,45.9459,2011,6,14,21.93,10.18,9.87,4.23,27.26,0.22
US-Pfa,-90.2723,45.9459,2011,6,15,18.19,11.11,10.88,4.68,5.73,6.55
US-Pfa,-90.2723,45.9459,2011,6,16,19.42,9.89,12.7,1.37,11.32,0.85
US-Pfa,-90.2723,45.9459,2011,6,17,23.12,11.8,15.45,3.01,23.2,1.56
US-Pfa,-90.2723,45.9459,2011,6,18,22.93,14.39,15.83,3.91,12.15,10.69
US-Pfa,-90.2723,45.9459,2011,6,19,19.01,12.23,13.9,2.67,17.04,12.12
US-Pfa,-90.2723,45.9459,2011,6,20,21.59,10.94,13.55,2.64,17.93,1.21
US-Pfa,-90.2723,45.9459,2011,6,21,18.48,12.18,13.85,6.3,8.75,20.36
US-Pfa,-90.2723,45.9459,2011,6,22,22.2,11.22,14.85,2.68,9.8,21.25
US-Pfa,-90.2723,45.9459,2011,6,23,14.38,10.18,11.13,4.34,9.03,2.63
US-Pfa,-90.2723,45.9459,2011,6,24,19.52,9.35,10.21,4.42,27.66,0.24
US-Pfa,-90.2723,45.9459,2011,6,25,23.14,8.48,11.69,2.36,24.8,0
US-Pfa,-90.2723,45.9459,2011,6,26,23.65,12.17,14.15,3.9,23.7,0
US-Pfa,-90.2723,45.9459,2011,6,27,20.41,11.9,14.52,5.57,15.94,8.9
US-Pfa,-90.2723,45.9459,2011,6,28,20.8,10.98,12.21,4.81,25.76,0.12
US-Pfa,-90.2723,45.9459,2011,6,29,23.82,9.03,14.31,3.27,28.69,0.01
US-Pfa,-90.2723,45.9459,2011,6,30,26.22,14.87,19.32,5.56,21.77,0.77
US-Pfa,-90.2723,45.9459,2011,7,1,25.83,22.35,22.94,3.76,24.92,1.76
US-Pfa,-90.2723,45.9459,2011,7,2,24.91,13.28,15.97,4.69,30.2,0.6
US-Pfa,-90.2723,45.9459,2011,7,3,24.32,11.27,13.13,2.6,30.23,0
US-Pfa,-90.2723,45.9459,2011,7,4,26.54,14.49,16.66,3.43,30.3,0.02
US-Pfa,-90.2723,45.9459,2011,7,5,24.11,14.96,18.02,3.5,18.84,1.72
US-Pfa,-90.2723,45.9459,2011,7,6,24.76,12.36,13.11,2.08,29.36,0
US-Pfa,-90.2723,45.9459,2011,7,7,24.33,15.61,14.96,3.07,20.67,0.51
US-Pfa,-90.2723,45.9459,2011,7,8,25.36,15.78,16.05,2.68,27.75,0.12
US-Pfa,-90.2723,45.9459,2011,7,9,24.35,16.89,18.9,5.87,13.19,0.7
US-Pfa,-90.2723,45.9459,2011,7,10,28.3,20.03,21.37,3.13,22.37,3.34
US-Pfa,-90.2723,45.9459,2011,7,11,26.19,16.23,19.66,3.72,28.71,4.13
US-Pfa,-90.2723,45.9459,2011,7,12,20.95,12.41,12.86,3.52,18.69,0.01
US-Pfa,-90.2723,45.9459,2011,7,13,21.44,10.88,11.72,2.8,25.37,0.02
US-Pfa,-90.2723,45.9459,2011,7,14,19.65,12.83,13.95,3.2,9.19,0.53
US-Pfa,-90.2723,45.9459,2011,7,15,24.44,14.62,18.18,5.15,7.8,2.94
US-Pfa,-90.2723,45.9459,2011,7,16,27.12,18.58,21.79,4.11,18.12,4.53
US-Pfa,-90.2723,45.9459,2011,7,17,28.44,22.45,24.61,3.35,16.01,12.25
US-Pfa,-90.2723,45.9459,2011,7,18,29.98,22.32,22.88,2.71,21.06,2.66
US-Pfa,-90.2723,45.9459,2011,7,19,29.49,19.42,21.39,2.97,11.29,5.09
US-Pfa,-90.2723,45.9459,2011,7,20,30.62,22.72,24.27,6.11,27.76,2.7
US-Pfa,-90.2723,45.9459,2011,7,21,25.55,16.7,16.43,4.11,25.26,0.02
US-Pfa,-90.2723,45.9459,2011,7,22,27.78,15.56,17.65,2.2,22.67,0.03
US-Pfa,-90.2723,45.9459,2011,7,23,27.12,16.67,18.38,2.41,14.02,5.27
US-Pfa,-90.2723,45.9459,2011,7,24,22.89,14.62,16.31,2.73,20.03,6.01
US-Pfa,-90.2723,45.9459,2011,7,25,24.8,13.79,15.53,4.16,26.25,0.47
US-Pfa,-90.2723,45.9459,2011,7,26,23.56,11.36,12.7,2.02,28.52,0
US-Pfa,-90.2723,45.9459,2011,7,27,23.44,15.25,17.93,4.69,11.32,14.29
US-Pfa,-90.2723,45.9459,2011,7,28,27.54,17.4,19.32,2.14,16.71,0.47
US-Pfa,-90.2723,45.9459,2011,7,29,26.76,14.09,17.07,2.89,24.89,0.49
US-Pfa,-90.2723,45.9459,2011,7,30,26.29,17.18,20.48,3.96,17.18,7.71
US-Pfa,-90.2723,45.9459,2011,7,31,27.8,16.5,18.25,3.4,23.03,1.28
US-Pfa,-90.2723,45.9459,2011,8,1,25.13,14.76,16.48,2.32,5.17,2.88
US-Pfa,-90.2723,45.9459,2011,8,2,26.61,19.44,21.62,4.5,8.56,31.16
US-Pfa,-90.2723,45.9459,2011,8,3,24.77,16.1,15.12,3.3,28.39,0.16
US-Pfa,-90.2723,45.9459,2011,8,4,25.88,13.7,15.15,2.5,24.66,0
US-Pfa,-90.2723,45.9459,2011,8,5,26.15,14.65,17.33,2.11,21.29,0.01
US-Pfa,-90.2723,45.9459,2011,8,6,25.67,16.15,18.37,1.44,14.16,7.17
US-Pfa,-90.2723,45.9459,2011,8,7,22.86,14.98,15.12,3.69,19.89,1.86
US-Pfa,-90.2723,45.9459,2011,8,8,23.26,13.12,15.08,3.21,17.24,5.21
US-Pfa,-90.2723,45.9459,2011,8,9,21.06,13.15,14.02,5.39,16.1,2.43
US-Pfa,-90.2723,45.9459,2011,8,10,21.05,11.21,11.82,3.94,26.14,0.02
US-Pfa,-90.2723,45.9459,2011,8,11,24.5,12.93,14.79,3.16,23.82,0.58
US-Pfa,-90.2723,45.9459,2011,8,12,23.05,14.61,14.76,2.99,11.92,0.31
US-Pfa,-90.2723,45.9459,2011,8,13,22.91,13.3,14.9,2.71,17,1.26
US-Pfa,-90.2723,45.9459,2011,8,14,24.41,11.5,14.11,1.97,24.58,0.32
US-Pfa,-90.2723,45.9459,2011,8,15,25.13,14.41,16.89,2.81,18.99,0.33
US-Pfa,-90.2723,45.9459,2011,8,16,25.61,16.46,16.9,4.29,23.58,3.43
US-Pfa,-90.2723,45.9459,2011,8,17,22.84,14.13,13.98,3.94,26.39,3.4
US-Pfa,-90.2723,45.9459,2011,8,18,25.74,12.06,14.01,3.36,25.6,0
US-Pfa,-90.2723,45.9459,2011,8,19,26.03,14.83,15.59,4.43,18.93,4.26
US-Pfa,-90.2723,45.9459,2011,8,20,21.67,12.33,11.62,2.86,20.92,1.6
US-Pfa,-90.2723,45.9459,2011,8,21,19.78,10.36,10.3,3.37,19.31,0.42
US-Pfa,-90.2723,45.9459,2011,8,22,24.21,10.02,13.21,3.07,24.09,0
US-Pfa,-90.2723,45.9459,2011,8,23,23.99,14.94,17.28,4.26,12.07,4.85
US-Pfa,-90.2723,45.9459,2011,8,24,23.09,16.09,15.13,6.59,20.4,0.33
US-Pfa,-90.2723,45.9459,2011,8,25,24.21,13.63,13.71,2.99,24.26,0.1
US-Pfa,-90.2723,45.9459,2011,8,26,25.11,13.79,15.67,4.54,17.12,0.84
US-Pfa,-90.2723,45.9459,2011,8,27,23.08,11.39,11.09,2.8,22.84,0.03
US-Pfa,-90.2723,45.9459,2011,8,28,22.75,10.98,10.82,1.77,17.67,0
US-Pfa,-90.2723,45.9459,2011,8,29,24.56,10.4,12.81,3.3,22.46,0
US-Pfa,-90.2723,45.9459,2011,8,30,24.31,13.56,15,3.13,12.24,1.61
US-Pfa,-90.2723,45.9459,2011,8,31,22.17,14.07,15.98,3.6,6.03,3.09
US-Pfa,-90.2723,45.9459,2011,9,1,27.75,16.51,19.99,4.71,16.39,0.27
US-Pfa,-90.2723,45.9459,2011,9,2,22.84,17.44,16.9,3.2,11.37,0.42
US-Pfa,-90.2723,45.9459,2011,9,3,24.28,12.08,15.16,3.25,11.64,3.95
US-Pfa,-90.2723,45.9459,2011,9,4,14.28,6.57,8.96,4.65,12.62,3.38
US-Pfa,-90.2723,45.9459,2011,9,5,17.12,5.73,6.04,2.28,20.27,0.06
US-Pfa,-90.2723,45.9459,2011,9,6,20.04,5.4,7.34,1.7,20.53,0
US-Pfa,-90.2723,45.9459,2011,9,7,22.84,7.74,10.72,2.8,22.11,0
US-Pfa,-90.2723,45.9459,2011,9,8,24.63,11.1,12.73,3.04,20.77,0
US-Pfa,-90.2723,45.9459,2011,9,9,27.69,11.73,13.93,2.5,21.14,0
US-Pfa,-90.2723,45.9459,2011,9,10,26.88,12,13.95,1.69,20.97,0
US-Pfa,-90.2723,45.9459,2011,9,11,26.46,13.57,14.25,3.55,20.31,0
US-Pfa,-90.2723,45.9459,2011,9,12,25.83,13.79,13.92,5.55,19.96,1.28
US-Pfa,-90.2723,45.9459,2011,9,13,17.72,8.39,5.51,5.12,19.88,0.67
US-Pfa,-90.2723,45.9459,2011,9,14,10.2,3.72,-0.17,5.16,18.32,0.67
US-Pfa,-90.2723,45.9459,2011,9,15,12.66,0.79,-0.57,2.92,20.93,0.02
US-Pfa,-90.2723,45.9459,2011,9,16,15.57,1.99,0.62,3.21,16.92,0
US-Pfa,-90.2723,45.9459,2011,9,17,15.94,3.03,4.78,4.46,12.18,0.06
US-Pfa,-90.2723,45.9459,2011,9,18,17.24,8.5,10.1,5.2,3.22,8.79
US-Pfa,-90.2723,45.9459,2011,9,19,18.4,9.1,8.74,3.45,19.42,0.36
US-Pfa,-90.2723,45.9459,2011,9,20,18.01,7.17,9.72,5.65,7.69,0.76
US-Pfa,-90.2723,45.9459,2011,9,21,14,5.91,8.16,5.21,6.69,5.68
US-Pfa,-90.2723,45.9459,2011,9,22,10.09,3.96,3.79,2.74,6.77,1.2
US-Pfa,-90.2723,45.9459,2011,9,23,12.12,3.79,6.37,2.52,9.08,1.92
US-Pfa,-90.2723,45.9459,2011,9,24,15.47,6.32,7.35,2.38,11.19,0.66
US-Pfa,-90.2723,45.9459,2011,9,25,16.63,8.18,9.41,3.67,8.72,1.84
US-Pfa,-90.2723,45.9459,2011,9,26,16.38,8.98,10.6,5.53,6.95,6.49
US-Pfa,-90.2723,45.9459,2011,9,27,17.81,10.08,12.4,1.77,3.67,5.55
US-Pfa,-90.2723,45.9459,2011,9,28,20.43,10.12,12.22,1.53,9.18,0.31
US-Pfa,-90.2723,45.9459,2011,9,29,13.33,6.79,8.22,7.77,4.65,10.95
US-Pfa,-90.2723,45.9459,2011,9,30,8.82,-0.28,2.27,5.41,12.89,1.83
US-Pfa,-90.2723,45.9459,2011,10,1,13.7,-1,0.45,2.12,17.91,0
US-Pfa,-90.2723,45.9459,2011,10,2,19.26,1.63,4.15,2.53,16.09,0.03
US-Pfa,-90.2723,45.9459,2011,10,3,21.66,7.42,8.73,1.96,15.7,0
US-Pfa,-90.2723,45.9459,2011,10,4,22.35,7.27,9.34,3.12,16.03,0
US-Pfa,-90.2723,45.9459,2011,10,5,23.02,9.01,9.73,3.49,14.73,0
US-Pfa,-90.2723,45.9459,2011,10,6,22.74,9.38,10.27,4.1,15.82,0.01
US-Pfa,-90.2723,45.9459,2011,10,7,23.29,11.15,11.66,7.35,13.4,0
US-Pfa,-90.2723,45.9459,2011,10,8,23.68,13.47,12.01,6.51,12.5,0
US-Pfa,-90.2723,45.9459,2011,10,9,23.91,10.79,11.87,3.03,14.22,0
US-Pfa,-90.2723,45.9459,2011,10,10,21.96,8.94,11.04,3.94,12.24,0
US-Pfa,-90.2723,45.9459,2011,10,11,20.47,11.61,12.22,3.78,10.67,0.74
US-Pfa,-90.2723,45.9459,2011,10,12,19.71,10.58,12.6,2.74,9.55,13.27
US-Pfa,-90.2723,45.9459,2011,10,13,13.25,7.98,10.33,3.38,3.32,26.6
US-Pfa,-90.2723,45.9459,2011,10,14,9.46,4.93,3.26,7.64,6.22,1.96
US-Pfa,-90.2723,45.9459,2011,10,15,10.89,3.58,-0.36,7.93,12.52,0.01
US-Pfa,-90.2723,45.9459,2011,10,16,10.54,2.43,-1.26,7.23,12.68,0.02
US-Pfa,-90.2723,45.9459,2011,10,17,11.96,3.52,0.3,7.07,14.02,0.16
US-Pfa,-90.2723,45.9459,2011,10,18,6.95,0.82,1.55,3.38,5.47,1.03
US-Pfa,-90.2723,45.9459,2011,10,19,7.74,2,2.06,5.55,8.23,2.47
US-Pfa,-90.2723,45.9459,2011,10,20,6.2,-0.74,0.46,6.86,10.73,0.94
US-Pfa,-90.2723,45.9459,2011,10,21,10.92,-1.09,-0.09,2.7,13.39,0.01
US-Pfa,-90.2723,45.9459,2011,10,22,12.77,0.94,2.31,2.87,13.23,0
US-Pfa,-90.2723,45.9459,2011,10,23,9.89,1.57,4.08,4.55,6.11,5.34
US-Pfa,-90.2723,45.9459,2011,10,24,11.38,2.15,1.59,3.64,11.95,0.02
US-Pfa,-90.2723,45.9459,2011,10,25,7.98,0.76,1.15,3.65,1.6,4.7
US-Pfa,-90.2723,45.9459,2011,10,26,7.51,0.3,0.85,2.65,7.64,0.39
US-Pfa,-90.2723,45.9459,2011,10,27,5.73,-1.2,0.28,1.55,7.73,1.71
US-Pfa,-90.2723,45.9459,2011,10,28,7.03,-2.63,-1.23,3.32,6.59,0.85
US-Pfa,-90.2723,45.9459,2011,10,29,7.05,-2.89,-1.66,2.51,11.17,0.18
US-Pfa,-90.2723,45.9459,2011,10,30,6.19,-0.18,0.38,3.93,2.84,1.62
US-Pfa,-90.2723,45.9459,2011,10,31,9.15,1.06,2.65,2.32,4.41,0.43
US-Pfa,-90.2723,45.9459,2011,11,1,10.98,1.48,2.36,3.68,6.62,0.92
US-Pfa,-90.2723,45.9459,2011,11,2,7.13,-0.13,1.97,3.2,4.05,1.46
US-Pfa,-90.2723,45.9459,2011,11,3,9.47,-2.96,-3.08,2.4,11.45,0
US-Pfa,-90.2723,45.9459,2011,11,4,8.65,-2.54,-3.87,3.63,11.07,0
US-Pfa,-90.2723,45.9459,2011,11,5,9.97,-1.29,0.93,7.39,8.17,0.01
US-Pfa,-90.2723,45.9459,2011,11,6,10.64,2.68,2.86,7.59,2.54,0.04
US-Pfa,-90.2723,45.9459,2011,11,7,7.4,-1.33,-3.42,5.42,10.74,0
US-Pfa,-90.2723,45.9459,2011,11,8,7.48,-1.21,-2.09,2.42,6.7,0.08
US-Pfa,-90.2723,45.9459,2011,11,9,2.42,-1.1,-1.15,5.17,2.29,3.64
US-Pfa,-90.2723,45.9459,2011,11,10,2.08,-3.99,-3.11,4.82,3.08,3.73
US-Pfa,-90.2723,45.9459,2011,11,11,3.19,-6.14,-4.59,4.7,6.91,0.08
US-Pfa,-90.2723,45.9459,2011,11,12,9.67,-2.1,0.36,4.21,9.07,0
US-Pfa,-90.2723,45.9459,2011,11,13,7.17,-0.54,1.92,4.42,3.46,0.09
US-Pfa,-90.2723,45.9459,2011,11,14,5.36,-2.28,-1.01,4.9,6.33,0.18
US-Pfa,-90.2723,45.9459,2011,11,15,6.19,-3.86,-2.15,4.44,8.28,0.75
US-Pfa,-90.2723,45.9459,2011,11,16,-0.88,-5.73,-9.47,6.6,7.22,0.34
US-Pfa,-90.2723,45.9459,2011,11,17,-2.72,-6.7,-10.65,4.82,7.01,0.69
US-Pfa,-90.2723,45.9459,2011,11,18,2.67,-6.24,-5,3.67,6.43,0.17
US-Pfa,-90.2723,45.9459,2011,11,19,1.21,-5.16,-2.31,4.28,0.65,8.75
US-Pfa,-90.2723,45.9459,2011,11,20,-2.35,-11.2,-9.49,2.21,3.1,0.01
US-Pfa,-90.2723,45.9459,2011,11,21,0.41,-11.69,-7.54,2.78,3.55,0.01
US-Pfa,-90.2723,45.9459,2011,11,22,2.22,-7.53,-3.91,2.42,2.15,0
US-Pfa,-90.2723,45.9459,2011,11,23,3.84,-5.07,-1.47,4.43,3.08,0.06
US-Pfa,-90.2723,45.9459,2011,11,24,5.82,-0.96,0.76,6.19,6.88,0.04
US-Pfa,-90.2723,45.9459,2011,11,25,3.95,0.99,2.42,2.91,2.67,2.5
US-Pfa,-90.2723,45.9459,2011,11,26,4.38,-1.26,1.83,3.18,1.07,8.29
US-Pfa,-90.2723,45.9459,2011,11,27,-0.33,-4.09,-4.83,5.09,2.71,0.27
US-Pfa,-90.2723,45.9459,2011,11,28,1.36,-4.94,-5.76,4.73,4.38,0
US-Pfa,-90.2723,45.9459,2011,11,29,0.02,-9.57,-7.47,4.73,8.47,0
US-Pfa,-90.2723,45.9459,2011,11,30,1.25,-9.76,-8.16,2.59,4.76,2.28
US-Pfa,-90.2723,45.9459,2011,12,1,-0.41,-11.64,-7.15,3.59,5.41,1.14
US-Pfa,-90.2723,45.9459,2011,12,2,-2.64,-13.7,-12.18,4.97,7.45,0
US-Pfa,-90.2723,45.9459,2011,12,3,0.33,-5.68,-3.45,4.01,2.76,8.01
US-Pfa,-90.2723,45.9459,2011,12,4,-1.56,-10.17,-5.38,3.59,2,2.96
US-Pfa,-90.2723,45.9459,2011,12,5,-5.39,-11.51,-10.15,2.76,3.12,0.49
US-Pfa,-90.2723,45.9459,2011,12,6,-5.98,-10.11,-11.07,3.46,3.41,0.11
US-Pfa,-90.2723,45.9459,2011,12,7,-3.46,-12.47,-11.22,4.96,5.72,0.17
US-Pfa,-90.2723,45.9459,2011,12,8,-8.22,-16.76,-14.7,5.35,7.15,0.08
US-Pfa,-90.2723,45.9459,2011,12,9,-11.25,-21.25,-18.84,4.49,7.56,0
US-Pfa,-90.2723,45.9459,2011,12,10,-7.59,-21.26,-15.09,5.12,5.39,0.02
US-Pfa,-90.2723,45.9459,2011,12,11,0.67,-8.5,-5.16,6.87,6.7,0.04
US-Pfa,-90.2723,45.9459,2011,12,12,0.7,-2.72,-1.4,2.86,1.75,2.11
US-Pfa,-90.2723,45.9459,2011,12,13,0.92,-3.95,-1.91,2.11,1.99,1.33
US-Pfa,-90.2723,45.9459,2011,12,14,0.84,-1.6,-0.79,3.11,1.18,11.23
US-Pfa,-90.2723,45.9459,2011,12,15,-0.08,-7.93,-4.79,7.04,1.59,2.75
US-Pfa,-90.2723,45.9459,2011,12,16,-6.8,-13.08,-11.85,2.67,4.88,0.14
US-Pfa,-90.2723,45.9459,2011,12,17,-5.43,-16.27,-11.5,3.98,2.97,0.34
US-Pfa,-90.2723,45.9459,2011,12,18,0.2,-11.65,-5.96,5.47,5.34,0.01
US-Pfa,-90.2723,45.9459,2011,12,19,-2.32,-12.16,-6.13,4.04,2.51,0.03
US-Pfa,-90.2723,45.9459,2011,12,20,-4.22,-14.19,-10.67,4.51,6.96,0.02
US-Pfa,-90.2723,45.9459,2011,12,21,-2.92,-9.53,-7.2,3.42,3.37,0.33
US-Pfa,-90.2723,45.9459,2011,12,22,-4.77,-15.86,-10.84,3.38,4.5,0.1
US-Pfa,-90.2723,45.9459,2011,12,23,-7.71,-17.65,-12.46,4.31,2.13,3.32
US-Pfa,-90.2723,45.9459,2011,12,24,-3.35,-13.66,-8.97,4.49,6.51,0.22
US-Pfa,-90.2723,45.9459,2011,12,25,-0.97,-12.44,-5.6,5.17,2.28,0.23
US-Pfa,-90.2723,45.9459,2011,12,26,0.97,-11.46,-5.29,7.94,6.48,0
US-Pfa,-90.2723,45.9459,2011,12,27,-0.92,-18.72,-9.62,5.93,4.53,0.29
US-Pfa,-90.2723,45.9459,2011,12,28,-8.93,-17.16,-13.64,3.64,4.09,0.41
US-Pfa,-90.2723,45.9459,2011,12,29,-2.57,-12.95,-8.44,3.09,2.94,1.8
US-Pfa,-90.2723,45.9459,2011,12,30,-3.38,-12.73,-9.72,2.14,4.08,0.09
US-Pfa,-90.2723,45.9459,2011,12,31,-4,-11.57,-7.99,3.42,1.68,4.12
US-Pfa,-90.2723,45.9459,2012,1,1,-3.45,-10.12,-6.88,7.89,1.82,5.59
US-Pfa,-90.2723,45.9459,2012,1,2,-10.61,-20.83,-14.46,7.24,5.36,0.76
US-Pfa,-90.2723,45.9459,2012,1,3,-10.18,-22.42,-16.53,5.08,4.52,0
US-Pfa,-90.2723,45.9459,2012,1,4,-3.27,-14.22,-9.66,3.75,4.08,0
US-Pfa,-90.2723,45.9459,2012,1,5,0.57,-10.41,-4.63,4.85,5.75,0
US-Pfa,-90.2723,45.9459,2012,1,6,1.04,-4.29,-1.92,4.91,6.62,0.03
US-Pfa,-90.2723,45.9459,2012,1,7,-2.13,-9.37,-7.3,4.45,5.43,0.08
US-Pfa,-90.2723,45.9459,2012,1,8,-2.13,-8.48,-6.8,4.21,6.61,0.07
US-Pfa,-90.2723,45.9459,2012,1,9,0.94,-6.66,-4.06,5.83,7.49,0.13
US-Pfa,-90.2723,45.9459,2012,1,10,0.96,-6.66,-2.87,4.15,7.25,0.03
US-Pfa,-90.2723,45.9459,2012,1,11,0.75,-4.55,-1.89,3.96,3.42,2.45
US-Pfa,-90.2723,45.9459,2012,1,12,-5.16,-11.04,-9.96,8.03,3.94,6.07
US-Pfa,-90.2723,45.9459,2012,1,13,-10.36,-15.13,-13.73,5.07,4.14,0.28
US-Pfa,-90.2723,45.9459,2012,1,14,-10.72,-18.04,-16.15,2.46,3.86,0.03
US-Pfa,-90.2723,45.9459,2012,1,15,-4.56,-15.69,-10.21,6.59,5.16,0.04
US-Pfa,-90.2723,45.9459,2012,1,16,-2.02,-7.23,-6.3,3.89,3.27,0.05
US-Pfa,-90.2723,45.9459,2012,1,17,-6.77,-21.54,-12.86,5.67,4.67,1.84
US-Pfa,-90.2723,45.9459,2012,1,18,-10.33,-25.77,-18.1,6.11,6.27,1.19
US-Pfa,-90.2723,45.9459,2012,1,19,-17.52,-30.03,-23.64,6.32,7.92,0.21
US-Pfa,-90.2723,45.9459,2012,1,20,-15.23,-30.23,-24.55,3.39,4.03,0.07
US-Pfa,-90.2723,45.9459,2012,1,21,-12.35,-26.36,-19.14,3.65,6.59,0
US-Pfa,-90.2723,45.9459,2012,1,22,-4.95,-12.18,-7.99,6.21,1.63,2.28
US-Pfa,-90.2723,45.9459,2012,1,23,-3.55,-8.82,-6.6,5.39,3.16,6.41
US-Pfa,-90.2723,45.9459,2012,1,24,-5.92,-12.01,-10.43,4.1,6.32,0.14
US-Pfa,-90.2723,45.9459,2012,1,25,-2.6,-12.19,-7.94,5,4.91,0.22
US-Pfa,-90.2723,45.9459,2012,1,26,-0.66,-7.85,-4.67,5.67,4.71,0.17
US-Pfa,-90.2723,45.9459,2012,1,27,-2.16,-14.62,-8.32,4.61,6.23,2.53
US-Pfa,-90.2723,45.9459,2012,1,28,-6.66,-11.98,-10.19,6.35,4.95,0.22
US-Pfa,-90.2723,45.9459,2012,1,29,-11.3,-21.36,-16.7,4.28,10.16,0.07
US-Pfa,-90.2723,45.9459,2012,1,30,-4.13,-19.66,-10.32,4.28,6.1,1.29
US-Pfa,-90.2723,45.9459,2012,1,31,0.83,-3.83,-1.98,4.84,6.43,0.04
US-Pfa,-90.2723,45.9459,2012,2,1,0.04,-7.68,-4.95,3.37,4.35,0.21
US-Pfa,-90.2723,45.9459,2012,2,2,0.28,-5.89,-3.24,2.55,3.04,0.19
US-Pfa,-90.2723,45.9459,2012,2,3,0.2,-7.64,-3.79,1.9,6.6,0.06
US-Pfa,-90.2723,45.9459,2012,2,4,1.02,-8.66,-4.73,3.32,10.98,0.03
US-Pfa,-90.2723,45.9459,2012,2,5,0.13,-6.94,-5.06,4.24,9.61,0.03
US-Pfa,-90.2723,45.9459,2012,2,6,0.85,-8.21,-5.34,5.17,7.51,0.04
US-Pfa,-90.2723,45.9459,2012,2,7,-7.47,-17.92,-13.34,4.34,10.38,0.01
US-Pfa,-90.2723,45.9459,2012,2,8,-3.27,-18.24,-15.24,4.75,11.75,0
US-Pfa,-90.2723,45.9459,2012,2,9,-2.3,-14.09,-10.2,5.56,10.89,0.95
US-Pfa,-90.2723,45.9459,2012,2,10,-5.74,-14.43,-13.96,8.02,10.77,1.04
US-Pfa,-90.2723,45.9459,2012,2,11,-11.94,-18.68,-16.97,7.17,11.35,0.07
US-Pfa,-90.2723,45.9459,2012,2,12,-4.31,-18.17,-15.26,5.18,12.31,0
US-Pfa,-90.2723,45.9459,2012,2,13,-1.94,-18.85,-11.93,4.3,8.04,0.12
US-Pfa,-90.2723,45.9459,2012,2,14,-1.9,-8.86,-7.13,3.29,3.95,0.25
US-Pfa,-90.2723,45.9459,2012,2,15,1.07,-7.59,-3.66,3.57,8.67,0.81
US-Pfa,-90.2723,45.9459,2012,2,16,0.12,-7.72,-5.44,4.84,9.12,0.08
US-Pfa,-90.2723,45.9459,2012,2,17,-0.17,-9.54,-6.53,3.24,6.74,1.01
US-Pfa,-90.2723,45.9459,2012,2,18,-1.92,-12.99,-10.09,3.28,13.04,0.02
US-Pfa,-90.2723,45.9459,2012,2,19,0.67,-13.99,-9.63,3.53,12.95,0
US-Pfa,-90.2723,45.9459,2012,2,20,1.07,-11.16,-7.13,5.84,11.64,0.16
US-Pfa,-90.2723,45.9459,2012,2,21,0.97,-3.36,-2.94,7.7,5.16,3.07
US-Pfa,-90.2723,45.9459,2012,2,22,-1.21,-7.9,-6.19,5.44,6.5,0.2
US-Pfa,-90.2723,45.9459,2012,2,23,0.02,-9.36,-6.93,1.97,10.21,0.06
US-Pfa,-90.2723,45.9459,2012,2,24,-1.77,-8.88,-7.11,4.7,9.26,1.91
US-Pfa,-90.2723,45.9459,2012,2,25,-3.77,-10.11,-9.42,3.29,13.17,0.54
US-Pfa,-90.2723,45.9459,2012,2,26,0.64,-10.01,-6.44,7.21,7.02,2.27
US-Pfa,-90.2723,45.9459,2012,2,27,-3.45,-9.58,-7.73,5.3,13.42,0.52
US-Pfa,-90.2723,45.9459,2012,2,28,-0.29,-8.99,-6.15,4.01,3.78,5.63
US-Pfa,-90.2723,45.9459,2012,2,29,-0.08,-6.89,-3.41,7.74,2.7,24.4
US-Pfa,-90.2723,45.9459,2012,3,1,0.03,-7.49,-4.39,2.14,5.52,0.21
US-Pfa,-90.2723,45.9459,2012,3,2,0.05,-7.29,-3.85,2.33,6.16,0.91
US-Pfa,-90.2723,45.9459,2012,3,3,-2.88,-14.98,-8.13,4.88,8.81,1.63
US-Pfa,-90.2723,45.9459,2012,3,4,-7.41,-16.87,-13.34,2.79,13.42,0.29
US-Pfa,-90.2723,45.9459,2012,3,5,-4.62,-15.79,-10.25,4.8,14.13,0.89
US-Pfa,-90.2723,45.9459,2012,3,6,1.94,-7.51,-2.42,6.4,14.83,0.02
US-Pfa,-90.2723,45.9459,2012,3,7,6.54,-2.57,1.68,6.5,7.64,3.8
US-Pfa,-90.2723,45.9459,2012,3,8,-0.07,-7.4,-7.35,7.54,15.52,1.21
US-Pfa,-90.2723,45.9459,2012,3,9,-2.47,-9.96,-12.11,5.41,16.87,0.04
US-Pfa,-90.2723,45.9459,2012,3,10,10.09,-5.54,-3.24,7.69,16.28,0
US-Pfa,-90.2723,45.9459,2012,3,11,14.47,-0.45,1.68,5.55,16.34,0.61
US-Pfa,-90.2723,45.9459,2012,3,12,10.08,3.61,5.56,5.61,6.96,10.45
US-Pfa,-90.2723,45.9459,2012,3,13,12.36,-1.08,-0.81,4.94,17.77,0.01
US-Pfa,-90.2723,45.9459,2012,3,14,19.42,1.22,5.37,4.99,17,0
US-Pfa,-90.2723,45.9459,2012,3,15,15.68,0.45,1.87,3.39,13.29,0
US-Pfa,-90.2723,45.9459,2012,3,16,20.03,1.68,6.94,4.91,15.65,0.25
US-Pfa,-90.2723,45.9459,2012,3,17,20.03,11.03,14.13,6.14,13.69,0.47
US-Pfa,-90.2723,45.9459,2012,3,18,21.63,12.76,14.67,6.58,15,0.24
US-Pfa,-90.2723,45.9459,2012,3,19,21.82,13.33,14.82,6.89,12.43,0.67
US-Pfa,-90.2723,45.9459,2012,3,20,21.85,12.45,14.05,5.63,6.94,0.54
US-Pfa,-90.2723,45.9459,2012,3,21,18.84,11.69,12.92,4.49,7.55,1.51
US-Pfa,-90.2723,45.9459,2012,3,22,18.48,9.5,11.63,4.14,5.36,3.08
US-Pfa,-90.2723,45.9459,2012,3,23,16.59,9.2,11.36,2.46,5.68,4.07
US-Pfa,-90.2723,45.9459,2012,3,24,17.99,7.32,9.58,2.94,8.59,0.34
US-Pfa,-90.2723,45.9459,2012,3,25,9.84,-2.78,-2.04,5.48,20.37,0.01
US-Pfa,-90.2723,45.9459,2012,3,26,7.99,-5.62,-6.78,5.69,10.39,0.38
US-Pfa,-90.2723,45.9459,2012,3,27,17.76,-1.3,2.19,10.84,11.63,1.39
US-Pfa,-90.2723,45.9459,2012,3,28,7.66,-2.91,-1.01,6.19,15.53,0.04
US-Pfa,-90.2723,45.9459,2012,3,29,9.27,-3.03,-1.53,3.86,15.94,0.55
US-Pfa,-90.2723,45.9459,2012,3,30,5.98,-1.16,-0.36,3.85,6.27,2.67
US-Pfa,-90.2723,45.9459,2012,3,31,7.29,-1.95,1.27,4.75,7.63,0.28
US-Pfa,-90.2723,45.9459,2012,4,1,14.33,4.06,4.63,2.97,16.47,1.12
US-Pfa,-90.2723,45.9459,2012,4,2,12.56,3.3,2.69,5.93,14.86,2.4
US-Pfa,-90.2723,45.9459,2012,4,3,13.03,0.71,1.38,4.17,16.61,2.67
US-Pfa,-90.2723,45.9459,2012,4,4,12.84,-2.03,-2.23,4.19,22.46,0
US-Pfa,-90.2723,45.9459,2012,4,5,10.81,-3.94,-3.94,3.66,24.27,0
US-Pfa,-90.2723,45.9459,2012,4,6,12.84,-4.37,-2.76,2.88,24.07,0
US-Pfa,-90.2723,45.9459,2012,4,7,15.64,0.72,1.9,6.11,11.8,4.65
US-Pfa,-90.2723,45.9459,2012,4,8,10.82,-1.3,-2.47,5.51,18.13,0.01
US-Pfa,-90.2723,45.9459,2012,4,9,4,-2.86,-5.71,5.82,13.12,0.05
US-Pfa,-90.2723,45.9459,2012,4,10,3.32,-4.52,-7.14,5.32,18.25,0.13
US-Pfa,-90.2723,45.9459,2012,4,11,10.15,-3.48,-2.6,3.37,24.47,0.01
US-Pfa,-90.2723,45.9459,2012,4,12,14.69,-2.71,-0.45,2.3,24.74,0
US-Pfa,-90.2723,45.9459,2012,4,13,12.84,0.87,1.54,6.94,7.39,0.91
US-Pfa,-90.2723,45.9459,2012,4,14,19.22,7.33,6.18,5.93,23.56,0.42
US-Pfa,-90.2723,45.9459,2012,4,15,16.63,6.64,10.89,4.87,6.25,8.91
US-Pfa,-90.2723,45.9459,2012,4,16,14.19,-4.34,-1.51,6.47,8.63,4.32
US-Pfa,-90.2723,45.9459,2012,4,17,9.06,-5.69,-2.83,2.77,21.51,0.06
US-Pfa,-90.2723,45.9459,2012,4,18,12.04,0.66,4.2,7.29,11.77,21.11
US-Pfa,-90.2723,45.9459,2012,4,19,7.94,-0.54,-0.37,3.86,11.08,0.41
US-Pfa,-90.2723,45.9459,2012,4,20,9.99,-1.51,-2.24,4.82,25.46,0.01
US-Pfa,-90.2723,45.9459,2012,4,21,10.84,-3.54,-0.71,3.02,16.86,0.02
US-Pfa,-90.2723,45.9459,2012,4,22,9.57,-0.61,-0.5,2.54,17.59,0.1
US-Pfa,-90.2723,45.9459,2012,4,23,12.86,-2.22,-0.84,3.32,25.27,0
US-Pfa,-90.2723,45.9459,2012,4,24,13.47,0.01,0.51,3.54,25.37,0.03
US-Pfa,-90.2723,45.9459,2012,4,25,11.91,2.99,3.99,3.11,7.21,4.68
US-Pfa,-90.2723,45.9459,2012,4,26,7.06,-1.49,-3.13,5.79,25.74,0.72
US-Pfa,-90.2723,45.9459,2012,4,27,13.07,-3.63,-4.09,2.85,22.78,0
US-Pfa,-90.2723,45.9459,2012,4,28,12.91,-0.07,-2.72,3.87,13.22,0.02
US-Pfa,-90.2723,45.9459,2012,4,29,14.55,-2.11,-0.61,3.54,19.62,1.42
US-Pfa,-90.2723,45.9459,2012,4,30,12.38,2.19,4.93,2.88,10.21,4.12
US-Pfa,-90.2723,45.9459,2012,5,1,19.03,5.67,8.78,6.05,17.93,1.68
US-Pfa,-90.2723,45.9459,2012,5,2,22.5,9.67,12.93,4.49,21,12.6
US-Pfa,-90.2723,45.9459,2012,5,3,20.92,8.39,13.3,3.78,14.97,2.37
US-Pfa,-90.2723,45.9459,2012,5,4,17.91,6.37,7.05,4.49,23.68,3.14
US-Pfa,-90.2723,45.9459,2012,5,5,16.6,6.01,8.45,4.82,7.32,5.61
US-Pfa,-90.2723,45.9459,2012,5,6,11.74,7.2,7.84,4.11,4.72,23.52
US-Pfa,-90.2723,45.9459,2012,5,7,18.96,6.76,7.99,2.72,24.6,1.06
US-Pfa,-90.2723,45.9459,2012,5,8,14.42,4.57,6.19,3.01,15.2,1.92
US-Pfa,-90.2723,45.9459,2012,5,9,15.52,3.98,2.45,3.7,24.1,0.07
US-Pfa,-90.2723,45.9459,2012,5,10,19.45,2.52,4.25,3.14,28.95,0
US-Pfa,-90.2723,45.9459,2012,5,11,21.12,6.98,8.59,5.11,15.79,0.43
US-Pfa,-90.2723,45.9459,2012,5,12,18.49,5.2,2.51,2.72,27.47,0.01
US-Pfa,-90.2723,45.9459,2012,5,13,20.3,4.41,3.95,4.1,28.73,0
US-Pfa,-90.2723,45.9459,2012,5,14,24.73,8.3,8.48,4.52,27.68,0.01
US-Pfa,-90.2723,45.9459,2012,5,15,19.39,5.19,7.24,5.29,24.15,0.07
US-Pfa,-90.2723,45.9459,2012,5,16,16.48,2.25,0.3,2.86,29.78,0
US-Pfa,-90.2723,45.9459,2012,5,17,20.86,6.11,7,5.42,13.47,0.95
US-Pfa,-90.2723,45.9459,2012,5,18,25.9,9.47,12.17,6.3,28.27,0
US-Pfa,-90.2723,45.9459,2012,5,19,27.29,12.25,14.62,6.26,24.34,2.41
US-Pfa,-90.2723,45.9459,2012,5,20,22.3,6.98,13.25,5.26,8.2,21.56
US-Pfa,-90.2723,45.9459,2012,5,21,18.23,5.25,4.41,3.55,29.98,0.05
US-Pfa,-90.2723,45.9459,2012,5,22,19.7,5.74,6.65,4.74,25.96,0.03
US-Pfa,-90.2723,45.9459,2012,5,23,22.43,9.8,9.32,7.98,16.52,1.03
US-Pfa,-90.2723,45.9459,2012,5,24,25.16,9.74,13.42,8.51,12.45,20.07
US-Pfa,-90.2723,45.9459,2012,5,25,19.35,9,8.55,4.7,24.63,0.22
US-Pfa,-90.2723,45.9459,2012,5,26,20.82,9.1,12.19,2.85,7.38,20.29
US-Pfa,-90.2723,45.9459,2012,5,27,26.65,12.94,17.52,4.94,22.34,2.95
US-Pfa,-90.2723,45.9459,2012,5,28,22.97,14.52,15.71,4.79,25.23,3.37
US-Pfa,-90.2723,45.9459,2012,5,29,16.66,7.7,8.02,5.44,17.25,1.96
US-Pfa,-90.2723,45.9459,2012,5,30,13.83,4.98,3.41,3.28,15.06,1.13
US-Pfa,-90.2723,45.9459,2012,5,31,16.82,4.99,3.36,2.2,27.17,0.01
US-Pfa,-90.2723,45.9459,2012,6,1,19.19,5.62,4.53,2,29.85,0
US-Pfa,-90.2723,45.9459,2012,6,2,20.35,6.77,7.2,5.18,27.69,0.01
US-Pfa,-90.2723,45.9459,2012,6,3,22.65,7.63,9.41,3.14,21.41,0
US-Pfa,-90.2723,45.9459,2012,6,4,19.11,11.48,11.92,1.37,17.93,1.38
US-Pfa,-90.2723,45.9459,2012,6,5,21.25,10.31,11.78,2.55,25.24,0.89
US-Pfa,-90.2723,45.9459,2012,6,6,22.58,9.64,9.67,1.74,21.98,0.84
US-Pfa,-90.2723,45.9459,2012,6,7,24.06,11.09,12.07,2.68,23,0.61
US-Pfa,-90.2723,45.9459,2012,6,8,24.46,16.03,16.79,4.19,19.97,4.88
US-Pfa,-90.2723,45.9459,2012,6,9,27.79,15.48,16.05,4.84,30.02,0.17
US-Pfa,-90.2723,45.9459,2012,6,10,27.97,14.93,15.56,6.73,28.55,0.1
US-Pfa,-90.2723,45.9459,2012,6,11,24.84,11.06,13.32,6,25.12,1.59
US-Pfa,-90.2723,45.9459,2012,6,12,16.65,8.02,4.72,4.7,29.51,0.02
US-Pfa,-90.2723,45.9459,2012,6,13,20.99,6.31,7.57,3.9,21.7,0
US-Pfa,-90.2723,45.9459,2012,6,14,20.32,11.39,11.65,7.22,2.27,17.12
US-Pfa,-90.2723,45.9459,2012,6,15,21.91,14.79,16.65,2.92,19.61,2.07
US-Pfa,-90.2723,45.9459,2012,6,16,25.21,13.53,16.81,4.27,11.59,4.63
US-Pfa,-90.2723,45.9459,2012,6,17,23.36,11.96,12.82,4.7,22.97,1.43
US-Pfa,-90.2723,45.9459,2012,6,18,26.43,16.21,18.46,4.25,20.38,20.71
US-Pfa,-90.2723,45.9459,2012,6,19,27.41,16.13,18.36,4.31,20.36,7.53
US-Pfa,-90.2723,45.9459,2012,6,20,26.6,15.08,19.87,7.18,12.83,36.56
US-Pfa,-90.2723,45.9459,2012,6,21,21.01,13.02,13.77,4.34,25.75,0.73
US-Pfa,-90.2723,45.9459,2012,6,22,21.88,11.91,12.88,2.51,28.44,1.8
US-Pfa,-90.2723,45.9459,2012,6,23,22.55,12.02,14.86,3.61,9.57,8.03
US-Pfa,-90.2723,45.9459,2012,6,24,21.67,9.93,13.28,3.43,24.95,2.26
US-Pfa,-90.2723,45.9459,2012,6,25,21.74,8.42,9.29,2.19,32.17,0
US-Pfa,-90.2723,45.9459,2012,6,26,23.34,10.76,11.39,3.68,24.05,0
US-Pfa,-90.2723,45.9459,2012,6,27,28.2,13.34,15.68,4.14,28.49,0
US-Pfa,-90.2723,45.9459,2012,6,28,25.77,16.71,15.73,3.94,23.31,0.01
US-Pfa,-90.2723,45.9459,2012,6,29,27,13.66,14.14,4.19,26.35,0
US-Pfa,-90.2723,45.9459,2012,6,30,26.13,14.04,14.32,2.9,28.29,0
US-Pfa,-90.2723,45.9459,2012,7,1,27.66,15.75,15.85,2.05,27.09,0
US-Pfa,-90.2723,45.9459,2012,7,2,28.92,18.46,20.31,3.62,25.67,18.58
US-Pfa,-90.2723,45.9459,2012,7,3,29.67,19.22,21.45,3.32,25.72,2.75
US-Pfa,-90.2723,45.9459,2012,7,4,30.36,20.74,22.24,2.52,25.12,1.49
US-Pfa,-90.2723,45.9459,2012,7,5,29.5,17.45,18.39,3.52,26.57,0.1
US-Pfa,-90.2723,45.9459,2012,7,6,30.37,15.5,16.14,2.8,21.02,10.11
US-Pfa,-90.2723,45.9459,2012,7,7,25.38,14.86,15.2,3.01,27.77,8.77
US-Pfa,-90.2723,45.9459,2012,7,8,26.9,15.31,16.02,3,26.07,0.41
US-Pfa,-90.2723,45.9459,2012,7,9,24.87,15.48,14.53,2.29,28.11,0.06
US-Pfa,-90.2723,45.9459,2012,7,10,25.68,15.59,13.22,1.25,26.91,0
US-Pfa,-90.2723,45.9459,2012,7,11,27.57,14.4,14.29,2.89,29.22,0
US-Pfa,-90.2723,45.9459,2012,7,12,27.66,15.14,14.36,3.58,28.02,0
US-Pfa,-90.2723,45.9459,2012,7,13,27.6,15.27,16.25,3.81,18.89,1.52
US-Pfa,-90.2723,45.9459,2012,7,14,27.19,18.21,18.81,3.03,22.96,4.92
US-Pfa,-90.2723,45.9459,2012,7,15,29.75,17.26,17.55,2.21,22.64,0.22
US-Pfa,-90.2723,45.9459,2012,7,16,32.08,18.76,18.74,4.8,25.78,0.12
US-Pfa,-90.2723,45.9459,2012,7,17,26.95,17.38,18.89,2.87,16,1.34
US-Pfa,-90.2723,45.9459,2012,7,18,25,15.85,15.57,3.09,9.92,2.38
US-Pfa,-90.2723,45.9459,2012,7,19,24.94,14.82,15.15,3.08,20.9,5.86
US-Pfa,-90.2723,45.9459,2012,7,20,27.76,13.95,16.32,3.39,24.36,0.17
US-Pfa,-90.2723,45.9459,2012,7,21,27.67,18.51,15.63,3.11,20.53,0.35
US-Pfa,-90.2723,45.9459,2012,7,22,28.65,15.14,16.6,3.22,23.75,0.01
US-Pfa,-90.2723,45.9459,2012,7,23,28.31,19.16,18.24,4.09,27.28,0.03
US-Pfa,-90.2723,45.9459,2012,7,24,27.92,15,15.76,2.42,20.75,0.95
US-Pfa,-90.2723,45.9459,2012,7,25,27.8,16.66,20.03,4.42,16.82,22.09
US-Pfa,-90.2723,45.9459,2012,7,26,24.29,17.05,17.4,2.49,22.78,12.34
US-Pfa,-90.2723,45.9459,2012,7,27,22.36,12.86,14.31,3.62,18.43,2.13
US-Pfa,-90.2723,45.9459,2012,7,28,24.91,12.91,11.61,1.24,27.66,0
US-Pfa,-90.2723,45.9459,2012,7,29,27.65,15.36,15.82,2.42,20.65,1.73
US-Pfa,-90.2723,45.9459,2012,7,30,28.33,17.42,17.89,4.58,23.29,0.86
US-Pfa,-90.2723,45.9459,2012,7,31,25.72,15.95,14.98,2.69,25.16,0.02
US-Pfa,-90.2723,45.9459,2012,8,1,29.37,15.42,16.57,4.36,19.24,1.73
US-Pfa,-90.2723,45.9459,2012,8,2,27.32,18.15,16.8,2.9,24.78,1.58
US-Pfa,-90.2723,45.9459,2012,8,3,27.66,15.11,16,2.31,22.84,0.43
US-Pfa,-90.2723,45.9459,2012,8,4,25.22,16.05,16.29,5.39,11.64,6.95
US-Pfa,-90.2723,45.9459,2012,8,5,21.74,11.94,9.1,5.07,28.38,0.05
US-Pfa,-90.2723,45.9459,2012,8,6,26.99,11.43,11.39,3.9,27.46,0.25
US-Pfa,-90.2723,45.9459,2012,8,7,24.41,14.21,13.14,3.26,27.15,1.46
US-Pfa,-90.2723,45.9459,2012,8,8,20.04,13.67,14.39,1.91,7.53,3.06
US-Pfa,-90.2723,45.9459,2012,8,9,19.35,11.84,14.24,2.88,11.15,10.82
US-Pfa,-90.2723,45.9459,2012,8,10,20.08,9.36,9.52,4.46,25.54,0.06
US-Pfa,-90.2723,45.9459,2012,8,11,22.64,8.39,9.35,3.2,26.23,0
US-Pfa,-90.2723,45.9459,2012,8,12,23.4,12.31,9.47,1.36,11,0.02
US-Pfa,-90.2723,45.9459,2012,8,13,24.56,13.24,13.8,2.72,18.45,4.36
US-Pfa,-90.2723,45.9459,2012,8,14,22.22,11.2,11.37,2.12,20.58,0.38
US-Pfa,-90.2723,45.9459,2012,8,15,25.95,10.88,13.32,4.18,18.87,1.24
US-Pfa,-90.2723,45.9459,2012,8,16,19.42,12.48,12.12,5.61,12.77,8.16
US-Pfa,-90.2723,45.9459,2012,8,17,19.88,8.12,6.46,3.93,26.41,0.01
US-Pfa,-90.2723,45.9459,2012,8,18,21.57,8.3,9.34,2.98,19.3,3.85
US-Pfa,-90.2723,45.9459,2012,8,19,20.07,9.96,6.64,2.64,24.21,0.08
US-Pfa,-90.2723,45.9459,2012,8,20,21.3,7.77,7.81,3.04,21.84,0.1
US-Pfa,-90.2723,45.9459,2012,8,21,24.37,9.39,9.4,2.92,25.15,0
US-Pfa,-90.2723,45.9459,2012,8,22,27.04,12.07,9.41,3.65,23.34,0
US-Pfa,-90.2723,45.9459,2012,8,23,24.9,14.77,14.98,4.37,9.91,3.42
US-Pfa,-90.2723,45.9459,2012,8,24,28.51,16.6,16.78,4.39,21.22,0.89
US-Pfa,-90.2723,45.9459,2012,8,25,27.98,16,13.96,4.07,14.55,0.13
US-Pfa,-90.2723,45.9459,2012,8,26,27.25,14.95,14.33,3.43,17.51,0.58
US-Pfa,-90.2723,45.9459,2012,8,27,25.86,12.83,12.39,2.82,22.16,0
US-Pfa,-90.2723,45.9459,2012,8,28,26.49,15,12.54,1.27,17.03,0
US-Pfa,-90.2723,45.9459,2012,8,29,29.71,13.68,15.53,3.84,22.11,0
US-Pfa,-90.2723,45.9459,2012,8,30,30.52,17.23,15.56,5.16,17.07,0
US-Pfa,-90.2723,45.9459,2012,8,31,25.87,14.12,9.66,3.13,22.38,0
US-Pfa,-90.2723,45.9459,2012,9,1,27.75,13.64,9.19,2.49,23.36,0
US-Pfa,-90.2723,45.9459,2012,9,2,27.97,12.2,12.92,4.23,21.42,0.06
US-Pfa,-90.2723,45.9459,2012,9,3,29.29,17.54,15.98,2.76,16.89,1.11
US-Pfa,-90.2723,45.9459,2012,9,4,29.79,16.05,16.56,3.42,18.65,1.38
US-Pfa,-90.2723,45.9459,2012,9,5,24.28,13.38,12.47,3.28,16.53,3.2
US-Pfa,-90.2723,45.9459,2012,9,6,24,11.22,9.62,3.36,19.95,5.45
US-Pfa,-90.2723,45.9459,2012,9,7,18.55,11.07,10.13,3.37,12.88,6.22
US-Pfa,-90.2723,45.9459,2012,9,8,17.84,8.52,9.01,4.67,12.66,5.75
US-Pfa,-90.2723,45.9459,2012,9,9,19.29,8.83,7.68,3.22,20.93,0.18
US-Pfa,-90.2723,45.9459,2012,9,10,23.56,7.25,7.09,5.26,21.46,0
US-Pfa,-90.2723,45.9459,2012,9,11,27.78,12.82,9.99,6.87,16.78,0.06
US-Pfa,-90.2723,45.9459,2012,9,12,20.39,9.79,7.03,4.13,3.18,1.54
US-Pfa,-90.2723,45.9459,2012,9,13,18.41,8.81,2.03,3.46,18.72,0.08
US-Pfa,-90.2723,45.9459,2012,9,14,18.4,6.54,4.74,2.77,21.23,0.01
US-Pfa,-90.2723,45.9459,2012,9,15,23.49,4.54,5.66,3.69,20.13,0
US-Pfa,-90.2723,45.9459,2012,9,16,23.91,11.62,9.4,4.76,17.33,1.06
US-Pfa,-90.2723,45.9459,2012,9,17,13.45,4.5,7.96,3.54,8.46,5.27
US-Pfa,-90.2723,45.9459,2012,9,18,9.77,2.2,0.27,3.57,19.06,1.14
US-Pfa,-90.2723,45.9459,2012,9,19,18.34,2.08,4.09,6.01,11.07,7.16
US-Pfa,-90.2723,45.9459,2012,9,20,12.52,6.07,4.39,4.84,10.24,3.34
US-Pfa,-90.2723,45.9459,2012,9,21,11.49,4.47,3.82,3.19,12.81,3.19
US-Pfa,-90.2723,45.9459,2012,9,22,9.47,3.05,1.98,4.71,12.74,1.79
US-Pfa,-90.2723,45.9459,2012,9,23,11.48,2.36,-1.53,4,18.54,0.08
US-Pfa,-90.2723,45.9459,2012,9,24,19.36,1.63,0.4,5.69,18.56,0.02
US-Pfa,-90.2723,45.9459,2012,9,25,15.11,1.52,2.5,2.65,18.37,0
US-Pfa,-90.2723,45.9459,2012,9,26,12.96,2.87,0.83,2.45,16.47,0.12
US-Pfa,-90.2723,45.9459,2012,9,27,17.16,0.86,0.42,1.64,17.85,0
US-Pfa,-90.2723,45.9459,2012,9,28,17.83,4.18,2.62,2.59,13.82,0
US-Pfa,-90.2723,45.9459,2012,9,29,20.19,5.45,3.4,3.12,16.91,0
US-Pfa,-90.2723,45.9459,2012,9,30,18.19,3.04,4.28,2.37,17.2,0
US-Pfa,-90.2723,45.9459,2012,10,1,17.72,7.39,8.15,3.22,12.99,0.01
US-Pfa,-90.2723,45.9459,2012,10,2,18.97,6.32,3.09,2.4,17.18,0.01
US-Pfa,-90.2723,45.9459,2012,10,3,21.28,6.89,7.51,3.15,15.72,0.03
US-Pfa,-90.2723,45.9459,2012,10,4,12.45,1.97,2.98,6.99,12.72,0
US-Pfa,-90.2723,45.9459,2012,10,5,5.94,0.48,-3.12,7.74,8.56,0.85
US-Pfa,-90.2723,45.9459,2012,10,6,5,-1.25,-2.81,4.5,7.53,0.96
US-Pfa,-90.2723,45.9459,2012,10,7,8.25,-2.72,-6.53,4.24,15.68,0
US-Pfa,-90.2723,45.9459,2012,10,8,9.64,-1.65,-1.58,6.15,5.91,1.5
US-Pfa,-90.2723,45.9459,2012,10,9,7.98,0.25,1.91,4.72,5.12,2.81
US-Pfa,-90.2723,45.9459,2012,10,10,5.92,-1.61,-4.34,4.87,10.42,0.95
US-Pfa,-90.2723,45.9459,2012,10,11,6.1,-0.59,-2.33,4.46,11.63,2.37
US-Pfa,-90.2723,45.9459,2012,10,12,8.38,-4.36,-5.35,2.96,15.18,0
US-Pfa,-90.2723,45.9459,2012,10,13,7.74,1.94,3.11,3.62,3.05,2.71
US-Pfa,-90.2723,45.9459,2012,10,14,6.72,3.34,4.23,5.04,4.31,1.61
US-Pfa,-90.2723,45.9459,2012,10,15,11.5,1.52,0.92,3.14,13.52,0.03
US-Pfa,-90.2723,45.9459,2012,10,16,11.72,4.61,6.07,4.51,6.67,1.96
US-Pfa,-90.2723,45.9459,2012,10,17,15.29,6.49,8.36,4.14,4.25,8.22
US-Pfa,-90.2723,45.9459,2012,10,18,9.48,3.67,5.44,2.84,4.19,10.5
US-Pfa,-90.2723,45.9459,2012,10,19,10.43,4.02,3.79,2.69,6.4,0.87
US-Pfa,-90.2723,45.9459,2012,10,20,12.67,3.3,4.18,2.17,8.51,0.12
US-Pfa,-90.2723,45.9459,2012,10,21,13.91,0.71,4.32,3.25,10.79,0.08
US-Pfa,-90.2723,45.9459,2012,10,22,16.4,6.8,7.62,3.39,4.87,1.65
US-Pfa,-90.2723,45.9459,2012,10,23,15.46,6.74,9.69,5.17,2.83,2.74
US-Pfa,-90.2723,45.9459,2012,10,24,18.8,10.79,14.07,2.82,2.1,23.48
US-Pfa,-90.2723,45.9459,2012,10,25,10.68,-0.3,3.75,5.8,3.3,32.9
US-Pfa,-90.2723,45.9459,2012,10,26,4.79,-2.67,-4.75,4.94,8.61,0.01
US-Pfa,-90.2723,45.9459,2012,10,27,4.02,-5.13,-6.63,2.51,9.54,0
US-Pfa,-90.2723,45.9459,2012,10,28,5.67,-3.55,-6.65,1.65,11.22,0
US-Pfa,-90.2723,45.9459,2012,10,29,7.79,-2.27,-4.67,1.89,11.23,0
US-Pfa,-90.2723,45.9459,2012,10,30,2.2,-1.72,-4.46,6.23,10.44,0.01
US-Pfa,-90.2723,45.9459,2012,10,31,4.58,-3.69,-5.18,4.91,11.99,0.02
US-Pfa,-90.2723,45.9459,2012,11,1,4.13,-3.27,-2.74,4.61,4.99,0.23
US-Pfa,-90.2723,45.9459,2012,11,2,4.38,-4.86,-5.43,3.1,10.59,0
US-Pfa,-90.2723,45.9459,2012,11,3,3.05,-3.97,-4.32,1.64,6.04,0
US-Pfa,-90.2723,45.9459,2012,11,4,3.75,-4.47,-4.58,1.37,9.73,0.02
US-Pfa,-90.2723,45.9459,2012,11,5,3.79,-4.1,-4.54,2.68,9.13,0.02
US-Pfa,-90.2723,45.9459,2012,11,6,1.7,-1.65,-1.15,4.46,2.58,2.49
US-Pfa,-90.2723,45.9459,2012,11,7,4.75,-2.78,-0.95,1.97,3.49,0.39
US-Pfa,-90.2723,45.9459,2012,11,8,5.36,-1.38,0.03,4.17,8.5,0.02
US-Pfa,-90.2723,45.9459,2012,11,9,5.87,0,1.36,3.55,3.87,0.13
US-Pfa,-90.2723,45.9459,2012,11,10,11.88,-0.15,4.91,6.31,2.3,5.53
US-Pfa,-90.2723,45.9459,2012,11,11,11.75,-5.56,3.79,5.32,1.42,17.06
US-Pfa,-90.2723,45.9459,2012,11,12,-4.74,-9.02,-10.52,6.02,4.32,2.08
US-Pfa,-90.2723,45.9459,2012,11,13,0.21,-7.15,-7.54,3.98,9.48,0.03
US-Pfa,-90.2723,45.9459,2012,11,14,3.81,-2.4,-2.37,4.02,6.12,0.04
US-Pfa,-90.2723,45.9459,2012,11,15,7.16,-4.41,-1.64,4.03,8.04,0.01
US-Pfa,-90.2723,45.9459,2012,11,16,3.08,-5.1,-6.23,2.81,8.99,0
US-Pfa,-90.2723,45.9459,2012,11,17,6.17,-1.46,0.57,5.09,7.29,0.04
US-Pfa,-90.2723,45.9459,2012,11,18,7.88,-0.4,1.06,5.39,5.74,0
US-Pfa,-90.2723,45.9459,2012,11,19,11.27,0.62,3.01,3.87,3.72,0.15
US-Pfa,-90.2723,45.9459,2012,11,20,9.08,-0.41,2.1,2.22,7.88,0.05
US-Pfa,-90.2723,45.9459,2012,11,21,10.19,0.69,3.43,4.86,5.98,0.01
US-Pfa,-90.2723,45.9459,2012,11,22,13.21,-2.97,3.21,6.47,6.67,2.59
US-Pfa,-90.2723,45.9459,2012,11,23,-3.13,-7.21,-8.1,8.8,3.79,4.41
US-Pfa,-90.2723,45.9459,2012,11,24,-3.09,-8.34,-10.46,3.99,6.84,3.16
US-Pfa,-90.2723,45.9459,2012,11,25,-2.99,-7.96,-8.53,4.75,2.07,1
US-Pfa,-90.2723,45.9459,2012,11,26,-7.29,-14.65,-13.13,4.07,8.09,0.26
US-Pfa,-90.2723,45.9459,2012,11,27,-3.75,-14.65,-10.55,4.81,4.45,1.22
US-Pfa,-90.2723,45.9459,2012,11,28,-4.74,-11.05,-10.27,4.03,5.08,0.03
US-Pfa,-90.2723,45.9459,2012,11,29,-0.32,-7.4,-5.7,3.53,5.08,0.02
US-Pfa,-90.2723,45.9459,2012,11,30,-0.9,-5.91,-6.01,4.19,1.4,0.09
US-Pfa,-90.2723,45.9459,2012,12,1,2.51,-1.98,0.35,5,1.4,0.72
US-Pfa,-90.2723,45.9459,2012,12,2,3.86,-1.41,-0.06,3.03,2.04,0.08
US-Pfa,-90.2723,45.9459,2012,12,3,9.06,-0.23,3.39,6.91,1.2,0.8
US-Pfa,-90.2723,45.9459,2012,12,4,-0.92,-6.48,-8.53,6.56,7.69,0
US-Pfa,-90.2723,45.9459,2012,12,5,-0.5,-7.35,-9.03,4.95,6.42,0.1
US-Pfa,-90.2723,45.9459,2012,12,6,2.09,-6.23,-2.65,6.65,2.55,1.53
US-Pfa,-90.2723,45.9459,2012,12,7,0.01,-8.01,-7.64,2.65,3.89,0.11
US-Pfa,-90.2723,45.9459,2012,12,8,-0.51,-9.19,-8.09,1.88,7.24,0.01
US-Pfa,-90.2723,45.9459,2012,12,9,-1.87,-5.18,-5.84,3.83,0.96,3.95
US-Pfa,-90.2723,45.9459,2012,12,10,-2.9,-7.22,-6.84,2.69,3.35,0.69
US-Pfa,-90.2723,45.9459,2012,12,11,-7.03,-11.72,-11.59,4.94,2.78,0.29
US-Pfa,-90.2723,45.9459,2012,12,12,0.27,-14.24,-8.44,5.43,3.04,0.02
US-Pfa,-90.2723,45.9459,2012,12,13,1.96,-7.45,-5.04,3.46,4.92,0.04
US-Pfa,-90.2723,45.9459,2012,12,14,-0.6,-7.97,-5.55,3.77,4.11,0.04
US-Pfa,-90.2723,45.9459,2012,12,15,1.12,-1.79,-0.49,5.48,1.35,3.07
US-Pfa,-90.2723,45.9459,2012,12,16,1.26,-5.81,-2.2,3.5,1.33,2.57
US-Pfa,-90.2723,45.9459,2012,12,17,-2.32,-10.61,-8.95,2.42,2.77,0.02
US-Pfa,-90.2723,45.9459,2012,12,18,-2.34,-10.85,-10,1,4.13,0
US-Pfa,-90.2723,45.9459,2012,12,19,-1.27,-10.94,-7.3,2.87,2.54,0.06
US-Pfa,-90.2723,45.9459,2012,12,20,-1.11,-5.86,-4.4,6.67,2.67,9.57
US-Pfa,-90.2723,45.9459,2012,12,21,-4.89,-12.88,-9.54,7.23,6.06,0.46
US-Pfa,-90.2723,45.9459,2012,12,22,-6.15,-15.51,-12.57,3.59,5.86,0.05
US-Pfa,-90.2723,45.9459,2012,12,23,-7.17,-11.74,-11.73,3.92,5.88,0.03
US-Pfa,-90.2723,45.9459,2012,12,24,-7.72,-12.09,-11.98,3.23,4.62,0.24
US-Pfa,-90.2723,45.9459,2012,12,25,-8.5,-17,-13.82,3.1,7.08,0.1
US-Pfa,-90.2723,45.9459,2012,12,26,-8.02,-17.03,-13.55,2.62,4.58,0.03
US-Pfa,-90.2723,45.9459,2012,12,27,-4.88,-12.21,-10.13,2.44,4.57,0.1
US-Pfa,-90.2723,45.9459,2012,12,28,-5.6,-9.82,-9.26,1.76,4.38,0.99
US-Pfa,-90.2723,45.9459,2012,12,29,-5.32,-14.1,-10.22,2.57,3.11,0.29
US-Pfa,-90.2723,45.9459,2012,12,30,-8.07,-16.11,-13.35,4.38,6.46,0.04
US-Pfa,-90.2723,45.9459,2012,12,31,-9.94,-13.92,-13.77,5.02,7,0.16
US-Pfa,-90.2723,45.9459,2013,1,1,-11.58,-20.84,-17.26,4.03,7.12,0.08
US-Pfa,-90.2723,45.9459,2013,1,2,-8.88,-14.75,-12.81,3.53,4.69,0.08
US-Pfa,-90.2723,45.9459,2013,1,3,-7.1,-14,-12.17,4.99,3.5,0.06
US-Pfa,-90.2723,45.9459,2013,1,4,-1.79,-12.14,-9.82,4.86,7.64,0.02
US-Pfa,-90.2723,45.9459,2013,1,5,-4.12,-11.99,-9.65,3.43,6.96,0.32
US-Pfa,-90.2723,45.9459,2013,1,6,-4.03,-13.25,-9.24,4.01,6.38,0.09
US-Pfa,-90.2723,45.9459,2013,1,7,-1.53,-11.46,-8.25,7.32,6.02,0.01
US-Pfa,-90.2723,45.9459,2013,1,8,-0.18,-9.45,-5.56,5.03,5.64,0.15
US-Pfa,-90.2723,45.9459,2013,1,9,-1.79,-10.01,-5.95,6.55,7.71,0.03
US-Pfa,-90.2723,45.9459,2013,1,10,0.37,-9.83,-6.05,5.88,6.65,4.29
US-Pfa,-90.2723,45.9459,2013,1,11,1.81,-0.52,0.22,5.68,4.39,1.4
US-Pfa,-90.2723,45.9459,2013,1,12,2.05,-12.95,-8.93,8.13,3.43,0.35
US-Pfa,-90.2723,45.9459,2013,1,13,-11.34,-14.59,-16.5,4.09,4.41,0.45
US-Pfa,-90.2723,45.9459,2013,1,14,-11.24,-20.54,-19.03,4.18,5.91,0.01
US-Pfa,-90.2723,45.9459,2013,1,15,-6.12,-20.15,-14.37,5.71,8.08,0.01
US-Pfa,-90.2723,45.9459,2013,1,16,-3.31,-15.49,-11.89,6.95,2.33,0.93
US-Pfa,-90.2723,45.9459,2013,1,17,-13.19,-21.69,-20.49,4.93,5.79,0.02
US-Pfa,-90.2723,45.9459,2013,1,18,-3.69,-19.45,-11.69,3.65,4.92,3.92
US-Pfa,-90.2723,45.9459,2013,1,19,-0.29,-15.26,-9.84,6.81,4.4,1.8
US-Pfa,-90.2723,45.9459,2013,1,20,-15.22,-19.55,-19.72,6.44,6.87,0.12
US-Pfa,-90.2723,45.9459,2013,1,21,-19.38,-25.09,-25.84,6.98,7.79,0.21
US-Pfa,-90.2723,45.9459,2013,1,22,-19.88,-27.65,-25.46,4.36,7.94,0.09
US-Pfa,-90.2723,45.9459,2013,1,23,-14.56,-26.51,-20.69,5.28,6.54,1.51
US-Pfa,-90.2723,45.9459,2013,1,24,-14.91,-21.32,-19.11,3.21,5.2,1.52
US-Pfa,-90.2723,45.9459,2013,1,25,-10.08,-15.94,-13.99,4.47,5.19,2.69
US-Pfa,-90.2723,45.9459,2013,1,26,-8.35,-16.36,-13.12,3.38,5.95,0.04
US-Pfa,-90.2723,45.9459,2013,1,27,-4.17,-10.11,-7.72,5.41,2.59,7.24
US-Pfa,-90.2723,45.9459,2013,1,28,-0.56,-8.42,-4.6,2.58,5.47,2.84
US-Pfa,-90.2723,45.9459,2013,1,29,0.25,-4.09,-1.97,4.99,2.45,6.1
US-Pfa,-90.2723,45.9459,2013,1,30,-4.29,-12.87,-9.91,7.24,2.2,4.78
US-Pfa,-90.2723,45.9459,2013,1,31,-13.34,-18.7,-16.15,6.24,7.08,1.26
US-Pfa,-90.2723,45.9459,2013,2,1,-19.19,-28.87,-24.66,3.87,10.62,0.12
US-Pfa,-90.2723,45.9459,2013,2,2,-13.33,-26.68,-20.02,2.7,10.64,0.11
US-Pfa,-90.2723,45.9459,2013,2,3,-15.3,-20.27,-18.4,4.34,10.38,0.24
US-Pfa,-90.2723,45.9459,2013,2,4,-13.71,-25.93,-20.46,3.07,10.83,0.5
US-Pfa,-90.2723,45.9459,2013,2,5,-7.75,-21.35,-14.48,4.94,8.35,2.75
US-Pfa,-90.2723,45.9459,2013,2,6,-9.27,-20.76,-14.5,2.6,6.09,2.71
US-Pfa,-90.2723,45.9459,2013,2,7,-5.24,-12.01,-9.61,4.97,7.63,0.53
US-Pfa,-90.2723,45.9459,2013,2,8,-7.3,-17.75,-13.55,3.5,12.24,0.01
US-Pfa,-90.2723,45.9459,2013,2,9,-6.76,-15.66,-11.4,5.61,7.68,0.07
US-Pfa,-90.2723,45.9459,2013,2,10,-1.27,-8.76,-5.24,5.83,2.93,8.79
US-Pfa,-90.2723,45.9459,2013,2,11,-0.15,-10.33,-5.49,5.94,4.08,4.45
US-Pfa,-90.2723,45.9459,2013,2,12,-4.88,-17.38,-10.58,4.81,10.64,0.05
US-Pfa,-90.2723,45.9459,2013,2,13,-0.31,-9.74,-5.67,3.38,10.83,0.59
US-Pfa,-90.2723,45.9459,2013,2,14,-3.5,-13.17,-8.52,5.26,9.81,0.67
US-Pfa,-90.2723,45.9459,2013,2,15,-11.22,-18.46,-16.07,4.6,12.63,0.27
US-Pfa,-90.2723,45.9459,2013,2,16,-12,-22.07,-17.59,2.76,12.52,0.12
US-Pfa,-90.2723,45.9459,2013,2,17,-9.47,-24.38,-16.17,5.59,12.33,0.07
US-Pfa,-90.2723,45.9459,2013,2,18,-0.62,-9.4,-5.96,6.05,10.04,2.15
US-Pfa,-90.2723,45.9459,2013,2,19,-5.58,-16.14,-15.07,9.62,13.46,1.5
US-Pfa,-90.2723,45.9459,2013,2,20,-12.35,-21.95,-16.42,6.31,14.24,0.39
US-Pfa,-90.2723,45.9459,2013,2,21,-6.65,-23.4,-13.63,4.16,14.03,0.25
US-Pfa,-90.2723,45.9459,2013,2,22,-3.92,-10,-8.28,3.92,10.58,6.02
US-Pfa,-90.2723,45.9459,2013,2,23,-2.04,-11.19,-7.57,2.7,10.58,1.66
US-Pfa,-90.2723,45.9459,2013,2,24,-0.34,-10.6,-6.96,1.9,9.21,0.31
US-Pfa,-90.2723,45.9459,2013,2,25,-0.68,-9.15,-6.07,2.44,6.57,0.1
US-Pfa,-90.2723,45.9459,2013,2,26,0.08,-8.82,-4.95,4.7,9.09,0.13
US-Pfa,-90.2723,45.9459,2013,2,27,-0.64,-5.16,-3.58,7.48,7.8,0.54
US-Pfa,-90.2723,45.9459,2013,2,28,-3.34,-8.74,-7.22,7.5,6.56,0.22
US-Pfa,-90.2723,45.9459,2013,3,1,-6.89,-12.65,-10.74,5.26,11.68,0.04
US-Pfa,-90.2723,45.9459,2013,3,2,-6.11,-19.69,-14.03,3.64,16.95,0
US-Pfa,-90.2723,45.9459,2013,3,3,-4.89,-20.38,-14.04,2.63,16.74,0.01
US-Pfa,-90.2723,45.9459,2013,3,4,-3.91,-15.92,-10.53,3.38,11.93,0.1
US-Pfa,-90.2723,45.9459,2013,3,5,-4.26,-10.78,-8.52,4.5,9.26,0.2
US-Pfa,-90.2723,45.9459,2013,3,6,-5.58,-10.9,-8.86,3.83,16.15,0.11
US-Pfa,-90.2723,45.9459,2013,3,7,-2.33,-13.96,-9.94,2.35,15.85,0.01
US-Pfa,-90.2723,45.9459,2013,3,8,-0.48,-11.59,-6.17,4.94,15.76,0.03
US-Pfa,-90.2723,45.9459,2013,3,9,0.29,-4,-1.88,6.25,5,8.6
US-Pfa,-90.2723,45.9459,2013,3,10,0.12,-3.88,-2.11,5.69,5.89,6.69
US-Pfa,-90.2723,45.9459,2013,3,11,-3.71,-8.44,-6.35,6.81,5,6.02
US-Pfa,-90.2723,45.9459,2013,3,12,-7.16,-9.36,-9.57,5.13,10.89,2.2
US-Pfa,-90.2723,45.9459,2013,3,13,-4.44,-15.14,-11,4.87,18.89,0
US-Pfa,-90.2723,45.9459,2013,3,14,-1.49,-14.59,-7.27,3.8,12.64,0.06
US-Pfa,-90.2723,45.9459,2013,3,15,-3.33,-11.75,-7.26,4.39,12,5.01
US-Pfa,-90.2723,45.9459,2013,3,16,-7.24,-18.2,-12.94,4.05,17.48,0.53
US-Pfa,-90.2723,45.9459,2013,3,17,-8.3,-24.56,-16.02,4.36,18.89,0.02
US-Pfa,-90.2723,45.9459,2013,3,18,-3.07,-13.98,-8.67,5.83,9.39,5.47
US-Pfa,-90.2723,45.9459,2013,3,19,-8.15,-11.66,-11.38,8.59,19.22,1.91
US-Pfa,-90.2723,45.9459,2013,3,20,-10.19,-16.04,-13.8,5.75,16.91,0.89
US-Pfa,-90.2723,45.9459,2013,3,21,-5.6,-17.53,-12.42,3.81,20.3,0.08
US-Pfa,-90.2723,45.9459,2013,3,22,-1.78,-15.22,-9.11,2.76,19.84,0.08
US-Pfa,-90.2723,45.9459,2013,3,23,-1.27,-12.49,-7.89,2.11,18.95,0.07
US-Pfa,-90.2723,45.9459,2013,3,24,-1.9,-8.43,-6.47,4.27,9.88,0.15
US-Pfa,-90.2723,45.9459,2013,3,25,-2.04,-8.43,-5.83,4.95,14.38,0.15
US-Pfa,-90.2723,45.9459,2013,3,26,-0.01,-9.53,-5.6,3.27,11.79,0.06
US-Pfa,-90.2723,45.9459,2013,3,27,0.2,-9.21,-4.66,2.64,19.6,0.04
US-Pfa,-90.2723,45.9459,2013,3,28,0.66,-11.21,-6.34,2.26,21.41,0
US-Pfa,-90.2723,45.9459,2013,3,29,0.87,-8.58,-6.05,2.92,18.31,0.01
US-Pfa,-90.2723,45.9459,2013,3,30,1.4,-3.55,-1.28,4.86,6.12,9.11
US-Pfa,-90.2723,45.9459,2013,3,31,0.62,-7.52,-5.08,5.92,14.09,0.72
US-Pfa,-90.2723,45.9459,2013,4,1,-2.84,-10.24,-10.18,5.82,23.39,0.06
US-Pfa,-90.2723,45.9459,2013,4,2,-0.78,-10.17,-9.18,4.51,23.54,0.01
US-Pfa,-90.2723,45.9459,2013,4,3,2.06,-11.74,-8.5,4.4,23.16,0.02
US-Pfa,-90.2723,45.9459,2013,4,4,5.95,-4.04,-3.55,5.92,21.48,0.03
US-Pfa,-90.2723,45.9459,2013,4,5,4.54,-6.91,-7.45,2.23,17.91,0.67
US-Pfa,-90.2723,45.9459,2013,4,6,6.75,-2.09,-0.72,6.01,14.66,11.21
US-Pfa,-90.2723,45.9459,2013,4,7,7.46,-1.8,-1.28,3.76,10.45,0.72
US-Pfa,-90.2723,45.9459,2013,4,8,4.06,-0.83,0.29,2.64,5.63,15.45
US-Pfa,-90.2723,45.9459,2013,4,9,3.14,-2.79,-2.26,4.88,8.47,1.1
US-Pfa,-90.2723,45.9459,2013,4,10,5.02,-2.49,-5.12,5.8,8.56,0.2
US-Pfa,-90.2723,45.9459,2013,4,11,2.65,-2.61,-4.47,8.36,6.36,7.63
US-Pfa,-90.2723,45.9459,2013,4,12,-0.64,-5.06,-5.38,4.56,11.5,6.04
US-Pfa,-90.2723,45.9459,2013,4,13,0.65,-5.55,-5.18,3.98,14.33,1.85
US-Pfa,-90.2723,45.9459,2013,4,14,2.09,-5.53,-4.19,5.1,10.11,20.17
US-Pfa,-90.2723,45.9459,2013,4,15,1.6,-1.95,-0.89,6.06,11.23,4.12
US-Pfa,-90.2723,45.9459,2013,4,16,4.25,-2.97,-2.28,4.13,14.74,0.04
US-Pfa,-90.2723,45.9459,2013,4,17,6.28,-3.14,-1.27,3.9,7.98,2.2
US-Pfa,-90.2723,45.9459,2013,4,18,3.68,-1.01,-0.71,5.22,9.24,17.34
US-Pfa,-90.2723,45.9459,2013,4,19,-1.32,-7.73,-5.94,8.07,13.36,7.36
US-Pfa,-90.2723,45.9459,2013,4,20,-1.18,-8.91,-8.32,3.52,24.82,0.03
US-Pfa,-90.2723,45.9459,2013,4,21,3.67,-6.46,-2.57,7.13,7.18,4.8
US-Pfa,-90.2723,45.9459,2013,4,22,9.44,-0.74,0.68,3.67,9.8,14.15
US-Pfa,-90.2723,45.9459,2013,4,23,1.27,-5.65,-2.75,5.12,13.5,8.68
US-Pfa,-90.2723,45.9459,2013,4,24,5.59,-6.19,-3.24,3.68,20.96,1.37
US-Pfa,-90.2723,45.9459,2013,4,25,7.36,-2.27,-1.89,4.03,22.33,0.65
US-Pfa,-90.2723,45.9459,2013,4,26,16.93,-1.11,3.63,5.06,24.33,1.62
US-Pfa,-90.2723,45.9459,2013,4,27,18.87,1.62,6.82,3.72,23.07,0.02
US-Pfa,-90.2723,45.9459,2013,4,28,18.29,5.34,7.37,4.61,23.14,7.13
US-Pfa,-90.2723,45.9459,2013,4,29,20.45,6.39,8.36,3.13,21.84,2.96
US-Pfa,-90.2723,45.9459,2013,4,30,22.02,9.69,11.72,5.61,20.46,4.13
US-Pfa,-90.2723,45.9459,2013,5,1,9.21,0.7,2.26,4.24,8.45,5.45
US-Pfa,-90.2723,45.9459,2013,5,2,0.54,-3.04,-1.99,6.78,5.5,17.93
US-Pfa,-90.2723,45.9459,2013,5,3,0.08,-2.95,-1.87,5.44,7.1,10.25
US-Pfa,-90.2723,45.9459,2013,5,4,7.68,-1.04,1.89,3.44,14.89,2.07
US-Pfa,-90.2723,45.9459,2013,5,5,17.64,0.76,5.89,2.71,22.03,0.03
US-Pfa,-90.2723,45.9459,2013,5,6,22.04,5.15,6.86,1.44,25.72,0.02
US-Pfa,-90.2723,45.9459,2013,5,7,22.57,6.69,5.96,3.26,21.05,0
US-Pfa,-90.2723,45.9459,2013,5,8,22.61,7.57,9.09,2.25,18.58,0.1
US-Pfa,-90.2723,45.9459,2013,5,9,10.45,1.33,5.11,5.55,5.73,10.28
US-Pfa,-90.2723,45.9459,2013,5,10,15.25,-2.65,-0.59,3.34,28.69,0.16
US-Pfa,-90.2723,45.9459,2013,5,11,6.38,-0.18,-0.68,6.9,18.12,1.31
US-Pfa,-90.2723,45.9459,2013,5,12,6.75,-2.74,-4.76,5.13,29.55,0.33
US-Pfa,-90.2723,45.9459,2013,5,13,11.27,-2.41,-1.4,3.62,18.77,0.2
US-Pfa,-90.2723,45.9459,2013,5,14,20.51,2.8,8.98,3.8,21.48,0.65
US-Pfa,-90.2723,45.9459,2013,5,15,20.88,8.83,7.94,5.31,26.53,0
US-Pfa,-90.2723,45.9459,2013,5,16,20.06,5.59,4.98,3.46,27.48,0.02
US-Pfa,-90.2723,45.9459,2013,5,17,19.63,5.96,8.17,3.8,16.08,1.55
US-Pfa,-90.2723,45.9459,2013,5,18,20.8,7.61,12.39,4.38,14.38,9.87
US-Pfa,-90.2723,45.9459,2013,5,19,23.97,12.98,16.37,4.39,17.24,14.94
US-Pfa,-90.2723,45.9459,2013,5,20,22.09,12.74,14.73,4.77,16.19,10.83
US-Pfa,-90.2723,45.9459,2013,5,21,21.62,6.55,12.46,3.23,12.59,7.71
US-Pfa,-90.2723,45.9459,2013,5,22,11.13,5.37,6.53,5.46,9.54,6.16
US-Pfa,-90.2723,45.9459,2013,5,23,10.62,1.16,-0.25,5.75,31.21,0.08
US-Pfa,-90.2723,45.9459,2013,5,24,16.59,-0.01,2.08,2.03,29.69,0
US-Pfa,-90.2723,45.9459,2013,5,25,18.04,6.53,5.94,3.27,17.69,0
US-Pfa,-90.2723,45.9459,2013,5,26,18.74,4.73,4.01,3.81,21.41,0
US-Pfa,-90.2723,45.9459,2013,5,27,16.76,4.22,4.68,4.85,10.11,0.01
US-Pfa,-90.2723,45.9459,2013,5,28,16.71,6.75,9.43,2.7,7.51,1.24
US-Pfa,-90.2723,45.9459,2013,5,29,23.31,10.37,15.04,3.56,17.99,12.89
US-Pfa,-90.2723,45.9459,2013,5,30,24.01,17.16,18.63,6.58,15.49,11.28
US-Pfa,-90.2723,45.9459,2013,5,31,21.79,12.81,15.03,5.92,23.3,10.63
US-Pfa,-90.2723,45.9459,2013,6,1,19.38,4.39,10.68,3.94,13.41,3.19
US-Pfa,-90.2723,45.9459,2013,6,2,13.39,2.9,2.71,4.52,25.27,0.49
US-Pfa,-90.2723,45.9459,2013,6,3,17.49,5.05,4.05,2.53,26.45,0
US-Pfa,-90.2723,45.9459,2013,6,4,16.37,4.93,7.26,2.74,8.67,1.29
US-Pfa,-90.2723,45.9459,2013,6,5,13.05,8.19,9.32,3.86,5.4,20.27
US-Pfa,-90.2723,45.9459,2013,6,6,14.08,7.35,8.95,2.72,6.12,2.97
US-Pfa,-90.2723,45.9459,2013,6,7,18.31,6.62,8.5,1.83,20.11,1.05
US-Pfa,-90.2723,45.9459,2013,6,8,16.93,9.29,10.39,3.18,21.53,1.62
US-Pfa,-90.2723,45.9459,2013,6,9,18.71,7.36,10.56,4.5,7.66,1.52
US-Pfa,-90.2723,45.9459,2013,6,10,22.56,10.88,14.32,2.5,22.88,0.5
US-Pfa,-90.2723,45.9459,2013,6,11,21.91,12.55,13.4,2.62,19.89,0.05
US-Pfa,-90.2723,45.9459,2013,6,12,23.8,8.98,11.36,1.81,12.56,1.08
US-Pfa,-90.2723,45.9459,2013,6,13,18.65,7.99,9.82,4.31,30.66,0.08
US-Pfa,-90.2723,45.9459,2013,6,14,21.8,5.95,10.06,2.72,25.57,0.2
US-Pfa,-90.2723,45.9459,2013,6,15,21.93,13.06,15.7,3.45,8.26,14.35
US-Pfa,-90.2723,45.9459,2013,6,16,22.91,11.62,13.56,3.98,28.11,5.71
US-Pfa,-90.2723,45.9459,2013,6,17,19.49,6.48,11.1,3.09,25.72,1.04
US-Pfa,-90.2723,45.9459,2013,6,18,20.14,4.24,6.43,2.78,30.9,0
US-Pfa,-90.2723,45.9459,2013,6,19,21.74,7.22,11.03,3.52,27.04,0.03
US-Pfa,-90.2723,45.9459,2013,6,20,22.9,13.7,17.25,3.63,17.38,27.62
US-Pfa,-90.2723,45.9459,2013,6,21,24.79,10.01,16.09,4.91,11.08,9.91
US-Pfa,-90.2723,45.9459,2013,6,22,24.21,10.01,15.87,3.24,12,2.5
US-Pfa,-90.2723,45.9459,2013,6,23,24.73,15.86,18.98,4.45,21.09,3.57
US-Pfa,-90.2723,45.9459,2013,6,24,25.82,15.18,17.11,2.7,21.11,0.12
US-Pfa,-90.2723,45.9459,2013,6,25,24.47,16.97,18.57,2.24,25.16,0.27
US-Pfa,-90.2723,45.9459,2013,6,26,24.44,18.01,20.51,3.77,15.8,12.95
US-Pfa,-90.2723,45.9459,2013,6,27,25.46,15.53,17.35,3.6,25.27,6.59
US-Pfa,-90.2723,45.9459,2013,6,28,20.75,12.04,14.39,4.28,14.87,2.01
US-Pfa,-90.2723,45.9459,2013,6,29,16.33,8.49,10.38,4.15,17.51,2.36
US-Pfa,-90.2723,45.9459,2013,6,30,23.11,7.37,10.18,3.05,27.28,0
US-Pfa,-90.2723,45.9459,2013,7,1,23.5,11.55,11.65,3.15,26.3,0
US-Pfa,-90.2723,45.9459,2013,7,2,23,10.1,12.09,1.97,29.85,0.01
US-Pfa,-90.2723,45.9459,2013,7,3,24.02,10.08,12.69,2.4,28.44,0
US-Pfa,-90.2723,45.9459,2013,7,4,24.76,13.1,15.49,4.1,27.67,0.05
US-Pfa,-90.2723,45.9459,2013,7,5,26.2,15.49,17.02,5.74,27.69,0.25
US-Pfa,-90.2723,45.9459,2013,7,6,27.01,17.56,19.36,4.68,23.31,14.11
US-Pfa,-90.2723,45.9459,2013,7,7,27.6,19.16,20.75,2.36,18.85,16.8
US-Pfa,-90.2723,45.9459,2013,7,8,24.06,16.12,18,2.6,21.6,0.26
US-Pfa,-90.2723,45.9459,2013,7,9,25.1,16.02,19.38,5.34,11.93,12.8
US-Pfa,-90.2723,45.9459,2013,7,10,20.47,12.91,13.17,5.01,25.86,0.32
US-Pfa,-90.2723,45.9459,2013,7,11,24.49,10.68,13.31,2.17,29.24,0
US-Pfa,-90.2723,45.9459,2013,7,12,24.68,14.17,15.67,5.33,28.42,0.01
US-Pfa,-90.2723,45.9459,2013,7,13,24.12,16.27,16.59,4.8,19.79,0.9
US-Pfa,-90.2723,45.9459,2013,7,14,26.38,17.31,18.26,3.99,24.53,0.23
US-Pfa,-90.2723,45.9459,2013,7,15,27.58,17.92,19.3,2.76,25.61,0.26
US-Pfa,-90.2723,45.9459,2013,7,16,28.51,19.89,21.92,3.73,25.17,0.7
US-Pfa,-90.2723,45.9459,2013,7,17,29.65,20.09,21.18,3.56,25.72,1.62
US-Pfa,-90.2723,45.9459,2013,7,18,28.94,20.7,22.17,5.32,26.1,4.98
US-Pfa,-90.2723,45.9459,2013,7,19,25.22,17.48,17.96,5.3,27.09,2.59
US-Pfa,-90.2723,45.9459,2013,7,20,20.21,9.73,10.09,3.13,20.61,0.01
US-Pfa,-90.2723,45.9459,2013,7,21,20.76,8.9,12.9,3.05,17.41,0.43
US-Pfa,-90.2723,45.9459,2013,7,22,24.25,14.08,17.1,5.29,19.45,4.49
US-Pfa,-90.2723,45.9459,2013,7,23,18.45,10.92,9.81,4.19,25.24,0.08
US-Pfa,-90.2723,45.9459,2013,7,24,19.99,9.88,10.87,2.44,17.72,0.23
US-Pfa,-90.2723,45.9459,2013,7,25,23.17,11.94,14.77,3.6,19.94,9.64
US-Pfa,-90.2723,45.9459,2013,7,26,20.24,7.66,11.31,3.87,20.63,2.07
US-Pfa,-90.2723,45.9459,2013,7,27,10.84,7.02,6.65,3.87,10.57,2.31
US-Pfa,-90.2723,45.9459,2013,7,28,12.59,7.03,8.65,4.42,13.45,1.69
US-Pfa,-90.2723,45.9459,2013,7,29,20.35,7.71,10.43,1.82,25.11,2.22
US-Pfa,-90.2723,45.9459,2013,7,30,20.42,11.83,13.63,3.41,9.39,0.41
US-Pfa,-90.2723,45.9459,2013,7,31,22.51,12.36,13.9,3.89,17.7,2.28
US-Pfa,-90.2723,45.9459,2013,8,1,21.01,10.46,11.4,3.56,23.59,2.4
US-Pfa,-90.2723,45.9459,2013,8,2,20.95,10.21,11.53,3.71,23.68,0.17
US-Pfa,-90.2723,45.9459,2013,8,3,20.29,10.02,11.1,3.61,21.66,0.04
US-Pfa,-90.2723,45.9459,2013,8,4,20.69,9.69,10.36,1.49,19.18,0.29
US-Pfa,-90.2723,45.9459,2013,8,5,21.81,10.66,14.27,3.21,9.81,12.67
US-Pfa,-90.2723,45.9459,2013,8,6,22.04,13.55,14.71,2.79,19.37,7.67
US-Pfa,-90.2723,45.9459,2013,8,7,19.78,11.07,12.26,3.68,22.37,1.22
US-Pfa,-90.2723,45.9459,2013,8,8,21.05,10.8,11.22,2.53,20.35,0.4
US-Pfa,-90.2723,45.9459,2013,8,9,20.61,9.64,11,3.72,22.42,0.25
US-Pfa,-90.2723,45.9459,2013,8,10,21.5,10.72,11.39,1.97,16.72,0.03
US-Pfa,-90.2723,45.9459,2013,8,11,21.58,10.82,12.42,2.13,19.6,0.2
US-Pfa,-90.2723,45.9459,2013,8,12,21.88,9.61,11.85,3.61,21.28,0.18
US-Pfa,-90.2723,45.9459,2013,8,13,17.72,8.4,8,3.35,19.3,0.07
US-Pfa,-90.2723,45.9459,2013,8,14,18.69,6.16,7.66,2.6,21.21,0.01
US-Pfa,-90.2723,45.9459,2013,8,15,22.65,8.4,10.19,2.56,21.01,0
US-Pfa,-90.2723,45.9459,2013,8,16,24.63,10.83,11.51,2.29,21.53,0
US-Pfa,-90.2723,45.9459,2013,8,17,24.48,12.24,12.93,3.53,24.73,0
US-Pfa,-90.2723,45.9459,2013,8,18,24,12.1,13.38,4.03,23.42,0
US-Pfa,-90.2723,45.9459,2013,8,19,25.85,13.15,15.77,4.29,16.65,0.11
US-Pfa,-90.2723,45.9459,2013,8,20,28.01,17.29,19.1,5,20.13,0.17
US-Pfa,-90.2723,45.9459,2013,8,21,27.77,15.74,19.8,4.21,14.12,8.77
US-Pfa,-90.2723,45.9459,2013,8,22,23.9,12.88,11.27,2.83,23.63,0.17
US-Pfa,-90.2723,45.9459,2013,8,23,24.47,10.25,12.61,2.85,23.94,0.02
US-Pfa,-90.2723,45.9459,2013,8,24,26.39,15.65,17.08,6.06,16.96,0.08
US-Pfa,-90.2723,45.9459,2013,8,25,28.76,20.57,21.91,6.04,21.59,25.8
US-Pfa,-90.2723,45.9459,2013,8,26,28.84,20.68,22.57,2.76,15.48,26.09
US-Pfa,-90.2723,45.9459,2013,8,27,27.76,18.26,21.17,2.88,13.26,9.21
US-Pfa,-90.2723,45.9459,2013,8,28,27.59,16.66,18.17,1.67,17.64,0.03
US-Pfa,-90.2723,45.9459,2013,8,29,25.61,17.93,20.34,3.43,15.25,7.97
US-Pfa,-90.2723,45.9459,2013,8,30,22.71,14.34,17.7,4.61,17.37,12.82
US-Pfa,-90.2723,45.9459,2013,8,31,24.04,13.26,16.1,2.52,21.68,0.13
US-Pfa,-90.2723,45.9459,2013,9,1,22.79,12.38,15.57,4.69,14.29,3.44
US-Pfa,-90.2723,45.9459,2013,9,2,16.78,8.32,9.06,4.07,16.04,0.29
US-Pfa,-90.2723,45.9459,2013,9,3,21.57,7.01,10.05,3.4,22.55,0.02
US-Pfa,-90.2723,45.9459,2013,9,4,21.08,9.83,10.57,3.14,17.57,0.01
US-Pfa,-90.2723,45.9459,2013,9,5,21.68,8.13,9.28,1.99,21.38,0
US-Pfa,-90.2723,45.9459,2013,9,6,26.62,10.99,15,4.72,17.13,0.19
US-Pfa,-90.2723,45.9459,2013,9,7,27.23,12.89,16.46,3.89,18.25,0.01
US-Pfa,-90.2723,45.9459,2013,9,8,21.44,10.62,10.53,3.58,11.36,0.61
US-Pfa,-90.2723,45.9459,2013,9,9,26.02,14.09,18.07,4.18,10.81,2.97
US-Pfa,-90.2723,45.9459,2013,9,10,23.45,17.09,17.73,3.88,11.36,1.6
US-Pfa,-90.2723,45.9459,2013,9,11,25.15,13.75,14.57,3.68,18.45,0.19
US-Pfa,-90.2723,45.9459,2013,9,12,16.49,5.97,8.43,4.39,16,0.24
US-Pfa,-90.2723,45.9459,2013,9,13,17.45,4.59,6.02,2.08,20.09,0
US-Pfa,-90.2723,45.9459,2013,9,14,20.23,6.09,7.62,4.03,15.76,5.28
US-Pfa,-90.2723,45.9459,2013,9,15,13.25,3,7.95,3.54,9.04,2.76
US-Pfa,-90.2723,45.9459,2013,9,16,16.71,2.27,4.11,1.84,21.07,0.01
US-Pfa,-90.2723,45.9459,2013,9,17,18.52,4.35,7.15,5.11,18.25,0.27
US-Pfa,-90.2723,45.9459,2013,9,18,22.03,11.86,15.55,4.82,4.33,2.36
US-Pfa,-90.2723,45.9459,2013,9,19,24.34,15.46,18.62,4.82,6.2,10.23
US-Pfa,-90.2723,45.9459,2013,9,20,17.24,8.5,11.14,4.15,9.98,1.62
US-Pfa,-90.2723,45.9459,2013,9,21,13.05,2.89,4.23,3.8,16.39,0.55
US-Pfa,-90.2723,45.9459,2013,9,22,15.33,2.01,3.58,2.55,19.44,0.06
US-Pfa,-90.2723,45.9459,2013,9,23,17.77,5.36,6.52,4.71,18.47,0
US-Pfa,-90.2723,45.9459,2013,9,24,20.24,7.58,9.19,2.93,18.79,0.01
US-Pfa,-90.2723,45.9459,2013,9,25,20.78,8.8,9.82,2.3,18.11,0.03
US-Pfa,-90.2723,45.9459,2013,9,26,20.36,7.98,9.59,4.14,17.64,0.03
US-Pfa,-90.2723,45.9459,2013,9,27,23.85,10.23,11.79,6.41,13.37,0
US-Pfa,-90.2723,45.9459,2013,9,28,21.9,8.24,11.25,7.36,5.69,8.39
US-Pfa,-90.2723,45.9459,2013,9,29,18.97,6.43,6.59,3.94,17.75,0
US-Pfa,-90.2723,45.9459,2013,9,30,19.81,9.13,7.71,6.94,14.71,0.01
US-Pfa,-90.2723,45.9459,2013,10,1,20.94,8.26,7.16,4.96,17.28,0
US-Pfa,-90.2723,45.9459,2013,10,2,20.87,5.61,4.89,2.54,16.53,7.4
US-Pfa,-90.2723,45.9459,2013,10,3,13.82,9.38,10.11,3.43,5.42,11.62
US-Pfa,-90.2723,45.9459,2013,10,4,16.85,9.08,10.22,4.74,3.97,7.96
US-Pfa,-90.2723,45.9459,2013,10,5,14.33,8.31,9.98,5.05,2.97,34.46
US-Pfa,-90.2723,45.9459,2013,10,6,13.83,6.54,7.62,3.18,11.63,2.58
US-Pfa,-90.2723,45.9459,2013,10,7,13.52,4.46,4.58,3.97,15.69,0.2
US-Pfa,-90.2723,45.9459,2013,10,8,19.42,4.18,6.56,6.28,14.69,0
US-Pfa,-90.2723,45.9459,2013,10,9,19.34,9.44,9.67,5.23,14.54,0
US-Pfa,-90.2723,45.9459,2013,10,10,18.6,6.43,8.33,3.73,13.07,0
US-Pfa,-90.2723,45.9459,2013,10,11,20.53,9.34,11.03,6.55,12.88,0.03
US-Pfa,-90.2723,45.9459,2013,10,12,15.45,6.74,7.21,6.66,9.96,0.07
US-Pfa,-90.2723,45.9459,2013,10,13,12.54,4.09,1.83,3.24,14.91,0.03
US-Pfa,-90.2723,45.9459,2013,10,14,12.49,4.43,1.92,2.64,8.2,0.14
US-Pfa,-90.2723,45.9459,2013,10,15,12.71,6.38,8.37,3.67,2.34,26.91
US-Pfa,-90.2723,45.9459,2013,10,16,10.11,0.86,3.48,4.07,4.19,1.66
US-Pfa,-90.2723,45.9459,2013,10,17,8.85,0.58,2.77,2.72,8.23,3.22
US-Pfa,-90.2723,45.9459,2013,10,18,7.75,1.09,1.82,3.46,8.36,4.13
US-Pfa,-90.2723,45.9459,2013,10,19,7.02,-0.14,0.51,2.96,6.19,2.96
US-Pfa,-90.2723,45.9459,2013,10,20,5.59,0.05,0.05,2.56,3.63,7.91
US-Pfa,-90.2723,45.9459,2013,10,21,1.12,-2.66,-3.57,6.09,5.77,2.5
US-Pfa,-90.2723,45.9459,2013,10,22,3.5,-4.21,-3.18,3.95,7.07,0.96
US-Pfa,-90.2723,45.9459,2013,10,23,1.34,-3.95,-4.02,3.65,6.05,1.29
US-Pfa,-90.2723,45.9459,2013,10,24,2.88,-3.17,-2.97,3.94,6.57,1.28
US-Pfa,-90.2723,45.9459,2013,10,25,6.37,-3.79,-0.92,5.77,6.56,0.85
US-Pfa,-90.2723,45.9459,2013,10,26,5.03,-1.12,-0.97,5.09,7.63,0.43
US-Pfa,-90.2723,45.9459,2013,10,27,9.05,-2.94,-1.44,5.1,10.03,0.11
US-Pfa,-90.2723,45.9459,2013,10,28,3.81,-4.74,-6.16,3.51,12.15,0.04
US-Pfa,-90.2723,45.9459,2013,10,29,2.83,-3.68,-3.16,2.5,3.65,1.43
US-Pfa,-90.2723,45.9459,2013,10,30,7.48,0.38,4.11,2.98,2.73,3.32
US-Pfa,-90.2723,45.9459,2013,10,31,9,4.84,6.21,2.34,2.84,5.76
US-Pfa,-90.2723,45.9459,2013,11,1,6.11,1.49,2.76,3.71,3.28,2.49
US-Pfa,-90.2723,45.9459,2013,11,2,5.28,-0.34,0.96,2.54,6.14,1.28
US-Pfa,-90.2723,45.9459,2013,11,3,7.1,-0.64,0.14,5.37,9.26,0.28
US-Pfa,-90.2723,45.9459,2013,11,4,6.12,2.53,3.35,7.9,2.38,4.18
US-Pfa,-90.2723,45.9459,2013,11,5,7.13,-2.02,-0.73,3.03,6.87,10.96
US-Pfa,-90.2723,45.9459,2013,11,6,1.3,-8.32,-3.73,4.89,7.79,2.17
US-Pfa,-90.2723,45.9459,2013,11,7,0.26,-8.24,-6.71,3.63,7.09,0.12
US-Pfa,-90.2723,45.9459,2013,11,8,1.14,-8.07,-5.05,4.39,5.09,4.19
US-Pfa,-90.2723,45.9459,2013,11,9,1.97,-0.5,-0.03,6.68,1.95,1.53
US-Pfa,-90.2723,45.9459,2013,11,10,2.54,-1.81,-2.34,5.24,7.74,1.8
US-Pfa,-90.2723,45.9459,2013,11,11,-1.23,-7.5,-9.91,6.48,9.67,0.5
US-Pfa,-90.2723,45.9459,2013,11,12,-4.58,-12.85,-13.63,4.65,9.36,0.01
US-Pfa,-90.2723,45.9459,2013,11,13,3.17,-10.68,-6.4,6.76,9.48,0
US-Pfa,-90.2723,45.9459,2013,11,14,2.65,-1.81,-1.14,3.26,3.82,0.02
US-Pfa,-90.2723,45.9459,2013,11,15,6.81,-1.41,0.5,3.63,8.95,0.04
US-Pfa,-90.2723,45.9459,2013,11,16,6.99,0.37,3,6.21,1.31,15.49
US-Pfa,-90.2723,45.9459,2013,11,17,6.27,-1.63,1.27,5.83,1.31,2.51
US-Pfa,-90.2723,45.9459,2013,11,18,-1.16,-5.93,-6.98,7.21,4.09,0.1
US-Pfa,-90.2723,45.9459,2013,11,19,1.4,-6.03,-6.35,5,7.94,0
US-Pfa,-90.2723,45.9459,2013,11,20,2.4,-0.86,-2.18,7.2,2.43,4.63
US-Pfa,-90.2723,45.9459,2013,11,21,1.61,-3.48,-2.61,4.14,1.61,2.44
US-Pfa,-90.2723,45.9459,2013,11,22,-2.02,-9.94,-10.09,5.12,8.47,0.72
US-Pfa,-90.2723,45.9459,2013,11,23,-10.09,-13.94,-16.13,6.59,6.84,0.9
US-Pfa,-90.2723,45.9459,2013,11,24,-7.09,-16.41,-15.01,6.24,5.23,0.03
US-Pfa,-90.2723,45.9459,2013,11,25,1.86,-7.51,-5.71,6.97,4.52,0.34
US-Pfa,-90.2723,45.9459,2013,11,26,-5.17,-10.63,-12.46,5.83,5.49,1.06
US-Pfa,-90.2723,45.9459,2013,11,27,-5.55,-10.35,-11.05,2.99,5.78,1.13
US-Pfa,-90.2723,45.9459,2013,11,28,-4.78,-11.33,-10.2,2.71,4.67,2.23
US-Pfa,-90.2723,45.9459,2013,11,29,-5.78,-11.49,-9.75,3.71,4.51,0.06
US-Pfa,-90.2723,45.9459,2013,11,30,0.5,-6.79,-5.35,3.17,5.06,0.04
US-Pfa,-90.2723,45.9459,2013,12,1,0.56,-7.02,-5.32,1.62,4.47,0.04
US-Pfa,-90.2723,45.9459,2013,12,2,-0.27,-7.16,-4.59,3.69,2.83,3.5
US-Pfa,-90.2723,45.9459,2013,12,3,-1.11,-6.38,-4.14,5.38,1.33,6.28
US-Pfa,-90.2723,45.9459,2013,12,4,0.18,-6.95,-4.42,5.71,0.89,16.42
US-Pfa,-90.2723,45.9459,2013,12,5,-3.74,-17.46,-14.39,7.94,5.82,0.4
US-Pfa,-90.2723,45.9459,2013,12,6,-17.81,-23.03,-20.32,4.27,7.87,0.12
US-Pfa,-90.2723,45.9459,2013,12,7,-20.98,-27.22,-24.44,3.62,7.79,0.04
US-Pfa,-90.2723,45.9459,2013,12,8,-14.27,-27.62,-20.37,2.09,4.74,1.54
US-Pfa,-90.2723,45.9459,2013,12,9,-16.11,-26.43,-20.43,4.74,5.43,0.6
US-Pfa,-90.2723,45.9459,2013,12,10,-16.45,-26.59,-21.22,3.92,6.98,0.5
US-Pfa,-90.2723,45.9459,2013,12,11,-21.92,-27.41,-24.18,4.05,7.7,0.09
US-Pfa,-90.2723,45.9459,2013,12,12,-15.37,-26.06,-20.15,3.41,6.13,0.65
US-Pfa,-90.2723,45.9459,2013,12,13,-14.37,-20.34,-17.42,2.97,4.55,0.22
US-Pfa,-90.2723,45.9459,2013,12,14,-11.27,-19.7,-15.59,2.69,4.42,1.55
US-Pfa,-90.2723,45.9459,2013,12,15,-16.16,-21.42,-18.49,4.93,7.26,0.26
US-Pfa,-90.2723,45.9459,2013,12,16,-15.03,-23.05,-19.28,3.59,2.73,2.25
US-Pfa,-90.2723,45.9459,2013,12,17,-4.71,-17.81,-11.17,5.31,3.47,0.98
US-Pfa,-90.2723,45.9459,2013,12,18,-7.16,-22.23,-14.53,3.4,5.69,0.03
US-Pfa,-90.2723,45.9459,2013,12,19,-8.81,-11.84,-11.01,4.59,4.18,1.47
US-Pfa,-90.2723,45.9459,2013,12,20,-7.56,-12.65,-11.31,2.58,3.94,0.74
US-Pfa,-90.2723,45.9459,2013,12,21,-6.78,-14.87,-11.59,1.85,3.6,0.29
US-Pfa,-90.2723,45.9459,2013,12,22,-7.05,-10.61,-10,3.27,3.7,2.31
US-Pfa,-90.2723,45.9459,2013,12,23,-9.56,-16.4,-12.82,2.69,4.67,1.14
US-Pfa,-90.2723,45.9459,2013,12,24,-14.37,-21.57,-17.21,3.87,4.97,2.75
US-Pfa,-90.2723,45.9459,2013,12,25,-9.96,-16.77,-14.65,3.8,3.78,2.69
US-Pfa,-90.2723,45.9459,2013,12,26,-12.43,-23.34,-18.43,1.79,3.11,0.01
US-Pfa,-90.2723,45.9459,2013,12,27,-2.19,-21.03,-9.14,5.35,3.17,0.19
US-Pfa,-90.2723,45.9459,2013,12,28,-0.15,-8.31,-5.08,3.34,4.86,1.06
US-Pfa,-90.2723,45.9459,2013,12,29,-8.76,-27.51,-16.86,6.4,6.21,0.32
US-Pfa,-90.2723,45.9459,2013,12,30,-21.61,-34.12,-27.46,2.31,6.42,0.09
US-Pfa,-90.2723,45.9459,2013,12,31,-22.71,-28.52,-25.95,3.54,6.7,0.09
US-Pfa,-90.2723,45.9459,2014,1,1,-16.2,-24.06,-19.4,2.27,5.68,0.16
US-Pfa,-90.2723,45.9459,2014,1,2,-14.61,-23.79,-18.76,2.81,7.46,0.1
US-Pfa,-90.2723,45.9459,2014,1,3,-9.35,-25.83,-18.52,8.18,5.35,2.85
US-Pfa,-90.2723,45.9459,2014,1,4,-5.25,-25.88,-13.55,6.26,6.95,2.48
US-Pfa,-90.2723,45.9459,2014,1,5,-22.44,-29.54,-26.04,4.2,7.5,0.15
US-Pfa,-90.2723,45.9459,2014,1,6,-28.68,-34.43,-31.09,5.97,7.6,0.23
US-Pfa,-90.2723,45.9459,2014,1,7,-22.96,-35,-29.1,4.4,7.43,0.02
US-Pfa,-90.2723,45.9459,2014,1,8,-20.49,-31.67,-27.34,3.13,7.91,0.01
US-Pfa,-90.2723,45.9459,2014,1,9,-12.12,-30.55,-20.99,5.91,6.71,0.02
US-Pfa,-90.2723,45.9459,2014,1,10,-4.41,-11.7,-8.33,5.05,4.52,2.15
US-Pfa,-90.2723,45.9459,2014,1,11,-3.47,-10.64,-6.86,4.16,2.82,1.88
US-Pfa,-90.2723,45.9459,2014,1,12,0.03,-11.31,-5.41,5.93,4.85,0.07
US-Pfa,-90.2723,45.9459,2014,1,13,-2.49,-17.06,-8.37,4.28,6.25,0.04
US-Pfa,-90.2723,45.9459,2014,1,14,-8.74,-15.19,-12.78,5.52,5.04,1.95
US-Pfa,-90.2723,45.9459,2014,1,15,-13.85,-21.43,-17.54,5.88,7.71,2.11
US-Pfa,-90.2723,45.9459,2014,1,16,-3.01,-14.82,-10.84,5.96,5.64,5.31
US-Pfa,-90.2723,45.9459,2014,1,17,-9.11,-18.87,-13.22,5.34,7.9,0.8
US-Pfa,-90.2723,45.9459,2014,1,18,-9.2,-19.39,-14.88,3.53,8.12,0.13
US-Pfa,-90.2723,45.9459,2014,1,19,-2.87,-18,-9.7,4.93,6.31,1.68
US-Pfa,-90.2723,45.9459,2014,1,20,-17.19,-23.8,-20.17,4.53,7.52,0.24
US-Pfa,-90.2723,45.9459,2014,1,21,-19.98,-28.77,-23.66,3.37,8.83,0.77
US-Pfa,-90.2723,45.9459,2014,1,22,-18.55,-21.19,-20.17,6.76,8.25,1.78
US-Pfa,-90.2723,45.9459,2014,1,23,-19.16,-27.43,-22.58,6,9.54,0.13
US-Pfa,-90.2723,45.9459,2014,1,24,-5.84,-26.59,-14.39,7.58,5.52,3.05
US-Pfa,-90.2723,45.9459,2014,1,25,-11.08,-23.66,-19.73,7.31,9.65,0.25
US-Pfa,-90.2723,45.9459,2014,1,26,-15.14,-23.31,-19.31,5.4,6.34,2.52
US-Pfa,-90.2723,45.9459,2014,1,27,-21.75,-28.06,-25.94,7.69,9.96,0.13
US-Pfa,-90.2723,45.9459,2014,1,28,-22.67,-34.63,-27.62,6.3,9.97,0.02
US-Pfa,-90.2723,45.9459,2014,1,29,-8.75,-24.37,-18.28,7.3,9.78,0.05
US-Pfa,-90.2723,45.9459,2014,1,30,-8.23,-19.87,-12.57,4.43,8.24,6.96
US-Pfa,-90.2723,45.9459,2014,1,31,-17.9,-28.94,-23.21,4.08,10.49,0.04
US-Pfa,-90.2723,45.9459,2014,2,1,-10.85,-23.38,-18.04,3.51,7.2,0.15
US-Pfa,-90.2723,45.9459,2014,2,2,-15.38,-24.84,-21.14,3.41,10.87,0.02
US-Pfa,-90.2723,45.9459,2014,2,3,-10.58,-23.16,-18.05,4.12,10.7,0.02
US-Pfa,-90.2723,45.9459,2014,2,4,-11.07,-22.07,-18.21,2.63,10.86,0.02
US-Pfa,-90.2723,45.9459,2014,2,5,-14.93,-19.13,-17.58,4.23,7.52,0.05
US-Pfa,-90.2723,45.9459,2014,2,6,-18.84,-22.62,-21.03,5.43,11.65,0.03
US-Pfa,-90.2723,45.9459,2014,2,7,-15.58,-21.7,-19.79,6.82,11.9,0.02
US-Pfa,-90.2723,45.9459,2014,2,8,-11.51,-26.46,-19.49,2.71,10.92,0.03
US-Pfa,-90.2723,45.9459,2014,2,9,-14.4,-23.45,-18.83,4.01,11.64,0.06
US-Pfa,-90.2723,45.9459,2014,2,10,-18.37,-25.92,-23.03,3.57,12.35,0.03
US-Pfa,-90.2723,45.9459,2014,2,11,-14.49,-27.66,-21.11,5.25,12.24,0.17
US-Pfa,-90.2723,45.9459,2014,2,12,-7.76,-17.02,-14.09,4.22,10.15,1.22
US-Pfa,-90.2723,45.9459,2014,2,13,-5.47,-13.14,-10.48,5.9,4.24,4.6
US-Pfa,-90.2723,45.9459,2014,2,14,-12.72,-19.9,-15.95,5.44,12.88,0.24
US-Pfa,-90.2723,45.9459,2014,2,15,-11.09,-21.17,-16.16,2.69,11.27,2.74
US-Pfa,-90.2723,45.9459,2014,2,16,-9.73,-16.77,-15.02,3.88,13.15,0.19
US-Pfa,-90.2723,45.9459,2014,2,17,-5.8,-14.64,-10.35,6.39,6.87,4.81
US-Pfa,-90.2723,45.9459,2014,2,18,-0.22,-12.17,-7.07,5.01,10.12,0.09
US-Pfa,-90.2723,45.9459,2014,2,19,0.05,-9.99,-5.53,4.4,14.06,0.03
US-Pfa,-90.2723,45.9459,2014,2,20,0.24,-4.53,-2.81,6.41,5.1,15.5
US-Pfa,-90.2723,45.9459,2014,2,21,-2.59,-15.21,-10.79,9.25,10.55,5.18
US-Pfa,-90.2723,45.9459,2014,2,22,-13.14,-16.62,-15.75,8.57,14.76,0.17
US-Pfa,-90.2723,45.9459,2014,2,23,-13.07,-16.93,-16.11,7.71,15.08,0.35
US-Pfa,-90.2723,45.9459,2014,2,24,-13.71,-17.44,-16.43,5.75,15.14,0.14
US-Pfa,-90.2723,45.9459,2014,2,25,-18.03,-22.84,-20.43,6.12,15.7,0.12
US-Pfa,-90.2723,45.9459,2014,2,26,-13.42,-28.23,-21.77,7.86,14.67,1.25
US-Pfa,-90.2723,45.9459,2014,2,27,-20.88,-30.54,-24.59,4.98,16.27,0.14
US-Pfa,-90.2723,45.9459,2014,2,28,-14.31,-32.71,-21.62,4.75,11.89,0.94
US-Pfa,-90.2723,45.9459,2014,3,1,-17.62,-25.75,-21.28,4.54,12.73,0.05
US-Pfa,-90.2723,45.9459,2014,3,2,-18.26,-35.21,-25.58,4.26,16.47,0.01
US-Pfa,-90.2723,45.9459,2014,3,3,-13.16,-28.91,-20.69,2.8,14.84,1.31
US-Pfa,-90.2723,45.9459,2014,3,4,-10.74,-20.52,-16.95,2.42,12.27,0.48
US-Pfa,-90.2723,45.9459,2014,3,5,-9.62,-25.22,-18.11,3.67,17.77,0.01
US-Pfa,-90.2723,45.9459,2014,3,6,-5.07,-21.94,-12.64,7.7,14.12,0.09
US-Pfa,-90.2723,45.9459,2014,3,7,-1.18,-10.84,-6.56,5.18,6.81,0.91
US-Pfa,-90.2723,45.9459,2014,3,8,-5.36,-16.7,-12.36,3.37,17.55,0.01
US-Pfa,-90.2723,45.9459,2014,3,9,0.1,-14.5,-6.32,5.81,11.77,0.01
US-Pfa,-90.2723,45.9459,2014,3,10,0.99,-2.68,-0.98,4.47,17.54,0.02
US-Pfa,-90.2723,45.9459,2014,3,11,0.09,-4.98,-2.56,4.22,13,0.14
US-Pfa,-90.2723,45.9459,2014,3,12,-6.71,-21.56,-14.85,4.48,18.01,0.03
US-Pfa,-90.2723,45.9459,2014,3,13,-0.53,-22.04,-8.04,6.08,16.61,0.12
US-Pfa,-90.2723,45.9459,2014,3,14,0.11,-7.02,-1.81,6.35,10.05,1.5
US-Pfa,-90.2723,45.9459,2014,3,15,-7.52,-21.97,-13.22,3.99,17.71,0.07
US-Pfa,-90.2723,45.9459,2014,3,16,-9.3,-24.73,-17.54,2.6,20.39,0.01
US-Pfa,-90.2723,45.9459,2014,3,17,-5.82,-12.97,-10.17,5.87,7.35,1.45
US-Pfa,-90.2723,45.9459,2014,3,18,-0.07,-8.01,-4.67,4.03,10.13,7.97
US-Pfa,-90.2723,45.9459,2014,3,19,-2.09,-6.75,-4.54,4.55,8.42,2.63
US-Pfa,-90.2723,45.9459,2014,3,20,-0.85,-9.16,-6.19,3.21,19.85,0.06
US-Pfa,-90.2723,45.9459,2014,3,21,0.15,-8.52,-3.54,4.72,7.21,3.25
US-Pfa,-90.2723,45.9459,2014,3,22,-4.23,-15.54,-13.04,6.35,21.12,0.16
US-Pfa,-90.2723,45.9459,2014,3,23,-11.98,-18.82,-16.59,3.65,21.83,0.05
US-Pfa,-90.2723,45.9459,2014,3,24,-7.24,-20.6,-13.78,4.38,17.5,0.21
US-Pfa,-90.2723,45.9459,2014,3,25,-11.74,-16.98,-15.29,5.16,21.15,0.1
US-Pfa,-90.2723,45.9459,2014,3,26,-3.07,-21.18,-11.32,5.46,14.16,0.02
US-Pfa,-90.2723,45.9459,2014,3,27,0.24,-3.72,-1.64,4.63,5.64,10.74
US-Pfa,-90.2723,45.9459,2014,3,28,-1.18,-7.27,-4.78,4.55,18.62,0.11
US-Pfa,-90.2723,45.9459,2014,3,29,-0.05,-9.11,-6.03,2.65,21.32,0
US-Pfa,-90.2723,45.9459,2014,3,30,2.92,-5.23,-1.64,5.18,18.23,0.25
US-Pfa,-90.2723,45.9459,2014,3,31,3.47,0.17,1.32,5.94,7.53,1.16
US-Pfa,-90.2723,45.9459,2014,4,1,2.72,-9.86,-5.53,6.11,12.7,0.42
US-Pfa,-90.2723,45.9459,2014,4,2,1.77,-11.26,-6.6,2.69,20.6,0.01
US-Pfa,-90.2723,45.9459,2014,4,3,1.77,-5.1,-4.63,4.5,9.17,12.1
US-Pfa,-90.2723,45.9459,2014,4,4,-1.33,-7.47,-3.87,6.43,7.31,13.69
US-Pfa,-90.2723,45.9459,2014,4,5,2.85,-9.63,-4.29,3.8,22.27,0.35
US-Pfa,-90.2723,45.9459,2014,4,6,10.69,-0.83,1.77,4.61,21.05,0.1
US-Pfa,-90.2723,45.9459,2014,4,7,10.92,-0.48,2.19,2.3,14.26,0.07
US-Pfa,-90.2723,45.9459,2014,4,8,8.4,-2.53,-0.65,4.65,21.77,0.26
US-Pfa,-90.2723,45.9459,2014,4,9,11.91,-2.66,-0.03,6.25,21.04,0.04
US-Pfa,-90.2723,45.9459,2014,4,10,11.42,-0.58,0.34,6.31,24.29,0.42
US-Pfa,-90.2723,45.9459,2014,4,11,8.92,-1.81,0.47,3.44,19.35,1.13
US-Pfa,-90.2723,45.9459,2014,4,12,5.21,0.5,1.89,4.28,7.9,8.13
US-Pfa,-90.2723,45.9459,2014,4,13,7.72,-0.96,1.27,5.14,7.25,3.18
US-Pfa,-90.2723,45.9459,2014,4,14,-1.33,-5.66,-8.41,6.81,17.44,1.52
US-Pfa,-90.2723,45.9459,2014,4,15,-1.5,-6.19,-10.52,3.4,24.08,0.42
US-Pfa,-90.2723,45.9459,2014,4,16,-0.53,-5.78,-4.83,5.61,5.38,16.65
US-Pfa,-90.2723,45.9459,2014,4,17,1.09,-5.88,-1.71,3.61,6.76,10.14
US-Pfa,-90.2723,45.9459,2014,4,18,4.75,-5.56,-3.9,2.82,22.53,0.07
US-Pfa,-90.2723,45.9459,2014,4,19,11.57,-1.89,1.59,6.79,17.64,2.91
US-Pfa,-90.2723,45.9459,2014,4,20,19.77,5.27,8.05,2.75,20.88,0.34
US-Pfa,-90.2723,45.9459,2014,4,21,17.85,0.48,6.55,4.82,22.52,0.14
US-Pfa,-90.2723,45.9459,2014,4,22,7.85,-1.94,-2.13,4.97,26.23,0
US-Pfa,-90.2723,45.9459,2014,4,23,9.66,-2.98,-0.99,3.11,15.57,1.01
US-Pfa,-90.2723,45.9459,2014,4,24,3.9,0.16,0.6,6.47,3.64,18.11
US-Pfa,-90.2723,45.9459,2014,4,25,6.53,-0.75,0.91,5.16,13.76,1.57
US-Pfa,-90.2723,45.9459,2014,4,26,9.8,-1.27,-0.68,4.36,23.69,0.23
US-Pfa,-90.2723,45.9459,2014,4,27,6.68,-2.03,-1.51,7.36,4.81,5.05
US-Pfa,-90.2723,45.9459,2014,4,28,9.06,0.69,-0.31,9.23,6.98,2.66
US-Pfa,-90.2723,45.9459,2014,4,29,2.99,0.13,0.81,6.18,6.53,13.44
US-Pfa,-90.2723,45.9459,2014,4,30,8.35,0.02,3.34,2.28,8.53,7.68
US-Pfa,-90.2723,45.9459,2014,5,1,4.77,2.14,2.53,3.22,8.19,3.46
US-Pfa,-90.2723,45.9459,2014,5,2,8.5,1.47,2.99,2.89,13.44,1.49
US-Pfa,-90.2723,45.9459,2014,5,3,10.21,1.24,2.17,5.17,19.08,1.18
US-Pfa,-90.2723,45.9459,2014,5,4,10.88,-1.94,-0.81,4.08,28.11,0.1
US-Pfa,-90.2723,45.9459,2014,5,5,11.94,0.72,3.61,2.66,17.9,3.11
US-Pfa,-90.2723,45.9459,2014,5,6,13.81,3.45,4.07,3.83,21.3,0.09
US-Pfa,-90.2723,45.9459,2014,5,7,12.94,4.45,5.26,5.66,15.08,6.24
US-Pfa,-90.2723,45.9459,2014,5,8,15.7,4.82,9.89,4.08,11.91,28.21
US-Pfa,-90.2723,45.9459,2014,5,9,14.24,3.76,8.34,6.64,6.74,2.75
US-Pfa,-90.2723,45.9459,2014,5,10,18.36,1.26,3.92,3.54,28.07,0.18
US-Pfa,-90.2723,45.9459,2014,5,11,19.07,8.04,10.55,2.86,16.87,2.6
US-Pfa,-90.2723,45.9459,2014,5,12,18.47,8.84,12.76,4.96,10.89,30.32
US-Pfa,-90.2723,45.9459,2014,5,13,11.81,2.58,5.12,5.12,12.92,1.79
US-Pfa,-90.2723,45.9459,2014,5,14,12.27,-0.36,1.46,3.49,21.44,0.01
US-Pfa,-90.2723,45.9459,2014,5,15,6.2,-1.91,-0.65,3.93,16.47,0.14
US-Pfa,-90.2723,45.9459,2014,5,16,7.71,-2.97,-1.02,2.49,15.45,0.19
US-Pfa,-90.2723,45.9459,2014,5,17,13.15,-1.74,1.48,3.78,22.04,0.02
US-Pfa,-90.2723,45.9459,2014,5,18,18.66,3.83,6.02,3.77,23.3,0.38
US-Pfa,-90.2723,45.9459,2014,5,19,15.45,6.57,6.97,6.09,5.29,15.1
US-Pfa,-90.2723,45.9459,2014,5,20,21.45,7.13,11.44,2.84,19.2,10.67
US-Pfa,-90.2723,45.9459,2014,5,21,16.24,7.84,9.46,4.28,17.23,0.06
US-Pfa,-90.2723,45.9459,2014,5,22,14.2,6.94,6.95,3.64,21.99,0.13
US-Pfa,-90.2723,45.9459,2014,5,23,20.51,5.93,7.55,1.79,30.53,0
US-Pfa,-90.2723,45.9459,2014,5,24,22.45,7.77,10.52,3.47,28.96,0
US-Pfa,-90.2723,45.9459,2014,5,25,23.69,8.83,12.12,3.91,27.7,0
US-Pfa,-90.2723,45.9459,2014,5,26,24.02,14.05,17.47,2.36,19.86,6.09
US-Pfa,-90.2723,45.9459,2014,5,27,20.14,11.34,12.41,3.31,7.59,3.36
US-Pfa,-90.2723,45.9459,2014,5,28,22.74,10.73,10.66,2.56,28.56,0.03
US-Pfa,-90.2723,45.9459,2014,5,29,24.51,8.36,11.7,2.72,30.39,0
US-Pfa,-90.2723,45.9459,2014,5,30,25.03,10.94,13.24,3.04,30.19,0
US-Pfa,-90.2723,45.9459,2014,5,31,24.85,13.03,14.86,4.71,23.89,0.38
US-Pfa,-90.2723,45.9459,2014,6,1,20.8,15.68,17.65,4.93,14.97,18.86
US-Pfa,-90.2723,45.9459,2014,6,2,22.5,14.87,17.01,4.94,17.19,16.94
US-Pfa,-90.2723,45.9459,2014,6,3,20.12,9.04,11.66,5.73,23.4,0.65
US-Pfa,-90.2723,45.9459,2014,6,4,21.75,10.71,11.46,2.56,24.99,0.02
US-Pfa,-90.2723,45.9459,2014,6,5,22.26,9.89,13.64,3.58,21.14,4.44
US-Pfa,-90.2723,45.9459,2014,6,6,23.81,12.96,14.87,3.31,26.55,2.51
US-Pfa,-90.2723,45.9459,2014,6,7,19.07,6.62,11.02,3.36,6.31,11.38
US-Pfa,-90.2723,45.9459,2014,6,8,19.05,5.75,6.96,2.62,29.64,0.02
US-Pfa,-90.2723,45.9459,2014,6,9,18.23,9.13,9.29,2.28,16.58,0.43
US-Pfa,-90.2723,45.9459,2014,6,10,21.51,8.6,9.31,2.56,25.18,0
US-Pfa,-90.2723,45.9459,2014,6,11,23.83,7.59,12.01,1.82,26.72,0.12
US-Pfa,-90.2723,45.9459,2014,6,12,15.56,7.86,10.07,7.15,11.7,5.66
US-Pfa,-90.2723,45.9459,2014,6,13,17.13,6.22,6.32,4.54,31.76,0.1
US-Pfa,-90.2723,45.9459,2014,6,14,19.91,5.96,8.82,5.37,9.83,13.56
US-Pfa,-90.2723,45.9459,2014,6,15,21.42,9.31,12.96,6.96,15.31,5.67
US-Pfa,-90.2723,45.9459,2014,6,16,25.02,12.44,15.7,4.76,25.16,0.61
US-Pfa,-90.2723,45.9459,2014,6,17,25,16.34,17.12,2.57,26.67,0.98
US-Pfa,-90.2723,45.9459,2014,6,18,20.75,12.76,14.34,4.48,17.26,2.67
US-Pfa,-90.2723,45.9459,2014,6,19,21.85,11.68,12.99,5.6,10.11,0.66
US-Pfa,-90.2723,45.9459,2014,6,20,23.3,11.43,14.02,2.5,19.28,10.09
US-Pfa,-90.2723,45.9459,2014,6,21,22.66,12.02,14.26,3.56,26.02,0.93
US-Pfa,-90.2723,45.9459,2014,6,22,24.89,11.68,15.18,1.83,19.67,2.73
US-Pfa,-90.2723,45.9459,2014,6,23,24.57,14.6,17.14,1.79,20.46,7.03
US-Pfa,-90.2723,45.9459,2014,6,24,22.54,9.99,14.08,3.5,22.04,2.85
US-Pfa,-90.2723,45.9459,2014,6,25,18.26,9.53,12.23,2.93,19.53,10.14
US-Pfa,-90.2723,45.9459,2014,6,26,22.34,11.19,14.73,2.88,18.59,1.47
US-Pfa,-90.2723,45.9459,2014,6,27,21.87,13.14,16.67,5.01,13.17,18.63
US-Pfa,-90.2723,45.9459,2014,6,28,25.41,18.77,20.52,6.64,20.71,7.02
US-Pfa,-90.2723,45.9459,2014,6,29,23.66,15.96,18.01,6.17,27.47,3.31
US-Pfa,-90.2723,45.9459,2014,6,30,25.08,14.26,16.16,6.17,18.57,2
US-Pfa,-90.2723,45.9459,2014,7,1,21.88,12.56,14.78,5.19,14.62,8.58
US-Pfa,-90.2723,45.9459,2014,7,2,17.29,8.9,8.49,4.25,27,0.76
US-Pfa,-90.2723,45.9459,2014,7,3,20.53,8.73,9.72,2.75,24.49,0.03
US-Pfa,-90.2723,45.9459,2014,7,4,22.36,9.36,11.43,3.72,27.78,0.01
US-Pfa,-90.2723,45.9459,2014,7,5,23.56,13.36,15.94,6.35,25.86,1.2
US-Pfa,-90.2723,45.9459,2014,7,6,25.2,16.41,18.92,5.08,15.77,8.94
US-Pfa,-90.2723,45.9459,2014,7,7,24.01,14.04,16.31,4.56,18.21,14.07
US-Pfa,-90.2723,45.9459,2014,7,8,17.21,11.3,13.12,4.23,17.48,4.58
US-Pfa,-90.2723,45.9459,2014,7,9,18.23,10.43,9.59,3.56,24.19,0.38
US-Pfa,-90.2723,45.9459,2014,7,10,22.7,9.11,13.04,3.52,26.69,0.33
US-Pfa,-90.2723,45.9459,2014,7,11,20.9,16.21,16.85,5.58,13.68,3.52
US-Pfa,-90.2723,45.9459,2014,7,12,22.05,16.47,17.87,2.69,9.9,4.5
US-Pfa,-90.2723,45.9459,2014,7,13,19.54,11.46,11.75,4.25,25.78,0.38
US-Pfa,-90.2723,45.9459,2014,7,14,15.87,9.02,9.48,3.85,17.14,7.68
US-Pfa,-90.2723,45.9459,2014,7,15,16.22,9.37,9.77,4.47,18.58,1.24
US-Pfa,-90.2723,45.9459,2014,7,16,19.72,7.29,9.03,2.51,24.41,0
US-Pfa,-90.2723,45.9459,2014,7,17,21.4,8.98,11.32,3.36,22.96,0
US-Pfa,-90.2723,45.9459,2014,7,18,22.41,10.61,13.94,4.4,20.54,0.08
US-Pfa,-90.2723,45.9459,2014,7,19,22.46,14.26,15.97,5.71,16.91,0.18
US-Pfa,-90.2723,45.9459,2014,7,20,24.73,15.52,17.8,5.69,18.71,0.11
US-Pfa,-90.2723,45.9459,2014,7,21,25.82,17.08,20.19,4.36,23.9,3.7
US-Pfa,-90.2723,45.9459,2014,7,22,24,12.35,17.25,5.98,20.39,0.48
US-Pfa,-90.2723,45.9459,2014,7,23,21.28,10.81,12.2,2.65,24.07,0.03
US-Pfa,-90.2723,45.9459,2014,7,24,22.35,9.98,12.24,2.19,23.2,0.06
US-Pfa,-90.2723,45.9459,2014,7,25,23.64,15.36,16.6,4.47,6.49,1.57
US-Pfa,-90.2723,45.9459,2014,7,26,24.36,17.62,16.81,3.84,25.77,1.7
US-Pfa,-90.2723,45.9459,2014,7,27,17.3,9.5,12.67,4.51,15.86,8.42
US-Pfa,-90.2723,45.9459,2014,7,28,19.83,9.03,11.87,3.7,18.9,2.6
US-Pfa,-90.2723,45.9459,2014,7,29,20.9,12.06,13.92,3.85,20.03,4.25
US-Pfa,-90.2723,45.9459,2014,7,30,20.78,10.96,13.17,2.61,21.36,1.84
US-Pfa,-90.2723,45.9459,2014,7,31,22.9,12.38,14.05,2.64,21.45,0.56
US-Pfa,-90.2723,45.9459,2014,8,1,23.15,12.03,13.06,2.11,21.55,0.11
US-Pfa,-90.2723,45.9459,2014,8,2,24.95,12.29,14.2,1.68,22.96,1.12
US-Pfa,-90.2723,45.9459,2014,8,3,22.37,12.69,15.22,2.62,21.19,1.37
US-Pfa,-90.2723,45.9459,2014,8,4,18.91,13.39,14.28,2.37,17.18,4.5
US-Pfa,-90.2723,45.9459,2014,8,5,22.67,12.75,13.53,1.68,20.2,0.62
US-Pfa,-90.2723,45.9459,2014,8,6,23.18,11.71,13.82,2.79,24.94,0.02
US-Pfa,-90.2723,45.9459,2014,8,7,24.4,12.32,14.82,2.47,22.11,0.01
US-Pfa,-90.2723,45.9459,2014,8,8,24.8,12.91,13.32,1.84,25.22,0
US-Pfa,-90.2723,45.9459,2014,8,9,24.9,13.74,14.12,2.02,21.14,0
US-Pfa,-90.2723,45.9459,2014,8,10,24.05,13.8,14.61,1.99,22.73,0.01
US-Pfa,-90.2723,45.9459,2014,8,11,19.18,11.06,14.37,4.43,11.99,26.23
US-Pfa,-90.2723,45.9459,2014,8,12,18.75,9.86,10.58,5.43,25.81,0.55
US-Pfa,-90.2723,45.9459,2014,8,13,19.42,9.03,11.29,3.57,25.23,0.06
US-Pfa,-90.2723,45.9459,2014,8,14,19.49,8.64,8.37,1.42,24.97,0
US-Pfa,-90.2723,45.9459,2014,8,15,23.19,9.25,13.73,3.22,22.35,0.12
US-Pfa,-90.2723,45.9459,2014,8,16,23.38,12.2,16.59,3.5,14.27,3.35
US-Pfa,-90.2723,45.9459,2014,8,17,21.8,9.86,11.5,2.56,8.45,0.38
US-Pfa,-90.2723,45.9459,2014,8,18,23.01,12.73,17.19,3.36,8.92,23.26
US-Pfa,-90.2723,45.9459,2014,8,19,20.86,13.52,15.8,3.65,11.76,6.69
US-Pfa,-90.2723,45.9459,2014,8,20,22.39,12.75,15.19,2.15,13.39,0.33
US-Pfa,-90.2723,45.9459,2014,8,21,24.88,14.66,18.1,3.2,8.75,1.98
US-Pfa,-90.2723,45.9459,2014,8,22,26.63,16.75,19.2,2.33,9.79,1.98
US-Pfa,-90.2723,45.9459,2014,8,23,26.87,15.27,18.49,2.82,9.96,0.65
US-Pfa,-90.2723,45.9459,2014,8,24,25.42,17.34,19.65,5.82,13.82,15.35
US-Pfa,-90.2723,45.9459,2014,8,25,26.04,15.84,18.44,4.56,21.71,4.95
US-Pfa,-90.2723,45.9459,2014,8,26,19.07,10.73,10.53,3.44,21.49,0.07
US-Pfa,-90.2723,45.9459,2014,8,27,20.3,10.39,11.43,2.38,22.83,0.66
US-Pfa,-90.2723,45.9459,2014,8,28,21.04,8.77,12.34,2.59,14.93,0.32
US-Pfa,-90.2723,45.9459,2014,8,29,23.57,13.78,17.92,4.25,8.77,19.61
US-Pfa,-90.2723,45.9459,2014,8,30,18.22,11.97,15.06,2.95,7.43,7.67
US-Pfa,-90.2723,45.9459,2014,8,31,23.44,10.8,15.39,4.16,15,2.01
US-Pfa,-90.2723,45.9459,2014,9,1,20.82,11.96,15.15,5.13,15.2,14.97
US-Pfa,-90.2723,45.9459,2014,9,2,21.38,10.55,12.23,3.3,22.33,0.07
US-Pfa,-90.2723,45.9459,2014,9,3,23.51,11.47,14.58,5.13,8.33,8.75
US-Pfa,-90.2723,45.9459,2014,9,4,24.93,17.42,21.18,5.45,7.02,40.1
US-Pfa,-90.2723,45.9459,2014,9,5,17.42,8.82,11.72,3.98,9.12,0.78
US-Pfa,-90.2723,45.9459,2014,9,6,18.99,7.78,9.29,3.63,22.42,0
US-Pfa,-90.2723,45.9459,2014,9,7,21.43,9.52,11.46,3.98,22.01,0
US-Pfa,-90.2723,45.9459,2014,9,8,19.36,10.91,12.09,5,10.61,0.1
US-Pfa,-90.2723,45.9459,2014,9,9,22.97,11.44,16.03,2.88,11.6,19.69
US-Pfa,-90.2723,45.9459,2014,9,10,16.75,4.38,9.03,7.15,5.02,40.97
US-Pfa,-90.2723,45.9459,2014,9,11,11.11,2.58,2.75,4.31,12.3,0.47
US-Pfa,-90.2723,45.9459,2014,9,12,8.94,2.03,3.08,2.18,8.67,3.64
US-Pfa,-90.2723,45.9459,2014,9,13,12.62,0.25,2.37,2.59,16.73,0.02
US-Pfa,-90.2723,45.9459,2014,9,14,15.53,4.73,5.33,5.13,16.26,0.03
US-Pfa,-90.2723,45.9459,2014,9,15,13.29,3.33,4.28,3.47,16.34,0.08
US-Pfa,-90.2723,45.9459,2014,9,16,16.98,2.31,4.92,3.85,20.68,0
US-Pfa,-90.2723,45.9459,2014,9,17,18.43,3.55,6.42,3.48,17.32,0
US-Pfa,-90.2723,45.9459,2014,9,18,15.74,1.42,6.24,3,9.27,0.01
US-Pfa,-90.2723,45.9459,2014,9,19,18.72,8.96,11.79,7.21,10.34,0.55
US-Pfa,-90.2723,45.9459,2014,9,20,19.58,12.01,14.16,4.1,14.81,4.13
US-Pfa,-90.2723,45.9459,2014,9,21,11.48,5.1,6.81,5.2,15.9,5.97
US-Pfa,-90.2723,45.9459,2014,9,22,18.07,4.69,9.23,3.41,17.03,0.04
US-Pfa,-90.2723,45.9459,2014,9,23,20.7,7.19,10.77,2.88,18.01,0
US-Pfa,-90.2723,45.9459,2014,9,24,18.67,10.3,11.35,4.24,7.3,2.04
US-Pfa,-90.2723,45.9459,2014,9,25,21.05,11.41,12.88,3.29,12.54,0.87
US-Pfa,-90.2723,45.9459,2014,9,26,21.99,9.5,11.99,2.99,17.67,0
US-Pfa,-90.2723,45.9459,2014,9,27,23.45,11.06,14.37,3.55,15.32,0.03
US-Pfa,-90.2723,45.9459,2014,9,28,24.22,11.83,14.99,2.64,15.79,0.11
US-Pfa,-90.2723,45.9459,2014,9,29,14.62,2.84,5.86,5.08,11.85,4.87
US-Pfa,-90.2723,45.9459,2014,9,30,14.86,2.69,4.88,3.36,15.45,0.16
US-Pfa,-90.2723,45.9459,2014,10,1,13.23,6.77,8.68,5.54,3.54,4.38
US-Pfa,-90.2723,45.9459,2014,10,2,18.51,10.34,11.95,2.17,5.56,14.2
US-Pfa,-90.2723,45.9459,2014,10,3,10.21,0.95,5.23,6.19,5.1,9.03
US-Pfa,-90.2723,45.9459,2014,10,4,5.1,0.93,1.74,4.98,8.27,6.79
US-Pfa,-90.2723,45.9459,2014,10,5,6.46,-1.8,-0.69,4.33,10.21,0.58
US-Pfa,-90.2723,45.9459,2014,10,6,8.81,-1.99,0.2,4.87,16.24,0.56
US-Pfa,-90.2723,45.9459,2014,10,7,11.57,1.59,1.98,4.17,12.07,0.15
US-Pfa,-90.2723,45.9459,2014,10,8,8.33,-1.05,-1.39,4.89,15.7,0.01
US-Pfa,-90.2723,45.9459,2014,10,9,10.57,-2.6,0.46,3.47,14.33,0
US-Pfa,-90.2723,45.9459,2014,10,10,9.65,-0.68,1.36,2.9,11.47,0.03
US-Pfa,-90.2723,45.9459,2014,10,11,10.87,-2.7,-0.05,2.66,15.73,0
US-Pfa,-90.2723,45.9459,2014,10,12,12.9,0.13,2.61,5.33,13.89,0.03
US-Pfa,-90.2723,45.9459,2014,10,13,10.98,5.67,7.19,2.84,3.96,15.49
US-Pfa,-90.2723,45.9459,2014,10,14,9.97,4.95,6.1,6.94,8.55,8.36
US-Pfa,-90.2723,45.9459,2014,10,15,13.89,1.28,4.6,4.74,14.48,0.15
US-Pfa,-90.2723,45.9459,2014,10,16,14.94,1.31,5.54,2.29,13.72,0.05
US-Pfa,-90.2723,45.9459,2014,10,17,8.17,3.47,5.89,5.62,4.64,5.17
US-Pfa,-90.2723,45.9459,2014,10,18,6.74,-0.63,-0.94,3.95,13.96,0.33
US-Pfa,-90.2723,45.9459,2014,10,19,11.66,-0.33,3.96,4.45,8.52,0.23
US-Pfa,-90.2723,45.9459,2014,10,20,9.13,2.22,5.08,3.7,5.36,0.49
US-Pfa,-90.2723,45.9459,2014,10,21,10.68,1.02,1.76,2.75,12.17,0.08
US-Pfa,-90.2723,45.9459,2014,10,22,9.99,0.04,1.67,5.15,12.46,0.39
US-Pfa,-90.2723,45.9459,2014,10,23,7.82,4.35,5.44,4.17,2.76,2.38
US-Pfa,-90.2723,45.9459,2014,10,24,15.78,6.31,8.47,4.36,9.63,0.28
US-Pfa,-90.2723,45.9459,2014,10,25,11.73,2.27,3.01,5.9,12.91,0
US-Pfa,-90.2723,45.9459,2014,10,26,12.26,-1.16,0.95,2.76,11.78,0.14
US-Pfa,-90.2723,45.9459,2014,10,27,11.76,5.6,7.15,2.85,9.89,6.73
US-Pfa,-90.2723,45.9459,2014,10,28,7.92,0.79,3.12,5.87,3.24,2.12
US-Pfa,-90.2723,45.9459,2014,10,29,7.51,0.74,1.01,3.77,6.12,0.74
US-Pfa,-90.2723,45.9459,2014,10,30,6.33,-2.22,0.09,4.31,4.64,2.99
US-Pfa,-90.2723,45.9459,2014,10,31,0.33,-5.8,-6.05,5.91,8.79,0.95
US-Pfa,-90.2723,45.9459,2014,11,1,3.14,-5.62,-5.37,2.95,10.74,0
US-Pfa,-90.2723,45.9459,2014,11,2,5.7,-2.92,-2.44,5.55,9.44,0
US-Pfa,-90.2723,45.9459,2014,11,3,7.09,-1.12,2.1,4.04,3.83,4.74
US-Pfa,-90.2723,45.9459,2014,11,4,7.11,-0.91,1.29,5.6,4.31,0.57
US-Pfa,-90.2723,45.9459,2014,11,5,2.93,-3.72,-2.09,2.81,3.3,4.18
US-Pfa,-90.2723,45.9459,2014,11,6,2.45,-2.1,-1.77,4.26,4.75,0.52
US-Pfa,-90.2723,45.9459,2014,11,7,1.3,-2.73,-1.67,4.55,3.9,4.78
US-Pfa,-90.2723,45.9459,2014,11,8,0.7,-5.39,-4.64,6.33,6.81,2.05
US-Pfa,-90.2723,45.9459,2014,11,9,-0.91,-5.55,-6.41,3.59,8.11,0.96
US-Pfa,-90.2723,45.9459,2014,11,10,-2.75,-4.83,-5.9,5.07,1.67,19.58
US-Pfa,-90.2723,45.9459,2014,11,11,-2.78,-7.38,-5.98,7.02,5.06,12.53
US-Pfa,-90.2723,45.9459,2014,11,12,-5.84,-11.55,-9.37,3.6,3.95,2.75
US-Pfa,-90.2723,45.9459,2014,11,13,-6.11,-12.32,-10.34,3.4,4.4,2.05
US-Pfa,-90.2723,45.9459,2014,11,14,-8.02,-16.65,-13.31,2.93,8.97,0.03
US-Pfa,-90.2723,45.9459,2014,11,15,-9.72,-22.21,-15.54,2.79,5.35,0.15
US-Pfa,-90.2723,45.9459,2014,11,16,-8.48,-13.51,-11.37,4.89,6.49,0.54
US-Pfa,-90.2723,45.9459,2014,11,17,-12.26,-16.06,-14.54,5.42,4.95,2.81
US-Pfa,-90.2723,45.9459,2014,11,18,-12.91,-19.8,-15.58,4.85,4.64,0.71
US-Pfa,-90.2723,45.9459,2014,11,19,-9.13,-16.5,-12.81,4.35,3.29,2.42
US-Pfa,-90.2723,45.9459,2014,11,20,-13.13,-21.23,-16.89,4.07,6.77,0.54
US-Pfa,-90.2723,45.9459,2014,11,21,-5.56,-23.87,-14.52,6.01,7.39,0.03
US-Pfa,-90.2723,45.9459,2014,11,22,0.38,-5.07,-1.64,5.39,2,0.19
US-Pfa,-90.2723,45.9459,2014,11,23,1.76,0.45,1.17,3.81,1.38,4.36
US-Pfa,-90.2723,45.9459,2014,11,24,0.62,-7.2,-3.37,6.72,1.87,12.73
US-Pfa,-90.2723,45.9459,2014,11,25,-7.45,-14.22,-11.29,3.41,6.97,0.5
US-Pfa,-90.2723,45.9459,2014,11,26,-5.68,-13.17,-10.38,2.43,3.63,2.13
US-Pfa,-90.2723,45.9459,2014,11,27,-11.08,-19.24,-15.25,3.26,8.01,0.22
US-Pfa,-90.2723,45.9459,2014,11,28,-8.81,-19.36,-13.51,3.1,1.39,0.49
US-Pfa,-90.2723,45.9459,2014,11,29,-0.08,-9.86,-4.41,4.38,2.22,0.12
US-Pfa,-90.2723,45.9459,2014,11,30,-5.22,-22.64,-13.7,5.11,5.27,0.48
US-Pfa,-90.2723,45.9459,2014,12,1,-16.1,-25.38,-21.36,4.07,7.9,0.03
US-Pfa,-90.2723,45.9459,2014,12,2,-9.29,-22.61,-14.32,5.25,2.45,1.02
US-Pfa,-90.2723,45.9459,2014,12,3,-9.62,-20.87,-14.84,4.6,6.23,0.04
US-Pfa,-90.2723,45.9459,2014,12,4,-6.84,-21.13,-14.21,4.23,4.4,0
US-Pfa,-90.2723,45.9459,2014,12,5,-1.86,-11.2,-7.45,3.11,2.81,0.05
US-Pfa,-90.2723,45.9459,2014,12,6,-4.29,-13.39,-10.47,2.52,7.47,0.01
US-Pfa,-90.2723,45.9459,2014,12,7,-1.81,-11.55,-6.56,6.37,3.35,1.07
US-Pfa,-90.2723,45.9459,2014,12,8,-0.07,-6.26,-4.28,4.27,1.59,0.65
US-Pfa,-90.2723,45.9459,2014,12,9,-4.28,-11.47,-7.84,3.45,2.79,0.05
US-Pfa,-90.2723,45.9459,2014,12,10,-6,-13.66,-10.95,2.03,2.61,0.02
US-Pfa,-90.2723,45.9459,2014,12,11,-4.5,-13.38,-9.81,2.72,2.22,0.04
US-Pfa,-90.2723,45.9459,2014,12,12,0.04,-8.07,-4.49,3.54,3.92,0.05
US-Pfa,-90.2723,45.9459,2014,12,13,1.08,-1.95,0.21,3.91,1.66,0.15
US-Pfa,-90.2723,45.9459,2014,12,14,1.84,1.17,1.52,3.21,1.45,0.59
US-Pfa,-90.2723,45.9459,2014,12,15,2.77,0.31,1.88,3.54,2.02,9.42
US-Pfa,-90.2723,45.9459,2014,12,16,-0.23,-7,-5.95,7.2,2.85,5.39
US-Pfa,-90.2723,45.9459,2014,12,17,-5.04,-10.92,-9.18,4.6,5.37,1.07
US-Pfa,-90.2723,45.9459,2014,12,18,-3.72,-11.91,-10.34,1.72,2.95,0.01
US-Pfa,-90.2723,45.9459,2014,12,19,-3.78,-10.64,-8.71,2.46,1.93,0.02
US-Pfa,-90.2723,45.9459,2014,12,20,-1.26,-8.51,-6.33,3.37,2.1,0.05
US-Pfa,-90.2723,45.9459,2014,12,21,-0.44,-6.42,-3.45,5.71,1.35,4.07
US-Pfa,-90.2723,45.9459,2014,12,22,0.63,-1.88,-1.42,5.56,1.1,2.76
US-Pfa,-90.2723,45.9459,2014,12,23,-0.16,-3.4,-2.18,4.46,1.53,6.56
US-Pfa,-90.2723,45.9459,2014,12,24,-0.33,-5.87,-3.54,3.51,2.18,0.53
US-Pfa,-90.2723,45.9459,2014,12,25,-1.24,-5.54,-4.15,3.72,2.57,1.41
US-Pfa,-90.2723,45.9459,2014,12,26,-0.51,-6.98,-4.45,2.33,1.99,3.05
US-Pfa,-90.2723,45.9459,2014,12,27,-3.27,-17.43,-8.16,3.87,3.86,7.57
US-Pfa,-90.2723,45.9459,2014,12,28,-9.64,-22.78,-17.08,3.84,4.77,0.08
US-Pfa,-90.2723,45.9459,2014,12,29,-13.93,-23.85,-19.22,3.74,7.06,0.13
US-Pfa,-90.2723,45.9459,2014,12,30,-19.31,-26.76,-23.51,3.7,7.44,0.05
US-Pfa,-90.2723,45.9459,2014,12,31,-14.19,-27.5,-20.93,6.55,5.69,0.32
US-Pfa,-90.2723,45.9459,2015,1,1,-6.81,-22.74,-14.77,5.26,4.33,0.81
US-Pfa,-90.2723,45.9459,2015,1,2,-12.03,-25.4,-18.86,3.61,2.86,0.02
US-Pfa,-90.2723,45.9459,2015,1,3,-3.07,-13.47,-8.78,3.79,4.32,1.83
US-Pfa,-90.2723,45.9459,2015,1,4,-12.47,-25.85,-19.94,7.84,5.91,2.13
US-Pfa,-90.2723,45.9459,2015,1,5,-21.73,-32.81,-25.84,4.12,7.04,0.05
US-Pfa,-90.2723,45.9459,2015,1,6,-17.33,-25.14,-21.03,5.94,5.7,0.67
US-Pfa,-90.2723,45.9459,2015,1,7,-20.54,-25.93,-24.03,7.05,7.6,0.64
US-Pfa,-90.2723,45.9459,2015,1,8,-16.24,-25.57,-20.58,5.85,5.76,4.26
US-Pfa,-90.2723,45.9459,2015,1,9,-18.23,-22.34,-21.18,7.73,7.43,0.31
US-Pfa,-90.2723,45.9459,2015,1,10,-15.75,-26.59,-21.64,4.22,6.38,0.02
US-Pfa,-90.2723,45.9459,2015,1,11,-13.76,-23.97,-18.04,2.33,5.26,0.32
US-Pfa,-90.2723,45.9459,2015,1,12,-15.39,-24.36,-20.39,3.71,8.03,0.17
US-Pfa,-90.2723,45.9459,2015,1,13,-13.96,-27.73,-20.69,4.68,8.52,0.04
US-Pfa,-90.2723,45.9459,2015,1,14,-7.87,-16.6,-12.77,3.85,4.57,0.31
US-Pfa,-90.2723,45.9459,2015,1,15,-2.18,-15.82,-9.12,5.93,5.48,0.13
US-Pfa,-90.2723,45.9459,2015,1,16,-10.53,-16.28,-14.06,4.56,4.32,0.04
US-Pfa,-90.2723,45.9459,2015,1,17,-0.75,-10.09,-4.73,6.69,4.82,0.22
US-Pfa,-90.2723,45.9459,2015,1,18,-1.2,-11.26,-6.51,4.71,4.33,0.67
US-Pfa,-90.2723,45.9459,2015,1,19,-5.12,-14.71,-10.91,2.94,5.24,0.47
US-Pfa,-90.2723,45.9459,2015,1,20,-4.77,-13.83,-10.71,1.92,4.42,0.16
US-Pfa,-90.2723,45.9459,2015,1,21,-4.23,-11.09,-9.04,2.11,4.14,0.04
US-Pfa,-90.2723,45.9459,2015,1,22,-6.26,-17.22,-11.22,5.36,6.58,0.03
US-Pfa,-90.2723,45.9459,2015,1,23,-1.37,-6.35,-4.25,7.36,6.49,0.56
US-Pfa,-90.2723,45.9459,2015,1,24,-0.67,-14.36,-5.77,4.13,6.37,0.11
US-Pfa,-90.2723,45.9459,2015,1,25,-9.5,-16.69,-14.67,3.32,8.18,0
US-Pfa,-90.2723,45.9459,2015,1,26,-7.67,-13.79,-11.51,4.66,4.54,3.7
US-Pfa,-90.2723,45.9459,2015,1,27,-4.36,-10.66,-9.09,1.72,4.23,0.24
US-Pfa,-90.2723,45.9459,2015,1,28,-3.93,-9.6,-6.95,5.18,5.93,0.2
US-Pfa,-90.2723,45.9459,2015,1,29,-5.05,-13.31,-8.48,7,6.56,0.39
US-Pfa,-90.2723,45.9459,2015,1,30,-11.59,-20.75,-16.07,3.23,6.95,0.02
US-Pfa,-90.2723,45.9459,2015,1,31,-6.95,-16.37,-13.23,4.38,7.2,0.16
US-Pfa,-90.2723,45.9459,2015,2,1,-13.26,-18.53,-16.58,5.55,7.61,0.07
US-Pfa,-90.2723,45.9459,2015,2,2,-14.17,-24.41,-18.95,3.91,10.55,0.02
US-Pfa,-90.2723,45.9459,2015,2,3,-11.2,-22.99,-16.79,2.97,9.36,0.3
US-Pfa,-90.2723,45.9459,2015,2,4,-14.83,-24.65,-17.85,4.91,9.7,0.4
US-Pfa,-90.2723,45.9459,2015,2,5,-12.58,-30.25,-20.34,6.79,9.69,0.02
US-Pfa,-90.2723,45.9459,2015,2,6,-6.06,-13.33,-11.23,2.57,6.63,0.07
US-Pfa,-90.2723,45.9459,2015,2,7,-4.4,-10.11,-8.47,3.67,7.33,0.05
US-Pfa,-90.2723,45.9459,2015,2,8,-7.14,-14.56,-10.45,4.7,5.49,0.17
US-Pfa,-90.2723,45.9459,2015,2,9,-5.56,-18.42,-13.27,3.01,11.12,0
US-Pfa,-90.2723,45.9459,2015,2,10,-5.95,-16.91,-10.75,4.9,5.24,2.26
US-Pfa,-90.2723,45.9459,2015,2,11,-8.7,-17.21,-12.92,6.92,9.66,1.57
US-Pfa,-90.2723,45.9459,2015,2,12,-16.2,-20.91,-18.92,5.06,11.85,0.33
US-Pfa,-90.2723,45.9459,2015,2,13,-9.34,-20.8,-15.35,6.15,6.97,0.99
US-Pfa,-90.2723,45.9459,2015,2,14,-15.93,-24,-21.48,8.42,12.06,0.68
US-Pfa,-90.2723,45.9459,2015,2,15,-16.81,-27.91,-22.46,2.85,8.93,0.05
US-Pfa,-90.2723,45.9459,2015,2,16,-12.87,-21.58,-17.33,3.72,7.6,0.27
US-Pfa,-90.2723,45.9459,2015,2,17,-15.82,-20.87,-18.9,4.03,10.81,0.42
US-Pfa,-90.2723,45.9459,2015,2,18,-20.82,-25.32,-23.51,5.79,12.85,0.26
US-Pfa,-90.2723,45.9459,2015,2,19,-19.19,-25.67,-23.45,3.78,13.29,0.08
US-Pfa,-90.2723,45.9459,2015,2,20,-11.25,-24.3,-17.09,5.92,6.61,2.26
US-Pfa,-90.2723,45.9459,2015,2,21,-10.17,-16.54,-14.14,3.98,10.51,0.13
US-Pfa,-90.2723,45.9459,2015,2,22,-17.57,-29.12,-23.01,5.14,13.7,0.05
US-Pfa,-90.2723,45.9459,2015,2,23,-14.33,-32.02,-23.09,6.65,14.03,0.12
US-Pfa,-90.2723,45.9459,2015,2,24,-5.88,-18.31,-13.13,8.53,14.17,1.05
US-Pfa,-90.2723,45.9459,2015,2,25,-14.64,-24.77,-20.27,3.85,13.33,0.06
US-Pfa,-90.2723,45.9459,2015,2,26,-15.61,-22.13,-19.83,3.79,14.66,0.06
US-Pfa,-90.2723,45.9459,2015,2,27,-11.96,-25.99,-20.12,4.03,16.13,0.01
US-Pfa,-90.2723,45.9459,2015,2,28,-10.28,-24.11,-17.67,4.97,15.28,0.03
US-Pfa,-90.2723,45.9459,2015,3,1,-8.72,-15.88,-12.81,5.67,11.28,0.1
US-Pfa,-90.2723,45.9459,2015,3,2,-6.98,-17.14,-13.35,3.92,16.2,0.02
US-Pfa,-90.2723,45.9459,2015,3,3,-3.97,-15.27,-10.17,6.42,9.33,3.42
US-Pfa,-90.2723,45.9459,2015,3,4,-16.02,-26.57,-21.09,6.04,16.99,0.06
US-Pfa,-90.2723,45.9459,2015,3,5,-13.63,-28.75,-21.46,3.88,16.71,0.01
US-Pfa,-90.2723,45.9459,2015,3,6,-4.61,-21.68,-13.41,5.9,15.85,0.03
US-Pfa,-90.2723,45.9459,2015,3,7,-0.66,-12.32,-6.9,5.14,15.17,0.13
US-Pfa,-90.2723,45.9459,2015,3,8,0.14,-12.91,-6.28,5.18,12.48,0.1
US-Pfa,-90.2723,45.9459,2015,3,9,2.39,-7.63,-2.91,4.96,14.38,0
US-Pfa,-90.2723,45.9459,2015,3,10,6.65,-3.79,-0.9,5.45,16.99,0
US-Pfa,-90.2723,45.9459,2015,3,11,5.36,-5.11,-3.73,3.89,17.13,0
US-Pfa,-90.2723,45.9459,2015,3,12,6.69,-2.15,-0.62,6.7,15.37,0
US-Pfa,-90.2723,45.9459,2015,3,13,12.13,1.81,3.49,6.12,16.38,0.05
US-Pfa,-90.2723,45.9459,2015,3,14,6.64,-2.03,-0.11,5.6,16.54,0.03
US-Pfa,-90.2723,45.9459,2015,3,15,11.58,-2.36,2.34,6.09,11.59,0
US-Pfa,-90.2723,45.9459,2015,3,16,7.11,-3.47,1.44,4.45,5.32,4.62
US-Pfa,-90.2723,45.9459,2015,3,17,1.79,-5.34,-7.83,7.03,20.08,0
US-Pfa,-90.2723,45.9459,2015,3,18,4.01,-4.19,-6.18,3.42,15.56,0
US-Pfa,-90.2723,45.9459,2015,3,19,5.5,-2.36,-3.05,4.77,11.44,0.06
US-Pfa,-90.2723,45.9459,2015,3,20,6.11,-1.53,0.24,4.33,11.83,2.04
US-Pfa,-90.2723,45.9459,2015,3,21,-0.61,-6.1,-9.12,4.82,19.43,0.01
US-Pfa,-90.2723,45.9459,2015,3,22,1.88,-4.6,-8.72,3.46,17.13,0.01
US-Pfa,-90.2723,45.9459,2015,3,23,3.64,-4.15,-6.8,2.87,17.71,0.01
US-Pfa,-90.2723,45.9459,2015,3,24,5.52,-5.4,-5.25,5.03,19.52,0.06
US-Pfa,-90.2723,45.9459,2015,3,25,3.42,-2.35,-2.48,7.37,4.68,4.56
US-Pfa,-90.2723,45.9459,2015,3,26,-2.34,-10.99,-9.52,6.11,11,0.55
US-Pfa,-90.2723,45.9459,2015,3,27,-0.71,-12.75,-12.36,2.95,22.26,0
US-Pfa,-90.2723,45.9459,2015,3,28,2.83,-10.99,-7.68,4.47,21.69,0
US-Pfa,-90.2723,45.9459,2015,3,29,3.63,-3.07,-2.65,8.72,4.68,5.6
US-Pfa,-90.2723,45.9459,2015,3,30,7.13,-3.29,-1.41,3.48,12.53,1.37
US-Pfa,-90.2723,45.9459,2015,3,31,9.53,-1.8,-0.12,3.83,20.64,0.09
US-Pfa,-90.2723,45.9459,2015,4,1,13,-1.64,3.56,7.44,13.02,2.88
US-Pfa,-90.2723,45.9459,2015,4,2,13.53,-0.48,2.14,6.43,21.55,0.83
US-Pfa,-90.2723,45.9459,2015,4,3,1.18,-5.23,-8.05,5.25,16.96,0.01
US-Pfa,-90.2723,45.9459,2015,4,4,4.31,-3.48,-5.16,4.39,21.59,0.16
US-Pfa,-90.2723,45.9459,2015,4,5,5.29,-4.43,-5.24,2.15,15.49,1.57
US-Pfa,-90.2723,45.9459,2015,4,6,3.3,-1.76,-1.35,3.43,7.07,5.36
US-Pfa,-90.2723,45.9459,2015,4,7,4.69,-2.99,-4.07,5.25,7.05,0.08
US-Pfa,-90.2723,45.9459,2015,4,8,7.34,-1.21,0.09,3.43,9.2,3.73
US-Pfa,-90.2723,45.9459,2015,4,9,2.98,-2.03,-0.63,4.26,5.4,18.95
US-Pfa,-90.2723,45.9459,2015,4,10,6.11,-2.78,-1.43,4.92,16.39,0.56
US-Pfa,-90.2723,45.9459,2015,4,11,13.18,-3.32,0.72,4.17,24.24,0
US-Pfa,-90.2723,45.9459,2015,4,12,18.61,2.98,6.48,8.33,20.95,0.11
US-Pfa,-90.2723,45.9459,2015,4,13,12.31,0.19,1.86,6.15,20.46,5.74
US-Pfa,-90.2723,45.9459,2015,4,14,15.39,-2.08,-1.38,3.35,25.24,0
US-Pfa,-90.2723,45.9459,2015,4,15,15.14,0.53,0.29,5.07,22.14,0
US-Pfa,-90.2723,45.9459,2015,4,16,18.77,1.1,4.13,3.04,20.6,0
US-Pfa,-90.2723,45.9459,2015,4,17,19.22,3.96,5.96,3.11,24.32,0
US-Pfa,-90.2723,45.9459,2015,4,18,15.93,2.3,2.23,5.2,23.56,0.19
US-Pfa,-90.2723,45.9459,2015,4,19,12.71,2.95,3.61,6.12,7.71,6.12
US-Pfa,-90.2723,45.9459,2015,4,20,4.86,-1.09,0.06,6.43,7.8,10.47
US-Pfa,-90.2723,45.9459,2015,4,21,2.36,-3.61,-3.53,6.44,15.35,3.18
US-Pfa,-90.2723,45.9459,2015,4,22,0.62,-4.02,-5.08,6.56,14.22,1.72
US-Pfa,-90.2723,45.9459,2015,4,23,5.56,-4.35,-5.12,3.86,27.7,0
US-Pfa,-90.2723,45.9459,2015,4,24,9.07,-1.17,-1.07,3.06,10.27,0.15
US-Pfa,-90.2723,45.9459,2015,4,25,12.02,-3.38,-2.26,4.35,25.24,0
US-Pfa,-90.2723,45.9459,2015,4,26,12.34,-4.18,-2.24,3.53,27.65,0
US-Pfa,-90.2723,45.9459,2015,4,27,14.24,-1.94,1.04,3.75,27.08,0
US-Pfa,-90.2723,45.9459,2015,4,28,17.47,-0.46,3.49,2.82,22.45,0
US-Pfa,-90.2723,45.9459,2015,4,29,12.47,-0.62,2.09,4.21,27.22,0
US-Pfa,-90.2723,45.9459,2015,4,30,14.63,-2.53,2.99,3.23,27.65,0.01
US-Pfa,-90.2723,45.9459,2015,5,1,16.26,3,6.39,3.6,17.34,0
US-Pfa,-90.2723,45.9459,2015,5,2,21.37,6.6,10.2,3.99,24.93,0.01
US-Pfa,-90.2723,45.9459,2015,5,3,21.28,8.48,12.14,4.75,23.03,5.15
US-Pfa,-90.2723,45.9459,2015,5,4,14.82,3.35,3.65,3.31,27.17,0
US-Pfa,-90.2723,45.9459,2015,5,5,19.09,2.53,4.31,4.05,26.6,0.03
US-Pfa,-90.2723,45.9459,2015,5,6,19.91,6.02,10.48,4.99,15.17,2.28
US-Pfa,-90.2723,45.9459,2015,5,7,22.16,10.14,14.55,7.13,15.84,9.92
US-Pfa,-90.2723,45.9459,2015,5,8,16.55,5.86,10.2,3.9,15.27,1.62
US-Pfa,-90.2723,45.9459,2015,5,9,14.36,5.11,5.84,3.59,23.67,0.07
US-Pfa,-90.2723,45.9459,2015,5,10,15.18,3.55,5.14,4.82,16.73,0.41
US-Pfa,-90.2723,45.9459,2015,5,11,14.4,5.71,7.53,4.59,10.98,12
US-Pfa,-90.2723,45.9459,2015,5,12,6.38,-0.77,0.66,5.25,17.13,1.81
US-Pfa,-90.2723,45.9459,2015,5,13,13.42,-0.89,2.24,2.51,20.63,0.12
US-Pfa,-90.2723,45.9459,2015,5,14,13.58,3.03,4.11,4.82,12.25,4.8
US-Pfa,-90.2723,45.9459,2015,5,15,15.92,6,8.25,2.4,8.54,3.68
US-Pfa,-90.2723,45.9459,2015,5,16,21.04,8.22,12.27,3.75,16.74,0.15
US-Pfa,-90.2723,45.9459,2015,5,17,21.59,11.46,14.6,6.63,12,7.26
US-Pfa,-90.2723,45.9459,2015,5,18,12.77,1.12,3.27,7.05,11.54,1.13
US-Pfa,-90.2723,45.9459,2015,5,19,9.26,-0.84,-2.09,4.51,21.24,0.13
US-Pfa,-90.2723,45.9459,2015,5,20,14.83,-1.39,1.1,2.96,20.84,0
US-Pfa,-90.2723,45.9459,2015,5,21,16.35,2.08,2.76,3.68,29.19,0
US-Pfa,-90.2723,45.9459,2015,5,22,17.36,2.9,2.75,1.93,30.56,0
US-Pfa,-90.2723,45.9459,2015,5,23,21.52,5.44,7.66,3.37,23.09,0
US-Pfa,-90.2723,45.9459,2015,5,24,20.12,9.95,11.07,3.01,10.56,10.6
US-Pfa,-90.2723,45.9459,2015,5,25,20.63,10.19,13.53,3.91,9.73,20.21
US-Pfa,-90.2723,45.9459,2015,5,26,18.65,10.54,13.28,3.44,8.61,20.98
US-Pfa,-90.2723,45.9459,2015,5,27,22.37,9.46,12.94,4.19,25.38,5.87
US-Pfa,-90.2723,45.9459,2015,5,28,24.72,11.03,15.22,3.66,26.47,0.48
US-Pfa,-90.2723,45.9459,2015,5,29,21.09,10.78,14.08,4.35,8.41,13.48
US-Pfa,-90.2723,45.9459,2015,5,30,12.67,0.99,3.16,5.22,21.98,0.64
US-Pfa,-90.2723,45.9459,2015,5,31,15.62,-0.4,2.8,3,26.82,0
US-Pfa,-90.2723,45.9459,2015,6,1,17.33,3.51,4.56,3.31,29.87,0
US-Pfa,-90.2723,45.9459,2015,6,2,18.93,4.43,6.94,4.34,29.28,0.02
US-Pfa,-90.2723,45.9459,2015,6,3,20.9,9.75,13.81,4.83,13.77,9.78
US-Pfa,-90.2723,45.9459,2015,6,4,21.25,8.78,12.29,3.95,13.57,12.02
US-Pfa,-90.2723,45.9459,2015,6,5,18.56,5.84,8.14,4.15,29.14,0.03
US-Pfa,-90.2723,45.9459,2015,6,6,19.13,3.72,8.2,4.71,27.54,6.98
US-Pfa,-90.2723,45.9459,2015,6,7,20.48,12.37,14.34,5.15,21.69,8.61
US-Pfa,-90.2723,45.9459,2015,6,8,19.02,11.92,13.56,3.2,21.83,1.83
US-Pfa,-90.2723,45.9459,2015,6,9,23.83,10.83,14.16,3.15,24.68,2.31
US-Pfa,-90.2723,45.9459,2015,6,10,19.7,12.69,12.54,4.47,28.04,0.38
US-Pfa,-90.2723,45.9459,2015,6,11,17.55,10.33,10.11,1.95,9.17,1.18
US-Pfa,-90.2723,45.9459,2015,6,12,22.79,8.96,12,3.04,30.95,0.01
US-Pfa,-90.2723,45.9459,2015,6,13,16.95,11.08,12.71,3.32,7.19,7.28
US-Pfa,-90.2723,45.9459,2015,6,14,23.83,12.77,14.99,1.84,22.65,0.62
US-Pfa,-90.2723,45.9459,2015,6,15,19.51,10.37,13.42,2.76,17.03,9.22
US-Pfa,-90.2723,45.9459,2015,6,16,19.08,8.21,8.92,2.24,27.12,0.74
US-Pfa,-90.2723,45.9459,2015,6,17,20.54,11.31,13.34,2.67,15.38,10.88
US-Pfa,-90.2723,45.9459,2015,6,18,19.28,6.77,10.75,3.74,25,0.56
US-Pfa,-90.2723,45.9459,2015,6,19,19.87,5.33,8.65,3.77,25.18,0.02
US-Pfa,-90.2723,45.9459,2015,6,20,20.02,11.09,13.75,4,9.99,9.01
US-Pfa,-90.2723,45.9459,2015,6,21,21.98,12.63,14.19,2.94,27.34,0.22
US-Pfa,-90.2723,45.9459,2015,6,22,23.89,12.61,15.6,6.43,15.55,8.2
US-Pfa,-90.2723,45.9459,2015,6,23,21.86,11.92,12.31,4.16,29.96,0.47
US-Pfa,-90.2723,45.9459,2015,6,24,23.11,11.8,13.62,2.69,23.01,3.86
US-Pfa,-90.2723,45.9459,2015,6,25,21.95,12.74,14.38,2.37,21.87,0.69
US-Pfa,-90.2723,45.9459,2015,6,26,23.44,12.52,13.55,2.16,23.89,0.48
US-Pfa,-90.2723,45.9459,2015,6,27,24.32,12.21,13.68,1.76,27.43,1.14
US-Pfa,-90.2723,45.9459,2015,6,28,21.3,13.31,13.71,3.04,20.59,1.05
US-Pfa,-90.2723,45.9459,2015,6,29,22.39,13.14,15.67,2.52,17.25,8.59
US-Pfa,-90.2723,45.9459,2015,6,30,16.29,6.87,9.5,4.36,21.38,0.8
US-Pfa,-90.2723,45.9459,2015,7,1,19.78,5.12,8.63,2.54,26.63,0
US-Pfa,-90.2723,45.9459,2015,7,2,22.01,8.12,11.32,2.64,26.19,0
US-Pfa,-90.2723,45.9459,2015,7,3,22.46,10.7,14.14,3.49,18.73,2.96
US-Pfa,-90.2723,45.9459,2015,7,4,25.6,13.3,15.95,1.73,22.43,0.65
US-Pfa,-90.2723,45.9459,2015,7,5,24.98,16.14,17.68,5.11,23.76,0.1
US-Pfa,-90.2723,45.9459,2015,7,6,20.14,11.33,15.62,4.68,8.72,29.78
US-Pfa,-90.2723,45.9459,2015,7,7,17.76,9.09,8.32,3.6,27.22,0.09
US-Pfa,-90.2723,45.9459,2015,7,8,19.56,7.34,9.24,2.72,21.75,0
US-Pfa,-90.2723,45.9459,2015,7,9,23.1,10.05,13.87,2.36,27.16,0.01
US-Pfa,-90.2723,45.9459,2015,7,10,25.8,14.46,17.04,3.38,27.15,0.01
US-Pfa,-90.2723,45.9459,2015,7,11,25.03,16,17.7,3.09,22.34,0.04
US-Pfa,-90.2723,45.9459,2015,7,12,25.47,16.01,19.2,2.98,21.21,6.54
US-Pfa,-90.2723,45.9459,2015,7,13,23.02,18.25,19.27,3.82,21.26,16.72
US-Pfa,-90.2723,45.9459,2015,7,14,18.13,8.25,12.18,4.6,18.48,1.35
US-Pfa,-90.2723,45.9459,2015,7,15,23.25,6.84,10.88,2.53,23.84,0
US-Pfa,-90.2723,45.9459,2015,7,16,21.01,13.21,14.11,3.97,12.53,7.04
US-Pfa,-90.2723,45.9459,2015,7,17,25.38,14.93,18.09,3.26,21.38,6.38
US-Pfa,-90.2723,45.9459,2015,7,18,27.01,15.91,19.01,4.57,27.07,0.73
US-Pfa,-90.2723,45.9459,2015,7,19,23.7,12.91,14.63,5.04,26.8,0
US-Pfa,-90.2723,45.9459,2015,7,20,22.4,13.11,14.31,4.77,23.88,0.01
US-Pfa,-90.2723,45.9459,2015,7,21,21.63,11.19,12.7,3.73,27.06,0
US-Pfa,-90.2723,45.9459,2015,7,22,24.44,14.08,14.31,1.79,22.79,0.01
US-Pfa,-90.2723,45.9459,2015,7,23,26.18,14.65,16.99,3.14,27.46,0.05
US-Pfa,-90.2723,45.9459,2015,7,24,24.56,15.51,18.8,4.14,17.5,9.79
US-Pfa,-90.2723,45.9459,2015,7,25,26.24,15.59,17.03,2.43,27.75,0.08
US-Pfa,-90.2723,45.9459,2015,7,26,27.28,17.43,17.56,2.82,22.46,0.05
US-Pfa,-90.2723,45.9459,2015,7,27,26.83,15.26,17.17,2.92,26.52,0
US-Pfa,-90.2723,45.9459,2015,7,28,26.72,17.44,19.79,5.3,17.05,0.53
US-Pfa,-90.2723,45.9459,2015,7,29,23.53,15.17,13.76,6.45,25.89,0.01
US-Pfa,-90.2723,45.9459,2015,7,30,23.45,13.47,13.87,5.05,25.72,2.3
US-Pfa,-90.2723,45.9459,2015,7,31,22.1,13.58,12.67,4.83,25.12,1.29
US-Pfa,-90.2723,45.9459,2015,8,1,23.18,11.94,12.7,3.79,25.9,0.02
US-Pfa,-90.2723,45.9459,2015,8,2,24.13,12.63,15.84,3.82,17.48,6.82
US-Pfa,-90.2723,45.9459,2015,8,3,19.42,10.17,11.4,4.17,19.97,0.72
US-Pfa,-90.2723,45.9459,2015,8,4,20.36,11.22,11.9,3.41,20.91,0.11
US-Pfa,-90.2723,45.9459,2015,8,5,22.52,9.7,11.49,1.25,25.42,0
US-Pfa,-90.2723,45.9459,2015,8,6,23.47,11.56,13.77,3.93,14.1,2.66
US-Pfa,-90.2723,45.9459,2015,8,7,19.01,13.73,15.36,4.85,7.2,18.39
US-Pfa,-90.2723,45.9459,2015,8,8,22.36,13.09,15.97,2.99,12.54,1.66
US-Pfa,-90.2723,45.9459,2015,8,9,25.82,15.71,18.25,2.68,10.31,5.75
US-Pfa,-90.2723,45.9459,2015,8,10,22.93,14.68,15.48,3.26,22.82,0.16
US-Pfa,-90.2723,45.9459,2015,8,11,22.04,13.46,13.59,3.3,24.24,0.02
US-Pfa,-90.2723,45.9459,2015,8,12,25.63,12.27,15.6,3.38,24.95,0.04
US-Pfa,-90.2723,45.9459,2015,8,13,26.09,16.29,18.52,4.21,16.64,2.74
US-Pfa,-90.2723,45.9459,2015,8,14,28.58,16.65,17.84,2.81,20.29,0.66
US-Pfa,-90.2723,45.9459,2015,8,15,28.97,16.41,19.83,3.11,23.65,0.05
US-Pfa,-90.2723,45.9459,2015,8,16,26.8,18.25,19.34,4.45,15.53,1.21
US-Pfa,-90.2723,45.9459,2015,8,17,20.69,13.96,14.09,2.38,10.93,3.28
US-Pfa,-90.2723,45.9459,2015,8,18,19.3,12.34,13.98,4.35,5.85,20.71
US-Pfa,-90.2723,45.9459,2015,8,19,19.9,13.57,14.67,3.91,10,5.7
US-Pfa,-90.2723,45.9459,2015,8,20,15.55,9.55,9.95,4.5,12.65,2.75
US-Pfa,-90.2723,45.9459,2015,8,21,22.79,8.5,12.49,5.08,17.69,0
US-Pfa,-90.2723,45.9459,2015,8,22,24.08,15.52,14.33,7.63,20.07,0.27
US-Pfa,-90.2723,45.9459,2015,8,23,16.64,11.44,11.65,6.88,7.75,8.38
US-Pfa,-90.2723,45.9459,2015,8,24,13.49,8.09,7,6.57,8.39,1.07
US-Pfa,-90.2723,45.9459,2015,8,25,15.41,7.42,8.9,4.16,9.99,0.06
US-Pfa,-90.2723,45.9459,2015,8,26,19.91,9.04,9.16,2.92,23.63,0.04
US-Pfa,-90.2723,45.9459,2015,8,27,21.65,6.29,9.83,2.69,17.98,0
US-Pfa,-90.2723,45.9459,2015,8,28,21.14,12.3,13.07,4.11,11,0.09
US-Pfa,-90.2723,45.9459,2015,8,29,24,11.13,14.52,2.2,16.91,0.2
US-Pfa,-90.2723,45.9459,2015,8,30,24.5,13.98,15.82,3.9,15.16,0.07
US-Pfa,-90.2723,45.9459,2015,8,31,25.72,14.8,17.31,3.99,9.92,0.05
US-Pfa,-90.2723,45.9459,2015,9,1,26.61,17.9,19.89,2.92,14.33,2.84
US-Pfa,-90.2723,45.9459,2015,9,2,24.05,17.4,19.34,1.59,3.74,18.08
US-Pfa,-90.2723,45.9459,2015,9,3,25.03,15.45,16.89,2.48,19.5,0.47
US-Pfa,-90.2723,45.9459,2015,9,4,26.35,14.94,17.34,3.18,20.45,0.02
US-Pfa,-90.2723,45.9459,2015,9,5,27.17,16.23,18.85,3.86,17.69,0.09
US-Pfa,-90.2723,45.9459,2015,9,6,26.16,20.56,21.52,4.59,7.33,16.62
US-Pfa,-90.2723,45.9459,2015,9,7,23.55,13.52,16.02,3.23,15.4,3.31
US-Pfa,-90.2723,45.9459,2015,9,8,23.64,11.73,13.71,2.99,17.03,2.69
US-Pfa,-90.2723,45.9459,2015,9,9,21.56,8.83,8.89,3.52,10.69,2.3
US-Pfa,-90.2723,45.9459,2015,9,10,18.18,8.79,9.26,3.06,19.15,0.14
US-Pfa,-90.2723,45.9459,2015,9,11,13.38,5.95,5.42,3.45,9.94,0.34
US-Pfa,-90.2723,45.9459,2015,9,12,16.29,4.72,5.67,2.71,20.04,0.01
US-Pfa,-90.2723,45.9459,2015,9,13,19.53,6.07,6.86,4.45,20.79,0
US-Pfa,-90.2723,45.9459,2015,9,14,24.27,9.01,13.1,4.65,20.22,0
US-Pfa,-90.2723,45.9459,2015,9,15,25.77,14.67,15.67,6.41,18.43,0.24
US-Pfa,-90.2723,45.9459,2015,9,16,26.1,17.53,16.13,6.91,16.27,0.28
US-Pfa,-90.2723,45.9459,2015,9,17,21.64,14.74,18.57,5.16,4.95,14.71
US-Pfa,-90.2723,45.9459,2015,9,18,18.56,10.88,11.14,3.16,9.09,2.97
US-Pfa,-90.2723,45.9459,2015,9,19,17.55,8.95,7.94,4.12,19.57,0.36
US-Pfa,-90.2723,45.9459,2015,9,20,19.54,9.72,8.19,3.96,18.72,0
US-Pfa,-90.2723,45.9459,2015,9,21,21.23,9.3,10.13,5.97,18.21,0
US-Pfa,-90.2723,45.9459,2015,9,22,21,10.32,11.31,3.22,8.54,0.19
US-Pfa,-90.2723,45.9459,2015,9,23,20.24,10.04,11.27,3.54,12.44,0.4
US-Pfa,-90.2723,45.9459,2015,9,24,18.45,12.12,12.9,2.94,7.55,1.43
US-Pfa,-90.2723,45.9459,2015,9,25,23.62,12.34,14.13,1.54,15.69,0.08
US-Pfa,-90.2723,45.9459,2015,9,26,22.39,11.58,13.33,3.62,15.45,0.04
US-Pfa,-90.2723,45.9459,2015,9,27,23.03,12.14,13.27,5.33,17.4,0.26
US-Pfa,-90.2723,45.9459,2015,9,28,18.09,9.29,13.21,3.1,5.9,3.81
US-Pfa,-90.2723,45.9459,2015,9,29,13.24,2.39,0.65,3.33,18.43,0
US-Pfa,-90.2723,45.9459,2015,9,30,15.16,1.67,1.79,2.76,17.82,0.03
US-Pfa,-90.2723,45.9459,2015,10,1,14.44,1.3,1.44,3.45,17.87,0
US-Pfa,-90.2723,45.9459,2015,10,2,14.38,-0.13,0.52,3.55,17.97,0
US-Pfa,-90.2723,45.9459,2015,10,3,11.98,0.63,1.78,3.77,15.11,0
US-Pfa,-90.2723,45.9459,2015,10,4,12.65,1.13,3.19,1.65,11.63,0
US-Pfa,-90.2723,45.9459,2015,10,5,15.04,2.79,5.82,2.35,10.12,0.09
US-Pfa,-90.2723,45.9459,2015,10,6,18.42,5.1,7.52,3.23,10.79,0.01
US-Pfa,-90.2723,45.9459,2015,10,7,14.18,1.8,2.75,2.42,15.83,0
US-Pfa,-90.2723,45.9459,2015,10,8,15.13,5.54,7.87,4.97,4.36,22.68
US-Pfa,-90.2723,45.9459,2015,10,9,13.48,4.79,4.78,3.38,10.74,0.2
US-Pfa,-90.2723,45.9459,2015,10,10,15.7,3.91,5.85,6.05,12.25,0
US-Pfa,-90.2723,45.9459,2015,10,11,23.02,9.61,12.68,4.95,14.89,0.03
US-Pfa,-90.2723,45.9459,2015,10,12,14.73,6.42,7.12,6.5,7.03,3.09
US-Pfa,-90.2723,45.9459,2015,10,13,11,2,2.75,5.28,10.79,0.34
US-Pfa,-90.2723,45.9459,2015,10,14,15.51,0.4,2.34,4.27,14.28,0.01
US-Pfa,-90.2723,45.9459,2015,10,15,12.35,2.83,1.51,5,12.17,1.23
US-Pfa,-90.2723,45.9459,2015,10,16,4.64,-2.11,-5.59,4.8,14.35,0.18
US-Pfa,-90.2723,45.9459,2015,10,17,5.37,-2.37,-3.31,3.09,14.07,0.16
US-Pfa,-90.2723,45.9459,2015,10,18,11.68,-1.19,-0.96,3.56,13.8,0
US-Pfa,-90.2723,45.9459,2015,10,19,13.47,4.07,4.92,4.69,8.72,0.75
US-Pfa,-90.2723,45.9459,2015,10,20,12.96,4.4,4.57,3.84,9.82,0
US-Pfa,-90.2723,45.9459,2015,10,21,16.76,2.68,5.7,5.09,9.12,0.04
US-Pfa,-90.2723,45.9459,2015,10,22,13,0.75,1.88,3.11,13.3,0
US-Pfa,-90.2723,45.9459,2015,10,23,8.18,2.49,4.99,5.94,3.3,10.32
US-Pfa,-90.2723,45.9459,2015,10,24,9.55,1.9,5.26,4.5,5.65,8.32
US-Pfa,-90.2723,45.9459,2015,10,25,10.26,-0.46,0.94,2.88,10.76,0.33
US-Pfa,-90.2723,45.9459,2015,10,26,8.97,3.38,4.15,2.09,3.76,7.07
US-Pfa,-90.2723,45.9459,2015,10,27,11.22,4.12,4.72,4.96,4.52,0.87
US-Pfa,-90.2723,45.9459,2015,10,28,7.13,0.29,3.07,4.57,2.81,21.44
US-Pfa,-90.2723,45.9459,2015,10,29,6.8,0.23,2.11,4.77,5.21,2.86
US-Pfa,-90.2723,45.9459,2015,10,30,5.71,0.66,2.3,3.94,2.99,0.99
US-Pfa,-90.2723,45.9459,2015,10,31,5.65,3.19,4,5.04,2.34,12.69
US-Pfa,-90.2723,45.9459,2015,11,1,10.99,3.04,4.11,4.5,7,0.66
US-Pfa,-90.2723,45.9459,2015,11,2,14.06,3.44,6.52,2.45,7.17,0.16
US-Pfa,-90.2723,45.9459,2015,11,3,17.5,5.35,8.7,3.18,10.37,0.01
US-Pfa,-90.2723,45.9459,2015,11,4,16.81,7.24,10.07,4.64,3.8,0.18
US-Pfa,-90.2723,45.9459,2015,11,5,16.04,4.46,10.83,6.86,2.07,2.42
US-Pfa,-90.2723,45.9459,2015,11,6,7.88,0.36,-0.42,5.44,8.32,0.31
US-Pfa,-90.2723,45.9459,2015,11,7,3.72,-2.19,-2.92,4.65,7.75,0.29
US-Pfa,-90.2723,45.9459,2015,11,8,11.04,-1.76,-1.23,5.97,10.1,0
US-Pfa,-90.2723,45.9459,2015,11,9,12.18,0.33,0.89,4.74,9.41,0
US-Pfa,-90.2723,45.9459,2015,11,10,9.66,-1,-0.34,3.48,9.2,0
US-Pfa,-90.2723,45.9459,2015,11,11,11.4,2.08,2.61,4.19,4.48,20.92
US-Pfa,-90.2723,45.9459,2015,11,12,4.82,-0.42,2.3,6.65,1.69,27.38
US-Pfa,-90.2723,45.9459,2015,11,13,0.85,-6.42,-3.72,6.49,5.89,3.06
US-Pfa,-90.2723,45.9459,2015,11,14,3.56,-6.27,-2.26,4.53,7.04,0
US-Pfa,-90.2723,45.9459,2015,11,15,10.44,-0.51,3.16,3.17,8.94,0
US-Pfa,-90.2723,45.9459,2015,11,16,8.87,1.85,4.33,5.6,2.08,3.81
US-Pfa,-90.2723,45.9459,2015,11,17,8.94,5.56,6.78,7.35,2.06,7.91
US-Pfa,-90.2723,45.9459,2015,11,18,11.89,3.17,7.14,9.09,4.54,11.11
US-Pfa,-90.2723,45.9459,2015,11,19,3.26,-3.75,-5.92,9.28,3.89,2.06
US-Pfa,-90.2723,45.9459,2015,11,20,-1.27,-5.5,-9.45,6.26,6.3,0.08
US-Pfa,-90.2723,45.9459,2015,11,21,-3.88,-9.74,-10.55,3.78,4.9,0.96
US-Pfa,-90.2723,45.9459,2015,11,22,-4.12,-13.34,-10.41,3.48,6.56,0.2
US-Pfa,-90.2723,45.9459,2015,11,23,1.48,-5.4,-3.34,3.65,5.29,0.34
US-Pfa,-90.2723,45.9459,2015,11,24,1.98,-4.54,-3.77,3.03,7.4,0.01
US-Pfa,-90.2723,45.9459,2015,11,25,2.57,-1.37,0.56,5.45,2.36,0.46
US-Pfa,-90.2723,45.9459,2015,11,26,1.21,-4.78,-1.53,4.34,1.45,10.27
US-Pfa,-90.2723,45.9459,2015,11,27,-4.01,-12.71,-9.49,3.76,3.99,0.06
US-Pfa,-90.2723,45.9459,2015,11,28,-1.34,-14.92,-11.26,3.68,8.48,0
US-Pfa,-90.2723,45.9459,2015,11,29,0.56,-10.76,-7.01,2,5.62,0
US-Pfa,-90.2723,45.9459,2015,11,30,1.64,-6.38,-3.27,3.09,3.12,3.41
US-Pfa,-90.2723,45.9459,2015,12,1,0.48,-7.52,-2.4,3.59,2.3,9.94
US-Pfa,-90.2723,45.9459,2015,12,2,0.17,-8.5,-4.27,2.5,2.95,0.44
US-Pfa,-90.2723,45.9459,2015,12,3,-0.96,-8.11,-5.59,3.81,5.67,0.08
US-Pfa,-90.2723,45.9459,2015,12,4,1.59,-7.91,-4.08,4,7.55,0.01
US-Pfa,-90.2723,45.9459,2015,12,5,2.06,-2.36,-0.72,5.98,5.45,0.03
US-Pfa,-90.2723,45.9459,2015,12,6,2.32,-3.74,-1.07,2.56,2.32,0.02
US-Pfa,-90.2723,45.9459,2015,12,7,1.09,-5.85,-2.99,4.14,3.53,0.03
US-Pfa,-90.2723,45.9459,2015,12,8,1.43,-2.27,-0.6,3.92,3.89,3.19
US-Pfa,-90.2723,45.9459,2015,12,9,3.35,-0.37,0.21,3.52,3.08,0.98
US-Pfa,-90.2723,45.9459,2015,12,10,2.86,0.35,1.06,4.4,2.71,6.62
US-Pfa,-90.2723,45.9459,2015,12,11,1.89,-1.56,-0.96,3.33,2.3,0.85
US-Pfa,-90.2723,45.9459,2015,12,12,1.46,-2.5,-1.14,2.69,1.87,0.37
US-Pfa,-90.2723,45.9459,2015,12,13,1.95,0.4,0.61,4.15,1.38,11.29
US-Pfa,-90.2723,45.9459,2015,12,14,0.48,-3.17,-1.51,7.74,1.35,32.21
US-Pfa,-90.2723,45.9459,2015,12,15,-1.93,-5.77,-4.62,3.94,3.23,0.28
US-Pfa,-90.2723,45.9459,2015,12,16,0.84,-3.57,-1.12,6.66,2.13,6.13
US-Pfa,-90.2723,45.9459,2015,12,17,-4.3,-12.78,-8.58,6.37,1.98,0.68
US-Pfa,-90.2723,45.9459,2015,12,18,-11.01,-17.72,-15.92,4.47,3.01,0.11
US-Pfa,-90.2723,45.9459,2015,12,19,-9.42,-17.23,-14.43,3.79,5.69,0.05
US-Pfa,-90.2723,45.9459,2015,12,20,0.01,-10.32,-4.88,3.73,3.04,0.21
US-Pfa,-90.2723,45.9459,2015,12,21,-1.78,-7.93,-5.2,3.39,3.09,0.29
US-Pfa,-90.2723,45.9459,2015,12,22,-0.51,-9.03,-5.02,4.45,2.1,0.09
US-Pfa,-90.2723,45.9459,2015,12,23,0.57,-1.84,-0.7,4.34,1.11,20.36
US-Pfa,-90.2723,45.9459,2015,12,24,-2.34,-9.85,-8.19,5.86,1.81,0.91
US-Pfa,-90.2723,45.9459,2015,12,25,-5.65,-16.57,-11.6,2.58,2.5,0.08
US-Pfa,-90.2723,45.9459,2015,12,26,-3,-10.05,-6.76,3.23,1.16,2.09
US-Pfa,-90.2723,45.9459,2015,12,27,-3.61,-16.16,-9.82,3.89,4.63,0.14
US-Pfa,-90.2723,45.9459,2015,12,28,-9.27,-17.14,-13.08,5.59,1.59,2.59
US-Pfa,-90.2723,45.9459,2015,12,29,-4.41,-10.24,-7.83,4,1.8,1.84
US-Pfa,-90.2723,45.9459,2015,12,30,-3.98,-10.47,-8.61,2.34,2.96,0.38
US-Pfa,-90.2723,45.9459,2015,12,31,-9.67,-14.79,-12.81,4.31,3.34,0.35
US-Pfa,-90.2723,45.9459,2016,1,1,-7.51,-14.64,-12.05,3.74,3.84,0.13
US-Pfa,-90.2723,45.9459,2016,1,2,-6.07,-13.66,-10.35,5.56,7.56,0.03
US-Pfa,-90.2723,45.9459,2016,1,3,-4.87,-10.96,-8.68,4.59,2.89,0.6
US-Pfa,-90.2723,45.9459,2016,1,4,-7.9,-16.82,-13.1,3.56,7.74,0.12
US-Pfa,-90.2723,45.9459,2016,1,5,-5.9,-15.27,-10.87,6.94,6.9,0.02
US-Pfa,-90.2723,45.9459,2016,1,6,-3.15,-8.68,-6.41,3.05,3.27,1.34
US-Pfa,-90.2723,45.9459,2016,1,7,-0.65,-7.46,-4.61,2.84,1.58,1.32
US-Pfa,-90.2723,45.9459,2016,1,8,0.06,-3.17,-2.35,2.71,2.44,6.45
US-Pfa,-90.2723,45.9459,2016,1,9,-3.29,-16.57,-10.67,5.07,2.6,0.53
US-Pfa,-90.2723,45.9459,2016,1,10,-16.43,-21.82,-18.99,5.53,7.48,0.7
US-Pfa,-90.2723,45.9459,2016,1,11,-19.58,-28.69,-23.37,2.37,6.27,1.42
US-Pfa,-90.2723,45.9459,2016,1,12,-16.4,-25.37,-20.25,5.71,7.13,0.58
US-Pfa,-90.2723,45.9459,2016,1,13,-16.72,-27.03,-21.9,2.64,3.82,0.46
US-Pfa,-90.2723,45.9459,2016,1,14,-8.99,-18.58,-13.84,3.38,3.48,1.21
US-Pfa,-90.2723,45.9459,2016,1,15,-4.98,-9.82,-8.51,4.57,2.86,1.6
US-Pfa,-90.2723,45.9459,2016,1,16,-9.98,-23.64,-19.02,5.52,5.55,0.42
US-Pfa,-90.2723,45.9459,2016,1,17,-20.39,-25.84,-23.05,5.87,8.33,0.38
US-Pfa,-90.2723,45.9459,2016,1,18,-19.33,-25.78,-22.61,4.94,8.67,0.28
US-Pfa,-90.2723,45.9459,2016,1,19,-14.75,-22.89,-19.55,2.58,8.03,0.04
US-Pfa,-90.2723,45.9459,2016,1,20,-11.42,-22.85,-17.31,2.75,5.31,0.26
US-Pfa,-90.2723,45.9459,2016,1,21,-7.29,-15.26,-12.17,2.91,5.69,0.27
US-Pfa,-90.2723,45.9459,2016,1,22,-5.77,-14.54,-10.26,2.5,4.47,0.14
US-Pfa,-90.2723,45.9459,2016,1,23,-6.15,-15.54,-10.96,5.82,6.58,0.05
US-Pfa,-90.2723,45.9459,2016,1,24,-4.9,-12.22,-9.04,2.37,4.61,0.12
US-Pfa,-90.2723,45.9459,2016,1,25,-4.07,-8.46,-7.34,2.17,2.79,2.55
US-Pfa,-90.2723,45.9459,2016,1,26,-4.33,-11.79,-7.73,4.67,5.08,2.65
US-Pfa,-90.2723,45.9459,2016,1,27,0.04,-16.44,-8.51,8.08,3.51,4.35
US-Pfa,-90.2723,45.9459,2016,1,28,-0.12,-19.76,-9.03,6.8,6.67,1.67
US-Pfa,-90.2723,45.9459,2016,1,29,-6.21,-22.29,-14.11,5.9,3.86,2.44
US-Pfa,-90.2723,45.9459,2016,1,30,0.45,-5.94,-2.34,5.75,8.1,0.32
US-Pfa,-90.2723,45.9459,2016,1,31,0.09,-3.85,-1.81,2.94,9.2,0.12
US-Pfa,-90.2723,45.9459,2016,2,1,-2.15,-9.11,-6.89,2.31,8.91,0.07
US-Pfa,-90.2723,45.9459,2016,2,2,-2.76,-11.29,-6.8,4,4.05,7.56
US-Pfa,-90.2723,45.9459,2016,2,3,-4.44,-13.42,-8.63,6.86,8.72,3.13
US-Pfa,-90.2723,45.9459,2016,2,4,-7.03,-19.21,-14.38,3.08,7.71,0.27
US-Pfa,-90.2723,45.9459,2016,2,5,-8.07,-18.66,-13.4,3.38,9.69,0.11
US-Pfa,-90.2723,45.9459,2016,2,6,-3.52,-11.09,-7.3,5.64,9.08,1.06
US-Pfa,-90.2723,45.9459,2016,2,7,0.16,-5.62,-2.85,5.81,4.76,1.93
US-Pfa,-90.2723,45.9459,2016,2,8,-6.79,-12.43,-11,6.14,6.94,4.13
US-Pfa,-90.2723,45.9459,2016,2,9,-11.87,-15.62,-14.23,7.9,10.32,1.93
US-Pfa,-90.2723,45.9459,2016,2,10,-14.11,-18.41,-17.16,4.93,10.78,0.87
US-Pfa,-90.2723,45.9459,2016,2,11,-13.72,-22.7,-18.55,3.78,11.71,0.1
US-Pfa,-90.2723,45.9459,2016,2,12,-15.87,-20.47,-19.37,7.29,12.41,0.43
US-Pfa,-90.2723,45.9459,2016,2,13,-16.49,-27.7,-21.78,3.84,12.93,0.14
US-Pfa,-90.2723,45.9459,2016,2,14,-10.28,-28.12,-18.32,6.02,9.77,0.35
US-Pfa,-90.2723,45.9459,2016,2,15,-6.94,-14.47,-11.5,4.18,7.6,0.7
US-Pfa,-90.2723,45.9459,2016,2,16,-3.46,-15.45,-9.02,4.46,9.6,1.66
US-Pfa,-90.2723,45.9459,2016,2,17,-7.64,-19.76,-15.84,3.1,13.42,0
US-Pfa,-90.2723,45.9459,2016,2,18,-0.41,-16.48,-8.09,8.87,6.55,1.18
US-Pfa,-90.2723,45.9459,2016,2,19,0.5,-0.34,-0.23,8.37,3.78,5.9
US-Pfa,-90.2723,45.9459,2016,2,20,0.17,-4.33,-1.62,4.9,4.72,0.28
US-Pfa,-90.2723,45.9459,2016,2,21,-2.74,-14.92,-7.58,2.84,7.2,0.32
US-Pfa,-90.2723,45.9459,2016,2,22,-3.86,-16.44,-11.67,2.49,11.75,0
US-Pfa,-90.2723,45.9459,2016,2,23,-0.07,-11.24,-5.95,3.76,5.62,1.02
US-Pfa,-90.2723,45.9459,2016,2,24,-0.05,-5.36,-3.98,4.78,5.92,0.22
US-Pfa,-90.2723,45.9459,2016,2,25,-4.52,-9.67,-7.36,7,13.34,0.07
US-Pfa,-90.2723,45.9459,2016,2,26,-4.47,-14.28,-9.73,4.56,13.35,0
US-Pfa,-90.2723,45.9459,2016,2,27,2.76,-5.86,-2.16,4.5,14.05,0
US-Pfa,-90.2723,45.9459,2016,2,28,-0.31,-10.72,-5.14,5.28,6.86,2.31
US-Pfa,-90.2723,45.9459,2016,2,29,-5.01,-19.66,-14.04,6.57,15.18,0.6
US-Pfa,-90.2723,45.9459,2016,3,1,-10.17,-19.41,-15.79,4.15,15.57,0.07
US-Pfa,-90.2723,45.9459,2016,3,2,-5.99,-21.34,-14.62,2.49,13.19,0.01
US-Pfa,-90.2723,45.9459,2016,3,3,-3.88,-13.01,-9.74,2.53,13.09,0.05
US-Pfa,-90.2723,45.9459,2016,3,4,-1.74,-12.78,-7.36,2.87,10.55,3.25
US-Pfa,-90.2723,45.9459,2016,3,5,-0.25,-7.64,-5.01,2.91,9.94,0.26
US-Pfa,-90.2723,45.9459,2016,3,6,2.13,-6.18,-2.06,7.6,14.91,0.03
US-Pfa,-90.2723,45.9459,2016,3,7,4.93,0.66,2.46,3.47,13.54,0.29
US-Pfa,-90.2723,45.9459,2016,3,8,12.29,2.97,6.85,5.16,7.32,0.74
US-Pfa,-90.2723,45.9459,2016,3,9,3.67,-0.73,1.86,2.1,4.7,0.25
US-Pfa,-90.2723,45.9459,2016,3,10,7.55,-3.19,-1.14,2.68,9.05,0.03
US-Pfa,-90.2723,45.9459,2016,3,11,10.21,-1.79,1.02,5.07,17.88,0.02
US-Pfa,-90.2723,45.9459,2016,3,12,17.05,2.39,4.93,3.1,17.41,0.03
US-Pfa,-90.2723,45.9459,2016,3,13,12.04,3.04,5.13,3.87,8.24,0.38
US-Pfa,-90.2723,45.9459,2016,3,14,8.96,1.99,4.76,2.17,5.91,0.21
US-Pfa,-90.2723,45.9459,2016,3,15,11.28,3.2,5.66,5.82,3.94,12.6
US-Pfa,-90.2723,45.9459,2016,3,16,3.33,-2.28,-0.26,5.37,4.06,40.09
US-Pfa,-90.2723,45.9459,2016,3,17,-1.28,-8.87,-4.62,3.35,8.27,2.37
US-Pfa,-90.2723,45.9459,2016,3,18,-1.57,-10.59,-6.19,3.74,7.95,0.22
US-Pfa,-90.2723,45.9459,2016,3,19,0.22,-15.1,-8.75,3.06,18.46,0
US-Pfa,-90.2723,45.9459,2016,3,20,-0.06,-11.23,-6.74,4.24,20.36,0.02
US-Pfa,-90.2723,45.9459,2016,3,21,1.03,-7.71,-4.37,2.5,16.01,0.17
US-Pfa,-90.2723,45.9459,2016,3,22,3.92,-3.76,-1.5,4.02,15.46,0.39
US-Pfa,-90.2723,45.9459,2016,3,23,1.81,-5.86,-5.93,5.05,7.08,0.22
US-Pfa,-90.2723,45.9459,2016,3,24,3.55,-5.15,-5.49,4.91,21.11,0.54
US-Pfa,-90.2723,45.9459,2016,3,25,4.68,-6.79,-3.5,3.91,17.77,0.17
US-Pfa,-90.2723,45.9459,2016,3,26,6.98,-0.69,1.06,3.15,6.99,8.13
US-Pfa,-90.2723,45.9459,2016,3,27,4.48,-3.57,0.31,3.33,6.65,2.65
US-Pfa,-90.2723,45.9459,2016,3,28,8.18,-3.79,-1.11,2.9,19.84,0.02
US-Pfa,-90.2723,45.9459,2016,3,29,12.02,-1.41,2.48,4.85,18.51,0.05
US-Pfa,-90.2723,45.9459,2016,3,30,5.96,2.11,3.06,3.9,4.14,5.3
US-Pfa,-90.2723,45.9459,2016,3,31,4.23,-1.38,-1.01,5.08,7.75,5.87
US-Pfa,-90.2723,45.9459,2016,4,1,0.13,-5.08,-5.23,5.08,13.47,1.24
US-Pfa,-90.2723,45.9459,2016,4,2,-4.05,-7.64,-10.48,5.93,14.93,3.13
US-Pfa,-90.2723,45.9459,2016,4,3,3.38,-7.04,-7.2,4.77,16.56,0.33
US-Pfa,-90.2723,45.9459,2016,4,4,-1.06,-8.09,-9.12,3.34,14.2,0.06
US-Pfa,-90.2723,45.9459,2016,4,5,3.97,-8.56,-4.73,5.84,10.88,7.04
US-Pfa,-90.2723,45.9459,2016,4,6,2.59,-1.93,-1.71,4.29,7.91,6.64
US-Pfa,-90.2723,45.9459,2016,4,7,1.37,-3.02,-3.56,4.47,9.2,1.74
US-Pfa,-90.2723,45.9459,2016,4,8,-1.75,-8.03,-6.83,6.16,15.65,4.93
US-Pfa,-90.2723,45.9459,2016,4,9,-1.64,-12.99,-9.44,3.64,19.36,0.59
US-Pfa,-90.2723,45.9459,2016,4,10,2.86,-4.08,-2.56,6.19,19.83,1.19
US-Pfa,-90.2723,45.9459,2016,4,11,0.34,-5.24,-5.55,6.56,13.81,0.16
US-Pfa,-90.2723,45.9459,2016,4,12,3.96,-8.44,-5.33,2.36,23.11,0.37
US-Pfa,-90.2723,45.9459,2016,4,13,8.28,-1.11,0.73,5.33,22.59,2.04
US-Pfa,-90.2723,45.9459,2016,4,14,16.15,-0.5,4.05,7.14,23.14,0.02
US-Pfa,-90.2723,45.9459,2016,4,15,17,1.61,4.39,6.36,24.63,0
US-Pfa,-90.2723,45.9459,2016,4,16,20.88,2.49,7.39,4.84,21.38,0
US-Pfa,-90.2723,45.9459,2016,4,17,22.21,5.25,9.44,3.73,17.74,0
US-Pfa,-90.2723,45.9459,2016,4,18,16.28,4.64,8.4,3.75,14.59,0.03
US-Pfa,-90.2723,45.9459,2016,4,19,14.92,4.09,3.53,4.11,7.26,0.2
US-Pfa,-90.2723,45.9459,2016,4,20,16.1,3.53,4.74,4.35,17.21,0.14
US-Pfa,-90.2723,45.9459,2016,4,21,16.6,2.28,6.55,3.61,10.85,0.91
US-Pfa,-90.2723,45.9459,2016,4,22,10.93,-0.42,-1.49,4.36,21.45,0.01
US-Pfa,-90.2723,45.9459,2016,4,23,11.74,-2.13,2.05,3.45,19.88,1.79
US-Pfa,-90.2723,45.9459,2016,4,24,8.47,3.03,4.47,5.12,4.31,36.57
US-Pfa,-90.2723,45.9459,2016,4,25,9.1,0.84,3.16,6.2,5.17,17.16
US-Pfa,-90.2723,45.9459,2016,4,26,11.63,-1.34,-0.39,4.66,13.68,0.02
US-Pfa,-90.2723,45.9459,2016,4,27,12.01,-2.76,-2.36,4.93,19.28,0.02
US-Pfa,-90.2723,45.9459,2016,4,28,12.09,-0.31,0.34,3.74,12.37,0.17
US-Pfa,-90.2723,45.9459,2016,4,29,14.98,1.65,3.19,2.12,22.67,0.02
US-Pfa,-90.2723,45.9459,2016,4,30,11.14,1.76,2.12,4.59,16.48,0.01
US-Pfa,-90.2723,45.9459,2016,5,1,13.52,1.19,3.74,3.78,24.15,0.04
US-Pfa,-90.2723,45.9459,2016,5,2,15.9,2.89,5.13,1.86,21.91,0.04
US-Pfa,-90.2723,45.9459,2016,5,3,15.67,4.2,5.88,5.17,14.87,3.38
US-Pfa,-90.2723,45.9459,2016,5,4,9.7,1,1.68,5.25,28.72,0.05
US-Pfa,-90.2723,45.9459,2016,5,5,18.27,1.04,5.59,2.64,24.7,0.14
US-Pfa,-90.2723,45.9459,2016,5,6,26.16,8.11,12.82,4.94,27.01,5.44
US-Pfa,-90.2723,45.9459,2016,5,7,15.35,4.94,4.65,4.43,27.18,0.02
US-Pfa,-90.2723,45.9459,2016,5,8,16.43,3.98,3.68,2.85,27.8,0
US-Pfa,-90.2723,45.9459,2016,5,9,16.13,3.35,4.84,4.61,21.11,0
US-Pfa,-90.2723,45.9459,2016,5,10,11.55,4.12,3.94,5.32,7.15,2.57
US-Pfa,-90.2723,45.9459,2016,5,11,13.74,4.22,8.34,4.1,7.94,3.45
US-Pfa,-90.2723,45.9459,2016,5,12,16.21,5.4,8.1,3.56,14.23,2.43
US-Pfa,-90.2723,45.9459,2016,5,13,9.29,0.95,1.61,5.3,9.28,1.51
US-Pfa,-90.2723,45.9459,2016,5,14,3.66,-1.82,-3.69,5.23,14.64,0.59
US-Pfa,-90.2723,45.9459,2016,5,15,11.24,-2.25,-0.28,4.68,22.11,0.86
US-Pfa,-90.2723,45.9459,2016,5,16,11.38,0.92,2.58,4.2,23.17,1.96
US-Pfa,-90.2723,45.9459,2016,5,17,14.65,-0.61,1.43,2.89,28.99,0
US-Pfa,-90.2723,45.9459,2016,5,18,18.05,3.25,2.71,1.22,30.38,0
US-Pfa,-90.2723,45.9459,2016,5,19,19.08,4.16,5.96,3.23,25.56,0
US-Pfa,-90.2723,45.9459,2016,5,20,20.77,5.8,7.55,2.31,24.29,0
US-Pfa,-90.2723,45.9459,2016,5,21,22.91,8.34,9,2.69,26.9,0
US-Pfa,-90.2723,45.9459,2016,5,22,24.19,10.43,10.47,3.03,28.89,0
US-Pfa,-90.2723,45.9459,2016,5,23,23.87,10.69,13.53,6.69,22.05,2.18
US-Pfa,-90.2723,45.9459,2016,5,24,23.2,12.14,15.65,2.73,20.52,6.98
US-Pfa,-90.2723,45.9459,2016,5,25,21.6,11.05,14.04,4.2,14.12,26.96
US-Pfa,-90.2723,45.9459,2016,5,26,23.54,13.25,15.33,2.2,23.44,9.2
US-Pfa,-90.2723,45.9459,2016,5,27,22.11,13.32,14.29,2.81,7.28,2.41
US-Pfa,-90.2723,45.9459,2016,5,28,22.53,15.67,17.14,3.22,13.89,16.7
US-Pfa,-90.2723,45.9459,2016,5,29,19.7,13.39,14.67,4.28,17.27,7.07
US-Pfa,-90.2723,45.9459,2016,5,30,22.97,10.76,12.04,3.03,27.44,0.08
US-Pfa,-90.2723,45.9459,2016,5,31,19.88,13.45,13.49,6.17,15.72,15.46
US-Pfa,-90.2723,45.9459,2016,6,1,19.24,10.26,12.28,5.13,20.65,0.91
US-Pfa,-90.2723,45.9459,2016,6,2,17.61,9.35,10.13,3.58,17.71,0.03
US-Pfa,-90.2723,45.9459,2016,6,3,20.71,8.16,12.3,3.2,13.77,8.97
US-Pfa,-90.2723,45.9459,2016,6,4,19.86,8.86,13.11,4.02,15.08,16.52
US-Pfa,-90.2723,45.9459,2016,6,5,19.5,8.85,11.15,5.21,25.65,3.81
US-Pfa,-90.2723,45.9459,2016,6,6,13.81,7.94,9.27,5.48,18.98,2.71
US-Pfa,-90.2723,45.9459,2016,6,7,15.09,5.2,6.27,4.64,26.08,0.08
US-Pfa,-90.2723,45.9459,2016,6,8,16.92,3.47,5.53,1.73,30.31,0
US-Pfa,-90.2723,45.9459,2016,6,9,24.08,9.08,12.2,2.93,22.87,0.01
US-Pfa,-90.2723,45.9459,2016,6,10,25.25,11.59,17.64,5.15,18.25,9.85
US-Pfa,-90.2723,45.9459,2016,6,11,24.53,11.03,15.3,4.45,28.56,0.54
US-Pfa,-90.2723,45.9459,2016,6,12,21.48,7.95,9.9,3.2,20.29,0.07
US-Pfa,-90.2723,45.9459,2016,6,13,18.45,11.75,12.85,2.56,10.52,17.36
US-Pfa,-90.2723,45.9459,2016,6,14,22.8,11.99,14.97,4.09,16.59,7.6
US-Pfa,-90.2723,45.9459,2016,6,15,24.15,10.48,15.78,3.9,15.02,35.28
US-Pfa,-90.2723,45.9459,2016,6,16,21.94,9.78,13.15,3.69,28.83,0.27
US-Pfa,-90.2723,45.9459,2016,6,17,25.12,12.51,16.51,2.81,27.17,0.51
US-Pfa,-90.2723,45.9459,2016,6,18,25.03,16.56,18.48,3.18,22.99,0.24
US-Pfa,-90.2723,45.9459,2016,6,19,26.29,15.78,18.26,6.28,28.98,1.08
US-Pfa,-90.2723,45.9459,2016,6,20,20.97,11.59,13.2,5.89,31.3,3.99
US-Pfa,-90.2723,45.9459,2016,6,21,21.18,9.27,11.09,4.46,30.38,0
US-Pfa,-90.2723,45.9459,2016,6,22,22.29,9.46,12.21,3.11,26.99,0.08
US-Pfa,-90.2723,45.9459,2016,6,23,23.02,11.43,12.2,2.05,19.01,5.61
US-Pfa,-90.2723,45.9459,2016,6,24,24.46,13.87,13.84,2.56,30.49,0
US-Pfa,-90.2723,45.9459,2016,6,25,26.14,16.02,20.28,6.66,24.44,30
US-Pfa,-90.2723,45.9459,2016,6,26,23.47,15.91,16.23,5.53,30.22,3.87
US-Pfa,-90.2723,45.9459,2016,6,27,17.29,9.69,11.54,4.62,14.26,1.24
US-Pfa,-90.2723,45.9459,2016,6,28,20.76,9.17,9.7,2.16,29.36,0.02
US-Pfa,-90.2723,45.9459,2016,6,29,22.19,9.47,11.11,2.54,26.03,0.02
US-Pfa,-90.2723,45.9459,2016,6,30,18.99,10.9,12.55,3.61,17.94,8.08
US-Pfa,-90.2723,45.9459,2016,7,1,19.36,8.9,9.68,3.51,29.21,0.25
US-Pfa,-90.2723,45.9459,2016,7,2,21.87,9.56,10.92,2.22,27.18,0
US-Pfa,-90.2723,45.9459,2016,7,3,23.08,11.43,12.72,2.18,26.8,0
US-Pfa,-90.2723,45.9459,2016,7,4,22.98,12.34,14.38,3.5,26.15,0.01
US-Pfa,-90.2723,45.9459,2016,7,5,27.18,14.99,19.23,3.9,22.31,3.34
US-Pfa,-90.2723,45.9459,2016,7,6,25.34,17.36,17.71,2.9,27.51,4.07
US-Pfa,-90.2723,45.9459,2016,7,7,22,14.27,16.37,2.17,11.78,4.37
US-Pfa,-90.2723,45.9459,2016,7,8,21.01,12.69,15.17,4.74,15.58,8.51
US-Pfa,-90.2723,45.9459,2016,7,9,22.9,12.24,13.79,2.57,28.39,0.32
US-Pfa,-90.2723,45.9459,2016,7,10,21.64,13.34,16.82,4.75,9.62,4
US-Pfa,-90.2723,45.9459,2016,7,11,25.96,19.22,21.96,5.07,13.73,23.33
US-Pfa,-90.2723,45.9459,2016,7,12,24.96,16.99,18.69,5.84,26.06,11.3
US-Pfa,-90.2723,45.9459,2016,7,13,25.49,16.22,16.97,6.8,24.43,1.59
US-Pfa,-90.2723,45.9459,2016,7,14,20.72,12.96,14.92,5.26,11.49,5.66
US-Pfa,-90.2723,45.9459,2016,7,15,18.21,11.81,11.61,2.83,20.32,0.19
US-Pfa,-90.2723,45.9459,2016,7,16,22.28,10.36,14.11,3.18,24.24,0.36
US-Pfa,-90.2723,45.9459,2016,7,17,25.58,14.89,16.77,5.28,23.95,6.56
US-Pfa,-90.2723,45.9459,2016,7,18,22.46,13.93,15.3,3.57,27.71,0.14
US-Pfa,-90.2723,45.9459,2016,7,19,25.89,12.47,16.3,2.27,27.22,0
US-Pfa,-90.2723,45.9459,2016,7,20,28.12,17.86,21.63,4.77,23.61,6.14
US-Pfa,-90.2723,45.9459,2016,7,21,29.22,18.12,22.64,4.22,20.02,6.05
US-Pfa,-90.2723,45.9459,2016,7,22,28.75,16.29,18.48,2.79,28.19,0.03
US-Pfa,-90.2723,45.9459,2016,7,23,28.48,16.2,18.04,2.9,9.4,7.5
US-Pfa,-90.2723,45.9459,2016,7,24,26.78,17.39,19.61,4.13,23.69,1.58
US-Pfa,-90.2723,45.9459,2016,7,25,24.31,15.37,16.72,3.91,28.5,0
US-Pfa,-90.2723,45.9459,2016,7,26,27.33,15.85,19.26,3.79,25.3,9.55
US-Pfa,-90.2723,45.9459,2016,7,27,22.41,15.45,18.33,2.37,7.46,28.52
US-Pfa,-90.2723,45.9459,2016,7,28,21.36,11.52,13.91,3.91,14.53,4.95
US-Pfa,-90.2723,45.9459,2016,7,29,23.61,8.74,13.43,2.4,26.79,0.02
US-Pfa,-90.2723,45.9459,2016,7,30,24.1,14.12,14.72,2.2,24.96,0.02
US-Pfa,-90.2723,45.9459,2016,7,31,24.41,12.69,14.37,2.29,25.91,0
US-Pfa,-90.2723,45.9459,2016,8,1,25.25,14.16,16.95,3.31,22.62,0.27
US-Pfa,-90.2723,45.9459,2016,8,2,25.42,15.89,19.09,3.69,16.99,12.54
US-Pfa,-90.2723,45.9459,2016,8,3,27.35,15.53,17.98,2.22,25.09,0.08
US-Pfa,-90.2723,45.9459,2016,8,4,27.08,16.4,20.88,5.84,11.18,6.5
US-Pfa,-90.2723,45.9459,2016,8,5,22.51,15.37,15.56,3.96,19.13,0.06
US-Pfa,-90.2723,45.9459,2016,8,6,23,14.28,15.13,3.3,24.85,0.01
US-Pfa,-90.2723,45.9459,2016,8,7,23.62,13.55,14.29,1.83,23.39,0.01
US-Pfa,-90.2723,45.9459,2016,8,8,23.67,12.84,14.79,3.34,23.67,0.01
US-Pfa,-90.2723,45.9459,2016,8,9,26.15,15.58,19.02,4.58,18.25,0.24
US-Pfa,-90.2723,45.9459,2016,8,10,27.31,18.33,20.81,2.79,18.65,1.34
US-Pfa,-90.2723,45.9459,2016,8,11,24.97,14.91,19.41,5.87,14.84,29.59
US-Pfa,-90.2723,45.9459,2016,8,12,25.06,14.83,17.48,2.36,10.49,1.2
US-Pfa,-90.2723,45.9459,2016,8,13,22.82,15.37,16.66,2.95,15.77,1.65
US-Pfa,-90.2723,45.9459,2016,8,14,23.09,14.37,15.16,2.59,24.29,0.09
US-Pfa,-90.2723,45.9459,2016,8,15,24.9,13.4,15.6,1.9,22.84,0.02
US-Pfa,-90.2723,45.9459,2016,8,16,24.49,15.15,17.02,2.24,17.77,2.65
US-Pfa,-90.2723,45.9459,2016,8,17,25.39,16.16,17.65,2.28,24.68,0.68
US-Pfa,-90.2723,45.9459,2016,8,18,25.98,16.05,18.66,3.28,18.47,1.98
US-Pfa,-90.2723,45.9459,2016,8,19,22.06,17.62,18.08,2.52,10.5,13.58
US-Pfa,-90.2723,45.9459,2016,8,20,18.19,13.53,14.47,4.22,6.79,47.73
US-Pfa,-90.2723,45.9459,2016,8,21,17.46,10.76,10.09,4.39,19.36,2.07
US-Pfa,-90.2723,45.9459,2016,8,22,23.1,9.72,13.3,5.49,23.03,0.14
US-Pfa,-90.2723,45.9459,2016,8,23,24.94,14.71,16.87,5.32,22.33,0.93
US-Pfa,-90.2723,45.9459,2016,8,24,24.26,15.05,17.14,4.09,11.97,16.13
US-Pfa,-90.2723,45.9459,2016,8,25,22.02,12.93,13.13,4.13,21.47,0.04
US-Pfa,-90.2723,45.9459,2016,8,26,19.9,11.07,11.3,2.4,17.83,0.03
US-Pfa,-90.2723,45.9459,2016,8,27,19.75,12.26,13.27,2.08,9.12,1.37
US-Pfa,-90.2723,45.9459,2016,8,28,24.11,13.01,15.98,2.1,16.53,0.49
US-Pfa,-90.2723,45.9459,2016,8,29,23.87,16.36,19.45,3.61,18.14,5.27
US-Pfa,-90.2723,45.9459,2016,8,30,23.41,12.85,15.63,2.89,16.97,0.52
US-Pfa,-90.2723,45.9459,2016,8,31,21.09,10.83,12.73,3.14,21.59,0.04
US-Pfa,-90.2723,45.9459,2016,9,1,20.24,9.81,11.83,2.93,15.58,0.04
US-Pfa,-90.2723,45.9459,2016,9,2,20.92,7,10.5,3,23.02,0
US-Pfa,-90.2723,45.9459,2016,9,3,20.99,8.42,12.02,4.13,17.95,0
US-Pfa,-90.2723,45.9459,2016,9,4,22.33,13.14,14.09,5.62,18.25,0.34
US-Pfa,-90.2723,45.9459,2016,9,5,24.68,15.62,18.57,5.37,13.15,27.93
US-Pfa,-90.2723,45.9459,2016,9,6,24.14,16.27,19.25,3.88,7.97,41.3
US-Pfa,-90.2723,45.9459,2016,9,7,22.71,15.5,16.99,1.76,6.33,4.08
US-Pfa,-90.2723,45.9459,2016,9,8,20.88,12.02,14.23,4.13,21.63,2.43
US-Pfa,-90.2723,45.9459,2016,9,9,22.31,10.91,12.92,3.28,11.68,7.75
US-Pfa,-90.2723,45.9459,2016,9,10,16.78,9.36,11.07,4.12,16.74,7.7
US-Pfa,-90.2723,45.9459,2016,9,11,20.71,8.21,11.13,5.09,20.71,0
US-Pfa,-90.2723,45.9459,2016,9,12,23.01,11.71,14.56,5.47,18.36,1.88
US-Pfa,-90.2723,45.9459,2016,9,13,18.53,9.66,11.45,4.04,12.99,0.86
US-Pfa,-90.2723,45.9459,2016,9,14,18.65,8.2,8.11,1.63,21.11,0.02
US-Pfa,-90.2723,45.9459,2016,9,15,21.61,7.75,12.66,4.02,16.35,1.53
US-Pfa,-90.2723,45.9459,2016,9,16,22.39,14.63,16.36,3.71,10.09,2.27
US-Pfa,-90.2723,45.9459,2016,9,17,20.2,13.12,14.16,3.47,6.79,1.39
US-Pfa,-90.2723,45.9459,2016,9,18,22.37,9.09,13.08,3.91,18.39,0.5
US-Pfa,-90.2723,45.9459,2016,9,19,19.4,10.47,12.96,4.66,14.87,2.21
US-Pfa,-90.2723,45.9459,2016,9,20,21.95,8.3,10.78,2.86,12.53,0.2
US-Pfa,-90.2723,45.9459,2016,9,21,22.29,11.94,14.78,3.25,7.82,26.92
US-Pfa,-90.2723,45.9459,2016,9,22,19.55,10.97,13.99,3.86,8.43,8.83
US-Pfa,-90.2723,45.9459,2016,9,23,19.62,9.51,10.28,3.18,14.76,0.07
US-Pfa,-90.2723,45.9459,2016,9,24,19.55,10.11,11.16,4.63,7.01,0.12
US-Pfa,-90.2723,45.9459,2016,9,25,19.52,10.49,13.15,5.84,6.88,6.89
US-Pfa,-90.2723,45.9459,2016,9,26,11.23,7.98,7.13,7.74,9.54,7.72
US-Pfa,-90.2723,45.9459,2016,9,27,9.77,7.48,7.21,5.69,4.66,7.84
US-Pfa,-90.2723,45.9459,2016,9,28,16.09,9.21,9.92,4.73,9.25,1.77
US-Pfa,-90.2723,45.9459,2016,9,29,18.88,8.01,10.5,3.15,16.59,0.16
US-Pfa,-90.2723,45.9459,2016,9,30,19.86,6.27,10.2,3.49,16.01,0.03
US-Pfa,-90.2723,45.9459,2016,10,1,18.46,9.1,10.49,2.54,11.98,0.11
US-Pfa,-90.2723,45.9459,2016,10,2,18.8,6.3,8.58,2.57,16.76,0.04
US-Pfa,-90.2723,45.9459,2016,10,3,19.05,5.29,8.89,3.18,16.78,0.01
US-Pfa,-90.2723,45.9459,2016,10,4,18.8,9.93,12.03,5.58,11.21,0.06
US-Pfa,-90.2723,45.9459,2016,10,5,17.69,7.88,10.91,5.62,11.17,5.9
US-Pfa,-90.2723,45.9459,2016,10,6,19.44,6.05,9.29,3.17,14.11,0.75
US-Pfa,-90.2723,45.9459,2016,10,7,15.61,1.18,3.36,6.16,10.27,15.18
US-Pfa,-90.2723,45.9459,2016,10,8,10.04,-0.64,1.19,3.9,14.04,0.21
US-Pfa,-90.2723,45.9459,2016,10,9,11.88,0.73,2.83,2.69,15.6,0.02
US-Pfa,-90.2723,45.9459,2016,10,10,17.73,4.5,8.44,6.3,13.53,0.91
US-Pfa,-90.2723,45.9459,2016,10,11,18.79,11.4,12.47,5.09,7.57,2
US-Pfa,-90.2723,45.9459,2016,10,12,14.02,1.38,3.95,4.72,5.9,5.77
US-Pfa,-90.2723,45.9459,2016,10,13,7.54,-2.41,-1.38,3.1,13.85,0
US-Pfa,-90.2723,45.9459,2016,10,14,11.09,-0.45,3,6.51,9.01,0.01
US-Pfa,-90.2723,45.9459,2016,10,15,16.39,10.32,12.06,6.15,2.5,1.62
US-Pfa,-90.2723,45.9459,2016,10,16,17.56,4.64,7.84,3.26,12.54,0.29
US-Pfa,-90.2723,45.9459,2016,10,17,18.51,9.25,12.19,4.53,5.8,46.11
US-Pfa,-90.2723,45.9459,2016,10,18,16.1,5.64,7.6,3.78,13.22,8.15
US-Pfa,-90.2723,45.9459,2016,10,19,12.47,0.93,3.87,3.41,12.36,0
US-Pfa,-90.2723,45.9459,2016,10,20,8.32,-0.95,0.38,2.85,9.47,0.14
US-Pfa,-90.2723,45.9459,2016,10,21,8.16,-0.75,0.31,2.11,8.75,0.16
US-Pfa,-90.2723,45.9459,2016,10,22,13.49,0.91,2.93,3.4,12.93,0.01
US-Pfa,-90.2723,45.9459,2016,10,23,9.27,1.53,4.48,3.25,7.17,1.24
US-Pfa,-90.2723,45.9459,2016,10,24,9.36,1,0.71,3.21,12.55,0.01
US-Pfa,-90.2723,45.9459,2016,10,25,9.36,-1.11,1.08,2.64,8.22,0.02
US-Pfa,-90.2723,45.9459,2016,10,26,4.76,0.87,1.84,4.32,1.58,6.47
US-Pfa,-90.2723,45.9459,2016,10,27,8.02,1.3,2.14,2.1,5.55,0.21
US-Pfa,-90.2723,45.9459,2016,10,28,11.71,2.93,6.8,5.53,4.66,0.11
US-Pfa,-90.2723,45.9459,2016,10,29,9.69,2.75,6.08,2.97,4.42,1.15
US-Pfa,-90.2723,45.9459,2016,10,30,8.32,1.99,2.38,1.99,5.22,0.16
US-Pfa,-90.2723,45.9459,2016,10,31,10.32,1.98,5.25,7.1,3.15,0.28
US-Pfa,-90.2723,45.9459,2016,11,1,13.18,4.55,6.57,4.3,11.21,0.06
US-Pfa,-90.2723,45.9459,2016,11,2,13.44,2.8,4.77,2.15,8.25,0.18
US-Pfa,-90.2723,45.9459,2016,11,3,11.31,1.44,4.69,2.53,10.14,0.61
US-Pfa,-90.2723,45.9459,2016,11,4,12.88,0.23,5.57,3.8,10.55,0.04
US-Pfa,-90.2723,45.9459,2016,11,5,17.79,4.88,6.63,2.51,10.32,0
US-Pfa,-90.2723,45.9459,2016,11,6,17.23,4.69,8.18,3.45,10.23,0
US-Pfa,-90.2723,45.9459,2016,11,7,12.99,5.19,6.96,5.42,7.58,0.62
US-Pfa,-90.2723,45.9459,2016,11,8,9.51,0.81,3.2,5.01,10.36,0
US-Pfa,-90.2723,45.9459,2016,11,9,11.02,0.78,2.14,4,9.97,0
US-Pfa,-90.2723,45.9459,2016,11,10,13.68,2.67,4.02,6.15,8.93,0
US-Pfa,-90.2723,45.9459,2016,11,11,5.78,-3.11,-1.56,3.61,10.18,0
US-Pfa,-90.2723,45.9459,2016,11,12,8.05,-2.41,-0.55,6.35,10.06,0
US-Pfa,-90.2723,45.9459,2016,11,13,10.68,0.15,2.69,5.88,8.76,0
US-Pfa,-90.2723,45.9459,2016,11,14,9.81,3.83,5.14,2.58,4.22,0.06
US-Pfa,-90.2723,45.9459,2016,11,15,6.81,3.65,4.22,2.92,3.98,1.49
US-Pfa,-90.2723,45.9459,2016,11,16,9.3,0.63,2.3,3.57,7.38,0.07
US-Pfa,-90.2723,45.9459,2016,11,17,9.38,4.81,5.77,3.88,5.03,0.49
US-Pfa,-90.2723,45.9459,2016,11,18,11.26,-2.39,4.51,5.93,2.16,9.48
US-Pfa,-90.2723,45.9459,2016,11,19,-3.14,-5.97,-7.6,9.18,6.9,1.79
US-Pfa,-90.2723,45.9459,2016,11,20,-2,-6.1,-9.29,4.32,5.62,0.04
US-Pfa,-90.2723,45.9459,2016,11,21,0.03,-8.25,-7.4,1.82,8.74,0
US-Pfa,-90.2723,45.9459,2016,11,22,-1.13,-7.82,-6.35,3.56,2.68,0.6
US-Pfa,-90.2723,45.9459,2016,11,23,1.5,-2.9,-1.78,3.26,1.82,8.1
US-Pfa,-90.2723,45.9459,2016,11,24,2.02,-2.15,-0.9,1.99,2.13,0.99
US-Pfa,-90.2723,45.9459,2016,11,25,0.94,-4.15,-2.4,2.97,2.13,0.38
US-Pfa,-90.2723,45.9459,2016,11,26,1.77,-4.24,-2.05,2.86,4.26,0.05
US-Pfa,-90.2723,45.9459,2016,11,27,2.44,-2.23,-0.25,4.15,5,2.74
US-Pfa,-90.2723,45.9459,2016,11,28,3.99,0.37,1.45,7.15,1.56,21.23
US-Pfa,-90.2723,45.9459,2016,11,29,1.34,-2.9,-0.88,4.62,1.88,1.15
US-Pfa,-90.2723,45.9459,2016,11,30,2.16,-3.26,-2.37,1.81,2.23,1.18
US-Pfa,-90.2723,45.9459,2016,12,1,-0.19,-5.11,-3.19,4.01,3.69,1.66
US-Pfa,-90.2723,45.9459,2016,12,2,-0.17,-5.66,-4.76,3.2,2.28,0.1
US-Pfa,-90.2723,45.9459,2016,12,3,-0.89,-7.1,-5.73,1.77,2.17,0.31
US-Pfa,-90.2723,45.9459,2016,12,4,-1.35,-7.04,-4.49,4.57,1.29,3.55
US-Pfa,-90.2723,45.9459,2016,12,5,1.11,-5.93,-2.8,4.17,3.84,0.17
US-Pfa,-90.2723,45.9459,2016,12,6,-1.88,-8.6,-6.17,7.02,2.36,2.23
US-Pfa,-90.2723,45.9459,2016,12,7,-8.48,-10.16,-11.22,8.23,3.45,1.42
US-Pfa,-90.2723,45.9459,2016,12,8,-4.52,-11.43,-8.8,5.25,3.31,3.16
US-Pfa,-90.2723,45.9459,2016,12,9,-9.17,-13.72,-13.62,4.04,3.54,0.29
US-Pfa,-90.2723,45.9459,2016,12,10,-11.31,-17.31,-17.19,2.63,5.49,0.06
US-Pfa,-90.2723,45.9459,2016,12,11,-8.3,-14.61,-12.8,3.08,2.9,4.85
US-Pfa,-90.2723,45.9459,2016,12,12,-8.82,-16.17,-11.87,4.52,5.83,1.04
US-Pfa,-90.2723,45.9459,2016,12,13,-16.03,-21.79,-19.25,5.72,6.92,0.07
US-Pfa,-90.2723,45.9459,2016,12,14,-15.51,-20.04,-19.11,8.19,6.57,0.54
US-Pfa,-90.2723,45.9459,2016,12,15,-14.5,-24.08,-20.37,5.36,7.23,0.11
US-Pfa,-90.2723,45.9459,2016,12,16,-12.29,-20.29,-16.4,2.43,2.72,3.56
US-Pfa,-90.2723,45.9459,2016,12,17,-11.4,-18.77,-14.78,4.7,2.81,3.07
US-Pfa,-90.2723,45.9459,2016,12,18,-19.73,-29.99,-24.85,4.1,6.86,0.28
US-Pfa,-90.2723,45.9459,2016,12,19,-11.66,-28.08,-18.93,7.56,6.14,0.02
US-Pfa,-90.2723,45.9459,2016,12,20,-0.6,-12.04,-7.62,7.45,6.94,0.06
US-Pfa,-90.2723,45.9459,2016,12,21,-1.03,-10.07,-5.71,4.74,2.78,1.95
US-Pfa,-90.2723,45.9459,2016,12,22,-2.84,-10.39,-7.05,4.7,7.01,0.04
US-Pfa,-90.2723,45.9459,2016,12,23,-2.14,-7.98,-5.55,4.94,1.33,2.54
US-Pfa,-90.2723,45.9459,2016,12,24,-0.27,-12.89,-5.73,3.25,2.36,0.06
US-Pfa,-90.2723,45.9459,2016,12,25,-1.44,-13.07,-7.74,7.43,2.33,5.66
US-Pfa,-90.2723,45.9459,2016,12,26,0.67,-12.62,-6.61,10.72,2.21,6.22
US-Pfa,-90.2723,45.9459,2016,12,27,-11.83,-21.44,-15.32,3.97,3.98,0.07
US-Pfa,-90.2723,45.9459,2016,12,28,-4.94,-19.62,-10.35,5.32,3.71,0.17
US-Pfa,-90.2723,45.9459,2016,12,29,-4.82,-9.76,-8.22,6.68,2.96,0.75
US-Pfa,-90.2723,45.9459,2016,12,30,-7.5,-17.83,-13.05,3.85,3.96,2.35
US-Pfa,-90.2723,45.9459,2016,12,31,-5.68,-17.29,-10.82,4.54,6.22,0.43
US-Pfa,-90.2723,45.9459,2017,1,1,-4.64,-12.26,-9.53,3.63,3.8,0.08
US-Pfa,-90.2723,45.9459,2017,1,2,-2.02,-9.71,-6.32,3.53,2.19,1.21
US-Pfa,-90.2723,45.9459,2017,1,3,-2.35,-18.48,-8.81,4.89,2.86,1.21
US-Pfa,-90.2723,45.9459,2017,1,4,-17.73,-23.25,-20.65,6.99,7.21,0.32
US-Pfa,-90.2723,45.9459,2017,1,5,-19.54,-24.86,-22.53,4.95,6.81,0.18
US-Pfa,-90.2723,45.9459,2017,1,6,-18.03,-29.77,-24.34,3.46,7.86,0.04
US-Pfa,-90.2723,45.9459,2017,1,7,-17.17,-29.21,-22.25,4.97,7.37,0.36
US-Pfa,-90.2723,45.9459,2017,1,8,-15.23,-24.77,-19.45,4.21,6.55,1.94
US-Pfa,-90.2723,45.9459,2017,1,9,-9.65,-18.48,-13.85,3.88,3.71,1.35
US-Pfa,-90.2723,45.9459,2017,1,10,-3.64,-17.78,-8.99,6.64,1.85,13.63
US-Pfa,-90.2723,45.9459,2017,1,11,-14.37,-21.82,-18.26,4.24,3.32,3.62
US-Pfa,-90.2723,45.9459,2017,1,12,-14.25,-22.23,-19.65,5.54,6.87,0.02
US-Pfa,-90.2723,45.9459,2017,1,13,-17.53,-26.93,-22.4,2.72,6.59,0.01
US-Pfa,-90.2723,45.9459,2017,1,14,-10.54,-23.23,-19.33,4.07,8.11,0
US-Pfa,-90.2723,45.9459,2017,1,15,-7.88,-21.59,-15.86,4.42,8.56,0
US-Pfa,-90.2723,45.9459,2017,1,16,-2.84,-13.93,-9.39,3.23,6.6,0.17
US-Pfa,-90.2723,45.9459,2017,1,17,0.28,-8.11,-3.74,2.46,6.18,1.13
US-Pfa,-90.2723,45.9459,2017,1,18,0.06,-6.28,-4.42,5.27,8.21,0.02
US-Pfa,-90.2723,45.9459,2017,1,19,0.07,-5.32,-3.4,4.22,6.79,0.26
US-Pfa,-90.2723,45.9459,2017,1,20,0.31,-3.12,-1.42,3.1,2.47,6.37
US-Pfa,-90.2723,45.9459,2017,1,21,0.34,-2.4,-1.03,3.08,1.95,6.17
US-Pfa,-90.2723,45.9459,2017,1,22,0.3,-3.4,-0.78,2.4,2.15,0.5
US-Pfa,-90.2723,45.9459,2017,1,23,0.13,-4.62,-2.59,2.22,2.59,0.17
US-Pfa,-90.2723,45.9459,2017,1,24,-0.18,-5.17,-3.5,2.45,3.52,0.09
US-Pfa,-90.2723,45.9459,2017,1,25,-0.54,-4.19,-3.22,4.86,3.18,1.02
US-Pfa,-90.2723,45.9459,2017,1,26,-2.89,-8.19,-5.18,5.8,4.64,0.58
US-Pfa,-90.2723,45.9459,2017,1,27,-5.9,-12.5,-9.7,4.93,8.83,0.04
US-Pfa,-90.2723,45.9459,2017,1,28,-6.09,-9.73,-8.96,5.11,7.98,0.14
US-Pfa,-90.2723,45.9459,2017,1,29,-9.07,-14.94,-12.93,4.28,6.62,0.41
US-Pfa,-90.2723,45.9459,2017,1,30,-10.92,-22.01,-15.18,5.24,4.67,4.05
US-Pfa,-90.2723,45.9459,2017,1,31,-2.71,-13.28,-8.63,3.87,7.65,1.85
US-Pfa,-90.2723,45.9459,2017,2,1,-8.74,-21.58,-15,4.94,9.6,0.03
US-Pfa,-90.2723,45.9459,2017,2,2,-14.96,-23.6,-19.52,6.33,11.11,0.03
US-Pfa,-90.2723,45.9459,2017,2,3,-13.6,-23.44,-19.62,4.46,11.14,0.01
US-Pfa,-90.2723,45.9459,2017,2,4,-6.26,-21.37,-12.94,5.12,8.25,1.47
US-Pfa,-90.2723,45.9459,2017,2,5,-6.51,-16.02,-12.23,4.65,11.35,1.53
US-Pfa,-90.2723,45.9459,2017,2,6,-4.95,-15.4,-11.38,2.91,10.04,0.22
US-Pfa,-90.2723,45.9459,2017,2,7,-5.27,-11.79,-8.84,5.77,6.71,8.74
US-Pfa,-90.2723,45.9459,2017,2,8,-12.54,-18.49,-16.67,5.27,10.66,0.09
US-Pfa,-90.2723,45.9459,2017,2,9,-15.1,-22.17,-19.17,4.96,12.38,0.05
US-Pfa,-90.2723,45.9459,2017,2,10,-3.07,-15.07,-8.56,6.39,9.18,0.38
US-Pfa,-90.2723,45.9459,2017,2,11,-1.33,-8.63,-5.54,2.52,6.3,0.07
US-Pfa,-90.2723,45.9459,2017,2,12,-1.79,-10.42,-6.19,7.95,11.93,0.53
US-Pfa,-90.2723,45.9459,2017,2,13,0.09,-12.43,-6.5,5.71,11.57,0
US-Pfa,-90.2723,45.9459,2017,2,14,-0.48,-8.48,-5.05,7.75,10,0.12
US-Pfa,-90.2723,45.9459,2017,2,15,-7.69,-12.47,-10.92,4.71,10.93,0.07
US-Pfa,-90.2723,45.9459,2017,2,16,-4.74,-14.7,-10.33,4.44,10.59,0
US-Pfa,-90.2723,45.9459,2017,2,17,0.84,-8.21,-3.31,5.72,12.99,0.02
US-Pfa,-90.2723,45.9459,2017,2,18,1.48,0.07,0.09,4.93,12.37,0.03
US-Pfa,-90.2723,45.9459,2017,2,19,1.68,-2.91,-0.94,3.38,10.88,0
US-Pfa,-90.2723,45.9459,2017,2,20,4.47,0.87,1.51,8.02,5.85,17.35
US-Pfa,-90.2723,45.9459,2017,2,21,8.2,-0.5,2.29,4.74,12.76,0.23
US-Pfa,-90.2723,45.9459,2017,2,22,9.95,-0.4,1.68,2.92,6.85,5.28
US-Pfa,-90.2723,45.9459,2017,2,23,2.71,-3.15,-2.75,4.57,10.52,1.52
US-Pfa,-90.2723,45.9459,2017,2,24,-3.2,-8,-8.71,8.64,5.64,9.37
US-Pfa,-90.2723,45.9459,2017,2,25,-5.8,-10.63,-11.03,7.71,13.59,0.81
US-Pfa,-90.2723,45.9459,2017,2,26,-2.22,-11.16,-8.52,5.78,8.48,0.72
US-Pfa,-90.2723,45.9459,2017,2,27,1.67,-9.99,-6.16,4.65,11.35,0.04
US-Pfa,-90.2723,45.9459,2017,2,28,2.36,-4.18,-1.48,5.04,4.05,1.49
US-Pfa,-90.2723,45.9459,2017,3,1,-4.7,-8.91,-9,7,5.62,2.62
US-Pfa,-90.2723,45.9459,2017,3,2,-5.4,-15.07,-12.01,5.64,14.95,0.09
US-Pfa,-90.2723,45.9459,2017,3,3,-7.17,-18.78,-16.15,3.43,15.93,0
US-Pfa,-90.2723,45.9459,2017,3,4,0.11,-13.97,-8.67,7.23,15.11,0.01
US-Pfa,-90.2723,45.9459,2017,3,5,2.39,-3.99,-0.89,8.25,5.31,0.16
US-Pfa,-90.2723,45.9459,2017,3,6,10.96,2.29,5.67,7.99,2.88,6.26
US-Pfa,-90.2723,45.9459,2017,3,7,10.86,-5.02,-4.26,12.18,15.06,1.78
US-Pfa,-90.2723,45.9459,2017,3,8,-3.04,-8.92,-12.08,11.77,16.18,0.28
US-Pfa,-90.2723,45.9459,2017,3,9,-2.7,-12.61,-13.07,5.34,15.6,0
US-Pfa,-90.2723,45.9459,2017,3,10,-11.86,-17.07,-18.65,6.89,18.62,0.05
US-Pfa,-90.2723,45.9459,2017,3,11,-8.15,-18.34,-16.59,4.83,18.7,0.01
US-Pfa,-90.2723,45.9459,2017,3,12,-6.61,-13.8,-12.95,2.47,11.96,0.64
US-Pfa,-90.2723,45.9459,2017,3,13,-5.81,-13.67,-13.33,4.24,12.72,0.43
US-Pfa,-90.2723,45.9459,2017,3,14,-6.01,-15.11,-13.92,3.74,15.13,0.03
US-Pfa,-90.2723,45.9459,2017,3,15,-0.37,-14.35,-11.43,3.91,19.71,0
US-Pfa,-90.2723,45.9459,2017,3,16,3.11,-13.03,-8.37,3.71,17.27,0.3
US-Pfa,-90.2723,45.9459,2017,3,17,2.17,-2.92,-1.65,5.56,4.41,7.84
US-Pfa,-90.2723,45.9459,2017,3,18,0.08,-6.58,-4.2,5.1,7.99,0.26
US-Pfa,-90.2723,45.9459,2017,3,19,4.68,-7.15,-2.33,5.89,13.33,0.02
US-Pfa,-90.2723,45.9459,2017,3,20,7.49,-1.92,-1.99,3.35,12.62,0.01
US-Pfa,-90.2723,45.9459,2017,3,21,-0.85,-8.97,-8.2,6.22,20.34,0
US-Pfa,-90.2723,45.9459,2017,3,22,0.62,-12.16,-9.44,3.07,20.44,0
US-Pfa,-90.2723,45.9459,2017,3,23,2.88,-4.39,-3.35,6.57,5.44,6.32
US-Pfa,-90.2723,45.9459,2017,3,24,3.66,-1.37,-0.17,3.96,5.15,2.14
US-Pfa,-90.2723,45.9459,2017,3,25,7.75,-1.84,-0.81,4.65,10.84,1.1
US-Pfa,-90.2723,45.9459,2017,3,26,4.79,-1.19,0.1,2.2,6.32,2.85
US-Pfa,-90.2723,45.9459,2017,3,27,10.77,-2.81,0.69,2.94,11.64,0.08
US-Pfa,-90.2723,45.9459,2017,3,28,13.87,-2.46,1.01,2.26,21.31,0.02
US-Pfa,-90.2723,45.9459,2017,3,29,7.08,-0.98,0.83,3,9.89,0.04
US-Pfa,-90.2723,45.9459,2017,3,30,9,-2.09,0.25,4.1,10.29,0.11
US-Pfa,-90.2723,45.9459,2017,3,31,9.04,-3.43,-2.99,4.12,20.73,0
US-Pfa,-90.2723,45.9459,2017,4,1,12.51,-1.09,2.07,3.2,18.35,0.07
US-Pfa,-90.2723,45.9459,2017,4,2,13.2,-0.18,3.5,4.61,8.16,0.31
US-Pfa,-90.2723,45.9459,2017,4,3,7.14,3.71,5.11,2.78,4.31,6.46
US-Pfa,-90.2723,45.9459,2017,4,4,9.13,0.38,1.49,4.48,19.97,0.19
US-Pfa,-90.2723,45.9459,2017,4,5,8.16,-1.73,-0.44,3.56,10.58,0.01
US-Pfa,-90.2723,45.9459,2017,4,6,4.87,-3.31,-3.97,6.36,24.2,0.03
US-Pfa,-90.2723,45.9459,2017,4,7,10.9,-3.95,-2.67,2.89,22.68,0
US-Pfa,-90.2723,45.9459,2017,4,8,16.19,0.23,4.94,6.3,18.64,0.12
US-Pfa,-90.2723,45.9459,2017,4,9,18.9,8.91,11.03,4.22,11.08,22.5
US-Pfa,-90.2723,45.9459,2017,4,10,8.42,-2.16,0.1,7.38,4.77,7.31
US-Pfa,-90.2723,45.9459,2017,4,11,4.67,-3.78,-3.17,3.55,13.01,3.95
US-Pfa,-90.2723,45.9459,2017,4,12,10.1,-3.9,0.02,2.39,11.31,0.24
US-Pfa,-90.2723,45.9459,2017,4,13,10.33,1.92,4.41,3.34,8.01,0.3
US-Pfa,-90.2723,45.9459,2017,4,14,14.05,-0.38,4.72,6.1,13.88,0.65
US-Pfa,-90.2723,45.9459,2017,4,15,19.17,5.91,10.69,2.84,6.77,10.94
US-Pfa,-90.2723,45.9459,2017,4,16,13.14,2.82,4.35,5.41,23.43,0.41
US-Pfa,-90.2723,45.9459,2017,4,17,9.56,0.43,1.28,2.65,20.57,0.37
US-Pfa,-90.2723,45.9459,2017,4,18,12.49,-0.54,4.92,7.04,4.56,6.38
US-Pfa,-90.2723,45.9459,2017,4,19,11.47,1.46,3.03,4.68,12.71,6.8
US-Pfa,-90.2723,45.9459,2017,4,20,3.38,-0.28,0.42,4.66,8,17.83
US-Pfa,-90.2723,45.9459,2017,4,21,11.42,-0.55,-0.37,4.11,26.2,0.12
US-Pfa,-90.2723,45.9459,2017,4,22,16.05,-0.55,2.67,3.82,26.29,0
US-Pfa,-90.2723,45.9459,2017,4,23,9.63,2.27,2.48,4.02,20.22,0.56
US-Pfa,-90.2723,45.9459,2017,4,24,13.51,-0.14,3.77,6.11,17,0.01
US-Pfa,-90.2723,45.9459,2017,4,25,18.11,5.66,8.52,4.47,15.19,4.88
US-Pfa,-90.2723,45.9459,2017,4,26,8.74,-2.03,3.26,4.45,6.27,22.41
US-Pfa,-90.2723,45.9459,2017,4,27,-0.64,-3.5,-3.98,5.13,5.43,9.86
US-Pfa,-90.2723,45.9459,2017,4,28,5.4,-4.67,-2.57,4.66,20.24,0.24
US-Pfa,-90.2723,45.9459,2017,4,29,7.57,-3.6,-2.16,3.85,21.22,0.01
US-Pfa,-90.2723,45.9459,2017,4,30,9.09,-2.27,0.52,5.08,9.38,1.15
US-Pfa,-90.2723,45.9459,2017,5,1,6.56,0.09,1.53,4.09,8.38,16.81
US-Pfa,-90.2723,45.9459,2017,5,2,8.42,-0.21,0.3,5.57,18.11,0.97
US-Pfa,-90.2723,45.9459,2017,5,3,15.06,-0.84,4.06,3.72,20.12,0.03
US-Pfa,-90.2723,45.9459,2017,5,4,14.5,2.8,4.65,3.41,25.23,0.02
US-Pfa,-90.2723,45.9459,2017,5,5,16.58,1.68,4.4,2.46,24.45,1.72
US-Pfa,-90.2723,45.9459,2017,5,6,11.18,-0.11,1.12,4.72,27.48,0
US-Pfa,-90.2723,45.9459,2017,5,7,8.9,-3.23,-4.09,4.06,29.28,0
US-Pfa,-90.2723,45.9459,2017,5,8,14.19,-3.01,-1.92,2.02,26.17,0
US-Pfa,-90.2723,45.9459,2017,5,9,13.78,1.93,5.81,2.68,16.04,0.13
US-Pfa,-90.2723,45.9459,2017,5,10,16.28,4.65,7.81,3.01,15.78,0.49
US-Pfa,-90.2723,45.9459,2017,5,11,16.19,5.55,6.34,3.21,25.6,0.05
US-Pfa,-90.2723,45.9459,2017,5,12,18.14,2.57,5.04,2.43,27.1,0.02
US-Pfa,-90.2723,45.9459,2017,5,13,17.3,6,6.02,3.36,20.55,0.01
US-Pfa,-90.2723,45.9459,2017,5,14,19.16,3.46,7.04,3.29,26.95,0.06
US-Pfa,-90.2723,45.9459,2017,5,15,20.4,6.91,10.14,4.26,11.18,12.85
US-Pfa,-90.2723,45.9459,2017,5,16,21.92,10.34,15.05,4.9,14.89,5.82
US-Pfa,-90.2723,45.9459,2017,5,17,19.22,10.55,13.17,3.49,9.29,73.21
US-Pfa,-90.2723,45.9459,2017,5,18,10.75,-0.75,2.48,5.8,14.95,7.54
US-Pfa,-90.2723,45.9459,2017,5,19,9.24,-2.07,-0.25,3.68,14.86,0
US-Pfa,-90.2723,45.9459,2017,5,20,9.85,0.01,2.17,5.57,7.08,7.21
US-Pfa,-90.2723,45.9459,2017,5,21,12.13,4.73,6.8,4.26,7.7,3.41
US-Pfa,-90.2723,45.9459,2017,5,22,13.04,5.09,6.18,4.4,17.29,1.69
US-Pfa,-90.2723,45.9459,2017,5,23,14.74,4.87,6.77,2.71,11.32,1.3
US-Pfa,-90.2723,45.9459,2017,5,24,12.48,6.03,7.41,3.86,12.34,0.4
US-Pfa,-90.2723,45.9459,2017,5,25,19.43,6.42,9.98,2.37,23.83,0.21
US-Pfa,-90.2723,45.9459,2017,5,26,19.33,11,13.19,4.06,15.24,0.81
US-Pfa,-90.2723,45.9459,2017,5,27,20.37,10.89,11.52,2.68,21.2,0.26
US-Pfa,-90.2723,45.9459,2017,5,28,18.44,9.15,10.39,4.18,21.19,5.34
US-Pfa,-90.2723,45.9459,2017,5,29,13.29,8.22,9.06,5.09,14.83,5.68
US-Pfa,-90.2723,45.9459,2017,5,30,14.04,6.07,7.28,4.83,11.32,1.39
US-Pfa,-90.2723,45.9459,2017,5,31,15.74,5.89,6.38,5,29.97,0.5
US-Pfa,-90.2723,45.9459,2017,6,1,20.76,4.41,7.6,3.34,31.29,0
US-Pfa,-90.2723,45.9459,2017,6,2,23.91,8.02,10.65,2.49,30,0
US-Pfa,-90.2723,45.9459,2017,6,3,25.97,15.01,18.14,3.64,22.83,9.35
US-Pfa,-90.2723,45.9459,2017,6,4,24.46,11.51,13.24,3.63,30.49,0.8
US-Pfa,-90.2723,45.9459,2017,6,5,20.47,7.65,9.63,3.73,30.8,0.08
US-Pfa,-90.2723,45.9459,2017,6,6,21.89,7.51,9.08,2.37,32.2,0
US-Pfa,-90.2723,45.9459,2017,6,7,23.06,9.05,11.57,3.53,31.33,0
US-Pfa,-90.2723,45.9459,2017,6,8,23.89,12.34,14.22,3.74,22.97,1.42
US-Pfa,-90.2723,45.9459,2017,6,9,22.49,10.17,12.16,3.02,27.71,0.02
US-Pfa,-90.2723,45.9459,2017,6,10,26.3,13.76,18.67,7.58,25.9,0.56
US-Pfa,-90.2723,45.9459,2017,6,11,23.38,14.2,17.23,3.56,5.12,54.76
US-Pfa,-90.2723,45.9459,2017,6,12,24.82,14.44,16,2.62,20.91,1.36
US-Pfa,-90.2723,45.9459,2017,6,13,23.25,14.82,15.75,4.27,17.86,8.05
US-Pfa,-90.2723,45.9459,2017,6,14,22.25,14.95,18.37,4.65,17.74,3.37
US-Pfa,-90.2723,45.9459,2017,6,15,23.64,14.15,15.69,3.83,29.57,0.34
US-Pfa,-90.2723,45.9459,2017,6,16,23.44,12.14,14.66,3.11,18.47,3.72
US-Pfa,-90.2723,45.9459,2017,6,17,23.65,13.76,15.45,2.38,22.3,10.4
US-Pfa,-90.2723,45.9459,2017,6,18,18.71,12.26,13.53,4.21,18.47,19.37
US-Pfa,-90.2723,45.9459,2017,6,19,17.33,9.81,11.54,3.53,17.65,4.47
US-Pfa,-90.2723,45.9459,2017,6,20,18.68,8.84,10.37,3.43,23.96,0.56
US-Pfa,-90.2723,45.9459,2017,6,21,21.89,9.66,12.13,2.67,29.29,0
US-Pfa,-90.2723,45.9459,2017,6,22,20.03,13.64,14.41,3.92,6.72,4.16
US-Pfa,-90.2723,45.9459,2017,6,23,19.16,12.3,11.75,4.92,23.71,0.28
US-Pfa,-90.2723,45.9459,2017,6,24,15.96,9.41,9.35,4.37,20,3.54
US-Pfa,-90.2723,45.9459,2017,6,25,14.56,7.74,9.78,4.06,15.21,9.24
US-Pfa,-90.2723,45.9459,2017,6,26,16.3,7.28,8.63,4.44,21.87,2.36
US-Pfa,-90.2723,45.9459,2017,6,27,19.21,6.64,9.8,3.43,29.69,0
US-Pfa,-90.2723,45.9459,2017,6,28,21.54,9.94,14.99,5.01,7.38,12.23
US-Pfa,-90.2723,45.9459,2017,6,29,19.99,13.44,14.93,4.36,9.18,0.88
US-Pfa,-90.2723,45.9459,2017,6,30,21.56,12,13.6,3,20.2,1.25
US-Pfa,-90.2723,45.9459,2017,7,1,19.41,11.54,13.46,2,22.97,2.51
US-Pfa,-90.2723,45.9459,2017,7,2,20.5,13.06,12.31,3.03,30.44,0.65
US-Pfa,-90.2723,45.9459,2017,7,3,23.98,12.81,12.69,0.91,28.43,0.01
US-Pfa,-90.2723,45.9459,2017,7,4,23.87,12.77,14.79,3.46,27.35,0.05
US-Pfa,-90.2723,45.9459,2017,7,5,23.43,15.04,18.82,3.97,19.84,3.25
US-Pfa,-90.2723,45.9459,2017,7,6,26.31,17.79,19.95,3.69,25.68,5.81
US-Pfa,-90.2723,45.9459,2017,7,7,21.32,11.4,13.76,3.74,23.94,2.72
US-Pfa,-90.2723,45.9459,2017,7,8,22.32,10.15,13.05,3.64,28.4,0.31
US-Pfa,-90.2723,45.9459,2017,7,9,19.99,12.53,15.23,2.61,11.33,8.78
US-Pfa,-90.2723,45.9459,2017,7,10,25.55,14.77,16.74,2.1,24.1,0.26
US-Pfa,-90.2723,45.9459,2017,7,11,26.51,14.34,16.38,1.77,21.8,5.43
US-Pfa,-90.2723,45.9459,2017,7,12,27.8,11.52,18,4.6,22.41,5.22
US-Pfa,-90.2723,45.9459,2017,7,13,14.76,9.73,9.83,4.03,11.47,0.6
US-Pfa,-90.2723,45.9459,2017,7,14,22.51,9.77,13.03,3.11,28.52,0.11
US-Pfa,-90.2723,45.9459,2017,7,15,26.41,13.61,17.15,4.03,26.33,0.08
US-Pfa,-90.2723,45.9459,2017,7,16,20.49,11.88,12.06,3.43,29.01,0.02
US-Pfa,-90.2723,45.9459,2017,7,17,24.32,9.95,15.15,4.19,27.02,0.03
US-Pfa,-90.2723,45.9459,2017,7,18,25.39,13.38,18.81,3.43,14.08,11.27
US-Pfa,-90.2723,45.9459,2017,7,19,25.91,11.05,15.2,2.5,22.99,0.21
US-Pfa,-90.2723,45.9459,2017,7,20,25.09,16.34,17.21,3.44,25.55,0.07
US-Pfa,-90.2723,45.9459,2017,7,21,26.67,16.46,18.13,2.78,15.72,0.46
US-Pfa,-90.2723,45.9459,2017,7,22,25.91,16.34,18.83,2.45,24.74,8.66
US-Pfa,-90.2723,45.9459,2017,7,23,19.58,11.21,13.58,3.66,14.81,0.23
US-Pfa,-90.2723,45.9459,2017,7,24,22.33,9.65,12.33,2.11,27.62,0.02
US-Pfa,-90.2723,45.9459,2017,7,25,23.31,11.66,15.57,5.34,13.71,0.23
US-Pfa,-90.2723,45.9459,2017,7,26,23.2,15.94,16.77,3.53,15.47,3.51
US-Pfa,-90.2723,45.9459,2017,7,27,24.28,13.38,15.12,2.87,24.11,0.21
US-Pfa,-90.2723,45.9459,2017,7,28,24.03,12.61,13.56,2.39,28.58,0
US-Pfa,-90.2723,45.9459,2017,7,29,25.61,11.85,15.17,1.75,25.03,0
US-Pfa,-90.2723,45.9459,2017,7,30,26.46,16.02,17.11,2.93,24.54,2.04
US-Pfa,-90.2723,45.9459,2017,7,31,26.62,15.07,17.05,2.25,24.06,0.11
US-Pfa,-90.2723,45.9459,2017,8,1,25.15,16.01,17.32,3.48,21.77,1.34
US-Pfa,-90.2723,45.9459,2017,8,2,20.93,12.04,13.72,3.5,22.19,0.23
US-Pfa,-90.2723,45.9459,2017,8,3,13.46,7.78,9.9,5.18,3.79,21.85
US-Pfa,-90.2723,45.9459,2017,8,4,17.92,7.85,11.56,5.32,18.91,6.84
US-Pfa,-90.2723,45.9459,2017,8,5,21.15,10.33,12.4,2.54,21.58,0.2
US-Pfa,-90.2723,45.9459,2017,8,6,21.48,10.35,12.02,2.23,17.92,0.19
US-Pfa,-90.2723,45.9459,2017,8,7,21.65,9.3,12.21,2.99,24.88,0.12
US-Pfa,-90.2723,45.9459,2017,8,8,23.46,10.93,13.54,3.56,23.45,1.05
US-Pfa,-90.2723,45.9459,2017,8,9,23.21,13.65,14.69,3.24,12.35,10.92
US-Pfa,-90.2723,45.9459,2017,8,10,20.1,13.55,15.1,4.23,13.99,18.61
US-Pfa,-90.2723,45.9459,2017,8,11,19.19,10.53,11.54,4.48,23.81,0.37
US-Pfa,-90.2723,45.9459,2017,8,12,22.45,8.51,11.65,2.8,24.16,0
US-Pfa,-90.2723,45.9459,2017,8,13,21.87,11,12.67,2.61,15.29,0.02
US-Pfa,-90.2723,45.9459,2017,8,14,19.15,12.62,13.5,1.44,6.91,8.06
US-Pfa,-90.2723,45.9459,2017,8,15,22.53,9.93,13.27,2.13,22.49,0
US-Pfa,-90.2723,45.9459,2017,8,16,21.07,12.79,14.61,3.85,14.65,0.67
US-Pfa,-90.2723,45.9459,2017,8,17,22.77,15.43,16.85,5,8.77,22.02
US-Pfa,-90.2723,45.9459,2017,8,18,20.59,14.15,14.54,4.41,11.21,0.83
US-Pfa,-90.2723,45.9459,2017,8,19,23.83,13.3,15.43,3.32,23.73,0.03
US-Pfa,-90.2723,45.9459,2017,8,20,25.56,14.82,16.93,3.83,19.02,0.12
US-Pfa,-90.2723,45.9459,2017,8,21,25.01,13.13,15.89,2.68,15.09,5.85
US-Pfa,-90.2723,45.9459,2017,8,22,18.65,11.63,11.97,6,20.56,1.33
US-Pfa,-90.2723,45.9459,2017,8,23,17.48,10.48,9.41,3.35,19.48,0.55
US-Pfa,-90.2723,45.9459,2017,8,24,18.43,7.92,6.65,1.52,23.89,0
US-Pfa,-90.2723,45.9459,2017,8,25,19.42,6.15,8.62,3.13,14.71,0
US-Pfa,-90.2723,45.9459,2017,8,26,14.51,9.16,11.1,5.22,3.75,19.97
US-Pfa,-90.2723,45.9459,2017,8,27,21.08,13.31,15.04,4.2,9.49,5.5
US-Pfa,-90.2723,45.9459,2017,8,28,21.28,12.81,14.85,2.05,13.86,0.83
US-Pfa,-90.2723,45.9459,2017,8,29,22.43,13.69,14.49,1.42,16.14,0.04
US-Pfa,-90.2723,45.9459,2017,8,30,21.26,8.4,13.06,3.71,15.94,1.22
US-Pfa,-90.2723,45.9459,2017,8,31,18.25,7.37,8.6,2.5,21.73,0.02
US-Pfa,-90.2723,45.9459,2017,9,1,18.23,6.33,8.24,4.28,19.41,0
US-Pfa,-90.2723,45.9459,2017,9,2,18.97,9.09,12.11,4.4,7.52,13.01
US-Pfa,-90.2723,45.9459,2017,9,3,23.3,10.15,13.74,4.12,19.99,0.17
US-Pfa,-90.2723,45.9459,2017,9,4,18.21,9.47,11.54,4.94,17.3,1.94
US-Pfa,-90.2723,45.9459,2017,9,5,12.39,6.97,7.44,4.64,12.36,6.03
US-Pfa,-90.2723,45.9459,2017,9,6,14.31,7.62,8.76,2.88,12.87,2.72
US-Pfa,-90.2723,45.9459,2017,9,7,13.52,5.12,7.79,2.69,7.6,1.17
US-Pfa,-90.2723,45.9459,2017,9,8,16.69,3.26,5.91,2.61,22.17,0
US-Pfa,-90.2723,45.9459,2017,9,9,17.78,4.6,7.64,3.46,21.42,0
US-Pfa,-90.2723,45.9459,2017,9,10,20.85,7.8,10.39,4.78,18.87,0.01
US-Pfa,-90.2723,45.9459,2017,9,11,22.78,9.33,13,4.47,18.32,0
US-Pfa,-90.2723,45.9459,2017,9,12,22.95,11.39,10.18,2.45,19.09,0
US-Pfa,-90.2723,45.9459,2017,9,13,24.78,11.21,14.83,2.92,17.84,0
US-Pfa,-90.2723,45.9459,2017,9,14,24.34,12.93,16.49,3.51,16.08,0.23
US-Pfa,-90.2723,45.9459,2017,9,15,25.1,15.88,17.05,3.68,16.64,0.33
US-Pfa,-90.2723,45.9459,2017,9,16,24.15,16.79,18.22,5.02,12.42,7.03
US-Pfa,-90.2723,45.9459,2017,9,17,18.16,8.38,10.2,3.73,18.62,1.64
US-Pfa,-90.2723,45.9459,2017,9,18,15.24,6.86,9.53,2.53,5.22,5.76
US-Pfa,-90.2723,45.9459,2017,9,19,21.84,9.38,12.67,4.04,17.47,0.57
US-Pfa,-90.2723,45.9459,2017,9,20,23.49,11.52,15.95,5.38,7.29,6.77
US-Pfa,-90.2723,45.9459,2017,9,21,23,8.81,13.99,3.32,16.33,0.01
US-Pfa,-90.2723,45.9459,2017,9,22,25.06,18.57,20.7,4.9,11.83,13.06
US-Pfa,-90.2723,45.9459,2017,9,23,26.87,19.6,20.82,4.21,16.08,0.62
US-Pfa,-90.2723,45.9459,2017,9,24,26.92,16.38,18.56,4.25,16.47,0.03
US-Pfa,-90.2723,45.9459,2017,9,25,23.87,13.98,16.61,2.29,10.36,7.73
US-Pfa,-90.2723,45.9459,2017,9,26,20.36,11.49,14.09,3.66,5,7.11
US-Pfa,-90.2723,45.9459,2017,9,27,14.18,6.41,7.09,4.12,9.94,0.08
US-Pfa,-90.2723,45.9459,2017,9,28,18.48,6.09,8.82,3.47,13.77,1.69
US-Pfa,-90.2723,45.9459,2017,9,29,14.52,5.12,7.32,3.74,11.01,0.43
US-Pfa,-90.2723,45.9459,2017,9,30,16,4.76,6.43,3.58,16.7,0
US-Pfa,-90.2723,45.9459,2017,10,1,17.64,8.02,7.91,5.15,11.82,0.87
US-Pfa,-90.2723,45.9459,2017,10,2,19.44,10.66,13.62,6.35,7.38,17.68
US-Pfa,-90.2723,45.9459,2017,10,3,21.1,10.19,15.22,5.95,4.92,2.49
US-Pfa,-90.2723,45.9459,2017,10,4,13.54,5.04,6.11,3.79,16.07,0.01
US-Pfa,-90.2723,45.9459,2017,10,5,15.02,3.43,6.32,2.88,5.59,0.03
US-Pfa,-90.2723,45.9459,2017,10,6,16.05,6.64,9.12,1.92,7.35,21.7
US-Pfa,-90.2723,45.9459,2017,10,7,17.09,9.68,11.71,2.48,3.63,25.26
US-Pfa,-90.2723,45.9459,2017,10,8,19.84,7.65,10.52,4.09,15.09,0.14
US-Pfa,-90.2723,45.9459,2017,10,9,13.56,2.41,4.43,3.75,14.64,0
US-Pfa,-90.2723,45.9459,2017,10,10,11.17,-0.16,1.2,2.69,12.75,0
US-Pfa,-90.2723,45.9459,2017,10,11,14.44,0.81,4.35,3.2,14.31,0
US-Pfa,-90.2723,45.9459,2017,10,12,12.67,6.46,8.8,4.93,3.93,0.41
US-Pfa,-90.2723,45.9459,2017,10,13,13.71,3.06,6.06,3.88,8.61,0.23
US-Pfa,-90.2723,45.9459,2017,10,14,12.43,2.3,3.99,4.39,6.51,4.33
US-Pfa,-90.2723,45.9459,2017,10,15,8.31,1.63,2.99,4.75,7.72,15.46
US-Pfa,-90.2723,45.9459,2017,10,16,12.06,0.09,2.84,4.34,14.21,0.07
US-Pfa,-90.2723,45.9459,2017,10,17,17.75,3.6,7.71,3.24,12.65,0
US-Pfa,-90.2723,45.9459,2017,10,18,16.37,4.55,7.49,5.9,12.36,0
US-Pfa,-90.2723,45.9459,2017,10,19,15.76,2.31,2.94,3.87,13.28,0
US-Pfa,-90.2723,45.9459,2017,10,20,19.21,6.45,9.96,5.49,12.56,0
US-Pfa,-90.2723,45.9459,2017,10,21,18.73,10.99,13.26,6.63,4.71,5.91
US-Pfa,-90.2723,45.9459,2017,10,22,16.51,4.91,6.92,4.13,5.48,5.3
US-Pfa,-90.2723,45.9459,2017,10,23,12.88,4.16,5.58,5.05,8.88,4.08
US-Pfa,-90.2723,45.9459,2017,10,24,6.89,-0.72,0.95,8.13,8.38,6.56
US-Pfa,-90.2723,45.9459,2017,10,25,7.64,-1.86,-0.26,2.74,10.47,0.02
US-Pfa,-90.2723,45.9459,2017,10,26,8.37,1.64,2.57,5.52,3.72,7.65
US-Pfa,-90.2723,45.9459,2017,10,27,3.78,-0.66,0.75,4.38,3.21,14.88
US-Pfa,-90.2723,45.9459,2017,10,28,1.32,-4.06,-2.82,5.11,5.81,1.04
US-Pfa,-90.2723,45.9459,2017,10,29,4,-3.77,-2.77,4.52,3.74,0.37
US-Pfa,-90.2723,45.9459,2017,10,30,2.23,-2.38,-2.06,5.44,5.12,3.46
US-Pfa,-90.2723,45.9459,2017,10,31,-0.41,-5.53,-5.39,3.79,3.83,0.86
US-Pfa,-90.2723,45.9459,2017,11,1,0.45,-5.82,-4.35,4.48,4.33,4.19
US-Pfa,-90.2723,45.9459,2017,11,2,3.15,-3.02,-0.93,3.66,3.84,0.4
US-Pfa,-90.2723,45.9459,2017,11,3,1.49,-4.6,-3.38,2.82,4.8,2.88
US-Pfa,-90.2723,45.9459,2017,11,4,3.05,-1.94,-0.3,4.35,3.03,3.44
US-Pfa,-90.2723,45.9459,2017,11,5,2.31,-5.5,-2.68,4.42,2.93,1.97
US-Pfa,-90.2723,45.9459,2017,11,6,0.88,-7.53,-7.46,3.59,10.16,0
US-Pfa,-90.2723,45.9459,2017,11,7,-0.52,-7.59,-8.26,3.4,10.68,0
US-Pfa,-90.2723,45.9459,2017,11,8,-0.44,-8.09,-6.58,3.43,5.1,1.49
US-Pfa,-90.2723,45.9459,2017,11,9,-4.33,-11.69,-12.61,6.44,7.18,2.26
US-Pfa,-90.2723,45.9459,2017,11,10,-6.18,-12.13,-13.69,4.42,7.23,1.59
US-Pfa,-90.2723,45.9459,2017,11,11,-0.32,-5.78,-5.54,5.3,3.34,2.35
US-Pfa,-90.2723,45.9459,2017,11,12,1.14,-5.74,-4.11,1.93,7.04,0.05
US-Pfa,-90.2723,45.9459,2017,11,13,0.8,-5.72,-3.48,2.32,3.83,0.02
US-Pfa,-90.2723,45.9459,2017,11,14,2.14,-2.72,-0.76,4.55,1.99,0.47
US-Pfa,-90.2723,45.9459,2017,11,15,1.76,-3.47,-0.81,5.48,1.9,5.13
US-Pfa,-90.2723,45.9459,2017,11,16,-0.96,-5.99,-5.71,4.52,4.49,0.39
US-Pfa,-90.2723,45.9459,2017,11,17,-0.05,-3.13,-2.22,5.49,1.7,5.63
US-Pfa,-90.2723,45.9459,2017,11,18,0.47,-7.48,-3.5,4.9,4.89,0.12
US-Pfa,-90.2723,45.9459,2017,11,19,-4.8,-11.87,-10.29,4.33,7.85,0.05
US-Pfa,-90.2723,45.9459,2017,11,20,1.51,-7.04,-2.64,4.45,5.12,0.01
US-Pfa,-90.2723,45.9459,2017,11,21,-0.54,-10.09,-8.68,7.04,5.65,0.34
US-Pfa,-90.2723,45.9459,2017,11,22,-6.5,-12.46,-10.89,3.54,5.01,0.04
US-Pfa,-90.2723,45.9459,2017,11,23,1.13,-8.46,-4.67,3.62,7.9,0.02
US-Pfa,-90.2723,45.9459,2017,11,24,5.17,-0.32,1.52,5.47,5.1,2.43
US-Pfa,-90.2723,45.9459,2017,11,25,-0.66,-8.49,-6.38,5.18,8.43,0.1
US-Pfa,-90.2723,45.9459,2017,11,26,2.48,-9.43,-5.01,3.74,7.54,0
US-Pfa,-90.2723,45.9459,2017,11,27,4.96,-7.3,-0.84,6.85,4.74,0.01
US-Pfa,-90.2723,45.9459,2017,11,28,5.3,-4.98,-1.5,6.13,5.39,0.01
US-Pfa,-90.2723,45.9459,2017,11,29,1.47,-6.15,-6.81,5.21,6.97,0
US-Pfa,-90.2723,45.9459,2017,11,30,3.18,-3.62,-2.59,5.73,7.91,0.01
US-Pfa,-90.2723,45.9459,2017,12,1,2.74,-4.98,-1.84,3.48,4.36,0.04
US-Pfa,-90.2723,45.9459,2017,12,2,5.16,-3.1,-1.65,2.9,7.27,0.01
US-Pfa,-90.2723,45.9459,2017,12,3,4.68,-3.84,-1.35,3.9,4.21,1.06
US-Pfa,-90.2723,45.9459,2017,12,4,9.11,1.78,5.34,5.97,0.96,20.17
US-Pfa,-90.2723,45.9459,2017,12,5,-0.01,-10.9,-11.57,10.37,3.24,1.12
US-Pfa,-90.2723,45.9459,2017,12,6,-9.18,-10.93,-12.36,7.32,3.32,1.72
US-Pfa,-90.2723,45.9459,2017,12,7,-9.54,-12.12,-13.33,6.02,4.59,0.42
US-Pfa,-90.2723,45.9459,2017,12,8,-6.8,-11.16,-10.74,3.34,2.66,3.46
US-Pfa,-90.2723,45.9459,2017,12,9,-8.45,-12.38,-12,4.59,3.87,0.31
US-Pfa,-90.2723,45.9459,2017,12,10,-5.72,-13.25,-11.56,3.11,2.34,0.22
US-Pfa,-90.2723,45.9459,2017,12,11,-4.5,-12.08,-10.06,5.56,1.63,2.75
US-Pfa,-90.2723,45.9459,2017,12,12,-11.65,-14.18,-15.18,4.75,4.5,0.62
US-Pfa,-90.2723,45.9459,2017,12,13,-9.75,-14.53,-12.89,4.82,2.35,10.04
US-Pfa,-90.2723,45.9459,2017,12,14,-8.31,-13.59,-11.63,3.02,2.45,1.21
US-Pfa,-90.2723,45.9459,2017,12,15,-10.95,-15.2,-14.03,3.07,3.78,0.38
US-Pfa,-90.2723,45.9459,2017,12,16,-6.66,-14.63,-11.9,3.07,2.27,0.08
US-Pfa,-90.2723,45.9459,2017,12,17,-4.39,-10.92,-7.95,2.89,0.92,0.13
US-Pfa,-90.2723,45.9459,2017,12,18,-0.98,-7.5,-4.24,5.13,2.44,0.54
US-Pfa,-90.2723,45.9459,2017,12,19,-1.04,-12.19,-6.51,6.7,5.06,0.07
US-Pfa,-90.2723,45.9459,2017,12,20,-9.35,-15.54,-13.22,2.56,2.66,0.72
US-Pfa,-90.2723,45.9459,2017,12,21,-6.41,-11.97,-10.86,2.12,2.41,0.67
US-Pfa,-90.2723,45.9459,2017,12,22,-4.14,-14.03,-9.96,2.26,3.44,0.08
US-Pfa,-90.2723,45.9459,2017,12,23,-10.04,-18.7,-15.65,4.23,5.19,0.05
US-Pfa,-90.2723,45.9459,2017,12,24,-8.41,-20.9,-15.52,3.84,3.72,0.41
US-Pfa,-90.2723,45.9459,2017,12,25,-19.71,-23.38,-22.57,6.1,5.26,0.26
US-Pfa,-90.2723,45.9459,2017,12,26,-22.62,-25.26,-24.49,4.77,5.09,0.2
US-Pfa,-90.2723,45.9459,2017,12,27,-19.8,-27.72,-24.77,2.45,6.14,0.06
US-Pfa,-90.2723,45.9459,2017,12,28,-17.44,-26.32,-21.75,3.1,3.67,1.09
US-Pfa,-90.2723,45.9459,2017,12,29,-16.27,-24.51,-20.19,4.26,2.7,0.2
US-Pfa,-90.2723,45.9459,2017,12,30,-15.5,-21.12,-18.95,6.13,5.73,1.25
US-Pfa,-90.2723,45.9459,2017,12,31,-18.16,-24.51,-22.54,4.39,6.89,0.28
US-Pfa,-90.2723,45.9459,2018,1,1,-18.83,-26.44,-23.7,4.27,6.98,0.07
US-Pfa,-90.2723,45.9459,2018,1,2,-14.87,-24.97,-20.17,5.54,5.09,1.34
US-Pfa,-90.2723,45.9459,2018,1,3,-14.71,-18.28,-16.84,5.49,5.67,0.8
US-Pfa,-90.2723,45.9459,2018,1,4,-15.39,-19.97,-18.29,3.77,5.79,0.5
US-Pfa,-90.2723,45.9459,2018,1,5,-17.4,-19.87,-19.08,4.39,6.67,0.47
US-Pfa,-90.2723,45.9459,2018,1,6,-15.7,-21.72,-18.94,4.46,6.05,0.22
US-Pfa,-90.2723,45.9459,2018,1,7,-7.33,-15.55,-11.51,6.87,4.95,0.5
US-Pfa,-90.2723,45.9459,2018,1,8,-4.62,-15.56,-10.17,5.08,7.34,0
US-Pfa,-90.2723,45.9459,2018,1,9,-2.62,-16.69,-9.59,5.09,5.26,0.01
US-Pfa,-90.2723,45.9459,2018,1,10,0.16,-5.69,-2.46,6.64,2.36,0.3
US-Pfa,-90.2723,45.9459,2018,1,11,0.24,-14.04,-6.24,5.75,1.35,11.24
US-Pfa,-90.2723,45.9459,2018,1,12,-14.14,-28.79,-19.32,5.98,7.42,0.34
US-Pfa,-90.2723,45.9459,2018,1,13,-19.08,-28.82,-23.42,3.41,8.42,0.14
US-Pfa,-90.2723,45.9459,2018,1,14,-13.3,-29.66,-21.43,5.38,6.04,1.4
US-Pfa,-90.2723,45.9459,2018,1,15,-8.56,-14.93,-12.59,3.09,7.25,1.94
US-Pfa,-90.2723,45.9459,2018,1,16,-9.12,-18.33,-13.33,4.08,7.98,0.81
US-Pfa,-90.2723,45.9459,2018,1,17,-9.28,-19.14,-14.96,6.8,8.08,0.03
US-Pfa,-90.2723,45.9459,2018,1,18,-2.28,-11.36,-7.82,4.96,8.42,0.01
US-Pfa,-90.2723,45.9459,2018,1,19,0.26,-6.56,-4.14,5.32,6.54,0.01
US-Pfa,-90.2723,45.9459,2018,1,20,0.58,-6.63,-3.02,3.25,5.91,0
US-Pfa,-90.2723,45.9459,2018,1,21,0.11,-3,-2.43,2.77,5.14,0.02
US-Pfa,-90.2723,45.9459,2018,1,22,-3.19,-6.35,-5.66,7.96,5.07,14.88
US-Pfa,-90.2723,45.9459,2018,1,23,-6.66,-19.48,-12.19,6.66,4.33,0.92
US-Pfa,-90.2723,45.9459,2018,1,24,-8.04,-18.25,-14.79,2.47,6.16,0
US-Pfa,-90.2723,45.9459,2018,1,25,-4.78,-17.62,-10.6,3.62,6.92,0.06
US-Pfa,-90.2723,45.9459,2018,1,26,0.92,-6.05,-2.27,8.19,7.33,0.03
US-Pfa,-90.2723,45.9459,2018,1,27,-1.73,-11.81,-7.86,5.86,9.63,0.14
US-Pfa,-90.2723,45.9459,2018,1,28,-8.16,-14.44,-12.24,3.33,6.46,0.46
US-Pfa,-90.2723,45.9459,2018,1,29,-11.84,-22.06,-15.64,3.57,10.03,0.13
US-Pfa,-90.2723,45.9459,2018,1,30,-6.98,-20.96,-14.71,6.06,7.63,0.55
US-Pfa,-90.2723,45.9459,2018,1,31,-6.05,-17.18,-10.06,6.82,10.1,2.15
US-Pfa,-90.2723,45.9459,2018,2,1,-18.1,-22.23,-20.5,6.89,10.14,0.21
US-Pfa,-90.2723,45.9459,2018,2,2,-17.45,-25.08,-21.11,3.39,10.03,0.76
US-Pfa,-90.2723,45.9459,2018,2,3,-11.93,-19.3,-16.09,2.93,9.34,4.16
US-Pfa,-90.2723,45.9459,2018,2,4,-15.09,-23.72,-20,5.32,11.06,0.18
US-Pfa,-90.2723,45.9459,2018,2,5,-13.41,-26.79,-20.98,4.73,10.77,0.03
US-Pfa,-90.2723,45.9459,2018,2,6,-17.17,-25.82,-22.37,3.24,11.59,0.03
US-Pfa,-90.2723,45.9459,2018,2,7,-13.11,-22.13,-18.3,3.14,11.28,0.27
US-Pfa,-90.2723,45.9459,2018,2,8,-14.39,-24.56,-19.6,3.29,11.53,0.03
US-Pfa,-90.2723,45.9459,2018,2,9,-14.69,-24.78,-19.3,3.34,12.36,0.03
US-Pfa,-90.2723,45.9459,2018,2,10,-13.17,-24.46,-20.63,2.86,12.82,0.01
US-Pfa,-90.2723,45.9459,2018,2,11,-12.71,-21.02,-16.67,5.25,12.5,0.05
US-Pfa,-90.2723,45.9459,2018,2,12,-14.24,-23.01,-18.76,3.36,12.65,0.01
US-Pfa,-90.2723,45.9459,2018,2,13,-4.92,-22.73,-12.3,7.07,10.06,0.03
US-Pfa,-90.2723,45.9459,2018,2,14,0.09,-9.15,-4.68,6.15,12.51,0.05
US-Pfa,-90.2723,45.9459,2018,2,15,-1.8,-9.22,-6.13,5.27,9.87,0.14
US-Pfa,-90.2723,45.9459,2018,2,16,-8.26,-23.6,-16.69,5.32,13.93,0.02
US-Pfa,-90.2723,45.9459,2018,2,17,-3.31,-16.36,-10.63,5.82,11.15,0.1
US-Pfa,-90.2723,45.9459,2018,2,18,-1.38,-19.81,-10.42,6.3,8.68,0.59
US-Pfa,-90.2723,45.9459,2018,2,19,-2.72,-10.17,-8.47,6.63,6.7,9.91
US-Pfa,-90.2723,45.9459,2018,2,20,-3.2,-11.81,-8.7,4.67,8.48,2.41
US-Pfa,-90.2723,45.9459,2018,2,21,-10.42,-22.48,-17.03,3.89,12.73,0.05
US-Pfa,-90.2723,45.9459,2018,2,22,-4.24,-19.57,-12.27,2.83,12.78,3.09
US-Pfa,-90.2723,45.9459,2018,2,23,-2.22,-9.09,-5.96,4.52,8.96,8.35
US-Pfa,-90.2723,45.9459,2018,2,24,-1.16,-14.89,-7.85,4.61,9.39,7.52
US-Pfa,-90.2723,45.9459,2018,2,25,-2.93,-7.29,-6.38,8.73,8.51,1.99
US-Pfa,-90.2723,45.9459,2018,2,26,0.32,-11.32,-6.14,5.39,14.55,0.01
US-Pfa,-90.2723,45.9459,2018,2,27,0.46,-7.27,-3.58,2.82,13.4,0.01
US-Pfa,-90.2723,45.9459,2018,2,28,0.15,-9.57,-5.05,3.05,14.67,0.37
US-Pfa,-90.2723,45.9459,2018,3,1,-0.47,-8.83,-6.35,2.58,14.05,1.23
US-Pfa,-90.2723,45.9459,2018,3,2,-0.11,-10.31,-5.91,1.86,15.18,0.35
US-Pfa,-90.2723,45.9459,2018,3,3,0.71,-6.92,-4.05,4.43,13.16,0
US-Pfa,-90.2723,45.9459,2018,3,4,0.48,-4.41,-3.98,6.3,5.35,0.03
US-Pfa,-90.2723,45.9459,2018,3,5,-1.68,-5.71,-5.58,7.69,5.68,0.72
US-Pfa,-90.2723,45.9459,2018,3,6,-2.53,-11.76,-7.23,6.28,9.93,2.67
US-Pfa,-90.2723,45.9459,2018,3,7,-7.56,-13.64,-11.53,4.33,12.84,3.66
US-Pfa,-90.2723,45.9459,2018,3,8,-4.29,-11.83,-9.41,3.9,15.57,0.37
US-Pfa,-90.2723,45.9459,2018,3,9,-2.82,-11.94,-9.11,2.57,17.86,0.05
US-Pfa,-90.2723,45.9459,2018,3,10,-1.74,-13.69,-10.89,1.53,15.16,0
US-Pfa,-90.2723,45.9459,2018,3,11,-0.03,-10.61,-6.14,2.8,9.29,0.05
US-Pfa,-90.2723,45.9459,2018,3,12,-1.48,-8.75,-5.53,5.36,17.18,0.44
US-Pfa,-90.2723,45.9459,2018,3,13,-6.4,-15.47,-10.64,4.58,18.21,0.1
US-Pfa,-90.2723,45.9459,2018,3,14,0,-11.49,-5.99,4.48,19.13,0
US-Pfa,-90.2723,45.9459,2018,3,15,-6.17,-15.07,-10.65,4.75,19.75,0
US-Pfa,-90.2723,45.9459,2018,3,16,-1.03,-17.07,-10.21,1.86,19.4,0
US-Pfa,-90.2723,45.9459,2018,3,17,1.1,-10.18,-6.31,2.56,19.34,0
US-Pfa,-90.2723,45.9459,2018,3,18,1.94,-8.85,-4.52,3.19,13.14,0.02
US-Pfa,-90.2723,45.9459,2018,3,19,-0.94,-12.08,-7.51,4.81,15.06,0.03
US-Pfa,-90.2723,45.9459,2018,3,20,-3.15,-12.5,-9.49,3.35,13.64,0
US-Pfa,-90.2723,45.9459,2018,3,21,-0.26,-9.82,-8.29,2.2,19.35,0
US-Pfa,-90.2723,45.9459,2018,3,22,1.46,-9.75,-6.6,2.11,18.95,0.01
US-Pfa,-90.2723,45.9459,2018,3,23,2.28,-9.48,-6.93,3.98,19.02,0
US-Pfa,-90.2723,45.9459,2018,3,24,2.88,-9.41,-7.09,4.43,16.45,0
US-Pfa,-90.2723,45.9459,2018,3,25,3.28,-9.07,-7.49,6.07,19.8,0
US-Pfa,-90.2723,45.9459,2018,3,26,5.54,-3.4,-3.16,5.23,12,9.48
US-Pfa,-90.2723,45.9459,2018,3,27,4.88,-2.83,-0.68,4.01,10.73,0.61
US-Pfa,-90.2723,45.9459,2018,3,28,7.91,-2.83,-0.47,5.1,18.45,0.01
US-Pfa,-90.2723,45.9459,2018,3,29,2.96,-4.93,-5.89,4.51,21.89,0
US-Pfa,-90.2723,45.9459,2018,3,30,-1.83,-5.69,-6.87,2.5,11.97,2.37
US-Pfa,-90.2723,45.9459,2018,3,31,-4.16,-12.8,-9.06,6.45,15.02,11.28
US-Pfa,-90.2723,45.9459,2018,4,1,-4.43,-16.89,-12.44,5.53,22.55,0.01
US-Pfa,-90.2723,45.9459,2018,4,2,-2.66,-12.55,-8.75,3.12,14.16,1.66
US-Pfa,-90.2723,45.9459,2018,4,3,-2.02,-8.54,-7.12,5.13,11.04,5.53
US-Pfa,-90.2723,45.9459,2018,4,4,-4.14,-8.96,-9.53,5.66,22.93,0.33
US-Pfa,-90.2723,45.9459,2018,4,5,-1.8,-14.98,-8.4,4.22,21.67,1.45
US-Pfa,-90.2723,45.9459,2018,4,6,-6.87,-14.22,-10.99,6.15,23.67,1.45
US-Pfa,-90.2723,45.9459,2018,4,7,-3.36,-17.23,-12.41,4.73,24.56,0
US-Pfa,-90.2723,45.9459,2018,4,8,-0.97,-14.47,-10.11,1.98,21.97,0.01
US-Pfa,-90.2723,45.9459,2018,4,9,2.21,-8.12,-6.94,2.97,24.22,0
US-Pfa,-90.2723,45.9459,2018,4,10,0.57,-8.62,-5.6,4.15,17.69,0.12
US-Pfa,-90.2723,45.9459,2018,4,11,7.46,-4.66,-2.97,2.84,21.1,0.46
US-Pfa,-90.2723,45.9459,2018,4,12,6.42,-0.49,0.12,3.02,18.2,5.81
US-Pfa,-90.2723,45.9459,2018,4,13,3.06,-3.78,-2.57,5.81,4,1.12
US-Pfa,-90.2723,45.9459,2018,4,14,-0.3,-6.44,-9.13,9.22,4.5,7.69
US-Pfa,-90.2723,45.9459,2018,4,15,-4.89,-6.79,-7.47,7.64,6.66,19.22
US-Pfa,-90.2723,45.9459,2018,4,16,-4.76,-6.77,-6.78,6.64,12.86,2.07
US-Pfa,-90.2723,45.9459,2018,4,17,-0.75,-8.38,-5.08,5.43,15.79,0.48
US-Pfa,-90.2723,45.9459,2018,4,18,0.72,-8.18,-3.94,5,14.2,0.12
US-Pfa,-90.2723,45.9459,2018,4,19,7.15,-7.09,-3.23,3.7,26.03,0.01
US-Pfa,-90.2723,45.9459,2018,4,20,11.57,-2.35,-2.23,2.42,24.92,0
US-Pfa,-90.2723,45.9459,2018,4,21,13.78,0.45,-1.06,2.3,22.98,0
US-Pfa,-90.2723,45.9459,2018,4,22,14.62,-0.61,0.51,3,23.22,0
US-Pfa,-90.2723,45.9459,2018,4,23,17.17,-0.42,1.99,3,24.34,0
US-Pfa,-90.2723,45.9459,2018,4,24,14.67,-1.47,2.57,4,22.01,0.27
US-Pfa,-90.2723,45.9459,2018,4,25,11.94,-2.45,-1.41,2.72,27.4,0.04
US-Pfa,-90.2723,45.9459,2018,4,26,14.18,0.02,1.9,4.13,21.03,0.01
US-Pfa,-90.2723,45.9459,2018,4,27,5.77,-3.77,-0.98,3.22,12.76,2.04
US-Pfa,-90.2723,45.9459,2018,4,28,7.95,-3.97,-4.71,3.63,28.3,0
US-Pfa,-90.2723,45.9459,2018,4,29,13.75,-3.88,-1.1,4.69,28.45,0
US-Pfa,-90.2723,45.9459,2018,4,30,19.48,2.74,7.93,6.39,16.33,0.02
US-Pfa,-90.2723,45.9459,2018,5,1,21.2,10.25,12.32,5.72,18.1,0.2
US-Pfa,-90.2723,45.9459,2018,5,2,16.6,7.29,7.98,3.07,19.21,4.27
US-Pfa,-90.2723,45.9459,2018,5,3,20,4.32,7.24,2.38,22.62,0.81
US-Pfa,-90.2723,45.9459,2018,5,4,18.82,7.5,7.58,3.96,26.39,0.38
US-Pfa,-90.2723,45.9459,2018,5,5,21.31,3.74,5.04,1.96,24.86,0.02
US-Pfa,-90.2723,45.9459,2018,5,6,17.26,5.69,5.18,3.35,26.39,0.36
US-Pfa,-90.2723,45.9459,2018,5,7,22.67,5.94,8.94,4.09,26.6,0
US-Pfa,-90.2723,45.9459,2018,5,8,23.3,11.69,11.51,2.73,11.37,2.24
US-Pfa,-90.2723,45.9459,2018,5,9,13.78,9.01,10.39,3.9,7.16,4
US-Pfa,-90.2723,45.9459,2018,5,10,10.8,1.78,0.84,4.84,26.39,0.05
US-Pfa,-90.2723,45.9459,2018,5,11,12.6,-0.91,-0.55,2.87,20.19,0.01
US-Pfa,-90.2723,45.9459,2018,5,12,16.84,0.08,2.29,2.32,19.88,0
US-Pfa,-90.2723,45.9459,2018,5,13,17.72,1.65,3.75,3.09,25.09,0
US-Pfa,-90.2723,45.9459,2018,5,14,22.9,7.1,11.92,2.62,15.52,0.98
US-Pfa,-90.2723,45.9459,2018,5,15,19.49,5.75,6.83,3.49,28.79,0.05
US-Pfa,-90.2723,45.9459,2018,5,16,25.02,8.38,11.84,4.95,28.07,0.88
US-Pfa,-90.2723,45.9459,2018,5,17,19.38,6.3,5.58,4.44,25.71,0
US-Pfa,-90.2723,45.9459,2018,5,18,21.19,7.13,7.56,5.63,24.49,0
US-Pfa,-90.2723,45.9459,2018,5,19,17.07,3.31,6.86,4.61,12.5,0.24
US-Pfa,-90.2723,45.9459,2018,5,20,19.19,2.08,3.71,2.74,29.7,0
US-Pfa,-90.2723,45.9459,2018,5,21,18.21,5.43,5.88,2.93,16.06,0.14
US-Pfa,-90.2723,45.9459,2018,5,22,21.21,8.29,12.08,2.16,18.49,0.16
US-Pfa,-90.2723,45.9459,2018,5,23,24.38,10.5,15.17,2.65,22.94,0.35
US-Pfa,-90.2723,45.9459,2018,5,24,24.8,15.63,18.64,3.74,20.15,13.17
US-Pfa,-90.2723,45.9459,2018,5,25,22.17,16.52,18.78,4.05,19.35,2.54
US-Pfa,-90.2723,45.9459,2018,5,26,28.13,14.01,16.73,2.78,29.24,0.05
US-Pfa,-90.2723,45.9459,2018,5,27,26.06,13.88,15.62,2.53,22.24,0.13
US-Pfa,-90.2723,45.9459,2018,5,28,26.88,16.37,18.14,2.94,26.86,6.17
US-Pfa,-90.2723,45.9459,2018,5,29,25.79,15.64,17.61,4.12,26.28,0.94
US-Pfa,-90.2723,45.9459,2018,5,30,20.09,15.09,16.76,3.44,8.47,18.74
US-Pfa,-90.2723,45.9459,2018,5,31,23.87,11.43,15.86,4.1,20.54,1.98
US-Pfa,-90.2723,45.9459,2018,6,1,19.53,6.89,8.62,4.61,23.48,0.05
US-Pfa,-90.2723,45.9459,2018,6,2,20.13,5.78,10.26,4.87,8.9,17.01
US-Pfa,-90.2723,45.9459,2018,6,3,14.08,7.32,9.84,5.51,10.97,2.25
US-Pfa,-90.2723,45.9459,2018,6,4,19.79,6.55,9.07,5.11,25.16,0.02
US-Pfa,-90.2723,45.9459,2018,6,5,18.86,4.64,7.61,2.66,30.55,0.03
US-Pfa,-90.2723,45.9459,2018,6,6,20.19,8.23,12.12,4.32,15.39,2.74
US-Pfa,-90.2723,45.9459,2018,6,7,21.28,9.03,10.76,3.08,25.11,0.21
US-Pfa,-90.2723,45.9459,2018,6,8,21.37,10.06,11.13,3.6,11.17,0.05
US-Pfa,-90.2723,45.9459,2018,6,9,21.06,11.98,12.89,3.86,17.6,1.05
US-Pfa,-90.2723,45.9459,2018,6,10,22.74,10.24,11.64,4.04,21.23,0
US-Pfa,-90.2723,45.9459,2018,6,11,21.84,9.64,11.05,4.77,22.57,0
US-Pfa,-90.2723,45.9459,2018,6,12,23,11.53,15.48,2.36,16.59,6.33
US-Pfa,-90.2723,45.9459,2018,6,13,21.57,11.37,11.48,4.5,31.8,5.83
US-Pfa,-90.2723,45.9459,2018,6,14,24.44,9.78,11.78,3.06,25.81,0.03
US-Pfa,-90.2723,45.9459,2018,6,15,23.94,14.08,17.52,5.35,11.95,46.96
US-Pfa,-90.2723,45.9459,2018,6,16,24.42,19.43,21.18,4.44,8.99,52.69
US-Pfa,-90.2723,45.9459,2018,6,17,27.75,20.62,22.34,4.47,19.36,25.2
US-Pfa,-90.2723,45.9459,2018,6,18,22.79,13.56,15.31,3.53,17.91,11.97
US-Pfa,-90.2723,45.9459,2018,6,19,22.25,12.45,13.4,2.75,20.33,0.01
US-Pfa,-90.2723,45.9459,2018,6,20,24.12,12.4,13.95,2.13,25.12,0
US-Pfa,-90.2723,45.9459,2018,6,21,24.14,12.64,14.4,2.86,23.1,0.01
US-Pfa,-90.2723,45.9459,2018,6,22,24.99,11.05,12.38,1.77,26.12,0
US-Pfa,-90.2723,45.9459,2018,6,23,24.84,12.23,14.82,1.84,26.45,0.01
US-Pfa,-90.2723,45.9459,2018,6,24,23.02,13.98,15.08,3.06,26.64,0.03
US-Pfa,-90.2723,45.9459,2018,6,25,23.42,10.63,12.3,4.09,26.11,0
US-Pfa,-90.2723,45.9459,2018,6,26,21.51,12.27,14.3,3.98,10.59,0.99
US-Pfa,-90.2723,45.9459,2018,6,27,25.07,13.64,16.59,1.81,15.78,0.55
US-Pfa,-90.2723,45.9459,2018,6,28,26.99,15.72,18.77,3.06,28.22,0.11
US-Pfa,-90.2723,45.9459,2018,6,29,28.39,17.63,22.22,5.12,27.14,0.5
US-Pfa,-90.2723,45.9459,2018,6,30,27.74,21.1,22.78,4.16,19.96,13.47
US-Pfa,-90.2723,45.9459,2018,7,1,26.44,13.74,18.8,4.85,9.98,7.81
US-Pfa,-90.2723,45.9459,2018,7,2,25.66,12.84,16.52,3.97,29.32,0.04
US-Pfa,-90.2723,45.9459,2018,7,3,25.66,17.38,18.19,4.48,18.13,0.02
US-Pfa,-90.2723,45.9459,2018,7,4,27.9,17.79,21.46,4,14.93,6.34
US-Pfa,-90.2723,45.9459,2018,7,5,23.2,13.12,16.19,4.27,29.13,1.51
US-Pfa,-90.2723,45.9459,2018,7,6,23.83,11.12,12.42,1.8,31.13,0
US-Pfa,-90.2723,45.9459,2018,7,7,24.35,12.81,14.21,4.84,29.45,0
US-Pfa,-90.2723,45.9459,2018,7,8,26.98,15.05,16.7,5.73,29.29,0.04
US-Pfa,-90.2723,45.9459,2018,7,9,26.76,16.06,17.82,3.09,23.6,0.16
US-Pfa,-90.2723,45.9459,2018,7,10,25.41,13.72,14.3,2.27,20.1,0
US-Pfa,-90.2723,45.9459,2018,7,11,24.94,14.8,17.72,4.16,21.18,2.34
US-Pfa,-90.2723,45.9459,2018,7,12,26.2,17.72,20.4,4.47,10.9,15.15
US-Pfa,-90.2723,45.9459,2018,7,13,23.17,15.95,17.04,2.2,13.59,2.87
US-Pfa,-90.2723,45.9459,2018,7,14,28.77,14.34,16.81,1.78,28.57,0.02
US-Pfa,-90.2723,45.9459,2018,7,15,27.9,16.61,18.09,3.14,24.41,0.08
US-Pfa,-90.2723,45.9459,2018,7,16,23.95,12.81,13.03,4.37,28.76,0
US-Pfa,-90.2723,45.9459,2018,7,17,20.87,11.6,11.56,2.78,26.73,0
US-Pfa,-90.2723,45.9459,2018,7,18,23.71,10.3,13.42,2.1,27.36,0
US-Pfa,-90.2723,45.9459,2018,7,19,24.49,14.36,16.02,4.07,18.26,1.73
US-Pfa,-90.2723,45.9459,2018,7,20,20.08,14.71,16.83,4.3,11.41,19.99
US-Pfa,-90.2723,45.9459,2018,7,21,19.96,13.33,14.86,5.2,20.19,0.78
US-Pfa,-90.2723,45.9459,2018,7,22,24.2,13.39,15.65,3.88,21.11,0.13
US-Pfa,-90.2723,45.9459,2018,7,23,25.06,11.62,14.61,2.37,26.01,0
US-Pfa,-90.2723,45.9459,2018,7,24,23.45,13.74,14.63,3.64,28.56,0
US-Pfa,-90.2723,45.9459,2018,7,25,23.59,12.65,14.93,2.45,13.34,10.09
US-Pfa,-90.2723,45.9459,2018,7,26,18.85,11.62,13.06,4.37,15.37,4.34
US-Pfa,-90.2723,45.9459,2018,7,27,19.96,11.3,11.87,3.21,23.41,0.19
US-Pfa,-90.2723,45.9459,2018,7,28,22.8,10.4,12.31,2.22,23.81,0.1
US-Pfa,-90.2723,45.9459,2018,7,29,23.25,12.17,13.42,2.09,24.69,0.61
US-Pfa,-90.2723,45.9459,2018,7,30,24.44,12.89,14.42,1.5,25.35,3.15
US-Pfa,-90.2723,45.9459,2018,7,31,25.63,13.5,15.27,2.5,26.59,0.08
US-Pfa,-90.2723,45.9459,2018,8,1,22.08,9.62,13.22,3.38,7.67,11.44
US-Pfa,-90.2723,45.9459,2018,8,2,19.85,8.53,10.44,2.25,14.67,0.1
US-Pfa,-90.2723,45.9459,2018,8,3,22.57,9.27,14.4,3.55,11.12,0.86
US-Pfa,-90.2723,45.9459,2018,8,4,24.54,17.8,18.39,5.69,8.44,15.78
US-Pfa,-90.2723,45.9459,2018,8,5,25.71,18.35,19.69,3.82,19.32,2.33
US-Pfa,-90.2723,45.9459,2018,8,6,23.76,14.08,16.52,2.83,17.32,0.15
US-Pfa,-90.2723,45.9459,2018,8,7,22.8,12.91,15.14,1.73,15.27,0.44
US-Pfa,-90.2723,45.9459,2018,8,8,25.74,14.56,17.56,3.43,24.66,4.55
US-Pfa,-90.2723,45.9459,2018,8,9,26.66,15.54,16.66,1.62,20.62,1.78
US-Pfa,-90.2723,45.9459,2018,8,10,26.09,15.91,16.72,2.63,24.2,0.54
US-Pfa,-90.2723,45.9459,2018,8,11,27.95,15.14,16.52,2.36,21.07,0
US-Pfa,-90.2723,45.9459,2018,8,12,28.26,15.5,17.88,2.14,23.03,0
US-Pfa,-90.2723,45.9459,2018,8,13,27.94,16.78,18.05,3.33,24.28,0
US-Pfa,-90.2723,45.9459,2018,8,14,26.43,17.07,18.9,2.91,18.09,3.65
US-Pfa,-90.2723,45.9459,2018,8,15,25.01,16.7,18.72,2.08,18.92,1.74
US-Pfa,-90.2723,45.9459,2018,8,16,25.03,16.22,17.17,1.85,16.57,0.19
US-Pfa,-90.2723,45.9459,2018,8,17,26.01,13.47,15.7,2.7,18.95,0
US-Pfa,-90.2723,45.9459,2018,8,18,23.51,12.11,13.39,1.71,15.73,0.01
US-Pfa,-90.2723,45.9459,2018,8,19,24.39,13.08,14.64,2.06,15.49,0
US-Pfa,-90.2723,45.9459,2018,8,20,23.23,15.8,16.09,1.83,8.75,0.41
US-Pfa,-90.2723,45.9459,2018,8,21,18.56,11.47,12.32,4.41,10.58,0.59
US-Pfa,-90.2723,45.9459,2018,8,22,21.9,10.66,10.45,3.8,24.14,0
US-Pfa,-90.2723,45.9459,2018,8,23,23.66,11.06,11.59,3.86,23.01,0
US-Pfa,-90.2723,45.9459,2018,8,24,19.55,14.55,15.3,4.42,2.89,20.94
US-Pfa,-90.2723,45.9459,2018,8,25,23.02,14.4,16.18,1.95,14.94,5.06
US-Pfa,-90.2723,45.9459,2018,8,26,24.69,14.19,18.4,4.48,10.58,5.93
US-Pfa,-90.2723,45.9459,2018,8,27,26.8,19.93,21.79,5.18,9.32,25.95
US-Pfa,-90.2723,45.9459,2018,8,28,20.53,10.52,13.96,2.95,4.93,9.49
US-Pfa,-90.2723,45.9459,2018,8,29,17.82,9.41,9.32,2.94,13.57,0.09
US-Pfa,-90.2723,45.9459,2018,8,30,20.61,7.67,11.38,3.83,21.26,1.36
US-Pfa,-90.2723,45.9459,2018,8,31,23.63,13.27,17.02,6.07,10.5,7.06
US-Pfa,-90.2723,45.9459,2018,9,1,25.35,18.07,19.82,3.22,15.99,2.75
US-Pfa,-90.2723,45.9459,2018,9,2,22.15,17.63,19.34,4.18,8.74,5.95
US-Pfa,-90.2723,45.9459,2018,9,3,23.02,12.42,13.99,2.6,13.91,3.63
US-Pfa,-90.2723,45.9459,2018,9,4,23.61,16.5,19.21,3.46,5.76,19.8
US-Pfa,-90.2723,45.9459,2018,9,5,18.48,9.89,12.75,4.04,10.72,22.06
US-Pfa,-90.2723,45.9459,2018,9,6,20.02,6.96,8.66,2.08,22.95,0.02
US-Pfa,-90.2723,45.9459,2018,9,7,20.86,9.05,9.87,2.62,19.92,0
US-Pfa,-90.2723,45.9459,2018,9,8,18.93,7.41,7.35,3.05,21.5,0
US-Pfa,-90.2723,45.9459,2018,9,9,18.97,6.34,8.12,3.49,21.3,0
US-Pfa,-90.2723,45.9459,2018,9,10,20.02,6.39,9.11,3.29,20.34,0
US-Pfa,-90.2723,45.9459,2018,9,11,23.67,11.94,13.64,5.07,20.33,0.06
US-Pfa,-90.2723,45.9459,2018,9,12,25.22,13.7,16.47,4.52,16.14,0.09
US-Pfa,-90.2723,45.9459,2018,9,13,24.09,13.57,15.08,4.95,20.24,0.04
US-Pfa,-90.2723,45.9459,2018,9,14,25.58,15.3,18.68,3.35,16.96,2.3
US-Pfa,-90.2723,45.9459,2018,9,15,28.28,18.1,20.37,2.76,18.39,1.74
US-Pfa,-90.2723,45.9459,2018,9,16,25.94,17.28,18.64,4.28,18.44,0.13
US-Pfa,-90.2723,45.9459,2018,9,17,23.33,11.65,14.38,3.94,14.62,0.02
US-Pfa,-90.2723,45.9459,2018,9,18,17.94,8.73,9.18,2.28,6.4,0.06
US-Pfa,-90.2723,45.9459,2018,9,19,17.15,8.58,11.37,1.94,4.28,3.69
US-Pfa,-90.2723,45.9459,2018,9,20,21.97,10.24,13.92,5.13,3.19,31.19
US-Pfa,-90.2723,45.9459,2018,9,21,19.95,4.44,8.2,7.05,9.97,6.85
US-Pfa,-90.2723,45.9459,2018,9,22,15.64,2.43,4.23,3.8,18.9,0.12
US-Pfa,-90.2723,45.9459,2018,9,23,18.23,5.91,9.2,3.24,17.73,0.15
US-Pfa,-90.2723,45.9459,2018,9,24,19.67,11.35,12.19,6.59,14.81,0.36
US-Pfa,-90.2723,45.9459,2018,9,25,14.56,6.07,9.02,4.02,3.65,7.52
US-Pfa,-90.2723,45.9459,2018,9,26,12.55,2.65,2.88,4.45,14.99,0.08
US-Pfa,-90.2723,45.9459,2018,9,27,11.75,5.71,6.94,4.57,7.18,7.33
US-Pfa,-90.2723,45.9459,2018,9,28,9,-0.3,2.11,4.43,11.15,2.39
US-Pfa,-90.2723,45.9459,2018,9,29,6.82,-2.33,-3.54,2.28,6.1,0.01
US-Pfa,-90.2723,45.9459,2018,9,30,7.75,0.97,2.35,2.5,6.52,0.14
US-Pfa,-90.2723,45.9459,2018,10,1,10.93,2,3.65,2.86,3.89,4.76
US-Pfa,-90.2723,45.9459,2018,10,2,12.4,4.87,6.95,2.77,7.06,2.07
US-Pfa,-90.2723,45.9459,2018,10,3,22.46,3.68,13.64,7.41,2.72,28.01
US-Pfa,-90.2723,45.9459,2018,10,4,7.66,1.31,-0.92,4.34,15.69,1.45
US-Pfa,-90.2723,45.9459,2018,10,5,5.68,0.93,2.77,3.5,4.66,8.55
US-Pfa,-90.2723,45.9459,2018,10,6,7.2,2.26,4.27,3.07,6.05,0.42
US-Pfa,-90.2723,45.9459,2018,10,7,9.53,1.88,3.51,2.71,6.68,0.26
US-Pfa,-90.2723,45.9459,2018,10,8,13.42,5.16,8.25,2.14,4.22,18.46
US-Pfa,-90.2723,45.9459,2018,10,9,8.5,4.32,5.99,4.31,3.62,36.4
US-Pfa,-90.2723,45.9459,2018,10,10,8.23,4.31,5.38,4.22,3.19,23.68
US-Pfa,-90.2723,45.9459,2018,10,11,5.63,-1.54,-0.83,6.68,8.07,1.48
US-Pfa,-90.2723,45.9459,2018,10,12,3.26,-4.83,-4.91,3.58,8.32,0.09
US-Pfa,-90.2723,45.9459,2018,10,13,9.31,-4.44,0.03,4.83,10.02,0.05
US-Pfa,-90.2723,45.9459,2018,10,14,2.68,-3.17,-2.24,2.74,4.9,1.12
US-Pfa,-90.2723,45.9459,2018,10,15,3.12,-3.59,-4.6,4.93,9.67,0.18
US-Pfa,-90.2723,45.9459,2018,10,16,8.51,-2.13,-1.31,5.83,14.14,0.06
US-Pfa,-90.2723,45.9459,2018,10,17,3.56,-4.24,-5.15,5.16,13.85,0.08
US-Pfa,-90.2723,45.9459,2018,10,18,12.53,-3.74,0.52,5.48,13.94,0
US-Pfa,-90.2723,45.9459,2018,10,19,11.57,3.91,6.2,6.84,5.8,2.45
US-Pfa,-90.2723,45.9459,2018,10,20,3.58,-3.85,-3.94,5.91,10.3,1.51
US-Pfa,-90.2723,45.9459,2018,10,21,6.45,-4.55,-3.23,3.62,11.39,0
US-Pfa,-90.2723,45.9459,2018,10,22,10.61,-2.08,0.71,4.48,13.39,0.29
US-Pfa,-90.2723,45.9459,2018,10,23,6.72,-1.75,-0.45,3.33,10.61,0.46
US-Pfa,-90.2723,45.9459,2018,10,24,8.23,-3.16,-0.3,2.69,12.63,0.01
US-Pfa,-90.2723,45.9459,2018,10,25,10.27,-0.64,2.3,2.89,5.76,0.46
US-Pfa,-90.2723,45.9459,2018,10,26,9.29,0.47,2.32,2.3,6.7,0.05
US-Pfa,-90.2723,45.9459,2018,10,27,8.81,0.91,2.59,3.41,3.4,0.33
US-Pfa,-90.2723,45.9459,2018,10,28,6.74,3.01,3.29,3.73,3.57,5.95
US-Pfa,-90.2723,45.9459,2018,10,29,7.69,0.57,1.58,2.37,4.35,0.12
US-Pfa,-90.2723,45.9459,2018,10,30,7.14,0.73,3.2,3.85,4.74,0.8
US-Pfa,-90.2723,45.9459,2018,10,31,7.82,-2.6,-0.19,3.91,10.25,0
US-Pfa,-90.2723,45.9459,2018,11,1,5.45,-2.75,-2.17,1.75,11.34,0.01
US-Pfa,-90.2723,45.9459,2018,11,2,4.97,-3.59,-2.04,1.87,6.56,0.02
US-Pfa,-90.2723,45.9459,2018,11,3,5.8,-3.75,-3.1,1.77,8.61,0
US-Pfa,-90.2723,45.9459,2018,11,4,4.04,-2.03,-0.25,5.68,1.56,16.33
US-Pfa,-90.2723,45.9459,2018,11,5,4.23,-0.44,1.14,3.82,4.21,2.35
US-Pfa,-90.2723,45.9459,2018,11,6,1.62,-2.24,0.32,2.94,3.51,8.79
US-Pfa,-90.2723,45.9459,2018,11,7,-0.78,-6.05,-4.43,5.37,3.95,1.26
US-Pfa,-90.2723,45.9459,2018,11,8,-2.09,-8.3,-8.57,2.42,4.49,1.39
US-Pfa,-90.2723,45.9459,2018,11,9,-4.66,-7.26,-8.46,5.25,6.93,6.47
US-Pfa,-90.2723,45.9459,2018,11,10,-4.83,-10.04,-10.53,3.65,6.26,1.11
US-Pfa,-90.2723,45.9459,2018,11,11,-3.16,-10.52,-8.37,3.42,1.87,1.33
US-Pfa,-90.2723,45.9459,2018,11,12,-7.14,-13.72,-12.17,4.05,4.25,0.68
US-Pfa,-90.2723,45.9459,2018,11,13,-10.4,-16.28,-15.25,3.71,6.77,0.16
US-Pfa,-90.2723,45.9459,2018,11,14,-1.84,-16.11,-10.23,4.21,9.04,0
US-Pfa,-90.2723,45.9459,2018,11,15,0.41,-8,-6.45,5.7,6.99,0.33
US-Pfa,-90.2723,45.9459,2018,11,16,-1.72,-7.88,-5.06,4.55,2.88,0.56
US-Pfa,-90.2723,45.9459,2018,11,17,-5.42,-16.67,-11.23,3.4,6.78,0.15
US-Pfa,-90.2723,45.9459,2018,11,18,-6.29,-19.83,-13.33,3.93,8.33,1.2
US-Pfa,-90.2723,45.9459,2018,11,19,-4.39,-13.1,-9.62,3.15,4.43,2.21
US-Pfa,-90.2723,45.9459,2018,11,20,-8.13,-16.41,-12.25,4.14,2.87,0.94
US-Pfa,-90.2723,45.9459,2018,11,21,-8.77,-14.5,-13.59,3.33,4.51,0.07
US-Pfa,-90.2723,45.9459,2018,11,22,-2.37,-12.45,-7.92,6.52,2.07,0.13
US-Pfa,-90.2723,45.9459,2018,11,23,2.42,-1.88,-0.15,6.51,4.64,0.91
US-Pfa,-90.2723,45.9459,2018,11,24,1.12,-4.09,-0.75,4.08,2.16,5.9
US-Pfa,-90.2723,45.9459,2018,11,25,-3.23,-10.57,-7.72,4.75,4.28,0.24
US-Pfa,-90.2723,45.9459,2018,11,26,-6.33,-11.21,-10.38,4.68,4.97,0.62
US-Pfa,-90.2723,45.9459,2018,11,27,-7.98,-12.87,-12.12,3.72,4.45,0.38
US-Pfa,-90.2723,45.9459,2018,11,28,-4.83,-12.86,-10.83,2.19,5.08,0.19
US-Pfa,-90.2723,45.9459,2018,11,29,-3.4,-10.25,-7.63,3.14,2.03,1.82
US-Pfa,-90.2723,45.9459,2018,11,30,-1.01,-8.15,-5.52,2.05,1.77,0.08
US-Pfa,-90.2723,45.9459,2018,12,1,-1.21,-6.83,-4.43,5.23,1.94,2.44
US-Pfa,-90.2723,45.9459,2018,12,2,-2.48,-4.64,-4.37,8.44,3.59,2.43
US-Pfa,-90.2723,45.9459,2018,12,3,-3.26,-8.87,-7.06,4.12,2.57,0.25
US-Pfa,-90.2723,45.9459,2018,12,4,-5.17,-10.21,-9.55,2.96,2.55,0.13
US-Pfa,-90.2723,45.9459,2018,12,5,-4.03,-12.13,-9.59,3.91,1.61,0.97
US-Pfa,-90.2723,45.9459,2018,12,6,-8.85,-18.88,-13.3,3.81,3.18,0.97
US-Pfa,-90.2723,45.9459,2018,12,7,-9.06,-19.01,-15.67,3.3,3.85,0.03
US-Pfa,-90.2723,45.9459,2018,12,8,-6.39,-16.18,-12.72,3.76,3.14,0.03
US-Pfa,-90.2723,45.9459,2018,12,9,-3.23,-11.61,-9.77,3.52,6.93,0.04
US-Pfa,-90.2723,45.9459,2018,12,10,-4.78,-10.8,-9.38,4.2,3.13,0.05
US-Pfa,-90.2723,45.9459,2018,12,11,-2.16,-10.35,-8.02,2.61,3.2,0.04
US-Pfa,-90.2723,45.9459,2018,12,12,-1.32,-8.04,-5.68,3.28,1.75,0.13
US-Pfa,-90.2723,45.9459,2018,12,13,-1.6,-7.76,-5.27,3.44,1.85,0.11
US-Pfa,-90.2723,45.9459,2018,12,14,0.41,-9.16,-6.97,4.01,6.66,0.01
US-Pfa,-90.2723,45.9459,2018,12,15,1.54,-7.77,-5.3,4.31,6.63,0
US-Pfa,-90.2723,45.9459,2018,12,16,1.8,-8.28,-4.7,5,6.81,0
US-Pfa,-90.2723,45.9459,2018,12,17,-2.48,-10.94,-8.83,3.65,6.84,0
US-Pfa,-90.2723,45.9459,2018,12,18,0.03,-11.53,-5.59,5.17,4.83,0.01
US-Pfa,-90.2723,45.9459,2018,12,19,1.81,-2.1,-0.34,3.83,2.82,0.33
US-Pfa,-90.2723,45.9459,2018,12,20,0.66,-5.17,-2.4,4.57,2.35,0.91
US-Pfa,-90.2723,45.9459,2018,12,21,-4.31,-9.47,-8.32,5.13,2.67,0.42
US-Pfa,-90.2723,45.9459,2018,12,22,-4.72,-9.39,-9.12,2.05,1.94,0.15
US-Pfa,-90.2723,45.9459,2018,12,23,-3.48,-8.97,-8.23,4.01,1.82,1.56
US-Pfa,-90.2723,45.9459,2018,12,24,-4.83,-12.41,-10.51,2.4,4.51,0.09
US-Pfa,-90.2723,45.9459,2018,12,25,-3.43,-9.7,-8.79,1.37,4,0.05
US-Pfa,-90.2723,45.9459,2018,12,26,-3.19,-9.44,-7.56,3.02,4.82,0.4
US-Pfa,-90.2723,45.9459,2018,12,27,0.35,-5.22,-1.65,5.76,1.5,14.48
US-Pfa,-90.2723,45.9459,2018,12,28,-0.23,-13.77,-8.2,6.68,2.78,2.48
US-Pfa,-90.2723,45.9459,2018,12,29,-11.61,-17.61,-15.23,3.51,3.78,0.06
US-Pfa,-90.2723,45.9459,2018,12,30,-7.13,-13.02,-11.11,4.43,5.13,0.15
US-Pfa,-90.2723,45.9459,2018,12,31,-3.7,-11.53,-8.49,5.58,2.79,1.69
US-Pfa,-90.2723,45.9459,2019,1,1,-10.02,-16.84,-14,3.54,6.44,0.15
US-Pfa,-90.2723,45.9459,2019,1,2,-9.62,-18.4,-14.05,4.77,5.35,0.06
US-Pfa,-90.2723,45.9459,2019,1,3,-1.25,-12.65,-6.91,5.14,5.69,0.02
US-Pfa,-90.2723,45.9459,2019,1,4,0.34,-5.39,-3.64,3.34,6.8,0.02
US-Pfa,-90.2723,45.9459,2019,1,5,0.07,-5.44,-3.4,4.58,6.57,0.03
US-Pfa,-90.2723,45.9459,2019,1,6,-4.34,-9.37,-7.24,4.88,3.06,2.08
US-Pfa,-90.2723,45.9459,2019,1,7,0.35,-3.91,-1.49,7.43,1.08,8.12
US-Pfa,-90.2723,45.9459,2019,1,8,-3.57,-13.83,-9.44,6.93,3.26,0.8
US-Pfa,-90.2723,45.9459,2019,1,9,-11.92,-14.25,-13.95,6.39,6.97,0.92
US-Pfa,-90.2723,45.9459,2019,1,10,-9.19,-13.78,-12.93,2.57,5.9,0.06
US-Pfa,-90.2723,45.9459,2019,1,11,-6.22,-14.19,-11.35,3.26,6.12,0.05
US-Pfa,-90.2723,45.9459,2019,1,12,-4.04,-15.72,-9.62,3.62,2.85,0.06
US-Pfa,-90.2723,45.9459,2019,1,13,-5.44,-16.76,-12.16,3.53,3.99,0.02
US-Pfa,-90.2723,45.9459,2019,1,14,-2.02,-8.79,-6.71,3.26,1.61,0.28
US-Pfa,-90.2723,45.9459,2019,1,15,-3.71,-13.01,-8.29,6.16,1.51,0.25
US-Pfa,-90.2723,45.9459,2019,1,16,-10.31,-21.3,-15.25,3.4,7.61,0.04
US-Pfa,-90.2723,45.9459,2019,1,17,-8.21,-20.87,-15.62,3.12,2.77,0.21
US-Pfa,-90.2723,45.9459,2019,1,18,-13.51,-21.49,-17.85,4,4.25,0.07
US-Pfa,-90.2723,45.9459,2019,1,19,-12.36,-21.93,-18.31,3.12,8.83,0.3
US-Pfa,-90.2723,45.9459,2019,1,20,-16.04,-24.81,-19.55,3.93,9.09,0.25
US-Pfa,-90.2723,45.9459,2019,1,21,-11.33,-28.32,-19.84,5.22,7.46,0.43
US-Pfa,-90.2723,45.9459,2019,1,22,-9.22,-14.91,-12.64,4.38,2.59,1.96
US-Pfa,-90.2723,45.9459,2019,1,23,-7.68,-16.45,-12.82,3.29,5.36,0.31
US-Pfa,-90.2723,45.9459,2019,1,24,-10.89,-22.05,-16.07,5.82,4.67,2.8
US-Pfa,-90.2723,45.9459,2019,1,25,-22.34,-29.68,-26.06,3.83,8.18,0.25
US-Pfa,-90.2723,45.9459,2019,1,26,-19.69,-32.06,-24.72,4.06,7.1,0.37
US-Pfa,-90.2723,45.9459,2019,1,27,-21.16,-24.18,-23.04,3.8,8.72,0.89
US-Pfa,-90.2723,45.9459,2019,1,28,-17.19,-22.22,-20.21,4.24,6.64,2.85
US-Pfa,-90.2723,45.9459,2019,1,29,-17.64,-27.72,-23.09,7.56,7.88,0.91
US-Pfa,-90.2723,45.9459,2019,1,30,-24.62,-35.33,-27.52,6.87,8.75,0.53
US-Pfa,-90.2723,45.9459,2019,1,31,-25.41,-39.4,-31.4,2.76,8.7,0.03
US-Pfa,-90.2723,45.9459,2019,2,1,-13.95,-26.24,-19.96,5.26,7.25,0.05
US-Pfa,-90.2723,45.9459,2019,2,2,-2.48,-13.91,-9.21,3.47,6.3,0.21
US-Pfa,-90.2723,45.9459,2019,2,3,0.91,-3.01,-0.61,2.9,2.54,0.59
US-Pfa,-90.2723,45.9459,2019,2,4,-2.41,-14.97,-7.51,5.08,2.83,7.18
US-Pfa,-90.2723,45.9459,2019,2,5,-10.8,-19.46,-14.68,3.4,5.69,6.73
US-Pfa,-90.2723,45.9459,2019,2,6,-5.36,-16.64,-11.25,2.65,7.01,2.41
US-Pfa,-90.2723,45.9459,2019,2,7,-7.45,-15.88,-11.63,4.92,5.11,10.65
US-Pfa,-90.2723,45.9459,2019,2,8,-16.5,-24.03,-20.86,7.46,12.21,0.41
US-Pfa,-90.2723,45.9459,2019,2,9,-15.03,-27.06,-20.98,2.01,9.28,0.02
US-Pfa,-90.2723,45.9459,2019,2,10,-10.11,-18.99,-14.75,3.33,6.55,4.24
US-Pfa,-90.2723,45.9459,2019,2,11,-6.35,-16.09,-11.75,4.42,6.64,0.49
US-Pfa,-90.2723,45.9459,2019,2,12,-7.79,-9.29,-9.44,5.23,4.71,19.75
US-Pfa,-90.2723,45.9459,2019,2,13,-7.31,-15.24,-12.44,4.86,12.57,0.22
US-Pfa,-90.2723,45.9459,2019,2,14,-4.3,-14.93,-9.91,5.08,7,1.99
US-Pfa,-90.2723,45.9459,2019,2,15,-9.16,-16.57,-14.29,6.77,13.58,0.37
US-Pfa,-90.2723,45.9459,2019,2,16,-7.54,-19.55,-14.94,2.48,11.73,0.02
US-Pfa,-90.2723,45.9459,2019,2,17,-7.71,-18.43,-13.2,4.68,10.42,0.03
US-Pfa,-90.2723,45.9459,2019,2,18,-9.97,-18.43,-14.89,3.44,13.92,0.02
US-Pfa,-90.2723,45.9459,2019,2,19,-8.05,-21.69,-16.56,3.52,13.67,0.02
US-Pfa,-90.2723,45.9459,2019,2,20,-4.21,-15.11,-9.39,4.75,5.78,9.29
US-Pfa,-90.2723,45.9459,2019,2,21,-5.84,-12.48,-9.83,4.25,9.56,0.34
US-Pfa,-90.2723,45.9459,2019,2,22,-4.23,-12.74,-9.84,2.67,13.2,0.15
US-Pfa,-90.2723,45.9459,2019,2,23,-1.44,-7.3,-5.17,4.63,4.14,8.71
US-Pfa,-90.2723,45.9459,2019,2,24,-3.52,-19.35,-10.44,10.74,9.01,18.96
US-Pfa,-90.2723,45.9459,2019,2,25,-16.34,-24.51,-20.43,5.85,14.27,0.25
US-Pfa,-90.2723,45.9459,2019,2,26,-13.19,-24.11,-19.44,1.95,9.27,1.2
US-Pfa,-90.2723,45.9459,2019,2,27,-12.82,-21.66,-17.19,2.88,12.23,3.5
US-Pfa,-90.2723,45.9459,2019,2,28,-9.64,-22.08,-16.56,4.37,14.86,0.04
US-Pfa,-90.2723,45.9459,2019,3,1,-6,-19.9,-13.02,1.8,8.2,4.8
US-Pfa,-90.2723,45.9459,2019,3,2,-9.33,-20.39,-13.53,4,15.91,0.35
US-Pfa,-90.2723,45.9459,2019,3,3,-19.97,-27.06,-23.38,4.23,17.25,0.04
US-Pfa,-90.2723,45.9459,2019,3,4,-17.07,-27.59,-21.8,4.89,16.28,0.29
US-Pfa,-90.2723,45.9459,2019,3,5,-14.89,-19.97,-17.82,4.9,11.89,0.23
US-Pfa,-90.2723,45.9459,2019,3,6,-10.52,-22.86,-16.88,3.63,15.14,0.08
US-Pfa,-90.2723,45.9459,2019,3,7,-8.67,-21.07,-16.36,2.94,17.11,0.01
US-Pfa,-90.2723,45.9459,2019,3,8,-2.55,-17.45,-10.14,3.28,14.77,0.02
US-Pfa,-90.2723,45.9459,2019,3,9,-0.85,-7.47,-5.08,6.07,6.55,2.35
US-Pfa,-90.2723,45.9459,2019,3,10,-0.68,-9.57,-5.56,6.77,8.28,5.94
US-Pfa,-90.2723,45.9459,2019,3,11,-5.18,-15.81,-11.79,4.64,18.92,0.02
US-Pfa,-90.2723,45.9459,2019,3,12,0.47,-15.95,-5.41,6.64,7.63,2.98
US-Pfa,-90.2723,45.9459,2019,3,13,1.07,0.19,0.16,5.18,4.67,3.75
US-Pfa,-90.2723,45.9459,2019,3,14,0.94,-0.11,0.41,5.46,5.41,4.67
US-Pfa,-90.2723,45.9459,2019,3,15,-0.59,-6.45,-4.91,7.04,10.15,2.42
US-Pfa,-90.2723,45.9459,2019,3,16,-2.7,-10.19,-8.05,3.91,18.96,0.08
US-Pfa,-90.2723,45.9459,2019,3,17,-1.04,-12.64,-8.31,3.14,15.59,0.01
US-Pfa,-90.2723,45.9459,2019,3,18,0.03,-11.83,-4.99,3.63,18.69,0.05
US-Pfa,-90.2723,45.9459,2019,3,19,0.52,-6.55,-2.89,4.59,17.94,0
US-Pfa,-90.2723,45.9459,2019,3,20,0.26,-2.11,-1.24,4.65,12.09,0.73
US-Pfa,-90.2723,45.9459,2019,3,21,2.41,-4.24,-1.81,4.17,19.51,0.04
US-Pfa,-90.2723,45.9459,2019,3,22,0.43,-7.69,-4.73,3.54,21.07,0
US-Pfa,-90.2723,45.9459,2019,3,23,3.2,-11.53,-4.45,3.74,20.33,0.01
US-Pfa,-90.2723,45.9459,2019,3,24,0.08,-13.18,-5.93,4.68,15.96,0.04
US-Pfa,-90.2723,45.9459,2019,3,25,1.55,-14.43,-9.64,2.47,20.72,0
US-Pfa,-90.2723,45.9459,2019,3,26,3.56,-8.32,-5.43,3.36,17.9,0
US-Pfa,-90.2723,45.9459,2019,3,27,8.46,-2.33,2.77,7.16,16.46,0.14
US-Pfa,-90.2723,45.9459,2019,3,28,6.58,-3.79,-1.16,4.68,15.22,0.07
US-Pfa,-90.2723,45.9459,2019,3,29,5.45,-4.69,-5.67,2.67,21.29,0
US-Pfa,-90.2723,45.9459,2019,3,30,-1.66,-5.47,-8.54,7.08,22.41,0.09
US-Pfa,-90.2723,45.9459,2019,3,31,0.3,-6.76,-7.96,4.05,15.84,0.04
US-Pfa,-90.2723,45.9459,2019,4,1,3.34,-7.48,-3.83,3.07,9.23,0.27
US-Pfa,-90.2723,45.9459,2019,4,2,6.22,-3.88,-2.72,6.1,12.88,1.25
US-Pfa,-90.2723,45.9459,2019,4,3,3.09,-4.26,-6.26,5.23,20.52,0.01
US-Pfa,-90.2723,45.9459,2019,4,4,5.85,-6,-4.63,4.05,13.7,1.5
US-Pfa,-90.2723,45.9459,2019,4,5,3.04,-1.48,0.35,3.24,6.92,0.77
US-Pfa,-90.2723,45.9459,2019,4,6,10.03,0.23,3.69,2.92,4.15,4.67
US-Pfa,-90.2723,45.9459,2019,4,7,13.84,4.25,7.76,4.67,10.58,11.5
US-Pfa,-90.2723,45.9459,2019,4,8,13.12,2.35,5.1,4.04,13.13,1.88
US-Pfa,-90.2723,45.9459,2019,4,9,4.06,-3.97,-2.37,5.49,15.07,0.14
US-Pfa,-90.2723,45.9459,2019,4,10,3.97,-3.45,-4.67,4.99,7.32,0.07
US-Pfa,-90.2723,45.9459,2019,4,11,0,-4.44,-3.98,8.66,2.78,24.51
US-Pfa,-90.2723,45.9459,2019,4,12,1.26,-4.57,-2.25,5.81,7.26,2.67
US-Pfa,-90.2723,45.9459,2019,4,13,1.33,-4.92,-3.61,4.47,8.39,0.33
US-Pfa,-90.2723,45.9459,2019,4,14,3.92,-5.53,-4.93,3.51,18.35,0
US-Pfa,-90.2723,45.9459,2019,4,15,6.89,-2.73,-3.66,2.34,19.13,0.35
US-Pfa,-90.2723,45.9459,2019,4,16,14.96,0.72,2.77,2.62,23.43,0.02
US-Pfa,-90.2723,45.9459,2019,4,17,11.7,0.71,2.64,5.33,2.73,25.93
US-Pfa,-90.2723,45.9459,2019,4,18,5.9,-1.08,0.79,5.43,7.83,0.67
US-Pfa,-90.2723,45.9459,2019,4,19,13.12,-2.92,-0.71,2.63,26.39,0
US-Pfa,-90.2723,45.9459,2019,4,20,16.37,-1.2,3.01,4.24,25.51,0.18
US-Pfa,-90.2723,45.9459,2019,4,21,14.93,6,8.23,4.28,14.99,13.95
US-Pfa,-90.2723,45.9459,2019,4,22,10.84,1.51,4.22,6.14,4.87,22.86
US-Pfa,-90.2723,45.9459,2019,4,23,12.38,0.47,1.67,4.27,25.5,0.06
US-Pfa,-90.2723,45.9459,2019,4,24,15.73,1.02,6,5.05,16,0.01
US-Pfa,-90.2723,45.9459,2019,4,25,14.02,6.57,6.11,2.96,13.67,0.66
US-Pfa,-90.2723,45.9459,2019,4,26,8.54,-1.52,-0.41,5.79,27.01,0.01
US-Pfa,-90.2723,45.9459,2019,4,27,5.66,-3.67,-3.68,2.33,11.23,0
US-Pfa,-90.2723,45.9459,2019,4,28,10.64,-1.92,-0.91,2.1,19.69,0.38
US-Pfa,-90.2723,45.9459,2019,4,29,5.38,0.55,1.2,4.47,5.76,4.6
US-Pfa,-90.2723,45.9459,2019,4,30,9.4,-0.22,1.58,3.3,8.66,1.02
US-Pfa,-90.2723,45.9459,2019,5,1,6.74,0.69,1.97,3.65,7.01,9.52
US-Pfa,-90.2723,45.9459,2019,5,2,9.24,0.88,2.64,2.97,10.91,0.61
US-Pfa,-90.2723,45.9459,2019,5,3,12.74,0.31,3.67,2.54,21.66,0.1
US-Pfa,-90.2723,45.9459,2019,5,4,17.81,4.4,5.88,3.51,27.69,0.26
US-Pfa,-90.2723,45.9459,2019,5,5,14.37,4.03,4.78,3.29,19.67,0.47
US-Pfa,-90.2723,45.9459,2019,5,6,11.62,0.28,1.67,3,24.5,0.59
US-Pfa,-90.2723,45.9459,2019,5,7,14.01,-2.14,0.63,1.98,28.64,0
US-Pfa,-90.2723,45.9459,2019,5,8,5.56,0.48,-0.03,5.33,6.3,23.65
US-Pfa,-90.2723,45.9459,2019,5,9,1.75,0.26,0.39,4.81,9.2,7.46
US-Pfa,-90.2723,45.9459,2019,5,10,9.36,0.12,1.03,2.8,20.36,0.28
US-Pfa,-90.2723,45.9459,2019,5,11,13.77,-0.68,2.75,3.93,21.42,0.01
US-Pfa,-90.2723,45.9459,2019,5,12,15,2.9,4.15,1.53,17.85,0.18
US-Pfa,-90.2723,45.9459,2019,5,13,17.71,1.72,4.86,1.83,19.63,0.01
US-Pfa,-90.2723,45.9459,2019,5,14,18.54,4.22,7.78,3.37,23.85,0.48
US-Pfa,-90.2723,45.9459,2019,5,15,18.85,6.81,7.72,2.86,28.96,0.26
US-Pfa,-90.2723,45.9459,2019,5,16,20.53,5.74,11.03,5.27,22.5,4.8
US-Pfa,-90.2723,45.9459,2019,5,17,14.05,2.24,2.79,3.32,24.24,0.18
US-Pfa,-90.2723,45.9459,2019,5,18,7.27,3.45,3.47,5.23,4.36,14.29
US-Pfa,-90.2723,45.9459,2019,5,19,3.94,0.52,1.06,6.94,5.82,48.83
US-Pfa,-90.2723,45.9459,2019,5,20,11.71,0.54,2.45,3.58,28.34,0.42
US-Pfa,-90.2723,45.9459,2019,5,21,15.57,1.63,4.52,4.86,19.44,1.85
US-Pfa,-90.2723,45.9459,2019,5,22,17.39,4.1,8.32,6.64,10.44,5.76
US-Pfa,-90.2723,45.9459,2019,5,23,13.65,6.82,8.36,4.35,10.57,0.73
US-Pfa,-90.2723,45.9459,2019,5,24,14.22,6.01,8.55,4.84,7.33,0.44
US-Pfa,-90.2723,45.9459,2019,5,25,18.94,7.57,11,4.93,26.08,0.07
US-Pfa,-90.2723,45.9459,2019,5,26,20.78,7.04,9.59,1.48,28.58,0.01
US-Pfa,-90.2723,45.9459,2019,5,27,11.75,7.26,8.85,4.46,4.71,19.61
US-Pfa,-90.2723,45.9459,2019,5,28,18.74,5.71,8.71,2.51,17.51,0.09
US-Pfa,-90.2723,45.9459,2019,5,29,20.88,8.53,11.19,3.07,23.27,0.01
US-Pfa,-90.2723,45.9459,2019,5,30,21.2,9.08,11.33,2.7,24.05,0.01
US-Pfa,-90.2723,45.9459,2019,5,31,24.2,9.23,12.21,4.04,22.78,0.27
US-Pfa,-90.2723,45.9459,2019,6,1,18.63,6.27,6.8,3.46,22.9,0.02
US-Pfa,-90.2723,45.9459,2019,6,2,14.33,2.49,2.58,3.33,30.43,0
US-Pfa,-90.2723,45.9459,2019,6,3,18.51,2.82,7.34,3.28,20.23,0
US-Pfa,-90.2723,45.9459,2019,6,4,24.18,12.17,15.94,3.87,24.64,6.06
US-Pfa,-90.2723,45.9459,2019,6,5,19.28,8.9,11.26,3.24,23.79,2.2
US-Pfa,-90.2723,45.9459,2019,6,6,24.23,7.97,12.61,1.84,30.09,0
US-Pfa,-90.2723,45.9459,2019,6,7,25.91,13.03,16.34,3.91,29.96,0
US-Pfa,-90.2723,45.9459,2019,6,8,23.95,11.82,13.56,4.34,31.28,0
US-Pfa,-90.2723,45.9459,2019,6,9,24.4,10.75,13.16,4.35,18.46,6.29
US-Pfa,-90.2723,45.9459,2019,6,10,18.37,8.07,8.83,4.61,27.55,1.38
US-Pfa,-90.2723,45.9459,2019,6,11,19.95,6.47,9.22,2.69,17,4.98
US-Pfa,-90.2723,45.9459,2019,6,12,14.25,4.98,7.99,4,20.39,2.86
US-Pfa,-90.2723,45.9459,2019,6,13,17.05,3.16,6.05,3.77,29.77,0
US-Pfa,-90.2723,45.9459,2019,6,14,18.37,7.81,11.77,3.11,11.31,23.49
US-Pfa,-90.2723,45.9459,2019,6,15,18.64,7.86,8.64,3.52,25.27,0.13
US-Pfa,-90.2723,45.9459,2019,6,16,19.39,8.22,9.63,2.63,24.08,1.51
US-Pfa,-90.2723,45.9459,2019,6,17,20.13,9.58,12.45,2.93,20.07,2.31
US-Pfa,-90.2723,45.9459,2019,6,18,18.98,8.51,11.23,2.62,20.31,0.33
US-Pfa,-90.2723,45.9459,2019,6,19,20.52,6.96,10.31,3.37,26.62,0
US-Pfa,-90.2723,45.9459,2019,6,20,20.34,8.38,9.55,2.99,24.22,0
US-Pfa,-90.2723,45.9459,2019,6,21,21.74,9.24,11.38,3.04,19.97,0
US-Pfa,-90.2723,45.9459,2019,6,22,21.91,9.14,11.07,4.12,27.36,0.04
US-Pfa,-90.2723,45.9459,2019,6,23,21.6,13.31,15.38,4.9,6.27,14.82
US-Pfa,-90.2723,45.9459,2019,6,24,19.98,14.13,15.7,3.71,10.61,4.86
US-Pfa,-90.2723,45.9459,2019,6,25,22.98,12.41,14.72,5.07,27.42,2.54
US-Pfa,-90.2723,45.9459,2019,6,26,24.29,12.01,14.32,3.88,26.76,0
US-Pfa,-90.2723,45.9459,2019,6,27,26.48,12.29,16.34,2.23,13.26,4.11
US-Pfa,-90.2723,45.9459,2019,6,28,26.18,17.35,18.17,1.63,20.44,0.75
US-Pfa,-90.2723,45.9459,2019,6,29,27.48,14.48,15.35,1.64,27.7,0
US-Pfa,-90.2723,45.9459,2019,6,30,25.46,17.2,19.54,3.32,4.79,5.15
US-Pfa,-90.2723,45.9459,2019,7,1,21.51,16.27,17.79,2.42,11.59,4.5
US-Pfa,-90.2723,45.9459,2019,7,2,25.64,14.86,15.48,1.7,27.24,0.41
US-Pfa,-90.2723,45.9459,2019,7,3,27.28,16.96,16.76,2.16,26.27,0.01
US-Pfa,-90.2723,45.9459,2019,7,4,26.1,17.28,19.55,3,20.07,10.14
US-Pfa,-90.2723,45.9459,2019,7,5,25.61,16.67,17.12,2.82,19.08,0.41
US-Pfa,-90.2723,45.9459,2019,7,6,22.44,12.01,13.04,3.35,23.11,1.28
US-Pfa,-90.2723,45.9459,2019,7,7,24.03,10.86,10.67,1.87,27.19,0
US-Pfa,-90.2723,45.9459,2019,7,8,26.16,12.82,15.96,2.54,25.54,0.01
US-Pfa,-90.2723,45.9459,2019,7,9,25.46,16.93,18.27,5.08,19.71,5.16
US-Pfa,-90.2723,45.9459,2019,7,10,23.43,15.71,17.99,4.74,19.31,0.78
US-Pfa,-90.2723,45.9459,2019,7,11,21.95,13.05,12.49,3.17,30.19,0.02
US-Pfa,-90.2723,45.9459,2019,7,12,25.64,12.77,17.35,4.17,25.08,2.51
US-Pfa,-90.2723,45.9459,2019,7,13,22.48,13.96,14.08,3.16,26.08,0.26
US-Pfa,-90.2723,45.9459,2019,7,14,25.86,12.43,16.23,3.29,25.86,3.66
US-Pfa,-90.2723,45.9459,2019,7,15,27.17,19.77,21.82,4.81,21.81,18.01
US-Pfa,-90.2723,45.9459,2019,7,16,26.15,18.87,19.38,2.84,19.34,4.99
US-Pfa,-90.2723,45.9459,2019,7,17,26.34,17.26,18.36,3.59,19.52,0.22
US-Pfa,-90.2723,45.9459,2019,7,18,26.84,19.97,21.52,4.16,15,5.45
US-Pfa,-90.2723,45.9459,2019,7,19,30.11,17.96,20.12,3.17,19.24,15.04
US-Pfa,-90.2723,45.9459,2019,7,20,20.89,14.1,15.16,3.17,10.47,5.6
US-Pfa,-90.2723,45.9459,2019,7,21,21.52,12.69,13.46,2.96,23.9,0.04
US-Pfa,-90.2723,45.9459,2019,7,22,21.94,9.98,12.27,3.55,26.42,0.13
US-Pfa,-90.2723,45.9459,2019,7,23,23.09,12.56,14.82,3.31,24.04,0.45
US-Pfa,-90.2723,45.9459,2019,7,24,25.89,12.94,15.66,2.14,25.73,1.22
US-Pfa,-90.2723,45.9459,2019,7,25,24.62,14.71,16.2,4.58,24.6,0
US-Pfa,-90.2723,45.9459,2019,7,26,24.45,16.35,18.74,5.97,19.7,2.09
US-Pfa,-90.2723,45.9459,2019,7,27,24.46,17.29,17.32,3.55,26.49,0.22
US-Pfa,-90.2723,45.9459,2019,7,28,26.03,15.34,18.34,3.33,10.97,18.16
US-Pfa,-90.2723,45.9459,2019,7,29,23.07,14.59,15.44,5.14,22.53,2.47
US-Pfa,-90.2723,45.9459,2019,7,30,19.18,11.21,9.95,3.14,28.36,0.02
US-Pfa,-90.2723,45.9459,2019,7,31,23.23,9.87,10.67,1.56,27.73,0
US-Pfa,-90.2723,45.9459,2019,8,1,24.44,12.14,14.75,2.64,26.87,0.01
US-Pfa,-90.2723,45.9459,2019,8,2,24.95,16.62,17.7,3.04,22.23,0.39
US-Pfa,-90.2723,45.9459,2019,8,3,26.66,15.32,18.63,2.31,22.09,1.84
US-Pfa,-90.2723,45.9459,2019,8,4,26.55,16.82,19.14,2.48,23.99,0.83
US-Pfa,-90.2723,45.9459,2019,8,5,24.46,15.12,18.9,3.84,11.01,12.65
US-Pfa,-90.2723,45.9459,2019,8,6,24.4,13.68,15.32,2.58,24.91,0.07
US-Pfa,-90.2723,45.9459,2019,8,7,24.96,14.92,16.97,3.69,19.35,6.11
US-Pfa,-90.2723,45.9459,2019,8,8,20.8,11.66,11.94,4.16,25.5,0
US-Pfa,-90.2723,45.9459,2019,8,9,21.48,11.07,12.05,3.49,24.83,0
US-Pfa,-90.2723,45.9459,2019,8,10,24.14,12.82,14.02,2.15,17.59,0.01
US-Pfa,-90.2723,45.9459,2019,8,11,24.79,13.73,16.07,1.84,16.09,0.06
US-Pfa,-90.2723,45.9459,2019,8,12,24.99,15.89,16.38,1.9,14.13,1.83
US-Pfa,-90.2723,45.9459,2019,8,13,17.46,13.91,14.31,2.99,16.27,10.2
US-Pfa,-90.2723,45.9459,2019,8,14,21.66,10.92,12.23,2.67,23.29,0.02
US-Pfa,-90.2723,45.9459,2019,8,15,22.02,12.92,13.06,2.09,21.4,0.75
US-Pfa,-90.2723,45.9459,2019,8,16,20.94,13.91,15.59,4.42,15.59,21.35
US-Pfa,-90.2723,45.9459,2019,8,17,24.66,12.52,15.69,2.72,23.72,0.34
US-Pfa,-90.2723,45.9459,2019,8,18,20.71,10.98,14.97,4.39,15.26,9.01
US-Pfa,-90.2723,45.9459,2019,8,19,21.83,8.91,11.18,3.37,25.29,0
US-Pfa,-90.2723,45.9459,2019,8,20,23.57,13.01,16.09,3.38,14.67,1.97
US-Pfa,-90.2723,45.9459,2019,8,21,20.09,12.59,11.97,3.29,22.79,0.16
US-Pfa,-90.2723,45.9459,2019,8,22,18.52,9.33,10.8,2.38,15.57,0.06
US-Pfa,-90.2723,45.9459,2019,8,23,20.38,7.34,10.23,2.3,22.44,0
US-Pfa,-90.2723,45.9459,2019,8,24,20.62,9.05,11.62,3.33,19.67,0
US-Pfa,-90.2723,45.9459,2019,8,25,20.69,9.74,12.26,4.48,15.99,0
US-Pfa,-90.2723,45.9459,2019,8,26,19.9,13.14,14.97,4.04,7.45,7.59
US-Pfa,-90.2723,45.9459,2019,8,27,19.55,12.05,12.82,5.65,18.12,4.13
US-Pfa,-90.2723,45.9459,2019,8,28,17.88,9.01,8.97,6.29,16.16,1.79
US-Pfa,-90.2723,45.9459,2019,8,29,19.56,8.87,10.05,5.48,18.91,2.79
US-Pfa,-90.2723,45.9459,2019,8,30,18.55,6.43,6.96,3.21,23.8,0
US-Pfa,-90.2723,45.9459,2019,8,31,19.59,8.38,8.64,2.62,14.69,0
US-Pfa,-90.2723,45.9459,2019,9,1,20,8.91,11.73,3.49,9.85,0.17
US-Pfa,-90.2723,45.9459,2019,9,2,20.53,12.71,12.2,2.65,19.74,2.18
US-Pfa,-90.2723,45.9459,2019,9,3,21.41,10.97,14.91,6.78,14.52,31.95
US-Pfa,-90.2723,45.9459,2019,9,4,17.94,9.28,9.52,2.6,19.34,0.56
US-Pfa,-90.2723,45.9459,2019,9,5,19.91,8.52,12.51,3.78,7.35,6.1
US-Pfa,-90.2723,45.9459,2019,9,6,18.28,11.31,12.48,4.68,14.29,2.44
US-Pfa,-90.2723,45.9459,2019,9,7,14.21,7.09,8.67,3.18,10.77,0.09
US-Pfa,-90.2723,45.9459,2019,9,8,17.18,5.72,8.62,2.59,12,0.01
US-Pfa,-90.2723,45.9459,2019,9,9,17.81,7.52,10.73,5.37,6.09,7.43
US-Pfa,-90.2723,45.9459,2019,9,10,24.31,12.76,17.45,4.67,15.54,1.22
US-Pfa,-90.2723,45.9459,2019,9,11,15.23,9.35,11.21,4.46,4.68,17.48
US-Pfa,-90.2723,45.9459,2019,9,12,15.61,9.44,11.2,7.01,3.59,14.91
US-Pfa,-90.2723,45.9459,2019,9,13,16.78,8.68,11.59,6.38,10.75,6.86
US-Pfa,-90.2723,45.9459,2019,9,14,19.09,7.81,10.48,3.09,15.59,8.02
US-Pfa,-90.2723,45.9459,2019,9,15,23.26,12.47,15.44,1.79,15.12,0.5
US-Pfa,-90.2723,45.9459,2019,9,16,24.69,12.61,15.78,2.82,18.22,0
US-Pfa,-90.2723,45.9459,2019,9,17,22.97,15.63,16.87,4.97,11.3,0.04
US-Pfa,-90.2723,45.9459,2019,9,18,23.11,16.16,18.34,6.28,9.48,0.42
US-Pfa,-90.2723,45.9459,2019,9,19,25.22,14.56,17.47,2.23,14.73,0.05
US-Pfa,-90.2723,45.9459,2019,9,20,24.59,13.14,16.54,2.24,11.7,0.03
US-Pfa,-90.2723,45.9459,2019,9,21,23.63,18.14,19.67,5.9,5.18,5.77
US-Pfa,-90.2723,45.9459,2019,9,22,19.88,10.1,13.29,3.06,10.35,1.04
US-Pfa,-90.2723,45.9459,2019,9,23,19.09,10.23,10.57,3.51,17.69,2.07
US-Pfa,-90.2723,45.9459,2019,9,24,21.98,8.82,14.01,4.75,15.73,32.47
US-Pfa,-90.2723,45.9459,2019,9,25,16.73,9.22,10.18,4.61,15.39,1.39
US-Pfa,-90.2723,45.9459,2019,9,26,15.54,4.89,6.54,4.11,15.87,0.96
US-Pfa,-90.2723,45.9459,2019,9,27,15.6,7.51,10.21,5.03,5.76,4.77
US-Pfa,-90.2723,45.9459,2019,9,28,13.5,5.36,5.17,3.08,16.63,0.03
US-Pfa,-90.2723,45.9459,2019,9,29,14.04,5.59,7.97,5.02,5.13,2.46
US-Pfa,-90.2723,45.9459,2019,9,30,24.32,10.28,17.71,6.05,4.43,25.12
US-Pfa,-90.2723,45.9459,2019,10,1,20.22,8.2,10.22,4.07,3.72,6.26
US-Pfa,-90.2723,45.9459,2019,10,2,12.7,5.86,5.3,5.02,6.1,7.23
US-Pfa,-90.2723,45.9459,2019,10,3,9.79,4.53,5.89,4.24,8.23,7.5
US-Pfa,-90.2723,45.9459,2019,10,4,11.94,3.07,3.87,2.68,5.56,0.07
US-Pfa,-90.2723,45.9459,2019,10,5,10.17,4.08,6.94,6.93,2.61,7.54
US-Pfa,-90.2723,45.9459,2019,10,6,14.25,4.4,5.95,6.35,14.16,1.19
US-Pfa,-90.2723,45.9459,2019,10,7,14.02,3.79,4.42,3.67,16.39,0
US-Pfa,-90.2723,45.9459,2019,10,8,17.49,4.17,6.58,5.31,14.62,0
US-Pfa,-90.2723,45.9459,2019,10,9,17.94,6.61,8.06,5.67,15.21,0.01
US-Pfa,-90.2723,45.9459,2019,10,10,17.17,7.91,10.33,5.87,5.58,0.14
US-Pfa,-90.2723,45.9459,2019,10,11,13.38,-0.75,3.39,7.47,6.22,8.03
US-Pfa,-90.2723,45.9459,2019,10,12,0.99,-1.97,-2.67,7.26,4.2,2.99
US-Pfa,-90.2723,45.9459,2019,10,13,3.84,-0.58,-0.51,4.89,6.56,2.35
US-Pfa,-90.2723,45.9459,2019,10,14,6.76,-0.89,0.18,3.66,13.21,0.49
US-Pfa,-90.2723,45.9459,2019,10,15,3.7,-0.2,1.22,4.2,2.34,19.51
US-Pfa,-90.2723,45.9459,2019,10,16,6.9,2.18,2.53,4.52,7.9,0.79
US-Pfa,-90.2723,45.9459,2019,10,17,9.57,1,2.17,1.84,9.59,0.1
US-Pfa,-90.2723,45.9459,2019,10,18,11.98,0.59,3.9,6.62,11.9,0.02
US-Pfa,-90.2723,45.9459,2019,10,19,9.48,2.58,5.47,4.03,5.54,5.38
US-Pfa,-90.2723,45.9459,2019,10,20,15.11,0.7,3.75,2.32,13.02,0.02
US-Pfa,-90.2723,45.9459,2019,10,21,11.99,5.23,7.08,6.8,2.04,13.98
US-Pfa,-90.2723,45.9459,2019,10,22,7.13,2.33,3.8,5.49,3.75,4.15
US-Pfa,-90.2723,45.9459,2019,10,23,6.7,0.1,0.78,4.96,6.23,0.98
US-Pfa,-90.2723,45.9459,2019,10,24,4.15,-3.65,-1.55,3.39,5.98,0.21
US-Pfa,-90.2723,45.9459,2019,10,25,6.91,-4.36,-2.38,4.15,12.73,0
US-Pfa,-90.2723,45.9459,2019,10,26,9.56,-1.88,-0.76,4.31,11.87,0
US-Pfa,-90.2723,45.9459,2019,10,27,9.25,-2.34,1.3,3.11,6.78,0.05
US-Pfa,-90.2723,45.9459,2019,10,28,2.29,-4.14,-4.25,2.72,8.4,0.4
US-Pfa,-90.2723,45.9459,2019,10,29,3.27,-5.12,-5.22,2.96,10.72,0.11
US-Pfa,-90.2723,45.9459,2019,10,30,-0.17,-5.75,-7.36,2.5,8.4,0
US-Pfa,-90.2723,45.9459,2019,10,31,-0.41,-5.86,-6.4,3.41,5.82,0.02
US-Pfa,-90.2723,45.9459,2019,11,1,0.98,-6.11,-4.11,3.56,2.53,0.15
US-Pfa,-90.2723,45.9459,2019,11,2,0.05,-7.09,-5.05,4.14,3.38,0.22
US-Pfa,-90.2723,45.9459,2019,11,3,2.49,-7.73,-4.33,2.28,5.62,0.56
US-Pfa,-90.2723,45.9459,2019,11,4,3.14,-4.14,-1.44,3.47,3.36,1.15
US-Pfa,-90.2723,45.9459,2019,11,5,-3.43,-10.78,-10.5,3.82,10.91,0.01
US-Pfa,-90.2723,45.9459,2019,11,6,-2.63,-11.02,-10.93,4,6.03,0.45
US-Pfa,-90.2723,45.9459,2019,11,7,-6.17,-11.24,-12.25,3.82,9.05,0.14
US-Pfa,-90.2723,45.9459,2019,11,8,-4.89,-12.35,-10.78,3.81,6.28,0.86
US-Pfa,-90.2723,45.9459,2019,11,9,3.44,-5.67,-2.91,3.55,7.73,1.29
US-Pfa,-90.2723,45.9459,2019,11,10,-2.06,-10.54,-8.93,4.83,3.84,1.37
US-Pfa,-90.2723,45.9459,2019,11,11,-10.16,-14.01,-14.89,5.3,6.32,2.43
US-Pfa,-90.2723,45.9459,2019,11,12,-9.44,-15.85,-16.22,3.99,10.12,0.55
US-Pfa,-90.2723,45.9459,2019,11,13,-8.65,-13.09,-12.15,4.21,3.3,2.85
US-Pfa,-90.2723,45.9459,2019,11,14,-3.65,-11.39,-9.76,4.58,8.48,0.11
US-Pfa,-90.2723,45.9459,2019,11,15,-1.7,-9.38,-8.32,3.46,9.02,0
US-Pfa,-90.2723,45.9459,2019,11,16,0.44,-9.16,-4.54,6.36,4.95,0.05
US-Pfa,-90.2723,45.9459,2019,11,17,0.98,-4.22,-2.23,3.97,2.11,2.82
US-Pfa,-90.2723,45.9459,2019,11,18,0.67,-6.41,-4.19,1.82,2.22,0.11
US-Pfa,-90.2723,45.9459,2019,11,19,0.66,-6.09,-3.44,2,2.22,0.09
US-Pfa,-90.2723,45.9459,2019,11,20,2.52,-2.12,-0.28,2.68,3.05,0.29
US-Pfa,-90.2723,45.9459,2019,11,21,1.13,-6.47,-2.78,5.6,4.06,15.38
US-Pfa,-90.2723,45.9459,2019,11,22,-3.89,-10.71,-9.5,3.93,7.77,0.05
US-Pfa,-90.2723,45.9459,2019,11,23,0.71,-9.44,-5.5,4.21,8.34,0
US-Pfa,-90.2723,45.9459,2019,11,24,1.8,-3.34,-2.13,3.87,7.43,0.16
US-Pfa,-90.2723,45.9459,2019,11,25,2.51,-1.42,-0.45,4.79,4.79,0.47
US-Pfa,-90.2723,45.9459,2019,11,26,0.06,-4.66,-2.98,3.9,3.14,2.45
US-Pfa,-90.2723,45.9459,2019,11,27,-1.01,-6.02,-4.35,8.31,2.85,28.3
US-Pfa,-90.2723,45.9459,2019,11,28,-1.85,-10,-6.46,2.34,2.77,0.23
US-Pfa,-90.2723,45.9459,2019,11,29,-2.03,-7.76,-5.87,2.18,2.8,0.14
US-Pfa,-90.2723,45.9459,2019,11,30,-2.42,-7.28,-5.62,5.98,1.67,17.93
US-Pfa,-90.2723,45.9459,2019,12,1,-3.01,-11.47,-6.18,6.27,2.82,13.91
US-Pfa,-90.2723,45.9459,2019,12,2,-2.29,-12.84,-9.15,3.02,7.11,0.29
US-Pfa,-90.2723,45.9459,2019,12,3,-3.34,-12.69,-9.04,3.7,6.3,0.15
US-Pfa,-90.2723,45.9459,2019,12,4,-3.23,-9.14,-6.02,5,4.96,0.13
US-Pfa,-90.2723,45.9459,2019,12,5,-1.71,-9.77,-6.98,2.34,3.57,0.78
US-Pfa,-90.2723,45.9459,2019,12,6,-4.79,-14.1,-10.55,3.55,6.88,0.62
US-Pfa,-90.2723,45.9459,2019,12,7,-1.9,-14.73,-8.07,5.51,4.71,0.77
US-Pfa,-90.2723,45.9459,2019,12,8,0.12,-8.34,-3.01,4.67,2.26,0.37
US-Pfa,-90.2723,45.9459,2019,12,9,-7.42,-13.55,-9.76,5.28,2.12,9.31
US-Pfa,-90.2723,45.9459,2019,12,10,-13.83,-24.46,-19.15,4.19,5.97,0.26
US-Pfa,-90.2723,45.9459,2019,12,11,-20.56,-27.36,-24.27,3.4,7.23,0.15
US-Pfa,-90.2723,45.9459,2019,12,12,-10.89,-19.69,-15.5,3.07,3.18,8.1
US-Pfa,-90.2723,45.9459,2019,12,13,-5.51,-14.31,-10.51,2.46,3.74,1.95
US-Pfa,-90.2723,45.9459,2019,12,14,-6.32,-14.6,-11.58,3.77,3.4,2.08
US-Pfa,-90.2723,45.9459,2019,12,15,-13.91,-21.52,-17.89,2.88,4.41,0.17
US-Pfa,-90.2723,45.9459,2019,12,16,-7.88,-20.17,-15.29,3.79,3.21,0.05
US-Pfa,-90.2723,45.9459,2019,12,17,-8.32,-20.22,-15.23,4.59,3.53,0.36
US-Pfa,-90.2723,45.9459,2019,12,18,-14.74,-18.85,-18.03,4.2,5.84,0.2
US-Pfa,-90.2723,45.9459,2019,12,19,-7.84,-16.65,-12.79,3.05,6.4,0.05
US-Pfa,-90.2723,45.9459,2019,12,20,-1.39,-12.15,-6.28,6.32,3.72,0.08
US-Pfa,-90.2723,45.9459,2019,12,21,-1.22,-9.58,-5.37,4.69,5.38,0.01
US-Pfa,-90.2723,45.9459,2019,12,22,0.2,-4.77,-2.38,4.67,5.81,0.03
US-Pfa,-90.2723,45.9459,2019,12,23,-0.09,-4.97,-3.52,3.45,4.4,0.01
US-Pfa,-90.2723,45.9459,2019,12,24,0.21,-5.06,-2.2,3.47,1.18,0.15
US-Pfa,-90.2723,45.9459,2019,12,25,0.28,-1.05,-0.42,2.93,1.78,0.39
US-Pfa,-90.2723,45.9459,2019,12,26,0.42,-6.03,-1.53,4.76,1.29,0.27
US-Pfa,-90.2723,45.9459,2019,12,27,-5.04,-13.81,-9.31,3.82,1.84,0.03
US-Pfa,-90.2723,45.9459,2019,12,28,-0.59,-12.16,-6.36,3.96,1.58,11.47
US-Pfa,-90.2723,45.9459,2019,12,29,0.56,-1.12,-0.22,6.01,3.09,16.16
US-Pfa,-90.2723,45.9459,2019,12,30,0.3,-6.58,-3.18,5.4,1.2,20.54
US-Pfa,-90.2723,45.9459,2019,12,31,-6.4,-20.74,-11.88,5.41,6.3,0.76
US-Pfa,-90.2723,45.9459,2020,1,1,-3.55,-20.95,-10.83,5.01,4.36,0.05
US-Pfa,-90.2723,45.9459,2020,1,2,0.15,-11.8,-4.7,4.63,4.1,0.1
US-Pfa,-90.2723,45.9459,2020,1,3,-5.96,-12.23,-9.7,2.53,4.58,0.1
US-Pfa,-90.2723,45.9459,2020,1,4,-4.97,-10.79,-8.82,3.12,5.1,0.1
US-Pfa,-90.2723,45.9459,2020,1,5,-4.25,-8.21,-7.52,6.22,3.47,3.25
US-Pfa,-90.2723,45.9459,2020,1,6,-4.67,-13.21,-9.58,4.69,7.7,0.05
US-Pfa,-90.2723,45.9459,2020,1,7,-4.7,-17.17,-11.43,6.08,7.58,0.48
US-Pfa,-90.2723,45.9459,2020,1,8,-14.68,-19.07,-17.43,4.05,7.54,0.31
US-Pfa,-90.2723,45.9459,2020,1,9,-0.07,-14.18,-6.56,7.16,4.17,1.25
US-Pfa,-90.2723,45.9459,2020,1,10,-8.23,-14.7,-12.87,3.88,6.99,0.17
US-Pfa,-90.2723,45.9459,2020,1,11,-11.68,-14.26,-14.04,6.61,8.25,0.23
US-Pfa,-90.2723,45.9459,2020,1,12,-10.39,-16.64,-14.23,3.04,7.15,1.29
US-Pfa,-90.2723,45.9459,2020,1,13,-4.8,-12.77,-9.39,3.16,5.55,1.17
US-Pfa,-90.2723,45.9459,2020,1,14,-1.28,-15.6,-6.92,4.95,3.72,1.66
US-Pfa,-90.2723,45.9459,2020,1,15,-6.34,-17.43,-11.75,2.83,1.9,2.46
US-Pfa,-90.2723,45.9459,2020,1,16,-15.41,-23.64,-20.11,5.14,8.68,0.17
US-Pfa,-90.2723,45.9459,2020,1,17,-7.26,-23.28,-15.75,5.56,6.08,4.22
US-Pfa,-90.2723,45.9459,2020,1,18,-4.73,-14.36,-8.72,6.1,5.56,7.58
US-Pfa,-90.2723,45.9459,2020,1,19,-7.21,-12.98,-10.41,4.91,4.23,0.97
US-Pfa,-90.2723,45.9459,2020,1,20,-8.3,-18.92,-14.71,3.38,8.23,0.03
US-Pfa,-90.2723,45.9459,2020,1,21,-9.49,-18.29,-14.23,7.46,8.18,0.03
US-Pfa,-90.2723,45.9459,2020,1,22,-2.24,-9.66,-5.37,6.63,6.21,4.83
US-Pfa,-90.2723,45.9459,2020,1,23,-2.09,-6.26,-4.98,2.48,3.27,4.63
US-Pfa,-90.2723,45.9459,2020,1,24,-0.14,-7.37,-4.36,3.17,4.56,3.61
US-Pfa,-90.2723,45.9459,2020,1,25,-0.88,-4.09,-3.2,4.39,4.35,2.92
US-Pfa,-90.2723,45.9459,2020,1,26,-2,-8.4,-6.1,3.09,2.51,0.64
US-Pfa,-90.2723,45.9459,2020,1,27,-2.66,-12.38,-7.99,2.94,4.17,0.96
US-Pfa,-90.2723,45.9459,2020,1,28,-5.68,-13.36,-10.93,2.84,5.76,0.65
US-Pfa,-90.2723,45.9459,2020,1,29,-5.04,-11.78,-9.91,2.18,5.77,0.26
US-Pfa,-90.2723,45.9459,2020,1,30,-6.73,-13.77,-11.34,2.27,4.95,0.1
US-Pfa,-90.2723,45.9459,2020,1,31,-2.83,-12.17,-7.9,3.58,6.5,0.13
US-Pfa,-90.2723,45.9459,2020,2,1,-1.76,-5.34,-4.79,5.4,7.14,0.4
US-Pfa,-90.2723,45.9459,2020,2,2,0.4,-9.02,-3.08,5.74,8.01,0.11
US-Pfa,-90.2723,45.9459,2020,2,3,-4.56,-10.04,-8.18,4.5,6.86,0
US-Pfa,-90.2723,45.9459,2020,2,4,-10.26,-22.14,-15.07,5.09,11.23,0.01
US-Pfa,-90.2723,45.9459,2020,2,5,-7.38,-24.72,-17.04,4.57,11.26,0
US-Pfa,-90.2723,45.9459,2020,2,6,-3.33,-17.79,-12.61,2.36,11.34,0
US-Pfa,-90.2723,45.9459,2020,2,7,-8.21,-20.85,-12.92,3.5,9.58,0.24
US-Pfa,-90.2723,45.9459,2020,2,8,-9.06,-24.04,-17.52,3.75,10.56,0.03
US-Pfa,-90.2723,45.9459,2020,2,9,-7.97,-18.15,-13.81,2.52,8.5,1.76
US-Pfa,-90.2723,45.9459,2020,2,10,-7.49,-20.4,-13.56,4.26,10.47,0.15
US-Pfa,-90.2723,45.9459,2020,2,11,-6.12,-11.45,-9.64,5.28,9.54,0.08
US-Pfa,-90.2723,45.9459,2020,2,12,-4.05,-17.6,-11.24,7.2,6.33,1.4
US-Pfa,-90.2723,45.9459,2020,2,13,-18.25,-28.96,-21.43,5.79,12.87,0.38
US-Pfa,-90.2723,45.9459,2020,2,14,-16.27,-31.63,-23.54,5.97,13.09,0.04
US-Pfa,-90.2723,45.9459,2020,2,15,-3.69,-17.77,-11.24,7.42,10.51,0.28
US-Pfa,-90.2723,45.9459,2020,2,16,-11.73,-22.1,-17.31,3.01,13.23,0.01
US-Pfa,-90.2723,45.9459,2020,2,17,-1.82,-22.8,-10.73,5,9.44,2.83
US-Pfa,-90.2723,45.9459,2020,2,18,-5.61,-20.89,-11.67,6.58,11.36,1.88
US-Pfa,-90.2723,45.9459,2020,2,19,-15.97,-24.22,-20.19,4.23,14.23,0.12
US-Pfa,-90.2723,45.9459,2020,2,20,-13.8,-25.28,-20.28,4.33,14.5,0.02
US-Pfa,-90.2723,45.9459,2020,2,21,-1.64,-18.33,-10.36,7.24,14.64,0.02
US-Pfa,-90.2723,45.9459,2020,2,22,0.09,-10.56,-5.71,4.71,14.02,0.03
US-Pfa,-90.2723,45.9459,2020,2,23,0.39,-6.37,-2.81,6.01,14.54,0.03
US-Pfa,-90.2723,45.9459,2020,2,24,-0.09,-8.14,-5.79,3.01,14.94,0.02
US-Pfa,-90.2723,45.9459,2020,2,25,-2.21,-10.42,-6.66,4.77,14.48,0.02
US-Pfa,-90.2723,45.9459,2020,2,26,-6.33,-15,-10.82,4.25,12.95,0.75
US-Pfa,-90.2723,45.9459,2020,2,27,-10.76,-15.22,-13.87,4.74,13.77,0.35
US-Pfa,-90.2723,45.9459,2020,2,28,-8.44,-18.26,-14.34,5.3,16.55,0
US-Pfa,-90.2723,45.9459,2020,2,29,-4.32,-19.28,-11,4.62,13.53,0.01
US-Pfa,-90.2723,45.9459,2020,3,1,0.18,-5.87,-3.27,5.99,14.81,0.02
US-Pfa,-90.2723,45.9459,2020,3,2,-2.05,-8.18,-6.46,4.66,16.12,0
US-Pfa,-90.2723,45.9459,2020,3,3,-0.54,-6.42,-4.57,5.93,13.2,0.34
US-Pfa,-90.2723,45.9459,2020,3,4,-2.73,-10.33,-7.36,4.08,16.65,0.04
US-Pfa,-90.2723,45.9459,2020,3,5,0.11,-6.64,-3.6,7.81,10.1,5.26
US-Pfa,-90.2723,45.9459,2020,3,6,-3.26,-11.69,-9.14,4.28,17.23,0.08
US-Pfa,-90.2723,45.9459,2020,3,7,1.41,-9.57,-3.64,6.85,15.79,0
US-Pfa,-90.2723,45.9459,2020,3,8,2.24,0.77,0.83,6.39,15.66,0
US-Pfa,-90.2723,45.9459,2020,3,9,1.46,-7.92,-2.48,4.63,7.8,0.11
US-Pfa,-90.2723,45.9459,2020,3,10,0.06,-11.62,-5.91,2.61,15.09,0.18
US-Pfa,-90.2723,45.9459,2020,3,11,0.53,-4.1,-1.96,2.8,14.5,0.34
US-Pfa,-90.2723,45.9459,2020,3,12,0.45,-4.32,-0.75,5.97,3.45,11.93
US-Pfa,-90.2723,45.9459,2020,3,13,-5.15,-10.44,-7.9,7.66,13.84,0.11
US-Pfa,-90.2723,45.9459,2020,3,14,-4.45,-13.36,-9.07,3.02,13,0.03
US-Pfa,-90.2723,45.9459,2020,3,15,-1.81,-14.45,-8.76,3.26,17.06,0.05
US-Pfa,-90.2723,45.9459,2020,3,16,0.26,-7.43,-3.16,5.21,8.88,0.7
US-Pfa,-90.2723,45.9459,2020,3,17,0.28,-12.7,-6.72,3.99,19.5,0
US-Pfa,-90.2723,45.9459,2020,3,18,1.05,-3.72,-1.91,3.26,7.14,0.84
US-Pfa,-90.2723,45.9459,2020,3,19,0.73,-2.61,-0.8,3.89,3.75,14.58
US-Pfa,-90.2723,45.9459,2020,3,20,-3.53,-15.4,-10.47,7.15,17.34,0.48
US-Pfa,-90.2723,45.9459,2020,3,21,-4.16,-17.16,-12.35,2.92,18.56,0
US-Pfa,-90.2723,45.9459,2020,3,22,0.45,-9.03,-5.19,5.8,15.91,0.33
US-Pfa,-90.2723,45.9459,2020,3,23,1.32,-4.13,-2.41,2.64,10.14,0.07
US-Pfa,-90.2723,45.9459,2020,3,24,3.06,-4.15,-1.08,3.7,11.02,0.09
US-Pfa,-90.2723,45.9459,2020,3,25,3.06,-3.4,0.29,3.67,3.46,4.51
US-Pfa,-90.2723,45.9459,2020,3,26,2,-6.4,-3.93,2.48,18.41,0.02
US-Pfa,-90.2723,45.9459,2020,3,27,8.77,-5.77,0.17,3.12,16.1,0.61
US-Pfa,-90.2723,45.9459,2020,3,28,7.53,0.32,2.21,6.43,5.26,21.1
US-Pfa,-90.2723,45.9459,2020,3,29,1.56,-0.12,-0.03,7.27,6.91,7.56
US-Pfa,-90.2723,45.9459,2020,3,30,4.97,-3.81,-2.33,5.13,19.07,0.01
US-Pfa,-90.2723,45.9459,2020,3,31,7.29,-3.99,-1.72,3.5,19.77,0
US-Pfa,-90.2723,45.9459,2020,4,1,10.36,-2.87,0.72,2.43,21.65,0.01
US-Pfa,-90.2723,45.9459,2020,4,2,12.5,-0.95,2.96,4.54,15.54,0.06
US-Pfa,-90.2723,45.9459,2020,4,3,11.61,-3.75,2.31,5.15,4.07,7.38
US-Pfa,-90.2723,45.9459,2020,4,4,4.32,-6.01,-5.83,4.28,23.63,0.05
US-Pfa,-90.2723,45.9459,2020,4,5,9.12,-3.27,-2.15,3.16,22.83,0
US-Pfa,-90.2723,45.9459,2020,4,6,10.85,-0.09,2.2,3.83,8.65,1.06
US-Pfa,-90.2723,45.9459,2020,4,7,15.39,1.74,5.88,4.39,12.27,5.72
US-Pfa,-90.2723,45.9459,2020,4,8,9.81,-0.59,-0.05,4.78,17.68,0.03
US-Pfa,-90.2723,45.9459,2020,4,9,1.7,-3.5,-4.35,6.61,15.43,0.4
US-Pfa,-90.2723,45.9459,2020,4,10,3.23,-3.62,-4.29,3.98,21.28,0.04
US-Pfa,-90.2723,45.9459,2020,4,11,11.22,-2.54,-0.35,3.98,21.07,0.03
US-Pfa,-90.2723,45.9459,2020,4,12,1.58,-3.38,-2.38,5.71,4.21,14.9
US-Pfa,-90.2723,45.9459,2020,4,13,-2.03,-9.4,-6.69,7.18,17.81,2.08
US-Pfa,-90.2723,45.9459,2020,4,14,-3.98,-10.85,-10.58,4.97,14.74,0.24
US-Pfa,-90.2723,45.9459,2020,4,15,-2.62,-11.73,-9.54,3.84,13.29,0.11
US-Pfa,-90.2723,45.9459,2020,4,16,0.93,-10.6,-6.93,4.88,20.72,0.03
US-Pfa,-90.2723,45.9459,2020,4,17,3.82,-5.71,-4.58,3.08,21.96,0.02
US-Pfa,-90.2723,45.9459,2020,4,18,8.26,-2.79,0.23,5.76,16.07,0.42
US-Pfa,-90.2723,45.9459,2020,4,19,5.15,-3.16,-3.49,4.13,26.5,0.43
US-Pfa,-90.2723,45.9459,2020,4,20,5.94,-3.44,-2.17,6.18,12.38,2.94
US-Pfa,-90.2723,45.9459,2020,4,21,1.61,-5.62,-8.02,5.01,27.11,0.03
US-Pfa,-90.2723,45.9459,2020,4,22,7.11,-3.54,-2.76,4.24,23.03,0.1
US-Pfa,-90.2723,45.9459,2020,4,23,8.82,-3.74,0.51,2.64,15.39,0.1
US-Pfa,-90.2723,45.9459,2020,4,24,14.23,0.16,2.73,2.03,22.6,0.02
US-Pfa,-90.2723,45.9459,2020,4,25,14.43,0.76,3.29,2.87,21.97,0.04
US-Pfa,-90.2723,45.9459,2020,4,26,15.35,-1.88,0.92,3.18,25.81,0.02
US-Pfa,-90.2723,45.9459,2020,4,27,13.79,3.45,5.61,4.15,18.39,7.34
US-Pfa,-90.2723,45.9459,2020,4,28,10.49,3.19,6.18,4.01,4.44,32.94
US-Pfa,-90.2723,45.9459,2020,4,29,8.11,3,4.21,6.85,14.46,5.16
US-Pfa,-90.2723,45.9459,2020,4,30,12.97,2.47,2.02,4.55,27.95,0.11
US-Pfa,-90.2723,45.9459,2020,5,1,15.35,1.92,4.51,4.54,10.78,3.32
US-Pfa,-90.2723,45.9459,2020,5,2,17.73,6.12,7.51,5.97,27.43,0.22
US-Pfa,-90.2723,45.9459,2020,5,3,10.3,-1.23,1.46,4.98,28.21,0
US-Pfa,-90.2723,45.9459,2020,5,4,12.48,-3.37,0.07,2.78,25.87,0
US-Pfa,-90.2723,45.9459,2020,5,5,9.54,0.15,-0.76,2.48,21.47,0
US-Pfa,-90.2723,45.9459,2020,5,6,13.87,0.13,2.64,3.24,22.8,0.04
US-Pfa,-90.2723,45.9459,2020,5,7,8.52,-1.7,-2.52,4.39,28.95,0.03
US-Pfa,-90.2723,45.9459,2020,5,8,2.1,-5.03,-6.89,4.71,28.52,0.13
US-Pfa,-90.2723,45.9459,2020,5,9,8.62,-2.77,-2.1,3.65,16.66,1.08
US-Pfa,-90.2723,45.9459,2020,5,10,4.34,-2.44,-1.97,4.42,12.45,0.17
US-Pfa,-90.2723,45.9459,2020,5,11,7.65,-3.43,-3.77,3.55,29.76,0.01
US-Pfa,-90.2723,45.9459,2020,5,12,10.23,-3.79,-2.76,2.72,30.56,0
US-Pfa,-90.2723,45.9459,2020,5,13,10.22,-1.6,1.35,5.53,10.21,1.76
US-Pfa,-90.2723,45.9459,2020,5,14,15.78,4.68,8.62,3.39,10.91,1.09
US-Pfa,-90.2723,45.9459,2020,5,15,15.46,4.81,6.79,4.08,27.44,0.05
US-Pfa,-90.2723,45.9459,2020,5,16,15.64,2.9,6.62,3.25,14.79,0.14
US-Pfa,-90.2723,45.9459,2020,5,17,10.11,6.71,7.22,5.86,5.69,8.58
US-Pfa,-90.2723,45.9459,2020,5,18,14.72,7.54,7.31,6.77,12.99,0.29
US-Pfa,-90.2723,45.9459,2020,5,19,20.82,6.36,10.52,4.43,20.98,0.01
US-Pfa,-90.2723,45.9459,2020,5,20,22.4,7.48,11.32,3.34,29.03,0
US-Pfa,-90.2723,45.9459,2020,5,21,21.91,7.96,12.34,3.47,25.89,0.01
US-Pfa,-90.2723,45.9459,2020,5,22,20.39,11.36,14.11,2.99,8.84,0.21
US-Pfa,-90.2723,45.9459,2020,5,23,20.41,12.64,14.19,3.03,14.92,1.39
US-Pfa,-90.2723,45.9459,2020,5,24,23.2,13.51,15.91,2.17,20.34,0.8
US-Pfa,-90.2723,45.9459,2020,5,25,23.82,16.02,18.71,2.95,14.26,16.04
US-Pfa,-90.2723,45.9459,2020,5,26,24.51,17.07,19.26,4.52,20.08,7.2
US-Pfa,-90.2723,45.9459,2020,5,27,24.39,18.62,18.99,3.47,13.75,10.85
US-Pfa,-90.2723,45.9459,2020,5,28,18.9,10.54,13.13,3.15,18.84,1.93
US-Pfa,-90.2723,45.9459,2020,5,29,14.1,8.17,8.56,4.25,17.1,1.04
US-Pfa,-90.2723,45.9459,2020,5,30,12.78,4.74,4.1,3.8,30.29,0.05
US-Pfa,-90.2723,45.9459,2020,5,31,18.56,2.77,5.15,3.07,30.96,0.01
US-Pfa,-90.2723,45.9459,2020,6,1,22.11,9.44,14.69,5.13,15.92,7.01
US-Pfa,-90.2723,45.9459,2020,6,2,26.09,16.37,16.97,3.27,21.55,0.56
US-Pfa,-90.2723,45.9459,2020,6,3,23.76,12.02,13.19,3.44,30.89,0.02
US-Pfa,-90.2723,45.9459,2020,6,4,24.29,11.94,11.85,2.8,25.35,0.08
US-Pfa,-90.2723,45.9459,2020,6,5,22.84,11.1,12.02,4.05,29.55,2.96
US-Pfa,-90.2723,45.9459,2020,6,6,19.28,8.32,10.33,3.25,28.31,0.02
US-Pfa,-90.2723,45.9459,2020,6,7,19.83,9.09,10.74,5.3,22.08,7.47
US-Pfa,-90.2723,45.9459,2020,6,8,27.69,11.38,17.31,5.35,30.35,0.04
US-Pfa,-90.2723,45.9459,2020,6,9,25.96,16.37,17.53,3.73,19.44,39.85
US-Pfa,-90.2723,45.9459,2020,6,10,18.81,11.54,12.75,6.52,11.83,23.18
US-Pfa,-90.2723,45.9459,2020,6,11,17.64,8.7,9.76,5.42,23,1.08
US-Pfa,-90.2723,45.9459,2020,6,12,16.05,5.13,5.62,3.14,27.84,0.2
US-Pfa,-90.2723,45.9459,2020,6,13,17.85,2.76,5.49,3.19,31.22,0
US-Pfa,-90.2723,45.9459,2020,6,14,18.22,4.47,6.42,4.89,31.62,0.02
US-Pfa,-90.2723,45.9459,2020,6,15,20.99,6.57,10.18,5.59,19.39,3.3
US-Pfa,-90.2723,45.9459,2020,6,16,24.51,12.96,14.9,4.93,29.55,0.05
US-Pfa,-90.2723,45.9459,2020,6,17,24.89,12.39,15.23,4.86,30.6,0
US-Pfa,-90.2723,45.9459,2020,6,18,26.25,14.46,17.8,4.94,18.41,0.14
US-Pfa,-90.2723,45.9459,2020,6,19,24.02,14.84,17.2,2.71,15.18,4.25
US-Pfa,-90.2723,45.9459,2020,6,20,20.91,11.99,14.26,3.91,10.85,7.4
US-Pfa,-90.2723,45.9459,2020,6,21,23.71,10.01,15.1,3.28,22.92,9.6
US-Pfa,-90.2723,45.9459,2020,6,22,17.36,12.63,12.44,2.96,18.29,3.23
US-Pfa,-90.2723,45.9459,2020,6,23,18.75,11.56,11.75,4.34,20.99,0.37
US-Pfa,-90.2723,45.9459,2020,6,24,20.02,11.17,11.74,2.97,23.84,0.65
US-Pfa,-90.2723,45.9459,2020,6,25,22.55,9.66,12.62,3.18,29.98,0
US-Pfa,-90.2723,45.9459,2020,6,26,25.07,15.86,17.42,3.95,21.57,1.72
US-Pfa,-90.2723,45.9459,2020,6,27,24.91,13.84,15.17,2.63,31.02,0.03
US-Pfa,-90.2723,45.9459,2020,6,28,25.71,14.5,17.59,4.22,26.19,2.06
US-Pfa,-90.2723,45.9459,2020,6,29,25.61,16.62,19.86,4.88,12.7,8.74
US-Pfa,-90.2723,45.9459,2020,6,30,27.1,19.85,21.55,3.83,27.41,1.26
US-Pfa,-90.2723,45.9459,2020,7,1,28.4,18.06,19.54,3.02,22.59,0.09
US-Pfa,-90.2723,45.9459,2020,7,2,27.38,18.07,19.8,1.84,27.44,1.16
US-Pfa,-90.2723,45.9459,2020,7,3,29.71,19.1,20.1,2.21,28.18,0.04
US-Pfa,-90.2723,45.9459,2020,7,4,28.45,19.33,20.58,2.23,25.34,0.64
US-Pfa,-90.2723,45.9459,2020,7,5,28.87,19.84,20.67,2.1,26.06,2.47
US-Pfa,-90.2723,45.9459,2020,7,6,26.08,20.28,21.42,2.98,19.54,11.22
US-Pfa,-90.2723,45.9459,2020,7,7,27.1,14.64,17.27,1.72,24.57,0.17
US-Pfa,-90.2723,45.9459,2020,7,8,26.4,17.91,21.3,3.25,20.13,21.86
US-Pfa,-90.2723,45.9459,2020,7,9,23.95,19.27,21.2,3.39,11.45,15.13
US-Pfa,-90.2723,45.9459,2020,7,10,24.26,16.92,17.18,3.56,28.32,0.32
US-Pfa,-90.2723,45.9459,2020,7,11,24.23,14.61,15.47,2.95,26.12,0
US-Pfa,-90.2723,45.9459,2020,7,12,22.49,13.57,14.1,2.29,24.49,0.01
US-Pfa,-90.2723,45.9459,2020,7,13,24.26,13.28,15.61,3.79,25.93,0.29
US-Pfa,-90.2723,45.9459,2020,7,14,23.2,13.81,18.04,5.25,6.63,34.7
US-Pfa,-90.2723,45.9459,2020,7,15,24.07,11.36,12.25,1.97,23.21,0.01
US-Pfa,-90.2723,45.9459,2020,7,16,24.83,11.62,14.96,4.23,27.03,0.1
US-Pfa,-90.2723,45.9459,2020,7,17,26.96,15.94,18.65,2.99,25.63,5.59
US-Pfa,-90.2723,45.9459,2020,7,18,28.16,21.24,22.78,5.04,22.49,13.77
US-Pfa,-90.2723,45.9459,2020,7,19,24.3,15.01,16.46,5.98,25.6,7.44
US-Pfa,-90.2723,45.9459,2020,7,20,20.42,12.16,12.15,2.95,25,0.37
US-Pfa,-90.2723,45.9459,2020,7,21,21.8,11.75,15.56,3.71,9.24,11.04
US-Pfa,-90.2723,45.9459,2020,7,22,21.84,12.94,14.64,2.65,12.34,1.06
US-Pfa,-90.2723,45.9459,2020,7,23,22.92,11.88,14.41,2.22,17.54,0.04
US-Pfa,-90.2723,45.9459,2020,7,24,26.3,14.31,18.94,4.46,22.63,0.09
US-Pfa,-90.2723,45.9459,2020,7,25,27.46,20.31,22.74,5.81,14.95,30.59
US-Pfa,-90.2723,45.9459,2020,7,26,26.48,17.83,22.17,2.96,15.63,27.58
US-Pfa,-90.2723,45.9459,2020,7,27,23.31,13.87,15.11,4.32,26.87,0.87
US-Pfa,-90.2723,45.9459,2020,7,28,23.54,14.76,14.86,3.59,23.41,0.08
US-Pfa,-90.2723,45.9459,2020,7,29,22.77,13.53,14.14,2.72,25.29,0.01
US-Pfa,-90.2723,45.9459,2020,7,30,23.43,13.37,14.02,2.69,24.97,0
US-Pfa,-90.2723,45.9459,2020,7,31,24.24,12.61,14.44,1.89,26.29,0
US-Pfa,-90.2723,45.9459,2020,8,1,25.23,13.56,16.16,2,22.4,1.43
US-Pfa,-90.2723,45.9459,2020,8,2,17.24,9.38,12.39,4.94,14.47,2.53
US-Pfa,-90.2723,45.9459,2020,8,3,17.94,9.15,9.9,3.5,16.89,0.08
US-Pfa,-90.2723,45.9459,2020,8,4,18.82,8.03,9.77,2.47,23.31,0.03
US-Pfa,-90.2723,45.9459,2020,8,5,22.14,8.56,11.66,2.85,22.66,0.02
US-Pfa,-90.2723,45.9459,2020,8,6,22.57,11.28,14,3.26,18.31,0.02
US-Pfa,-90.2723,45.9459,2020,8,7,23.55,13.4,16.5,4.89,17.17,13.25
US-Pfa,-90.2723,45.9459,2020,8,8,25.1,17.18,20.1,4.41,10.68,6.71
US-Pfa,-90.2723,45.9459,2020,8,9,24.93,20.05,21.63,2.84,14.8,8.4
US-Pfa,-90.2723,45.9459,2020,8,10,22.45,13.98,16.24,3.79,18.98,5.8
US-Pfa,-90.2723,45.9459,2020,8,11,24.81,11.1,14.28,4.05,26.69,0.01
US-Pfa,-90.2723,45.9459,2020,8,12,26.33,15.08,17.65,2.71,16.13,0.62
US-Pfa,-90.2723,45.9459,2020,8,13,22.31,16.74,17.41,3.71,17.21,11.66
US-Pfa,-90.2723,45.9459,2020,8,14,25.21,17.68,18.43,4.44,20.14,2.59
US-Pfa,-90.2723,45.9459,2020,8,15,21.23,12.18,14.01,3.73,20.26,4.63
US-Pfa,-90.2723,45.9459,2020,8,16,22.66,12.91,14.05,3.14,23.39,0.06
US-Pfa,-90.2723,45.9459,2020,8,17,20.55,11.97,13.07,3.38,23.49,0.01
US-Pfa,-90.2723,45.9459,2020,8,18,21.31,11.09,12.25,2.18,24.68,0.02
US-Pfa,-90.2723,45.9459,2020,8,19,24.5,13.94,15.45,4.4,20.8,0.05
US-Pfa,-90.2723,45.9459,2020,8,20,25.77,14.74,17.47,3.64,18.53,0.77
US-Pfa,-90.2723,45.9459,2020,8,21,26.22,15.76,18.49,2.49,21.62,11.3
US-Pfa,-90.2723,45.9459,2020,8,22,24.96,16.93,18.55,2.6,10.97,5.71
US-Pfa,-90.2723,45.9459,2020,8,23,25.86,16.94,19.23,2.1,19.68,3.18
US-Pfa,-90.2723,45.9459,2020,8,24,26.42,16.19,17.89,3.06,13.62,0.04
US-Pfa,-90.2723,45.9459,2020,8,25,25.01,15.26,15.97,3.08,16.53,0.05
US-Pfa,-90.2723,45.9459,2020,8,26,27.15,18.83,19.94,4.89,16.96,2.53
US-Pfa,-90.2723,45.9459,2020,8,27,25.57,16.86,17.94,2.33,20.63,1.99
US-Pfa,-90.2723,45.9459,2020,8,28,23.17,15.87,18.04,5.16,9.2,20.83
US-Pfa,-90.2723,45.9459,2020,8,29,19.45,11.21,12.22,4.96,23.3,0.07
US-Pfa,-90.2723,45.9459,2020,8,30,20.73,10.29,11.98,2.74,20.74,0.32
US-Pfa,-90.2723,45.9459,2020,8,31,18.11,9.39,11.68,5.27,15.86,12.16
US-Pfa,-90.2723,45.9459,2020,9,1,18.22,7.42,9.51,3.83,11.45,0.01
US-Pfa,-90.2723,45.9459,2020,9,2,20.24,10.51,11.02,5.08,23.4,0.05
US-Pfa,-90.2723,45.9459,2020,9,3,16.53,8.77,8.69,7.92,15.16,2.57
US-Pfa,-90.2723,45.9459,2020,9,4,17.29,6.42,7.43,4.54,18.76,0
US-Pfa,-90.2723,45.9459,2020,9,5,19.04,7.4,9.28,2.98,21.26,0
US-Pfa,-90.2723,45.9459,2020,9,6,21.72,9.63,13.45,6.3,8.97,0.53
US-Pfa,-90.2723,45.9459,2020,9,7,12.27,7.06,5.83,4.17,13.18,0.09
US-Pfa,-90.2723,45.9459,2020,9,8,10.21,4.19,4.07,2.68,8,0.09
US-Pfa,-90.2723,45.9459,2020,9,9,9.43,2.65,4.83,1.8,4.71,5.74
US-Pfa,-90.2723,45.9459,2020,9,10,14.49,3.59,5.02,1.67,17.91,0.09
US-Pfa,-90.2723,45.9459,2020,9,11,17.6,3.51,6.8,3.29,14.83,0.06
US-Pfa,-90.2723,45.9459,2020,9,12,19.05,9.67,13.13,3.92,4.54,23.36
US-Pfa,-90.2723,45.9459,2020,9,13,17.21,7.73,10.04,3.87,12.78,0.21
US-Pfa,-90.2723,45.9459,2020,9,14,18.1,7.49,10.29,3.81,13.06,0.06
US-Pfa,-90.2723,45.9459,2020,9,15,21.73,12.97,14.32,5.88,14.01,0.01
US-Pfa,-90.2723,45.9459,2020,9,16,16.32,6.81,9.69,3.91,15.19,0.03
US-Pfa,-90.2723,45.9459,2020,9,17,12.38,2.16,1.59,3.08,18.28,0
US-Pfa,-90.2723,45.9459,2020,9,18,13.02,0.37,0.37,1.8,20.5,0
US-Pfa,-90.2723,45.9459,2020,9,19,16.55,3.13,5.86,4.34,17.19,0
US-Pfa,-90.2723,45.9459,2020,9,20,16.56,7.38,7.53,6.17,12.54,0
US-Pfa,-90.2723,45.9459,2020,9,21,19.77,9.28,9.79,6.41,12.71,0.24
US-Pfa,-90.2723,45.9459,2020,9,22,22.67,11.09,12.19,2.59,16.56,0.46
US-Pfa,-90.2723,45.9459,2020,9,23,24.33,10.89,15.26,2.11,16.6,5
US-Pfa,-90.2723,45.9459,2020,9,24,19.69,11.53,13.43,1.26,8.8,11.89
US-Pfa,-90.2723,45.9459,2020,9,25,22.58,11.16,15.12,4.68,9.9,9.47
US-Pfa,-90.2723,45.9459,2020,9,26,16.95,12.34,13.47,1.96,6.05,18.68
US-Pfa,-90.2723,45.9459,2020,9,27,16.17,7.83,9.92,3.89,9.42,0.7
US-Pfa,-90.2723,45.9459,2020,9,28,11.23,5.97,7.09,3.61,9.57,2.57
US-Pfa,-90.2723,45.9459,2020,9,29,13.35,5.96,7.26,3.77,7.69,1.53
US-Pfa,-90.2723,45.9459,2020,9,30,11.37,6.05,6.53,4.63,10.04,3.04
US-Pfa,-90.2723,45.9459,2020,10,1,8.12,0.92,2.96,4.2,10.02,1.64
US-Pfa,-90.2723,45.9459,2020,10,2,6.8,-0.57,-0.08,2.39,7.78,1.23
US-Pfa,-90.2723,45.9459,2020,10,3,6.61,-1.26,0.19,1.95,9.24,1.46
US-Pfa,-90.2723,45.9459,2020,10,4,8.94,-1.78,-0.69,2.79,14.47,0.27
US-Pfa,-90.2723,45.9459,2020,10,5,14.3,0.98,3.17,6.68,14.93,0.06
US-Pfa,-90.2723,45.9459,2020,10,6,16.66,5.1,8.32,4.43,11.91,2.94
US-Pfa,-90.2723,45.9459,2020,10,7,13.97,5.1,6.66,4.01,14.95,0.05
US-Pfa,-90.2723,45.9459,2020,10,8,14.2,3.67,4.41,2.88,15.63,0.15
US-Pfa,-90.2723,45.9459,2020,10,9,19.81,6.41,10.41,6.24,10.26,0.01
US-Pfa,-90.2723,45.9459,2020,10,10,12.73,3.25,5.31,3.56,15.06,0
US-Pfa,-90.2723,45.9459,2020,10,11,14.81,2.76,6.3,6.71,7.46,0.31
US-Pfa,-90.2723,45.9459,2020,10,12,13.08,3.5,6.89,6.65,9.03,24.37
US-Pfa,-90.2723,45.9459,2020,10,13,12.31,3.87,3.05,5.7,12.03,0.07
US-Pfa,-90.2723,45.9459,2020,10,14,10.04,3.05,4.13,6.06,4.57,5.94
US-Pfa,-90.2723,45.9459,2020,10,15,4.93,-0.77,-2.48,5.58,13.34,0.43
US-Pfa,-90.2723,45.9459,2020,10,16,2.99,-4.71,-3.84,3.77,6.85,0.71
US-Pfa,-90.2723,45.9459,2020,10,17,4.95,-4.48,-0.71,4.36,4.35,3.63
US-Pfa,-90.2723,45.9459,2020,10,18,1.86,-4.32,-4.88,3.66,7.92,0.16
US-Pfa,-90.2723,45.9459,2020,10,19,0.91,-5.74,-6.05,2.18,7.09,0.07
US-Pfa,-90.2723,45.9459,2020,10,20,1.15,-4.57,-3.55,2.56,3.7,10.54
US-Pfa,-90.2723,45.9459,2020,10,21,1.07,-4,-1.85,3.94,5.58,0.83
US-Pfa,-90.2723,45.9459,2020,10,22,1.14,-4.42,-1.61,4.26,3.84,9.87
US-Pfa,-90.2723,45.9459,2020,10,23,0.64,-6.44,-2.3,4.9,4.52,3.41
US-Pfa,-90.2723,45.9459,2020,10,24,-1.17,-8.11,-6.8,3.3,6.96,0.11
US-Pfa,-90.2723,45.9459,2020,10,25,-0.51,-5.83,-5.44,2.43,5.53,2.06
US-Pfa,-90.2723,45.9459,2020,10,26,-1.77,-9.3,-8.05,3.01,7.39,0.07
US-Pfa,-90.2723,45.9459,2020,10,27,-2.05,-12.77,-8.19,5.23,12.25,0
US-Pfa,-90.2723,45.9459,2020,10,28,1.16,-7.01,-2.97,4.22,5.98,1.17
US-Pfa,-90.2723,45.9459,2020,10,29,0.05,-8.72,-5.21,3.23,3.94,0.09
US-Pfa,-90.2723,45.9459,2020,10,30,1.96,-11.22,-6.66,2.56,11.62,0
US-Pfa,-90.2723,45.9459,2020,10,31,6.95,-5.8,-2.25,7.26,7.54,0.5
US-Pfa,-90.2723,45.9459,2020,11,1,-1.24,-7.47,-8.91,7.18,10.66,0.9
US-Pfa,-90.2723,45.9459,2020,11,2,6.29,-5.32,-3.33,4.4,10.73,0
US-Pfa,-90.2723,45.9459,2020,11,3,11.61,-0.53,3.62,4.26,10.26,0
US-Pfa,-90.2723,45.9459,2020,11,4,14.35,1.67,5.76,4.05,10.47,0.05
US-Pfa,-90.2723,45.9459,2020,11,5,14.62,4.55,5.85,2.7,10.27,0.01
US-Pfa,-90.2723,45.9459,2020,11,6,17.43,5.62,7.69,5.02,9.56,0.01
US-Pfa,-90.2723,45.9459,2020,11,7,16.31,9.45,11.39,5.91,7.37,0.08
US-Pfa,-90.2723,45.9459,2020,11,8,18.29,8,11.51,6.96,8.01,0.06
US-Pfa,-90.2723,45.9459,2020,11,9,19.51,3.47,12.7,7.64,2.92,19.54
US-Pfa,-90.2723,45.9459,2020,11,10,3.03,-1.37,-2.26,4.25,1.54,19.68
US-Pfa,-90.2723,45.9459,2020,11,11,0.56,-6.37,-4.55,4.85,8.16,0.4
US-Pfa,-90.2723,45.9459,2020,11,12,-0.05,-9.64,-5.48,3.56,4.72,1.25
US-Pfa,-90.2723,45.9459,2020,11,13,-3.19,-11.73,-9.59,3.79,9.42,0.01
US-Pfa,-90.2723,45.9459,2020,11,14,1.1,-8.6,-4.23,6.59,2.42,5.03
US-Pfa,-90.2723,45.9459,2020,11,15,0.28,-8.37,-3.38,6.5,1.62,8.32
US-Pfa,-90.2723,45.9459,2020,11,16,-3.44,-15.56,-10.34,3.74,3.72,0.25
US-Pfa,-90.2723,45.9459,2020,11,17,-2.93,-14.73,-9.8,3.35,8.98,0.01
US-Pfa,-90.2723,45.9459,2020,11,18,1.29,-11.1,-4.31,6.67,6.32,0.01
US-Pfa,-90.2723,45.9459,2020,11,19,5.65,-1.86,0.89,3.03,6.53,0
US-Pfa,-90.2723,45.9459,2020,11,20,0.47,-8.48,-3.52,4.36,2.83,0.04
US-Pfa,-90.2723,45.9459,2020,11,21,-0.21,-8.46,-7.2,2.32,8.17,0
US-Pfa,-90.2723,45.9459,2020,11,22,1.19,-7.38,-3.59,4.39,1.21,1.17
US-Pfa,-90.2723,45.9459,2020,11,23,-1.61,-8.95,-7.48,3.06,8.13,0.07
US-Pfa,-90.2723,45.9459,2020,11,24,0.54,-9.56,-3.59,4.92,1.75,1.18
US-Pfa,-90.2723,45.9459,2020,11,25,1.84,-3.55,-2.03,1.59,2.04,0.16
US-Pfa,-90.2723,45.9459,2020,11,26,1.43,-5.71,-3,4.07,2.12,0.11
US-Pfa,-90.2723,45.9459,2020,11,27,-0.34,-7.74,-6.42,4.23,5.6,0.01
US-Pfa,-90.2723,45.9459,2020,11,28,3.72,-7.47,-3.66,4.24,7.68,0
US-Pfa,-90.2723,45.9459,2020,11,29,0.19,-4.93,-2.96,6.12,1.99,0.69
US-Pfa,-90.2723,45.9459,2020,11,30,-4.28,-10.8,-9.11,4.59,5.12,0.19
US-Pfa,-90.2723,45.9459,2020,12,1,-0.16,-11.11,-7.91,2.35,8.1,0
US-Pfa,-90.2723,45.9459,2020,12,2,2.17,-8.96,-5.98,4.22,7.57,0
US-Pfa,-90.2723,45.9459,2020,12,3,1.7,-5.93,-4.21,4.42,5.76,0.02
US-Pfa,-90.2723,45.9459,2020,12,4,0.08,-7.69,-5.23,3.03,6.54,0.03
US-Pfa,-90.2723,45.9459,2020,12,5,-1.98,-8.37,-7.52,1.97,4.87,0.01
US-Pfa,-90.2723,45.9459,2020,12,6,-0.9,-8.79,-5.52,2.36,2.62,0.23
US-Pfa,-90.2723,45.9459,2020,12,7,0.51,-6.92,-4.45,1.47,2.98,0.09
US-Pfa,-90.2723,45.9459,2020,12,8,-0.64,-7.16,-3.92,4.28,1.95,0.03
US-Pfa,-90.2723,45.9459,2020,12,9,4.59,-3.97,-0.93,3.28,6.99,0
US-Pfa,-90.2723,45.9459,2020,12,10,4.63,-2.75,-0.69,3.68,6.19,0.01
US-Pfa,-90.2723,45.9459,2020,12,11,0.39,-7.5,-3.58,4.16,4.26,0.01
US-Pfa,-90.2723,45.9459,2020,12,12,-2.14,-8.42,-7.54,5.51,4.57,0.03
US-Pfa,-90.2723,45.9459,2020,12,13,-5.55,-8.13,-8.73,3.49,1.95,1.47
US-Pfa,-90.2723,45.9459,2020,12,14,-8.68,-16.39,-14.09,5.01,7.09,0.27
US-Pfa,-90.2723,45.9459,2020,12,15,-9.13,-16.89,-14.56,2.91,3.63,0.1
US-Pfa,-90.2723,45.9459,2020,12,16,-3.2,-11.07,-9.88,3.32,5.11,0.01
US-Pfa,-90.2723,45.9459,2020,12,17,-3.22,-10.02,-8.94,2.94,4.67,0
US-Pfa,-90.2723,45.9459,2020,12,18,-3.13,-10.16,-6.81,6.13,2.53,1.63
US-Pfa,-90.2723,45.9459,2020,12,19,0.44,-7.91,-5.03,2.42,1.7,0.22
US-Pfa,-90.2723,45.9459,2020,12,20,-0.2,-9.13,-6.7,4.11,3.52,0.04
US-Pfa,-90.2723,45.9459,2020,12,21,0.57,-6.21,-3.55,3.67,2,2.94
US-Pfa,-90.2723,45.9459,2020,12,22,-1.11,-10.99,-6.27,4.66,2.55,0.12
US-Pfa,-90.2723,45.9459,2020,12,23,2.22,-10.48,-2.02,6.3,0.94,11.07
US-Pfa,-90.2723,45.9459,2020,12,24,-11.16,-14.18,-15.05,8.23,4.56,2.15
US-Pfa,-90.2723,45.9459,2020,12,25,-10.13,-15.44,-14.71,4.36,5.76,0.23
US-Pfa,-90.2723,45.9459,2020,12,26,-5.88,-12.71,-10.69,3.28,2.52,0.14
US-Pfa,-90.2723,45.9459,2020,12,27,-6,-12.46,-9.13,2.66,2.33,1.74
US-Pfa,-90.2723,45.9459,2020,12,28,-9,-19.64,-14.34,4.71,4.57,0.02
US-Pfa,-90.2723,45.9459,2020,12,29,-8.81,-21.29,-16.01,4.02,2.91,4
US-Pfa,-90.2723,45.9459,2020,12,30,-6.68,-11.48,-9.26,5.37,2.44,2.19
US-Pfa,-90.2723,45.9459,2020,12,31,-6.96,-14.43,-12.36,3.6,4.33,0.02
US-Pfa,-90.2723,45.9459,2021,1,1,-5.74,-13.32,-10.94,2.76,5.57,0.02
US-Pfa,-90.2723,45.9459,2021,1,2,-2.67,-12.36,-9.37,3.23,3.79,0.02
US-Pfa,-90.2723,45.9459,2021,1,3,-1.4,-9.17,-7.27,4.93,3.95,0.02
US-Pfa,-90.2723,45.9459,2021,1,4,-3.74,-7.52,-6.29,5.14,1.13,0.8
US-Pfa,-90.2723,45.9459,2021,1,5,-0.6,-8.3,-6.15,2.16,6.29,0.1
US-Pfa,-90.2723,45.9459,2021,1,6,-2.22,-8.51,-6.94,2.4,4,0.05
US-Pfa,-90.2723,45.9459,2021,1,7,-2.84,-7.72,-6.66,1.48,4.12,0.07
US-Pfa,-90.2723,45.9459,2021,1,8,-5.03,-11.02,-9.05,1.83,3.37,0.05
US-Pfa,-90.2723,45.9459,2021,1,9,-4.95,-11.5,-9.15,2.23,3.15,0.05
US-Pfa,-90.2723,45.9459,2021,1,10,-3.14,-12.12,-9.44,2.94,2.93,0.04
US-Pfa,-90.2723,45.9459,2021,1,11,-1.92,-9.11,-6.23,3.93,2.56,0.05
US-Pfa,-90.2723,45.9459,2021,1,12,-0.81,-7.55,-5.58,3.2,3.5,0.03
US-Pfa,-90.2723,45.9459,2021,1,13,0.38,-7.82,-4.42,2.66,4.88,0.02
US-Pfa,-90.2723,45.9459,2021,1,14,0.06,-5.36,-2.87,5.62,2.27,0.55
US-Pfa,-90.2723,45.9459,2021,1,15,0.23,-0.92,-0.91,5,1.54,4.5
US-Pfa,-90.2723,45.9459,2021,1,16,-1.24,-7.46,-5.07,4.37,3.54,0.61
US-Pfa,-90.2723,45.9459,2021,1,17,-4.32,-11.24,-8.62,2.85,3.06,0.44
US-Pfa,-90.2723,45.9459,2021,1,18,-7.35,-15.15,-12.36,3.54,4.09,0.66
US-Pfa,-90.2723,45.9459,2021,1,19,-11.61,-20.8,-16.4,3.72,7.1,0.17
US-Pfa,-90.2723,45.9459,2021,1,20,-4.68,-22.46,-13.13,7.13,6.55,0.04
US-Pfa,-90.2723,45.9459,2021,1,21,-2.95,-14.35,-9.1,7.36,6.06,0.57
US-Pfa,-90.2723,45.9459,2021,1,22,-13.17,-21,-16.95,4.9,8.87,0.11
US-Pfa,-90.2723,45.9459,2021,1,23,-9.59,-23.08,-15.93,3.57,7.3,1.34
US-Pfa,-90.2723,45.9459,2021,1,24,-6.6,-20.53,-12.97,4.09,8.24,2.52
US-Pfa,-90.2723,45.9459,2021,1,25,-8.56,-19.75,-15.82,3.69,9.36,0
US-Pfa,-90.2723,45.9459,2021,1,26,-9.73,-20.09,-14.63,4.61,8.75,0.1
US-Pfa,-90.2723,45.9459,2021,1,27,-11.81,-20.89,-16.9,3.63,10.07,0.06
US-Pfa,-90.2723,45.9459,2021,1,28,-10.45,-21.4,-16.63,2.15,7.72,0.02
US-Pfa,-90.2723,45.9459,2021,1,29,-6.97,-19.86,-13.28,3.86,7.55,0
US-Pfa,-90.2723,45.9459,2021,1,30,-3.58,-9.89,-7.05,6.38,7.26,2.42
US-Pfa,-90.2723,45.9459,2021,1,31,-2.81,-7.67,-6.76,2.95,7.76,1.61
US-Pfa,-90.2723,45.9459,2021,2,1,-2.78,-10.95,-8.15,3.26,6.52,0.14
US-Pfa,-90.2723,45.9459,2021,2,2,-2.73,-13.93,-9.64,2.99,6.65,0.03
US-Pfa,-90.2723,45.9459,2021,2,3,-2,-13.8,-8.46,5.49,9.24,0.56
US-Pfa,-90.2723,45.9459,2021,2,4,-3.27,-13.25,-6.92,6.17,5.25,15.37
US-Pfa,-90.2723,45.9459,2021,2,5,-14.03,-18.32,-18,7.73,8.26,0.54
US-Pfa,-90.2723,45.9459,2021,2,6,-18.24,-26.85,-22.61,6.92,11.45,0.1
US-Pfa,-90.2723,45.9459,2021,2,7,-23.02,-32.74,-28.75,4.38,12.03,0.02
US-Pfa,-90.2723,45.9459,2021,2,8,-20.6,-31.94,-26.4,3.65,11.7,0.03
US-Pfa,-90.2723,45.9459,2021,2,9,-17.5,-31.64,-24.83,4.76,12.27,0.01
US-Pfa,-90.2723,45.9459,2021,2,10,-19.15,-30.07,-25.15,3.73,10.92,0.02
US-Pfa,-90.2723,45.9459,2021,2,11,-16.59,-25.18,-21.48,2.89,11.33,0.74
US-Pfa,-90.2723,45.9459,2021,2,12,-20.17,-30.37,-23.63,3.95,12.4,0.51
US-Pfa,-90.2723,45.9459,2021,2,13,-21.42,-28.83,-25.24,4,12.53,0.67
US-Pfa,-90.2723,45.9459,2021,2,14,-21.67,-28.13,-25.18,4.84,13.06,0.18
US-Pfa,-90.2723,45.9459,2021,2,15,-18.29,-26.76,-22.94,3.61,13.34,0.07
US-Pfa,-90.2723,45.9459,2021,2,16,-11.49,-26.3,-18.98,3.33,13.63,0.01
US-Pfa,-90.2723,45.9459,2021,2,17,-10.17,-23.85,-16.92,2.38,12.77,0.23
US-Pfa,-90.2723,45.9459,2021,2,18,-9.5,-15.6,-13.94,2.14,11.72,0.99
US-Pfa,-90.2723,45.9459,2021,2,19,-9.56,-18.25,-14.71,2.81,11.45,0.38
US-Pfa,-90.2723,45.9459,2021,2,20,-8.79,-21.33,-16.19,3.56,14.6,0.04
US-Pfa,-90.2723,45.9459,2021,2,21,-3.31,-14.35,-7.95,4.5,10.13,2.12
US-Pfa,-90.2723,45.9459,2021,2,22,0.02,-9.79,-4.37,5.74,11.89,1.32
US-Pfa,-90.2723,45.9459,2021,2,23,0.3,-1.78,-0.69,3.91,13.84,2.63
US-Pfa,-90.2723,45.9459,2021,2,24,-1.24,-12.62,-5.49,4.71,13.38,2.64
US-Pfa,-90.2723,45.9459,2021,2,25,-2.49,-13.25,-9.3,4.29,15.3,0.03
US-Pfa,-90.2723,45.9459,2021,2,26,0.54,-12.6,-6.11,7.68,13.49,0.05
US-Pfa,-90.2723,45.9459,2021,2,27,0.3,-7.12,-3.68,3.16,14.9,0.02
US-Pfa,-90.2723,45.9459,2021,2,28,-0.14,-13.53,-5.48,5.2,8.86,11.9
US-Pfa,-90.2723,45.9459,2021,3,1,-11.48,-22.06,-16.36,5.17,16.46,0.05
US-Pfa,-90.2723,45.9459,2021,3,2,1.06,-20.69,-7.8,7.48,15.44,0
US-Pfa,-90.2723,45.9459,2021,3,3,-0.42,-13.72,-5.4,3.77,15.95,0.03
US-Pfa,-90.2723,45.9459,2021,3,4,-1.82,-16.59,-9.7,2.21,15.79,0
US-Pfa,-90.2723,45.9459,2021,3,5,0.01,-11.87,-7.34,3.38,13.79,0
US-Pfa,-90.2723,45.9459,2021,3,6,-0.09,-12.18,-8.21,2.45,16.92,0
US-Pfa,-90.2723,45.9459,2021,3,7,3.44,-12.28,-3.45,6.97,14.56,0.02
US-Pfa,-90.2723,45.9459,2021,3,8,7.54,-1.57,-0.79,3.63,16.4,0.02
US-Pfa,-90.2723,45.9459,2021,3,9,12.22,0.04,2.8,7.79,15.09,0.01
US-Pfa,-90.2723,45.9459,2021,3,10,10.91,2.76,5.98,5,3.21,25.8
US-Pfa,-90.2723,45.9459,2021,3,11,5.32,-3.36,-2.22,8.52,15.15,0.65
US-Pfa,-90.2723,45.9459,2021,3,12,-1.01,-8.21,-8.94,4.51,18.67,0
US-Pfa,-90.2723,45.9459,2021,3,13,10.83,-3.95,-1.56,5.5,17.98,0
US-Pfa,-90.2723,45.9459,2021,3,14,3.32,-5.69,-5.44,4.68,18.02,0
US-Pfa,-90.2723,45.9459,2021,3,15,3.76,-6.01,-6.65,4.95,12.2,0.49
US-Pfa,-90.2723,45.9459,2021,3,16,2.45,-2.76,-3.64,1.49,8.07,0.21
US-Pfa,-90.2723,45.9459,2021,3,17,4.46,-1.93,-2.06,3.44,12.42,0.35
US-Pfa,-90.2723,45.9459,2021,3,18,5.08,-3.53,-3.92,4.94,19.95,0.01
US-Pfa,-90.2723,45.9459,2021,3,19,8.03,-3.96,-4.68,4.27,20.74,0
US-Pfa,-90.2723,45.9459,2021,3,20,10.26,-2.2,-1.89,6.92,20.32,0
US-Pfa,-90.2723,45.9459,2021,3,21,12.77,0.45,2.96,8.78,14.89,0.1
US-Pfa,-90.2723,45.9459,2021,3,22,12.86,2.88,4.18,3.38,19.53,0.16
US-Pfa,-90.2723,45.9459,2021,3,23,11.65,2.75,5.27,4.23,11.93,9.02
US-Pfa,-90.2723,45.9459,2021,3,24,9.34,-2.22,2.83,4.98,5.68,10.74
US-Pfa,-90.2723,45.9459,2021,3,25,5.15,-4.84,-3.88,3.92,15.18,0.06
US-Pfa,-90.2723,45.9459,2021,3,26,5.36,-4.7,-3.89,2.05,15.04,0.28
US-Pfa,-90.2723,45.9459,2021,3,27,6.47,-2.99,0.41,3.75,8.08,7.07
US-Pfa,-90.2723,45.9459,2021,3,28,1.27,-5.05,-5.39,6.71,20.34,1.15
US-Pfa,-90.2723,45.9459,2021,3,29,13.26,-4.44,1.28,9.51,20.9,0
US-Pfa,-90.2723,45.9459,2021,3,30,9.82,-3.93,-3.6,7.71,21.33,0.29
US-Pfa,-90.2723,45.9459,2021,3,31,-2.93,-7.53,-10.97,6.03,21.74,0.07
US-Pfa,-90.2723,45.9459,2021,4,1,3.14,-9.46,-8.66,2.34,23.33,0
US-Pfa,-90.2723,45.9459,2021,4,2,8.17,-3.91,-4.27,6.14,19.25,0
US-Pfa,-90.2723,45.9459,2021,4,3,13.33,-1.99,0.06,3.65,22.07,0
US-Pfa,-90.2723,45.9459,2021,4,4,14.9,2.6,3.94,4.71,15.94,0
US-Pfa,-90.2723,45.9459,2021,4,5,21.33,5.21,10,4.51,18.98,4.77
US-Pfa,-90.2723,45.9459,2021,4,6,17.55,8.93,10.34,3.84,18.99,14.62
US-Pfa,-90.2723,45.9459,2021,4,7,19.3,9.67,12.67,3.31,13.77,6.1
US-Pfa,-90.2723,45.9459,2021,4,8,18.96,10.06,12.44,4.46,7.09,5.68
US-Pfa,-90.2723,45.9459,2021,4,9,12.82,5.61,7.67,4.07,9.68,2.55
US-Pfa,-90.2723,45.9459,2021,4,10,10.02,3.76,5.04,2.78,9.71,0.62
US-Pfa,-90.2723,45.9459,2021,4,11,7.62,2.27,3.98,4.94,5.91,16.31
US-Pfa,-90.2723,45.9459,2021,4,12,10.41,3.84,4.48,3.46,8.94,12.65
US-Pfa,-90.2723,45.9459,2021,4,13,4.33,-3.34,-2.04,4.55,9.95,1.95
US-Pfa,-90.2723,45.9459,2021,4,14,3.98,-3.67,-0.91,3.94,12.13,2.05
US-Pfa,-90.2723,45.9459,2021,4,15,7.31,-1.7,-0.11,4.77,14.74,0.19
US-Pfa,-90.2723,45.9459,2021,4,16,9.89,-3.01,-2.14,3.73,24.22,0
US-Pfa,-90.2723,45.9459,2021,4,17,11.23,-1.58,-2.38,2.96,22.98,0
US-Pfa,-90.2723,45.9459,2021,4,18,12.38,-1.12,0.65,3.92,20.55,3.91
US-Pfa,-90.2723,45.9459,2021,4,19,1.07,-2.44,-4.18,5.77,13.52,1.26
US-Pfa,-90.2723,45.9459,2021,4,20,2.13,-4.35,-6.19,3.52,17.15,0.28
US-Pfa,-90.2723,45.9459,2021,4,21,2.75,-3.9,-5.98,2.79,16.33,0.39
US-Pfa,-90.2723,45.9459,2021,4,22,12.72,-4.09,-0.67,3.54,23.79,0
US-Pfa,-90.2723,45.9459,2021,4,23,9.59,0.63,2.75,3.51,10.73,1.49
US-Pfa,-90.2723,45.9459,2021,4,24,3.7,-4.23,-0.03,3.6,9.08,3.23
US-Pfa,-90.2723,45.9459,2021,4,25,8.29,-4.47,-3.3,2.18,19.68,1.59
US-Pfa,-90.2723,45.9459,2021,4,26,1.95,-1.24,-0.54,5.6,5.85,18.73
US-Pfa,-90.2723,45.9459,2021,4,27,5.95,-0.04,2.15,3.25,10.92,7.08
US-Pfa,-90.2723,45.9459,2021,4,28,14.57,0.65,4.26,2.79,21.49,0.16
US-Pfa,-90.2723,45.9459,2021,4,29,12.04,3.53,5.01,3.85,20,3.82
US-Pfa,-90.2723,45.9459,2021,4,30,11.22,-0.31,-0.54,3.99,27.97,0.11
US-Pfa,-90.2723,45.9459,2021,5,1,22.73,4.28,7.76,4.87,23.92,0.26
US-Pfa,-90.2723,45.9459,2021,5,2,17.29,8.55,10.74,3.77,7.71,1.38
US-Pfa,-90.2723,45.9459,2021,5,3,16.13,5.3,8.61,4.63,14.33,1.61
US-Pfa,-90.2723,45.9459,2021,5,4,9.23,2.04,2.55,5.08,18.37,0.11
US-Pfa,-90.2723,45.9459,2021,5,5,11.25,-0.02,1.01,3.06,23.76,0.05
US-Pfa,-90.2723,45.9459,2021,5,6,11.44,-0.56,-0.03,3.5,21.05,1.51
US-Pfa,-90.2723,45.9459,2021,5,7,7.85,-0.6,-0.91,4.16,19.19,0.23
US-Pfa,-90.2723,45.9459,2021,5,8,13.03,-2.48,0.21,2.67,22.4,0.02
US-Pfa,-90.2723,45.9459,2021,5,9,8.81,-1.98,0.8,3.54,24.78,0.33
US-Pfa,-90.2723,45.9459,2021,5,10,8.06,-2.51,-2.09,3.8,19.25,0.13
US-Pfa,-90.2723,45.9459,2021,5,11,12.1,-0.96,-0.42,2.58,29.47,0.01
US-Pfa,-90.2723,45.9459,2021,5,12,16.39,0.87,0.28,2.24,26.4,0
US-Pfa,-90.2723,45.9459,2021,5,13,18.54,2.72,4.56,3.2,21.49,0.01
US-Pfa,-90.2723,45.9459,2021,5,14,17.77,5.5,5.57,3.76,19.54,0
US-Pfa,-90.2723,45.9459,2021,5,15,14.65,5.47,8.04,3.14,12.95,0.65
US-Pfa,-90.2723,45.9459,2021,5,16,19.43,7.99,9.94,2.91,19.87,0.09
US-Pfa,-90.2723,45.9459,2021,5,17,22.3,9.58,11.78,3.73,28.3,0.04
US-Pfa,-90.2723,45.9459,2021,5,18,22.43,7.87,12.08,4.76,19.51,0.18
US-Pfa,-90.2723,45.9459,2021,5,19,21.32,14.01,15.92,4.98,9.2,4.84
US-Pfa,-90.2723,45.9459,2021,5,20,20.85,16.35,17.62,5.73,5.72,15.5
US-Pfa,-90.2723,45.9459,2021,5,21,21.4,17.31,18.21,4.55,10.09,12.39
US-Pfa,-90.2723,45.9459,2021,5,22,25.7,16.59,18.6,4.36,15.02,1.35
US-Pfa,-90.2723,45.9459,2021,5,23,17.53,10.88,12.69,3.51,9.56,5.58
US-Pfa,-90.2723,45.9459,2021,5,24,24.11,9.59,15.69,4.79,13.78,3.04
US-Pfa,-90.2723,45.9459,2021,5,25,23.76,14.28,17.24,5.99,19.85,8.77
US-Pfa,-90.2723,45.9459,2021,5,26,13.59,5.17,5.2,4.71,23.74,0.01
US-Pfa,-90.2723,45.9459,2021,5,27,6.98,-0.82,0.36,3.53,6.62,0.99
US-Pfa,-90.2723,45.9459,2021,5,28,13.9,-1.46,-0.3,4.04,28.47,0
US-Pfa,-90.2723,45.9459,2021,5,29,16.34,0,1.83,2.83,31.54,0
US-Pfa,-90.2723,45.9459,2021,5,30,13.66,5.04,6.23,3.89,7.35,0.61
US-Pfa,-90.2723,45.9459,2021,5,31,18.78,7.87,11.1,2.93,26.05,4.75
US-Pfa,-90.2723,45.9459,2021,6,1,21.6,10.3,10.97,2.28,26.4,0
US-Pfa,-90.2723,45.9459,2021,6,2,20.82,10.62,12.05,2.75,18.98,0.23
US-Pfa,-90.2723,45.9459,2021,6,3,21.09,12.91,14.72,3.01,18.12,1.44
US-Pfa,-90.2723,45.9459,2021,6,4,27.7,13.72,18.14,3.88,30.02,0.03
US-Pfa,-90.2723,45.9459,2021,6,5,28.45,16.25,19.23,4.4,28,0.77
US-Pfa,-90.2723,45.9459,2021,6,6,26.66,19.16,19.27,6.21,29.07,0.07
US-Pfa,-90.2723,45.9459,2021,6,7,27.55,19.24,20.71,3.46,24.96,0.44
US-Pfa,-90.2723,45.9459,2021,6,8,29.44,19.75,21.67,2.08,27.16,3.19
US-Pfa,-90.2723,45.9459,2021,6,9,27.1,19.08,20.59,3.22,28.81,1.7
US-Pfa,-90.2723,45.9459,2021,6,10,26.77,18.02,20.93,3.32,27.54,21.91
US-Pfa,-90.2723,45.9459,2021,6,11,26.74,19.24,21.26,2.82,20.82,7
US-Pfa,-90.2723,45.9459,2021,6,12,23.04,13.25,13.95,4.15,31.54,0.72
US-Pfa,-90.2723,45.9459,2021,6,13,24.83,11.62,13.28,2.61,29.42,0.48
US-Pfa,-90.2723,45.9459,2021,6,14,21.85,11.72,12.69,3.77,27.37,0.06
US-Pfa,-90.2723,45.9459,2021,6,15,20.92,10.28,11.17,3.21,27.94,0
US-Pfa,-90.2723,45.9459,2021,6,16,22.23,8.28,9.69,2.76,31.1,0
US-Pfa,-90.2723,45.9459,2021,6,17,26.27,12.88,16.38,3.96,20.88,0.27
US-Pfa,-90.2723,45.9459,2021,6,18,23.78,13.8,12.69,4.27,31.47,0.1
US-Pfa,-90.2723,45.9459,2021,6,19,20.34,11.46,11.76,2.46,26.47,0.82
US-Pfa,-90.2723,45.9459,2021,6,20,20.02,10.45,12.79,2.96,8.83,27.71
US-Pfa,-90.2723,45.9459,2021,6,21,14.44,7.76,6.45,5.82,24.37,1.22
US-Pfa,-90.2723,45.9459,2021,6,22,17.13,7.7,7.02,3.22,26.52,0.63
US-Pfa,-90.2723,45.9459,2021,6,23,23.15,8.23,13.33,5.03,26.02,0.3
US-Pfa,-90.2723,45.9459,2021,6,24,23.44,14.06,17.86,4,13.16,12
US-Pfa,-90.2723,45.9459,2021,6,25,24.5,10.87,14.98,3.24,27.88,0
US-Pfa,-90.2723,45.9459,2021,6,26,22.29,14.4,14.58,2.08,8.86,0.84
US-Pfa,-90.2723,45.9459,2021,6,27,22.8,13.41,14.82,2.33,18.97,1.33
US-Pfa,-90.2723,45.9459,2021,6,28,23.91,14.5,17.32,2.55,18.85,4.14
US-Pfa,-90.2723,45.9459,2021,6,29,23.35,16.91,18.06,2.36,18.68,12.23
US-Pfa,-90.2723,45.9459,2021,6,30,24.88,15.34,15.38,2.81,27.32,0.16
US-Pfa,-90.2723,45.9459,2021,7,1,22.34,10.86,12.87,3.02,28.74,0
US-Pfa,-90.2723,45.9459,2021,7,2,23.61,10.91,11.58,2.3,29.28,0
US-Pfa,-90.2723,45.9459,2021,7,3,27.02,14.75,16.75,3.49,26.29,0
US-Pfa,-90.2723,45.9459,2021,7,4,27.78,16.79,18.32,4.68,25.65,0.48
US-Pfa,-90.2723,45.9459,2021,7,5,28.98,19.2,20.04,3.51,25.67,0.66
US-Pfa,-90.2723,45.9459,2021,7,6,21.88,10.44,14.88,3.7,7.96,16.23
US-Pfa,-90.2723,45.9459,2021,7,7,19.11,8.55,10.39,3.86,9.55,0.64
US-Pfa,-90.2723,45.9459,2021,7,8,20.25,6.12,10.11,2.3,18.51,0
US-Pfa,-90.2723,45.9459,2021,7,9,23.26,10.6,12.34,1.58,28.17,0
US-Pfa,-90.2723,45.9459,2021,7,10,23.68,12.66,13.82,1.5,24.35,0.01
US-Pfa,-90.2723,45.9459,2021,7,11,25.1,14.17,14.35,2.19,27.86,0
US-Pfa,-90.2723,45.9459,2021,7,12,24.06,13.12,14.5,2.64,29.18,0.01
US-Pfa,-90.2723,45.9459,2021,7,13,25.38,15.32,16.74,2.82,24.25,0.11
US-Pfa,-90.2723,45.9459,2021,7,14,24.09,14.4,16.66,2.92,8.17,13.25
US-Pfa,-90.2723,45.9459,2021,7,15,23.1,12.23,12.8,2.8,25.14,0.13
US-Pfa,-90.2723,45.9459,2021,7,16,25.15,11.95,13.55,1.83,27.56,0
US-Pfa,-90.2723,45.9459,2021,7,17,25.37,12.91,14.85,1.81,27.73,0
US-Pfa,-90.2723,45.9459,2021,7,18,26.01,14.05,15.81,2.13,25.56,0
US-Pfa,-90.2723,45.9459,2021,7,19,26.48,15.15,15.64,3.14,21.87,0
US-Pfa,-90.2723,45.9459,2021,7,20,22.35,11.77,14.54,3.59,15.69,0.02
US-Pfa,-90.2723,45.9459,2021,7,21,22.49,10.19,11.72,2.47,13,0
US-Pfa,-90.2723,45.9459,2021,7,22,23.26,14.64,17.27,3.13,13.11,4.22
US-Pfa,-90.2723,45.9459,2021,7,23,27.61,17.43,20.09,4.23,20.65,5.76
US-Pfa,-90.2723,45.9459,2021,7,24,25.59,15.77,18.05,4.89,25.32,11.95
US-Pfa,-90.2723,45.9459,2021,7,25,26.09,14.16,14.07,3.75,27.98,0
US-Pfa,-90.2723,45.9459,2021,7,26,28.35,14.3,16.63,2.55,24.41,1.35
US-Pfa,-90.2723,45.9459,2021,7,27,26.75,17.4,18.9,2.24,19.03,28.09
US-Pfa,-90.2723,45.9459,2021,7,28,26.45,17.25,20.51,3.69,8.49,15.3
US-Pfa,-90.2723,45.9459,2021,7,29,23.21,14.05,17.13,4.25,23.87,0.24
US-Pfa,-90.2723,45.9459,2021,7,30,23.44,11.74,13.38,2.39,22,0.01
US-Pfa,-90.2723,45.9459,2021,7,31,23.51,14.08,14.92,3.78,19.91,1.08
US-Pfa,-90.2723,45.9459,2021,8,1,19.63,11.73,11.54,3.1,19.02,0.31
US-Pfa,-90.2723,45.9459,2021,8,2,22.77,11.07,12.64,2.55,22.13,0.12
US-Pfa,-90.2723,45.9459,2021,8,3,24.88,14.43,14.98,3.12,18.51,0.21
US-Pfa,-90.2723,45.9459,2021,8,4,26.01,14.8,15.36,3.5,21.19,0
US-Pfa,-90.2723,45.9459,2021,8,5,22.65,15.17,16.32,5.07,7.41,1.95
US-Pfa,-90.2723,45.9459,2021,8,6,25.36,16.45,17.67,2.61,17.37,0.57
US-Pfa,-90.2723,45.9459,2021,8,7,20.04,15.9,17.5,3.87,5.03,12.86
US-Pfa,-90.2723,45.9459,2021,8,8,23.76,18.11,20.47,3.01,9.96,16.81
US-Pfa,-90.2723,45.9459,2021,8,9,26.04,18.55,19.59,1.92,19.1,1.24
US-Pfa,-90.2723,45.9459,2021,8,10,25.69,17.5,20.14,3.85,12.49,4.03
US-Pfa,-90.2723,45.9459,2021,8,11,24.21,14.52,16.64,4.26,19.57,2.75
US-Pfa,-90.2723,45.9459,2021,8,12,23.14,12.09,11.78,4.65,22.52,1.28
US-Pfa,-90.2723,45.9459,2021,8,13,20.3,10.04,9.38,3.39,25.36,0.33
US-Pfa,-90.2723,45.9459,2021,8,14,23.36,10.32,10.71,2.22,26.49,0
US-Pfa,-90.2723,45.9459,2021,8,15,25.17,13.15,14.15,4.16,25.97,0
US-Pfa,-90.2723,45.9459,2021,8,16,23.82,12.79,14.2,3.95,25.91,0
US-Pfa,-90.2723,45.9459,2021,8,17,25.4,12.82,15.22,4.08,23.84,0
US-Pfa,-90.2723,45.9459,2021,8,18,26.75,15.75,17.18,3.11,22.87,0.05
US-Pfa,-90.2723,45.9459,2021,8,19,27.68,16.47,18.26,2.68,23.23,0.01
US-Pfa,-90.2723,45.9459,2021,8,20,27.1,16.33,18.39,4.22,21.14,0.01
US-Pfa,-90.2723,45.9459,2021,8,21,23.79,12.92,15.28,5.01,18.12,2.26
US-Pfa,-90.2723,45.9459,2021,8,22,22.46,10.2,11.95,2.66,23.92,0.16
US-Pfa,-90.2723,45.9459,2021,8,23,27.16,13.61,15.63,4.06,18.99,0.35
US-Pfa,-90.2723,45.9459,2021,8,24,21.26,14.09,16.46,3.04,8.76,19.07
US-Pfa,-90.2723,45.9459,2021,8,25,26.07,15.44,17.29,3.25,18.38,0.45
US-Pfa,-90.2723,45.9459,2021,8,26,23.74,12.31,13.88,3.28,10.37,1.82
US-Pfa,-90.2723,45.9459,2021,8,27,19.02,13.65,15.66,3.51,5.81,15.85
US-Pfa,-90.2723,45.9459,2021,8,28,27.15,18.66,21.39,3.34,11.75,16.04
US-Pfa,-90.2723,45.9459,2021,8,29,23.34,14.93,17.28,5.65,18.81,5.7
US-Pfa,-90.2723,45.9459,2021,8,30,22.02,12.71,12.98,3.33,22.75,0
US-Pfa,-90.2723,45.9459,2021,8,31,22.33,11.21,12.35,2.58,18.21,0
US-Pfa,-90.2723,45.9459,2021,9,1,21.62,8.1,10.68,2.65,21.44,0
US-Pfa,-90.2723,45.9459,2021,9,2,19.64,9.6,10.88,2.31,12.3,0
US-Pfa,-90.2723,45.9459,2021,9,3,19.42,12,12.41,3.41,4.74,1.44
US-Pfa,-90.2723,45.9459,2021,9,4,20.48,11.75,12.5,3.24,13.03,3.19
US-Pfa,-90.2723,45.9459,2021,9,5,18.91,9.91,9.94,4.29,18.49,0.95
US-Pfa,-90.2723,45.9459,2021,9,6,19.45,9.23,9.91,2.74,21.59,0.05
US-Pfa,-90.2723,45.9459,2021,9,7,20.88,12.46,12.28,5.32,19.77,12.48
US-Pfa,-90.2723,45.9459,2021,9,8,18.48,10.98,10.27,4.97,13.35,0.36
US-Pfa,-90.2723,45.9459,2021,9,9,20.01,10.63,11.27,2.05,17.88,0.2
US-Pfa,-90.2723,45.9459,2021,9,10,22.1,9.95,12.14,3.64,19.46,0
US-Pfa,-90.2723,45.9459,2021,9,11,21.85,12.15,11.91,3.65,12.95,0
US-Pfa,-90.2723,45.9459,2021,9,12,19.62,9.27,8.23,2.26,12.73,0
US-Pfa,-90.2723,45.9459,2021,9,13,21.44,6.98,10.39,3.1,16.97,17.57
US-Pfa,-90.2723,45.9459,2021,9,14,18.8,10.06,12.73,5.43,9.22,12.31
US-Pfa,-90.2723,45.9459,2021,9,15,21.12,7.78,8.52,3.21,20.51,0.01
US-Pfa,-90.2723,45.9459,2021,9,16,22.76,11.53,11.47,7.46,17.85,0.09
US-Pfa,-90.2723,45.9459,2021,9,17,18.78,8.24,9.91,4.76,14.54,4.92
US-Pfa,-90.2723,45.9459,2021,9,18,20.44,5.98,9.05,3.72,19.82,0
US-Pfa,-90.2723,45.9459,2021,9,19,26.42,12.37,15.87,6.43,18.14,0.08
US-Pfa,-90.2723,45.9459,2021,9,20,24.84,11.48,17.53,6.97,6.49,15.36
US-Pfa,-90.2723,45.9459,2021,9,21,16.99,9.81,8.63,4.79,14.81,0.1
US-Pfa,-90.2723,45.9459,2021,9,22,17.09,6.35,6.57,2.71,19.12,0
US-Pfa,-90.2723,45.9459,2021,9,23,18.48,5.43,6.11,2.67,18.83,0
US-Pfa,-90.2723,45.9459,2021,9,24,18.51,5.92,7.42,4.05,9.71,7.27
US-Pfa,-90.2723,45.9459,2021,9,25,15.5,4.16,4.25,4.08,13.17,0.05
US-Pfa,-90.2723,45.9459,2021,9,26,19.28,7.34,8.05,3,10.87,0.2
US-Pfa,-90.2723,45.9459,2021,9,27,19.05,7.78,9.53,3.17,17.47,0.01
US-Pfa,-90.2723,45.9459,2021,9,28,19.62,6,7.77,3.31,16.87,0
US-Pfa,-90.2723,45.9459,2021,9,29,23.69,7.74,10.6,2.63,16.44,0
US-Pfa,-90.2723,45.9459,2021,9,30,24.62,9.52,12.67,2.24,15.74,0
US-Pfa,-90.2723,45.9459,2021,10,1,24.58,12.44,15.17,3.08,12.25,1.42
US-Pfa,-90.2723,45.9459,2021,10,2,22.72,15.8,16.62,1.58,6.2,12.01
US-Pfa,-90.2723,45.9459,2021,10,3,17.57,11.38,13.16,3.11,6.15,2.15
US-Pfa,-90.2723,45.9459,2021,10,4,19.16,10.51,12.28,2.93,8.81,0.36
US-Pfa,-90.2723,45.9459,2021,10,5,20.75,10.32,12.63,2.05,11.17,0.11
US-Pfa,-90.2723,45.9459,2021,10,6,21.61,9.75,13.26,2.93,9.47,0.06
US-Pfa,-90.2723,45.9459,2021,10,7,20.62,9.74,13.11,2.38,11.44,1.26
US-Pfa,-90.2723,45.9459,2021,10,8,20.5,12.93,14.3,2.57,5.6,1.21
US-Pfa,-90.2723,45.9459,2021,10,9,21.88,12.57,14.68,3.55,12.35,0.59
US-Pfa,-90.2723,45.9459,2021,10,10,23.04,12.5,15.11,5.96,10.16,3.19
US-Pfa,-90.2723,45.9459,2021,10,11,16.88,10.23,10.18,2.6,9.31,3.18
US-Pfa,-90.2723,45.9459,2021,10,12,17.12,11.02,12.24,3.29,6.3,4.18
US-Pfa,-90.2723,45.9459,2021,10,13,17.34,10.18,12.1,5.28,4.42,1.05
US-Pfa,-90.2723,45.9459,2021,10,14,14.08,6.28,5.25,5.02,7.42,0.01
US-Pfa,-90.2723,45.9459,2021,10,15,13.57,2.5,2.47,3.57,10.95,0.38
US-Pfa,-90.2723,45.9459,2021,10,16,11.89,2.57,1.75,4.89,13.91,0.14
US-Pfa,-90.2723,45.9459,2021,10,17,15.87,2.72,1.73,3.71,14.22,0
US-Pfa,-90.2723,45.9459,2021,10,18,18.55,3.71,4.28,3.45,13.85,0
US-Pfa,-90.2723,45.9459,2021,10,19,18.59,6.51,7.67,3.44,12.05,0
US-Pfa,-90.2723,45.9459,2021,10,20,13.94,5.27,7.54,4.23,5.5,7.68
US-Pfa,-90.2723,45.9459,2021,10,21,7.78,-0.13,-0.08,4.63,12.32,3.83
US-Pfa,-90.2723,45.9459,2021,10,22,6.74,-1.04,0.2,2.12,7.3,1.06
US-Pfa,-90.2723,45.9459,2021,10,23,8.85,-1.79,0.34,2.35,9.28,0.12
US-Pfa,-90.2723,45.9459,2021,10,24,9.19,-1.77,0.54,3.36,8.24,0.07
US-Pfa,-90.2723,45.9459,2021,10,25,9.61,-0.6,0.58,3.8,12.44,0.07
US-Pfa,-90.2723,45.9459,2021,10,26,9.1,-0.6,0.38,2.69,9.15,0.03
US-Pfa,-90.2723,45.9459,2021,10,27,11.16,0,2.62,4.65,6.27,0.03
US-Pfa,-90.2723,45.9459,2021,10,28,10.59,5.77,7.26,2.78,2.59,4.69
US-Pfa,-90.2723,45.9459,2021,10,29,9.98,5.96,6.49,5.24,4.84,0.9
US-Pfa,-90.2723,45.9459,2021,10,30,12.08,4.43,5.03,2.3,11.31,0.23
US-Pfa,-90.2723,45.9459,2021,10,31,5.8,-0.34,-1.47,6.14,7.86,0.5
US-Pfa,-90.2723,45.9459,2021,11,1,3.07,-2.7,-2.99,4.53,5.08,1.64
US-Pfa,-90.2723,45.9459,2021,11,2,1.85,-3.62,-4.66,3.81,8.17,0.89
US-Pfa,-90.2723,45.9459,2021,11,3,2.37,-3.85,-4.67,2.49,6.67,0.49
US-Pfa,-90.2723,45.9459,2021,11,4,6.94,-4.42,-3.18,3.23,9.53,0.01
US-Pfa,-90.2723,45.9459,2021,11,5,8.85,-1.48,0.39,6.76,8.78,1.02
US-Pfa,-90.2723,45.9459,2021,11,6,13.87,2.57,4.19,5.49,10.11,0.34
US-Pfa,-90.2723,45.9459,2021,11,7,13.77,2.21,6.51,3.87,6.96,0.01
US-Pfa,-90.2723,45.9459,2021,11,8,11.59,0.64,4.1,3.12,6.52,0.06
US-Pfa,-90.2723,45.9459,2021,11,9,9.82,-1.21,-0.42,2.78,8.7,0
US-Pfa,-90.2723,45.9459,2021,11,10,6.6,-0.53,-2.32,3.76,5.07,7.43
US-Pfa,-90.2723,45.9459,2021,11,11,7.32,-2.17,2.27,7.16,1.9,18.85
US-Pfa,-90.2723,45.9459,2021,11,12,3.97,-3.46,-1.96,3.75,4.59,2.92
US-Pfa,-90.2723,45.9459,2021,11,13,0.34,-3.62,-4.64,3.65,4.68,2.86
US-Pfa,-90.2723,45.9459,2021,11,14,0.1,-6.31,-5.56,4.31,3.6,2.98
US-Pfa,-90.2723,45.9459,2021,11,15,0.69,-5.88,-5.99,2.71,8.64,0.11
US-Pfa,-90.2723,45.9459,2021,11,16,1.73,-5.93,-3.16,6.38,3.74,0.65
US-Pfa,-90.2723,45.9459,2021,11,17,2.71,-2.99,-2.99,5.61,7.82,0.09
US-Pfa,-90.2723,45.9459,2021,11,18,-2.5,-4.63,-7.29,6.87,4.63,0.42
US-Pfa,-90.2723,45.9459,2021,11,19,-1.33,-7.8,-7.52,4.64,5.74,0
US-Pfa,-90.2723,45.9459,2021,11,20,2.58,-4.43,-4.45,3.77,6.97,0.02
US-Pfa,-90.2723,45.9459,2021,11,21,-0.41,-10.15,-7.53,6.69,4.99,1.15
US-Pfa,-90.2723,45.9459,2021,11,22,-4.6,-13.78,-13.44,4.29,6.24,0
US-Pfa,-90.2723,45.9459,2021,11,23,3.35,-10.71,-7.63,6.07,7.58,0
US-Pfa,-90.2723,45.9459,2021,11,24,3.27,-1.74,-1.02,5.09,5.32,0.56
US-Pfa,-90.2723,45.9459,2021,11,25,-2.36,-12.68,-10.57,5.53,6.49,0.81
US-Pfa,-90.2723,45.9459,2021,11,26,-3.12,-12.74,-11.97,2.99,4.79,0.04
US-Pfa,-90.2723,45.9459,2021,11,27,-1.01,-5.65,-5.95,3.32,3.99,2.14
US-Pfa,-90.2723,45.9459,2021,11,28,-0.91,-6.79,-7.26,4.93,7.97,0.2
US-Pfa,-90.2723,45.9459,2021,11,29,-0.82,-6.33,-5.64,3.24,2.38,5.41
US-Pfa,-90.2723,45.9459,2021,11,30,0.04,-5.58,-5.97,4.5,6.64,0.17
US-Pfa,-90.2723,45.9459,2021,12,1,2.41,-4.93,-2.28,5.86,2.88,0.95
US-Pfa,-90.2723,45.9459,2021,12,2,2.26,-4.54,-2.53,4.83,6.48,0.33
US-Pfa,-90.2723,45.9459,2021,12,3,1.57,-5.6,-3.47,3.08,2.76,0.24
US-Pfa,-90.2723,45.9459,2021,12,4,-3.7,-8.75,-10.08,4.67,4.9,0.01
US-Pfa,-90.2723,45.9459,2021,12,5,-1.74,-7.07,-5.94,5.53,1.02,11.3
US-Pfa,-90.2723,45.9459,2021,12,6,-4.27,-19.15,-13.04,7.92,5.12,1.99
US-Pfa,-90.2723,45.9459,2021,12,7,-11.52,-20.05,-17.9,3.11,4.57,0.21
US-Pfa,-90.2723,45.9459,2021,12,8,-8.65,-16.82,-14.19,2.51,6.03,0.05
US-Pfa,-90.2723,45.9459,2021,12,9,-1.74,-11.19,-6.67,5.87,1.33,2.37
US-Pfa,-90.2723,45.9459,2021,12,10,-3.65,-9.72,-6.78,2.69,2.08,9.91
US-Pfa,-90.2723,45.9459,2021,12,11,-2.93,-10.41,-6.69,5.59,6.87,5.48
US-Pfa,-90.2723,45.9459,2021,12,12,-1.91,-10.66,-6.99,5.83,6.77,0.07
US-Pfa,-90.2723,45.9459,2021,12,13,0.52,-8.41,-4.97,3.23,6.28,0.34
US-Pfa,-90.2723,45.9459,2021,12,14,0.65,-3.75,-1.81,6.62,3.83,0.07
US-Pfa,-90.2723,45.9459,2021,12,15,10.43,0.45,3.25,6.89,1.27,8.7
US-Pfa,-90.2723,45.9459,2021,12,16,8.45,-12.05,-7.88,10.28,3.92,2.45
US-Pfa,-90.2723,45.9459,2021,12,17,-6.78,-14.55,-12.53,3.04,3.97,0.04
US-Pfa,-90.2723,45.9459,2021,12,18,-5.23,-10.89,-9.47,2.78,3.79,0.44
US-Pfa,-90.2723,45.9459,2021,12,19,-5.79,-12.73,-10.29,5.56,3.43,0.04
US-Pfa,-90.2723,45.9459,2021,12,20,-5.53,-15.24,-11.49,5.35,4.56,0.03
US-Pfa,-90.2723,45.9459,2021,12,21,-9.52,-14.7,-14.23,5.2,2.25,4.57
US-Pfa,-90.2723,45.9459,2021,12,22,-10.01,-16.09,-14.93,3.8,4.45,0.11
US-Pfa,-90.2723,45.9459,2021,12,23,-0.51,-12.02,-8.3,3.62,5.66,0.35
US-Pfa,-90.2723,45.9459,2021,12,24,1.24,-6.43,-2.75,5.61,1.96,0.4
US-Pfa,-90.2723,45.9459,2021,12,25,-3.91,-10.84,-10.36,4.58,5.17,0.03
US-Pfa,-90.2723,45.9459,2021,12,26,-3.86,-12.49,-9.7,4.02,5.87,1.24
US-Pfa,-90.2723,45.9459,2021,12,27,-1.03,-13.94,-8.65,7.86,2.46,6.7
US-Pfa,-90.2723,45.9459,2021,12,28,-6.99,-17.27,-12.2,3.66,1.73,3.13
US-Pfa,-90.2723,45.9459,2021,12,29,-7.3,-18.2,-15.95,3.88,7.28,0.16
US-Pfa,-90.2723,45.9459,2021,12,30,-6.62,-15.75,-12.28,3.89,2.79,0.56
US-Pfa,-90.2723,45.9459,2021,12,31,-7.23,-15.75,-12.1,3.55,3.21,1
US-Pfa,-90.2723,45.9459,2022,1,1,-13.4,-16.28,-16.06,4.33,5.87,0.11
US-Pfa,-90.2723,45.9459,2022,1,2,-12.79,-22.44,-19.26,3.05,6.67,0.01
US-Pfa,-90.2723,45.9459,2022,1,3,-9.24,-20.52,-16,3.68,4.15,0
US-Pfa,-90.2723,45.9459,2022,1,4,-7.65,-14.9,-11.15,3.74,3.09,1.48
US-Pfa,-90.2723,45.9459,2022,1,5,-6.45,-13.11,-10.8,6.8,3.45,9.62
US-Pfa,-90.2723,45.9459,2022,1,6,-11,-18.74,-14.25,4.34,5.35,2.22
US-Pfa,-90.2723,45.9459,2022,1,7,-16.05,-24.71,-20.34,3.46,6.84,0.16
US-Pfa,-90.2723,45.9459,2022,1,8,-6.75,-15.68,-12.02,8.15,2.8,0.31
US-Pfa,-90.2723,45.9459,2022,1,9,-13.36,-28.54,-21.53,7.45,7.52,0.07
US-Pfa,-90.2723,45.9459,2022,1,10,-21.2,-30.58,-26.34,4.77,7.54,0.15
US-Pfa,-90.2723,45.9459,2022,1,11,-8.11,-25.57,-17.16,5.92,5.43,0.03
US-Pfa,-90.2723,45.9459,2022,1,12,-5.11,-11.65,-9.74,2.66,2.96,0.04
US-Pfa,-90.2723,45.9459,2022,1,13,-2.32,-14.67,-8.33,4.36,3.11,0.55
US-Pfa,-90.2723,45.9459,2022,1,14,-12.99,-19.54,-16.14,4.75,3.5,0.03
US-Pfa,-90.2723,45.9459,2022,1,15,-12.13,-20.08,-17.6,3.42,8.52,0.02
US-Pfa,-90.2723,45.9459,2022,1,16,-9.96,-16.24,-13.48,5.53,3.18,0.97
US-Pfa,-90.2723,45.9459,2022,1,17,-6.71,-14.38,-10.79,3.67,4.34,0.61
US-Pfa,-90.2723,45.9459,2022,1,18,-1.24,-13.17,-7.77,7.09,4.55,3.05
US-Pfa,-90.2723,45.9459,2022,1,19,-11.67,-18.73,-15.79,7.95,7.67,0.95
US-Pfa,-90.2723,45.9459,2022,1,20,-18.65,-29.86,-22.26,3.32,8.82,0.17
US-Pfa,-90.2723,45.9459,2022,1,21,-14.24,-30.08,-21.06,7.8,8.62,0.84
US-Pfa,-90.2723,45.9459,2022,1,22,-10.12,-19.72,-16.2,6.33,8.41,0.81
US-Pfa,-90.2723,45.9459,2022,1,23,-17.1,-21.91,-20.01,3.37,7.92,0.45
US-Pfa,-90.2723,45.9459,2022,1,24,-12.27,-22.09,-18.45,4.24,7.36,0.62
US-Pfa,-90.2723,45.9459,2022,1,25,-18.47,-26.59,-23.22,4.06,9.25,0.13
US-Pfa,-90.2723,45.9459,2022,1,26,-10.72,-31.48,-22.27,7.72,7.4,0.05
US-Pfa,-90.2723,45.9459,2022,1,27,-6.88,-17.74,-12.15,6.16,7.87,0.32
US-Pfa,-90.2723,45.9459,2022,1,28,-14.5,-25.57,-20.21,3.36,6.13,0.02
US-Pfa,-90.2723,45.9459,2022,1,29,-8.51,-21.31,-15.6,3.33,6.94,0.18
US-Pfa,-90.2723,45.9459,2022,1,30,-7.39,-14.95,-11.52,2.99,7.92,0.14
US-Pfa,-90.2723,45.9459,2022,1,31,-3.92,-13.67,-8.93,7.31,8.08,0.06
US-Pfa,-90.2723,45.9459,2022,2,1,-3.31,-16.26,-9.49,9.32,8.12,0.07
US-Pfa,-90.2723,45.9459,2022,2,2,-16.01,-23.64,-19.39,5.25,10.39,0.11
US-Pfa,-90.2723,45.9459,2022,2,3,-14.58,-24,-20.62,2.9,11.45,0.07
US-Pfa,-90.2723,45.9459,2022,2,4,-15.08,-21.18,-19.44,2.62,9.59,0.43
US-Pfa,-90.2723,45.9459,2022,2,5,-10.82,-22.17,-16.67,5.4,6.42,2.16
US-Pfa,-90.2723,45.9459,2022,2,6,-8.62,-14.09,-12.22,3.42,5.03,1.58
US-Pfa,-90.2723,45.9459,2022,2,7,-8.92,-16.56,-13.72,3.05,11.02,0.09
US-Pfa,-90.2723,45.9459,2022,2,8,-4.23,-16.49,-10.23,5.05,8.41,0.14
US-Pfa,-90.2723,45.9459,2022,2,9,-0.81,-8.69,-5.3,7,6.56,1.72
US-Pfa,-90.2723,45.9459,2022,2,10,-2.86,-13.81,-10.66,6.32,7.6,4.87
US-Pfa,-90.2723,45.9459,2022,2,11,-1.22,-17.17,-9.7,8.32,6.87,2.19
US-Pfa,-90.2723,45.9459,2022,2,12,-16.33,-24.39,-19.86,3.28,11.34,0.36
US-Pfa,-90.2723,45.9459,2022,2,13,-13.06,-26.18,-19.8,2.28,12.12,0.12
US-Pfa,-90.2723,45.9459,2022,2,14,-12.21,-21.39,-17.63,2.51,13.05,0.05
US-Pfa,-90.2723,45.9459,2022,2,15,-5.68,-22.21,-13.22,5.92,7.6,0.34
US-Pfa,-90.2723,45.9459,2022,2,16,-3.7,-11.21,-7.44,5.41,8.27,0.2
US-Pfa,-90.2723,45.9459,2022,2,17,-12.07,-21.57,-17.37,5.18,12.98,0.16
US-Pfa,-90.2723,45.9459,2022,2,18,-6.69,-24.1,-17.9,8.39,6.34,2.24
US-Pfa,-90.2723,45.9459,2022,2,19,-11.39,-19.97,-17.36,7.94,13.68,0.18
US-Pfa,-90.2723,45.9459,2022,2,20,0.22,-15.3,-8.58,7.91,12.28,0.3
US-Pfa,-90.2723,45.9459,2022,2,21,-11.11,-15.23,-14.19,6.79,6.65,5.91
US-Pfa,-90.2723,45.9459,2022,2,22,-11.65,-15.05,-14.12,7.92,6.98,13.71
US-Pfa,-90.2723,45.9459,2022,2,23,-11.99,-18.83,-16.31,4.39,13.64,0.58
US-Pfa,-90.2723,45.9459,2022,2,24,-9.88,-22.02,-16.1,2.45,10.36,0.66
US-Pfa,-90.2723,45.9459,2022,2,25,-9.06,-18.8,-14.77,3.42,14.79,0.19
US-Pfa,-90.2723,45.9459,2022,2,26,-4.18,-22.5,-13.04,7.21,15.8,0.05
US-Pfa,-90.2723,45.9459,2022,2,27,-6.64,-13.2,-10.48,4.49,13.75,0.03
US-Pfa,-90.2723,45.9459,2022,2,28,-1.27,-11.99,-8.03,3.89,14.44,0.25
US-Pfa,-90.2723,45.9459,2022,3,1,-2.83,-12.62,-7.82,3.31,14.31,0.01
US-Pfa,-90.2723,45.9459,2022,3,2,-5.71,-17.76,-11.63,4.7,11.25,0.42
US-Pfa,-90.2723,45.9459,2022,3,3,-7.92,-21.61,-16.47,3.89,16.47,0
US-Pfa,-90.2723,45.9459,2022,3,4,-2.35,-19.96,-11.96,3.15,10.67,0
US-Pfa,-90.2723,45.9459,2022,3,5,0.33,-6.26,-2.71,4.49,6.11,17.58
US-Pfa,-90.2723,45.9459,2022,3,6,-1.85,-7.31,-5.08,5.45,4.52,4.51
US-Pfa,-90.2723,45.9459,2022,3,7,-4.17,-12.79,-8.58,4.48,14.35,0.25
US-Pfa,-90.2723,45.9459,2022,3,8,-0.01,-14.46,-8.33,6.08,15.62,0.17
US-Pfa,-90.2723,45.9459,2022,3,9,-8.86,-17.35,-13.16,5.5,16.43,0.05
US-Pfa,-90.2723,45.9459,2022,3,10,-10.51,-23.3,-16.96,4.56,18.03,0.01
US-Pfa,-90.2723,45.9459,2022,3,11,-12.33,-19.54,-16.01,8.03,17.32,0.25
US-Pfa,-90.2723,45.9459,2022,3,12,-12.31,-20.82,-18.14,4.66,18.65,1.02
US-Pfa,-90.2723,45.9459,2022,3,13,-1.23,-11.72,-7.62,5.51,16.79,1.21
US-Pfa,-90.2723,45.9459,2022,3,14,-0.37,-7.85,-5.66,1.65,11.29,0.85
US-Pfa,-90.2723,45.9459,2022,3,15,1.13,-6.78,-2.58,4.46,17.39,0.04
US-Pfa,-90.2723,45.9459,2022,3,16,2.54,0.02,0.29,4.68,15.6,0.01
US-Pfa,-90.2723,45.9459,2022,3,17,0.79,-2.51,-0.78,3.75,15.31,0.01
US-Pfa,-90.2723,45.9459,2022,3,18,0.83,-6.31,-2.99,3.48,14.91,0.03
US-Pfa,-90.2723,45.9459,2022,3,19,2.82,-5.7,-3.67,3.91,18.69,0.01
US-Pfa,-90.2723,45.9459,2022,3,20,9.44,-4.97,-1.5,2.62,19.33,0
US-Pfa,-90.2723,45.9459,2022,3,21,3.1,-0.23,-0.1,6.23,10.97,5.04
US-Pfa,-90.2723,45.9459,2022,3,22,2.15,-0.18,-0.57,7.89,3.4,11.31
US-Pfa,-90.2723,45.9459,2022,3,23,0.01,-2.22,-1.66,5.46,6.33,20.27
US-Pfa,-90.2723,45.9459,2022,3,24,1.09,-6.91,-3.34,3.93,10.63,0.41
US-Pfa,-90.2723,45.9459,2022,3,25,1.25,-6.43,-4.37,6.82,6.8,1.83
US-Pfa,-90.2723,45.9459,2022,3,26,-7.02,-11.08,-11.83,8.59,18.3,0.46
US-Pfa,-90.2723,45.9459,2022,3,27,-6.72,-13.97,-14.77,6.07,22.95,0.02
US-Pfa,-90.2723,45.9459,2022,3,28,-1.36,-16.13,-12.43,2.67,21.8,0
US-Pfa,-90.2723,45.9459,2022,3,29,2.36,-8.21,-6.86,6.93,8.75,5.09
US-Pfa,-90.2723,45.9459,2022,3,30,1.07,-2.85,-2.14,5.19,3.96,11.13
US-Pfa,-90.2723,45.9459,2022,3,31,-2.32,-5.7,-5.01,7.29,7.28,2.18
US-Pfa,-90.2723,45.9459,2022,4,1,3.73,-10.02,-5.14,2.76,21.13,0.08
US-Pfa,-90.2723,45.9459,2022,4,2,5.6,-2.88,-0.9,3.15,12.13,3.17
US-Pfa,-90.2723,45.9459,2022,4,3,6.41,-3.01,-1.54,2.75,15.49,2.34
US-Pfa,-90.2723,45.9459,2022,4,4,5.92,-2.64,-0.97,3.09,8.1,2.22
US-Pfa,-90.2723,45.9459,2022,4,5,4.25,-2.52,-0.56,6.38,9.19,3.63
US-Pfa,-90.2723,45.9459,2022,4,6,6.15,-1.45,0.57,5.04,7.16,6.84
US-Pfa,-90.2723,45.9459,2022,4,7,3.98,-2.15,-1.47,5.32,8.61,4.36
US-Pfa,-90.2723,45.9459,2022,4,8,0.47,-3.22,-4.02,7.1,11.26,1.26
US-Pfa,-90.2723,45.9459,2022,4,9,6.25,-4.94,-4.95,3.65,24.76,0
US-Pfa,-90.2723,45.9459,2022,4,10,10,-2.51,-1.72,6.2,15.66,0.16
US-Pfa,-90.2723,45.9459,2022,4,11,10.28,-0.38,0.94,6.97,21,0.09
US-Pfa,-90.2723,45.9459,2022,4,12,9.35,0.16,1.6,4.82,7.6,25.11
US-Pfa,-90.2723,45.9459,2022,4,13,14.44,-0.76,5.23,4.45,4.55,23.25
US-Pfa,-90.2723,45.9459,2022,4,14,-0.07,-5.67,-5.65,9.04,9.63,1.65
US-Pfa,-90.2723,45.9459,2022,4,15,-1.97,-6.22,-9.07,7.56,17.92,0.94
US-Pfa,-90.2723,45.9459,2022,4,16,-0.74,-7.49,-7.59,5.7,18.81,0.23
US-Pfa,-90.2723,45.9459,2022,4,17,3.04,-8.58,-4.93,2.75,20.53,1.12
US-Pfa,-90.2723,45.9459,2022,4,18,2.94,-1.89,-2.32,4.82,8.01,4.76
US-Pfa,-90.2723,45.9459,2022,4,19,4.26,-2.68,-4.54,4.23,24.96,0.15
US-Pfa,-90.2723,45.9459,2022,4,20,6.51,-1.77,0.25,6.41,5.27,8.88
US-Pfa,-90.2723,45.9459,2022,4,21,9.46,-1.38,0.25,5.32,19.31,0.09
US-Pfa,-90.2723,45.9459,2022,4,22,11.15,-2.48,2.03,7.14,6.77,1.52
US-Pfa,-90.2723,45.9459,2022,4,23,20.63,3.48,11.19,7.53,6.66,5.36
US-Pfa,-90.2723,45.9459,2022,4,24,15.08,1.58,5.32,8.68,14.93,0.7
US-Pfa,-90.2723,45.9459,2022,4,25,5.37,-2.26,-1.45,4.81,8.48,0.77
US-Pfa,-90.2723,45.9459,2022,4,26,-0.71,-5.45,-6.66,4.84,14.38,0.91
US-Pfa,-90.2723,45.9459,2022,4,27,8.12,-5.45,-5.17,3.06,25.39,0
US-Pfa,-90.2723,45.9459,2022,4,28,10.82,-4.54,-3.56,4.8,15.32,0
US-Pfa,-90.2723,45.9459,2022,4,29,15.16,0.6,2.76,6.06,11.48,0.73
US-Pfa,-90.2723,45.9459,2022,4,30,8.6,4.08,2.98,8.21,4.45,10.99
US-Pfa,-90.2723,45.9459,2022,5,1,10.93,3.41,5.36,3.9,8.76,6.39
US-Pfa,-90.2723,45.9459,2022,5,2,9.64,1.62,2.04,3.87,11.48,0.51
US-Pfa,-90.2723,45.9459,2022,5,3,10.63,-1.82,0.03,4.19,22.47,0.04
US-Pfa,-90.2723,45.9459,2022,5,4,14.71,-3.04,0.35,1.77,25.43,0
US-Pfa,-90.2723,45.9459,2022,5,5,17.83,2.24,4.35,1.95,20.78,0
US-Pfa,-90.2723,45.9459,2022,5,6,19.54,3.42,5.54,2.67,27.08,0
US-Pfa,-90.2723,45.9459,2022,5,7,17.85,2.85,3.36,4.12,28.12,0
US-Pfa,-90.2723,45.9459,2022,5,8,14.82,3.18,3.72,6.11,9.85,0.48
US-Pfa,-90.2723,45.9459,2022,5,9,20.19,7.11,12.05,9.4,11.95,2.02
US-Pfa,-90.2723,45.9459,2022,5,10,20.59,9.62,11.01,2.58,17.37,0.38
US-Pfa,-90.2723,45.9459,2022,5,11,23.62,10.24,14.08,4.18,12.45,19.07
US-Pfa,-90.2723,45.9459,2022,5,12,24.88,15.67,20.53,4.62,19.45,7.94
US-Pfa,-90.2723,45.9459,2022,5,13,23.55,13.17,17.29,4.36,25.21,3.37
US-Pfa,-90.2723,45.9459,2022,5,14,23.84,8.63,10.41,3.76,23.37,0.25
US-Pfa,-90.2723,45.9459,2022,5,15,19.39,6.78,7.24,3.93,24.24,0.02
US-Pfa,-90.2723,45.9459,2022,5,16,14.7,4.32,5.15,4.8,24.15,0
US-Pfa,-90.2723,45.9459,2022,5,17,17.4,1.43,4.95,2.26,27.27,0
US-Pfa,-90.2723,45.9459,2022,5,18,15.92,8.04,10.31,4.08,14.06,6.98
US-Pfa,-90.2723,45.9459,2022,5,19,18.11,8.2,10.42,3.23,17.13,7.17
US-Pfa,-90.2723,45.9459,2022,5,20,15.83,7.1,8.49,5.01,11.43,8.05
US-Pfa,-90.2723,45.9459,2022,5,21,13.37,1.92,2.8,3.12,21.02,1.11
US-Pfa,-90.2723,45.9459,2022,5,22,10.74,2.32,1.8,3.85,15.23,1.29
US-Pfa,-90.2723,45.9459,2022,5,23,15.51,0.74,2.83,2.33,24.57,0.01
US-Pfa,-90.2723,45.9459,2022,5,24,17.62,4.82,4.94,2.66,26.92,0
US-Pfa,-90.2723,45.9459,2022,5,25,11.31,7.09,7.31,3.99,6.22,23.03
US-Pfa,-90.2723,45.9459,2022,5,26,11.15,4.16,6.7,3.45,10.78,1.86
US-Pfa,-90.2723,45.9459,2022,5,27,19.72,4.05,8.72,2.72,30.22,0.11
US-Pfa,-90.2723,45.9459,2022,5,28,18.55,10.46,12.49,5.05,8.94,11.23
US-Pfa,-90.2723,45.9459,2022,5,29,23.09,11.99,15.84,6.01,11.87,0.55
US-Pfa,-90.2723,45.9459,2022,5,30,25.72,17.12,18.49,6.92,19.13,0.48
US-Pfa,-90.2723,45.9459,2022,5,31,22.13,10.26,14.08,8.48,25.75,0.08
US-Pfa,-90.2723,45.9459,2022,6,1,17.32,6.34,6.4,4.03,29.09,0
US-Pfa,-90.2723,45.9459,2022,6,2,20.45,7.11,7.65,4.24,25.17,0.29
US-Pfa,-90.2723,45.9459,2022,6,3,15,6.13,4.75,4.72,31.74,0.02
US-Pfa,-90.2723,45.9459,2022,6,4,20.22,5.04,8.42,4.35,26.84,0.68
US-Pfa,-90.2723,45.9459,2022,6,5,21.27,8.54,9.74,1.41,20.18,1.14
US-Pfa,-90.2723,45.9459,2022,6,6,19.8,7.77,10.14,2.87,25.05,0.65
US-Pfa,-90.2723,45.9459,2022,6,7,19.92,7.36,8.97,2.11,23.78,0.2
US-Pfa,-90.2723,45.9459,2022,6,8,19.51,10.18,9.63,1.22,21.23,2.24
US-Pfa,-90.2723,45.9459,2022,6,9,20.57,8.12,9.5,3.6,27.29,0.06
US-Pfa,-90.2723,45.9459,2022,6,10,21.68,8.14,10.21,2.85,20.66,0.04
US-Pfa,-90.2723,45.9459,2022,6,11,20.09,9.73,12.5,3.34,10.36,5.98
US-Pfa,-90.2723,45.9459,2022,6,12,21.48,7.66,10.05,2.68,18.4,0.18
US-Pfa,-90.2723,45.9459,2022,6,13,18.16,10.88,12.95,4.59,8.43,7.56
US-Pfa,-90.2723,45.9459,2022,6,14,28.41,12.17,19.78,6.06,21.98,0.92
US-Pfa,-90.2723,45.9459,2022,6,15,24.56,13.73,16.83,3.08,8.42,23.22
US-Pfa,-90.2723,45.9459,2022,6,16,21.07,13.09,12.56,7.14,22.92,0.16
US-Pfa,-90.2723,45.9459,2022,6,17,21.45,10.03,12.04,4.72,30.78,0
US-Pfa,-90.2723,45.9459,2022,6,18,19.56,7.27,8.18,2.82,24.79,1.45
US-Pfa,-90.2723,45.9459,2022,6,19,24.84,10.6,13.9,5.04,27.43,0
US-Pfa,-90.2723,45.9459,2022,6,20,29.8,17.69,21.76,4.76,29.12,1.64
US-Pfa,-90.2723,45.9459,2022,6,21,27.76,17.32,19.51,5.16,26.48,1.58
US-Pfa,-90.2723,45.9459,2022,6,22,21.39,14.05,12.34,4.38,30.19,0
US-Pfa,-90.2723,45.9459,2022,6,23,26.2,13.47,16.5,4.42,28.79,0.22
US-Pfa,-90.2723,45.9459,2022,6,24,25.87,18.6,20.08,3.04,22.73,3.28
US-Pfa,-90.2723,45.9459,2022,6,25,22.8,14.84,17.56,3.83,12.62,5.34
US-Pfa,-90.2723,45.9459,2022,6,26,17.39,10.37,9.85,6.6,23.3,1.35
US-Pfa,-90.2723,45.9459,2022,6,27,21.37,7.41,10.12,3.72,30.04,1.26
US-Pfa,-90.2723,45.9459,2022,6,28,22.3,11.58,13.09,4.02,20.16,5.85
US-Pfa,-90.2723,45.9459,2022,6,29,21.79,10.07,11.96,3.14,26.01,0.19
US-Pfa,-90.2723,45.9459,2022,6,30,26.61,14.83,17.93,6.47,23.23,4.65
US-Pfa,-90.2723,45.9459,2022,7,1,22.57,11.54,11.57,4.12,28.59,0
US-Pfa,-90.2723,45.9459,2022,7,2,21.82,10.28,9.39,2.99,20.96,0
US-Pfa,-90.2723,45.9459,2022,7,3,23.83,11.91,12.94,2.32,16.71,9.39
US-Pfa,-90.2723,45.9459,2022,7,4,23.62,15.75,18.29,3.58,10.26,9.35
US-Pfa,-90.2723,45.9459,2022,7,5,24.27,14.91,17.43,3.91,20.98,0.44
US-Pfa,-90.2723,45.9459,2022,7,6,24.13,12.77,14.52,2.15,14.94,0.02
US-Pfa,-90.2723,45.9459,2022,7,7,27.36,16.95,18.54,2.61,23.14,0.21
US-Pfa,-90.2723,45.9459,2022,7,8,24.4,13.98,14.76,3.57,24.13,0.08
US-Pfa,-90.2723,45.9459,2022,7,9,24.11,12.29,12.49,1.88,24.97,0
US-Pfa,-90.2723,45.9459,2022,7,10,25.66,14.68,16.49,5.12,15.51,6.63
US-Pfa,-90.2723,45.9459,2022,7,11,24.57,14.99,17.78,4.13,17.55,8.93
US-Pfa,-90.2723,45.9459,2022,7,12,22.91,14.25,15.64,3.73,24.35,7.82
US-Pfa,-90.2723,45.9459,2022,7,13,20.52,11.1,11.85,3.06,21.05,0.29
US-Pfa,-90.2723,45.9459,2022,7,14,22.73,10.1,12.62,2.91,25.01,0.08
US-Pfa,-90.2723,45.9459,2022,7,15,25.34,13.93,15.91,2.77,18.68,3.55
US-Pfa,-90.2723,45.9459,2022,7,16,25.89,16.1,18.13,1.82,19.85,1.77
US-Pfa,-90.2723,45.9459,2022,7,17,27.7,17.91,18.42,1.51,22.36,2.14
US-Pfa,-90.2723,45.9459,2022,7,18,29.08,17.41,20.76,3.36,26.83,7.81
US-Pfa,-90.2723,45.9459,2022,7,19,27.5,19.09,20.39,5.35,19.26,4.81
US-Pfa,-90.2723,45.9459,2022,7,20,24.39,16.58,16.7,5.72,14.54,9.15
US-Pfa,-90.2723,45.9459,2022,7,21,24.4,15.43,14.52,4.76,28.69,0.11
US-Pfa,-90.2723,45.9459,2022,7,22,26.5,14.8,14.87,4.33,27.49,0.81
US-Pfa,-90.2723,45.9459,2022,7,23,26.75,15.16,17.55,3.26,9.67,13.25
US-Pfa,-90.2723,45.9459,2022,7,24,21.19,11.49,13.41,4.97,24.71,0.36
US-Pfa,-90.2723,45.9459,2022,7,25,20.89,9.61,10.96,3.33,25.06,0
US-Pfa,-90.2723,45.9459,2022,7,26,23.86,10.98,14.07,3.29,17.32,7.79
US-Pfa,-90.2723,45.9459,2022,7,27,22.89,14.66,14.8,4.06,23.73,6.77
US-Pfa,-90.2723,45.9459,2022,7,28,20.01,11.76,12.29,4.61,21.92,1.73
US-Pfa,-90.2723,45.9459,2022,7,29,21.35,11.52,12.36,3.65,24.57,0.13
US-Pfa,-90.2723,45.9459,2022,7,30,25.14,11.72,13.63,3.35,27.44,0
US-Pfa,-90.2723,45.9459,2022,7,31,25.88,15.03,15.19,5.29,21.34,5.26
US-Pfa,-90.2723,45.9459,2022,8,1,21.35,15.31,14.45,4.38,20.22,0.78
US-Pfa,-90.2723,45.9459,2022,8,2,25.41,12.47,15.62,5.48,20.55,2.86
US-Pfa,-90.2723,45.9459,2022,8,3,25.78,14.94,17.8,5.31,24.95,13.92
US-Pfa,-90.2723,45.9459,2022,8,4,24.1,12.67,14,1.68,26.24,0.08
US-Pfa,-90.2723,45.9459,2022,8,5,25.45,13.94,16.04,4.9,26.65,0.12
US-Pfa,-90.2723,45.9459,2022,8,6,27.55,18.26,19.57,3.24,6.5,9.22
US-Pfa,-90.2723,45.9459,2022,8,7,24.32,11.97,15.18,4.2,13.73,7.88
US-Pfa,-90.2723,45.9459,2022,8,8,19.54,11.14,11.93,3.64,24.66,14.4
US-Pfa,-90.2723,45.9459,2022,8,9,24.68,10.9,13.77,3.43,27.1,0.54
US-Pfa,-90.2723,45.9459,2022,8,10,23.04,12.79,13.04,3.59,25.9,0
US-Pfa,-90.2723,45.9459,2022,8,11,22.03,9.98,11.29,2.28,26.32,0
US-Pfa,-90.2723,45.9459,2022,8,12,19.94,12.08,12.29,3.73,8.12,7.46
US-Pfa,-90.2723,45.9459,2022,8,13,20.83,12.94,14.69,2.79,6.88,5.09
US-Pfa,-90.2723,45.9459,2022,8,14,23.32,12.66,15.02,1.96,10.32,0.3
US-Pfa,-90.2723,45.9459,2022,8,15,22.4,14.6,15.97,1.47,16.97,1.4
US-Pfa,-90.2723,45.9459,2022,8,16,23.46,15.04,14.63,2.41,21.07,0.77
US-Pfa,-90.2723,45.9459,2022,8,17,23.82,15,15.31,2.71,15.67,1.39
US-Pfa,-90.2723,45.9459,2022,8,18,24.47,15.94,17.35,3.63,11.53,2.27
US-Pfa,-90.2723,45.9459,2022,8,19,22.99,16.2,17.15,3.45,17.25,2.49
US-Pfa,-90.2723,45.9459,2022,8,20,24.13,14.28,16.37,2.84,13.4,4.64
US-Pfa,-90.2723,45.9459,2022,8,21,23.4,10.83,12.84,2.09,23.78,0.09
US-Pfa,-90.2723,45.9459,2022,8,22,25.02,11.78,14.1,1.9,22.7,0.03
US-Pfa,-90.2723,45.9459,2022,8,23,26.64,15.01,17.11,2.05,20.9,1.56
US-Pfa,-90.2723,45.9459,2022,8,24,25,16.28,16.76,2.12,11.21,6.69
US-Pfa,-90.2723,45.9459,2022,8,25,21.37,13.66,15,3.45,14.64,3.22
US-Pfa,-90.2723,45.9459,2022,8,26,24.03,11.23,13.01,2.42,22.67,0.01
US-Pfa,-90.2723,45.9459,2022,8,27,21.51,13.71,15.87,5.88,10.2,4.38
US-Pfa,-90.2723,45.9459,2022,8,28,22.64,16.68,18.32,4.73,6.34,10.73
US-Pfa,-90.2723,45.9459,2022,8,29,23.39,16.75,16.19,5.51,16.41,0.85
US-Pfa,-90.2723,45.9459,2022,8,30,21.96,12.97,11.48,5.75,23.56,0.02
US-Pfa,-90.2723,45.9459,2022,8,31,24.76,13.01,13.38,4.13,21.99,0
US-Pfa,-90.2723,45.9459,2022,9,1,27.63,14.11,16.49,3.37,22.42,0
US-Pfa,-90.2723,45.9459,2022,9,2,27.04,15.56,17.93,5.4,19.96,4.92
US-Pfa,-90.2723,45.9459,2022,9,3,19.15,7.67,9.28,3.95,22.85,0.03
US-Pfa,-90.2723,45.9459,2022,9,4,20.86,5.64,8,2.47,21.15,0
US-Pfa,-90.2723,45.9459,2022,9,5,21.44,7.46,9.35,2.49,22.21,0
US-Pfa,-90.2723,45.9459,2022,9,6,23.41,8.32,12.11,2.5,18.66,0
US-Pfa,-90.2723,45.9459,2022,9,7,25.93,13.63,14.37,2.58,19.85,0.01
US-Pfa,-90.2723,45.9459,2022,9,8,26.65,14.15,15.98,5.72,18.8,0.07
US-Pfa,-90.2723,45.9459,2022,9,9,23.52,12.91,14.72,4.34,5.24,10.72
US-Pfa,-90.2723,45.9459,2022,9,10,15.79,9.38,11.46,2.04,7.79,9.71
US-Pfa,-90.2723,45.9459,2022,9,11,17.48,8.74,8.56,3.11,14.36,0.04
US-Pfa,-90.2723,45.9459,2022,9,12,20,9.72,9.01,3.61,20.24,0.98
US-Pfa,-90.2723,45.9459,2022,9,13,23.84,8.83,9.83,3.31,19.42,0
US-Pfa,-90.2723,45.9459,2022,9,14,20.48,9.54,10.1,2.71,13.3,0.01
US-Pfa,-90.2723,45.9459,2022,9,15,24.32,10.04,12.3,5.39,14.27,0.07
US-Pfa,-90.2723,45.9459,2022,9,16,22.01,13.84,15.82,3.62,8.42,10.65
US-Pfa,-90.2723,45.9459,2022,9,17,23.8,15.38,16.55,3.63,11.72,2.74
US-Pfa,-90.2723,45.9459,2022,9,18,20.63,12.22,15.27,3.99,6.65,0.99
US-Pfa,-90.2723,45.9459,2022,9,19,24.4,10.31,12.23,2.98,18.53,0.05
US-Pfa,-90.2723,45.9459,2022,9,20,24.64,13.19,16.47,3.41,11.85,1.55
US-Pfa,-90.2723,45.9459,2022,9,21,17.7,7.31,8.2,5.66,13.29,1.36
US-Pfa,-90.2723,45.9459,2022,9,22,13.52,5.28,3.19,3.63,19.08,0.09
US-Pfa,-90.2723,45.9459,2022,9,23,15.46,3.16,4.52,4.18,7.89,1
US-Pfa,-90.2723,45.9459,2022,9,24,12.39,7.8,8.94,2.61,3.85,4.48
US-Pfa,-90.2723,45.9459,2022,9,25,16.3,8.89,8.54,5.09,12.35,4.69
US-Pfa,-90.2723,45.9459,2022,9,26,11.07,5.29,5.69,5.88,10.99,2.78
US-Pfa,-90.2723,45.9459,2022,9,27,9.31,0.32,1.67,4.46,12.13,0.97
US-Pfa,-90.2723,45.9459,2022,9,28,13.33,-0.36,0.34,1.76,18,0
US-Pfa,-90.2723,45.9459,2022,9,29,15.55,1.85,1.32,3.72,17.56,0
US-Pfa,-90.2723,45.9459,2022,9,30,18.13,6.15,4.47,2.87,16.11,0
US-Pfa,-90.2723,45.9459,2022,10,1,19.5,7.06,7.29,2.25,7.13,0
US-Pfa,-90.2723,45.9459,2022,10,2,17.56,6.9,8.84,2.4,12.91,0
US-Pfa,-90.2723,45.9459,2022,10,3,20.71,8,10.09,3.62,12.48,0.28
US-Pfa,-90.2723,45.9459,2022,10,4,21.54,9.56,9.21,2.79,11.26,0.21
US-Pfa,-90.2723,45.9459,2022,10,5,21.69,9.31,8.69,3.27,10.92,0.43
US-Pfa,-90.2723,45.9459,2022,10,6,12.31,1.89,4.75,6.18,8.62,4.36
US-Pfa,-90.2723,45.9459,2022,10,7,7.05,-0.36,-1.03,3.45,9.72,0.69
US-Pfa,-90.2723,45.9459,2022,10,8,13.2,-1.61,-0.86,4.96,13.82,0.01
US-Pfa,-90.2723,45.9459,2022,10,9,12.99,1.33,3.57,2.36,14,0.02
US-Pfa,-90.2723,45.9459,2022,10,10,15.92,-0.01,4.05,3.58,15.04,0
US-Pfa,-90.2723,45.9459,2022,10,11,21.99,5.53,9.92,6.78,13.8,1.18
US-Pfa,-90.2723,45.9459,2022,10,12,13.78,3.95,6.28,5.45,10.69,7.26
US-Pfa,-90.2723,45.9459,2022,10,13,5.58,-0.76,0.11,3.95,6.2,2.78
US-Pfa,-90.2723,45.9459,2022,10,14,1.87,-2.83,-2.47,2.29,4.59,3.05
US-Pfa,-90.2723,45.9459,2022,10,15,5.57,-2.97,-0.15,4.27,6.45,2.68
US-Pfa,-90.2723,45.9459,2022,10,16,5.78,-1.26,1.02,5.16,5.66,6.43
US-Pfa,-90.2723,45.9459,2022,10,17,0.9,-2.95,-3.91,7.63,6.35,3.52
US-Pfa,-90.2723,45.9459,2022,10,18,2.3,-3.32,-4.02,6.58,14.06,0.1
US-Pfa,-90.2723,45.9459,2022,10,19,3.94,-2.87,-3.61,4.33,12.07,0.01
US-Pfa,-90.2723,45.9459,2022,10,20,8.35,-3.24,-2.02,2.95,12.48,0
US-Pfa,-90.2723,45.9459,2022,10,21,14.92,2.45,3.53,4.13,11.45,0
US-Pfa,-90.2723,45.9459,2022,10,22,18.26,4.25,6.58,3.47,11.18,0
US-Pfa,-90.2723,45.9459,2022,10,23,19.59,8.73,11.54,6.4,11.18,1.57
US-Pfa,-90.2723,45.9459,2022,10,24,16.8,9.71,13.48,6.55,2.4,11.75
US-Pfa,-90.2723,45.9459,2022,10,25,7.93,1.81,1.52,3.65,5.02,0.34
US-Pfa,-90.2723,45.9459,2022,10,26,6.06,-0.83,-2.76,3.62,10.03,0.01
US-Pfa,-90.2723,45.9459,2022,10,27,10.74,-2.66,-1.07,3.56,6.11,0
US-Pfa,-90.2723,45.9459,2022,10,28,12.83,2.35,1.36,4.52,11.12,0
US-Pfa,-90.2723,45.9459,2022,10,29,15.65,1.67,1.69,3.99,11.31,0
US-Pfa,-90.2723,45.9459,2022,10,30,16.78,2.33,3.56,2.98,10.05,0
US-Pfa,-90.2723,45.9459,2022,10,31,15.82,2.89,2.74,2.73,11.39,0
US-Pfa,-90.2723,45.9459,2022,11,1,18.59,2.96,2.02,3.09,10.9,0
US-Pfa,-90.2723,45.9459,2022,11,2,19.29,5.96,5.64,5.86,10.42,0.01
US-Pfa,-90.2723,45.9459,2022,11,3,17.3,10.15,10.83,6.71,4.24,1.91
US-Pfa,-90.2723,45.9459,2022,11,4,14.68,1.64,3.61,4.25,1.67,11.69
US-Pfa,-90.2723,45.9459,2022,11,5,3.05,0.6,0.66,4.76,3.6,22.44
US-Pfa,-90.2723,45.9459,2022,11,6,7.47,-0.37,-1.65,6.99,10.14,1.18
US-Pfa,-90.2723,45.9459,2022,11,7,4.68,-4.04,-4.76,4.7,8.08,0
US-Pfa,-90.2723,45.9459,2022,11,8,6.7,-2.48,-0.83,6.21,7.06,7.7
US-Pfa,-90.2723,45.9459,2022,11,9,13.81,2.21,8.49,4.95,3.75,22.88
US-Pfa,-90.2723,45.9459,2022,11,10,15.6,2.73,10.96,3.47,2.54,18.73
US-Pfa,-90.2723,45.9459,2022,11,11,1.09,-3.58,-5.16,4.83,3.51,1.43
US-Pfa,-90.2723,45.9459,2022,11,12,-1.87,-5.29,-6.34,5.31,5.82,2.57
US-Pfa,-90.2723,45.9459,2022,11,13,-1.85,-5.21,-7.5,2.83,6.31,0.88
US-Pfa,-90.2723,45.9459,2022,11,14,-2.48,-4.78,-7.17,2.95,2.77,1.87
US-Pfa,-90.2723,45.9459,2022,11,15,-0.61,-4.81,-4.4,3.12,2.73,2.32
US-Pfa,-90.2723,45.9459,2022,11,16,-0.82,-4.27,-4.42,2.27,4.05,1.67
US-Pfa,-90.2723,45.9459,2022,11,17,-4.72,-7.05,-7.92,3.89,3.56,3.85
US-Pfa,-90.2723,45.9459,2022,11,18,-6.54,-10.53,-10.8,5.15,3.98,2.02
US-Pfa,-90.2723,45.9459,2022,11,19,-10.04,-18.1,-13.61,5.83,5.23,2.3
US-Pfa,-90.2723,45.9459,2022,11,20,-4.79,-19.75,-13.25,4.39,7.71,0.05
US-Pfa,-90.2723,45.9459,2022,11,21,-2.24,-12.04,-8.3,3.63,7.45,0.01
US-Pfa,-90.2723,45.9459,2022,11,22,-0.53,-11.21,-7.41,3.67,6.3,0.12
US-Pfa,-90.2723,45.9459,2022,11,23,2.47,-8.81,-5.02,3.16,8.05,0
US-Pfa,-90.2723,45.9459,2022,11,24,1.42,-2.59,-0.25,4.02,2.15,0.26
US-Pfa,-90.2723,45.9459,2022,11,25,3.31,-5.25,-2.31,4.23,8.02,0.01
US-Pfa,-90.2723,45.9459,2022,11,26,6.24,-1.57,-1.35,5.07,7.81,0
US-Pfa,-90.2723,45.9459,2022,11,27,1.61,-4.3,-2.75,4.11,6.59,0.05
US-Pfa,-90.2723,45.9459,2022,11,28,0.83,-5.74,-3.78,4.52,4.05,0.02
US-Pfa,-90.2723,45.9459,2022,11,29,-0.11,-7.63,-3.46,4.27,0.6,13.02
US-Pfa,-90.2723,45.9459,2022,11,30,-6.87,-11.42,-10.82,8.2,3.51,0.53
US-Pfa,-90.2723,45.9459,2022,12,1,-3.86,-15.8,-11.17,4.93,6.5,0
US-Pfa,-90.2723,45.9459,2022,12,2,0.74,-6.77,-4.27,6.08,3.42,1.48
US-Pfa,-90.2723,45.9459,2022,12,3,-5.63,-16.82,-14.47,6.16,7.4,0.15
US-Pfa,-90.2723,45.9459,2022,12,4,-4.3,-19,-12.18,5.81,7.59,0
US-Pfa,-90.2723,45.9459,2022,12,5,-3.19,-14.8,-10.01,3.37,4.12,0.01
US-Pfa,-90.2723,45.9459,2022,12,6,-3.59,-16.58,-12.16,3.04,5.68,0.1
US-Pfa,-90.2723,45.9459,2022,12,7,-9.17,-16.47,-12.34,3.48,6.45,2.08
US-Pfa,-90.2723,45.9459,2022,12,8,-3.32,-17.72,-12.21,3.41,6.6,0
US-Pfa,-90.2723,45.9459,2022,12,9,-0.94,-12.78,-8.37,3.93,5.86,0.02
US-Pfa,-90.2723,45.9459,2022,12,10,-1.27,-5.58,-4.58,3.09,1.44,2.52
US-Pfa,-90.2723,45.9459,2022,12,11,-0.28,-7.8,-5.34,1.93,2.36,0.14
US-Pfa,-90.2723,45.9459,2022,12,12,-0.62,-8.34,-5.77,3.52,1.86,0.03
US-Pfa,-90.2723,45.9459,2022,12,13,-0.72,-5.92,-4.26,6.82,1.5,0.53
US-Pfa,-90.2723,45.9459,2022,12,14,-0.4,-3.42,-3.57,9.4,1.88,14.69
US-Pfa,-90.2723,45.9459,2022,12,15,0.08,-4.74,-2.91,6.15,1.33,14.13
US-Pfa,-90.2723,45.9459,2022,12,16,-5.05,-11.65,-8.61,3.92,2.39,2.02
US-Pfa,-90.2723,45.9459,2022,12,17,-4.25,-13.34,-9.37,2.71,3.33,0.6
US-Pfa,-90.2723,45.9459,2022,12,18,-9.57,-17.14,-13.54,3.86,5.67,0.17
US-Pfa,-90.2723,45.9459,2022,12,19,-10.3,-19.27,-14.48,2.66,3.26,3.91
US-Pfa,-90.2723,45.9459,2022,12,20,-11.52,-23.73,-18.53,5.54,6.92,0.19
US-Pfa,-90.2723,45.9459,2022,12,21,-16.37,-27.55,-21.47,2.32,2.66,4.63
US-Pfa,-90.2723,45.9459,2022,12,22,-16.31,-22.31,-19.81,4.6,4.57,3.44
US-Pfa,-90.2723,45.9459,2022,12,23,-14.63,-22.82,-19.25,9.29,5.41,4.78
US-Pfa,-90.2723,45.9459,2022,12,24,-14.97,-18.25,-17.59,10.59,7.12,3.04
US-Pfa,-90.2723,45.9459,2022,12,25,-16.25,-20.05,-18.31,5.17,4.5,0.71
US-Pfa,-90.2723,45.9459,2022,12,26,-10.35,-16.27,-14.15,3.4,6.16,0.05
US-Pfa,-90.2723,45.9459,2022,12,27,-9.59,-18.05,-14.42,6.2,3.13,0.17
US-Pfa,-90.2723,45.9459,2022,12,28,-0.75,-9.29,-5.2,5.18,3.31,0.29
US-Pfa,-90.2723,45.9459,2022,12,29,0.36,-0.47,-0.08,3.17,3.49,1.41
US-Pfa,-90.2723,45.9459,2022,12,30,0.3,-15.19,-8.57,3.64,1.76,0.09
US-Pfa,-90.2723,45.9459,2022,12,31,-5.32,-15.66,-10.62,2.87,3.07,0.67
US-Pfa,-90.2723,45.9459,2023,1,1,-1.16,-8.9,-4.99,3.61,2.78,0.12
US-Pfa,-90.2723,45.9459,2023,1,2,-4.52,-13.45,-9.5,1.97,3.81,0.2
US-Pfa,-90.2723,45.9459,2023,1,3,-2.55,-9.45,-6.02,4.73,1.6,8.96
US-Pfa,-90.2723,45.9459,2023,1,4,-0.51,-5.62,-2.95,5.95,1.92,6.89
US-Pfa,-90.2723,45.9459,2023,1,5,-3.62,-14.75,-7.52,3.79,2.77,1.76
US-Pfa,-90.2723,45.9459,2023,1,6,-8.59,-17.95,-15.19,2.56,6.4,0.05
US-Pfa,-90.2723,45.9459,2023,1,7,-6.59,-16.37,-12.06,2.55,6.68,0.06
US-Pfa,-90.2723,45.9459,2023,1,8,-7.92,-17.35,-13.88,4.69,7.48,0.02
US-Pfa,-90.2723,45.9459,2023,1,9,-4.33,-12.24,-8.77,3.22,6.13,0.05
US-Pfa,-90.2723,45.9459,2023,1,10,-0.45,-6.17,-4.37,3.75,2.55,0.43
US-Pfa,-90.2723,45.9459,2023,1,11,-0.86,-7.4,-5.54,2.2,3.08,1.27
US-Pfa,-90.2723,45.9459,2023,1,12,-1.58,-7.48,-5.61,4.81,2.12,0.89
US-Pfa,-90.2723,45.9459,2023,1,13,-6.07,-15.2,-10.13,2.99,3.83,0.16
US-Pfa,-90.2723,45.9459,2023,1,14,-6.12,-15.09,-10.76,5.38,6.57,0.01
US-Pfa,-90.2723,45.9459,2023,1,15,-2.21,-6.82,-5.23,7.27,6.35,0.2
US-Pfa,-90.2723,45.9459,2023,1,16,0.18,-2.44,-1.84,4.07,2.43,7.32
US-Pfa,-90.2723,45.9459,2023,1,17,0.14,-5.44,-2.11,4.36,1.92,2.06
US-Pfa,-90.2723,45.9459,2023,1,18,-1.62,-11.57,-6.67,4,3.14,0.41
US-Pfa,-90.2723,45.9459,2023,1,19,-3.32,-4.99,-5,5.89,2.5,12.66
US-Pfa,-90.2723,45.9459,2023,1,20,-5.39,-14.93,-9.61,4.05,6.65,0.21
US-Pfa,-90.2723,45.9459,2023,1,21,-6.61,-13.55,-11.55,3.3,3.27,0.05
US-Pfa,-90.2723,45.9459,2023,1,22,-6.76,-14.5,-11.74,1.94,2.5,0.06
US-Pfa,-90.2723,45.9459,2023,1,23,-7.92,-13.85,-11.31,5.02,2.21,1.22
US-Pfa,-90.2723,45.9459,2023,1,24,-3.65,-12.93,-9.28,2.83,4.99,0.15
US-Pfa,-90.2723,45.9459,2023,1,25,-2.25,-10.55,-7.51,2.98,4.44,2.23
US-Pfa,-90.2723,45.9459,2023,1,26,-8.79,-20.33,-13.82,3.86,8.08,0.21
US-Pfa,-90.2723,45.9459,2023,1,27,-6.35,-20.16,-13.71,7.96,4.86,2.61
US-Pfa,-90.2723,45.9459,2023,1,28,-13.67,-20.46,-18,3.07,7.54,0.05
US-Pfa,-90.2723,45.9459,2023,1,29,-16.33,-23.51,-19.8,3.6,10.26,0.03
US-Pfa,-90.2723,45.9459,2023,1,30,-20.87,-30.7,-25.74,4.1,10.63,0.02
US-Pfa,-90.2723,45.9459,2023,1,31,-17.09,-30.81,-23.89,4.63,10.13,0.02
US-Pfa,-90.2723,45.9459,2023,2,1,-11.74,-21.61,-17.79,3.33,9.09,0.04
US-Pfa,-90.2723,45.9459,2023,2,2,-13.04,-22.25,-18.12,7.45,11.21,0.65
US-Pfa,-90.2723,45.9459,2023,2,3,-17.66,-26.07,-22.12,4.43,9.64,0.27
US-Pfa,-90.2723,45.9459,2023,2,4,-8.29,-20.07,-14.5,5.26,8.98,0.01
US-Pfa,-90.2723,45.9459,2023,2,5,-5.74,-14.26,-11.42,3.76,8.67,0.12
US-Pfa,-90.2723,45.9459,2023,2,6,-1.76,-19.52,-9.04,7,9.82,1.8
US-Pfa,-90.2723,45.9459,2023,2,7,-0.61,-10.58,-4.96,6.07,10.23,0.24
US-Pfa,-90.2723,45.9459,2023,2,8,0.33,-9.42,-5.26,4.59,11.62,0.03
US-Pfa,-90.2723,45.9459,2023,2,9,-0.4,-8.53,-4.61,5.83,7.31,0.09
US-Pfa,-90.2723,45.9459,2023,2,10,-8.43,-15.6,-12.56,5.72,12.5,0.06
US-Pfa,-90.2723,45.9459,2023,2,11,-0.37,-12.36,-7.63,6.72,12.11,0
US-Pfa,-90.2723,45.9459,2023,2,12,0.37,-7.65,-4.43,2.94,11.75,0.08
US-Pfa,-90.2723,45.9459,2023,2,13,0.17,-8.13,-4.59,4.69,12.74,0.03
US-Pfa,-90.2723,45.9459,2023,2,14,0.72,-3.85,-1.69,7.13,4.9,13.12
US-Pfa,-90.2723,45.9459,2023,2,15,1,-13.1,-5.08,7.31,9.65,2.03
US-Pfa,-90.2723,45.9459,2023,2,16,-8.58,-15.96,-13.9,4.59,8.07,0.19
US-Pfa,-90.2723,45.9459,2023,2,17,-8.99,-19.65,-14.19,5.44,13.18,0.01
US-Pfa,-90.2723,45.9459,2023,2,18,-1.13,-9.73,-7.4,3.95,12.94,0.01
US-Pfa,-90.2723,45.9459,2023,2,19,-0.87,-14.36,-6.6,5.14,8.94,0.05
US-Pfa,-90.2723,45.9459,2023,2,20,-2.63,-15.79,-9.76,5.19,8.91,3.87
US-Pfa,-90.2723,45.9459,2023,2,21,-9.3,-13.28,-12.64,4.82,12.22,1.23
US-Pfa,-90.2723,45.9459,2023,2,22,-7.82,-12.59,-11.78,7.42,11.54,6.1
US-Pfa,-90.2723,45.9459,2023,2,23,-10.32,-17.49,-14.05,7.17,10.63,7.7
US-Pfa,-90.2723,45.9459,2023,2,24,-10.89,-20.9,-16.92,2.59,13.54,1.19
US-Pfa,-90.2723,45.9459,2023,2,25,-8.04,-16.26,-12.27,5.5,13.85,0.88
US-Pfa,-90.2723,45.9459,2023,2,26,-6.22,-20.8,-13.67,3.65,14.97,0
US-Pfa,-90.2723,45.9459,2023,2,27,-1.89,-9.55,-6.09,5.02,8.62,9.73
US-Pfa,-90.2723,45.9459,2023,2,28,-0.67,-10.08,-6.94,3.98,16.57,0.05
US-Pfa,-90.2723,45.9459,2023,3,1,-2.55,-9.02,-6.91,4.94,1.96,4.92
US-Pfa,-90.2723,45.9459,2023,3,2,-3.51,-16.35,-9.64,3.33,13.76,0.24
US-Pfa,-90.2723,45.9459,2023,3,3,-0.94,-10.39,-6.4,4.04,11.44,0.02
US-Pfa,-90.2723,45.9459,2023,3,4,0.23,-9.27,-4.23,2.6,7,0.4
US-Pfa,-90.2723,45.9459,2023,3,5,0.25,-8.83,-4.36,2.43,13.45,1.6
US-Pfa,-90.2723,45.9459,2023,3,6,-0.04,-5.01,-2.7,4.97,8.71,6.65
US-Pfa,-90.2723,45.9459,2023,3,7,0.09,-8.76,-4.89,3.09,16.19,0.1
US-Pfa,-90.2723,45.9459,2023,3,8,-0.07,-6.81,-4.79,4.03,8.06,0
US-Pfa,-90.2723,45.9459,2023,3,9,-1.46,-7.91,-5.58,4.57,9.47,2.98
US-Pfa,-90.2723,45.9459,2023,3,10,-4.17,-9.86,-7.25,5,7.48,2.91
US-Pfa,-90.2723,45.9459,2023,3,11,-3.43,-11.25,-7.54,3.8,6.45,3.49
US-Pfa,-90.2723,45.9459,2023,3,12,-0.46,-7.02,-5.46,5.66,5.38,9.23
US-Pfa,-90.2723,45.9459,2023,3,13,-6.09,-18.3,-10.81,5.57,12.12,0.45
US-Pfa,-90.2723,45.9459,2023,3,14,-3.37,-17.67,-11.29,2.95,18.68,0.02
US-Pfa,-90.2723,45.9459,2023,3,15,0.52,-11.12,-4.05,5.52,11.71,0.11
US-Pfa,-90.2723,45.9459,2023,3,16,0.52,-3.86,-0.53,4.3,4.35,8.31
US-Pfa,-90.2723,45.9459,2023,3,17,-4.71,-13.5,-11.09,7.95,9.44,3.35
US-Pfa,-90.2723,45.9459,2023,3,18,-8.48,-13.58,-11.89,6.97,15.45,1.99
US-Pfa,-90.2723,45.9459,2023,3,19,-3.4,-17.67,-11.06,5.9,20.42,0
US-Pfa,-90.2723,45.9459,2023,3,20,-2.46,-14.54,-9.32,3.92,17.57,0.04
US-Pfa,-90.2723,45.9459,2023,3,21,-3.35,-14.47,-8.77,5.58,13.58,0.69
US-Pfa,-90.2723,45.9459,2023,3,22,0.2,-5.01,-2.01,5.97,9.78,1.78
US-Pfa,-90.2723,45.9459,2023,3,23,-0.6,-9.1,-6.1,3.4,19.9,0.02
US-Pfa,-90.2723,45.9459,2023,3,24,0.37,-10.49,-5.5,2.83,20.61,0.02
US-Pfa,-90.2723,45.9459,2023,3,25,-0.02,-11.99,-5.42,4.12,18.92,0.01
US-Pfa,-90.2723,45.9459,2023,3,26,0.04,-8.64,-4.13,3.41,21.03,0.01
US-Pfa,-90.2723,45.9459,2023,3,27,-0.15,-10.75,-5.38,2.97,19.5,0.03
US-Pfa,-90.2723,45.9459,2023,3,28,-3.21,-9.65,-7.54,3.96,20.46,0.59
US-Pfa,-90.2723,45.9459,2023,3,29,-7.73,-15.77,-12.46,4.68,22.77,0.02
US-Pfa,-90.2723,45.9459,2023,3,30,0.12,-17.9,-8.1,3.46,16.61,3.72
US-Pfa,-90.2723,45.9459,2023,3,31,0.17,-2.54,-1.37,7.2,10.59,22.11
US-Pfa,-90.2723,45.9459,2023,4,1,-1.83,-13.27,-5.99,6.43,22.42,9.85
US-Pfa,-90.2723,45.9459,2023,4,2,0.56,-12.51,-3.78,6.36,11.32,0.92
US-Pfa,-90.2723,45.9459,2023,4,3,0.14,-5.03,-2.1,3.38,20.51,0.02
US-Pfa,-90.2723,45.9459,2023,4,4,0.1,-6.37,-3.47,7.41,7.77,10.32
US-Pfa,-90.2723,45.9459,2023,4,5,0.88,-5.17,-3.05,7.85,16.91,6.54
US-Pfa,-90.2723,45.9459,2023,4,6,-4.63,-12.01,-7.56,7.76,20.68,0.21
US-Pfa,-90.2723,45.9459,2023,4,7,0.03,-12.65,-6.59,2.95,21.93,0.05
US-Pfa,-90.2723,45.9459,2023,4,8,1.52,-4,-1.5,4.34,22.2,0.31
US-Pfa,-90.2723,45.9459,2023,4,9,3.61,-1.82,0.07,5.07,18,0.02
US-Pfa,-90.2723,45.9459,2023,4,10,11.74,1.72,3.25,4.35,21.74,0
US-Pfa,-90.2723,45.9459,2023,4,11,20.05,2.9,7.62,4.77,19.07,0
US-Pfa,-90.2723,45.9459,2023,4,12,23.08,8.71,12.54,5.83,22.93,0
US-Pfa,-90.2723,45.9459,2023,4,13,24.6,8.9,12.44,4.27,23.62,0.01
US-Pfa,-90.2723,45.9459,2023,4,14,22.46,6.98,11.24,5.3,22.87,0
US-Pfa,-90.2723,45.9459,2023,4,15,21.39,7.61,12.02,3.71,10.41,7.89
US-Pfa,-90.2723,45.9459,2023,4,16,6.45,-4.22,-0.56,7.92,7.22,25.88
US-Pfa,-90.2723,45.9459,2023,4,17,-3,-5.12,-5.26,8.3,8.54,12.11
US-Pfa,-90.2723,45.9459,2023,4,18,1.48,-5.45,-3.44,4.71,25.65,0.06
US-Pfa,-90.2723,45.9459,2023,4,19,1.83,-5.24,-1.72,4.87,4.88,14.71
US-Pfa,-90.2723,45.9459,2023,4,20,2.72,-1.12,0.22,7.03,3.11,12.19
US-Pfa,-90.2723,45.9459,2023,4,21,4.76,-1.71,-0.85,5.5,11.61,1.2
US-Pfa,-90.2723,45.9459,2023,4,22,1.64,-4.43,-3.18,4.44,12.43,1.56
US-Pfa,-90.2723,45.9459,2023,4,23,3.18,-4.07,-4.8,3.69,18.76,0.1
US-Pfa,-90.2723,45.9459,2023,4,24,4.34,-3.91,-3.2,2.06,16.84,0.63
US-Pfa,-90.2723,45.9459,2023,4,25,4.98,-4.61,-3.91,3.2,17.57,0.06
US-Pfa,-90.2723,45.9459,2023,4,26,9.91,-3.38,-2.2,2.33,26.8,0.44
US-Pfa,-90.2723,45.9459,2023,4,27,14.27,2.56,5.2,4.57,14.02,5.77
US-Pfa,-90.2723,45.9459,2023,4,28,15.9,5.33,6.29,3.26,13.56,3.45
US-Pfa,-90.2723,45.9459,2023,4,29,5.73,0.12,1.91,4.59,9.51,16.62
US-Pfa,-90.2723,45.9459,2023,4,30,1.24,-0.62,-0.59,8.32,13.27,13.38
US-Pfa,-90.2723,45.9459,2023,5,1,2.12,-0.48,-0.13,8.76,12.26,3.33
US-Pfa,-90.2723,45.9459,2023,5,2,4.59,-2.72,-0.98,6.98,20.72,1.07
US-Pfa,-90.2723,45.9459,2023,5,3,10.9,-3.38,0,2.45,20.79,0.01
US-Pfa,-90.2723,45.9459,2023,5,4,18.09,2.47,5.52,3.55,24.86,0.43
US-Pfa,-90.2723,45.9459,2023,5,5,16.77,4.6,7.91,4.33,12.56,2.77
US-Pfa,-90.2723,45.9459,2023,5,6,16.29,6.36,9.43,4.8,5.54,9.28
US-Pfa,-90.2723,45.9459,2023,5,7,22.05,7.37,11.42,2.15,18.14,5.21
US-Pfa,-90.2723,45.9459,2023,5,8,12.15,7.48,8.7,3.77,9.66,7.39
US-Pfa,-90.2723,45.9459,2023,5,9,19.42,9.22,11.39,1.81,20.93,2.14
US-Pfa,-90.2723,45.9459,2023,5,10,21.81,9.17,13.5,2.94,21.47,1.46
US-Pfa,-90.2723,45.9459,2023,5,11,23.21,10.6,12.58,2.94,12.58,0.09
US-Pfa,-90.2723,45.9459,2023,5,12,23.09,13.61,12.29,2.45,10.86,0.15
US-Pfa,-90.2723,45.9459,2023,5,13,20.99,8.14,9.41,4.31,12.72,0
US-Pfa,-90.2723,45.9459,2023,5,14,17.95,5.96,5.28,2.7,17.77,0
US-Pfa,-90.2723,45.9459,2023,5,15,21.27,4.65,8.09,3.56,28.98,0
US-Pfa,-90.2723,45.9459,2023,5,16,15.62,3.54,7.21,4.37,24.98,0
US-Pfa,-90.2723,45.9459,2023,5,17,15.7,1.21,3.15,3.37,21.77,0
US-Pfa,-90.2723,45.9459,2023,5,18,15.38,4.23,7.85,4.92,13.52,7.61
US-Pfa,-90.2723,45.9459,2023,5,19,10.88,4.09,6.31,4.72,12.74,2.34
US-Pfa,-90.2723,45.9459,2023,5,20,19.28,3.65,7.09,3.77,29.83,0.01
US-Pfa,-90.2723,45.9459,2023,5,21,21.97,6.5,8.8,2.02,27.07,0
US-Pfa,-90.2723,45.9459,2023,5,22,22.85,8.47,11.8,3.35,24.76,0
US-Pfa,-90.2723,45.9459,2023,5,23,23.83,10.53,12.51,3.98,26.22,0
US-Pfa,-90.2723,45.9459,2023,5,24,15.68,7.29,5.32,4.4,11.84,0.04
US-Pfa,-90.2723,45.9459,2023,5,25,18.53,3.05,4.61,3.25,29.99,0
US-Pfa,-90.2723,45.9459,2023,5,26,21,3.89,5.93,2.81,30.91,0
US-Pfa,-90.2723,45.9459,2023,5,27,22.27,6.48,7.47,3.12,31.08,0
US-Pfa,-90.2723,45.9459,2023,5,28,23.41,8.16,8.91,2.36,27.49,0
US-Pfa,-90.2723,45.9459,2023,5,29,22.09,9.83,10.1,3.1,22.16,0
US-Pfa,-90.2723,45.9459,2023,5,30,25.57,9.54,13.14,4.32,20.86,0.07
US-Pfa,-90.2723,45.9459,2023,5,31,24.86,16.25,16.28,3.23,26.74,0.05
US-Pfa,-90.2723,45.9459,2023,6,1,25.72,15.84,18.46,2.77,21.36,4.11
US-Pfa,-90.2723,45.9459,2023,6,2,27.24,15.99,18.18,1.96,18.63,3.42
US-Pfa,-90.2723,45.9459,2023,6,3,28.01,15.8,17.08,1.97,25.14,1.04
US-Pfa,-90.2723,45.9459,2023,6,4,28,15.17,16.69,1.32,27.01,0.14
US-Pfa,-90.2723,45.9459,2023,6,5,24.86,14.17,17.07,2.45,20.16,3.83
US-Pfa,-90.2723,45.9459,2023,6,6,21.34,11.22,11.51,3.22,20.96,0.01
US-Pfa,-90.2723,45.9459,2023,6,7,21.14,7.45,8.23,2.86,28.33,0
US-Pfa,-90.2723,45.9459,2023,6,8,20.66,9.12,7.15,2.14,30.01,0
US-Pfa,-90.2723,45.9459,2023,6,9,23.1,8.39,9.33,1.73,27.93,0
US-Pfa,-90.2723,45.9459,2023,6,10,16.03,6.24,9.77,4.65,17.76,2.46
US-Pfa,-90.2723,45.9459,2023,6,11,14.32,4.76,4.2,4.22,29.34,0
US-Pfa,-90.2723,45.9459,2023,6,12,12.62,4.43,7,3.05,16.46,3.91
US-Pfa,-90.2723,45.9459,2023,6,13,17.31,8.25,11.33,4.18,19.7,2.68
US-Pfa,-90.2723,45.9459,2023,6,14,21.87,9.64,12.2,3.1,19.56,0
US-Pfa,-90.2723,45.9459,2023,6,15,13.86,6.27,6.53,4.22,21.62,0
US-Pfa,-90.2723,45.9459,2023,6,16,21.97,5.01,10.75,1.86,28.4,0
US-Pfa,-90.2723,45.9459,2023,6,17,23.34,11.66,13.61,2.43,25.23,0
US-Pfa,-90.2723,45.9459,2023,6,18,22.48,12.28,13.38,3.66,17.71,0.87
US-Pfa,-90.2723,45.9459,2023,6,19,24.29,13.88,16.27,3.47,21.53,1.01
US-Pfa,-90.2723,45.9459,2023,6,20,26.36,13.74,14.58,3.04,29.52,0
US-Pfa,-90.2723,45.9459,2023,6,21,26.69,12.9,16.12,2.91,28.7,0.02
US-Pfa,-90.2723,45.9459,2023,6,22,27.67,16.24,16.61,2.14,26.37,0.01
US-Pfa,-90.2723,45.9459,2023,6,23,27.49,16.28,17.79,2.58,23.56,4.45
US-Pfa,-90.2723,45.9459,2023,6,24,27.05,17.6,18.73,2.8,17.94,3.94
US-Pfa,-90.2723,45.9459,2023,6,25,22.66,13.05,16.99,4.01,13.18,15.49
US-Pfa,-90.2723,45.9459,2023,6,26,17.72,11.24,12.33,5.77,12.33,1.61
US-Pfa,-90.2723,45.9459,2023,6,27,23.81,10.64,14.06,2.43,26.33,0.52
US-Pfa,-90.2723,45.9459,2023,6,28,24.1,16.25,16.78,4.31,14.23,5.8
US-Pfa,-90.2723,45.9459,2023,6,29,25,16.51,18.18,3.35,25.39,7.28
US-Pfa,-90.2723,45.9459,2023,6,30,25.05,14.32,16.19,3.13,26.77,0.18
US-Pfa,-90.2723,45.9459,2023,7,1,25.68,14.62,16.36,2.86,23.4,0.02
US-Pfa,-90.2723,45.9459,2023,7,2,25.88,13.23,15.86,2,27.5,0
US-Pfa,-90.2723,45.9459,2023,7,3,27.89,14.54,18.04,2.49,24.68,2.05
US-Pfa,-90.2723,45.9459,2023,7,4,26.77,17.72,19.98,2.49,18.79,6.71
US-Pfa,-90.2723,45.9459,2023,7,5,21.98,12.66,15.66,2.99,20.69,4.13
US-Pfa,-90.2723,45.9459,2023,7,6,18.93,10,9.78,2.83,24.21,0.01
US-Pfa,-90.2723,45.9459,2023,7,7,22.37,9.58,10.93,2.88,21.01,0.01
US-Pfa,-90.2723,45.9459,2023,7,8,21.05,11.51,11.86,3.02,25.21,1
US-Pfa,-90.2723,45.9459,2023,7,9,22.73,9.83,12.99,4.67,27.31,2.61
US-Pfa,-90.2723,45.9459,2023,7,10,24.99,12.86,15.46,4.23,23.42,8
US-Pfa,-90.2723,45.9459,2023,7,11,19.54,8.53,9.77,3.18,26.7,0.01
US-Pfa,-90.2723,45.9459,2023,7,12,19.82,9.1,11.21,2.24,12.24,1.36
US-Pfa,-90.2723,45.9459,2023,7,13,21.49,12.17,14.23,2.63,18.79,0.86
US-Pfa,-90.2723,45.9459,2023,7,14,25.18,13.78,15.62,3.22,21.78,0.92
US-Pfa,-90.2723,45.9459,2023,7,15,23.44,12.64,13.82,3.13,17.24,0.52
US-Pfa,-90.2723,45.9459,2023,7,16,20.42,10.32,10.83,4.03,17.92,3.8
US-Pfa,-90.2723,45.9459,2023,7,17,19.56,10.42,10.99,4.06,17.02,0.31
US-Pfa,-90.2723,45.9459,2023,7,18,21.85,11.82,13.19,2.52,20.58,0.2
US-Pfa,-90.2723,45.9459,2023,7,19,22.79,13.24,15.16,3.28,17.68,5.92
US-Pfa,-90.2723,45.9459,2023,7,20,19.41,12.89,14.28,3.98,14.67,4.31
US-Pfa,-90.2723,45.9459,2023,7,21,24.92,12.09,14.16,2.14,24.84,0.67
US-Pfa,-90.2723,45.9459,2023,7,22,24.74,13.38,14.29,2.64,18.38,1.2
US-Pfa,-90.2723,45.9459,2023,7,23,24.23,12.83,15.23,2.8,21.67,1.41
US-Pfa,-90.2723,45.9459,2023,7,24,23.94,14.8,15.99,2.03,20.8,0.99
US-Pfa,-90.2723,45.9459,2023,7,25,27.39,13.99,17.83,2.54,23.96,1.9
US-Pfa,-90.2723,45.9459,2023,7,26,23.83,17.81,19.49,2.95,22.88,7.4
US-Pfa,-90.2723,45.9459,2023,7,27,27.96,17.42,20.47,3.11,19.05,4.06
US-Pfa,-90.2723,45.9459,2023,7,28,24.79,16.11,16.1,2.18,20.63,22.31
US-Pfa,-90.2723,45.9459,2023,7,29,22.12,13.78,13.83,3.09,25.16,0.26
US-Pfa,-90.2723,45.9459,2023,7,30,21.66,11.1,11.99,3.04,23.18,0
US-Pfa,-90.2723,45.9459,2023,7,31,24.29,11.27,12.94,2.31,22.83,0
US-Pfa,-90.2723,45.9459,2023,8,1,24.32,12.71,13.72,2.45,21.03,0.02
US-Pfa,-90.2723,45.9459,2023,8,2,27.61,16.07,17.76,3.06,22.58,0.11
US-Pfa,-90.2723,45.9459,2023,8,3,28.51,16.42,18.55,3.52,24.11,0.67
US-Pfa,-90.2723,45.9459,2023,8,4,24.72,14.87,15.43,2.39,22.75,0.02
US-Pfa,-90.2723,45.9459,2023,8,5,24.71,16.02,15,2.14,19.58,0.01
US-Pfa,-90.2723,45.9459,2023,8,6,22.74,14.04,14.51,1.85,13.7,0
US-Pfa,-90.2723,45.9459,2023,8,7,24.83,14.39,15.03,2.23,20.36,0.43
US-Pfa,-90.2723,45.9459,2023,8,8,24.98,13.13,13.8,2.8,23.24,0.14
US-Pfa,-90.2723,45.9459,2023,8,9,21.88,14.65,13.73,2.92,16.65,0.83
US-Pfa,-90.2723,45.9459,2023,8,10,21.22,12.14,11.89,3.31,24.83,0.27
US-Pfa,-90.2723,45.9459,2023,8,11,22.63,13.89,15.17,2.83,18.55,8.15
US-Pfa,-90.2723,45.9459,2023,8,12,21.76,12.47,14.04,3.23,18.24,0.39
US-Pfa,-90.2723,45.9459,2023,8,13,21.15,11.22,12.43,1.74,12.59,0.36
US-Pfa,-90.2723,45.9459,2023,8,14,17.56,9.58,11.58,2.97,10.43,3.56
US-Pfa,-90.2723,45.9459,2023,8,15,23.91,8.65,12.61,3.1,25.12,0.01
US-Pfa,-90.2723,45.9459,2023,8,16,25.75,15.67,16.17,6.45,22.08,23.83
US-Pfa,-90.2723,45.9459,2023,8,17,18.59,10.29,11.75,5.42,14.02,2.06
US-Pfa,-90.2723,45.9459,2023,8,18,21.38,9.05,10.15,3.15,21.92,0.07
US-Pfa,-90.2723,45.9459,2023,8,19,26.27,13.88,16.31,4.61,21.59,0
US-Pfa,-90.2723,45.9459,2023,8,20,23.69,14.87,15.07,3.7,19.59,0
US-Pfa,-90.2723,45.9459,2023,8,21,22.14,13.6,13.91,2.38,10.02,0.61
US-Pfa,-90.2723,45.9459,2023,8,22,25.05,14.91,17.45,4.18,10.82,7.76
US-Pfa,-90.2723,45.9459,2023,8,23,29.35,17.85,20.45,2.47,14.7,0.77
US-Pfa,-90.2723,45.9459,2023,8,24,25.01,15.69,17.73,2.43,11.63,0.63
US-Pfa,-90.2723,45.9459,2023,8,25,26.3,14.49,17.1,2.38,19.33,3.19
US-Pfa,-90.2723,45.9459,2023,8,26,20.13,9.38,11.44,3.83,12.95,0.47
US-Pfa,-90.2723,45.9459,2023,8,27,21.69,7.34,10.46,1.77,20.09,0
US-Pfa,-90.2723,45.9459,2023,8,28,23.49,12.35,13.1,2.9,18.53,4.54
US-Pfa,-90.2723,45.9459,2023,8,29,18.22,8.3,11.99,4.03,18.21,2.05
US-Pfa,-90.2723,45.9459,2023,8,30,20.61,7.83,8.69,1.32,23.62,0
US-Pfa,-90.2723,45.9459,2023,8,31,23.1,9.33,9.89,4.01,23.68,0
US-Pfa,-90.2723,45.9459,2023,9,1,26.23,11.63,11.34,5.94,19.93,0
US-Pfa,-90.2723,45.9459,2023,9,2,28.52,16.54,15.6,3.74,16.12,0.35
US-Pfa,-90.2723,45.9459,2023,9,3,30.21,18.81,18.44,3.94,18.69,0.01
US-Pfa,-90.2723,45.9459,2023,9,4,31.21,18.26,16.82,4.4,21.42,0
US-Pfa,-90.2723,45.9459,2023,9,5,29.03,21.02,19.4,4.63,14.08,1.4
US-Pfa,-90.2723,45.9459,2023,9,6,20.99,10.89,15,5,7.19,20.73
US-Pfa,-90.2723,45.9459,2023,9,7,14.21,9.88,9.26,3.57,10.1,0.77
US-Pfa,-90.2723,45.9459,2023,9,8,19.42,9.76,9,1.37,20.48,0.03
US-Pfa,-90.2723,45.9459,2023,9,9,22.47,8.84,11.21,1.82,15.64,5.06
US-Pfa,-90.2723,45.9459,2023,9,10,19.26,11.38,12.63,2.93,13.2,0.73
US-Pfa,-90.2723,45.9459,2023,9,11,17.5,10.07,9.43,3.12,13.66,0.74
US-Pfa,-90.2723,45.9459,2023,9,12,14.99,6.21,7.35,2.73,7.48,0.89
US-Pfa,-90.2723,45.9459,2023,9,13,16.9,4.78,5.54,1.63,17.25,0.03
US-Pfa,-90.2723,45.9459,2023,9,14,21.89,4.79,8.37,4.05,20.1,0.02
US-Pfa,-90.2723,45.9459,2023,9,15,15.76,11.6,11.5,4.56,5.16,6.83
US-Pfa,-90.2723,45.9459,2023,9,16,19.58,8.64,9.97,2.36,14.94,0.33
US-Pfa,-90.2723,45.9459,2023,9,17,16.93,7.26,9.19,2.86,13.13,0.14
US-Pfa,-90.2723,45.9459,2023,9,18,18.1,7.39,7.2,1.74,15.71,0.02
US-Pfa,-90.2723,45.9459,2023,9,19,21.39,7.6,11.27,4.58,14.97,0.31
US-Pfa,-90.2723,45.9459,2023,9,20,24.88,12.14,14.29,3,16.41,0.07
US-Pfa,-90.2723,45.9459,2023,9,21,25.47,14.35,15.04,2.14,16.31,0.08
US-Pfa,-90.2723,45.9459,2023,9,22,24.27,13.89,13.64,3.07,7.1,1.36
US-Pfa,-90.2723,45.9459,2023,9,23,18.81,13.97,13.82,5.46,4.39,15.18
US-Pfa,-90.2723,45.9459,2023,9,24,16.98,12.07,11.14,5.66,4.07,10.91
US-Pfa,-90.2723,45.9459,2023,9,25,17.23,11.9,12.87,3.65,4.35,5.29
US-Pfa,-90.2723,45.9459,2023,9,26,20.16,12.19,13.16,4.02,5.75,0.78
US-Pfa,-90.2723,45.9459,2023,9,27,19.77,12.34,12.17,3.69,5.81,0.31
US-Pfa,-90.2723,45.9459,2023,9,28,20.16,11.31,12.29,3.17,6.83,0.07
US-Pfa,-90.2723,45.9459,2023,9,29,21.02,10.78,13.53,5.06,4.83,0.17
US-Pfa,-90.2723,45.9459,2023,9,30,23.5,14.94,17.37,3.21,9.08,17.53
US-Pfa,-90.2723,45.9459,2023,10,1,26.99,16.52,18.2,3.34,16.03,0.16
US-Pfa,-90.2723,45.9459,2023,10,2,25.07,14.91,14.55,4.2,15.51,0
US-Pfa,-90.2723,45.9459,2023,10,3,25.62,13.73,14.03,5.28,13.13,0.02
US-Pfa,-90.2723,45.9459,2023,10,4,21.61,9.99,12.29,6.35,8.65,0.12
US-Pfa,-90.2723,45.9459,2023,10,5,17.04,7.69,7.03,5.5,12.59,1
US-Pfa,-90.2723,45.9459,2023,10,6,8.35,4.87,5.02,5.82,7.54,9.53
US-Pfa,-90.2723,45.9459,2023,10,7,10,2.16,1.29,3.69,9.98,0.18
US-Pfa,-90.2723,45.9459,2023,10,8,8.66,1.88,2.53,3.09,9.27,1.08
US-Pfa,-90.2723,45.9459,2023,10,9,6.92,0.22,-0.38,4.94,14.16,0.37
US-Pfa,-90.2723,45.9459,2023,10,10,7.63,2.94,3.64,3.16,7.85,1.06
US-Pfa,-90.2723,45.9459,2023,10,11,11.64,2.73,4.21,2.22,9.14,0.17
US-Pfa,-90.2723,45.9459,2023,10,12,12.38,3.43,3.42,3.65,10.65,0.16
US-Pfa,-90.2723,45.9459,2023,10,13,9.25,4.02,5.12,5.52,2.08,7.27
US-Pfa,-90.2723,45.9459,2023,10,14,11.02,5.08,5.25,5.06,8.89,1.22
US-Pfa,-90.2723,45.9459,2023,10,15,12.4,3.49,4.59,4.77,11.91,0.12
US-Pfa,-90.2723,45.9459,2023,10,16,12.46,2.78,3.73,2.77,8.95,0.04
US-Pfa,-90.2723,45.9459,2023,10,17,13.99,2.29,3.65,2.26,13.15,0.03
US-Pfa,-90.2723,45.9459,2023,10,18,15.59,5.67,6.7,3.86,5.31,4.09
US-Pfa,-90.2723,45.9459,2023,10,19,12.08,6.71,7.87,3.56,3.18,7.08
US-Pfa,-90.2723,45.9459,2023,10,20,10.93,4.14,3.36,3.81,11.51,0.57
US-Pfa,-90.2723,45.9459,2023,10,21,8.4,1.85,3.73,2.51,3.6,9.76
US-Pfa,-90.2723,45.9459,2023,10,22,9.92,2.19,3.33,1.88,11.59,0.18
US-Pfa,-90.2723,45.9459,2023,10,23,12.74,3.59,5.39,4.61,5.82,0.29
US-Pfa,-90.2723,45.9459,2023,10,24,15.68,7.82,9.83,1.99,3.06,15.66
US-Pfa,-90.2723,45.9459,2023,10,25,12.59,7.27,7.88,2.84,4.82,6.81
US-Pfa,-90.2723,45.9459,2023,10,26,11.02,5.9,7.81,3.6,3.76,19.18
US-Pfa,-90.2723,45.9459,2023,10,27,9.24,-0.01,3.37,4.98,4.68,1.8
US-Pfa,-90.2723,45.9459,2023,10,28,1.67,-3.65,-5.06,3.3,8.18,0.06
US-Pfa,-90.2723,45.9459,2023,10,29,0.68,-3.94,-6.93,2.77,10.08,0.24
US-Pfa,-90.2723,45.9459,2023,10,30,-0.47,-6.27,-8.1,4.11,8.3,1.47
US-Pfa,-90.2723,45.9459,2023,10,31,-0.27,-5.76,-6.02,4.36,6.51,3.85
US-Pfa,-90.2723,45.9459,2023,11,1,0.07,-6.55,-7.14,3.87,6.97,0.01
US-Pfa,-90.2723,45.9459,2023,11,2,4.09,-6.84,-4.31,2.53,8.35,0
US-Pfa,-90.2723,45.9459,2023,11,3,5.68,-3.32,-0.96,3.42,9.88,0
US-Pfa,-90.2723,45.9459,2023,11,4,5.19,-3.53,-2.36,2.16,9.53,0.02
US-Pfa,-90.2723,45.9459,2023,11,5,4.19,-1.48,0.91,3.49,5.15,4.47
US-Pfa,-90.2723,45.9459,2023,11,6,6.48,0.19,3.88,5.76,2.34,3.95
US-Pfa,-90.2723,45.9459,2023,11,7,5.4,-2.38,-1.55,3.66,6.9,1.7
US-Pfa,-90.2723,45.9459,2023,11,8,3.68,-0.18,0.61,4.54,2.45,4.15
US-Pfa,-90.2723,45.9459,2023,11,9,3.5,-2.19,-2.7,6.16,8.06,0.19
US-Pfa,-90.2723,45.9459,2023,11,10,2.96,-2.46,-1.82,3.07,4.27,0.44
US-Pfa,-90.2723,45.9459,2023,11,11,4.5,-2.25,-1.31,2.84,4.11,5.51
US-Pfa,-90.2723,45.9459,2023,11,12,7.19,-0.66,0.79,5.71,8.21,0.59
US-Pfa,-90.2723,45.9459,2023,11,13,7.84,-1.26,-0.35,4.1,9.86,0
US-Pfa,-90.2723,45.9459,2023,11,14,9.15,-0.22,0.22,6.35,5.65,0
US-Pfa,-90.2723,45.9459,2023,11,15,10.65,-0.41,-1.12,3.44,9.47,0
US-Pfa,-90.2723,45.9459,2023,11,16,15.48,0.66,3.6,8.24,5.1,0.81
US-Pfa,-90.2723,45.9459,2023,11,17,3.59,-5.35,-6.05,3.94,8.67,0
US-Pfa,-90.2723,45.9459,2023,11,18,8.26,-2.92,-2.02,4.02,8.84,0
US-Pfa,-90.2723,45.9459,2023,11,19,6.21,-2.59,-2.53,2.24,8.75,0.01
US-Pfa,-90.2723,45.9459,2023,11,20,3.15,-2,-2.27,3.37,4.56,0
US-Pfa,-90.2723,45.9459,2023,11,21,5.42,-4.74,-1.89,3.18,3.51,0.2
US-Pfa,-90.2723,45.9459,2023,11,22,2.99,-4.94,-6.73,3.39,5.04,0
US-Pfa,-90.2723,45.9459,2023,11,23,-1.63,-8.2,-11.2,5.85,8.72,0.01
US-Pfa,-90.2723,45.9459,2023,11,24,-2.38,-12.12,-12.42,3.77,8.61,0.08
US-Pfa,-90.2723,45.9459,2023,11,25,-3.35,-9.46,-9.66,3.97,4.63,0.5
US-Pfa,-90.2723,45.9459,2023,11,26,-2.72,-8.26,-7.58,5.33,2.36,1.47
US-Pfa,-90.2723,45.9459,2023,11,27,-8.63,-11.06,-15.03,6.98,3.77,0.76
US-Pfa,-90.2723,45.9459,2023,11,28,-7.41,-13.61,-14,5.4,5.61,0.22
US-Pfa,-90.2723,45.9459,2023,11,29,3.39,-8.02,-4.29,4.49,7.62,0.02
US-Pfa,-90.2723,45.9459,2023,11,30,2.01,-7.48,-4.49,3.73,7.39,0.02
US-Pfa,-90.2723,45.9459,2023,12,1,-0.41,-9.64,-7.7,1.83,6.62,0
US-Pfa,-90.2723,45.9459,2023,12,2,0.88,-8.05,-6.84,2.82,5.94,0.01
US-Pfa,-90.2723,45.9459,2023,12,3,0.06,-5.55,-4.76,2.23,2.89,0.8
US-Pfa,-90.2723,45.9459,2023,12,4,1.19,-8.3,-4.64,1.95,2.3,0.49
US-Pfa,-90.2723,45.9459,2023,12,5,1.17,-6.25,-3.86,2.78,1.86,0.5
US-Pfa,-90.2723,45.9459,2023,12,6,0.58,-5.97,-4.47,4.52,2.5,0.08
US-Pfa,-90.2723,45.9459,2023,12,7,6.16,-3.69,-0.41,3.51,6.45,0
US-Pfa,-90.2723,45.9459,2023,12,8,2.61,0.54,1.46,4.97,2.87,0.12
US-Pfa,-90.2723,45.9459,2023,12,9,2.69,-2.83,-0.71,3.83,1.77,3.88
US-Pfa,-90.2723,45.9459,2023,12,10,-2.99,-7.44,-8.13,4.67,2.35,0.63
US-Pfa,-90.2723,45.9459,2023,12,11,-4.45,-8.99,-8.94,4.68,2.06,0.1
US-Pfa,-90.2723,45.9459,2023,12,12,-4.73,-11.11,-11.46,5.78,6.74,0.03
US-Pfa,-90.2723,45.9459,2023,12,13,-0.54,-11.53,-9.69,3.18,5.77,0
US-Pfa,-90.2723,45.9459,2023,12,14,4.41,-5.86,-4.07,5.18,6.41,0
US-Pfa,-90.2723,45.9459,2023,12,15,2.85,-1.28,0.48,2.62,2.08,6.77
US-Pfa,-90.2723,45.9459,2023,12,16,3.47,0.4,0.96,4.49,3.72,3.31
US-Pfa,-90.2723,45.9459,2023,12,17,1.93,-3.12,-1.84,4.7,1.65,1.28
US-Pfa,-90.2723,45.9459,2023,12,18,-3.72,-13.14,-11.66,7.41,5.02,1.46
US-Pfa,-90.2723,45.9459,2023,12,19,-1.97,-14.71,-11.46,4.72,5.97,0
US-Pfa,-90.2723,45.9459,2023,12,20,0.71,-7.56,-6.11,3.31,4.52,0
US-Pfa,-90.2723,45.9459,2023,12,21,2.07,-7.22,-4.2,4.36,4.68,0.01
US-Pfa,-90.2723,45.9459,2023,12,22,2.51,-1.76,-0.07,2.75,1.97,0.76
US-Pfa,-90.2723,45.9459,2023,12,23,4.96,0.76,2,3.64,1.77,0.14
US-Pfa,-90.2723,45.9459,2023,12,24,4.69,1.68,3.19,6.18,2.08,1.64
US-Pfa,-90.2723,45.9459,2023,12,25,7.72,3.32,5.4,4.59,2.28,7.72
US-Pfa,-90.2723,45.9459,2023,12,26,5.22,-2.47,1.81,4.16,2.41,4.96
US-Pfa,-90.2723,45.9459,2023,12,27,1.92,-4.71,-5.06,2.15,5.28,0
US-Pfa,-90.2723,45.9459,2023,12,28,3.63,-2.27,-1.55,4.93,3,0.03
US-Pfa,-90.2723,45.9459,2023,12,29,4.03,-2.36,-3.26,3.08,6.89,0.01
US-Pfa,-90.2723,45.9459,2023,12,30,1.39,-4.95,-3.6,2.82,1.71,0.69
US-Pfa,-90.2723,45.9459,2023,12,31,-2.73,-7.67,-7.59,5.22,3.55,0.47
US-Pfa,-90.2723,45.9459,2024,1,1,-2.9,-9.72,-9.84,4.27,3.77,0.01
US-Pfa,-90.2723,45.9459,2024,1,2,-0.07,-8.88,-6.16,4.74,2.14,0.45
US-Pfa,-90.2723,45.9459,2024,1,3,-3.97,-11.44,-8.74,4.15,3.59,0.91
US-Pfa,-90.2723,45.9459,2024,1,4,-6.24,-13.54,-12.61,2.46,3.59,0.11
US-Pfa,-90.2723,45.9459,2024,1,5,-2.4,-13.56,-8.71,2.97,2.72,2.13
US-Pfa,-90.2723,45.9459,2024,1,6,-2.22,-6.15,-5.24,2.71,1.78,3.79
US-Pfa,-90.2723,45.9459,2024,1,7,-2.47,-11.2,-7.59,3.22,1.92,0.25
US-Pfa,-90.2723,45.9459,2024,1,8,-2.26,-10.27,-7.56,2.93,2.58,0.18
US-Pfa,-90.2723,45.9459,2024,1,9,-1.2,-4.62,-4,4.87,2.42,1.01
US-Pfa,-90.2723,45.9459,2024,1,10,-3.02,-6.84,-6.57,2.77,2.32,0.84
US-Pfa,-90.2723,45.9459,2024,1,11,-2.95,-13.28,-8.84,3.24,2.8,0.34
US-Pfa,-90.2723,45.9459,2024,1,12,-4.38,-13.93,-10.28,5.86,2.01,4.56
US-Pfa,-90.2723,45.9459,2024,1,13,-7.18,-15.48,-13,8.4,2.98,2.27
US-Pfa,-90.2723,45.9459,2024,1,14,-15.74,-19.48,-18.83,6.84,5.13,0.46
US-Pfa,-90.2723,45.9459,2024,1,15,-17.62,-22.33,-21.55,6.43,7.72,0.03
US-Pfa,-90.2723,45.9459,2024,1,16,-17.31,-21.91,-21.55,6.24,5.38,0.17
US-Pfa,-90.2723,45.9459,2024,1,17,-15.15,-20.21,-19.08,4.55,7.33,0.21
US-Pfa,-90.2723,45.9459,2024,1,18,-13.98,-20.99,-18.31,4.02,6.78,0.45
US-Pfa,-90.2723,45.9459,2024,1,19,-12.9,-15.86,-15.65,4.69,7.75,1.23
US-Pfa,-90.2723,45.9459,2024,1,20,-11.54,-21.98,-17.29,3.99,9.02,0.09
US-Pfa,-90.2723,45.9459,2024,1,21,-9.75,-22.09,-15.55,7.86,6.25,0
US-Pfa,-90.2723,45.9459,2024,1,22,-3.93,-12.86,-10.19,3.8,3.44,0.06
US-Pfa,-90.2723,45.9459,2024,1,23,-1.7,-11.68,-8.18,3.16,3.66,0.02
US-Pfa,-90.2723,45.9459,2024,1,24,0.16,-6.27,-3.34,3.1,2.38,0.19
US-Pfa,-90.2723,45.9459,2024,1,25,1,-3.27,-1.26,1.9,1.67,0.4
US-Pfa,-90.2723,45.9459,2024,1,26,1.71,-2.46,-0.55,2.05,2.76,0.16
US-Pfa,-90.2723,45.9459,2024,1,27,1.79,-3.97,-1.96,2.96,2.5,0.19
US-Pfa,-90.2723,45.9459,2024,1,28,1.34,-4.87,-3.66,2.88,4.12,0.13
US-Pfa,-90.2723,45.9459,2024,1,29,2.83,-5.15,-2.4,4.84,4.4,0.19
US-Pfa,-90.2723,45.9459,2024,1,30,1.55,-3.14,-2.15,4.3,2.77,0.09
US-Pfa,-90.2723,45.9459,2024,1,31,2.92,-3.23,-0.97,5.58,6.9,0.04
US-Pfa,-90.2723,45.9459,2024,2,1,2,-6.46,-3.26,4.76,6.9,0.05
US-Pfa,-90.2723,45.9459,2024,2,2,2.67,-8.95,-6.6,3.05,9.9,0
US-Pfa,-90.2723,45.9459,2024,2,3,2.97,-7.01,-4.88,2.57,9.2,0.02
US-Pfa,-90.2723,45.9459,2024,2,4,5.11,-6.93,-3.11,1.98,10.37,0
US-Pfa,-90.2723,45.9459,2024,2,5,6.8,-4.67,-1.32,1.65,8.88,0.01
US-Pfa,-90.2723,45.9459,2024,2,6,6.17,-1.81,-0.16,4.87,6.09,0.01
US-Pfa,-90.2723,45.9459,2024,2,7,4.12,-0.81,-0.44,5.32,4.35,0.08
US-Pfa,-90.2723,45.9459,2024,2,8,6.27,0.09,2.08,8.08,8.08,2.09
US-Pfa,-90.2723,45.9459,2024,2,9,0.3,-5.2,-4.66,8.15,4.4,0.83
US-Pfa,-90.2723,45.9459,2024,2,10,-2.41,-6.1,-8.54,7.05,6.4,0.16
US-Pfa,-90.2723,45.9459,2024,2,11,-0.12,-8.29,-8.1,4.09,11.13,0.04
US-Pfa,-90.2723,45.9459,2024,2,12,0.68,-6.66,-5.8,4.91,8.36,0.36
US-Pfa,-90.2723,45.9459,2024,2,13,-2.08,-7.81,-8.51,2.98,6.11,0.38
US-Pfa,-90.2723,45.9459,2024,2,14,3.17,-8.63,-5.33,4.12,9.62,4.11
US-Pfa,-90.2723,45.9459,2024,2,15,-3.13,-10.68,-9.34,6.43,8.81,1.14
US-Pfa,-90.2723,45.9459,2024,2,16,-10.82,-14.33,-15.52,5.66,8.21,0.07
US-Pfa,-90.2723,45.9459,2024,2,17,-6.59,-18.55,-13.91,6.64,9.15,0.02
US-Pfa,-90.2723,45.9459,2024,2,18,-2.29,-11.23,-9.86,5.44,12.95,0.02
US-Pfa,-90.2723,45.9459,2024,2,19,1.83,-9.4,-9.24,1.68,10.61,0
US-Pfa,-90.2723,45.9459,2024,2,20,6.35,-6.38,-2.96,4.67,11.93,0.01
US-Pfa,-90.2723,45.9459,2024,2,21,7.27,-4.07,-2.82,2.68,11.01,0.01
US-Pfa,-90.2723,45.9459,2024,2,22,8.53,-1.71,-1.94,3.61,13.44,0
US-Pfa,-90.2723,45.9459,2024,2,23,-2.02,-14.24,-11.6,5.38,10.02,0.11
US-Pfa,-90.2723,45.9459,2024,2,24,-0.54,-15.54,-12.88,5.98,14.09,0
US-Pfa,-90.2723,45.9459,2024,2,25,5.49,-4.59,-4.15,5.49,13.77,0.02
US-Pfa,-90.2723,45.9459,2024,2,26,8.89,-5.86,-2.5,5.92,13.86,0
US-Pfa,-90.2723,45.9459,2024,2,27,12.91,-9.34,-0.8,5.26,13.65,1.96
US-Pfa,-90.2723,45.9459,2024,2,28,-10.11,-14.52,-17.54,9.49,15.41,0.26
US-Pfa,-90.2723,45.9459,2024,2,29,-0.4,-16.51,-12.41,4.25,14.17,0
US-Pfa,-90.2723,45.9459,2024,3,1,8.83,-4.81,-2.68,7.71,15.19,0
US-Pfa,-90.2723,45.9459,2024,3,2,11.34,-1.03,1.57,4.76,12.7,0.01
US-Pfa,-90.2723,45.9459,2024,3,3,13.84,0.65,3.79,8.51,7.38,2.58
US-Pfa,-90.2723,45.9459,2024,3,4,3.54,-4.13,-2.89,3.65,3.29,5.14
US-Pfa,-90.2723,45.9459,2024,3,5,5.53,-5.15,-6.08,3.59,16.49,0
US-Pfa,-90.2723,45.9459,2024,3,6,8.27,-4.07,-5.26,4.56,16.39,0
US-Pfa,-90.2723,45.9459,2024,3,7,8.73,-1.84,-3.47,4.91,12.78,0
US-Pfa,-90.2723,45.9459,2024,3,8,2.67,-4.7,-4.97,4.11,13.78,0.01
US-Pfa,-90.2723,45.9459,2024,3,9,-0.4,-4.72,-6.76,6.73,17.99,0.02
US-Pfa,-90.2723,45.9459,2024,3,10,4.7,-4.95,-7.27,3.75,18.18,0
US-Pfa,-90.2723,45.9459,2024,3,11,12.67,-1.92,-2.96,3.73,15.86,0
US-Pfa,-90.2723,45.9459,2024,3,12,13.93,0.79,1.62,4.76,17.09,0
US-Pfa,-90.2723,45.9459,2024,3,13,14.11,-0.48,-0.46,2.93,12.83,0
US-Pfa,-90.2723,45.9459,2024,3,14,9.33,-3.8,-1.49,4.83,15.8,0
US-Pfa,-90.2723,45.9459,2024,3,15,8.2,-4.18,-2.27,4.28,15.66,0.16
US-Pfa,-90.2723,45.9459,2024,3,16,4.1,-4.15,-3.63,8.01,8.47,0.89
US-Pfa,-90.2723,45.9459,2024,3,17,-4.18,-6.68,-9.96,8.17,11.29,1.21
US-Pfa,-90.2723,45.9459,2024,3,18,0.62,-7.54,-9.33,6.05,17.51,0.19
US-Pfa,-90.2723,45.9459,2024,3,19,4.15,-5.66,-7.18,8.08,14.3,0.3
US-Pfa,-90.2723,45.9459,2024,3,20,-6.43,-10.1,-14.73,6.68,20.49,0.17
US-Pfa,-90.2723,45.9459,2024,3,21,0.48,-9.21,-11.66,2.1,17.25,0.42
US-Pfa,-90.2723,45.9459,2024,3,22,-1.4,-9.11,-9.05,3,10.2,1.17
US-Pfa,-90.2723,45.9459,2024,3,23,-0.98,-11.37,-12.71,3.03,21.02,0.01
US-Pfa,-90.2723,45.9459,2024,3,24,-0.78,-6.38,-6.1,5.41,4.25,13.14
US-Pfa,-90.2723,45.9459,2024,3,25,0.92,-2.87,-1.29,5.06,3.54,17.01
US-Pfa,-90.2723,45.9459,2024,3,26,1.87,-9.06,-2.53,4.6,5.64,17.64
US-Pfa,-90.2723,45.9459,2024,3,27,-5.7,-12.04,-9.97,6.79,14.97,0.73
US-Pfa,-90.2723,45.9459,2024,3,28,-1.58,-12.45,-7.67,5.31,21.84,0.04
US-Pfa,-90.2723,45.9459,2024,3,29,3.14,-9.54,-4.85,2.51,17.97,0.04
US-Pfa,-90.2723,45.9459,2024,3,30,2.38,-3.66,-1.97,3.34,14.38,3.1
US-Pfa,-90.2723,45.9459,2024,3,31,4.93,-5.23,-2.32,2.89,13.34,0.03
US-Pfa,-90.2723,45.9459,2024,4,1,6.13,-4.14,-3.08,2.94,7.38,0.01
US-Pfa,-90.2723,45.9459,2024,4,2,3.45,-2.17,-2.46,6.03,5.16,7.31
US-Pfa,-90.2723,45.9459,2024,4,3,1.56,-1.45,-2.29,11.05,9.01,3.94
US-Pfa,-90.2723,45.9459,2024,4,4,3.15,-3.45,-1.85,6.26,12.33,0.92
US-Pfa,-90.2723,45.9459,2024,4,5,7.58,-3.55,-2.11,3,23.55,0.01
US-Pfa,-90.2723,45.9459,2024,4,6,11.22,-3.29,-2.74,3.28,23.83,0
US-Pfa,-90.2723,45.9459,2024,4,7,11.34,-1.94,-0.39,7.04,6.84,0.77
US-Pfa,-90.2723,45.9459,2024,4,8,10.11,2.69,4.07,5.96,7.34,2.37
US-Pfa,-90.2723,45.9459,2024,4,9,11.03,2.48,3.25,4.2,13.27,2.19
US-Pfa,-90.2723,45.9459,2024,4,10,17.46,1.17,4.66,3.83,19.57,0.03
US-Pfa,-90.2723,45.9459,2024,4,11,15.43,3.56,4.17,3.54,17.81,0.29
US-Pfa,-90.2723,45.9459,2024,4,12,9.41,0.35,1.88,6.24,18.73,0.24
US-Pfa,-90.2723,45.9459,2024,4,13,17.13,-2.11,2.64,3.09,23.49,2.88
US-Pfa,-90.2723,45.9459,2024,4,14,17.32,3.59,3.74,4.36,24.81,0.06
US-Pfa,-90.2723,45.9459,2024,4,15,14.91,0.88,0.18,3.81,23.56,0
US-Pfa,-90.2723,45.9459,2024,4,16,12.98,1.94,-0.22,7.82,8.97,16.17
US-Pfa,-90.2723,45.9459,2024,4,17,9.34,2.64,4.05,6.33,5.09,13.81
US-Pfa,-90.2723,45.9459,2024,4,18,10.45,0.42,0.37,5.14,15.81,0.02
US-Pfa,-90.2723,45.9459,2024,4,19,3.97,-2.17,-5.97,6.61,10.73,0.12
US-Pfa,-90.2723,45.9459,2024,4,20,5.21,-3.23,-4.76,5.3,13.31,0.05
US-Pfa,-90.2723,45.9459,2024,4,21,11.75,-3.18,-2.37,4.63,24.02,0
US-Pfa,-90.2723,45.9459,2024,4,22,15.46,-0.77,1.06,5.74,18.19,1.89
US-Pfa,-90.2723,45.9459,2024,4,23,13.26,-4.7,1.1,4.92,17.66,0.84
US-Pfa,-90.2723,45.9459,2024,4,24,10.34,-5.44,-5.64,2.11,27.03,0
US-Pfa,-90.2723,45.9459,2024,4,25,15.34,-2.45,-0.67,3.81,26.66,0
US-Pfa,-90.2723,45.9459,2024,4,26,12.5,0.02,0.51,7.93,11.24,2.06
US-Pfa,-90.2723,45.9459,2024,4,27,17.83,4.89,9.51,6.53,5.54,4.58
US-Pfa,-90.2723,45.9459,2024,4,28,10.49,1.84,2,6.06,5.5,13.55
US-Pfa,-90.2723,45.9459,2024,4,29,13.55,2.59,6.32,4.6,7.18,3.54
US-Pfa,-90.2723,45.9459,2024,4,30,15.75,2.27,4.45,3.27,18.14,1.87
US-Pfa,-90.2723,45.9459,2024,5,1,12.48,3.39,6.68,6.39,14.98,6.69
US-Pfa,-90.2723,45.9459,2024,5,2,7.83,3.3,5.1,2.78,4.72,13.3
US-Pfa,-90.2723,45.9459,2024,5,3,18.11,5.11,5.7,4.61,27.1,0.05
US-Pfa,-90.2723,45.9459,2024,5,4,11.42,3.88,5.47,3.16,9.13,8.09
US-Pfa,-90.2723,45.9459,2024,5,5,17.16,3.45,4.94,2.94,26.31,0.05
US-Pfa,-90.2723,45.9459,2024,5,6,20.05,3.85,7.04,3.73,26.01,0
US-Pfa,-90.2723,45.9459,2024,5,7,17.07,7.57,7.37,5.49,8.72,9.16
US-Pfa,-90.2723,45.9459,2024,5,8,18.22,6.55,8.42,2.91,25.63,0.69
US-Pfa,-90.2723,45.9459,2024,5,9,15.22,1.93,3.73,4.43,20.36,0.18
US-Pfa,-90.2723,45.9459,2024,5,10,17.1,1.77,4.35,3.06,19.74,2.52
US-Pfa,-90.2723,45.9459,2024,5,11,16.18,5.72,4,4.25,25.56,0.1
US-Pfa,-90.2723,45.9459,2024,5,12,24.16,7.24,8.93,5.51,24.67,1.71
US-Pfa,-90.2723,45.9459,2024,5,13,17.96,3.78,4.68,3.32,27.12,0.01
US-Pfa,-90.2723,45.9459,2024,5,14,18.18,1.76,4.39,2.88,28.34,0
US-Pfa,-90.2723,45.9459,2024,5,15,20.55,3.28,5.55,2.16,23.59,0.04
US-Pfa,-90.2723,45.9459,2024,5,16,17.28,8.2,9.23,4.8,9.3,15.81
US-Pfa,-90.2723,45.9459,2024,5,17,21.96,7.31,11.53,3.56,22.13,0.91
US-Pfa,-90.2723,45.9459,2024,5,18,25.37,10.8,14.37,5.88,19.87,3.99
US-Pfa,-90.2723,45.9459,2024,5,19,20.33,6.48,6.8,3.01,18.67,0.04
US-Pfa,-90.2723,45.9459,2024,5,20,19.78,11.72,11.9,2.4,11.82,6.32
US-Pfa,-90.2723,45.9459,2024,5,21,20.31,12.22,15.07,5.43,7.86,29.89
US-Pfa,-90.2723,45.9459,2024,5,22,17.05,8.78,10,8.07,13.39,2.12
US-Pfa,-90.2723,45.9459,2024,5,23,20.88,6.5,9.03,3.01,26.07,0.01
US-Pfa,-90.2723,45.9459,2024,5,24,19.01,8.07,9.86,6.26,12.92,9.31
US-Pfa,-90.2723,45.9459,2024,5,25,19.66,4.48,8.02,5.72,25.99,0.23
US-Pfa,-90.2723,45.9459,2024,5,26,18.36,10.08,10.11,3.54,9.42,1.68
US-Pfa,-90.2723,45.9459,2024,5,27,16.77,8.97,9.72,3.88,15.54,0.76
US-Pfa,-90.2723,45.9459,2024,5,28,16.41,7.38,7.91,3.74,14.35,0.54
US-Pfa,-90.2723,45.9459,2024,5,29,18.95,6.12,6.24,2.29,26.49,0.01
US-Pfa,-90.2723,45.9459,2024,5,30,20.54,6.01,8.59,3.98,26.69,0
US-Pfa,-90.2723,45.9459,2024,5,31,21.06,9.25,12,4.56,13.43,6.56
US-Pfa,-90.2723,45.9459,2024,6,1,18.78,11.14,13.72,3.13,14.8,6.76
US-Pfa,-90.2723,45.9459,2024,6,2,23.59,8.47,11.14,2.28,24.65,0.51
US-Pfa,-90.2723,45.9459,2024,6,3,22.34,14.71,16.88,4.63,15.12,22.56
US-Pfa,-90.2723,45.9459,2024,6,4,25.36,15.36,19,4.09,20.63,8.04
US-Pfa,-90.2723,45.9459,2024,6,5,22.04,13.03,13.57,4.81,25.41,17.97
US-Pfa,-90.2723,45.9459,2024,6,6,16.31,10.49,9.85,6.08,15.02,4.14
US-Pfa,-90.2723,45.9459,2024,6,7,19.02,8.94,9.08,5.52,28.04,0.25
US-Pfa,-90.2723,45.9459,2024,6,8,18.69,10.49,9.83,4.83,24.19,1.13
US-Pfa,-90.2723,45.9459,2024,6,9,15.03,6.29,8.07,5.3,16.75,0.08
US-Pfa,-90.2723,45.9459,2024,6,10,18.07,4.36,5.04,3.07,31.77,0
US-Pfa,-90.2723,45.9459,2024,6,11,16.6,6.53,9.94,4.44,13.48,1.41
US-Pfa,-90.2723,45.9459,2024,6,12,23.23,10.15,14.96,5.62,16.98,6.32
US-Pfa,-90.2723,45.9459,2024,6,13,23.39,12.78,14.54,4.88,25.53,2.03
US-Pfa,-90.2723,45.9459,2024,6,14,22.47,9.97,11.65,1.58,27.51,0.14
US-Pfa,-90.2723,45.9459,2024,6,15,22.58,12.42,12.72,5.19,15.32,10.13
US-Pfa,-90.2723,45.9459,2024,6,16,25.41,15.05,19.34,6.15,12.45,16.73
US-Pfa,-90.2723,45.9459,2024,6,17,22.74,15.47,15.8,2.71,10.65,25.1
US-Pfa,-90.2723,45.9459,2024,6,18,26.39,16.68,21.9,6.78,16.02,8.23
US-Pfa,-90.2723,45.9459,2024,6,19,22.8,12.79,14.19,4.34,18.91,1.68
US-Pfa,-90.2723,45.9459,2024,6,20,21.42,10.4,11.76,2.5,10.13,0.21
US-Pfa,-90.2723,45.9459,2024,6,21,19.58,14.29,15.48,2.14,8.16,5.08
US-Pfa,-90.2723,45.9459,2024,6,22,20.87,14.74,16.31,3.85,12.4,20.94
US-Pfa,-90.2723,45.9459,2024,6,23,21.7,11.72,13.41,2.99,24.91,1.02
US-Pfa,-90.2723,45.9459,2024,6,24,24.27,13.24,15.83,4.3,23.23,0.91
US-Pfa,-90.2723,45.9459,2024,6,25,24.05,15.01,15.98,4.59,28.81,2.21
US-Pfa,-90.2723,45.9459,2024,6,26,17.84,10.4,10.85,3.98,26.77,0.21
US-Pfa,-90.2723,45.9459,2024,6,27,21.33,8.84,11.93,2.39,20.82,0.04
US-Pfa,-90.2723,45.9459,2024,6,28,20.56,12.82,15.44,4.88,5.85,12.1
US-Pfa,-90.2723,45.9459,2024,6,29,22.19,8.43,13.29,4.8,22.09,2.14
US-Pfa,-90.2723,45.9459,2024,6,30,19.06,7.65,7.59,2.73,31.58,0
US-Pfa,-90.2723,45.9459,2024,7,1,20.21,8.29,9.68,4.68,26.57,0.06
US-Pfa,-90.2723,45.9459,2024,7,2,20.08,12.37,14.57,5.67,5.81,7.39
US-Pfa,-90.2723,45.9459,2024,7,3,24.75,14.39,15.8,4.68,28.11,0.45
US-Pfa,-90.2723,45.9459,2024,7,4,21.24,12.94,14.35,2.38,14.01,9.79
US-Pfa,-90.2723,45.9459,2024,7,5,21.77,12.62,14.23,3.31,19.43,6.87
US-Pfa,-90.2723,45.9459,2024,7,6,23.77,12.28,15.24,2.23,27.3,2.55
US-Pfa,-90.2723,45.9459,2024,7,7,22.61,14.53,16.77,3.8,19.49,9.41
US-Pfa,-90.2723,45.9459,2024,7,8,22.52,15.16,16.78,2.6,17.26,4.81
US-Pfa,-90.2723,45.9459,2024,7,9,25.99,14.47,16.31,2.24,24.61,0.02
US-Pfa,-90.2723,45.9459,2024,7,10,25.1,14.34,15.6,3.09,24.3,0.13
US-Pfa,-90.2723,45.9459,2024,7,11,25.93,13.97,16.52,1.83,25.73,0.05
US-Pfa,-90.2723,45.9459,2024,7,12,27.65,16.2,17.94,2.65,25.25,0.06
US-Pfa,-90.2723,45.9459,2024,7,13,25.56,17.37,20.11,4.13,11.55,5.38
US-Pfa,-90.2723,45.9459,2024,7,14,28.5,19.07,20.75,3.92,24.34,2.1
US-Pfa,-90.2723,45.9459,2024,7,15,25.71,16.5,18.28,3.23,15.87,2.69
US-Pfa,-90.2723,45.9459,2024,7,16,21.76,13.77,14.44,3.56,23.42,0.48
US-Pfa,-90.2723,45.9459,2024,7,17,18.6,11.88,11.36,4.25,21.24,0.33
US-Pfa,-90.2723,45.9459,2024,7,18,22.52,10.18,11.97,2.51,26.57,0.02
US-Pfa,-90.2723,45.9459,2024,7,19,24.52,11.9,13.81,3.2,23.73,0
US-Pfa,-90.2723,45.9459,2024,7,20,26.23,14.58,17.07,2.9,21.58,4.24
US-Pfa,-90.2723,45.9459,2024,7,21,25.1,14.14,14.39,1.78,21.49,0.69
US-Pfa,-90.2723,45.9459,2024,7,22,25.45,15.07,16.74,1.99,16.01,2.22
US-Pfa,-90.2723,45.9459,2024,7,23,20.04,12.85,15.37,3.57,11.76,6.56
US-Pfa,-90.2723,45.9459,2024,7,24,21.24,10.99,11.9,2.73,21.39,0.04
US-Pfa,-90.2723,45.9459,2024,7,25,23.59,11.42,12.23,1.79,27.69,0
US-Pfa,-90.2723,45.9459,2024,7,26,24.58,12.81,15.29,4.9,23.69,0
US-Pfa,-90.2723,45.9459,2024,7,27,27.69,16.1,19.07,5.51,21.49,0.04
US-Pfa,-90.2723,45.9459,2024,7,28,26.34,18.11,18.82,5.16,22.59,0.09
US-Pfa,-90.2723,45.9459,2024,7,29,25.25,16.68,19.08,2.88,18.2,3.74
US-Pfa,-90.2723,45.9459,2024,7,30,26.41,15.35,18.39,1.7,18,5.02
US-Pfa,-90.2723,45.9459,2024,7,31,28.87,19.39,18.75,1.45,23.54,0.02
US-Pfa,-90.2723,45.9459,2024,8,1,27.3,19.09,19.44,2.51,12.11,4.64
US-Pfa,-90.2723,45.9459,2024,8,2,28.95,16.26,17.58,3.17,26.4,0.14
US-Pfa,-90.2723,45.9459,2024,8,3,27.2,14.73,16.36,1.66,21.82,0.49
US-Pfa,-90.2723,45.9459,2024,8,4,25.58,16.23,17.94,2.43,15.33,12.14
US-Pfa,-90.2723,45.9459,2024,8,5,19.42,12.26,12.61,2.29,5.61,10.9
US-Pfa,-90.2723,45.9459,2024,8,6,22.65,10.09,12.26,2.91,26.46,0.07
US-Pfa,-90.2723,45.9459,2024,8,7,22.83,10.55,11.96,3.16,18.05,0.69
US-Pfa,-90.2723,45.9459,2024,8,8,19.86,12.03,11.33,4.47,21.06,1.91
US-Pfa,-90.2723,45.9459,2024,8,9,18.42,10.84,9.85,5.47,14.08,2.56
US-Pfa,-90.2723,45.9459,2024,8,10,18.8,9.89,10.29,4.99,18.33,0.55
US-Pfa,-90.2723,45.9459,2024,8,11,23.41,10.86,13.26,3.45,22.4,0.99
US-Pfa,-90.2723,45.9459,2024,8,12,25.04,11.59,14.02,1.57,22.06,0.1
US-Pfa,-90.2723,45.9459,2024,8,13,25.97,16.06,14.94,1.19,23.63,0.21
US-Pfa,-90.2723,45.9459,2024,8,14,26.29,15.89,16.28,3,21.79,0
US-Pfa,-90.2723,45.9459,2024,8,15,20.56,16.04,16.66,4.98,7.79,16.84
US-Pfa,-90.2723,45.9459,2024,8,16,23.32,17.35,18.46,2.13,13.25,7.8
US-Pfa,-90.2723,45.9459,2024,8,17,21.86,15.7,16.23,4.08,10.03,2.31
US-Pfa,-90.2723,45.9459,2024,8,18,22.07,13.29,13.24,3.74,21.68,0.1
US-Pfa,-90.2723,45.9459,2024,8,19,23.63,11.07,12.02,2.86,21.19,0
US-Pfa,-90.2723,45.9459,2024,8,20,21.9,7.64,8.86,1.63,21.25,0
US-Pfa,-90.2723,45.9459,2024,8,21,23.69,9.36,11.51,2.06,23.76,0
US-Pfa,-90.2723,45.9459,2024,8,22,21.63,10.26,11.34,3.32,17.68,1.31
US-Pfa,-90.2723,45.9459,2024,8,23,20.93,13.33,14.39,3.88,13.92,5.12
US-Pfa,-90.2723,45.9459,2024,8,24,25.82,14.49,16.41,2.06,20.57,0.05
US-Pfa,-90.2723,45.9459,2024,8,25,28.96,15.41,19.35,3.52,15.12,0.12
US-Pfa,-90.2723,45.9459,2024,8,26,29.01,21.03,22.78,1.68,18.31,8.44
US-Pfa,-90.2723,45.9459,2024,8,27,24.28,14.79,19.39,3.55,8.83,11.65
US-Pfa,-90.2723,45.9459,2024,8,28,22.77,13.99,14.48,2.33,8.02,0.47
US-Pfa,-90.2723,45.9459,2024,8,29,23.68,14.17,17.41,5.4,10.12,11.14
US-Pfa,-90.2723,45.9459,2024,8,30,23.4,15.74,14.74,4.23,21.2,2.09
US-Pfa,-90.2723,45.9459,2024,8,31,25.34,12.72,13.79,5.14,22.37,1.02
US-Pfa,-90.2723,45.9459,2024,9,1,18.76,10.33,9.39,4.53,23.24,0.09
US-Pfa,-90.2723,45.9459,2024,9,2,21.9,9.81,10.19,2.42,22.43,0
US-Pfa,-90.2723,45.9459,2024,9,3,22.33,10.25,11.29,4.63,20.73,0.08
US-Pfa,-90.2723,45.9459,2024,9,4,23.43,11.13,10.5,5.21,22.45,0
US-Pfa,-90.2723,45.9459,2024,9,5,20.44,10.49,12.4,3.87,13.7,14.36
US-Pfa,-90.2723,45.9459,2024,9,6,14.32,4.3,6.7,3.61,17.35,0.89
US-Pfa,-90.2723,45.9459,2024,9,7,16.66,3.77,5.37,2.98,21.79,0
US-Pfa,-90.2723,45.9459,2024,9,8,21.97,8.05,9.75,4.38,18.44,0
US-Pfa,-90.2723,45.9459,2024,9,9,25.34,11.28,13.87,1.89,19.62,0.01
US-Pfa,-90.2723,45.9459,2024,9,10,23.89,11.73,11.31,4.7,16.71,0.08
US-Pfa,-90.2723,45.9459,2024,9,11,25.19,12.28,11.87,3.62,17.67,0.01
US-Pfa,-90.2723,45.9459,2024,9,12,26.09,12.57,13.04,2.75,18.36,0
US-Pfa,-90.2723,45.9459,2024,9,13,25.91,12.36,13.48,3.27,15.59,0.12
US-Pfa,-90.2723,45.9459,2024,9,14,24.85,13.1,15.53,2.94,8.4,1.35
US-Pfa,-90.2723,45.9459,2024,9,15,26.78,17.07,18.11,3.88,17.26,0.34
US-Pfa,-90.2723,45.9459,2024,9,16,27.49,16.67,16.45,3.6,17.42,0.12
US-Pfa,-90.2723,45.9459,2024,9,17,26.82,15.11,15.31,4.26,17.19,0
US-Pfa,-90.2723,45.9459,2024,9,18,25.89,13.68,12.73,3.79,16.94,0
US-Pfa,-90.2723,45.9459,2024,9,19,25.34,13.66,15.01,5.34,11.52,2.97
US-Pfa,-90.2723,45.9459,2024,9,20,23.93,13.33,14.64,3.77,18.37,0.31
US-Pfa,-90.2723,45.9459,2024,9,21,24.59,12.64,13.64,3.93,5.17,12.53
US-Pfa,-90.2723,45.9459,2024,9,22,17.11,8.25,7.46,4.23,18.59,0
US-Pfa,-90.2723,45.9459,2024,9,23,18.71,7.95,7.1,2.05,18.86,0
US-Pfa,-90.2723,45.9459,2024,9,24,19.56,7.27,8.51,1.85,16.93,0
US-Pfa,-90.2723,45.9459,2024,9,25,22.09,10.6,10.94,2.79,17.26,0
US-Pfa,-90.2723,45.9459,2024,9,26,25.65,10.21,12.49,1.99,17.56,0
US-Pfa,-90.2723,45.9459,2024,9,27,25.38,11.55,12.21,1.95,17.57,0
US-Pfa,-90.2723,45.9459,2024,9,28,26.5,12.47,13.1,2.29,17.46,0
US-Pfa,-90.2723,45.9459,2024,9,29,24.68,10.11,10.19,3.03,17.52,0
US-Pfa,-90.2723,45.9459,2024,9,30,23.98,8.8,11.08,5.24,16.62,0.28
US-Pfa,-90.2723,45.9459,2024,10,1,14.43,7.78,0.17,5.03,16.88,0
US-Pfa,-90.2723,45.9459,2024,10,2,20.33,7.61,2.05,6.46,16.1,0
US-Pfa,-90.2723,45.9459,2024,10,3,16.68,5.73,4.81,3.36,9.48,0
US-Pfa,-90.2723,45.9459,2024,10,4,17.81,3.27,2.08,2.93,16.8,0
US-Pfa,-90.2723,45.9459,2024,10,5,21.29,5.69,8.14,6.63,12.92,5.8
US-Pfa,-90.2723,45.9459,2024,10,6,13.07,3.7,2.14,6.72,10.1,0
US-Pfa,-90.2723,45.9459,2024,10,7,16.96,1.52,1.75,4.11,15.68,0
US-Pfa,-90.2723,45.9459,2024,10,8,14.65,3.57,2.69,2.64,15.5,0
US-Pfa,-90.2723,45.9459,2024,10,9,16.46,2.37,0.67,1.89,15.29,0
US-Pfa,-90.2723,45.9459,2024,10,10,19.64,3.62,5.33,4.53,13.61,0
US-Pfa,-90.2723,45.9459,2024,10,11,18.68,5.74,7.09,4.76,12.03,0
US-Pfa,-90.2723,45.9459,2024,10,12,10.15,3.73,4.49,2,5.03,0.9
US-Pfa,-90.2723,45.9459,2024,10,13,6.55,2.89,3.44,3.84,4.61,20.53
US-Pfa,-90.2723,45.9459,2024,10,14,6.06,1.81,2.33,3.96,8.33,3.85
US-Pfa,-90.2723,45.9459,2024,10,15,7.13,-1.63,-0.81,4.28,13.07,0.32
US-Pfa,-90.2723,45.9459,2024,10,16,12.73,-2.83,-2.11,3.45,14.33,0
US-Pfa,-90.2723,45.9459,2024,10,17,16.68,0.53,-1.93,6.73,14.17,0
US-Pfa,-90.2723,45.9459,2024,10,18,18.42,4.73,0.95,5.97,13.42,0
US-Pfa,-90.2723,45.9459,2024,10,19,17.48,8.94,5.49,4.47,6.83,0.39
US-Pfa,-90.2723,45.9459,2024,10,20,21.75,9.06,11.99,4.09,12.1,0.04
US-Pfa,-90.2723,45.9459,2024,10,21,22.96,10.9,11.29,3.51,10.96,0.05
US-Pfa,-90.2723,45.9459,2024,10,22,16.69,7.99,7.15,4.68,8.13,1.7
US-Pfa,-90.2723,45.9459,2024,10,23,9.25,2.06,0.08,4.72,12.85,0.76
US-Pfa,-90.2723,45.9459,2024,10,24,13.29,1.99,1.7,3.96,8.11,3.17
US-Pfa,-90.2723,45.9459,2024,10,25,11.41,2.4,1.98,5.08,11.87,1.79
US-Pfa,-90.2723,45.9459,2024,10,26,10.14,-2.02,-2.08,3.05,12.05,0
US-Pfa,-90.2723,45.9459,2024,10,27,14.52,2.43,-1.24,4.18,10.42,0
US-Pfa,-90.2723,45.9459,2024,10,28,17.14,3.56,3.77,6.25,9.66,0.36
US-Pfa,-90.2723,45.9459,2024,10,29,22.29,10.09,12.42,3.7,7.8,0.11
US-Pfa,-90.2723,45.9459,2024,10,30,18.97,4.23,10.09,5.82,2.62,7.96
US-Pfa,-90.2723,45.9459,2024,10,31,4.42,-0.73,1.37,6.37,2.91,20.99
US-Pfa,-90.2723,45.9459,2024,11,1,6.65,-3.79,-4.58,2.13,9.91,0.01
US-Pfa,-90.2723,45.9459,2024,11,2,12.1,-0.17,0.31,4.16,9.2,0.02
US-Pfa,-90.2723,45.9459,2024,11,3,7.18,2.25,4.29,6.19,2.67,8.78
US-Pfa,-90.2723,45.9459,2024,11,4,16.56,6.48,9.6,3.99,2.61,5.52
US-Pfa,-90.2723,45.9459,2024,11,5,6.74,3.48,4.13,4.64,2.83,16.14
US-Pfa,-90.2723,45.9459,2024,11,6,8.9,-0.05,1.6,2.93,5.12,0.09
US-Pfa,-90.2723,45.9459,2024,11,7,7.8,0.02,0.67,5.5,7.61,0.01
US-Pfa,-90.2723,45.9459,2024,11,8,9.13,-1.54,-2.33,3.82,10.29,0
US-Pfa,-90.2723,45.9459,2024,11,9,7.42,-1.93,0.89,4.43,4.4,1.66
US-Pfa,-90.2723,45.9459,2024,11,10,6.56,4.11,5.15,3.68,2.58,2.28
US-Pfa,-90.2723,45.9459,2024,11,11,6.09,-4.35,-1.65,7.12,6.65,0.25
US-Pfa,-90.2723,45.9459,2024,11,12,5.31,-3.86,-3.03,4.46,8.21,0.02
US-Pfa,-90.2723,45.9459,2024,11,13,6.65,-1.2,0.27,5.45,4.08,0.07
US-Pfa,-90.2723,45.9459,2024,11,14,9.88,0.87,2.09,2.44,3.9,0.12
US-Pfa,-90.2723,45.9459,2024,11,15,8.04,0.37,1.8,1.94,8.65,0.06
US-Pfa,-90.2723,45.9459,2024,11,16,6.62,-0.03,2.85,6.43,5.52,0.54
US-Pfa,-90.2723,45.9459,2024,11,17,7.81,-0.12,1.58,6.01,8.52,0.22
US-Pfa,-90.2723,45.9459,2024,11,18,9.91,-1.5,0.64,4.85,5.97,2.46
US-Pfa,-90.2723,45.9459,2024,11,19,11.09,3.77,5.68,8.14,2.08,13.66
US-Pfa,-90.2723,45.9459,2024,11,20,3.12,-1.83,-2.78,4.12,3.1,0.5
US-Pfa,-90.2723,45.9459,2024,11,21,4.41,-1.93,1.57,7.87,2.76,4.79
US-Pfa,-90.2723,45.9459,2024,11,22,4.36,-1.82,0.67,4.61,2.86,0.82
US-Pfa,-90.2723,45.9459,2024,11,23,4.26,-3.88,-3.41,3,6.77,0.07
US-Pfa,-90.2723,45.9459,2024,11,24,3.06,-3.1,-4.17,3.38,3.37,2.05
US-Pfa,-90.2723,45.9459,2024,11,25,1.19,-8.09,-3.92,3.75,3.06,4.91
US-Pfa,-90.2723,45.9459,2024,11,26,-4.48,-10.69,-11.64,5.26,4.85,0.04
US-Pfa,-90.2723,45.9459,2024,11,27,-2.11,-9.79,-8.62,2.73,2.13,0.24
US-Pfa,-90.2723,45.9459,2024,11,28,-4.58,-8.31,-9.17,5.01,3.17,1.09
US-Pfa,-90.2723,45.9459,2024,11,29,-6.72,-11.25,-11.25,6.99,3.28,0.71
US-Pfa,-90.2723,45.9459,2024,11,30,-9.46,-15.39,-14.8,5.94,6.86,0.12
US-Pfa,-90.2723,45.9459,2024,12,1,-6.25,-10.3,-10.67,4.84,2.84,0.35
US-Pfa,-90.2723,45.9459,2024,12,2,-3.34,-9.21,-8.34,3.9,4.01,0.76
US-Pfa,-90.2723,45.9459,2024,12,3,-5.68,-9.28,-9.5,5.02,4.51,3.32
US-Pfa,-90.2723,45.9459,2024,12,4,-4.63,-13.35,-10.94,7.96,2.73,3.68
US-Pfa,-90.2723,45.9459,2024,12,5,-6.1,-17.28,-11.83,6.11,7.24,1.75
US-Pfa,-90.2723,45.9459,2024,12,6,-6.49,-17.74,-12.6,3.99,3.15,0.15
US-Pfa,-90.2723,45.9459,2024,12,7,1.95,-9.36,-3.77,5.1,2.88,0.08
US-Pfa,-90.2723,45.9459,2024,12,8,0.83,-2.7,-1.28,3.66,1.57,3.79
US-Pfa,-90.2723,45.9459,2024,12,9,1.51,-2.89,-0.79,4.08,3.32,2.1
US-Pfa,-90.2723,45.9459,2024,12,10,-3.61,-10.26,-9.15,3.74,3.12,0.72
US-Pfa,-90.2723,45.9459,2024,12,11,-8.72,-18.99,-15,5.51,5.75,1.95
US-Pfa,-90.2723,45.9459,2024,12,12,-18.21,-22.63,-22.07,5.04,7.24,0.13
US-Pfa,-90.2723,45.9459,2024,12,13,-10.21,-22.05,-18.78,2.82,7.13,0.01
US-Pfa,-90.2723,45.9459,2024,12,14,-3.7,-16.42,-9.35,5.71,2.03,0.11
US-Pfa,-90.2723,45.9459,2024,12,15,0.69,-3.44,-1.24,4.77,1.62,0.17
US-Pfa,-90.2723,45.9459,2024,12,16,1.46,-2.86,-1.3,6.27,1.14,0.4
US-Pfa,-90.2723,45.9459,2024,12,17,-3.27,-7.96,-7.64,4.93,2.26,0.29
US-Pfa,-90.2723,45.9459,2024,12,18,-7.17,-14.15,-12.95,4.14,3.03,0.41
US-Pfa,-90.2723,45.9459,2024,12,19,-8.66,-12.73,-12.79,3.59,2.41,3.23
US-Pfa,-90.2723,45.9459,2024,12,20,-6.66,-17.54,-12.84,4.43,6.5,0.73
US-Pfa,-90.2723,45.9459,2024,12,21,-9.53,-18.53,-16.03,2.78,4.13,0.01
US-Pfa,-90.2723,45.9459,2024,12,22,-4.24,-16.61,-11.22,5.34,4.33,0.03
US-Pfa,-90.2723,45.9459,2024,12,23,-0.54,-9.26,-5.66,3.54,2.24,0.15
US-Pfa,-90.2723,45.9459,2024,12,24,-2.56,-11.68,-9.5,2.67,4.03,0.01
US-Pfa,-90.2723,45.9459,2024,12,25,-2.66,-10.98,-9.08,3.73,4.11,0.04
US-Pfa,-90.2723,45.9459,2024,12,26,0.45,-8.92,-3.85,4.8,1.92,0.09
US-Pfa,-90.2723,45.9459,2024,12,27,3.24,0.37,1.46,4.45,2.22,9.05
US-Pfa,-90.2723,45.9459,2024,12,28,0.69,-2.23,-0.59,3.8,2.08,8.55
US-Pfa,-90.2723,45.9459,2024,12,29,1.5,-3.58,-2.74,1.86,4.02,0.03
US-Pfa,-90.2723,45.9459,2024,12,30,1.38,-6.01,-3.9,2.88,2.95,0.02
US-Pfa,-90.2723,45.9459,2024,12,31,-1.46,-7.88,-5.73,3.83,2.24,0.05
