site_id,LON,LAT,YEAR,MO,DY,T2M_MAX,T2M_MIN,T2MDEW,WS10M,ALLSKY_SFC_SW_DWN,PRECTOTCORR
US-xSE,-76.56,38.8901,2001,1,1,1.21,-5.91,-5.82,4.54,8.42,0
US-xSE,-76.56,38.8901,2001,1,2,-1.86,-6.26,-7.22,5.88,9.29,0.01
US-xSE,-76.56,38.8901,2001,1,3,0.26,-8.39,-8.25,3.93,10.49,0
US-xSE,-76.56,38.8901,2001,1,4,1.84,-7.31,-6.14,4.08,8.11,0.62
US-xSE,-76.56,38.8901,2001,1,5,0.28,-6.52,-3.96,4.14,2.13,2.04
US-xSE,-76.56,38.8901,2001,1,6,3.33,-4.47,-3.38,5.11,7.17,0
US-xSE,-76.56,38.8901,2001,1,7,5.83,-4.29,-1.06,2.94,5.99,0.02
US-xSE,-76.56,38.8901,2001,1,8,1.39,0.05,0.26,2.71,2.83,5.03
US-xSE,-76.56,38.8901,2001,1,9,0.84,-3.82,-6.35,8.33,10.7,0.1
US-xSE,-76.56,38.8901,2001,1,10,3.38,-4.04,-5.38,6.01,10.73,0.02
US-xSE,-76.56,38.8901,2001,1,11,8.33,-2.97,-2.55,4.64,10.63,0.01
US-xSE,-76.56,38.8901,2001,1,12,3.6,-1.08,-1.25,3.13,6.92,0.15
US-xSE,-76.56,38.8901,2001,1,13,5.78,-2.32,-1.89,2.1,10.85,0
US-xSE,-76.56,38.8901,2001,1,14,3.86,-1.99,-0.08,2.31,6.2,2.69
US-xSE,-76.56,38.8901,2001,1,15,5.43,0.9,2.44,1.32,4.42,0.89
US-xSE,-76.56,38.8901,2001,1,16,6.94,-1.28,-0.61,4.87,8.76,1.02
US-xSE,-76.56,38.8901,2001,1,17,5.68,-1.89,-2.04,3.37,7.55,0.02
US-xSE,-76.56,38.8901,2001,1,18,2.99,-0.58,-0.18,2.36,2.56,5.16
US-xSE,-76.56,38.8901,2001,1,19,4.94,1.21,2.19,2.38,2.27,25.03
US-xSE,-76.56,38.8901,2001,1,20,1.72,-0.4,0.15,6.12,1.99,18.34
US-xSE,-76.56,38.8901,2001,1,21,-0.09,-6.03,-6.05,7.56,11.21,0.57
US-xSE,-76.56,38.8901,2001,1,22,0.84,-7.09,-6.61,2.83,11.07,0.52
US-xSE,-76.56,38.8901,2001,1,23,2.36,-5.06,-4.26,2.52,11,0
US-xSE,-76.56,38.8901,2001,1,24,5.27,-2.87,-2.21,3.27,10.07,0
US-xSE,-76.56,38.8901,2001,1,25,2.71,-3.47,-4.05,6.76,11.83,0
US-xSE,-76.56,38.8901,2001,1,26,2.17,-6.82,-5.95,3.87,11.28,0
US-xSE,-76.56,38.8901,2001,1,27,5.31,-0.84,-2.26,7.16,7.74,0.09
US-xSE,-76.56,38.8901,2001,1,28,3.91,-2.62,-5.1,4.9,11.51,0
US-xSE,-76.56,38.8901,2001,1,29,5.07,-3.75,-3.24,2.88,8.25,0
US-xSE,-76.56,38.8901,2001,1,30,11.85,0.84,6.32,5.69,6.46,12.74
US-xSE,-76.56,38.8901,2001,1,31,10.96,-0.28,2.18,5.32,8.79,1.56
US-xSE,-76.56,38.8901,2001,2,1,8.14,-0.52,-0.83,3.3,9.29,0.03
US-xSE,-76.56,38.8901,2001,2,2,8.02,-3.33,-1.07,5.06,10.63,0.18
US-xSE,-76.56,38.8901,2001,2,3,1.06,-3.61,-7.66,4.9,13.93,0.01
US-xSE,-76.56,38.8901,2001,2,4,5.53,-3.07,-3.67,3.75,11.26,0.04
US-xSE,-76.56,38.8901,2001,2,5,3.06,-0.64,0.45,5.39,4.54,21.19
US-xSE,-76.56,38.8901,2001,2,6,6.68,-1.35,-0.64,4.77,9.19,0.05
US-xSE,-76.56,38.8901,2001,2,7,7.72,-2.12,-1.23,2.89,13.95,0
US-xSE,-76.56,38.8901,2001,2,8,8.92,-1.77,1.13,3.9,11.98,0.03
US-xSE,-76.56,38.8901,2001,2,9,14.4,3.77,6.88,6.07,11.04,0
US-xSE,-76.56,38.8901,2001,2,10,12.52,-1.66,0.27,9.18,15.01,0.39
US-xSE,-76.56,38.8901,2001,2,11,2.18,-3.56,-7.56,5.07,15.35,0.27
US-xSE,-76.56,38.8901,2001,2,12,4.39,-3.55,-4.6,3.66,7.56,3.03
US-xSE,-76.56,38.8901,2001,2,13,10.49,-0.05,2.04,2.37,10.57,0.65
US-xSE,-76.56,38.8901,2001,2,14,8.6,2.18,4.93,4.72,3.89,2.09
US-xSE,-76.56,38.8901,2001,2,15,8.88,3,5,3.86,3.26,4.35
US-xSE,-76.56,38.8901,2001,2,16,7.93,2.95,4.31,2.48,2.58,9.9
US-xSE,-76.56,38.8901,2001,2,17,4.57,-3.58,-4.52,8.42,16.18,2.62
US-xSE,-76.56,38.8901,2001,2,18,1.46,-5.33,-8.63,4.36,17.05,0.03
US-xSE,-76.56,38.8901,2001,2,19,6.4,-3.49,-4.01,5.15,15.57,0.09
US-xSE,-76.56,38.8901,2001,2,20,14.12,-0.26,3.02,4.34,13.74,0
US-xSE,-76.56,38.8901,2001,2,21,8.08,-4.27,-1.6,6.79,11.6,1.14
US-xSE,-76.56,38.8901,2001,2,22,-1.77,-5.01,-6.93,5.18,2.8,6.05
US-xSE,-76.56,38.8901,2001,2,23,5.54,-5.81,-3.71,4.78,15.06,0.04
US-xSE,-76.56,38.8901,2001,2,24,2.74,-3.18,-4.52,3.71,12.28,0.35
US-xSE,-76.56,38.8901,2001,2,25,12.79,-0.45,7.27,7.2,2.67,3.91
US-xSE,-76.56,38.8901,2001,2,26,9.41,1.27,1.16,6.35,18.09,0
US-xSE,-76.56,38.8901,2001,2,27,11.43,-1.66,0.47,3.41,17.17,0
US-xSE,-76.56,38.8901,2001,2,28,5.13,-1.99,-3.68,4.34,16.48,0.29
US-xSE,-76.56,38.8901,2001,3,1,6.06,-2.9,-4.2,4.33,18.12,0
US-xSE,-76.56,38.8901,2001,3,2,10.78,-0.5,0.91,3.77,14.27,0
US-xSE,-76.56,38.8901,2001,3,3,11.43,1.75,3.36,2.78,9.71,0.28
US-xSE,-76.56,38.8901,2001,3,4,5.01,1.67,2.15,8.49,2.71,12.35
US-xSE,-76.56,38.8901,2001,3,5,3.75,-3.15,-1.65,8.85,9.16,3.04
US-xSE,-76.56,38.8901,2001,3,6,2.16,-4.38,-4.76,10.41,9.37,0.65
US-xSE,-76.56,38.8901,2001,3,7,8.26,-0.13,-1.02,6.31,14.96,0.02
US-xSE,-76.56,38.8901,2001,3,8,8.16,-2.81,-0.55,3.44,19.09,0
US-xSE,-76.56,38.8901,2001,3,9,5.95,-0.86,-1.67,6.32,16.09,1.18
US-xSE,-76.56,38.8901,2001,3,10,7.27,-1.91,-3.3,5.44,20.53,0.02
US-xSE,-76.56,38.8901,2001,3,11,13.28,-1.67,0.43,5.17,17.68,0.85
US-xSE,-76.56,38.8901,2001,3,12,10.12,-2.1,-0.28,4.68,19.64,7.88
US-xSE,-76.56,38.8901,2001,3,13,16.67,4.97,6.6,4.25,12.73,5.65
US-xSE,-76.56,38.8901,2001,3,14,12.27,3.31,1.91,6.66,20.3,2.03
US-xSE,-76.56,38.8901,2001,3,15,9.43,2.17,2.7,3.64,4.09,5.36
US-xSE,-76.56,38.8901,2001,3,16,11.75,1.35,4.82,3.35,5.64,1.23
US-xSE,-76.56,38.8901,2001,3,17,9.8,2.77,5.25,2.45,8.15,0.72
US-xSE,-76.56,38.8901,2001,3,18,9.37,0.11,-2.74,8.08,21.94,0.01
US-xSE,-76.56,38.8901,2001,3,19,10.9,-1.78,-2.45,3.75,21.63,0
US-xSE,-76.56,38.8901,2001,3,20,9.79,-0.74,1.29,4.94,10.92,6.33
US-xSE,-76.56,38.8901,2001,3,21,9.72,5.48,6.54,10.5,4.06,38.95
US-xSE,-76.56,38.8901,2001,3,22,11.17,4.36,2.84,9.87,13.67,0.29
US-xSE,-76.56,38.8901,2001,3,23,13.17,2.8,1.14,8.32,18.03,0
US-xSE,-76.56,38.8901,2001,3,24,15.49,0.96,1.56,7.24,13.45,0.03
US-xSE,-76.56,38.8901,2001,3,25,7.94,-2.91,-3.31,3.38,22.73,0.02
US-xSE,-76.56,38.8901,2001,3,26,2.91,-3.15,-4.88,5.86,22.27,1.29
US-xSE,-76.56,38.8901,2001,3,27,3.8,-4.09,-5.98,4.76,23.24,0.05
US-xSE,-76.56,38.8901,2001,3,28,8.78,-2.78,-2.71,3.38,23.63,0.01
US-xSE,-76.56,38.8901,2001,3,29,8.86,0.66,3.55,5.89,4.99,31.37
US-xSE,-76.56,38.8901,2001,3,30,11.15,2.72,6.34,5.96,15.31,13.74
US-xSE,-76.56,38.8901,2001,3,31,9.72,1.44,3.18,1.82,8.86,0.78
US-xSE,-76.56,38.8901,2001,4,1,9.44,3.83,4.7,2.2,7.6,0.3
US-xSE,-76.56,38.8901,2001,4,2,10.85,4.09,2.94,4.89,18.89,0.1
US-xSE,-76.56,38.8901,2001,4,3,14.52,1.43,4.14,2.79,15.11,0.09
US-xSE,-76.56,38.8901,2001,4,4,13.47,3.85,3.48,3.39,22.82,0.05
US-xSE,-76.56,38.8901,2001,4,5,16.26,3.16,3.61,2.47,24.27,0.06
US-xSE,-76.56,38.8901,2001,4,6,19.75,6.64,11.44,5.34,11.02,1.22
US-xSE,-76.56,38.8901,2001,4,7,14.91,5.76,9.93,5.2,9.56,0.26
US-xSE,-76.56,38.8901,2001,4,8,18.03,6.28,10.45,2.57,15.85,3.03
US-xSE,-76.56,38.8901,2001,4,9,24.01,11.7,15.62,3.51,22.84,5.2
US-xSE,-76.56,38.8901,2001,4,10,16.52,9.23,10.4,4.23,14.32,0.65
US-xSE,-76.56,38.8901,2001,4,11,13.85,7.94,9.67,3.94,3.33,15.39
US-xSE,-76.56,38.8901,2001,4,12,21.82,9.66,14.04,4.16,13.28,0.41
US-xSE,-76.56,38.8901,2001,4,13,21.4,10.99,12.1,5.79,16.44,1.55
US-xSE,-76.56,38.8901,2001,4,14,18.42,6.6,6.21,3.83,26.48,0.13
US-xSE,-76.56,38.8901,2001,4,15,19.38,8.11,8.55,4.48,17.37,5.07
US-xSE,-76.56,38.8901,2001,4,16,12.78,6.9,6.73,4.2,7.95,4.48
US-xSE,-76.56,38.8901,2001,4,17,10.4,2.42,0.17,6.92,21.55,2.52
US-xSE,-76.56,38.8901,2001,4,18,9.22,2.99,-0.08,7.96,23.42,3.18
US-xSE,-76.56,38.8901,2001,4,19,13.88,1.05,1.61,3.67,24.7,0
US-xSE,-76.56,38.8901,2001,4,20,15.97,4.48,7.52,4,15.55,0.1
US-xSE,-76.56,38.8901,2001,4,21,19.87,10.57,11.75,4,14.33,0.04
US-xSE,-76.56,38.8901,2001,4,22,25.83,13.15,15.81,4.34,22.87,0
US-xSE,-76.56,38.8901,2001,4,23,26.17,15.12,16.58,4.05,23.53,0
US-xSE,-76.56,38.8901,2001,4,24,25.2,10.83,14.18,6.05,21.17,1.38
US-xSE,-76.56,38.8901,2001,4,25,11.82,6.64,4.58,3.7,12.01,0.75
US-xSE,-76.56,38.8901,2001,4,26,16.61,3.77,3.56,3.73,28.56,0
US-xSE,-76.56,38.8901,2001,4,27,21.73,4.63,8.84,4.15,25.02,0
US-xSE,-76.56,38.8901,2001,4,28,16.97,7.27,5.14,5.49,28.61,0.03
US-xSE,-76.56,38.8901,2001,4,29,16.98,3.4,2.06,3.05,28.74,0
US-xSE,-76.56,38.8901,2001,4,30,20.65,4.98,7.58,3.83,27.6,0
US-xSE,-76.56,38.8901,2001,5,1,24.04,9.29,11.22,2.97,27.11,0
US-xSE,-76.56,38.8901,2001,5,2,26.33,11.11,13.79,2.44,26.23,0
US-xSE,-76.56,38.8901,2001,5,3,27.15,12.72,14.79,2.99,25.96,0
US-xSE,-76.56,38.8901,2001,5,4,28.12,14.01,15.23,3.04,24.73,0
US-xSE,-76.56,38.8901,2001,5,5,25.35,14.5,15.47,3.75,18.15,0.05
US-xSE,-76.56,38.8901,2001,5,6,18.12,7.24,8.5,5.07,24.58,0.02
US-xSE,-76.56,38.8901,2001,5,7,17.75,5.05,6.25,4.04,30.09,0
US-xSE,-76.56,38.8901,2001,5,8,19.9,6.65,9.54,3.03,26.7,0.55
US-xSE,-76.56,38.8901,2001,5,9,22.28,11.13,12.39,1.81,19.49,0.18
US-xSE,-76.56,38.8901,2001,5,10,25.17,12.5,11.58,3.33,27.26,0
US-xSE,-76.56,38.8901,2001,5,11,27.2,12.95,13.26,3.31,26.99,0
US-xSE,-76.56,38.8901,2001,5,12,26.22,14.75,14.63,4.63,18.06,1.24
US-xSE,-76.56,38.8901,2001,5,13,19.47,10.51,6.49,5.52,28.85,0
US-xSE,-76.56,38.8901,2001,5,14,17.85,7.3,5.09,3.69,26.67,0.01
US-xSE,-76.56,38.8901,2001,5,15,19.81,7.97,5.75,3.75,25.02,0
US-xSE,-76.56,38.8901,2001,5,16,20.03,8.95,8.83,4.34,24.97,0.03
US-xSE,-76.56,38.8901,2001,5,17,17.27,10.59,10.11,3.76,13.21,0.18
US-xSE,-76.56,38.8901,2001,5,18,20.27,13.34,14.45,2.98,7.59,0.97
US-xSE,-76.56,38.8901,2001,5,19,23.39,14.51,15.21,2.13,10.61,9.1
US-xSE,-76.56,38.8901,2001,5,20,21.09,12.83,13.96,4.9,5.38,5.1
US-xSE,-76.56,38.8901,2001,5,21,19.67,13.03,14.75,5.6,5.83,16.58
US-xSE,-76.56,38.8901,2001,5,22,25.73,15.15,17.64,2.65,17.6,14.04
US-xSE,-76.56,38.8901,2001,5,23,22.49,14.21,11.74,4,29.73,1.66
US-xSE,-76.56,38.8901,2001,5,24,24.18,12.92,10.49,2.09,29.3,0.15
US-xSE,-76.56,38.8901,2001,5,25,23.28,13.26,14.74,5.17,17.95,13.74
US-xSE,-76.56,38.8901,2001,5,26,21.88,15.4,16.38,4.49,5.19,40.78
US-xSE,-76.56,38.8901,2001,5,27,23.1,14.1,15.25,2.94,24.14,4.79
US-xSE,-76.56,38.8901,2001,5,28,22.19,14.28,14,3.42,15.31,1.87
US-xSE,-76.56,38.8901,2001,5,29,22.79,13.11,13.13,3.38,19.39,0.12
US-xSE,-76.56,38.8901,2001,5,30,19.37,11.04,8.28,5.87,29.69,0.16
US-xSE,-76.56,38.8901,2001,5,31,19.74,7.78,6.12,4.12,27.2,0
US-xSE,-76.56,38.8901,2001,6,1,19.72,10.68,13.03,5.58,8.23,11.07
US-xSE,-76.56,38.8901,2001,6,2,23.71,16.76,17.17,2.7,18.38,6.25
US-xSE,-76.56,38.8901,2001,6,3,21.18,13.67,12.77,4.85,24.17,0.74
US-xSE,-76.56,38.8901,2001,6,4,22.85,11.93,12.35,3.76,27.1,1.49
US-xSE,-76.56,38.8901,2001,6,5,24.33,16.71,15.92,2.42,25.71,4.2
US-xSE,-76.56,38.8901,2001,6,6,25.24,17.98,17.39,1.8,20.7,7.23
US-xSE,-76.56,38.8901,2001,6,7,23.22,16.65,16.72,2.99,14.03,24.68
US-xSE,-76.56,38.8901,2001,6,8,25.43,14.55,13.88,2.15,24.99,0.04
US-xSE,-76.56,38.8901,2001,6,9,25.18,14.03,12.85,3.07,29.49,0.03
US-xSE,-76.56,38.8901,2001,6,10,26,14,13.18,3.38,29.11,0.03
US-xSE,-76.56,38.8901,2001,6,11,27.02,15.22,17.1,4.59,26.13,0.32
US-xSE,-76.56,38.8901,2001,6,12,29.28,18.41,19.84,3.04,24.2,0.85
US-xSE,-76.56,38.8901,2001,6,13,30.77,20.35,20.51,1.83,24.27,0.45
US-xSE,-76.56,38.8901,2001,6,14,28.9,19.85,20.52,3.72,23.18,0.71
US-xSE,-76.56,38.8901,2001,6,15,27.99,20.38,21.37,4.89,17.48,7.36
US-xSE,-76.56,38.8901,2001,6,16,26.53,21.03,21.79,4.77,7.6,22.19
US-xSE,-76.56,38.8901,2001,6,17,27.78,18.91,17.76,6.35,30.02,15.23
US-xSE,-76.56,38.8901,2001,6,18,27.41,17.4,14.98,3.2,30.95,0
US-xSE,-76.56,38.8901,2001,6,19,27.96,16.74,16.97,3.2,30.07,0.14
US-xSE,-76.56,38.8901,2001,6,20,29.62,18.64,19.81,3.36,29.12,3.01
US-xSE,-76.56,38.8901,2001,6,21,29.79,19.97,19.73,2.44,24.73,1.3
US-xSE,-76.56,38.8901,2001,6,22,28.55,19.91,20.63,4.91,26.52,8.86
US-xSE,-76.56,38.8901,2001,6,23,25.01,19.33,20.04,4.21,14.58,4.58
US-xSE,-76.56,38.8901,2001,6,24,24.82,17.01,15.04,3.09,23.05,0.01
US-xSE,-76.56,38.8901,2001,6,25,28.27,17.15,14.83,2.17,29.58,0.01
US-xSE,-76.56,38.8901,2001,6,26,30.04,17.77,16.46,2.46,29.73,0.07
US-xSE,-76.56,38.8901,2001,6,27,31.28,19.45,18.45,2.89,29.27,0
US-xSE,-76.56,38.8901,2001,6,28,32.83,21.29,19.32,2.93,27.14,0.18
US-xSE,-76.56,38.8901,2001,6,29,33.23,23.84,19.01,2.22,26.57,0.53
US-xSE,-76.56,38.8901,2001,6,30,32.59,22.75,21.03,3.31,26.58,5.03
US-xSE,-76.56,38.8901,2001,7,1,30.18,18.93,20.4,5.09,18.46,7.97
US-xSE,-76.56,38.8901,2001,7,2,23.47,14.95,7.54,4.19,31.39,0.06
US-xSE,-76.56,38.8901,2001,7,3,26.32,13.78,13.01,3.79,18.45,0.64
US-xSE,-76.56,38.8901,2001,7,4,29.22,20.14,20.55,2.65,18.44,21.62
US-xSE,-76.56,38.8901,2001,7,5,28.94,19.36,19.25,3.48,26.16,7.8
US-xSE,-76.56,38.8901,2001,7,6,25.52,16.24,11.47,4.18,30.98,0
US-xSE,-76.56,38.8901,2001,7,7,26.78,16.29,12.45,3.53,29.66,2.05
US-xSE,-76.56,38.8901,2001,7,8,28.22,19.65,19.93,3.66,14.81,7.74
US-xSE,-76.56,38.8901,2001,7,9,30.98,19.98,17.41,3.18,29.21,0.66
US-xSE,-76.56,38.8901,2001,7,10,31.93,18.87,17.35,3.77,28.03,5.04
US-xSE,-76.56,38.8901,2001,7,11,29.38,20.39,17.23,4.53,26.8,1.63
US-xSE,-76.56,38.8901,2001,7,12,26.56,17.24,12.83,4.02,22.17,0
US-xSE,-76.56,38.8901,2001,7,13,27.03,16.33,12,3.09,29.55,0
US-xSE,-76.56,38.8901,2001,7,14,27.97,16.25,12.71,3.87,28.58,0
US-xSE,-76.56,38.8901,2001,7,15,29,17.45,13.7,2.84,28.12,0
US-xSE,-76.56,38.8901,2001,7,16,31.3,18.09,14.37,2.92,24.75,0.12
US-xSE,-76.56,38.8901,2001,7,17,32.34,20.59,17.32,3.41,25.15,1.02
US-xSE,-76.56,38.8901,2001,7,18,24.34,21.47,20.8,2.79,6.34,12.02
US-xSE,-76.56,38.8901,2001,7,19,27.25,19.36,18.03,4.64,19.05,0.44
US-xSE,-76.56,38.8901,2001,7,20,27.66,17.02,14.13,3.79,27.57,0
US-xSE,-76.56,38.8901,2001,7,21,29.15,15.96,13.17,2.36,29.4,0
US-xSE,-76.56,38.8901,2001,7,22,29.78,17.34,14.64,2.47,28.95,0.03
US-xSE,-76.56,38.8901,2001,7,23,32.08,19.71,19.73,3.14,25.32,0.22
US-xSE,-76.56,38.8901,2001,7,24,33.32,22.67,21.72,4.09,22.55,0.11
US-xSE,-76.56,38.8901,2001,7,25,33.24,24.13,21.78,4.9,22.9,5.5
US-xSE,-76.56,38.8901,2001,7,26,30.66,19.67,21.29,4.59,11.77,15.69
US-xSE,-76.56,38.8901,2001,7,27,26.84,18.13,12.95,3.78,25.81,0.34
US-xSE,-76.56,38.8901,2001,7,28,27.28,16.81,12.78,3.62,23.87,0.32
US-xSE,-76.56,38.8901,2001,7,29,20.42,18.19,16.9,4.98,5.02,22.87
US-xSE,-76.56,38.8901,2001,7,30,26.86,18.67,17.55,4.21,17.24,0.24
US-xSE,-76.56,38.8901,2001,7,31,26.43,18.44,16.6,1.4,24.63,0.18
US-xSE,-76.56,38.8901,2001,8,1,29.41,17.86,14.61,2.53,27.49,0
US-xSE,-76.56,38.8901,2001,8,2,29.71,18.06,15.58,3.92,28.28,0
US-xSE,-76.56,38.8901,2001,8,3,30.15,18.26,16.78,4.05,27.16,0.36
US-xSE,-76.56,38.8901,2001,8,4,29.9,20.34,19.21,2.95,14.98,2.04
US-xSE,-76.56,38.8901,2001,8,5,32.03,21.97,20.71,1.36,20.41,0.55
US-xSE,-76.56,38.8901,2001,8,6,33.26,22.42,20.8,2.38,23.49,0.11
US-xSE,-76.56,38.8901,2001,8,7,34.99,22.77,17.74,3.87,25.31,0.01
US-xSE,-76.56,38.8901,2001,8,8,35.55,23.96,20.04,3.68,24.07,0.04
US-xSE,-76.56,38.8901,2001,8,9,35.77,24.99,21.24,3.37,23.98,2.06
US-xSE,-76.56,38.8901,2001,8,10,34.52,23.75,22.77,3.26,19.91,16.44
US-xSE,-76.56,38.8901,2001,8,11,30.12,24.67,24.35,0.79,13.56,26.29
US-xSE,-76.56,38.8901,2001,8,12,27.25,23.88,23.6,2.95,10.62,18.25
US-xSE,-76.56,38.8901,2001,8,13,27.35,22.39,22.87,2.39,9.44,14.73
US-xSE,-76.56,38.8901,2001,8,14,28.99,21.04,19.56,2.72,20.84,0.97
US-xSE,-76.56,38.8901,2001,8,15,28.23,19.38,18.87,2.52,24.76,0.02
US-xSE,-76.56,38.8901,2001,8,16,29.11,18.54,17.79,3.27,23.49,0.08
US-xSE,-76.56,38.8901,2001,8,17,30.1,22.18,20.7,5,17.05,0.71
US-xSE,-76.56,38.8901,2001,8,18,29.04,19.51,16.21,2.06,20.48,1.31
US-xSE,-76.56,38.8901,2001,8,19,27.18,21.15,20.83,2.91,11.06,4.31
US-xSE,-76.56,38.8901,2001,8,20,29.23,22.11,20.19,2.81,20.49,1.46
US-xSE,-76.56,38.8901,2001,8,21,28.36,19.2,16.23,3.57,24.26,0
US-xSE,-76.56,38.8901,2001,8,22,29.99,18.55,15.99,2.7,24.7,0.12
US-xSE,-76.56,38.8901,2001,8,23,30.19,19.31,19.38,3.73,18.36,12.85
US-xSE,-76.56,38.8901,2001,8,24,29.65,20.07,18.06,3.84,21.42,0.45
US-xSE,-76.56,38.8901,2001,8,25,28.25,17.62,16.2,3.44,22.33,0.04
US-xSE,-76.56,38.8901,2001,8,26,28.94,17.06,15.86,2.84,24.04,0.02
US-xSE,-76.56,38.8901,2001,8,27,30.89,20.8,20.81,3.56,19.56,2.38
US-xSE,-76.56,38.8901,2001,8,28,30.91,21.66,18.06,2.85,20.56,0.08
US-xSE,-76.56,38.8901,2001,8,29,30.14,20.79,17.83,2.49,21.15,1.38
US-xSE,-76.56,38.8901,2001,8,30,27.97,21.67,21.62,4.14,15.5,23.93
US-xSE,-76.56,38.8901,2001,8,31,29.39,21.34,21.47,3.21,18.38,3.5
US-xSE,-76.56,38.8901,2001,9,1,27.4,17.71,16.65,4.08,12.33,0.15
US-xSE,-76.56,38.8901,2001,9,2,25.19,14.02,11.6,2.75,23.51,0
US-xSE,-76.56,38.8901,2001,9,3,26.66,15.37,14.45,2.74,19.11,0.14
US-xSE,-76.56,38.8901,2001,9,4,29.06,19.22,19.35,3.26,18.74,2.69
US-xSE,-76.56,38.8901,2001,9,5,26.6,17.49,13.7,3.56,23.5,0.03
US-xSE,-76.56,38.8901,2001,9,6,27.33,13.58,11.03,2.03,23.82,0
US-xSE,-76.56,38.8901,2001,9,7,28.03,16.33,16.39,3.33,22.98,0
US-xSE,-76.56,38.8901,2001,9,8,29.01,18.27,18.27,3.79,21.13,0
US-xSE,-76.56,38.8901,2001,9,9,29.3,19.32,18.98,3.69,18.04,1.51
US-xSE,-76.56,38.8901,2001,9,10,28.97,21.1,21.55,3.73,15.63,5.23
US-xSE,-76.56,38.8901,2001,9,11,27.88,16.25,12.59,4.11,23.31,0
US-xSE,-76.56,38.8901,2001,9,12,27.04,15.16,11.82,3.32,22.62,0.02
US-xSE,-76.56,38.8901,2001,9,13,28.65,15.51,14.92,3.35,21.94,0.01
US-xSE,-76.56,38.8901,2001,9,14,20.46,12.13,12.01,5.1,7.2,3.06
US-xSE,-76.56,38.8901,2001,9,15,21.74,10.18,6.38,3.89,22.95,0
US-xSE,-76.56,38.8901,2001,9,16,23.36,12.36,7,2.38,22.44,0.05
US-xSE,-76.56,38.8901,2001,9,17,24.96,13.18,8.08,1.8,21.83,0
US-xSE,-76.56,38.8901,2001,9,18,25.79,13.21,11.49,2.14,17.26,0
US-xSE,-76.56,38.8901,2001,9,19,26.22,15.26,14.48,4.08,17.58,0.05
US-xSE,-76.56,38.8901,2001,9,20,23.41,18.87,19.57,5.02,4.85,18.41
US-xSE,-76.56,38.8901,2001,9,21,26.73,18.9,18.25,2.45,14.91,1.78
US-xSE,-76.56,38.8901,2001,9,22,27.86,17.15,16.41,2.4,16.96,0.05
US-xSE,-76.56,38.8901,2001,9,23,27.17,17,16.73,2.2,17.29,1.55
US-xSE,-76.56,38.8901,2001,9,24,25.96,19.07,20.47,6.45,10.54,17.96
US-xSE,-76.56,38.8901,2001,9,25,20.79,11.52,11.31,4.68,12.28,5.2
US-xSE,-76.56,38.8901,2001,9,26,18.89,8.81,6.58,3.7,16.84,0
US-xSE,-76.56,38.8901,2001,9,27,20.86,10.09,8.83,4.26,16.84,1.15
US-xSE,-76.56,38.8901,2001,9,28,18.52,9.53,8.62,4.45,15.04,0.11
US-xSE,-76.56,38.8901,2001,9,29,19.09,11.24,9.54,5.62,13.13,0.6
US-xSE,-76.56,38.8901,2001,9,30,16.53,9.82,7.11,6.4,9.34,1.13
US-xSE,-76.56,38.8901,2001,10,1,19.2,10.57,7.54,4.13,9.76,3.7
US-xSE,-76.56,38.8901,2001,10,2,24.77,10.56,11.55,3.68,18.26,0
US-xSE,-76.56,38.8901,2001,10,3,26.88,13.66,12.79,3.48,17.99,0
US-xSE,-76.56,38.8901,2001,10,4,26.89,13.48,11.21,3.56,18.43,0
US-xSE,-76.56,38.8901,2001,10,5,26.23,12.48,11.43,4.81,17.74,0
US-xSE,-76.56,38.8901,2001,10,6,19.01,10.37,8.92,6.61,7.47,3.88
US-xSE,-76.56,38.8901,2001,10,7,14.96,6.55,0.38,6.32,19.17,0.23
US-xSE,-76.56,38.8901,2001,10,8,13.78,4.43,-2.11,3.89,19.2,0
US-xSE,-76.56,38.8901,2001,10,9,16.93,5.1,1.03,3.03,18.93,0.06
US-xSE,-76.56,38.8901,2001,10,10,21.73,7.72,10.53,4.16,17.47,0.02
US-xSE,-76.56,38.8901,2001,10,11,24.15,11.34,12.92,4.51,16.68,0
US-xSE,-76.56,38.8901,2001,10,12,24.25,12.03,13.55,3.65,14.34,0
US-xSE,-76.56,38.8901,2001,10,13,25.64,13.71,13.85,3.81,16.23,0.03
US-xSE,-76.56,38.8901,2001,10,14,24.38,14.7,16.25,6.7,12.88,8.73
US-xSE,-76.56,38.8901,2001,10,15,20.54,11.07,7.76,4.15,17.41,0.89
US-xSE,-76.56,38.8901,2001,10,16,21.37,8.54,7.98,5.3,16.2,2.79
US-xSE,-76.56,38.8901,2001,10,17,15.33,7.18,1.82,7.65,16.69,0.02
US-xSE,-76.56,38.8901,2001,10,18,15.44,4.02,0.32,3.7,17.22,0
US-xSE,-76.56,38.8901,2001,10,19,18.51,5.03,5.2,4.35,16.56,0
US-xSE,-76.56,38.8901,2001,10,20,22.23,7.56,9.04,3.47,15.45,0
US-xSE,-76.56,38.8901,2001,10,21,24.1,10.16,12.3,4.17,15.21,0
US-xSE,-76.56,38.8901,2001,10,22,25.62,11.04,12.39,2.61,14.41,0
US-xSE,-76.56,38.8901,2001,10,23,25,12.83,14.63,4.69,11.62,0.01
US-xSE,-76.56,38.8901,2001,10,24,27.15,15.16,14.2,4.16,14.24,0
US-xSE,-76.56,38.8901,2001,10,25,22.53,11.77,7.36,6.6,14.93,0
US-xSE,-76.56,38.8901,2001,10,26,14.75,6.87,-0.99,7.84,14.93,0
US-xSE,-76.56,38.8901,2001,10,27,11.64,5.54,-0.08,7.35,11.22,0
US-xSE,-76.56,38.8901,2001,10,28,11.89,3.82,-1.27,5.48,14.89,0
US-xSE,-76.56,38.8901,2001,10,29,14.99,1.84,0.2,2.99,14.62,0
US-xSE,-76.56,38.8901,2001,10,30,17.69,6.57,3.93,3.92,13.2,0
US-xSE,-76.56,38.8901,2001,10,31,17.77,5.83,6.32,3.7,11.7,0
US-xSE,-76.56,38.8901,2001,11,1,21.36,8.15,11.34,4.35,13.01,0
US-xSE,-76.56,38.8901,2001,11,2,24.37,12.99,13.86,5.65,11.86,0.06
US-xSE,-76.56,38.8901,2001,11,3,21.69,10.29,9.8,3.97,6.48,0.47
US-xSE,-76.56,38.8901,2001,11,4,17.96,7.19,5.22,3.87,13.88,0.02
US-xSE,-76.56,38.8901,2001,11,5,12.86,5.69,0.2,6.79,14.39,0
US-xSE,-76.56,38.8901,2001,11,6,13.91,3.64,-0.68,6.1,14.08,0
US-xSE,-76.56,38.8901,2001,11,7,19.92,5.79,3.72,5.41,12.74,0
US-xSE,-76.56,38.8901,2001,11,8,19.33,7.5,7.99,3.51,12.31,0
US-xSE,-76.56,38.8901,2001,11,9,14.09,6.94,0.77,6.05,13.43,0
US-xSE,-76.56,38.8901,2001,11,10,18.45,3.73,0.83,4.92,12.79,0
US-xSE,-76.56,38.8901,2001,11,11,12.39,2.91,-0.11,5.39,12.98,0
US-xSE,-76.56,38.8901,2001,11,12,10.82,0.02,-2.32,2.82,12.82,0
US-xSE,-76.56,38.8901,2001,11,13,13.21,3.24,0.21,2.59,12.51,0
US-xSE,-76.56,38.8901,2001,11,14,16.81,4.8,4.2,3.78,12.15,0
US-xSE,-76.56,38.8901,2001,11,15,19.58,5.08,3.29,3.16,11.3,0
US-xSE,-76.56,38.8901,2001,11,16,21.7,7.14,7.81,3.7,10.7,0
US-xSE,-76.56,38.8901,2001,11,17,15.39,5.47,5.89,3.94,9.94,0
US-xSE,-76.56,38.8901,2001,11,18,14.79,4.99,5.01,2.15,11.64,0
US-xSE,-76.56,38.8901,2001,11,19,18.2,6.49,8.79,4.91,10.63,0.02
US-xSE,-76.56,38.8901,2001,11,20,13.1,2.46,1.83,6.09,10.13,0.95
US-xSE,-76.56,38.8901,2001,11,21,9.84,0.82,-2.38,2.95,11.68,0
US-xSE,-76.56,38.8901,2001,11,22,14.29,0.34,0.28,2.57,10.2,0
US-xSE,-76.56,38.8901,2001,11,23,16.74,5.22,5.34,3.05,10.87,0.01
US-xSE,-76.56,38.8901,2001,11,24,17.45,7.71,13.43,5.3,4.86,9.42
US-xSE,-76.56,38.8901,2001,11,25,18.62,14,13.99,7.01,3.46,12.05
US-xSE,-76.56,38.8901,2001,11,26,17.73,8.25,9.42,2.64,9.32,0.68
US-xSE,-76.56,38.8901,2001,11,27,16.34,5.86,9.16,2.95,4.04,0.02
US-xSE,-76.56,38.8901,2001,11,28,20.8,11,12.37,2.18,5.94,0.08
US-xSE,-76.56,38.8901,2001,11,29,17.38,12.72,13.38,4.5,5.56,0.6
US-xSE,-76.56,38.8901,2001,11,30,20.32,15.29,15.18,6.47,4.28,0.27
US-xSE,-76.56,38.8901,2001,12,1,20.28,9.66,9.63,3.64,10.41,0.01
US-xSE,-76.56,38.8901,2001,12,2,12.64,4.78,3.92,3.79,6.16,0
US-xSE,-76.56,38.8901,2001,12,3,14.47,2.96,4.46,2.8,10.53,0
US-xSE,-76.56,38.8901,2001,12,4,17.83,4.3,4.47,2.74,10.3,0.08
US-xSE,-76.56,38.8901,2001,12,5,20.22,7.85,6.18,3.41,9.53,0.01
US-xSE,-76.56,38.8901,2001,12,6,21.11,10.32,9.39,3.68,10.02,0.01
US-xSE,-76.56,38.8901,2001,12,7,15.75,8.63,9.16,2.9,4.36,1.9
US-xSE,-76.56,38.8901,2001,12,8,9.18,6.33,6.07,4.42,1.73,10.05
US-xSE,-76.56,38.8901,2001,12,9,10.62,1.72,2.51,5.57,8.43,1.59
US-xSE,-76.56,38.8901,2001,12,10,9.62,-0.24,3.41,2.45,4.59,0.63
US-xSE,-76.56,38.8901,2001,12,11,12.39,5.79,7,4.09,3.52,9.22
US-xSE,-76.56,38.8901,2001,12,12,13.21,3.59,6.41,3.79,4.18,0.41
US-xSE,-76.56,38.8901,2001,12,13,15.49,9.24,10.66,3.91,4.68,0.82
US-xSE,-76.56,38.8901,2001,12,14,16.91,10.05,12.48,4.34,2.82,2.44
US-xSE,-76.56,38.8901,2001,12,15,11.36,2.28,1.39,6.3,9.97,0
US-xSE,-76.56,38.8901,2001,12,16,7.24,-0.23,-1.87,2.2,7.35,0.82
US-xSE,-76.56,38.8901,2001,12,17,13.15,3.59,6.36,5.32,4.28,3.92
US-xSE,-76.56,38.8901,2001,12,18,13.18,3.84,4.91,8.45,8.19,3.13
US-xSE,-76.56,38.8901,2001,12,19,11.14,1.54,2.69,4.02,9.66,0
US-xSE,-76.56,38.8901,2001,12,20,7.21,2.38,-2.42,8.17,9.72,0
US-xSE,-76.56,38.8901,2001,12,21,6.48,0.29,-3.74,7.51,10.02,0.21
US-xSE,-76.56,38.8901,2001,12,22,5.82,-2.68,-3.79,2.95,9.95,0.01
US-xSE,-76.56,38.8901,2001,12,23,10.64,-0.78,0.98,5.46,8.43,2.79
US-xSE,-76.56,38.8901,2001,12,24,9.75,-1.71,-0.22,4.78,6.56,6.55
US-xSE,-76.56,38.8901,2001,12,25,4.6,-3.38,-5.81,3,10.01,0.13
US-xSE,-76.56,38.8901,2001,12,26,3.67,-3.2,-5.6,3.96,8.75,0.08
US-xSE,-76.56,38.8901,2001,12,27,3.12,-3.4,-6.78,4.62,8.81,0
US-xSE,-76.56,38.8901,2001,12,28,6.72,-2.76,-4.11,4.57,5.38,0
US-xSE,-76.56,38.8901,2001,12,29,4.74,-2.52,-3.78,4.63,7.8,0
US-xSE,-76.56,38.8901,2001,12,30,-0.26,-4.15,-9.79,6.45,10.54,0
US-xSE,-76.56,38.8901,2001,12,31,0.83,-4.87,-9.22,4.63,9.98,0
US-xSE,-76.56,38.8901,2002,1,1,0.9,-7.15,-8.31,4.89,10.61,0
US-xSE,-76.56,38.8901,2002,1,2,1.88,-7.17,-6.89,3.49,8.66,0.01
US-xSE,-76.56,38.8901,2002,1,3,1.68,-2.89,-5.57,4.3,3.94,0.94
US-xSE,-76.56,38.8901,2002,1,4,3.33,-3.8,-5.63,5.57,9.51,0
US-xSE,-76.56,38.8901,2002,1,5,6.7,-4.93,-4.48,4.01,9.01,0.01
US-xSE,-76.56,38.8901,2002,1,6,2.24,-2.17,-0.41,4.19,3.75,21.53
US-xSE,-76.56,38.8901,2002,1,7,2.71,-1.86,-1.12,5.54,3.93,0.6
US-xSE,-76.56,38.8901,2002,1,8,2.05,-5.43,-5.38,5.13,10.69,0
US-xSE,-76.56,38.8901,2002,1,9,5.1,-3.15,-1.27,5.24,5.54,0.41
US-xSE,-76.56,38.8901,2002,1,10,6.59,1.65,3.35,4.19,3.72,0.05
US-xSE,-76.56,38.8901,2002,1,11,7.94,0.94,2.15,5.66,6.82,7.74
US-xSE,-76.56,38.8901,2002,1,12,8.04,-1.71,-0.71,4.59,11.03,0.27
US-xSE,-76.56,38.8901,2002,1,13,6.99,-0.26,-1.97,7.92,10.94,0.92
US-xSE,-76.56,38.8901,2002,1,14,9.9,-0.73,-0.79,4.25,9.18,0.06
US-xSE,-76.56,38.8901,2002,1,15,9.57,0.97,0.8,6,11.11,0
US-xSE,-76.56,38.8901,2002,1,16,5.86,-0.63,-2.62,4.02,9.07,0
US-xSE,-76.56,38.8901,2002,1,17,9.46,1.65,0.16,4.55,4.24,0.01
US-xSE,-76.56,38.8901,2002,1,18,5.72,-1.95,-4.01,4.57,11.26,0.22
US-xSE,-76.56,38.8901,2002,1,19,0.72,-2.22,-2.1,4.09,1.35,10.87
US-xSE,-76.56,38.8901,2002,1,20,4,-4.62,-3.32,3.56,10.73,0.06
US-xSE,-76.56,38.8901,2002,1,21,5.82,-0.72,0.7,4.71,4.54,2.15
US-xSE,-76.56,38.8901,2002,1,22,9.36,0.41,-0.81,4.78,12,0
US-xSE,-76.56,38.8901,2002,1,23,10.35,3.74,4.96,5.7,3.27,1.52
US-xSE,-76.56,38.8901,2002,1,24,15.17,5.23,8.44,5.11,2.73,4.46
US-xSE,-76.56,38.8901,2002,1,25,8.26,0.56,-1.1,5.5,12.41,0.56
US-xSE,-76.56,38.8901,2002,1,26,11.25,-1.91,-1.66,3.7,12.95,0
US-xSE,-76.56,38.8901,2002,1,27,13.08,-0.57,2.34,3.18,12.63,0
US-xSE,-76.56,38.8901,2002,1,28,15.25,3.69,5.82,3.88,11.58,0.04
US-xSE,-76.56,38.8901,2002,1,29,19.65,5.27,8.34,3.92,10.27,0.16
US-xSE,-76.56,38.8901,2002,1,30,19.07,10.52,11.79,4.6,9.42,1.38
US-xSE,-76.56,38.8901,2002,1,31,10.83,6.12,7.7,4.2,2.66,2.11
US-xSE,-76.56,38.8901,2002,2,1,21.93,3.73,8.34,8.57,7.71,1.2
US-xSE,-76.56,38.8901,2002,2,2,5.33,-0.35,-6.05,5.43,13.83,0
US-xSE,-76.56,38.8901,2002,2,3,6.33,-0.64,-2.93,4.06,9,0.12
US-xSE,-76.56,38.8901,2002,2,4,6.05,-4.3,-5.16,8.32,7.42,0.42
US-xSE,-76.56,38.8901,2002,2,5,2.68,-6.04,-9.87,7.85,14.39,0
US-xSE,-76.56,38.8901,2002,2,6,5.72,-2.33,-4.16,3.88,10.11,0.12
US-xSE,-76.56,38.8901,2002,2,7,5.75,0.18,1.14,3,4.23,6.31
US-xSE,-76.56,38.8901,2002,2,8,10.93,-1.26,0.11,4.37,14.49,0
US-xSE,-76.56,38.8901,2002,2,9,10.09,-0.77,0.59,4.32,13.93,0.01
US-xSE,-76.56,38.8901,2002,2,10,16.07,1.04,7.4,5.97,6.62,2.2
US-xSE,-76.56,38.8901,2002,2,11,10.09,-2.88,-3.2,8.84,13.87,0.52
US-xSE,-76.56,38.8901,2002,2,12,8.48,-3.29,-3.36,5.29,11.54,0
US-xSE,-76.56,38.8901,2002,2,13,6.1,-3.55,-4.45,5.83,10.45,0
US-xSE,-76.56,38.8901,2002,2,14,5.47,-4.6,-7.32,2.91,15.88,0
US-xSE,-76.56,38.8901,2002,2,15,8.15,-1.54,-0.39,5.32,9.75,0.06
US-xSE,-76.56,38.8901,2002,2,16,12.34,4.02,1.25,4.07,15.25,0
US-xSE,-76.56,38.8901,2002,2,17,7.01,-0.78,-2.65,8.11,11.79,0
US-xSE,-76.56,38.8901,2002,2,18,7.5,-2.73,-5.88,5.67,16.46,0
US-xSE,-76.56,38.8901,2002,2,19,12.68,-0.56,-2.57,2.81,15.02,0.08
US-xSE,-76.56,38.8901,2002,2,20,16.32,3.76,6.59,6.31,8.62,0.43
US-xSE,-76.56,38.8901,2002,2,21,16.13,6.23,6.43,4.21,15.15,0.01
US-xSE,-76.56,38.8901,2002,2,22,10.63,2,0.53,5.08,14.59,0
US-xSE,-76.56,38.8901,2002,2,23,7.93,-0.31,-2.5,3.88,14.23,0
US-xSE,-76.56,38.8901,2002,2,24,10.15,-3.31,-2.93,3.24,17.5,0
US-xSE,-76.56,38.8901,2002,2,25,12.38,-0.41,0.98,4.41,15.39,0.05
US-xSE,-76.56,38.8901,2002,2,26,18.06,3.92,5.06,6.59,14.49,0.66
US-xSE,-76.56,38.8901,2002,2,27,5.47,-2.32,-6.72,8.81,11.43,0.54
US-xSE,-76.56,38.8901,2002,2,28,5.12,-3.15,-7.71,5.68,18.16,0
US-xSE,-76.56,38.8901,2002,3,1,8.71,-3.59,-5.64,3.43,18.34,0
US-xSE,-76.56,38.8901,2002,3,2,11.14,-1.19,3.01,6.24,5.51,19.41
US-xSE,-76.56,38.8901,2002,3,3,14.28,2.18,7.75,6.95,3.84,5.02
US-xSE,-76.56,38.8901,2002,3,4,1.74,-5.31,-10.53,8.36,16.05,0.04
US-xSE,-76.56,38.8901,2002,3,5,5.41,-6.13,-8.9,4.69,19.38,0.01
US-xSE,-76.56,38.8901,2002,3,6,14.54,-1.24,-0.13,5.82,18.08,0.01
US-xSE,-76.56,38.8901,2002,3,7,17.64,2.1,2.88,3.87,16.44,0
US-xSE,-76.56,38.8901,2002,3,8,18.71,4.02,5.61,4.35,17.76,0.04
US-xSE,-76.56,38.8901,2002,3,9,19.24,10.12,11.98,7.88,12.01,1.58
US-xSE,-76.56,38.8901,2002,3,10,15.2,-0.72,-5.42,10.25,21.24,1.11
US-xSE,-76.56,38.8901,2002,3,11,7.03,-3.19,-6.48,3.64,19.08,0.03
US-xSE,-76.56,38.8901,2002,3,12,10.7,1.15,4.06,2.95,5.38,4.19
US-xSE,-76.56,38.8901,2002,3,13,12.02,6.35,7.95,4.3,4.76,6.27
US-xSE,-76.56,38.8901,2002,3,14,18.16,5.83,6.85,3.2,18.03,0.33
US-xSE,-76.56,38.8901,2002,3,15,21.73,7.84,10.59,5.75,18.4,0.14
US-xSE,-76.56,38.8901,2002,3,16,20.24,5.59,9.51,5.66,6.62,1.47
US-xSE,-76.56,38.8901,2002,3,17,5.22,2.42,0.89,6.3,4.08,9.5
US-xSE,-76.56,38.8901,2002,3,18,8.46,4.41,5.26,4.24,5.17,5.09
US-xSE,-76.56,38.8901,2002,3,19,11.13,1.83,3.11,3.65,9.01,4.65
US-xSE,-76.56,38.8901,2002,3,20,11.71,3.49,6.47,5.8,2.5,17.41
US-xSE,-76.56,38.8901,2002,3,21,12.11,0.81,1.82,4.95,17.87,0.11
US-xSE,-76.56,38.8901,2002,3,22,1.85,-4.45,-9.89,8.54,21.02,0.01
US-xSE,-76.56,38.8901,2002,3,23,9.62,-3.13,-5.01,5.93,21.94,0
US-xSE,-76.56,38.8901,2002,3,24,15.06,-0.28,0.55,3.53,20.38,0.03
US-xSE,-76.56,38.8901,2002,3,25,13.44,3.8,3.59,5.19,18.19,1.19
US-xSE,-76.56,38.8901,2002,3,26,15.13,4.76,8.98,6.07,6.93,10.82
US-xSE,-76.56,38.8901,2002,3,27,10.74,2.96,2.32,6.48,17.62,5.63
US-xSE,-76.56,38.8901,2002,3,28,11.47,-0.21,-0.59,3.49,23.98,0.04
US-xSE,-76.56,38.8901,2002,3,29,16.66,3.98,6.02,6.3,19.93,0.08
US-xSE,-76.56,38.8901,2002,3,30,18.84,9.75,8.66,4.78,15.91,0.26
US-xSE,-76.56,38.8901,2002,3,31,13.69,8.99,7.97,2.02,4.51,12.81
US-xSE,-76.56,38.8901,2002,4,1,13.87,4.83,3.49,6.04,23.34,1.18
US-xSE,-76.56,38.8901,2002,4,2,17.71,2.56,6.23,5.89,22.39,0.06
US-xSE,-76.56,38.8901,2002,4,3,21.26,4.64,9.18,7.69,16.42,1.38
US-xSE,-76.56,38.8901,2002,4,4,10.78,1.24,-1.08,4.83,24.7,0.02
US-xSE,-76.56,38.8901,2002,4,5,8.84,0.24,-2.38,4.39,22.57,0.05
US-xSE,-76.56,38.8901,2002,4,6,7.2,-0.65,-3.37,5.45,19.42,0
US-xSE,-76.56,38.8901,2002,4,7,10.13,-2.32,-2.61,3.6,24.63,0
US-xSE,-76.56,38.8901,2002,4,8,18.4,4.65,7.27,6.07,20.82,1.81
US-xSE,-76.56,38.8901,2002,4,9,23,11.75,13.23,6.52,15.27,5.39
US-xSE,-76.56,38.8901,2002,4,10,17.82,8.38,6.77,4.47,23.54,1.86
US-xSE,-76.56,38.8901,2002,4,11,17.43,5.12,5.41,4.49,25.43,0.01
US-xSE,-76.56,38.8901,2002,4,12,18.41,7.39,11.4,3.47,11.37,2.55
US-xSE,-76.56,38.8901,2002,4,13,20.64,12.38,14.06,4.78,15.36,1.07
US-xSE,-76.56,38.8901,2002,4,14,24.89,13.28,14.69,4.62,19.45,0.8
US-xSE,-76.56,38.8901,2002,4,15,26.37,15.96,16.17,4.15,21.81,2.16
US-xSE,-76.56,38.8901,2002,4,16,29.89,16.06,16.24,2.83,23.64,0.03
US-xSE,-76.56,38.8901,2002,4,17,32.37,15.94,16.53,2.6,23.55,0.08
US-xSE,-76.56,38.8901,2002,4,18,29.43,18.49,17.16,2.74,16.63,7.95
US-xSE,-76.56,38.8901,2002,4,19,28.39,16.93,16.85,3.01,14.07,1.03
US-xSE,-76.56,38.8901,2002,4,20,23.58,14.29,16.85,2.99,13.08,1.42
US-xSE,-76.56,38.8901,2002,4,21,13.66,9.37,8.03,3.28,5.23,6.25
US-xSE,-76.56,38.8901,2002,4,22,18.43,7.96,7.66,5.65,13.55,3.43
US-xSE,-76.56,38.8901,2002,4,23,13.33,3.97,-0.3,5.79,27,0
US-xSE,-76.56,38.8901,2002,4,24,16.52,3.21,1.31,3.23,27.83,0
US-xSE,-76.56,38.8901,2002,4,25,16.7,7.28,6.37,6.94,8.29,5.68
US-xSE,-76.56,38.8901,2002,4,26,16.27,6.04,1.97,4.49,19.72,0.01
US-xSE,-76.56,38.8901,2002,4,27,18.63,5.62,6.22,3.68,21.28,10.72
US-xSE,-76.56,38.8901,2002,4,28,22.56,11.13,15.25,6.99,13.02,24.7
US-xSE,-76.56,38.8901,2002,4,29,14.94,7.02,5.96,7.75,24.13,0.05
US-xSE,-76.56,38.8901,2002,4,30,18.42,4.87,6.03,4.88,27.17,0.31
US-xSE,-76.56,38.8901,2002,5,1,20.38,10.02,8.78,2.64,26.51,1.84
US-xSE,-76.56,38.8901,2002,5,2,26.38,12.3,16.58,7.52,14.12,21.43
US-xSE,-76.56,38.8901,2002,5,3,18.03,8.95,4.74,7.44,21.94,0.31
US-xSE,-76.56,38.8901,2002,5,4,17.06,5.26,4.51,3.51,19.88,4.59
US-xSE,-76.56,38.8901,2002,5,5,20.3,8.26,8.37,1.47,25.86,0.33
US-xSE,-76.56,38.8901,2002,5,6,21.46,9.07,10.68,5.02,21.11,0.19
US-xSE,-76.56,38.8901,2002,5,7,24.6,14.51,16.35,3.67,14.87,0.3
US-xSE,-76.56,38.8901,2002,5,8,24.16,12.67,13.61,4.5,21.76,0.42
US-xSE,-76.56,38.8901,2002,5,9,21.61,12.45,15.29,3.74,7.93,1.6
US-xSE,-76.56,38.8901,2002,5,10,23.41,13.64,11.08,5.39,25.73,0.01
US-xSE,-76.56,38.8901,2002,5,11,21.26,10.28,6.08,3.85,28.74,0.15
US-xSE,-76.56,38.8901,2002,5,12,27.11,13.15,16.17,5,22.82,5.38
US-xSE,-76.56,38.8901,2002,5,13,27.67,13.38,17.51,7.46,14.17,7.23
US-xSE,-76.56,38.8901,2002,5,14,17.46,10.04,5.74,9.41,23.42,0.39
US-xSE,-76.56,38.8901,2002,5,15,20.81,9.02,6.55,5.86,29.5,0.02
US-xSE,-76.56,38.8901,2002,5,16,25.81,9.73,9.37,5.05,27.14,0.48
US-xSE,-76.56,38.8901,2002,5,17,26.1,15.41,14.85,4.78,21.87,4.09
US-xSE,-76.56,38.8901,2002,5,18,18.08,8.36,9.34,5.97,10.06,21.2
US-xSE,-76.56,38.8901,2002,5,19,15.75,6.68,3.51,3.63,27.9,0
US-xSE,-76.56,38.8901,2002,5,20,15.8,5.47,3.05,3.8,27.16,0.33
US-xSE,-76.56,38.8901,2002,5,21,15.39,4.89,2.04,4.06,24.65,0
US-xSE,-76.56,38.8901,2002,5,22,18.9,5.15,3.7,2.75,30.73,0
US-xSE,-76.56,38.8901,2002,5,23,22.57,6.83,6.4,2.93,30.5,0
US-xSE,-76.56,38.8901,2002,5,24,27.6,10.16,12.01,3.93,29.1,0.08
US-xSE,-76.56,38.8901,2002,5,25,24.43,14.02,12.64,4.24,25.08,0.09
US-xSE,-76.56,38.8901,2002,5,26,27.69,13.62,15.84,2.27,22.86,2.29
US-xSE,-76.56,38.8901,2002,5,27,27.44,16.2,16.38,3.4,24.64,2.54
US-xSE,-76.56,38.8901,2002,5,28,27.81,16.5,16.44,3.73,25.71,0.36
US-xSE,-76.56,38.8901,2002,5,29,28.41,16.56,16.76,3.38,26.11,0.14
US-xSE,-76.56,38.8901,2002,5,30,28.94,16.73,16.99,2.67,27.2,0.23
US-xSE,-76.56,38.8901,2002,5,31,30.86,17.87,17.56,4.88,27.64,0.69
US-xSE,-76.56,38.8901,2002,6,1,30.95,19.17,15.36,3.48,26.85,0.11
US-xSE,-76.56,38.8901,2002,6,2,28.91,18.25,11.74,6.54,26.64,0.08
US-xSE,-76.56,38.8901,2002,6,3,25.73,14.99,7.84,2.8,29.23,0.02
US-xSE,-76.56,38.8901,2002,6,4,26.45,17.44,15.5,5.24,25.9,0.84
US-xSE,-76.56,38.8901,2002,6,5,31.8,20.05,20.42,4.08,24.7,6.35
US-xSE,-76.56,38.8901,2002,6,6,30.02,17.48,20.18,3.34,19.58,17.81
US-xSE,-76.56,38.8901,2002,6,7,22.86,14.52,12.91,5.62,17.01,0.77
US-xSE,-76.56,38.8901,2002,6,8,24.87,12.98,11.01,2.61,29.81,0.08
US-xSE,-76.56,38.8901,2002,6,9,28.41,12.68,11.64,3.31,29.02,0.01
US-xSE,-76.56,38.8901,2002,6,10,32.34,17.34,16.1,2.56,26.47,0.03
US-xSE,-76.56,38.8901,2002,6,11,33.23,19.3,16.66,3.93,25.43,0.25
US-xSE,-76.56,38.8901,2002,6,12,32.81,20.45,18.48,4.53,23.44,3.67
US-xSE,-76.56,38.8901,2002,6,13,26.35,17.01,18.91,4.05,11.44,7.69
US-xSE,-76.56,38.8901,2002,6,14,24.47,16.82,17.61,3.35,9.1,9.39
US-xSE,-76.56,38.8901,2002,6,15,26.07,15.53,13.73,3.9,22.34,1.22
US-xSE,-76.56,38.8901,2002,6,16,26.68,15.86,13.44,4.45,23.82,0.12
US-xSE,-76.56,38.8901,2002,6,17,27.51,15.71,11.84,2.46,28.46,0.23
US-xSE,-76.56,38.8901,2002,6,18,29.29,16.57,12.83,1.98,21.28,2.03
US-xSE,-76.56,38.8901,2002,6,19,28.81,17.65,16.28,2.54,20.93,2.05
US-xSE,-76.56,38.8901,2002,6,20,29,17.21,15.63,3.18,28.33,0.03
US-xSE,-76.56,38.8901,2002,6,21,29.95,15.96,13.39,2.75,29.55,0
US-xSE,-76.56,38.8901,2002,6,22,30.49,16.47,13.55,2.58,29.61,0.01
US-xSE,-76.56,38.8901,2002,6,23,31.97,17.61,16.99,2.96,27.46,0.02
US-xSE,-76.56,38.8901,2002,6,24,35.14,19.87,17.59,2.42,26.7,0.16
US-xSE,-76.56,38.8901,2002,6,25,35.14,23.38,19.36,1.94,23.19,0.15
US-xSE,-76.56,38.8901,2002,6,26,34.94,24.27,19.76,4.79,25.14,0.78
US-xSE,-76.56,38.8901,2002,6,27,31.75,23.28,21.72,5.03,23.69,5.95
US-xSE,-76.56,38.8901,2002,6,28,29.18,21.94,19.65,3.21,16.93,1.93
US-xSE,-76.56,38.8901,2002,6,29,31.89,19.72,14.83,3.28,26.59,0
US-xSE,-76.56,38.8901,2002,6,30,32.24,19.22,15.12,2.35,25.85,0
US-xSE,-76.56,38.8901,2002,7,1,33.17,19.87,15.3,3.14,24.69,0.02
US-xSE,-76.56,38.8901,2002,7,2,35.81,21.51,18.03,2.22,24.98,0.06
US-xSE,-76.56,38.8901,2002,7,3,34.8,24.16,19.9,2.39,22.18,0.4
US-xSE,-76.56,38.8901,2002,7,4,36.95,25.1,19.47,2.7,26.87,0.05
US-xSE,-76.56,38.8901,2002,7,5,33.45,22.34,12.81,4.78,29.2,0
US-xSE,-76.56,38.8901,2002,7,6,30.76,18.72,11.56,4.16,28.69,0
US-xSE,-76.56,38.8901,2002,7,7,30.69,18.19,10.71,3.39,22.26,0
US-xSE,-76.56,38.8901,2002,7,8,33.5,19.42,13.19,2.78,20.87,0
US-xSE,-76.56,38.8901,2002,7,9,35.25,20.85,17.69,4.04,23.77,7.5
US-xSE,-76.56,38.8901,2002,7,10,29.95,21.37,19.63,2.98,15.21,3.42
US-xSE,-76.56,38.8901,2002,7,11,27.32,18.02,7.21,4.03,26.24,0
US-xSE,-76.56,38.8901,2002,7,12,30.17,16.71,9.35,2.04,29.93,0
US-xSE,-76.56,38.8901,2002,7,13,28.82,19.31,14.68,2.68,17.72,3.98
US-xSE,-76.56,38.8901,2002,7,14,25.95,20.94,19.44,2.04,7.73,10.77
US-xSE,-76.56,38.8901,2002,7,15,32.25,19.32,17.87,3.09,27.29,0.19
US-xSE,-76.56,38.8901,2002,7,16,33.54,21.12,13.79,4.7,28.07,0.02
US-xSE,-76.56,38.8901,2002,7,17,35.26,19.58,14.77,3.18,27.62,0.03
US-xSE,-76.56,38.8901,2002,7,18,34.28,23.82,18.91,2.86,16.06,0.29
US-xSE,-76.56,38.8901,2002,7,19,34.01,24.73,19.57,2.88,19.36,0.5
US-xSE,-76.56,38.8901,2002,7,20,31.84,23.16,18.58,2.47,19.81,0.19
US-xSE,-76.56,38.8901,2002,7,21,32.97,21.69,18.99,3.3,23.53,0.31
US-xSE,-76.56,38.8901,2002,7,22,34.31,21.95,19.75,4.59,24.75,2.01
US-xSE,-76.56,38.8901,2002,7,23,33.78,24.09,21.07,4.93,25.19,11.61
US-xSE,-76.56,38.8901,2002,7,24,29.89,20.65,20.92,3.7,12.43,3.38
US-xSE,-76.56,38.8901,2002,7,25,27.4,19.85,15.71,5.39,14.45,0.92
US-xSE,-76.56,38.8901,2002,7,26,25.42,18.75,16.51,3.63,9.02,8.83
US-xSE,-76.56,38.8901,2002,7,27,30.91,20.2,20.58,2.77,13.02,2.87
US-xSE,-76.56,38.8901,2002,7,28,35.62,22.96,21.61,3.38,23.87,0.59
US-xSE,-76.56,38.8901,2002,7,29,35.99,25.32,21.43,4.42,24.04,0.13
US-xSE,-76.56,38.8901,2002,7,30,34.96,25.48,19.45,4.91,25.9,0.01
US-xSE,-76.56,38.8901,2002,7,31,35.24,23.83,16.76,3.09,26.02,0
US-xSE,-76.56,38.8901,2002,8,1,36.88,24.13,17.96,2.23,26.66,0.93
US-xSE,-76.56,38.8901,2002,8,2,37.08,25.28,19.48,2.02,25.79,5.29
US-xSE,-76.56,38.8901,2002,8,3,35.99,23.67,19.96,2.67,21.49,2.58
US-xSE,-76.56,38.8901,2002,8,4,35.84,24.09,18.89,3.21,25.17,0.11
US-xSE,-76.56,38.8901,2002,8,5,36.23,24.04,19.97,3.56,23.77,1.57
US-xSE,-76.56,38.8901,2002,8,6,29.45,20.32,12.97,5.9,27.9,0.48
US-xSE,-76.56,38.8901,2002,8,7,28.34,17.29,9.57,4.36,26.28,0.01
US-xSE,-76.56,38.8901,2002,8,8,29.66,17.66,10.76,3.34,26.97,0
US-xSE,-76.56,38.8901,2002,8,9,31.04,18.08,11.48,2.57,26.99,0.04
US-xSE,-76.56,38.8901,2002,8,10,32.42,19.35,13.96,3.37,26.77,0.01
US-xSE,-76.56,38.8901,2002,8,11,34.4,19.52,15.41,3.07,25.28,0
US-xSE,-76.56,38.8901,2002,8,12,36.22,21.54,16.95,2.54,23.47,0.02
US-xSE,-76.56,38.8901,2002,8,13,37.27,24.31,18.93,2.3,22.09,0.06
US-xSE,-76.56,38.8901,2002,8,14,36.21,25.09,18.39,5.3,23.25,0.05
US-xSE,-76.56,38.8901,2002,8,15,33.99,25.21,20.86,4.46,23.67,0.09
US-xSE,-76.56,38.8901,2002,8,16,34.48,25.27,20.21,3.36,16.3,0.21
US-xSE,-76.56,38.8901,2002,8,17,35.43,25.38,19.24,3.15,17.93,0.06
US-xSE,-76.56,38.8901,2002,8,18,35.34,25.12,19.57,2.78,22.47,0.07
US-xSE,-76.56,38.8901,2002,8,19,36.21,25.53,18.44,2.94,20.68,0.05
US-xSE,-76.56,38.8901,2002,8,20,34.02,24.26,18.75,3.69,21.79,0.19
US-xSE,-76.56,38.8901,2002,8,21,32.38,22.07,16.24,3.48,21.91,0
US-xSE,-76.56,38.8901,2002,8,22,33.9,21.77,18.12,4.08,19.58,0.33
US-xSE,-76.56,38.8901,2002,8,23,31.27,23.85,21.27,3.88,18.33,4.97
US-xSE,-76.56,38.8901,2002,8,24,31.37,22.65,21.85,3.28,14.83,5.26
US-xSE,-76.56,38.8901,2002,8,25,30.89,21.1,17.28,2.99,22.01,0.1
US-xSE,-76.56,38.8901,2002,8,26,29.71,21.81,17.91,2.35,10.9,1.41
US-xSE,-76.56,38.8901,2002,8,27,29.5,21.73,16.62,2.21,10.01,5.31
US-xSE,-76.56,38.8901,2002,8,28,22.15,17.81,18.34,7.22,5.11,25.67
US-xSE,-76.56,38.8901,2002,8,29,22.77,17.75,16.58,4.65,7.52,16.77
US-xSE,-76.56,38.8901,2002,8,30,24.59,17.51,14.59,2.25,11.23,0.37
US-xSE,-76.56,38.8901,2002,8,31,26.04,17.81,16.57,5.68,10.12,3.6
US-xSE,-76.56,38.8901,2002,9,1,23.03,17.92,18.36,7.55,5.67,53.5
US-xSE,-76.56,38.8901,2002,9,2,25.19,16.91,16.88,3.91,13.1,0.93
US-xSE,-76.56,38.8901,2002,9,3,28.6,16.74,18.84,2.69,21.17,0.04
US-xSE,-76.56,38.8901,2002,9,4,30.42,19.75,18.3,4.08,20.86,0.01
US-xSE,-76.56,38.8901,2002,9,5,27.58,16.77,14.69,3.61,23.84,0
US-xSE,-76.56,38.8901,2002,9,6,26.03,15.58,12.82,3.45,23.08,0
US-xSE,-76.56,38.8901,2002,9,7,26.99,16.16,14.15,2.64,23.32,0
US-xSE,-76.56,38.8901,2002,9,8,27.8,16.19,15.92,2.06,22.23,0
US-xSE,-76.56,38.8901,2002,9,9,30.31,15.09,14.8,2.52,23.23,0
US-xSE,-76.56,38.8901,2002,9,10,30.41,20.23,20.3,2.55,15.79,0.38
US-xSE,-76.56,38.8901,2002,9,11,26.26,17.38,11.42,7.36,22.58,0.01
US-xSE,-76.56,38.8901,2002,9,12,24.7,13.71,7.62,3.39,23.4,0
US-xSE,-76.56,38.8901,2002,9,13,28.13,13.69,12.75,4.34,22.7,0
US-xSE,-76.56,38.8901,2002,9,14,28.2,18.23,19.55,5.03,9.8,0.77
US-xSE,-76.56,38.8901,2002,9,15,25.48,21.82,21.68,4.45,7.04,10.41
US-xSE,-76.56,38.8901,2002,9,16,28.85,21.45,20.42,2.97,13.2,0.8
US-xSE,-76.56,38.8901,2002,9,17,28.15,18.02,13.04,3.02,20.39,0
US-xSE,-76.56,38.8901,2002,9,18,28.24,17.04,14.07,2.8,19.25,0
US-xSE,-76.56,38.8901,2002,9,19,27.52,17.44,16.71,3.66,17.92,0.23
US-xSE,-76.56,38.8901,2002,9,20,28.76,18.93,18.63,4.26,16.9,0.1
US-xSE,-76.56,38.8901,2002,9,21,29.9,20.14,19.48,4.82,18.49,0.56
US-xSE,-76.56,38.8901,2002,9,22,29.68,19.87,18.74,4.44,19.32,0.63
US-xSE,-76.56,38.8901,2002,9,23,24.47,16.11,14.31,4.78,13.03,1.24
US-xSE,-76.56,38.8901,2002,9,24,26.03,13.44,8.26,3.21,20.95,0
US-xSE,-76.56,38.8901,2002,9,25,24.86,15.3,12.91,3.72,12.34,2.26
US-xSE,-76.56,38.8901,2002,9,26,19.24,16.64,16.48,5.44,3.83,25.98
US-xSE,-76.56,38.8901,2002,9,27,28.83,17.52,21.12,6.09,11.5,6.18
US-xSE,-76.56,38.8901,2002,9,28,25.31,16.57,15.06,5.58,19.55,0.52
US-xSE,-76.56,38.8901,2002,9,29,24.18,13.21,13.37,2.95,18.4,0
US-xSE,-76.56,38.8901,2002,9,30,24.92,14.3,13.9,2.83,17.85,0
US-xSE,-76.56,38.8901,2002,10,1,27.24,16.17,17.3,3.69,17.9,0
US-xSE,-76.56,38.8901,2002,10,2,29.44,17.78,17.64,2.89,17.02,0
US-xSE,-76.56,38.8901,2002,10,3,30.36,19.46,19.16,2.85,14.38,0.63
US-xSE,-76.56,38.8901,2002,10,4,28.99,20.94,20.31,5.84,12.17,0.37
US-xSE,-76.56,38.8901,2002,10,5,29.98,17.35,16.86,5.45,16.83,0.03
US-xSE,-76.56,38.8901,2002,10,6,23.51,14.38,11.52,4.32,17.45,0
US-xSE,-76.56,38.8901,2002,10,7,25.99,13.75,13.17,4.7,12.89,0.02
US-xSE,-76.56,38.8901,2002,10,8,18.38,9.95,4.94,3.93,15.97,0
US-xSE,-76.56,38.8901,2002,10,9,22.08,11.11,12.64,2.7,6.08,4.91
US-xSE,-76.56,38.8901,2002,10,10,20.89,16.46,17.74,3.23,4.16,35.85
US-xSE,-76.56,38.8901,2002,10,11,20.19,18.86,18.66,4.29,3.54,25.25
US-xSE,-76.56,38.8901,2002,10,12,23.57,16.05,17.4,5.12,8.28,0.53
US-xSE,-76.56,38.8901,2002,10,13,22.18,13.57,14.9,3.13,6.6,0.68
US-xSE,-76.56,38.8901,2002,10,14,15.06,8.44,4.19,4.82,17.61,0
US-xSE,-76.56,38.8901,2002,10,15,15.88,7.77,9.4,4.4,6.68,6.6
US-xSE,-76.56,38.8901,2002,10,16,14.95,10.3,12.14,7.42,5.11,31.67
US-xSE,-76.56,38.8901,2002,10,17,17.22,8.62,9.08,3.72,9.36,0.63
US-xSE,-76.56,38.8901,2002,10,18,14.93,4.84,4.35,3.75,16.29,0
US-xSE,-76.56,38.8901,2002,10,19,18.48,9.13,9.78,5.61,7.44,0.15
US-xSE,-76.56,38.8901,2002,10,20,15.07,10.16,9.09,2.58,6.29,0.39
US-xSE,-76.56,38.8901,2002,10,21,15.5,7.74,6.02,3.22,7.97,0.12
US-xSE,-76.56,38.8901,2002,10,22,16.43,6,5.81,2.07,12.58,0.01
US-xSE,-76.56,38.8901,2002,10,23,16.66,7.01,7.53,3.97,14.46,0.07
US-xSE,-76.56,38.8901,2002,10,24,10.38,5.43,3.96,3.92,4.97,1.42
US-xSE,-76.56,38.8901,2002,10,25,13.4,6.98,8.87,4.82,4.62,14.53
US-xSE,-76.56,38.8901,2002,10,26,18.81,10.18,11.79,3.91,10.95,7.92
US-xSE,-76.56,38.8901,2002,10,27,16.84,7.09,8.39,3.42,12.68,0.63
US-xSE,-76.56,38.8901,2002,10,28,10.89,6.87,6.66,2.79,3.04,7.6
US-xSE,-76.56,38.8901,2002,10,29,8.38,3.84,4.11,6.01,2.9,14.58
US-xSE,-76.56,38.8901,2002,10,30,7.51,3.59,4.37,6.7,3.25,10.72
US-xSE,-76.56,38.8901,2002,10,31,10.19,2.82,1.76,4.69,7.07,0.74
US-xSE,-76.56,38.8901,2002,11,1,11.58,1.2,2.73,5.35,9.03,0.04
US-xSE,-76.56,38.8901,2002,11,2,9.29,0.87,-0.83,5.08,13.38,0
US-xSE,-76.56,38.8901,2002,11,3,10.66,1.28,0.26,3.26,13.3,0
US-xSE,-76.56,38.8901,2002,11,4,11.32,3.82,4.87,3.99,5.78,2.66
US-xSE,-76.56,38.8901,2002,11,5,9.47,2.59,4.1,3.65,6.39,10.11
US-xSE,-76.56,38.8901,2002,11,6,13.51,5.88,6.32,6.48,6.71,6.63
US-xSE,-76.56,38.8901,2002,11,7,10.88,3.79,2.73,5.84,9.06,0
US-xSE,-76.56,38.8901,2002,11,8,14.97,2.96,5.73,4.84,13.19,0
US-xSE,-76.56,38.8901,2002,11,9,16.7,6.16,9.16,4.66,11.6,0
US-xSE,-76.56,38.8901,2002,11,10,21.25,11.56,14.33,6.43,8.01,1.65
US-xSE,-76.56,38.8901,2002,11,11,20.13,13.4,15.86,4.5,3.06,15.85
US-xSE,-76.56,38.8901,2002,11,12,14.06,8.92,10.83,5.08,1.84,15.88
US-xSE,-76.56,38.8901,2002,11,13,9.52,4.15,5.75,5.68,3.48,1.24
US-xSE,-76.56,38.8901,2002,11,14,14.6,2.87,5.29,3.96,12.12,0
US-xSE,-76.56,38.8901,2002,11,15,13.34,5.93,7.1,3.72,9.45,0.69
US-xSE,-76.56,38.8901,2002,11,16,12.42,8.42,10.35,5.43,1.71,40.32
US-xSE,-76.56,38.8901,2002,11,17,7.66,3.92,4.66,6.26,1.78,18.16
US-xSE,-76.56,38.8901,2002,11,18,8.82,2.07,-0.19,6.63,12.06,0.08
US-xSE,-76.56,38.8901,2002,11,19,10.65,-0.11,2.46,3.69,9.69,0.33
US-xSE,-76.56,38.8901,2002,11,20,13.36,2.77,4.75,2.86,9.66,0
US-xSE,-76.56,38.8901,2002,11,21,12.82,4.44,9.08,2.29,4.13,3.48
US-xSE,-76.56,38.8901,2002,11,22,11.9,3.56,6.44,4.76,3.31,1.45
US-xSE,-76.56,38.8901,2002,11,23,7.28,1.6,-0.85,7.83,11.32,0
US-xSE,-76.56,38.8901,2002,11,24,11.79,0.72,2.26,3.48,10.99,0
US-xSE,-76.56,38.8901,2002,11,25,14.14,3.59,6.47,2.89,9.53,0.09
US-xSE,-76.56,38.8901,2002,11,26,8.85,2.73,2.24,3.13,7.55,0.55
US-xSE,-76.56,38.8901,2002,11,27,5.46,-1.86,-0.25,5.57,6.78,1.86
US-xSE,-76.56,38.8901,2002,11,28,3.61,-3.45,-4.28,4.16,9.66,0
US-xSE,-76.56,38.8901,2002,11,29,5.97,-2.53,-1.77,6.5,7.59,0
US-xSE,-76.56,38.8901,2002,11,30,10.34,2,3.03,6.59,3.24,0.99
US-xSE,-76.56,38.8901,2002,12,1,1.71,-2.52,-5.83,7.77,10.37,0.02
US-xSE,-76.56,38.8901,2002,12,2,6.83,-2.25,-1.84,4.48,7.76,0.01
US-xSE,-76.56,38.8901,2002,12,3,1.32,-4.77,-8.22,6.34,11.04,0
US-xSE,-76.56,38.8901,2002,12,4,0.02,-5.34,-7.54,2.76,7.43,1.15
US-xSE,-76.56,38.8901,2002,12,5,0.54,-3.69,-2.38,5.44,2.99,20.24
US-xSE,-76.56,38.8901,2002,12,6,0.89,-7.25,-5.63,4.37,5.68,0.28
US-xSE,-76.56,38.8901,2002,12,7,2.19,-8.85,-4.41,3.73,9.87,0
US-xSE,-76.56,38.8901,2002,12,8,4.46,-4.54,-1.44,4.47,7.13,0.14
US-xSE,-76.56,38.8901,2002,12,9,-0.9,-6.54,-7.5,3.31,8.6,0
US-xSE,-76.56,38.8901,2002,12,10,1.04,-4.51,-4.84,2.16,4.62,0.14
US-xSE,-76.56,38.8901,2002,12,11,2.77,-0.04,0.56,5.55,2.44,38.97
US-xSE,-76.56,38.8901,2002,12,12,4.69,-1.83,-0.29,4.75,6.6,0
US-xSE,-76.56,38.8901,2002,12,13,4.64,-0.92,1.33,3.76,1.56,15.08
US-xSE,-76.56,38.8901,2002,12,14,5.05,1.43,2.03,6.94,5.11,0.42
US-xSE,-76.56,38.8901,2002,12,15,7.36,-0.43,0.76,5.03,9.61,0.07
US-xSE,-76.56,38.8901,2002,12,16,4.61,-2.53,-0.91,7.25,9.16,0.3
US-xSE,-76.56,38.8901,2002,12,17,2.1,-4.29,-5.47,3.56,10.06,0
US-xSE,-76.56,38.8901,2002,12,18,2.89,-3.69,-4.41,2.71,6.18,0.02
US-xSE,-76.56,38.8901,2002,12,19,10.38,-0.8,4.34,4.62,2.91,2.55
US-xSE,-76.56,38.8901,2002,12,20,14.01,1.95,7.85,7.05,2.48,14.97
US-xSE,-76.56,38.8901,2002,12,21,9.64,1.79,1.01,6.04,9.87,0
US-xSE,-76.56,38.8901,2002,12,22,10.54,1.05,2.72,4.92,8.6,0.26
US-xSE,-76.56,38.8901,2002,12,23,7.89,0.68,-0.7,5.63,9.57,0.02
US-xSE,-76.56,38.8901,2002,12,24,3.45,-0.25,-1.46,3.95,3.37,11.72
US-xSE,-76.56,38.8901,2002,12,25,3.47,0.3,0.65,8.65,3.06,19.22
US-xSE,-76.56,38.8901,2002,12,26,3.14,-3.39,-2.49,8.3,9.96,0.9
US-xSE,-76.56,38.8901,2002,12,27,0.48,-4.68,-4.67,3.36,8.76,0.09
US-xSE,-76.56,38.8901,2002,12,28,4.34,-3.63,-2.01,4.07,9.17,0
US-xSE,-76.56,38.8901,2002,12,29,5.97,-1.6,-0.55,3.51,8.06,0
US-xSE,-76.56,38.8901,2002,12,30,6.78,-2.06,1.07,3.31,8.14,0.02
US-xSE,-76.56,38.8901,2002,12,31,9.06,2.98,5.32,3.55,8.91,0.24
US-xSE,-76.56,38.8901,2003,1,1,12.31,3.52,8.59,5,2.06,29.86
US-xSE,-76.56,38.8901,2003,1,2,4.99,1.52,1.73,5.12,2.46,2.51
US-xSE,-76.56,38.8901,2003,1,3,8.1,0.91,4.15,5.85,1.98,9.35
US-xSE,-76.56,38.8901,2003,1,4,3.49,-2.19,-2.1,7.4,6.14,1.65
US-xSE,-76.56,38.8901,2003,1,5,1.02,-2.93,-2.55,2.66,2.19,3.55
US-xSE,-76.56,38.8901,2003,1,6,2.9,-1.73,-0.94,3.43,6.43,0.61
US-xSE,-76.56,38.8901,2003,1,7,0.14,-4.56,-5.07,8.05,9.77,0.12
US-xSE,-76.56,38.8901,2003,1,8,7.41,0.3,1.13,6.05,8.57,0
US-xSE,-76.56,38.8901,2003,1,9,11.56,2.62,3.32,5.16,10.46,0.01
US-xSE,-76.56,38.8901,2003,1,10,5.82,-0.51,-0.77,6.31,8.57,0.01
US-xSE,-76.56,38.8901,2003,1,11,0.84,-3.37,-6.45,6.33,11.37,0
US-xSE,-76.56,38.8901,2003,1,12,0.1,-4.65,-7.1,6.34,11.28,0
US-xSE,-76.56,38.8901,2003,1,13,4.54,-4.52,-4.25,4.69,10.69,0
US-xSE,-76.56,38.8901,2003,1,14,-0.33,-5.06,-6.86,3.25,7.84,0.11
US-xSE,-76.56,38.8901,2003,1,15,-1.27,-6.96,-7.79,5.36,8.42,0.14
US-xSE,-76.56,38.8901,2003,1,16,-2.76,-8.78,-8.75,3.75,7.62,2.18
US-xSE,-76.56,38.8901,2003,1,17,-0.75,-8.29,-6.86,6.07,8.52,0.29
US-xSE,-76.56,38.8901,2003,1,18,-4.99,-12.18,-12.31,3.91,10.7,0
US-xSE,-76.56,38.8901,2003,1,19,-1.74,-8.2,-7.8,5.43,8.04,0
US-xSE,-76.56,38.8901,2003,1,20,2.07,-6.32,-5.93,6.87,8.18,0.01
US-xSE,-76.56,38.8901,2003,1,21,-1.8,-8.16,-8.96,3.93,5.01,0.17
US-xSE,-76.56,38.8901,2003,1,22,-4,-10.54,-11.18,6.18,10.9,0
US-xSE,-76.56,38.8901,2003,1,23,-7.08,-10.12,-13.26,8.61,11.46,0.03
US-xSE,-76.56,38.8901,2003,1,24,-0.96,-10.84,-10.68,7.98,12.24,0.02
US-xSE,-76.56,38.8901,2003,1,25,0.19,-10.59,-8.52,3.74,12.36,0
US-xSE,-76.56,38.8901,2003,1,26,2.3,-6.35,-3.77,3.23,7.49,0.25
US-xSE,-76.56,38.8901,2003,1,27,-2.96,-11.14,-11.96,7.39,12.89,0.01
US-xSE,-76.56,38.8901,2003,1,28,-0.42,-11.07,-10.16,3.02,10.57,0.3
US-xSE,-76.56,38.8901,2003,1,29,1.06,-2.52,-1.89,2.22,2.69,2.61
US-xSE,-76.56,38.8901,2003,1,30,0.82,-4.57,-2.89,4.47,2.56,0.81
US-xSE,-76.56,38.8901,2003,1,31,2.87,-1.28,0.01,4.35,2.71,2.27
US-xSE,-76.56,38.8901,2003,2,1,2.47,-0.4,0.94,3.9,2.97,5.1
US-xSE,-76.56,38.8901,2003,2,2,5.8,-0.95,-0.58,6.06,9.95,0.21
US-xSE,-76.56,38.8901,2003,2,3,7.25,-1.52,-0.44,3.32,11.21,1.15
US-xSE,-76.56,38.8901,2003,2,4,10.01,-0.79,2.27,7.35,8.58,7.13
US-xSE,-76.56,38.8901,2003,2,5,1.34,-3.54,-5.83,5.96,14.52,0.5
US-xSE,-76.56,38.8901,2003,2,6,0.65,-3.54,-5.83,2.26,8.44,3.82
US-xSE,-76.56,38.8901,2003,2,7,1.66,-2.87,-2.43,4.86,5.92,10.94
US-xSE,-76.56,38.8901,2003,2,8,-0.92,-7.37,-7.65,4.66,13.74,0
US-xSE,-76.56,38.8901,2003,2,9,3.36,-8.22,-5.06,3.6,13.2,0.13
US-xSE,-76.56,38.8901,2003,2,10,1.31,-1.25,-1.28,4.23,3.5,2.42
US-xSE,-76.56,38.8901,2003,2,11,2.12,-5.85,-4.58,4.94,12.32,0.27
US-xSE,-76.56,38.8901,2003,2,12,1.07,-6.42,-6.4,7.87,14.87,0.15
US-xSE,-76.56,38.8901,2003,2,13,1.59,-7.69,-8,6.81,14.41,0.37
US-xSE,-76.56,38.8901,2003,2,14,4.06,-6.95,-5.08,2.74,11.01,1.04
US-xSE,-76.56,38.8901,2003,2,15,0.16,-4.82,-3.07,6.09,2.1,15.96
US-xSE,-76.56,38.8901,2003,2,16,-4.61,-8.75,-8.69,9.24,1.7,35.14
US-xSE,-76.56,38.8901,2003,2,17,-0.41,-4.87,-3.11,9.06,5.52,14.89
US-xSE,-76.56,38.8901,2003,2,18,0.71,-6.89,-4.67,3.46,11.73,1.4
US-xSE,-76.56,38.8901,2003,2,19,1.26,-6.77,-2.96,2.69,10.22,0.46
US-xSE,-76.56,38.8901,2003,2,20,3.58,-2.29,-1.55,2.57,14.45,0.07
US-xSE,-76.56,38.8901,2003,2,21,1.58,-2.76,-0.89,2.12,5.53,20.2
US-xSE,-76.56,38.8901,2003,2,22,7.41,0.66,1.68,3.79,2.16,28.9
US-xSE,-76.56,38.8901,2003,2,23,9.02,-1.76,2.2,9.35,5.81,14.78
US-xSE,-76.56,38.8901,2003,2,24,7.03,-2.88,-1.41,4.38,11.23,0.48
US-xSE,-76.56,38.8901,2003,2,25,0.56,-3.81,-4.73,5.01,11.77,0.72
US-xSE,-76.56,38.8901,2003,2,26,-1.62,-4.54,-5.33,5.17,5.74,4.66
US-xSE,-76.56,38.8901,2003,2,27,0.77,-3.72,-2.45,5.55,4.21,5.72
US-xSE,-76.56,38.8901,2003,2,28,2.28,-1.63,-1.55,3.46,7.28,1.51
US-xSE,-76.56,38.8901,2003,3,1,4.58,-2.07,0.46,3.35,5.87,1.68
US-xSE,-76.56,38.8901,2003,3,2,6.6,0.76,2.06,3.85,9.86,11.35
US-xSE,-76.56,38.8901,2003,3,3,0.95,-6.78,-8.16,6.64,18.89,0
US-xSE,-76.56,38.8901,2003,3,4,5.55,-6.13,-3.12,4.1,13.47,0.15
US-xSE,-76.56,38.8901,2003,3,5,14.38,1.97,6.15,3.8,12.25,4.18
US-xSE,-76.56,38.8901,2003,3,6,4.2,-3.38,0.75,5.37,4.56,12.89
US-xSE,-76.56,38.8901,2003,3,7,3.02,-4.29,-3.97,3.41,11.39,0.01
US-xSE,-76.56,38.8901,2003,3,8,8.76,-1.53,1.12,3.6,18.37,0
US-xSE,-76.56,38.8901,2003,3,9,9.01,-2.92,1.37,7.63,18.24,0.04
US-xSE,-76.56,38.8901,2003,3,10,1.32,-3.47,-6.36,5.53,20.5,0.12
US-xSE,-76.56,38.8901,2003,3,11,4.14,-3.13,-2.6,3.6,7.7,0.28
US-xSE,-76.56,38.8901,2003,3,12,9.09,-0.6,2.4,3.24,15.31,0.48
US-xSE,-76.56,38.8901,2003,3,13,14.91,2.41,5.74,4.01,15.92,1
US-xSE,-76.56,38.8901,2003,3,14,4.9,-3.04,-3.74,4.18,20.69,0
US-xSE,-76.56,38.8901,2003,3,15,11.54,-1.78,1.9,4,16.23,0.01
US-xSE,-76.56,38.8901,2003,3,16,16.36,3.69,8.21,2.68,11.17,1.69
US-xSE,-76.56,38.8901,2003,3,17,15.8,7.86,10.86,2.33,8.86,4.82
US-xSE,-76.56,38.8901,2003,3,18,17.65,6.13,10.28,3.66,12.95,0.05
US-xSE,-76.56,38.8901,2003,3,19,8.29,2.44,2.45,6.39,11.51,0.02
US-xSE,-76.56,38.8901,2003,3,20,11.77,2.73,6.57,7.38,3.02,37.39
US-xSE,-76.56,38.8901,2003,3,21,15.2,4.18,9.17,2.96,6.21,0.44
US-xSE,-76.56,38.8901,2003,3,22,16.19,6.91,8.2,3.79,19.05,0
US-xSE,-76.56,38.8901,2003,3,23,14.76,4.35,5.9,2.77,18.79,0
US-xSE,-76.56,38.8901,2003,3,24,16.14,5.7,6.12,1.99,21.29,0
US-xSE,-76.56,38.8901,2003,3,25,16.52,4.78,7.73,5.26,21.4,0.04
US-xSE,-76.56,38.8901,2003,3,26,20.11,6.2,9.81,5.03,18.35,7.19
US-xSE,-76.56,38.8901,2003,3,27,15.6,4.2,5.73,2.61,22.54,0
US-xSE,-76.56,38.8901,2003,3,28,14.11,3.41,8.1,4.63,7.78,4.93
US-xSE,-76.56,38.8901,2003,3,29,18.99,9.65,12.87,6.69,10.15,9.63
US-xSE,-76.56,38.8901,2003,3,30,9.24,0.71,2.9,7.3,3.39,10.27
US-xSE,-76.56,38.8901,2003,3,31,5.18,-1.3,-2.24,7.2,21.73,0.07
US-xSE,-76.56,38.8901,2003,4,1,13.58,-1.69,4.29,5.37,12.75,0.01
US-xSE,-76.56,38.8901,2003,4,2,21.73,7.46,11.83,4.5,22.46,0
US-xSE,-76.56,38.8901,2003,4,3,23.32,8.58,12.28,3.39,22.81,0.12
US-xSE,-76.56,38.8901,2003,4,4,9.53,6.24,6.84,4.76,10.12,0.07
US-xSE,-76.56,38.8901,2003,4,5,14.93,6.07,8.53,3.99,10.37,0.61
US-xSE,-76.56,38.8901,2003,4,6,10.75,1.56,0.93,4.46,24.12,0.01
US-xSE,-76.56,38.8901,2003,4,7,4.47,1.79,1.65,7.45,3.23,20.42
US-xSE,-76.56,38.8901,2003,4,8,4.87,1.93,1.88,4.65,4.95,1.67
US-xSE,-76.56,38.8901,2003,4,9,4.81,1.04,2.02,5.93,4.95,16.75
US-xSE,-76.56,38.8901,2003,4,10,9.6,1.85,2.72,8.88,16.12,3.15
US-xSE,-76.56,38.8901,2003,4,11,7.66,4.4,5.15,7.34,5.18,13.29
US-xSE,-76.56,38.8901,2003,4,12,16.68,6.43,7,6.26,23.23,0.49
US-xSE,-76.56,38.8901,2003,4,13,14.79,4.93,4.04,3.65,26.31,0.01
US-xSE,-76.56,38.8901,2003,4,14,17.6,4.4,6.12,3.34,24.1,0.04
US-xSE,-76.56,38.8901,2003,4,15,22.53,7.3,12.07,5.03,24.77,0
US-xSE,-76.56,38.8901,2003,4,16,25.87,12.97,15.27,3.94,22.31,0.01
US-xSE,-76.56,38.8901,2003,4,17,16.16,3.96,4.8,9.14,10.97,0.5
US-xSE,-76.56,38.8901,2003,4,18,10.41,3.94,5.35,6.48,5.15,2.77
US-xSE,-76.56,38.8901,2003,4,19,14.94,5.07,6.55,4.03,16.62,0.06
US-xSE,-76.56,38.8901,2003,4,20,17.45,3.24,6.88,2.81,22.64,0
US-xSE,-76.56,38.8901,2003,4,21,17.23,5.81,9.91,4.5,14.18,0.48
US-xSE,-76.56,38.8901,2003,4,22,18.89,7.74,10.38,4.38,14.65,0.42
US-xSE,-76.56,38.8901,2003,4,23,14.17,4.59,2.74,7,28.08,0
US-xSE,-76.56,38.8901,2003,4,24,15.82,2.68,2.62,5.03,27.75,0.17
US-xSE,-76.56,38.8901,2003,4,25,19.44,8.14,9.92,4.35,11.96,9.05
US-xSE,-76.56,38.8901,2003,4,26,17.44,11.18,12.41,3.56,7.61,8.25
US-xSE,-76.56,38.8901,2003,4,27,18.55,10.2,8.73,3.64,27.58,0.04
US-xSE,-76.56,38.8901,2003,4,28,21.98,7.96,9.58,3.51,27.48,0.02
US-xSE,-76.56,38.8901,2003,4,29,21.76,12.59,14.24,3.31,17.9,0.17
US-xSE,-76.56,38.8901,2003,4,30,20.19,10.16,10.15,3.88,24.58,0.74
US-xSE,-76.56,38.8901,2003,5,1,23.42,11.05,15.16,4.96,19.81,0.66
US-xSE,-76.56,38.8901,2003,5,2,24.35,13.44,16.27,3.95,19.89,0.41
US-xSE,-76.56,38.8901,2003,5,3,16.07,8.86,9.44,3.88,12.14,0.01
US-xSE,-76.56,38.8901,2003,5,4,16.12,6.75,5.3,2.68,20.27,0.42
US-xSE,-76.56,38.8901,2003,5,5,11.55,5.66,6.69,4.05,5.64,1.94
US-xSE,-76.56,38.8901,2003,5,6,18.06,10.13,12.32,1.88,12.43,0.52
US-xSE,-76.56,38.8901,2003,5,7,24.34,11.38,15.68,2.11,21.71,10.7
US-xSE,-76.56,38.8901,2003,5,8,22.86,13.17,16.1,3.02,17.56,5.59
US-xSE,-76.56,38.8901,2003,5,9,20.63,11.14,13.9,3.23,5.21,6
US-xSE,-76.56,38.8901,2003,5,10,20.77,12.14,15.33,2.61,9.12,1.7
US-xSE,-76.56,38.8901,2003,5,11,23.25,15.61,18.32,4.89,14.49,1.92
US-xSE,-76.56,38.8901,2003,5,12,19.45,12.63,11.11,7.04,18.29,0.17
US-xSE,-76.56,38.8901,2003,5,13,16.67,9.92,8.67,7.42,21.28,0.02
US-xSE,-76.56,38.8901,2003,5,14,19.51,8.35,8.55,4.32,29.11,0
US-xSE,-76.56,38.8901,2003,5,15,20.38,10.07,11.82,5.61,17.28,8.21
US-xSE,-76.56,38.8901,2003,5,16,13.99,9.72,11.76,8.28,4.4,36.26
US-xSE,-76.56,38.8901,2003,5,17,13.48,8.4,8.72,5.14,5.65,0.9
US-xSE,-76.56,38.8901,2003,5,18,15.11,8.25,8.71,2.92,7.44,4.43
US-xSE,-76.56,38.8901,2003,5,19,20.37,6.68,9.05,3.43,29.12,0
US-xSE,-76.56,38.8901,2003,5,20,21.6,9.5,8.02,2.44,26.58,0.45
US-xSE,-76.56,38.8901,2003,5,21,17.33,12.21,13.14,4.37,6.5,14.64
US-xSE,-76.56,38.8901,2003,5,22,15.31,12.09,12.15,3.79,4.75,0.8
US-xSE,-76.56,38.8901,2003,5,23,16.01,11.22,12.05,3.91,5.76,8.66
US-xSE,-76.56,38.8901,2003,5,24,19.8,11.41,13.76,2.04,11.88,4.4
US-xSE,-76.56,38.8901,2003,5,25,18.31,13.46,14.67,2.7,6.52,12.06
US-xSE,-76.56,38.8901,2003,5,26,19.67,12.88,13.56,3.81,16.03,27.26
US-xSE,-76.56,38.8901,2003,5,27,19.3,10.37,12.82,2.04,7.05,3.42
US-xSE,-76.56,38.8901,2003,5,28,17.13,11.49,12.66,3.06,15.66,3.86
US-xSE,-76.56,38.8901,2003,5,29,18.47,11.78,13.16,1.92,8.36,0.94
US-xSE,-76.56,38.8901,2003,5,30,23.63,11.17,14.2,3.41,27.69,0.06
US-xSE,-76.56,38.8901,2003,5,31,22.82,15.41,16.42,4.67,11.38,9.99
US-xSE,-76.56,38.8901,2003,6,1,16.98,11.65,11.98,8.9,15.09,1.61
US-xSE,-76.56,38.8901,2003,6,2,20.15,8.9,9.06,4.08,28.98,0.01
US-xSE,-76.56,38.8901,2003,6,3,19.41,12.38,12.76,4.3,8.38,9.83
US-xSE,-76.56,38.8901,2003,6,4,24.36,16.2,18.2,2.28,6.91,6.35
US-xSE,-76.56,38.8901,2003,6,5,22.08,15.02,14.65,4.14,26.07,2.19
US-xSE,-76.56,38.8901,2003,6,6,23.06,13.71,14.1,3.31,29.08,0
US-xSE,-76.56,38.8901,2003,6,7,22.32,15.27,18.08,4.41,6.12,42.98
US-xSE,-76.56,38.8901,2003,6,8,22.03,14.78,15.88,2.91,9.88,2.41
US-xSE,-76.56,38.8901,2003,6,9,24.53,14.41,15.9,2.86,26.26,1.54
US-xSE,-76.56,38.8901,2003,6,10,25.96,16.03,16.92,3.16,25.33,0.15
US-xSE,-76.56,38.8901,2003,6,11,26.97,17.99,20.44,4.28,22.02,9.87
US-xSE,-76.56,38.8901,2003,6,12,26.41,19.97,21.69,3.41,21.56,7.77
US-xSE,-76.56,38.8901,2003,6,13,27.3,21.03,22.1,3.71,18.75,8.78
US-xSE,-76.56,38.8901,2003,6,14,28.59,20.3,21.47,2.81,22.63,7.83
US-xSE,-76.56,38.8901,2003,6,15,25.18,19.95,17.8,2.04,15.41,1.2
US-xSE,-76.56,38.8901,2003,6,16,21.41,14.05,15.83,5.18,15.13,1.24
US-xSE,-76.56,38.8901,2003,6,17,19.84,13.64,14.13,3.81,9.26,10.56
US-xSE,-76.56,38.8901,2003,6,18,25.04,15.6,18.33,1.94,11.59,6.92
US-xSE,-76.56,38.8901,2003,6,19,25.86,20.03,19.41,2.09,16.93,26.94
US-xSE,-76.56,38.8901,2003,6,20,22.94,14.17,17.18,4.05,7.55,18.28
US-xSE,-76.56,38.8901,2003,6,21,21.02,12.52,14.47,3.4,22.15,6.58
US-xSE,-76.56,38.8901,2003,6,22,22.35,14.61,16.34,4.41,17.84,0.89
US-xSE,-76.56,38.8901,2003,6,23,27.7,16.76,18.7,4.69,27.95,0
US-xSE,-76.56,38.8901,2003,6,24,29.9,18.25,18.76,3.57,28.62,0
US-xSE,-76.56,38.8901,2003,6,25,30.5,17.35,18.92,3.39,29.27,0.01
US-xSE,-76.56,38.8901,2003,6,26,30.94,20.36,20.97,3.28,27.25,0.02
US-xSE,-76.56,38.8901,2003,6,27,29.28,19.4,20.89,4.1,22.79,3.61
US-xSE,-76.56,38.8901,2003,6,28,24.9,18.47,17.36,2.71,18.91,0.06
US-xSE,-76.56,38.8901,2003,6,29,28.11,18.17,20.26,2.67,26.5,0.17
US-xSE,-76.56,38.8901,2003,6,30,30.09,20.48,21.17,2.56,25.09,4.53
US-xSE,-76.56,38.8901,2003,7,1,27.44,19.72,18.71,2.39,20.06,0.03
US-xSE,-76.56,38.8901,2003,7,2,24.16,19.67,20.2,3.71,7.7,25.82
US-xSE,-76.56,38.8901,2003,7,3,27.16,20.3,21.64,2.7,10.94,16.1
US-xSE,-76.56,38.8901,2003,7,4,29.61,19.72,21.55,3.79,26.31,0.62
US-xSE,-76.56,38.8901,2003,7,5,30.86,22.13,23.26,3.73,26.55,4.98
US-xSE,-76.56,38.8901,2003,7,6,29.84,22.62,23.28,3.2,26.75,6
US-xSE,-76.56,38.8901,2003,7,7,29.62,21.56,22.65,2.95,24.12,3.29
US-xSE,-76.56,38.8901,2003,7,8,28.68,22.81,23.7,3.66,21.31,2.69
US-xSE,-76.56,38.8901,2003,7,9,29.99,22.9,22.96,3.27,23.07,10.33
US-xSE,-76.56,38.8901,2003,7,10,26.77,21.35,21.55,3.56,14.63,10.18
US-xSE,-76.56,38.8901,2003,7,11,28.55,20.96,22.33,4.25,22.31,5.65
US-xSE,-76.56,38.8901,2003,7,12,27.61,18.54,19.46,3.82,28.05,1.97
US-xSE,-76.56,38.8901,2003,7,13,26.71,18.8,17.62,1.98,25.98,0.71
US-xSE,-76.56,38.8901,2003,7,14,26.03,20.35,20.24,2.25,20.51,7
US-xSE,-76.56,38.8901,2003,7,15,27.79,18.67,19.88,2.84,26.53,0.02
US-xSE,-76.56,38.8901,2003,7,16,28.94,21.64,21.49,4.51,23.74,0.1
US-xSE,-76.56,38.8901,2003,7,17,26.52,18.72,17.03,3.43,29.32,0
US-xSE,-76.56,38.8901,2003,7,18,28.13,18.39,19.04,2.65,21.31,4.48
US-xSE,-76.56,38.8901,2003,7,19,26.83,19.69,18.74,2.57,20.33,0.04
US-xSE,-76.56,38.8901,2003,7,20,27.49,18.03,17.1,2.62,26.94,0
US-xSE,-76.56,38.8901,2003,7,21,29.33,21.26,22.62,5.52,25.74,2.41
US-xSE,-76.56,38.8901,2003,7,22,28.92,23.25,23.64,4.82,18.3,9.48
US-xSE,-76.56,38.8901,2003,7,23,25.62,21.86,21.8,3,12.19,5.96
US-xSE,-76.56,38.8901,2003,7,24,25.81,20.21,19.63,3.49,22.43,1.21
US-xSE,-76.56,38.8901,2003,7,25,28.44,17.97,17.89,2.41,27.75,0
US-xSE,-76.56,38.8901,2003,7,26,28.42,18.17,19.8,3.71,26.75,0.01
US-xSE,-76.56,38.8901,2003,7,27,29.87,21.03,22.4,4.7,17.43,2.44
US-xSE,-76.56,38.8901,2003,7,28,27.98,20.42,21.16,3.32,13.01,7.58
US-xSE,-76.56,38.8901,2003,7,29,24.03,18.72,18.09,2.35,15.44,6.3
US-xSE,-76.56,38.8901,2003,7,30,23.61,18.04,17.96,3.68,7.04,1.06
US-xSE,-76.56,38.8901,2003,7,31,27.38,19.61,21.33,3.17,13.22,4.1
US-xSE,-76.56,38.8901,2003,8,1,27.61,21.9,23.28,3.8,13.21,4.22
US-xSE,-76.56,38.8901,2003,8,2,26.87,23.14,23.31,3.88,16.91,4.45
US-xSE,-76.56,38.8901,2003,8,3,26.68,22.98,23.21,4.51,17.63,4.46
US-xSE,-76.56,38.8901,2003,8,4,26.95,22.87,23.09,3.66,15.35,5.69
US-xSE,-76.56,38.8901,2003,8,5,26.38,21.78,22.17,2.95,18.71,12.21
US-xSE,-76.56,38.8901,2003,8,6,28.02,20.41,20.9,1.74,21.82,3.44
US-xSE,-76.56,38.8901,2003,8,7,25.92,21.13,21.36,2.36,7.61,4.59
US-xSE,-76.56,38.8901,2003,8,8,27.14,19.92,20.83,2.22,19.71,5.64
US-xSE,-76.56,38.8901,2003,8,9,26.58,21.28,22.37,3.07,10.03,8.53
US-xSE,-76.56,38.8901,2003,8,10,26.65,21.95,22.48,3.9,15.05,7.85
US-xSE,-76.56,38.8901,2003,8,11,27.05,21.92,22.22,2.88,14.84,5.28
US-xSE,-76.56,38.8901,2003,8,12,29.24,21.53,22.23,2.1,18.4,2.37
US-xSE,-76.56,38.8901,2003,8,13,27.76,22.22,22.77,1.81,14.45,0.77
US-xSE,-76.56,38.8901,2003,8,14,30.85,22.12,22.29,2.06,22.99,0.09
US-xSE,-76.56,38.8901,2003,8,15,30.39,21.92,21.96,2.49,23.47,3.37
US-xSE,-76.56,38.8901,2003,8,16,27.98,21.48,22.73,2.6,15.02,25.66
US-xSE,-76.56,38.8901,2003,8,17,27.53,20.89,20.73,2.05,22.3,0.56
US-xSE,-76.56,38.8901,2003,8,18,26.98,19.82,20.17,2.55,18.99,0.14
US-xSE,-76.56,38.8901,2003,8,19,27.88,19.78,19.44,1.94,22.44,0.01
US-xSE,-76.56,38.8901,2003,8,20,28.29,19.48,20.67,2.69,23.61,0.02
US-xSE,-76.56,38.8901,2003,8,21,29.32,21.02,22.06,3.3,23.12,1.03
US-xSE,-76.56,38.8901,2003,8,22,30.56,21.67,23.16,2.97,21.5,2.93
US-xSE,-76.56,38.8901,2003,8,23,26.37,17.93,17.91,4.39,24.76,0.09
US-xSE,-76.56,38.8901,2003,8,24,23.9,14.25,12.38,3.07,24.79,0
US-xSE,-76.56,38.8901,2003,8,25,27.86,16.9,17.7,3.67,23.45,0.05
US-xSE,-76.56,38.8901,2003,8,26,28.99,20.57,21.84,3.01,19.4,9.47
US-xSE,-76.56,38.8901,2003,8,27,27.15,21.83,22.61,3.28,16.92,4.42
US-xSE,-76.56,38.8901,2003,8,28,28.3,21.33,20.67,2.56,22.2,0.44
US-xSE,-76.56,38.8901,2003,8,29,29.29,21.11,23.3,3.1,19.45,9
US-xSE,-76.56,38.8901,2003,8,30,30.13,21.23,23.19,3.32,19.49,7.99
US-xSE,-76.56,38.8901,2003,8,31,23.76,18.44,17.77,2.98,13.01,0.93
US-xSE,-76.56,38.8901,2003,9,1,28.1,20.13,22.38,3.34,16.42,7.15
US-xSE,-76.56,38.8901,2003,9,2,27.09,21.52,22.53,3.48,14.72,6.34
US-xSE,-76.56,38.8901,2003,9,3,26.49,20.69,21.94,2.87,10.01,14.96
US-xSE,-76.56,38.8901,2003,9,4,25.27,20.06,22.02,3.12,4.72,9.24
US-xSE,-76.56,38.8901,2003,9,5,23.72,16.44,16.27,4.61,22.1,0
US-xSE,-76.56,38.8901,2003,9,6,23.95,14.18,14.64,2.23,19.18,0
US-xSE,-76.56,38.8901,2003,9,7,24.05,14.57,14.77,1.64,21.91,0
US-xSE,-76.56,38.8901,2003,9,8,26.2,16.58,17.21,2.81,18.67,0.04
US-xSE,-76.56,38.8901,2003,9,9,23.32,15.59,15.79,5.64,16.81,0.04
US-xSE,-76.56,38.8901,2003,9,10,22.94,13.5,13.79,3.37,21.32,0.05
US-xSE,-76.56,38.8901,2003,9,11,24.77,13.28,15.16,3.69,22.41,0
US-xSE,-76.56,38.8901,2003,9,12,20.61,16.62,17.5,7.47,3.57,25.99
US-xSE,-76.56,38.8901,2003,9,13,26.04,20.45,21.47,5.53,13.35,5.01
US-xSE,-76.56,38.8901,2003,9,14,24.89,19.38,20.45,3,15.76,3.94
US-xSE,-76.56,38.8901,2003,9,15,26.09,20.52,21.1,2.4,11.2,14.03
US-xSE,-76.56,38.8901,2003,9,16,23.9,15.65,14.41,4.41,22.76,0.02
US-xSE,-76.56,38.8901,2003,9,17,24.21,14.05,14.19,4.84,21.86,1.33
US-xSE,-76.56,38.8901,2003,9,18,23.49,16.73,18.63,12.27,2.62,42.18
US-xSE,-76.56,38.8901,2003,9,19,25.65,20.42,19.24,8.44,16.32,3.91
US-xSE,-76.56,38.8901,2003,9,20,27.43,17.93,18.92,1.14,18.02,0
US-xSE,-76.56,38.8901,2003,9,21,24.12,17.03,17.25,3.03,14.86,1.44
US-xSE,-76.56,38.8901,2003,9,22,24.49,18.69,19.95,5.18,12.96,12.34
US-xSE,-76.56,38.8901,2003,9,23,23.54,15.46,17.37,5.64,16.91,32.16
US-xSE,-76.56,38.8901,2003,9,24,22.83,12.84,13.42,2.59,20.49,0
US-xSE,-76.56,38.8901,2003,9,25,25.3,16.23,18.15,3.89,19.81,1.24
US-xSE,-76.56,38.8901,2003,9,26,26.18,17.13,18.88,2.73,17.25,1.31
US-xSE,-76.56,38.8901,2003,9,27,26.13,17.54,20.25,4.6,16.39,4.63
US-xSE,-76.56,38.8901,2003,9,28,21.29,14.57,14.82,4.7,15.64,1.53
US-xSE,-76.56,38.8901,2003,9,29,18.02,10.99,10.19,5.13,17.67,0.13
US-xSE,-76.56,38.8901,2003,9,30,18.03,8.41,8.33,3.25,19.77,0
US-xSE,-76.56,38.8901,2003,10,1,17.39,11.17,9.49,2.99,9.17,0.19
US-xSE,-76.56,38.8901,2003,10,2,14.03,6.27,4.58,5.51,19.12,0
US-xSE,-76.56,38.8901,2003,10,3,14.6,3.87,4.08,3.51,19.81,0
US-xSE,-76.56,38.8901,2003,10,4,17.19,9.53,9.87,4.92,9.32,1.24
US-xSE,-76.56,38.8901,2003,10,5,16.93,8.97,6.94,3.67,18.02,0
US-xSE,-76.56,38.8901,2003,10,6,18.31,9.14,7.76,2.59,17.15,0.02
US-xSE,-76.56,38.8901,2003,10,7,20.45,8.26,11.19,2.76,15.53,0
US-xSE,-76.56,38.8901,2003,10,8,23.28,13.7,15.96,2.3,15.95,0
US-xSE,-76.56,38.8901,2003,10,9,23.63,14.83,15.97,1.86,14.26,0
US-xSE,-76.56,38.8901,2003,10,10,21.51,13.81,15.84,4.79,9.05,0.22
US-xSE,-76.56,38.8901,2003,10,11,21.58,14.21,14.61,5.13,8.71,0.95
US-xSE,-76.56,38.8901,2003,10,12,22.48,12.95,13.79,4.55,16.42,0.2
US-xSE,-76.56,38.8901,2003,10,13,20.47,11.27,10.77,3.4,17.69,0.02
US-xSE,-76.56,38.8901,2003,10,14,20.33,13.13,13.65,5.4,6.95,27.78
US-xSE,-76.56,38.8901,2003,10,15,16.48,9.03,7.04,9.48,17.19,0.62
US-xSE,-76.56,38.8901,2003,10,16,19.02,7.86,8.48,4.74,16.75,0.09
US-xSE,-76.56,38.8901,2003,10,17,14.7,9.14,9.83,3.97,9.83,0.93
US-xSE,-76.56,38.8901,2003,10,18,14.79,7.2,5.56,3.27,15.37,0.18
US-xSE,-76.56,38.8901,2003,10,19,17.92,7.46,7.72,4.79,13.82,0.03
US-xSE,-76.56,38.8901,2003,10,20,18.14,6.06,9.67,3.07,15.33,0
US-xSE,-76.56,38.8901,2003,10,21,21.1,13.13,13.7,6.23,11.59,1.35
US-xSE,-76.56,38.8901,2003,10,22,14.48,6.23,8.03,5.77,11.4,0.89
US-xSE,-76.56,38.8901,2003,10,23,9.95,3.52,0.85,5.4,9.75,0
US-xSE,-76.56,38.8901,2003,10,24,13.22,2.17,1.85,3.29,15.43,0
US-xSE,-76.56,38.8901,2003,10,25,17.1,4.97,9,4.6,11.13,0.84
US-xSE,-76.56,38.8901,2003,10,26,20.49,15.35,16.67,5.52,8.49,17.79
US-xSE,-76.56,38.8901,2003,10,27,17.86,8.46,13.67,5.53,3.55,23.28
US-xSE,-76.56,38.8901,2003,10,28,12.51,4.84,7,2.7,4.96,8.11
US-xSE,-76.56,38.8901,2003,10,29,15.25,7.49,9.07,4.81,6.23,23.48
US-xSE,-76.56,38.8901,2003,10,30,17.4,5.86,7.18,2.81,14.23,0
US-xSE,-76.56,38.8901,2003,10,31,18.71,8.35,12.26,3.59,12.46,0
US-xSE,-76.56,38.8901,2003,11,1,23.6,10.17,14.22,2.37,12.71,0
US-xSE,-76.56,38.8901,2003,11,2,23.99,13.72,15.76,2.51,11.45,0
US-xSE,-76.56,38.8901,2003,11,3,22.65,12.43,15.14,3.21,13.1,0
US-xSE,-76.56,38.8901,2003,11,4,23.5,12.47,16.64,3.3,13.31,1.5
US-xSE,-76.56,38.8901,2003,11,5,24.14,17.36,19.16,3.78,10.49,20.34
US-xSE,-76.56,38.8901,2003,11,6,21.31,14.4,17.36,3.22,2.01,19.93
US-xSE,-76.56,38.8901,2003,11,7,15,8.7,9.35,4.3,9.4,1.03
US-xSE,-76.56,38.8901,2003,11,8,8.77,2.03,0.7,5.5,13.53,0
US-xSE,-76.56,38.8901,2003,11,9,7.31,-1.51,-5.06,3.2,13.59,0
US-xSE,-76.56,38.8901,2003,11,10,9.67,1.19,-2.9,1.68,13.04,0
US-xSE,-76.56,38.8901,2003,11,11,13.6,3.88,7.6,4.49,6.46,0.3
US-xSE,-76.56,38.8901,2003,11,12,15.25,10.99,12.14,3.22,1.52,17.81
US-xSE,-76.56,38.8901,2003,11,13,16.25,3.26,1.88,12.18,10.73,0.48
US-xSE,-76.56,38.8901,2003,11,14,8.62,1.34,-1.15,8.61,12.79,0
US-xSE,-76.56,38.8901,2003,11,15,12,3.89,2.95,4.42,10.11,0.01
US-xSE,-76.56,38.8901,2003,11,16,11.28,5.33,6.74,1.74,5.72,0.46
US-xSE,-76.56,38.8901,2003,11,17,15.63,7.54,9.02,2.22,10.5,0.06
US-xSE,-76.56,38.8901,2003,11,18,13.58,6.69,9.93,4.45,3.71,3.85
US-xSE,-76.56,38.8901,2003,11,19,19.61,11.79,15.15,9.43,4.97,32.59
US-xSE,-76.56,38.8901,2003,11,20,12.27,5.69,6.01,6.61,11.83,0.11
US-xSE,-76.56,38.8901,2003,11,21,18.11,4.57,7.54,3.97,11.77,0
US-xSE,-76.56,38.8901,2003,11,22,17.28,6.95,8.96,2.61,11.3,0
US-xSE,-76.56,38.8901,2003,11,23,15.42,6.53,9.28,3.25,8.78,0.3
US-xSE,-76.56,38.8901,2003,11,24,17.27,4.49,9.9,6.22,10.37,5.64
US-xSE,-76.56,38.8901,2003,11,25,6.57,0.53,-2.2,3.95,11.23,0.01
US-xSE,-76.56,38.8901,2003,11,26,9.1,2.31,1.21,2.48,7.3,0.01
US-xSE,-76.56,38.8901,2003,11,27,11.85,3.56,5,2.76,8.06,0.38
US-xSE,-76.56,38.8901,2003,11,28,17.53,4.62,11.02,7.12,3.33,16.37
US-xSE,-76.56,38.8901,2003,11,29,6.74,0.71,-0.93,9.78,8.96,0.28
US-xSE,-76.56,38.8901,2003,11,30,9.82,0.03,1.59,4.82,4.17,0.06
US-xSE,-76.56,38.8901,2003,12,1,10.32,0.35,0.75,7.02,5.67,0.02
US-xSE,-76.56,38.8901,2003,12,2,4.21,-2.76,-4.07,7.25,10.69,0
US-xSE,-76.56,38.8901,2003,12,3,2.06,-3.49,-6.1,3.34,9.49,0.03
US-xSE,-76.56,38.8901,2003,12,4,3.64,-1.26,-4.77,2.03,6.86,1.71
US-xSE,-76.56,38.8901,2003,12,5,2.28,-0.09,0.41,7.89,3.22,24.61
US-xSE,-76.56,38.8901,2003,12,6,0.71,-2.75,-2.67,8.3,3.92,3.34
US-xSE,-76.56,38.8901,2003,12,7,0.32,-5.14,-4.76,7.75,9.83,0.54
US-xSE,-76.56,38.8901,2003,12,8,1.7,-6.69,-4.91,3.63,9.38,0.87
US-xSE,-76.56,38.8901,2003,12,9,3.24,-1.33,-2.13,2.25,8.01,2.07
US-xSE,-76.56,38.8901,2003,12,10,12,0.35,4.9,5.85,1.85,9.92
US-xSE,-76.56,38.8901,2003,12,11,12.93,1.55,4.97,10.65,7.26,17.58
US-xSE,-76.56,38.8901,2003,12,12,4.71,-2.27,-2.5,5.08,10.32,0
US-xSE,-76.56,38.8901,2003,12,13,1.29,-2.91,-4.55,3.67,8.61,0.23
US-xSE,-76.56,38.8901,2003,12,14,6.06,-0.29,1.37,6.67,1.69,25.86
US-xSE,-76.56,38.8901,2003,12,15,3.97,-1.35,-1.07,7.35,8.92,0.02
US-xSE,-76.56,38.8901,2003,12,16,7.96,-1.45,1.97,4.41,7.73,0
US-xSE,-76.56,38.8901,2003,12,17,8.52,-0.91,3.32,6.81,6.96,15.89
US-xSE,-76.56,38.8901,2003,12,18,2.16,-2.06,-3.74,6.01,7.33,0.02
US-xSE,-76.56,38.8901,2003,12,19,0.55,-1.47,-2.54,3.66,6.16,0.31
US-xSE,-76.56,38.8901,2003,12,20,2.69,-1.78,-2.38,5.5,7.91,0
US-xSE,-76.56,38.8901,2003,12,21,4.36,-3.13,-2.98,4.97,9.98,0.01
US-xSE,-76.56,38.8901,2003,12,22,8.41,-1.07,1.11,4.59,9.22,0.04
US-xSE,-76.56,38.8901,2003,12,23,11.5,2.93,5.33,5.27,9.61,0.58
US-xSE,-76.56,38.8901,2003,12,24,12.67,0.66,7.67,6.36,1.7,17.07
US-xSE,-76.56,38.8901,2003,12,25,4.54,-1.96,-2.22,5.54,9.57,0.12
US-xSE,-76.56,38.8901,2003,12,26,4.58,-2.21,-2,6.28,9.55,0
US-xSE,-76.56,38.8901,2003,12,27,7.98,-1.02,-0.17,4.74,10.37,0
US-xSE,-76.56,38.8901,2003,12,28,7.32,-1.91,0.43,2.68,10.11,0
US-xSE,-76.56,38.8901,2003,12,29,10.31,0.54,3.9,4.44,9.67,0
US-xSE,-76.56,38.8901,2003,12,30,10.84,0.2,3.68,7.29,9.76,1.71
US-xSE,-76.56,38.8901,2003,12,31,7.84,-1.43,0.06,4.01,10.33,0
US-xSE,-76.56,38.8901,2004,1,1,9.27,0.79,0.35,3.31,8.65,0
US-xSE,-76.56,38.8901,2004,1,2,8.29,3.07,4.75,3.46,5.06,3.27
US-xSE,-76.56,38.8901,2004,1,3,15.01,4.88,8.93,4.6,7.6,0.05
US-xSE,-76.56,38.8901,2004,1,4,17.51,9.92,11.65,2.61,4.79,0.65
US-xSE,-76.56,38.8901,2004,1,5,12.36,3.03,8.73,4.68,1.27,9.66
US-xSE,-76.56,38.8901,2004,1,6,5.15,-4.69,-3.82,7.06,9.19,0
US-xSE,-76.56,38.8901,2004,1,7,-1.87,-5.45,-9.7,8.21,11.15,0
US-xSE,-76.56,38.8901,2004,1,8,-0.02,-5.13,-6.03,4.53,6.12,0.04
US-xSE,-76.56,38.8901,2004,1,9,0.28,-9.43,-6.04,4.87,5.33,0.15
US-xSE,-76.56,38.8901,2004,1,10,-6.72,-12.86,-13.4,5.65,10.85,0
US-xSE,-76.56,38.8901,2004,1,11,-1.86,-11.18,-10.08,4.1,10.95,0
US-xSE,-76.56,38.8901,2004,1,12,6.96,-2.36,-0.43,5.35,8.37,0
US-xSE,-76.56,38.8901,2004,1,13,7.94,-2.36,-1.01,6.05,9.78,0
US-xSE,-76.56,38.8901,2004,1,14,-0.62,-5.22,-7.91,4.38,8.77,0.07
US-xSE,-76.56,38.8901,2004,1,15,-0.19,-8.97,-7.44,7.88,10.24,0.07
US-xSE,-76.56,38.8901,2004,1,16,-3.44,-11.89,-12.37,9.79,12,0
US-xSE,-76.56,38.8901,2004,1,17,0.2,-8.49,-6.52,4.43,6.94,2.03
US-xSE,-76.56,38.8901,2004,1,18,1.79,-3.11,-0.84,5.96,2.18,15.93
US-xSE,-76.56,38.8901,2004,1,19,-2.05,-6.07,-7.86,8.13,12.01,0
US-xSE,-76.56,38.8901,2004,1,20,-2.1,-7.57,-8.63,7.78,12.15,0
US-xSE,-76.56,38.8901,2004,1,21,-2.24,-9.53,-9.33,4.24,11.78,0
US-xSE,-76.56,38.8901,2004,1,22,5.07,-7.07,-4.5,6.57,7.68,0
US-xSE,-76.56,38.8901,2004,1,23,-6.15,-9.02,-12.25,6.53,12.68,0.35
US-xSE,-76.56,38.8901,2004,1,24,-4.66,-8.87,-9.46,4.27,3.78,0.25
US-xSE,-76.56,38.8901,2004,1,25,-6.53,-12.8,-12.8,3.1,5.23,5.84
US-xSE,-76.56,38.8901,2004,1,26,-2.19,-7.92,-5.82,6.66,3.23,4.06
US-xSE,-76.56,38.8901,2004,1,27,0.27,-4.26,-1.86,5.98,2.62,4.99
US-xSE,-76.56,38.8901,2004,1,28,-2.79,-8.7,-7.44,8.65,9.48,0
US-xSE,-76.56,38.8901,2004,1,29,0.04,-9.29,-7.63,5.6,10.21,0
US-xSE,-76.56,38.8901,2004,1,30,-3.91,-10.21,-9.85,6.25,7.96,0
US-xSE,-76.56,38.8901,2004,1,31,-4.88,-11.74,-11.59,7.07,12.29,0
US-xSE,-76.56,38.8901,2004,2,1,-0.34,-12.89,-8.85,4.46,12.56,0
US-xSE,-76.56,38.8901,2004,2,2,1.87,-10.44,-5.74,2.9,11.49,0
US-xSE,-76.56,38.8901,2004,2,3,6.67,-4.25,1.01,6.07,2.43,15.09
US-xSE,-76.56,38.8901,2004,2,4,3.55,-2.83,-2.69,5.45,13.57,0
US-xSE,-76.56,38.8901,2004,2,5,0.61,-4.32,-4.32,3.49,6,1.44
US-xSE,-76.56,38.8901,2004,2,6,5.93,-0.18,2.14,4.26,2.75,33.46
US-xSE,-76.56,38.8901,2004,2,7,4.5,-1.38,-1.01,7.1,12.68,1.71
US-xSE,-76.56,38.8901,2004,2,8,0.11,-5.07,-6.69,6.26,15.12,0
US-xSE,-76.56,38.8901,2004,2,9,4.15,-3.37,-1.62,5.37,9.2,0
US-xSE,-76.56,38.8901,2004,2,10,7.87,0.35,0.3,3.44,10.03,0
US-xSE,-76.56,38.8901,2004,2,11,4.07,-1.2,-2.82,4.94,13.77,0
US-xSE,-76.56,38.8901,2004,2,12,4.14,-1.01,-0.89,3.05,7.27,0
US-xSE,-76.56,38.8901,2004,2,13,5.28,-1.61,-1.4,5.11,15.54,0
US-xSE,-76.56,38.8901,2004,2,14,7.02,-1.09,-1.09,3.77,8,0
US-xSE,-76.56,38.8901,2004,2,15,2.52,-4.55,-4.45,5.58,11.17,0
US-xSE,-76.56,38.8901,2004,2,16,0.11,-7.5,-9.08,4.53,16.63,0
US-xSE,-76.56,38.8901,2004,2,17,2.69,-4.77,-4.14,3.16,7.32,0.42
US-xSE,-76.56,38.8901,2004,2,18,4.9,-2.37,-2.84,6.33,15.72,0.02
US-xSE,-76.56,38.8901,2004,2,19,9.13,-1.05,-0.18,4.78,15.23,0
US-xSE,-76.56,38.8901,2004,2,20,10.2,0.4,3.25,4.54,13.56,0
US-xSE,-76.56,38.8901,2004,2,21,9.92,0.68,2.48,7.16,13.46,0
US-xSE,-76.56,38.8901,2004,2,22,6.38,-1.51,-1.59,6.35,15.42,0
US-xSE,-76.56,38.8901,2004,2,23,7.46,-2.33,-2.83,2.6,15.66,0
US-xSE,-76.56,38.8901,2004,2,24,7.97,-1.09,1.28,3.68,5.34,1.29
US-xSE,-76.56,38.8901,2004,2,25,4.95,-3.47,-4.59,5.87,18.39,0
US-xSE,-76.56,38.8901,2004,2,26,3.84,-3.11,-3.16,3.77,8,0
US-xSE,-76.56,38.8901,2004,2,27,6.05,-1.12,-3.3,5.39,17.48,0
US-xSE,-76.56,38.8901,2004,2,28,10.76,-2.41,-1.86,3.9,18.27,0
US-xSE,-76.56,38.8901,2004,2,29,13.87,-0.7,0.42,3,16.08,0
US-xSE,-76.56,38.8901,2004,3,1,12.49,2.6,4.89,3.25,14.01,0
US-xSE,-76.56,38.8901,2004,3,2,17.8,7.48,10.45,5.81,7.89,2.76
US-xSE,-76.56,38.8901,2004,3,3,15.08,3.46,5.96,3.12,17.59,0.68
US-xSE,-76.56,38.8901,2004,3,4,14.38,6.55,7.83,2.84,9.67,1.57
US-xSE,-76.56,38.8901,2004,3,5,18.5,6,10.87,5,12.79,0.58
US-xSE,-76.56,38.8901,2004,3,6,17.81,6.06,12.03,6.35,4.7,17.84
US-xSE,-76.56,38.8901,2004,3,7,12.31,2.49,3.52,3.84,19.14,2.84
US-xSE,-76.56,38.8901,2004,3,8,7.12,0.62,1.6,6.93,10.97,0.3
US-xSE,-76.56,38.8901,2004,3,9,6.47,-1.77,-1.49,2.71,14.63,0.05
US-xSE,-76.56,38.8901,2004,3,10,6.9,-0.17,0.8,6.05,6,0.8
US-xSE,-76.56,38.8901,2004,3,11,10.4,-1.38,0.63,4.6,19.95,0
US-xSE,-76.56,38.8901,2004,3,12,6.59,-1.07,-1.33,6.96,21.19,0
US-xSE,-76.56,38.8901,2004,3,13,6.11,-1.9,-3.54,5.6,21.49,0
US-xSE,-76.56,38.8901,2004,3,14,9.19,-1.87,0.01,5.27,11.96,0.06
US-xSE,-76.56,38.8901,2004,3,15,13,4.3,3.03,4.4,19.64,0
US-xSE,-76.56,38.8901,2004,3,16,4.86,0.08,0.96,6.75,3.31,13.73
US-xSE,-76.56,38.8901,2004,3,17,5.03,-1.79,-0.61,1.85,6.9,0.97
US-xSE,-76.56,38.8901,2004,3,18,7.95,-1.74,1.11,2.76,12.07,3.79
US-xSE,-76.56,38.8901,2004,3,19,7.65,-0.54,1.1,6.11,10.53,1.43
US-xSE,-76.56,38.8901,2004,3,20,11.42,-1.49,2.65,6.43,20.65,0.12
US-xSE,-76.56,38.8901,2004,3,21,10.99,-0.39,1.74,8.81,18.52,2.02
US-xSE,-76.56,38.8901,2004,3,22,3.4,-3.35,-6.07,6.2,22.73,0
US-xSE,-76.56,38.8901,2004,3,23,7.39,-3.37,-4.47,3.92,22.23,0
US-xSE,-76.56,38.8901,2004,3,24,14.21,-1.61,1.87,4.32,20.98,0
US-xSE,-76.56,38.8901,2004,3,25,17.41,6.74,7.03,5.16,17.61,0.02
US-xSE,-76.56,38.8901,2004,3,26,19.96,7.8,10.8,5.05,20.2,0.02
US-xSE,-76.56,38.8901,2004,3,27,19.16,10.36,12.7,3.99,7.75,2.28
US-xSE,-76.56,38.8901,2004,3,28,14.96,4.93,6.91,5.07,12.3,0.01
US-xSE,-76.56,38.8901,2004,3,29,11.26,1.26,2.97,4.25,8.79,0
US-xSE,-76.56,38.8901,2004,3,30,8.7,1.25,4.03,3.78,7.3,0.99
US-xSE,-76.56,38.8901,2004,3,31,12.34,4.02,6.53,2.66,5.91,2.91
US-xSE,-76.56,38.8901,2004,4,1,9.74,5.8,6.78,2.82,6,26.11
US-xSE,-76.56,38.8901,2004,4,2,9.03,4.52,5.19,3.02,5.94,7.85
US-xSE,-76.56,38.8901,2004,4,3,11.17,4.14,5.09,3.68,8.62,1.61
US-xSE,-76.56,38.8901,2004,4,4,8.61,1.77,1.36,9.52,15.75,2.71
US-xSE,-76.56,38.8901,2004,4,5,7.25,-1.26,-4.54,9.93,26.09,0
US-xSE,-76.56,38.8901,2004,4,6,11.46,-2.24,-1,5.28,23.84,0.05
US-xSE,-76.56,38.8901,2004,4,7,19.58,4.24,6.95,4.62,22.14,0.12
US-xSE,-76.56,38.8901,2004,4,8,12.14,4.24,5.26,3.21,9.31,1.34
US-xSE,-76.56,38.8901,2004,4,9,15.57,4.66,5.58,4.4,23.08,0.43
US-xSE,-76.56,38.8901,2004,4,10,15.42,3.39,4.24,3.03,14.8,0.03
US-xSE,-76.56,38.8901,2004,4,11,9.37,5.97,6.34,4.36,3.25,4.42
US-xSE,-76.56,38.8901,2004,4,12,8.93,5.5,5.92,6.79,3.01,34.55
US-xSE,-76.56,38.8901,2004,4,13,16.07,6.52,10.53,3.79,4.81,16.57
US-xSE,-76.56,38.8901,2004,4,14,12.75,6.81,7.87,5.19,6.07,13.85
US-xSE,-76.56,38.8901,2004,4,15,14.28,4.76,3.49,7.1,26.53,1.52
US-xSE,-76.56,38.8901,2004,4,16,16.16,1.64,2.46,3.04,26.54,0.22
US-xSE,-76.56,38.8901,2004,4,17,22.11,6.02,10.63,4.42,24.43,0.03
US-xSE,-76.56,38.8901,2004,4,18,26.73,12.5,15.34,3.14,23.5,0
US-xSE,-76.56,38.8901,2004,4,19,25.3,13.87,16.01,5.15,23.39,0.02
US-xSE,-76.56,38.8901,2004,4,20,22.47,11.46,12.8,4.26,24.01,0.06
US-xSE,-76.56,38.8901,2004,4,21,19.81,10.63,13.21,5.34,19.11,0.25
US-xSE,-76.56,38.8901,2004,4,22,25.06,14.03,15.32,3.35,22.7,0.08
US-xSE,-76.56,38.8901,2004,4,23,25.65,13.68,16.36,2.78,22.91,8.1
US-xSE,-76.56,38.8901,2004,4,24,19.71,10.22,9.52,3.41,25.85,0.08
US-xSE,-76.56,38.8901,2004,4,25,16.38,9.39,8.84,5.8,10.83,1.61
US-xSE,-76.56,38.8901,2004,4,26,18.51,12.35,14.3,5.08,7.81,16.05
US-xSE,-76.56,38.8901,2004,4,27,16.86,6.24,7.66,5.85,21.41,1.33
US-xSE,-76.56,38.8901,2004,4,28,14.24,3.25,2.11,5.49,28.84,0.01
US-xSE,-76.56,38.8901,2004,4,29,21.18,7.54,9.98,5.46,27.03,0
US-xSE,-76.56,38.8901,2004,4,30,21.96,11.48,13.38,5.78,23.04,0
US-xSE,-76.56,38.8901,2004,5,1,22.68,13.08,15.49,5.61,16.7,0.13
US-xSE,-76.56,38.8901,2004,5,2,24.09,15.75,17.86,6.91,16.27,9.45
US-xSE,-76.56,38.8901,2004,5,3,13.64,7.96,7.75,4.88,4.72,14.59
US-xSE,-76.56,38.8901,2004,5,4,14.82,5.6,4.43,4.66,29.01,0
US-xSE,-76.56,38.8901,2004,5,5,19.69,8.14,10.15,4.01,24.62,0.65
US-xSE,-76.56,38.8901,2004,5,6,20.73,7.54,9.26,3.1,28.46,0
US-xSE,-76.56,38.8901,2004,5,7,26.21,12.17,16.74,3.44,23.07,6.15
US-xSE,-76.56,38.8901,2004,5,8,17.65,10.04,9.24,4.99,24.49,0.04
US-xSE,-76.56,38.8901,2004,5,9,25.07,10.02,14.93,3.33,26.39,10.53
US-xSE,-76.56,38.8901,2004,5,10,27.56,15.94,18.13,2.73,26.79,3.35
US-xSE,-76.56,38.8901,2004,5,11,27.61,17.98,18.2,2.25,24.93,0.29
US-xSE,-76.56,38.8901,2004,5,12,27.01,17.74,18.25,3.67,25.79,0.18
US-xSE,-76.56,38.8901,2004,5,13,26.79,16.91,18.51,3.7,26.07,0
US-xSE,-76.56,38.8901,2004,5,14,26.99,17.52,18.55,4.38,25.45,0.54
US-xSE,-76.56,38.8901,2004,5,15,27.67,17.58,18.52,4.29,27.06,4.25
US-xSE,-76.56,38.8901,2004,5,16,24.84,17.86,17.92,2,20.91,1.03
US-xSE,-76.56,38.8901,2004,5,17,25.03,18.11,18.83,2.51,20.31,5.04
US-xSE,-76.56,38.8901,2004,5,18,25.54,18.2,18.73,4.37,24.19,5.21
US-xSE,-76.56,38.8901,2004,5,19,24.36,17.02,18.21,2.47,13.69,1.18
US-xSE,-76.56,38.8901,2004,5,20,23.37,15.49,16.33,3.64,12.88,0.02
US-xSE,-76.56,38.8901,2004,5,21,25.8,16.2,19.11,2.79,18.33,1.77
US-xSE,-76.56,38.8901,2004,5,22,28.1,18.96,19.37,3.59,25.93,0.04
US-xSE,-76.56,38.8901,2004,5,23,28.86,19.9,21.02,3.43,25.23,0.4
US-xSE,-76.56,38.8901,2004,5,24,28.38,19.77,20.45,4.55,26.25,0.1
US-xSE,-76.56,38.8901,2004,5,25,28.5,19.59,18.93,3.15,24.7,14.06
US-xSE,-76.56,38.8901,2004,5,26,26.55,19.48,19.67,1.97,19.65,2.48
US-xSE,-76.56,38.8901,2004,5,27,25.42,18.48,17.92,3.35,19.96,6.44
US-xSE,-76.56,38.8901,2004,5,28,23.86,17.2,18.29,3.92,15.49,4.8
US-xSE,-76.56,38.8901,2004,5,29,20.36,12.08,8.94,4.06,29.81,0
US-xSE,-76.56,38.8901,2004,5,30,21.81,12.88,13.24,3,10.4,0.05
US-xSE,-76.56,38.8901,2004,5,31,24.76,16.76,19.09,2.93,9.33,8.29
US-xSE,-76.56,38.8901,2004,6,1,24.34,16.07,15.94,3.6,26.94,1.7
US-xSE,-76.56,38.8901,2004,6,2,25.38,14.92,15.87,3.56,25.49,2.57
US-xSE,-76.56,38.8901,2004,6,3,24.15,15.44,15.12,3.39,28.07,0.27
US-xSE,-76.56,38.8901,2004,6,4,20.54,14.98,14.66,3.98,6.37,2.32
US-xSE,-76.56,38.8901,2004,6,5,22.89,16.01,16.72,6.47,6.23,45.97
US-xSE,-76.56,38.8901,2004,6,6,21.71,14.54,15.13,2.57,15.93,1.34
US-xSE,-76.56,38.8901,2004,6,7,25.9,15.88,16.75,1.55,23.81,0
US-xSE,-76.56,38.8901,2004,6,8,26.73,15.84,18.38,3.08,26.25,0
US-xSE,-76.56,38.8901,2004,6,9,30.07,18.36,20.68,3.12,27.01,0
US-xSE,-76.56,38.8901,2004,6,10,28.14,20.34,20.91,3.2,23.85,3.26
US-xSE,-76.56,38.8901,2004,6,11,20.87,15.52,16.85,3.7,6.6,12.53
US-xSE,-76.56,38.8901,2004,6,12,23.4,13.3,12.92,2.82,29.94,0.51
US-xSE,-76.56,38.8901,2004,6,13,22.56,13.84,13.08,4.74,14.58,0.03
US-xSE,-76.56,38.8901,2004,6,14,27.07,18.28,20.44,5.09,21.4,6.33
US-xSE,-76.56,38.8901,2004,6,15,28.66,20.83,22.23,3.51,18.93,1.59
US-xSE,-76.56,38.8901,2004,6,16,27.83,21.35,22.59,2.38,13.79,6.93
US-xSE,-76.56,38.8901,2004,6,17,29.28,21.84,22.99,2.64,24.33,29.15
US-xSE,-76.56,38.8901,2004,6,18,29.44,21.91,22.98,3.11,24.01,2.47
US-xSE,-76.56,38.8901,2004,6,19,26.86,17.42,19.05,5.11,25.7,1.37
US-xSE,-76.56,38.8901,2004,6,20,22.36,13.56,11.43,2.87,31.37,0
US-xSE,-76.56,38.8901,2004,6,21,24.48,14.67,14.77,3.95,27.46,0
US-xSE,-76.56,38.8901,2004,6,22,28.19,18.98,20.53,4.15,20.11,7.96
US-xSE,-76.56,38.8901,2004,6,23,27.01,20.4,19.33,2.07,10.68,0.17
US-xSE,-76.56,38.8901,2004,6,24,28.36,20.5,18.78,1.5,26.76,0
US-xSE,-76.56,38.8901,2004,6,25,26.66,19.68,21.08,3.22,13.98,6.25
US-xSE,-76.56,38.8901,2004,6,26,24.84,17.43,17.88,3.66,20.45,0.34
US-xSE,-76.56,38.8901,2004,6,27,25.32,14.68,14.38,3.18,27.67,0
US-xSE,-76.56,38.8901,2004,6,28,26.87,17.85,17.03,1.35,18.32,0.88
US-xSE,-76.56,38.8901,2004,6,29,24.71,17.15,14.99,3.5,29.68,0.01
US-xSE,-76.56,38.8901,2004,6,30,27.44,17.76,17.47,2.52,25.15,0.29
US-xSE,-76.56,38.8901,2004,7,1,28.9,19.52,20.56,2.99,25.48,0.69
US-xSE,-76.56,38.8901,2004,7,2,30.18,21.17,18.64,1.69,26.76,0.62
US-xSE,-76.56,38.8901,2004,7,3,29.9,19.66,18.75,3.09,25.23,0
US-xSE,-76.56,38.8901,2004,7,4,28.8,20.1,21.49,4.84,13.85,4.53
US-xSE,-76.56,38.8901,2004,7,5,31.17,22.91,22.77,3.58,26.41,3.64
US-xSE,-76.56,38.8901,2004,7,6,28.95,21.4,18.46,4.19,28.69,0.03
US-xSE,-76.56,38.8901,2004,7,7,31.1,21.31,20.72,3.2,17.66,11.37
US-xSE,-76.56,38.8901,2004,7,8,30.4,20.79,20.19,3.19,23.53,1.39
US-xSE,-76.56,38.8901,2004,7,9,29.11,20.54,16.74,4.28,26.45,0.03
US-xSE,-76.56,38.8901,2004,7,10,28.72,18.13,17.37,2.5,24.2,0.17
US-xSE,-76.56,38.8901,2004,7,11,30.98,22.44,20.26,2.33,22.18,1.39
US-xSE,-76.56,38.8901,2004,7,12,28.61,23.21,22.85,4.14,15.37,35.3
US-xSE,-76.56,38.8901,2004,7,13,27.66,21.66,21.85,2.08,18.61,4.55
US-xSE,-76.56,38.8901,2004,7,14,29.59,20.55,21.71,3.5,22.38,5.17
US-xSE,-76.56,38.8901,2004,7,15,27.67,19.34,17.57,5.02,26.9,0.08
US-xSE,-76.56,38.8901,2004,7,16,28.64,18.94,17.55,3.97,25.4,0.03
US-xSE,-76.56,38.8901,2004,7,17,29.8,20.69,18.32,2.36,20.72,1.29
US-xSE,-76.56,38.8901,2004,7,18,25.26,20.07,20.39,4.55,13.21,24.39
US-xSE,-76.56,38.8901,2004,7,19,27.49,18.5,19.24,2.83,25.37,0.49
US-xSE,-76.56,38.8901,2004,7,20,29.03,19.36,18.84,2.23,25.32,0.05
US-xSE,-76.56,38.8901,2004,7,21,30.63,20.55,18.65,1.55,24.64,0.01
US-xSE,-76.56,38.8901,2004,7,22,30.72,20.82,20.85,3.57,21.39,4.01
US-xSE,-76.56,38.8901,2004,7,23,28.11,23.01,22.65,3.24,13.5,4.53
US-xSE,-76.56,38.8901,2004,7,24,25.3,21.32,20.89,4.3,8.05,3.13
US-xSE,-76.56,38.8901,2004,7,25,27.42,20.45,20.08,4.74,6.26,0.53
US-xSE,-76.56,38.8901,2004,7,26,28.39,19.08,19.88,3.88,11.64,4.4
US-xSE,-76.56,38.8901,2004,7,27,29.77,21.07,23.45,4.01,17.49,29.75
US-xSE,-76.56,38.8901,2004,7,28,27.34,22.35,22.14,1.97,11.11,12.31
US-xSE,-76.56,38.8901,2004,7,29,28.46,19.51,20.28,2.55,24.2,0.05
US-xSE,-76.56,38.8901,2004,7,30,29.57,23.51,22.7,4.97,24.41,0.22
US-xSE,-76.56,38.8901,2004,7,31,30.05,23.55,23.57,5.64,23.76,4.88
US-xSE,-76.56,38.8901,2004,8,1,28.38,23.52,23.86,3.01,15.24,14.51
US-xSE,-76.56,38.8901,2004,8,2,29.44,23.48,23.52,1.71,12.17,9.77
US-xSE,-76.56,38.8901,2004,8,3,29.58,22.78,22.06,1.04,17.62,3.46
US-xSE,-76.56,38.8901,2004,8,4,30.33,22.24,21.58,3.52,24.17,0.62
US-xSE,-76.56,38.8901,2004,8,5,24.07,19.88,19.75,3.72,6.35,10.53
US-xSE,-76.56,38.8901,2004,8,6,22.22,15.65,12.73,5.74,24.22,0.6
US-xSE,-76.56,38.8901,2004,8,7,22.4,14.22,12.84,3.66,23.26,0.05
US-xSE,-76.56,38.8901,2004,8,8,25.91,15.58,13.79,3.15,25.01,0
US-xSE,-76.56,38.8901,2004,8,9,28.39,16.84,16.19,2.63,25.27,0.67
US-xSE,-76.56,38.8901,2004,8,10,29.29,18.89,19.05,4.13,24.13,0.11
US-xSE,-76.56,38.8901,2004,8,11,28.74,21.1,20.58,4.58,21.95,12.19
US-xSE,-76.56,38.8901,2004,8,12,27.19,20.92,21.77,3.9,14.92,14.54
US-xSE,-76.56,38.8901,2004,8,13,26.95,21.02,21.03,3.21,13.2,3.07
US-xSE,-76.56,38.8901,2004,8,14,23.54,19.12,18.15,2.32,5.91,12.23
US-xSE,-76.56,38.8901,2004,8,15,25.51,18.39,18.45,2.48,11.79,1.71
US-xSE,-76.56,38.8901,2004,8,16,26.74,19.14,18.63,1.79,21.97,6.96
US-xSE,-76.56,38.8901,2004,8,17,26.87,18.17,18.21,2.22,17.64,0.88
US-xSE,-76.56,38.8901,2004,8,18,27.59,19.74,21.1,3.52,17.9,3.75
US-xSE,-76.56,38.8901,2004,8,19,29.33,21.67,22.47,3.8,20.5,1.76
US-xSE,-76.56,38.8901,2004,8,20,31.33,22.08,22.72,3.7,20.49,0.42
US-xSE,-76.56,38.8901,2004,8,21,27.64,18.25,21.61,5.63,9.72,4.62
US-xSE,-76.56,38.8901,2004,8,22,24.5,15.59,12.22,2.66,24.89,0
US-xSE,-76.56,38.8901,2004,8,23,27.98,16.36,15.72,2.19,24.08,0.11
US-xSE,-76.56,38.8901,2004,8,24,29.86,18.46,19.28,2.69,22.69,0.02
US-xSE,-76.56,38.8901,2004,8,25,28.21,19.72,20.13,3.93,18.06,0.12
US-xSE,-76.56,38.8901,2004,8,26,29.18,19.43,20.23,3.6,21.13,0.06
US-xSE,-76.56,38.8901,2004,8,27,29.72,20.02,20.28,3.14,22.53,0.01
US-xSE,-76.56,38.8901,2004,8,28,31.43,21.37,21.05,3.59,22.51,0.13
US-xSE,-76.56,38.8901,2004,8,29,30.78,21.07,20.91,3.91,21.63,0.07
US-xSE,-76.56,38.8901,2004,8,30,29.97,22.19,22.71,3.81,13.92,13.78
US-xSE,-76.56,38.8901,2004,8,31,28.97,19.89,20.07,5.34,20.1,2.95
US-xSE,-76.56,38.8901,2004,9,1,28.45,17.5,15.67,2.79,23.35,0
US-xSE,-76.56,38.8901,2004,9,2,28.15,18.47,17.51,3.27,21.19,0
US-xSE,-76.56,38.8901,2004,9,3,28.09,18.33,18.43,2.91,20.94,0.09
US-xSE,-76.56,38.8901,2004,9,4,28.88,19.94,18.55,2.23,14.68,0.02
US-xSE,-76.56,38.8901,2004,9,5,26.88,18.06,18.03,6.12,9.35,0.69
US-xSE,-76.56,38.8901,2004,9,6,27.35,17.74,17.6,5.45,9.33,0.17
US-xSE,-76.56,38.8901,2004,9,7,28.51,19.59,20.55,3.47,12.76,0.68
US-xSE,-76.56,38.8901,2004,9,8,26.47,21.96,22.43,5.35,9.31,6.36
US-xSE,-76.56,38.8901,2004,9,9,29.3,21.04,21.35,7.42,11,1.76
US-xSE,-76.56,38.8901,2004,9,10,29.11,18.35,16.88,3.29,22.3,0
US-xSE,-76.56,38.8901,2004,9,11,26.33,18.1,17.05,3.42,13.84,0
US-xSE,-76.56,38.8901,2004,9,12,27.85,17.31,16.3,1.6,20.19,0
US-xSE,-76.56,38.8901,2004,9,13,29.6,18.06,17.86,2.27,17.52,0.01
US-xSE,-76.56,38.8901,2004,9,14,26.94,19.22,18.06,3.66,7.97,1.24
US-xSE,-76.56,38.8901,2004,9,15,24.73,18.67,19.21,3.88,3.76,9.57
US-xSE,-76.56,38.8901,2004,9,16,27.55,19.17,19.34,2.09,13.76,0.56
US-xSE,-76.56,38.8901,2004,9,17,25.87,20.79,22.39,5.29,11.1,11.75
US-xSE,-76.56,38.8901,2004,9,18,23.72,15.07,18.47,7.58,3.88,28.63
US-xSE,-76.56,38.8901,2004,9,19,20.78,11.59,9.23,6.1,22.43,0
US-xSE,-76.56,38.8901,2004,9,20,21.89,10.57,9.34,2.92,21.85,0.02
US-xSE,-76.56,38.8901,2004,9,21,27.22,12.8,12.71,2.77,19.7,0.21
US-xSE,-76.56,38.8901,2004,9,22,28.38,14.41,14.3,3.68,20.95,0
US-xSE,-76.56,38.8901,2004,9,23,29.4,16.58,16.92,3.01,19.96,0.16
US-xSE,-76.56,38.8901,2004,9,24,26.44,16.3,16.7,2.9,16.28,0.03
US-xSE,-76.56,38.8901,2004,9,25,25.15,14.77,14.69,1.91,18.32,0
US-xSE,-76.56,38.8901,2004,9,26,26.64,15.83,17,1.98,13.11,0
US-xSE,-76.56,38.8901,2004,9,27,25.41,16.8,17.73,3.04,8.24,1.14
US-xSE,-76.56,38.8901,2004,9,28,26.62,19.38,21.57,4.72,6.48,46.65
US-xSE,-76.56,38.8901,2004,9,29,22.1,16.94,16.68,4.86,6.63,2.34
US-xSE,-76.56,38.8901,2004,9,30,23.32,14.52,15.97,2.86,13.59,3.79
US-xSE,-76.56,38.8901,2004,10,1,23.73,11.72,13.12,2.67,18.07,0.22
US-xSE,-76.56,38.8901,2004,10,2,23.95,17.21,18.27,3.48,8.86,4.03
US-xSE,-76.56,38.8901,2004,10,3,20.77,13.26,12.33,3.21,14.9,0.13
US-xSE,-76.56,38.8901,2004,10,4,23.12,13.11,14.16,2.86,15.21,0
US-xSE,-76.56,38.8901,2004,10,5,17,9.28,6.24,4.7,18.74,0
US-xSE,-76.56,38.8901,2004,10,6,18.75,6.81,5.97,2.27,19.08,0
US-xSE,-76.56,38.8901,2004,10,7,23.89,9.21,9.75,1.78,18.03,0
US-xSE,-76.56,38.8901,2004,10,8,24.19,12.69,13.33,2.42,17.9,0.04
US-xSE,-76.56,38.8901,2004,10,9,21.63,12.76,15.22,3.29,10.8,0.01
US-xSE,-76.56,38.8901,2004,10,10,21.05,11.13,11.1,5.4,16.56,0.02
US-xSE,-76.56,38.8901,2004,10,11,17.36,8.59,7.09,4.73,14.56,0
US-xSE,-76.56,38.8901,2004,10,12,18.34,6.11,6.45,4.85,18.28,0
US-xSE,-76.56,38.8901,2004,10,13,18.63,7.23,8.84,2.35,5.21,2.06
US-xSE,-76.56,38.8901,2004,10,14,20.03,12.15,12.67,3.22,11.56,2.99
US-xSE,-76.56,38.8901,2004,10,15,19.2,10.69,14.21,4.85,3.94,3.53
US-xSE,-76.56,38.8901,2004,10,16,17.59,7.98,7.88,6.04,11.67,2.31
US-xSE,-76.56,38.8901,2004,10,17,16.56,6.84,3.92,5.56,17.25,0
US-xSE,-76.56,38.8901,2004,10,18,18.21,4.65,5.35,3.27,13.89,0.81
US-xSE,-76.56,38.8901,2004,10,19,19.77,11.76,14.56,4.11,2.9,8.26
US-xSE,-76.56,38.8901,2004,10,20,14.88,11.68,11.37,5.59,2.78,3.77
US-xSE,-76.56,38.8901,2004,10,21,14.69,10.89,10.49,3.85,3.5,0.85
US-xSE,-76.56,38.8901,2004,10,22,14.99,9.14,8.12,4.28,8.15,0.23
US-xSE,-76.56,38.8901,2004,10,23,15.03,6.3,6.76,3.62,14.65,0.03
US-xSE,-76.56,38.8901,2004,10,24,12.29,7.8,6.59,1.73,3.14,0.86
US-xSE,-76.56,38.8901,2004,10,25,14.96,8.26,8.22,1.86,5.43,0.03
US-xSE,-76.56,38.8901,2004,10,26,17.97,7.97,10.03,3.29,11.43,0
US-xSE,-76.56,38.8901,2004,10,27,18.23,8.68,9.33,2.31,9.38,0.03
US-xSE,-76.56,38.8901,2004,10,28,17.33,8.2,8.72,3.27,11.52,0
US-xSE,-76.56,38.8901,2004,10,29,16.48,8.82,11.93,3.65,4.17,1.33
US-xSE,-76.56,38.8901,2004,10,30,22.79,13.34,15.94,4.09,6.71,0.93
US-xSE,-76.56,38.8901,2004,10,31,23.16,12.56,13.07,5.26,10.26,0
US-xSE,-76.56,38.8901,2004,11,1,18.8,9.8,8.37,3.7,13.21,0
US-xSE,-76.56,38.8901,2004,11,2,22.23,11.08,13.94,3.98,12.22,0.01
US-xSE,-76.56,38.8901,2004,11,3,17.89,9.05,8.58,5.6,11.39,0
US-xSE,-76.56,38.8901,2004,11,4,13.23,7.15,8.81,4.57,1.95,29.93
US-xSE,-76.56,38.8901,2004,11,5,13.21,5.25,2.95,7.6,13.94,0.01
US-xSE,-76.56,38.8901,2004,11,6,15.91,4.07,4.04,4.96,13.71,0
US-xSE,-76.56,38.8901,2004,11,7,19.95,5.97,8.78,3.79,11.5,0
US-xSE,-76.56,38.8901,2004,11,8,12.59,3.75,2.16,6.36,10.33,0
US-xSE,-76.56,38.8901,2004,11,9,8.35,1.39,-1.44,4.58,12.54,0
US-xSE,-76.56,38.8901,2004,11,10,10.29,-0.55,-0.51,3.26,12.17,0
US-xSE,-76.56,38.8901,2004,11,11,14.19,5.25,4.82,3.94,10.24,0
US-xSE,-76.56,38.8901,2004,11,12,10.41,3.85,6.8,5.96,1.68,39.08
US-xSE,-76.56,38.8901,2004,11,13,9.33,1.11,-0.2,7.34,9.83,5.47
US-xSE,-76.56,38.8901,2004,11,14,9.66,-1.91,-1.72,4.18,12.76,0
US-xSE,-76.56,38.8901,2004,11,15,13.22,0.06,1.51,3.76,12.33,0
US-xSE,-76.56,38.8901,2004,11,16,15.53,3.67,2.91,2.79,11.8,0.04
US-xSE,-76.56,38.8901,2004,11,17,14.98,2.97,4.3,2.47,11.32,0
US-xSE,-76.56,38.8901,2004,11,18,16.45,6.35,8.43,2.75,7.66,0.06
US-xSE,-76.56,38.8901,2004,11,19,14.85,8.79,10.33,1.58,4.9,0.11
US-xSE,-76.56,38.8901,2004,11,20,15.62,10.06,11.36,2.65,4.98,2.72
US-xSE,-76.56,38.8901,2004,11,21,16.42,8.27,10.33,2.22,6.56,0.06
US-xSE,-76.56,38.8901,2004,11,22,13.4,8.12,9.38,1.58,2.56,1.98
US-xSE,-76.56,38.8901,2004,11,23,12.94,9.75,10.52,3.31,2.87,0.8
US-xSE,-76.56,38.8901,2004,11,24,16.35,10.74,13.21,5.31,2.78,3.6
US-xSE,-76.56,38.8901,2004,11,25,16.76,3.04,7.6,9.07,3.86,3.4
US-xSE,-76.56,38.8901,2004,11,26,8.38,0.07,-2.15,4.36,11.29,0
US-xSE,-76.56,38.8901,2004,11,27,12.17,1.21,4.86,5.79,7.12,6.64
US-xSE,-76.56,38.8901,2004,11,28,13.87,4.91,7.52,7.34,8.53,16.32
US-xSE,-76.56,38.8901,2004,11,29,9.83,2.26,0.5,3.47,10.64,0
US-xSE,-76.56,38.8901,2004,11,30,11.29,3.97,3.39,2.71,5.22,0.84
US-xSE,-76.56,38.8901,2004,12,1,13.2,2.85,4.75,9.48,7.69,10.39
US-xSE,-76.56,38.8901,2004,12,2,10.09,0.69,0.86,3.53,9.65,0
US-xSE,-76.56,38.8901,2004,12,3,9.36,-0.13,0.49,5.29,10.31,0
US-xSE,-76.56,38.8901,2004,12,4,8.8,-1.35,-0.32,3.17,10.56,0
US-xSE,-76.56,38.8901,2004,12,5,12.48,1.61,3.25,3.53,9.71,0
US-xSE,-76.56,38.8901,2004,12,6,11.69,4.42,6.92,4.01,3.85,0.65
US-xSE,-76.56,38.8901,2004,12,7,15.7,8.14,11.27,4.9,2.35,10.32
US-xSE,-76.56,38.8901,2004,12,8,15.15,6.16,7.88,4.78,10.21,0.55
US-xSE,-76.56,38.8901,2004,12,9,10.73,3.4,7.22,4.24,3.82,14.9
US-xSE,-76.56,38.8901,2004,12,10,14.28,7.26,10.05,2.44,1.98,7.51
US-xSE,-76.56,38.8901,2004,12,11,11.52,3.55,5.62,4.59,2.66,4.1
US-xSE,-76.56,38.8901,2004,12,12,8.7,1.88,1.29,5.53,7.54,0.08
US-xSE,-76.56,38.8901,2004,12,13,7.64,0.99,0.4,7.07,6.23,0.38
US-xSE,-76.56,38.8901,2004,12,14,4.19,-0.9,-3.83,7.03,7.61,0.01
US-xSE,-76.56,38.8901,2004,12,15,2.99,-3.59,-5.74,5.3,10.37,0
US-xSE,-76.56,38.8901,2004,12,16,6.44,-2.47,-3.37,4,10.49,0
US-xSE,-76.56,38.8901,2004,12,17,8.1,-1.24,-1.06,4.63,9.96,0
US-xSE,-76.56,38.8901,2004,12,18,9.34,-2.36,0.31,2.94,8.82,0
US-xSE,-76.56,38.8901,2004,12,19,5.71,-5.75,-0.05,4.76,2.93,3.1
US-xSE,-76.56,38.8901,2004,12,20,-5.6,-10.41,-13.45,9.37,9.49,0.12
US-xSE,-76.56,38.8901,2004,12,21,4.52,-6.96,-5.15,4.64,9.04,0
US-xSE,-76.56,38.8901,2004,12,22,9.25,-0.16,2.72,4.5,10,0.01
US-xSE,-76.56,38.8901,2004,12,23,14.87,0.38,7.05,9.3,2.99,17.38
US-xSE,-76.56,38.8901,2004,12,24,1.02,-3.29,-5.45,5.25,5.05,0.02
US-xSE,-76.56,38.8901,2004,12,25,-0.36,-4.08,-7.43,3.86,9.56,0
US-xSE,-76.56,38.8901,2004,12,26,-0.67,-3.49,-5.03,5.92,3.44,0.15
US-xSE,-76.56,38.8901,2004,12,27,-1.82,-7.33,-9.22,8.08,9.98,0
US-xSE,-76.56,38.8901,2004,12,28,0.59,-8.14,-8.78,3.64,9.44,0
US-xSE,-76.56,38.8901,2004,12,29,9.18,-0.9,0.46,3.69,5.53,0
US-xSE,-76.56,38.8901,2004,12,30,8.79,0.09,2.71,3.24,5.89,0
US-xSE,-76.56,38.8901,2004,12,31,10.93,2.34,5.55,4.69,8.48,0.16
US-xSE,-76.56,38.8901,2005,1,1,16.49,4.13,6.78,4.07,9.31,0
US-xSE,-76.56,38.8901,2005,1,2,9.68,1.41,3.88,3.89,3.49,0
US-xSE,-76.56,38.8901,2005,1,3,15.01,5.3,8.51,3.75,8.1,0.09
US-xSE,-76.56,38.8901,2005,1,4,14.94,7.73,10.16,3.57,7.54,0.6
US-xSE,-76.56,38.8901,2005,1,5,7.6,3.76,4.88,4.22,2.54,5.58
US-xSE,-76.56,38.8901,2005,1,6,11.24,4.3,7.35,3.87,2.96,0.89
US-xSE,-76.56,38.8901,2005,1,7,6.27,1.6,0.66,3.3,9.02,0.25
US-xSE,-76.56,38.8901,2005,1,8,10.47,2.05,3.54,5.76,3.16,9.02
US-xSE,-76.56,38.8901,2005,1,9,6.07,-0.49,0.25,2.81,6.21,0
US-xSE,-76.56,38.8901,2005,1,10,8.95,1.02,2.79,4.08,8.05,0
US-xSE,-76.56,38.8901,2005,1,11,6.69,1.34,3.08,3.45,4.57,1.86
US-xSE,-76.56,38.8901,2005,1,12,9.61,4.72,6.79,2.63,5.39,1.16
US-xSE,-76.56,38.8901,2005,1,13,18.41,7.77,12.51,6.64,6.62,0.35
US-xSE,-76.56,38.8901,2005,1,14,14.7,1.02,4.78,8.06,2.01,46.76
US-xSE,-76.56,38.8901,2005,1,15,0.82,-3.51,-5.1,4.12,7.55,0
US-xSE,-76.56,38.8901,2005,1,16,1.42,-2.31,-3.51,4.72,6.19,0.06
US-xSE,-76.56,38.8901,2005,1,17,-1.2,-7.15,-9.08,9.11,10.95,0.08
US-xSE,-76.56,38.8901,2005,1,18,-6.04,-9.92,-13.16,6.92,11.98,0.02
US-xSE,-76.56,38.8901,2005,1,19,-3.98,-9.72,-9.21,5.01,3.21,1.99
US-xSE,-76.56,38.8901,2005,1,20,1.28,-4.52,-4.57,4.29,7.7,0.02
US-xSE,-76.56,38.8901,2005,1,21,-3.56,-10.77,-10.65,5.1,12.09,0.01
US-xSE,-76.56,38.8901,2005,1,22,-0.67,-11.5,-7.57,3.63,2.87,11.55
US-xSE,-76.56,38.8901,2005,1,23,-4.86,-10.46,-10.15,11.03,8.73,0.11
US-xSE,-76.56,38.8901,2005,1,24,-3.31,-13.76,-10.42,5.25,8.54,0.14
US-xSE,-76.56,38.8901,2005,1,25,1.26,-7.13,-5.24,4.21,6.06,0.17
US-xSE,-76.56,38.8901,2005,1,26,5.44,-3.35,-0.91,5.01,4.47,0.43
US-xSE,-76.56,38.8901,2005,1,27,-4.03,-11.01,-11.86,7.76,12.81,0
US-xSE,-76.56,38.8901,2005,1,28,-3.29,-13.89,-12.52,3.87,12.95,0
US-xSE,-76.56,38.8901,2005,1,29,0.55,-9.01,-7.75,2.44,10.31,1.56
US-xSE,-76.56,38.8901,2005,1,30,0.49,-3.72,-2.4,3.75,3.94,7.9
US-xSE,-76.56,38.8901,2005,1,31,1.88,-7.41,-5.03,4.35,11.37,0
US-xSE,-76.56,38.8901,2005,2,1,2.42,-6.89,-5.14,2.28,12.31,0
US-xSE,-76.56,38.8901,2005,2,2,4.71,-7.42,-4.24,3,12.74,0
US-xSE,-76.56,38.8901,2005,2,3,2.83,-3.55,-1.9,2.61,4.23,1.27
US-xSE,-76.56,38.8901,2005,2,4,5.2,-0.82,-0.79,5.65,8.15,0.03
US-xSE,-76.56,38.8901,2005,2,5,9.18,-0.68,-0.64,4.72,13.6,0
US-xSE,-76.56,38.8901,2005,2,6,9.8,-2,-0.11,3.41,13.77,0
US-xSE,-76.56,38.8901,2005,2,7,9.61,-0.76,0.92,2.46,13.8,0
US-xSE,-76.56,38.8901,2005,2,8,11.39,0.29,2.6,2.43,12.38,0.01
US-xSE,-76.56,38.8901,2005,2,9,14.52,4.24,4.96,2.54,6.99,0.08
US-xSE,-76.56,38.8901,2005,2,10,5.88,-1.86,-1.04,8.81,13.28,2.02
US-xSE,-76.56,38.8901,2005,2,11,4.23,-3.1,-5.72,9.03,14.29,0
US-xSE,-76.56,38.8901,2005,2,12,8.02,-2.98,-1.59,5.28,13.2,0
US-xSE,-76.56,38.8901,2005,2,13,6.65,-1.3,-1.79,3.96,12.39,0.13
US-xSE,-76.56,38.8901,2005,2,14,9.82,0.88,4.31,6.82,2.44,14.36
US-xSE,-76.56,38.8901,2005,2,15,13.47,3.68,5.68,3.88,13.34,0.01
US-xSE,-76.56,38.8901,2005,2,16,15.12,1.37,4.91,6.52,10.7,0.84
US-xSE,-76.56,38.8901,2005,2,17,5.28,-1.98,-2.79,4.91,9.07,0.01
US-xSE,-76.56,38.8901,2005,2,18,-1.29,-4.48,-8.3,7.2,16.25,0
US-xSE,-76.56,38.8901,2005,2,19,1.1,-5.21,-8.33,4.31,17.1,0
US-xSE,-76.56,38.8901,2005,2,20,5.63,-3.29,-2.53,3.19,7.95,1.23
US-xSE,-76.56,38.8901,2005,2,21,9.82,0.43,3.24,2.83,9.86,8.53
US-xSE,-76.56,38.8901,2005,2,22,7.93,1.02,1.15,3.23,9.89,0.32
US-xSE,-76.56,38.8901,2005,2,23,7.02,-1.35,-1,4.23,16.04,0.16
US-xSE,-76.56,38.8901,2005,2,24,1.08,-3.21,-2.31,6.08,2.68,10.3
US-xSE,-76.56,38.8901,2005,2,25,1.63,-5.88,-4.73,3.24,10.67,0.28
US-xSE,-76.56,38.8901,2005,2,26,5.35,-4.7,-2.73,4.09,14.03,0
US-xSE,-76.56,38.8901,2005,2,27,2.94,-4.57,-5.8,3.04,14.32,0
US-xSE,-76.56,38.8901,2005,2,28,1.73,-1.67,-1.63,6.13,6.17,9.79
US-xSE,-76.56,38.8901,2005,3,1,3.68,-3.03,-2.82,5.99,9.04,0.34
US-xSE,-76.56,38.8901,2005,3,2,0.52,-2.89,-6.31,10.65,17.6,0.01
US-xSE,-76.56,38.8901,2005,3,3,1.86,-4.56,-6.98,8.07,19.12,0
US-xSE,-76.56,38.8901,2005,3,4,4.08,-5.11,-4.87,3.52,16.47,0.03
US-xSE,-76.56,38.8901,2005,3,5,4.8,-1.19,-2.84,2.9,9.74,0.02
US-xSE,-76.56,38.8901,2005,3,6,9.66,-2.26,-0.55,5.6,15.93,0
US-xSE,-76.56,38.8901,2005,3,7,15.86,2.2,4.42,5.87,17.44,0
US-xSE,-76.56,38.8901,2005,3,8,10.5,-4.19,-1.6,11.14,4.66,14.32
US-xSE,-76.56,38.8901,2005,3,9,0.63,-5.69,-9.3,7.5,19.64,0
US-xSE,-76.56,38.8901,2005,3,10,2.24,-3.6,-5.89,2.85,18.51,0
US-xSE,-76.56,38.8901,2005,3,11,8.25,-0.42,1.36,3.27,12.15,1.66
US-xSE,-76.56,38.8901,2005,3,12,7.15,-2.18,-1.4,5.25,16.56,0.19
US-xSE,-76.56,38.8901,2005,3,13,7.13,0.12,-1.38,3.27,13.1,0.05
US-xSE,-76.56,38.8901,2005,3,14,6.06,-1.99,-3,4.91,20.42,0.05
US-xSE,-76.56,38.8901,2005,3,15,6.99,-2.87,-4.1,5.65,21.49,0
US-xSE,-76.56,38.8901,2005,3,16,7.73,-1.28,-1.64,2.79,10.58,0
US-xSE,-76.56,38.8901,2005,3,17,7.16,0.18,-1.47,2.49,7.28,0
US-xSE,-76.56,38.8901,2005,3,18,11.45,-1.6,0.9,2.84,19.2,0
US-xSE,-76.56,38.8901,2005,3,19,12.57,0.32,3.11,4.06,17.79,0.65
US-xSE,-76.56,38.8901,2005,3,20,10.55,3.5,6.12,3.85,9.63,3.75
US-xSE,-76.56,38.8901,2005,3,21,10.43,1.04,1.5,4.93,17.12,0
US-xSE,-76.56,38.8901,2005,3,22,11.96,-1.18,1.81,3.1,21.75,0.01
US-xSE,-76.56,38.8901,2005,3,23,7.71,2.88,4.78,7.22,2.7,47.51
US-xSE,-76.56,38.8901,2005,3,24,8.47,0.92,1.63,3.52,12.41,0.14
US-xSE,-76.56,38.8901,2005,3,25,7.85,0.2,2.75,2.59,4.8,1.65
US-xSE,-76.56,38.8901,2005,3,26,9.64,2.08,3.13,2.87,8.66,0.28
US-xSE,-76.56,38.8901,2005,3,27,9.37,3.1,4.95,4.31,4.68,3.16
US-xSE,-76.56,38.8901,2005,3,28,13.53,5.92,9.63,4.76,3.08,28.33
US-xSE,-76.56,38.8901,2005,3,29,14.42,6.55,7.24,6.62,10.85,0.61
US-xSE,-76.56,38.8901,2005,3,30,14.7,2.85,5.57,3.06,18.55,0
US-xSE,-76.56,38.8901,2005,3,31,11.3,3.78,5.9,4.73,8.28,0
US-xSE,-76.56,38.8901,2005,4,1,14.64,5.24,7.65,3.27,13.74,5.26
US-xSE,-76.56,38.8901,2005,4,2,14.44,5.51,9.89,6.98,4.43,43.46
US-xSE,-76.56,38.8901,2005,4,3,8.1,3.47,1.75,9.23,6.8,1.66
US-xSE,-76.56,38.8901,2005,4,4,14.35,3.2,2.29,7.28,25.34,0
US-xSE,-76.56,38.8901,2005,4,5,18.22,2.26,3.79,3.24,24.52,0
US-xSE,-76.56,38.8901,2005,4,6,24.41,7.83,11.86,3.84,22.77,0
US-xSE,-76.56,38.8901,2005,4,7,20.2,12.41,14,5.94,13.75,7.9
US-xSE,-76.56,38.8901,2005,4,8,14.62,7.01,11.06,4.01,5.64,7.11
US-xSE,-76.56,38.8901,2005,4,9,15.47,5.59,5.89,4.38,24.65,0
US-xSE,-76.56,38.8901,2005,4,10,20.07,3.31,5.62,2.12,25.71,0
US-xSE,-76.56,38.8901,2005,4,11,16.63,4.75,5.51,4.03,24.41,0.01
US-xSE,-76.56,38.8901,2005,4,12,12.37,3.28,2.91,3.27,17.39,0.14
US-xSE,-76.56,38.8901,2005,4,13,14.31,3.61,4.31,3.44,22.71,0
US-xSE,-76.56,38.8901,2005,4,14,15.37,2.44,4.87,4.34,25.8,0
US-xSE,-76.56,38.8901,2005,4,15,11.81,2.61,0.93,6.35,27.33,0
US-xSE,-76.56,38.8901,2005,4,16,13.68,0.86,0.72,4.89,27.24,0
US-xSE,-76.56,38.8901,2005,4,17,19.94,1.09,3.58,3.27,26.44,0
US-xSE,-76.56,38.8901,2005,4,18,22.36,7.11,8.77,3.04,24.21,0
US-xSE,-76.56,38.8901,2005,4,19,24.95,9.01,11.82,3.37,23.28,0.09
US-xSE,-76.56,38.8901,2005,4,20,26.04,12.75,14.28,4.14,23.24,0.13
US-xSE,-76.56,38.8901,2005,4,21,16.96,9.85,9.26,4.12,13.08,0.35
US-xSE,-76.56,38.8901,2005,4,22,13.94,8.72,9.18,4.75,4.88,3.7
US-xSE,-76.56,38.8901,2005,4,23,19.82,7.08,12.78,6.21,14.56,9.88
US-xSE,-76.56,38.8901,2005,4,24,10.93,4.34,2.34,5.26,15.9,0.18
US-xSE,-76.56,38.8901,2005,4,25,14.83,4.07,3.39,5.92,22.45,0.02
US-xSE,-76.56,38.8901,2005,4,26,18.58,6.07,8.66,5.55,21.77,0.46
US-xSE,-76.56,38.8901,2005,4,27,18.87,10.28,9.72,4.53,21.73,1.46
US-xSE,-76.56,38.8901,2005,4,28,17.26,7.45,6.24,5.38,25.77,0
US-xSE,-76.56,38.8901,2005,4,29,15,7.1,8.62,3.08,8.23,1.79
US-xSE,-76.56,38.8901,2005,4,30,20.41,11.07,14.52,5.34,7.06,15.54
US-xSE,-76.56,38.8901,2005,5,1,16.51,7.67,7.52,5.89,25.76,10.26
US-xSE,-76.56,38.8901,2005,5,2,16.45,6.09,5.98,4.21,15.15,0.75
US-xSE,-76.56,38.8901,2005,5,3,14.52,3.56,3.65,2.91,27.2,0
US-xSE,-76.56,38.8901,2005,5,4,14.6,7.25,6.36,1.87,13.32,0.27
US-xSE,-76.56,38.8901,2005,5,5,16.58,6.65,6.59,3,21.1,0
US-xSE,-76.56,38.8901,2005,5,6,11.28,7.7,6.39,5.57,7.13,0.75
US-xSE,-76.56,38.8901,2005,5,7,19.38,7.09,8.12,5.38,25.19,0
US-xSE,-76.56,38.8901,2005,5,8,20.02,9.03,8.25,6.28,28.47,0
US-xSE,-76.56,38.8901,2005,5,9,22.62,8.39,10.58,3.01,27.52,0
US-xSE,-76.56,38.8901,2005,5,10,20.85,8.98,11.3,4.07,28.03,0
US-xSE,-76.56,38.8901,2005,5,11,24.88,10.35,14.19,3.1,24.57,0
US-xSE,-76.56,38.8901,2005,5,12,20.83,11.26,13.19,4.75,19.53,0
US-xSE,-76.56,38.8901,2005,5,13,17.21,8.89,8.05,4.06,11.82,0
US-xSE,-76.56,38.8901,2005,5,14,23.45,10.18,14.42,5.1,23.43,4.45
US-xSE,-76.56,38.8901,2005,5,15,21.44,14.66,14.63,3.73,11.82,1.28
US-xSE,-76.56,38.8901,2005,5,16,19.21,11.37,10.7,4.11,27.31,1.2
US-xSE,-76.56,38.8901,2005,5,17,18.72,9.19,8.27,2.69,25.34,0.16
US-xSE,-76.56,38.8901,2005,5,18,21.55,10.57,10.85,1.38,21.43,0
US-xSE,-76.56,38.8901,2005,5,19,21.28,11.12,11.82,3.31,14.23,3.7
US-xSE,-76.56,38.8901,2005,5,20,13.63,8.93,10.65,8.47,5.66,54.51
US-xSE,-76.56,38.8901,2005,5,21,20.59,7.83,9.84,3.9,26.58,0.04
US-xSE,-76.56,38.8901,2005,5,22,19.96,11.6,11.67,3.17,26.3,0.26
US-xSE,-76.56,38.8901,2005,5,23,17.92,11.16,12.32,2.77,17.17,1.46
US-xSE,-76.56,38.8901,2005,5,24,15.41,10.97,11.29,2.31,5.9,4.84
US-xSE,-76.56,38.8901,2005,5,25,13.73,9.34,9.66,4.61,8.08,2.5
US-xSE,-76.56,38.8901,2005,5,26,21.97,11.68,12.97,4.29,22.39,0.23
US-xSE,-76.56,38.8901,2005,5,27,24.46,11.57,14.21,4.19,24.97,0.49
US-xSE,-76.56,38.8901,2005,5,28,22.53,12.92,13.15,3.41,17.03,1.19
US-xSE,-76.56,38.8901,2005,5,29,22.49,11.39,12.45,3.89,26.09,0.02
US-xSE,-76.56,38.8901,2005,5,30,23.57,11.71,12.78,2.41,24.36,0.68
US-xSE,-76.56,38.8901,2005,5,31,24.23,12.99,12.78,1.91,29.67,0.43
US-xSE,-76.56,38.8901,2005,6,1,23.97,13.86,13.72,3.14,23.54,0.01
US-xSE,-76.56,38.8901,2005,6,2,18.9,12.93,13.42,4.16,11.27,1.94
US-xSE,-76.56,38.8901,2005,6,3,18.35,14.3,15.23,4.68,7.47,18.02
US-xSE,-76.56,38.8901,2005,6,4,24.59,14.05,16.89,2.4,19.27,0.23
US-xSE,-76.56,38.8901,2005,6,5,28.54,16.07,19.15,2.13,27.26,0.03
US-xSE,-76.56,38.8901,2005,6,6,28.79,18.57,20.77,3.16,26.31,19.49
US-xSE,-76.56,38.8901,2005,6,7,28.51,19.57,20.17,3.18,22.49,0.73
US-xSE,-76.56,38.8901,2005,6,8,30.89,18.97,19.93,2.94,28.12,0
US-xSE,-76.56,38.8901,2005,6,9,28.11,20.33,21.61,4.22,24.79,1.83
US-xSE,-76.56,38.8901,2005,6,10,27.87,20.87,21.49,5.17,22.61,0.47
US-xSE,-76.56,38.8901,2005,6,11,27.42,20.38,20.39,4.61,24.88,0.58
US-xSE,-76.56,38.8901,2005,6,12,28.14,19.54,20.49,4.61,25.73,0
US-xSE,-76.56,38.8901,2005,6,13,30.26,21.82,21.95,4.38,24.83,0.22
US-xSE,-76.56,38.8901,2005,6,14,31.04,22.21,22.4,4.55,27.65,0.08
US-xSE,-76.56,38.8901,2005,6,15,28.76,21.68,19.48,4.33,27.12,0
US-xSE,-76.56,38.8901,2005,6,16,28.43,17.71,17.3,4.29,23.23,1.51
US-xSE,-76.56,38.8901,2005,6,17,24.13,15.51,12.99,4.06,27.66,0
US-xSE,-76.56,38.8901,2005,6,18,25.71,15,13.6,2.86,27.68,0
US-xSE,-76.56,38.8901,2005,6,19,23.39,15.48,15.26,3.94,21.16,0.41
US-xSE,-76.56,38.8901,2005,6,20,22.43,14.63,13.81,2.81,17.81,0
US-xSE,-76.56,38.8901,2005,6,21,26.57,13.59,13.88,2.37,28.58,0.03
US-xSE,-76.56,38.8901,2005,6,22,28.47,18.59,17.07,3.91,16.97,3.03
US-xSE,-76.56,38.8901,2005,6,23,27.8,16.3,14.08,2.41,29.98,0.12
US-xSE,-76.56,38.8901,2005,6,24,29.31,16.44,15.92,3.88,28.68,0.02
US-xSE,-76.56,38.8901,2005,6,25,31.28,17.8,16.88,3.43,26.56,0
US-xSE,-76.56,38.8901,2005,6,26,31.99,18.43,17.92,2.42,20.62,0.35
US-xSE,-76.56,38.8901,2005,6,27,27.48,21.15,21.71,2.68,15.48,5.79
US-xSE,-76.56,38.8901,2005,6,28,31.88,22.08,21.84,2.77,23.14,4.64
US-xSE,-76.56,38.8901,2005,6,29,26.84,22.13,21.8,4.33,11.64,9.94
US-xSE,-76.56,38.8901,2005,6,30,31.21,20.98,20.76,2.89,22.59,0.24
US-xSE,-76.56,38.8901,2005,7,1,31.87,21.19,20.17,2.88,22.25,1.31
US-xSE,-76.56,38.8901,2005,7,2,29.55,20.57,18.87,3.27,18.1,0.04
US-xSE,-76.56,38.8901,2005,7,3,28.7,18.75,16.72,3.52,24.66,0.04
US-xSE,-76.56,38.8901,2005,7,4,30.97,18.08,17.64,2.46,26.88,0
US-xSE,-76.56,38.8901,2005,7,5,30.91,21.28,21.18,4.11,18.23,12.58
US-xSE,-76.56,38.8901,2005,7,6,30.27,22.39,21.01,3.04,21.41,0.55
US-xSE,-76.56,38.8901,2005,7,7,28.8,20.49,20.76,3.18,10.8,10.54
US-xSE,-76.56,38.8901,2005,7,8,26.27,20.36,19.8,6.47,16.31,34.62
US-xSE,-76.56,38.8901,2005,7,9,29.14,20.24,19.52,2.48,28.49,0.07
US-xSE,-76.56,38.8901,2005,7,10,30.86,19.78,16.53,2.67,29.18,0
US-xSE,-76.56,38.8901,2005,7,11,32.03,18.84,17.28,3.12,23.76,0.05
US-xSE,-76.56,38.8901,2005,7,12,34.02,22.08,19.9,1.91,20.86,0.15
US-xSE,-76.56,38.8901,2005,7,13,28.77,23.47,23.26,3.08,18.95,3.15
US-xSE,-76.56,38.8901,2005,7,14,29.62,22.91,23.11,3.25,18.32,7.46
US-xSE,-76.56,38.8901,2005,7,15,28.75,24.15,23.56,2.6,17.42,4.78
US-xSE,-76.56,38.8901,2005,7,16,29.41,24.3,24.56,2.5,20.19,17.66
US-xSE,-76.56,38.8901,2005,7,17,30.95,24.58,24.24,2.26,22.24,5.78
US-xSE,-76.56,38.8901,2005,7,18,32.16,23.98,24,2.63,22.65,0.16
US-xSE,-76.56,38.8901,2005,7,19,31.3,24.61,24.09,2.98,22.25,0.22
US-xSE,-76.56,38.8901,2005,7,20,32.2,24.26,20.4,3.36,25.17,0
US-xSE,-76.56,38.8901,2005,7,21,33.22,21.64,20.02,2.14,25.88,1.12
US-xSE,-76.56,38.8901,2005,7,22,32.98,23.93,22.22,2.21,24.23,1.25
US-xSE,-76.56,38.8901,2005,7,23,31.56,21.68,17.67,4.25,27.63,0.07
US-xSE,-76.56,38.8901,2005,7,24,30.74,18.74,15.17,2.43,25.72,0.52
US-xSE,-76.56,38.8901,2005,7,25,31.37,22.32,22.86,3.92,23.85,7.55
US-xSE,-76.56,38.8901,2005,7,26,34.81,24.77,22.51,2.53,26.02,0.37
US-xSE,-76.56,38.8901,2005,7,27,35.91,24.67,23.37,3.89,24.48,4.97
US-xSE,-76.56,38.8901,2005,7,28,29.8,21.63,17.66,3.08,23.67,0.13
US-xSE,-76.56,38.8901,2005,7,29,27.47,23.16,20.36,2.03,9.31,5.82
US-xSE,-76.56,38.8901,2005,7,30,29.6,21.91,21.36,3.46,15.04,0.85
US-xSE,-76.56,38.8901,2005,7,31,27.83,20.7,20.22,3.35,14.86,0.05
US-xSE,-76.56,38.8901,2005,8,1,31.44,20.25,19.31,2.08,25.22,0.02
US-xSE,-76.56,38.8901,2005,8,2,34.25,21.95,20.8,2.7,26.36,0.02
US-xSE,-76.56,38.8901,2005,8,3,34.56,24.14,20.19,3.06,26.09,0
US-xSE,-76.56,38.8901,2005,8,4,35.78,23.92,20.02,2.7,25.55,0
US-xSE,-76.56,38.8901,2005,8,5,35.56,24.31,21.29,3.3,22.66,2.7
US-xSE,-76.56,38.8901,2005,8,6,31.8,23.38,21.12,2.17,21.39,0.93
US-xSE,-76.56,38.8901,2005,8,7,29.72,23.47,22.29,1.99,15.85,2.34
US-xSE,-76.56,38.8901,2005,8,8,31.46,23.7,21.33,2.53,16.34,6.49
US-xSE,-76.56,38.8901,2005,8,9,25.42,22.61,21.68,2.59,5.14,22.84
US-xSE,-76.56,38.8901,2005,8,10,29.46,22.31,21.44,2.51,19.59,4.19
US-xSE,-76.56,38.8901,2005,8,11,33.61,21.86,20.89,2.55,23.76,0.06
US-xSE,-76.56,38.8901,2005,8,12,34.65,23.73,21.9,3.28,22.47,0.12
US-xSE,-76.56,38.8901,2005,8,13,34.74,24.16,22.46,3.39,22.08,0.14
US-xSE,-76.56,38.8901,2005,8,14,34.7,24.8,23.15,3.38,22.28,0.59
US-xSE,-76.56,38.8901,2005,8,15,32.11,24.14,21.18,3.28,21.85,0.14
US-xSE,-76.56,38.8901,2005,8,16,28.83,22.63,21.77,2.55,10.21,9.79
US-xSE,-76.56,38.8901,2005,8,17,30.64,20.28,17.08,3.14,25.14,2.94
US-xSE,-76.56,38.8901,2005,8,18,31.1,20.84,17.94,2.43,23.85,0.03
US-xSE,-76.56,38.8901,2005,8,19,26.47,22.43,21.04,4.52,4.96,8.72
US-xSE,-76.56,38.8901,2005,8,20,32.31,22.39,22.17,2.22,20.49,0.39
US-xSE,-76.56,38.8901,2005,8,21,33.84,22.96,20.67,3.53,22.2,0.02
US-xSE,-76.56,38.8901,2005,8,22,31.02,20.51,15.15,3.27,24.31,0
US-xSE,-76.56,38.8901,2005,8,23,29.06,18.9,16.43,1.95,15.55,0.31
US-xSE,-76.56,38.8901,2005,8,24,29.08,18.61,14.53,3.3,23.53,0
US-xSE,-76.56,38.8901,2005,8,25,29.3,16.73,13.51,2.3,24.08,0.07
US-xSE,-76.56,38.8901,2005,8,26,25.69,19.74,16.41,3.02,13.96,0.55
US-xSE,-76.56,38.8901,2005,8,27,26.84,19.74,19.39,4.25,7.38,3.85
US-xSE,-76.56,38.8901,2005,8,28,30.09,22.58,21.42,2.7,14.41,2.52
US-xSE,-76.56,38.8901,2005,8,29,31.65,22.09,21.14,2.51,20.36,0.02
US-xSE,-76.56,38.8901,2005,8,30,29.35,23.53,23.6,3.9,12.84,2.36
US-xSE,-76.56,38.8901,2005,8,31,32.33,23.68,21.75,7.74,12.99,0.38
US-xSE,-76.56,38.8901,2005,9,1,30.44,20.89,16.2,3.85,23.37,0
US-xSE,-76.56,38.8901,2005,9,2,31.83,20.95,16.74,2.94,23.46,0
US-xSE,-76.56,38.8901,2005,9,3,28.86,19.23,12.92,4.19,23.77,0
US-xSE,-76.56,38.8901,2005,9,4,29.29,17.57,13.54,3.23,21.85,0
US-xSE,-76.56,38.8901,2005,9,5,28.75,17.82,15.08,3.81,20.14,0.03
US-xSE,-76.56,38.8901,2005,9,6,28.29,16.43,13.55,3.96,22,0
US-xSE,-76.56,38.8901,2005,9,7,28.39,14.98,14.31,2.83,23.04,0
US-xSE,-76.56,38.8901,2005,9,8,29.96,17.47,14.09,1.6,23.42,0
US-xSE,-76.56,38.8901,2005,9,9,30.23,17.39,15.77,2.31,19.61,0
US-xSE,-76.56,38.8901,2005,9,10,29.46,18,15.58,2.33,20.85,0.02
US-xSE,-76.56,38.8901,2005,9,11,29.18,17.53,14.55,2.51,21.3,0
US-xSE,-76.56,38.8901,2005,9,12,30.78,17.07,14.22,2.47,22.55,0
US-xSE,-76.56,38.8901,2005,9,13,32.47,17.72,16.02,2.29,21.84,0.01
US-xSE,-76.56,38.8901,2005,9,14,30.42,21.86,22.17,2.93,13.27,3.15
US-xSE,-76.56,38.8901,2005,9,15,32.01,22.52,21.89,3.11,17.61,1.1
US-xSE,-76.56,38.8901,2005,9,16,32.42,22.23,20.68,2.94,18.43,0.25
US-xSE,-76.56,38.8901,2005,9,17,32.14,21.85,19.73,2.28,18.38,1.32
US-xSE,-76.56,38.8901,2005,9,18,29.66,20.68,16.02,2.62,19.02,0.01
US-xSE,-76.56,38.8901,2005,9,19,30.98,19.51,16.24,2.54,18.77,0
US-xSE,-76.56,38.8901,2005,9,20,30.08,21.85,19.4,4.4,13.53,0.25
US-xSE,-76.56,38.8901,2005,9,21,28.94,17.67,11.6,2.93,21.2,0
US-xSE,-76.56,38.8901,2005,9,22,30.35,16.84,16.23,3.43,19.68,0
US-xSE,-76.56,38.8901,2005,9,23,33.23,20.73,18.96,3.6,16.88,0.02
US-xSE,-76.56,38.8901,2005,9,24,26.77,18.79,14.21,5.82,5.36,0.03
US-xSE,-76.56,38.8901,2005,9,25,27.31,18.02,15.98,3.6,12.1,0
US-xSE,-76.56,38.8901,2005,9,26,28.11,20.71,18.97,6.29,13.06,2.47
US-xSE,-76.56,38.8901,2005,9,27,26.56,15.87,11.67,4.92,20.15,0.01
US-xSE,-76.56,38.8901,2005,9,28,26.98,13.12,12.18,3.92,19.85,0
US-xSE,-76.56,38.8901,2005,9,29,24.5,13.89,11.84,6.76,10.69,0.15
US-xSE,-76.56,38.8901,2005,9,30,21.39,10.28,3.29,2.48,20.19,0
US-xSE,-76.56,38.8901,2005,10,1,25.15,12,8.06,2.4,19.3,0
US-xSE,-76.56,38.8901,2005,10,2,26.44,14.13,11.05,2.08,18.6,0
US-xSE,-76.56,38.8901,2005,10,3,26.69,13.12,14.68,2.69,17.76,0
US-xSE,-76.56,38.8901,2005,10,4,27.76,16.56,18.06,3.32,9.67,0.26
US-xSE,-76.56,38.8901,2005,10,5,28.05,16.66,16.03,2.8,14.07,0.13
US-xSE,-76.56,38.8901,2005,10,6,28.68,17.74,19.14,3.35,10.96,1.44
US-xSE,-76.56,38.8901,2005,10,7,25.36,21.28,21.31,6.9,6.59,38.35
US-xSE,-76.56,38.8901,2005,10,8,24.77,13.61,19.67,6.69,3.69,56.41
US-xSE,-76.56,38.8901,2005,10,9,18.44,12.77,13.05,3.78,5.3,0.65
US-xSE,-76.56,38.8901,2005,10,10,19.98,14.93,15.66,2.8,5.61,6.04
US-xSE,-76.56,38.8901,2005,10,11,21.14,15.92,16.14,3.4,3.87,5.55
US-xSE,-76.56,38.8901,2005,10,12,18.39,13.24,13.64,6.14,5.75,2.15
US-xSE,-76.56,38.8901,2005,10,13,21.42,13.12,16.14,6.46,3.44,3.55
US-xSE,-76.56,38.8901,2005,10,14,21.57,15.5,15.3,7.49,7.69,0.7
US-xSE,-76.56,38.8901,2005,10,15,23.94,12.81,12.46,6.6,15.94,0
US-xSE,-76.56,38.8901,2005,10,16,18.87,10.9,7.96,7.51,16.97,0
US-xSE,-76.56,38.8901,2005,10,17,18.87,9.59,8.23,5.33,17.03,0
US-xSE,-76.56,38.8901,2005,10,18,23.41,10.38,10.3,4.93,15.14,0.02
US-xSE,-76.56,38.8901,2005,10,19,22.76,11.5,11.28,3.76,15.83,0.22
US-xSE,-76.56,38.8901,2005,10,20,17.09,11.79,8.85,3.67,11.28,0.22
US-xSE,-76.56,38.8901,2005,10,21,14.19,11.55,10.87,4.14,1.69,9.9
US-xSE,-76.56,38.8901,2005,10,22,20.14,10.5,13.58,5.47,3.36,16.41
US-xSE,-76.56,38.8901,2005,10,23,15.98,8.58,6.68,4.99,15.49,0.02
US-xSE,-76.56,38.8901,2005,10,24,15.47,8.08,8.72,6.91,5.9,13.79
US-xSE,-76.56,38.8901,2005,10,25,10.23,6.09,6.59,6.7,3.56,13.17
US-xSE,-76.56,38.8901,2005,10,26,13.56,5.74,5.23,6.4,12.61,0.23
US-xSE,-76.56,38.8901,2005,10,27,12.58,4.16,4.46,3.1,12.81,0
US-xSE,-76.56,38.8901,2005,10,28,11.84,3.72,2.83,3.18,12.36,0.04
US-xSE,-76.56,38.8901,2005,10,29,10.91,2.7,2.88,4.78,10.69,0
US-xSE,-76.56,38.8901,2005,10,30,16.71,4.52,5.32,4.92,14.98,0
US-xSE,-76.56,38.8901,2005,10,31,19.02,6.19,7.63,2.88,14.76,0.09
US-xSE,-76.56,38.8901,2005,11,1,18.42,6.25,8.38,4.8,13.25,0.01
US-xSE,-76.56,38.8901,2005,11,2,15,7.43,5.84,4.76,14.03,0.05
US-xSE,-76.56,38.8901,2005,11,3,18.02,5.15,7.43,4.86,13.89,0
US-xSE,-76.56,38.8901,2005,11,4,18.13,7.52,9.09,4.03,13.37,0.19
US-xSE,-76.56,38.8901,2005,11,5,20.43,9.3,12.31,2.67,11.92,0
US-xSE,-76.56,38.8901,2005,11,6,21.83,10.74,13.43,5.53,12.45,0.23
US-xSE,-76.56,38.8901,2005,11,7,16.36,8.93,7.26,4.1,12.87,0
US-xSE,-76.56,38.8901,2005,11,8,19.71,6.97,9.88,2.99,10.77,0.27
US-xSE,-76.56,38.8901,2005,11,9,19.52,12.1,13.92,5.05,7.24,0.42
US-xSE,-76.56,38.8901,2005,11,10,16.95,6.34,4.72,7.3,8.33,0.44
US-xSE,-76.56,38.8901,2005,11,11,11.54,3.49,1.93,3.83,11.58,0
US-xSE,-76.56,38.8901,2005,11,12,15.33,4.13,4.07,3,12.39,0
US-xSE,-76.56,38.8901,2005,11,13,17.55,6.73,8.24,5.11,11.81,0.08
US-xSE,-76.56,38.8901,2005,11,14,17.99,10.64,9.05,3.58,8.03,0.04
US-xSE,-76.56,38.8901,2005,11,15,20.64,12.64,14.62,5.66,6.67,0.13
US-xSE,-76.56,38.8901,2005,11,16,22.15,8.01,13.95,8.02,6.42,12.48
US-xSE,-76.56,38.8901,2005,11,17,7.71,-0.2,-3,6.75,12.5,0.17
US-xSE,-76.56,38.8901,2005,11,18,5.64,-1.89,-4.97,3.82,12.02,0
US-xSE,-76.56,38.8901,2005,11,19,10.24,0.66,-2.07,3.4,12,0
US-xSE,-76.56,38.8901,2005,11,20,13.78,1.13,3.19,3.33,11.47,0
US-xSE,-76.56,38.8901,2005,11,21,9.35,4.03,6.69,3.55,1.68,22.15
US-xSE,-76.56,38.8901,2005,11,22,9.6,2.55,2.3,9.72,5.65,7.79
US-xSE,-76.56,38.8901,2005,11,23,3.99,-0.59,-4.96,6.06,10.13,0.7
US-xSE,-76.56,38.8901,2005,11,24,11.86,-4.43,-0.56,8.05,6.83,0.33
US-xSE,-76.56,38.8901,2005,11,25,1.63,-4.68,-9.78,4.41,11.54,0
US-xSE,-76.56,38.8901,2005,11,26,7.25,-1,-4.11,3.26,10.92,0
US-xSE,-76.56,38.8901,2005,11,27,10.3,1.11,5.15,3.15,7.23,0.1
US-xSE,-76.56,38.8901,2005,11,28,17.85,8.2,11.93,6.05,6.69,0.13
US-xSE,-76.56,38.8901,2005,11,29,18.45,13.21,14.03,9.43,3.26,14.06
US-xSE,-76.56,38.8901,2005,11,30,15.21,2.17,5.49,5.42,10.53,1.17
US-xSE,-76.56,38.8901,2005,12,1,6.95,0.39,0.34,3.4,7.66,0.04
US-xSE,-76.56,38.8901,2005,12,2,4.37,-1.88,-3.6,8.38,8.65,0
US-xSE,-76.56,38.8901,2005,12,3,3.08,-2.29,-6.24,5.39,8.54,0.23
US-xSE,-76.56,38.8901,2005,12,4,9.2,0.67,2.08,4.88,8.92,7.52
US-xSE,-76.56,38.8901,2005,12,5,2.24,-0.97,-1.72,3.12,1.67,3.66
US-xSE,-76.56,38.8901,2005,12,6,2.88,-3.52,-3.99,4.93,8.93,0.77
US-xSE,-76.56,38.8901,2005,12,7,2.08,-3.97,-6.15,4.96,9.25,0
US-xSE,-76.56,38.8901,2005,12,8,0.78,-5.04,-7.17,2.79,8.43,0.33
US-xSE,-76.56,38.8901,2005,12,9,2.28,-4.56,-3.17,6.15,8.42,12.63
US-xSE,-76.56,38.8901,2005,12,10,2.76,-6.38,-3.83,4.04,8.45,0
US-xSE,-76.56,38.8901,2005,12,11,5.07,-3.77,-1.31,3.77,8.25,0.01
US-xSE,-76.56,38.8901,2005,12,12,3.32,-3.38,-3.11,4.68,6.42,0.02
US-xSE,-76.56,38.8901,2005,12,13,-1.14,-6.69,-8.48,4.81,10.43,0
US-xSE,-76.56,38.8901,2005,12,14,-3.43,-8.84,-10.2,3.39,4.84,0
US-xSE,-76.56,38.8901,2005,12,15,7.51,-7.09,-2.31,5.61,2.91,23.48
US-xSE,-76.56,38.8901,2005,12,16,8.07,0.18,1.15,5.72,9.98,7.13
US-xSE,-76.56,38.8901,2005,12,17,5.19,-0.46,-1.38,2.09,8.19,0
US-xSE,-76.56,38.8901,2005,12,18,5.64,-0.23,-1.5,1.89,8.06,0
US-xSE,-76.56,38.8901,2005,12,19,2.99,-4.38,-4.3,5.1,6.67,0
US-xSE,-76.56,38.8901,2005,12,20,2.1,-5.07,-7.89,5.56,10.62,0
US-xSE,-76.56,38.8901,2005,12,21,1.83,-4.97,-5.28,3.36,9.76,0
US-xSE,-76.56,38.8901,2005,12,22,4.13,-5.05,-3.16,3.54,9.88,0
US-xSE,-76.56,38.8901,2005,12,23,8,-2.1,-0.34,3.9,10.22,0
US-xSE,-76.56,38.8901,2005,12,24,8.39,-0.32,1.33,2.88,8.68,0
US-xSE,-76.56,38.8901,2005,12,25,9.79,-0.38,4.1,4.83,2.33,12.88
US-xSE,-76.56,38.8901,2005,12,26,7.74,1.13,1.27,7.11,4.53,0.54
US-xSE,-76.56,38.8901,2005,12,27,6.66,0.25,-0.81,5.23,9.87,0
US-xSE,-76.56,38.8901,2005,12,28,8.68,-0.47,3.6,4.71,6.29,0.02
US-xSE,-76.56,38.8901,2005,12,29,7.72,4.37,5.48,5.02,1.56,6.95
US-xSE,-76.56,38.8901,2005,12,30,7.99,1.11,1.16,5.05,8.27,0
US-xSE,-76.56,38.8901,2005,12,31,7.3,-0.51,2.51,3.46,3.64,0.25
US-xSE,-76.56,38.8901,2006,1,1,8.26,0.58,0.75,3.22,8.11,0
US-xSE,-76.56,38.8901,2006,1,2,7.75,-0.2,3.71,4.59,2.13,17.88
US-xSE,-76.56,38.8901,2006,1,3,5.52,0.51,2.87,5.29,2.72,0.81
US-xSE,-76.56,38.8901,2006,1,4,6.4,-0.77,1.12,3.27,5.14,0.06
US-xSE,-76.56,38.8901,2006,1,5,10.09,1.43,3.12,4.04,8.56,0.08
US-xSE,-76.56,38.8901,2006,1,6,5.67,-2.76,-1.21,5.51,4.99,0.02
US-xSE,-76.56,38.8901,2006,1,7,2.7,-3.92,-4.78,3.72,10.49,0
US-xSE,-76.56,38.8901,2006,1,8,7.93,-1.91,0.41,3.85,7.38,0
US-xSE,-76.56,38.8901,2006,1,9,12.69,3.96,5.73,5.77,5.55,0
US-xSE,-76.56,38.8901,2006,1,10,8.91,1.35,2.08,2.82,9.52,0
US-xSE,-76.56,38.8901,2006,1,11,11.58,1.41,7.06,4.46,3.47,3.93
US-xSE,-76.56,38.8901,2006,1,12,13.23,4.12,6.11,3.36,10.47,0.25
US-xSE,-76.56,38.8901,2006,1,13,12.37,5.29,8.49,4.17,6.85,0.45
US-xSE,-76.56,38.8901,2006,1,14,13.14,-0.16,5.44,10.21,3.54,8.36
US-xSE,-76.56,38.8901,2006,1,15,2.36,-3.92,-7.41,11.41,11.34,0.24
US-xSE,-76.56,38.8901,2006,1,16,2.12,-2.79,-6.71,2.91,8.55,0
US-xSE,-76.56,38.8901,2006,1,17,11.1,-1.96,1.03,5.47,3.58,1.81
US-xSE,-76.56,38.8901,2006,1,18,14.12,-1.02,4.19,9.53,6.88,12.9
US-xSE,-76.56,38.8901,2006,1,19,7.15,-1.78,-0.29,4.57,8.84,0
US-xSE,-76.56,38.8901,2006,1,20,12.62,1.72,4.39,4.66,9.26,0
US-xSE,-76.56,38.8901,2006,1,21,15.06,2.49,5.58,7.22,6.02,0
US-xSE,-76.56,38.8901,2006,1,22,6.06,-2.36,-1.46,3.97,9.45,10.89
US-xSE,-76.56,38.8901,2006,1,23,4.64,1.02,2.74,3.28,2.76,14.2
US-xSE,-76.56,38.8901,2006,1,24,8.23,-1.79,0.57,3.85,11.99,0.96
US-xSE,-76.56,38.8901,2006,1,25,4.93,-0.33,-1.58,9.38,8.85,0.43
US-xSE,-76.56,38.8901,2006,1,26,2.02,-3.1,-6,8.47,13.2,0
US-xSE,-76.56,38.8901,2006,1,27,5.25,-4.27,-5.25,3.46,13.14,0
US-xSE,-76.56,38.8901,2006,1,28,11.93,-0.16,1.01,3.78,12.19,0
US-xSE,-76.56,38.8901,2006,1,29,11.67,1.34,6.16,6.14,3.02,0.78
US-xSE,-76.56,38.8901,2006,1,30,15.28,4.86,7.58,2.66,11.55,0.27
US-xSE,-76.56,38.8901,2006,1,31,7.7,0.83,3.58,6.54,7.69,2.02
US-xSE,-76.56,38.8901,2006,2,1,6.47,-1.36,-0.71,3.42,12.08,0
US-xSE,-76.56,38.8901,2006,2,2,10.55,0.88,3.45,4.2,12.27,0.37
US-xSE,-76.56,38.8901,2006,2,3,14.97,6.33,8.38,5.41,10.95,6.05
US-xSE,-76.56,38.8901,2006,2,4,12.99,5.72,8.01,6.36,2.57,11.22
US-xSE,-76.56,38.8901,2006,2,5,7.06,0.29,-0.44,6.37,7.16,0.01
US-xSE,-76.56,38.8901,2006,2,6,6.28,-2.06,-3.66,6.68,14.52,0
US-xSE,-76.56,38.8901,2006,2,7,4.65,-2.82,-4.15,4.77,14.79,0
US-xSE,-76.56,38.8901,2006,2,8,2.15,-3.36,-4.87,3.63,11.9,0
US-xSE,-76.56,38.8901,2006,2,9,1.92,-2.96,-5.48,4.95,14.65,0
US-xSE,-76.56,38.8901,2006,2,10,4.39,-2.68,-4.57,4.03,10.49,0
US-xSE,-76.56,38.8901,2006,2,11,3.23,-0.08,-0.38,4.56,4.43,8.1
US-xSE,-76.56,38.8901,2006,2,12,1.06,-3.68,-3.15,8.08,7.2,7.2
US-xSE,-76.56,38.8901,2006,2,13,1.79,-7.56,-5.47,5.01,13.65,0
US-xSE,-76.56,38.8901,2006,2,14,5.64,-5.02,-2.45,4.43,13.73,0
US-xSE,-76.56,38.8901,2006,2,15,11.54,-1.47,2.23,3.47,15.35,0
US-xSE,-76.56,38.8901,2006,2,16,14.57,1.9,5.34,4.87,15.18,0
US-xSE,-76.56,38.8901,2006,2,17,14.02,1.39,3.37,8.28,9.36,0.09
US-xSE,-76.56,38.8901,2006,2,18,2.15,-6.37,-6.03,6.31,4.08,0.1
US-xSE,-76.56,38.8901,2006,2,19,-1.91,-7.39,-11.27,4.44,16.94,0
US-xSE,-76.56,38.8901,2006,2,20,3.67,-2.78,-5.99,2.27,13.93,0.02
US-xSE,-76.56,38.8901,2006,2,21,6.73,-2.28,-2.76,3.6,16.23,0
US-xSE,-76.56,38.8901,2006,2,22,4.71,-0.13,0.41,1.92,2.83,1.8
US-xSE,-76.56,38.8901,2006,2,23,9.04,0.88,1.19,3.31,10.13,0.4
US-xSE,-76.56,38.8901,2006,2,24,4.55,-3.09,-4.81,7.43,18.3,0
US-xSE,-76.56,38.8901,2006,2,25,10.13,-3.11,-2.07,7.05,11.45,0
US-xSE,-76.56,38.8901,2006,2,26,0.13,-3.97,-8.43,7.77,17.08,0
US-xSE,-76.56,38.8901,2006,2,27,1.04,-4.46,-6.46,4.58,11.47,0.01
US-xSE,-76.56,38.8901,2006,2,28,3.94,-1.48,-4.72,4.37,13.08,0.01
US-xSE,-76.56,38.8901,2006,3,1,7.48,-0.46,-2.77,2.78,10.66,0
US-xSE,-76.56,38.8901,2006,3,2,10.31,0.28,3.09,4.23,7.19,1.88
US-xSE,-76.56,38.8901,2006,3,3,5.14,-2.47,-4.83,8.2,18.73,0
US-xSE,-76.56,38.8901,2006,3,4,5.85,-2.51,-4.17,8.4,19.49,0
US-xSE,-76.56,38.8901,2006,3,5,8.67,-2.2,-2.72,5.84,19.61,0
US-xSE,-76.56,38.8901,2006,3,6,7.61,-0.44,-2.13,2.58,7.94,0
US-xSE,-76.56,38.8901,2006,3,7,7.55,-2.1,-2.8,4.67,19.75,0
US-xSE,-76.56,38.8901,2006,3,8,9.56,-2.4,-2.29,3.13,17.23,0
US-xSE,-76.56,38.8901,2006,3,9,15.12,2.69,6.07,5.49,10.86,0.01
US-xSE,-76.56,38.8901,2006,3,10,20.91,9.88,10.63,7.28,17.39,0
US-xSE,-76.56,38.8901,2006,3,11,18.68,5.98,8.05,2.79,18.33,0
US-xSE,-76.56,38.8901,2006,3,12,19.34,8.14,11.82,3.62,10.92,0.87
US-xSE,-76.56,38.8901,2006,3,13,23,10.28,14.25,4.78,16.37,0.04
US-xSE,-76.56,38.8901,2006,3,14,16.28,4.71,4.92,8.93,17.53,0.58
US-xSE,-76.56,38.8901,2006,3,15,8.83,0.86,-2.71,9.47,21.02,0
US-xSE,-76.56,38.8901,2006,3,16,10.73,0.1,-1.44,4.78,20.3,0
US-xSE,-76.56,38.8901,2006,3,17,9.76,1.88,-0.5,4.21,14.06,0
US-xSE,-76.56,38.8901,2006,3,18,6.91,-2.81,-4.89,6.41,21.8,0
US-xSE,-76.56,38.8901,2006,3,19,9.23,-3.1,-3.82,5.65,22.42,0
US-xSE,-76.56,38.8901,2006,3,20,7.68,-1.96,-2.44,4.3,18.03,0
US-xSE,-76.56,38.8901,2006,3,21,4.86,-3.77,-4.72,3.27,6.51,0.18
US-xSE,-76.56,38.8901,2006,3,22,7.43,-1.11,-3.2,7.27,22.21,0
US-xSE,-76.56,38.8901,2006,3,23,9.32,-1.23,-0.79,4.22,19.8,0
US-xSE,-76.56,38.8901,2006,3,24,10.18,1.31,0.6,3.01,17.32,0
US-xSE,-76.56,38.8901,2006,3,25,7.7,2.67,2.23,2.67,11.89,0.19
US-xSE,-76.56,38.8901,2006,3,26,8.77,0.77,0.99,4.93,14.52,0
US-xSE,-76.56,38.8901,2006,3,27,12.46,0.11,-0.38,4.36,23.75,0
US-xSE,-76.56,38.8901,2006,3,28,15.27,4.65,3.92,1.83,13.84,0.11
US-xSE,-76.56,38.8901,2006,3,29,15.3,5.17,5.11,2.65,21,0
US-xSE,-76.56,38.8901,2006,3,30,17.56,3.6,5.01,3.65,22.71,0
US-xSE,-76.56,38.8901,2006,3,31,20.51,5.54,8.82,5.62,21.21,0.05
US-xSE,-76.56,38.8901,2006,4,1,20.85,10.12,11.62,6.46,14.61,1.05
US-xSE,-76.56,38.8901,2006,4,2,18.24,7.2,6.64,3.3,23.29,0
US-xSE,-76.56,38.8901,2006,4,3,18.61,8.45,11.43,6.43,11.44,9.1
US-xSE,-76.56,38.8901,2006,4,4,13.32,6.27,1.23,8.14,25.25,0.09
US-xSE,-76.56,38.8901,2006,4,5,10,3.81,0.32,6.64,21.43,0.31
US-xSE,-76.56,38.8901,2006,4,6,15.54,2.73,3.21,3.87,23.27,0
US-xSE,-76.56,38.8901,2006,4,7,22.01,7.28,10.5,5.15,13.39,1.07
US-xSE,-76.56,38.8901,2006,4,8,14.72,4.41,7.64,5.89,4.11,13.89
US-xSE,-76.56,38.8901,2006,4,9,12.94,1.14,-0.53,5.12,26.18,0.01
US-xSE,-76.56,38.8901,2006,4,10,16.82,2.33,2.86,2.59,24.35,0
US-xSE,-76.56,38.8901,2006,4,11,19.56,4.91,6.73,4.57,24.49,0
US-xSE,-76.56,38.8901,2006,4,12,18.48,8.15,10.52,6.19,17.45,0.12
US-xSE,-76.56,38.8901,2006,4,13,23.34,12.85,11.77,3.91,20.78,0.22
US-xSE,-76.56,38.8901,2006,4,14,21.94,11.07,13.41,4.15,10.47,1.09
US-xSE,-76.56,38.8901,2006,4,15,24.93,13.51,14.2,4.92,21.15,0.56
US-xSE,-76.56,38.8901,2006,4,16,19.28,9.22,7.79,3.46,18.58,0.35
US-xSE,-76.56,38.8901,2006,4,17,16.61,9.37,6.84,2.77,8.62,3.93
US-xSE,-76.56,38.8901,2006,4,18,19.46,6.58,7.67,3.43,26.21,0
US-xSE,-76.56,38.8901,2006,4,19,21.76,8.88,8.96,4.26,23.53,0.08
US-xSE,-76.56,38.8901,2006,4,20,25.24,9.38,8.41,3.86,25.7,0.03
US-xSE,-76.56,38.8901,2006,4,21,19.97,11.22,11.27,6,5.8,5.38
US-xSE,-76.56,38.8901,2006,4,22,18.59,11.74,14.45,6.02,4.26,25.02
US-xSE,-76.56,38.8901,2006,4,23,20.83,12.73,13.6,2.63,15.61,1.8
US-xSE,-76.56,38.8901,2006,4,24,20.55,10.98,11.41,3.05,24.55,1.19
US-xSE,-76.56,38.8901,2006,4,25,22.53,9.65,10.67,3.05,25.64,1.56
US-xSE,-76.56,38.8901,2006,4,26,15.18,6.83,3.16,3.56,18.45,0.33
US-xSE,-76.56,38.8901,2006,4,27,20.75,6.97,6.39,2.55,25.47,0
US-xSE,-76.56,38.8901,2006,4,28,17.81,7.64,5.29,4.62,27.64,0
US-xSE,-76.56,38.8901,2006,4,29,17.71,5.51,3.92,3.74,28.32,0.02
US-xSE,-76.56,38.8901,2006,4,30,18.9,5.54,2.67,3.79,25.74,0.01
US-xSE,-76.56,38.8901,2006,5,1,19.62,6.29,4.26,4.71,23.86,0.1
US-xSE,-76.56,38.8901,2006,5,2,23.7,7,7.25,2.8,25.02,0.07
US-xSE,-76.56,38.8901,2006,5,3,22.4,9.83,9.92,4.1,22.93,0.04
US-xSE,-76.56,38.8901,2006,5,4,25.75,10.95,10.37,3.05,26.98,0.02
US-xSE,-76.56,38.8901,2006,5,5,25.76,15.61,13.75,2.36,17.16,0.02
US-xSE,-76.56,38.8901,2006,5,6,25.07,12.82,11.25,4.8,24.62,0.01
US-xSE,-76.56,38.8901,2006,5,7,17.86,8.88,4.97,3.33,21.07,1.26
US-xSE,-76.56,38.8901,2006,5,8,17.49,9.01,6.89,5.81,7.47,2.59
US-xSE,-76.56,38.8901,2006,5,9,21.03,8.63,6.96,3.46,25.22,0
US-xSE,-76.56,38.8901,2006,5,10,25.32,10.05,8.76,2.75,27.87,0.31
US-xSE,-76.56,38.8901,2006,5,11,22.47,12.56,14.74,7.52,7.83,22.04
US-xSE,-76.56,38.8901,2006,5,12,21.67,10.12,10.47,3.11,26.59,1.05
US-xSE,-76.56,38.8901,2006,5,13,21.9,13.22,11.78,1.63,25.42,1.69
US-xSE,-76.56,38.8901,2006,5,14,19.79,12.01,11.76,6.02,12.49,2.03
US-xSE,-76.56,38.8901,2006,5,15,21.11,12.13,11.37,4.3,22.56,5.57
US-xSE,-76.56,38.8901,2006,5,16,19.96,11.8,9.93,4.44,24.29,0.79
US-xSE,-76.56,38.8901,2006,5,17,21.6,10.9,11.42,3.73,23.37,0.64
US-xSE,-76.56,38.8901,2006,5,18,23.44,11.76,12.34,4.05,24.14,2.16
US-xSE,-76.56,38.8901,2006,5,19,17.93,11.3,8.45,5.83,22.01,0.5
US-xSE,-76.56,38.8901,2006,5,20,22.76,12.51,9.48,5.09,27.06,0.07
US-xSE,-76.56,38.8901,2006,5,21,24.14,10.14,7.08,6.13,26.01,0
US-xSE,-76.56,38.8901,2006,5,22,20.19,8.32,5.7,5.75,28.97,0
US-xSE,-76.56,38.8901,2006,5,23,19.78,7.46,4.91,4.71,30.7,0
US-xSE,-76.56,38.8901,2006,5,24,22.92,8.99,6.54,3.49,28.69,0
US-xSE,-76.56,38.8901,2006,5,25,24.08,13.96,14.82,3.84,11.76,0.22
US-xSE,-76.56,38.8901,2006,5,26,27.1,17.41,18.27,3.8,16.6,1.39
US-xSE,-76.56,38.8901,2006,5,27,27.91,18.06,17.25,4.62,23.38,0.02
US-xSE,-76.56,38.8901,2006,5,28,30.44,17.15,16.15,3.08,28.14,0
US-xSE,-76.56,38.8901,2006,5,29,32.17,17.11,17.46,1.95,27.8,0.04
US-xSE,-76.56,38.8901,2006,5,30,33.32,21.1,18.65,2.75,26.34,0.16
US-xSE,-76.56,38.8901,2006,5,31,31.79,20,18.7,2.96,25.1,0
US-xSE,-76.56,38.8901,2006,6,1,31.42,20.91,19.93,3.06,23.71,8.21
US-xSE,-76.56,38.8901,2006,6,2,27.63,21.32,20.77,1.77,20.53,12.35
US-xSE,-76.56,38.8901,2006,6,3,22.04,17.7,17.15,5.13,11.07,3.39
US-xSE,-76.56,38.8901,2006,6,4,24.92,15.03,13.56,3.62,23.32,1.48
US-xSE,-76.56,38.8901,2006,6,5,23.41,15.23,13.9,2.9,21.53,0.4
US-xSE,-76.56,38.8901,2006,6,6,24.8,14.74,14.96,3.68,23.08,0.27
US-xSE,-76.56,38.8901,2006,6,7,25.58,16.52,15.05,4.33,24.44,0.59
US-xSE,-76.56,38.8901,2006,6,8,26.8,16.79,15.53,2.42,20.71,1.94
US-xSE,-76.56,38.8901,2006,6,9,27.13,17.62,15.14,3.69,23.48,2.45
US-xSE,-76.56,38.8901,2006,6,10,23.73,15.43,9.34,6.96,26.83,0
US-xSE,-76.56,38.8901,2006,6,11,23.44,11.95,6.79,5.15,26.05,0
US-xSE,-76.56,38.8901,2006,6,12,21.29,15.44,12.93,2.3,11.84,5.99
US-xSE,-76.56,38.8901,2006,6,13,28.17,13.96,13.63,2.81,29.05,0
US-xSE,-76.56,38.8901,2006,6,14,22.15,17.32,17.22,2.5,4.68,2.79
US-xSE,-76.56,38.8901,2006,6,15,27.83,16.74,13.11,4.92,29.32,0.11
US-xSE,-76.56,38.8901,2006,6,16,29.77,15.05,10.61,2.41,30.49,0.04
US-xSE,-76.56,38.8901,2006,6,17,30.86,16.35,15.4,4.01,26.31,0.21
US-xSE,-76.56,38.8901,2006,6,18,33.03,20.13,17.77,3.85,27.44,0.03
US-xSE,-76.56,38.8901,2006,6,19,31.48,21.33,19.04,4.26,26.18,11.53
US-xSE,-76.56,38.8901,2006,6,20,30.27,21.35,18.14,3.53,25.37,2.89
US-xSE,-76.56,38.8901,2006,6,21,31.53,19.49,15.28,2.9,27.27,0
US-xSE,-76.56,38.8901,2006,6,22,33,20.96,20.64,3.52,22.79,6.1
US-xSE,-76.56,38.8901,2006,6,23,31.5,22.33,21.32,2.78,11.06,3.84
US-xSE,-76.56,38.8901,2006,6,24,26.81,22.6,22.09,3.91,14.45,18.7
US-xSE,-76.56,38.8901,2006,6,25,26.19,22.39,21.88,5.21,17.13,46.62
US-xSE,-76.56,38.8901,2006,6,26,25.55,22.14,22.45,6.42,11.86,39.91
US-xSE,-76.56,38.8901,2006,6,27,24.94,22.28,22.37,6.66,13.32,33.06
US-xSE,-76.56,38.8901,2006,6,28,27.99,21.58,21.49,2.57,24.23,4.38
US-xSE,-76.56,38.8901,2006,6,29,28.54,20.15,19.48,2.29,27.1,1.68
US-xSE,-76.56,38.8901,2006,6,30,26.17,17.42,17.09,3.22,29.13,0.01
US-xSE,-76.56,38.8901,2006,7,1,27.78,18.02,18.42,3.64,26.85,0
US-xSE,-76.56,38.8901,2006,7,2,30.32,20.4,21.91,4.29,26.66,3.08
US-xSE,-76.56,38.8901,2006,7,3,30.18,22.87,22.5,2.22,23.35,0.34
US-xSE,-76.56,38.8901,2006,7,4,31.24,21.9,22.72,2.9,24.04,10.96
US-xSE,-76.56,38.8901,2006,7,5,27.11,21.41,22.18,2.5,16.47,11.23
US-xSE,-76.56,38.8901,2006,7,6,24.26,18.32,18.37,3.83,15.02,19.22
US-xSE,-76.56,38.8901,2006,7,7,25.23,17.03,16.01,3.2,26.22,0
US-xSE,-76.56,38.8901,2006,7,8,25.19,18.14,17.49,2.14,19.41,0.09
US-xSE,-76.56,38.8901,2006,7,9,26.75,17.45,18.53,3.73,24.86,0.19
US-xSE,-76.56,38.8901,2006,7,10,28.02,19.12,20.37,4.17,24.9,0
US-xSE,-76.56,38.8901,2006,7,11,29.52,21.87,22.23,3.76,22.78,0.01
US-xSE,-76.56,38.8901,2006,7,12,29,22.83,23.24,3.63,21.76,6
US-xSE,-76.56,38.8901,2006,7,13,28.3,23.16,23.28,3.34,13.2,1.67
US-xSE,-76.56,38.8901,2006,7,14,28.28,21.46,21.95,3.1,16.57,0.11
US-xSE,-76.56,38.8901,2006,7,15,29.72,22.41,23.43,2.59,17.11,2.46
US-xSE,-76.56,38.8901,2006,7,16,31.21,21.88,22.3,3.65,28.92,0.13
US-xSE,-76.56,38.8901,2006,7,17,33.61,22.16,22.19,2.48,26.63,0.12
US-xSE,-76.56,38.8901,2006,7,18,34.46,22.59,22.43,1.76,26.47,4.26
US-xSE,-76.56,38.8901,2006,7,19,29.98,23.63,23.1,1.89,24.73,0.32
US-xSE,-76.56,38.8901,2006,7,20,30.92,21.78,21.92,2.72,26.01,0.01
US-xSE,-76.56,38.8901,2006,7,21,32,23.65,23.11,2.96,22.29,2.45
US-xSE,-76.56,38.8901,2006,7,22,29.68,24.29,23.92,4.99,15.96,15.65
US-xSE,-76.56,38.8901,2006,7,23,26.94,20.22,19.19,2.89,15.46,1.42
US-xSE,-76.56,38.8901,2006,7,24,29.35,19.11,18.45,2.67,27.25,0
US-xSE,-76.56,38.8901,2006,7,25,27.98,21.56,20.79,3.31,16.84,0.06
US-xSE,-76.56,38.8901,2006,7,26,31,21.31,21.32,2.6,25.58,0.45
US-xSE,-76.56,38.8901,2006,7,27,32.79,22.58,22.77,3.66,23.86,1.54
US-xSE,-76.56,38.8901,2006,7,28,33.12,23.96,22.93,4.68,21.01,2
US-xSE,-76.56,38.8901,2006,7,29,32.78,23.24,21.55,3.03,23.99,0.01
US-xSE,-76.56,38.8901,2006,7,30,33.31,23.7,21.96,2.57,25.25,0.32
US-xSE,-76.56,38.8901,2006,7,31,33.51,25.37,22.55,1.45,24.04,0.34
US-xSE,-76.56,38.8901,2006,8,1,35.12,25.39,23.4,2.7,24.57,0.03
US-xSE,-76.56,38.8901,2006,8,2,36.03,26.44,23.72,3.23,24.12,0
US-xSE,-76.56,38.8901,2006,8,3,36.55,26.3,23.11,3.53,25.35,0.65
US-xSE,-76.56,38.8901,2006,8,4,34.05,24.66,21.12,4.14,22.62,0.34
US-xSE,-76.56,38.8901,2006,8,5,32.48,21.59,16.17,3.42,27.31,0
US-xSE,-76.56,38.8901,2006,8,6,32.99,20.24,17.71,2.67,26.09,0.04
US-xSE,-76.56,38.8901,2006,8,7,32.67,23.66,23.06,3.17,24.17,14.56
US-xSE,-76.56,38.8901,2006,8,8,31.28,22.91,18.65,4.11,22.95,0.37
US-xSE,-76.56,38.8901,2006,8,9,30.48,19.5,15.69,2.35,25.55,0.01
US-xSE,-76.56,38.8901,2006,8,10,28.74,21.74,21.09,4.07,6.05,2.6
US-xSE,-76.56,38.8901,2006,8,11,27.08,18.9,14.97,3.97,21.75,0.01
US-xSE,-76.56,38.8901,2006,8,12,27.79,15.46,10.87,2.19,26.61,0.23
US-xSE,-76.56,38.8901,2006,8,13,28.91,15.79,12.56,2.22,26.91,0.31
US-xSE,-76.56,38.8901,2006,8,14,31.36,18.58,18.26,4.85,24.86,0
US-xSE,-76.56,38.8901,2006,8,15,31.66,23.29,19.86,3.8,12.5,0.18
US-xSE,-76.56,38.8901,2006,8,16,31.81,20.33,15.55,3.27,26.05,0.01
US-xSE,-76.56,38.8901,2006,8,17,31.2,19.52,16.78,3.28,24.63,0
US-xSE,-76.56,38.8901,2006,8,18,30.4,19.54,19.04,2.72,22.64,0
US-xSE,-76.56,38.8901,2006,8,19,31.67,21.66,20.52,4.19,21.33,0.12
US-xSE,-76.56,38.8901,2006,8,20,33.48,23.87,20.82,4.01,19.43,0.69
US-xSE,-76.56,38.8901,2006,8,21,30.89,19.62,15.44,3.23,25.89,0
US-xSE,-76.56,38.8901,2006,8,22,31.92,20.74,16.35,1.72,20.97,0
US-xSE,-76.56,38.8901,2006,8,23,32.53,19.91,16.54,2.06,23.53,0.16
US-xSE,-76.56,38.8901,2006,8,24,32.24,21.33,18.61,1.82,22.04,0.36
US-xSE,-76.56,38.8901,2006,8,25,33.71,22.24,19.85,2.15,20.59,0.07
US-xSE,-76.56,38.8901,2006,8,26,32.56,22.42,21.35,3.14,16.57,1.79
US-xSE,-76.56,38.8901,2006,8,27,31.27,23.78,20.66,5.65,16.28,1.57
US-xSE,-76.56,38.8901,2006,8,28,32.7,24.19,21.46,3.57,18.21,0.06
US-xSE,-76.56,38.8901,2006,8,29,34.08,24.32,22.57,2.95,19.27,2.96
US-xSE,-76.56,38.8901,2006,8,30,28.53,21.46,19.86,3.79,8.38,0.38
US-xSE,-76.56,38.8901,2006,8,31,25.05,19.27,15.8,5.95,6.73,0.18
US-xSE,-76.56,38.8901,2006,9,1,20.21,17.96,15.99,12.44,3.06,41.8
US-xSE,-76.56,38.8901,2006,9,2,24.4,17.58,18.73,6.17,6.95,20.41
US-xSE,-76.56,38.8901,2006,9,3,25.42,16.77,16.86,1.91,12.27,0
US-xSE,-76.56,38.8901,2006,9,4,26.95,16.79,15.39,2.4,13.7,0.53
US-xSE,-76.56,38.8901,2006,9,5,22.48,16.84,18.37,4.28,4.72,28.85
US-xSE,-76.56,38.8901,2006,9,6,24.98,16.29,16.54,2,17.07,0.13
US-xSE,-76.56,38.8901,2006,9,7,26.67,16.38,16.71,1.67,21.16,0
US-xSE,-76.56,38.8901,2006,9,8,26.95,18.98,18.32,2.49,19.98,0.73
US-xSE,-76.56,38.8901,2006,9,9,27.77,18.15,18.63,1.97,19.21,0.08
US-xSE,-76.56,38.8901,2006,9,10,27.28,17.66,17.94,3.33,19.58,0.08
US-xSE,-76.56,38.8901,2006,9,11,22.35,15.03,13.5,4.5,8.6,0.68
US-xSE,-76.56,38.8901,2006,9,12,22.15,13.54,9.99,3.31,19.34,0.02
US-xSE,-76.56,38.8901,2006,9,13,22.22,14.96,14.89,3.78,7.91,1.4
US-xSE,-76.56,38.8901,2006,9,14,24.01,18.54,19.37,3.33,5.62,20.89
US-xSE,-76.56,38.8901,2006,9,15,24.8,17.96,18.85,2.54,6.83,6.89
US-xSE,-76.56,38.8901,2006,9,16,25.12,18.38,18.45,3.9,7.5,1.2
US-xSE,-76.56,38.8901,2006,9,17,27.15,16.65,17.69,2.14,20.84,0.04
US-xSE,-76.56,38.8901,2006,9,18,28.02,17.22,18.54,3.09,20.68,0
US-xSE,-76.56,38.8901,2006,9,19,25.52,17.58,18.62,4.09,8.42,0.58
US-xSE,-76.56,38.8901,2006,9,20,21.08,13.24,10.87,5.46,19.55,0.03
US-xSE,-76.56,38.8901,2006,9,21,20.51,10.2,7.55,2.75,21.45,0
US-xSE,-76.56,38.8901,2006,9,22,22.19,12.23,10.79,4.07,17.16,0.07
US-xSE,-76.56,38.8901,2006,9,23,27.68,18.46,19.18,6.21,11.71,0.1
US-xSE,-76.56,38.8901,2006,9,24,28.87,18.15,19.95,6.03,9.67,1.38
US-xSE,-76.56,38.8901,2006,9,25,23.94,15.22,12.08,4.16,17.47,0.07
US-xSE,-76.56,38.8901,2006,9,26,24.23,12.41,10.82,2.9,19.87,0
US-xSE,-76.56,38.8901,2006,9,27,24.38,13.47,12.37,3.37,18.78,0
US-xSE,-76.56,38.8901,2006,9,28,25.59,15.04,15.59,5.84,17.45,4.75
US-xSE,-76.56,38.8901,2006,9,29,19.23,12.23,9.44,4.48,17.57,14.29
US-xSE,-76.56,38.8901,2006,9,30,20.56,11.37,10.1,3.68,11.85,0.08
US-xSE,-76.56,38.8901,2006,10,1,21.77,13.39,12.56,4.23,17.5,2.83
US-xSE,-76.56,38.8901,2006,10,2,22.64,10.81,10.22,3.5,19.39,0
US-xSE,-76.56,38.8901,2006,10,3,26.58,15.39,14.75,3.8,18.15,0
US-xSE,-76.56,38.8901,2006,10,4,27.57,16.28,17.75,3.38,16.83,0.04
US-xSE,-76.56,38.8901,2006,10,5,21.79,14.2,12.15,4.78,9.87,3.38
US-xSE,-76.56,38.8901,2006,10,6,13.83,11.7,10.92,9.03,2.59,31.81
US-xSE,-76.56,38.8901,2006,10,7,17.28,11.11,11.58,8.05,4.05,3.53
US-xSE,-76.56,38.8901,2006,10,8,20.9,11.16,11.94,2.83,16.51,0
US-xSE,-76.56,38.8901,2006,10,9,24.44,11.26,11.95,1.3,17.89,0
US-xSE,-76.56,38.8901,2006,10,10,25.82,13.83,15.23,2.16,17.04,0
US-xSE,-76.56,38.8901,2006,10,11,20.43,14.7,17.05,3.68,5.94,3.09
US-xSE,-76.56,38.8901,2006,10,12,21.78,8.1,10.99,5.58,15.68,0.15
US-xSE,-76.56,38.8901,2006,10,13,13.82,4.63,-0.18,3.18,17.73,0
US-xSE,-76.56,38.8901,2006,10,14,16.09,4.07,1.71,4.43,16.83,0
US-xSE,-76.56,38.8901,2006,10,15,16.27,4.17,1.88,2.7,17.33,0
US-xSE,-76.56,38.8901,2006,10,16,18.19,7.52,5.65,2.61,13.55,0
US-xSE,-76.56,38.8901,2006,10,17,18.1,11.92,14.41,6.04,2.74,15.3
US-xSE,-76.56,38.8901,2006,10,18,23.87,14.65,16.42,2.12,12.81,0.28
US-xSE,-76.56,38.8901,2006,10,19,22.41,14.11,16.87,3.44,7.45,1.51
US-xSE,-76.56,38.8901,2006,10,20,19.99,8.57,12.08,6.29,13.86,6.17
US-xSE,-76.56,38.8901,2006,10,21,15.82,6.25,5.45,3.44,15.82,0
US-xSE,-76.56,38.8901,2006,10,22,16.96,7.06,8.23,4.37,7.95,0.27
US-xSE,-76.56,38.8901,2006,10,23,12.22,5.74,2.74,6.81,9.3,0.01
US-xSE,-76.56,38.8901,2006,10,24,10.29,4.63,0.67,8.28,11.99,0
US-xSE,-76.56,38.8901,2006,10,25,12.43,4.89,2.2,6.97,14.41,0
US-xSE,-76.56,38.8901,2006,10,26,12.08,3.6,2.26,4.24,15.08,0
US-xSE,-76.56,38.8901,2006,10,27,12.11,4.06,5.74,4.54,3.31,18.63
US-xSE,-76.56,38.8901,2006,10,28,18.87,7.78,8.95,10.39,10.36,14.79
US-xSE,-76.56,38.8901,2006,10,29,14.58,5.7,1.59,7.49,15.02,0
US-xSE,-76.56,38.8901,2006,10,30,17.69,3.52,5.16,3.57,14.17,0.01
US-xSE,-76.56,38.8901,2006,10,31,19.28,7.97,11.39,4.14,12.64,0.01
US-xSE,-76.56,38.8901,2006,11,1,20.64,11.86,12.91,3.12,12.22,0.01
US-xSE,-76.56,38.8901,2006,11,2,13.81,4.55,4.28,6.19,13.07,5.01
US-xSE,-76.56,38.8901,2006,11,3,8.02,0.76,-2.44,5.26,14.35,0
US-xSE,-76.56,38.8901,2006,11,4,8.43,-1.5,-3.03,3.09,12.19,0
US-xSE,-76.56,38.8901,2006,11,5,10.71,2.52,-1.71,1.89,11.05,0
US-xSE,-76.56,38.8901,2006,11,6,12.9,3.87,3.31,2.19,8.18,0
US-xSE,-76.56,38.8901,2006,11,7,14.76,4.81,9.9,2.74,4.91,10.73
US-xSE,-76.56,38.8901,2006,11,8,16.03,12.61,14.14,5.6,4.03,20.95
US-xSE,-76.56,38.8901,2006,11,9,18.62,11.55,11.47,5.17,12.67,0.03
US-xSE,-76.56,38.8901,2006,11,10,20.35,9.28,10.14,3.1,12.44,0
US-xSE,-76.56,38.8901,2006,11,11,21.26,11.39,13.98,5.14,11.62,0.01
US-xSE,-76.56,38.8901,2006,11,12,14.95,8.15,10.83,8.29,1.08,16.54
US-xSE,-76.56,38.8901,2006,11,13,16.53,8.29,11.59,7.02,3.53,4.33
US-xSE,-76.56,38.8901,2006,11,14,17.06,11.23,12.08,3.37,10.03,0.35
US-xSE,-76.56,38.8901,2006,11,15,17.81,10.38,12.56,2.75,6.59,0.01
US-xSE,-76.56,38.8901,2006,11,16,20.26,13.28,16.3,9.27,2.43,33.35
US-xSE,-76.56,38.8901,2006,11,17,14.59,5.3,7.42,5.08,9.77,0.01
US-xSE,-76.56,38.8901,2006,11,18,10.33,4.15,2.87,3.83,10.61,0
US-xSE,-76.56,38.8901,2006,11,19,9.29,2.64,3.23,3.41,7.16,0
US-xSE,-76.56,38.8901,2006,11,20,7.94,1.55,1.58,3.83,7.58,0
US-xSE,-76.56,38.8901,2006,11,21,8.02,-0.16,0.31,5.43,10.54,0.17
US-xSE,-76.56,38.8901,2006,11,22,8.07,4.46,4.12,9.59,1.96,26.03
US-xSE,-76.56,38.8901,2006,11,23,7.08,5.65,5.16,7.92,2.37,3.44
US-xSE,-76.56,38.8901,2006,11,24,14.68,3.72,4.36,4.96,10.88,0
US-xSE,-76.56,38.8901,2006,11,25,13.33,1.73,5.12,2.77,11.12,0
US-xSE,-76.56,38.8901,2006,11,26,12.59,4.01,6.18,1.99,10.49,0
US-xSE,-76.56,38.8901,2006,11,27,12.2,4.46,6.21,2.23,7.27,0
US-xSE,-76.56,38.8901,2006,11,28,15.42,6.71,8.91,2.04,8.61,0
US-xSE,-76.56,38.8901,2006,11,29,16.68,6.88,11.48,3.13,6.68,0.02
US-xSE,-76.56,38.8901,2006,11,30,18.7,11.07,13.77,4.91,8.32,0.27
US-xSE,-76.56,38.8901,2006,12,1,21.12,7.69,14.4,8.69,3.62,1.35
US-xSE,-76.56,38.8901,2006,12,2,7.91,2.58,-0.38,5.73,10.63,0
US-xSE,-76.56,38.8901,2006,12,3,6.97,0.31,-0.49,2.32,5.3,0.33
US-xSE,-76.56,38.8901,2006,12,4,3.68,-2.51,-4.19,6.33,10.97,1.47
US-xSE,-76.56,38.8901,2006,12,5,3.76,-2.35,-5.53,3.74,10.15,0
US-xSE,-76.56,38.8901,2006,12,6,8.87,-1.32,-0.77,5.13,10.3,0
US-xSE,-76.56,38.8901,2006,12,7,10,-3.22,-0.01,6.94,9.24,0
US-xSE,-76.56,38.8901,2006,12,8,0.89,-3.92,-7.97,8.13,10.26,0
US-xSE,-76.56,38.8901,2006,12,9,5.1,-4.16,-5.95,4.35,9.59,0
US-xSE,-76.56,38.8901,2006,12,10,10.32,-1.49,-0.1,3.83,10.22,0
US-xSE,-76.56,38.8901,2006,12,11,14.69,1.27,1.03,1.73,9.86,0
US-xSE,-76.56,38.8901,2006,12,12,11.27,2,5.36,4.21,7.99,0.03
US-xSE,-76.56,38.8901,2006,12,13,11.75,5.96,8.61,3.52,3.54,2.03
US-xSE,-76.56,38.8901,2006,12,14,12.28,5.6,6.8,2.88,6.61,0.15
US-xSE,-76.56,38.8901,2006,12,15,13.41,6.23,6.99,4.02,8.52,0
US-xSE,-76.56,38.8901,2006,12,16,10.11,2.52,2.09,3.44,9.59,0
US-xSE,-76.56,38.8901,2006,12,17,13.98,2.5,6.6,4.42,7.94,0
US-xSE,-76.56,38.8901,2006,12,18,17.53,6.35,8.7,4.38,8.13,0.02
US-xSE,-76.56,38.8901,2006,12,19,8.78,0.33,1.06,3.56,7.59,0.03
US-xSE,-76.56,38.8901,2006,12,20,7.88,-1.7,-1.16,2.92,9.95,0
US-xSE,-76.56,38.8901,2006,12,21,9.48,2.15,2.9,2.68,2.96,0.01
US-xSE,-76.56,38.8901,2006,12,22,12.56,5.78,8.17,4.75,2.21,17.1
US-xSE,-76.56,38.8901,2006,12,23,13.78,5.08,8.25,4.89,4.81,4.29
US-xSE,-76.56,38.8901,2006,12,24,10.1,2.86,2.32,4.55,9.72,0
US-xSE,-76.56,38.8901,2006,12,25,11,2.3,5.23,3.9,2.24,14.93
US-xSE,-76.56,38.8901,2006,12,26,12.08,4.63,6.79,4.75,4.18,1.13
US-xSE,-76.56,38.8901,2006,12,27,7.19,0.72,0.12,5.94,9.46,0.13
US-xSE,-76.56,38.8901,2006,12,28,9.31,-0.21,0.5,2.28,7.86,0
US-xSE,-76.56,38.8901,2006,12,29,10.69,1.18,3.95,2.79,8.11,0
US-xSE,-76.56,38.8901,2006,12,30,7.52,3.77,4.64,2.85,8.69,0
US-xSE,-76.56,38.8901,2006,12,31,7.54,1.94,3.17,4.24,6.09,5.32
US-xSE,-76.56,38.8901,2007,1,1,13.49,6.3,10.26,5.85,1.6,30.66
US-xSE,-76.56,38.8901,2007,1,2,8.61,2.79,0.55,5.66,10.7,0
US-xSE,-76.56,38.8901,2007,1,3,10.8,-0.01,2.6,3.94,10.62,0
US-xSE,-76.56,38.8901,2007,1,4,14.07,3.76,8.15,4.07,8.09,0
US-xSE,-76.56,38.8901,2007,1,5,14.62,10.42,12.57,5.33,2.75,7.79
US-xSE,-76.56,38.8901,2007,1,6,18.71,8.97,12.59,5.79,9.24,0.75
US-xSE,-76.56,38.8901,2007,1,7,9.9,4.45,5.65,4.16,7.12,15.94
US-xSE,-76.56,38.8901,2007,1,8,14.16,0.25,5.52,7.19,5.15,13.68
US-xSE,-76.56,38.8901,2007,1,9,6.57,-1.06,-1.01,4.8,8.06,0.27
US-xSE,-76.56,38.8901,2007,1,10,1.87,-3.28,-5.18,6.61,9.89,0
US-xSE,-76.56,38.8901,2007,1,11,4.14,-3.27,-4.19,3.33,10.49,0
US-xSE,-76.56,38.8901,2007,1,12,7.58,1.86,3.75,4.75,4.15,0.15
US-xSE,-76.56,38.8901,2007,1,13,15.08,6.69,9.34,4.11,5.5,0.26
US-xSE,-76.56,38.8901,2007,1,14,14.98,10.18,11.79,2.83,6.82,0.62
US-xSE,-76.56,38.8901,2007,1,15,17.07,9.7,12.63,5.6,4.85,0.07
US-xSE,-76.56,38.8901,2007,1,16,13.62,-0.49,2.01,7.53,4.67,0.12
US-xSE,-76.56,38.8901,2007,1,17,0.75,-5,-8.47,4.6,12.06,0
US-xSE,-76.56,38.8901,2007,1,18,2.36,-3.84,-3.3,2.13,2.59,0.54
US-xSE,-76.56,38.8901,2007,1,19,5.82,-0.86,-1.65,6.72,10.77,0.54
US-xSE,-76.56,38.8901,2007,1,20,0.99,-3.1,-6.65,8.26,11.9,0
US-xSE,-76.56,38.8901,2007,1,21,-1.33,-3.78,-6.79,3.1,4.32,5.12
US-xSE,-76.56,38.8901,2007,1,22,1.95,-1.14,-0.9,2.16,3.93,1.13
US-xSE,-76.56,38.8901,2007,1,23,3.22,-2.03,-2.65,4.6,11.05,0
US-xSE,-76.56,38.8901,2007,1,24,3.6,-1.79,-2.25,3.37,8.95,0
US-xSE,-76.56,38.8901,2007,1,25,1.88,-4.82,-4.37,6.77,7.44,0.2
US-xSE,-76.56,38.8901,2007,1,26,-1.2,-8.97,-10.42,6.27,11.85,0
US-xSE,-76.56,38.8901,2007,1,27,8.43,-4.4,-0.94,3.56,12.32,0
US-xSE,-76.56,38.8901,2007,1,28,4.85,-1.4,-0.17,3.74,2.02,0.86
US-xSE,-76.56,38.8901,2007,1,29,-0.82,-5.35,-8.37,8.04,13.26,0.03
US-xSE,-76.56,38.8901,2007,1,30,3.97,-5.07,-5.31,5.12,11.8,0.05
US-xSE,-76.56,38.8901,2007,1,31,0.25,-5.44,-8.19,5.92,13.65,0
US-xSE,-76.56,38.8901,2007,2,1,1.08,-3.35,-3.49,3.64,3.59,0.66
US-xSE,-76.56,38.8901,2007,2,2,3.78,-1.06,0.07,2.64,3.67,2.82
US-xSE,-76.56,38.8901,2007,2,3,1.17,-3.81,-7.05,6.37,13.81,0.02
US-xSE,-76.56,38.8901,2007,2,4,0.3,-7.6,-9.22,6.21,11.63,0.01
US-xSE,-76.56,38.8901,2007,2,5,-7.28,-11.12,-15.44,8.56,14.99,0
US-xSE,-76.56,38.8901,2007,2,6,-4.79,-12.55,-13.82,5.45,14.07,0.15
US-xSE,-76.56,38.8901,2007,2,7,-2.56,-8.77,-10.11,5.64,13.04,0.61
US-xSE,-76.56,38.8901,2007,2,8,-3.13,-10.04,-11.5,6.15,15.21,0.02
US-xSE,-76.56,38.8901,2007,2,9,-1.02,-9.23,-9.89,6.16,14.5,0
US-xSE,-76.56,38.8901,2007,2,10,0.35,-8.02,-9.15,5.4,15.08,0
US-xSE,-76.56,38.8901,2007,2,11,1.12,-10.54,-8.91,3.57,14.75,0
US-xSE,-76.56,38.8901,2007,2,12,5.59,-5.63,-4.39,2.45,10.73,0.01
US-xSE,-76.56,38.8901,2007,2,13,0.49,-2.08,-2.54,6.76,1.97,6.89
US-xSE,-76.56,38.8901,2007,2,14,2.75,-7.44,-4.04,10.23,5.94,23.47
US-xSE,-76.56,38.8901,2007,2,15,-4.89,-10.65,-11.47,7.91,16.09,0
US-xSE,-76.56,38.8901,2007,2,16,-3.99,-13.92,-11.51,6.59,16.57,0
US-xSE,-76.56,38.8901,2007,2,17,1.46,-13,-7.86,3.37,11.5,0
US-xSE,-76.56,38.8901,2007,2,18,-0.56,-6.53,-6.45,7.03,11.58,0.02
US-xSE,-76.56,38.8901,2007,2,19,0.35,-11.59,-9.13,5.99,16.17,0
US-xSE,-76.56,38.8901,2007,2,20,5.68,0.82,1.28,5.89,6.15,2.64
US-xSE,-76.56,38.8901,2007,2,21,9.05,-0.43,0.7,3.73,13.92,0.6
US-xSE,-76.56,38.8901,2007,2,22,10.63,-0.72,1.28,6.54,11.55,0.85
US-xSE,-76.56,38.8901,2007,2,23,2.37,-3.87,-6.43,10.42,17.69,0
US-xSE,-76.56,38.8901,2007,2,24,4.06,-5.69,-6.2,6.05,17.62,0
US-xSE,-76.56,38.8901,2007,2,25,0.81,-1.41,-1.43,3.14,3.17,34.09
US-xSE,-76.56,38.8901,2007,2,26,3.68,-2.96,-0.02,2.45,6.57,0.44
US-xSE,-76.56,38.8901,2007,2,27,7.12,-1.22,1.11,2.7,15.19,0.01
US-xSE,-76.56,38.8901,2007,2,28,7.38,-2.45,-1.05,3.06,17.85,0
US-xSE,-76.56,38.8901,2007,3,1,8.58,-0.8,2.84,4.82,9.57,4.69
US-xSE,-76.56,38.8901,2007,3,2,13.37,2,5.22,7.99,16.36,15.99
US-xSE,-76.56,38.8901,2007,3,3,12.76,-0.42,1.6,4.88,18.31,0.02
US-xSE,-76.56,38.8901,2007,3,4,2.83,-1.61,-4.34,7.45,14.72,0
US-xSE,-76.56,38.8901,2007,3,5,7.14,-2.87,-4.06,8.01,17.11,0
US-xSE,-76.56,38.8901,2007,3,6,-1.34,-6.96,-11.17,7.73,20.21,0
US-xSE,-76.56,38.8901,2007,3,7,-0.88,-6.2,-6.79,3.12,5.44,2.85
US-xSE,-76.56,38.8901,2007,3,8,2.3,-8.57,-6.53,4,19.15,0
US-xSE,-76.56,38.8901,2007,3,9,4.46,-5.78,-4.53,3.94,18.93,0
US-xSE,-76.56,38.8901,2007,3,10,13.83,-0.59,5.27,5.19,16.1,1.43
US-xSE,-76.56,38.8901,2007,3,11,10.94,0.44,2.15,5.1,20.4,0.84
US-xSE,-76.56,38.8901,2007,3,12,11.65,-1.19,0.59,3.02,18.03,0
US-xSE,-76.56,38.8901,2007,3,13,16.94,1.49,6.74,4.15,16.5,0
US-xSE,-76.56,38.8901,2007,3,14,19.79,8.15,12.05,4.44,15.25,0.12
US-xSE,-76.56,38.8901,2007,3,15,20.35,3.95,10.07,5.6,11.13,7.19
US-xSE,-76.56,38.8901,2007,3,16,3.54,-2.77,0.01,8.61,3,56.55
US-xSE,-76.56,38.8901,2007,3,17,0.04,-5.04,-3.9,7.5,12.42,0
US-xSE,-76.56,38.8901,2007,3,18,2.07,-6.19,-4.55,6.3,22.22,0
US-xSE,-76.56,38.8901,2007,3,19,8.19,-7.04,-1.62,6,20.97,0.02
US-xSE,-76.56,38.8901,2007,3,20,12.05,1.25,3.79,5.85,20.89,0
US-xSE,-76.56,38.8901,2007,3,21,8.49,-1.7,-0.25,4.2,6.34,0
US-xSE,-76.56,38.8901,2007,3,22,18.95,4.15,9.62,5.97,18.23,0.81
US-xSE,-76.56,38.8901,2007,3,23,22.22,9.74,13.15,3.87,15.93,2.73
US-xSE,-76.56,38.8901,2007,3,24,11.77,8.76,8.94,3.02,7.26,1.85
US-xSE,-76.56,38.8901,2007,3,25,13.78,3.79,6.52,4.74,21.96,0
US-xSE,-76.56,38.8901,2007,3,26,12.78,3.45,6.68,4.8,13.71,0.02
US-xSE,-76.56,38.8901,2007,3,27,23.23,11.6,15,4.8,17.46,0.52
US-xSE,-76.56,38.8901,2007,3,28,16.54,6.93,10.15,4.63,16.34,0.09
US-xSE,-76.56,38.8901,2007,3,29,13.57,1.98,0.56,5.17,24.46,0
US-xSE,-76.56,38.8901,2007,3,30,15.85,0.86,1.32,3,23.38,0.01
US-xSE,-76.56,38.8901,2007,3,31,14.54,5.08,5.84,4.26,18.79,0.03
US-xSE,-76.56,38.8901,2007,4,1,13.76,5.75,8.96,3.74,9.54,0.49
US-xSE,-76.56,38.8901,2007,4,2,23.01,10.15,12.27,3.94,21.4,0
US-xSE,-76.56,38.8901,2007,4,3,20.64,7.18,9.62,4.19,22.94,0.2
US-xSE,-76.56,38.8901,2007,4,4,15.94,4.95,8.3,6.42,8.24,14
US-xSE,-76.56,38.8901,2007,4,5,6.57,0.64,-2.11,7.5,23.06,0
US-xSE,-76.56,38.8901,2007,4,6,7.58,-0.08,-2.23,4.72,23.93,0.03
US-xSE,-76.56,38.8901,2007,4,7,4.13,-0.23,-3.29,6.23,14.38,0.88
US-xSE,-76.56,38.8901,2007,4,8,5.65,-1.83,-3.66,6.22,18.26,0
US-xSE,-76.56,38.8901,2007,4,9,7.74,-1.68,-1.48,4.37,17.95,0
US-xSE,-76.56,38.8901,2007,4,10,9.28,-0.61,-1.04,3.28,22.27,0
US-xSE,-76.56,38.8901,2007,4,11,10.67,0.36,2.52,5.54,11.42,0.75
US-xSE,-76.56,38.8901,2007,4,12,16.59,6.79,8.43,4.89,16.96,24.32
US-xSE,-76.56,38.8901,2007,4,13,12.24,4.55,2.74,7.01,20.1,0.01
US-xSE,-76.56,38.8901,2007,4,14,12.84,2.09,4,3.44,12.61,5.06
US-xSE,-76.56,38.8901,2007,4,15,13.25,2.47,7.9,8.1,3.31,64.91
US-xSE,-76.56,38.8901,2007,4,16,7.78,2.59,1.94,14.2,10.09,4.38
US-xSE,-76.56,38.8901,2007,4,17,12.1,4.91,3.96,9.12,14.86,0.01
US-xSE,-76.56,38.8901,2007,4,18,11.49,2.9,4.91,3.78,14.24,0
US-xSE,-76.56,38.8901,2007,4,19,12.65,5.65,6.87,2.19,11.12,0.02
US-xSE,-76.56,38.8901,2007,4,20,18.29,5.23,6.5,2.78,26.3,0
US-xSE,-76.56,38.8901,2007,4,21,20.91,5.97,6.92,2.44,27.26,0
US-xSE,-76.56,38.8901,2007,4,22,24.29,7.86,8.77,3.2,27.06,0.16
US-xSE,-76.56,38.8901,2007,4,23,24.57,11.5,12.64,5.53,26.75,0
US-xSE,-76.56,38.8901,2007,4,24,24.77,14.68,15.44,3.99,16.88,0.01
US-xSE,-76.56,38.8901,2007,4,25,20.57,10.84,11.68,4.03,21.57,1.92
US-xSE,-76.56,38.8901,2007,4,26,14.29,9.11,9.25,5.42,13.94,1.11
US-xSE,-76.56,38.8901,2007,4,27,20.62,10.3,13.93,2.86,10.73,8.59
US-xSE,-76.56,38.8901,2007,4,28,19.02,12.38,11.91,3.82,14.01,1.45
US-xSE,-76.56,38.8901,2007,4,29,20.82,9.23,10.77,4.59,25.39,0
US-xSE,-76.56,38.8901,2007,4,30,24.99,10.32,12.27,5.95,24.68,0
US-xSE,-76.56,38.8901,2007,5,1,20.9,10.04,9.6,3.53,26.17,0.03
US-xSE,-76.56,38.8901,2007,5,2,22.78,11.94,14,3.95,19.75,0.22
US-xSE,-76.56,38.8901,2007,5,3,19.1,9.48,8.55,3.1,11.28,0.15
US-xSE,-76.56,38.8901,2007,5,4,19.63,8.72,8.72,3.18,25.3,0
US-xSE,-76.56,38.8901,2007,5,5,18.48,8.57,8.94,2.62,11.95,2.6
US-xSE,-76.56,38.8901,2007,5,6,14.49,6.51,5.04,6.78,26.7,0
US-xSE,-76.56,38.8901,2007,5,7,16.63,4.44,5.32,4.67,28.61,0
US-xSE,-76.56,38.8901,2007,5,8,20.77,4.83,10.7,2.81,23.57,0.01
US-xSE,-76.56,38.8901,2007,5,9,23.94,11.56,15.7,2.68,22.55,0.21
US-xSE,-76.56,38.8901,2007,5,10,23.85,14.63,16.96,3.72,20.27,0.78
US-xSE,-76.56,38.8901,2007,5,11,25.53,14.83,16.72,2.45,21.57,0.11
US-xSE,-76.56,38.8901,2007,5,12,22.47,13.41,15.8,3.32,18.71,10.38
US-xSE,-76.56,38.8901,2007,5,13,19.05,10.24,8.89,4.86,27.52,2.83
US-xSE,-76.56,38.8901,2007,5,14,20.05,7.04,6.95,3.17,27.2,0
US-xSE,-76.56,38.8901,2007,5,15,25.2,12.52,14.44,6.17,27.5,0.02
US-xSE,-76.56,38.8901,2007,5,16,25.75,16.21,16.79,5.71,22.71,10.07
US-xSE,-76.56,38.8901,2007,5,17,19.57,12.46,12.36,3.56,19.8,0.04
US-xSE,-76.56,38.8901,2007,5,18,16.59,11.11,10.17,4.83,9.52,0.09
US-xSE,-76.56,38.8901,2007,5,19,20.14,10.01,9.71,4.64,26.75,0.52
US-xSE,-76.56,38.8901,2007,5,20,22.86,12.3,13.08,5.67,21.67,0.07
US-xSE,-76.56,38.8901,2007,5,21,20.81,12.23,10.1,3.79,29.08,0.06
US-xSE,-76.56,38.8901,2007,5,22,23.5,12.08,12.08,1.74,26.6,0.01
US-xSE,-76.56,38.8901,2007,5,23,22.8,11.87,12.45,3.79,26.43,0.14
US-xSE,-76.56,38.8901,2007,5,24,23.92,12.01,12.97,3.31,28.98,0.08
US-xSE,-76.56,38.8901,2007,5,25,27.04,13.21,15.62,3.01,28.32,0.04
US-xSE,-76.56,38.8901,2007,5,26,29.45,17.55,18.34,2.15,23.86,0.8
US-xSE,-76.56,38.8901,2007,5,27,28.09,19.18,19.29,2.54,21.76,3.36
US-xSE,-76.56,38.8901,2007,5,28,25.84,17.96,18.94,2.43,20.94,0.28
US-xSE,-76.56,38.8901,2007,5,29,25.98,16.54,14.37,3,28.71,0
US-xSE,-76.56,38.8901,2007,5,30,27.95,14.96,15.78,2.3,28.36,0
US-xSE,-76.56,38.8901,2007,5,31,29.46,16.79,16.99,3.31,27.33,0.01
US-xSE,-76.56,38.8901,2007,6,1,29.23,18.49,18.3,3.39,25.75,1.1
US-xSE,-76.56,38.8901,2007,6,2,28.94,18.85,18.87,3.75,23.95,0.11
US-xSE,-76.56,38.8901,2007,6,3,21.8,18.56,18.37,5.95,6.11,23.48
US-xSE,-76.56,38.8901,2007,6,4,26.22,17.9,18.47,4.55,21.66,3.3
US-xSE,-76.56,38.8901,2007,6,5,26.41,18.08,17.24,4.77,24.98,0.79
US-xSE,-76.56,38.8901,2007,6,6,22.5,16.2,12.6,4.17,28.28,0.36
US-xSE,-76.56,38.8901,2007,6,7,28.15,14.92,16.39,2.92,28.12,0
US-xSE,-76.56,38.8901,2007,6,8,32.72,18.77,21.18,2.5,25.78,3.43
US-xSE,-76.56,38.8901,2007,6,9,28.1,19.56,18,4.87,28.94,0.01
US-xSE,-76.56,38.8901,2007,6,10,22.78,18.24,17.6,2.14,16.82,1.01
US-xSE,-76.56,38.8901,2007,6,11,27.69,16.96,16.74,2.32,25.56,0.73
US-xSE,-76.56,38.8901,2007,6,12,28.55,18.96,18.07,2.48,23.84,5
US-xSE,-76.56,38.8901,2007,6,13,25.36,16.04,17.47,2.76,24.99,6.71
US-xSE,-76.56,38.8901,2007,6,14,20.42,14.43,11.92,3.88,16.92,0.49
US-xSE,-76.56,38.8901,2007,6,15,21.32,14.4,12.24,1.32,14.69,0.12
US-xSE,-76.56,38.8901,2007,6,16,26.03,14.76,14.47,2.34,26.89,0.23
US-xSE,-76.56,38.8901,2007,6,17,30.22,16.59,16.18,3.63,28.08,0
US-xSE,-76.56,38.8901,2007,6,18,32.14,19.97,19.16,2.82,26.4,0.35
US-xSE,-76.56,38.8901,2007,6,19,32.26,20.08,21.04,3.43,23.93,3.26
US-xSE,-76.56,38.8901,2007,6,20,27.89,19.27,17.27,4.12,17.31,1.21
US-xSE,-76.56,38.8901,2007,6,21,29.14,15.58,13.41,4.32,29.6,1.42
US-xSE,-76.56,38.8901,2007,6,22,26.82,17.54,12.13,5.61,29.32,0.03
US-xSE,-76.56,38.8901,2007,6,23,26.43,13.75,9.44,3.17,27.34,0.45
US-xSE,-76.56,38.8901,2007,6,24,29.29,14.95,12.61,2.2,25.21,0
US-xSE,-76.56,38.8901,2007,6,25,27.76,21.32,20.9,3.59,15.47,5.64
US-xSE,-76.56,38.8901,2007,6,26,33.23,21.7,21.17,1.98,26.38,0.18
US-xSE,-76.56,38.8901,2007,6,27,34.23,22.84,21.38,2.91,25.1,1.81
US-xSE,-76.56,38.8901,2007,6,28,32.99,23.56,21.65,3.37,23.86,9.34
US-xSE,-76.56,38.8901,2007,6,29,26.47,21.18,20.54,2.42,12.19,3.16
US-xSE,-76.56,38.8901,2007,6,30,26.58,19.92,19.1,2.03,17.9,0.78
US-xSE,-76.56,38.8901,2007,7,1,26.33,17.16,11.39,3.85,27.78,0
US-xSE,-76.56,38.8901,2007,7,2,25.58,15.42,9.39,3.11,30.18,0
US-xSE,-76.56,38.8901,2007,7,3,27.15,17,13.17,2.69,24.13,1.65
US-xSE,-76.56,38.8901,2007,7,4,28.92,19.37,18.21,6.05,19.15,8.2
US-xSE,-76.56,38.8901,2007,7,5,28.5,21.67,19.4,5.23,12.73,2.27
US-xSE,-76.56,38.8901,2007,7,6,30.94,20.82,18.12,3.3,26.99,0.04
US-xSE,-76.56,38.8901,2007,7,7,32,19.32,16.24,2.8,27.1,0
US-xSE,-76.56,38.8901,2007,7,8,33.94,21.14,17.49,2.55,27.45,0
US-xSE,-76.56,38.8901,2007,7,9,35.36,22.05,18.69,2.99,25.91,0.12
US-xSE,-76.56,38.8901,2007,7,10,33.55,24.49,22.51,2.76,16.51,8.17
US-xSE,-76.56,38.8901,2007,7,11,32.37,23.35,21.91,3.01,19.7,7.47
US-xSE,-76.56,38.8901,2007,7,12,28.73,19.65,13.81,4.04,29.28,0.01
US-xSE,-76.56,38.8901,2007,7,13,29.58,20.12,15.15,2.9,17.3,0.66
US-xSE,-76.56,38.8901,2007,7,14,30.2,19.21,16.42,3.18,25.09,0
US-xSE,-76.56,38.8901,2007,7,15,33.13,21.91,17.63,3.6,25.02,0.1
US-xSE,-76.56,38.8901,2007,7,16,31.87,22.79,19.8,1.55,20.31,0.71
US-xSE,-76.56,38.8901,2007,7,17,33.6,21.29,16.16,2.65,26.71,0.02
US-xSE,-76.56,38.8901,2007,7,18,32.12,24.1,20.79,2.59,21.18,0.92
US-xSE,-76.56,38.8901,2007,7,19,34.86,23.46,19.62,4.37,18.1,1.77
US-xSE,-76.56,38.8901,2007,7,20,29.09,22.35,15.06,4.88,21.9,2.3
US-xSE,-76.56,38.8901,2007,7,21,29.68,19.37,12.56,3.74,27.03,0
US-xSE,-76.56,38.8901,2007,7,22,29.55,20.05,13.64,4.43,23.57,0
US-xSE,-76.56,38.8901,2007,7,23,28.72,19.32,14.17,4.3,26.1,0.05
US-xSE,-76.56,38.8901,2007,7,24,31.02,18.56,15.93,4.01,21,0.19
US-xSE,-76.56,38.8901,2007,7,25,31.17,20.1,18.47,3.02,19.74,0.26
US-xSE,-76.56,38.8901,2007,7,26,32.29,21.68,19.42,2.7,22.62,0.03
US-xSE,-76.56,38.8901,2007,7,27,32.38,22.4,20.3,3.59,24.67,5.69
US-xSE,-76.56,38.8901,2007,7,28,33.3,21.78,20,1.96,24.52,1.2
US-xSE,-76.56,38.8901,2007,7,29,29.03,23.54,22.32,2.62,13.71,9.02
US-xSE,-76.56,38.8901,2007,7,30,27.69,23,21.59,1.91,15.81,3.94
US-xSE,-76.56,38.8901,2007,7,31,32.85,21.31,19.32,2.51,25.58,0.09
US-xSE,-76.56,38.8901,2007,8,1,33.94,22,18.93,2.23,25.43,0
US-xSE,-76.56,38.8901,2007,8,2,34.79,22.7,19.47,3.11,25.12,0.01
US-xSE,-76.56,38.8901,2007,8,3,34.7,23.57,19.91,4.22,24.46,0.21
US-xSE,-76.56,38.8901,2007,8,4,35.41,23.94,20.54,2.03,22.99,0.08
US-xSE,-76.56,38.8901,2007,8,5,32.28,23.19,21.3,2.89,14.77,9.86
US-xSE,-76.56,38.8901,2007,8,6,33.85,24.09,22.95,3.4,20.9,2
US-xSE,-76.56,38.8901,2007,8,7,35.03,24.95,22.55,2.02,19.45,0.14
US-xSE,-76.56,38.8901,2007,8,8,36.85,26.8,23.38,4.5,23.03,0.23
US-xSE,-76.56,38.8901,2007,8,9,34.12,25.28,22.63,3.02,19.47,9.89
US-xSE,-76.56,38.8901,2007,8,10,33.91,21.27,21.59,3.93,19.99,0.95
US-xSE,-76.56,38.8901,2007,8,11,29.81,18.07,14.8,3.67,22.69,0.01
US-xSE,-76.56,38.8901,2007,8,12,32.85,20.25,17.21,2.38,26.15,0.3
US-xSE,-76.56,38.8901,2007,8,13,32.49,22.56,17.3,4.08,25.26,1.26
US-xSE,-76.56,38.8901,2007,8,14,30.85,18.67,10.85,2.93,26.17,0
US-xSE,-76.56,38.8901,2007,8,15,31.58,19.2,17.03,3.78,22.62,0.01
US-xSE,-76.56,38.8901,2007,8,16,32.57,23.02,21.77,3.02,15.85,2.99
US-xSE,-76.56,38.8901,2007,8,17,33.4,23.98,19.9,3.67,21.82,0.97
US-xSE,-76.56,38.8901,2007,8,18,27.92,20.08,8.1,3.6,26.57,0
US-xSE,-76.56,38.8901,2007,8,19,27.74,18.55,16.84,3.47,8.82,10.2
US-xSE,-76.56,38.8901,2007,8,20,25.74,17.38,17.87,3.24,9.03,8.2
US-xSE,-76.56,38.8901,2007,8,21,25.71,18.46,19.97,3.62,9.36,24.3
US-xSE,-76.56,38.8901,2007,8,22,25.63,17.4,17.89,3.2,11.29,1.88
US-xSE,-76.56,38.8901,2007,8,23,28.62,18.93,19.39,1.49,11.61,0.01
US-xSE,-76.56,38.8901,2007,8,24,31.97,20.79,21.72,2.96,21.88,0
US-xSE,-76.56,38.8901,2007,8,25,34.15,23.63,23.49,3.28,22.4,12.77
US-xSE,-76.56,38.8901,2007,8,26,30.56,23.13,22.06,2.5,17.34,1.3
US-xSE,-76.56,38.8901,2007,8,27,30.65,20.97,18.16,3.26,23.42,0
US-xSE,-76.56,38.8901,2007,8,28,30.48,20.11,17.92,2.61,22.23,0
US-xSE,-76.56,38.8901,2007,8,29,30.82,19.99,17.26,2.38,20.65,0
US-xSE,-76.56,38.8901,2007,8,30,31.11,20.3,17.99,1.68,19.49,0.07
US-xSE,-76.56,38.8901,2007,8,31,30.33,21.58,19.97,3.38,18.64,0.14
US-xSE,-76.56,38.8901,2007,9,1,28.73,17.15,12.13,3.97,24.49,0
US-xSE,-76.56,38.8901,2007,9,2,28.49,16.33,13.98,2.05,22.94,0
US-xSE,-76.56,38.8901,2007,9,3,30.4,18.12,16.89,3.51,23.07,0
US-xSE,-76.56,38.8901,2007,9,4,32.26,19.38,15.76,3.03,22.69,0
US-xSE,-76.56,38.8901,2007,9,5,31.44,19.02,17.32,2.42,21.63,0
US-xSE,-76.56,38.8901,2007,9,6,31.97,20.94,19.77,4.12,20.62,0
US-xSE,-76.56,38.8901,2007,9,7,32.41,21.6,20.27,4.85,21.35,0
US-xSE,-76.56,38.8901,2007,9,8,32.52,21.15,18.69,4.23,21.69,0.04
US-xSE,-76.56,38.8901,2007,9,9,31.73,19.26,20.7,2.82,18.53,0.06
US-xSE,-76.56,38.8901,2007,9,10,31.9,23.38,21.56,1.5,16.7,3.3
US-xSE,-76.56,38.8901,2007,9,11,29.36,22.34,21.36,4.75,8.92,4.52
US-xSE,-76.56,38.8901,2007,9,12,26.73,17.72,10.87,3.88,23.2,0
US-xSE,-76.56,38.8901,2007,9,13,28.26,15.75,13.98,3.24,19.73,0.48
US-xSE,-76.56,38.8901,2007,9,14,26.69,20.01,17.45,4.73,10.24,7.41
US-xSE,-76.56,38.8901,2007,9,15,23.11,14.13,11.74,6.01,21.25,2.93
US-xSE,-76.56,38.8901,2007,9,16,20.22,11.56,6.45,3.11,21.15,0
US-xSE,-76.56,38.8901,2007,9,17,22.97,11.38,8.89,3.42,20.9,0
US-xSE,-76.56,38.8901,2007,9,18,23.89,11.96,11.04,3.26,18.12,0
US-xSE,-76.56,38.8901,2007,9,19,26.24,13.47,14.3,2.74,19.19,0.01
US-xSE,-76.56,38.8901,2007,9,20,23.98,16.35,14.28,1.31,10.24,0
US-xSE,-76.56,38.8901,2007,9,21,29.45,18.32,16.94,1.75,16.25,0
US-xSE,-76.56,38.8901,2007,9,22,30.09,20.28,19.95,2.88,13.6,0.76
US-xSE,-76.56,38.8901,2007,9,23,28.67,17.78,12.16,3.88,20.81,0
US-xSE,-76.56,38.8901,2007,9,24,28.93,14.52,12.02,3.05,20.98,0.07
US-xSE,-76.56,38.8901,2007,9,25,30.66,16.19,16.91,3.76,20.26,0.04
US-xSE,-76.56,38.8901,2007,9,26,32.19,17.63,17.54,4,18.73,0.27
US-xSE,-76.56,38.8901,2007,9,27,29.28,20.58,20.05,4.03,16.38,2.13
US-xSE,-76.56,38.8901,2007,9,28,27.14,17.26,14.22,5.03,17.69,0.6
US-xSE,-76.56,38.8901,2007,9,29,25.06,14.72,9.22,3.95,20.15,0
US-xSE,-76.56,38.8901,2007,9,30,25.86,13.49,11.16,2.26,19.15,0
US-xSE,-76.56,38.8901,2007,10,1,25.69,14.09,12.8,3.75,17.37,0
US-xSE,-76.56,38.8901,2007,10,2,26.19,14.54,16.31,3.52,16.73,0
US-xSE,-76.56,38.8901,2007,10,3,29.61,18.01,19.03,2.52,12.72,0
US-xSE,-76.56,38.8901,2007,10,4,30.18,18.81,18.52,1.93,13.06,0
US-xSE,-76.56,38.8901,2007,10,5,28.35,19.47,18.86,1.64,9.66,0.02
US-xSE,-76.56,38.8901,2007,10,6,29.39,20.15,18.64,2.17,15.38,0.29
US-xSE,-76.56,38.8901,2007,10,7,32.09,18.35,18.47,3.33,16.54,0.17
US-xSE,-76.56,38.8901,2007,10,8,31.35,19.25,19.15,3.05,15.77,0.21
US-xSE,-76.56,38.8901,2007,10,9,32.12,21.04,19.27,2.76,13.83,4.66
US-xSE,-76.56,38.8901,2007,10,10,27.61,18.94,14.45,2.88,15.51,1.51
US-xSE,-76.56,38.8901,2007,10,11,18.4,11.83,10.8,6.41,11.28,8.19
US-xSE,-76.56,38.8901,2007,10,12,20.06,10.75,6.68,7.09,17.02,0.82
US-xSE,-76.56,38.8901,2007,10,13,19.74,8.23,4.61,3.2,17.15,0
US-xSE,-76.56,38.8901,2007,10,14,20.87,8.53,5.6,2.82,17.07,0
US-xSE,-76.56,38.8901,2007,10,15,23.23,11.72,8.21,1.71,15.81,0
US-xSE,-76.56,38.8901,2007,10,16,24.25,13.96,13.31,2.48,12.1,0
US-xSE,-76.56,38.8901,2007,10,17,26.55,14.83,15.2,3.53,14.35,0
US-xSE,-76.56,38.8901,2007,10,18,26.54,17.04,18.72,4.65,7.52,0.22
US-xSE,-76.56,38.8901,2007,10,19,25.62,20.54,21.15,5.48,5.67,9.36
US-xSE,-76.56,38.8901,2007,10,20,23.25,13.68,10.48,4.81,14.99,0.06
US-xSE,-76.56,38.8901,2007,10,21,25.64,10.61,9.11,3.47,16.36,0
US-xSE,-76.56,38.8901,2007,10,22,25.99,13.11,14.82,4.63,15.41,0
US-xSE,-76.56,38.8901,2007,10,23,27.08,18.45,17.88,6.32,8.99,0.09
US-xSE,-76.56,38.8901,2007,10,24,22.3,14.68,16.95,4.1,3.22,21.23
US-xSE,-76.56,38.8901,2007,10,25,14.45,12.71,11.99,7.76,2.91,13.03
US-xSE,-76.56,38.8901,2007,10,26,19.52,13.72,15.31,6.02,2.41,34.49
US-xSE,-76.56,38.8901,2007,10,27,20.53,11.79,15.28,5.39,7.74,30.94
US-xSE,-76.56,38.8901,2007,10,28,13.99,6.82,5.4,5.62,15.26,0.01
US-xSE,-76.56,38.8901,2007,10,29,13.24,3.97,2.2,2.88,15.22,0
US-xSE,-76.56,38.8901,2007,10,30,17.05,6.21,4.62,2.42,14.56,0.01
US-xSE,-76.56,38.8901,2007,10,31,18.4,6.84,9.51,4.26,14.01,0.01
US-xSE,-76.56,38.8901,2007,11,1,18.95,8.31,11.11,4.8,9.55,0
US-xSE,-76.56,38.8901,2007,11,2,14.31,5.56,4.71,5.69,13,0
US-xSE,-76.56,38.8901,2007,11,3,15.53,7.15,4.47,6.48,9.47,0
US-xSE,-76.56,38.8901,2007,11,4,13.58,5.02,4.26,3.95,12.15,0
US-xSE,-76.56,38.8901,2007,11,5,15.83,4.82,4.74,3.57,13.14,0.68
US-xSE,-76.56,38.8901,2007,11,6,11.79,5.15,2.93,6.89,9.56,4.24
US-xSE,-76.56,38.8901,2007,11,7,11.01,2.6,0.79,5.69,12.03,0
US-xSE,-76.56,38.8901,2007,11,8,7.14,-0.34,-1.31,2.06,9.41,0
US-xSE,-76.56,38.8901,2007,11,9,8.1,3.8,1.29,1.9,6.78,1.21
US-xSE,-76.56,38.8901,2007,11,10,8.96,2.72,3.16,4.28,6.35,0.19
US-xSE,-76.56,38.8901,2007,11,11,10.72,0.71,1.11,2.46,11.53,0.53
US-xSE,-76.56,38.8901,2007,11,12,13.07,5.61,6.76,3.23,3.3,2.98
US-xSE,-76.56,38.8901,2007,11,13,16.8,7.88,10.26,2.86,5.42,0.51
US-xSE,-76.56,38.8901,2007,11,14,18.67,7,11.31,4.22,9.71,3.86
US-xSE,-76.56,38.8901,2007,11,15,14.37,5.02,7.03,7.46,2.25,12.88
US-xSE,-76.56,38.8901,2007,11,16,7.85,1.97,-0.34,8.01,10.83,0
US-xSE,-76.56,38.8901,2007,11,17,9.91,1.03,0.37,3.5,10.4,0
US-xSE,-76.56,38.8901,2007,11,18,13.47,4,5.87,4.32,9.21,1.37
US-xSE,-76.56,38.8901,2007,11,19,8,7,6.88,3.49,3.71,2.87
US-xSE,-76.56,38.8901,2007,11,20,14.39,7.08,8.77,3.55,6.73,0.14
US-xSE,-76.56,38.8901,2007,11,21,19.41,8.16,11.43,3.7,9.97,0.03
US-xSE,-76.56,38.8901,2007,11,22,20.52,5,9.62,7.42,7.93,0.81
US-xSE,-76.56,38.8901,2007,11,23,6.61,-0.71,-2.91,6.03,10.71,0
US-xSE,-76.56,38.8901,2007,11,24,5.69,-3.05,-3.84,2.75,10.77,0
US-xSE,-76.56,38.8901,2007,11,25,11.1,-0.02,0.64,3.36,6.02,0.14
US-xSE,-76.56,38.8901,2007,11,26,16.07,6.51,9.46,4.79,3.94,2.86
US-xSE,-76.56,38.8901,2007,11,27,15.65,4.56,5.51,6.37,10.23,0.56
US-xSE,-76.56,38.8901,2007,11,28,7.13,0.35,-2.34,3.64,10.38,0
US-xSE,-76.56,38.8901,2007,11,29,13.23,1.65,2.82,4.81,7.17,0
US-xSE,-76.56,38.8901,2007,11,30,7.58,0.39,-4.26,3.87,10.9,0
US-xSE,-76.56,38.8901,2007,12,1,4.69,0.23,-4.55,5.2,10.31,0
US-xSE,-76.56,38.8901,2007,12,2,7.74,0.11,0.42,3.91,3.41,13.4
US-xSE,-76.56,38.8901,2007,12,3,8.15,1.98,1.33,10.17,10,6.94
US-xSE,-76.56,38.8901,2007,12,4,3.36,-1.98,-5.92,8.61,8.91,0.21
US-xSE,-76.56,38.8901,2007,12,5,0.3,-2.97,-3.89,3.44,3.06,5.97
US-xSE,-76.56,38.8901,2007,12,6,0.71,-5.75,-7.07,3.46,10.16,0
US-xSE,-76.56,38.8901,2007,12,7,2.84,-3.98,-2.67,2.99,3.62,0.33
US-xSE,-76.56,38.8901,2007,12,8,8.41,0.87,2.58,1.54,6.42,3.71
US-xSE,-76.56,38.8901,2007,12,9,6.38,0.7,3.51,2.89,3.04,2.57
US-xSE,-76.56,38.8901,2007,12,10,8.29,4.4,5.21,2.45,5.7,0.6
US-xSE,-76.56,38.8901,2007,12,11,9.45,4.19,5.83,3.13,3.08,0.21
US-xSE,-76.56,38.8901,2007,12,12,13.96,4.35,6.8,5.37,5.3,0.02
US-xSE,-76.56,38.8901,2007,12,13,6.19,1.73,1.32,3.52,2.8,2.52
US-xSE,-76.56,38.8901,2007,12,14,8.72,0.02,1.4,3.23,7.35,0.02
US-xSE,-76.56,38.8901,2007,12,15,3.87,-1.44,-1.53,5.12,4.47,8.31
US-xSE,-76.56,38.8901,2007,12,16,8.21,-0.15,2.13,9.09,3.45,21.14
US-xSE,-76.56,38.8901,2007,12,17,3.38,-3.26,-4.83,8.37,8.53,0
US-xSE,-76.56,38.8901,2007,12,18,3.82,-3.94,-4.62,3.09,9.86,0
US-xSE,-76.56,38.8901,2007,12,19,6.42,-0.64,-0.63,3.92,2.92,0
US-xSE,-76.56,38.8901,2007,12,20,6.78,-1.92,-0.95,3.41,9.35,0
US-xSE,-76.56,38.8901,2007,12,21,6.59,0.07,2.05,4.09,3.27,0.01
US-xSE,-76.56,38.8901,2007,12,22,7.5,2.28,3.99,4.37,4.35,0.04
US-xSE,-76.56,38.8901,2007,12,23,14.5,5,9.48,7.34,2.34,7.47
US-xSE,-76.56,38.8901,2007,12,24,8.78,0.5,-0.56,4.25,9.67,0
US-xSE,-76.56,38.8901,2007,12,25,8.7,1.03,-0.43,2.43,8.92,0
US-xSE,-76.56,38.8901,2007,12,26,3.81,-0.02,0.84,5.04,1.25,10.55
US-xSE,-76.56,38.8901,2007,12,27,9.84,1.17,2.94,3.39,9.15,0.03
US-xSE,-76.56,38.8901,2007,12,28,9.02,0.21,3.36,4.12,5.15,3.74
US-xSE,-76.56,38.8901,2007,12,29,10.15,3.04,6.25,3.88,3.1,11.88
US-xSE,-76.56,38.8901,2007,12,30,4.9,1.28,1.92,3.17,2.09,11.06
US-xSE,-76.56,38.8901,2007,12,31,8.98,1.27,2.06,4.24,9.99,0.14
US-xSE,-76.56,38.8901,2008,1,1,9.09,0.11,0.99,7.2,8.46,0.34
US-xSE,-76.56,38.8901,2008,1,2,0.34,-5.05,-7.1,9.78,7.94,0.02
US-xSE,-76.56,38.8901,2008,1,3,-1.23,-5.33,-8.86,6.16,8.08,0
US-xSE,-76.56,38.8901,2008,1,4,3.64,-4.77,-5.89,3.6,10.62,0
US-xSE,-76.56,38.8901,2008,1,5,2.92,-3.33,-2.06,2.9,7.01,0.98
US-xSE,-76.56,38.8901,2008,1,6,7.97,1.09,2.94,2.87,8.65,1.43
US-xSE,-76.56,38.8901,2008,1,7,15.87,2.58,7.41,3.71,8.64,0.04
US-xSE,-76.56,38.8901,2008,1,8,16.54,6.85,10.48,5.7,9.15,0
US-xSE,-76.56,38.8901,2008,1,9,14.69,3.2,6.86,6.79,9.23,0.41
US-xSE,-76.56,38.8901,2008,1,10,9.51,1.46,2.02,3.01,5.1,4.23
US-xSE,-76.56,38.8901,2008,1,11,13.5,5.45,8.19,4.78,3.35,4.98
US-xSE,-76.56,38.8901,2008,1,12,8.45,1.62,1.76,3.24,9.38,0
US-xSE,-76.56,38.8901,2008,1,13,8.21,-0.02,1.76,4.07,5.92,3.4
US-xSE,-76.56,38.8901,2008,1,14,6.25,-0.22,0.16,4.56,5.15,0.29
US-xSE,-76.56,38.8901,2008,1,15,2.29,-2.58,-4.71,6.18,6.44,0.04
US-xSE,-76.56,38.8901,2008,1,16,4.27,-2.06,-3.43,4.41,10.32,0
US-xSE,-76.56,38.8901,2008,1,17,2.84,-0.93,-0.31,3.62,1.72,17.92
US-xSE,-76.56,38.8901,2008,1,18,7.5,-0.47,0.27,4.53,10.11,0.51
US-xSE,-76.56,38.8901,2008,1,19,3.11,-1.03,-2.89,2.32,4.42,0.11
US-xSE,-76.56,38.8901,2008,1,20,-0.26,-7.4,-11.19,8.61,12.25,0.04
US-xSE,-76.56,38.8901,2008,1,21,-2.09,-8.61,-12.02,4,12.22,0
US-xSE,-76.56,38.8901,2008,1,22,3.31,-5.71,-2.85,5.43,4.71,0.88
US-xSE,-76.56,38.8901,2008,1,23,4.43,-2.56,-3.33,4.03,11.93,0.01
US-xSE,-76.56,38.8901,2008,1,24,1.26,-3.55,-5.02,4.54,3.07,0.39
US-xSE,-76.56,38.8901,2008,1,25,-0.34,-6.84,-8.42,5.3,12.89,0
US-xSE,-76.56,38.8901,2008,1,26,2.02,-5.03,-6.28,2.57,8.03,0
US-xSE,-76.56,38.8901,2008,1,27,3.64,-3.8,-3.77,3.72,11.4,0
US-xSE,-76.56,38.8901,2008,1,28,4.5,-3.8,-2.82,4.05,10.56,0
US-xSE,-76.56,38.8901,2008,1,29,5.47,-1.43,0.91,3.62,6.3,0.24
US-xSE,-76.56,38.8901,2008,1,30,8.36,-2.68,-2.04,7.91,12.77,2.99
US-xSE,-76.56,38.8901,2008,1,31,3.99,-3.17,-6.41,3.7,13.63,0
US-xSE,-76.56,38.8901,2008,2,1,13.28,0.22,4.96,8.07,2.81,41.01
US-xSE,-76.56,38.8901,2008,2,2,7.28,-1.66,-0.08,3.8,12.77,0
US-xSE,-76.56,38.8901,2008,2,3,11.49,0.12,1.97,1.74,11.53,0
US-xSE,-76.56,38.8901,2008,2,4,10.53,1.9,4.8,3.35,7.22,0.44
US-xSE,-76.56,38.8901,2008,2,5,15.29,4.91,8.93,3.9,6.83,0.15
US-xSE,-76.56,38.8901,2008,2,6,18.08,10.14,12.79,7.25,6.62,2.42
US-xSE,-76.56,38.8901,2008,2,7,13.27,1.08,2.68,5.56,13.93,0.41
US-xSE,-76.56,38.8901,2008,2,8,8.49,-0.31,0.53,2.46,11.14,0
US-xSE,-76.56,38.8901,2008,2,9,11.64,0,3.74,4.39,10.58,0.09
US-xSE,-76.56,38.8901,2008,2,10,8.9,-6.82,-4.68,10.17,11.1,0.09
US-xSE,-76.56,38.8901,2008,2,11,-2.64,-8.89,-12.3,6.46,15.27,0
US-xSE,-76.56,38.8901,2008,2,12,3.27,-6.29,-4.9,3.79,4.06,9.9
US-xSE,-76.56,38.8901,2008,2,13,7.45,-0.65,3.57,6.8,3.41,19.56
US-xSE,-76.56,38.8901,2008,2,14,3.23,-3.67,-4.54,6.31,15.63,2.48
US-xSE,-76.56,38.8901,2008,2,15,10.97,-1.31,0.94,4.79,12.64,0
US-xSE,-76.56,38.8901,2008,2,16,4.22,-2.94,-4.05,3.57,15.96,0
US-xSE,-76.56,38.8901,2008,2,17,9.92,-1.9,2.87,6.02,6.33,0.26
US-xSE,-76.56,38.8901,2008,2,18,16.8,1.97,8.73,7.22,11.12,4.08
US-xSE,-76.56,38.8901,2008,2,19,7.15,-3.63,-3.39,6.53,12.9,0
US-xSE,-76.56,38.8901,2008,2,20,1.12,-3.98,-5.47,3.3,7.27,1.7
US-xSE,-76.56,38.8901,2008,2,21,0.26,-6.04,-8.63,3.8,16.4,0.96
US-xSE,-76.56,38.8901,2008,2,22,1.04,-1.96,-1.64,3,3.73,6.63
US-xSE,-76.56,38.8901,2008,2,23,3.8,-2.64,-0.97,3.11,4.18,0.06
US-xSE,-76.56,38.8901,2008,2,24,4.3,-4.07,-3.48,2.48,16.92,0.06
US-xSE,-76.56,38.8901,2008,2,25,7.93,-0.36,0.48,2.78,12.02,0.01
US-xSE,-76.56,38.8901,2008,2,26,9.54,1.74,5.23,5.39,5.47,3.92
US-xSE,-76.56,38.8901,2008,2,27,4.69,-3.82,-3.13,8.21,10.72,0.02
US-xSE,-76.56,38.8901,2008,2,28,-0.7,-5.15,-9.26,6.74,15.7,0
US-xSE,-76.56,38.8901,2008,2,29,4.75,-4.23,-4.78,4.97,16.41,0.26
US-xSE,-76.56,38.8901,2008,3,1,6.96,-1.32,-1.13,7.33,15.75,0.02
US-xSE,-76.56,38.8901,2008,3,2,7.24,-2.75,-3.7,3.23,18.27,0
US-xSE,-76.56,38.8901,2008,3,3,14.77,-0.09,4.84,6.56,18.26,0
US-xSE,-76.56,38.8901,2008,3,4,16.72,8.77,11.18,7.31,9.38,3.41
US-xSE,-76.56,38.8901,2008,3,5,14.02,1.22,4.84,7.85,18.52,14.53
US-xSE,-76.56,38.8901,2008,3,6,10.46,-0.61,1.06,2.16,18.74,0
US-xSE,-76.56,38.8901,2008,3,7,12.59,1.18,6.44,5.72,4.1,20.13
US-xSE,-76.56,38.8901,2008,3,8,16.96,0.39,6.41,8.26,6.35,15.28
US-xSE,-76.56,38.8901,2008,3,9,5.56,-2.49,-5.3,7.55,20.43,0
US-xSE,-76.56,38.8901,2008,3,10,9.28,-2.63,-1.48,2.78,16.27,0.07
US-xSE,-76.56,38.8901,2008,3,11,11.16,1.88,3.31,2.81,16.9,0.19
US-xSE,-76.56,38.8901,2008,3,12,11.09,0.89,1.81,6.09,19.05,0.05
US-xSE,-76.56,38.8901,2008,3,13,12.14,-1.25,2.48,4.16,19.34,0
US-xSE,-76.56,38.8901,2008,3,14,16.02,5.66,8.18,3,18.08,0.13
US-xSE,-76.56,38.8901,2008,3,15,14.3,4.96,5.82,4.07,19.5,1.94
US-xSE,-76.56,38.8901,2008,3,16,9.65,2.91,2.85,5.98,12.1,4.31
US-xSE,-76.56,38.8901,2008,3,17,9.19,-1.08,-1.84,4.34,22.05,0
US-xSE,-76.56,38.8901,2008,3,18,10.22,3.49,2.24,4.59,11.09,0.7
US-xSE,-76.56,38.8901,2008,3,19,17.44,7.58,12.1,7.47,8.28,10.73
US-xSE,-76.56,38.8901,2008,3,20,15.29,2.5,1.06,10.71,22.35,2.1
US-xSE,-76.56,38.8901,2008,3,21,10.57,0.66,-1.1,5.95,22.56,0
US-xSE,-76.56,38.8901,2008,3,22,8.55,1.19,0.26,4.62,16.03,0.12
US-xSE,-76.56,38.8901,2008,3,23,8.53,-2.32,-3.37,3.13,22.98,0
US-xSE,-76.56,38.8901,2008,3,24,9.06,-0.99,-0.97,3.34,17.09,0
US-xSE,-76.56,38.8901,2008,3,25,9.7,-1.61,-1.41,4.7,22.84,0
US-xSE,-76.56,38.8901,2008,3,26,17.24,5.43,5.87,5.18,20.66,0
US-xSE,-76.56,38.8901,2008,3,27,14.74,5.51,6.75,2.78,10.57,0.35
US-xSE,-76.56,38.8901,2008,3,28,20.2,5.5,9.16,5.94,14.6,0.19
US-xSE,-76.56,38.8901,2008,3,29,9.06,0.77,-1.25,4.72,20.17,0
US-xSE,-76.56,38.8901,2008,3,30,9.73,0.17,-1.46,5.1,13.21,0.01
US-xSE,-76.56,38.8901,2008,3,31,15.38,4.11,8.69,5.85,6.78,2.11
US-xSE,-76.56,38.8901,2008,4,1,21.26,11.75,13.83,8.13,13.51,2.38
US-xSE,-76.56,38.8901,2008,4,2,11.86,3.82,0.54,6.19,24.58,0.16
US-xSE,-76.56,38.8901,2008,4,3,9.97,0.74,1.31,4.66,7.26,13.62
US-xSE,-76.56,38.8901,2008,4,4,14.91,5.21,9.26,4.08,12.96,2.94
US-xSE,-76.56,38.8901,2008,4,5,14.37,9.17,9.26,4.12,13.73,1.61
US-xSE,-76.56,38.8901,2008,4,6,10.64,5.42,6.49,5.98,5.27,9.37
US-xSE,-76.56,38.8901,2008,4,7,8.54,4.66,4.63,4.3,6.5,0.14
US-xSE,-76.56,38.8901,2008,4,8,12.44,5.07,6.33,3.75,9.65,0
US-xSE,-76.56,38.8901,2008,4,9,15.25,4.62,8.55,2.43,15.36,0.06
US-xSE,-76.56,38.8901,2008,4,10,21.31,8.96,11.85,1.79,19.83,0.02
US-xSE,-76.56,38.8901,2008,4,11,22.82,10.15,14.06,5.15,19.2,3.55
US-xSE,-76.56,38.8901,2008,4,12,22.11,12.25,15.18,4.77,11.15,6.12
US-xSE,-76.56,38.8901,2008,4,13,13.47,7.28,5.64,4.9,11.11,0.43
US-xSE,-76.56,38.8901,2008,4,14,12.34,3.82,1.8,3.98,25.91,0.01
US-xSE,-76.56,38.8901,2008,4,15,14.1,3.66,1.13,4.16,26.94,0
US-xSE,-76.56,38.8901,2008,4,16,17.89,3.05,3.08,2.64,26.74,0
US-xSE,-76.56,38.8901,2008,4,17,21.9,5.02,5.18,1.96,26.85,0
US-xSE,-76.56,38.8901,2008,4,18,26.2,8.99,9.51,2.9,24.92,0
US-xSE,-76.56,38.8901,2008,4,19,23.7,11.28,12.38,3.37,21.59,0
US-xSE,-76.56,38.8901,2008,4,20,19.76,13.07,14.57,6.21,8.45,27.5
US-xSE,-76.56,38.8901,2008,4,21,15.73,11.95,12.59,7.54,6.57,7.78
US-xSE,-76.56,38.8901,2008,4,22,19.76,10.17,12.02,5.31,17.75,0.76
US-xSE,-76.56,38.8901,2008,4,23,21.79,9.69,12.99,2.63,21.83,0.07
US-xSE,-76.56,38.8901,2008,4,24,23.27,12.91,11.76,2.79,24.64,0.01
US-xSE,-76.56,38.8901,2008,4,25,23.58,13.03,13.68,2.23,18.48,0.22
US-xSE,-76.56,38.8901,2008,4,26,23.89,13.28,15.68,3.97,22.84,5.01
US-xSE,-76.56,38.8901,2008,4,27,14.02,10.15,10.23,5.61,5.09,5.63
US-xSE,-76.56,38.8901,2008,4,28,18.37,10.48,13.23,4.64,5.77,22.6
US-xSE,-76.56,38.8901,2008,4,29,15.61,8.05,6.95,5.74,21.19,0.14
US-xSE,-76.56,38.8901,2008,4,30,14.01,5,4.27,3.23,21.89,0
US-xSE,-76.56,38.8901,2008,5,1,18.93,6.95,10.16,4.19,16.68,0.15
US-xSE,-76.56,38.8901,2008,5,2,25.81,12.37,14.46,3.85,24.33,0
US-xSE,-76.56,38.8901,2008,5,3,23.64,13.14,15.43,3.82,24.38,0.07
US-xSE,-76.56,38.8901,2008,5,4,20.27,11.92,12.52,4.01,27.15,0.04
US-xSE,-76.56,38.8901,2008,5,5,20.11,9.22,11,2.8,23.64,0
US-xSE,-76.56,38.8901,2008,5,6,23.43,10.42,11.05,2.55,25.92,0
US-xSE,-76.56,38.8901,2008,5,7,24.85,11.8,13.03,4.22,26.8,0
US-xSE,-76.56,38.8901,2008,5,8,23.25,17.59,16.17,5.66,8.56,3.06
US-xSE,-76.56,38.8901,2008,5,9,20.21,10.11,14.32,4.74,8.22,51.58
US-xSE,-76.56,38.8901,2008,5,10,17.1,8.98,9.7,3.13,13.18,4.39
US-xSE,-76.56,38.8901,2008,5,11,16.89,10.32,9.82,7.1,6.49,29
US-xSE,-76.56,38.8901,2008,5,12,11.88,8.97,8.28,10.01,6.94,32.79
US-xSE,-76.56,38.8901,2008,5,13,20.2,7.66,8.45,3.87,28.72,0
US-xSE,-76.56,38.8901,2008,5,14,21.97,8.73,11.53,3.3,19.27,0
US-xSE,-76.56,38.8901,2008,5,15,23.01,13.2,15.2,2.61,21.35,2.89
US-xSE,-76.56,38.8901,2008,5,16,23.38,11.32,15.12,6.24,12.87,15.32
US-xSE,-76.56,38.8901,2008,5,17,21.46,8.91,10.98,6.17,28.76,0.05
US-xSE,-76.56,38.8901,2008,5,18,21.76,11.89,13.69,4.96,8.5,2.56
US-xSE,-76.56,38.8901,2008,5,19,17.19,9.32,7.68,5.46,25.62,0.22
US-xSE,-76.56,38.8901,2008,5,20,15.72,9.84,10.32,4.07,13.39,14.34
US-xSE,-76.56,38.8901,2008,5,21,18.78,7.64,9.75,4.15,18.39,0.28
US-xSE,-76.56,38.8901,2008,5,22,17.8,10.01,8.92,6.19,23.09,0.04
US-xSE,-76.56,38.8901,2008,5,23,19.02,7.81,9.37,4.1,28.8,0
US-xSE,-76.56,38.8901,2008,5,24,20.71,10.39,10.98,3.83,27.73,0
US-xSE,-76.56,38.8901,2008,5,25,22.72,9.39,10.14,2.92,30.56,0.06
US-xSE,-76.56,38.8901,2008,5,26,25.4,13.21,15.56,5.45,28.34,0.01
US-xSE,-76.56,38.8901,2008,5,27,26.19,18.28,19.06,4.16,17.41,2.4
US-xSE,-76.56,38.8901,2008,5,28,18.33,11.22,8.13,4.67,21.62,0.21
US-xSE,-76.56,38.8901,2008,5,29,22.53,9.09,10.71,2.88,30.39,0
US-xSE,-76.56,38.8901,2008,5,30,25.11,12.11,15.2,4.24,28.28,0
US-xSE,-76.56,38.8901,2008,5,31,26.68,17.64,20.45,5.5,19.06,19.07
US-xSE,-76.56,38.8901,2008,6,1,26.84,17.81,18.57,4.29,23.87,2.06
US-xSE,-76.56,38.8901,2008,6,2,23.85,13.86,13.42,3.63,29.83,0
US-xSE,-76.56,38.8901,2008,6,3,25.24,15.08,16.1,5.2,21.72,5.28
US-xSE,-76.56,38.8901,2008,6,4,26.75,19.56,20.81,4.59,18.06,46.76
US-xSE,-76.56,38.8901,2008,6,5,27.71,18,19.97,2.95,26.81,0.3
US-xSE,-76.56,38.8901,2008,6,6,26.62,16.93,19.78,2.86,17.93,0.31
US-xSE,-76.56,38.8901,2008,6,7,31.87,19.7,22.79,2.37,25.75,4.06
US-xSE,-76.56,38.8901,2008,6,8,31.27,22.07,23.48,3.31,26.17,0.01
US-xSE,-76.56,38.8901,2008,6,9,32.26,23.26,23.23,3.19,28.57,0
US-xSE,-76.56,38.8901,2008,6,10,32.93,23.33,23.53,2.23,27.27,3.18
US-xSE,-76.56,38.8901,2008,6,11,27.88,21.36,18.25,3.22,29,0
US-xSE,-76.56,38.8901,2008,6,12,29.64,19.95,19.19,2.39,29.4,0.17
US-xSE,-76.56,38.8901,2008,6,13,28.81,20.16,20.6,3.44,27.6,0.02
US-xSE,-76.56,38.8901,2008,6,14,29.87,20.47,21.28,2.85,24.25,6.53
US-xSE,-76.56,38.8901,2008,6,15,27.81,20.61,19.8,3.6,25.75,0.19
US-xSE,-76.56,38.8901,2008,6,16,28,17.88,18.54,3.37,21.91,11.01
US-xSE,-76.56,38.8901,2008,6,17,24.59,16.07,16.31,4.7,25.46,0.05
US-xSE,-76.56,38.8901,2008,6,18,23.89,14.32,14.3,3.72,28.16,2.08
US-xSE,-76.56,38.8901,2008,6,19,22.9,13.91,13.68,2.72,26.99,0.01
US-xSE,-76.56,38.8901,2008,6,20,25.87,16.13,16.19,2.72,27.27,0.89
US-xSE,-76.56,38.8901,2008,6,21,27.3,17.57,18.71,2.74,27.1,0.08
US-xSE,-76.56,38.8901,2008,6,22,27.15,18.88,19.75,3.03,23.96,4.59
US-xSE,-76.56,38.8901,2008,6,23,26.92,18.81,19.56,2.61,24.89,4.88
US-xSE,-76.56,38.8901,2008,6,24,26.01,16.08,16.65,4.53,29.6,0.14
US-xSE,-76.56,38.8901,2008,6,25,27.76,16.79,17.46,2.65,26.8,0.58
US-xSE,-76.56,38.8901,2008,6,26,30.01,21.15,21.87,3.79,24.02,0.16
US-xSE,-76.56,38.8901,2008,6,27,29.78,21.92,22.02,2.72,22.7,13.08
US-xSE,-76.56,38.8901,2008,6,28,30.61,21.48,22.19,2.78,25.91,3.26
US-xSE,-76.56,38.8901,2008,6,29,29.68,22.11,22.34,3.78,23.87,2.54
US-xSE,-76.56,38.8901,2008,6,30,27.68,20.49,19.79,2.81,23.98,3.01
US-xSE,-76.56,38.8901,2008,7,1,26.84,18.08,17.78,3.43,26.55,0.52
US-xSE,-76.56,38.8901,2008,7,2,28.11,18.02,16.23,3.53,29.51,0.04
US-xSE,-76.56,38.8901,2008,7,3,30.66,17.84,17.43,4.5,28.34,0.35
US-xSE,-76.56,38.8901,2008,7,4,29.03,21.54,19.98,2.24,21.15,8.31
US-xSE,-76.56,38.8901,2008,7,5,25.98,20.84,20.77,2,13.8,2.01
US-xSE,-76.56,38.8901,2008,7,6,27.01,21.41,21.81,2.76,16.36,4.7
US-xSE,-76.56,38.8901,2008,7,7,28.8,21.96,21.58,3,22.17,2.67
US-xSE,-76.56,38.8901,2008,7,8,30.18,21.38,21.22,3.84,24.65,0.18
US-xSE,-76.56,38.8901,2008,7,9,28.28,21.32,21.93,5.19,11.88,10.31
US-xSE,-76.56,38.8901,2008,7,10,28.13,21.23,18.98,3.06,20.78,0.05
US-xSE,-76.56,38.8901,2008,7,11,30.32,18.83,18,2.02,27.36,0
US-xSE,-76.56,38.8901,2008,7,12,30.78,20.87,19.77,3.04,25.98,0
US-xSE,-76.56,38.8901,2008,7,13,30.9,20.75,19.79,4.44,27.45,6.18
US-xSE,-76.56,38.8901,2008,7,14,27.6,21.18,18.44,2.22,13.32,10.34
US-xSE,-76.56,38.8901,2008,7,15,30.39,19.34,17.47,2.22,27.39,0.07
US-xSE,-76.56,38.8901,2008,7,16,31.47,20.86,16.68,1.67,28.59,0
US-xSE,-76.56,38.8901,2008,7,17,33.51,20.7,18.42,1.87,27.44,0.01
US-xSE,-76.56,38.8901,2008,7,18,33.46,22.33,19.8,3.44,26.6,0
US-xSE,-76.56,38.8901,2008,7,19,33.12,21.56,20.63,3.73,27.51,0
US-xSE,-76.56,38.8901,2008,7,20,33.37,23.59,22.21,4.06,26.64,3.12
US-xSE,-76.56,38.8901,2008,7,21,33.25,24.04,20.91,3.48,26.56,0.47
US-xSE,-76.56,38.8901,2008,7,22,33.16,24.49,20.4,2.84,20.8,2.19
US-xSE,-76.56,38.8901,2008,7,23,29.91,23.36,22.91,3.09,17.83,29.02
US-xSE,-76.56,38.8901,2008,7,24,27.98,20.03,18.1,3.08,25.98,5.08
US-xSE,-76.56,38.8901,2008,7,25,29.63,21.02,15.66,1.86,27.23,0
US-xSE,-76.56,38.8901,2008,7,26,30.47,20.32,18.58,4.37,23.92,0
US-xSE,-76.56,38.8901,2008,7,27,30.06,21.3,21.31,2.73,16.81,10.9
US-xSE,-76.56,38.8901,2008,7,28,29.13,17.69,16.27,2.67,20.14,0.01
US-xSE,-76.56,38.8901,2008,7,29,30.94,21.65,19.62,2.63,22.1,2.24
US-xSE,-76.56,38.8901,2008,7,30,30.62,23.01,22.31,1.5,19.57,0.76
US-xSE,-76.56,38.8901,2008,7,31,29.75,23.26,21.11,3.49,14.41,0.01
US-xSE,-76.56,38.8901,2008,8,1,32.26,22.06,20.03,3.42,25,1.19
US-xSE,-76.56,38.8901,2008,8,2,30.21,22.21,21.3,2.2,19.19,8.37
US-xSE,-76.56,38.8901,2008,8,3,29.66,20.07,17.54,3.81,27.19,0
US-xSE,-76.56,38.8901,2008,8,4,30.63,19.29,16.51,3.11,25.81,0
US-xSE,-76.56,38.8901,2008,8,5,31.4,21.72,19.37,2.16,13.12,0.33
US-xSE,-76.56,38.8901,2008,8,6,32.82,23.43,20.1,4.27,21.43,1.48
US-xSE,-76.56,38.8901,2008,8,7,31.26,20.95,16.57,2.86,21.35,2.4
US-xSE,-76.56,38.8901,2008,8,8,28.83,18.9,14.93,4.85,26.07,0.65
US-xSE,-76.56,38.8901,2008,8,9,28.08,17.89,13.48,2.93,26.35,0
US-xSE,-76.56,38.8901,2008,8,10,28.76,18.87,16.95,2.8,21.59,4.01
US-xSE,-76.56,38.8901,2008,8,11,25.52,17.24,13.74,4.44,23.51,0.56
US-xSE,-76.56,38.8901,2008,8,12,29.02,16.82,14.49,3.85,26.07,0.05
US-xSE,-76.56,38.8901,2008,8,13,30.11,20.2,17.37,3.24,17.57,0.11
US-xSE,-76.56,38.8901,2008,8,14,29.67,19.07,18.01,2.51,21,6.06
US-xSE,-76.56,38.8901,2008,8,15,28.15,19.76,18.09,1.66,16.57,2.05
US-xSE,-76.56,38.8901,2008,8,16,29.12,18.65,14.81,3.14,25.33,0.02
US-xSE,-76.56,38.8901,2008,8,17,30.08,18.1,14.69,3.01,24.42,0
US-xSE,-76.56,38.8901,2008,8,18,31.92,19.3,17.48,2.95,23.91,0
US-xSE,-76.56,38.8901,2008,8,19,32.79,20.75,16.76,3.81,24.32,0
US-xSE,-76.56,38.8901,2008,8,20,27.89,17.09,11.71,3.01,23.9,0
US-xSE,-76.56,38.8901,2008,8,21,29.75,16.64,13.64,2.32,24.51,0.02
US-xSE,-76.56,38.8901,2008,8,22,29.88,17.85,15.34,3.39,23.85,0.15
US-xSE,-76.56,38.8901,2008,8,23,29.89,18.15,17.93,2.81,19.93,0.01
US-xSE,-76.56,38.8901,2008,8,24,30.37,19.88,18.03,3.15,23.75,0
US-xSE,-76.56,38.8901,2008,8,25,31.4,21.02,19.41,2.97,17.49,0.54
US-xSE,-76.56,38.8901,2008,8,26,27.21,18.85,11.79,3.66,17.2,0
US-xSE,-76.56,38.8901,2008,8,27,26.05,17.37,13.39,3.82,10.8,0.25
US-xSE,-76.56,38.8901,2008,8,28,25.01,19.51,17.73,5.24,5.23,2.85
US-xSE,-76.56,38.8901,2008,8,29,27.63,20.11,20.41,5.07,9.49,7.29
US-xSE,-76.56,38.8901,2008,8,30,31.14,21.02,20.6,1.92,19.56,1.06
US-xSE,-76.56,38.8901,2008,8,31,30.92,19.91,13.54,2.87,23.63,0.02
US-xSE,-76.56,38.8901,2008,9,1,30.31,16.01,12.74,2.2,24.48,0
US-xSE,-76.56,38.8901,2008,9,2,32.51,16.94,13.52,2.47,23.9,0.06
US-xSE,-76.56,38.8901,2008,9,3,33.69,18.35,15.96,2.36,23.06,0
US-xSE,-76.56,38.8901,2008,9,4,34.2,21.06,18.79,3.44,21.78,0.07
US-xSE,-76.56,38.8901,2008,9,5,31.35,21.01,20.12,4.61,17.97,4.24
US-xSE,-76.56,38.8901,2008,9,6,26.6,22.02,22.96,7.32,4.32,53.43
US-xSE,-76.56,38.8901,2008,9,7,27.06,18.57,16.34,4,22.9,0
US-xSE,-76.56,38.8901,2008,9,8,29.57,18.17,17.71,2.71,19.91,0.01
US-xSE,-76.56,38.8901,2008,9,9,26.87,21.1,21.79,4.05,8.87,6.6
US-xSE,-76.56,38.8901,2008,9,10,25.12,18.24,15.07,3.24,12.93,0.09
US-xSE,-76.56,38.8901,2008,9,11,26.29,17.49,14.89,4.03,14.3,0.01
US-xSE,-76.56,38.8901,2008,9,12,26.29,17.7,19.94,4.46,8.94,10.06
US-xSE,-76.56,38.8901,2008,9,13,30.31,21.14,21.73,2.73,18.84,0.23
US-xSE,-76.56,38.8901,2008,9,14,33.29,22.94,22.55,4.78,18.7,0.01
US-xSE,-76.56,38.8901,2008,9,15,28.19,20.06,17.09,5.68,20.35,0.01
US-xSE,-76.56,38.8901,2008,9,16,22.97,16.79,13.42,3.59,9,0.03
US-xSE,-76.56,38.8901,2008,9,17,24.55,14.25,12.23,2.61,18.36,0
US-xSE,-76.56,38.8901,2008,9,18,27,14.25,13.89,3.69,20.06,0
US-xSE,-76.56,38.8901,2008,9,19,22.87,13.37,11.17,4.73,15.26,0
US-xSE,-76.56,38.8901,2008,9,20,23.68,12.13,11.87,2.67,16.73,0
US-xSE,-76.56,38.8901,2008,9,21,25.97,13.35,11.26,1.11,18.12,0
US-xSE,-76.56,38.8901,2008,9,22,26.63,14.75,15.69,3.28,18.28,0.52
US-xSE,-76.56,38.8901,2008,9,23,23.75,13.67,12.28,4.7,18.5,0.17
US-xSE,-76.56,38.8901,2008,9,24,23.53,12.2,11.25,5.32,16.25,0
US-xSE,-76.56,38.8901,2008,9,25,18.87,14.41,13.47,8.55,4.08,11.46
US-xSE,-76.56,38.8901,2008,9,26,23.75,16.3,18.5,5.87,6.91,12.43
US-xSE,-76.56,38.8901,2008,9,27,25.1,19.79,20.33,4.96,8.71,25.69
US-xSE,-76.56,38.8901,2008,9,28,25.11,18.88,19.21,2.27,8.84,12.69
US-xSE,-76.56,38.8901,2008,9,29,23.79,15.69,16.07,3.99,15.85,0.01
US-xSE,-76.56,38.8901,2008,9,30,22.95,14.28,16.18,2.4,8.86,6.53
US-xSE,-76.56,38.8901,2008,10,1,22.23,13.18,13.57,3.34,13.1,2.01
US-xSE,-76.56,38.8901,2008,10,2,18.26,11.09,8.41,5.36,17.77,0
US-xSE,-76.56,38.8901,2008,10,3,21.39,10.42,9.65,4.01,18.75,0.01
US-xSE,-76.56,38.8901,2008,10,4,21.75,9.91,11.51,2.31,17.4,0.18
US-xSE,-76.56,38.8901,2008,10,5,22.65,12.67,13.55,3.08,17.63,0.3
US-xSE,-76.56,38.8901,2008,10,6,20.27,10.45,10.35,3.71,13.97,0.02
US-xSE,-76.56,38.8901,2008,10,7,18.09,7.13,5.57,2.36,18.37,0.13
US-xSE,-76.56,38.8901,2008,10,8,20.55,9.39,10.95,4.12,13.02,0.21
US-xSE,-76.56,38.8901,2008,10,9,24.82,16.82,17.18,3.51,12.39,0.09
US-xSE,-76.56,38.8901,2008,10,10,23.63,13.28,11.5,2.77,16.4,0
US-xSE,-76.56,38.8901,2008,10,11,23.14,10.83,10.51,2.77,16.5,0
US-xSE,-76.56,38.8901,2008,10,12,23.81,11.68,12.47,1.76,17.01,0.26
US-xSE,-76.56,38.8901,2008,10,13,24.23,11.82,13.37,2.93,14.33,0.01
US-xSE,-76.56,38.8901,2008,10,14,26.4,13.34,14.26,2.38,16.33,0
US-xSE,-76.56,38.8901,2008,10,15,26.21,17.37,16.27,2.66,12.57,0
US-xSE,-76.56,38.8901,2008,10,16,27.53,16.85,17.19,4.21,12.09,0.25
US-xSE,-76.56,38.8901,2008,10,17,16.29,10.63,7.63,3.21,8.23,0.58
US-xSE,-76.56,38.8901,2008,10,18,14.82,8.39,5.85,5.11,11.16,0
US-xSE,-76.56,38.8901,2008,10,19,14.81,5.85,1.97,5.05,16.5,0
US-xSE,-76.56,38.8901,2008,10,20,16.82,2.88,2.29,3.03,16.36,0
US-xSE,-76.56,38.8901,2008,10,21,17.72,5.74,4.65,6.55,14.05,0.03
US-xSE,-76.56,38.8901,2008,10,22,13.34,5.49,1.68,6.18,16.1,0
US-xSE,-76.56,38.8901,2008,10,23,14.31,3.18,3.17,3.55,14.1,0
US-xSE,-76.56,38.8901,2008,10,24,14.68,4.71,7.04,3.95,8.03,0.09
US-xSE,-76.56,38.8901,2008,10,25,19.47,10.49,14.28,7.46,5.74,20.85
US-xSE,-76.56,38.8901,2008,10,26,17.37,6.31,7.52,3.41,15.17,0
US-xSE,-76.56,38.8901,2008,10,27,12.97,4.87,5.29,5.8,5.43,10.32
US-xSE,-76.56,38.8901,2008,10,28,9.45,5.23,3.18,10.91,8.37,3.66
US-xSE,-76.56,38.8901,2008,10,29,10.02,4.28,0.29,7.29,7.93,0.03
US-xSE,-76.56,38.8901,2008,10,30,11.55,1.67,-0.44,4.19,14.89,0
US-xSE,-76.56,38.8901,2008,10,31,17.38,3.36,2.48,3.45,12.75,0
US-xSE,-76.56,38.8901,2008,11,1,21.24,5.59,8.18,3.12,13.32,0
US-xSE,-76.56,38.8901,2008,11,2,13.9,7.5,5.95,4.74,8.11,0
US-xSE,-76.56,38.8901,2008,11,3,16.37,7.08,9.75,2.42,7.06,0.06
US-xSE,-76.56,38.8901,2008,11,4,15.41,10.57,12.55,3.58,3.39,5.16
US-xSE,-76.56,38.8901,2008,11,5,17.23,11.72,12.29,6.92,5.1,5.12
US-xSE,-76.56,38.8901,2008,11,6,18.98,13.86,13.97,6.89,4.44,1.72
US-xSE,-76.56,38.8901,2008,11,7,19.58,12.26,13.79,2.39,9.46,0.05
US-xSE,-76.56,38.8901,2008,11,8,16.46,10.46,12.35,3.21,6.12,2.5
US-xSE,-76.56,38.8901,2008,11,9,14.78,5.69,4.24,3.65,12.47,0
US-xSE,-76.56,38.8901,2008,11,10,10.34,1.95,-0.05,4.82,12.9,0
US-xSE,-76.56,38.8901,2008,11,11,9.65,0.36,-1.4,3.05,12.02,0
US-xSE,-76.56,38.8901,2008,11,12,11.05,4.59,2.27,1.9,5.67,0.1
US-xSE,-76.56,38.8901,2008,11,13,14.18,5.9,9.73,3.27,2.31,20.31
US-xSE,-76.56,38.8901,2008,11,14,14.25,9.55,11.3,2.09,3.98,4.31
US-xSE,-76.56,38.8901,2008,11,15,21.58,11.05,15.68,6.56,6.98,21.84
US-xSE,-76.56,38.8901,2008,11,16,9.37,3.02,0.8,7.66,7.83,0.02
US-xSE,-76.56,38.8901,2008,11,17,8.51,0.74,0.1,3.72,9.95,0.12
US-xSE,-76.56,38.8901,2008,11,18,3.58,-0.67,-3.1,6.73,7.95,0.01
US-xSE,-76.56,38.8901,2008,11,19,3.06,-2.18,-5.69,5.39,11.71,0
US-xSE,-76.56,38.8901,2008,11,20,6.8,-1.16,-2.46,4.99,9.48,0.01
US-xSE,-76.56,38.8901,2008,11,21,3.02,-3.03,-2.9,5.91,6.02,0.16
US-xSE,-76.56,38.8901,2008,11,22,1.62,-3.08,-6.33,6.17,9.48,0
US-xSE,-76.56,38.8901,2008,11,23,4.91,-2.89,-5.74,3.39,11.48,0
US-xSE,-76.56,38.8901,2008,11,24,8.85,-1.55,0.71,5.36,9.01,3.81
US-xSE,-76.56,38.8901,2008,11,25,8.1,2.16,1.32,5.37,9.98,3.65
US-xSE,-76.56,38.8901,2008,11,26,7.18,0.01,-1.19,4.6,8.19,0
US-xSE,-76.56,38.8901,2008,11,27,8.65,-1.24,-1.22,3.03,10.9,0
US-xSE,-76.56,38.8901,2008,11,28,9.23,0.38,1.55,3.7,3.49,0
US-xSE,-76.56,38.8901,2008,11,29,7.38,-1.97,-1.72,2.32,10.59,0
US-xSE,-76.56,38.8901,2008,11,30,10.56,1.71,4.88,4.62,1.4,19.12
US-xSE,-76.56,38.8901,2008,12,1,10.26,3.46,4.39,6.66,8.62,0.72
US-xSE,-76.56,38.8901,2008,12,2,6.22,-0.22,-0.77,3.44,7.3,0
US-xSE,-76.56,38.8901,2008,12,3,7.02,-2.14,-2.5,3.29,10.75,0
US-xSE,-76.56,38.8901,2008,12,4,10.35,2.05,2.98,4.59,8.03,0.71
US-xSE,-76.56,38.8901,2008,12,5,4.32,-3.59,-3.51,4.18,9.69,0.02
US-xSE,-76.56,38.8901,2008,12,6,2.31,-4.22,-4.06,2.73,5.64,0.55
US-xSE,-76.56,38.8901,2008,12,7,0.57,-4.28,-6.41,8.09,8.87,0.03
US-xSE,-76.56,38.8901,2008,12,8,-0.12,-4.68,-8.22,3.03,7.17,0
US-xSE,-76.56,38.8901,2008,12,9,9.96,-0.83,3.53,5.31,6.42,0.09
US-xSE,-76.56,38.8901,2008,12,10,15.9,7.88,12.13,6.27,3.31,1.93
US-xSE,-76.56,38.8901,2008,12,11,6.85,4.54,4.65,4.09,1.71,52.1
US-xSE,-76.56,38.8901,2008,12,12,10.15,-1.11,1.01,7.15,7.62,5.89
US-xSE,-76.56,38.8901,2008,12,13,2.17,-2.99,-5.69,3.67,9.81,0
US-xSE,-76.56,38.8901,2008,12,14,8.18,-2.34,0.75,5.01,9.3,0.02
US-xSE,-76.56,38.8901,2008,12,15,16.62,7.31,10.74,6.25,7.59,0.81
US-xSE,-76.56,38.8901,2008,12,16,10.46,1.19,1.64,4.93,2.72,11.78
US-xSE,-76.56,38.8901,2008,12,17,6.58,1.57,3.08,3.16,3.69,3.87
US-xSE,-76.56,38.8901,2008,12,18,5.94,-0.71,0.73,2.03,4.2,0.21
US-xSE,-76.56,38.8901,2008,12,19,9.02,3.24,4.52,4.12,1.27,13.32
US-xSE,-76.56,38.8901,2008,12,20,4.38,-1.89,-1.21,4.62,3.21,0.05
US-xSE,-76.56,38.8901,2008,12,21,4.65,-3.73,-3.29,5.94,7.02,8.16
US-xSE,-76.56,38.8901,2008,12,22,-3.35,-8.13,-11.73,9.46,10.47,0
US-xSE,-76.56,38.8901,2008,12,23,-0.71,-7.48,-8.03,3.66,9.15,0.06
US-xSE,-76.56,38.8901,2008,12,24,9.57,-0.63,4.12,5.72,3.07,1.23
US-xSE,-76.56,38.8901,2008,12,25,9.93,-2.01,0.25,4.86,9.91,0.16
US-xSE,-76.56,38.8901,2008,12,26,4.58,-2.5,-0.95,2.74,4.89,0.61
US-xSE,-76.56,38.8901,2008,12,27,11.57,2.73,6.68,4.19,6.65,0.18
US-xSE,-76.56,38.8901,2008,12,28,16.59,4.05,9.47,6.5,4.89,0.06
US-xSE,-76.56,38.8901,2008,12,29,8.13,2.03,0.04,4.56,9.38,0
US-xSE,-76.56,38.8901,2008,12,30,7.89,1.14,-1.71,5.89,9.92,0
US-xSE,-76.56,38.8901,2008,12,31,5.95,-3.81,-3.83,10.81,8.39,0.01
US-xSE,-76.56,38.8901,2009,1,1,-0.01,-4.29,-9.05,5.5,10.49,0
US-xSE,-76.56,38.8901,2009,1,2,3.1,-2.14,-2.25,5.66,5.45,0.59
US-xSE,-76.56,38.8901,2009,1,3,4.35,-2.03,-3.93,3.95,10.33,0
US-xSE,-76.56,38.8901,2009,1,4,4.92,-2.47,-2.82,2.25,7.57,0
US-xSE,-76.56,38.8901,2009,1,5,5.71,1.31,1.81,3.3,3.77,0.26
US-xSE,-76.56,38.8901,2009,1,6,1.53,0.23,-0.43,3.59,1.69,12.92
US-xSE,-76.56,38.8901,2009,1,7,5.35,1.41,2.43,3.52,2.01,24.87
US-xSE,-76.56,38.8901,2009,1,8,4.83,-2.25,-2.75,7.42,9.08,0
US-xSE,-76.56,38.8901,2009,1,9,1.64,-3.8,-5.8,5.26,10.73,0
US-xSE,-76.56,38.8901,2009,1,10,6.2,-2,-0.99,3.22,6.83,2.62
US-xSE,-76.56,38.8901,2009,1,11,3.94,-3.39,-1.56,5.19,7.36,1.5
US-xSE,-76.56,38.8901,2009,1,12,2.46,-3.73,-4.78,3.59,10.24,0
US-xSE,-76.56,38.8901,2009,1,13,3.47,-1.87,-0.62,3.87,3.32,0
US-xSE,-76.56,38.8901,2009,1,14,-0.54,-6.03,-9.39,5.63,10.82,0
US-xSE,-76.56,38.8901,2009,1,15,-1.94,-9.75,-8.82,6.97,11.21,0
US-xSE,-76.56,38.8901,2009,1,16,-7.58,-10.94,-14.48,5.99,12.23,0
US-xSE,-76.56,38.8901,2009,1,17,-5.2,-13.35,-13.44,3.54,11.37,0
US-xSE,-76.56,38.8901,2009,1,18,2.61,-4.76,-3.89,4.35,3.16,0.06
US-xSE,-76.56,38.8901,2009,1,19,1.4,-3.85,-2.73,2.48,5.61,0.54
US-xSE,-76.56,38.8901,2009,1,20,-1.16,-7.75,-7.95,5.78,10.28,0
US-xSE,-76.56,38.8901,2009,1,21,-1.56,-7.54,-8.98,4.93,12.36,0
US-xSE,-76.56,38.8901,2009,1,22,4.2,-7.08,-5.53,3.7,11.64,0
US-xSE,-76.56,38.8901,2009,1,23,7.12,-2.65,0.06,3.53,11.85,0
US-xSE,-76.56,38.8901,2009,1,24,4.26,-4.58,-3.55,6.27,7.15,0
US-xSE,-76.56,38.8901,2009,1,25,-0.52,-5.76,-8.47,2.22,12.32,0
US-xSE,-76.56,38.8901,2009,1,26,-0.56,-5.93,-6.64,2.07,5.4,0.01
US-xSE,-76.56,38.8901,2009,1,27,-1,-2.99,-4.36,2.63,3.07,6.7
US-xSE,-76.56,38.8901,2009,1,28,6.55,-2.49,0.59,6.79,1.6,11.71
US-xSE,-76.56,38.8901,2009,1,29,1.58,-5.32,-5.49,3.31,13.12,0
US-xSE,-76.56,38.8901,2009,1,30,3.25,-4.72,-4.1,3.98,10.94,0.01
US-xSE,-76.56,38.8901,2009,1,31,-1.21,-6.88,-8.81,4.76,13.71,0
US-xSE,-76.56,38.8901,2009,2,1,9.6,-4.43,-0.67,5.81,13.16,0
US-xSE,-76.56,38.8901,2009,2,2,9.57,-0.79,0.73,3.8,12.23,0.14
US-xSE,-76.56,38.8901,2009,2,3,3.1,-2.22,-1.58,5.41,4.84,1.54
US-xSE,-76.56,38.8901,2009,2,4,0.46,-3.83,-5.64,6.01,9.34,0.28
US-xSE,-76.56,38.8901,2009,2,5,-4.21,-8.42,-11.76,6.75,14.77,0
US-xSE,-76.56,38.8901,2009,2,6,3.14,-8.66,-7.6,2.65,13.63,0
US-xSE,-76.56,38.8901,2009,2,7,8.83,-3.62,1.01,4.29,13.75,0
US-xSE,-76.56,38.8901,2009,2,8,15.01,-0.01,3.96,5.57,12.31,0
US-xSE,-76.56,38.8901,2009,2,9,8.45,-2.32,-1.78,2.79,13.24,0
US-xSE,-76.56,38.8901,2009,2,10,11.38,0.06,5.31,3.85,8.75,0.02
US-xSE,-76.56,38.8901,2009,2,11,16.65,4.82,9.6,6.31,10.01,0.67
US-xSE,-76.56,38.8901,2009,2,12,13.14,3.62,2.65,10.74,15.62,0.2
US-xSE,-76.56,38.8901,2009,2,13,7.3,-0.86,-1.19,6.34,15.46,0
US-xSE,-76.56,38.8901,2009,2,14,7.39,-1.99,-1.09,2.28,10.64,0.17
US-xSE,-76.56,38.8901,2009,2,15,5.11,-2.63,-3.19,4.29,15.78,0
US-xSE,-76.56,38.8901,2009,2,16,3.25,-2.45,-4.51,4.86,12.72,0
US-xSE,-76.56,38.8901,2009,2,17,4.4,-3.76,-5.39,3.35,16.24,0
US-xSE,-76.56,38.8901,2009,2,18,5.63,-0.8,1.14,6.31,2.54,4.25
US-xSE,-76.56,38.8901,2009,2,19,8.73,-3.09,-1.24,8.01,10.83,0.02
US-xSE,-76.56,38.8901,2009,2,20,1.64,-4.58,-8.75,8.4,17.18,0
US-xSE,-76.56,38.8901,2009,2,21,4.8,-3.48,-5.11,4.49,16.63,0
US-xSE,-76.56,38.8901,2009,2,22,3.82,-1.48,-2.06,7.2,6.54,0.95
US-xSE,-76.56,38.8901,2009,2,23,1.35,-3.56,-7.51,9.19,16.92,0
US-xSE,-76.56,38.8901,2009,2,24,2.47,-5.16,-7.91,5.55,18.2,0
US-xSE,-76.56,38.8901,2009,2,25,6.24,-3.62,-4.56,3.01,17.12,0
US-xSE,-76.56,38.8901,2009,2,26,10.98,-0.68,1.69,3.94,12.01,0
US-xSE,-76.56,38.8901,2009,2,27,15.37,3.86,7.9,7.66,9.44,1.08
US-xSE,-76.56,38.8901,2009,2,28,7.83,0.51,-0.92,5.63,5.08,2.22
US-xSE,-76.56,38.8901,2009,3,1,3.73,-0.52,-0.86,6.37,3.38,8.25
US-xSE,-76.56,38.8901,2009,3,2,-1.89,-7.09,-8.19,10.02,8.96,4.81
US-xSE,-76.56,38.8901,2009,3,3,-2.26,-8.62,-11.01,6.47,16.62,0
US-xSE,-76.56,38.8901,2009,3,4,1.27,-8.28,-8.3,3.41,17.38,0
US-xSE,-76.56,38.8901,2009,3,5,6.92,-4.4,-1.61,3.85,16.5,0
US-xSE,-76.56,38.8901,2009,3,6,15.02,1.93,5.44,5.48,12.76,0
US-xSE,-76.56,38.8901,2009,3,7,20.72,6.6,10.25,4.12,12.03,0
US-xSE,-76.56,38.8901,2009,3,8,19.59,11.44,12.65,4,10.59,0.01
US-xSE,-76.56,38.8901,2009,3,9,14.37,4.85,6.97,6.68,19.88,0
US-xSE,-76.56,38.8901,2009,3,10,8.15,1.52,3.27,4.2,7.06,0
US-xSE,-76.56,38.8901,2009,3,11,19.66,4.4,7.05,6.05,14.5,0
US-xSE,-76.56,38.8901,2009,3,12,7.4,0.97,-2.34,4.55,16.84,0.1
US-xSE,-76.56,38.8901,2009,3,13,6.34,1.37,0.11,3.21,4.95,0.84
US-xSE,-76.56,38.8901,2009,3,14,8.01,1.29,1.24,2.03,8.14,1.91
US-xSE,-76.56,38.8901,2009,3,15,6.81,3.29,3.56,1.32,5.23,2.86
US-xSE,-76.56,38.8901,2009,3,16,9.99,1.99,4.95,2.67,4.91,3.15
US-xSE,-76.56,38.8901,2009,3,17,10.25,3.54,4.62,3.13,7.29,0.79
US-xSE,-76.56,38.8901,2009,3,18,14.77,2.76,5.9,5.15,19.39,0.01
US-xSE,-76.56,38.8901,2009,3,19,13.48,5.3,6.23,4.09,7.57,1.46
US-xSE,-76.56,38.8901,2009,3,20,8.41,0.01,-0.12,4.94,18.57,0.21
US-xSE,-76.56,38.8901,2009,3,21,8.63,-3.09,-2.89,2.65,19.89,0
US-xSE,-76.56,38.8901,2009,3,22,13.46,-0.99,1.95,3.27,21.41,0
US-xSE,-76.56,38.8901,2009,3,23,8.72,-1.11,-4.68,5.9,23.79,0
US-xSE,-76.56,38.8901,2009,3,24,8.55,-3.99,-6.37,3.46,23.56,0
US-xSE,-76.56,38.8901,2009,3,25,10.98,0.38,-0.74,3.81,14.1,0.15
US-xSE,-76.56,38.8901,2009,3,26,11.78,5.32,7.71,4.38,5.52,7.94
US-xSE,-76.56,38.8901,2009,3,27,15.02,6.01,7.36,3.09,14.61,9.83
US-xSE,-76.56,38.8901,2009,3,28,14.21,7.24,9.12,4.31,6.67,9.83
US-xSE,-76.56,38.8901,2009,3,29,21.64,7.15,11.08,6.15,17.65,2.72
US-xSE,-76.56,38.8901,2009,3,30,12.34,4.26,1.65,8.21,20.87,0
US-xSE,-76.56,38.8901,2009,3,31,13.55,0.66,3.22,3.67,23.47,0
US-xSE,-76.56,38.8901,2009,4,1,14.4,5.49,8.61,5.52,6.19,3.38
US-xSE,-76.56,38.8901,2009,4,2,15.84,8.91,10.8,3.65,8.13,2.71
US-xSE,-76.56,38.8901,2009,4,3,20.85,10.03,10.85,8.16,14.77,21.38
US-xSE,-76.56,38.8901,2009,4,4,15.79,6.98,3.17,9.17,23.57,0
US-xSE,-76.56,38.8901,2009,4,5,17.47,4.43,4.67,4.53,24.14,0.01
US-xSE,-76.56,38.8901,2009,4,6,16.57,5.59,8.92,6.03,11.29,9.81
US-xSE,-76.56,38.8901,2009,4,7,8.51,2.39,-1.23,7.57,14.07,0.02
US-xSE,-76.56,38.8901,2009,4,8,12.26,2.06,0.55,5.85,20.07,0.05
US-xSE,-76.56,38.8901,2009,4,9,15.68,3.58,2.6,2.88,24.3,0
US-xSE,-76.56,38.8901,2009,4,10,20.48,6.57,10.34,4.22,17.84,0.02
US-xSE,-76.56,38.8901,2009,4,11,11.78,5.12,7.51,6.35,5.89,17.05
US-xSE,-76.56,38.8901,2009,4,12,11.51,1.57,-1.02,6.11,27.2,0
US-xSE,-76.56,38.8901,2009,4,13,10.83,0.37,-0.62,2.83,16.66,3.35
US-xSE,-76.56,38.8901,2009,4,14,10.33,6.14,7.22,5.88,5.16,15.75
US-xSE,-76.56,38.8901,2009,4,15,8.76,4.41,5.81,6.43,3.98,20.32
US-xSE,-76.56,38.8901,2009,4,16,15.56,3.33,3.82,3.85,26.59,0
US-xSE,-76.56,38.8901,2009,4,17,18.85,3.93,6.12,3.01,21.93,0
US-xSE,-76.56,38.8901,2009,4,18,21.84,5.81,7.45,3.74,25.98,0
US-xSE,-76.56,38.8901,2009,4,19,16.5,8.4,8.72,5,12.4,0.11
US-xSE,-76.56,38.8901,2009,4,20,15.85,8.57,11.26,7.05,4.86,23.16
US-xSE,-76.56,38.8901,2009,4,21,18.92,8.13,9.96,3.61,24.27,4.17
US-xSE,-76.56,38.8901,2009,4,22,12.7,7.14,6.29,3.36,13.92,5.59
US-xSE,-76.56,38.8901,2009,4,23,15.44,6.41,4.9,5.55,25.66,0.16
US-xSE,-76.56,38.8901,2009,4,24,20.09,6,8.8,4.14,26.35,0
US-xSE,-76.56,38.8901,2009,4,25,28.52,12.54,16.02,2.9,23.23,0.22
US-xSE,-76.56,38.8901,2009,4,26,30.58,17.17,16.95,3.32,25.96,0.03
US-xSE,-76.56,38.8901,2009,4,27,28.6,16.32,16.56,4.94,27.17,0
US-xSE,-76.56,38.8901,2009,4,28,26.46,16.33,15.49,5.24,25.71,0
US-xSE,-76.56,38.8901,2009,4,29,17.39,9.17,10.31,5.41,9.57,2.36
US-xSE,-76.56,38.8901,2009,4,30,15.96,8.92,10.59,3.53,15.15,0.44
US-xSE,-76.56,38.8901,2009,5,1,23.22,13.34,16.55,5.91,11.64,2.76
US-xSE,-76.56,38.8901,2009,5,2,19.78,14.89,14.28,2.96,14.13,0.37
US-xSE,-76.56,38.8901,2009,5,3,16.14,12.08,13.09,3.13,5.06,14.98
US-xSE,-76.56,38.8901,2009,5,4,16.94,10.83,11.84,5.22,5.68,21.62
US-xSE,-76.56,38.8901,2009,5,5,17.15,10.61,11.47,2.19,8.44,11.15
US-xSE,-76.56,38.8901,2009,5,6,19.13,11.21,13.68,2.91,10.25,14.62
US-xSE,-76.56,38.8901,2009,5,7,21.8,16.68,17.05,4.06,16.38,14.42
US-xSE,-76.56,38.8901,2009,5,8,23.6,13.2,15.72,3.42,23.23,0.56
US-xSE,-76.56,38.8901,2009,5,9,26.48,17.41,18.4,5.26,24.14,0.51
US-xSE,-76.56,38.8901,2009,5,10,20.89,11.78,10.2,6.36,28.08,0
US-xSE,-76.56,38.8901,2009,5,11,16.79,10.17,9.53,2.59,9.02,2.03
US-xSE,-76.56,38.8901,2009,5,12,18.78,9.54,8.89,3.13,26.93,0.11
US-xSE,-76.56,38.8901,2009,5,13,20.27,10.68,8.93,3.51,27.45,0.01
US-xSE,-76.56,38.8901,2009,5,14,21.43,12.57,15.82,7.49,16.65,3.82
US-xSE,-76.56,38.8901,2009,5,15,25.42,17.43,17.99,2.15,19.25,4.19
US-xSE,-76.56,38.8901,2009,5,16,24.95,18.11,19.47,4.98,16.78,3.44
US-xSE,-76.56,38.8901,2009,5,17,20.21,11.6,11.32,5.73,8.67,5.89
US-xSE,-76.56,38.8901,2009,5,18,15.89,8.96,5.16,4.61,27.39,0.44
US-xSE,-76.56,38.8901,2009,5,19,19.09,7.67,6.26,2.29,29.8,0
US-xSE,-76.56,38.8901,2009,5,20,22.54,8.34,9.8,2.89,30.61,0
US-xSE,-76.56,38.8901,2009,5,21,23.74,9.72,12.68,3.53,30.35,0
US-xSE,-76.56,38.8901,2009,5,22,25.33,13.51,16.74,3.75,27.05,0
US-xSE,-76.56,38.8901,2009,5,23,26.42,15.94,18.41,4.56,25.35,0.01
US-xSE,-76.56,38.8901,2009,5,24,24.87,18.71,19.41,4.25,16.29,0.43
US-xSE,-76.56,38.8901,2009,5,25,24.99,18.54,19.97,1.96,15.92,13.56
US-xSE,-76.56,38.8901,2009,5,26,19.46,13.21,14.18,6.86,7.55,10.35
US-xSE,-76.56,38.8901,2009,5,27,24.32,13.25,16.14,2.73,17.8,0.49
US-xSE,-76.56,38.8901,2009,5,28,26.08,16.45,18.26,2.78,18.87,4.23
US-xSE,-76.56,38.8901,2009,5,29,26.07,17.28,19.12,2.75,20.8,15.27
US-xSE,-76.56,38.8901,2009,5,30,24.36,14.25,14.65,3.73,27.18,0.38
US-xSE,-76.56,38.8901,2009,5,31,25.2,13.71,15.4,3.11,27.76,4
US-xSE,-76.56,38.8901,2009,6,1,22.42,10.51,11.24,3.68,29.27,0
US-xSE,-76.56,38.8901,2009,6,2,28.08,16.86,19.67,3.08,26.84,6.91
US-xSE,-76.56,38.8901,2009,6,3,26.76,18.13,19.69,2.37,23.34,17.02
US-xSE,-76.56,38.8901,2009,6,4,20.28,14.95,15.27,4.03,5.62,12.88
US-xSE,-76.56,38.8901,2009,6,5,19.29,15.07,15.56,5.21,6.64,24.59
US-xSE,-76.56,38.8901,2009,6,6,22.77,14.37,15.87,2.33,16.73,0.01
US-xSE,-76.56,38.8901,2009,6,7,25.35,14.95,17.58,3.15,27.15,0
US-xSE,-76.56,38.8901,2009,6,8,28.04,17.99,19.89,2.61,26.56,0.66
US-xSE,-76.56,38.8901,2009,6,9,26.3,19.48,20.69,2.51,17.55,17.88
US-xSE,-76.56,38.8901,2009,6,10,27.46,17.78,19.63,1.98,20.63,4.23
US-xSE,-76.56,38.8901,2009,6,11,26.45,18.93,20.57,4.07,15.53,3.55
US-xSE,-76.56,38.8901,2009,6,12,27.78,21.01,20.81,3.03,23.39,1.3
US-xSE,-76.56,38.8901,2009,6,13,27.49,18.97,20.01,2.53,20.91,8.48
US-xSE,-76.56,38.8901,2009,6,14,25.13,18.52,16.92,3.03,27.08,0.49
US-xSE,-76.56,38.8901,2009,6,15,25.48,17.31,18.02,2.39,23.77,4.64
US-xSE,-76.56,38.8901,2009,6,16,23.36,15.84,16.9,4.83,16.69,0.62
US-xSE,-76.56,38.8901,2009,6,17,20.48,15.24,15.71,5.45,9.28,6.11
US-xSE,-76.56,38.8901,2009,6,18,26.93,18.42,20.52,4.91,11.78,17.45
US-xSE,-76.56,38.8901,2009,6,19,25.18,17.08,17.87,2.95,24.72,0.13
US-xSE,-76.56,38.8901,2009,6,20,28.82,19.53,20.9,4.1,14.75,12.19
US-xSE,-76.56,38.8901,2009,6,21,25.12,20.08,18.71,6.38,19.58,0.22
US-xSE,-76.56,38.8901,2009,6,22,26.88,18.99,19.02,4.24,24.84,1.17
US-xSE,-76.56,38.8901,2009,6,23,26.25,19.27,18.99,2.45,23.96,0.03
US-xSE,-76.56,38.8901,2009,6,24,27.4,18.86,19.4,3.4,26.12,0.2
US-xSE,-76.56,38.8901,2009,6,25,28.97,19.31,20.09,2.39,25.69,0
US-xSE,-76.56,38.8901,2009,6,26,28.15,20.83,21.42,2.59,21.29,2.49
US-xSE,-76.56,38.8901,2009,6,27,26.89,20.26,19.17,3.96,27.05,0.17
US-xSE,-76.56,38.8901,2009,6,28,26.48,18.46,18.15,3.37,11.15,0.03
US-xSE,-76.56,38.8901,2009,6,29,27.09,18.66,17.68,4.02,28.08,0
US-xSE,-76.56,38.8901,2009,6,30,28.5,18.58,18.82,3.14,24.8,5.22
US-xSE,-76.56,38.8901,2009,7,1,27.6,20.43,19.86,1.59,26.67,9.63
US-xSE,-76.56,38.8901,2009,7,2,26,19.16,18.89,3.93,25.15,1.23
US-xSE,-76.56,38.8901,2009,7,3,25.21,17.01,17.12,4.64,26.03,0.21
US-xSE,-76.56,38.8901,2009,7,4,26.39,17.82,17.23,4.69,26.08,0
US-xSE,-76.56,38.8901,2009,7,5,23.93,16.89,15.72,2.51,10.28,0.14
US-xSE,-76.56,38.8901,2009,7,6,27.64,16.94,16.27,2.5,29.15,0.01
US-xSE,-76.56,38.8901,2009,7,7,29.18,17.97,17.77,3.41,25.49,0.12
US-xSE,-76.56,38.8901,2009,7,8,25.54,17.81,14.37,3.68,28.82,0.01
US-xSE,-76.56,38.8901,2009,7,9,26.07,16.64,15.6,3.25,24.8,0.03
US-xSE,-76.56,38.8901,2009,7,10,26.48,15.88,15.79,2.7,28.01,0
US-xSE,-76.56,38.8901,2009,7,11,28.14,18.1,18.06,4.67,19.94,0.27
US-xSE,-76.56,38.8901,2009,7,12,29.95,21.3,18.76,3.77,23.96,0.05
US-xSE,-76.56,38.8901,2009,7,13,29,18.51,15.22,1.98,21.99,0
US-xSE,-76.56,38.8901,2009,7,14,27.87,16.88,11.28,3.24,28.21,0
US-xSE,-76.56,38.8901,2009,7,15,29.95,18.23,15.53,3.54,26.84,0.09
US-xSE,-76.56,38.8901,2009,7,16,31.93,22.75,19.93,3.79,24.23,0.24
US-xSE,-76.56,38.8901,2009,7,17,30.26,22.41,20.26,2.22,11.13,1.97
US-xSE,-76.56,38.8901,2009,7,18,28.61,20.69,15.65,4.55,25.75,0
US-xSE,-76.56,38.8901,2009,7,19,28.47,17.54,14.22,2.19,25.69,0.33
US-xSE,-76.56,38.8901,2009,7,20,27.61,18.93,16.93,3.48,14.21,0.06
US-xSE,-76.56,38.8901,2009,7,21,27.93,20.24,17.5,3.21,21.25,0.4
US-xSE,-76.56,38.8901,2009,7,22,31.25,20.33,19.1,3.02,22.51,1.2
US-xSE,-76.56,38.8901,2009,7,23,26.52,21.19,21.12,3.7,17.99,11.84
US-xSE,-76.56,38.8901,2009,7,24,29.42,19.88,18.72,1.93,24.74,3.67
US-xSE,-76.56,38.8901,2009,7,25,31.87,20.62,19.42,3.59,25.7,3.17
US-xSE,-76.56,38.8901,2009,7,26,31.57,22.73,21.23,3.88,21.14,4.75
US-xSE,-76.56,38.8901,2009,7,27,29.84,21.37,20.97,2.67,17.26,3.97
US-xSE,-76.56,38.8901,2009,7,28,30.99,22.16,22.13,2.73,25.41,2.86
US-xSE,-76.56,38.8901,2009,7,29,28.53,23.85,23.42,4.19,14.67,14.97
US-xSE,-76.56,38.8901,2009,7,30,30.31,22.72,20.93,3.43,21.96,1.92
US-xSE,-76.56,38.8901,2009,7,31,30.56,22.5,23.05,4.12,18.31,13.89
US-xSE,-76.56,38.8901,2009,8,1,29.98,21.35,21.15,2.45,25.21,1.83
US-xSE,-76.56,38.8901,2009,8,2,26.38,22.86,23.19,2.95,10.7,23.02
US-xSE,-76.56,38.8901,2009,8,3,29.21,21.31,19.96,2.15,25.19,0.02
US-xSE,-76.56,38.8901,2009,8,4,31,21.93,21.16,3.22,23.31,0.45
US-xSE,-76.56,38.8901,2009,8,5,29.91,22.07,21,3.23,20.43,3.8
US-xSE,-76.56,38.8901,2009,8,6,24.19,19.51,19.65,3.49,9.85,6.7
US-xSE,-76.56,38.8901,2009,8,7,27.5,17.98,14.88,3.36,25.78,0
US-xSE,-76.56,38.8901,2009,8,8,28.79,19.37,18.11,2.17,19.69,0.97
US-xSE,-76.56,38.8901,2009,8,9,32.41,22.87,22.08,3.07,22.98,2.28
US-xSE,-76.56,38.8901,2009,8,10,33.35,23.25,22.16,3.98,24.03,6.39
US-xSE,-76.56,38.8901,2009,8,11,30.8,23.91,22.49,2.73,23.72,1.7
US-xSE,-76.56,38.8901,2009,8,12,28.78,22.36,22.63,2.27,13.52,9.51
US-xSE,-76.56,38.8901,2009,8,13,29.01,21.35,20.58,2.64,18.05,1.22
US-xSE,-76.56,38.8901,2009,8,14,29.48,21.24,20.37,2.33,21.45,0.07
US-xSE,-76.56,38.8901,2009,8,15,30.92,21.41,19.7,1.92,24.39,0.05
US-xSE,-76.56,38.8901,2009,8,16,32.32,20.59,19.3,1.88,24.65,0
US-xSE,-76.56,38.8901,2009,8,17,31.28,21.97,19.12,2.52,20.88,0
US-xSE,-76.56,38.8901,2009,8,18,32.31,22.26,21.97,2.74,23.25,7.99
US-xSE,-76.56,38.8901,2009,8,19,30.95,23.33,22.51,2.42,16.34,3.89
US-xSE,-76.56,38.8901,2009,8,20,32.6,23.71,23.19,3.44,22.07,0.24
US-xSE,-76.56,38.8901,2009,8,21,32.29,25.42,23.93,4.42,19.59,21.43
US-xSE,-76.56,38.8901,2009,8,22,28.58,23.88,24.6,2.38,11.64,33.32
US-xSE,-76.56,38.8901,2009,8,23,28.77,21.99,21.42,2.54,20.59,5.4
US-xSE,-76.56,38.8901,2009,8,24,27.18,20.79,19.4,2.69,22.23,0.76
US-xSE,-76.56,38.8901,2009,8,25,28.96,19.37,18.88,2.12,23.64,0
US-xSE,-76.56,38.8901,2009,8,26,30.6,20.98,20.85,3.43,23.11,0
US-xSE,-76.56,38.8901,2009,8,27,29.38,20.8,20.61,2.91,21.5,5.63
US-xSE,-76.56,38.8901,2009,8,28,27.02,22.24,22.83,3.38,8.79,20.8
US-xSE,-76.56,38.8901,2009,8,29,28.36,22.34,22.3,2.06,17.88,12.08
US-xSE,-76.56,38.8901,2009,8,30,27.14,19.67,18.58,2.69,19.9,0.7
US-xSE,-76.56,38.8901,2009,8,31,22.9,17.14,14.78,3.53,12.51,0.3
US-xSE,-76.56,38.8901,2009,9,1,23.12,14.34,13.6,3.97,23.67,0
US-xSE,-76.56,38.8901,2009,9,2,24.09,14.03,14.05,3.43,19.04,0
US-xSE,-76.56,38.8901,2009,9,3,24.6,15.98,16.05,3.75,19.47,0
US-xSE,-76.56,38.8901,2009,9,4,27.2,17,14.27,2.83,19.43,0
US-xSE,-76.56,38.8901,2009,9,5,28.4,17.25,15.93,2.44,22.06,0
US-xSE,-76.56,38.8901,2009,9,6,26.97,16.47,17.66,3.92,19.36,1.32
US-xSE,-76.56,38.8901,2009,9,7,25.34,18.51,18.95,4.73,9.72,4.22
US-xSE,-76.56,38.8901,2009,9,8,23.03,17.83,17.23,4.58,4.59,1.53
US-xSE,-76.56,38.8901,2009,9,9,25.26,16.71,16.99,3.9,12.8,1.14
US-xSE,-76.56,38.8901,2009,9,10,20.62,15.48,15.11,6.93,9.1,13.56
US-xSE,-76.56,38.8901,2009,9,11,18.11,14.9,14.87,7.48,7.43,40.22
US-xSE,-76.56,38.8901,2009,9,12,21.13,15.35,16.25,4.24,10.64,1.53
US-xSE,-76.56,38.8901,2009,9,13,24.96,16.38,16.49,3.96,18.56,0.1
US-xSE,-76.56,38.8901,2009,9,14,25.6,15.05,17.01,3.01,21.27,0
US-xSE,-76.56,38.8901,2009,9,15,26.62,16.96,18.09,2.63,19.52,0.11
US-xSE,-76.56,38.8901,2009,9,16,22.62,17,18.15,4.21,11.42,3.28
US-xSE,-76.56,38.8901,2009,9,17,21.05,15.16,15.3,4.23,7.53,0.42
US-xSE,-76.56,38.8901,2009,9,18,24.21,15.01,16.74,2.93,13.12,0.06
US-xSE,-76.56,38.8901,2009,9,19,21.17,12.53,11.24,3.37,21.07,0
US-xSE,-76.56,38.8901,2009,9,20,22.51,11.59,11.64,2.47,20.69,0
US-xSE,-76.56,38.8901,2009,9,21,24.92,13.13,16.35,3.16,18.79,0
US-xSE,-76.56,38.8901,2009,9,22,24.95,18.12,19.42,3.06,12.55,0.14
US-xSE,-76.56,38.8901,2009,9,23,28.18,19.16,21.02,2.95,17.21,1.37
US-xSE,-76.56,38.8901,2009,9,24,27.93,20.93,20.17,2.84,14.4,0.51
US-xSE,-76.56,38.8901,2009,9,25,22.04,15.54,14.49,3.99,8.48,1.07
US-xSE,-76.56,38.8901,2009,9,26,19.87,14.35,12.6,4.55,8.32,15.77
US-xSE,-76.56,38.8901,2009,9,27,24.01,16.02,17.25,4.69,14.64,22.34
US-xSE,-76.56,38.8901,2009,9,28,23.83,13.9,14.51,5.46,17.49,6.3
US-xSE,-76.56,38.8901,2009,9,29,20.39,12.54,10.15,5.87,19.04,0
US-xSE,-76.56,38.8901,2009,9,30,18.45,11.36,10.96,4.78,13.04,0.64
US-xSE,-76.56,38.8901,2009,10,1,17.32,8.45,7.5,3.47,17.1,0.09
US-xSE,-76.56,38.8901,2009,10,2,21.72,9.6,13.35,5.22,10.15,0.43
US-xSE,-76.56,38.8901,2009,10,3,23.98,15.5,16.67,2.93,15.27,1.88
US-xSE,-76.56,38.8901,2009,10,4,21.43,12.08,10.68,3.91,18.72,0.04
US-xSE,-76.56,38.8901,2009,10,5,19.59,10.42,8.15,3.47,18.08,0
US-xSE,-76.56,38.8901,2009,10,6,20.59,9.09,11.22,3.24,14.28,0.08
US-xSE,-76.56,38.8901,2009,10,7,21.08,12.1,11.04,8.36,18.03,0.42
US-xSE,-76.56,38.8901,2009,10,8,19.55,9.8,8.76,3.65,17.42,0.04
US-xSE,-76.56,38.8901,2009,10,9,26.82,14.9,15.91,5.95,16.63,0.57
US-xSE,-76.56,38.8901,2009,10,10,22.15,11.4,13.5,4.76,5.89,0.77
US-xSE,-76.56,38.8901,2009,10,11,19.07,8.64,7.61,2.34,17.29,0
US-xSE,-76.56,38.8901,2009,10,12,14.83,8.34,7.59,3.71,5.46,0.02
US-xSE,-76.56,38.8901,2009,10,13,20.54,10.12,9.83,4.71,14.49,0
US-xSE,-76.56,38.8901,2009,10,14,11.59,6.81,3.86,2.66,5.84,0.99
US-xSE,-76.56,38.8901,2009,10,15,10.21,6.4,7.14,6.45,2.98,17.79
US-xSE,-76.56,38.8901,2009,10,16,7.5,5.04,5.26,5.87,2.97,9.45
US-xSE,-76.56,38.8901,2009,10,17,9.69,3.23,6.21,6.98,3.42,33.75
US-xSE,-76.56,38.8901,2009,10,18,10.8,2.35,4.42,7.35,3.75,10.97
US-xSE,-76.56,38.8901,2009,10,19,13.17,2.7,2.57,3.97,15.73,0
US-xSE,-76.56,38.8901,2009,10,20,18.31,3.93,6.78,3.05,15.8,0.01
US-xSE,-76.56,38.8901,2009,10,21,21.57,9.25,9.74,2.3,15.42,0
US-xSE,-76.56,38.8901,2009,10,22,21.06,10.23,11.58,3.36,12.83,0
US-xSE,-76.56,38.8901,2009,10,23,18.43,11.17,13.52,4.51,6.98,2.26
US-xSE,-76.56,38.8901,2009,10,24,21.41,13.45,17.44,7.36,5.12,19.8
US-xSE,-76.56,38.8901,2009,10,25,13.83,8.45,7.29,3.77,13.08,4.07
US-xSE,-76.56,38.8901,2009,10,26,16.35,6.12,8.32,3.6,10.93,0.1
US-xSE,-76.56,38.8901,2009,10,27,16.54,11.7,13.01,4.08,3.25,39.72
US-xSE,-76.56,38.8901,2009,10,28,20.11,12.87,14.13,4.08,11.2,21.69
US-xSE,-76.56,38.8901,2009,10,29,14.4,9.5,10.78,2.89,4.06,0.1
US-xSE,-76.56,38.8901,2009,10,30,16.03,10.38,11.01,3.43,7.45,0.21
US-xSE,-76.56,38.8901,2009,10,31,21.89,13.21,16.17,5.87,5.18,4.29
US-xSE,-76.56,38.8901,2009,11,1,13.27,9.88,8.92,4.12,2.85,11.78
US-xSE,-76.56,38.8901,2009,11,2,13.64,8.31,8.53,3.44,7.75,0.36
US-xSE,-76.56,38.8901,2009,11,3,16.63,6.44,7.3,3.79,13.09,0
US-xSE,-76.56,38.8901,2009,11,4,11.11,3.06,3.01,2.57,12.35,0
US-xSE,-76.56,38.8901,2009,11,5,12.93,4.24,5.3,3.54,12.48,0.23
US-xSE,-76.56,38.8901,2009,11,6,8.95,3.2,0.05,4.61,13.94,0
US-xSE,-76.56,38.8901,2009,11,7,13.12,1.9,3.25,4.32,12.69,0
US-xSE,-76.56,38.8901,2009,11,8,19.91,5.74,9.21,2.41,12.48,0
US-xSE,-76.56,38.8901,2009,11,9,16.88,8.22,11.12,2.47,10.66,0
US-xSE,-76.56,38.8901,2009,11,10,17.33,10.58,11.99,1.85,4.93,0.64
US-xSE,-76.56,38.8901,2009,11,11,12.33,8.37,8.23,8.05,2.7,21.94
US-xSE,-76.56,38.8901,2009,11,12,9.02,7.4,6.91,11.22,2.16,22.86
US-xSE,-76.56,38.8901,2009,11,13,11.43,9,8.9,10.97,3.47,11.45
US-xSE,-76.56,38.8901,2009,11,14,15.35,10.84,11.4,4.95,4.41,1.13
US-xSE,-76.56,38.8901,2009,11,15,19.46,9.48,11.79,3.52,11.54,0
US-xSE,-76.56,38.8901,2009,11,16,16.86,7.96,9.29,3.54,11.04,0
US-xSE,-76.56,38.8901,2009,11,17,12.97,5.28,4.96,4.08,9.83,0
US-xSE,-76.56,38.8901,2009,11,18,14.63,6.34,9.09,4.85,8.12,0.01
US-xSE,-76.56,38.8901,2009,11,19,17.31,8.72,12.45,4.78,3.96,4.6
US-xSE,-76.56,38.8901,2009,11,20,14.33,6.06,7.64,4.52,11.31,7.36
US-xSE,-76.56,38.8901,2009,11,21,12.74,5.24,5.36,3.33,7.26,0
US-xSE,-76.56,38.8901,2009,11,22,12.67,4.55,6.52,3.94,9.2,0
US-xSE,-76.56,38.8901,2009,11,23,10.65,6.89,8.19,6.28,1.77,9.12
US-xSE,-76.56,38.8901,2009,11,24,11.17,8.65,8.97,3.56,2.89,13.57
US-xSE,-76.56,38.8901,2009,11,25,12.62,8.74,10.24,2.5,3.43,2.74
US-xSE,-76.56,38.8901,2009,11,26,12.8,8.09,9.11,1.83,3.45,0.77
US-xSE,-76.56,38.8901,2009,11,27,8.69,3.75,2.29,9.29,7.61,0.74
US-xSE,-76.56,38.8901,2009,11,28,9.25,3.25,1.55,6.93,10.28,0
US-xSE,-76.56,38.8901,2009,11,29,14.79,2.21,6.43,3.8,10.54,0
US-xSE,-76.56,38.8901,2009,11,30,11.27,4.06,7.67,4.85,2.26,6.79
US-xSE,-76.56,38.8901,2009,12,1,10.9,0.35,2.13,4.44,10.71,0
US-xSE,-76.56,38.8901,2009,12,2,15.23,3.39,8.4,5.71,2.58,26.17
US-xSE,-76.56,38.8901,2009,12,3,17.4,5.4,9.74,7,9.35,4.93
US-xSE,-76.56,38.8901,2009,12,4,10.23,2.82,3.54,2.58,6.42,0.01
US-xSE,-76.56,38.8901,2009,12,5,5.52,0.78,2.17,6.35,2.06,17.01
US-xSE,-76.56,38.8901,2009,12,6,3.49,-2.39,-2.71,4.08,9.58,0
US-xSE,-76.56,38.8901,2009,12,7,6.2,-0.63,-1.09,3.09,8.54,0
US-xSE,-76.56,38.8901,2009,12,8,6.07,-0.95,-0.26,3.28,7.26,11.18
US-xSE,-76.56,38.8901,2009,12,9,10.69,3.11,6.77,7.23,7.76,36.81
US-xSE,-76.56,38.8901,2009,12,10,4.75,-3.01,-2.15,7.14,10.2,0
US-xSE,-76.56,38.8901,2009,12,11,1.64,-4.67,-7.22,7.04,10.24,0
US-xSE,-76.56,38.8901,2009,12,12,4.31,-2.17,-3.71,3.74,10.3,0
US-xSE,-76.56,38.8901,2009,12,13,10.59,0.68,3.95,5.02,1.75,19.72
US-xSE,-76.56,38.8901,2009,12,14,8.36,1.38,3.88,3.36,8.28,0
US-xSE,-76.56,38.8901,2009,12,15,11.54,3.29,5.32,4.43,4.79,0.04
US-xSE,-76.56,38.8901,2009,12,16,2.73,-2.59,-3.47,6.16,10.06,0
US-xSE,-76.56,38.8901,2009,12,17,1.42,-3.42,-5.33,5.15,10.22,0
US-xSE,-76.56,38.8901,2009,12,18,-0.03,-3.34,-4.51,3.06,5.12,2.8
US-xSE,-76.56,38.8901,2009,12,19,-1.23,-3.48,-3.76,9.08,2.24,30.46
US-xSE,-76.56,38.8901,2009,12,20,-0.21,-4.5,-4.49,6.72,8.98,0.05
US-xSE,-76.56,38.8901,2009,12,21,1.02,-6.79,-3.98,5.18,7.44,0
US-xSE,-76.56,38.8901,2009,12,22,1.09,-7.07,-4.06,4.38,7.8,0
US-xSE,-76.56,38.8901,2009,12,23,-0.03,-8.57,-6.73,4.32,9.1,0
US-xSE,-76.56,38.8901,2009,12,24,0.51,-9.58,-6.18,3.46,9.52,0
US-xSE,-76.56,38.8901,2009,12,25,6.47,-4.81,1.78,6.17,1.66,12.85
US-xSE,-76.56,38.8901,2009,12,26,12,3.7,8.52,7.31,3.89,16.68
US-xSE,-76.56,38.8901,2009,12,27,8.24,-0.8,1.25,3.83,9.96,0
US-xSE,-76.56,38.8901,2009,12,28,1.55,-1.79,-2.81,7.11,9.88,0
US-xSE,-76.56,38.8901,2009,12,29,-0.91,-4.49,-7.37,9.23,10.67,0
US-xSE,-76.56,38.8901,2009,12,30,-0.85,-5.43,-6.65,2.89,5.76,0
US-xSE,-76.56,38.8901,2009,12,31,1.8,-2.82,-0.8,1.71,3.13,10
US-xSE,-76.56,38.8901,2010,1,1,3.96,-2.32,-0.65,4.51,5.27,0.31
US-xSE,-76.56,38.8901,2010,1,2,-2.34,-7.83,-7.76,10.94,7.75,0
US-xSE,-76.56,38.8901,2010,1,3,-3.66,-9.47,-9.9,11.71,10.49,0
US-xSE,-76.56,38.8901,2010,1,4,-1.16,-5.29,-6.4,7.31,8.49,0
US-xSE,-76.56,38.8901,2010,1,5,-0.03,-4.55,-5.74,6.52,8.51,0
US-xSE,-76.56,38.8901,2010,1,6,1.26,-3.93,-4.3,7.68,6.91,0
US-xSE,-76.56,38.8901,2010,1,7,1.54,-5.36,-4.39,4.31,10.2,0.82
US-xSE,-76.56,38.8901,2010,1,8,-1.41,-6.34,-5.44,6.53,5.8,1.87
US-xSE,-76.56,38.8901,2010,1,9,-0.96,-7.18,-7.7,6.02,10.33,0
US-xSE,-76.56,38.8901,2010,1,10,-2.03,-10.02,-9.58,5.31,10.97,0
US-xSE,-76.56,38.8901,2010,1,11,-0.02,-9.23,-7.08,3.2,8.85,0.14
US-xSE,-76.56,38.8901,2010,1,12,0.32,-5.35,-5.29,5.06,9.32,0.05
US-xSE,-76.56,38.8901,2010,1,13,2.12,-6.22,-4.53,4.03,9.82,0
US-xSE,-76.56,38.8901,2010,1,14,5.73,-4.01,-2.78,2.65,10.76,0
US-xSE,-76.56,38.8901,2010,1,15,7.11,-1.36,0.48,3.45,9.46,0
US-xSE,-76.56,38.8901,2010,1,16,5.6,-0.31,1.62,2.71,7.22,0
US-xSE,-76.56,38.8901,2010,1,17,5.03,1.03,2.58,4.3,1.63,21.26
US-xSE,-76.56,38.8901,2010,1,18,9.69,1.65,2.74,4.94,10.8,0.07
US-xSE,-76.56,38.8901,2010,1,19,10.22,1.31,2.67,2.28,10.14,0.06
US-xSE,-76.56,38.8901,2010,1,20,5.14,-1.3,-1.46,3.62,5.4,0.43
US-xSE,-76.56,38.8901,2010,1,21,4.02,-2.41,-1.37,4.13,9.24,1.5
US-xSE,-76.56,38.8901,2010,1,22,4.17,-1.12,-0.53,4.84,5.02,1.4
US-xSE,-76.56,38.8901,2010,1,23,4.29,-2.01,-1.92,3.31,11.26,0
US-xSE,-76.56,38.8901,2010,1,24,8.5,0.19,4.46,4.56,3.44,3.84
US-xSE,-76.56,38.8901,2010,1,25,13.74,3.64,8.84,8.88,7.73,22.45
US-xSE,-76.56,38.8901,2010,1,26,5.8,-1.68,-0.2,4.69,9.04,0.29
US-xSE,-76.56,38.8901,2010,1,27,4.65,-2.27,-2.67,4.29,11.76,0
US-xSE,-76.56,38.8901,2010,1,28,8.46,-5.12,-2.31,6.42,9.79,0
US-xSE,-76.56,38.8901,2010,1,29,-4.14,-6.52,-10.64,6.31,9.54,0
US-xSE,-76.56,38.8901,2010,1,30,-5.94,-7.47,-9.78,5.04,1.89,6.09
US-xSE,-76.56,38.8901,2010,1,31,-1.74,-10.16,-9.36,4.69,12.04,0.3
US-xSE,-76.56,38.8901,2010,2,1,1.26,-7.18,-6.14,3.62,11.83,0
US-xSE,-76.56,38.8901,2010,2,2,2,-3.49,-2.05,2.96,5.36,4.41
US-xSE,-76.56,38.8901,2010,2,3,3.1,-2.55,-1.2,3.63,10.97,1.46
US-xSE,-76.56,38.8901,2010,2,4,1.96,-2.77,-3.51,3.34,13.01,0
US-xSE,-76.56,38.8901,2010,2,5,1.71,-0.87,-1.88,3.12,3.21,19.83
US-xSE,-76.56,38.8901,2010,2,6,-0.63,-9.05,-4.54,9.66,2.55,20.06
US-xSE,-76.56,38.8901,2010,2,7,-1.75,-14.48,-9.28,5.37,13.92,0
US-xSE,-76.56,38.8901,2010,2,8,-1.54,-12.46,-8.66,5.69,14.27,0
US-xSE,-76.56,38.8901,2010,2,9,-0.17,-9.33,-5.29,2.87,7.56,8.9
US-xSE,-76.56,38.8901,2010,2,10,-1.54,-6.96,-5.23,10.57,4.93,22.7
US-xSE,-76.56,38.8901,2010,2,11,0.53,-6.2,-4.54,8.74,14.67,0
US-xSE,-76.56,38.8901,2010,2,12,0.38,-10.04,-6.19,4.01,13.94,0
US-xSE,-76.56,38.8901,2010,2,13,-1.74,-4.97,-5.33,5.9,9.99,0
US-xSE,-76.56,38.8901,2010,2,14,0.72,-7.83,-5.16,6.43,15.23,0
US-xSE,-76.56,38.8901,2010,2,15,0.68,-10.09,-4.41,4.04,6.57,1.54
US-xSE,-76.56,38.8901,2010,2,16,0.19,-8.06,-5.53,7.06,13.24,0.08
US-xSE,-76.56,38.8901,2010,2,17,0.39,-6.92,-4.54,6.09,9.09,0
US-xSE,-76.56,38.8901,2010,2,18,1.31,-3.15,-2.09,6.99,15.56,0
US-xSE,-76.56,38.8901,2010,2,19,2.03,-2.8,-2.04,6.79,16.52,0
US-xSE,-76.56,38.8901,2010,2,20,3.11,-3.66,-2.54,5.57,16.29,0
US-xSE,-76.56,38.8901,2010,2,21,5.56,-4.13,-2.47,4.3,15.09,0
US-xSE,-76.56,38.8901,2010,2,22,3.41,-1.39,-0.08,4.26,6.76,8.91
US-xSE,-76.56,38.8901,2010,2,23,2.81,0.42,1.28,5.75,7.48,2.99
US-xSE,-76.56,38.8901,2010,2,24,5.98,-1.15,0.41,4.09,11.62,0.98
US-xSE,-76.56,38.8901,2010,2,25,3.86,-2.28,-1.67,8.99,11.81,1.31
US-xSE,-76.56,38.8901,2010,2,26,0.81,-2.58,-3.77,11.01,8.06,1.03
US-xSE,-76.56,38.8901,2010,2,27,4.25,-1.72,-1.62,4.93,16.94,0.06
US-xSE,-76.56,38.8901,2010,2,28,5.05,-0.16,-0.17,5.61,11.04,0.07
US-xSE,-76.56,38.8901,2010,3,1,7.23,-0.29,0.33,6.87,15.53,0
US-xSE,-76.56,38.8901,2010,3,2,5.42,0.01,0.43,2.81,5.6,2.76
US-xSE,-76.56,38.8901,2010,3,3,5.34,1.4,1.64,7.27,4.4,2.63
US-xSE,-76.56,38.8901,2010,3,4,6.2,-0.27,-0.34,6.57,18.25,0
US-xSE,-76.56,38.8901,2010,3,5,6.44,-0.29,-0.67,5.58,12.42,0
US-xSE,-76.56,38.8901,2010,3,6,8.08,-2.25,-1.86,5.08,18.86,0
US-xSE,-76.56,38.8901,2010,3,7,10.57,-1.42,-0.4,4.34,19.19,0
US-xSE,-76.56,38.8901,2010,3,8,11.62,-1.11,0.56,4.4,19.49,0
US-xSE,-76.56,38.8901,2010,3,9,14.89,-0.35,1.29,3.07,18.98,0
US-xSE,-76.56,38.8901,2010,3,10,14.02,2.73,6.28,3.39,9.49,0
US-xSE,-76.56,38.8901,2010,3,11,13.94,6.81,9.5,3.25,8.01,0.86
US-xSE,-76.56,38.8901,2010,3,12,11.38,7.05,8.19,6.77,3.44,23.67
US-xSE,-76.56,38.8901,2010,3,13,11.86,7.37,9.34,7.26,4.14,35.16
US-xSE,-76.56,38.8901,2010,3,14,11.19,7.09,7.96,3,9.94,9.46
US-xSE,-76.56,38.8901,2010,3,15,8.19,5.76,5.45,5.88,5.7,3.64
US-xSE,-76.56,38.8901,2010,3,16,13.61,4.93,3.8,4.08,19.32,0.13
US-xSE,-76.56,38.8901,2010,3,17,16.37,2.22,3.95,2.35,21.24,0
US-xSE,-76.56,38.8901,2010,3,18,17.73,3.37,4.57,2.08,21.32,0
US-xSE,-76.56,38.8901,2010,3,19,18.54,3.8,5.76,3.43,21.21,0
US-xSE,-76.56,38.8901,2010,3,20,19.93,5.34,7.64,2.84,21.33,0
US-xSE,-76.56,38.8901,2010,3,21,19.09,6.91,10.67,4.3,17.81,0.01
US-xSE,-76.56,38.8901,2010,3,22,15.32,9.01,11.54,6.06,5.89,8.89
US-xSE,-76.56,38.8901,2010,3,23,11.39,6.2,6.28,6.46,13.16,0.19
US-xSE,-76.56,38.8901,2010,3,24,15.38,6.06,5.35,5.61,21.55,0
US-xSE,-76.56,38.8901,2010,3,25,17.54,5.86,9.52,5.05,13.6,2.12
US-xSE,-76.56,38.8901,2010,3,26,12.99,1.1,4.16,7.05,5.77,10.51
US-xSE,-76.56,38.8901,2010,3,27,8.12,-2.09,-1.66,4.39,21.9,0
US-xSE,-76.56,38.8901,2010,3,28,13.53,0.11,6.66,7.15,15.76,16.77
US-xSE,-76.56,38.8901,2010,3,29,13.77,10.52,11.12,3.9,4.42,17.2
US-xSE,-76.56,38.8901,2010,3,30,10.62,5.54,5.15,9.82,12.83,8.3
US-xSE,-76.56,38.8901,2010,3,31,17.48,5.76,6.96,6.6,23.7,0.25
US-xSE,-76.56,38.8901,2010,4,1,20.02,6.1,9.45,2.25,23.21,0
US-xSE,-76.56,38.8901,2010,4,2,19.17,7.5,10.31,4.16,23.45,0.02
US-xSE,-76.56,38.8901,2010,4,3,17.83,7.54,10.59,4.72,19,0.02
US-xSE,-76.56,38.8901,2010,4,4,21.08,10.54,10.68,2.8,22.22,0
US-xSE,-76.56,38.8901,2010,4,5,22.91,9.87,14.15,3.77,21.51,0.01
US-xSE,-76.56,38.8901,2010,4,6,26.8,15.78,16.79,4.07,22.39,0.01
US-xSE,-76.56,38.8901,2010,4,7,28.19,15.34,16.8,4.81,23.09,0
US-xSE,-76.56,38.8901,2010,4,8,24.39,14.13,16.61,6.7,22.4,5.61
US-xSE,-76.56,38.8901,2010,4,9,13.3,6.1,6.12,6.8,17.24,12.56
US-xSE,-76.56,38.8901,2010,4,10,15.42,4.21,4.07,4.64,26.32,0
US-xSE,-76.56,38.8901,2010,4,11,21.84,6.01,9.11,3.16,24.86,0
US-xSE,-76.56,38.8901,2010,4,12,19.51,9.15,8.03,3.42,25.06,0
US-xSE,-76.56,38.8901,2010,4,13,11.56,6.12,6.57,3.36,3.96,3.39
US-xSE,-76.56,38.8901,2010,4,14,15.95,4.58,5.76,2.54,22.89,0
US-xSE,-76.56,38.8901,2010,4,15,20.65,5.43,8.85,3.47,25.12,0
US-xSE,-76.56,38.8901,2010,4,16,24.86,12.2,14.62,4.56,21.6,1.13
US-xSE,-76.56,38.8901,2010,4,17,16.15,5.53,7.18,7.01,25.07,0.18
US-xSE,-76.56,38.8901,2010,4,18,13.52,3.87,3.7,5.45,22.65,0
US-xSE,-76.56,38.8901,2010,4,19,16.63,4.59,5.7,4.43,26.69,0
US-xSE,-76.56,38.8901,2010,4,20,18.49,5.85,7.48,2.57,21.16,0
US-xSE,-76.56,38.8901,2010,4,21,15.7,8.71,11.12,3.58,5.71,3.99
US-xSE,-76.56,38.8901,2010,4,22,20.42,8.54,10.34,3.17,22.87,0.43
US-xSE,-76.56,38.8901,2010,4,23,18.94,8.66,7.71,3.46,24.51,0
US-xSE,-76.56,38.8901,2010,4,24,16.96,7.64,7.28,3.57,8.09,1.58
US-xSE,-76.56,38.8901,2010,4,25,21.54,11.11,14.73,3.77,11.34,15.86
US-xSE,-76.56,38.8901,2010,4,26,17.5,8.99,11.61,2.41,10.67,6.24
US-xSE,-76.56,38.8901,2010,4,27,16.83,5.82,8.16,5.15,20.51,0.79
US-xSE,-76.56,38.8901,2010,4,28,13.8,3.98,3,7.15,24.54,0
US-xSE,-76.56,38.8901,2010,4,29,18.29,5.27,5.73,5.15,28.07,0
US-xSE,-76.56,38.8901,2010,4,30,23.79,10.81,11.62,3.12,25.82,0.19
US-xSE,-76.56,38.8901,2010,5,1,27.14,13.68,16.82,3.68,25.47,0
US-xSE,-76.56,38.8901,2010,5,2,27.81,18.83,20.71,5.01,18.15,1.03
US-xSE,-76.56,38.8901,2010,5,3,25.68,18.36,19.94,5.39,9.11,3.64
US-xSE,-76.56,38.8901,2010,5,4,24.53,15.13,15.07,4.29,24.58,0.09
US-xSE,-76.56,38.8901,2010,5,5,24.77,12.04,13.17,3.51,28.09,0
US-xSE,-76.56,38.8901,2010,5,6,24.7,13.51,14.83,5.8,26.91,0
US-xSE,-76.56,38.8901,2010,5,7,21.69,10.54,10.26,3.65,25.16,0
US-xSE,-76.56,38.8901,2010,5,8,22.18,10.95,11.35,8.72,26.73,0.11
US-xSE,-76.56,38.8901,2010,5,9,14.86,6.53,3.48,7.6,28.26,0.01
US-xSE,-76.56,38.8901,2010,5,10,15.68,4.56,2.02,4.56,29.95,0
US-xSE,-76.56,38.8901,2010,5,11,14.61,4.96,5.15,5.19,7.32,3.47
US-xSE,-76.56,38.8901,2010,5,12,23.2,10.85,14.38,4.44,19.32,8.12
US-xSE,-76.56,38.8901,2010,5,13,17.52,9.49,9.82,3.07,12.57,0.35
US-xSE,-76.56,38.8901,2010,5,14,26.47,12.95,17.39,5.01,23.33,6.12
US-xSE,-76.56,38.8901,2010,5,15,22.16,15.13,13.24,4.62,27.96,0.28
US-xSE,-76.56,38.8901,2010,5,16,21.31,13.01,11.78,2.3,23.29,0.02
US-xSE,-76.56,38.8901,2010,5,17,17.03,11.42,11.55,3.15,6.06,6.79
US-xSE,-76.56,38.8901,2010,5,18,15.86,10.96,11.16,6.25,5.14,11.75
US-xSE,-76.56,38.8901,2010,5,19,18.7,9.56,11.55,2.93,18.27,0.13
US-xSE,-76.56,38.8901,2010,5,20,24.83,10.85,12.86,2.75,29.01,0
US-xSE,-76.56,38.8901,2010,5,21,27.65,13.96,14.45,2.82,26.56,0.02
US-xSE,-76.56,38.8901,2010,5,22,22.71,15.2,15.98,4.49,20.09,2.07
US-xSE,-76.56,38.8901,2010,5,23,23.68,16.19,17.11,4.46,14.33,4.31
US-xSE,-76.56,38.8901,2010,5,24,23.82,14.88,16.88,3.48,16.79,0.61
US-xSE,-76.56,38.8901,2010,5,25,24.78,15.06,16.59,2.77,21.99,0.1
US-xSE,-76.56,38.8901,2010,5,26,29.41,15.59,17.91,2.36,27.02,0
US-xSE,-76.56,38.8901,2010,5,27,28.71,16.77,19.15,3.81,27.31,12.87
US-xSE,-76.56,38.8901,2010,5,28,21.42,16.26,16.58,3.22,17.71,1.55
US-xSE,-76.56,38.8901,2010,5,29,26.08,16.49,18.26,2.47,20.16,2.25
US-xSE,-76.56,38.8901,2010,5,30,28.12,18.42,17.5,2.73,28.86,0
US-xSE,-76.56,38.8901,2010,5,31,29.42,18.19,20.63,3.7,27.72,0.94
US-xSE,-76.56,38.8901,2010,6,1,27.27,21.16,20.98,4.67,21.55,4.12
US-xSE,-76.56,38.8901,2010,6,2,29.11,18.86,19.61,2.83,28.02,0.02
US-xSE,-76.56,38.8901,2010,6,3,29.26,20.98,21.61,3.09,25.63,8.2
US-xSE,-76.56,38.8901,2010,6,4,29.6,20.31,21.43,2.66,26.7,0.78
US-xSE,-76.56,38.8901,2010,6,5,29.36,22.56,22.38,3.83,21.68,0.63
US-xSE,-76.56,38.8901,2010,6,6,30.41,17.81,20.97,5.75,18.92,3.25
US-xSE,-76.56,38.8901,2010,6,7,23.07,14.94,12.75,3.89,25.05,0.02
US-xSE,-76.56,38.8901,2010,6,8,23.43,13.89,10.47,4.03,30.51,0
US-xSE,-76.56,38.8901,2010,6,9,23.04,15.32,16.14,5.05,7.89,4.21
US-xSE,-76.56,38.8901,2010,6,10,28.44,18.05,18.55,3.96,28.39,0.05
US-xSE,-76.56,38.8901,2010,6,11,27.14,17.14,15.72,2.57,28.6,0
US-xSE,-76.56,38.8901,2010,6,12,30.48,18.35,20.13,4.08,26.83,0.56
US-xSE,-76.56,38.8901,2010,6,13,30.75,22.64,22.44,3.14,24.26,1.06
US-xSE,-76.56,38.8901,2010,6,14,30.14,21.18,20.97,3.28,22.73,4.35
US-xSE,-76.56,38.8901,2010,6,15,28.98,20.23,18.26,3.73,17.04,0.04
US-xSE,-76.56,38.8901,2010,6,16,27.6,19.69,20.48,4.11,12.08,3.9
US-xSE,-76.56,38.8901,2010,6,17,28.34,19.63,17.57,5.29,29.13,0.47
US-xSE,-76.56,38.8901,2010,6,18,28.64,16.22,14.16,2.31,30.43,0
US-xSE,-76.56,38.8901,2010,6,19,31.33,17.83,19.07,3.88,27.79,0.05
US-xSE,-76.56,38.8901,2010,6,20,32.38,21.89,19.77,3.57,27.1,0.24
US-xSE,-76.56,38.8901,2010,6,21,32.17,21.06,16.47,2.71,28.63,0
US-xSE,-76.56,38.8901,2010,6,22,32.31,22.68,19.69,2.74,25.7,10.44
US-xSE,-76.56,38.8901,2010,6,23,33.85,22.27,20.42,3.33,26.42,0.03
US-xSE,-76.56,38.8901,2010,6,24,34.7,24.51,21.03,4.43,24.96,2.92
US-xSE,-76.56,38.8901,2010,6,25,31.66,21.83,16.68,2.55,28.09,0
US-xSE,-76.56,38.8901,2010,6,26,32.59,21.88,19.23,2.21,23.32,0.44
US-xSE,-76.56,38.8901,2010,6,27,35.18,23.82,21.14,3.27,27.28,0.57
US-xSE,-76.56,38.8901,2010,6,28,34.57,25.62,21.7,4.07,23.44,6.43
US-xSE,-76.56,38.8901,2010,6,29,32.51,24.04,18.62,4.2,21.14,0.63
US-xSE,-76.56,38.8901,2010,6,30,26.67,19.26,9.67,3.89,23.51,0.91
US-xSE,-76.56,38.8901,2010,7,1,26.91,16.75,9.04,4.26,29.71,0
US-xSE,-76.56,38.8901,2010,7,2,27.74,16.39,8.98,3.06,30.18,0
US-xSE,-76.56,38.8901,2010,7,3,30.57,16.71,12.05,2.77,30.23,0
US-xSE,-76.56,38.8901,2010,7,4,34,17.6,14.24,3.04,30.59,0
US-xSE,-76.56,38.8901,2010,7,5,35.77,21.18,17.66,2.6,28.18,0
US-xSE,-76.56,38.8901,2010,7,6,38.26,23.19,17.44,2.18,26.81,0.02
US-xSE,-76.56,38.8901,2010,7,7,37.95,25.45,18.81,3.32,25.93,0
US-xSE,-76.56,38.8901,2010,7,8,34.19,24.5,21.17,3.37,21.76,0.01
US-xSE,-76.56,38.8901,2010,7,9,31.92,22.86,21.34,3.53,23.52,2.98
US-xSE,-76.56,38.8901,2010,7,10,26.06,22.74,21.88,3.28,7.4,29.66
US-xSE,-76.56,38.8901,2010,7,11,32.19,21.73,18.42,2.92,28.02,0.41
US-xSE,-76.56,38.8901,2010,7,12,29.35,21.83,21.57,3.79,14.49,13.03
US-xSE,-76.56,38.8901,2010,7,13,29.19,23.19,23.51,2.82,17.39,28.78
US-xSE,-76.56,38.8901,2010,7,14,28.47,23.77,22.7,4.07,14.26,8.26
US-xSE,-76.56,38.8901,2010,7,15,31.85,22.91,21.77,2.25,26.74,0.04
US-xSE,-76.56,38.8901,2010,7,16,33.54,23.81,22.41,2.97,25.91,3.73
US-xSE,-76.56,38.8901,2010,7,17,31.31,24.67,21.67,2.78,23.54,0.71
US-xSE,-76.56,38.8901,2010,7,18,32.52,23.77,21.9,3.83,25.66,2.66
US-xSE,-76.56,38.8901,2010,7,19,31.17,23.92,22.78,3.67,20.68,3.61
US-xSE,-76.56,38.8901,2010,7,20,32.38,23.09,21.92,3.43,22.85,4.48
US-xSE,-76.56,38.8901,2010,7,21,31.87,23.56,22.35,2.74,20.69,0.52
US-xSE,-76.56,38.8901,2010,7,22,33.13,23.66,19.61,3.23,25.68,0.01
US-xSE,-76.56,38.8901,2010,7,23,35.33,24.21,22.21,3.38,26.03,0.35
US-xSE,-76.56,38.8901,2010,7,24,37.12,26.84,22.6,4.13,26.75,0
US-xSE,-76.56,38.8901,2010,7,25,35.02,24.45,23,4.1,23.9,14.34
US-xSE,-76.56,38.8901,2010,7,26,30.12,21.09,16.42,2.73,28.01,0.33
US-xSE,-76.56,38.8901,2010,7,27,31.04,21.12,17.19,2.18,20.81,0.15
US-xSE,-76.56,38.8901,2010,7,28,33.28,23.77,20.95,4.18,23.25,0
US-xSE,-76.56,38.8901,2010,7,29,32,22.47,22.26,3.23,18.09,9.82
US-xSE,-76.56,38.8901,2010,7,30,29.03,19.4,13.92,3.64,26.43,0.04
US-xSE,-76.56,38.8901,2010,7,31,30.18,19.73,15.27,2.18,23.86,0.38
US-xSE,-76.56,38.8901,2010,8,1,28.59,20.74,17,2.92,13.63,0.44
US-xSE,-76.56,38.8901,2010,8,2,28.95,20.03,18.11,3.3,14.43,0.26
US-xSE,-76.56,38.8901,2010,8,3,30.45,22.2,20.52,4.27,19.25,2.63
US-xSE,-76.56,38.8901,2010,8,4,32.77,24.57,22.88,3.5,18.89,2.43
US-xSE,-76.56,38.8901,2010,8,5,33.62,24.57,23.47,4.19,20.24,5.18
US-xSE,-76.56,38.8901,2010,8,6,32.57,23.35,19.49,4.22,23.19,0.62
US-xSE,-76.56,38.8901,2010,8,7,31.28,20.06,15.21,2.03,26.16,0
US-xSE,-76.56,38.8901,2010,8,8,32.55,20.35,18.14,2.57,25.13,0
US-xSE,-76.56,38.8901,2010,8,9,34.03,22.21,20.53,3.27,24.43,0
US-xSE,-76.56,38.8901,2010,8,10,36.04,24.34,20.36,2.82,23.18,0.14
US-xSE,-76.56,38.8901,2010,8,11,35.24,26.11,20.66,2.54,22.44,0.94
US-xSE,-76.56,38.8901,2010,8,12,29.14,23.43,23.77,4.17,16.47,43.4
US-xSE,-76.56,38.8901,2010,8,13,27.61,20.47,18.78,5.65,10.52,3.75
US-xSE,-76.56,38.8901,2010,8,14,28.61,19.99,16.67,3.2,23.36,0.05
US-xSE,-76.56,38.8901,2010,8,15,27.27,21.98,20.81,5.09,8.3,10.26
US-xSE,-76.56,38.8901,2010,8,16,32.21,23.33,22.94,4.06,22.35,0.89
US-xSE,-76.56,38.8901,2010,8,17,31.6,23.81,21.76,1.99,20.59,6.71
US-xSE,-76.56,38.8901,2010,8,18,25.18,21.31,21.13,4.36,4.76,28.06
US-xSE,-76.56,38.8901,2010,8,19,29.55,20.38,19.68,1.83,20.44,0.17
US-xSE,-76.56,38.8901,2010,8,20,31.38,20.79,19.76,2.26,24.16,0
US-xSE,-76.56,38.8901,2010,8,21,31,19.63,19.48,3.38,18.36,0
US-xSE,-76.56,38.8901,2010,8,22,30.06,23.19,22.83,3.94,13.98,8.51
US-xSE,-76.56,38.8901,2010,8,23,28.79,20.5,19.14,3.36,21.71,1.45
US-xSE,-76.56,38.8901,2010,8,24,25.47,18.33,17.17,4.36,7.51,0.16
US-xSE,-76.56,38.8901,2010,8,25,27.06,18.52,17.01,3.34,16.83,0.15
US-xSE,-76.56,38.8901,2010,8,26,28.67,19.24,17.58,3.23,22.12,0
US-xSE,-76.56,38.8901,2010,8,27,27.57,16.41,14.05,2.43,23.82,0
US-xSE,-76.56,38.8901,2010,8,28,28.99,19.67,15.39,1.28,22.51,0
US-xSE,-76.56,38.8901,2010,8,29,32.35,17.56,16.6,2.26,24.27,0
US-xSE,-76.56,38.8901,2010,8,30,33.48,20.01,16.88,2.89,24.06,0.04
US-xSE,-76.56,38.8901,2010,8,31,34.18,20.52,17.1,2.29,23.35,0
US-xSE,-76.56,38.8901,2010,9,1,34.46,21.54,19.18,3.27,23.17,0.05
US-xSE,-76.56,38.8901,2010,9,2,33.22,21.8,19.37,3.25,20.59,0
US-xSE,-76.56,38.8901,2010,9,3,31.75,22.31,19.53,4.05,8.39,1.02
US-xSE,-76.56,38.8901,2010,9,4,27.99,18.54,12.18,6.13,23.7,0
US-xSE,-76.56,38.8901,2010,9,5,25.8,15.03,8.89,3.34,24.19,0
US-xSE,-76.56,38.8901,2010,9,6,28.83,15.45,14.95,3.79,22.91,0
US-xSE,-76.56,38.8901,2010,9,7,31.7,18.54,17.92,4.85,22.27,0
US-xSE,-76.56,38.8901,2010,9,8,33.31,20.19,13.8,6.34,20.42,0
US-xSE,-76.56,38.8901,2010,9,9,25.54,16.23,10.12,5.56,23.04,0.24
US-xSE,-76.56,38.8901,2010,9,10,24.69,14.99,10.79,4.39,17.35,0.05
US-xSE,-76.56,38.8901,2010,9,11,26.47,13.94,11.29,2.81,21.94,0
US-xSE,-76.56,38.8901,2010,9,12,22.04,16.68,16.24,3.2,4.01,19.06
US-xSE,-76.56,38.8901,2010,9,13,27.56,15.2,14.7,2.3,20.56,0.27
US-xSE,-76.56,38.8901,2010,9,14,27.33,17.99,12.35,4.23,20.76,0
US-xSE,-76.56,38.8901,2010,9,15,27.68,15.14,12.08,2.77,21.95,0
US-xSE,-76.56,38.8901,2010,9,16,30.21,18.25,17.57,4.8,15.93,3.78
US-xSE,-76.56,38.8901,2010,9,17,26.67,16.75,15.09,4.59,18.14,0.01
US-xSE,-76.56,38.8901,2010,9,18,24.85,13.23,10.38,2.29,21.57,0
US-xSE,-76.56,38.8901,2010,9,19,28.37,15.27,13.54,1.6,20.75,0
US-xSE,-76.56,38.8901,2010,9,20,26,15.23,9.54,4.97,21.3,0
US-xSE,-76.56,38.8901,2010,9,21,25.93,11.82,9.26,3.01,21.13,0.01
US-xSE,-76.56,38.8901,2010,9,22,32.46,18.64,18.28,4.28,19.17,4.05
US-xSE,-76.56,38.8901,2010,9,23,31.88,20.67,20,2.5,18.27,0.84
US-xSE,-76.56,38.8901,2010,9,24,33.85,20.55,19.55,4.44,18.77,0
US-xSE,-76.56,38.8901,2010,9,25,31.39,21.28,17.38,3.93,18.05,0.01
US-xSE,-76.56,38.8901,2010,9,26,24.42,18.06,13.86,5.54,9.88,8.95
US-xSE,-76.56,38.8901,2010,9,27,24.86,19.37,21.56,5.95,6.28,19.22
US-xSE,-76.56,38.8901,2010,9,28,25.84,19.57,19.34,5.62,13.01,5.89
US-xSE,-76.56,38.8901,2010,9,29,21.39,16.46,15.56,2.7,5.4,7.11
US-xSE,-76.56,38.8901,2010,9,30,25.76,20.4,22.67,7.16,4.64,133.47
US-xSE,-76.56,38.8901,2010,10,1,21.48,13.41,14.68,7.26,11.91,25.9
US-xSE,-76.56,38.8901,2010,10,2,19.48,10.24,10.02,3.13,19.46,0
US-xSE,-76.56,38.8901,2010,10,3,17.08,10.63,11.69,5.95,6.92,9.45
US-xSE,-76.56,38.8901,2010,10,4,12.61,10.58,9.7,7.19,3.83,11.15
US-xSE,-76.56,38.8901,2010,10,5,15.56,10.48,9.63,5.12,12.89,0.35
US-xSE,-76.56,38.8901,2010,10,6,15.52,8.5,9.18,4.24,13.73,0.68
US-xSE,-76.56,38.8901,2010,10,7,21.28,10.2,11.68,5.52,18,0
US-xSE,-76.56,38.8901,2010,10,8,21.52,9.96,10.97,4.02,18.74,0
US-xSE,-76.56,38.8901,2010,10,9,23.41,10.98,12.72,3.84,17.19,0
US-xSE,-76.56,38.8901,2010,10,10,22.11,8.95,11.9,3.2,16.84,0
US-xSE,-76.56,38.8901,2010,10,11,25.92,14.77,16.16,2.94,15.79,0.92
US-xSE,-76.56,38.8901,2010,10,12,24.35,14.83,16.39,3.06,15.88,0.3
US-xSE,-76.56,38.8901,2010,10,13,18.43,9.24,8.79,3.06,17.19,0
US-xSE,-76.56,38.8901,2010,10,14,15.82,10.12,11.32,4.46,2.8,21.68
US-xSE,-76.56,38.8901,2010,10,15,16.21,9,7.83,7.54,12.89,0.03
US-xSE,-76.56,38.8901,2010,10,16,16.87,8.89,6.61,6.82,16.88,0
US-xSE,-76.56,38.8901,2010,10,17,21.17,7.44,9.87,4.26,16.33,0
US-xSE,-76.56,38.8901,2010,10,18,18.14,8.23,8.31,2.27,12.98,0.1
US-xSE,-76.56,38.8901,2010,10,19,15.04,10.44,10.03,2.56,8.96,3.73
US-xSE,-76.56,38.8901,2010,10,20,13.27,9.17,9.99,1.72,2.55,3.01
US-xSE,-76.56,38.8901,2010,10,21,17.51,8.31,7.86,5.23,13.03,0.66
US-xSE,-76.56,38.8901,2010,10,22,13.19,7.14,4.23,5.2,16.3,0
US-xSE,-76.56,38.8901,2010,10,23,18.59,4.74,7.64,4.07,15.01,0
US-xSE,-76.56,38.8901,2010,10,24,20.77,11.04,11.91,3.78,12.15,0
US-xSE,-76.56,38.8901,2010,10,25,21.93,12.9,16.43,5.98,10.48,0.17
US-xSE,-76.56,38.8901,2010,10,26,23.06,16.31,18.71,5.04,7.17,3.42
US-xSE,-76.56,38.8901,2010,10,27,24.17,20.21,20.2,4.4,6.76,16.54
US-xSE,-76.56,38.8901,2010,10,28,22.36,10.66,14.15,4.41,13.15,1.96
US-xSE,-76.56,38.8901,2010,10,29,13.29,6.09,5.03,6.45,13.18,1.76
US-xSE,-76.56,38.8901,2010,10,30,13.88,3.68,4.67,4.63,13.9,0
US-xSE,-76.56,38.8901,2010,10,31,16.43,5.99,6.61,5.22,12.77,0
US-xSE,-76.56,38.8901,2010,11,1,10.88,3.38,1.94,3.89,14.15,0
US-xSE,-76.56,38.8901,2010,11,2,9.92,1.06,1.21,2.7,13.04,0
US-xSE,-76.56,38.8901,2010,11,3,13.22,3.7,5.08,2.4,9.89,1.53
US-xSE,-76.56,38.8901,2010,11,4,11.54,7.68,8.69,4.57,2.33,26.93
US-xSE,-76.56,38.8901,2010,11,5,12.43,5.38,5.47,4.93,10.44,1.99
US-xSE,-76.56,38.8901,2010,11,6,10.83,3.27,3.24,4.68,10.62,0
US-xSE,-76.56,38.8901,2010,11,7,9.77,1.49,1.11,5.48,13.46,0
US-xSE,-76.56,38.8901,2010,11,8,13.41,2.41,2.8,6.93,13,0
US-xSE,-76.56,38.8901,2010,11,9,14.05,4.54,5.69,5.02,13.01,0
US-xSE,-76.56,38.8901,2010,11,10,15.29,5.63,6.98,4.43,11.79,0
US-xSE,-76.56,38.8901,2010,11,11,13.03,3.56,3.86,3.72,13.08,0
US-xSE,-76.56,38.8901,2010,11,12,14.71,1.69,2.53,3.55,13.27,0
US-xSE,-76.56,38.8901,2010,11,13,15.72,2.28,3.06,2.52,12.74,0
US-xSE,-76.56,38.8901,2010,11,14,15.06,3.7,5.77,2.49,11.89,0
US-xSE,-76.56,38.8901,2010,11,15,13.44,6.08,8.96,1.88,8.06,0.71
US-xSE,-76.56,38.8901,2010,11,16,15.23,8.42,11.42,5.52,3.25,7.48
US-xSE,-76.56,38.8901,2010,11,17,16.13,6.57,8.51,8.09,10.96,3.54
US-xSE,-76.56,38.8901,2010,11,18,12.55,4.19,4.59,4.41,7.8,0
US-xSE,-76.56,38.8901,2010,11,19,10.23,3.29,2.14,3.93,11.48,0
US-xSE,-76.56,38.8901,2010,11,20,14.78,3.75,5.51,4.14,11.25,0
US-xSE,-76.56,38.8901,2010,11,21,12.66,3.57,5.76,3.49,10.33,0
US-xSE,-76.56,38.8901,2010,11,22,16.09,6.84,10.16,4.02,9.44,0
US-xSE,-76.56,38.8901,2010,11,23,17.67,9.88,11.16,5.39,7.05,0
US-xSE,-76.56,38.8901,2010,11,24,8.71,3.12,0.35,4.99,11.54,0.08
US-xSE,-76.56,38.8901,2010,11,25,10.68,3.92,4.52,3.72,4.47,1.48
US-xSE,-76.56,38.8901,2010,11,26,13.08,2.54,5.61,6.42,2.05,0.54
US-xSE,-76.56,38.8901,2010,11,27,6.77,-0.44,-2.54,6.21,10.43,0.01
US-xSE,-76.56,38.8901,2010,11,28,8.15,-1.58,-1.52,2.59,11.19,0
US-xSE,-76.56,38.8901,2010,11,29,9.59,0.35,2,2.97,10.67,0
US-xSE,-76.56,38.8901,2010,11,30,15.03,6.07,10.57,5.95,3.19,3.97
US-xSE,-76.56,38.8901,2010,12,1,16.2,1.05,6.68,9.38,4.8,22.5
US-xSE,-76.56,38.8901,2010,12,2,5.22,-0.72,-2.13,4.32,8.19,0
US-xSE,-76.56,38.8901,2010,12,3,4.33,-0.73,-2.69,4.5,5.71,0
US-xSE,-76.56,38.8901,2010,12,4,4.4,-2.04,-2.48,4.64,9.51,0
US-xSE,-76.56,38.8901,2010,12,5,2.48,-1.24,-4.43,8,6.73,0
US-xSE,-76.56,38.8901,2010,12,6,1.3,-1.53,-5.79,9.68,7.99,0
US-xSE,-76.56,38.8901,2010,12,7,0.64,-2.77,-6.68,9.12,10.33,0
US-xSE,-76.56,38.8901,2010,12,8,0.64,-3.5,-6.82,6.61,10.37,0
US-xSE,-76.56,38.8901,2010,12,9,1,-3.75,-6.39,3.7,10.46,0
US-xSE,-76.56,38.8901,2010,12,10,1.96,-3.03,-3.53,2.74,4.41,0.01
US-xSE,-76.56,38.8901,2010,12,11,3.58,-1.48,0.41,2.33,5.69,1.11
US-xSE,-76.56,38.8901,2010,12,12,9.78,3.1,5.99,5.2,1.77,24.2
US-xSE,-76.56,38.8901,2010,12,13,2.61,-6.01,-6.11,9.25,6.24,1.26
US-xSE,-76.56,38.8901,2010,12,14,-3.19,-6.07,-10.5,10.59,7.11,0.01
US-xSE,-76.56,38.8901,2010,12,15,-1.77,-6.98,-9.06,7.69,10.18,0
US-xSE,-76.56,38.8901,2010,12,16,-2.7,-7.05,-6.88,2.5,2.66,2.77
US-xSE,-76.56,38.8901,2010,12,17,1.73,-6.91,-5.93,3.72,6.16,0
US-xSE,-76.56,38.8901,2010,12,18,1.67,-6.18,-4.61,1.88,5.38,0.08
US-xSE,-76.56,38.8901,2010,12,19,2.03,-4.56,-4.5,4.45,6.87,0
US-xSE,-76.56,38.8901,2010,12,20,1.7,-5.72,-5.23,7.09,7.44,0
US-xSE,-76.56,38.8901,2010,12,21,2.75,-4.27,-4.33,5.96,8.81,0
US-xSE,-76.56,38.8901,2010,12,22,3.66,-2.41,-3.41,4.66,5.18,0
US-xSE,-76.56,38.8901,2010,12,23,2.84,-2.58,-4.85,9.37,10,0
US-xSE,-76.56,38.8901,2010,12,24,2.7,-3.63,-4.45,5.94,10.2,0
US-xSE,-76.56,38.8901,2010,12,25,0.58,-2.64,-3.72,2.58,4.85,0.23
US-xSE,-76.56,38.8901,2010,12,26,-1.47,-4.19,-4.64,7.63,1.9,5.48
US-xSE,-76.56,38.8901,2010,12,27,-0.18,-4.64,-7.93,11.67,8.48,0.5
US-xSE,-76.56,38.8901,2010,12,28,3.35,-4.46,-5.13,7.2,9.07,0
US-xSE,-76.56,38.8901,2010,12,29,4.16,-4.64,-3.36,3.16,8.72,0
US-xSE,-76.56,38.8901,2010,12,30,3.96,-2.65,-1.23,2.41,6.49,0
US-xSE,-76.56,38.8901,2010,12,31,6.14,-1.35,0.28,3.12,7.31,0
US-xSE,-76.56,38.8901,2011,1,1,8.09,0.28,3.75,4.32,4.22,0.09
US-xSE,-76.56,38.8901,2011,1,2,7.18,-1.48,2.73,4.7,1.74,4.37
US-xSE,-76.56,38.8901,2011,1,3,1.93,-3.7,-6.01,4.86,10.81,0
US-xSE,-76.56,38.8901,2011,1,4,4.82,-2.6,-2.79,4.1,7.52,0
US-xSE,-76.56,38.8901,2011,1,5,2.62,-2.59,-4.18,4.06,10.07,0
US-xSE,-76.56,38.8901,2011,1,6,2.19,-3.67,-5.22,2.68,10.08,0
US-xSE,-76.56,38.8901,2011,1,7,1.21,-2.55,-4.89,3.87,5.36,0.15
US-xSE,-76.56,38.8901,2011,1,8,0.18,-5.28,-6.12,5.48,5.71,0.57
US-xSE,-76.56,38.8901,2011,1,9,-0.08,-6.39,-8.29,8.43,10.7,0
US-xSE,-76.56,38.8901,2011,1,10,-0.19,-7.2,-7.08,4.44,7.93,0
US-xSE,-76.56,38.8901,2011,1,11,0.4,-6.42,-4.62,2.48,3.46,4.68
US-xSE,-76.56,38.8901,2011,1,12,0.44,-4.76,-5.84,7.9,7.85,0.44
US-xSE,-76.56,38.8901,2011,1,13,0.08,-6.6,-7.36,6.51,11.1,0
US-xSE,-76.56,38.8901,2011,1,14,-0.19,-6.75,-6.84,3.46,10.42,0
US-xSE,-76.56,38.8901,2011,1,15,3.9,-4.13,-2.86,4.14,9.18,0
US-xSE,-76.56,38.8901,2011,1,16,2.15,-3.61,-4.35,4.21,9.39,0
US-xSE,-76.56,38.8901,2011,1,17,0.8,-4.89,-5.35,3.99,4.57,2.94
US-xSE,-76.56,38.8901,2011,1,18,0.99,-1.32,-0.2,4.83,4.57,9.2
US-xSE,-76.56,38.8901,2011,1,19,6.27,-0.69,0.67,3.86,8.64,1.72
US-xSE,-76.56,38.8901,2011,1,20,3.55,-2.46,-2.75,3.53,10.28,0.13
US-xSE,-76.56,38.8901,2011,1,21,0.66,-6.44,-7.25,8.32,11.84,1.64
US-xSE,-76.56,38.8901,2011,1,22,-5.35,-9.66,-12.54,3.44,6.52,0.03
US-xSE,-76.56,38.8901,2011,1,23,-2.81,-9.93,-10.86,5.29,7.29,0
US-xSE,-76.56,38.8901,2011,1,24,-2.38,-11.67,-10.44,2.85,9.03,0
US-xSE,-76.56,38.8901,2011,1,25,3.58,-4.76,-2.46,2.54,8.26,0
US-xSE,-76.56,38.8901,2011,1,26,1.35,-0.56,-0.49,7.14,2.99,32.9
US-xSE,-76.56,38.8901,2011,1,27,0.44,-4.57,-3.11,5.05,9.23,0.01
US-xSE,-76.56,38.8901,2011,1,28,0.37,-4.66,-3.03,2.79,4.04,0.91
US-xSE,-76.56,38.8901,2011,1,29,1.32,-8.3,-4.52,3.5,5.19,0.01
US-xSE,-76.56,38.8901,2011,1,30,2.62,-5.66,-3.55,2.93,9.39,0
US-xSE,-76.56,38.8901,2011,1,31,-0.37,-7.67,-5.75,3.99,3.57,0.1
US-xSE,-76.56,38.8901,2011,2,1,0.57,-1.83,-0.82,2.11,5.34,1.52
US-xSE,-76.56,38.8901,2011,2,2,8.88,-1.6,1.61,6.5,10.23,17.05
US-xSE,-76.56,38.8901,2011,2,3,0.06,-4.27,-6.56,5.69,12.65,0
US-xSE,-76.56,38.8901,2011,2,4,2.5,-3,-3.02,2.81,7.63,0
US-xSE,-76.56,38.8901,2011,2,5,5.09,-0.09,1.67,4.76,3.69,4.38
US-xSE,-76.56,38.8901,2011,2,6,5.91,-1.55,-1.73,4.08,13.82,0
US-xSE,-76.56,38.8901,2011,2,7,7.04,-1.52,1.32,2.72,10.05,0.21
US-xSE,-76.56,38.8901,2011,2,8,2.45,-5.43,-4.39,8.68,12.19,0.2
US-xSE,-76.56,38.8901,2011,2,9,0.3,-6.58,-8.78,4.32,10.91,0.09
US-xSE,-76.56,38.8901,2011,2,10,-1.32,-5.93,-8.5,4.96,14.97,0.07
US-xSE,-76.56,38.8901,2011,2,11,4.37,-6.41,-5.6,2.85,15.3,0
US-xSE,-76.56,38.8901,2011,2,12,5.74,-4.53,-3.75,5.55,14.89,0
US-xSE,-76.56,38.8901,2011,2,13,8.77,-1.82,-1.2,5.58,11.85,0
US-xSE,-76.56,38.8901,2011,2,14,14.09,1.96,1.72,8.87,14.88,0
US-xSE,-76.56,38.8901,2011,2,15,4.43,-2.87,-6.05,5.82,16.29,0
US-xSE,-76.56,38.8901,2011,2,16,9.1,-2.52,-1.3,4.86,14.29,0
US-xSE,-76.56,38.8901,2011,2,17,15.32,1.65,5.72,4.33,14.88,0
US-xSE,-76.56,38.8901,2011,2,18,18.46,7.72,9.36,6.39,11.59,0
US-xSE,-76.56,38.8901,2011,2,19,8.46,-0.51,-3.18,11.46,17.23,0
US-xSE,-76.56,38.8901,2011,2,20,6.78,-3,-3.8,4.92,14.31,0.3
US-xSE,-76.56,38.8901,2011,2,21,7.62,-0.89,1.3,5.42,5.63,3.51
US-xSE,-76.56,38.8901,2011,2,22,2.21,-3.99,-5.22,4.7,13.15,2.78
US-xSE,-76.56,38.8901,2011,2,23,5.5,-5.08,-5.05,2.26,16.81,0
US-xSE,-76.56,38.8901,2011,2,24,7.95,-2.22,1.3,4.55,8.87,0.62
US-xSE,-76.56,38.8901,2011,2,25,17.3,-0.08,4.8,10.43,10.01,12.52
US-xSE,-76.56,38.8901,2011,2,26,6.99,-1.48,-1.55,3.43,12.3,0
US-xSE,-76.56,38.8901,2011,2,27,13.67,1.5,3.95,3.71,11.44,0.73
US-xSE,-76.56,38.8901,2011,2,28,17.23,5.07,9.47,7.53,5.78,15.53
US-xSE,-76.56,38.8901,2011,3,1,7.67,-1.02,-2.65,4.84,19.02,0
US-xSE,-76.56,38.8901,2011,3,2,13.62,-0.52,0.01,6.66,18.32,0.09
US-xSE,-76.56,38.8901,2011,3,3,2.44,-4.55,-7.4,4.23,19.11,0
US-xSE,-76.56,38.8901,2011,3,4,7.96,-2.27,-1.06,4.33,18.2,0
US-xSE,-76.56,38.8901,2011,3,5,14.01,2.11,7,6.53,11.31,0.05
US-xSE,-76.56,38.8901,2011,3,6,12.26,2.55,8.25,7.18,4.93,32.6
US-xSE,-76.56,38.8901,2011,3,7,8.13,0.28,-1.67,8.1,19.46,0.17
US-xSE,-76.56,38.8901,2011,3,8,8.76,-2.27,-1.87,3.42,16.99,0.05
US-xSE,-76.56,38.8901,2011,3,9,9.32,-0.26,3.2,6.51,7.48,4.02
US-xSE,-76.56,38.8901,2011,3,10,12.74,7.02,9.82,9.32,4.32,39.71
US-xSE,-76.56,38.8901,2011,3,11,10.11,2.07,3.18,4.73,12.17,1.32
US-xSE,-76.56,38.8901,2011,3,12,12.85,0.66,3.4,5.63,14.04,0
US-xSE,-76.56,38.8901,2011,3,13,12.46,2.32,3.95,5.65,18.75,0
US-xSE,-76.56,38.8901,2011,3,14,9.63,0.77,0.83,3.95,17.59,0
US-xSE,-76.56,38.8901,2011,3,15,9.11,-0.55,2.56,4.34,13.2,0.6
US-xSE,-76.56,38.8901,2011,3,16,13.54,3.23,5.7,3.55,13.17,15.25
US-xSE,-76.56,38.8901,2011,3,17,15.53,3.54,6.17,4.06,20.39,0
US-xSE,-76.56,38.8901,2011,3,18,22.3,7.86,11.7,5.21,16.63,0
US-xSE,-76.56,38.8901,2011,3,19,13.93,4.14,4.85,6.24,21.69,0
US-xSE,-76.56,38.8901,2011,3,20,9.66,0.01,0.07,3.81,19.38,0.33
US-xSE,-76.56,38.8901,2011,3,21,18,4.84,9.8,5.61,13.33,6.51
US-xSE,-76.56,38.8901,2011,3,22,14.03,6.68,6.82,4.36,18.76,0.8
US-xSE,-76.56,38.8901,2011,3,23,9.06,4.48,6.09,4.61,7.15,9.2
US-xSE,-76.56,38.8901,2011,3,24,7,-0.14,1.26,5.27,7.92,4.31
US-xSE,-76.56,38.8901,2011,3,25,7.02,-2.83,-2.37,3.93,20.98,0
US-xSE,-76.56,38.8901,2011,3,26,6.36,-2.74,-3.34,3.86,20.9,0
US-xSE,-76.56,38.8901,2011,3,27,7.28,-1.54,-3.27,4.2,18.71,0.48
US-xSE,-76.56,38.8901,2011,3,28,6.91,-2.42,-4.45,4.55,18.28,0
US-xSE,-76.56,38.8901,2011,3,29,9.12,-2.27,-2.53,4.33,23.7,0
US-xSE,-76.56,38.8901,2011,3,30,7.42,0.91,1.55,3.91,5.41,2.57
US-xSE,-76.56,38.8901,2011,3,31,7.07,2.82,3.69,4.06,4.23,3.15
US-xSE,-76.56,38.8901,2011,4,1,8.47,2.32,2.07,6.28,9.9,2.22
US-xSE,-76.56,38.8901,2011,4,2,8.91,1.35,2.93,5.1,13.18,1.33
US-xSE,-76.56,38.8901,2011,4,3,12.95,2.3,3.5,5.04,20.35,0.53
US-xSE,-76.56,38.8901,2011,4,4,22.23,6.09,10.43,8.07,21.34,0
US-xSE,-76.56,38.8901,2011,4,5,16.52,3.94,6.84,8.98,9.92,9.69
US-xSE,-76.56,38.8901,2011,4,6,14.57,1.92,3.03,5.24,24.39,0
US-xSE,-76.56,38.8901,2011,4,7,15.8,6.7,7.64,2.9,21.01,0.01
US-xSE,-76.56,38.8901,2011,4,8,10.99,4.94,5.41,5.09,8.44,9.21
US-xSE,-76.56,38.8901,2011,4,9,12.37,4.2,6.5,3.31,9.79,0.33
US-xSE,-76.56,38.8901,2011,4,10,17.22,7.09,9.9,3.63,13.66,0.03
US-xSE,-76.56,38.8901,2011,4,11,24.92,10.79,16.09,6.33,19.53,0.1
US-xSE,-76.56,38.8901,2011,4,12,20.98,10.3,13.53,6.05,8.01,13.61
US-xSE,-76.56,38.8901,2011,4,13,14.57,8.63,9.87,4.28,8.23,2.98
US-xSE,-76.56,38.8901,2011,4,14,19.01,6.41,7.58,3.52,25.39,0
US-xSE,-76.56,38.8901,2011,4,15,17.38,7.03,8.03,5.41,22.83,0
US-xSE,-76.56,38.8901,2011,4,16,16.97,7.26,11.05,11.31,3.96,29.19
US-xSE,-76.56,38.8901,2011,4,17,16.54,8.46,6.75,7.24,26.76,0.32
US-xSE,-76.56,38.8901,2011,4,18,17.71,9.47,10.69,4.04,14.91,0.05
US-xSE,-76.56,38.8901,2011,4,19,20.33,11.84,13.02,2.55,10.26,2.43
US-xSE,-76.56,38.8901,2011,4,20,25.39,12.73,15.26,5.89,19.61,0.16
US-xSE,-76.56,38.8901,2011,4,21,15.64,7.81,5.64,6.27,23.89,0
US-xSE,-76.56,38.8901,2011,4,22,10.33,4.79,3.94,5.06,5.79,2.45
US-xSE,-76.56,38.8901,2011,4,23,21.98,7.57,13.64,5.05,13.48,6.27
US-xSE,-76.56,38.8901,2011,4,24,25.84,15.1,17.86,3.34,24.49,8.07
US-xSE,-76.56,38.8901,2011,4,25,26.37,16.22,18.45,3.44,25.32,0.38
US-xSE,-76.56,38.8901,2011,4,26,25.4,17.52,18.32,6.63,22.57,0.02
US-xSE,-76.56,38.8901,2011,4,27,23.98,17.86,18.88,6.9,15.42,3.55
US-xSE,-76.56,38.8901,2011,4,28,23.64,13.99,16.97,6.16,8.01,8.84
US-xSE,-76.56,38.8901,2011,4,29,19.53,9.8,9.76,4.97,21.38,0.23
US-xSE,-76.56,38.8901,2011,4,30,17.52,7.76,7.68,3.82,27.65,1.51
US-xSE,-76.56,38.8901,2011,5,1,16.87,9.26,10.24,2.37,9.41,1.27
US-xSE,-76.56,38.8901,2011,5,2,23.78,11.91,14.57,4.44,21.08,0.29
US-xSE,-76.56,38.8901,2011,5,3,25.02,15.18,16.9,5.27,21.6,0.06
US-xSE,-76.56,38.8901,2011,5,4,15.05,8.78,7.95,6.59,12.58,17.39
US-xSE,-76.56,38.8901,2011,5,5,17.78,7.17,6.42,6.37,28.65,0
US-xSE,-76.56,38.8901,2011,5,6,19.71,7.45,9.63,4.07,24.66,1.46
US-xSE,-76.56,38.8901,2011,5,7,20.63,10.31,10.74,3.68,25.31,0.02
US-xSE,-76.56,38.8901,2011,5,8,21.71,10.28,11.17,1.77,20.57,0.02
US-xSE,-76.56,38.8901,2011,5,9,20.91,10.92,11.12,4.07,26.98,0.01
US-xSE,-76.56,38.8901,2011,5,10,21.75,9.55,9.73,2.92,25.91,0
US-xSE,-76.56,38.8901,2011,5,11,21.39,11.83,12.48,2.34,26.67,0
US-xSE,-76.56,38.8901,2011,5,12,22.61,11.7,13,2.7,26.09,0
US-xSE,-76.56,38.8901,2011,5,13,20.64,13.18,13.46,4.82,9.79,0.31
US-xSE,-76.56,38.8901,2011,5,14,20.94,14.18,15.42,4.51,8.9,6.06
US-xSE,-76.56,38.8901,2011,5,15,23.46,16.01,17.58,3.45,18.87,10.19
US-xSE,-76.56,38.8901,2011,5,16,24.55,14.59,16.5,2.46,22.47,3.11
US-xSE,-76.56,38.8901,2011,5,17,22.35,16.46,16.78,6.78,17.04,4.86
US-xSE,-76.56,38.8901,2011,5,18,22.26,15.51,16.53,4.53,14.58,4.2
US-xSE,-76.56,38.8901,2011,5,19,21.89,14.28,15.17,2.16,19.81,8.44
US-xSE,-76.56,38.8901,2011,5,20,20.49,12.32,13.87,3.94,20.1,0.93
US-xSE,-76.56,38.8901,2011,5,21,25.17,13.32,15.64,2.57,27.74,0.22
US-xSE,-76.56,38.8901,2011,5,22,24.55,16.81,17.39,3.9,18.63,0.57
US-xSE,-76.56,38.8901,2011,5,23,25.52,17.11,19.73,4.56,21.46,1.07
US-xSE,-76.56,38.8901,2011,5,24,27.71,19.3,20.01,4.18,21.45,0.41
US-xSE,-76.56,38.8901,2011,5,25,28.38,18.33,19.26,2.38,27.34,0.01
US-xSE,-76.56,38.8901,2011,5,26,29.59,19.56,20.85,4.4,24.82,0.21
US-xSE,-76.56,38.8901,2011,5,27,27.39,19.7,19.95,4.41,24.83,0.36
US-xSE,-76.56,38.8901,2011,5,28,27.08,19.57,19.72,4.47,24.85,0.19
US-xSE,-76.56,38.8901,2011,5,29,28.34,20.9,21.18,3.78,21.12,0
US-xSE,-76.56,38.8901,2011,5,30,31.71,21.34,22.08,3.01,27.02,0.28
US-xSE,-76.56,38.8901,2011,5,31,32.39,22.04,21.73,2.31,27.76,0.02
US-xSE,-76.56,38.8901,2011,6,1,31.16,21.68,22.35,3.82,25.48,1.18
US-xSE,-76.56,38.8901,2011,6,2,26.9,16.66,14.14,6.61,30.74,0
US-xSE,-76.56,38.8901,2011,6,3,24.24,13.27,10.46,4.62,30.5,0.07
US-xSE,-76.56,38.8901,2011,6,4,26.35,12.97,11.65,2.74,24.62,0.27
US-xSE,-76.56,38.8901,2011,6,5,24.79,17.53,16.71,2.28,14.4,0.99
US-xSE,-76.56,38.8901,2011,6,6,27.88,18.26,16.89,2.41,27.71,0.1
US-xSE,-76.56,38.8901,2011,6,7,30.25,17.8,17.83,3.75,25.23,0
US-xSE,-76.56,38.8901,2011,6,8,32.87,21.11,20.84,2.81,28.23,0
US-xSE,-76.56,38.8901,2011,6,9,33.27,24.34,22.66,2.67,27.07,3.95
US-xSE,-76.56,38.8901,2011,6,10,30.37,22.25,21.83,2.71,25.65,2.62
US-xSE,-76.56,38.8901,2011,6,11,30.47,21.24,21.24,2.09,22.84,6.8
US-xSE,-76.56,38.8901,2011,6,12,29.64,21.16,20.6,1.86,23.47,15.72
US-xSE,-76.56,38.8901,2011,6,13,25.05,17.95,15.13,4.48,27.53,0.13
US-xSE,-76.56,38.8901,2011,6,14,23.54,15.69,14.45,4.3,24.62,0.26
US-xSE,-76.56,38.8901,2011,6,15,27.16,14.48,13.25,3.11,30.44,0.01
US-xSE,-76.56,38.8901,2011,6,16,26.75,16.82,15.69,5.15,14.85,7.24
US-xSE,-76.56,38.8901,2011,6,17,28.18,19.94,19.04,3.34,23.71,8.67
US-xSE,-76.56,38.8901,2011,6,18,28.91,19.57,19.96,2.59,22.95,1.16
US-xSE,-76.56,38.8901,2011,6,19,28.71,20.59,18.59,2.97,13.16,1.22
US-xSE,-76.56,38.8901,2011,6,20,26.43,18.59,16.55,2.66,16.83,5.15
US-xSE,-76.56,38.8901,2011,6,21,29.74,19.55,19.76,3.81,21.91,2.81
US-xSE,-76.56,38.8901,2011,6,22,32.2,21.76,21.67,2.73,22.36,0.7
US-xSE,-76.56,38.8901,2011,6,23,30.79,22.91,20.62,3.67,15.19,0.12
US-xSE,-76.56,38.8901,2011,6,24,30.89,21.49,19.22,3.59,26.47,0.5
US-xSE,-76.56,38.8901,2011,6,25,29.05,19.35,17,3.18,24.29,0.2
US-xSE,-76.56,38.8901,2011,6,26,28.87,18.75,16.49,2.86,24.61,0.32
US-xSE,-76.56,38.8901,2011,6,27,29.19,21.45,19.21,1.82,21.72,0.93
US-xSE,-76.56,38.8901,2011,6,28,31.36,21.29,21.63,2.65,26.21,4.63
US-xSE,-76.56,38.8901,2011,6,29,30.31,21.46,17.4,4.18,29.31,0.85
US-xSE,-76.56,38.8901,2011,6,30,29.69,18.48,14.82,3.1,29.84,0.01
US-xSE,-76.56,38.8901,2011,7,1,30.68,19.21,13.95,2.77,30.07,0
US-xSE,-76.56,38.8901,2011,7,2,32.09,19.17,14.89,1.85,28.69,0.86
US-xSE,-76.56,38.8901,2011,7,3,30.79,22.77,21.59,2.98,23.23,11.7
US-xSE,-76.56,38.8901,2011,7,4,29.81,22.42,20.88,1.83,18.34,0.39
US-xSE,-76.56,38.8901,2011,7,5,32.97,21.76,20.03,1.93,26.39,0.27
US-xSE,-76.56,38.8901,2011,7,6,31.3,22.7,21.02,3.17,11.45,1.87
US-xSE,-76.56,38.8901,2011,7,7,34.34,22.23,20.41,2.73,26.95,4.38
US-xSE,-76.56,38.8901,2011,7,8,28.96,23.19,23.23,3.81,18.88,27.68
US-xSE,-76.56,38.8901,2011,7,9,31.32,21.47,19.05,3.43,28.25,2.06
US-xSE,-76.56,38.8901,2011,7,10,32.4,20.01,18.2,2.11,27.43,0.01
US-xSE,-76.56,38.8901,2011,7,11,32.87,22.03,21.96,4.62,27.5,4.27
US-xSE,-76.56,38.8901,2011,7,12,33.69,24.96,22.03,4.28,26.77,0.36
US-xSE,-76.56,38.8901,2011,7,13,33.37,22.73,20.38,3.65,18.01,4.48
US-xSE,-76.56,38.8901,2011,7,14,29.54,19.7,14.53,4.25,29.64,0
US-xSE,-76.56,38.8901,2011,7,15,28.67,18.96,15.47,3.18,21.62,0
US-xSE,-76.56,38.8901,2011,7,16,30.1,18.42,15.68,3.75,28.69,0
US-xSE,-76.56,38.8901,2011,7,17,31.7,20.24,18.34,3.85,27.92,0.02
US-xSE,-76.56,38.8901,2011,7,18,33.65,22.25,19.98,3.73,27.81,0
US-xSE,-76.56,38.8901,2011,7,19,33.96,24.92,22.56,2.01,19.62,6.37
US-xSE,-76.56,38.8901,2011,7,20,34.62,23.55,22.42,2.03,25.88,0.17
US-xSE,-76.56,38.8901,2011,7,21,35.8,24.7,23.66,3.62,25.98,0.01
US-xSE,-76.56,38.8901,2011,7,22,36.92,27.7,23.8,2.95,26.04,0.37
US-xSE,-76.56,38.8901,2011,7,23,37.84,27.28,22.24,2.85,25.43,0.7
US-xSE,-76.56,38.8901,2011,7,24,34.43,27.52,22.72,2.67,19.74,6.07
US-xSE,-76.56,38.8901,2011,7,25,30.46,25.36,23.69,1.9,18.67,17.5
US-xSE,-76.56,38.8901,2011,7,26,33.4,23.92,18.62,3.36,27.75,0.22
US-xSE,-76.56,38.8901,2011,7,27,31.96,23.46,15.08,3.08,28.21,0
US-xSE,-76.56,38.8901,2011,7,28,33.76,22.88,20.58,3,21.5,0.59
US-xSE,-76.56,38.8901,2011,7,29,37.23,25.34,22.53,3.1,25.27,0.64
US-xSE,-76.56,38.8901,2011,7,30,34.87,26.06,18.16,3.27,26.68,0
US-xSE,-76.56,38.8901,2011,7,31,35.14,23.84,18.1,2.16,22.65,0.13
US-xSE,-76.56,38.8901,2011,8,1,34.93,23.37,20.04,2.39,26.02,5.71
US-xSE,-76.56,38.8901,2011,8,2,33.56,23.4,18.03,3.99,26.44,1.61
US-xSE,-76.56,38.8901,2011,8,3,30.42,24.27,20.6,2.9,7.68,6.82
US-xSE,-76.56,38.8901,2011,8,4,30.52,21.98,21.05,3.58,13.94,0.56
US-xSE,-76.56,38.8901,2011,8,5,31.9,20.34,17.83,3.88,21.95,0.01
US-xSE,-76.56,38.8901,2011,8,6,32.51,23.17,20.81,5.3,21.16,4.07
US-xSE,-76.56,38.8901,2011,8,7,32.54,24.92,24.06,4.06,20.85,9.28
US-xSE,-76.56,38.8901,2011,8,8,33.46,23.69,20.39,3.88,25.35,0.09
US-xSE,-76.56,38.8901,2011,8,9,33.88,24.54,20.93,3.46,18.59,4.81
US-xSE,-76.56,38.8901,2011,8,10,32.66,22.48,16.99,4.37,23.54,0.14
US-xSE,-76.56,38.8901,2011,8,11,30.3,21.36,14.03,3.48,25.36,0
US-xSE,-76.56,38.8901,2011,8,12,30.76,18.18,11.69,2.31,25.46,0.12
US-xSE,-76.56,38.8901,2011,8,13,29.64,20.66,19.94,4.48,10.75,9.86
US-xSE,-76.56,38.8901,2011,8,14,27.56,23.03,22.49,4.68,12.13,37.55
US-xSE,-76.56,38.8901,2011,8,15,27.89,21.04,20.66,3.18,16.69,13.57
US-xSE,-76.56,38.8901,2011,8,16,27.9,19.68,18.66,4.3,21.45,0.28
US-xSE,-76.56,38.8901,2011,8,17,30.43,20.19,18.77,2.36,25.1,0.26
US-xSE,-76.56,38.8901,2011,8,18,30.08,22.41,19.67,4.56,22.63,8.32
US-xSE,-76.56,38.8901,2011,8,19,29.61,21.11,19.74,1.85,16.34,7.77
US-xSE,-76.56,38.8901,2011,8,20,30.43,18.86,17.83,1.81,24.55,0
US-xSE,-76.56,38.8901,2011,8,21,30,22.32,22.68,4.43,16.64,22.08
US-xSE,-76.56,38.8901,2011,8,22,26.55,19.23,16.31,4.09,24.24,0.03
US-xSE,-76.56,38.8901,2011,8,23,26.34,15.95,12.24,2.36,25.64,0
US-xSE,-76.56,38.8901,2011,8,24,28.69,17.19,17.15,5,23.4,0.03
US-xSE,-76.56,38.8901,2011,8,25,29.04,23.07,22.38,5.22,15.5,12.62
US-xSE,-76.56,38.8901,2011,8,26,30.46,21.06,21.91,2.29,18.65,2.2
US-xSE,-76.56,38.8901,2011,8,27,24.56,23,22.35,10.12,1.91,128.08
US-xSE,-76.56,38.8901,2011,8,28,26.7,19.22,19.5,10.4,19.58,16.35
US-xSE,-76.56,38.8901,2011,8,29,23.78,16.9,14.96,3.06,21.02,0
US-xSE,-76.56,38.8901,2011,8,30,25.83,15.39,14.51,2.65,24.54,0
US-xSE,-76.56,38.8901,2011,8,31,26.95,16.25,15.66,1.53,23.72,0.03
US-xSE,-76.56,38.8901,2011,9,1,26.37,17.24,16.96,2.65,20.3,0.32
US-xSE,-76.56,38.8901,2011,9,2,24.5,18.69,17.12,3.5,10.9,0.73
US-xSE,-76.56,38.8901,2011,9,3,26.62,18.14,19.54,3.16,19.05,0.53
US-xSE,-76.56,38.8901,2011,9,4,27.91,21.34,21.8,4.39,19.61,2.4
US-xSE,-76.56,38.8901,2011,9,5,27.2,21.97,22.16,4.73,14.95,25.73
US-xSE,-76.56,38.8901,2011,9,6,22.56,17.05,18,5.62,3.99,26.45
US-xSE,-76.56,38.8901,2011,9,7,26.12,21.92,23.37,4.96,8.09,56.49
US-xSE,-76.56,38.8901,2011,9,8,25.07,21.53,22.72,4.04,9.53,40.42
US-xSE,-76.56,38.8901,2011,9,9,27.11,20.37,21.67,2.52,14.08,4.93
US-xSE,-76.56,38.8901,2011,9,10,27.13,18.46,20.1,2.13,20.38,0.8
US-xSE,-76.56,38.8901,2011,9,11,26.82,19.43,19.68,1.3,19.81,6.15
US-xSE,-76.56,38.8901,2011,9,12,26.49,17.8,18.29,2.07,21.22,0.42
US-xSE,-76.56,38.8901,2011,9,13,26.96,18.05,19.12,2.85,21.5,0
US-xSE,-76.56,38.8901,2011,9,14,28.2,18.19,20.11,3.43,20.39,0.55
US-xSE,-76.56,38.8901,2011,9,15,26.66,12.12,16.83,4.93,13.78,1.6
US-xSE,-76.56,38.8901,2011,9,16,16.23,9.29,8.13,2.92,17.62,0.29
US-xSE,-76.56,38.8901,2011,9,17,17.71,11.25,10.83,3.21,6.48,0.98
US-xSE,-76.56,38.8901,2011,9,18,20.52,11.35,12.67,4.48,8.71,0.04
US-xSE,-76.56,38.8901,2011,9,19,21.09,11.38,13.46,3.29,15.51,0.01
US-xSE,-76.56,38.8901,2011,9,20,21.97,15.91,17.3,3.35,8.23,1.88
US-xSE,-76.56,38.8901,2011,9,21,24.61,16.85,19.23,3.05,9.17,1.85
US-xSE,-76.56,38.8901,2011,9,22,25.78,19.22,20.66,2.48,9.07,2.19
US-xSE,-76.56,38.8901,2011,9,23,23.59,20.27,21.36,3.08,5.06,42.09
US-xSE,-76.56,38.8901,2011,9,24,23.44,18.83,19.93,1.71,6.23,1.35
US-xSE,-76.56,38.8901,2011,9,25,25.64,19.42,20.42,1.8,9.17,0.51
US-xSE,-76.56,38.8901,2011,9,26,25.94,19.57,20.56,2.08,13.36,0.04
US-xSE,-76.56,38.8901,2011,9,27,24.41,20.81,21.44,3.99,7.94,1.07
US-xSE,-76.56,38.8901,2011,9,28,25.37,20.37,21.38,3.8,13.31,7.53
US-xSE,-76.56,38.8901,2011,9,29,23.64,16.45,17.79,3.22,15.99,1.89
US-xSE,-76.56,38.8901,2011,9,30,23.92,14.55,16.21,3.91,15.02,2.86
US-xSE,-76.56,38.8901,2011,10,1,14.25,10.77,10.61,5.72,9,6.53
US-xSE,-76.56,38.8901,2011,10,2,11.01,7.02,6.93,5.11,7.27,1.8
US-xSE,-76.56,38.8901,2011,10,3,12.13,7.37,6.96,2.58,8.64,1.07
US-xSE,-76.56,38.8901,2011,10,4,19.01,7.57,10.76,4.66,17.04,0.07
US-xSE,-76.56,38.8901,2011,10,5,20.86,11.52,12.17,4.85,18.53,0
US-xSE,-76.56,38.8901,2011,10,6,19.19,8.54,8.43,2.3,18.83,0
US-xSE,-76.56,38.8901,2011,10,7,20.57,9.49,10.33,2.18,18,0
US-xSE,-76.56,38.8901,2011,10,8,21.25,11.42,10.88,1.37,17.84,0
US-xSE,-76.56,38.8901,2011,10,9,24.57,10.09,12.22,2.09,17.55,0
US-xSE,-76.56,38.8901,2011,10,10,26.12,12.44,13.88,2.15,14.18,0.05
US-xSE,-76.56,38.8901,2011,10,11,21.59,14.17,16.9,3.44,5.36,0.16
US-xSE,-76.56,38.8901,2011,10,12,19.55,16.85,16.91,5.84,4.12,6.53
US-xSE,-76.56,38.8901,2011,10,13,24.25,17.39,19.05,4.89,7.98,6.12
US-xSE,-76.56,38.8901,2011,10,14,20.44,12.84,15.32,5.78,11.35,6.75
US-xSE,-76.56,38.8901,2011,10,15,19.54,11.82,9.85,6.84,17.33,0
US-xSE,-76.56,38.8901,2011,10,16,19.72,9.83,9.64,5.99,16.6,0
US-xSE,-76.56,38.8901,2011,10,17,20.06,13.84,12.78,3.94,14.84,0
US-xSE,-76.56,38.8901,2011,10,18,21.94,12.02,13.95,2.77,12.24,2.34
US-xSE,-76.56,38.8901,2011,10,19,22.91,16.32,18.65,5.52,4.04,11.16
US-xSE,-76.56,38.8901,2011,10,20,20.67,10.65,10.07,8.08,12.48,1.22
US-xSE,-76.56,38.8901,2011,10,21,15.11,8.26,7.37,4.69,15.24,0
US-xSE,-76.56,38.8901,2011,10,22,15.1,6.28,7.46,2.61,10.78,0
US-xSE,-76.56,38.8901,2011,10,23,16.86,9.56,7.53,1.74,14.2,0
US-xSE,-76.56,38.8901,2011,10,24,17.73,9.07,10.79,3.29,12.68,0.44
US-xSE,-76.56,38.8901,2011,10,25,17.46,8.81,8.83,4.6,15.5,0.01
US-xSE,-76.56,38.8901,2011,10,26,18.74,9.81,11.53,4.22,10.92,0.19
US-xSE,-76.56,38.8901,2011,10,27,19.38,6.37,12.34,5.6,6.93,4.17
US-xSE,-76.56,38.8901,2011,10,28,9.42,3.27,2.35,4.31,7.39,2.37
US-xSE,-76.56,38.8901,2011,10,29,5.07,2.09,2.79,8.23,2.12,32.09
US-xSE,-76.56,38.8901,2011,10,30,10.19,0.36,1.02,4.1,14.79,0
US-xSE,-76.56,38.8901,2011,10,31,12.64,1.36,3.7,2.85,11.5,0.25
US-xSE,-76.56,38.8901,2011,11,1,14.17,5.69,5.95,3.67,12.67,0.37
US-xSE,-76.56,38.8901,2011,11,2,14.99,4.26,5.5,1.98,13.7,0
US-xSE,-76.56,38.8901,2011,11,3,15.87,5.33,7.58,3.96,12.39,0
US-xSE,-76.56,38.8901,2011,11,4,12.74,4.79,5.73,5.44,8.71,0.03
US-xSE,-76.56,38.8901,2011,11,5,10.71,1.5,0.85,4.71,14.13,0
US-xSE,-76.56,38.8901,2011,11,6,13,3.58,4.74,2.44,11.78,0
US-xSE,-76.56,38.8901,2011,11,7,16.24,5,7.61,2.39,13.47,0
US-xSE,-76.56,38.8901,2011,11,8,17.48,5.93,7.61,2.31,12.62,0
US-xSE,-76.56,38.8901,2011,11,9,16.8,5.47,9.8,2.75,10.31,0
US-xSE,-76.56,38.8901,2011,11,10,14.87,6.61,8.87,4.49,5.54,1.2
US-xSE,-76.56,38.8901,2011,11,11,8.46,2.89,1.28,7.07,12.31,0.01
US-xSE,-76.56,38.8901,2011,11,12,14.3,0.61,3.64,4.86,12.8,0
US-xSE,-76.56,38.8901,2011,11,13,14.92,5.9,6.23,6,7.53,0
US-xSE,-76.56,38.8901,2011,11,14,19.37,9.56,11.69,6.2,10.8,0
US-xSE,-76.56,38.8901,2011,11,15,19.12,13.96,14.28,3.09,4.19,1.29
US-xSE,-76.56,38.8901,2011,11,16,17.39,12.3,13.81,3.96,2.07,12.93
US-xSE,-76.56,38.8901,2011,11,17,11.61,2.94,3.87,6.81,3.06,8.29
US-xSE,-76.56,38.8901,2011,11,18,6.93,0.16,-2.59,4.47,12.53,0
US-xSE,-76.56,38.8901,2011,11,19,11.23,0.61,2.44,4.76,11.75,0
US-xSE,-76.56,38.8901,2011,11,20,16.6,8.11,10.8,4.29,6.46,0.67
US-xSE,-76.56,38.8901,2011,11,21,14.79,10.24,11.32,2.99,4.2,4.02
US-xSE,-76.56,38.8901,2011,11,22,15.03,10.11,11.83,4.77,1.83,18.3
US-xSE,-76.56,38.8901,2011,11,23,16.1,5.05,9.92,7.83,3.94,17.84
US-xSE,-76.56,38.8901,2011,11,24,13,2.27,4.45,4.2,11.5,0
US-xSE,-76.56,38.8901,2011,11,25,15.51,2.6,5.67,3.39,10.88,0
US-xSE,-76.56,38.8901,2011,11,26,13.67,5.12,7.18,2.31,7.41,0
US-xSE,-76.56,38.8901,2011,11,27,17.36,7,10.92,5.35,9.5,0
US-xSE,-76.56,38.8901,2011,11,28,18.64,11.43,13.15,5.01,7.8,0.34
US-xSE,-76.56,38.8901,2011,11,29,18.89,7.99,11.91,6.36,2.09,15.6
US-xSE,-76.56,38.8901,2011,11,30,9.64,3.18,3.4,5.96,7.6,0.02
US-xSE,-76.56,38.8901,2011,12,1,9.81,0.76,1.17,4.66,11.07,0
US-xSE,-76.56,38.8901,2011,12,2,12.15,1.68,2.68,2.95,10.9,0
US-xSE,-76.56,38.8901,2011,12,3,9.01,-0.69,1.98,3.02,10.11,0
US-xSE,-76.56,38.8901,2011,12,4,12.82,2.91,6.78,2.92,9.2,0
US-xSE,-76.56,38.8901,2011,12,5,14.11,6.29,10.17,3.47,5.21,0.02
US-xSE,-76.56,38.8901,2011,12,6,16.02,12.01,13.58,4.66,2.23,2.81
US-xSE,-76.56,38.8901,2011,12,7,14.56,2.7,10.8,4.61,2.14,58.47
US-xSE,-76.56,38.8901,2011,12,8,6.01,0.99,-0.95,5.76,10.52,0.01
US-xSE,-76.56,38.8901,2011,12,9,10.51,-0.51,2.92,3.41,7.71,0.02
US-xSE,-76.56,38.8901,2011,12,10,6.58,-2.1,-0.33,5.07,9.59,0.08
US-xSE,-76.56,38.8901,2011,12,11,4.64,-3.06,-3.88,2.38,10.52,0
US-xSE,-76.56,38.8901,2011,12,12,6.28,-1.29,-1.93,1.15,8.33,0
US-xSE,-76.56,38.8901,2011,12,13,8.16,-1.31,-0.4,3.56,9.88,0
US-xSE,-76.56,38.8901,2011,12,14,10.71,0.19,2.6,2.69,4.95,0
US-xSE,-76.56,38.8901,2011,12,15,13.73,4.51,8.33,6.54,6.71,0.33
US-xSE,-76.56,38.8901,2011,12,16,13.51,3.02,3.4,5.29,4.96,0.1
US-xSE,-76.56,38.8901,2011,12,17,5.51,-0.76,-0.48,4.23,5.62,0.01
US-xSE,-76.56,38.8901,2011,12,18,3.07,-1.92,-2.14,2.61,6.41,0
US-xSE,-76.56,38.8901,2011,12,19,8.4,-1.54,1.32,4.94,9.6,0
US-xSE,-76.56,38.8901,2011,12,20,11.39,5.23,5.4,3.07,5.24,0.08
US-xSE,-76.56,38.8901,2011,12,21,13.41,6.4,10.19,5.29,2.52,3.36
US-xSE,-76.56,38.8901,2011,12,22,14.39,6.92,8.65,2.99,6.49,7.33
US-xSE,-76.56,38.8901,2011,12,23,12.59,2.26,5.73,5.37,6.81,14.31
US-xSE,-76.56,38.8901,2011,12,24,5.95,-0.92,-0.78,3.62,9.09,0
US-xSE,-76.56,38.8901,2011,12,25,8.32,-1.5,1.45,4.32,8.31,0
US-xSE,-76.56,38.8901,2011,12,26,7.77,1.46,0.74,5.67,10.26,0
US-xSE,-76.56,38.8901,2011,12,27,12.5,2.1,5.76,6.55,2.31,16.46
US-xSE,-76.56,38.8901,2011,12,28,5.76,-1.95,-1,7.75,9.26,0
US-xSE,-76.56,38.8901,2011,12,29,4.43,-2.88,-1.96,3.02,5.37,0.03
US-xSE,-76.56,38.8901,2011,12,30,10.66,0.33,3.66,3.65,7.84,0
US-xSE,-76.56,38.8901,2011,12,31,12.97,4,6.74,4.63,8.51,0.03
US-xSE,-76.56,38.8901,2012,1,1,11.59,1.95,5.32,5.33,8.88,0.21
US-xSE,-76.56,38.8901,2012,1,2,5.45,-0.74,-2.46,6.91,7.8,0
US-xSE,-76.56,38.8901,2012,1,3,-1.14,-4.56,-6.46,7.03,6.72,0
US-xSE,-76.56,38.8901,2012,1,4,-0.25,-7.18,-7.99,4.52,7.34,0.02
US-xSE,-76.56,38.8901,2012,1,5,5.34,-1.34,-1.36,3.55,9.19,0
US-xSE,-76.56,38.8901,2012,1,6,10.58,-0.45,2.45,4.41,9.41,0.01
US-xSE,-76.56,38.8901,2012,1,7,14.27,1.56,5.03,4.47,9.2,0
US-xSE,-76.56,38.8901,2012,1,8,8.68,-0.71,0.7,3.78,9.58,0
US-xSE,-76.56,38.8901,2012,1,9,4.38,-1.9,-1.49,2.11,2.93,1.71
US-xSE,-76.56,38.8901,2012,1,10,8.98,-0.42,1.27,3.86,10.62,0.03
US-xSE,-76.56,38.8901,2012,1,11,8.78,-0.02,3.76,4.84,3.11,13.87
US-xSE,-76.56,38.8901,2012,1,12,11.71,6.13,8.02,5.68,8.84,8.43
US-xSE,-76.56,38.8901,2012,1,13,9.11,-2.32,-2.47,8.5,9.88,1.7
US-xSE,-76.56,38.8901,2012,1,14,1.29,-2.89,-5.26,5.63,10.79,0
US-xSE,-76.56,38.8901,2012,1,15,-0.89,-4.15,-7.23,4.89,11.41,0
US-xSE,-76.56,38.8901,2012,1,16,3.27,-4.93,-4.49,5.2,10.29,0.16
US-xSE,-76.56,38.8901,2012,1,17,11.77,2.34,5.8,7.98,4.89,6.33
US-xSE,-76.56,38.8901,2012,1,18,10.26,-3.34,-1.89,7.35,11.64,0.07
US-xSE,-76.56,38.8901,2012,1,19,2.74,-4.59,-4.57,4.18,11.29,0
US-xSE,-76.56,38.8901,2012,1,20,1.04,-2.69,-4.73,4.17,6.3,0.38
US-xSE,-76.56,38.8901,2012,1,21,1.87,-3.41,-1.55,4.36,1.66,8.5
US-xSE,-76.56,38.8901,2012,1,22,0.89,-3.89,-2.49,4.4,3.98,0
US-xSE,-76.56,38.8901,2012,1,23,6.32,0.73,3.97,3.81,2.61,1.23
US-xSE,-76.56,38.8901,2012,1,24,9.22,1.98,3.7,3.55,10.34,0.48
US-xSE,-76.56,38.8901,2012,1,25,6.81,-1.58,-0.08,2.74,10.75,0.01
US-xSE,-76.56,38.8901,2012,1,26,11.15,1.25,5.29,4.05,6.43,0.64
US-xSE,-76.56,38.8901,2012,1,27,16.17,3.08,7.99,8.33,5.55,6.21
US-xSE,-76.56,38.8901,2012,1,28,9.3,-0.1,1.01,4.48,12.37,0
US-xSE,-76.56,38.8901,2012,1,29,6.49,-2.23,-2.48,5.09,11.96,0
US-xSE,-76.56,38.8901,2012,1,30,5.07,-2.06,-3.32,5.47,13.02,0
US-xSE,-76.56,38.8901,2012,1,31,13.62,1.45,4,5.47,11.49,0
US-xSE,-76.56,38.8901,2012,2,1,16.36,6.68,7.76,4.83,9.39,0.37
US-xSE,-76.56,38.8901,2012,2,2,10.43,2.63,4.92,4.05,6.1,2.19
US-xSE,-76.56,38.8901,2012,2,3,7.7,-1.13,-0.3,3.32,13.84,0
US-xSE,-76.56,38.8901,2012,2,4,7.53,-0.29,2.45,2.59,4.79,2.22
US-xSE,-76.56,38.8901,2012,2,5,5.82,0.06,-0.34,3.66,7.15,1
US-xSE,-76.56,38.8901,2012,2,6,8.88,-1.96,0.33,3.83,14.22,0
US-xSE,-76.56,38.8901,2012,2,7,9.78,-0.11,1.02,4.21,14.07,0
US-xSE,-76.56,38.8901,2012,2,8,5.13,-0.65,0.29,3.45,3.3,2.18
US-xSE,-76.56,38.8901,2012,2,9,5.88,-1.49,-2.09,4.13,14.82,0.08
US-xSE,-76.56,38.8901,2012,2,10,7,-1.04,-0.32,2.05,11.43,0.8
US-xSE,-76.56,38.8901,2012,2,11,3.51,-3.44,-1.1,6.31,5.85,3.55
US-xSE,-76.56,38.8901,2012,2,12,-1.46,-5,-7.98,10.1,13.56,0.26
US-xSE,-76.56,38.8901,2012,2,13,5.54,-3.47,-3.7,5.03,15.15,0
US-xSE,-76.56,38.8901,2012,2,14,8.78,0.38,1.04,2.82,11,0.01
US-xSE,-76.56,38.8901,2012,2,15,9.59,0.98,2.02,4,14.75,0
US-xSE,-76.56,38.8901,2012,2,16,8.76,1.07,4.01,3.38,3.21,2.52
US-xSE,-76.56,38.8901,2012,2,17,9.72,1.63,2.24,4.77,15.17,0.08
US-xSE,-76.56,38.8901,2012,2,18,10.4,-0.59,1.17,4.34,15.46,0
US-xSE,-76.56,38.8901,2012,2,19,6.1,0.55,-0.15,4.03,5.01,1.92
US-xSE,-76.56,38.8901,2012,2,20,7.23,-0.7,-1.45,4.85,16.26,0.22
US-xSE,-76.56,38.8901,2012,2,21,8.22,-2.07,1.22,5.41,11.73,0
US-xSE,-76.56,38.8901,2012,2,22,13.75,3.2,5.44,4.86,14.15,1.22
US-xSE,-76.56,38.8901,2012,2,23,15.01,7.84,7.27,4.89,15.03,1.43
US-xSE,-76.56,38.8901,2012,2,24,15.64,5.19,8.96,5.36,9.57,9.36
US-xSE,-76.56,38.8901,2012,2,25,5.44,0.39,-2.38,10.34,15.39,0
US-xSE,-76.56,38.8901,2012,2,26,7.63,-1.79,-1.92,4.19,17.23,0
US-xSE,-76.56,38.8901,2012,2,27,13.59,-0.32,3.56,5.77,17.03,0
US-xSE,-76.56,38.8901,2012,2,28,10.17,0.7,0.65,3.89,18.32,0
US-xSE,-76.56,38.8901,2012,2,29,11.45,1.53,7.18,4.87,4.01,34.97
US-xSE,-76.56,38.8901,2012,3,1,16.61,4.76,8.77,6.01,17.39,0.08
US-xSE,-76.56,38.8901,2012,3,2,10.37,1.21,4.38,4.34,11.31,7.16
US-xSE,-76.56,38.8901,2012,3,3,13.17,5.89,6.03,5.71,8.27,5.29
US-xSE,-76.56,38.8901,2012,3,4,6.42,1.23,-0.5,5.1,11.75,0.19
US-xSE,-76.56,38.8901,2012,3,5,4.28,-0.97,-1.57,4.35,7.13,0.6
US-xSE,-76.56,38.8901,2012,3,6,6.96,-3.2,-3.26,3.6,18.96,0
US-xSE,-76.56,38.8901,2012,3,7,15.07,1.66,5.03,6.56,19.08,0
US-xSE,-76.56,38.8901,2012,3,8,18.74,8.6,10.71,8.21,16.1,0.02
US-xSE,-76.56,38.8901,2012,3,9,14.41,1.3,2.53,6.63,13.79,1.12
US-xSE,-76.56,38.8901,2012,3,10,6.32,-1.09,-4.33,4.39,20.73,0
US-xSE,-76.56,38.8901,2012,3,11,13.09,-0.37,2.31,4.67,19.45,0
US-xSE,-76.56,38.8901,2012,3,12,16.76,3.24,7.99,4.24,19.06,0.02
US-xSE,-76.56,38.8901,2012,3,13,21.83,11.8,13.59,4.98,18.31,2.41
US-xSE,-76.56,38.8901,2012,3,14,21.35,10.94,10.14,3.52,19.97,0
US-xSE,-76.56,38.8901,2012,3,15,19.95,9.57,12.16,3.32,17.41,0.01
US-xSE,-76.56,38.8901,2012,3,16,15.12,8.24,10.41,2.39,8.58,0.14
US-xSE,-76.56,38.8901,2012,3,17,19.87,9.03,11.77,2.87,18.94,0
US-xSE,-76.56,38.8901,2012,3,18,17.4,7.88,10.24,2.42,14.91,0
US-xSE,-76.56,38.8901,2012,3,19,21.21,9.18,13.06,3.27,17.81,0.49
US-xSE,-76.56,38.8901,2012,3,20,21.16,11.07,14.26,2.9,12.41,0.72
US-xSE,-76.56,38.8901,2012,3,21,21.19,10.78,14.38,2.41,11.26,0.06
US-xSE,-76.56,38.8901,2012,3,22,22.69,13.59,15.6,2.44,17.95,0.01
US-xSE,-76.56,38.8901,2012,3,23,24.82,14.02,15.35,2.36,19.62,0.04
US-xSE,-76.56,38.8901,2012,3,24,18.59,12.47,13.65,5.37,6.37,6.69
US-xSE,-76.56,38.8901,2012,3,25,14.9,10.84,11.14,3.85,5.47,1.95
US-xSE,-76.56,38.8901,2012,3,26,13.99,2.92,4.32,8,23.39,0
US-xSE,-76.56,38.8901,2012,3,27,11.25,-0.08,-2.59,4.33,24.36,0
US-xSE,-76.56,38.8901,2012,3,28,19.95,5.96,9.91,6.68,17.9,0.5
US-xSE,-76.56,38.8901,2012,3,29,14.9,6.32,6.86,6.33,23.17,0.1
US-xSE,-76.56,38.8901,2012,3,30,11.81,2.78,4.2,3.09,13.98,0.39
US-xSE,-76.56,38.8901,2012,3,31,13.04,4.93,7.95,4.15,11.72,0.35
US-xSE,-76.56,38.8901,2012,4,1,15.34,4.16,6.55,2.65,17.85,3.46
US-xSE,-76.56,38.8901,2012,4,2,13.84,5.63,3.98,6.71,24.87,0.05
US-xSE,-76.56,38.8901,2012,4,3,17.62,3.24,3.64,3.61,24.48,0
US-xSE,-76.56,38.8901,2012,4,4,20.33,10.19,9.71,4.8,18.8,0.01
US-xSE,-76.56,38.8901,2012,4,5,14.54,4.98,3.81,2.95,17.08,0
US-xSE,-76.56,38.8901,2012,4,6,14.09,2.83,1.44,5.85,25.72,0
US-xSE,-76.56,38.8901,2012,4,7,15.55,2.3,1.74,5.55,25.87,0
US-xSE,-76.56,38.8901,2012,4,8,18.91,4,4.99,5.78,24.83,0
US-xSE,-76.56,38.8901,2012,4,9,17.38,6.34,5,6.53,20.07,0.01
US-xSE,-76.56,38.8901,2012,4,10,16.76,6.68,5.12,5.77,23.44,0.19
US-xSE,-76.56,38.8901,2012,4,11,9.91,3.79,2.32,6.12,18.36,0.05
US-xSE,-76.56,38.8901,2012,4,12,13.91,4.15,3.75,5.43,21.62,0
US-xSE,-76.56,38.8901,2012,4,13,16.21,4.78,4.06,3.42,25.82,0
US-xSE,-76.56,38.8901,2012,4,14,20.47,5.25,8.2,4.41,21,0.07
US-xSE,-76.56,38.8901,2012,4,15,25.23,13.47,14.22,4.05,21.7,0.2
US-xSE,-76.56,38.8901,2012,4,16,26.61,14.43,16.33,4.57,25.24,0
US-xSE,-76.56,38.8901,2012,4,17,22.18,13.17,11.46,5.18,22.96,0
US-xSE,-76.56,38.8901,2012,4,18,15.13,11.46,8.96,3.37,6.29,1.79
US-xSE,-76.56,38.8901,2012,4,19,19.66,10.84,10.8,1.49,24.53,0.49
US-xSE,-76.56,38.8901,2012,4,20,21.89,9.52,12.28,2.53,23.34,0.01
US-xSE,-76.56,38.8901,2012,4,21,24.42,11.08,14.32,5.57,20.83,1.56
US-xSE,-76.56,38.8901,2012,4,22,11.2,6.82,7.7,7.91,4.53,42.6
US-xSE,-76.56,38.8901,2012,4,23,10.39,5.62,3.96,7.55,13.27,1.15
US-xSE,-76.56,38.8901,2012,4,24,16.17,5.14,3.38,5.31,25.5,0.02
US-xSE,-76.56,38.8901,2012,4,25,18.38,6.4,5.43,3.53,26.11,0
US-xSE,-76.56,38.8901,2012,4,26,17.52,11.12,12.95,3.84,7.28,3.34
US-xSE,-76.56,38.8901,2012,4,27,15.05,6.51,4.69,7.11,28.23,0
US-xSE,-76.56,38.8901,2012,4,28,14.27,4.72,3.82,1.93,11.57,3.91
US-xSE,-76.56,38.8901,2012,4,29,18.42,5.87,6.01,2.59,26.04,1.91
US-xSE,-76.56,38.8901,2012,4,30,17.91,5.79,7.11,4.39,13.96,0.42
US-xSE,-76.56,38.8901,2012,5,1,25.22,13.92,16.9,4.88,21.19,3.33
US-xSE,-76.56,38.8901,2012,5,2,19.82,12.11,15.36,3.41,15.74,3.29
US-xSE,-76.56,38.8901,2012,5,3,24.32,11.34,15.44,2.14,19.73,2.1
US-xSE,-76.56,38.8901,2012,5,4,24.78,14.89,17.75,2.51,17.4,2.53
US-xSE,-76.56,38.8901,2012,5,5,25.22,14.68,17.2,3.3,17.5,0.16
US-xSE,-76.56,38.8901,2012,5,6,21,11.91,13.68,3.54,17.98,0.01
US-xSE,-76.56,38.8901,2012,5,7,20.59,10.54,11.25,4.92,18.68,0.01
US-xSE,-76.56,38.8901,2012,5,8,22.53,14.14,15.23,6.66,18.96,4.59
US-xSE,-76.56,38.8901,2012,5,9,22.96,15.53,16.51,3.67,9.08,10.32
US-xSE,-76.56,38.8901,2012,5,10,18.67,10.72,9.63,6.48,24.72,0.79
US-xSE,-76.56,38.8901,2012,5,11,20.49,8.61,7.34,5.07,30.07,0
US-xSE,-76.56,38.8901,2012,5,12,23.61,9.76,10.81,3.17,27.12,0
US-xSE,-76.56,38.8901,2012,5,13,25.17,13.93,15.04,3.98,22.63,0.13
US-xSE,-76.56,38.8901,2012,5,14,22.67,16.71,16.37,4.47,12.37,3.38
US-xSE,-76.56,38.8901,2012,5,15,25.5,17.83,18.43,3.94,19.23,16.72
US-xSE,-76.56,38.8901,2012,5,16,26,16.83,17.28,2.39,21.3,0.65
US-xSE,-76.56,38.8901,2012,5,17,22.2,12.88,11.08,3.98,23.96,0
US-xSE,-76.56,38.8901,2012,5,18,22.85,11.24,10.47,3.6,28.59,0
US-xSE,-76.56,38.8901,2012,5,19,25.17,10.46,10.88,3.26,29.16,0.01
US-xSE,-76.56,38.8901,2012,5,20,24.99,12.76,14.29,5.7,17.73,1.07
US-xSE,-76.56,38.8901,2012,5,21,23.87,17.16,17.85,5.17,16.14,6.15
US-xSE,-76.56,38.8901,2012,5,22,23.94,15.53,17.13,1.99,16.37,0.43
US-xSE,-76.56,38.8901,2012,5,23,25.79,18.01,18.93,2.35,17.89,2.61
US-xSE,-76.56,38.8901,2012,5,24,26.59,17.03,18.36,3.82,25.39,0.31
US-xSE,-76.56,38.8901,2012,5,25,29.07,19.47,19.54,2.95,24,0.09
US-xSE,-76.56,38.8901,2012,5,26,30.08,19.38,19.98,3.12,26.98,0.05
US-xSE,-76.56,38.8901,2012,5,27,29.94,19.7,19.29,3.87,26.95,0.52
US-xSE,-76.56,38.8901,2012,5,28,31.59,20.87,20.87,3.44,26.37,1.65
US-xSE,-76.56,38.8901,2012,5,29,31.3,22.12,20.71,4.87,28.56,3.71
US-xSE,-76.56,38.8901,2012,5,30,25.38,19.6,18.37,2.57,11.46,7.07
US-xSE,-76.56,38.8901,2012,5,31,28.31,18.51,16.1,3.23,28.4,0
US-xSE,-76.56,38.8901,2012,6,1,28.06,18.04,19.31,6.48,16.55,33.56
US-xSE,-76.56,38.8901,2012,6,2,22.5,15.66,13.11,5.23,26.65,2.36
US-xSE,-76.56,38.8901,2012,6,3,24.34,13.78,13.07,4.63,28.47,0.55
US-xSE,-76.56,38.8901,2012,6,4,22.02,15.06,13.3,5.35,25.11,2.37
US-xSE,-76.56,38.8901,2012,6,5,20.86,12.9,10.85,3.33,22.94,0.59
US-xSE,-76.56,38.8901,2012,6,6,22.07,13.66,11.69,2.08,22,0.09
US-xSE,-76.56,38.8901,2012,6,7,25.23,13.72,13.62,3.33,27.37,0.69
US-xSE,-76.56,38.8901,2012,6,8,27.71,14.92,14.33,3.63,29.96,0
US-xSE,-76.56,38.8901,2012,6,9,30.59,16.81,14.79,3.94,28.89,0
US-xSE,-76.56,38.8901,2012,6,10,32.86,18.83,16.75,2.53,28.58,0
US-xSE,-76.56,38.8901,2012,6,11,31.55,20.9,18.23,3.94,22.9,0.39
US-xSE,-76.56,38.8901,2012,6,12,24.25,21.59,20.67,5.65,8.65,16.55
US-xSE,-76.56,38.8901,2012,6,13,26.36,19.08,15.43,6.01,26.19,0.24
US-xSE,-76.56,38.8901,2012,6,14,26.49,17.36,16.61,4.45,18.18,0.01
US-xSE,-76.56,38.8901,2012,6,15,26.92,15.44,13.62,3.78,30.01,0
US-xSE,-76.56,38.8901,2012,6,16,27.03,15.22,12.52,3.75,30,0
US-xSE,-76.56,38.8901,2012,6,17,25.07,14.61,13.83,3.16,21.43,0.02
US-xSE,-76.56,38.8901,2012,6,18,23.48,13.99,13.98,3.13,12.05,0.93
US-xSE,-76.56,38.8901,2012,6,19,30.86,18.29,19.19,2.18,23.81,0.87
US-xSE,-76.56,38.8901,2012,6,20,35.44,21.49,20.14,2.37,27.35,0
US-xSE,-76.56,38.8901,2012,6,21,36.19,24,19.89,2.4,26.69,0.1
US-xSE,-76.56,38.8901,2012,6,22,34.65,24.52,20.87,2.2,18.68,6.28
US-xSE,-76.56,38.8901,2012,6,23,31.55,22.47,17.22,3.33,28.42,0.47
US-xSE,-76.56,38.8901,2012,6,24,32.02,20.57,15.92,2.07,25.79,0.14
US-xSE,-76.56,38.8901,2012,6,25,29.21,19.77,16.24,5.47,22.04,1.78
US-xSE,-76.56,38.8901,2012,6,26,26.69,15.86,10,5.97,29.28,0
US-xSE,-76.56,38.8901,2012,6,27,30.66,16.67,12.45,5.01,29.54,0
US-xSE,-76.56,38.8901,2012,6,28,33.82,20.18,14.34,3.64,28.54,0.24
US-xSE,-76.56,38.8901,2012,6,29,35.15,23.8,21.46,3.24,26.22,9.65
US-xSE,-76.56,38.8901,2012,6,30,34.79,23.57,18.98,3.15,28.45,0.57
US-xSE,-76.56,38.8901,2012,7,1,35.8,24.06,20.47,3.02,26.38,2.32
US-xSE,-76.56,38.8901,2012,7,2,33.8,23.54,15.47,3.84,28.82,0
US-xSE,-76.56,38.8901,2012,7,3,35.38,22.67,16.8,2.41,25.67,0.17
US-xSE,-76.56,38.8901,2012,7,4,35.94,23.85,20.88,3.47,27.44,0.25
US-xSE,-76.56,38.8901,2012,7,5,37.46,27.26,21.43,4.17,26.92,0.03
US-xSE,-76.56,38.8901,2012,7,6,37.11,25.75,18.21,2.63,27.76,0
US-xSE,-76.56,38.8901,2012,7,7,39.32,26,20.55,3.71,25.43,0.26
US-xSE,-76.56,38.8901,2012,7,8,34.31,26.68,22.67,2.29,23.57,10.74
US-xSE,-76.56,38.8901,2012,7,9,30.42,23.86,20.23,2.86,16.12,3.11
US-xSE,-76.56,38.8901,2012,7,10,31.41,22.66,18.37,2.86,22.51,3.86
US-xSE,-76.56,38.8901,2012,7,11,32.47,21.44,16.46,3.72,22.41,0.01
US-xSE,-76.56,38.8901,2012,7,12,31.73,21.05,15.62,3.4,23.43,0.06
US-xSE,-76.56,38.8901,2012,7,13,31.55,22.35,14.73,1.53,23.64,0.05
US-xSE,-76.56,38.8901,2012,7,14,30.06,23.13,19.36,2.54,15.94,7.76
US-xSE,-76.56,38.8901,2012,7,15,32.71,23.66,22.04,3.22,21.01,3.98
US-xSE,-76.56,38.8901,2012,7,16,34.5,24.04,21.22,3.2,24.66,0.95
US-xSE,-76.56,38.8901,2012,7,17,36.88,24.16,18.61,3.16,26.68,0
US-xSE,-76.56,38.8901,2012,7,18,36.92,25.33,21.8,3.08,24,3.35
US-xSE,-76.56,38.8901,2012,7,19,31.43,25.33,23.32,2.33,22.98,24.75
US-xSE,-76.56,38.8901,2012,7,20,28.42,20.48,22.3,3.27,10.26,7.17
US-xSE,-76.56,38.8901,2012,7,21,24.5,19.24,18.15,3.97,6.07,9.1
US-xSE,-76.56,38.8901,2012,7,22,29.91,20.36,18.07,1.65,17.64,0.53
US-xSE,-76.56,38.8901,2012,7,23,32.54,21.92,20.9,3.1,17.14,0.03
US-xSE,-76.56,38.8901,2012,7,24,33.98,24.32,22.28,5.97,16.93,0.65
US-xSE,-76.56,38.8901,2012,7,25,30.86,21.5,13.93,3.72,28.51,0
US-xSE,-76.56,38.8901,2012,7,26,35.24,21.97,21.72,4.29,23.3,5.53
US-xSE,-76.56,38.8901,2012,7,27,32.56,24.69,22.29,2.76,24.03,0.56
US-xSE,-76.56,38.8901,2012,7,28,33.23,24.52,20.97,1.76,23.41,5.71
US-xSE,-76.56,38.8901,2012,7,29,31.19,21.96,19.53,2.4,24.33,1.16
US-xSE,-76.56,38.8901,2012,7,30,30.84,21.99,19.93,3.81,20.42,0.84
US-xSE,-76.56,38.8901,2012,7,31,29.9,22.37,20.02,2.92,22.74,2.04
US-xSE,-76.56,38.8901,2012,8,1,27.95,23.06,21.16,1.76,20.5,2.9
US-xSE,-76.56,38.8901,2012,8,2,32.7,23.29,20.84,1.81,23.88,0.62
US-xSE,-76.56,38.8901,2012,8,3,34.1,23.71,21.09,3.65,23.94,0.29
US-xSE,-76.56,38.8901,2012,8,4,34.16,24.43,22.08,4.34,25.41,0.34
US-xSE,-76.56,38.8901,2012,8,5,34.75,25.82,22.03,5.59,23.73,3.73
US-xSE,-76.56,38.8901,2012,8,6,31.65,25.25,20.95,2.65,14.71,0.93
US-xSE,-76.56,38.8901,2012,8,7,30.18,23.45,21.22,2.1,12.5,2.72
US-xSE,-76.56,38.8901,2012,8,8,31.87,24.41,20.5,1.7,14.27,0.03
US-xSE,-76.56,38.8901,2012,8,9,33.82,23.74,21.39,2.99,24.55,4.04
US-xSE,-76.56,38.8901,2012,8,10,28.76,24.56,23.11,4.01,16.1,17.53
US-xSE,-76.56,38.8901,2012,8,11,26.87,23.31,21.39,3.28,15.69,6.11
US-xSE,-76.56,38.8901,2012,8,12,29.31,21.15,16.44,2.31,23.44,0.03
US-xSE,-76.56,38.8901,2012,8,13,30.95,20.57,16.65,2.33,22.61,0.01
US-xSE,-76.56,38.8901,2012,8,14,30.14,22.85,21.28,2.83,20.31,8.4
US-xSE,-76.56,38.8901,2012,8,15,28.04,22.08,20.05,2.37,14.42,1.33
US-xSE,-76.56,38.8901,2012,8,16,31.07,20.09,16.28,3.46,25.18,0
US-xSE,-76.56,38.8901,2012,8,17,32.45,20.79,18.38,3.85,22.1,2.21
US-xSE,-76.56,38.8901,2012,8,18,28.56,20.6,17.41,3.34,21.05,5.32
US-xSE,-76.56,38.8901,2012,8,19,27.58,18.75,16.41,2.41,7.53,1.55
US-xSE,-76.56,38.8901,2012,8,20,25.2,19.23,17.24,2.99,14.07,6.57
US-xSE,-76.56,38.8901,2012,8,21,28.3,19.24,16.25,1.52,19.85,0.1
US-xSE,-76.56,38.8901,2012,8,22,29.85,20.41,16.63,1.8,19.15,0.12
US-xSE,-76.56,38.8901,2012,8,23,30.32,21.51,17.06,1.83,22.29,0
US-xSE,-76.56,38.8901,2012,8,24,30.55,21.35,17.3,2.16,15.25,0.03
US-xSE,-76.56,38.8901,2012,8,25,25.41,21.08,20.1,4.87,5.14,13.49
US-xSE,-76.56,38.8901,2012,8,26,28.09,22.17,21.97,5.46,9.93,30.84
US-xSE,-76.56,38.8901,2012,8,27,29.92,22.58,22.58,3.83,22.01,7.25
US-xSE,-76.56,38.8901,2012,8,28,30.48,22.04,20.01,4.17,20.2,0.27
US-xSE,-76.56,38.8901,2012,8,29,28.78,19.08,15.82,2.49,23.58,0
US-xSE,-76.56,38.8901,2012,8,30,30.02,21.19,17.78,1.64,22.17,0
US-xSE,-76.56,38.8901,2012,8,31,32.65,20.51,18.77,3.45,23.38,0
US-xSE,-76.56,38.8901,2012,9,1,30.79,23.1,20.83,3.24,12.7,4.79
US-xSE,-76.56,38.8901,2012,9,2,28.12,23.39,22.94,1.55,10.96,5
US-xSE,-76.56,38.8901,2012,9,3,27.75,23.5,23.56,3.88,11.62,10.56
US-xSE,-76.56,38.8901,2012,9,4,28.99,24.07,23.53,3.6,17.25,2.64
US-xSE,-76.56,38.8901,2012,9,5,29.65,24.45,23.04,3.53,14.77,3.4
US-xSE,-76.56,38.8901,2012,9,6,26.38,20.1,21.83,2.36,6.39,9.4
US-xSE,-76.56,38.8901,2012,9,7,30.54,19.71,19.87,3.24,22.39,0
US-xSE,-76.56,38.8901,2012,9,8,29.96,19.16,20.82,4.91,19.53,12.62
US-xSE,-76.56,38.8901,2012,9,9,25.5,17.28,14.24,3.76,21.71,0.02
US-xSE,-76.56,38.8901,2012,9,10,23.55,14.94,11.25,4.78,21.82,0
US-xSE,-76.56,38.8901,2012,9,11,24.41,12.27,8.71,2.28,23.21,0
US-xSE,-76.56,38.8901,2012,9,12,26.03,14.3,11.64,2.47,22.36,0
US-xSE,-76.56,38.8901,2012,9,13,26.51,15.43,13.61,2.23,21.75,0
US-xSE,-76.56,38.8901,2012,9,14,27.01,16.25,16.18,2.5,19.2,0
US-xSE,-76.56,38.8901,2012,9,15,24.36,16.84,11.4,4.38,21.84,0
US-xSE,-76.56,38.8901,2012,9,16,22.94,16.43,10.9,2.2,13.96,0
US-xSE,-76.56,38.8901,2012,9,17,25.4,15.08,15.3,3.18,11.1,0.69
US-xSE,-76.56,38.8901,2012,9,18,25.57,20.49,21.34,7.49,6.86,24.19
US-xSE,-76.56,38.8901,2012,9,19,21.45,14.01,10.76,4.1,20.28,0.26
US-xSE,-76.56,38.8901,2012,9,20,22.87,11.74,10.44,2.24,19.53,0
US-xSE,-76.56,38.8901,2012,9,21,25.39,14.61,13.26,2.83,20.22,0
US-xSE,-76.56,38.8901,2012,9,22,28.2,17.64,17.96,4.86,19.42,2.3
US-xSE,-76.56,38.8901,2012,9,23,20.71,12.76,9.09,4.05,20.98,0.01
US-xSE,-76.56,38.8901,2012,9,24,20.18,10.15,7.33,3.4,20.28,0.19
US-xSE,-76.56,38.8901,2012,9,25,23.69,10.26,10.92,4.8,19.72,0.32
US-xSE,-76.56,38.8901,2012,9,26,27.5,16.51,16.13,4.56,17.07,1.36
US-xSE,-76.56,38.8901,2012,9,27,27.65,17.73,17.89,2.17,15.82,3.05
US-xSE,-76.56,38.8901,2012,9,28,25.22,17.3,17.52,3.04,13.55,4.39
US-xSE,-76.56,38.8901,2012,9,29,21.08,13.26,11.25,3.6,14.08,0.46
US-xSE,-76.56,38.8901,2012,9,30,22.11,12.33,10.54,2.94,18.54,1.09
US-xSE,-76.56,38.8901,2012,10,1,23.38,11.53,11.27,2.42,12.18,0.13
US-xSE,-76.56,38.8901,2012,10,2,27,16.55,19.86,3.93,6.25,12.8
US-xSE,-76.56,38.8901,2012,10,3,27.87,21.47,20.01,2.75,12.95,0.28
US-xSE,-76.56,38.8901,2012,10,4,28.05,18.32,19.24,2.45,9.15,0.36
US-xSE,-76.56,38.8901,2012,10,5,26.68,15.27,14.85,3.3,17.1,0
US-xSE,-76.56,38.8901,2012,10,6,25.46,11.6,13.36,5.47,12.52,0.01
US-xSE,-76.56,38.8901,2012,10,7,13.37,9.04,7.73,3.25,3.82,3.83
US-xSE,-76.56,38.8901,2012,10,8,12.15,7.29,6.7,3.38,4.38,1.11
US-xSE,-76.56,38.8901,2012,10,9,18.9,9.35,11.01,3.29,6.41,1.13
US-xSE,-76.56,38.8901,2012,10,10,20.59,11.08,10.94,4.04,15.04,0.17
US-xSE,-76.56,38.8901,2012,10,11,16.6,7.41,3.53,4.06,18.23,0
US-xSE,-76.56,38.8901,2012,10,12,18.34,6.39,5.25,5.1,16.61,0
US-xSE,-76.56,38.8901,2012,10,13,15.55,3,0.92,3.31,17.7,0
US-xSE,-76.56,38.8901,2012,10,14,22.55,9.65,10.83,5.91,16.19,0
US-xSE,-76.56,38.8901,2012,10,15,21.4,12.42,14.99,5.95,3.57,7.61
US-xSE,-76.56,38.8901,2012,10,16,17.88,9.56,7,4.42,16.39,0.29
US-xSE,-76.56,38.8901,2012,10,17,19.08,8.65,8.1,2.43,13.66,0
US-xSE,-76.56,38.8901,2012,10,18,21.53,10.18,13.35,5.09,13.63,1.04
US-xSE,-76.56,38.8901,2012,10,19,23.02,13.64,17.1,3.74,12.1,14.71
US-xSE,-76.56,38.8901,2012,10,20,19.43,9.93,8.48,3.7,15.27,0
US-xSE,-76.56,38.8901,2012,10,21,18.52,7.57,7.05,4.31,15.82,0.02
US-xSE,-76.56,38.8901,2012,10,22,20.33,7.41,7.6,3.65,14.87,0
US-xSE,-76.56,38.8901,2012,10,23,24.24,10.25,10.8,2.89,13.88,0.11
US-xSE,-76.56,38.8901,2012,10,24,26.1,14.43,13.67,2.06,11.58,0.14
US-xSE,-76.56,38.8901,2012,10,25,22.14,13.43,14.88,3.57,10.53,0
US-xSE,-76.56,38.8901,2012,10,26,22.53,13.75,14.99,3.32,8.68,0
US-xSE,-76.56,38.8901,2012,10,27,18.61,14.19,13.04,4.4,8.12,0.01
US-xSE,-76.56,38.8901,2012,10,28,14.51,12.82,11.72,7.89,2.36,23.06
US-xSE,-76.56,38.8901,2012,10,29,12.59,5.47,8.27,13.57,1.83,133.81
US-xSE,-76.56,38.8901,2012,10,30,6.26,4.73,4.17,7.51,4.46,18.56
US-xSE,-76.56,38.8901,2012,10,31,12.07,4.63,4.7,4.05,9.31,0.05
US-xSE,-76.56,38.8901,2012,11,1,11.26,5.34,4.73,5.1,9.07,0.07
US-xSE,-76.56,38.8901,2012,11,2,10.76,4.04,3.2,6.25,9.67,0
US-xSE,-76.56,38.8901,2012,11,3,9.96,3.69,2.19,6.24,7.45,0
US-xSE,-76.56,38.8901,2012,11,4,9.6,1.29,1.42,3.94,10.77,0
US-xSE,-76.56,38.8901,2012,11,5,8.35,-0.02,-0.22,4.33,11.9,0
US-xSE,-76.56,38.8901,2012,11,6,8.21,-1.22,-0.26,3.52,10.96,0.04
US-xSE,-76.56,38.8901,2012,11,7,5.58,2.67,1.02,6.41,5.78,3.07
US-xSE,-76.56,38.8901,2012,11,8,10.15,2.43,-0.29,7.01,12.21,0.92
US-xSE,-76.56,38.8901,2012,11,9,12.02,0.77,2.28,4.21,12.71,0
US-xSE,-76.56,38.8901,2012,11,10,15.09,4.57,6.3,2.66,10.7,0
US-xSE,-76.56,38.8901,2012,11,11,16.76,6.47,9.57,3.83,12.1,0.05
US-xSE,-76.56,38.8901,2012,11,12,18.48,8.72,12.68,5.2,10.72,0.14
US-xSE,-76.56,38.8901,2012,11,13,14.82,2.73,4.46,5.47,5.31,9.13
US-xSE,-76.56,38.8901,2012,11,14,8.37,0.29,-0.1,3.99,12.52,0
US-xSE,-76.56,38.8901,2012,11,15,8.56,1.88,1.95,3.24,6.53,0.02
US-xSE,-76.56,38.8901,2012,11,16,9.66,1.64,1.51,3.29,8.89,0
US-xSE,-76.56,38.8901,2012,11,17,10.98,-0.35,2.38,4.18,11.76,0
US-xSE,-76.56,38.8901,2012,11,18,10.91,2.32,4.72,4.67,8.03,0
US-xSE,-76.56,38.8901,2012,11,19,11.6,4.61,5.72,4.68,5.25,0
US-xSE,-76.56,38.8901,2012,11,20,11.12,4.11,5.31,2.71,7.23,0
US-xSE,-76.56,38.8901,2012,11,21,11.85,1.7,3.45,3.28,11.01,0
US-xSE,-76.56,38.8901,2012,11,22,12.49,0.44,3.64,2.66,11.49,0
US-xSE,-76.56,38.8901,2012,11,23,13.24,3.59,5.52,3.88,10.89,0
US-xSE,-76.56,38.8901,2012,11,24,5.82,0.57,-2.46,7.98,6.95,0
US-xSE,-76.56,38.8901,2012,11,25,5.57,-1.01,-2.7,4.56,7.19,0
US-xSE,-76.56,38.8901,2012,11,26,10.7,-0.58,-0.05,2.77,10.44,0
US-xSE,-76.56,38.8901,2012,11,27,7.83,0.97,3.11,4.1,2.13,5.99
US-xSE,-76.56,38.8901,2012,11,28,6.92,-1.95,-1.39,4.17,10.53,0
US-xSE,-76.56,38.8901,2012,11,29,8.33,-1.67,-1.29,3.8,10.7,0
US-xSE,-76.56,38.8901,2012,11,30,9.56,-0.9,2.75,2.3,8.12,0
US-xSE,-76.56,38.8901,2012,12,1,11.43,3.97,5.37,2.34,7.2,0
US-xSE,-76.56,38.8901,2012,12,2,10.95,3.64,6.29,3.61,6.62,0.1
US-xSE,-76.56,38.8901,2012,12,3,19.15,7.64,10.92,2.77,9.25,0
US-xSE,-76.56,38.8901,2012,12,4,16.88,10.28,11.56,4.02,8.41,0
US-xSE,-76.56,38.8901,2012,12,5,12.92,2.28,5.42,5.42,6.21,0.02
US-xSE,-76.56,38.8901,2012,12,6,5.1,-1.92,-2.71,3.01,10.47,0
US-xSE,-76.56,38.8901,2012,12,7,9.71,0.42,4.49,2.82,3.44,5.18
US-xSE,-76.56,38.8901,2012,12,8,13.71,6.4,8.61,2.11,4.24,6.86
US-xSE,-76.56,38.8901,2012,12,9,9.84,6.8,7.79,3.73,1.73,4.89
US-xSE,-76.56,38.8901,2012,12,10,16.94,8.45,12.69,4.89,4.09,0.72
US-xSE,-76.56,38.8901,2012,12,11,12.19,3.74,4.17,4.56,5.19,1.75
US-xSE,-76.56,38.8901,2012,12,12,6.7,1.8,0.26,3.07,5.74,0
US-xSE,-76.56,38.8901,2012,12,13,8.09,0.69,-0.99,3.42,9.95,0
US-xSE,-76.56,38.8901,2012,12,14,9.92,-1.15,0.13,3.01,10.36,0
US-xSE,-76.56,38.8901,2012,12,15,10.13,0.49,2.72,3.37,7.59,0
US-xSE,-76.56,38.8901,2012,12,16,9.87,4.44,7.11,2.51,3.8,2.18
US-xSE,-76.56,38.8901,2012,12,17,10.73,7.41,8.76,2.85,1.85,2.12
US-xSE,-76.56,38.8901,2012,12,18,13.28,3.5,6.1,5.79,8.49,0.66
US-xSE,-76.56,38.8901,2012,12,19,10.73,2.45,2.97,4.24,7.82,0
US-xSE,-76.56,38.8901,2012,12,20,10.48,1.44,2.96,5.51,5.5,11.78
US-xSE,-76.56,38.8901,2012,12,21,13.49,2.26,1.29,9.83,3.44,17.46
US-xSE,-76.56,38.8901,2012,12,22,4.91,-0.91,-2.85,9.75,8.84,0.03
US-xSE,-76.56,38.8901,2012,12,23,7.33,-2.51,-2.11,4.1,9.96,0
US-xSE,-76.56,38.8901,2012,12,24,3.77,-1.83,0.72,3.53,2.48,4.19
US-xSE,-76.56,38.8901,2012,12,25,7.54,0.67,1.89,3.65,8.16,0.1
US-xSE,-76.56,38.8901,2012,12,26,10.9,-0.54,3.12,7.38,1.82,32.04
US-xSE,-76.56,38.8901,2012,12,27,4.76,-0.43,-1.02,9.62,6.11,0.84
US-xSE,-76.56,38.8901,2012,12,28,4.62,-1.47,-2.11,3.43,7.72,0.01
US-xSE,-76.56,38.8901,2012,12,29,2.72,0,0.13,4.43,2.67,4.3
US-xSE,-76.56,38.8901,2012,12,30,2.69,-1.95,-2.88,8.53,8.7,0
US-xSE,-76.56,38.8901,2012,12,31,3.8,-3.35,-2.13,3.99,5.71,0
US-xSE,-76.56,38.8901,2013,1,1,5.22,1.25,0.94,3.66,2.5,0.03
US-xSE,-76.56,38.8901,2013,1,2,1.82,-3.37,-4.36,3.79,8.29,0.01
US-xSE,-76.56,38.8901,2013,1,3,1.76,-2.27,-4.66,3.01,6.85,0
US-xSE,-76.56,38.8901,2013,1,4,4.48,-1.89,-3.04,5.58,10.61,0
US-xSE,-76.56,38.8901,2013,1,5,4.64,-1.85,-2.69,3.48,9.95,0
US-xSE,-76.56,38.8901,2013,1,6,8.52,0.28,0.66,3.18,9.6,0.03
US-xSE,-76.56,38.8901,2013,1,7,7.09,-0.31,-0.84,3.79,10.29,0
US-xSE,-76.56,38.8901,2013,1,8,8.93,-1.64,1.22,3.72,8.93,0
US-xSE,-76.56,38.8901,2013,1,9,10.14,1.16,4.59,3.27,6.56,0.01
US-xSE,-76.56,38.8901,2013,1,10,8.87,0.75,1.39,3.64,10.8,0
US-xSE,-76.56,38.8901,2013,1,11,9.41,0.26,4.18,3.56,2.32,3.72
US-xSE,-76.56,38.8901,2013,1,12,9.33,4.43,6.03,1.5,5.7,0.07
US-xSE,-76.56,38.8901,2013,1,13,12.44,5.67,8.06,3.61,3.65,0.23
US-xSE,-76.56,38.8901,2013,1,14,12.9,5.7,8.67,4.57,2.03,4.32
US-xSE,-76.56,38.8901,2013,1,15,5.36,1.26,2.41,3.86,0.96,20.18
US-xSE,-76.56,38.8901,2013,1,16,5.7,1.19,2.28,3.28,2.36,9.32
US-xSE,-76.56,38.8901,2013,1,17,5.61,1.27,1.65,3.06,3.11,4.46
US-xSE,-76.56,38.8901,2013,1,18,1.6,-2.67,-4.71,5.03,11.98,0.42
US-xSE,-76.56,38.8901,2013,1,19,8.38,-1.59,-0.27,6.44,12.01,0
US-xSE,-76.56,38.8901,2013,1,20,11.02,-1.7,0.27,6.58,11.93,0
US-xSE,-76.56,38.8901,2013,1,21,4.4,-3.11,-4.08,3.62,9.93,0.07
US-xSE,-76.56,38.8901,2013,1,22,-3.11,-7.78,-12.37,8.32,12.47,0
US-xSE,-76.56,38.8901,2013,1,23,-4.33,-9.64,-11.81,4.59,12.21,0.1
US-xSE,-76.56,38.8901,2013,1,24,-3.74,-8.14,-10.33,5.6,8.53,0.42
US-xSE,-76.56,38.8901,2013,1,25,-4.35,-8.55,-9.94,3.04,3.85,1.54
US-xSE,-76.56,38.8901,2013,1,26,-0.64,-7.73,-7,3.96,9.41,0.01
US-xSE,-76.56,38.8901,2013,1,27,1.64,-6.48,-6.31,2.15,11.36,0
US-xSE,-76.56,38.8901,2013,1,28,4.04,-2.65,0.16,5.13,6.14,3.47
US-xSE,-76.56,38.8901,2013,1,29,11.06,0.71,4.38,3.47,11.21,0.05
US-xSE,-76.56,38.8901,2013,1,30,18.15,5.93,11.88,8.8,4.74,4.9
US-xSE,-76.56,38.8901,2013,1,31,15.61,-2.82,0,10.04,12.78,29.15
US-xSE,-76.56,38.8901,2013,2,1,-1.1,-5.71,-7.79,7.63,11.49,0.98
US-xSE,-76.56,38.8901,2013,2,2,-0.73,-7.11,-8.38,4.2,9.77,0.42
US-xSE,-76.56,38.8901,2013,2,3,1,-3.32,-3.54,2.91,7.85,0.09
US-xSE,-76.56,38.8901,2013,2,4,0.75,-5.39,-6.19,4.77,7.96,0
US-xSE,-76.56,38.8901,2013,2,5,4.37,-1.82,-0.61,1.92,6.18,0.06
US-xSE,-76.56,38.8901,2013,2,6,5.42,-1.64,-1.64,3.89,13.32,0
US-xSE,-76.56,38.8901,2013,2,7,2.32,-2.11,-2.37,3.75,5.82,0.06
US-xSE,-76.56,38.8901,2013,2,8,3.6,-0.57,0.89,6.34,3.13,8.94
US-xSE,-76.56,38.8901,2013,2,9,2.85,-3.65,-5.55,8.82,14.95,0
US-xSE,-76.56,38.8901,2013,2,10,3.7,-5.22,-4.98,3.38,12.86,0.01
US-xSE,-76.56,38.8901,2013,2,11,10.68,0.89,5.56,5.89,2.72,7.61
US-xSE,-76.56,38.8901,2013,2,12,9.66,1.7,0.65,4.48,14.88,0
US-xSE,-76.56,38.8901,2013,2,13,8.24,-1,1.14,4.53,7.07,6.16
US-xSE,-76.56,38.8901,2013,2,14,7.68,-0.67,-0.23,3.63,15.27,0
US-xSE,-76.56,38.8901,2013,2,15,12.52,0.27,2.83,3.81,15.27,1.61
US-xSE,-76.56,38.8901,2013,2,16,2.96,-0.68,-0.49,4.39,4.13,2.28
US-xSE,-76.56,38.8901,2013,2,17,-0.84,-4.22,-7.59,9.15,10.76,0.01
US-xSE,-76.56,38.8901,2013,2,18,2.67,-5.53,-7.45,5.59,16.69,0
US-xSE,-76.56,38.8901,2013,2,19,6.74,-0.48,1.41,6.53,3.26,2.86
US-xSE,-76.56,38.8901,2013,2,20,1.5,-4.13,-6.28,7.61,14.43,0
US-xSE,-76.56,38.8901,2013,2,21,1.93,-4.79,-6.47,6.72,17.02,0
US-xSE,-76.56,38.8901,2013,2,22,2.59,-2.85,-2.8,3.53,5.41,0.75
US-xSE,-76.56,38.8901,2013,2,23,5.86,0.73,2.72,3.14,3.67,2.34
US-xSE,-76.56,38.8901,2013,2,24,8.28,-1.47,0.39,5.65,15.32,1.7
US-xSE,-76.56,38.8901,2013,2,25,7.13,-2.3,-2.04,3.43,14.54,0.06
US-xSE,-76.56,38.8901,2013,2,26,8.05,-1.54,2.09,6.34,4.01,13
US-xSE,-76.56,38.8901,2013,2,27,11.78,4.75,5.22,4.54,14.73,1.95
US-xSE,-76.56,38.8901,2013,2,28,7.04,1.47,1.09,4.54,9.3,4.83
US-xSE,-76.56,38.8901,2013,3,1,6.77,-0.52,-0.17,5.39,7.83,0.02
US-xSE,-76.56,38.8901,2013,3,2,3.1,-2.25,-3.05,5.13,8.47,0
US-xSE,-76.56,38.8901,2013,3,3,2.76,-2.44,-4.18,6.65,8.94,0
US-xSE,-76.56,38.8901,2013,3,4,3.98,-2.23,-4.75,7.55,19.38,0
US-xSE,-76.56,38.8901,2013,3,5,7.65,-2.87,-2.51,3.45,15.21,0.21
US-xSE,-76.56,38.8901,2013,3,6,4.37,0.98,1.36,11.35,4.05,26.46
US-xSE,-76.56,38.8901,2013,3,7,7.97,-0.23,-0.14,7.1,18.34,0
US-xSE,-76.56,38.8901,2013,3,8,7.37,0.25,-1.07,8.97,12.29,0.04
US-xSE,-76.56,38.8901,2013,3,9,12.98,-0.87,-0.38,3.75,20.36,0
US-xSE,-76.56,38.8901,2013,3,10,12.72,0.89,2.17,3.46,19.41,0
US-xSE,-76.56,38.8901,2013,3,11,13.04,3.76,6.74,5.6,11.75,0.39
US-xSE,-76.56,38.8901,2013,3,12,12.59,3.11,7.68,6.53,7.35,21.49
US-xSE,-76.56,38.8901,2013,3,13,8.54,0.12,-0.16,5.5,14.83,0.02
US-xSE,-76.56,38.8901,2013,3,14,5.91,-0.85,-4,8.09,21.34,0
US-xSE,-76.56,38.8901,2013,3,15,9.35,-2.11,-0.34,4.77,18.56,0
US-xSE,-76.56,38.8901,2013,3,16,8.68,2.18,3.37,4.03,12.95,0.48
US-xSE,-76.56,38.8901,2013,3,17,4.41,-0.82,-0.75,3.53,4.74,0.13
US-xSE,-76.56,38.8901,2013,3,18,4.78,0.26,1.03,4.22,3.22,9.83
US-xSE,-76.56,38.8901,2013,3,19,12.76,2.33,2.29,5.11,20.22,0.33
US-xSE,-76.56,38.8901,2013,3,20,9.5,-1.12,-1.38,5.25,22.1,0
US-xSE,-76.56,38.8901,2013,3,21,2.86,-2.29,-4.55,6.83,13.05,0
US-xSE,-76.56,38.8901,2013,3,22,6.26,-2.29,-3.67,5.85,21.78,0
US-xSE,-76.56,38.8901,2013,3,23,8.91,-2.24,-1.79,4.66,22.47,0
US-xSE,-76.56,38.8901,2013,3,24,4.96,-1.73,-1.81,3,7.82,3.95
US-xSE,-76.56,38.8901,2013,3,25,3.29,-0.48,0.51,4.59,6.55,12.91
US-xSE,-76.56,38.8901,2013,3,26,8.13,-1.68,0.6,4.59,16.03,0.01
US-xSE,-76.56,38.8901,2013,3,27,8.84,2.07,0.82,6.69,17.81,0
US-xSE,-76.56,38.8901,2013,3,28,8.28,1.15,0.75,5.82,11.8,0
US-xSE,-76.56,38.8901,2013,3,29,10.94,0.69,1.9,4.14,17.39,0
US-xSE,-76.56,38.8901,2013,3,30,13.25,1.29,1.82,2.65,22.41,0
US-xSE,-76.56,38.8901,2013,3,31,11.22,3.13,6.88,5,6.08,1.97
US-xSE,-76.56,38.8901,2013,4,1,16.36,2.22,4.62,6.07,17.78,0.45
US-xSE,-76.56,38.8901,2013,4,2,8.25,-0.84,-3.01,5.67,24.78,0
US-xSE,-76.56,38.8901,2013,4,3,9.23,-1.13,-3.49,5.53,24.87,0
US-xSE,-76.56,38.8901,2013,4,4,7.74,-2.73,-2.62,3.59,17.62,5.05
US-xSE,-76.56,38.8901,2013,4,5,14.83,1.07,2.88,4.43,23.18,6.87
US-xSE,-76.56,38.8901,2013,4,6,11.26,0.4,-0.71,4.04,25.17,0
US-xSE,-76.56,38.8901,2013,4,7,16.16,3.71,6.48,5.93,22.46,0
US-xSE,-76.56,38.8901,2013,4,8,22.59,8.6,12.34,3.73,20.44,0
US-xSE,-76.56,38.8901,2013,4,9,25.57,14.05,15.4,4.39,22.96,0
US-xSE,-76.56,38.8901,2013,4,10,27.23,15.08,16.72,4.41,22.79,0.32
US-xSE,-76.56,38.8901,2013,4,11,25.02,11.98,16.07,4.11,21.69,0.16
US-xSE,-76.56,38.8901,2013,4,12,22.1,11.85,15.25,5.66,12.99,17.64
US-xSE,-76.56,38.8901,2013,4,13,17.49,7.27,7.99,3.88,24.21,0.1
US-xSE,-76.56,38.8901,2013,4,14,17.14,6.8,7.11,3.85,23.91,0
US-xSE,-76.56,38.8901,2013,4,15,17.86,8.93,9.65,4.82,8.89,0.09
US-xSE,-76.56,38.8901,2013,4,16,20.78,8.57,12.54,5.49,16.92,0.05
US-xSE,-76.56,38.8901,2013,4,17,21.67,11.63,14.41,3.99,18.24,0.06
US-xSE,-76.56,38.8901,2013,4,18,21.93,11.44,13.56,6.12,17.12,1.48
US-xSE,-76.56,38.8901,2013,4,19,23.01,12.67,16.75,7.9,13.11,17.96
US-xSE,-76.56,38.8901,2013,4,20,14.62,6.74,3.91,6.41,22.75,5.61
US-xSE,-76.56,38.8901,2013,4,21,11.1,3.05,0.5,4.31,25.65,0
US-xSE,-76.56,38.8901,2013,4,22,13.29,2.44,3.86,5.68,15.71,0
US-xSE,-76.56,38.8901,2013,4,23,15.24,6.34,6.84,4.09,17.77,0
US-xSE,-76.56,38.8901,2013,4,24,21.27,6.22,11.72,6.05,23.87,0.35
US-xSE,-76.56,38.8901,2013,4,25,16.35,6.99,4.2,4.3,27.88,0.02
US-xSE,-76.56,38.8901,2013,4,26,17.22,6.23,5.44,3.44,27.5,0
US-xSE,-76.56,38.8901,2013,4,27,19.14,7.67,7.09,2.44,26.39,0
US-xSE,-76.56,38.8901,2013,4,28,18.91,8.28,8.79,4.36,15.99,0.39
US-xSE,-76.56,38.8901,2013,4,29,15.15,11.78,12.19,5.95,5.56,15.1
US-xSE,-76.56,38.8901,2013,4,30,15.07,9.36,11.38,6.01,6.58,3.31
US-xSE,-76.56,38.8901,2013,5,1,18.63,7.91,8.21,4.68,27.38,0
US-xSE,-76.56,38.8901,2013,5,2,18.89,7.43,9.02,3.42,24.65,0
US-xSE,-76.56,38.8901,2013,5,3,16.96,6.9,7.6,5.05,27.28,0
US-xSE,-76.56,38.8901,2013,5,4,18.39,6.81,7.84,4.62,26.26,0
US-xSE,-76.56,38.8901,2013,5,5,16.68,6.02,7.35,4.83,24.08,0.01
US-xSE,-76.56,38.8901,2013,5,6,18.26,7.37,11.63,5.78,10.2,0.9
US-xSE,-76.56,38.8901,2013,5,7,18.02,11.91,13.29,6.2,9.52,11.97
US-xSE,-76.56,38.8901,2013,5,8,20.71,11.61,13.3,2.87,18.35,5.99
US-xSE,-76.56,38.8901,2013,5,9,21.53,11.65,13.9,3.19,23.59,0.74
US-xSE,-76.56,38.8901,2013,5,10,25.82,13.87,16.27,3.21,25.36,1.49
US-xSE,-76.56,38.8901,2013,5,11,24.32,18.08,18.13,3.58,17.09,18.77
US-xSE,-76.56,38.8901,2013,5,12,17.39,8.43,8.02,6.55,27.48,1.06
US-xSE,-76.56,38.8901,2013,5,13,14.55,5.98,3.13,5.2,22.89,0.01
US-xSE,-76.56,38.8901,2013,5,14,16.25,3.96,3.93,3.36,27.48,0.09
US-xSE,-76.56,38.8901,2013,5,15,25.23,11.7,15.22,4.67,23.18,0.25
US-xSE,-76.56,38.8901,2013,5,16,26.36,18.18,18.17,4.51,20.28,0.25
US-xSE,-76.56,38.8901,2013,5,17,25.42,14.14,13.45,3.03,28.07,0
US-xSE,-76.56,38.8901,2013,5,18,19.07,14.74,13.56,4.83,7.14,1.76
US-xSE,-76.56,38.8901,2013,5,19,24.24,15.1,16.79,3.61,14.11,0.91
US-xSE,-76.56,38.8901,2013,5,20,26.17,16.92,18.95,3.49,17.85,0.21
US-xSE,-76.56,38.8901,2013,5,21,26.16,18.87,19.8,3.43,20.35,0
US-xSE,-76.56,38.8901,2013,5,22,27.47,20.21,20.77,4.23,22.44,1.12
US-xSE,-76.56,38.8901,2013,5,23,24.86,19.79,20.05,4.83,14.82,10.52
US-xSE,-76.56,38.8901,2013,5,24,19.55,9.73,10.79,7.87,9.19,5.27
US-xSE,-76.56,38.8901,2013,5,25,17.81,7.42,4.91,8.05,30.35,0.03
US-xSE,-76.56,38.8901,2013,5,26,20.16,8.38,7.15,5.03,30.32,0
US-xSE,-76.56,38.8901,2013,5,27,20.86,8.75,9.57,2.26,20.33,0
US-xSE,-76.56,38.8901,2013,5,28,25.91,14.53,17.2,3.7,21.98,4.25
US-xSE,-76.56,38.8901,2013,5,29,29.25,18.8,19.53,4.19,27.34,0.02
US-xSE,-76.56,38.8901,2013,5,30,30.48,19.47,19.6,2.91,27.72,0.31
US-xSE,-76.56,38.8901,2013,5,31,29.7,18.97,19.51,4.1,28.9,0
US-xSE,-76.56,38.8901,2013,6,1,30.27,19.86,20.21,4.43,28.56,0.03
US-xSE,-76.56,38.8901,2013,6,2,28.7,21.29,20.3,5.38,21.1,11.6
US-xSE,-76.56,38.8901,2013,6,3,24.85,19.79,20.05,3.24,14.51,14.93
US-xSE,-76.56,38.8901,2013,6,4,23.02,14.29,10.86,3.88,30.76,0
US-xSE,-76.56,38.8901,2013,6,5,25.21,14.48,13.38,3.06,28.3,0.04
US-xSE,-76.56,38.8901,2013,6,6,24.68,15.1,16.59,5.26,16.28,8.52
US-xSE,-76.56,38.8901,2013,6,7,24.78,18.43,20.71,4.94,3.83,58.2
US-xSE,-76.56,38.8901,2013,6,8,25.13,18.33,17.46,3.43,17.97,1.79
US-xSE,-76.56,38.8901,2013,6,9,25.99,18.54,19.31,2.62,21.4,0.06
US-xSE,-76.56,38.8901,2013,6,10,24.36,19.69,21.29,5.06,12.18,37.18
US-xSE,-76.56,38.8901,2013,6,11,27.08,19.95,19.98,5.16,24.35,0.29
US-xSE,-76.56,38.8901,2013,6,12,28.38,19.78,20.35,3.47,26.04,0.72
US-xSE,-76.56,38.8901,2013,6,13,28.08,18.76,21.78,5.76,15.8,12.07
US-xSE,-76.56,38.8901,2013,6,14,23.59,15.04,14.61,5.69,25.79,8.09
US-xSE,-76.56,38.8901,2013,6,15,26.1,15.7,16.46,3.2,28.97,0
US-xSE,-76.56,38.8901,2013,6,16,27.87,18.98,19.59,3.73,20.12,1.8
US-xSE,-76.56,38.8901,2013,6,17,27.95,21.2,21.21,2.96,21.57,1.33
US-xSE,-76.56,38.8901,2013,6,18,24.48,18.24,20.8,2.34,6.81,19.44
US-xSE,-76.56,38.8901,2013,6,19,24.35,17.04,16.37,3.31,18.04,0
US-xSE,-76.56,38.8901,2013,6,20,25.43,14.71,15.03,3.32,29.14,0
US-xSE,-76.56,38.8901,2013,6,21,25.87,14.44,15.35,2.78,29.8,0
US-xSE,-76.56,38.8901,2013,6,22,27.99,16.36,19.74,3.05,29.17,0.03
US-xSE,-76.56,38.8901,2013,6,23,27.22,19.53,21.8,3.26,15.96,2.26
US-xSE,-76.56,38.8901,2013,6,24,29.81,21.38,22.33,2.87,25.41,0.7
US-xSE,-76.56,38.8901,2013,6,25,30.71,21.11,22.55,3.23,27.4,1.74
US-xSE,-76.56,38.8901,2013,6,26,30.5,21.58,22.64,2.62,25.04,3.54
US-xSE,-76.56,38.8901,2013,6,27,29.09,22.04,22.99,3.83,18.06,8.06
US-xSE,-76.56,38.8901,2013,6,28,29.33,22.37,22.68,3.83,22.43,20.29
US-xSE,-76.56,38.8901,2013,6,29,29.01,20.27,20.96,2.97,26.92,0.3
US-xSE,-76.56,38.8901,2013,6,30,27.97,23.08,23.26,3.75,16.61,9.37
US-xSE,-76.56,38.8901,2013,7,1,26.44,23.28,23.27,5.07,11.49,13.37
US-xSE,-76.56,38.8901,2013,7,2,27.5,22.9,22.96,4.88,12.48,6.72
US-xSE,-76.56,38.8901,2013,7,3,28.57,22.82,23.4,3.68,21.54,4.1
US-xSE,-76.56,38.8901,2013,7,4,29.63,23.27,23.06,4.52,26.73,0.32
US-xSE,-76.56,38.8901,2013,7,5,30.04,22.52,23.18,4.18,27.66,0
US-xSE,-76.56,38.8901,2013,7,6,31.29,23.56,23.84,3.73,28.45,0
US-xSE,-76.56,38.8901,2013,7,7,31.13,23.13,23.56,4.11,28.01,1.31
US-xSE,-76.56,38.8901,2013,7,8,29.07,22.78,21.19,2.82,20.22,0.79
US-xSE,-76.56,38.8901,2013,7,9,29.1,22.19,22.66,3.12,13.63,0.74
US-xSE,-76.56,38.8901,2013,7,10,30.19,23.85,23.94,4.27,17.86,4.37
US-xSE,-76.56,38.8901,2013,7,11,28.27,23.6,22.48,2.19,13.67,23.78
US-xSE,-76.56,38.8901,2013,7,12,24.81,21.41,21.81,3.74,8.68,35.76
US-xSE,-76.56,38.8901,2013,7,13,29.04,21.06,22.69,3.19,21.06,3.15
US-xSE,-76.56,38.8901,2013,7,14,30.32,22.61,23.61,2.62,25.28,0.01
US-xSE,-76.56,38.8901,2013,7,15,31.7,22.31,23.54,2.65,27.96,0.06
US-xSE,-76.56,38.8901,2013,7,16,32,24.91,22.92,2.92,27.33,0.01
US-xSE,-76.56,38.8901,2013,7,17,32.95,23.65,22.74,2,26.41,0
US-xSE,-76.56,38.8901,2013,7,18,31.42,24.37,24.97,2.39,26.52,1.32
US-xSE,-76.56,38.8901,2013,7,19,31.51,25.83,25.82,3.71,26.37,1.07
US-xSE,-76.56,38.8901,2013,7,20,30.53,25.1,24.46,4.4,21.81,1.79
US-xSE,-76.56,38.8901,2013,7,21,29.95,23.65,22.92,1.76,23.03,3.16
US-xSE,-76.56,38.8901,2013,7,22,29.98,24.92,23.53,2.05,22.17,9.11
US-xSE,-76.56,38.8901,2013,7,23,29.69,23.99,22.93,3.8,23.32,0.93
US-xSE,-76.56,38.8901,2013,7,24,27.03,21.22,20.62,3.12,21.61,0.28
US-xSE,-76.56,38.8901,2013,7,25,24.33,17.58,16.79,4.33,19.22,0.07
US-xSE,-76.56,38.8901,2013,7,26,27.36,17,16.16,2.65,26.23,0
US-xSE,-76.56,38.8901,2013,7,27,28.45,19.59,19.94,4.3,21.2,1.82
US-xSE,-76.56,38.8901,2013,7,28,27.86,22.06,21.46,4.19,19.38,6.07
US-xSE,-76.56,38.8901,2013,7,29,27.31,19.24,15.9,3.5,25.6,0.29
US-xSE,-76.56,38.8901,2013,7,30,27.41,17.2,15.11,2.45,24.42,0.01
US-xSE,-76.56,38.8901,2013,7,31,27.28,20.14,18.36,3.07,14,3.45
US-xSE,-76.56,38.8901,2013,8,1,27.05,21.61,21.44,3.83,9.18,25.79
US-xSE,-76.56,38.8901,2013,8,2,28.86,19.41,19.04,3.27,25.55,0.08
US-xSE,-76.56,38.8901,2013,8,3,26.39,20.45,19.39,2.82,11.75,1.3
US-xSE,-76.56,38.8901,2013,8,4,26.51,18.44,16.06,4.42,26.79,0.23
US-xSE,-76.56,38.8901,2013,8,5,25.91,16.13,13.67,2.29,25.96,0
US-xSE,-76.56,38.8901,2013,8,6,23.25,19.04,18.86,4.4,7.64,7.49
US-xSE,-76.56,38.8901,2013,8,7,27.35,20.39,21.38,4.79,16.64,7.71
US-xSE,-76.56,38.8901,2013,8,8,28.19,22.84,22.64,5.02,18,1.88
US-xSE,-76.56,38.8901,2013,8,9,29.37,23.81,23.99,4.34,21.3,9.17
US-xSE,-76.56,38.8901,2013,8,10,27.98,22.54,19.21,2.21,17,0.18
US-xSE,-76.56,38.8901,2013,8,11,29.04,20.47,20.03,2.12,13.53,0.12
US-xSE,-76.56,38.8901,2013,8,12,29.79,21.61,21.29,1.69,22.83,1.21
US-xSE,-76.56,38.8901,2013,8,13,28.39,23.08,22.54,3.16,16.29,12.26
US-xSE,-76.56,38.8901,2013,8,14,23.86,16.5,13.3,5.56,24.36,0.56
US-xSE,-76.56,38.8901,2013,8,15,24.76,14.11,11.54,2.24,22.9,0
US-xSE,-76.56,38.8901,2013,8,16,25.64,16.8,13.58,2.2,20.38,0
US-xSE,-76.56,38.8901,2013,8,17,26.09,16.5,15.4,3.49,16.86,0.08
US-xSE,-76.56,38.8901,2013,8,18,24.18,19.17,16.57,3,7.62,2.42
US-xSE,-76.56,38.8901,2013,8,19,24.3,18.13,17.86,2.52,8.72,0.49
US-xSE,-76.56,38.8901,2013,8,20,29.98,18.5,19.57,1.92,21.65,0
US-xSE,-76.56,38.8901,2013,8,21,30.25,20.84,21.71,2.92,21.61,2.35
US-xSE,-76.56,38.8901,2013,8,22,29.89,22.35,21.02,3.05,22.14,1.85
US-xSE,-76.56,38.8901,2013,8,23,26.45,19.05,17.82,3.64,9.14,0.48
US-xSE,-76.56,38.8901,2013,8,24,27.27,17.04,16.18,3.56,24.42,0.55
US-xSE,-76.56,38.8901,2013,8,25,27.38,16.69,13.36,2.34,24.51,0.01
US-xSE,-76.56,38.8901,2013,8,26,29.93,16.95,16.53,3.84,23.72,0.04
US-xSE,-76.56,38.8901,2013,8,27,32.2,20.95,20,3.12,20.01,0.24
US-xSE,-76.56,38.8901,2013,8,28,26.82,21.68,22.09,2.35,9.33,8.11
US-xSE,-76.56,38.8901,2013,8,29,29.36,21.07,20.72,3.54,18,0.87
US-xSE,-76.56,38.8901,2013,8,30,30.23,20.18,20.08,3.44,20.93,0.05
US-xSE,-76.56,38.8901,2013,8,31,31.02,21.75,21.03,4.08,21.4,0.07
US-xSE,-76.56,38.8901,2013,9,1,30.96,22.23,21.85,2.74,21.79,0.54
US-xSE,-76.56,38.8901,2013,9,2,31.38,22.45,21.78,2.3,18.54,0.45
US-xSE,-76.56,38.8901,2013,9,3,29.35,20.44,17.65,3.93,20.67,0.02
US-xSE,-76.56,38.8901,2013,9,4,28.62,17.11,13.85,3.21,24.25,0
US-xSE,-76.56,38.8901,2013,9,5,29.53,17.11,15.11,4.22,21.9,0
US-xSE,-76.56,38.8901,2013,9,6,25.05,14.71,8.46,3.16,23.52,0
US-xSE,-76.56,38.8901,2013,9,7,27.69,15.22,13.26,2.66,22.13,0
US-xSE,-76.56,38.8901,2013,9,8,31.04,18.33,16.7,3.99,20.73,0.04
US-xSE,-76.56,38.8901,2013,9,9,26.63,15.71,14.05,3.3,14.21,0
US-xSE,-76.56,38.8901,2013,9,10,32.72,20.95,20.91,3.71,20.19,0
US-xSE,-76.56,38.8901,2013,9,11,33.98,22.28,21.23,3.4,20.19,0.01
US-xSE,-76.56,38.8901,2013,9,12,31.36,22.2,21.59,3.74,19.06,8.1
US-xSE,-76.56,38.8901,2013,9,13,26.56,18.31,13.99,4.97,18.17,3.45
US-xSE,-76.56,38.8901,2013,9,14,22.27,13.17,7.88,4.16,21.6,0
US-xSE,-76.56,38.8901,2013,9,15,24.99,13.13,9.91,2.61,21.74,0
US-xSE,-76.56,38.8901,2013,9,16,24.57,16.21,13.38,4.2,9.05,0.48
US-xSE,-76.56,38.8901,2013,9,17,20.66,11.36,6.48,4.6,22.02,0.02
US-xSE,-76.56,38.8901,2013,9,18,22.68,10.91,7.37,2.14,21.31,0
US-xSE,-76.56,38.8901,2013,9,19,25.38,13.57,11.05,2.38,20.93,0
US-xSE,-76.56,38.8901,2013,9,20,26.89,14.08,13,3.1,20.54,0
US-xSE,-76.56,38.8901,2013,9,21,27.04,15.02,16.22,5.52,13.74,18.27
US-xSE,-76.56,38.8901,2013,9,22,23.21,14.1,11.76,4.64,18.3,1.33
US-xSE,-76.56,38.8901,2013,9,23,20.19,10.38,6.65,4.13,18.03,0
US-xSE,-76.56,38.8901,2013,9,24,22.77,8.14,6.86,3.15,21.37,0
US-xSE,-76.56,38.8901,2013,9,25,24.12,10.64,9.45,2.52,19.96,0
US-xSE,-76.56,38.8901,2013,9,26,22.33,13.75,11.74,2.78,17.69,0
US-xSE,-76.56,38.8901,2013,9,27,22.56,13.36,12.32,2.89,13.97,0.22
US-xSE,-76.56,38.8901,2013,9,28,22.96,12.66,11.48,3.68,12.85,0
US-xSE,-76.56,38.8901,2013,9,29,23.96,13.18,11.56,3.17,16.64,0
US-xSE,-76.56,38.8901,2013,9,30,23.97,12.22,10.59,1.88,18.49,0
US-xSE,-76.56,38.8901,2013,10,1,26.91,12.89,14.2,2.97,17.15,0
US-xSE,-76.56,38.8901,2013,10,2,28.86,15.97,15.55,3.36,18.51,0
US-xSE,-76.56,38.8901,2013,10,3,28.71,17.19,16.47,2.37,12.12,0
US-xSE,-76.56,38.8901,2013,10,4,30.49,18.02,17.06,1.82,16.98,0.03
US-xSE,-76.56,38.8901,2013,10,5,30.82,19.43,18.3,2.15,16.32,0.07
US-xSE,-76.56,38.8901,2013,10,6,30.68,19.89,19,4.6,16.88,0.01
US-xSE,-76.56,38.8901,2013,10,7,27.09,14.98,17.89,6.92,5.74,19.72
US-xSE,-76.56,38.8901,2013,10,8,19.7,12.51,8.81,4.17,10.27,0.01
US-xSE,-76.56,38.8901,2013,10,9,18.9,13.55,11.14,6.53,3.66,16
US-xSE,-76.56,38.8901,2013,10,10,18,12.99,13.73,7.96,4.23,41.6
US-xSE,-76.56,38.8901,2013,10,11,19.42,16.32,16.76,7.02,3.67,38.19
US-xSE,-76.56,38.8901,2013,10,12,20.21,16.33,16.39,7.1,4.82,6.54
US-xSE,-76.56,38.8901,2013,10,13,19.33,13.29,14.18,6.51,4.23,2.39
US-xSE,-76.56,38.8901,2013,10,14,19.83,12.31,12.48,3.28,13.07,0.01
US-xSE,-76.56,38.8901,2013,10,15,21.38,10.38,13.64,2.99,13.08,0.08
US-xSE,-76.56,38.8901,2013,10,16,21.45,13.02,15.58,2.17,9.62,0.04
US-xSE,-76.56,38.8901,2013,10,17,23.09,14.86,16.7,3.55,10.98,0.72
US-xSE,-76.56,38.8901,2013,10,18,18.16,10.59,9.22,4.2,16.76,0.04
US-xSE,-76.56,38.8901,2013,10,19,18.86,10.27,11.67,3.89,4.74,0.55
US-xSE,-76.56,38.8901,2013,10,20,16.35,7.26,5.84,4.36,16.61,0
US-xSE,-76.56,38.8901,2013,10,21,18.34,7.19,7.59,3.49,15.88,0
US-xSE,-76.56,38.8901,2013,10,22,18.38,9.93,9.02,4.23,7.85,0.03
US-xSE,-76.56,38.8901,2013,10,23,14,6.74,5.21,4.2,8.61,2.77
US-xSE,-76.56,38.8901,2013,10,24,10.99,4.49,2.01,5.96,10.84,0
US-xSE,-76.56,38.8901,2013,10,25,11.62,2.38,2.6,4.99,14.28,0
US-xSE,-76.56,38.8901,2013,10,26,13.07,1.1,1.93,4.91,15.31,0
US-xSE,-76.56,38.8901,2013,10,27,14.52,4.48,3.4,3.55,13.32,0
US-xSE,-76.56,38.8901,2013,10,28,17.21,4.67,6.29,1.93,12.44,0
US-xSE,-76.56,38.8901,2013,10,29,16.83,5.21,7.13,3.08,13.46,0
US-xSE,-76.56,38.8901,2013,10,30,16.45,8.65,11.56,2.67,5.99,1.95
US-xSE,-76.56,38.8901,2013,10,31,19.58,10.62,14.13,4.74,6.57,0.08
US-xSE,-76.56,38.8901,2013,11,1,22.32,15.8,17.21,6.06,4.3,3.6
US-xSE,-76.56,38.8901,2013,11,2,19.48,9.33,10.27,3.72,11.83,0.17
US-xSE,-76.56,38.8901,2013,11,3,12.41,3.53,2.69,5.92,13.24,0.03
US-xSE,-76.56,38.8901,2013,11,4,8.01,-0.17,-1.71,3.77,11.04,0
US-xSE,-76.56,38.8901,2013,11,5,14.75,3.89,6.68,2.94,7.81,0
US-xSE,-76.56,38.8901,2013,11,6,18.22,8.3,10.53,4.01,12.46,0.18
US-xSE,-76.56,38.8901,2013,11,7,16.61,6.26,10.13,5.81,4.87,1.76
US-xSE,-76.56,38.8901,2013,11,8,10.18,2.72,0.28,5.53,10.75,0.05
US-xSE,-76.56,38.8901,2013,11,9,11.74,0.86,1.13,3.94,12.58,0
US-xSE,-76.56,38.8901,2013,11,10,15.47,4.91,2.67,6.78,12.93,0
US-xSE,-76.56,38.8901,2013,11,11,12.67,2.08,2.21,4.41,12.22,0
US-xSE,-76.56,38.8901,2013,11,12,8.58,-0.33,-1.49,6.59,3.18,0.06
US-xSE,-76.56,38.8901,2013,11,13,5.98,-0.75,-3.89,5.16,12,0
US-xSE,-76.56,38.8901,2013,11,14,12.74,-1.75,-1.51,3.94,12.89,0
US-xSE,-76.56,38.8901,2013,11,15,10.4,0.8,2.21,2.97,8.75,0.92
US-xSE,-76.56,38.8901,2013,11,16,13.76,6.3,8.06,2.3,4.35,4.82
US-xSE,-76.56,38.8901,2013,11,17,16.02,8.09,11.25,3.62,8.39,0.38
US-xSE,-76.56,38.8901,2013,11,18,18.03,8.22,7.41,6.01,11.59,4.33
US-xSE,-76.56,38.8901,2013,11,19,9.34,2.57,-0.64,6.19,12.23,0
US-xSE,-76.56,38.8901,2013,11,20,7.39,0.27,-2.41,3.94,11.6,0
US-xSE,-76.56,38.8901,2013,11,21,11.29,0.11,4.05,2.48,5.66,0
US-xSE,-76.56,38.8901,2013,11,22,15.12,6.27,9.97,3.43,4.92,0.68
US-xSE,-76.56,38.8901,2013,11,23,11.34,0.03,-0.77,7.27,8.8,0
US-xSE,-76.56,38.8901,2013,11,24,-0.02,-3.58,-9.93,8.51,10.3,0
US-xSE,-76.56,38.8901,2013,11,25,2.04,-4.11,-7.69,3.91,10.52,0.01
US-xSE,-76.56,38.8901,2013,11,26,14.25,0.35,1.34,5.5,1.94,32.45
US-xSE,-76.56,38.8901,2013,11,27,14.08,-1.49,2.13,9.01,1.73,19.74
US-xSE,-76.56,38.8901,2013,11,28,2.75,-2.85,-6.49,5.42,11.12,0
US-xSE,-76.56,38.8901,2013,11,29,5,-2.54,-4.03,3.21,10.77,0
US-xSE,-76.56,38.8901,2013,11,30,4.56,-3.41,-2.39,2.74,7.69,0
US-xSE,-76.56,38.8901,2013,12,1,7.88,-0.48,0.59,1.72,10.16,0
US-xSE,-76.56,38.8901,2013,12,2,10.32,1.62,2.58,1.9,6.56,0
US-xSE,-76.56,38.8901,2013,12,3,11.97,1.88,3.48,2.01,9.49,0
US-xSE,-76.56,38.8901,2013,12,4,11.92,4.01,7.43,2.67,3.95,0
US-xSE,-76.56,38.8901,2013,12,5,16.14,7.02,11.39,4.36,5.24,0.36
US-xSE,-76.56,38.8901,2013,12,6,13.71,4.64,8.32,4.55,1.47,11.32
US-xSE,-76.56,38.8901,2013,12,7,5.42,-0.21,-0.21,5.53,7.11,9.15
US-xSE,-76.56,38.8901,2013,12,8,0.77,-1.45,-2.7,4.34,1.82,18.71
US-xSE,-76.56,38.8901,2013,12,9,2.17,0.13,0.79,2.89,3.19,9.74
US-xSE,-76.56,38.8901,2013,12,10,1.32,-5.17,-2.16,4.01,2.7,9.38
US-xSE,-76.56,38.8901,2013,12,11,2.25,-7.77,-5.26,3.32,10.37,0
US-xSE,-76.56,38.8901,2013,12,12,-1.98,-6.81,-7.22,4.91,10.52,0
US-xSE,-76.56,38.8901,2013,12,13,3.03,-6.36,-5.12,4.07,9.39,0
US-xSE,-76.56,38.8901,2013,12,14,3.76,-0.27,0.67,3.66,2.27,18.35
US-xSE,-76.56,38.8901,2013,12,15,5.28,-2.26,-0.1,5.66,9.1,0.06
US-xSE,-76.56,38.8901,2013,12,16,1.52,-3.89,-4.97,3.94,6.27,0
US-xSE,-76.56,38.8901,2013,12,17,3.29,-1.65,-0.33,3.29,2.95,2.19
US-xSE,-76.56,38.8901,2013,12,18,2.85,-3.08,-3.33,4.26,9.52,0.08
US-xSE,-76.56,38.8901,2013,12,19,8.88,-2.15,1.1,4.29,9.54,0
US-xSE,-76.56,38.8901,2013,12,20,9.94,3.91,5.83,4.88,4.92,0
US-xSE,-76.56,38.8901,2013,12,21,16.58,9.13,11.3,6.11,8.03,0
US-xSE,-76.56,38.8901,2013,12,22,19.34,13.39,15.93,6.78,2.35,1.72
US-xSE,-76.56,38.8901,2013,12,23,15.61,4,10.25,4.48,1.72,18.02
US-xSE,-76.56,38.8901,2013,12,24,4.55,-4.25,-3.71,6.65,8.37,0.71
US-xSE,-76.56,38.8901,2013,12,25,-0.47,-5.04,-7.65,3.2,10.35,0
US-xSE,-76.56,38.8901,2013,12,26,5.2,-3.35,-3.12,3.45,9.49,0.05
US-xSE,-76.56,38.8901,2013,12,27,6.95,-1.68,-2.13,3.49,10.25,0
US-xSE,-76.56,38.8901,2013,12,28,10.01,-1.34,1.39,3.92,10.12,0
US-xSE,-76.56,38.8901,2013,12,29,8.89,3.08,4.2,4.61,1.56,27.33
US-xSE,-76.56,38.8901,2013,12,30,6.69,-1.61,0.53,4.6,4.84,0
US-xSE,-76.56,38.8901,2013,12,31,5.65,-3.15,-4.14,4.67,9.25,0
US-xSE,-76.56,38.8901,2014,1,1,5.7,-2.87,-2.17,2.76,9.85,0
US-xSE,-76.56,38.8901,2014,1,2,2.9,-2.04,-0.09,3.44,3.92,7.7
US-xSE,-76.56,38.8901,2014,1,3,-2.54,-8.74,-10.7,8.82,9.85,1.41
US-xSE,-76.56,38.8901,2014,1,4,0.4,-8.59,-8.65,3.79,9.94,0
US-xSE,-76.56,38.8901,2014,1,5,5.96,-3.05,0.76,3.69,4.43,2.31
US-xSE,-76.56,38.8901,2014,1,6,7.76,-11.31,-1.65,8.66,3.2,5.98
US-xSE,-76.56,38.8901,2014,1,7,-9.5,-15.2,-16.83,7.88,11.12,0
US-xSE,-76.56,38.8901,2014,1,8,-2.38,-11.75,-11.51,2.68,10.23,0
US-xSE,-76.56,38.8901,2014,1,9,1.99,-4.11,-4.09,2.85,9.96,0
US-xSE,-76.56,38.8901,2014,1,10,2.53,-2.3,0.37,2.32,1.97,14.05
US-xSE,-76.56,38.8901,2014,1,11,12.98,3,8.41,6.16,2.1,15.74
US-xSE,-76.56,38.8901,2014,1,12,7.54,0.97,0.8,4.95,10.54,0
US-xSE,-76.56,38.8901,2014,1,13,10.57,-0.41,3.27,4.67,10.23,0.03
US-xSE,-76.56,38.8901,2014,1,14,8.28,2.29,5.52,3.94,2.17,6.99
US-xSE,-76.56,38.8901,2014,1,15,6.3,1.22,2.91,3.32,7.5,1.12
US-xSE,-76.56,38.8901,2014,1,16,3.41,-1.94,-3.03,4.16,7.93,0.48
US-xSE,-76.56,38.8901,2014,1,17,6.41,-2.09,-0.13,3.03,10.96,0
US-xSE,-76.56,38.8901,2014,1,18,2.01,-4.96,-5.54,7.07,11.25,0.06
US-xSE,-76.56,38.8901,2014,1,19,6.23,-4.77,-3.23,4.51,11.54,0
US-xSE,-76.56,38.8901,2014,1,20,8.65,-0.77,-0.23,4.82,10.52,0
US-xSE,-76.56,38.8901,2014,1,21,-0.51,-8.68,-5.12,8.37,1.79,8.97
US-xSE,-76.56,38.8901,2014,1,22,-8.09,-13.76,-14.15,8.13,10.46,0.36
US-xSE,-76.56,38.8901,2014,1,23,-4.34,-12.2,-12.49,5.22,8.34,0
US-xSE,-76.56,38.8901,2014,1,24,-6.72,-13.48,-13.43,5.89,11.34,0
US-xSE,-76.56,38.8901,2014,1,25,-1.67,-7.35,-7.6,8.19,2.95,0.13
US-xSE,-76.56,38.8901,2014,1,26,-0.93,-6.3,-7.8,4.71,8.26,0
US-xSE,-76.56,38.8901,2014,1,27,4.49,-6.41,-4.03,7.02,8.24,0
US-xSE,-76.56,38.8901,2014,1,28,-7.16,-10.67,-13.95,4.75,6.61,1.24
US-xSE,-76.56,38.8901,2014,1,29,-5.91,-11.04,-12.91,5.19,10.62,0.46
US-xSE,-76.56,38.8901,2014,1,30,-1.94,-12.13,-11.18,2.5,12.06,0
US-xSE,-76.56,38.8901,2014,1,31,6.01,-7.59,-5.32,2.12,11.39,0
US-xSE,-76.56,38.8901,2014,2,1,6.07,-3.58,-0.87,3.12,10.61,0.05
US-xSE,-76.56,38.8901,2014,2,2,9.11,-0.34,2.15,2.19,9.83,0.01
US-xSE,-76.56,38.8901,2014,2,3,2.62,-4.48,-0.43,6.06,2.59,32.22
US-xSE,-76.56,38.8901,2014,2,4,0.37,-7.19,-5.03,3.43,9.81,1.4
US-xSE,-76.56,38.8901,2014,2,5,1.49,-1.66,-0.12,4.43,4.39,14.95
US-xSE,-76.56,38.8901,2014,2,6,-1.02,-5.4,-6.43,4.68,11.12,0
US-xSE,-76.56,38.8901,2014,2,7,1.98,-5.75,-5.07,2.52,12.7,0
US-xSE,-76.56,38.8901,2014,2,8,-1.32,-6.58,-7.35,2.95,5.81,0
US-xSE,-76.56,38.8901,2014,2,9,0.14,-6.41,-4.56,3.07,6.03,0.72
US-xSE,-76.56,38.8901,2014,2,10,-2.43,-7.98,-7.69,4.82,8.76,0
US-xSE,-76.56,38.8901,2014,2,11,-2.47,-12.01,-10.31,4.4,15.02,0
US-xSE,-76.56,38.8901,2014,2,12,-2.86,-13.69,-9.21,4.51,10.59,4.11
US-xSE,-76.56,38.8901,2014,2,13,0.61,-4.43,-1.41,9.7,4.93,36.06
US-xSE,-76.56,38.8901,2014,2,14,2.94,-3.24,-1.6,5.59,14.94,0.05
US-xSE,-76.56,38.8901,2014,2,15,1.01,-3.81,-1.55,7.16,4.15,3.35
US-xSE,-76.56,38.8901,2014,2,16,0.89,-7.06,-6.65,4.09,14.49,0
US-xSE,-76.56,38.8901,2014,2,17,-1.05,-10.57,-8.68,4.1,16.09,0.01
US-xSE,-76.56,38.8901,2014,2,18,6.34,-4.69,-1.36,4.09,15.92,2.95
US-xSE,-76.56,38.8901,2014,2,19,11.22,-0.94,3.33,6.24,10.02,4.04
US-xSE,-76.56,38.8901,2014,2,20,8.51,-0.28,1.24,3.28,10.84,0
US-xSE,-76.56,38.8901,2014,2,21,14.26,1.15,6.58,5.07,4.6,4.84
US-xSE,-76.56,38.8901,2014,2,22,12.12,-0.35,1.69,4.6,17.05,0
US-xSE,-76.56,38.8901,2014,2,23,11.98,2.42,3.02,3.88,13.63,0.13
US-xSE,-76.56,38.8901,2014,2,24,4.77,-2.7,-3.77,6.26,17.99,0.14
US-xSE,-76.56,38.8901,2014,2,25,0.34,-2.85,-4.03,2.85,6.62,0.64
US-xSE,-76.56,38.8901,2014,2,26,0.87,-5.08,-5.73,4.21,10.23,1.32
US-xSE,-76.56,38.8901,2014,2,27,2.05,-7.87,-8.5,7.03,17.81,0
US-xSE,-76.56,38.8901,2014,2,28,-3.46,-11.8,-13.42,3.16,18.97,0
US-xSE,-76.56,38.8901,2014,3,1,4.07,-7.94,-6.21,2.67,16.61,0
US-xSE,-76.56,38.8901,2014,3,2,7.92,-0.52,1.08,3.32,10.49,5.25
US-xSE,-76.56,38.8901,2014,3,3,0.49,-10.04,-7.41,6.69,4.36,10.37
US-xSE,-76.56,38.8901,2014,3,4,-2.18,-10.69,-10.36,3.03,11.65,0
US-xSE,-76.56,38.8901,2014,3,5,3.73,-6.4,-5.07,3.61,13.85,0
US-xSE,-76.56,38.8901,2014,3,6,0.51,-5.69,-6.09,5.8,12.51,0
US-xSE,-76.56,38.8901,2014,3,7,3.97,-2.53,-1.31,5.73,6.77,0.36
US-xSE,-76.56,38.8901,2014,3,8,12.08,-1.4,1.75,3.76,17.45,0
US-xSE,-76.56,38.8901,2014,3,9,6.82,0.82,-0.76,4.45,19.14,0.01
US-xSE,-76.56,38.8901,2014,3,10,10.74,0.7,2.35,4.11,6.98,0
US-xSE,-76.56,38.8901,2014,3,11,17.07,4.32,6.74,3.67,16.26,0
US-xSE,-76.56,38.8901,2014,3,12,14.86,-2.54,6.59,7.28,6.23,5.51
US-xSE,-76.56,38.8901,2014,3,13,-0.06,-4.83,-8.91,10.16,21.81,0
US-xSE,-76.56,38.8901,2014,3,14,9.04,-3.24,-2,6.05,17.82,0
US-xSE,-76.56,38.8901,2014,3,15,14.36,3.59,4.22,6.33,18.32,0
US-xSE,-76.56,38.8901,2014,3,16,4.52,-1.53,-2.18,4.93,9.61,6.34
US-xSE,-76.56,38.8901,2014,3,17,-0.74,-3.14,-4.25,6.08,4.84,4.03
US-xSE,-76.56,38.8901,2014,3,18,5.85,-3.79,-2.27,5.03,8.63,0.01
US-xSE,-76.56,38.8901,2014,3,19,7.93,-1.54,3.37,3.91,7.4,5.82
US-xSE,-76.56,38.8901,2014,3,20,11.48,2.89,2.89,5.83,22.03,0.48
US-xSE,-76.56,38.8901,2014,3,21,11.13,0.41,2.24,3.78,15.1,0.09
US-xSE,-76.56,38.8901,2014,3,22,16.05,4.15,6.31,5.21,12.46,0.14
US-xSE,-76.56,38.8901,2014,3,23,6.52,-0.63,-0.46,5.11,6.56,0.05
US-xSE,-76.56,38.8901,2014,3,24,2.74,-4.58,-7.52,4.37,23.19,0
US-xSE,-76.56,38.8901,2014,3,25,2.17,-2.7,-2.36,4.16,7.3,4.41
US-xSE,-76.56,38.8901,2014,3,26,1.34,-3.76,-5.71,8.41,21.47,0.01
US-xSE,-76.56,38.8901,2014,3,27,5.13,-4.24,-4.23,4.11,20.51,0
US-xSE,-76.56,38.8901,2014,3,28,15.4,2.18,8.14,6.44,10.4,0.69
US-xSE,-76.56,38.8901,2014,3,29,12.65,10.13,11.05,4.12,6.41,29.31
US-xSE,-76.56,38.8901,2014,3,30,11.1,2.89,4.37,8.61,5.86,25.48
US-xSE,-76.56,38.8901,2014,3,31,13.33,2.37,2.78,7.63,24.47,0.17
US-xSE,-76.56,38.8901,2014,4,1,13.36,0.77,3.81,3.17,20.39,0
US-xSE,-76.56,38.8901,2014,4,2,14.8,4.93,7.2,2.58,17.09,0.11
US-xSE,-76.56,38.8901,2014,4,3,17.66,7.74,8.68,3.02,11.34,0.56
US-xSE,-76.56,38.8901,2014,4,4,14.65,6.04,9.04,4.67,9.99,0.68
US-xSE,-76.56,38.8901,2014,4,5,12.72,3.45,4.4,6.31,24.03,0.01
US-xSE,-76.56,38.8901,2014,4,6,13.02,-0.11,0.23,2.99,25.97,0
US-xSE,-76.56,38.8901,2014,4,7,12.14,3.55,7.2,4.69,4.18,10.22
US-xSE,-76.56,38.8901,2014,4,8,15.25,6.91,9.63,5.26,13.34,0.77
US-xSE,-76.56,38.8901,2014,4,9,15.58,4.51,5.56,4.07,22.98,0
US-xSE,-76.56,38.8901,2014,4,10,17.25,4.04,6.38,4.67,25.31,0
US-xSE,-76.56,38.8901,2014,4,11,19.55,10.82,11.82,3.69,19.23,0.17
US-xSE,-76.56,38.8901,2014,4,12,20.54,8.92,9.76,3.35,24.52,0
US-xSE,-76.56,38.8901,2014,4,13,22.5,10.41,14.36,6.05,21.65,0.01
US-xSE,-76.56,38.8901,2014,4,14,21.61,14.55,15.11,6.93,17.04,0.05
US-xSE,-76.56,38.8901,2014,4,15,20.74,2.48,11.49,8.48,4.37,31.42
US-xSE,-76.56,38.8901,2014,4,16,8.36,-1.09,-2.46,6.24,27.76,0.46
US-xSE,-76.56,38.8901,2014,4,17,11.53,0.35,2.04,4.58,24.98,0
US-xSE,-76.56,38.8901,2014,4,18,10.08,0.7,2.85,2.39,15.78,0
US-xSE,-76.56,38.8901,2014,4,19,17.15,5.86,7.01,3.03,18.94,0
US-xSE,-76.56,38.8901,2014,4,20,14.38,3.66,5.03,4.87,25.55,0
US-xSE,-76.56,38.8901,2014,4,21,17.92,2.3,5.34,2.62,27.56,0
US-xSE,-76.56,38.8901,2014,4,22,21.39,8.73,12.33,3.72,17.59,1.61
US-xSE,-76.56,38.8901,2014,4,23,14.02,6.34,5.41,8.56,26.6,0.12
US-xSE,-76.56,38.8901,2014,4,24,15.27,3.56,2.15,4.51,28.09,0
US-xSE,-76.56,38.8901,2014,4,25,17.09,5.36,6.37,5.35,18.57,11.38
US-xSE,-76.56,38.8901,2014,4,26,20.97,7.95,9.73,6.08,25.73,0.22
US-xSE,-76.56,38.8901,2014,4,27,16.66,6.23,5.94,4.08,27.21,0
US-xSE,-76.56,38.8901,2014,4,28,16.37,6.76,7.39,3.4,11.59,4.51
US-xSE,-76.56,38.8901,2014,4,29,12.05,8.38,8.18,8.44,3.67,19.07
US-xSE,-76.56,38.8901,2014,4,30,17.82,9.86,14.11,7.81,3.94,73.99
US-xSE,-76.56,38.8901,2014,5,1,22.44,14.14,15.41,3.9,18.93,7.19
US-xSE,-76.56,38.8901,2014,5,2,18.73,10.16,9.66,3.65,22.14,0
US-xSE,-76.56,38.8901,2014,5,3,19.19,10.71,11.42,3.44,19.86,0.14
US-xSE,-76.56,38.8901,2014,5,4,21.24,9.94,10.91,5.13,24.39,0.05
US-xSE,-76.56,38.8901,2014,5,5,17.27,7.48,7.36,4.76,21.77,0.68
US-xSE,-76.56,38.8901,2014,5,6,20.29,10.12,9.86,2.11,24.92,0.87
US-xSE,-76.56,38.8901,2014,5,7,18.48,9.15,11.13,3.64,13.49,2.53
US-xSE,-76.56,38.8901,2014,5,8,25.44,13.41,16.22,3.07,23.36,0.27
US-xSE,-76.56,38.8901,2014,5,9,22.04,12.63,15.48,3.16,15.79,0.13
US-xSE,-76.56,38.8901,2014,5,10,25.34,17.58,18.39,4.69,13.11,4.85
US-xSE,-76.56,38.8901,2014,5,11,23.81,15.15,14.22,2.85,28.01,0
US-xSE,-76.56,38.8901,2014,5,12,26.26,15.5,18.7,3.07,24.87,2.4
US-xSE,-76.56,38.8901,2014,5,13,28.12,14.16,18.54,3.59,26.26,0.1
US-xSE,-76.56,38.8901,2014,5,14,23.06,13.33,15.94,4.36,7.78,0.13
US-xSE,-76.56,38.8901,2014,5,15,25.52,14.44,18.25,6.9,18.18,3.76
US-xSE,-76.56,38.8901,2014,5,16,19.73,13.77,15.66,5.8,17.09,36.27
US-xSE,-76.56,38.8901,2014,5,17,18.2,10.07,9.01,3.42,25.02,0
US-xSE,-76.56,38.8901,2014,5,18,18.11,10.5,8.49,4.23,26.19,0
US-xSE,-76.56,38.8901,2014,5,19,20.5,8.51,8.88,3.59,29,0.1
US-xSE,-76.56,38.8901,2014,5,20,22,11.39,10.76,2.19,24.9,0.13
US-xSE,-76.56,38.8901,2014,5,21,23.11,15.64,17.02,2.45,17.2,6.26
US-xSE,-76.56,38.8901,2014,5,22,26.94,17.41,18.63,3.4,23.92,2.43
US-xSE,-76.56,38.8901,2014,5,23,22.55,13.55,12.98,5.68,25.63,0
US-xSE,-76.56,38.8901,2014,5,24,21.88,11.84,13.22,4.08,28.04,0.06
US-xSE,-76.56,38.8901,2014,5,25,24.99,12.66,14.1,2.49,29.21,0
US-xSE,-76.56,38.8901,2014,5,26,27.17,15.52,18.09,3.52,27.07,0.23
US-xSE,-76.56,38.8901,2014,5,27,26.61,18.38,20.64,3.53,24.43,10.22
US-xSE,-76.56,38.8901,2014,5,28,25.07,14.54,19.43,4.17,20.33,5.06
US-xSE,-76.56,38.8901,2014,5,29,15.22,13.13,12.44,3.88,5.6,5.52
US-xSE,-76.56,38.8901,2014,5,30,20.99,12.52,13.78,2.37,18.09,0.63
US-xSE,-76.56,38.8901,2014,5,31,23.03,13.76,13.49,4.27,29.9,0
US-xSE,-76.56,38.8901,2014,6,1,22.85,11.89,12.57,2.58,29.98,0
US-xSE,-76.56,38.8901,2014,6,2,24.11,12.73,14.38,4.11,28.52,0
US-xSE,-76.56,38.8901,2014,6,3,27.8,17.33,19.2,3.07,23.15,2.31
US-xSE,-76.56,38.8901,2014,6,4,27.71,19.2,19.04,2.9,26,5.7
US-xSE,-76.56,38.8901,2014,6,5,24.42,18.51,17.38,5.71,21.45,4.87
US-xSE,-76.56,38.8901,2014,6,6,23.66,14.61,14.32,3.34,30.79,0
US-xSE,-76.56,38.8901,2014,6,7,25.83,15.05,15.11,2.13,30.04,0
US-xSE,-76.56,38.8901,2014,6,8,26.15,16.52,17.81,4.09,25.73,1.66
US-xSE,-76.56,38.8901,2014,6,9,25.81,20.31,21.09,3.78,21.24,2.83
US-xSE,-76.56,38.8901,2014,6,10,28.57,21.16,22.07,1.58,21.59,11.32
US-xSE,-76.56,38.8901,2014,6,11,25.14,19.32,20.93,4.53,23.53,7.59
US-xSE,-76.56,38.8901,2014,6,12,24.32,19.27,20.61,4.39,6.65,14.53
US-xSE,-76.56,38.8901,2014,6,13,26.74,20.47,21.3,2.37,19.52,8.55
US-xSE,-76.56,38.8901,2014,6,14,22.72,15.61,15.22,5.51,30.22,0.06
US-xSE,-76.56,38.8901,2014,6,15,25.11,13.59,14.6,2.63,30.05,0
US-xSE,-76.56,38.8901,2014,6,16,29.45,16.56,19.27,2,28.77,0
US-xSE,-76.56,38.8901,2014,6,17,30.18,21.75,23.09,3.1,28.21,0.01
US-xSE,-76.56,38.8901,2014,6,18,29.53,23.31,23.71,4.13,27.91,11.56
US-xSE,-76.56,38.8901,2014,6,19,27.69,20.86,21.81,3.22,20.36,3.4
US-xSE,-76.56,38.8901,2014,6,20,25.57,17.3,15.05,3.18,29.82,0.03
US-xSE,-76.56,38.8901,2014,6,21,24.31,19.63,17.36,1.63,10.63,0.31
US-xSE,-76.56,38.8901,2014,6,22,25.8,18.48,17.76,2.17,19.06,0.08
US-xSE,-76.56,38.8901,2014,6,23,26.81,16.96,17.23,3.54,28.54,0
US-xSE,-76.56,38.8901,2014,6,24,27.64,18.18,19.65,4.45,28.81,0.16
US-xSE,-76.56,38.8901,2014,6,25,28.3,22.15,23.02,3.74,23.95,11.14
US-xSE,-76.56,38.8901,2014,6,26,28.45,21.84,21.39,3.94,27.04,2.74
US-xSE,-76.56,38.8901,2014,6,27,27.54,19.58,20.58,3.86,25.47,0.06
US-xSE,-76.56,38.8901,2014,6,28,27.77,17.8,18.05,2.91,28.82,0.04
US-xSE,-76.56,38.8901,2014,6,29,27.49,19.08,17.57,2.87,28.48,0.03
US-xSE,-76.56,38.8901,2014,6,30,28.82,20.15,19.63,3.56,26.12,0.27
US-xSE,-76.56,38.8901,2014,7,1,31.26,22.31,22.6,4.76,27.1,0.01
US-xSE,-76.56,38.8901,2014,7,2,32.88,23.62,24.11,3.02,26.3,6.15
US-xSE,-76.56,38.8901,2014,7,3,30.98,24.17,24.51,2.86,23.8,7.99
US-xSE,-76.56,38.8901,2014,7,4,25.99,17.73,16.9,7.4,24.93,3
US-xSE,-76.56,38.8901,2014,7,5,26.48,16.46,12.75,4.03,31.05,0
US-xSE,-76.56,38.8901,2014,7,6,28.61,16.52,16.19,4.02,29.2,0.4
US-xSE,-76.56,38.8901,2014,7,7,31.9,21.16,19.72,5,28.13,0
US-xSE,-76.56,38.8901,2014,7,8,32.79,22.8,20.77,5,27.1,5
US-xSE,-76.56,38.8901,2014,7,9,28.73,21.53,21.03,2.82,16.8,2.67
US-xSE,-76.56,38.8901,2014,7,10,28.68,21.61,21.69,2.12,12.48,8.59
US-xSE,-76.56,38.8901,2014,7,11,29.06,20.89,20.22,3.44,25.12,0.33
US-xSE,-76.56,38.8901,2014,7,12,30.57,20.23,19.78,3.15,26.84,1.26
US-xSE,-76.56,38.8901,2014,7,13,31.86,22.82,22.05,5.25,21.94,2.2
US-xSE,-76.56,38.8901,2014,7,14,32.51,23.86,23.35,2.24,22.84,7.47
US-xSE,-76.56,38.8901,2014,7,15,30.9,22.12,23.31,2.54,16.21,15.66
US-xSE,-76.56,38.8901,2014,7,16,27.26,19.63,18.01,3.13,22.36,3.18
US-xSE,-76.56,38.8901,2014,7,17,27.1,17.89,15.38,3.42,28.29,0
US-xSE,-76.56,38.8901,2014,7,18,27.81,16.84,15.35,2.3,26.89,0.01
US-xSE,-76.56,38.8901,2014,7,19,26.02,19.84,16.89,2.97,14.32,0.15
US-xSE,-76.56,38.8901,2014,7,20,29.01,19.58,19.02,2.8,15.59,0.04
US-xSE,-76.56,38.8901,2014,7,21,29.26,19.42,19.48,2.95,18.33,1.99
US-xSE,-76.56,38.8901,2014,7,22,30.93,21.02,20.85,2.95,22.88,0.16
US-xSE,-76.56,38.8901,2014,7,23,32.95,22.02,22.29,3.29,26.15,5.34
US-xSE,-76.56,38.8901,2014,7,24,26.83,20.34,18.18,3.93,11.12,1.25
US-xSE,-76.56,38.8901,2014,7,25,27.98,17.3,12.31,3.16,29.05,0
US-xSE,-76.56,38.8901,2014,7,26,29.42,19.57,19.49,2.93,20.4,4.2
US-xSE,-76.56,38.8901,2014,7,27,30.64,22.99,22.22,3.78,14.92,4.27
US-xSE,-76.56,38.8901,2014,7,28,29.28,19.94,18.43,6.2,23.6,1.53
US-xSE,-76.56,38.8901,2014,7,29,25.51,17.75,12.83,3.8,23.32,0
US-xSE,-76.56,38.8901,2014,7,30,26.97,15.47,12.5,2.52,25.47,0
US-xSE,-76.56,38.8901,2014,7,31,30.15,17.55,17.28,3.67,22.34,0
US-xSE,-76.56,38.8901,2014,8,1,26.15,20.23,20.32,2.93,7.08,12.28
US-xSE,-76.56,38.8901,2014,8,2,24.88,18.72,19.01,4.01,11.96,8.29
US-xSE,-76.56,38.8901,2014,8,3,27.18,20.07,20.24,1.9,16.31,9.24
US-xSE,-76.56,38.8901,2014,8,4,28.94,19.76,18.87,1.64,25.53,0.16
US-xSE,-76.56,38.8901,2014,8,5,30.89,20.57,18.12,1.41,25.59,0.92
US-xSE,-76.56,38.8901,2014,8,6,29.2,20.04,18.13,2.96,20.1,0.29
US-xSE,-76.56,38.8901,2014,8,7,29.14,19.09,15.2,3.52,25.16,0
US-xSE,-76.56,38.8901,2014,8,8,28.37,17.62,13.73,2.39,19.13,0
US-xSE,-76.56,38.8901,2014,8,9,29.5,20.26,16.91,1.75,17.43,0.01
US-xSE,-76.56,38.8901,2014,8,10,30.59,20.21,16.71,2.47,23.38,0
US-xSE,-76.56,38.8901,2014,8,11,28.4,18.97,16.82,4.21,18.85,0.13
US-xSE,-76.56,38.8901,2014,8,12,24.89,22.53,22.41,6.04,6.4,60.11
US-xSE,-76.56,38.8901,2014,8,13,26.88,19.15,19.65,4.87,24.63,7.78
US-xSE,-76.56,38.8901,2014,8,14,26.04,16.33,15.63,3.65,22.45,0.17
US-xSE,-76.56,38.8901,2014,8,15,24.21,14.61,12.23,3,27.15,0
US-xSE,-76.56,38.8901,2014,8,16,27.02,16.2,14.75,2.14,23.83,0.11
US-xSE,-76.56,38.8901,2014,8,17,29.17,17.55,18.37,3.75,14.75,0.03
US-xSE,-76.56,38.8901,2014,8,18,27.97,17.54,17.26,2.23,16.15,0.04
US-xSE,-76.56,38.8901,2014,8,19,28.9,20.13,19.63,3.48,15.41,0.06
US-xSE,-76.56,38.8901,2014,8,20,29.97,19.69,19.11,3,23.13,0
US-xSE,-76.56,38.8901,2014,8,21,29.89,20.62,21.55,1.71,19.18,3.58
US-xSE,-76.56,38.8901,2014,8,22,29.19,21.7,21.42,2.72,12.2,1.46
US-xSE,-76.56,38.8901,2014,8,23,25.41,19.34,19.32,4.03,9.21,4.14
US-xSE,-76.56,38.8901,2014,8,24,26.74,17.89,16.83,3.49,21.16,0.36
US-xSE,-76.56,38.8901,2014,8,25,28.02,16.54,15.85,3.01,24.54,0
US-xSE,-76.56,38.8901,2014,8,26,30,18.59,17.71,2.78,24.94,0
US-xSE,-76.56,38.8901,2014,8,27,31.42,19.17,16.46,1.19,24.37,0
US-xSE,-76.56,38.8901,2014,8,28,28.92,18.79,15.18,4.94,24.06,0
US-xSE,-76.56,38.8901,2014,8,29,27.09,15.4,12.39,2.81,24.59,0
US-xSE,-76.56,38.8901,2014,8,30,29.22,17.33,18.86,3.75,15.49,0
US-xSE,-76.56,38.8901,2014,8,31,32,22.92,22.87,4.33,21.84,11.82
US-xSE,-76.56,38.8901,2014,9,1,31.9,22.42,22.52,2.51,20.18,1.25
US-xSE,-76.56,38.8901,2014,9,2,32.66,22.91,22.35,3.36,21.84,5.46
US-xSE,-76.56,38.8901,2014,9,3,28.87,21.5,18.24,2.38,17.2,0.01
US-xSE,-76.56,38.8901,2014,9,4,31.62,20.01,19.69,3.34,20.05,0
US-xSE,-76.56,38.8901,2014,9,5,31.74,22.75,22.66,2.81,21.31,0.05
US-xSE,-76.56,38.8901,2014,9,6,32.17,23.1,22.43,3.45,21.49,12.74
US-xSE,-76.56,38.8901,2014,9,7,27.73,20.08,16.29,3.91,18.88,0.21
US-xSE,-76.56,38.8901,2014,9,8,25.07,18.84,16.43,5.13,5.8,0.82
US-xSE,-76.56,38.8901,2014,9,9,25.7,19.62,17.85,5.79,9.78,0.34
US-xSE,-76.56,38.8901,2014,9,10,27.96,18.63,17.59,3.32,17.47,0
US-xSE,-76.56,38.8901,2014,9,11,30.68,21.39,20.73,4.58,17.71,0.37
US-xSE,-76.56,38.8901,2014,9,12,26.24,17.77,14.02,4.21,17.06,0.19
US-xSE,-76.56,38.8901,2014,9,13,24.45,15.9,16.7,3.56,6.31,5.12
US-xSE,-76.56,38.8901,2014,9,14,21.76,12.31,8.76,3.02,20.17,0.01
US-xSE,-76.56,38.8901,2014,9,15,23.73,12.12,10.06,2,19.26,0
US-xSE,-76.56,38.8901,2014,9,16,25.71,15.88,13.43,4.04,18.87,0.17
US-xSE,-76.56,38.8901,2014,9,17,24.57,13.25,11.27,2.01,19.79,0
US-xSE,-76.56,38.8901,2014,9,18,23.68,14.45,13.33,1.42,12.35,0.54
US-xSE,-76.56,38.8901,2014,9,19,24.59,13.26,13.15,4.04,17.45,0.01
US-xSE,-76.56,38.8901,2014,9,20,27.81,15.38,16.46,2.97,19.97,0.13
US-xSE,-76.56,38.8901,2014,9,21,26.99,17.54,17.49,2.46,16.32,0.92
US-xSE,-76.56,38.8901,2014,9,22,23.51,13.89,9.75,6.05,20.71,0.06
US-xSE,-76.56,38.8901,2014,9,23,21.39,11.91,7.51,3.2,15.63,0
US-xSE,-76.56,38.8901,2014,9,24,21.75,12.72,13.38,6.41,7.26,6.31
US-xSE,-76.56,38.8901,2014,9,25,19.97,14.96,15.93,6.8,5.26,25.3
US-xSE,-76.56,38.8901,2014,9,26,24.21,12.72,12.13,2.74,19.61,0.01
US-xSE,-76.56,38.8901,2014,9,27,26.76,12.24,13.37,2.55,20.3,0
US-xSE,-76.56,38.8901,2014,9,28,27.1,14.99,14.98,1.7,18.67,0
US-xSE,-76.56,38.8901,2014,9,29,22.86,16.89,16.25,1.57,5.62,0.83
US-xSE,-76.56,38.8901,2014,9,30,25.58,16.83,16.38,2.43,16.47,2.73
US-xSE,-76.56,38.8901,2014,10,1,24.49,15.61,15.53,2.66,13.32,0.65
US-xSE,-76.56,38.8901,2014,10,2,23.8,14.73,14.87,2.38,15.14,0.09
US-xSE,-76.56,38.8901,2014,10,3,24.76,13.89,15.54,4.83,10.77,1.45
US-xSE,-76.56,38.8901,2014,10,4,21.88,9.81,11.47,6.31,13.33,4.64
US-xSE,-76.56,38.8901,2014,10,5,17.55,7.26,3.15,3.94,19.36,0
US-xSE,-76.56,38.8901,2014,10,6,22.8,8.72,8.88,6.08,18.49,0
US-xSE,-76.56,38.8901,2014,10,7,23.84,14.88,13.2,6.3,10.4,6
US-xSE,-76.56,38.8901,2014,10,8,24.31,14.03,12.79,4.87,17.63,0.89
US-xSE,-76.56,38.8901,2014,10,9,21.82,10.49,7.47,3.58,17.29,0
US-xSE,-76.56,38.8901,2014,10,10,20.82,13.07,11.22,3.16,6.11,2.76
US-xSE,-76.56,38.8901,2014,10,11,16.75,10.93,11.93,4.01,3.62,7.91
US-xSE,-76.56,38.8901,2014,10,12,18.61,9.39,8.69,3.36,12.24,0.04
US-xSE,-76.56,38.8901,2014,10,13,21.81,13.84,15.91,3.79,6.04,2.29
US-xSE,-76.56,38.8901,2014,10,14,26.11,18.2,18.66,6.94,11.83,0.83
US-xSE,-76.56,38.8901,2014,10,15,24.72,17.74,20.53,7.16,4.2,31.07
US-xSE,-76.56,38.8901,2014,10,16,20.68,12.72,13.64,3.43,11.68,1.77
US-xSE,-76.56,38.8901,2014,10,17,21.99,11.78,12.81,4,16.36,0
US-xSE,-76.56,38.8901,2014,10,18,21.16,10.69,10.49,6.09,14.55,0
US-xSE,-76.56,38.8901,2014,10,19,14.35,8.55,3.66,6.11,16.24,0
US-xSE,-76.56,38.8901,2014,10,20,17.32,5.6,6.77,3.95,14.79,0.09
US-xSE,-76.56,38.8901,2014,10,21,19.97,10.89,10.9,2.31,14.18,8.13
US-xSE,-76.56,38.8901,2014,10,22,13.91,10.69,11.24,7.08,2.43,17
US-xSE,-76.56,38.8901,2014,10,23,16.57,10.06,8.3,7.98,9.55,0.07
US-xSE,-76.56,38.8901,2014,10,24,19.32,9.96,7.95,6.01,14.09,0
US-xSE,-76.56,38.8901,2014,10,25,20.02,6.72,8.25,4.54,14.57,0
US-xSE,-76.56,38.8901,2014,10,26,18.73,9.22,6.38,6.31,15.93,0
US-xSE,-76.56,38.8901,2014,10,27,19.2,6.28,5.81,3.44,15.38,0
US-xSE,-76.56,38.8901,2014,10,28,23.61,9.96,12.55,4.23,13.06,0.01
US-xSE,-76.56,38.8901,2014,10,29,19.54,9.5,12.23,3.54,7.75,0.85
US-xSE,-76.56,38.8901,2014,10,30,15.28,6.87,5.75,3.65,13.6,0
US-xSE,-76.56,38.8901,2014,10,31,13.83,4.31,4.38,3.24,10.6,0.07
US-xSE,-76.56,38.8901,2014,11,1,12.44,6.02,5.29,8.29,3.46,3.54
US-xSE,-76.56,38.8901,2014,11,2,9.92,3.26,-1.13,9.78,11.03,0.03
US-xSE,-76.56,38.8901,2014,11,3,14.95,2.24,0.08,4.96,12.57,0
US-xSE,-76.56,38.8901,2014,11,4,19.66,5.98,5.95,3.72,8.73,0
US-xSE,-76.56,38.8901,2014,11,5,18.02,9.63,8.77,2.76,6.73,0.87
US-xSE,-76.56,38.8901,2014,11,6,17.28,9.91,11.47,3.76,6.94,14.53
US-xSE,-76.56,38.8901,2014,11,7,12.23,3.47,2.97,7.32,10.85,0.08
US-xSE,-76.56,38.8901,2014,11,8,10.12,1.69,0.24,3.44,11.44,0
US-xSE,-76.56,38.8901,2014,11,9,13.92,4.96,4.56,2.48,8.61,0
US-xSE,-76.56,38.8901,2014,11,10,15.92,4.84,5.83,2.85,12.47,0
US-xSE,-76.56,38.8901,2014,11,11,20.48,6.38,12.39,2.22,9.47,0.03
US-xSE,-76.56,38.8901,2014,11,12,16.96,5.59,8.03,4.72,11.1,0.02
US-xSE,-76.56,38.8901,2014,11,13,9.76,2.43,0.76,4.15,3.04,1.36
US-xSE,-76.56,38.8901,2014,11,14,5.4,0.51,-3.12,6.32,10.9,0.31
US-xSE,-76.56,38.8901,2014,11,15,6.47,-1.57,-4.28,3.58,12.62,0
US-xSE,-76.56,38.8901,2014,11,16,9.31,0.74,-1.02,3.38,5.75,1.19
US-xSE,-76.56,38.8901,2014,11,17,13.33,3.29,6.54,5.17,2.64,23.32
US-xSE,-76.56,38.8901,2014,11,18,2.32,-3.93,-9.91,8.68,11.63,0
US-xSE,-76.56,38.8901,2014,11,19,1.76,-4.16,-8.77,5.51,11.75,0
US-xSE,-76.56,38.8901,2014,11,20,9.69,-1.54,-3.07,5.88,11.55,0
US-xSE,-76.56,38.8901,2014,11,21,2.32,-2.47,-8.05,5.16,12.18,0
US-xSE,-76.56,38.8901,2014,11,22,7.3,-2.41,-5.53,4.3,11.7,0
US-xSE,-76.56,38.8901,2014,11,23,12.19,0.89,2.49,4.25,5.37,5.97
US-xSE,-76.56,38.8901,2014,11,24,19.57,12.12,14.36,7.51,9.14,3.14
US-xSE,-76.56,38.8901,2014,11,25,13.7,8.53,6.7,2.32,3.5,0.04
US-xSE,-76.56,38.8901,2014,11,26,8.18,-0.36,2.09,5.92,2.47,29.97
US-xSE,-76.56,38.8901,2014,11,27,4.93,-1.48,-0.7,4,5.12,0.02
US-xSE,-76.56,38.8901,2014,11,28,2.83,-1.74,-4.19,4.93,10.1,0
US-xSE,-76.56,38.8901,2014,11,29,6.04,-1.04,-2.39,3.34,9.21,0
US-xSE,-76.56,38.8901,2014,11,30,12.86,2.66,5.16,4.96,9.43,0
US-xSE,-76.56,38.8901,2014,12,1,16.17,6.14,9.23,4.78,7.45,7.23
US-xSE,-76.56,38.8901,2014,12,2,5.85,1.39,1.45,4.25,1.6,8.25
US-xSE,-76.56,38.8901,2014,12,3,10.31,2.57,5.04,4.51,3.53,0.56
US-xSE,-76.56,38.8901,2014,12,4,7.19,-0.86,-0.67,2.89,6.47,0.06
US-xSE,-76.56,38.8901,2014,12,5,6.48,1.16,2.1,1.73,2.19,1.19
US-xSE,-76.56,38.8901,2014,12,6,10.27,3.82,6.13,4.33,2.24,16.25
US-xSE,-76.56,38.8901,2014,12,7,6.98,-1.18,-2.05,7.7,10.75,0.39
US-xSE,-76.56,38.8901,2014,12,8,1.89,-2.74,-1.96,6.06,3.08,1.05
US-xSE,-76.56,38.8901,2014,12,9,5.13,1.78,2.29,7.3,3.82,11.45
US-xSE,-76.56,38.8901,2014,12,10,7.13,1.22,0.29,8.78,8.88,0.04
US-xSE,-76.56,38.8901,2014,12,11,3.3,-0.15,-3.03,6.91,7.12,0.14
US-xSE,-76.56,38.8901,2014,12,12,5.2,-0.83,-2.1,5.43,5.86,0
US-xSE,-76.56,38.8901,2014,12,13,5.35,-1.67,-1.32,4.58,8.61,0
US-xSE,-76.56,38.8901,2014,12,14,8.84,-1.07,2.1,3.89,5.64,0
US-xSE,-76.56,38.8901,2014,12,15,10.24,0.22,2.79,2.41,7.26,0
US-xSE,-76.56,38.8901,2014,12,16,10.09,3.04,5.59,3.93,4.12,7.34
US-xSE,-76.56,38.8901,2014,12,17,10.27,0.53,2.46,5.91,9.15,0.21
US-xSE,-76.56,38.8901,2014,12,18,4.42,-1.58,-3,5.36,9.68,0
US-xSE,-76.56,38.8901,2014,12,19,4.68,-2.58,-2.63,4.72,4.13,0
US-xSE,-76.56,38.8901,2014,12,20,1.91,-3.07,-3.98,1.86,5.37,0
US-xSE,-76.56,38.8901,2014,12,21,4.46,-1.91,-2.97,1.9,6.91,0
US-xSE,-76.56,38.8901,2014,12,22,4.81,-2.28,0.16,3.36,2.7,3.89
US-xSE,-76.56,38.8901,2014,12,23,12.03,3.29,7.25,1.72,3.66,1.69
US-xSE,-76.56,38.8901,2014,12,24,14.46,6.56,10.23,4.08,2.41,20.12
US-xSE,-76.56,38.8901,2014,12,25,14.68,2.06,4.54,6.21,8.94,7.71
US-xSE,-76.56,38.8901,2014,12,26,9.45,-0.45,1.44,3.26,10.21,0
US-xSE,-76.56,38.8901,2014,12,27,11.48,1.09,3.95,2.46,9.08,0
US-xSE,-76.56,38.8901,2014,12,28,11.21,5.13,6.79,2.98,4.42,1.9
US-xSE,-76.56,38.8901,2014,12,29,6.6,2.59,1.12,3.27,3.16,0.92
US-xSE,-76.56,38.8901,2014,12,30,3.72,-0.8,-3.26,3.22,7.82,0.02
US-xSE,-76.56,38.8901,2014,12,31,1.04,-2.94,-6.21,4.01,9.91,0
US-xSE,-76.56,38.8901,2015,1,1,4.84,-2.93,-4,5,10.34,0
US-xSE,-76.56,38.8901,2015,1,2,6.59,-0.53,-1.72,3.51,5.72,0
US-xSE,-76.56,38.8901,2015,1,3,4.55,-0.79,1.6,3.28,1.84,9.03
US-xSE,-76.56,38.8901,2015,1,4,15.13,4.5,9.38,6.53,3.51,6.68
US-xSE,-76.56,38.8901,2015,1,5,5.88,-3.38,-5.43,7.82,10.8,0
US-xSE,-76.56,38.8901,2015,1,6,-0.39,-4.71,-6.73,3.1,4.67,2.26
US-xSE,-76.56,38.8901,2015,1,7,-2.56,-9.13,-10.82,8.82,7.69,0
US-xSE,-76.56,38.8901,2015,1,8,-5.48,-12.13,-13.66,6.27,10.9,0
US-xSE,-76.56,38.8901,2015,1,9,2.17,-6.32,-7.96,6.41,10.36,0.01
US-xSE,-76.56,38.8901,2015,1,10,-4.49,-9.76,-12.36,4.49,11.61,0
US-xSE,-76.56,38.8901,2015,1,11,3.02,-8.33,-5.66,3.49,10.25,0
US-xSE,-76.56,38.8901,2015,1,12,2.62,0.18,0.53,3.14,2.36,23.27
US-xSE,-76.56,38.8901,2015,1,13,1.4,-4.68,-5.95,6.44,8.33,0.2
US-xSE,-76.56,38.8901,2015,1,14,0.15,-5.94,-4.94,4.27,3.66,1.91
US-xSE,-76.56,38.8901,2015,1,15,1.98,-5.53,-3.95,3.13,6.85,0.05
US-xSE,-76.56,38.8901,2015,1,16,4.64,-3.52,-2.97,5.65,10.98,0
US-xSE,-76.56,38.8901,2015,1,17,0.24,-6.89,-6.77,3.82,11.22,0
US-xSE,-76.56,38.8901,2015,1,18,4.22,-1.04,1.84,3.45,1.77,29.02
US-xSE,-76.56,38.8901,2015,1,19,5.76,-0.4,-1.15,4.38,7.42,0
US-xSE,-76.56,38.8901,2015,1,20,6.9,-0.73,-0.8,1.42,8.64,0
US-xSE,-76.56,38.8901,2015,1,21,1.17,-1.86,-1.93,2.65,2.96,2.58
US-xSE,-76.56,38.8901,2015,1,22,5.34,-1.37,-0.98,3.16,9.02,0.17
US-xSE,-76.56,38.8901,2015,1,23,4.28,-2.4,-1.37,2.66,8.39,11.47
US-xSE,-76.56,38.8901,2015,1,24,1.9,-1.44,-0.44,6.15,3.83,16.89
US-xSE,-76.56,38.8901,2015,1,25,6.42,-1.65,-0.34,3.83,9.76,0.12
US-xSE,-76.56,38.8901,2015,1,26,1.25,-3.38,-1.55,7.28,2.96,4.02
US-xSE,-76.56,38.8901,2015,1,27,1.2,-4.86,-4.85,7.17,8.35,0.84
US-xSE,-76.56,38.8901,2015,1,28,0.32,-8.37,-8.53,6.85,13.49,0
US-xSE,-76.56,38.8901,2015,1,29,0.61,-9.32,-6.19,4.38,6.59,0.52
US-xSE,-76.56,38.8901,2015,1,30,2.95,-7.21,-4.11,8.84,9.94,0.11
US-xSE,-76.56,38.8901,2015,1,31,-2.21,-9.67,-10.25,6.66,13.75,0
US-xSE,-76.56,38.8901,2015,2,1,3.49,-5.22,-4.24,3.3,6.85,0.79
US-xSE,-76.56,38.8901,2015,2,2,6.93,-6.57,-0.85,9.34,3.53,10.6
US-xSE,-76.56,38.8901,2015,2,3,-0.54,-6.53,-9.19,4.69,14.01,0
US-xSE,-76.56,38.8901,2015,2,4,7.11,-5.05,-1.37,4.83,13.35,0
US-xSE,-76.56,38.8901,2015,2,5,1.06,-7.46,-7.21,8.74,11.87,0
US-xSE,-76.56,38.8901,2015,2,6,1.22,-10.69,-9.59,4.07,12.09,0
US-xSE,-76.56,38.8901,2015,2,7,5.82,-5.15,-3.73,3.34,10.24,0
US-xSE,-76.56,38.8901,2015,2,8,10.58,-0.03,2.05,2.68,11.79,0
US-xSE,-76.56,38.8901,2015,2,9,2.58,-1.59,-0.15,5.49,4.43,1.6
US-xSE,-76.56,38.8901,2015,2,10,3.56,-2.24,-2.61,6.97,4.66,1.21
US-xSE,-76.56,38.8901,2015,2,11,3.29,-4.18,-4.79,4.01,15.05,0
US-xSE,-76.56,38.8901,2015,2,12,4.48,-7.53,-4.48,6.78,5.39,0.08
US-xSE,-76.56,38.8901,2015,2,13,-3.47,-10.43,-13.17,6.73,15.33,0
US-xSE,-76.56,38.8901,2015,2,14,1.81,-8.36,-6.69,7.11,5.9,2.16
US-xSE,-76.56,38.8901,2015,2,15,-7.92,-13.49,-16.31,12.54,16.14,0.01
US-xSE,-76.56,38.8901,2015,2,16,-8.66,-15.3,-15.65,4.48,8.31,5.04
US-xSE,-76.56,38.8901,2015,2,17,-3.02,-10.21,-9.87,3.66,12.67,5.36
US-xSE,-76.56,38.8901,2015,2,18,-0.43,-10.14,-8.66,3.85,13.65,0.05
US-xSE,-76.56,38.8901,2015,2,19,-7.72,-12.24,-14.6,9.09,12.84,0
US-xSE,-76.56,38.8901,2015,2,20,-7.86,-16.53,-16.92,6.08,15.27,0
US-xSE,-76.56,38.8901,2015,2,21,-0.37,-13.29,-7.8,4.87,3.67,13.82
US-xSE,-76.56,38.8901,2015,2,22,4.85,-0.23,0.2,2.36,10.53,6.01
US-xSE,-76.56,38.8901,2015,2,23,0.36,-11.89,-7.83,6.56,10.26,0.12
US-xSE,-76.56,38.8901,2015,2,24,-3.12,-13.59,-11.84,3.55,14.06,0
US-xSE,-76.56,38.8901,2015,2,25,2.31,-8.78,-5.62,3.33,13.58,0
US-xSE,-76.56,38.8901,2015,2,26,1.15,-3.34,-4.08,4.11,7.68,2.79
US-xSE,-76.56,38.8901,2015,2,27,-0.81,-7.89,-6.32,3.21,10.57,0.24
US-xSE,-76.56,38.8901,2015,2,28,-1.82,-10.46,-11.41,2.58,14,0
US-xSE,-76.56,38.8901,2015,3,1,-1.67,-7.36,-5.76,2.77,2.79,11.59
US-xSE,-76.56,38.8901,2015,3,2,2.75,-4.76,-2.78,5.44,15.8,2.43
US-xSE,-76.56,38.8901,2015,3,3,1.25,-7.07,-4.3,5.11,5.01,4.98
US-xSE,-76.56,38.8901,2015,3,4,6.48,1.32,2.86,2.99,4.41,13.1
US-xSE,-76.56,38.8901,2015,3,5,2.11,-6.13,-2.85,5.69,2.57,19.15
US-xSE,-76.56,38.8901,2015,3,6,-3.73,-14.33,-10.97,3.78,17.05,0
US-xSE,-76.56,38.8901,2015,3,7,3.9,-10.21,-4.63,4.44,16.53,0
US-xSE,-76.56,38.8901,2015,3,8,8.36,-0.09,0.07,4.17,18.13,0
US-xSE,-76.56,38.8901,2015,3,9,13.27,1.14,1.72,2.07,13.7,0
US-xSE,-76.56,38.8901,2015,3,10,9.89,0.52,4.87,3.24,4.77,8.79
US-xSE,-76.56,38.8901,2015,3,11,14.45,4.48,6.79,3.94,6.58,0.57
US-xSE,-76.56,38.8901,2015,3,12,9.67,0.14,-1.13,5.1,20.47,0
US-xSE,-76.56,38.8901,2015,3,13,8.93,-1.71,-0.79,3.8,16.48,2.26
US-xSE,-76.56,38.8901,2015,3,14,12.36,3.72,7.65,4.5,4.64,19.7
US-xSE,-76.56,38.8901,2015,3,15,9.61,0.84,1.99,7.68,17.98,0.01
US-xSE,-76.56,38.8901,2015,3,16,12.93,-0.65,3.21,2.93,15.3,0.01
US-xSE,-76.56,38.8901,2015,3,17,17.07,0.79,4.95,7.33,12.56,0
US-xSE,-76.56,38.8901,2015,3,18,7.03,-2.15,-4.21,6.36,20.32,0
US-xSE,-76.56,38.8901,2015,3,19,6.78,-1.54,-2.84,2.88,15.42,0
US-xSE,-76.56,38.8901,2015,3,20,2.32,-0.7,0.32,5.13,2.93,13.9
US-xSE,-76.56,38.8901,2015,3,21,11.87,-2.28,2.67,3.41,19.91,0.06
US-xSE,-76.56,38.8901,2015,3,22,8.69,0.88,-0.67,4.65,19.64,0
US-xSE,-76.56,38.8901,2015,3,23,6.21,-2,-3.99,3.62,21.7,0
US-xSE,-76.56,38.8901,2015,3,24,5.44,-1.11,-2.83,2.51,11.93,0.03
US-xSE,-76.56,38.8901,2015,3,25,9.84,-1.61,1.9,3.72,10.07,0.66
US-xSE,-76.56,38.8901,2015,3,26,18.18,5.97,11.57,5.75,12.68,9.8
US-xSE,-76.56,38.8901,2015,3,27,8.88,3.45,2.65,4.48,5.4,5.45
US-xSE,-76.56,38.8901,2015,3,28,3.14,-2.86,-4.23,7.49,19.46,0.12
US-xSE,-76.56,38.8901,2015,3,29,5.77,-4.28,-6.09,5.01,23.72,0
US-xSE,-76.56,38.8901,2015,3,30,13.07,1.65,2.2,6.14,17.37,0.76
US-xSE,-76.56,38.8901,2015,3,31,15.31,1.44,4.34,5.88,21.41,1.81
US-xSE,-76.56,38.8901,2015,4,1,11.7,-0.76,0.41,3.74,24.48,0
US-xSE,-76.56,38.8901,2015,4,2,16.13,1.68,5.55,6.41,22.01,0
US-xSE,-76.56,38.8901,2015,4,3,20.03,11.82,14.12,5.75,8.95,1.7
US-xSE,-76.56,38.8901,2015,4,4,15.75,3.74,4.04,8.33,24.19,1.48
US-xSE,-76.56,38.8901,2015,4,5,15.11,2.2,2.86,5.43,22.47,0
US-xSE,-76.56,38.8901,2015,4,6,19.29,5.35,8.95,5.09,24.34,0.04
US-xSE,-76.56,38.8901,2015,4,7,21.52,11.72,14,3.86,7.88,3.51
US-xSE,-76.56,38.8901,2015,4,8,10.69,5.48,6.42,5.88,4.66,5.08
US-xSE,-76.56,38.8901,2015,4,9,8.7,4.82,5.1,4.38,6.53,2.42
US-xSE,-76.56,38.8901,2015,4,10,20.14,5.78,11.08,4.43,9.88,2.66
US-xSE,-76.56,38.8901,2015,4,11,15.49,6.2,5.65,5.57,25.54,0
US-xSE,-76.56,38.8901,2015,4,12,17.3,3.65,4.36,2.61,25.69,0
US-xSE,-76.56,38.8901,2015,4,13,20.14,7.21,10.91,5.92,23.48,0.01
US-xSE,-76.56,38.8901,2015,4,14,17.83,10.64,12.63,4.38,4.91,15.52
US-xSE,-76.56,38.8901,2015,4,15,16.01,8.69,5.51,3.35,14.03,0.03
US-xSE,-76.56,38.8901,2015,4,16,18.87,8.5,8.58,3.92,23.32,0.11
US-xSE,-76.56,38.8901,2015,4,17,22.8,12.03,14.32,3.36,22.06,4.96
US-xSE,-76.56,38.8901,2015,4,18,23.5,11.76,12.93,2.06,24.85,0.35
US-xSE,-76.56,38.8901,2015,4,19,15.02,10.24,8.9,7.54,16.54,10.57
US-xSE,-76.56,38.8901,2015,4,20,23.43,11.55,15.98,6.53,19.28,28.52
US-xSE,-76.56,38.8901,2015,4,21,17.2,10.15,8.7,5.61,26.38,7.82
US-xSE,-76.56,38.8901,2015,4,22,19.75,7.69,7.97,6.67,20.99,0.49
US-xSE,-76.56,38.8901,2015,4,23,12.45,4.14,2.22,6.17,19.8,0.04
US-xSE,-76.56,38.8901,2015,4,24,12.85,2.07,-0.18,6.44,28.25,0
US-xSE,-76.56,38.8901,2015,4,25,11.61,2.87,1.87,2.7,7.68,3.26
US-xSE,-76.56,38.8901,2015,4,26,16.22,5.3,4.94,2.61,24.91,0.12
US-xSE,-76.56,38.8901,2015,4,27,14.45,5.17,5.1,5.04,20.56,0
US-xSE,-76.56,38.8901,2015,4,28,18.3,5.83,7.75,5.35,26.08,0
US-xSE,-76.56,38.8901,2015,4,29,21.41,8.57,9.44,3.07,26.52,0
US-xSE,-76.56,38.8901,2015,4,30,19.59,10.72,12.22,3.18,15.86,2.34
US-xSE,-76.56,38.8901,2015,5,1,14.7,9.22,9.05,3.91,9.86,0.85
US-xSE,-76.56,38.8901,2015,5,2,20.77,9.19,9.93,1.71,26.99,0.04
US-xSE,-76.56,38.8901,2015,5,3,24.48,10.26,11.04,2.76,26.96,0
US-xSE,-76.56,38.8901,2015,5,4,25.02,12.18,13.4,4.36,27.24,0
US-xSE,-76.56,38.8901,2015,5,5,26.64,15.33,16.83,2.89,24.85,1.85
US-xSE,-76.56,38.8901,2015,5,6,25.3,15.03,16.82,2.86,22.48,0.67
US-xSE,-76.56,38.8901,2015,5,7,24.32,13.68,15.05,2.81,25.08,0.03
US-xSE,-76.56,38.8901,2015,5,8,25.04,13.99,16.06,2.93,26.38,0.05
US-xSE,-76.56,38.8901,2015,5,9,25.57,13.61,17.27,2.87,23.12,0.02
US-xSE,-76.56,38.8901,2015,5,10,26.7,16.36,19.03,3.75,23.45,0.64
US-xSE,-76.56,38.8901,2015,5,11,25.83,18.11,19.6,3.15,13.56,1.37
US-xSE,-76.56,38.8901,2015,5,12,27.9,18.22,18.48,5.16,24.53,0.08
US-xSE,-76.56,38.8901,2015,5,13,19.29,11.84,9.55,6.26,26.8,0
US-xSE,-76.56,38.8901,2015,5,14,19.77,9.06,7.64,3.32,28.91,0
US-xSE,-76.56,38.8901,2015,5,15,21.9,12.11,12.3,4.33,26.78,0
US-xSE,-76.56,38.8901,2015,5,16,26.59,15.69,18.53,3.46,24.35,2.31
US-xSE,-76.56,38.8901,2015,5,17,26.17,19.13,19.9,2.43,17.6,4.89
US-xSE,-76.56,38.8901,2015,5,18,28.92,19.25,20.79,2.45,23.99,14.11
US-xSE,-76.56,38.8901,2015,5,19,27.53,18.64,19.33,3.19,22.43,4.57
US-xSE,-76.56,38.8901,2015,5,20,20.38,12.7,10.33,5.4,28.66,0
US-xSE,-76.56,38.8901,2015,5,21,13.56,11.03,9.51,2.66,4.07,10.33
US-xSE,-76.56,38.8901,2015,5,22,21.96,9.98,10.32,5.73,29.83,0.02
US-xSE,-76.56,38.8901,2015,5,23,19.91,8.75,5.48,3.43,30.86,0
US-xSE,-76.56,38.8901,2015,5,24,24.91,11.12,14.5,3.11,28.43,0
US-xSE,-76.56,38.8901,2015,5,25,25.97,16.66,17.11,5.25,27.66,0
US-xSE,-76.56,38.8901,2015,5,26,26.21,16.37,18.76,4.74,26.98,0
US-xSE,-76.56,38.8901,2015,5,27,28.64,19.91,20.94,4.75,24.98,1.24
US-xSE,-76.56,38.8901,2015,5,28,28.5,20.89,20.67,2.24,22.55,1.8
US-xSE,-76.56,38.8901,2015,5,29,28.03,19.42,19.93,3.4,23.1,0.2
US-xSE,-76.56,38.8901,2015,5,30,28.53,18.85,19.81,4.97,27.83,0
US-xSE,-76.56,38.8901,2015,5,31,29.62,20.49,20.26,5.41,27.29,2.5
US-xSE,-76.56,38.8901,2015,6,1,28.89,21.63,21.11,3.19,23.62,38.78
US-xSE,-76.56,38.8901,2015,6,2,21.09,14.25,15.24,4.78,7.28,11.45
US-xSE,-76.56,38.8901,2015,6,3,16.98,13.41,13.29,5.22,7.46,2.74
US-xSE,-76.56,38.8901,2015,6,4,19.29,14.37,14.34,5.38,6.3,5.77
US-xSE,-76.56,38.8901,2015,6,5,23.66,13.94,15.94,2.47,13,1.13
US-xSE,-76.56,38.8901,2015,6,6,25.33,16.05,17.68,3.48,22.86,1.22
US-xSE,-76.56,38.8901,2015,6,7,24.2,14.94,15.74,4.29,24.92,0.02
US-xSE,-76.56,38.8901,2015,6,8,27.89,16.54,19.01,6.56,26.09,1.32
US-xSE,-76.56,38.8901,2015,6,9,27.55,19.66,19.41,5.01,26.16,14.84
US-xSE,-76.56,38.8901,2015,6,10,26.89,17.35,17.95,2.92,24.91,0
US-xSE,-76.56,38.8901,2015,6,11,30.41,19.14,20.95,3.38,26.01,0
US-xSE,-76.56,38.8901,2015,6,12,31.32,21.85,22.58,3.88,27.26,0.33
US-xSE,-76.56,38.8901,2015,6,13,29.51,22.23,22.77,3.19,23.32,0.35
US-xSE,-76.56,38.8901,2015,6,14,30.75,22.84,22.88,1.54,26.11,8.18
US-xSE,-76.56,38.8901,2015,6,15,29.05,23.46,23.72,3.51,21.5,6.19
US-xSE,-76.56,38.8901,2015,6,16,31.6,23.27,22.82,4.53,24.34,1.04
US-xSE,-76.56,38.8901,2015,6,17,28.78,21.15,18.71,2.91,18.79,1.73
US-xSE,-76.56,38.8901,2015,6,18,28.8,21.31,22.3,3.08,22.25,16.61
US-xSE,-76.56,38.8901,2015,6,19,29.01,22.5,21.73,3.76,19.86,0.85
US-xSE,-76.56,38.8901,2015,6,20,29.9,22.61,22.66,3.53,21.44,15.75
US-xSE,-76.56,38.8901,2015,6,21,30.36,23.33,22.74,5.99,27.38,13.92
US-xSE,-76.56,38.8901,2015,6,22,30.08,22.29,20.75,3.22,29.25,0.1
US-xSE,-76.56,38.8901,2015,6,23,32.31,23.64,23.54,4.3,26.81,18.8
US-xSE,-76.56,38.8901,2015,6,24,27.07,19.6,18.19,3.43,28,0.5
US-xSE,-76.56,38.8901,2015,6,25,28.73,18.87,18.97,2.07,22.59,15.44
US-xSE,-76.56,38.8901,2015,6,26,25.9,19.93,19.59,3.06,16.59,2.69
US-xSE,-76.56,38.8901,2015,6,27,23.66,19.4,20.35,6.51,7.43,35.16
US-xSE,-76.56,38.8901,2015,6,28,24.97,18.73,18.31,5.09,21.78,4.41
US-xSE,-76.56,38.8901,2015,6,29,26,15.84,15.93,3.7,29.99,0
US-xSE,-76.56,38.8901,2015,6,30,28.55,19.99,21.64,4.98,22.07,5.57
US-xSE,-76.56,38.8901,2015,7,1,28.14,21.28,20.74,3.3,26.43,9.3
US-xSE,-76.56,38.8901,2015,7,2,23.45,19.51,19.81,3.21,9.47,6.85
US-xSE,-76.56,38.8901,2015,7,3,26.4,18.08,18.5,2.97,20.47,0.29
US-xSE,-76.56,38.8901,2015,7,4,24.36,20.23,19.63,3.73,17.75,4.94
US-xSE,-76.56,38.8901,2015,7,5,27.99,18.48,20.25,1.81,20.87,0.12
US-xSE,-76.56,38.8901,2015,7,6,29.16,21.65,22.79,3.87,22.67,4.27
US-xSE,-76.56,38.8901,2015,7,7,30.12,22.44,22.5,3.51,26.73,0.8
US-xSE,-76.56,38.8901,2015,7,8,29.81,23.39,23.37,3.56,17.72,7.87
US-xSE,-76.56,38.8901,2015,7,9,30.14,23.47,23.4,4.05,23.31,9.1
US-xSE,-76.56,38.8901,2015,7,10,27.85,20.82,19.6,4.51,27.67,0.44
US-xSE,-76.56,38.8901,2015,7,11,28.38,21.21,19.42,2.4,18.33,2.16
US-xSE,-76.56,38.8901,2015,7,12,28.34,19.93,18.53,1.95,23.37,0.02
US-xSE,-76.56,38.8901,2015,7,13,27.32,21.04,19.63,2.95,13.26,4.18
US-xSE,-76.56,38.8901,2015,7,14,28.96,22.22,22.36,2.76,19.67,10.12
US-xSE,-76.56,38.8901,2015,7,15,26.16,20.78,22.05,3.21,17.38,4.03
US-xSE,-76.56,38.8901,2015,7,16,26.23,17.56,15.8,3.42,27.51,0.01
US-xSE,-76.56,38.8901,2015,7,17,28.43,17.87,19.13,3.67,22.68,0.04
US-xSE,-76.56,38.8901,2015,7,18,29.18,22.54,23.42,3.65,17.97,1.04
US-xSE,-76.56,38.8901,2015,7,19,32.76,22.9,23.06,2.36,26.53,0.07
US-xSE,-76.56,38.8901,2015,7,20,32.6,24.86,22.84,2.85,25.39,0
US-xSE,-76.56,38.8901,2015,7,21,31.32,24.01,22.83,2.28,15.26,2.15
US-xSE,-76.56,38.8901,2015,7,22,28.52,19.79,16.29,3.75,29.24,0.02
US-xSE,-76.56,38.8901,2015,7,23,27.62,18.99,14.14,2.65,27.63,0
US-xSE,-76.56,38.8901,2015,7,24,29.08,19.43,14.54,2.45,28.62,0.09
US-xSE,-76.56,38.8901,2015,7,25,30.91,20.22,16.33,2.19,26.57,0
US-xSE,-76.56,38.8901,2015,7,26,31.39,21.69,18.95,4.46,25.39,4.34
US-xSE,-76.56,38.8901,2015,7,27,30.12,22.77,21.46,2.81,17.54,9.29
US-xSE,-76.56,38.8901,2015,7,28,32.38,23.09,21.97,1.28,24.47,0.77
US-xSE,-76.56,38.8901,2015,7,29,31.07,22.88,22.99,2.65,20.54,3.98
US-xSE,-76.56,38.8901,2015,7,30,32.14,23.83,23.44,3.89,18.97,6.75
US-xSE,-76.56,38.8901,2015,7,31,31.27,20.81,16.9,3.25,28.11,0.05
US-xSE,-76.56,38.8901,2015,8,1,31.58,20.98,18.33,3.35,25.23,0.97
US-xSE,-76.56,38.8901,2015,8,2,31.18,19.7,15.63,2.42,24.15,0.07
US-xSE,-76.56,38.8901,2015,8,3,32.63,20.07,18.14,4.33,25.89,0.51
US-xSE,-76.56,38.8901,2015,8,4,31.81,23.29,20.98,3.64,25.72,8.35
US-xSE,-76.56,38.8901,2015,8,5,31.68,20.96,15.75,3.4,25.26,1.06
US-xSE,-76.56,38.8901,2015,8,6,30.03,19.81,17.53,2.97,15.33,4.45
US-xSE,-76.56,38.8901,2015,8,7,26.01,20.13,18.86,5.39,8.42,2.28
US-xSE,-76.56,38.8901,2015,8,8,28.94,19.45,16.51,3.54,21.92,0
US-xSE,-76.56,38.8901,2015,8,9,30.16,20.03,17.04,1.9,24.06,0.01
US-xSE,-76.56,38.8901,2015,8,10,26.31,21.04,19.66,4.72,6.27,6.94
US-xSE,-76.56,38.8901,2015,8,11,29.98,22.46,21.43,3.51,19.99,17.29
US-xSE,-76.56,38.8901,2015,8,12,28.92,20.2,17.16,3.7,25.87,0.84
US-xSE,-76.56,38.8901,2015,8,13,28.58,18.49,14.22,2.32,25.48,0
US-xSE,-76.56,38.8901,2015,8,14,30.27,19.9,14.17,1.73,26.81,0
US-xSE,-76.56,38.8901,2015,8,15,31.11,18.9,16.86,2.29,23.71,0
US-xSE,-76.56,38.8901,2015,8,16,32.94,18.75,17.08,2.49,24.91,0
US-xSE,-76.56,38.8901,2015,8,17,33.46,19.81,18.65,2.98,24.56,0.06
US-xSE,-76.56,38.8901,2015,8,18,32.4,21.35,20.81,3.38,15.97,0.24
US-xSE,-76.56,38.8901,2015,8,19,32.29,24.1,21.86,4.48,18.65,0.84
US-xSE,-76.56,38.8901,2015,8,20,30.43,24.39,23.91,3.92,15.31,17.78
US-xSE,-76.56,38.8901,2015,8,21,29.95,21.27,17.11,4.11,24.82,1.98
US-xSE,-76.56,38.8901,2015,8,22,29.03,18.42,13.38,3.71,25.8,0
US-xSE,-76.56,38.8901,2015,8,23,28.31,16.51,13.1,2.02,22.92,0.43
US-xSE,-76.56,38.8901,2015,8,24,31.28,19.86,19.69,3.51,22.24,9.96
US-xSE,-76.56,38.8901,2015,8,25,29.46,20.19,16.58,3.14,22.59,0.41
US-xSE,-76.56,38.8901,2015,8,26,27.68,17,13.27,3.31,22.89,0.02
US-xSE,-76.56,38.8901,2015,8,27,27.62,16.55,13.05,2.92,22.08,0
US-xSE,-76.56,38.8901,2015,8,28,28.67,16.86,14.11,2.12,23.97,0
US-xSE,-76.56,38.8901,2015,8,29,30.64,18.21,16.79,3.36,21.94,0
US-xSE,-76.56,38.8901,2015,8,30,31.44,19.96,18.02,3.43,15.87,0.01
US-xSE,-76.56,38.8901,2015,8,31,32.26,22.28,18.5,3.2,15.19,0.03
US-xSE,-76.56,38.8901,2015,9,1,33.95,20.78,19.37,2.12,21.21,0.01
US-xSE,-76.56,38.8901,2015,9,2,32.2,22.71,19.27,1.91,15.98,0.1
US-xSE,-76.56,38.8901,2015,9,3,33.89,21.51,19.82,1.95,19.45,0.22
US-xSE,-76.56,38.8901,2015,9,4,30.94,22.95,20.4,3.37,17.41,1.3
US-xSE,-76.56,38.8901,2015,9,5,30.19,19.9,18.33,4.07,18.92,1.35
US-xSE,-76.56,38.8901,2015,9,6,30.46,17.46,15.96,2.94,21.16,0
US-xSE,-76.56,38.8901,2015,9,7,31.98,20.25,18.5,2.4,22.35,0
US-xSE,-76.56,38.8901,2015,9,8,33.03,20.43,20.03,3.5,22.35,0
US-xSE,-76.56,38.8901,2015,9,9,34.29,23.31,21.93,3.35,20.6,1.18
US-xSE,-76.56,38.8901,2015,9,10,28.61,19.99,22.25,2.89,11.56,31.21
US-xSE,-76.56,38.8901,2015,9,11,28.74,18.88,15.74,3.72,21.16,1.46
US-xSE,-76.56,38.8901,2015,9,12,25.95,18.72,19.5,4.27,6.78,12.86
US-xSE,-76.56,38.8901,2015,9,13,23.34,15.44,12.96,4.95,15.89,0.1
US-xSE,-76.56,38.8901,2015,9,14,25.09,12.87,9.79,4.54,22.48,0
US-xSE,-76.56,38.8901,2015,9,15,27.74,14.07,11.97,2,22.43,0
US-xSE,-76.56,38.8901,2015,9,16,29.36,16.61,12.51,1.28,21.8,0.02
US-xSE,-76.56,38.8901,2015,9,17,29.36,16.28,14.89,2.11,20.91,0
US-xSE,-76.56,38.8901,2015,9,18,29.17,16.93,16.32,2.33,20.76,0
US-xSE,-76.56,38.8901,2015,9,19,29.44,18,18.45,3.18,19.85,0
US-xSE,-76.56,38.8901,2015,9,20,26.51,19.06,15.84,4.29,13.49,0
US-xSE,-76.56,38.8901,2015,9,21,23.63,16.79,12.61,4.97,6.53,0.97
US-xSE,-76.56,38.8901,2015,9,22,24.16,17.05,14.67,4.37,9.96,0.04
US-xSE,-76.56,38.8901,2015,9,23,26.36,15.57,12.44,3.85,19.29,0.22
US-xSE,-76.56,38.8901,2015,9,24,26.53,14.37,12.57,3.9,18.31,0.02
US-xSE,-76.56,38.8901,2015,9,25,23.81,16.7,14.8,5.74,7.46,0.04
US-xSE,-76.56,38.8901,2015,9,26,22.22,15.58,13.3,6.58,9.89,0.16
US-xSE,-76.56,38.8901,2015,9,27,24.4,15.8,15.1,5.43,11.13,0.03
US-xSE,-76.56,38.8901,2015,9,28,27.81,17.14,18.53,3.64,12.15,0.01
US-xSE,-76.56,38.8901,2015,9,29,27.85,19.85,21.43,5.21,7.6,41.18
US-xSE,-76.56,38.8901,2015,9,30,24.79,17.72,20.63,5.02,7.73,9.12
US-xSE,-76.56,38.8901,2015,10,1,17.4,14.29,12.97,7.1,3.8,18.16
US-xSE,-76.56,38.8901,2015,10,2,14.04,10.62,10.64,9.66,3.88,40.77
US-xSE,-76.56,38.8901,2015,10,3,17.96,10.69,12.48,10.83,6.55,6.07
US-xSE,-76.56,38.8901,2015,10,4,16.99,12.76,11.32,8.07,6.08,0.22
US-xSE,-76.56,38.8901,2015,10,5,18.32,10.51,10.36,4.68,13.85,0
US-xSE,-76.56,38.8901,2015,10,6,21.43,9.53,11.28,2.21,18.25,0
US-xSE,-76.56,38.8901,2015,10,7,22.19,14.94,14.52,2.34,12.79,0.03
US-xSE,-76.56,38.8901,2015,10,8,23.23,13.46,14.61,2.12,15.27,0.01
US-xSE,-76.56,38.8901,2015,10,9,25.3,16.25,18.05,4.57,13.47,8.95
US-xSE,-76.56,38.8901,2015,10,10,17.35,10.69,9.11,3.93,16.32,0.06
US-xSE,-76.56,38.8901,2015,10,11,19.67,8.49,7.99,1.46,17.63,0
US-xSE,-76.56,38.8901,2015,10,12,21.63,9.84,11.94,2.97,17.52,0.02
US-xSE,-76.56,38.8901,2015,10,13,23.32,14.56,15.82,3.99,14.51,0.86
US-xSE,-76.56,38.8901,2015,10,14,19.74,11.5,11.17,3.95,14.28,0
US-xSE,-76.56,38.8901,2015,10,15,18.16,9.17,8.76,3.96,17.05,0
US-xSE,-76.56,38.8901,2015,10,16,17.78,9.33,7.94,4.3,13.24,0
US-xSE,-76.56,38.8901,2015,10,17,13.66,6.34,4.48,4.84,13.33,0
US-xSE,-76.56,38.8901,2015,10,18,10.28,3.23,1.78,4.38,13.58,0.08
US-xSE,-76.56,38.8901,2015,10,19,12.42,1.96,1.52,2.92,16.68,0
US-xSE,-76.56,38.8901,2015,10,20,19.39,5.78,7.39,3.96,15.54,0
US-xSE,-76.56,38.8901,2015,10,21,21.01,7.91,10.11,2.59,15.31,0
US-xSE,-76.56,38.8901,2015,10,22,22.32,8.57,11.29,3.36,14.33,0.01
US-xSE,-76.56,38.8901,2015,10,23,18.06,8.91,7.95,4.26,15.05,0.02
US-xSE,-76.56,38.8901,2015,10,24,17.13,5.5,7.52,3.49,8,0.08
US-xSE,-76.56,38.8901,2015,10,25,20.82,10.77,11.23,4.99,6.14,0.33
US-xSE,-76.56,38.8901,2015,10,26,14.11,7,5.03,3.41,9.21,0
US-xSE,-76.56,38.8901,2015,10,27,14.88,6.14,8.46,4.39,5.66,0.14
US-xSE,-76.56,38.8901,2015,10,28,22.19,11.53,16.92,8.32,3.9,18.23
US-xSE,-76.56,38.8901,2015,10,29,20.78,11.59,13.94,4.78,11.48,1.55
US-xSE,-76.56,38.8901,2015,10,30,14.92,6.73,5.39,4.41,14.44,0
US-xSE,-76.56,38.8901,2015,10,31,14.46,4.1,5.26,3.08,12.61,0
US-xSE,-76.56,38.8901,2015,11,1,19.94,11,12.52,4.4,6.81,0.4
US-xSE,-76.56,38.8901,2015,11,2,16.36,11.62,11.95,1.61,3.81,0.01
US-xSE,-76.56,38.8901,2015,11,3,20.88,8.71,9.12,1.19,13.83,0
US-xSE,-76.56,38.8901,2015,11,4,21.48,10.11,10.28,2.21,13.25,0.19
US-xSE,-76.56,38.8901,2015,11,5,21.93,13.53,16.28,2.63,6.97,2.01
US-xSE,-76.56,38.8901,2015,11,6,24.35,15.7,17.66,4.72,11.67,0.12
US-xSE,-76.56,38.8901,2015,11,7,18.45,11.32,12.08,3.79,2.39,2.78
US-xSE,-76.56,38.8901,2015,11,8,14.18,6.43,3.1,3.19,11.07,0
US-xSE,-76.56,38.8901,2015,11,9,13.17,4.58,6.05,2.91,4.14,10.38
US-xSE,-76.56,38.8901,2015,11,10,19.16,12.44,14.57,5.64,4.09,35.35
US-xSE,-76.56,38.8901,2015,11,11,17.12,10.33,10.25,5.86,8.93,0.05
US-xSE,-76.56,38.8901,2015,11,12,17.54,9.34,11.38,4.94,5,1.17
US-xSE,-76.56,38.8901,2015,11,13,14.45,6.71,3.34,7.28,12.96,0.01
US-xSE,-76.56,38.8901,2015,11,14,11.28,3.65,0.84,6.33,11.81,0
US-xSE,-76.56,38.8901,2015,11,15,15.84,2.27,3.73,4.44,12.01,0
US-xSE,-76.56,38.8901,2015,11,16,18.61,5.12,6.02,3.05,12.3,0
US-xSE,-76.56,38.8901,2015,11,17,14.72,6.78,6.63,5.1,8.77,0
US-xSE,-76.56,38.8901,2015,11,18,18.7,6.37,11.06,5.7,4.81,0.03
US-xSE,-76.56,38.8901,2015,11,19,17.51,12.86,14.8,5.64,2.19,17.55
US-xSE,-76.56,38.8901,2015,11,20,13.04,3.12,2.1,5.6,12.35,0
US-xSE,-76.56,38.8901,2015,11,21,12.51,2.51,4.06,4.32,10.23,0
US-xSE,-76.56,38.8901,2015,11,22,8.81,1.59,1.78,5.72,4.27,0.33
US-xSE,-76.56,38.8901,2015,11,23,4.96,-1.19,-4.16,5.43,11.76,0
US-xSE,-76.56,38.8901,2015,11,24,10.62,-0.63,-0.85,3.33,10.82,0
US-xSE,-76.56,38.8901,2015,11,25,12.22,0.55,2.55,3.83,10.8,0
US-xSE,-76.56,38.8901,2015,11,26,16.15,3.5,7.99,3.03,10.68,0
US-xSE,-76.56,38.8901,2015,11,27,17.15,6.71,9.79,2.44,9.99,0
US-xSE,-76.56,38.8901,2015,11,28,16.86,7.06,10.8,2.56,6.35,0.74
US-xSE,-76.56,38.8901,2015,11,29,11.39,5.65,5.57,4.34,2.37,4.85
US-xSE,-76.56,38.8901,2015,11,30,8.31,2.86,3.75,5.14,2.24,2.71
US-xSE,-76.56,38.8901,2015,12,1,12.24,8.3,9.24,2.17,1.75,17.91
US-xSE,-76.56,38.8901,2015,12,2,12.87,9.7,10.7,3.69,1.75,5.84
US-xSE,-76.56,38.8901,2015,12,3,9.63,3.31,2.38,6.91,10.67,0.01
US-xSE,-76.56,38.8901,2015,12,4,9.98,1.27,1.35,3.87,10.77,0
US-xSE,-76.56,38.8901,2015,12,5,10.28,0.06,2.28,2.32,10.49,0
US-xSE,-76.56,38.8901,2015,12,6,10.8,2.2,2.64,1.36,10.41,0
US-xSE,-76.56,38.8901,2015,12,7,11.94,2.19,3.4,2.21,7.2,0.07
US-xSE,-76.56,38.8901,2015,12,8,9.93,0.55,2.1,3.21,9.88,0.01
US-xSE,-76.56,38.8901,2015,12,9,11.48,1.55,6.11,4.23,7.36,0.06
US-xSE,-76.56,38.8901,2015,12,10,15.46,6.56,8.03,2.42,9.38,0.06
US-xSE,-76.56,38.8901,2015,12,11,16.07,6.84,10.07,3.31,6.84,0
US-xSE,-76.56,38.8901,2015,12,12,17.92,8.47,12.07,2.52,7.32,0
US-xSE,-76.56,38.8901,2015,12,13,18.31,11.39,13.95,2.67,5.8,0
US-xSE,-76.56,38.8901,2015,12,14,18.07,11.69,14.82,6.02,5.23,2.1
US-xSE,-76.56,38.8901,2015,12,15,18.12,6.33,8.49,6.22,9.49,0.78
US-xSE,-76.56,38.8901,2015,12,16,12.18,4,6.17,3.23,9.58,0.01
US-xSE,-76.56,38.8901,2015,12,17,13.84,6.48,10.19,2.9,2.41,17.02
US-xSE,-76.56,38.8901,2015,12,18,8.76,1.71,1.2,6.38,4.35,0.86
US-xSE,-76.56,38.8901,2015,12,19,5.5,-1.7,-4.43,6.63,9.65,0
US-xSE,-76.56,38.8901,2015,12,20,6.47,-2.22,-3.02,3.42,10.16,0
US-xSE,-76.56,38.8901,2015,12,21,11.11,2.4,5.4,5.25,4.47,0.02
US-xSE,-76.56,38.8901,2015,12,22,14.04,9.14,11.41,3.64,2.56,6.02
US-xSE,-76.56,38.8901,2015,12,23,16.74,9.19,13.57,4.77,1.81,27.22
US-xSE,-76.56,38.8901,2015,12,24,20.06,15.45,16.82,5,1.1,7.5
US-xSE,-76.56,38.8901,2015,12,25,19.88,13.13,15.74,2.44,3.44,12.08
US-xSE,-76.56,38.8901,2015,12,26,14.76,10.12,10.28,5.01,2.54,3.81
US-xSE,-76.56,38.8901,2015,12,27,19.8,9.57,12.88,5.13,5.02,1.79
US-xSE,-76.56,38.8901,2015,12,28,9.3,5.49,2.69,6.83,2.7,3.09
US-xSE,-76.56,38.8901,2015,12,29,13.34,7.89,9.78,3.92,4.21,13.55
US-xSE,-76.56,38.8901,2015,12,30,11.85,7.71,9.27,2.97,2.52,2.25
US-xSE,-76.56,38.8901,2015,12,31,11.16,4.25,5.37,3.87,5.55,0.14
US-xSE,-76.56,38.8901,2016,1,1,5.74,-0.65,-0.54,4.36,5.48,0.01
US-xSE,-76.56,38.8901,2016,1,2,6.96,-1.78,-1.58,4.03,10.58,0
US-xSE,-76.56,38.8901,2016,1,3,9.16,-0.97,-0.3,4.16,10.68,0
US-xSE,-76.56,38.8901,2016,1,4,1.17,-7.28,-6.57,7.04,7.98,0
US-xSE,-76.56,38.8901,2016,1,5,-1.1,-8.3,-11.16,4.6,11.03,0
US-xSE,-76.56,38.8901,2016,1,6,3.31,-4.7,-8.63,1.39,11.01,0
US-xSE,-76.56,38.8901,2016,1,7,5.2,-0.95,-1.54,2.07,7.17,0
US-xSE,-76.56,38.8901,2016,1,8,4.75,1.68,1.56,2.82,3.14,0.18
US-xSE,-76.56,38.8901,2016,1,9,11.66,1.82,6.19,3.15,7.1,4.11
US-xSE,-76.56,38.8901,2016,1,10,15.39,1.93,7.45,9.19,8.78,15.81
US-xSE,-76.56,38.8901,2016,1,11,2.2,-3.74,-7.06,6.13,11.1,0
US-xSE,-76.56,38.8901,2016,1,12,5.1,-3.38,-4.29,6.41,5.97,0.01
US-xSE,-76.56,38.8901,2016,1,13,-1.76,-5.65,-9.71,6.22,11.24,0
US-xSE,-76.56,38.8901,2016,1,14,7.85,-2.35,-1.39,4.31,10.96,0
US-xSE,-76.56,38.8901,2016,1,15,7.79,1.06,3.6,3.92,5.78,13.38
US-xSE,-76.56,38.8901,2016,1,16,10.15,0.6,2.52,5.69,9.46,3.75
US-xSE,-76.56,38.8901,2016,1,17,1.91,-2,-1.77,3.53,2.21,1.65
US-xSE,-76.56,38.8901,2016,1,18,-0.91,-8.11,-11.21,9.31,11.8,0.01
US-xSE,-76.56,38.8901,2016,1,19,-3.59,-10.11,-12.07,8.69,12.08,0
US-xSE,-76.56,38.8901,2016,1,20,-1.38,-8.29,-7.76,4.05,9.27,0.18
US-xSE,-76.56,38.8901,2016,1,21,0.74,-6.15,-6.09,4.91,10.71,0.02
US-xSE,-76.56,38.8901,2016,1,22,-3.47,-6.45,-7.1,5.61,3.25,14.17
US-xSE,-76.56,38.8901,2016,1,23,-0.24,-3.95,-3.41,13.5,3.23,29.86
US-xSE,-76.56,38.8901,2016,1,24,-0.98,-10.42,-7.63,6.08,11.03,0
US-xSE,-76.56,38.8901,2016,1,25,1.25,-10.55,-5.36,3.53,8.31,0
US-xSE,-76.56,38.8901,2016,1,26,2.99,-1.23,0.5,5.11,8.58,0.05
US-xSE,-76.56,38.8901,2016,1,27,2.66,-3.36,-1.61,4.35,9,0.04
US-xSE,-76.56,38.8901,2016,1,28,4.07,-5.05,-2.83,2.28,10.61,0
US-xSE,-76.56,38.8901,2016,1,29,3.93,-3.62,-2.62,7,7.57,0.02
US-xSE,-76.56,38.8901,2016,1,30,4.88,-5.86,-3.81,4.37,11.79,0
US-xSE,-76.56,38.8901,2016,1,31,10.99,0.31,4.12,4.69,11.25,0
US-xSE,-76.56,38.8901,2016,2,1,11.56,3.18,6.99,4.63,10.07,2.42
US-xSE,-76.56,38.8901,2016,2,2,9.17,-0.48,1.39,3.82,12.8,0
US-xSE,-76.56,38.8901,2016,2,3,13.59,2.73,9.18,6.15,4.11,13.39
US-xSE,-76.56,38.8901,2016,2,4,11.07,2.76,5.42,4.24,3.51,5.75
US-xSE,-76.56,38.8901,2016,2,5,4.19,-2.89,-1.16,6.31,11.53,8.39
US-xSE,-76.56,38.8901,2016,2,6,4.27,-3.32,-3.34,2.56,11.42,0
US-xSE,-76.56,38.8901,2016,2,7,4.56,-1.28,-1.05,2.93,6.62,0
US-xSE,-76.56,38.8901,2016,2,8,6.15,0.29,0.71,4.1,11.75,0.91
US-xSE,-76.56,38.8901,2016,2,9,3.51,-1.67,-0.12,4.13,4.79,5.9
US-xSE,-76.56,38.8901,2016,2,10,1.76,-3.92,-5.14,7.17,13.26,0.38
US-xSE,-76.56,38.8901,2016,2,11,-3.32,-6.19,-10.71,8.98,14.67,0.01
US-xSE,-76.56,38.8901,2016,2,12,-2.37,-9.18,-10.46,2.07,11.61,0.03
US-xSE,-76.56,38.8901,2016,2,13,-4.34,-9.64,-11.95,9.16,14.27,0
US-xSE,-76.56,38.8901,2016,2,14,-5.03,-11.89,-13.26,4.19,16.08,0.14
US-xSE,-76.56,38.8901,2016,2,15,0.23,-6.97,-4.4,3.24,4.22,7.39
US-xSE,-76.56,38.8901,2016,2,16,10.39,0.29,3.79,8.28,6.4,23.89
US-xSE,-76.56,38.8901,2016,2,17,6.42,-1.23,-0.59,3.98,11.17,0.02
US-xSE,-76.56,38.8901,2016,2,18,2.09,-3.78,-5.48,5.23,16.53,0
US-xSE,-76.56,38.8901,2016,2,19,1.96,-4.01,-4.31,4.54,8.43,0
US-xSE,-76.56,38.8901,2016,2,20,9.69,1.89,5.15,5.93,8.58,0
US-xSE,-76.56,38.8901,2016,2,21,13.43,4.32,8.09,3.3,5.13,1.44
US-xSE,-76.56,38.8901,2016,2,22,9.65,2.16,2.6,3.15,12.3,0.07
US-xSE,-76.56,38.8901,2016,2,23,7.05,2.12,3.89,5.3,3.45,9.29
US-xSE,-76.56,38.8901,2016,2,24,15.78,4.14,9.9,8.09,4.96,26.92
US-xSE,-76.56,38.8901,2016,2,25,12.35,1.93,2.52,8.95,6.44,0.27
US-xSE,-76.56,38.8901,2016,2,26,3.43,-3,-4.62,7.75,16.96,0
US-xSE,-76.56,38.8901,2016,2,27,5.17,-3.09,-3.41,3.77,17.88,0
US-xSE,-76.56,38.8901,2016,2,28,14.16,-0.57,3.57,5.18,18.17,0
US-xSE,-76.56,38.8901,2016,2,29,14.42,5.11,5.69,7.09,15.45,0.02
US-xSE,-76.56,38.8901,2016,3,1,14.39,2.58,5.57,5.57,17.93,0.03
US-xSE,-76.56,38.8901,2016,3,2,12.03,-2.79,-1.37,9.3,19.02,2.84
US-xSE,-76.56,38.8901,2016,3,3,3.41,-3.72,-4.98,2.53,14.54,2.92
US-xSE,-76.56,38.8901,2016,3,4,4.54,-1.39,-1.06,5,7.27,3.58
US-xSE,-76.56,38.8901,2016,3,5,4.6,-3.09,-3.06,2.64,10.33,0
US-xSE,-76.56,38.8901,2016,3,6,7.36,-1.29,-0.18,1.75,8.22,0.01
US-xSE,-76.56,38.8901,2016,3,7,14.31,-0.13,4.82,5.24,18.72,0
US-xSE,-76.56,38.8901,2016,3,8,20.8,7.28,8.7,3.22,16.64,0
US-xSE,-76.56,38.8901,2016,3,9,21.71,6.88,11.15,3.74,19.38,0.01
US-xSE,-76.56,38.8901,2016,3,10,22.16,13.14,14.64,5.12,14.3,0
US-xSE,-76.56,38.8901,2016,3,11,18.29,8.48,11.12,4.41,14.29,0
US-xSE,-76.56,38.8901,2016,3,12,12.95,4.76,7.54,3.22,4.75,0.01
US-xSE,-76.56,38.8901,2016,3,13,13,8.85,9.36,4.19,5.78,10.86
US-xSE,-76.56,38.8901,2016,3,14,13.04,7.12,8.78,5.16,5.88,7.46
US-xSE,-76.56,38.8901,2016,3,15,13.8,7.07,8.2,2.51,12.31,0.27
US-xSE,-76.56,38.8901,2016,3,16,18.25,7.94,11.26,3.1,18.89,1.43
US-xSE,-76.56,38.8901,2016,3,17,17.61,6.37,7.37,3.84,17.58,1.01
US-xSE,-76.56,38.8901,2016,3,18,15.62,5.1,4.86,4.98,19.79,0
US-xSE,-76.56,38.8901,2016,3,19,6.69,1.92,1.7,4.41,6.07,3.42
US-xSE,-76.56,38.8901,2016,3,20,6.55,0.93,1.18,4.82,4.2,3.72
US-xSE,-76.56,38.8901,2016,3,21,9.17,-0.63,-0.99,6.34,22.2,0.15
US-xSE,-76.56,38.8901,2016,3,22,13.35,0.67,1.86,4.56,20.08,0
US-xSE,-76.56,38.8901,2016,3,23,19.46,8.3,8.74,4.95,19.21,0
US-xSE,-76.56,38.8901,2016,3,24,20.61,8.14,11.89,5.62,21.22,0
US-xSE,-76.56,38.8901,2016,3,25,19.52,7.47,11.49,6.62,11.41,1.69
US-xSE,-76.56,38.8901,2016,3,26,12.96,2.96,4.03,3.58,21.84,0
US-xSE,-76.56,38.8901,2016,3,27,14.1,5.13,8.07,3.92,6.63,1.86
US-xSE,-76.56,38.8901,2016,3,28,17.75,7.75,7.48,6.64,19.1,8.14
US-xSE,-76.56,38.8901,2016,3,29,13.13,3.48,2.05,6.99,23.19,0
US-xSE,-76.56,38.8901,2016,3,30,13.45,0.52,1.03,5.04,24,0
US-xSE,-76.56,38.8901,2016,3,31,20.15,8.82,12.19,7.54,16.44,0.03
US-xSE,-76.56,38.8901,2016,4,1,23.18,15.25,16.73,5.69,14.74,3.12
US-xSE,-76.56,38.8901,2016,4,2,15.41,6.56,8.29,5.48,10.36,11
US-xSE,-76.56,38.8901,2016,4,3,8.79,0.93,-2.91,9.05,24.99,0.03
US-xSE,-76.56,38.8901,2016,4,4,19.64,1.82,7.06,7.27,19.61,4.06
US-xSE,-76.56,38.8901,2016,4,5,6.67,-1.55,-5.48,6.55,25.03,0.02
US-xSE,-76.56,38.8901,2016,4,6,11.11,-1.42,-0.12,5.92,24.57,0
US-xSE,-76.56,38.8901,2016,4,7,14.94,6.64,9.07,7.62,13.39,11.33
US-xSE,-76.56,38.8901,2016,4,8,10.65,4.32,0.94,5.49,21.68,0.01
US-xSE,-76.56,38.8901,2016,4,9,7.4,0.32,0.54,6.22,13.09,8.71
US-xSE,-76.56,38.8901,2016,4,10,9.24,-2.57,-2.35,4.38,25.5,0
US-xSE,-76.56,38.8901,2016,4,11,19.22,6.12,8.47,7.32,20.33,0.05
US-xSE,-76.56,38.8901,2016,4,12,14.97,5.57,7.79,6.08,12.65,5.54
US-xSE,-76.56,38.8901,2016,4,13,12.58,2.68,1.62,3.5,26.68,0
US-xSE,-76.56,38.8901,2016,4,14,15.32,3.8,3.96,2.45,24.69,0
US-xSE,-76.56,38.8901,2016,4,15,15.58,4.24,4.21,2.6,26.51,0.02
US-xSE,-76.56,38.8901,2016,4,16,16.75,4.36,5.71,3.42,25.77,0.03
US-xSE,-76.56,38.8901,2016,4,17,19.83,4.99,5,2.06,26.48,0.06
US-xSE,-76.56,38.8901,2016,4,18,24.45,8.31,9.46,3.02,26.4,0.07
US-xSE,-76.56,38.8901,2016,4,19,21.84,9.66,10.29,4.68,22.03,0
US-xSE,-76.56,38.8901,2016,4,20,19.43,5.66,5.04,3.28,28.02,0
US-xSE,-76.56,38.8901,2016,4,21,20.11,7.17,11.13,5.19,17.41,0
US-xSE,-76.56,38.8901,2016,4,22,21.02,15.51,16.11,4.85,12.44,1.78
US-xSE,-76.56,38.8901,2016,4,23,18.81,9.25,11.85,5.09,13.5,1.79
US-xSE,-76.56,38.8901,2016,4,24,18.01,5.44,3.72,3.47,27.26,0
US-xSE,-76.56,38.8901,2016,4,25,22.97,8.3,11.73,3.63,23.19,0
US-xSE,-76.56,38.8901,2016,4,26,25.53,17.21,17.14,6.06,21.61,0.63
US-xSE,-76.56,38.8901,2016,4,27,17.81,9.88,10.68,3.74,6.75,0.78
US-xSE,-76.56,38.8901,2016,4,28,13.19,8.68,9.73,3.9,3.88,4.86
US-xSE,-76.56,38.8901,2016,4,29,13.83,7.96,8.74,3.59,6.27,0.97
US-xSE,-76.56,38.8901,2016,4,30,16.55,7.74,8.67,2.94,8.9,0.16
US-xSE,-76.56,38.8901,2016,5,1,16.38,9.81,11.43,3.6,6.24,13.07
US-xSE,-76.56,38.8901,2016,5,2,23.76,10.56,14.39,3.44,19.62,2.59
US-xSE,-76.56,38.8901,2016,5,3,18.67,12.15,13.91,3.27,12.71,17.22
US-xSE,-76.56,38.8901,2016,5,4,15.5,9.93,10.56,3.81,7.55,3.76
US-xSE,-76.56,38.8901,2016,5,5,13.02,9.6,9,4.29,6.2,4.72
US-xSE,-76.56,38.8901,2016,5,6,11.51,9.62,8.59,2.87,6.96,23.19
US-xSE,-76.56,38.8901,2016,5,7,16.57,9.57,9.18,1.84,18.62,1.24
US-xSE,-76.56,38.8901,2016,5,8,18.97,10.58,9.35,5.54,24.19,0.07
US-xSE,-76.56,38.8901,2016,5,9,16.58,8.51,10.81,3.09,10.06,0.43
US-xSE,-76.56,38.8901,2016,5,10,16.94,10.79,10.47,3,12.85,0.82
US-xSE,-76.56,38.8901,2016,5,11,18.6,10.43,12.7,1.98,5.65,9.22
US-xSE,-76.56,38.8901,2016,5,12,22.16,12.1,14.76,1.86,10.61,0.59
US-xSE,-76.56,38.8901,2016,5,13,21.39,14.13,15.39,4.55,9.4,2.52
US-xSE,-76.56,38.8901,2016,5,14,22.16,10.75,12.14,4.55,21.01,3.15
US-xSE,-76.56,38.8901,2016,5,15,15.04,7.22,3.94,7.51,24.81,0.01
US-xSE,-76.56,38.8901,2016,5,16,16.67,5.22,4.1,4.74,30.29,0
US-xSE,-76.56,38.8901,2016,5,17,14.48,9.8,10.44,2.35,6.1,6.25
US-xSE,-76.56,38.8901,2016,5,18,17.93,9.61,10.64,2.97,16.23,0.05
US-xSE,-76.56,38.8901,2016,5,19,20.02,11.47,11.04,2.12,23.24,0.04
US-xSE,-76.56,38.8901,2016,5,20,22.55,10.26,11.21,2.73,27.06,0
US-xSE,-76.56,38.8901,2016,5,21,15.95,12.1,12.79,5.5,6.06,24.27
US-xSE,-76.56,38.8901,2016,5,22,16.35,11.56,11.75,3.22,7.33,4.72
US-xSE,-76.56,38.8901,2016,5,23,20.38,12.5,13.84,1.62,14.66,5.9
US-xSE,-76.56,38.8901,2016,5,24,25.05,13.01,13.99,3.78,28.18,0.38
US-xSE,-76.56,38.8901,2016,5,25,27.18,13.84,15.91,3.34,27.87,0
US-xSE,-76.56,38.8901,2016,5,26,28.01,15.99,18.43,3.45,27.72,0.12
US-xSE,-76.56,38.8901,2016,5,27,28.32,19.64,20.55,4.21,27.38,0.09
US-xSE,-76.56,38.8901,2016,5,28,28.25,18.09,19.13,4.18,28.51,0.03
US-xSE,-76.56,38.8901,2016,5,29,26.29,16.68,19.72,2.31,17.96,11.51
US-xSE,-76.56,38.8901,2016,5,30,25.22,19.37,20.13,1.7,10.01,9.21
US-xSE,-76.56,38.8901,2016,5,31,28.16,18.87,19.4,1.95,25.53,0.98
US-xSE,-76.56,38.8901,2016,6,1,28.46,18.76,19.38,2.88,25.14,0.04
US-xSE,-76.56,38.8901,2016,6,2,26.36,17.64,19.28,3.05,16.35,0.2
US-xSE,-76.56,38.8901,2016,6,3,26.63,19.16,19.94,2.27,11.69,2.12
US-xSE,-76.56,38.8901,2016,6,4,27.41,19.16,20.34,2.57,17.88,0.55
US-xSE,-76.56,38.8901,2016,6,5,26.69,20.43,21.91,4.93,17.99,7.44
US-xSE,-76.56,38.8901,2016,6,6,27.47,20.05,18.96,4.09,25.67,0.16
US-xSE,-76.56,38.8901,2016,6,7,27.69,17.77,18.41,3.9,23.19,0.94
US-xSE,-76.56,38.8901,2016,6,8,21.02,13.29,11.17,7,28.32,0.74
US-xSE,-76.56,38.8901,2016,6,9,24.07,11.14,11.17,5,30.53,0
US-xSE,-76.56,38.8901,2016,6,10,24.21,13.11,10.95,4.13,30.12,0.04
US-xSE,-76.56,38.8901,2016,6,11,30.44,17.07,19.59,4.56,26.91,0
US-xSE,-76.56,38.8901,2016,6,12,30.04,17.71,16.8,7.24,27.86,0.03
US-xSE,-76.56,38.8901,2016,6,13,24.45,15.64,12.68,4.56,29.81,0
US-xSE,-76.56,38.8901,2016,6,14,24.49,16.22,11.06,2.98,29.65,0
US-xSE,-76.56,38.8901,2016,6,15,25.95,15.49,16.55,3.3,18.42,2.59
US-xSE,-76.56,38.8901,2016,6,16,24.69,18.31,18.66,3.52,18.78,6.76
US-xSE,-76.56,38.8901,2016,6,17,25.62,17.56,16.2,4.41,21.39,11.17
US-xSE,-76.56,38.8901,2016,6,18,26.87,15.36,14.11,2.89,30.45,0.12
US-xSE,-76.56,38.8901,2016,6,19,30.01,16.82,15.67,3.11,29.39,0.08
US-xSE,-76.56,38.8901,2016,6,20,30.53,18.48,16.37,3.66,29.81,0
US-xSE,-76.56,38.8901,2016,6,21,31.02,22.08,20.76,4.37,14.47,16.55
US-xSE,-76.56,38.8901,2016,6,22,27.93,20.24,18.15,5.12,20.65,0.31
US-xSE,-76.56,38.8901,2016,6,23,26.84,19.55,21.42,2.62,12.56,5.94
US-xSE,-76.56,38.8901,2016,6,24,28.21,19.52,20.13,3.84,23.74,3.93
US-xSE,-76.56,38.8901,2016,6,25,28.19,18.2,16.92,3.43,28.79,1.41
US-xSE,-76.56,38.8901,2016,6,26,28.79,18.02,14.59,2.64,29.41,0
US-xSE,-76.56,38.8901,2016,6,27,29.8,17.4,19.28,4.07,27.83,5.39
US-xSE,-76.56,38.8901,2016,6,28,26.74,20.97,21.6,2.8,14.63,17.9
US-xSE,-76.56,38.8901,2016,6,29,27.57,19.4,17.85,3.83,29.37,2.65
US-xSE,-76.56,38.8901,2016,6,30,28.38,16.85,16.55,2.84,25.7,0
US-xSE,-76.56,38.8901,2016,7,1,27.9,20.03,21.28,3.18,21.28,16.63
US-xSE,-76.56,38.8901,2016,7,2,26.02,19.25,14.66,4.44,29.2,0.5
US-xSE,-76.56,38.8901,2016,7,3,22.97,18.6,15.39,2.35,8.79,1.59
US-xSE,-76.56,38.8901,2016,7,4,23.6,18.43,19.49,4.07,7.36,8.32
US-xSE,-76.56,38.8901,2016,7,5,30.59,23.16,23.02,3.96,24.37,5.7
US-xSE,-76.56,38.8901,2016,7,6,31.81,22.97,22,2.3,25.49,0.38
US-xSE,-76.56,38.8901,2016,7,7,32.05,23.11,22.45,3.03,26.49,0.53
US-xSE,-76.56,38.8901,2016,7,8,32.34,22.54,22.3,2.71,25.07,3.59
US-xSE,-76.56,38.8901,2016,7,9,31.38,23.3,21.91,2.07,23.92,3.87
US-xSE,-76.56,38.8901,2016,7,10,29.15,20.79,17.57,4.45,27.52,0.27
US-xSE,-76.56,38.8901,2016,7,11,29.67,18.33,14.81,2.67,29.41,0.02
US-xSE,-76.56,38.8901,2016,7,12,30.85,19.99,18.25,3.87,23.66,0.15
US-xSE,-76.56,38.8901,2016,7,13,30.29,22.99,22.67,3.62,20.31,6.72
US-xSE,-76.56,38.8901,2016,7,14,34.5,23.84,23.01,3.71,27.83,0.37
US-xSE,-76.56,38.8901,2016,7,15,32.91,24.91,20.89,3.61,25.56,0.03
US-xSE,-76.56,38.8901,2016,7,16,33.29,22.73,20.04,2.57,20.3,3.13
US-xSE,-76.56,38.8901,2016,7,17,32.85,21.29,19.15,2.97,28.26,0.02
US-xSE,-76.56,38.8901,2016,7,18,34.55,22.68,21.13,3.65,24.46,6.45
US-xSE,-76.56,38.8901,2016,7,19,31.7,23.45,20.29,2.56,22.29,2.35
US-xSE,-76.56,38.8901,2016,7,20,30.25,22.55,19.47,2,26.64,1.93
US-xSE,-76.56,38.8901,2016,7,21,32.24,21.01,17.12,1.78,27.95,0.03
US-xSE,-76.56,38.8901,2016,7,22,34.35,21.8,19.57,3.86,25.5,0
US-xSE,-76.56,38.8901,2016,7,23,35.95,25.63,21.79,3.7,27.49,3.08
US-xSE,-76.56,38.8901,2016,7,24,35.42,22.91,19.53,2.8,26.47,0.19
US-xSE,-76.56,38.8901,2016,7,25,36.29,26.22,22.44,3.22,25.2,3.67
US-xSE,-76.56,38.8901,2016,7,26,33.33,25.16,21.96,2.42,23.93,1.21
US-xSE,-76.56,38.8901,2016,7,27,35.02,25.59,20.88,1.93,23.3,0.32
US-xSE,-76.56,38.8901,2016,7,28,33.08,25.79,23.69,2.24,19.31,25.31
US-xSE,-76.56,38.8901,2016,7,29,31.48,22.78,21.4,3.46,23.01,16.37
US-xSE,-76.56,38.8901,2016,7,30,30.56,23.76,22.09,3.68,16.26,18.62
US-xSE,-76.56,38.8901,2016,7,31,31.52,23.68,22.62,2.25,24.92,5.93
US-xSE,-76.56,38.8901,2016,8,1,30.8,23.82,22.9,1.78,21.74,6.6
US-xSE,-76.56,38.8901,2016,8,2,29.69,21.85,21.69,3.06,23.96,5.9
US-xSE,-76.56,38.8901,2016,8,3,28.13,19.97,18.57,3.66,20.41,0.26
US-xSE,-76.56,38.8901,2016,8,4,29.03,19.5,18.19,3.18,23.37,0.02
US-xSE,-76.56,38.8901,2016,8,5,29.99,20.5,19.52,3.68,16.78,0.11
US-xSE,-76.56,38.8901,2016,8,6,32.86,23.4,23.32,3.39,20.93,2.29
US-xSE,-76.56,38.8901,2016,8,7,31.15,21.15,16.05,2.86,27.02,0
US-xSE,-76.56,38.8901,2016,8,8,30.66,21.93,16.49,2.06,16.12,0.01
US-xSE,-76.56,38.8901,2016,8,9,30.15,21.92,19.39,3.15,10.38,0.03
US-xSE,-76.56,38.8901,2016,8,10,33.47,24.14,22.34,4.51,24.53,0.26
US-xSE,-76.56,38.8901,2016,8,11,34.49,25.77,22.54,4.48,25.17,0.05
US-xSE,-76.56,38.8901,2016,8,12,35,25.92,23.21,4.21,25.15,0.57
US-xSE,-76.56,38.8901,2016,8,13,35.76,26.24,23.2,3.87,25.31,0.28
US-xSE,-76.56,38.8901,2016,8,14,35.57,27.05,22.71,3.82,24.51,1.43
US-xSE,-76.56,38.8901,2016,8,15,34.18,23.71,22.34,2.26,24.69,9.11
US-xSE,-76.56,38.8901,2016,8,16,34.33,25,23.45,3.85,24.04,5.89
US-xSE,-76.56,38.8901,2016,8,17,33.65,24.68,21.91,3.73,24.42,5.96
US-xSE,-76.56,38.8901,2016,8,18,31.45,23.52,21.44,3.05,22,15.47
US-xSE,-76.56,38.8901,2016,8,19,30.9,22.18,19.12,2.25,23.74,0
US-xSE,-76.56,38.8901,2016,8,20,32.65,22.75,18.46,2.47,24.53,0.02
US-xSE,-76.56,38.8901,2016,8,21,30.33,22.26,22.63,4.48,15.3,25.27
US-xSE,-76.56,38.8901,2016,8,22,28.18,19.82,16.91,4.43,25.2,0
US-xSE,-76.56,38.8901,2016,8,23,27.95,17.19,13.91,2.11,25.54,0
US-xSE,-76.56,38.8901,2016,8,24,29.5,18.4,16.18,3.21,24.73,0
US-xSE,-76.56,38.8901,2016,8,25,31.35,20.17,20.36,4.11,21.36,0
US-xSE,-76.56,38.8901,2016,8,26,33.93,24.03,22.03,3.05,22.49,0
US-xSE,-76.56,38.8901,2016,8,27,32.88,21.89,18.21,3.26,22.33,0
US-xSE,-76.56,38.8901,2016,8,28,31.88,20.19,19.41,2.78,24.09,0.03
US-xSE,-76.56,38.8901,2016,8,29,33.24,21.71,19.82,1.68,23.08,0.01
US-xSE,-76.56,38.8901,2016,8,30,31.9,20.94,17.47,2.39,23.11,0
US-xSE,-76.56,38.8901,2016,8,31,32.67,21.44,18.97,2.2,22.59,0.29
US-xSE,-76.56,38.8901,2016,9,1,26.88,21.87,20.61,2.78,10.47,9.13
US-xSE,-76.56,38.8901,2016,9,2,26.94,17.75,13.84,3.88,17.33,0
US-xSE,-76.56,38.8901,2016,9,3,26.96,18.58,16.13,6.73,11.77,1.21
US-xSE,-76.56,38.8901,2016,9,4,27.42,16.86,13.65,3.71,19.27,0.94
US-xSE,-76.56,38.8901,2016,9,5,29.18,16.85,14.17,3.7,17.69,0.45
US-xSE,-76.56,38.8901,2016,9,6,31.64,19.54,13.87,5.51,23.33,0
US-xSE,-76.56,38.8901,2016,9,7,32.65,19.34,17.6,2.89,19.01,1.2
US-xSE,-76.56,38.8901,2016,9,8,33.44,24.1,22.42,3.05,20.71,0.52
US-xSE,-76.56,38.8901,2016,9,9,34.78,23.68,21.09,3.2,19.83,0.05
US-xSE,-76.56,38.8901,2016,9,10,34.61,24.1,21.32,4.46,15.74,0.05
US-xSE,-76.56,38.8901,2016,9,11,30.51,21.33,15.49,4.87,16.59,0
US-xSE,-76.56,38.8901,2016,9,12,28.75,17.86,12.02,3.3,22.2,0
US-xSE,-76.56,38.8901,2016,9,13,30.7,17.94,17.1,3.78,21.43,0
US-xSE,-76.56,38.8901,2016,9,14,33.01,20.22,16.11,2.4,21.71,0
US-xSE,-76.56,38.8901,2016,9,15,25.59,19.06,14.59,4.27,9.4,0.01
US-xSE,-76.56,38.8901,2016,9,16,26.93,17.1,13.2,3.72,17.16,0.12
US-xSE,-76.56,38.8901,2016,9,17,29.05,16.81,16.73,3.54,17.26,0.02
US-xSE,-76.56,38.8901,2016,9,18,31.01,20.87,20.71,4.15,18.3,3.06
US-xSE,-76.56,38.8901,2016,9,19,24.88,21.31,22.59,2.02,3.03,29.08
US-xSE,-76.56,38.8901,2016,9,20,25.54,20.31,19.64,3.08,6.83,0.78
US-xSE,-76.56,38.8901,2016,9,21,27.48,20.44,19.22,3.33,9.07,0.27
US-xSE,-76.56,38.8901,2016,9,22,29.36,17.61,16.38,3.3,16.16,0.3
US-xSE,-76.56,38.8901,2016,9,23,30.5,17.45,15.01,2.24,20.32,0
US-xSE,-76.56,38.8901,2016,9,24,24.5,16.15,15.94,3.71,8.34,0.15
US-xSE,-76.56,38.8901,2016,9,25,23.14,12.51,8.11,2.46,19.64,0
US-xSE,-76.56,38.8901,2016,9,26,23.83,14,13.28,4.95,5.75,3.24
US-xSE,-76.56,38.8901,2016,9,27,22.88,15.98,15.07,2.43,10.14,9.55
US-xSE,-76.56,38.8901,2016,9,28,24.66,14.89,18.03,6.1,4.91,31.67
US-xSE,-76.56,38.8901,2016,9,29,20.78,17.56,18.17,9.25,5.52,40.98
US-xSE,-76.56,38.8901,2016,9,30,21.53,16.67,17.55,7.37,5.46,20.45
US-xSE,-76.56,38.8901,2016,10,1,21.8,16.44,17.85,5.53,6.37,5.16
US-xSE,-76.56,38.8901,2016,10,2,23.62,16.03,17.13,1.7,10.41,0.78
US-xSE,-76.56,38.8901,2016,10,3,23.06,15.33,15.52,2.43,17.17,0.35
US-xSE,-76.56,38.8901,2016,10,4,21.95,13.15,14.73,4.23,14.73,0.21
US-xSE,-76.56,38.8901,2016,10,5,20.43,13.22,13.17,3.54,12.14,0.06
US-xSE,-76.56,38.8901,2016,10,6,22.35,13.75,14.9,3.19,12.61,0.02
US-xSE,-76.56,38.8901,2016,10,7,22.78,14.71,16,3.57,10.64,0
US-xSE,-76.56,38.8901,2016,10,8,20.49,16.54,17.61,4.46,2.22,24.12
US-xSE,-76.56,38.8901,2016,10,9,18.17,11.72,9.57,8.62,13.25,15.49
US-xSE,-76.56,38.8901,2016,10,10,16.66,8.42,4.95,5.56,18.84,0.02
US-xSE,-76.56,38.8901,2016,10,11,18,5.69,7.56,3.06,17.8,0
US-xSE,-76.56,38.8901,2016,10,12,20.22,9.1,11.95,2.23,15.9,0
US-xSE,-76.56,38.8901,2016,10,13,20.48,10.81,12.99,4.06,11.6,0.01
US-xSE,-76.56,38.8901,2016,10,14,17.1,7.37,7.07,2.73,17.53,0
US-xSE,-76.56,38.8901,2016,10,15,18.53,9.51,8.47,2.43,17.24,0
US-xSE,-76.56,38.8901,2016,10,16,21.62,9.92,14.06,3.62,15.75,0.01
US-xSE,-76.56,38.8901,2016,10,17,25.98,13.65,16.08,2.89,15.51,0.03
US-xSE,-76.56,38.8901,2016,10,18,25.79,14.91,17.83,3.72,14.44,0
US-xSE,-76.56,38.8901,2016,10,19,26.47,17.53,18.58,2.52,14.15,0
US-xSE,-76.56,38.8901,2016,10,20,25.57,17.56,19.04,4.13,13.97,0.01
US-xSE,-76.56,38.8901,2016,10,21,24.41,11.77,16.41,5.9,13.46,3.43
US-xSE,-76.56,38.8901,2016,10,22,14.79,8.75,4.92,10.13,14.67,1.46
US-xSE,-76.56,38.8901,2016,10,23,19.01,7.36,7,6.44,15.25,0
US-xSE,-76.56,38.8901,2016,10,24,19.25,9.06,8.71,5.73,13.76,0
US-xSE,-76.56,38.8901,2016,10,25,15.25,6.03,3.9,4.9,15.68,0
US-xSE,-76.56,38.8901,2016,10,26,13.28,3.15,2.39,2.67,14.32,0.01
US-xSE,-76.56,38.8901,2016,10,27,16.58,6.36,10.36,5.49,6.59,4.28
US-xSE,-76.56,38.8901,2016,10,28,14.9,7.94,4.52,5.44,14.87,0.12
US-xSE,-76.56,38.8901,2016,10,29,19.98,5.5,8.92,4.01,13.9,0
US-xSE,-76.56,38.8901,2016,10,30,23.46,13.44,14.7,4.69,9.19,1.09
US-xSE,-76.56,38.8901,2016,10,31,13.76,7.28,4.7,3.91,12.17,0.02
US-xSE,-76.56,38.8901,2016,11,1,14.98,5.66,6.8,2.64,6.34,0
US-xSE,-76.56,38.8901,2016,11,2,20.75,9.88,12.54,2.77,12.06,0
US-xSE,-76.56,38.8901,2016,11,3,23.22,12.8,14.54,4.05,9.38,1.08
US-xSE,-76.56,38.8901,2016,11,4,16.14,6.84,6.21,4.86,13.73,0
US-xSE,-76.56,38.8901,2016,11,5,17.65,4.61,5.55,3.71,13.91,0
US-xSE,-76.56,38.8901,2016,11,6,17.49,6.74,4.7,5.6,12.7,0
US-xSE,-76.56,38.8901,2016,11,7,13.31,3.1,1.24,3.11,13.2,0
US-xSE,-76.56,38.8901,2016,11,8,18.57,4.63,4.44,2.86,12.92,0
US-xSE,-76.56,38.8901,2016,11,9,14.81,8.88,9.26,4.32,5.97,5.19
US-xSE,-76.56,38.8901,2016,11,10,14.64,4.4,3.45,5.11,13.07,0.01
US-xSE,-76.56,38.8901,2016,11,11,16.96,5.72,4.02,6.18,11.19,0
US-xSE,-76.56,38.8901,2016,11,12,10.4,1.12,-1.45,3.74,13.53,0
US-xSE,-76.56,38.8901,2016,11,13,15.26,1.02,0.69,3.99,13.21,0
US-xSE,-76.56,38.8901,2016,11,14,12.83,2.57,2.67,2.08,4.68,0.6
US-xSE,-76.56,38.8901,2016,11,15,16.54,5.8,4.01,3.43,10.03,0.06
US-xSE,-76.56,38.8901,2016,11,16,16.75,3.55,5.58,4.01,9.96,0.21
US-xSE,-76.56,38.8901,2016,11,17,14.89,5.63,4.88,4.13,12.21,0.01
US-xSE,-76.56,38.8901,2016,11,18,19.16,4.53,5.05,2.91,10.62,0
US-xSE,-76.56,38.8901,2016,11,19,19.64,4.6,6.34,5.99,10.68,1.1
US-xSE,-76.56,38.8901,2016,11,20,6.35,1.8,-3.68,11.24,10.05,0
US-xSE,-76.56,38.8901,2016,11,21,6.42,0.74,-5.4,9.29,12.26,0
US-xSE,-76.56,38.8901,2016,11,22,8.2,0.1,-3.22,6.14,11.05,0
US-xSE,-76.56,38.8901,2016,11,23,9.35,-1.94,-1.63,2.5,11.23,0
US-xSE,-76.56,38.8901,2016,11,24,12.92,4.06,4.86,2.6,6.83,0.01
US-xSE,-76.56,38.8901,2016,11,25,12.12,4.76,6.8,1.89,6.25,0
US-xSE,-76.56,38.8901,2016,11,26,10.17,3.76,2.16,5.98,7.87,0
US-xSE,-76.56,38.8901,2016,11,27,10.19,2.24,0.02,4.3,10.88,0
US-xSE,-76.56,38.8901,2016,11,28,11.95,1.21,1.84,4.15,6.75,0
US-xSE,-76.56,38.8901,2016,11,29,17.28,8.06,12.67,6.7,2.7,8.06
US-xSE,-76.56,38.8901,2016,11,30,18.28,12.96,14.96,4.66,3.55,11.95
US-xSE,-76.56,38.8901,2016,12,1,16.21,3.54,4.83,5.98,10.65,4.5
US-xSE,-76.56,38.8901,2016,12,2,9.93,2.66,0.06,6.15,10.47,0
US-xSE,-76.56,38.8901,2016,12,3,9.58,2.72,0.62,6.62,10.45,0
US-xSE,-76.56,38.8901,2016,12,4,7.59,1.3,0.76,2.93,5.81,0.2
US-xSE,-76.56,38.8901,2016,12,5,11.39,4.17,3.47,3.74,8.56,7.27
US-xSE,-76.56,38.8901,2016,12,6,6.43,3.09,3.66,5.11,1.67,24.03
US-xSE,-76.56,38.8901,2016,12,7,10.17,2.86,2.39,3.92,8.86,0.12
US-xSE,-76.56,38.8901,2016,12,8,7.98,-0.99,-1.92,5.17,3.61,0.05
US-xSE,-76.56,38.8901,2016,12,9,3.13,-2.38,-5.47,7.22,10.48,0
US-xSE,-76.56,38.8901,2016,12,10,2.53,-3.36,-5.81,5.07,10.28,0
US-xSE,-76.56,38.8901,2016,12,11,4.49,-3.38,-3.92,3.17,6.06,0.01
US-xSE,-76.56,38.8901,2016,12,12,9.86,2.92,4.57,5.45,2.77,7.47
US-xSE,-76.56,38.8901,2016,12,13,5.81,0.26,-0.66,2.4,7.21,0
US-xSE,-76.56,38.8901,2016,12,14,6.23,0.27,-1.44,3.75,8.8,0.02
US-xSE,-76.56,38.8901,2016,12,15,2.28,-7.17,-11.36,9.48,10.35,0.07
US-xSE,-76.56,38.8901,2016,12,16,-2.5,-7.37,-11.4,4.3,4.27,0.25
US-xSE,-76.56,38.8901,2016,12,17,4.15,-2.7,-0.08,4.23,3.43,12.75
US-xSE,-76.56,38.8901,2016,12,18,11.78,-0.39,3.85,6.87,2.53,0.76
US-xSE,-76.56,38.8901,2016,12,19,1.12,-2.5,-6.15,4.13,9.42,0
US-xSE,-76.56,38.8901,2016,12,20,1.62,-4.8,-6.91,2.15,10.53,0
US-xSE,-76.56,38.8901,2016,12,21,6.74,-2.51,-2.65,3.07,7.96,0
US-xSE,-76.56,38.8901,2016,12,22,10.34,0.47,0.1,5.55,9.26,0
US-xSE,-76.56,38.8901,2016,12,23,6.72,-1.45,-0.72,3.22,8.15,0
US-xSE,-76.56,38.8901,2016,12,24,7.47,1.66,3.84,4.51,2.81,11.66
US-xSE,-76.56,38.8901,2016,12,25,8.31,-1.03,0.89,3.13,9.66,0.01
US-xSE,-76.56,38.8901,2016,12,26,7.99,-0.28,4.42,3.5,3.17,0.05
US-xSE,-76.56,38.8901,2016,12,27,16.79,5.19,7.32,6.03,3.86,0.12
US-xSE,-76.56,38.8901,2016,12,28,7.54,0.08,-0.81,3.93,10.12,0
US-xSE,-76.56,38.8901,2016,12,29,9.09,-0.25,1.86,5.61,4.72,4.94
US-xSE,-76.56,38.8901,2016,12,30,4.16,-2.06,-3.18,7.02,7.61,0.06
US-xSE,-76.56,38.8901,2016,12,31,6.51,-2.59,-2.49,6.19,8.5,0.01
US-xSE,-76.56,38.8901,2017,1,1,10.68,0.26,0.87,3.32,8.96,0
US-xSE,-76.56,38.8901,2017,1,2,6.83,3.16,4.36,5.28,2.79,9.68
US-xSE,-76.56,38.8901,2017,1,3,8.3,5.24,5.95,3.19,2.92,15.1
US-xSE,-76.56,38.8901,2017,1,4,11.66,-0.73,1.97,6.28,6.1,0.12
US-xSE,-76.56,38.8901,2017,1,5,0.75,-2.88,-5.59,3.08,4.52,0.24
US-xSE,-76.56,38.8901,2017,1,6,0.71,-3.34,-5.62,4.41,5.48,0.48
US-xSE,-76.56,38.8901,2017,1,7,-3.14,-6.42,-9.02,7.28,2.88,3.5
US-xSE,-76.56,38.8901,2017,1,8,-5.06,-9.8,-13.11,8.35,10.02,0
US-xSE,-76.56,38.8901,2017,1,9,-3.65,-10.12,-11.32,3.29,7.3,0
US-xSE,-76.56,38.8901,2017,1,10,2.34,-8,-5.14,5.04,5.33,0.11
US-xSE,-76.56,38.8901,2017,1,11,7.75,1.17,4.13,5.09,8.71,5.55
US-xSE,-76.56,38.8901,2017,1,12,16.33,5.36,9.34,7.46,8.33,0.17
US-xSE,-76.56,38.8901,2017,1,13,11.13,1.99,1.96,5.08,6.95,0.04
US-xSE,-76.56,38.8901,2017,1,14,2.39,-0.35,-1.79,2.51,1.76,5.31
US-xSE,-76.56,38.8901,2017,1,15,4.72,-1.9,-2.02,2.89,9.87,0.02
US-xSE,-76.56,38.8901,2017,1,16,4.57,-2.97,-1.18,2.32,4.79,0.1
US-xSE,-76.56,38.8901,2017,1,17,7.79,2.34,4.74,2.79,3.38,3.61
US-xSE,-76.56,38.8901,2017,1,18,11.07,3.98,5.14,4.53,7.65,0.21
US-xSE,-76.56,38.8901,2017,1,19,9.95,2.06,2.67,2.63,7.43,0
US-xSE,-76.56,38.8901,2017,1,20,6.28,1.1,3.41,2.73,2.74,1.1
US-xSE,-76.56,38.8901,2017,1,21,9.43,3.63,5.9,1.82,3.98,0.3
US-xSE,-76.56,38.8901,2017,1,22,10.12,5.32,7.06,4.58,2.2,2.79
US-xSE,-76.56,38.8901,2017,1,23,7.75,2.95,4.23,12.26,2.23,18
US-xSE,-76.56,38.8901,2017,1,24,7.39,2.61,1.31,8.86,6.66,1.19
US-xSE,-76.56,38.8901,2017,1,25,12.37,1.91,3.11,4.52,11.37,0
US-xSE,-76.56,38.8901,2017,1,26,11.7,3.64,3.52,7.07,9.62,0.26
US-xSE,-76.56,38.8901,2017,1,27,5.25,-0.08,-2.72,6.95,9.17,0
US-xSE,-76.56,38.8901,2017,1,28,6.11,-1.5,-2.89,4.96,8.83,0
US-xSE,-76.56,38.8901,2017,1,29,5.79,-1.97,-2.17,3.25,9.43,0.2
US-xSE,-76.56,38.8901,2017,1,30,1.89,-2.97,-3.81,4.64,7.65,0.96
US-xSE,-76.56,38.8901,2017,1,31,8.87,-3.32,-1.54,4.61,10.52,0
US-xSE,-76.56,38.8901,2017,2,1,7.76,0.25,1.53,3.59,2.63,0
US-xSE,-76.56,38.8901,2017,2,2,7.54,-0.85,-1.54,4.66,6.78,0
US-xSE,-76.56,38.8901,2017,2,3,2.6,-2.51,-6.05,4.51,6.19,0
US-xSE,-76.56,38.8901,2017,2,4,2.27,-4.75,-7.99,4.65,14.41,0
US-xSE,-76.56,38.8901,2017,2,5,8.55,-1.33,-1.64,5.13,12.37,0
US-xSE,-76.56,38.8901,2017,2,6,12.25,-0.27,2.16,4.04,13.64,0
US-xSE,-76.56,38.8901,2017,2,7,15.58,5.34,8.64,6.18,6.94,0.2
US-xSE,-76.56,38.8901,2017,2,8,18.18,7.43,9.59,5.06,12.03,0.27
US-xSE,-76.56,38.8901,2017,2,9,7.14,-3.97,-2.86,10.57,8.25,7.96
US-xSE,-76.56,38.8901,2017,2,10,2.14,-5.29,-7.47,5.6,13.13,0
US-xSE,-76.56,38.8901,2017,2,11,12.48,1.38,3.71,4.15,4.72,0
US-xSE,-76.56,38.8901,2017,2,12,11.79,5.29,6.84,5.07,6.87,3.96
US-xSE,-76.56,38.8901,2017,2,13,5.71,-2.1,-4.18,9.89,16.18,0
US-xSE,-76.56,38.8901,2017,2,14,6.85,-2.65,-1.67,3.65,7.51,0.01
US-xSE,-76.56,38.8901,2017,2,15,7.69,0.25,0.21,6.09,8.08,1.7
US-xSE,-76.56,38.8901,2017,2,16,3.08,-3.08,-5.23,7.74,11.22,0.08
US-xSE,-76.56,38.8901,2017,2,17,7.68,-3.74,-3.77,3.38,13.7,0
US-xSE,-76.56,38.8901,2017,2,18,17.33,-0.2,4.62,3.94,12.57,0.01
US-xSE,-76.56,38.8901,2017,2,19,18.3,8.28,8.05,4.58,13.18,0
US-xSE,-76.56,38.8901,2017,2,20,13.82,4.08,3.87,4.64,16.26,0
US-xSE,-76.56,38.8901,2017,2,21,9.5,1.38,2.13,3.92,12.58,0
US-xSE,-76.56,38.8901,2017,2,22,13.4,4.29,7.38,3.02,7.65,0
US-xSE,-76.56,38.8901,2017,2,23,20.28,7.27,11.21,4.33,15.17,0
US-xSE,-76.56,38.8901,2017,2,24,20.41,9.45,12.57,4.95,15.76,0
US-xSE,-76.56,38.8901,2017,2,25,19.8,5.04,10.55,7.41,12.91,10.09
US-xSE,-76.56,38.8901,2017,2,26,6.97,0.72,-3.94,5.68,18.25,0
US-xSE,-76.56,38.8901,2017,2,27,11.75,-0.22,1.48,3.98,10.09,0
US-xSE,-76.56,38.8901,2017,2,28,16.32,5.29,9.36,3.05,12.95,6
US-xSE,-76.56,38.8901,2017,3,1,21.21,12.85,14.34,7.82,9.58,2.5
US-xSE,-76.56,38.8901,2017,3,2,12.35,2.49,-1.03,10.06,19.02,0.25
US-xSE,-76.56,38.8901,2017,3,3,3.96,-2.06,-4.55,6.55,14.03,0
US-xSE,-76.56,38.8901,2017,3,4,3.5,-4.22,-7.8,5.94,19.52,0
US-xSE,-76.56,38.8901,2017,3,5,3.06,-6.7,-11.37,3.3,20,0
US-xSE,-76.56,38.8901,2017,3,6,10.41,-2.11,-1.66,3.91,16.26,0
US-xSE,-76.56,38.8901,2017,3,7,17.3,3.84,8.37,5.96,12.03,0.38
US-xSE,-76.56,38.8901,2017,3,8,16.13,8.09,4.32,6.68,18.75,1.1
US-xSE,-76.56,38.8901,2017,3,9,18.43,6.31,3.54,5.46,19.37,0
US-xSE,-76.56,38.8901,2017,3,10,7.06,-1.62,-1.02,7.96,7.84,3.27
US-xSE,-76.56,38.8901,2017,3,11,2.07,-4.64,-9.27,6.91,20.84,0
US-xSE,-76.56,38.8901,2017,3,12,3.18,-4.32,-8.04,4.45,20.56,0
US-xSE,-76.56,38.8901,2017,3,13,4.85,-4,-5.83,4.38,16.65,5.19
US-xSE,-76.56,38.8901,2017,3,14,1.13,-5.11,-2,11.35,9.88,43.07
US-xSE,-76.56,38.8901,2017,3,15,-1.96,-6.79,-7.19,10.26,15.09,0.34
US-xSE,-76.56,38.8901,2017,3,16,1.93,-7.02,-5.36,7.08,21.55,0.06
US-xSE,-76.56,38.8901,2017,3,17,6.78,-6.21,-3.98,3.35,20.59,0.12
US-xSE,-76.56,38.8901,2017,3,18,10.6,1.8,3.78,4.08,16.64,4.43
US-xSE,-76.56,38.8901,2017,3,19,9.36,0.88,0.97,5.59,15.79,3.74
US-xSE,-76.56,38.8901,2017,3,20,11.03,-0.7,0.15,3.19,17.57,0.01
US-xSE,-76.56,38.8901,2017,3,21,14.78,4.17,5.38,2.71,12.41,0.11
US-xSE,-76.56,38.8901,2017,3,22,8.24,-2.58,-3.84,7.81,22.76,0
US-xSE,-76.56,38.8901,2017,3,23,7,-4.75,-7,2.98,23.56,0
US-xSE,-76.56,38.8901,2017,3,24,13.47,-0.26,2.15,5.83,15,0.02
US-xSE,-76.56,38.8901,2017,3,25,23.35,9.88,12,3.93,16.48,1.49
US-xSE,-76.56,38.8901,2017,3,26,9.78,6.42,6.71,6.37,7.29,1.15
US-xSE,-76.56,38.8901,2017,3,27,20.72,6.45,11.44,4.08,15.21,0.53
US-xSE,-76.56,38.8901,2017,3,28,19.7,11.61,13.99,3.36,10.26,4.49
US-xSE,-76.56,38.8901,2017,3,29,16.17,6.35,5.98,4.93,22.56,0.07
US-xSE,-76.56,38.8901,2017,3,30,11.84,2.52,2.66,4.03,10.99,1.78
US-xSE,-76.56,38.8901,2017,3,31,13.66,5.97,9.99,5.25,3.58,28.4
US-xSE,-76.56,38.8901,2017,4,1,13.09,6.58,6.14,6.71,13.92,0.21
US-xSE,-76.56,38.8901,2017,4,2,15.93,2.87,3.54,3.61,23.76,0
US-xSE,-76.56,38.8901,2017,4,3,17.02,6.1,7.62,5.87,16.3,2.26
US-xSE,-76.56,38.8901,2017,4,4,22.87,14.04,14.07,6.46,20.5,2.49
US-xSE,-76.56,38.8901,2017,4,5,19.77,10.06,9.42,4.22,20.18,0
US-xSE,-76.56,38.8901,2017,4,6,18.19,8.74,10.97,7.6,9.5,22.04
US-xSE,-76.56,38.8901,2017,4,7,8.81,3.83,1.2,9.37,13.07,0.16
US-xSE,-76.56,38.8901,2017,4,8,15.02,1.43,1.02,5.91,25.36,0
US-xSE,-76.56,38.8901,2017,4,9,18.8,4.2,4.45,3.25,25.84,0
US-xSE,-76.56,38.8901,2017,4,10,22.9,7.77,10.59,5.06,24.18,0
US-xSE,-76.56,38.8901,2017,4,11,25.89,12.24,13.43,4.12,24.04,0
US-xSE,-76.56,38.8901,2017,4,12,22.19,12.21,12.38,3.91,20.13,0.02
US-xSE,-76.56,38.8901,2017,4,13,18.4,8,6.51,3.63,22.96,0
US-xSE,-76.56,38.8901,2017,4,14,19.39,7.31,7.73,2.77,21.52,0
US-xSE,-76.56,38.8901,2017,4,15,20.96,10.08,13.09,4.66,17.87,0.98
US-xSE,-76.56,38.8901,2017,4,16,26.89,16.42,16.31,5.5,23.3,0.32
US-xSE,-76.56,38.8901,2017,4,17,21.02,15.37,14.26,3.76,12.6,1.98
US-xSE,-76.56,38.8901,2017,4,18,19.65,9.42,8.41,4.02,26.07,0
US-xSE,-76.56,38.8901,2017,4,19,17.91,7.96,9.46,5.04,10.03,0.34
US-xSE,-76.56,38.8901,2017,4,20,24.49,12.46,15.06,3.08,22.39,3.74
US-xSE,-76.56,38.8901,2017,4,21,24.21,14.72,16.47,2.28,19.74,5.23
US-xSE,-76.56,38.8901,2017,4,22,16.47,11.03,11.25,4.18,4.41,4.6
US-xSE,-76.56,38.8901,2017,4,23,15.99,8.25,7.65,3.6,14.25,0.03
US-xSE,-76.56,38.8901,2017,4,24,15.84,9.88,9.78,6.45,6.79,3.45
US-xSE,-76.56,38.8901,2017,4,25,16.78,11.23,12.66,7.76,7.35,12.79
US-xSE,-76.56,38.8901,2017,4,26,19.81,12.7,13.37,3.26,12.59,4.9
US-xSE,-76.56,38.8901,2017,4,27,25.54,12.08,15.89,4.67,23.1,0.05
US-xSE,-76.56,38.8901,2017,4,28,26.3,16.77,16.12,3.28,26.16,0.17
US-xSE,-76.56,38.8901,2017,4,29,29.27,18.16,19.43,4.62,20.63,0.34
US-xSE,-76.56,38.8901,2017,4,30,26.76,18.43,18.99,3.52,23.63,0.38
US-xSE,-76.56,38.8901,2017,5,1,26.63,18.5,18.64,7.68,20.42,0.14
US-xSE,-76.56,38.8901,2017,5,2,23.39,14.35,12.33,6.66,28.37,0.95
US-xSE,-76.56,38.8901,2017,5,3,18.43,10.9,7.53,5.87,28.84,0
US-xSE,-76.56,38.8901,2017,5,4,18.99,9.08,7.93,6.37,20.3,0.93
US-xSE,-76.56,38.8901,2017,5,5,20.98,13.55,16.92,8.53,8,34.44
US-xSE,-76.56,38.8901,2017,5,6,17.35,10.27,10.34,6.59,9.33,1.29
US-xSE,-76.56,38.8901,2017,5,7,15.77,8.14,6.28,6.45,24.15,0.31
US-xSE,-76.56,38.8901,2017,5,8,15.96,6.31,2.79,4.63,29.53,0.19
US-xSE,-76.56,38.8901,2017,5,9,17.41,6.14,3.07,3.05,28.71,0.02
US-xSE,-76.56,38.8901,2017,5,10,20.98,8.68,8.71,2.61,25.51,0
US-xSE,-76.56,38.8901,2017,5,11,14.84,10.34,10.4,4.34,5.2,11.51
US-xSE,-76.56,38.8901,2017,5,12,16.75,9.59,8.76,4.54,8.58,10.29
US-xSE,-76.56,38.8901,2017,5,13,13.75,8.55,9.8,6,10.07,18.83
US-xSE,-76.56,38.8901,2017,5,14,23.52,7.58,10.23,5.65,27.23,0.01
US-xSE,-76.56,38.8901,2017,5,15,21.41,9.42,8.51,6.43,30.18,0.01
US-xSE,-76.56,38.8901,2017,5,16,24.04,10.47,11.41,3.02,28.43,0
US-xSE,-76.56,38.8901,2017,5,17,29.67,14.26,17.93,3.52,28.67,0
US-xSE,-76.56,38.8901,2017,5,18,29.12,20.18,19.72,4.55,27.59,0.14
US-xSE,-76.56,38.8901,2017,5,19,29.99,20.12,20.38,3.77,27.49,2.28
US-xSE,-76.56,38.8901,2017,5,20,21.02,12.43,14.01,5.14,23.86,0.98
US-xSE,-76.56,38.8901,2017,5,21,21.52,11.51,10.63,4.35,15.65,0.04
US-xSE,-76.56,38.8901,2017,5,22,23.98,14.28,16.5,2.35,7.74,14.19
US-xSE,-76.56,38.8901,2017,5,23,20.76,14.33,14.83,3.92,8,3.86
US-xSE,-76.56,38.8901,2017,5,24,20.1,13.4,13.43,4.73,9.22,4.24
US-xSE,-76.56,38.8901,2017,5,25,24.17,13.44,15.72,4.74,21.32,27.45
US-xSE,-76.56,38.8901,2017,5,26,23.18,14.13,14.7,6.1,21.29,0.15
US-xSE,-76.56,38.8901,2017,5,27,24.04,13.99,15.71,2.08,17.23,0.51
US-xSE,-76.56,38.8901,2017,5,28,23.23,15.63,16.79,3.63,12.92,2.42
US-xSE,-76.56,38.8901,2017,5,29,25.45,15.02,16.68,2.76,21.51,1.23
US-xSE,-76.56,38.8901,2017,5,30,22.2,14.74,16.3,3.95,9.1,2.31
US-xSE,-76.56,38.8901,2017,5,31,25.91,15.69,17,2.44,21.49,1.08
US-xSE,-76.56,38.8901,2017,6,1,25.81,15.31,14.72,4.02,29.35,0.04
US-xSE,-76.56,38.8901,2017,6,2,25.86,13.86,12.97,4,29.76,0.05
US-xSE,-76.56,38.8901,2017,6,3,24.98,15.39,13.72,3.6,27.49,0
US-xSE,-76.56,38.8901,2017,6,4,28.3,16.06,15.54,3.58,28.33,0
US-xSE,-76.56,38.8901,2017,6,5,24.41,18.72,18.6,2.48,7.43,7.29
US-xSE,-76.56,38.8901,2017,6,6,24.64,15.59,14.93,3.23,27.13,1.92
US-xSE,-76.56,38.8901,2017,6,7,19.31,13.97,12.43,3.72,14.9,0.6
US-xSE,-76.56,38.8901,2017,6,8,21.71,12.91,11.2,3.03,21.52,0
US-xSE,-76.56,38.8901,2017,6,9,26.91,13.37,12.92,4.02,29.25,0.14
US-xSE,-76.56,38.8901,2017,6,10,29.58,16.29,15.53,3.53,28.58,0
US-xSE,-76.56,38.8901,2017,6,11,32.27,19.43,18.36,3.51,29.21,0
US-xSE,-76.56,38.8901,2017,6,12,33.15,21.03,18.2,2.95,27.69,0
US-xSE,-76.56,38.8901,2017,6,13,33.82,21.29,19.19,3.3,27.16,0
US-xSE,-76.56,38.8901,2017,6,14,28.91,20.82,20.57,3.71,26.1,0.65
US-xSE,-76.56,38.8901,2017,6,15,27.67,18.88,17.16,3.94,25.35,0.04
US-xSE,-76.56,38.8901,2017,6,16,29.26,19.56,20.07,1.68,20.75,1.88
US-xSE,-76.56,38.8901,2017,6,17,29.15,21.82,21.47,4.25,20.18,1.64
US-xSE,-76.56,38.8901,2017,6,18,31.51,23,22.07,6.17,24.63,0.39
US-xSE,-76.56,38.8901,2017,6,19,31.33,23.41,22.23,6.77,20.72,20.93
US-xSE,-76.56,38.8901,2017,6,20,30.13,20.79,18.23,4.44,22.23,1.04
US-xSE,-76.56,38.8901,2017,6,21,31.01,20.26,18.19,3.4,24.68,2.07
US-xSE,-76.56,38.8901,2017,6,22,32.32,21.43,20.11,2.57,19.25,0.46
US-xSE,-76.56,38.8901,2017,6,23,32.71,23.05,21.72,6.67,18.73,2.93
US-xSE,-76.56,38.8901,2017,6,24,30.61,23.05,18.02,5.36,27.61,8.12
US-xSE,-76.56,38.8901,2017,6,25,29.93,20.31,15.57,3.64,25.6,0.12
US-xSE,-76.56,38.8901,2017,6,26,28.23,17.89,11.62,3.95,28.6,0.07
US-xSE,-76.56,38.8901,2017,6,27,27.05,18.43,13.02,3.76,25.55,1
US-xSE,-76.56,38.8901,2017,6,28,27.5,15.16,9.65,3.14,30.52,0
US-xSE,-76.56,38.8901,2017,6,29,31.37,17.84,16.34,5.39,26.65,0.06
US-xSE,-76.56,38.8901,2017,6,30,33.29,22.31,18.02,5.67,27.04,0
US-xSE,-76.56,38.8901,2017,7,1,31.36,23.73,22.06,4.23,22.24,8.18
US-xSE,-76.56,38.8901,2017,7,2,33.2,23.03,19.62,2.67,27.12,0.24
US-xSE,-76.56,38.8901,2017,7,3,33.6,22.55,17.79,2.57,26.02,0.55
US-xSE,-76.56,38.8901,2017,7,4,33.88,23.55,19.19,1.81,20.11,1.35
US-xSE,-76.56,38.8901,2017,7,5,30.03,22.66,20.17,4.1,14.32,1.63
US-xSE,-76.56,38.8901,2017,7,6,25.07,21.11,21.45,4.2,14.2,26.86
US-xSE,-76.56,38.8901,2017,7,7,30.89,20.95,20.67,3.83,25.68,4.04
US-xSE,-76.56,38.8901,2017,7,8,31.57,21.79,19.42,4.29,26.06,0.43
US-xSE,-76.56,38.8901,2017,7,9,29.27,19.42,13.88,3.48,29.52,0
US-xSE,-76.56,38.8901,2017,7,10,31.69,21.23,19.52,4.34,25.84,0.07
US-xSE,-76.56,38.8901,2017,7,11,33.9,22.3,20.18,3.87,21.86,0.13
US-xSE,-76.56,38.8901,2017,7,12,32.76,24.28,21.01,3.72,22.86,0.09
US-xSE,-76.56,38.8901,2017,7,13,35.69,24.71,21.65,3.24,23.87,3.71
US-xSE,-76.56,38.8901,2017,7,14,34.31,24.89,22.44,1.89,25.3,18.9
US-xSE,-76.56,38.8901,2017,7,15,31.13,23.05,20.91,3.43,26.2,5.81
US-xSE,-76.56,38.8901,2017,7,16,31.13,20.47,17.84,2.31,28.31,0
US-xSE,-76.56,38.8901,2017,7,17,30.83,22.72,21.01,3.45,23.02,1.31
US-xSE,-76.56,38.8901,2017,7,18,32.56,23.1,21.58,2.45,24.51,1.58
US-xSE,-76.56,38.8901,2017,7,19,33.71,23.73,21.36,2.17,26.96,0.35
US-xSE,-76.56,38.8901,2017,7,20,35.64,24.13,20.97,3.14,23.9,0.03
US-xSE,-76.56,38.8901,2017,7,21,35.14,25.33,21.55,2.43,24.64,0.15
US-xSE,-76.56,38.8901,2017,7,22,34.65,25.44,22.56,2.7,22.64,10.93
US-xSE,-76.56,38.8901,2017,7,23,32.38,24.35,22.58,2.7,16.65,21.29
US-xSE,-76.56,38.8901,2017,7,24,31.43,23.34,22.01,2.89,21.92,11.4
US-xSE,-76.56,38.8901,2017,7,25,28.12,19.98,18.18,3.84,24.95,1.08
US-xSE,-76.56,38.8901,2017,7,26,29.04,20.41,17.95,2.73,23.72,0
US-xSE,-76.56,38.8901,2017,7,27,29.08,21.04,20.48,3.3,15.3,0.07
US-xSE,-76.56,38.8901,2017,7,28,29.13,21.46,22.04,3.93,9.44,49.67
US-xSE,-76.56,38.8901,2017,7,29,23.19,19.48,19.23,6.76,8.82,10.9
US-xSE,-76.56,38.8901,2017,7,30,26.07,16.37,15.07,3.32,28.23,0.01
US-xSE,-76.56,38.8901,2017,7,31,29.08,18.13,16.19,1.61,28.03,0.01
US-xSE,-76.56,38.8901,2017,8,1,30.74,19.95,19.42,2.12,26.59,1.21
US-xSE,-76.56,38.8901,2017,8,2,30.46,21.72,20.4,2.78,23.98,4.16
US-xSE,-76.56,38.8901,2017,8,3,29.97,20.88,20.56,2.86,24.06,5.26
US-xSE,-76.56,38.8901,2017,8,4,30.28,21.69,20.38,4.67,26.31,1.6
US-xSE,-76.56,38.8901,2017,8,5,26.03,19.11,17.37,5.55,26.61,4.95
US-xSE,-76.56,38.8901,2017,8,6,27.14,17.6,15.84,2.1,22.49,0.22
US-xSE,-76.56,38.8901,2017,8,7,24.93,20.83,21.26,3.59,6.61,28.2
US-xSE,-76.56,38.8901,2017,8,8,25.23,20.45,18.14,3.13,16.24,3.79
US-xSE,-76.56,38.8901,2017,8,9,27.6,17.2,15.99,1.98,27.23,0
US-xSE,-76.56,38.8901,2017,8,10,28.04,19.1,16.52,1.92,24.13,0
US-xSE,-76.56,38.8901,2017,8,11,27.84,19.74,19.08,3.78,19.4,2.45
US-xSE,-76.56,38.8901,2017,8,12,25.51,21.4,21.19,2.23,14.54,26.21
US-xSE,-76.56,38.8901,2017,8,13,27.45,19.76,18.56,2.62,22.63,0.67
US-xSE,-76.56,38.8901,2017,8,14,27.27,19.73,19.92,2.16,12.5,0.32
US-xSE,-76.56,38.8901,2017,8,15,26.38,22.02,22.8,1.97,8.63,12.56
US-xSE,-76.56,38.8901,2017,8,16,29.95,20.16,20.91,1.92,23.89,0.32
US-xSE,-76.56,38.8901,2017,8,17,30.22,22.61,22.32,3.11,18.75,0.78
US-xSE,-76.56,38.8901,2017,8,18,30.92,24.07,24.84,4,21.28,17.37
US-xSE,-76.56,38.8901,2017,8,19,29.39,22.66,21.49,2.84,23.38,6.49
US-xSE,-76.56,38.8901,2017,8,20,28.01,19.67,17.1,2.66,25.12,0.05
US-xSE,-76.56,38.8901,2017,8,21,29.99,20.58,21.59,3.35,21.46,1.81
US-xSE,-76.56,38.8901,2017,8,22,31.36,22.7,22.74,4.64,24.36,2.08
US-xSE,-76.56,38.8901,2017,8,23,26.86,20.95,19.85,3.07,10.36,1.83
US-xSE,-76.56,38.8901,2017,8,24,26.79,17.92,14.99,2.36,22,0.3
US-xSE,-76.56,38.8901,2017,8,25,25.8,18.58,15.54,1.92,22.11,0.34
US-xSE,-76.56,38.8901,2017,8,26,26.14,16.75,15.25,2.91,23.23,0
US-xSE,-76.56,38.8901,2017,8,27,24.08,16.63,14.25,3.61,21.15,0
US-xSE,-76.56,38.8901,2017,8,28,24.95,15.48,14.01,4.88,17.85,0
US-xSE,-76.56,38.8901,2017,8,29,21.5,17.74,17.71,6.51,5.27,24.16
US-xSE,-76.56,38.8901,2017,8,30,24.89,15.87,15.69,3.31,21.55,0.04
US-xSE,-76.56,38.8901,2017,8,31,28.12,18.16,18.44,3.24,21.68,0.49
US-xSE,-76.56,38.8901,2017,9,1,21.78,16.02,9.94,3.62,10.55,0.03
US-xSE,-76.56,38.8901,2017,9,2,20,14.96,15.89,5.13,4.73,18.74
US-xSE,-76.56,38.8901,2017,9,3,24.62,17.52,16.62,4.02,18.12,0.61
US-xSE,-76.56,38.8901,2017,9,4,26.42,14.79,16,4.17,23.24,0
US-xSE,-76.56,38.8901,2017,9,5,28.85,19.47,19.46,4.58,21.48,8.23
US-xSE,-76.56,38.8901,2017,9,6,21.19,16.04,17.52,3.45,4.83,19.35
US-xSE,-76.56,38.8901,2017,9,7,22.03,14.51,13.17,4.22,22.6,0.23
US-xSE,-76.56,38.8901,2017,9,8,22.99,12.57,11.99,3.31,21.8,0.01
US-xSE,-76.56,38.8901,2017,9,9,21.27,11.93,11.25,4.01,22.42,0.01
US-xSE,-76.56,38.8901,2017,9,10,22.25,10.84,11.37,3.71,21.79,0
US-xSE,-76.56,38.8901,2017,9,11,22.67,11.96,12.17,2.18,17.04,0
US-xSE,-76.56,38.8901,2017,9,12,24.84,14.84,13.72,1.94,16.02,0
US-xSE,-76.56,38.8901,2017,9,13,27.17,17.69,19.39,2.91,15.73,1.68
US-xSE,-76.56,38.8901,2017,9,14,27.03,19.17,18.02,3.46,15.49,0.08
US-xSE,-76.56,38.8901,2017,9,15,27.91,17.75,17.44,1.81,19.24,0.34
US-xSE,-76.56,38.8901,2017,9,16,28.77,19.49,17.68,1.49,18.66,0.21
US-xSE,-76.56,38.8901,2017,9,17,27.69,19.01,19.16,2.12,19.21,0.2
US-xSE,-76.56,38.8901,2017,9,18,26.73,19.39,19.62,3.75,11.3,0.41
US-xSE,-76.56,38.8901,2017,9,19,27.26,19.39,18.77,5.55,13.49,2.42
US-xSE,-76.56,38.8901,2017,9,20,29.32,20.85,17.7,4.09,17.74,0.01
US-xSE,-76.56,38.8901,2017,9,21,30,19.22,18.41,2.42,19.93,0
US-xSE,-76.56,38.8901,2017,9,22,26.59,20.04,16.16,2.88,13.95,0.01
US-xSE,-76.56,38.8901,2017,9,23,29.94,18.2,15.13,2.75,20.45,0
US-xSE,-76.56,38.8901,2017,9,24,31.12,18.24,17.38,2.47,20,0.11
US-xSE,-76.56,38.8901,2017,9,25,30.88,20.4,18.45,2.53,19.49,0.01
US-xSE,-76.56,38.8901,2017,9,26,28.95,19.32,19.64,3.82,8.9,0.02
US-xSE,-76.56,38.8901,2017,9,27,31.19,21.28,20.15,4.78,16.71,0.23
US-xSE,-76.56,38.8901,2017,9,28,27.11,16.55,12.81,6.18,18.81,0
US-xSE,-76.56,38.8901,2017,9,29,22.63,12.76,8.56,3.24,19.71,0.01
US-xSE,-76.56,38.8901,2017,9,30,20.34,12.13,9.02,6.11,15.31,0.01
US-xSE,-76.56,38.8901,2017,10,1,21.12,9.8,8.85,2.67,19.09,0.02
US-xSE,-76.56,38.8901,2017,10,2,23.65,12.17,8.57,1.97,19.45,0
US-xSE,-76.56,38.8901,2017,10,3,23.77,11.81,11.52,3.08,18.91,0
US-xSE,-76.56,38.8901,2017,10,4,24.51,12.88,12.77,3.24,19.46,0
US-xSE,-76.56,38.8901,2017,10,5,27.47,13.43,13.65,3.49,16.31,0.01
US-xSE,-76.56,38.8901,2017,10,6,27.21,15.96,15.87,2.95,15.65,0
US-xSE,-76.56,38.8901,2017,10,7,28.32,17.49,18.88,4.89,14.35,0
US-xSE,-76.56,38.8901,2017,10,8,27.22,22.55,21.69,4.96,7.53,0.68
US-xSE,-76.56,38.8901,2017,10,9,28.81,22.29,22.33,5.95,8.73,12.46
US-xSE,-76.56,38.8901,2017,10,10,29.58,21.13,19.42,1.93,13.76,0.05
US-xSE,-76.56,38.8901,2017,10,11,26.04,18.94,19.17,4.62,3.45,10.86
US-xSE,-76.56,38.8901,2017,10,12,19.75,15.85,15.21,6.93,3.13,4.63
US-xSE,-76.56,38.8901,2017,10,13,22,14.85,14.86,4.68,6.16,0.85
US-xSE,-76.56,38.8901,2017,10,14,24.3,15.95,16.61,2.24,4.92,0.4
US-xSE,-76.56,38.8901,2017,10,15,26.05,15.88,16.77,4.5,9.92,0.16
US-xSE,-76.56,38.8901,2017,10,16,20.12,10.35,9.07,5.76,8.86,3.58
US-xSE,-76.56,38.8901,2017,10,17,16.8,6.1,1.77,3.06,17.37,0
US-xSE,-76.56,38.8901,2017,10,18,21.58,8.58,4.62,2.79,16.88,0
US-xSE,-76.56,38.8901,2017,10,19,22.22,8.38,8.55,3.61,16.89,0
US-xSE,-76.56,38.8901,2017,10,20,23.62,11.95,8.26,3.43,15.75,0
US-xSE,-76.56,38.8901,2017,10,21,24.72,10.81,8.35,2.36,15.36,0
US-xSE,-76.56,38.8901,2017,10,22,22.71,13.04,12.7,2.61,14.99,0
US-xSE,-76.56,38.8901,2017,10,23,25.05,14.58,17.14,6.55,9.48,0.3
US-xSE,-76.56,38.8901,2017,10,24,22.95,14.64,15.16,6.26,14.51,6.8
US-xSE,-76.56,38.8901,2017,10,25,18.67,10.23,5.91,3.86,13.24,0
US-xSE,-76.56,38.8901,2017,10,26,15.37,7.83,5.1,5.82,13.87,0
US-xSE,-76.56,38.8901,2017,10,27,19.94,6.37,5.52,3.77,15.17,0
US-xSE,-76.56,38.8901,2017,10,28,21.41,9.7,9.89,5.47,13.83,0.55
US-xSE,-76.56,38.8901,2017,10,29,20.35,7.9,15.88,6.09,3.33,46.6
US-xSE,-76.56,38.8901,2017,10,30,13.97,4.68,3.96,8.29,14.28,2.26
US-xSE,-76.56,38.8901,2017,10,31,15.55,5.86,3.66,4.09,14.22,0
US-xSE,-76.56,38.8901,2017,11,1,17.54,6.54,10.02,3.73,6.82,0.01
US-xSE,-76.56,38.8901,2017,11,2,22.9,12.29,15.13,3.7,12.89,0
US-xSE,-76.56,38.8901,2017,11,3,24.23,12.48,15.05,4.11,12.08,0.46
US-xSE,-76.56,38.8901,2017,11,4,15.08,7.52,7.52,3.88,8.17,6.38
US-xSE,-76.56,38.8901,2017,11,5,19.29,11.92,13.93,3.85,5.55,1.84
US-xSE,-76.56,38.8901,2017,11,6,20.64,11.55,14.66,4.92,7.67,0.6
US-xSE,-76.56,38.8901,2017,11,7,10.5,3.7,4.21,5.66,2.32,21.65
US-xSE,-76.56,38.8901,2017,11,8,10.66,4.58,4.21,4.36,4.01,0.22
US-xSE,-76.56,38.8901,2017,11,9,15.17,5.53,8.32,2.47,7.61,0.45
US-xSE,-76.56,38.8901,2017,11,10,9.13,-2.52,-2.39,7.15,12.59,0.01
US-xSE,-76.56,38.8901,2017,11,11,3.97,-4.65,-8.03,2.73,12.52,0
US-xSE,-76.56,38.8901,2017,11,12,8.65,0.22,-3.13,1.58,7.19,0.08
US-xSE,-76.56,38.8901,2017,11,13,10.21,3.02,3.7,3.03,6.78,4.97
US-xSE,-76.56,38.8901,2017,11,14,10.54,2.03,2.63,3.73,7.3,0.02
US-xSE,-76.56,38.8901,2017,11,15,11.42,1.39,5.14,3.29,9.24,0.1
US-xSE,-76.56,38.8901,2017,11,16,14.92,4.53,4.81,5.58,10.36,0.06
US-xSE,-76.56,38.8901,2017,11,17,10.5,3.34,-0.04,4.49,12.66,0
US-xSE,-76.56,38.8901,2017,11,18,13.71,2,5.35,6.27,7.94,0.52
US-xSE,-76.56,38.8901,2017,11,19,14.54,4.19,3.56,9.56,11.48,4.8
US-xSE,-76.56,38.8901,2017,11,20,9.31,1.27,-1.15,5.35,11.51,0.01
US-xSE,-76.56,38.8901,2017,11,21,13.41,2.7,3.76,5.71,9.07,0.02
US-xSE,-76.56,38.8901,2017,11,22,12.08,1.45,4.59,6.08,10.97,7.48
US-xSE,-76.56,38.8901,2017,11,23,6.52,-1.54,-3.04,2.88,11.52,0
US-xSE,-76.56,38.8901,2017,11,24,10.82,0.57,-0.77,2.75,11.51,0
US-xSE,-76.56,38.8901,2017,11,25,14.6,1.14,5.04,3.77,10.6,0
US-xSE,-76.56,38.8901,2017,11,26,10.47,2.84,1.98,5.07,11.02,0
US-xSE,-76.56,38.8901,2017,11,27,13.11,1.89,1.75,3.79,10.97,0
US-xSE,-76.56,38.8901,2017,11,28,14.41,2.06,5,3.8,10.8,0
US-xSE,-76.56,38.8901,2017,11,29,16.59,4.15,4.88,4.52,10.73,0
US-xSE,-76.56,38.8901,2017,11,30,13.28,3.72,5.18,3.68,9.49,0.11
US-xSE,-76.56,38.8901,2017,12,1,11.41,3.49,3.69,3.68,10.44,0.1
US-xSE,-76.56,38.8901,2017,12,2,10.18,0.77,2.87,1.95,6.49,0
US-xSE,-76.56,38.8901,2017,12,3,12.67,3.49,4.22,2.24,8.56,0.19
US-xSE,-76.56,38.8901,2017,12,4,10.7,2.02,4.32,2.69,7.5,0
US-xSE,-76.56,38.8901,2017,12,5,16.27,5.97,11.15,5.4,4.98,2.71
US-xSE,-76.56,38.8901,2017,12,6,13.48,3.82,-0.77,5.12,6.4,1.16
US-xSE,-76.56,38.8901,2017,12,7,8.11,0.39,-1.29,4.55,8.04,0
US-xSE,-76.56,38.8901,2017,12,8,4.14,0.92,-2.18,1.93,3.63,1.89
US-xSE,-76.56,38.8901,2017,12,9,1.75,-2.24,-1.66,3.44,2.4,7.88
US-xSE,-76.56,38.8901,2017,12,10,3.66,-3.31,-2.97,5.08,8.1,0
US-xSE,-76.56,38.8901,2017,12,11,6.76,-1.88,-1.19,3.54,9.85,0
US-xSE,-76.56,38.8901,2017,12,12,7.43,-4.17,-0.52,6.95,3.36,0.03
US-xSE,-76.56,38.8901,2017,12,13,0.17,-5.2,-9.79,8.08,9.96,0.5
US-xSE,-76.56,38.8901,2017,12,14,3.86,-3.01,-4.29,6.27,7.17,0.02
US-xSE,-76.56,38.8901,2017,12,15,-0.71,-3.97,-6.39,2.83,1.82,1.18
US-xSE,-76.56,38.8901,2017,12,16,6.12,-2.73,-2.93,5.09,9.17,0
US-xSE,-76.56,38.8901,2017,12,17,5.93,-0.9,0.95,1.9,4.43,0.01
US-xSE,-76.56,38.8901,2017,12,18,10.2,1.31,3.02,1.77,9.19,0
US-xSE,-76.56,38.8901,2017,12,19,12.83,2.31,4.53,3.89,9.33,0
US-xSE,-76.56,38.8901,2017,12,20,8.13,-0.33,0.97,4.21,3.57,0
US-xSE,-76.56,38.8901,2017,12,21,5.7,-2.64,-3.96,2.74,9.81,0
US-xSE,-76.56,38.8901,2017,12,22,10.97,-1.29,1.56,3.57,7.06,0.01
US-xSE,-76.56,38.8901,2017,12,23,14.26,5.27,7.69,5.95,3.35,6.53
US-xSE,-76.56,38.8901,2017,12,24,5.22,1.96,0.76,3.6,3.86,0.93
US-xSE,-76.56,38.8901,2017,12,25,2.47,-2.55,-5.82,7.94,8.76,0.04
US-xSE,-76.56,38.8901,2017,12,26,1.85,-2.77,-8.51,4.82,7.37,0
US-xSE,-76.56,38.8901,2017,12,27,-2.31,-6.53,-9.24,4.97,7.06,0
US-xSE,-76.56,38.8901,2017,12,28,-4.51,-9.14,-13.69,5.21,9.98,0
US-xSE,-76.56,38.8901,2017,12,29,-1.05,-8.62,-11.22,3.36,9.22,0.01
US-xSE,-76.56,38.8901,2017,12,30,-1.1,-6.53,-8.37,4.04,4.85,0.46
US-xSE,-76.56,38.8901,2017,12,31,-5.39,-9.38,-13.1,6.73,6.18,0
US-xSE,-76.56,38.8901,2018,1,1,-5.61,-11.35,-13.9,5.64,8.21,0
US-xSE,-76.56,38.8901,2018,1,2,-4.37,-10.6,-12.94,5.43,10.9,0
US-xSE,-76.56,38.8901,2018,1,3,0.28,-8.76,-8.47,2.7,8.11,0.33
US-xSE,-76.56,38.8901,2018,1,4,-3.85,-8.8,-9.14,11.36,2.69,5.04
US-xSE,-76.56,38.8901,2018,1,5,-7.5,-11.1,-15.73,10.47,9.09,0.01
US-xSE,-76.56,38.8901,2018,1,6,-8.19,-13.09,-16.43,8.31,9.65,0
US-xSE,-76.56,38.8901,2018,1,7,-6.3,-15.61,-14.66,3.48,8.87,0
US-xSE,-76.56,38.8901,2018,1,8,1.28,-9.32,-6.75,4.96,6.28,1.67
US-xSE,-76.56,38.8901,2018,1,9,6.17,-2.42,-1.49,3.32,8.18,0.05
US-xSE,-76.56,38.8901,2018,1,10,5.2,-3.35,-0.63,3.04,4.87,0
US-xSE,-76.56,38.8901,2018,1,11,12.25,1.43,6.17,4.12,7.53,0.22
US-xSE,-76.56,38.8901,2018,1,12,15.16,9.48,12.3,6.86,3.76,11.69
US-xSE,-76.56,38.8901,2018,1,13,11.49,-6.2,-3.78,9.08,6.93,6.28
US-xSE,-76.56,38.8901,2018,1,14,-3.13,-7.84,-12.17,5.86,11.8,0
US-xSE,-76.56,38.8901,2018,1,15,0.86,-8.08,-6.02,3.36,6.01,0.01
US-xSE,-76.56,38.8901,2018,1,16,4.86,-2.33,-1.31,1.51,7.88,0.05
US-xSE,-76.56,38.8901,2018,1,17,0.26,-6.77,-7.72,7.23,4.89,0.39
US-xSE,-76.56,38.8901,2018,1,18,3.11,-9.13,-8.53,5.61,11.88,0
US-xSE,-76.56,38.8901,2018,1,19,7.29,-4.4,-4.85,3.82,11.96,0
US-xSE,-76.56,38.8901,2018,1,20,10.58,-1.23,-1.33,4.05,11.51,0
US-xSE,-76.56,38.8901,2018,1,21,10.21,0.81,2.88,3.22,8.45,0
US-xSE,-76.56,38.8901,2018,1,22,12.94,2.79,5.99,3.82,6.89,0.06
US-xSE,-76.56,38.8901,2018,1,23,14.89,2.15,6.76,6.72,7.65,9.05
US-xSE,-76.56,38.8901,2018,1,24,6.2,-1.55,-2.28,5.65,8.66,0
US-xSE,-76.56,38.8901,2018,1,25,3.06,-2.07,-5.96,4.05,12.66,0
US-xSE,-76.56,38.8901,2018,1,26,4.82,-2.92,-4.34,3.03,12.11,0
US-xSE,-76.56,38.8901,2018,1,27,12.08,-0.41,3.53,5.87,11.82,0.05
US-xSE,-76.56,38.8901,2018,1,28,10.72,5.95,8.03,3.9,2.6,12.22
US-xSE,-76.56,38.8901,2018,1,29,7.51,1.31,1.95,4.65,3.53,2.39
US-xSE,-76.56,38.8901,2018,1,30,1.6,-4.87,-4.95,7.4,8.45,0.52
US-xSE,-76.56,38.8901,2018,1,31,0.59,-5.46,-8.67,4.92,11.53,0
US-xSE,-76.56,38.8901,2018,2,1,6.52,0.27,0.64,5.37,7.13,1.02
US-xSE,-76.56,38.8901,2018,2,2,3.17,-6.21,-8.27,8.54,13.15,2.21
US-xSE,-76.56,38.8901,2018,2,3,0.21,-7.03,-10,4.35,13.01,0
US-xSE,-76.56,38.8901,2018,2,4,4.02,-1.48,-0.15,4.63,4.07,22.47
US-xSE,-76.56,38.8901,2018,2,5,-0.08,-4.07,-5.64,5.88,14.36,0.01
US-xSE,-76.56,38.8901,2018,2,6,4.4,-3.28,-3.12,3.87,7.55,0
US-xSE,-76.56,38.8901,2018,2,7,6.83,-2.47,0.81,5.59,3.63,12.56
US-xSE,-76.56,38.8901,2018,2,8,0.18,-4.31,-7.01,4.98,14.8,0
US-xSE,-76.56,38.8901,2018,2,9,4.05,-3.5,-2.78,3.6,10.49,0
US-xSE,-76.56,38.8901,2018,2,10,6.13,1.08,4.09,3.56,2.52,12
US-xSE,-76.56,38.8901,2018,2,11,15.21,5.54,12.04,5.69,3.32,25.94
US-xSE,-76.56,38.8901,2018,2,12,13.6,-0.87,1.35,5.44,5.53,9.23
US-xSE,-76.56,38.8901,2018,2,13,4.27,-3.53,-3.21,3.61,10.87,0.05
US-xSE,-76.56,38.8901,2018,2,14,9.88,-0.46,3.39,3.81,10.24,0.52
US-xSE,-76.56,38.8901,2018,2,15,17.2,7.32,10.96,5.16,5.92,1.18
US-xSE,-76.56,38.8901,2018,2,16,15.98,1.95,9.46,6.37,4.19,5.91
US-xSE,-76.56,38.8901,2018,2,17,5.34,-2.4,-2.51,3.36,8.26,13.52
US-xSE,-76.56,38.8901,2018,2,18,7.06,-0.66,-0.28,3.54,15.01,0.02
US-xSE,-76.56,38.8901,2018,2,19,8.5,0.09,4.35,4.51,4.18,2.44
US-xSE,-76.56,38.8901,2018,2,20,19.2,7.09,11.28,5.61,14.38,0.22
US-xSE,-76.56,38.8901,2018,2,21,21.9,11.83,14.9,5.7,13.85,0.42
US-xSE,-76.56,38.8901,2018,2,22,13.9,4.62,7.12,5.45,2.9,2.02
US-xSE,-76.56,38.8901,2018,2,23,7.85,4.38,5,3.83,5.29,3.12
US-xSE,-76.56,38.8901,2018,2,24,12.82,6.18,7.78,2.77,6.08,1.87
US-xSE,-76.56,38.8901,2018,2,25,14.43,6.6,9.53,3.27,3.09,6.39
US-xSE,-76.56,38.8901,2018,2,26,10.93,3.38,3.57,3.86,5.02,0.05
US-xSE,-76.56,38.8901,2018,2,27,12.56,-0.07,0.54,3.33,18.24,0
US-xSE,-76.56,38.8901,2018,2,28,13.92,3.41,4.9,5.31,13.54,0
US-xSE,-76.56,38.8901,2018,3,1,12.06,6.87,8.37,2.82,4.85,9.61
US-xSE,-76.56,38.8901,2018,3,2,8.63,2.6,-0.31,15.31,10.05,5.39
US-xSE,-76.56,38.8901,2018,3,3,8.91,0.99,-1.06,11.02,17.42,0.02
US-xSE,-76.56,38.8901,2018,3,4,8.52,-0.46,-2.05,7.96,18.71,0.29
US-xSE,-76.56,38.8901,2018,3,5,7.19,-2.22,-3.07,5.84,19.89,0.07
US-xSE,-76.56,38.8901,2018,3,6,8.65,-2.64,-0.84,3.39,8.06,9.36
US-xSE,-76.56,38.8901,2018,3,7,5.36,0.8,1.28,5.78,6.52,11.74
US-xSE,-76.56,38.8901,2018,3,8,5.02,-1.66,-2.91,5.9,15.53,0.01
US-xSE,-76.56,38.8901,2018,3,9,4.95,-1.66,-3.76,6.95,18.07,0
US-xSE,-76.56,38.8901,2018,3,10,8.15,-2.62,-2.78,4.08,13.59,0
US-xSE,-76.56,38.8901,2018,3,11,7.87,-2.94,-2.91,2.77,16.09,0
US-xSE,-76.56,38.8901,2018,3,12,5.09,-1.16,-0.22,5.94,6.55,4.2
US-xSE,-76.56,38.8901,2018,3,13,5.98,-0.66,-2.68,7.91,20.2,0.08
US-xSE,-76.56,38.8901,2018,3,14,3.61,-2.04,-4.55,8.48,17.44,0
US-xSE,-76.56,38.8901,2018,3,15,8.63,-1.31,-1.78,6.39,15.88,0
US-xSE,-76.56,38.8901,2018,3,16,5.76,-2.37,-4.1,6.83,20.97,0
US-xSE,-76.56,38.8901,2018,3,17,6.64,-2.91,-2.25,4.24,7.06,0.03
US-xSE,-76.56,38.8901,2018,3,18,10.63,-2.18,-1.53,3.79,21.83,0
US-xSE,-76.56,38.8901,2018,3,19,12.9,0.27,1.58,3.5,10.25,0
US-xSE,-76.56,38.8901,2018,3,20,3.09,-0.22,-0.14,8.13,2.8,18.1
US-xSE,-76.56,38.8901,2018,3,21,1.41,0.28,-0.39,7.19,3.52,16.05
US-xSE,-76.56,38.8901,2018,3,22,6.29,-2.14,-0.91,7.62,20.76,0.09
US-xSE,-76.56,38.8901,2018,3,23,7.81,-1.41,-1.66,6.31,22.2,0
US-xSE,-76.56,38.8901,2018,3,24,9.06,-2.09,-1.63,3.78,21.3,0
US-xSE,-76.56,38.8901,2018,3,25,7.42,-2.16,-0.88,4.98,18.82,0.32
US-xSE,-76.56,38.8901,2018,3,26,8.66,-2,-0.68,4.29,18.71,0
US-xSE,-76.56,38.8901,2018,3,27,7.55,-0.79,-0.07,2.81,12.32,0.15
US-xSE,-76.56,38.8901,2018,3,28,13.39,4.21,7.31,2.24,9.98,1.59
US-xSE,-76.56,38.8901,2018,3,29,20.92,7.1,11.82,3.76,16.66,0.15
US-xSE,-76.56,38.8901,2018,3,30,18.22,5.93,10.56,6.87,10.66,2.03
US-xSE,-76.56,38.8901,2018,3,31,13.42,0.99,0.81,4.76,24.54,0
US-xSE,-76.56,38.8901,2018,4,1,16.21,5.49,7.16,4.49,12.32,0.01
US-xSE,-76.56,38.8901,2018,4,2,9.86,3.1,3.85,4.49,10.15,2.61
US-xSE,-76.56,38.8901,2018,4,3,11.14,3.26,6.42,3.92,7.12,1.08
US-xSE,-76.56,38.8901,2018,4,4,17.58,3.41,6.05,9.75,13.07,0.62
US-xSE,-76.56,38.8901,2018,4,5,9.85,0.04,-2.16,5.66,25.02,0
US-xSE,-76.56,38.8901,2018,4,6,16.64,4.45,6.12,5.78,15.07,0.01
US-xSE,-76.56,38.8901,2018,4,7,11.81,3.15,0.48,4.91,6.18,1.64
US-xSE,-76.56,38.8901,2018,4,8,8.36,0.54,-2.74,5.73,25.83,0
US-xSE,-76.56,38.8901,2018,4,9,9.06,-0.1,-0.33,2.69,12.26,0.4
US-xSE,-76.56,38.8901,2018,4,10,10.89,2.04,0.47,4.45,24.8,0.34
US-xSE,-76.56,38.8901,2018,4,11,11.91,0.31,0.75,3.41,20.54,0.03
US-xSE,-76.56,38.8901,2018,4,12,19.75,4.28,7.78,6.23,22.25,0
US-xSE,-76.56,38.8901,2018,4,13,24.26,12.94,12.39,6.53,24.44,0
US-xSE,-76.56,38.8901,2018,4,14,24.63,14.22,15.23,6.07,24.18,0
US-xSE,-76.56,38.8901,2018,4,15,16.14,9.93,12.81,7.11,8.24,11.72
US-xSE,-76.56,38.8901,2018,4,16,16.88,6.31,9.77,8.5,10.5,33.12
US-xSE,-76.56,38.8901,2018,4,17,8.27,2.89,-0.43,6.82,13.14,0.02
US-xSE,-76.56,38.8901,2018,4,18,14.77,0.59,2.32,3.84,25.53,0
US-xSE,-76.56,38.8901,2018,4,19,15.27,4.28,4.04,6.9,14.8,0.78
US-xSE,-76.56,38.8901,2018,4,20,13.2,1.54,0.83,5.64,27.88,0.01
US-xSE,-76.56,38.8901,2018,4,21,13.95,2,1.26,2.53,26.09,0
US-xSE,-76.56,38.8901,2018,4,22,16.25,6.62,6.05,2.66,21.72,0
US-xSE,-76.56,38.8901,2018,4,23,18.86,7.97,7.69,3.7,22.79,0
US-xSE,-76.56,38.8901,2018,4,24,15.78,8.69,9.4,6.22,9.14,11.34
US-xSE,-76.56,38.8901,2018,4,25,19.41,11.63,13.52,3.7,8.7,11.51
US-xSE,-76.56,38.8901,2018,4,26,18.97,8.33,8.28,4.75,27.1,0
US-xSE,-76.56,38.8901,2018,4,27,16.84,10.63,11.11,2.93,14.05,11.6
US-xSE,-76.56,38.8901,2018,4,28,22.06,8.74,11.57,4.77,24.51,1.17
US-xSE,-76.56,38.8901,2018,4,29,12.54,5.49,3.59,7.14,23.41,0.87
US-xSE,-76.56,38.8901,2018,4,30,18.6,3.63,3.34,6.25,29.09,0
US-xSE,-76.56,38.8901,2018,5,1,23.56,7.07,8.43,4.08,28.16,0
US-xSE,-76.56,38.8901,2018,5,2,27.61,11,12.97,3.96,28.02,0
US-xSE,-76.56,38.8901,2018,5,3,28.22,16.16,17.36,4.8,26.57,0.02
US-xSE,-76.56,38.8901,2018,5,4,27.59,18.39,18.46,4.14,24.13,0.32
US-xSE,-76.56,38.8901,2018,5,5,20.19,14.79,11.69,2.72,11.46,0.73
US-xSE,-76.56,38.8901,2018,5,6,21.12,13.41,14.28,2.72,11.14,0.53
US-xSE,-76.56,38.8901,2018,5,7,21.9,12.04,13.12,3.47,23.21,0.08
US-xSE,-76.56,38.8901,2018,5,8,21.89,11.2,11.65,3.46,27.13,0.02
US-xSE,-76.56,38.8901,2018,5,9,23.1,11.23,11.46,2.62,28.37,0
US-xSE,-76.56,38.8901,2018,5,10,25.67,12.56,16.33,4.74,18.7,1.47
US-xSE,-76.56,38.8901,2018,5,11,25,15.55,15.9,3.74,27.26,0.05
US-xSE,-76.56,38.8901,2018,5,12,28.28,16.74,18,3.24,24.56,3.31
US-xSE,-76.56,38.8901,2018,5,13,20.86,14.05,15.07,4.17,10.87,26.49
US-xSE,-76.56,38.8901,2018,5,14,22.04,14.1,16.47,2.05,18.48,6.77
US-xSE,-76.56,38.8901,2018,5,15,26.91,17.52,20.26,4.11,24.45,3.44
US-xSE,-76.56,38.8901,2018,5,16,23.54,16.93,19.18,3.04,9.55,36.68
US-xSE,-76.56,38.8901,2018,5,17,21.92,16.78,18.22,2.54,7.73,14.66
US-xSE,-76.56,38.8901,2018,5,18,19.04,12.66,14.83,7.27,5.19,40.38
US-xSE,-76.56,38.8901,2018,5,19,22.82,12.94,17.59,4.85,7.96,13.82
US-xSE,-76.56,38.8901,2018,5,20,27.89,19.79,20.33,4.27,25.49,0.47
US-xSE,-76.56,38.8901,2018,5,21,25.08,17.43,16.88,3.19,26.59,0.07
US-xSE,-76.56,38.8901,2018,5,22,24.57,16.43,18.08,3.07,16.86,7.62
US-xSE,-76.56,38.8901,2018,5,23,25.62,17.99,18.38,4.21,25.92,0.29
US-xSE,-76.56,38.8901,2018,5,24,26.82,15.68,15.11,3.12,28.96,0
US-xSE,-76.56,38.8901,2018,5,25,27.19,15.67,18.75,4.49,28.79,0
US-xSE,-76.56,38.8901,2018,5,26,28.1,20.47,21.5,3.77,25.29,1.48
US-xSE,-76.56,38.8901,2018,5,27,27.12,17.08,21.23,2.84,18.38,16.32
US-xSE,-76.56,38.8901,2018,5,28,24.67,15.03,17.87,3.28,10.14,6.52
US-xSE,-76.56,38.8901,2018,5,29,27.2,19.16,20.45,1.8,17.01,0.01
US-xSE,-76.56,38.8901,2018,5,30,26.95,18.79,20.01,3.96,15.51,0.24
US-xSE,-76.56,38.8901,2018,5,31,27.28,18.71,21.28,4.06,15.32,10.55
US-xSE,-76.56,38.8901,2018,6,1,28.11,21.5,22.02,1.78,26.36,5.62
US-xSE,-76.56,38.8901,2018,6,2,26.95,21.12,21.64,2.43,16.86,10.16
US-xSE,-76.56,38.8901,2018,6,3,21.57,13.68,15.82,7.98,4.18,36.58
US-xSE,-76.56,38.8901,2018,6,4,23.62,12.52,14.72,4.37,22.86,0.94
US-xSE,-76.56,38.8901,2018,6,5,25.45,13.82,15.63,5.09,26.83,1.04
US-xSE,-76.56,38.8901,2018,6,6,21.78,14.8,14.87,3.36,24.57,0.28
US-xSE,-76.56,38.8901,2018,6,7,23.75,14.71,15.71,2.73,25.27,0
US-xSE,-76.56,38.8901,2018,6,8,27.06,16.26,18.64,2.55,22.52,0.14
US-xSE,-76.56,38.8901,2018,6,9,25.78,19.76,21.14,1.67,18.85,12.96
US-xSE,-76.56,38.8901,2018,6,10,25.8,17.31,19.95,3.69,19.15,13.19
US-xSE,-76.56,38.8901,2018,6,11,19.19,13.7,14.91,5.29,7.19,10.93
US-xSE,-76.56,38.8901,2018,6,12,23.56,11.88,14.82,4.06,26.48,0.03
US-xSE,-76.56,38.8901,2018,6,13,26.53,17.97,20.48,4.12,23.25,0.33
US-xSE,-76.56,38.8901,2018,6,14,26.36,19.11,17.16,5.37,29.47,0
US-xSE,-76.56,38.8901,2018,6,15,25.58,16.17,15.55,3.56,30.42,0.12
US-xSE,-76.56,38.8901,2018,6,16,27.19,18.1,15.6,1.85,29.73,0
US-xSE,-76.56,38.8901,2018,6,17,29.42,19.33,19.92,2.12,26.4,0
US-xSE,-76.56,38.8901,2018,6,18,30.3,20.77,22.13,2.93,26.57,0.61
US-xSE,-76.56,38.8901,2018,6,19,29.1,21.7,22.98,4.12,20.73,3.76
US-xSE,-76.56,38.8901,2018,6,20,28.74,19.93,21.28,1.96,21.59,2.71
US-xSE,-76.56,38.8901,2018,6,21,27.28,21.78,21.75,2.57,22.67,1.16
US-xSE,-76.56,38.8901,2018,6,22,23.32,19.51,19.34,6.48,6.08,6.97
US-xSE,-76.56,38.8901,2018,6,23,27.12,19.74,21.17,2.63,19.78,3.82
US-xSE,-76.56,38.8901,2018,6,24,28.94,20.75,21.69,3.19,22.31,2
US-xSE,-76.56,38.8901,2018,6,25,26.95,19.01,18.48,4.12,25.39,0.03
US-xSE,-76.56,38.8901,2018,6,26,26.15,16.59,17.11,3.81,25.87,0
US-xSE,-76.56,38.8901,2018,6,27,26.17,18.58,20.8,6.31,15.03,0.81
US-xSE,-76.56,38.8901,2018,6,28,29.51,22.73,22.27,4.02,25.56,0.04
US-xSE,-76.56,38.8901,2018,6,29,30.58,21.29,20.65,2.63,29.23,0
US-xSE,-76.56,38.8901,2018,6,30,31.85,21.46,20.07,2.33,28.88,0
US-xSE,-76.56,38.8901,2018,7,1,32.38,21.25,22.08,2.63,28.56,0
US-xSE,-76.56,38.8901,2018,7,2,33.69,23.73,23.68,2.29,28.2,0.01
US-xSE,-76.56,38.8901,2018,7,3,34.61,24.6,23.71,2.05,26.47,0.84
US-xSE,-76.56,38.8901,2018,7,4,32.51,23.71,23.25,2.73,26.51,0.58
US-xSE,-76.56,38.8901,2018,7,5,31.7,24.19,23.8,2.94,26.76,1.34
US-xSE,-76.56,38.8901,2018,7,6,28.21,23.33,23.38,3.61,14.22,5.08
US-xSE,-76.56,38.8901,2018,7,7,26.08,17.46,14.18,5.2,25.62,0
US-xSE,-76.56,38.8901,2018,7,8,27.65,16.02,13.34,3.6,31.15,0
US-xSE,-76.56,38.8901,2018,7,9,30.03,16.79,13.09,2.15,28.75,0
US-xSE,-76.56,38.8901,2018,7,10,32.98,18.29,18.45,3.09,30.03,0
US-xSE,-76.56,38.8901,2018,7,11,32.44,23.63,19.21,3.58,24.71,0.14
US-xSE,-76.56,38.8901,2018,7,12,30.55,21.49,19.07,3.27,26.09,0.57
US-xSE,-76.56,38.8901,2018,7,13,30.4,19.95,16.48,3.24,27.42,0
US-xSE,-76.56,38.8901,2018,7,14,31.46,19.17,14.78,3.75,28.91,0
US-xSE,-76.56,38.8901,2018,7,15,30.83,21.03,19.46,2.72,17.73,0.66
US-xSE,-76.56,38.8901,2018,7,16,33.95,23.49,21.59,3.38,25.25,1.88
US-xSE,-76.56,38.8901,2018,7,17,32.19,23.88,23.02,3.65,18.02,18.43
US-xSE,-76.56,38.8901,2018,7,18,30.35,20.62,17.28,4.1,28.72,0.02
US-xSE,-76.56,38.8901,2018,7,19,30.62,18.57,13.78,2.65,28.29,0
US-xSE,-76.56,38.8901,2018,7,20,30.59,19.43,15.54,3.87,25.02,0.05
US-xSE,-76.56,38.8901,2018,7,21,23.06,20.74,20.05,8.06,4.79,82.16
US-xSE,-76.56,38.8901,2018,7,22,27.58,17.43,21.61,5.4,15.18,13.35
US-xSE,-76.56,38.8901,2018,7,23,27.19,23.87,23.72,6.62,15.34,16.56
US-xSE,-76.56,38.8901,2018,7,24,26.93,23.64,23.51,6.61,11.08,21.02
US-xSE,-76.56,38.8901,2018,7,25,26.23,21.96,22.48,3.12,12.04,14.35
US-xSE,-76.56,38.8901,2018,7,26,29.55,20.49,21.8,2.5,26.56,0.69
US-xSE,-76.56,38.8901,2018,7,27,30.3,22.16,23.05,2.36,17.77,10.39
US-xSE,-76.56,38.8901,2018,7,28,28.95,21.86,20.69,2.7,25.04,3.76
US-xSE,-76.56,38.8901,2018,7,29,28.21,19.52,18.54,2.36,24.03,0
US-xSE,-76.56,38.8901,2018,7,30,24.34,20.37,20.97,3.84,8.08,7.81
US-xSE,-76.56,38.8901,2018,7,31,27.81,20.72,21.84,3.03,17.45,5.43
US-xSE,-76.56,38.8901,2018,8,1,29.22,23.48,23.84,4.75,22.28,6.78
US-xSE,-76.56,38.8901,2018,8,2,29.07,23.63,23.82,4.26,18.92,7.33
US-xSE,-76.56,38.8901,2018,8,3,27.79,23.6,23.18,4.4,17.94,10.83
US-xSE,-76.56,38.8901,2018,8,4,29.29,23.2,22.06,4.22,25.11,5.99
US-xSE,-76.56,38.8901,2018,8,5,30.85,21.62,21.56,2.07,24.47,0.05
US-xSE,-76.56,38.8901,2018,8,6,29.86,22.63,23.2,2.26,23.29,0.9
US-xSE,-76.56,38.8901,2018,8,7,31.07,22.38,23.23,2.49,22.78,2.24
US-xSE,-76.56,38.8901,2018,8,8,30.96,22.83,23.21,2.58,24.92,1.95
US-xSE,-76.56,38.8901,2018,8,9,30.17,23.07,22.63,3.51,24.39,0.68
US-xSE,-76.56,38.8901,2018,8,10,30.97,22.76,21.21,1.81,24.77,0.02
US-xSE,-76.56,38.8901,2018,8,11,30.63,23.61,21.97,2.02,17.9,2.94
US-xSE,-76.56,38.8901,2018,8,12,29.17,21.97,21.47,2.49,20.62,11.33
US-xSE,-76.56,38.8901,2018,8,13,28.33,20.44,21.85,2.86,22.31,13.28
US-xSE,-76.56,38.8901,2018,8,14,27.21,19.64,19.88,4.08,25.04,1.34
US-xSE,-76.56,38.8901,2018,8,15,29.87,20.76,20.92,3.99,23.96,0.06
US-xSE,-76.56,38.8901,2018,8,16,30.56,21.62,21.42,2.84,20.76,0
US-xSE,-76.56,38.8901,2018,8,17,30.92,23.11,23.64,3.31,22.07,2.17
US-xSE,-76.56,38.8901,2018,8,18,28.95,23.44,22.53,3.16,17.59,1.25
US-xSE,-76.56,38.8901,2018,8,19,27.93,20.85,21.13,3.51,19.8,1.49
US-xSE,-76.56,38.8901,2018,8,20,26.62,20.72,20.36,4.3,10.3,2.12
US-xSE,-76.56,38.8901,2018,8,21,27.03,21.01,22.52,4.75,10.41,27.63
US-xSE,-76.56,38.8901,2018,8,22,27.72,20.79,21.32,4.62,13.99,0.91
US-xSE,-76.56,38.8901,2018,8,23,25.05,17.48,14.78,4.62,25.41,0
US-xSE,-76.56,38.8901,2018,8,24,27.86,16.2,15.45,2.38,25.16,0
US-xSE,-76.56,38.8901,2018,8,25,26.76,18.32,15.94,1.85,21.97,0
US-xSE,-76.56,38.8901,2018,8,26,29.64,18.78,19.83,3.79,22.99,0.04
US-xSE,-76.56,38.8901,2018,8,27,31.53,22.31,22.97,2.2,21.25,0.08
US-xSE,-76.56,38.8901,2018,8,28,33.01,23.02,23.39,2.83,22.77,0
US-xSE,-76.56,38.8901,2018,8,29,33.58,23.37,22.88,3.16,22.49,0.02
US-xSE,-76.56,38.8901,2018,8,30,31.68,23.79,22.25,3.29,22.75,0.67
US-xSE,-76.56,38.8901,2018,8,31,27.67,22.77,23.03,3.88,18.82,37.59
US-xSE,-76.56,38.8901,2018,9,1,28.7,22.33,22.76,3.78,16.72,8.15
US-xSE,-76.56,38.8901,2018,9,2,30.82,22.16,22.63,1.73,21.51,2.38
US-xSE,-76.56,38.8901,2018,9,3,32,23.23,23.09,1.68,21.9,0.82
US-xSE,-76.56,38.8901,2018,9,4,32.96,24.02,22.78,1.64,21.33,1.45
US-xSE,-76.56,38.8901,2018,9,5,33.05,25.16,23.04,1.54,21.67,0.26
US-xSE,-76.56,38.8901,2018,9,6,32.68,23.63,22.75,2.12,21.95,0.02
US-xSE,-76.56,38.8901,2018,9,7,30.69,23.76,22.9,1.68,17.4,2.93
US-xSE,-76.56,38.8901,2018,9,8,24.05,18.42,19.92,5.41,6.21,18.4
US-xSE,-76.56,38.8901,2018,9,9,20.17,17.34,17.47,8.44,3.9,46.67
US-xSE,-76.56,38.8901,2018,9,10,26.67,18.16,20.54,6.1,9.42,4.82
US-xSE,-76.56,38.8901,2018,9,11,28.38,20.83,22.5,1.96,13,2.45
US-xSE,-76.56,38.8901,2018,9,12,28.46,22.04,22.89,2.35,15.09,2.95
US-xSE,-76.56,38.8901,2018,9,13,27.87,21.63,22.33,4.91,10.58,1
US-xSE,-76.56,38.8901,2018,9,14,27.22,21.2,21.62,5.73,9.48,1.23
US-xSE,-76.56,38.8901,2018,9,15,26.85,19.5,20.15,4.25,11.77,0.39
US-xSE,-76.56,38.8901,2018,9,16,27.34,19,20.23,3.92,13.78,0.02
US-xSE,-76.56,38.8901,2018,9,17,26.68,20.97,22.4,5.77,6.42,11.99
US-xSE,-76.56,38.8901,2018,9,18,28.17,21.83,22.93,4.38,11.2,8.34
US-xSE,-76.56,38.8901,2018,9,19,27.2,20.66,20.03,3.63,19.41,0.39
US-xSE,-76.56,38.8901,2018,9,20,26.07,19.2,19.4,3.08,14.95,0.1
US-xSE,-76.56,38.8901,2018,9,21,25.56,18.98,19.22,4.81,7.71,0.93
US-xSE,-76.56,38.8901,2018,9,22,23.68,17.06,17.26,4.49,15.69,0.33
US-xSE,-76.56,38.8901,2018,9,23,18.5,16.14,15.92,4.78,2.7,23.76
US-xSE,-76.56,38.8901,2018,9,24,20.6,17.26,17.19,6.27,4.77,7.93
US-xSE,-76.56,38.8901,2018,9,25,26.71,18.6,20.89,4.12,14.67,3.6
US-xSE,-76.56,38.8901,2018,9,26,28.04,21.22,22.1,3.27,18.46,2.92
US-xSE,-76.56,38.8901,2018,9,27,20.78,15.89,14.73,3.95,5.07,19.87
US-xSE,-76.56,38.8901,2018,9,28,22.74,16.13,15.89,3.46,16.39,1.31
US-xSE,-76.56,38.8901,2018,9,29,24.16,14.54,15.15,2.62,18.18,0
US-xSE,-76.56,38.8901,2018,9,30,23.66,13.53,15.21,2.37,17.92,0
US-xSE,-76.56,38.8901,2018,10,1,25.87,16.45,18.39,3.85,18.32,0
US-xSE,-76.56,38.8901,2018,10,2,26.49,18.32,19.86,4,16.03,0.16
US-xSE,-76.56,38.8901,2018,10,3,26.28,18.14,18.56,3.07,16.83,0.02
US-xSE,-76.56,38.8901,2018,10,4,28.68,17.84,20.71,2.82,17.27,1.23
US-xSE,-76.56,38.8901,2018,10,5,22.11,16.61,17.24,3.83,4.25,1.53
US-xSE,-76.56,38.8901,2018,10,6,25.64,16.69,18.71,2.28,9.81,0.03
US-xSE,-76.56,38.8901,2018,10,7,28.19,19.18,21.43,2.56,15.03,0.1
US-xSE,-76.56,38.8901,2018,10,8,28.16,21,21.61,2.68,12.95,0.08
US-xSE,-76.56,38.8901,2018,10,9,27.35,19.95,21.08,3.09,13.62,0.54
US-xSE,-76.56,38.8901,2018,10,10,27.51,20.97,21.46,3.76,12.98,0.63
US-xSE,-76.56,38.8901,2018,10,11,27.49,20.2,22.91,4.52,8.35,58.29
US-xSE,-76.56,38.8901,2018,10,12,18.03,11.56,9.45,7.56,18.23,7.65
US-xSE,-76.56,38.8901,2018,10,13,15.28,8.63,7.79,4.06,12.23,1.16
US-xSE,-76.56,38.8901,2018,10,14,17.03,8.34,9.01,2.37,7.03,0.28
US-xSE,-76.56,38.8901,2018,10,15,23.24,14.95,17.09,5.51,8.01,2.65
US-xSE,-76.56,38.8901,2018,10,16,16,11.87,7.74,4.01,8.99,0.38
US-xSE,-76.56,38.8901,2018,10,17,18.22,9.8,8.04,5.52,16.61,0.45
US-xSE,-76.56,38.8901,2018,10,18,13.26,6.12,3.37,4.05,17.33,0
US-xSE,-76.56,38.8901,2018,10,19,16.58,6.54,6.12,4.39,15.96,0.46
US-xSE,-76.56,38.8901,2018,10,20,18.37,10.62,11.47,4.69,6.69,1.05
US-xSE,-76.56,38.8901,2018,10,21,11.55,4.63,3.47,7.98,14.91,1.04
US-xSE,-76.56,38.8901,2018,10,22,13.14,2.75,3.19,3.64,15.84,0
US-xSE,-76.56,38.8901,2018,10,23,18.85,6.29,7.47,4.5,14.91,0
US-xSE,-76.56,38.8901,2018,10,24,12.92,4.95,4.19,5.58,14.51,0
US-xSE,-76.56,38.8901,2018,10,25,11.94,2.37,3,3.43,13.76,0
US-xSE,-76.56,38.8901,2018,10,26,10.83,4.7,5.26,4.31,4.05,20.5
US-xSE,-76.56,38.8901,2018,10,27,12.81,6.57,8.67,7.05,5.63,12.94
US-xSE,-76.56,38.8901,2018,10,28,14.47,7.17,7.89,4.53,10.18,0.59
US-xSE,-76.56,38.8901,2018,10,29,14.66,6.74,7.09,6.41,11.88,0.07
US-xSE,-76.56,38.8901,2018,10,30,15.58,5.23,6.53,3.87,14.27,0
US-xSE,-76.56,38.8901,2018,10,31,18.47,7.43,10.78,4.5,12.34,0
US-xSE,-76.56,38.8901,2018,11,1,21.48,11.64,14.52,5.81,11,0.02
US-xSE,-76.56,38.8901,2018,11,2,20.7,16.08,17.72,5.83,4.73,14.37
US-xSE,-76.56,38.8901,2018,11,3,14.92,6.32,7.05,6.71,13.47,4.57
US-xSE,-76.56,38.8901,2018,11,4,13.54,3.83,4.91,3.42,13.88,0
US-xSE,-76.56,38.8901,2018,11,5,16.36,8.8,11.86,5.06,4.11,30.05
US-xSE,-76.56,38.8901,2018,11,6,20.62,9.64,14.12,4.18,3.78,15.44
US-xSE,-76.56,38.8901,2018,11,7,17.04,8.46,9.33,3.49,9.49,0.01
US-xSE,-76.56,38.8901,2018,11,8,13.24,6.87,5.28,3.8,10.95,0
US-xSE,-76.56,38.8901,2018,11,9,12.9,6.57,8.28,4.26,3.94,15.95
US-xSE,-76.56,38.8901,2018,11,10,8.87,-0.41,-0.84,7.37,13.48,0.24
US-xSE,-76.56,38.8901,2018,11,11,8.09,-1.81,-2.45,2.8,13.37,0
US-xSE,-76.56,38.8901,2018,11,12,8.3,2.07,1.84,2.39,5.92,6.73
US-xSE,-76.56,38.8901,2018,11,13,9.1,5.67,5.73,5.37,4.05,14.08
US-xSE,-76.56,38.8901,2018,11,14,5.51,1.86,-1.15,5.08,7.68,0
US-xSE,-76.56,38.8901,2018,11,15,5.14,0.99,0.67,7.5,2.47,28.8
US-xSE,-76.56,38.8901,2018,11,16,7.19,1.15,1.1,6.65,12.19,0.39
US-xSE,-76.56,38.8901,2018,11,17,8.53,-0.03,1.06,3.77,10.95,0
US-xSE,-76.56,38.8901,2018,11,18,9.54,0.67,2.97,2.82,8.73,0
US-xSE,-76.56,38.8901,2018,11,19,12.07,4.45,6.99,2.35,7.3,0.04
US-xSE,-76.56,38.8901,2018,11,20,10.18,1.91,4.07,5.37,7.47,0.09
US-xSE,-76.56,38.8901,2018,11,21,9.35,-0.74,0.68,5.11,11.61,0
US-xSE,-76.56,38.8901,2018,11,22,1.35,-4.73,-7.26,5.28,10.11,0
US-xSE,-76.56,38.8901,2018,11,23,0.95,-5.2,-7.53,2.89,6.78,0
US-xSE,-76.56,38.8901,2018,11,24,9.48,-0.65,4.49,4.98,2.39,43.44
US-xSE,-76.56,38.8901,2018,11,25,13.91,2.76,5.46,4.07,10.71,0.03
US-xSE,-76.56,38.8901,2018,11,26,11.85,3.55,7.57,5.63,2.66,11.06
US-xSE,-76.56,38.8901,2018,11,27,5.21,0.78,-1.32,7.85,10.14,0
US-xSE,-76.56,38.8901,2018,11,28,2.8,-1.35,-3.81,9.79,10.74,0
US-xSE,-76.56,38.8901,2018,11,29,4.44,-1.61,-3.1,5.74,10.66,0
US-xSE,-76.56,38.8901,2018,11,30,7.34,0.33,0.23,2.23,4.77,0.08
US-xSE,-76.56,38.8901,2018,12,1,7.11,-0.84,2.89,3.31,1.92,5.34
US-xSE,-76.56,38.8901,2018,12,2,14.47,7.21,11.17,4.22,4.27,2.2
US-xSE,-76.56,38.8901,2018,12,3,12.53,4.42,6.9,4.91,9.74,0.04
US-xSE,-76.56,38.8901,2018,12,4,5.92,-0.6,-0.48,4.43,4.9,0
US-xSE,-76.56,38.8901,2018,12,5,1.73,-3.18,-3.03,3.45,6.21,0.02
US-xSE,-76.56,38.8901,2018,12,6,4.93,-2.3,-1.99,4.5,9.33,0
US-xSE,-76.56,38.8901,2018,12,7,4.49,-2.88,-2.41,4.19,10.45,0
US-xSE,-76.56,38.8901,2018,12,8,3.16,-3.07,-4.68,2.85,8.41,0
US-xSE,-76.56,38.8901,2018,12,9,0.73,-1.62,-3.28,3.72,2,1.23
US-xSE,-76.56,38.8901,2018,12,10,3.03,-2.69,-3.01,4.22,6.57,0.12
US-xSE,-76.56,38.8901,2018,12,11,4.45,-3.54,-2.75,3.36,9.98,0.84
US-xSE,-76.56,38.8901,2018,12,12,5.78,-1.13,-1.64,3.32,8.31,0
US-xSE,-76.56,38.8901,2018,12,13,8.81,0.88,2.63,3.3,7,0
US-xSE,-76.56,38.8901,2018,12,14,8.53,2.24,5.51,2,3.36,4.57
US-xSE,-76.56,38.8901,2018,12,15,10.76,6.65,8.46,6.03,2.01,37.38
US-xSE,-76.56,38.8901,2018,12,16,9.41,2.71,5.58,6.05,2.18,13.95
US-xSE,-76.56,38.8901,2018,12,17,10.04,1.2,1.93,5.82,7.64,0.01
US-xSE,-76.56,38.8901,2018,12,18,5.48,-0.1,-2.25,5.1,9.81,0
US-xSE,-76.56,38.8901,2018,12,19,6.9,-0.86,-0.49,2.89,8.31,0
US-xSE,-76.56,38.8901,2018,12,20,13.61,0.17,5.52,4.41,1.92,13.62
US-xSE,-76.56,38.8901,2018,12,21,15.57,10.58,12.75,7.01,6.44,11.53
US-xSE,-76.56,38.8901,2018,12,22,8.56,1.39,2.33,7.68,9.04,0.05
US-xSE,-76.56,38.8901,2018,12,23,7.97,-0.85,0.7,2.68,9.79,0.32
US-xSE,-76.56,38.8901,2018,12,24,6.34,0.24,0.74,5.08,9.58,0.2
US-xSE,-76.56,38.8901,2018,12,25,3.97,-1.9,-2.5,3.22,6.02,0
US-xSE,-76.56,38.8901,2018,12,26,6.21,-1.46,-1.71,2.55,9.84,0
US-xSE,-76.56,38.8901,2018,12,27,8.25,-1.12,1.77,3.62,8.86,0.4
US-xSE,-76.56,38.8901,2018,12,28,13.96,6.37,10.61,5.56,1.52,29.71
US-xSE,-76.56,38.8901,2018,12,29,10.17,1.94,4.82,4.78,9.61,0.2
US-xSE,-76.56,38.8901,2018,12,30,7.57,1.52,1.06,1.93,5.47,0
US-xSE,-76.56,38.8901,2018,12,31,10.13,1.79,5.28,3.72,2.29,10.93
US-xSE,-76.56,38.8901,2019,1,1,14.75,4.19,8.46,6.99,4.34,1.06
US-xSE,-76.56,38.8901,2019,1,2,7.02,2.69,2.82,2.86,3.83,0.03
US-xSE,-76.56,38.8901,2019,1,3,7.18,2.78,2.54,3.42,4.45,0.76
US-xSE,-76.56,38.8901,2019,1,4,7.35,-0.1,3.21,2.85,4.98,2.53
US-xSE,-76.56,38.8901,2019,1,5,9.09,4.79,5.54,5.32,4.6,2.86
US-xSE,-76.56,38.8901,2019,1,6,9.56,0.88,2.86,5.64,10.06,0
US-xSE,-76.56,38.8901,2019,1,7,2.18,-2.1,-2.84,3.76,3.78,0.08
US-xSE,-76.56,38.8901,2019,1,8,10.71,1.68,6.03,4.3,6.3,4.3
US-xSE,-76.56,38.8901,2019,1,9,9.2,-1.31,-0.05,9.04,5.18,0.14
US-xSE,-76.56,38.8901,2019,1,10,2.12,-2.61,-4.67,9.75,11.21,0
US-xSE,-76.56,38.8901,2019,1,11,1.51,-3.06,-5.66,5.57,11.16,0
US-xSE,-76.56,38.8901,2019,1,12,1.52,-2.24,-5.29,2.15,4.34,2.05
US-xSE,-76.56,38.8901,2019,1,13,-0.31,-2.21,-3.06,6,2.72,8.95
US-xSE,-76.56,38.8901,2019,1,14,0.64,-5.02,-5.36,4.19,8.75,0.2
US-xSE,-76.56,38.8901,2019,1,15,2.03,-5.71,-4.64,3.75,9.89,0
US-xSE,-76.56,38.8901,2019,1,16,3.31,-5.15,-2.83,3.99,7.61,0
US-xSE,-76.56,38.8901,2019,1,17,1.17,-1.73,-2.84,3.37,4.83,0.64
US-xSE,-76.56,38.8901,2019,1,18,2.99,-0.92,0.12,1.93,7.23,0.56
US-xSE,-76.56,38.8901,2019,1,19,7.22,-1.22,1.21,4.88,2.38,8.11
US-xSE,-76.56,38.8901,2019,1,20,7.62,-8.37,-1.08,10.12,7.28,15.98
US-xSE,-76.56,38.8901,2019,1,21,-7.61,-11.5,-13.58,10.85,12.82,0.01
US-xSE,-76.56,38.8901,2019,1,22,-0.67,-11.14,-9.45,3.57,12.07,0
US-xSE,-76.56,38.8901,2019,1,23,6.56,-2.3,1.1,6.32,7.85,0.39
US-xSE,-76.56,38.8901,2019,1,24,13.08,-1.52,5.14,8.88,3.67,24.53
US-xSE,-76.56,38.8901,2019,1,25,3.72,-3.1,-4.02,4.9,11.06,0
US-xSE,-76.56,38.8901,2019,1,26,2.55,-3.04,-5.52,2,10.06,0
US-xSE,-76.56,38.8901,2019,1,27,7.12,-1.79,-0.33,4.72,8.52,0
US-xSE,-76.56,38.8901,2019,1,28,1.07,-2.64,-5.02,3.5,9.71,0
US-xSE,-76.56,38.8901,2019,1,29,3.52,-3.08,-1.13,4.89,5.14,5.99
US-xSE,-76.56,38.8901,2019,1,30,1.49,-13.65,-10.64,8.22,11.32,0
US-xSE,-76.56,38.8901,2019,1,31,-5.92,-14.18,-14.85,4.14,13.98,0
US-xSE,-76.56,38.8901,2019,2,1,-5.63,-9.89,-10.11,2.9,3.85,1.6
US-xSE,-76.56,38.8901,2019,2,2,1.4,-9.18,-5.79,2.86,11.35,0
US-xSE,-76.56,38.8901,2019,2,3,7.4,-2.19,0.77,2.01,10.65,0
US-xSE,-76.56,38.8901,2019,2,4,10.82,-0.19,2.82,1.71,12.65,0.01
US-xSE,-76.56,38.8901,2019,2,5,16.75,1.64,6.61,3.05,12.74,0
US-xSE,-76.56,38.8901,2019,2,6,10.17,3.19,5.47,4.46,8.52,2.19
US-xSE,-76.56,38.8901,2019,2,7,9.46,3.73,5.69,2.87,5.9,0.7
US-xSE,-76.56,38.8901,2019,2,8,10.76,-0.54,3.52,7.2,10.73,0.17
US-xSE,-76.56,38.8901,2019,2,9,0.53,-3.82,-6.86,6.39,14.63,0
US-xSE,-76.56,38.8901,2019,2,10,2.37,-4.2,-5.08,1.97,12.32,1.92
US-xSE,-76.56,38.8901,2019,2,11,1,-0.78,-0.83,2.65,3.61,9.41
US-xSE,-76.56,38.8901,2019,2,12,2.62,-0.07,1.39,4.72,3.01,19.03
US-xSE,-76.56,38.8901,2019,2,13,5.82,-1.67,-0.73,5.7,14.09,1.77
US-xSE,-76.56,38.8901,2019,2,14,8.18,-2.06,-0.51,4.13,11.82,0
US-xSE,-76.56,38.8901,2019,2,15,14.51,3.52,6.67,6.42,10.13,0
US-xSE,-76.56,38.8901,2019,2,16,5.2,-1.53,-1.26,4.81,7.78,0.02
US-xSE,-76.56,38.8901,2019,2,17,3.49,-3.26,-2.13,3.27,7.39,5.02
US-xSE,-76.56,38.8901,2019,2,18,7.08,-0.54,0.62,6.63,11.23,6.84
US-xSE,-76.56,38.8901,2019,2,19,3.5,-3.2,-4.41,4.18,14.24,0.01
US-xSE,-76.56,38.8901,2019,2,20,1.09,-0.91,-1.49,3.63,2.54,17.2
US-xSE,-76.56,38.8901,2019,2,21,7.92,-0.02,1.75,3.29,12.76,3.4
US-xSE,-76.56,38.8901,2019,2,22,6.97,2.1,1.28,2.8,6.72,0.12
US-xSE,-76.56,38.8901,2019,2,23,4.47,0.35,1.52,3.79,3.81,6.62
US-xSE,-76.56,38.8901,2019,2,24,10.88,3.61,4.35,6.68,8.67,11.48
US-xSE,-76.56,38.8901,2019,2,25,5.23,-0.74,-2.77,10.13,18.5,0
US-xSE,-76.56,38.8901,2019,2,26,7.71,-1.89,-2.3,3.9,15.87,0
US-xSE,-76.56,38.8901,2019,2,27,3.91,-2.73,-1.56,3.98,7.87,0
US-xSE,-76.56,38.8901,2019,2,28,5.42,-0.04,-0.82,4.43,17.05,0.01
US-xSE,-76.56,38.8901,2019,3,1,3.1,-0.31,-0.1,4.55,3.55,15.41
US-xSE,-76.56,38.8901,2019,3,2,4.9,0.02,0.88,3.88,6.96,1.08
US-xSE,-76.56,38.8901,2019,3,3,4.9,-1.02,0.26,3.82,3.26,18.18
US-xSE,-76.56,38.8901,2019,3,4,2.61,-5.03,-2.64,6.49,14.4,1.48
US-xSE,-76.56,38.8901,2019,3,5,2.34,-6.01,-5.97,3.88,19.43,0
US-xSE,-76.56,38.8901,2019,3,6,-2.3,-6.25,-9.03,6.95,18.89,0
US-xSE,-76.56,38.8901,2019,3,7,2.58,-6.4,-5.73,3.96,16.63,0
US-xSE,-76.56,38.8901,2019,3,8,3.49,-2.03,-1.36,2.67,7,2.31
US-xSE,-76.56,38.8901,2019,3,9,6.95,-0.27,1.17,2.79,6.43,0.36
US-xSE,-76.56,38.8901,2019,3,10,14.24,1.98,7.19,4.26,10.39,14.34
US-xSE,-76.56,38.8901,2019,3,11,12.59,4.7,4,5.3,10.98,0
US-xSE,-76.56,38.8901,2019,3,12,7.86,0.33,-0.82,5.01,21.31,0
US-xSE,-76.56,38.8901,2019,3,13,9.83,-0.42,1.16,3.85,19.37,0
US-xSE,-76.56,38.8901,2019,3,14,17.13,4.28,8.75,5.54,18.25,0
US-xSE,-76.56,38.8901,2019,3,15,20.01,10.32,13.68,6.93,13.1,2
US-xSE,-76.56,38.8901,2019,3,16,9.8,1.57,1.48,7.42,21.03,0
US-xSE,-76.56,38.8901,2019,3,17,8.47,-1.13,-1.42,3.57,21.81,0
US-xSE,-76.56,38.8901,2019,3,18,6.27,0.97,0.15,2.73,10.8,0.01
US-xSE,-76.56,38.8901,2019,3,19,9.17,-1.62,-1.46,2.46,21.86,0
US-xSE,-76.56,38.8901,2019,3,20,9.31,-0.13,1.63,3.01,16.75,0.59
US-xSE,-76.56,38.8901,2019,3,21,10.43,4.99,7.62,4.56,5.17,41.09
US-xSE,-76.56,38.8901,2019,3,22,10.05,2.65,2.81,10.76,15.02,2.32
US-xSE,-76.56,38.8901,2019,3,23,9.15,-0.37,-1.35,8.45,23.62,0.01
US-xSE,-76.56,38.8901,2019,3,24,13.97,-1.24,3.05,4,21.89,0
US-xSE,-76.56,38.8901,2019,3,25,14.36,5.61,6.65,3.69,11.83,1.05
US-xSE,-76.56,38.8901,2019,3,26,8.28,0.28,-1.75,5.82,23.71,0.02
US-xSE,-76.56,38.8901,2019,3,27,9.9,-2.19,-1.66,3.51,23.3,0
US-xSE,-76.56,38.8901,2019,3,28,12.97,-0.92,3.42,4.58,23.07,0
US-xSE,-76.56,38.8901,2019,3,29,18.22,7.13,9.18,3.14,14.89,0.01
US-xSE,-76.56,38.8901,2019,3,30,18.89,8.42,11.51,5.49,17.5,0.02
US-xSE,-76.56,38.8901,2019,3,31,13.63,0.54,5.36,8.91,11.3,0.81
US-xSE,-76.56,38.8901,2019,4,1,8.17,-1.44,-3.7,5.41,25.32,0
US-xSE,-76.56,38.8901,2019,4,2,9.72,0.35,2.04,4.06,8.86,0.3
US-xSE,-76.56,38.8901,2019,4,3,17.1,1.71,4.75,5.91,24.61,0
US-xSE,-76.56,38.8901,2019,4,4,17.4,5.77,4.3,2.43,20.94,0
US-xSE,-76.56,38.8901,2019,4,5,9.94,6.56,5.97,4.93,7.23,1.6
US-xSE,-76.56,38.8901,2019,4,6,18.53,5.34,8.34,2.12,20.57,0.2
US-xSE,-76.56,38.8901,2019,4,7,18.88,8.31,10.35,4.11,19.65,0.11
US-xSE,-76.56,38.8901,2019,4,8,23.6,11.68,15.95,4.98,18.11,1.73
US-xSE,-76.56,38.8901,2019,4,9,22.55,11.54,14.1,4.06,13.95,3.17
US-xSE,-76.56,38.8901,2019,4,10,17.72,9.17,7.88,3.8,23.94,0
US-xSE,-76.56,38.8901,2019,4,11,15.81,6.46,6.65,5.04,18.08,0
US-xSE,-76.56,38.8901,2019,4,12,21.02,7.56,12.77,6.73,12.73,4.37
US-xSE,-76.56,38.8901,2019,4,13,23.3,14.04,15.16,3.1,11.57,5.74
US-xSE,-76.56,38.8901,2019,4,14,23.05,13.9,17,5.46,11.41,3.76
US-xSE,-76.56,38.8901,2019,4,15,19.94,6.34,7.9,9.89,23.29,14.04
US-xSE,-76.56,38.8901,2019,4,16,17.31,4.93,5.92,4.94,24.44,0
US-xSE,-76.56,38.8901,2019,4,17,17.33,9.8,9.81,4.45,21.48,0.01
US-xSE,-76.56,38.8901,2019,4,18,22.64,9.91,13.53,5.47,21.43,0
US-xSE,-76.56,38.8901,2019,4,19,21.93,15.74,17.41,8.46,8.62,10.85
US-xSE,-76.56,38.8901,2019,4,20,19.52,14.38,14.18,6.84,20.4,5.51
US-xSE,-76.56,38.8901,2019,4,21,19.05,10.22,9.8,2.45,24.62,0.08
US-xSE,-76.56,38.8901,2019,4,22,19.98,12.21,12.24,4.81,21.99,0
US-xSE,-76.56,38.8901,2019,4,23,23.58,11.03,13.25,3.8,25.85,0.01
US-xSE,-76.56,38.8901,2019,4,24,21.57,14.95,11.85,4.62,20.74,0.01
US-xSE,-76.56,38.8901,2019,4,25,21.11,12.98,12.83,2.94,14.45,0.52
US-xSE,-76.56,38.8901,2019,4,26,22.62,11.85,13.78,6.78,12.01,16.68
US-xSE,-76.56,38.8901,2019,4,27,18.56,10.73,6.53,7.94,28.01,0.25
US-xSE,-76.56,38.8901,2019,4,28,21.58,7.81,9.84,4.87,16.94,0.28
US-xSE,-76.56,38.8901,2019,4,29,16.77,5.1,6.88,4.31,14.03,0.14
US-xSE,-76.56,38.8901,2019,4,30,24.24,11.7,14.65,3.91,23.43,0.13
US-xSE,-76.56,38.8901,2019,5,1,21.41,12.3,15.03,4.32,15.62,0.04
US-xSE,-76.56,38.8901,2019,5,2,26.96,15.82,18.27,2.41,24.31,10
US-xSE,-76.56,38.8901,2019,5,3,24.66,15.88,17.93,2.69,24.32,1.09
US-xSE,-76.56,38.8901,2019,5,4,24.74,18.06,18.58,1.83,16.83,3.71
US-xSE,-76.56,38.8901,2019,5,5,19.43,12.14,15.39,4.63,8.22,25.67
US-xSE,-76.56,38.8901,2019,5,6,22.98,12.04,13.65,2.97,23.32,0.03
US-xSE,-76.56,38.8901,2019,5,7,24.53,13.45,15.86,4.05,25.58,0.1
US-xSE,-76.56,38.8901,2019,5,8,22.31,14.75,16.34,3.47,18.25,0.64
US-xSE,-76.56,38.8901,2019,5,9,23.62,14.74,15.66,5.37,18,0.27
US-xSE,-76.56,38.8901,2019,5,10,24.74,17.55,18.1,5.63,19.83,5.96
US-xSE,-76.56,38.8901,2019,5,11,21.18,14.67,13.84,4,13.34,8.71
US-xSE,-76.56,38.8901,2019,5,12,15.68,9.17,11.65,7.03,5.67,23.53
US-xSE,-76.56,38.8901,2019,5,13,14.45,8.99,9.17,3.71,10.87,12.28
US-xSE,-76.56,38.8901,2019,5,14,15.57,8.68,8.1,4.96,18.42,0.25
US-xSE,-76.56,38.8901,2019,5,15,21.16,7.43,9.75,4.39,28.39,0.01
US-xSE,-76.56,38.8901,2019,5,16,22.22,11.74,12.65,3.38,23.77,0.46
US-xSE,-76.56,38.8901,2019,5,17,25.5,14.27,17.07,3.99,19.62,0.08
US-xSE,-76.56,38.8901,2019,5,18,25.4,17.17,17.46,2.98,23.37,1.11
US-xSE,-76.56,38.8901,2019,5,19,27.9,15.92,19.96,5.14,27.11,1.56
US-xSE,-76.56,38.8901,2019,5,20,28.54,19.39,20.23,5.51,25.17,0.69
US-xSE,-76.56,38.8901,2019,5,21,20.55,13.55,10.69,5.46,29.27,0
US-xSE,-76.56,38.8901,2019,5,22,22.19,10.71,10.33,2.69,22.39,0.02
US-xSE,-76.56,38.8901,2019,5,23,26.19,15.8,17.93,4.59,21.01,6.51
US-xSE,-76.56,38.8901,2019,5,24,25.13,18.65,16.43,5.79,29.04,0.06
US-xSE,-76.56,38.8901,2019,5,25,24.55,15.82,16.49,4.71,26.18,1.13
US-xSE,-76.56,38.8901,2019,5,26,28.71,19.52,20.79,3.59,24.51,4.32
US-xSE,-76.56,38.8901,2019,5,27,26.35,19.01,17.53,3.4,26,1.43
US-xSE,-76.56,38.8901,2019,5,28,28.41,19.54,21.72,4.82,21.52,6.51
US-xSE,-76.56,38.8901,2019,5,29,29.75,21.92,22.55,3.77,24.86,3.05
US-xSE,-76.56,38.8901,2019,5,30,28.17,20.81,20.73,3.15,24.38,9.53
US-xSE,-76.56,38.8901,2019,5,31,27.09,19.96,18.49,3.05,27.13,0.07
US-xSE,-76.56,38.8901,2019,6,1,26.95,19.56,17.41,2.05,21.26,0.21
US-xSE,-76.56,38.8901,2019,6,2,26.3,18.76,18.4,3.34,23.43,4.48
US-xSE,-76.56,38.8901,2019,6,3,22.34,13.42,11.41,4.58,30.13,0.51
US-xSE,-76.56,38.8901,2019,6,4,22.35,10.78,10.35,3.47,29.81,0
US-xSE,-76.56,38.8901,2019,6,5,25.65,16.91,19.18,4.87,16.6,4.41
US-xSE,-76.56,38.8901,2019,6,6,28.81,21.15,21.12,3.31,23.37,1.35
US-xSE,-76.56,38.8901,2019,6,7,25.55,19.24,20.04,3.28,11.23,0.04
US-xSE,-76.56,38.8901,2019,6,8,25.64,17.53,16.68,4.83,21.95,0.07
US-xSE,-76.56,38.8901,2019,6,9,24.26,17.13,17.38,7.45,9.44,5.55
US-xSE,-76.56,38.8901,2019,6,10,27.05,18.13,21.01,4.37,13.86,14.81
US-xSE,-76.56,38.8901,2019,6,11,24.45,16.84,14.58,6.44,30.24,3.29
US-xSE,-76.56,38.8901,2019,6,12,23.07,15.76,14.54,4.57,24.37,2.65
US-xSE,-76.56,38.8901,2019,6,13,24.68,17.1,18.14,4.68,18.68,23.51
US-xSE,-76.56,38.8901,2019,6,14,22.48,14.4,11.99,6.27,30.59,0
US-xSE,-76.56,38.8901,2019,6,15,25.82,13.71,15.49,5.04,29.13,0
US-xSE,-76.56,38.8901,2019,6,16,28.11,17.83,19.56,5.11,22.85,0.61
US-xSE,-76.56,38.8901,2019,6,17,29.33,21.6,21.58,1.81,24.39,5.88
US-xSE,-76.56,38.8901,2019,6,18,28.18,21.88,22.21,2.62,18.27,26.44
US-xSE,-76.56,38.8901,2019,6,19,27.84,21.56,21.79,2.6,21.72,5.78
US-xSE,-76.56,38.8901,2019,6,20,29.3,23.16,23.32,4.24,24.92,11.25
US-xSE,-76.56,38.8901,2019,6,21,26.12,19.63,18.46,7.21,24.89,0.5
US-xSE,-76.56,38.8901,2019,6,22,25.82,17.76,15.34,4.23,29.07,0
US-xSE,-76.56,38.8901,2019,6,23,26.71,15.52,14.41,2.95,30.26,0
US-xSE,-76.56,38.8901,2019,6,24,28.28,18.25,20.58,3.25,25.47,0.2
US-xSE,-76.56,38.8901,2019,6,25,28.69,22.75,21.88,3.91,23.81,3.07
US-xSE,-76.56,38.8901,2019,6,26,30.29,19.99,20.38,3.16,29.49,0
US-xSE,-76.56,38.8901,2019,6,27,31.91,21.91,20.08,2.16,29.13,0.11
US-xSE,-76.56,38.8901,2019,6,28,32.62,21.39,20.66,1.9,27.14,0.59
US-xSE,-76.56,38.8901,2019,6,29,32.3,22.79,22.08,3.34,24.38,4.44
US-xSE,-76.56,38.8901,2019,6,30,30.58,21.53,20.34,5.16,28.95,0.47
US-xSE,-76.56,38.8901,2019,7,1,28.54,18.09,15.35,2.44,30.2,0
US-xSE,-76.56,38.8901,2019,7,2,32.49,18.28,19.33,3.61,28.37,2.7
US-xSE,-76.56,38.8901,2019,7,3,31.38,22.66,22.44,2.32,27.69,2.82
US-xSE,-76.56,38.8901,2019,7,4,31.77,24.83,23.14,1.96,16.17,5.22
US-xSE,-76.56,38.8901,2019,7,5,31.77,23.81,23.46,2.75,25.76,2.1
US-xSE,-76.56,38.8901,2019,7,6,31.41,24.25,23.99,2.81,24.05,11.05
US-xSE,-76.56,38.8901,2019,7,7,30.94,23.83,23.18,2.17,19.11,2.72
US-xSE,-76.56,38.8901,2019,7,8,24.47,20.2,20.18,5.52,12.54,25.04
US-xSE,-76.56,38.8901,2019,7,9,30.01,19.94,19.32,1.73,27.59,0.02
US-xSE,-76.56,38.8901,2019,7,10,30.07,20.19,19.61,3.47,27.59,0.01
US-xSE,-76.56,38.8901,2019,7,11,31.99,22.16,22.75,3.45,22.69,21.71
US-xSE,-76.56,38.8901,2019,7,12,30.72,22.52,21.69,4.02,27.35,0.15
US-xSE,-76.56,38.8901,2019,7,13,30.1,20.36,19.11,3.1,29.26,0
US-xSE,-76.56,38.8901,2019,7,14,31.62,21.25,21.64,3.52,27.59,0
US-xSE,-76.56,38.8901,2019,7,15,30.66,20.68,16.88,2.27,28.63,0
US-xSE,-76.56,38.8901,2019,7,16,33.59,22.52,20.03,2.33,26.27,0.05
US-xSE,-76.56,38.8901,2019,7,17,34.55,24.71,23.07,3.19,26.75,11.97
US-xSE,-76.56,38.8901,2019,7,18,32.49,24.75,23.58,2.48,24.61,3.23
US-xSE,-76.56,38.8901,2019,7,19,34.52,23.94,22.36,2.78,27.24,0.1
US-xSE,-76.56,38.8901,2019,7,20,35.4,25.96,23.21,2.93,26.51,0.04
US-xSE,-76.56,38.8901,2019,7,21,35.68,26.02,22.66,3.29,27.15,0.22
US-xSE,-76.56,38.8901,2019,7,22,34.67,25.12,23.39,3.76,25.16,4.25
US-xSE,-76.56,38.8901,2019,7,23,25.15,20.9,19.99,3.46,7.84,12.47
US-xSE,-76.56,38.8901,2019,7,24,29.54,19.66,17.3,3.16,26.65,0.47
US-xSE,-76.56,38.8901,2019,7,25,30.63,18.88,16.62,2.82,26.52,0.29
US-xSE,-76.56,38.8901,2019,7,26,31.61,21.29,16.21,1.88,26.1,0
US-xSE,-76.56,38.8901,2019,7,27,32.43,20.46,16.75,2.17,26.65,0
US-xSE,-76.56,38.8901,2019,7,28,33.5,21.34,17.88,3.32,26.7,0.04
US-xSE,-76.56,38.8901,2019,7,29,34.49,22.58,19.05,3.24,26.23,0.07
US-xSE,-76.56,38.8901,2019,7,30,34.9,23.1,18.59,4.12,27.06,0.02
US-xSE,-76.56,38.8901,2019,7,31,30.34,22.67,19.93,1.81,19.1,8.69
US-xSE,-76.56,38.8901,2019,8,1,32.47,22.21,19.28,1.66,25.76,5.2
US-xSE,-76.56,38.8901,2019,8,2,28.92,22.39,20.84,2.6,16.07,5.95
US-xSE,-76.56,38.8901,2019,8,3,32.25,22.2,20.18,1.99,24.86,2.45
US-xSE,-76.56,38.8901,2019,8,4,32.49,22.47,19.84,2.04,24.21,1.81
US-xSE,-76.56,38.8901,2019,8,5,31.99,23.56,19.24,1.68,13.92,0.74
US-xSE,-76.56,38.8901,2019,8,6,32.8,22.72,19.28,2.24,25.77,1.48
US-xSE,-76.56,38.8901,2019,8,7,33.09,23.15,21.7,3.46,20.47,13.61
US-xSE,-76.56,38.8901,2019,8,8,32.41,21.81,17.84,3.2,25.96,0.33
US-xSE,-76.56,38.8901,2019,8,9,32.24,22.52,17.42,3.61,23.17,0.06
US-xSE,-76.56,38.8901,2019,8,10,28.56,19.19,13.42,3.71,20.65,0
US-xSE,-76.56,38.8901,2019,8,11,29.99,18.93,12.81,2.26,26.93,0
US-xSE,-76.56,38.8901,2019,8,12,32.32,19.71,16.28,3.49,25.31,0
US-xSE,-76.56,38.8901,2019,8,13,29.77,24.28,21.9,3.47,10.75,6.68
US-xSE,-76.56,38.8901,2019,8,14,31.26,23.72,23.03,1.86,20.01,4.11
US-xSE,-76.56,38.8901,2019,8,15,31.21,22.64,21.07,3.6,19.11,1.28
US-xSE,-76.56,38.8901,2019,8,16,32.47,22.06,21.75,2.58,19.68,0.23
US-xSE,-76.56,38.8901,2019,8,17,33.99,23.83,21.92,1.74,21.11,1.6
US-xSE,-76.56,38.8901,2019,8,18,34.54,23.84,21.77,2.42,23.72,1.22
US-xSE,-76.56,38.8901,2019,8,19,35.7,24.21,21.53,2.23,22.14,1.7
US-xSE,-76.56,38.8901,2019,8,20,34.37,24.62,21.83,2.7,21.93,1.54
US-xSE,-76.56,38.8901,2019,8,21,33.84,24.64,22.6,4.16,20.63,3.61
US-xSE,-76.56,38.8901,2019,8,22,34.39,23.86,21.43,3.45,22.95,7.16
US-xSE,-76.56,38.8901,2019,8,23,26.45,20.4,20.27,4.02,6.96,15.64
US-xSE,-76.56,38.8901,2019,8,24,26.96,17.96,14.19,3.73,21.33,0.07
US-xSE,-76.56,38.8901,2019,8,25,26.4,17.23,14.9,5.19,20.11,0.16
US-xSE,-76.56,38.8901,2019,8,26,26.38,17.5,15.94,4.71,14.21,0.13
US-xSE,-76.56,38.8901,2019,8,27,28.94,18.89,18.17,3.14,14.33,0.03
US-xSE,-76.56,38.8901,2019,8,28,29.3,20.19,20.03,2.53,13.1,0.89
US-xSE,-76.56,38.8901,2019,8,29,29.45,18.66,14.21,3.86,24.98,0
US-xSE,-76.56,38.8901,2019,8,30,31.86,17.26,14.99,3.26,23.78,0
US-xSE,-76.56,38.8901,2019,8,31,31.85,20.68,18.49,2.92,22.84,0
US-xSE,-76.56,38.8901,2019,9,1,30.76,20.02,17.34,4.2,16.11,0.01
US-xSE,-76.56,38.8901,2019,9,2,31.76,20.91,19.92,3.01,21.81,3.83
US-xSE,-76.56,38.8901,2019,9,3,31.15,20.47,18.29,2.81,23.04,3.43
US-xSE,-76.56,38.8901,2019,9,4,33.85,21.69,20.55,4.24,21.26,0.43
US-xSE,-76.56,38.8901,2019,9,5,25.23,20.57,17.94,4.94,10.09,1.47
US-xSE,-76.56,38.8901,2019,9,6,23.07,16.28,17.01,6.1,4.49,4.12
US-xSE,-76.56,38.8901,2019,9,7,28.74,16.02,14.03,3.33,21.99,0
US-xSE,-76.56,38.8901,2019,9,8,29.33,17.66,14.55,2.03,19.34,0.02
US-xSE,-76.56,38.8901,2019,9,9,30.42,20.2,14.95,1.71,14.84,0.04
US-xSE,-76.56,38.8901,2019,9,10,30.68,18.88,17.48,3.36,21.03,0.11
US-xSE,-76.56,38.8901,2019,9,11,34.08,20.93,20.05,3.67,21.01,0.08
US-xSE,-76.56,38.8901,2019,9,12,34.42,22.47,20.44,3.67,20.62,0.02
US-xSE,-76.56,38.8901,2019,9,13,24.79,18.57,14.79,6.56,6.59,0.07
US-xSE,-76.56,38.8901,2019,9,14,29.64,17.57,17.24,3.92,12.12,0
US-xSE,-76.56,38.8901,2019,9,15,31.06,22.18,17.09,2.07,17.28,0.08
US-xSE,-76.56,38.8901,2019,9,16,32.55,20.55,14.61,1.52,19.77,0.01
US-xSE,-76.56,38.8901,2019,9,17,28.24,17.58,15.01,3.79,13.47,0.08
US-xSE,-76.56,38.8901,2019,9,18,25.7,15.99,11.54,3.41,19.55,0
US-xSE,-76.56,38.8901,2019,9,19,23.73,13.28,8.42,3.17,21.4,0
US-xSE,-76.56,38.8901,2019,9,20,26.39,13.13,11.02,3.17,21.51,0.07
US-xSE,-76.56,38.8901,2019,9,21,30.4,14.44,14.19,2.38,20.39,0.29
US-xSE,-76.56,38.8901,2019,9,22,32.08,19.22,18.67,3.48,18.71,0.09
US-xSE,-76.56,38.8901,2019,9,23,32.88,21.24,17.37,3.95,18.26,0.02
US-xSE,-76.56,38.8901,2019,9,24,27.95,18.52,13.25,4.51,20.14,0.05
US-xSE,-76.56,38.8901,2019,9,25,27.92,15.37,10.92,3.06,20.25,0.03
US-xSE,-76.56,38.8901,2019,9,26,32.28,18.17,16.95,3.63,17.44,0.11
US-xSE,-76.56,38.8901,2019,9,27,28.21,16.6,13.61,2.93,18.95,0.01
US-xSE,-76.56,38.8901,2019,9,28,31.63,18.9,19.7,3.36,10.45,0.08
US-xSE,-76.56,38.8901,2019,9,29,30.58,21.69,18.52,3.45,17.68,0.02
US-xSE,-76.56,38.8901,2019,9,30,26.32,19.63,14.87,3.7,5.98,0.22
US-xSE,-76.56,38.8901,2019,10,1,30.69,18.94,16.76,3.59,17.82,0.01
US-xSE,-76.56,38.8901,2019,10,2,34.72,21.82,17.5,4.07,16.82,0.04
US-xSE,-76.56,38.8901,2019,10,3,28.2,20.52,18.45,4.29,8.21,0.12
US-xSE,-76.56,38.8901,2019,10,4,24.87,12.95,11.37,6.12,18.37,0.04
US-xSE,-76.56,38.8901,2019,10,5,20.43,9.74,7.08,5,15.81,0.02
US-xSE,-76.56,38.8901,2019,10,6,23.98,14.11,14.87,5.59,3.99,0.08
US-xSE,-76.56,38.8901,2019,10,7,27.86,19.17,16.38,4.94,13.87,0.02
US-xSE,-76.56,38.8901,2019,10,8,21.84,15.63,10.56,6.84,5.23,0.06
US-xSE,-76.56,38.8901,2019,10,9,21.33,13.18,9.36,5.87,10.14,0.06
US-xSE,-76.56,38.8901,2019,10,10,25.06,12.87,9.25,4.26,17.28,0.02
US-xSE,-76.56,38.8901,2019,10,11,23.24,11.81,7.46,3.9,17.15,0.03
US-xSE,-76.56,38.8901,2019,10,12,24.75,12.55,10.47,2.1,13.09,0.04
US-xSE,-76.56,38.8901,2019,10,13,18.7,13.46,8.98,2.64,8.3,0.09
US-xSE,-76.56,38.8901,2019,10,14,24.41,11.84,8.79,2.78,17.38,0.02
US-xSE,-76.56,38.8901,2019,10,15,22.26,9.94,7.54,3.09,16.09,0.03
US-xSE,-76.56,38.8901,2019,10,16,20.74,11.47,12.4,7.33,3.25,0.09
US-xSE,-76.56,38.8901,2019,10,17,17.08,10.87,4.02,10.38,12.05,0.02
US-xSE,-76.56,38.8901,2019,10,18,18.43,8.8,3.17,5.71,16.77,0.04
US-xSE,-76.56,38.8901,2019,10,19,18.46,6.2,4.88,2.52,14.51,0.02
US-xSE,-76.56,38.8901,2019,10,20,15.4,12.03,11.16,6.69,2.26,0.1
US-xSE,-76.56,38.8901,2019,10,21,21.75,10.26,10.44,3.7,14.36,0.02
US-xSE,-76.56,38.8901,2019,10,22,21.76,13.85,14.81,4.86,4.71,12.02
US-xSE,-76.56,38.8901,2019,10,23,19.93,9.77,6.46,4.75,16.02,0.02
US-xSE,-76.56,38.8901,2019,10,24,21.3,8.76,5.12,2.81,15.82,0
US-xSE,-76.56,38.8901,2019,10,25,20.8,10.83,10.01,2.7,8.37,0.01
US-xSE,-76.56,38.8901,2019,10,26,19.23,11.98,10.35,3.82,6.93,0.61
US-xSE,-76.56,38.8901,2019,10,27,25.36,14.24,15.78,7.1,8.25,24.87
US-xSE,-76.56,38.8901,2019,10,28,20.84,9.95,10.84,3.53,14.93,0.01
US-xSE,-76.56,38.8901,2019,10,29,20.27,13.44,11.52,1.68,10.51,0.02
US-xSE,-76.56,38.8901,2019,10,30,19.04,12.18,13.14,2.22,5.83,4.85
US-xSE,-76.56,38.8901,2019,10,31,23.64,11.85,18.52,8.81,4.89,23.31
US-xSE,-76.56,38.8901,2019,11,1,12.45,4.33,0.31,7.29,14.44,0.07
US-xSE,-76.56,38.8901,2019,11,2,13,1.69,0.31,2.64,14.34,0
US-xSE,-76.56,38.8901,2019,11,3,12.69,3.82,-0.23,4.15,14.32,0
US-xSE,-76.56,38.8901,2019,11,4,15.99,2.7,1.62,4.28,13.18,0
US-xSE,-76.56,38.8901,2019,11,5,18.24,6.78,7.03,3.62,9.98,0.35
US-xSE,-76.56,38.8901,2019,11,6,14.83,4.74,2.14,3.34,13.71,0.02
US-xSE,-76.56,38.8901,2019,11,7,16.95,6.34,6.83,4.99,6.58,1.68
US-xSE,-76.56,38.8901,2019,11,8,7.27,0.58,-3.13,6.25,11.66,0.01
US-xSE,-76.56,38.8901,2019,11,9,6.42,-2.65,-6.3,2.89,12.19,0
US-xSE,-76.56,38.8901,2019,11,10,14.43,1.34,1.94,3.84,10.48,0
US-xSE,-76.56,38.8901,2019,11,11,17.8,4.7,6.76,3.89,10.89,0.01
US-xSE,-76.56,38.8901,2019,11,12,12.38,-0.6,-0.06,7.04,2.07,5.11
US-xSE,-76.56,38.8901,2019,11,13,3.26,-3.95,-9.04,3.79,12.92,0
US-xSE,-76.56,38.8901,2019,11,14,7.43,-2.48,-4.59,3.61,7.76,0.15
US-xSE,-76.56,38.8901,2019,11,15,11.31,2.59,-0.8,2.64,9.05,0.19
US-xSE,-76.56,38.8901,2019,11,16,7.32,0.82,-4.39,7,10.63,0.01
US-xSE,-76.56,38.8901,2019,11,17,6.48,0.02,-0.91,6.87,6.89,0.07
US-xSE,-76.56,38.8901,2019,11,18,9,3.73,2.67,3.37,6.45,1.93
US-xSE,-76.56,38.8901,2019,11,19,11.53,4.09,4.42,2.03,9.71,0.27
US-xSE,-76.56,38.8901,2019,11,20,11.61,4.48,3.04,4.87,7.99,0
US-xSE,-76.56,38.8901,2019,11,21,12.06,1.35,1.94,3.68,9.46,0
US-xSE,-76.56,38.8901,2019,11,22,12.1,2.35,4.62,5.39,3.3,2.49
US-xSE,-76.56,38.8901,2019,11,23,7.02,-0.49,-0.79,2.95,5.62,6.7
US-xSE,-76.56,38.8901,2019,11,24,10.12,2.72,2.74,6.75,7.35,11.41
US-xSE,-76.56,38.8901,2019,11,25,13.09,1.18,2.9,3.3,11.06,0
US-xSE,-76.56,38.8901,2019,11,26,15.52,2.41,5.54,3.23,10.97,0
US-xSE,-76.56,38.8901,2019,11,27,14.29,6.83,8.53,6.46,4.4,0.05
US-xSE,-76.56,38.8901,2019,11,28,10.47,4.28,0.06,9.25,8.06,0
US-xSE,-76.56,38.8901,2019,11,29,8.77,1.03,-2.35,4.65,10.24,0
US-xSE,-76.56,38.8901,2019,11,30,6,-0.81,-3.58,2.38,4.63,0
US-xSE,-76.56,38.8901,2019,12,1,9.11,3.18,3.95,4.09,0.96,14.11
US-xSE,-76.56,38.8901,2019,12,2,6.06,2.22,1.45,5.97,4.25,1.06
US-xSE,-76.56,38.8901,2019,12,3,7.68,0.68,-1.71,6.5,10.34,0.15
US-xSE,-76.56,38.8901,2019,12,4,7.47,-0.51,0.31,3.5,7.58,0.51
US-xSE,-76.56,38.8901,2019,12,5,7.54,1.2,-1.15,5.91,7.76,0.03
US-xSE,-76.56,38.8901,2019,12,6,9.72,-0.07,1.53,4.69,5.44,0.01
US-xSE,-76.56,38.8901,2019,12,7,6.15,-1.36,-3,3.53,9.88,0
US-xSE,-76.56,38.8901,2019,12,8,8.17,-2.59,-1.3,3.76,8.94,0.79
US-xSE,-76.56,38.8901,2019,12,9,11.61,5.78,7.95,4.47,2.67,16.93
US-xSE,-76.56,38.8901,2019,12,10,14.67,4.05,10.18,6.2,2.2,6.6
US-xSE,-76.56,38.8901,2019,12,11,4.16,-1.71,-3.65,5.56,10,3.15
US-xSE,-76.56,38.8901,2019,12,12,3.58,-3.91,-5.83,3.22,10.16,0
US-xSE,-76.56,38.8901,2019,12,13,8.16,-1,4.03,3.15,2.26,13.42
US-xSE,-76.56,38.8901,2019,12,14,9.76,4.14,5.55,4.74,3.72,6.2
US-xSE,-76.56,38.8901,2019,12,15,10.11,1.24,0.58,5.89,9.42,0
US-xSE,-76.56,38.8901,2019,12,16,2.79,0.6,-0.09,3.2,1.82,8.9
US-xSE,-76.56,38.8901,2019,12,17,9.51,1.44,3.18,4.22,2.49,5.97
US-xSE,-76.56,38.8901,2019,12,18,3.37,-4.28,-4.77,7.49,9.81,0.27
US-xSE,-76.56,38.8901,2019,12,19,-0.66,-6.28,-9.85,5.28,10.47,0.02
US-xSE,-76.56,38.8901,2019,12,20,2.9,-2.41,-5.65,2.73,9.75,0
US-xSE,-76.56,38.8901,2019,12,21,2.11,-2.32,-4.07,1.25,5.32,0
US-xSE,-76.56,38.8901,2019,12,22,6.48,-1.91,-0.54,2.55,8.55,0
US-xSE,-76.56,38.8901,2019,12,23,8.19,-0.47,1.9,2.35,7.19,0
US-xSE,-76.56,38.8901,2019,12,24,8.18,-0.68,0.74,4.07,9.19,0
US-xSE,-76.56,38.8901,2019,12,25,8.11,-1.85,0.88,2.13,8.11,0
US-xSE,-76.56,38.8901,2019,12,26,8.16,1.31,3.5,2.15,8.43,0
US-xSE,-76.56,38.8901,2019,12,27,9.88,3.94,6.71,2.85,6.87,0
US-xSE,-76.56,38.8901,2019,12,28,13.78,4.99,5.63,2.94,8.61,0
US-xSE,-76.56,38.8901,2019,12,29,8.9,4.34,6.61,3.71,2.41,13.01
US-xSE,-76.56,38.8901,2019,12,30,17.23,5.9,11.23,4.46,4.27,3.91
US-xSE,-76.56,38.8901,2019,12,31,9.97,2.73,3.31,3.34,6.56,0.34
US-xSE,-76.56,38.8901,2020,1,1,7.76,0.42,-1.73,4.71,10.41,0
US-xSE,-76.56,38.8901,2020,1,2,8.74,-0.88,2.17,3.51,8.06,0.01
US-xSE,-76.56,38.8901,2020,1,3,12.42,6.67,7.81,3.57,4.06,6.42
US-xSE,-76.56,38.8901,2020,1,4,14.3,5.69,9.04,4.08,2.5,8.26
US-xSE,-76.56,38.8901,2020,1,5,5.3,0.43,-2.4,7.11,7.18,0.04
US-xSE,-76.56,38.8901,2020,1,6,9.53,-0.61,-0.99,4.58,9.92,0
US-xSE,-76.56,38.8901,2020,1,7,7.01,-1.48,-0.92,3.83,3.87,8.06
US-xSE,-76.56,38.8901,2020,1,8,6.22,-2.9,-2.95,6.96,9.96,0.15
US-xSE,-76.56,38.8901,2020,1,9,1.82,-4.14,-5.87,3.35,10.32,0
US-xSE,-76.56,38.8901,2020,1,10,9.67,0.3,5.15,4.29,5.18,0
US-xSE,-76.56,38.8901,2020,1,11,17.48,8,11.71,7.07,5.07,0.14
US-xSE,-76.56,38.8901,2020,1,12,18.05,5.61,9.79,6.76,8.85,3.79
US-xSE,-76.56,38.8901,2020,1,13,8.8,4.48,5.86,2.37,3.33,0.98
US-xSE,-76.56,38.8901,2020,1,14,8.43,4.23,5.9,2.33,2.12,1.5
US-xSE,-76.56,38.8901,2020,1,15,12.62,4.3,5.13,3.32,9.13,0.04
US-xSE,-76.56,38.8901,2020,1,16,9.78,1.52,1.76,9.05,10.47,0.03
US-xSE,-76.56,38.8901,2020,1,17,1.56,-3.98,-7.38,6.63,11.95,0.01
US-xSE,-76.56,38.8901,2020,1,18,4.47,-2.91,-4.06,5.29,2.08,4.09
US-xSE,-76.56,38.8901,2020,1,19,5.02,-3.57,-2.3,8.2,10.28,0.26
US-xSE,-76.56,38.8901,2020,1,20,0.39,-4.4,-8.04,6.55,12.2,0
US-xSE,-76.56,38.8901,2020,1,21,1.18,-5.19,-7.45,4.9,12.39,0
US-xSE,-76.56,38.8901,2020,1,22,2.87,-4.85,-5.58,2.32,12.19,0
US-xSE,-76.56,38.8901,2020,1,23,3.78,-2.7,-2.62,1.73,6.46,0
US-xSE,-76.56,38.8901,2020,1,24,9.49,-0.15,3.16,4.94,7.58,0.21
US-xSE,-76.56,38.8901,2020,1,25,12.01,2.03,6.07,6.15,6.02,31.11
US-xSE,-76.56,38.8901,2020,1,26,8.23,-0.53,0.18,4.58,8.98,0.72
US-xSE,-76.56,38.8901,2020,1,27,8.33,-0.52,0.07,4.85,8.8,0.03
US-xSE,-76.56,38.8901,2020,1,28,7.2,-0.82,-0.52,5.38,5.02,0
US-xSE,-76.56,38.8901,2020,1,29,6.19,-1.74,-2.06,4.27,9.35,0
US-xSE,-76.56,38.8901,2020,1,30,2.58,-3.51,-4.32,3.2,9.22,0
US-xSE,-76.56,38.8901,2020,1,31,7.19,-1.95,0.28,1.94,7.25,0.43
US-xSE,-76.56,38.8901,2020,2,1,8.59,0.71,2.61,1.88,11.1,1.77
US-xSE,-76.56,38.8901,2020,2,2,7.93,0.01,1.57,4.9,8.88,0.25
US-xSE,-76.56,38.8901,2020,2,3,15.85,3.76,6.06,3.95,10.26,0
US-xSE,-76.56,38.8901,2020,2,4,16.09,8.66,9.88,3.66,6.37,0.5
US-xSE,-76.56,38.8901,2020,2,5,11,3.57,3.44,4.65,2.23,3.79
US-xSE,-76.56,38.8901,2020,2,6,11.54,3.81,6.85,3.04,2.65,13.73
US-xSE,-76.56,38.8901,2020,2,7,12.84,0.71,3.45,9.12,7.81,10.46
US-xSE,-76.56,38.8901,2020,2,8,5.8,-1.85,-2.93,4.39,13.93,0.01
US-xSE,-76.56,38.8901,2020,2,9,8.13,-1.26,0.19,3.41,14.02,0.01
US-xSE,-76.56,38.8901,2020,2,10,9.4,4.14,5.21,5.78,4.33,5.4
US-xSE,-76.56,38.8901,2020,2,11,10.79,6.19,8.24,3.58,3.75,10
US-xSE,-76.56,38.8901,2020,2,12,9.1,2.7,0.91,3.81,9.76,1.45
US-xSE,-76.56,38.8901,2020,2,13,14.86,4.13,6.56,6.56,2.51,5.5
US-xSE,-76.56,38.8901,2020,2,14,3.61,-4.8,-5.03,6.87,14.36,0
US-xSE,-76.56,38.8901,2020,2,15,0.86,-6.42,-8.56,3.43,14.96,0
US-xSE,-76.56,38.8901,2020,2,16,7.53,-0.72,0.06,3.46,10.39,0
US-xSE,-76.56,38.8901,2020,2,17,10.13,0.19,0.73,3.37,15.09,0
US-xSE,-76.56,38.8901,2020,2,18,13.26,1.78,5.91,3.82,12.3,0.11
US-xSE,-76.56,38.8901,2020,2,19,9.67,0.35,0.37,5.39,10.1,0.21
US-xSE,-76.56,38.8901,2020,2,20,2.76,-1.71,-3.78,3.38,5.87,0.06
US-xSE,-76.56,38.8901,2020,2,21,2,-4.64,-7.96,4.63,17.59,0
US-xSE,-76.56,38.8901,2020,2,22,8.99,-2.81,-3.83,4.45,17.5,0
US-xSE,-76.56,38.8901,2020,2,23,11.87,-0.56,-0.61,2.91,17.35,0
US-xSE,-76.56,38.8901,2020,2,24,11.24,1.42,4.75,3.05,8.79,0.01
US-xSE,-76.56,38.8901,2020,2,25,11.69,5.91,8.02,2.4,4.14,5.07
US-xSE,-76.56,38.8901,2020,2,26,10.82,5.99,7.53,3.84,4.58,4.88
US-xSE,-76.56,38.8901,2020,2,27,8.4,-0.56,-3.44,10.46,18.48,0.66
US-xSE,-76.56,38.8901,2020,2,28,6.54,-2.01,-2.91,5.91,13.61,0.07
US-xSE,-76.56,38.8901,2020,2,29,1.61,-2.68,-5.95,6.71,16.03,0
US-xSE,-76.56,38.8901,2020,3,1,7.64,-3.35,-3.93,4.12,18.78,0
US-xSE,-76.56,38.8901,2020,3,2,15.45,1.75,4.65,6.08,15.55,1.17
US-xSE,-76.56,38.8901,2020,3,3,15.11,6.08,9.68,5.69,6.4,1.81
US-xSE,-76.56,38.8901,2020,3,4,14.45,5.79,3.08,5.55,18.01,0
US-xSE,-76.56,38.8901,2020,3,5,11.78,2.42,1.3,3.71,13.57,0
US-xSE,-76.56,38.8901,2020,3,6,6.91,1.57,3.21,4.21,6.28,5.82
US-xSE,-76.56,38.8901,2020,3,7,8.48,0.34,-1.97,7.38,18.69,0.51
US-xSE,-76.56,38.8901,2020,3,8,13.06,-1.73,-0.54,4.09,19.48,0
US-xSE,-76.56,38.8901,2020,3,9,18.84,3.56,5.68,4.45,19.88,0.01
US-xSE,-76.56,38.8901,2020,3,10,18.33,9.72,11.02,7.04,8.01,0.23
US-xSE,-76.56,38.8901,2020,3,11,12.77,4.8,4.41,2.76,10.47,0.15
US-xSE,-76.56,38.8901,2020,3,12,14.51,4.32,5.99,3.49,9.26,2.25
US-xSE,-76.56,38.8901,2020,3,13,20.58,8.48,8.88,6.91,15.77,6.12
US-xSE,-76.56,38.8901,2020,3,14,13.44,3.88,1.64,3.94,16.52,1.53
US-xSE,-76.56,38.8901,2020,3,15,11.7,4.47,2.41,2.94,10.44,0.79
US-xSE,-76.56,38.8901,2020,3,16,11.62,1,2.42,4.29,16.97,0.02
US-xSE,-76.56,38.8901,2020,3,17,15.46,4.05,7.03,3.18,15.7,0.13
US-xSE,-76.56,38.8901,2020,3,18,13.43,2.89,4.28,4.04,14.66,4.99
US-xSE,-76.56,38.8901,2020,3,19,18.84,8.58,11.74,3.49,13.51,8.08
US-xSE,-76.56,38.8901,2020,3,20,22.63,12.62,15.96,6.27,11.99,0.64
US-xSE,-76.56,38.8901,2020,3,21,15.1,4.76,2.95,5.4,13,2.2
US-xSE,-76.56,38.8901,2020,3,22,10.88,0.82,0.53,5.63,16.25,0.09
US-xSE,-76.56,38.8901,2020,3,23,9.45,4.43,5.22,5.28,4.57,12.17
US-xSE,-76.56,38.8901,2020,3,24,13.83,3.17,4.78,3.17,14.96,0.01
US-xSE,-76.56,38.8901,2020,3,25,10.72,4.18,5.94,5.78,6.93,4.86
US-xSE,-76.56,38.8901,2020,3,26,14.55,3.73,5.75,3.14,20.44,0.01
US-xSE,-76.56,38.8901,2020,3,27,16.72,8.25,9.91,2.14,14.18,1.7
US-xSE,-76.56,38.8901,2020,3,28,14.47,9.65,10.66,3.92,7.03,10.43
US-xSE,-76.56,38.8901,2020,3,29,18.09,9.03,11.91,2.91,11.24,0.67
US-xSE,-76.56,38.8901,2020,3,30,20.13,8.4,8.93,4.19,21.65,0.12
US-xSE,-76.56,38.8901,2020,3,31,11.57,5.27,5.58,4.58,8.55,1.55
US-xSE,-76.56,38.8901,2020,4,1,12.18,4.44,3.62,5.19,15.22,0.22
US-xSE,-76.56,38.8901,2020,4,2,14.85,2.87,2.2,8.01,24.12,0
US-xSE,-76.56,38.8901,2020,4,3,14.78,5.9,4.52,8.37,22.56,0.02
US-xSE,-76.56,38.8901,2020,4,4,13.03,6.14,6.78,3.24,11.7,0.01
US-xSE,-76.56,38.8901,2020,4,5,17.67,6.7,8.71,3.36,18.91,0.07
US-xSE,-76.56,38.8901,2020,4,6,18.37,9.55,6.47,3.48,21.48,0.06
US-xSE,-76.56,38.8901,2020,4,7,17.77,8.69,10.76,2.77,17.12,4.09
US-xSE,-76.56,38.8901,2020,4,8,23.09,12.32,13.57,4.39,20.55,1.37
US-xSE,-76.56,38.8901,2020,4,9,19.86,7.62,8.34,8.06,22.6,2.42
US-xSE,-76.56,38.8901,2020,4,10,10.32,3.92,-0.77,10.1,19.35,0.01
US-xSE,-76.56,38.8901,2020,4,11,14.39,2.23,1.64,5.02,25.54,0
US-xSE,-76.56,38.8901,2020,4,12,19.93,5.49,9.49,5.74,14.78,7.32
US-xSE,-76.56,38.8901,2020,4,13,24.59,9.67,13.42,10.78,12.16,36.14
US-xSE,-76.56,38.8901,2020,4,14,14.78,5.24,4.23,4.3,20.64,1.68
US-xSE,-76.56,38.8901,2020,4,15,11.33,4.13,0.04,4.88,23.25,3.36
US-xSE,-76.56,38.8901,2020,4,16,10.55,3.17,-0.28,6.13,25.82,0.02
US-xSE,-76.56,38.8901,2020,4,17,13.51,1.89,2.2,3.98,18.85,0.13
US-xSE,-76.56,38.8901,2020,4,18,12.63,5.75,4.46,5.79,15.8,1.78
US-xSE,-76.56,38.8901,2020,4,19,15.76,2,4.74,4.13,22.01,0
US-xSE,-76.56,38.8901,2020,4,20,13.46,7.67,6.93,3.85,9.39,0.75
US-xSE,-76.56,38.8901,2020,4,21,17.97,5.27,6.33,7.82,15.11,2.29
US-xSE,-76.56,38.8901,2020,4,22,13.29,2.12,-1.35,6.25,26.71,0
US-xSE,-76.56,38.8901,2020,4,23,15.3,4.85,6.88,3.48,9.11,13.83
US-xSE,-76.56,38.8901,2020,4,24,13.89,9.45,10.16,3.99,8.85,11.27
US-xSE,-76.56,38.8901,2020,4,25,16.12,7.29,8.38,3.18,18.05,1.79
US-xSE,-76.56,38.8901,2020,4,26,17.33,8.54,10.81,4.14,6.5,7.09
US-xSE,-76.56,38.8901,2020,4,27,13.61,5.61,5.09,6.12,13.16,0.68
US-xSE,-76.56,38.8901,2020,4,28,15.45,6.16,6.27,2.69,12.06,0.14
US-xSE,-76.56,38.8901,2020,4,29,21.17,9.39,12.24,6.35,19.59,0.03
US-xSE,-76.56,38.8901,2020,4,30,19.21,12.92,14.83,8.72,6.04,24.2
US-xSE,-76.56,38.8901,2020,5,1,18.13,9.83,10.4,5.58,16.76,2.57
US-xSE,-76.56,38.8901,2020,5,2,20.18,8.96,8.74,4.46,27.74,0
US-xSE,-76.56,38.8901,2020,5,3,23.44,13.68,15.92,4.38,14.54,4.54
US-xSE,-76.56,38.8901,2020,5,4,20.83,10.74,10.51,7.04,29.05,6.93
US-xSE,-76.56,38.8901,2020,5,5,15.48,7.98,5.03,2.34,12.05,1.99
US-xSE,-76.56,38.8901,2020,5,6,12.19,8.45,8.29,2.8,9.21,5.71
US-xSE,-76.56,38.8901,2020,5,7,17.47,6.4,5.35,5.01,29.52,0.54
US-xSE,-76.56,38.8901,2020,5,8,18.23,5.28,8.15,5.98,13.33,6.36
US-xSE,-76.56,38.8901,2020,5,9,10.46,2.03,-2.12,8.1,26.38,0
US-xSE,-76.56,38.8901,2020,5,10,16.38,2.7,3.08,5.29,29.66,0
US-xSE,-76.56,38.8901,2020,5,11,14.67,6.47,5.87,6.67,22.19,0.34
US-xSE,-76.56,38.8901,2020,5,12,15.12,4.63,3.3,5.67,25.99,0.04
US-xSE,-76.56,38.8901,2020,5,13,18.78,5.26,5.81,3.18,29.22,0
US-xSE,-76.56,38.8901,2020,5,14,20.5,8.06,12.29,4.04,17.75,0.1
US-xSE,-76.56,38.8901,2020,5,15,26.19,15.96,16.64,5.35,26.18,0.14
US-xSE,-76.56,38.8901,2020,5,16,24.89,14.74,15.15,3.94,25.97,0.04
US-xSE,-76.56,38.8901,2020,5,17,20.16,13.29,13.67,4.81,13.59,0.42
US-xSE,-76.56,38.8901,2020,5,18,20.56,13.02,13.31,6.41,8.51,0.35
US-xSE,-76.56,38.8901,2020,5,19,18.94,10.46,7.01,8.03,16.84,0
US-xSE,-76.56,38.8901,2020,5,20,17.43,8.54,6.18,7.23,14.02,0
US-xSE,-76.56,38.8901,2020,5,21,21.69,7.74,11.36,5.44,19.06,0.31
US-xSE,-76.56,38.8901,2020,5,22,23.28,13.08,16.44,4.23,12.74,18.08
US-xSE,-76.56,38.8901,2020,5,23,25.76,16.42,17.17,2.89,26.01,4.43
US-xSE,-76.56,38.8901,2020,5,24,20.06,12.43,13.41,4.17,11.43,0.22
US-xSE,-76.56,38.8901,2020,5,25,23.75,11.8,14.76,2.38,18.67,0
US-xSE,-76.56,38.8901,2020,5,26,26.25,14.3,17.06,2.14,20.93,0.01
US-xSE,-76.56,38.8901,2020,5,27,26.17,14.76,17.28,3.35,21.32,0.08
US-xSE,-76.56,38.8901,2020,5,28,26.09,18.43,20.08,6.15,11.79,2.13
US-xSE,-76.56,38.8901,2020,5,29,26.55,20.27,21.16,5,17.21,1.13
US-xSE,-76.56,38.8901,2020,5,30,26.16,19.39,16.01,3.99,27.69,0.04
US-xSE,-76.56,38.8901,2020,5,31,22.35,13.66,9.37,5.61,30.53,0
US-xSE,-76.56,38.8901,2020,6,1,21.74,10.2,8.12,3.9,30.82,0.14
US-xSE,-76.56,38.8901,2020,6,2,22.19,13.13,12.51,3.89,16.02,0.76
US-xSE,-76.56,38.8901,2020,6,3,30.98,19.44,18.63,5.5,21.48,1.12
US-xSE,-76.56,38.8901,2020,6,4,29.42,20.37,19.79,2.47,27.23,15.86
US-xSE,-76.56,38.8901,2020,6,5,28.83,20.69,21.15,3.27,24.23,5.39
US-xSE,-76.56,38.8901,2020,6,6,29.43,20.18,20.37,3.74,25.37,2.71
US-xSE,-76.56,38.8901,2020,6,7,25.96,17.41,14.55,4.2,30.31,0
US-xSE,-76.56,38.8901,2020,6,8,26.12,14.69,11.63,2.85,30.12,0
US-xSE,-76.56,38.8901,2020,6,9,30.92,17.03,17.37,3.21,28.78,0
US-xSE,-76.56,38.8901,2020,6,10,31.47,21.57,22.67,5.71,25.21,1.78
US-xSE,-76.56,38.8901,2020,6,11,29.36,21.37,21.67,4.41,13.38,15.63
US-xSE,-76.56,38.8901,2020,6,12,28.98,18.5,15.52,3.75,30.17,0.34
US-xSE,-76.56,38.8901,2020,6,13,25.03,15.99,11.25,4.43,30.82,0
US-xSE,-76.56,38.8901,2020,6,14,25.22,15.08,12.04,4.09,28.63,0
US-xSE,-76.56,38.8901,2020,6,15,24.04,14.69,12.33,5.37,20.82,0
US-xSE,-76.56,38.8901,2020,6,16,23.25,15.93,12.88,5.55,18.23,0.85
US-xSE,-76.56,38.8901,2020,6,17,23.48,16.78,17.11,6.75,7.17,4.42
US-xSE,-76.56,38.8901,2020,6,18,28.18,18.24,18.13,4.29,23.2,1.16
US-xSE,-76.56,38.8901,2020,6,19,28.71,18.63,18.83,3.45,19.46,1.22
US-xSE,-76.56,38.8901,2020,6,20,25.48,20.43,20.47,2.31,17.6,5.58
US-xSE,-76.56,38.8901,2020,6,21,29.27,19.33,19.47,2.21,24.56,0.75
US-xSE,-76.56,38.8901,2020,6,22,32.05,19.96,20.64,3.48,24.19,2.88
US-xSE,-76.56,38.8901,2020,6,23,32.36,21.55,21.19,3.34,26.81,2.04
US-xSE,-76.56,38.8901,2020,6,24,29.2,22.2,16.96,4.74,29.24,1.23
US-xSE,-76.56,38.8901,2020,6,25,29.84,20.65,17.7,2.49,20.4,7.33
US-xSE,-76.56,38.8901,2020,6,26,30.64,18.28,16.82,3.68,27.55,0.13
US-xSE,-76.56,38.8901,2020,6,27,33.07,22.15,19.93,4.21,25.58,2.02
US-xSE,-76.56,38.8901,2020,6,28,32.16,22.81,20.96,2.96,23.49,3.35
US-xSE,-76.56,38.8901,2020,6,29,32.55,21.28,18.68,4,29.31,0.41
US-xSE,-76.56,38.8901,2020,6,30,31.87,21.78,17.58,2.94,28.91,0.89
US-xSE,-76.56,38.8901,2020,7,1,30.01,22.84,18.85,1.57,21.97,5.56
US-xSE,-76.56,38.8901,2020,7,2,32.02,21.3,18.55,2.9,28.58,4.2
US-xSE,-76.56,38.8901,2020,7,3,35.5,23.6,18.41,3.38,28.22,0.93
US-xSE,-76.56,38.8901,2020,7,4,32.73,23.41,20.56,3.2,26.48,0.2
US-xSE,-76.56,38.8901,2020,7,5,33.91,23.89,20.84,2.98,25.19,0.27
US-xSE,-76.56,38.8901,2020,7,6,33.55,24.4,22.64,3.61,24,25.63
US-xSE,-76.56,38.8901,2020,7,7,30.76,24.34,23.03,3.13,23.08,10.99
US-xSE,-76.56,38.8901,2020,7,8,33.04,23.68,21.85,3.11,27.84,0.56
US-xSE,-76.56,38.8901,2020,7,9,31.48,22.96,21.75,3.1,26.17,0.17
US-xSE,-76.56,38.8901,2020,7,10,28.67,24.03,22.85,4.38,23.27,29.19
US-xSE,-76.56,38.8901,2020,7,11,31.69,24.04,21.98,3.69,23.95,1.55
US-xSE,-76.56,38.8901,2020,7,12,31.57,21.49,18.8,3.08,25.84,0.79
US-xSE,-76.56,38.8901,2020,7,13,31.05,21.63,19.41,2.19,25.15,0.84
US-xSE,-76.56,38.8901,2020,7,14,31.35,21.52,16.41,2.64,28.69,0.24
US-xSE,-76.56,38.8901,2020,7,15,32.5,21.57,18.1,2.61,27.4,1.08
US-xSE,-76.56,38.8901,2020,7,16,30.98,22.06,20.14,5.17,21.47,1.8
US-xSE,-76.56,38.8901,2020,7,17,34.08,22.79,22.74,3.6,22.83,2.33
US-xSE,-76.56,38.8901,2020,7,18,35.01,24.16,18.43,2.11,28.07,0.14
US-xSE,-76.56,38.8901,2020,7,19,35.63,23.77,23.26,3.1,26.15,1.45
US-xSE,-76.56,38.8901,2020,7,20,34.85,26.94,22.81,3.6,22.62,2.49
US-xSE,-76.56,38.8901,2020,7,21,35.45,25.21,22.53,2.38,26.03,7.11
US-xSE,-76.56,38.8901,2020,7,22,33.06,25.42,23.57,1.93,22.33,9.58
US-xSE,-76.56,38.8901,2020,7,23,32.89,24.43,22.97,2.68,24.57,3.4
US-xSE,-76.56,38.8901,2020,7,24,29.83,24.05,22.28,1.41,18.2,15.46
US-xSE,-76.56,38.8901,2020,7,25,32.4,23.26,21.6,1.61,25.4,2.48
US-xSE,-76.56,38.8901,2020,7,26,34.21,24.2,20.74,3.4,26.88,0.24
US-xSE,-76.56,38.8901,2020,7,27,34.81,24.29,20.2,3.88,26.99,0
US-xSE,-76.56,38.8901,2020,7,28,34.54,25.13,22.21,3.79,25.19,1.43
US-xSE,-76.56,38.8901,2020,7,29,33.97,23.19,17.79,3.16,27.05,0.27
US-xSE,-76.56,38.8901,2020,7,30,34.41,24.08,21.48,2.47,24.73,2.17
US-xSE,-76.56,38.8901,2020,7,31,26.22,23.31,22.16,2.98,7.62,13.36
US-xSE,-76.56,38.8901,2020,8,1,32.12,22.59,21.42,2.73,21.79,0.24
US-xSE,-76.56,38.8901,2020,8,2,33.6,25.07,23.11,5.28,23.66,1.76
US-xSE,-76.56,38.8901,2020,8,3,31.73,23.69,20.74,3.32,16.22,6.14
US-xSE,-76.56,38.8901,2020,8,4,28.72,23.35,22.72,6.18,19.38,85.82
US-xSE,-76.56,38.8901,2020,8,5,29.31,21.3,19.55,2.06,25.64,0.33
US-xSE,-76.56,38.8901,2020,8,6,27.62,22.8,22.28,2.63,19.03,13.15
US-xSE,-76.56,38.8901,2020,8,7,27.91,22.29,22.66,3,19.92,14.59
US-xSE,-76.56,38.8901,2020,8,8,29.11,21.73,21.54,1.32,19.89,2.77
US-xSE,-76.56,38.8901,2020,8,9,30.39,22.25,22.07,2.57,24.86,0.19
US-xSE,-76.56,38.8901,2020,8,10,31.51,22.55,22.72,2.79,24.48,0.47
US-xSE,-76.56,38.8901,2020,8,11,31.5,23.43,23.32,3.07,24.89,0.62
US-xSE,-76.56,38.8901,2020,8,12,31.32,24.38,24.13,2.16,18.25,6.28
US-xSE,-76.56,38.8901,2020,8,13,26.6,23.68,23.9,2.19,11.61,22.8
US-xSE,-76.56,38.8901,2020,8,14,28.68,23.07,22.81,3.72,14.09,5.33
US-xSE,-76.56,38.8901,2020,8,15,26.74,21.47,20.23,3.97,7.66,4.63
US-xSE,-76.56,38.8901,2020,8,16,24.54,19.77,19.95,5.1,9.55,14.72
US-xSE,-76.56,38.8901,2020,8,17,27.72,18.83,19.49,2.57,24.27,3.1
US-xSE,-76.56,38.8901,2020,8,18,27.92,17.94,18.21,2.85,24.92,1.23
US-xSE,-76.56,38.8901,2020,8,19,26.4,20.11,18.97,2.52,16.31,7.8
US-xSE,-76.56,38.8901,2020,8,20,27.09,18.87,18.74,3,23.09,0.07
US-xSE,-76.56,38.8901,2020,8,21,27.19,19.54,20.55,2.91,17.66,0.13
US-xSE,-76.56,38.8901,2020,8,22,27.05,21.97,21.73,2.55,15.02,0.79
US-xSE,-76.56,38.8901,2020,8,23,30.2,22.51,23.14,2.26,23.6,2.82
US-xSE,-76.56,38.8901,2020,8,24,30.53,22.74,23.24,3.05,20.03,1.1
US-xSE,-76.56,38.8901,2020,8,25,30.76,22.78,23.03,4.99,21.55,1.05
US-xSE,-76.56,38.8901,2020,8,26,29.07,19.57,18.62,4.18,23.61,0.02
US-xSE,-76.56,38.8901,2020,8,27,31.6,22.51,22.45,5.38,20.89,0.12
US-xSE,-76.56,38.8901,2020,8,28,30.88,23.7,23.36,3.53,20.82,7.81
US-xSE,-76.56,38.8901,2020,8,29,28.04,22.7,23.64,4.37,11.42,22.31
US-xSE,-76.56,38.8901,2020,8,30,26.4,18.25,16.35,3.33,24.05,2.62
US-xSE,-76.56,38.8901,2020,8,31,25.43,18.82,17.66,3.23,9.52,3.22
US-xSE,-76.56,38.8901,2020,9,1,26.79,19.28,19.98,3.65,11.25,0.81
US-xSE,-76.56,38.8901,2020,9,2,29.64,21.79,23.39,3.67,17.13,6.06
US-xSE,-76.56,38.8901,2020,9,3,30.46,23.11,23.47,3.1,21.47,20.12
US-xSE,-76.56,38.8901,2020,9,4,29.66,21.62,22.58,3.6,21.64,4.92
US-xSE,-76.56,38.8901,2020,9,5,25.5,16.62,13.13,3.42,24.12,0.01
US-xSE,-76.56,38.8901,2020,9,6,27.79,17.11,14.51,2.3,23.13,0
US-xSE,-76.56,38.8901,2020,9,7,27.48,17.98,16.77,2.51,22.36,0
US-xSE,-76.56,38.8901,2020,9,8,29.15,19.15,20.05,2.26,20.48,0.08
US-xSE,-76.56,38.8901,2020,9,9,27.22,20.95,22.09,3.63,7.7,4.6
US-xSE,-76.56,38.8901,2020,9,10,27.73,23.09,23.91,2.64,8.25,22.73
US-xSE,-76.56,38.8901,2020,9,11,27.23,20.54,21.93,4.19,9.84,1.38
US-xSE,-76.56,38.8901,2020,9,12,23.87,16.58,16.19,4.69,15.74,0.04
US-xSE,-76.56,38.8901,2020,9,13,26.87,16.24,18.42,2.73,17.26,0.04
US-xSE,-76.56,38.8901,2020,9,14,25.15,16.2,16.56,4.31,13.9,0.01
US-xSE,-76.56,38.8901,2020,9,15,20.6,11.66,9.99,3.09,18.91,0
US-xSE,-76.56,38.8901,2020,9,16,22.51,13.41,13.51,2.74,15.16,0
US-xSE,-76.56,38.8901,2020,9,17,22.96,16.7,18.54,2.11,5.44,4.41
US-xSE,-76.56,38.8901,2020,9,18,22.71,13.65,14.74,4.82,11.15,4.69
US-xSE,-76.56,38.8901,2020,9,19,18.34,9.68,4.82,4.95,20.18,0
US-xSE,-76.56,38.8901,2020,9,20,19.16,8.04,5.86,4.53,21.73,0
US-xSE,-76.56,38.8901,2020,9,21,19.08,7.88,5.69,4.09,21.19,0
US-xSE,-76.56,38.8901,2020,9,22,21.58,8.06,6.54,3.95,20.56,0
US-xSE,-76.56,38.8901,2020,9,23,25.04,11.4,11.06,4.27,20.13,0
US-xSE,-76.56,38.8901,2020,9,24,21.78,15.32,14.84,2.66,7.09,0
US-xSE,-76.56,38.8901,2020,9,25,21.66,15,16.02,2.56,7.39,8.49
US-xSE,-76.56,38.8901,2020,9,26,25.39,16.78,18.86,3.13,7.31,6.66
US-xSE,-76.56,38.8901,2020,9,27,26.28,17.08,18.99,2.21,10.79,0.92
US-xSE,-76.56,38.8901,2020,9,28,26.77,18.95,19.27,4.88,16.36,0.37
US-xSE,-76.56,38.8901,2020,9,29,25.73,17.49,20.25,4.94,9.63,13.57
US-xSE,-76.56,38.8901,2020,9,30,20.86,13.85,12.65,5.77,19.29,16.98
US-xSE,-76.56,38.8901,2020,10,1,22.52,13.48,12.95,3.51,17.76,2.87
US-xSE,-76.56,38.8901,2020,10,2,19.44,11.17,9.68,3.29,17.44,3.22
US-xSE,-76.56,38.8901,2020,10,3,18.8,8.5,6.59,2.62,19.5,0
US-xSE,-76.56,38.8901,2020,10,4,20.06,10.26,7.44,1.8,18.04,0.06
US-xSE,-76.56,38.8901,2020,10,5,20.07,11.26,10.39,1.9,17.49,0.41
US-xSE,-76.56,38.8901,2020,10,6,21.43,11.05,10.91,3.56,18.45,0
US-xSE,-76.56,38.8901,2020,10,7,24.51,12.79,14,5.47,16.61,0
US-xSE,-76.56,38.8901,2020,10,8,20.54,12.25,8.36,4.43,18.35,0
US-xSE,-76.56,38.8901,2020,10,9,21.09,10.3,8.7,3.16,16.1,0
US-xSE,-76.56,38.8901,2020,10,10,21.52,14.29,15.52,4.66,6.62,0.01
US-xSE,-76.56,38.8901,2020,10,11,21.56,16.95,17.68,3.09,4.4,13.86
US-xSE,-76.56,38.8901,2020,10,12,18.18,15.08,15.42,8.11,4.22,52.9
US-xSE,-76.56,38.8901,2020,10,13,19.51,12.09,14.05,4.37,11.01,1.14
US-xSE,-76.56,38.8901,2020,10,14,21.1,8.89,10.28,3.94,17,0
US-xSE,-76.56,38.8901,2020,10,15,21.99,12.17,14.33,5.74,16.84,0.02
US-xSE,-76.56,38.8901,2020,10,16,18.69,10.16,11.72,4.54,2.72,15.9
US-xSE,-76.56,38.8901,2020,10,17,15.75,6.51,4.22,3.36,17.25,0.38
US-xSE,-76.56,38.8901,2020,10,18,18.83,7.29,8.13,2.94,13.62,0
US-xSE,-76.56,38.8901,2020,10,19,21.26,11.28,14.1,2.97,13.22,0.33
US-xSE,-76.56,38.8901,2020,10,20,23.1,14.7,16.47,2.11,12.35,0.56
US-xSE,-76.56,38.8901,2020,10,21,24.59,15.65,18.43,3.4,12.04,0.12
US-xSE,-76.56,38.8901,2020,10,22,24.76,16.52,17.59,2.05,14.31,0.03
US-xSE,-76.56,38.8901,2020,10,23,23.01,15.11,16.12,2.6,11.61,0.05
US-xSE,-76.56,38.8901,2020,10,24,23.26,12.72,15.02,4.07,12.16,0.05
US-xSE,-76.56,38.8901,2020,10,25,11.35,8.06,6.95,5.22,3.22,10.36
US-xSE,-76.56,38.8901,2020,10,26,20.86,9.68,13.4,2.16,5.7,0.36
US-xSE,-76.56,38.8901,2020,10,27,18.57,13.5,12.2,2.33,6.24,0.08
US-xSE,-76.56,38.8901,2020,10,28,21.12,13.96,15.82,3.02,6.49,0.43
US-xSE,-76.56,38.8901,2020,10,29,20.74,10.67,15.69,4.26,2.99,45.7
US-xSE,-76.56,38.8901,2020,10,30,11.8,6.69,6.67,5.73,6.08,11.72
US-xSE,-76.56,38.8901,2020,10,31,10.16,2.49,1.36,2.99,9.88,0.1
US-xSE,-76.56,38.8901,2020,11,1,15.2,5.23,7.85,6.09,4.29,14.21
US-xSE,-76.56,38.8901,2020,11,2,8.99,2.87,-1.23,9.02,14.15,0.11
US-xSE,-76.56,38.8901,2020,11,3,14.85,3.78,3.1,4.93,13.6,0
US-xSE,-76.56,38.8901,2020,11,4,17.75,6.84,8.27,3.24,13.25,0
US-xSE,-76.56,38.8901,2020,11,5,18.79,7.87,10.76,3.54,13.05,0
US-xSE,-76.56,38.8901,2020,11,6,19.95,9.76,11.62,2.91,11.52,0.01
US-xSE,-76.56,38.8901,2020,11,7,21.35,9.26,10.59,2.2,13.08,0
US-xSE,-76.56,38.8901,2020,11,8,21.93,9.71,11.95,2.16,12.71,0.01
US-xSE,-76.56,38.8901,2020,11,9,21.66,11.16,13.54,2.43,12.58,0
US-xSE,-76.56,38.8901,2020,11,10,22.33,11.79,15.42,3.95,11.35,0.15
US-xSE,-76.56,38.8901,2020,11,11,20.64,16.36,18.24,5.29,2.89,43.63
US-xSE,-76.56,38.8901,2020,11,12,19.44,9.02,13.16,5.31,1.49,29.83
US-xSE,-76.56,38.8901,2020,11,13,14.99,7.69,7.66,3.23,6.92,0.05
US-xSE,-76.56,38.8901,2020,11,14,13.24,4.93,4.06,3.51,12.25,0
US-xSE,-76.56,38.8901,2020,11,15,18.48,5.77,9.72,7.63,7.31,3.79
US-xSE,-76.56,38.8901,2020,11,16,13.51,5.54,3.51,6.01,12.75,0
US-xSE,-76.56,38.8901,2020,11,17,11.19,2.84,1.68,7.05,8.59,0.07
US-xSE,-76.56,38.8901,2020,11,18,6.8,0.74,-2,4.84,11.4,0
US-xSE,-76.56,38.8901,2020,11,19,9.72,-0.53,-0.09,4.63,11.01,0
US-xSE,-76.56,38.8901,2020,11,20,14.73,4.52,6.1,4.5,11.89,0
US-xSE,-76.56,38.8901,2020,11,21,18.68,7.59,10.14,2.74,7.33,0
US-xSE,-76.56,38.8901,2020,11,22,13.86,7.43,8.84,4.63,7.17,0.33
US-xSE,-76.56,38.8901,2020,11,23,13.34,4.04,5.45,6.78,11.21,6.68
US-xSE,-76.56,38.8901,2020,11,24,9.64,1.71,1.04,3.21,11.02,0.01
US-xSE,-76.56,38.8901,2020,11,25,13.01,4.82,6.47,4.62,7.49,0.45
US-xSE,-76.56,38.8901,2020,11,26,18.59,9.35,12.39,4.82,8.07,3.92
US-xSE,-76.56,38.8901,2020,11,27,16.2,6.87,8.37,2.13,5.96,0
US-xSE,-76.56,38.8901,2020,11,28,13.73,4.46,5.61,3.74,10,0
US-xSE,-76.56,38.8901,2020,11,29,12.55,1.92,2.77,3.03,10.85,0
US-xSE,-76.56,38.8901,2020,11,30,19.03,8.09,12.58,6.94,2.53,32.13
US-xSE,-76.56,38.8901,2020,12,1,7.53,2.78,1.46,6.14,7,0.02
US-xSE,-76.56,38.8901,2020,12,2,7.64,0.58,-0.87,6.27,9.2,0
US-xSE,-76.56,38.8901,2020,12,3,10.32,-1.04,0.98,3.82,9.66,0
US-xSE,-76.56,38.8901,2020,12,4,8.97,4.38,5.82,3.33,3.67,4.07
US-xSE,-76.56,38.8901,2020,12,5,8.59,2.54,3.14,8.24,6.53,35.77
US-xSE,-76.56,38.8901,2020,12,6,6.12,-1.16,-1.26,5.26,10.33,0.01
US-xSE,-76.56,38.8901,2020,12,7,3.69,-2.66,-3.17,3.67,4.93,0.01
US-xSE,-76.56,38.8901,2020,12,8,5.9,-1.81,-2.29,5.84,10.45,0
US-xSE,-76.56,38.8901,2020,12,9,5.69,-1.95,-1.04,3.64,6.84,0
US-xSE,-76.56,38.8901,2020,12,10,9.44,-0.21,1.56,2.94,10.13,0
US-xSE,-76.56,38.8901,2020,12,11,12.5,1.31,6.33,4.44,9.91,0
US-xSE,-76.56,38.8901,2020,12,12,14.42,6.86,9.52,4.33,5.66,0.01
US-xSE,-76.56,38.8901,2020,12,13,14.29,4.66,7.88,4.29,9.33,0.01
US-xSE,-76.56,38.8901,2020,12,14,5.02,0.34,2.11,5.41,1.78,22.22
US-xSE,-76.56,38.8901,2020,12,15,3.72,-2.88,-3.7,3.6,9.4,0.03
US-xSE,-76.56,38.8901,2020,12,16,2.81,-2.59,-0.74,7.22,2.47,31.48
US-xSE,-76.56,38.8901,2020,12,17,1.91,-4.56,-3.33,5.7,9.85,0.65
US-xSE,-76.56,38.8901,2020,12,18,1.98,-4.96,-4.13,3.89,4.21,0.48
US-xSE,-76.56,38.8901,2020,12,19,1.11,-6.15,-4.88,2.16,6.81,0
US-xSE,-76.56,38.8901,2020,12,20,4.27,-2.34,0.87,3.25,4.1,1.18
US-xSE,-76.56,38.8901,2020,12,21,6.51,1.63,2.5,2.39,5.34,1
US-xSE,-76.56,38.8901,2020,12,22,7.51,1.2,2.13,6.57,7.33,0.22
US-xSE,-76.56,38.8901,2020,12,23,7.09,-0.63,1.08,3.78,8.38,0
US-xSE,-76.56,38.8901,2020,12,24,14.75,4.5,10.11,8.55,3.05,14.23
US-xSE,-76.56,38.8901,2020,12,25,15.73,-4.39,-1.49,8.54,3.52,18
US-xSE,-76.56,38.8901,2020,12,26,0.59,-4.8,-6.82,5.3,9.97,0.01
US-xSE,-76.56,38.8901,2020,12,27,3.3,-2.99,-4.09,2.65,9.94,0
US-xSE,-76.56,38.8901,2020,12,28,8.82,1.12,2.57,5.03,6.59,0
US-xSE,-76.56,38.8901,2020,12,29,3.61,-2.45,-3.4,5.03,10.43,0
US-xSE,-76.56,38.8901,2020,12,30,4.76,-1.95,-1.29,4.29,8.48,0.21
US-xSE,-76.56,38.8901,2020,12,31,6.9,1.55,3.85,4.72,4.81,0.48
US-xSE,-76.56,38.8901,2021,1,1,4.12,-0.75,0.88,3.71,2.11,21.16
US-xSE,-76.56,38.8901,2021,1,2,10.29,2.67,3.87,4.75,7.85,0.7
US-xSE,-76.56,38.8901,2021,1,3,5.64,0.72,2.3,4.57,2.23,9.68
US-xSE,-76.56,38.8901,2021,1,4,7.21,-0.76,1.05,3.12,6.31,0.19
US-xSE,-76.56,38.8901,2021,1,5,6.32,0.72,1.1,1.88,3.74,0.19
US-xSE,-76.56,38.8901,2021,1,6,5.45,-0.11,-0.34,5.89,3.24,0
US-xSE,-76.56,38.8901,2021,1,7,5.53,-1.33,-1.74,4.58,10.75,0
US-xSE,-76.56,38.8901,2021,1,8,3.52,-1.8,-2.09,3.4,3.46,0
US-xSE,-76.56,38.8901,2021,1,9,3.98,-2.67,-3.65,6.15,11.13,0
US-xSE,-76.56,38.8901,2021,1,10,6.51,-1.33,-1.44,3.75,11.08,0
US-xSE,-76.56,38.8901,2021,1,11,3.41,-0.63,0.25,2.49,4.92,0
US-xSE,-76.56,38.8901,2021,1,12,6.08,-1.73,-0.9,2.55,10.96,0
US-xSE,-76.56,38.8901,2021,1,13,7.36,-1.27,-0.44,2.85,10.81,0
US-xSE,-76.56,38.8901,2021,1,14,9.39,0.11,1.35,1.83,9.45,0
US-xSE,-76.56,38.8901,2021,1,15,9.65,-0.21,4.01,3.98,8.36,6.04
US-xSE,-76.56,38.8901,2021,1,16,6.15,1.22,1.87,4.64,8.19,1.1
US-xSE,-76.56,38.8901,2021,1,17,7.37,-1.11,0.22,5.33,9.75,0
US-xSE,-76.56,38.8901,2021,1,18,5.67,-0.79,-0.57,5.26,8.48,0
US-xSE,-76.56,38.8901,2021,1,19,7.71,-1.48,-1.62,4.68,11.06,0
US-xSE,-76.56,38.8901,2021,1,20,5,-2.15,-2.94,5.45,9.29,0.07
US-xSE,-76.56,38.8901,2021,1,21,7.6,-2.63,-1.47,4.07,10.43,0
US-xSE,-76.56,38.8901,2021,1,22,6.79,-0.33,-0.9,5.25,11.31,0
US-xSE,-76.56,38.8901,2021,1,23,0.26,-3.45,-6.31,6.88,12.51,0
US-xSE,-76.56,38.8901,2021,1,24,1.55,-3.69,-6.04,3.74,10.54,0
US-xSE,-76.56,38.8901,2021,1,25,2.5,-0.97,-2.9,2.57,3.82,1.58
US-xSE,-76.56,38.8901,2021,1,26,3.21,-0.53,0.63,3.14,3.47,1.48
US-xSE,-76.56,38.8901,2021,1,27,4.32,-1.05,-1,4.36,8.49,0.12
US-xSE,-76.56,38.8901,2021,1,28,0.57,-3.68,-6.19,8.79,11.56,0.01
US-xSE,-76.56,38.8901,2021,1,29,-0.67,-4.53,-7.83,8.08,9.09,0.01
US-xSE,-76.56,38.8901,2021,1,30,1.56,-6.18,-6.25,3.16,12.88,0
US-xSE,-76.56,38.8901,2021,1,31,0.77,-2.15,-2.22,5.58,1.95,10.31
US-xSE,-76.56,38.8901,2021,2,1,0.89,-1.09,-0.61,8.56,3.35,10.28
US-xSE,-76.56,38.8901,2021,2,2,0.71,-1.69,-2.29,8.71,4.73,1.86
US-xSE,-76.56,38.8901,2021,2,3,1.36,-2.88,-2.62,7.32,8.39,0.67
US-xSE,-76.56,38.8901,2021,2,4,3.78,-5.82,-4.05,4.78,14.23,0
US-xSE,-76.56,38.8901,2021,2,5,8.59,-1.56,0.87,5.27,13.16,1.93
US-xSE,-76.56,38.8901,2021,2,6,7.72,-1.72,-1.26,3.92,10.53,0
US-xSE,-76.56,38.8901,2021,2,7,3.48,-4.43,-0.64,5.02,3.38,14
US-xSE,-76.56,38.8901,2021,2,8,0.98,-6.7,-7.53,3.47,14.28,0
US-xSE,-76.56,38.8901,2021,2,9,6.95,-2.78,-0.21,3.59,10.88,2.51
US-xSE,-76.56,38.8901,2021,2,10,4.23,-1.79,-1.79,2.51,10.28,2.49
US-xSE,-76.56,38.8901,2021,2,11,1.07,-1.84,-1.38,4.46,3.68,6.87
US-xSE,-76.56,38.8901,2021,2,12,-0.3,-3.77,-5.48,3.93,5.6,0.18
US-xSE,-76.56,38.8901,2021,2,13,-0.91,-2.46,-3.69,5.25,2.94,6
US-xSE,-76.56,38.8901,2021,2,14,2.47,-2.51,-1.35,4.04,5.94,1.05
US-xSE,-76.56,38.8901,2021,2,15,3.47,-0.51,0.07,4.29,5.19,1.83
US-xSE,-76.56,38.8901,2021,2,16,7.88,-2.9,1.02,6.37,4.8,14.73
US-xSE,-76.56,38.8901,2021,2,17,0.73,-4.37,-6.81,4.56,15.1,0
US-xSE,-76.56,38.8901,2021,2,18,0.93,-2.19,-2.67,5.08,4.07,11.41
US-xSE,-76.56,38.8901,2021,2,19,1.74,-2.29,-2.18,5.23,3.97,4.43
US-xSE,-76.56,38.8901,2021,2,20,-1.27,-5.93,-6.73,7.31,15.98,0
US-xSE,-76.56,38.8901,2021,2,21,2.03,-7.13,-6.35,3.76,17.17,0.17
US-xSE,-76.56,38.8901,2021,2,22,1.43,-1.97,-0.99,5.41,3.17,13.09
US-xSE,-76.56,38.8901,2021,2,23,8.6,-0.28,1.11,5.28,15.65,0.04
US-xSE,-76.56,38.8901,2021,2,24,10.99,-0.07,3.74,4.95,17.37,0
US-xSE,-76.56,38.8901,2021,2,25,9.14,2.39,0.65,4.79,18.19,0
US-xSE,-76.56,38.8901,2021,2,26,7.56,0.34,-0.41,3.38,11.97,2.34
US-xSE,-76.56,38.8901,2021,2,27,8.29,2.55,5.15,3.57,8.35,5.01
US-xSE,-76.56,38.8901,2021,2,28,7.47,4.13,5.44,3.25,2.15,16.64
US-xSE,-76.56,38.8901,2021,3,1,11.36,1.61,3.84,5.84,4.05,8.01
US-xSE,-76.56,38.8901,2021,3,2,4.13,-3.59,-5.55,5.86,19.62,0
US-xSE,-76.56,38.8901,2021,3,3,10.64,-1.45,0.22,3.81,18.37,0
US-xSE,-76.56,38.8901,2021,3,4,9.44,-1.21,0.52,6.52,17.53,0
US-xSE,-76.56,38.8901,2021,3,5,3.87,-3.97,-5.48,7.55,20.32,0
US-xSE,-76.56,38.8901,2021,3,6,4.72,-2.06,-3.38,5.07,17.85,0
US-xSE,-76.56,38.8901,2021,3,7,5.39,-2.87,-4.6,3.53,20.41,0
US-xSE,-76.56,38.8901,2021,3,8,7.93,-2.69,-3.18,2.96,19,0
US-xSE,-76.56,38.8901,2021,3,9,16.51,0.24,4.76,3.77,16.95,0
US-xSE,-76.56,38.8901,2021,3,10,16.23,4.68,7.66,4.46,18.95,0
US-xSE,-76.56,38.8901,2021,3,11,19.82,7.61,10.59,5.11,19.43,0
US-xSE,-76.56,38.8901,2021,3,12,17.62,8.96,10.16,4.7,9.61,0
US-xSE,-76.56,38.8901,2021,3,13,10.85,2.24,0.18,4.66,19.43,0
US-xSE,-76.56,38.8901,2021,3,14,13.71,0.83,0.97,7.36,20.51,0
US-xSE,-76.56,38.8901,2021,3,15,6.11,-2.68,-5.01,4.71,21.17,0
US-xSE,-76.56,38.8901,2021,3,16,6.24,0.99,1.13,3.65,5.61,0.11
US-xSE,-76.56,38.8901,2021,3,17,9.81,4.14,5.7,2.47,9.1,0.34
US-xSE,-76.56,38.8901,2021,3,18,12.5,3.34,8.06,4.89,4,17.64
US-xSE,-76.56,38.8901,2021,3,19,7.94,0.22,-0.9,7.49,18.7,2.05
US-xSE,-76.56,38.8901,2021,3,20,11.25,-2.62,-1.32,2.91,22.53,0
US-xSE,-76.56,38.8901,2021,3,21,14.71,1.14,1.65,2.76,22.23,0
US-xSE,-76.56,38.8901,2021,3,22,15.27,0.09,4.87,3.52,22.11,0
US-xSE,-76.56,38.8901,2021,3,23,17.02,5.47,8.73,4.25,18.05,0.08
US-xSE,-76.56,38.8901,2021,3,24,15.82,8.32,11.51,3.93,3.12,35.49
US-xSE,-76.56,38.8901,2021,3,25,18.46,9.36,13.21,3.22,11.96,0.29
US-xSE,-76.56,38.8901,2021,3,26,23.08,10.66,13.89,7.58,21.58,0.09
US-xSE,-76.56,38.8901,2021,3,27,19.28,7.9,9.24,3.35,18.19,0.24
US-xSE,-76.56,38.8901,2021,3,28,20.72,8.32,11.66,7.48,8.13,10.97
US-xSE,-76.56,38.8901,2021,3,29,12.73,4.79,1.91,6.37,24.56,0.01
US-xSE,-76.56,38.8901,2021,3,30,16.4,3.84,6.57,5.92,22.37,0
US-xSE,-76.56,38.8901,2021,3,31,19.27,10.91,13.82,5.65,7.27,19.64
US-xSE,-76.56,38.8901,2021,4,1,10.55,0.87,1.91,8.59,13.64,2.94
US-xSE,-76.56,38.8901,2021,4,2,6.55,-1.3,-3.86,7.12,22.76,0.02
US-xSE,-76.56,38.8901,2021,4,3,10.63,-2.54,-1.43,3.54,24.72,0
US-xSE,-76.56,38.8901,2021,4,4,18.17,4.13,6.1,4.76,22.21,0
US-xSE,-76.56,38.8901,2021,4,5,18.38,4.58,6.41,4.32,24.1,0
US-xSE,-76.56,38.8901,2021,4,6,20.4,8.57,8.53,2.65,22.79,0.03
US-xSE,-76.56,38.8901,2021,4,7,22.94,10.14,9.9,2.44,22.06,0.03
US-xSE,-76.56,38.8901,2021,4,8,18.54,9.86,9.94,4.38,22.21,0.29
US-xSE,-76.56,38.8901,2021,4,9,18,9.87,11.51,4.56,9.76,2.84
US-xSE,-76.56,38.8901,2021,4,10,20.81,11.07,13.96,3.1,17.69,2.71
US-xSE,-76.56,38.8901,2021,4,11,23.62,14.14,15.14,3.93,22.43,10.56
US-xSE,-76.56,38.8901,2021,4,12,16.11,9.04,9.87,4.11,11.87,1.27
US-xSE,-76.56,38.8901,2021,4,13,16.42,8.86,8.98,2.36,18.51,0.01
US-xSE,-76.56,38.8901,2021,4,14,15.28,8.51,11.44,2.95,9.74,5.41
US-xSE,-76.56,38.8901,2021,4,15,17.97,7.04,8.46,4.73,17.95,0.05
US-xSE,-76.56,38.8901,2021,4,16,13.88,5.05,4.64,6.54,19.98,0
US-xSE,-76.56,38.8901,2021,4,17,14.21,4.64,5.73,3.58,20.66,0
US-xSE,-76.56,38.8901,2021,4,18,17.36,4.97,7.19,2.94,23.48,0.08
US-xSE,-76.56,38.8901,2021,4,19,15.92,9.02,8.94,2.45,7.75,3.99
US-xSE,-76.56,38.8901,2021,4,20,21.12,7.35,10.07,5.37,25.98,0.04
US-xSE,-76.56,38.8901,2021,4,21,17.8,4.02,6.57,8.7,21.13,2.43
US-xSE,-76.56,38.8901,2021,4,22,10.33,1.84,-0.46,6.85,20.98,0
US-xSE,-76.56,38.8901,2021,4,23,15.44,2.53,3.59,4.98,23.89,0
US-xSE,-76.56,38.8901,2021,4,24,17.05,5.32,6.69,3.13,16.65,11.37
US-xSE,-76.56,38.8901,2021,4,25,17.46,9.1,9.43,6.07,15.71,7.37
US-xSE,-76.56,38.8901,2021,4,26,16.59,4.78,3.73,5.07,28.1,0
US-xSE,-76.56,38.8901,2021,4,27,25.11,8.78,13.09,4.1,26.25,0
US-xSE,-76.56,38.8901,2021,4,28,26.7,16.86,17.58,4.71,22.25,0.01
US-xSE,-76.56,38.8901,2021,4,29,25.66,18.07,18.6,5.03,18.06,1.27
US-xSE,-76.56,38.8901,2021,4,30,19.8,8.08,8.41,10.17,24.04,0.41
US-xSE,-76.56,38.8901,2021,5,1,18.13,5.79,3.44,6.44,29.44,0
US-xSE,-76.56,38.8901,2021,5,2,25.2,10.35,12.67,5.14,24.8,0.02
US-xSE,-76.56,38.8901,2021,5,3,22.84,16.06,17.5,4.06,11.09,2.88
US-xSE,-76.56,38.8901,2021,5,4,26.48,18.53,19.1,4.35,21.84,1.74
US-xSE,-76.56,38.8901,2021,5,5,24.87,12.2,16.28,4.94,20.08,8.93
US-xSE,-76.56,38.8901,2021,5,6,17.85,8.62,6.94,4.27,28.08,0
US-xSE,-76.56,38.8901,2021,5,7,18.06,9.56,8.31,2.92,16.16,3.84
US-xSE,-76.56,38.8901,2021,5,8,13.8,6.89,6.57,4.81,21.78,1.53
US-xSE,-76.56,38.8901,2021,5,9,18.18,7.37,8.46,4.71,19.79,0.56
US-xSE,-76.56,38.8901,2021,5,10,18.19,10.7,9.1,5.43,18.12,0.12
US-xSE,-76.56,38.8901,2021,5,11,19.25,9.09,7.56,3.93,24.12,0.01
US-xSE,-76.56,38.8901,2021,5,12,18.03,7.05,5.81,3.76,22.52,0
US-xSE,-76.56,38.8901,2021,5,13,19.88,7.74,6.39,2.95,29.45,0
US-xSE,-76.56,38.8901,2021,5,14,21.77,9.95,8.15,2.2,23.4,0.01
US-xSE,-76.56,38.8901,2021,5,15,23.26,10.02,9.42,3,27.61,0.03
US-xSE,-76.56,38.8901,2021,5,16,20.61,10.63,10.25,2.36,20.25,0.52
US-xSE,-76.56,38.8901,2021,5,17,22.02,12.51,11.02,2.11,25.67,0.01
US-xSE,-76.56,38.8901,2021,5,18,23.99,12.52,11.55,2.68,29.03,0
US-xSE,-76.56,38.8901,2021,5,19,27.42,12.5,14,2.79,29.07,0
US-xSE,-76.56,38.8901,2021,5,20,26.32,14.47,14.34,3.79,27.26,0
US-xSE,-76.56,38.8901,2021,5,21,25.54,13.74,12.62,1.88,28.86,0
US-xSE,-76.56,38.8901,2021,5,22,28.52,15.44,16.62,3.85,20.51,0
US-xSE,-76.56,38.8901,2021,5,23,29.93,19.56,18.92,4.7,26.64,0.01
US-xSE,-76.56,38.8901,2021,5,24,23.61,14.11,14.74,5.19,9.14,2.16
US-xSE,-76.56,38.8901,2021,5,25,24.4,13.57,15.43,3.45,18.23,0.06
US-xSE,-76.56,38.8901,2021,5,26,30.27,18.26,20.71,3.58,25.4,7.97
US-xSE,-76.56,38.8901,2021,5,27,27.48,19.43,17.5,3.49,28.92,0.01
US-xSE,-76.56,38.8901,2021,5,28,24.46,17.73,17.53,5.02,17.19,11.44
US-xSE,-76.56,38.8901,2021,5,29,16.68,10.35,10.4,7.42,3.84,23.34
US-xSE,-76.56,38.8901,2021,5,30,13.92,9.48,8.93,5.62,8.15,5.56
US-xSE,-76.56,38.8901,2021,5,31,22.04,8.38,10.81,3.66,27.85,0.02
US-xSE,-76.56,38.8901,2021,6,1,23.81,12.6,14.46,3.58,23.98,0.02
US-xSE,-76.56,38.8901,2021,6,2,24.83,16.02,15.7,3.84,21.53,1.6
US-xSE,-76.56,38.8901,2021,6,3,26.61,17.06,19.79,4.75,18.44,5.43
US-xSE,-76.56,38.8901,2021,6,4,26.73,19.88,19.5,3.34,17.32,5.41
US-xSE,-76.56,38.8901,2021,6,5,30.25,18.03,18.78,3.71,29.11,0
US-xSE,-76.56,38.8901,2021,6,6,31.52,19.35,20.25,3.33,28.96,0
US-xSE,-76.56,38.8901,2021,6,7,31.02,22.7,22.31,3.59,27.31,0.04
US-xSE,-76.56,38.8901,2021,6,8,29.44,23.46,22.65,2.57,22.58,4.04
US-xSE,-76.56,38.8901,2021,6,9,28.99,22,22.29,2.16,16.78,11.47
US-xSE,-76.56,38.8901,2021,6,10,29.86,20.58,21.54,3.27,18.19,6.48
US-xSE,-76.56,38.8901,2021,6,11,23.92,18.9,19.69,5.69,3.75,20.76
US-xSE,-76.56,38.8901,2021,6,12,26.1,18.02,18.55,3.54,15.27,0.77
US-xSE,-76.56,38.8901,2021,6,13,27.16,17.77,18.05,3.32,23.85,0.11
US-xSE,-76.56,38.8901,2021,6,14,28.93,19.4,20.11,4.21,28.03,8.07
US-xSE,-76.56,38.8901,2021,6,15,26.48,18.48,17.08,4.43,28.76,2.76
US-xSE,-76.56,38.8901,2021,6,16,25.31,16.63,12.84,3.71,30.03,0
US-xSE,-76.56,38.8901,2021,6,17,25.08,14.64,10.97,3.18,31.33,0
US-xSE,-76.56,38.8901,2021,6,18,27.66,14.19,14.79,4.62,28.67,0.01
US-xSE,-76.56,38.8901,2021,6,19,27.61,21.68,19.09,3.67,14.92,0.46
US-xSE,-76.56,38.8901,2021,6,20,30.24,21.22,21.44,2.89,24.5,0.03
US-xSE,-76.56,38.8901,2021,6,21,30.7,22.92,23.14,3.69,24.72,7.97
US-xSE,-76.56,38.8901,2021,6,22,24.3,16.06,17.98,4.65,8.38,8.49
US-xSE,-76.56,38.8901,2021,6,23,24.34,12.96,10.28,2.53,30.74,0.01
US-xSE,-76.56,38.8901,2021,6,24,25.84,15.43,12.02,3.3,30.08,0
US-xSE,-76.56,38.8901,2021,6,25,26.95,15.15,15.42,2.71,27.17,0.03
US-xSE,-76.56,38.8901,2021,6,26,29.67,20.33,21.52,4.89,21.31,2.16
US-xSE,-76.56,38.8901,2021,6,27,31.44,22.87,22.26,5.08,26.24,0.46
US-xSE,-76.56,38.8901,2021,6,28,32.72,22.91,21.8,4.64,28.88,0
US-xSE,-76.56,38.8901,2021,6,29,33.67,22.67,22.13,3.81,29.03,0
US-xSE,-76.56,38.8901,2021,6,30,35.1,23.4,21.3,3.52,29.17,0.13
US-xSE,-76.56,38.8901,2021,7,1,32.5,22.24,21.42,3.16,19.88,12.83
US-xSE,-76.56,38.8901,2021,7,2,27.16,19.55,18.6,2.92,13.28,22.06
US-xSE,-76.56,38.8901,2021,7,3,25.48,16.61,16.03,4.03,23.68,2.23
US-xSE,-76.56,38.8901,2021,7,4,28.86,17.6,16.57,2.23,26.13,0.3
US-xSE,-76.56,38.8901,2021,7,5,31.13,20.46,19.55,3.12,26.22,0.05
US-xSE,-76.56,38.8901,2021,7,6,33.46,21.69,21.28,3.79,26.66,0.01
US-xSE,-76.56,38.8901,2021,7,7,34.35,23.56,21.5,3.4,25.68,0.25
US-xSE,-76.56,38.8901,2021,7,8,29.79,22.66,22.23,4.71,13.6,11
US-xSE,-76.56,38.8901,2021,7,9,31.1,21.73,21.64,4.41,24.51,12.18
US-xSE,-76.56,38.8901,2021,7,10,28.9,21.29,17.04,3.19,26.76,0.19
US-xSE,-76.56,38.8901,2021,7,11,31.54,22.02,21.38,4.54,23.73,0.49
US-xSE,-76.56,38.8901,2021,7,12,32.3,24.18,23.68,3.65,26.1,5.81
US-xSE,-76.56,38.8901,2021,7,13,33.37,24.42,22.79,3.93,25.3,0.67
US-xSE,-76.56,38.8901,2021,7,14,33.12,24.33,21.41,3.14,24.78,2.62
US-xSE,-76.56,38.8901,2021,7,15,33.63,22.33,20.84,2.34,24.73,0.25
US-xSE,-76.56,38.8901,2021,7,16,34.74,24.48,21.53,2.83,26.35,0.03
US-xSE,-76.56,38.8901,2021,7,17,33.3,24.81,23.36,3.85,25.17,7.12
US-xSE,-76.56,38.8901,2021,7,18,29.82,22.9,19.21,5.21,25.1,0.96
US-xSE,-76.56,38.8901,2021,7,19,30.96,21.74,18.14,3.14,18.14,1.09
US-xSE,-76.56,38.8901,2021,7,20,33.08,22.21,19.17,2.1,21.66,0.25
US-xSE,-76.56,38.8901,2021,7,21,32.51,22.5,19.57,3.67,19.49,1.51
US-xSE,-76.56,38.8901,2021,7,22,29.19,19.77,14.15,3.3,24.95,0
US-xSE,-76.56,38.8901,2021,7,23,30.29,19.36,14.11,2.16,25.7,0.01
US-xSE,-76.56,38.8901,2021,7,24,31.42,19.81,15.42,3.73,19.15,0.08
US-xSE,-76.56,38.8901,2021,7,25,33.1,23.31,20.83,5.04,18,4.34
US-xSE,-76.56,38.8901,2021,7,26,33.9,23.3,21,1.69,19.72,1.67
US-xSE,-76.56,38.8901,2021,7,27,34.82,23.59,19.67,1.93,25.25,0.08
US-xSE,-76.56,38.8901,2021,7,28,33.64,23.34,18.71,3.07,24.17,0.75
US-xSE,-76.56,38.8901,2021,7,29,31.45,22.88,21.55,3.73,16.14,5.36
US-xSE,-76.56,38.8901,2021,7,30,32.63,23.16,18.02,4.43,25.61,0.61
US-xSE,-76.56,38.8901,2021,7,31,29.19,19.87,12.54,2.73,19.05,0
US-xSE,-76.56,38.8901,2021,8,1,25.82,20.46,20,2.87,10.95,12.89
US-xSE,-76.56,38.8901,2021,8,2,28.54,18.11,14.71,3.06,26.52,0.1
US-xSE,-76.56,38.8901,2021,8,3,26.64,19.79,15.89,2.14,12.1,0.21
US-xSE,-76.56,38.8901,2021,8,4,26.32,18.97,16.61,4.1,16.24,0.28
US-xSE,-76.56,38.8901,2021,8,5,31.13,17.61,15.16,3.2,26.57,0.13
US-xSE,-76.56,38.8901,2021,8,6,33.18,19.99,17.23,3.32,26.07,0
US-xSE,-76.56,38.8901,2021,8,7,26.24,20.49,19.87,2.97,4.25,10.28
US-xSE,-76.56,38.8901,2021,8,8,31.07,19.73,19.43,2.98,23.3,5.85
US-xSE,-76.56,38.8901,2021,8,9,31.6,20.69,20.49,3.04,21.02,2.07
US-xSE,-76.56,38.8901,2021,8,10,33.8,23.73,22.57,4.41,23.74,3.99
US-xSE,-76.56,38.8901,2021,8,11,35.33,23.7,22.42,2.95,24.57,4.85
US-xSE,-76.56,38.8901,2021,8,12,35.42,23.92,22.31,2.87,24.31,0.72
US-xSE,-76.56,38.8901,2021,8,13,35.36,25.69,22.38,2,22.58,5.24
US-xSE,-76.56,38.8901,2021,8,14,32.48,24.47,22.27,2.15,22.59,6.81
US-xSE,-76.56,38.8901,2021,8,15,29.59,21.81,19.08,3.54,15.92,8.74
US-xSE,-76.56,38.8901,2021,8,16,29.88,22.55,21.45,3.56,13.69,7.81
US-xSE,-76.56,38.8901,2021,8,17,31.43,24.09,23.18,3.71,16.85,4.16
US-xSE,-76.56,38.8901,2021,8,18,31.41,24.94,23.78,6.16,17.66,9.02
US-xSE,-76.56,38.8901,2021,8,19,32.87,24.68,22.52,3.73,22.13,1.36
US-xSE,-76.56,38.8901,2021,8,20,26.42,22.62,21.4,2.91,11.43,19
US-xSE,-76.56,38.8901,2021,8,21,28.34,22.23,20.72,1.78,17.42,1.16
US-xSE,-76.56,38.8901,2021,8,22,29.22,21.74,21.22,2.71,15.41,4.53
US-xSE,-76.56,38.8901,2021,8,23,32.28,22.43,22.21,3.72,22.57,3.48
US-xSE,-76.56,38.8901,2021,8,24,33.3,23.56,21,2.19,23.44,0.13
US-xSE,-76.56,38.8901,2021,8,25,33.91,24.37,20.66,1.8,23.22,0.34
US-xSE,-76.56,38.8901,2021,8,26,33.83,23.45,22.77,2.28,19.14,1.19
US-xSE,-76.56,38.8901,2021,8,27,34.14,24.55,23.16,1.89,21.76,6.63
US-xSE,-76.56,38.8901,2021,8,28,31.35,22.89,22.84,2.91,21.43,4.94
US-xSE,-76.56,38.8901,2021,8,29,31.2,21.67,21.22,2.27,16.34,0.24
US-xSE,-76.56,38.8901,2021,8,30,32.71,23.71,22.06,2.51,21.38,2.39
US-xSE,-76.56,38.8901,2021,8,31,30.01,23.52,22.04,1.99,14.68,4.95
US-xSE,-76.56,38.8901,2021,9,1,30.06,19.54,22.95,6.16,12.7,41.08
US-xSE,-76.56,38.8901,2021,9,2,25.07,17.51,14.64,5.91,24.94,3.11
US-xSE,-76.56,38.8901,2021,9,3,24.87,14.96,14.85,3.14,24.08,0
US-xSE,-76.56,38.8901,2021,9,4,26.06,16.79,15.44,2.13,19.96,0
US-xSE,-76.56,38.8901,2021,9,5,27.45,19.56,19.94,3.82,14.71,4.33
US-xSE,-76.56,38.8901,2021,9,6,28.49,20.46,17.57,3.75,22.59,1.2
US-xSE,-76.56,38.8901,2021,9,7,29.12,17.58,17.76,3.29,22.67,0.08
US-xSE,-76.56,38.8901,2021,9,8,29.79,20.92,21.4,5.38,16.63,6.55
US-xSE,-76.56,38.8901,2021,9,9,24.17,18.41,18.57,4.12,7.89,11.51
US-xSE,-76.56,38.8901,2021,9,10,24.43,16.22,14.42,4.97,22.25,0.02
US-xSE,-76.56,38.8901,2021,9,11,26.3,15.37,14.66,3.23,20.18,0.04
US-xSE,-76.56,38.8901,2021,9,12,29.28,17.48,18.03,4.48,18.57,0.03
US-xSE,-76.56,38.8901,2021,9,13,30.37,20.35,20.32,3.35,18.21,0
US-xSE,-76.56,38.8901,2021,9,14,30.83,22.05,21.27,2.83,16.22,0
US-xSE,-76.56,38.8901,2021,9,15,30.89,21.09,20.59,4.57,19.16,0.29
US-xSE,-76.56,38.8901,2021,9,16,28.28,22.5,22.53,2.65,9.44,7.16
US-xSE,-76.56,38.8901,2021,9,17,28.13,21.06,20.82,3.99,9.11,0.92
US-xSE,-76.56,38.8901,2021,9,18,29.77,19.75,20.07,2.28,17.17,0.02
US-xSE,-76.56,38.8901,2021,9,19,27.64,17.78,15.29,3.67,20.65,0
US-xSE,-76.56,38.8901,2021,9,20,27.01,15.96,15.59,3.98,18.92,0
US-xSE,-76.56,38.8901,2021,9,21,27.95,17.41,18.42,4.1,16.42,0.04
US-xSE,-76.56,38.8901,2021,9,22,27.39,21.24,21.78,7.03,10.13,6.08
US-xSE,-76.56,38.8901,2021,9,23,23.74,15.9,17.89,5.24,9.36,40.14
US-xSE,-76.56,38.8901,2021,9,24,22.77,13.56,11.09,3.05,21.39,0.12
US-xSE,-76.56,38.8901,2021,9,25,23.98,13.88,11.59,1.97,19.36,0.11
US-xSE,-76.56,38.8901,2021,9,26,22.96,14.43,12.14,5.16,20.6,0
US-xSE,-76.56,38.8901,2021,9,27,26.02,13.49,13.29,4.23,19.71,0
US-xSE,-76.56,38.8901,2021,9,28,26.91,16.84,17.57,4.05,12.35,0.8
US-xSE,-76.56,38.8901,2021,9,29,21.62,13.71,10.13,3.73,18.42,0
US-xSE,-76.56,38.8901,2021,9,30,22.84,12.01,11.24,3.53,19.18,0
US-xSE,-76.56,38.8901,2021,10,1,21.36,10.75,9.17,2.44,19.33,0
US-xSE,-76.56,38.8901,2021,10,2,25.61,11.97,15.27,3.35,18.43,0
US-xSE,-76.56,38.8901,2021,10,3,28.31,15.8,17.73,2.82,16.58,1.17
US-xSE,-76.56,38.8901,2021,10,4,26.06,19.91,19.57,3.2,14.43,3.45
US-xSE,-76.56,38.8901,2021,10,5,25.83,18.84,19.87,2.65,12.15,2.25
US-xSE,-76.56,38.8901,2021,10,6,25.59,16.89,17.96,3.43,5.42,0.54
US-xSE,-76.56,38.8901,2021,10,7,25.52,15.61,16.62,2.53,13.86,0.01
US-xSE,-76.56,38.8901,2021,10,8,26.3,16.97,16.64,1.96,15.07,0
US-xSE,-76.56,38.8901,2021,10,9,23.16,17.2,16.81,5.22,9.14,0.42
US-xSE,-76.56,38.8901,2021,10,10,24.77,18.43,18.61,6.27,8.88,3.02
US-xSE,-76.56,38.8901,2021,10,11,23.7,16.6,16.54,4.88,5.61,0.62
US-xSE,-76.56,38.8901,2021,10,12,23.71,17.32,17.56,3.32,8.13,1.1
US-xSE,-76.56,38.8901,2021,10,13,25.15,16.7,16.8,1.36,8.06,0.07
US-xSE,-76.56,38.8901,2021,10,14,26.04,16.16,15.73,2.78,15.42,0
US-xSE,-76.56,38.8901,2021,10,15,28.14,17.25,15.34,2.55,11.58,0
US-xSE,-76.56,38.8901,2021,10,16,27.23,13.63,16.73,6.72,11.53,7.39
US-xSE,-76.56,38.8901,2021,10,17,18.47,11.23,7.73,6.55,15.43,0.13
US-xSE,-76.56,38.8901,2021,10,18,18.72,10.33,7.07,6,16.07,0.02
US-xSE,-76.56,38.8901,2021,10,19,21.91,8.37,7.69,4.69,15.88,0.01
US-xSE,-76.56,38.8901,2021,10,20,24.27,12.27,10.37,4.32,15.16,0.02
US-xSE,-76.56,38.8901,2021,10,21,24.52,11.4,11.84,3.78,15.79,0
US-xSE,-76.56,38.8901,2021,10,22,21.47,12.94,10.69,3.53,10.85,0.05
US-xSE,-76.56,38.8901,2021,10,23,19.4,11,10.79,3.16,10.46,0.54
US-xSE,-76.56,38.8901,2021,10,24,20.85,10.3,10.75,3.71,11.45,0.07
US-xSE,-76.56,38.8901,2021,10,25,24.82,16.01,17.06,4.75,11.78,17.46
US-xSE,-76.56,38.8901,2021,10,26,19.72,10.49,11.25,8.66,12.01,12.55
US-xSE,-76.56,38.8901,2021,10,27,21.1,10.57,10.9,6.56,13.6,0.1
US-xSE,-76.56,38.8901,2021,10,28,19.55,9.66,11.21,3.41,11.56,0.05
US-xSE,-76.56,38.8901,2021,10,29,18.31,13.41,14.75,8.9,3.08,37.95
US-xSE,-76.56,38.8901,2021,10,30,18.34,12.09,11.82,4.16,10.47,1.05
US-xSE,-76.56,38.8901,2021,10,31,18.78,10.06,11.19,4.89,10.18,0.46
US-xSE,-76.56,38.8901,2021,11,1,15.9,9.52,6.69,4.6,14.3,0
US-xSE,-76.56,38.8901,2021,11,2,12.17,5.53,5.59,3.04,3.75,3.76
US-xSE,-76.56,38.8901,2021,11,3,11.61,2.74,1.79,4.16,14.1,0
US-xSE,-76.56,38.8901,2021,11,4,10.5,2.99,1.9,2.92,8.35,0
US-xSE,-76.56,38.8901,2021,11,5,12.1,1.46,0.88,3.88,13.33,0
US-xSE,-76.56,38.8901,2021,11,6,13.68,1.94,3.37,4.29,9.76,0
US-xSE,-76.56,38.8901,2021,11,7,12.38,4.36,3.27,4.26,10.2,0
US-xSE,-76.56,38.8901,2021,11,8,18.41,4.55,6.96,3.94,13.07,0
US-xSE,-76.56,38.8901,2021,11,9,20.87,6.08,8.38,3.48,12.86,0
US-xSE,-76.56,38.8901,2021,11,10,19.79,9.09,9.49,3.77,11.86,0.02
US-xSE,-76.56,38.8901,2021,11,11,18.56,7.7,11.59,4.71,10.07,0.32
US-xSE,-76.56,38.8901,2021,11,12,16.95,8.5,10.57,5.14,8.3,9.11
US-xSE,-76.56,38.8901,2021,11,13,12.58,3.65,5.28,6.06,8.39,0.33
US-xSE,-76.56,38.8901,2021,11,14,9.25,1.45,1.44,4.14,7.21,0.17
US-xSE,-76.56,38.8901,2021,11,15,10.17,2.3,1.36,6.6,10.48,0.13
US-xSE,-76.56,38.8901,2021,11,16,11.53,0.86,1.58,3.42,11.07,0.01
US-xSE,-76.56,38.8901,2021,11,17,16.47,3.75,8.49,3.92,10.22,0
US-xSE,-76.56,38.8901,2021,11,18,20.18,8.8,9.82,6.03,11.4,1.69
US-xSE,-76.56,38.8901,2021,11,19,8.61,1.98,-0.97,6.46,12.18,0.05
US-xSE,-76.56,38.8901,2021,11,20,8.87,-0.72,0.59,3.07,8.38,0
US-xSE,-76.56,38.8901,2021,11,21,12.49,3.87,6.03,3.59,6.86,0.05
US-xSE,-76.56,38.8901,2021,11,22,10.08,1.57,3.54,4.92,3.44,1.09
US-xSE,-76.56,38.8901,2021,11,23,6.69,-1.1,-3.83,5.96,10.77,0
US-xSE,-76.56,38.8901,2021,11,24,8.64,-2.37,-2.78,3.33,11.42,0
US-xSE,-76.56,38.8901,2021,11,25,12.29,0.14,2.04,3.14,9.02,0.59
US-xSE,-76.56,38.8901,2021,11,26,7.29,0.87,-0.3,8.4,10.88,4.59
US-xSE,-76.56,38.8901,2021,11,27,5.89,-0.48,-3.53,5.87,11,0.01
US-xSE,-76.56,38.8901,2021,11,28,12.67,1.16,1.96,3.16,10.07,0.01
US-xSE,-76.56,38.8901,2021,11,29,7.04,-0.05,-1.51,5.57,8.28,0
US-xSE,-76.56,38.8901,2021,11,30,9.76,0.16,-0.36,3.92,6.7,0.01
US-xSE,-76.56,38.8901,2021,12,1,12.14,0.33,2.84,3.31,10.09,0.06
US-xSE,-76.56,38.8901,2021,12,2,15.26,7.07,7.61,5.64,7.27,0.13
US-xSE,-76.56,38.8901,2021,12,3,11.39,4.7,2.39,4.21,7.78,0
US-xSE,-76.56,38.8901,2021,12,4,12.68,2.84,3.29,2.44,9.25,0
US-xSE,-76.56,38.8901,2021,12,5,11.15,0.67,1.73,3.48,8.42,0.02
US-xSE,-76.56,38.8901,2021,12,6,16.86,4.53,7.09,7.08,7.88,0.32
US-xSE,-76.56,38.8901,2021,12,7,5.72,-0.35,-4.15,3.77,9.48,0
US-xSE,-76.56,38.8901,2021,12,8,5.57,0.67,-0.8,3.05,3.07,0.06
US-xSE,-76.56,38.8901,2021,12,9,4.73,-2.32,-3.05,3.22,6.29,0
US-xSE,-76.56,38.8901,2021,12,10,9.64,1.12,3.05,3.22,6.24,0.72
US-xSE,-76.56,38.8901,2021,12,11,16.47,6.76,10.55,7.2,3.61,5.76
US-xSE,-76.56,38.8901,2021,12,12,9.09,1.35,-1.75,5.89,10.55,0.04
US-xSE,-76.56,38.8901,2021,12,13,11.19,-0.19,-0.55,3.58,10.23,0.01
US-xSE,-76.56,38.8901,2021,12,14,12.55,1.34,1.17,3.76,10.05,0
US-xSE,-76.56,38.8901,2021,12,15,13.87,2.02,7,3.36,7.5,0
US-xSE,-76.56,38.8901,2021,12,16,16.65,6.01,8.3,5.42,9.12,0
US-xSE,-76.56,38.8901,2021,12,17,14.4,8.89,6.33,3.45,6.37,0.08
US-xSE,-76.56,38.8901,2021,12,18,11.97,7.24,7.68,3,2.42,0.65
US-xSE,-76.56,38.8901,2021,12,19,11.88,-1.48,0.5,6.55,3.41,0.74
US-xSE,-76.56,38.8901,2021,12,20,4.42,-4.27,-5.72,3.03,10.42,0
US-xSE,-76.56,38.8901,2021,12,21,4.18,-1.25,-0.68,2.11,4.99,1.67
US-xSE,-76.56,38.8901,2021,12,22,8.24,-1.29,-1.84,6.31,9.8,0.31
US-xSE,-76.56,38.8901,2021,12,23,4.06,-3.01,-4.99,3.84,9.79,0
US-xSE,-76.56,38.8901,2021,12,24,11.25,1.36,1.79,4.01,8.35,0
US-xSE,-76.56,38.8901,2021,12,25,17.25,6.35,8.4,5.47,5.72,1.75
US-xSE,-76.56,38.8901,2021,12,26,12.52,2.96,3.93,4.38,9.43,0.02
US-xSE,-76.56,38.8901,2021,12,27,5.69,1.57,1.44,2.81,2.03,0.92
US-xSE,-76.56,38.8901,2021,12,28,11.45,3.33,3.63,2.87,6.54,0.07
US-xSE,-76.56,38.8901,2021,12,29,10.13,6.76,7.4,2.54,3.28,4.42
US-xSE,-76.56,38.8901,2021,12,30,12.23,7.29,8.2,2.23,3.83,3.21
US-xSE,-76.56,38.8901,2021,12,31,12.42,8.27,8.72,2.49,3.6,0.36
US-xSE,-76.56,38.8901,2022,1,1,14.25,9.88,11.99,3.5,1.89,5.87
US-xSE,-76.56,38.8901,2022,1,2,14.54,6.47,10.06,4.02,2.52,14.6
US-xSE,-76.56,38.8901,2022,1,3,5.36,-4.64,-3.3,8.57,2.81,9.6
US-xSE,-76.56,38.8901,2022,1,4,1.48,-6.01,-5.93,3.13,10.35,0.02
US-xSE,-76.56,38.8901,2022,1,5,4.87,-3.45,1.76,4.86,4.52,0.8
US-xSE,-76.56,38.8901,2022,1,6,5,-0.47,-1.77,4.55,9.45,0.39
US-xSE,-76.56,38.8901,2022,1,7,0.06,-4.6,-6.38,8.92,9.77,2.75
US-xSE,-76.56,38.8901,2022,1,8,0.56,-5.79,-7.54,4.31,10.54,0.07
US-xSE,-76.56,38.8901,2022,1,9,5.76,-2,0.93,6.01,3.18,7.97
US-xSE,-76.56,38.8901,2022,1,10,3.39,-3.29,-6.74,7.34,9.64,0.03
US-xSE,-76.56,38.8901,2022,1,11,-2.17,-6.13,-10.55,4.92,11.26,0.04
US-xSE,-76.56,38.8901,2022,1,12,5.92,-4.31,-3.95,5.25,10.57,0
US-xSE,-76.56,38.8901,2022,1,13,4.94,-0.32,0.01,2.26,6.55,0
US-xSE,-76.56,38.8901,2022,1,14,6.92,-3.22,-1.12,7.16,8.88,0
US-xSE,-76.56,38.8901,2022,1,15,-3.82,-6.96,-12.33,5.89,7.95,0
US-xSE,-76.56,38.8901,2022,1,16,8.51,-9.41,-5.35,6.95,2.74,23.33
US-xSE,-76.56,38.8901,2022,1,17,8.36,-0.63,-1.78,10.49,6.86,2.55
US-xSE,-76.56,38.8901,2022,1,18,3.55,-1.7,-4.21,6.3,8.16,0.01
US-xSE,-76.56,38.8901,2022,1,19,8.97,-1.96,0.08,5.48,10.83,0.11
US-xSE,-76.56,38.8901,2022,1,20,3.69,-4.32,-1.66,5.59,2.66,7.18
US-xSE,-76.56,38.8901,2022,1,21,-2.8,-6.95,-10.3,6.14,8.96,0.02
US-xSE,-76.56,38.8901,2022,1,22,-0.3,-8.33,-9.8,3.82,12.24,0.02
US-xSE,-76.56,38.8901,2022,1,23,3.34,-6.65,-5.04,3.22,10.76,0
US-xSE,-76.56,38.8901,2022,1,24,2.56,-3.48,-3.71,4.14,10.2,0
US-xSE,-76.56,38.8901,2022,1,25,7.08,-2.49,-1.82,4.38,4.44,0
US-xSE,-76.56,38.8901,2022,1,26,0,-5.69,-8.98,4.91,13.18,0
US-xSE,-76.56,38.8901,2022,1,27,0.95,-8.15,-8.25,2.65,11.87,0
US-xSE,-76.56,38.8901,2022,1,28,2.95,-1.95,-2.36,3.07,6.19,2.35
US-xSE,-76.56,38.8901,2022,1,29,-0.92,-8.06,-9.87,10.54,10.32,1.65
US-xSE,-76.56,38.8901,2022,1,30,-0.95,-11.09,-10.14,3.78,10.4,0
US-xSE,-76.56,38.8901,2022,1,31,1.38,-6.32,-6.11,4.07,10.27,0
US-xSE,-76.56,38.8901,2022,2,1,4.14,-7.29,-3.62,3.46,11.93,0
US-xSE,-76.56,38.8901,2022,2,2,5.57,-2.02,0.85,2.43,10.32,0.12
US-xSE,-76.56,38.8901,2022,2,3,8.27,1.52,4.2,3.88,4.12,3.5
US-xSE,-76.56,38.8901,2022,2,4,10.69,-1,3.28,6.89,2.24,20.94
US-xSE,-76.56,38.8901,2022,2,5,-0.18,-4.68,-7.86,7.43,14.67,0.36
US-xSE,-76.56,38.8901,2022,2,6,2.15,-5.32,-7.14,3.15,14.13,0
US-xSE,-76.56,38.8901,2022,2,7,5.13,-1.49,0.32,1.91,5.89,4.48
US-xSE,-76.56,38.8901,2022,2,8,5.97,-1.75,-2.21,4.6,13.1,0.21
US-xSE,-76.56,38.8901,2022,2,9,9.83,-2.4,-0.18,4.16,14.1,0.03
US-xSE,-76.56,38.8901,2022,2,10,12.72,0.26,1.68,4.28,14.12,0
US-xSE,-76.56,38.8901,2022,2,11,13.8,2.01,1.99,4.71,14.99,0
US-xSE,-76.56,38.8901,2022,2,12,13.35,4.66,4.21,5.05,13.13,0.08
US-xSE,-76.56,38.8901,2022,2,13,3.8,-3.43,-2.2,5.15,3.22,1.16
US-xSE,-76.56,38.8901,2022,2,14,-1.49,-4.3,-8.27,4.57,13.66,0.06
US-xSE,-76.56,38.8901,2022,2,15,2.18,-4.89,-7.5,2.8,15.89,0
US-xSE,-76.56,38.8901,2022,2,16,9.31,-2.2,0.34,5.42,13.6,0
US-xSE,-76.56,38.8901,2022,2,17,15.77,4.85,8.62,7.99,9.05,1.05
US-xSE,-76.56,38.8901,2022,2,18,16.12,-3.07,0.69,9.43,13.08,3.03
US-xSE,-76.56,38.8901,2022,2,19,8.33,-3.88,-6.8,7.87,15.36,0.02
US-xSE,-76.56,38.8901,2022,2,20,3.75,-5.07,-7.53,3.83,17.35,0
US-xSE,-76.56,38.8901,2022,2,21,12.94,-1.3,2.1,4.11,16.83,0
US-xSE,-76.56,38.8901,2022,2,22,17.64,5.64,11.08,7.29,5.59,1.12
US-xSE,-76.56,38.8901,2022,2,23,18.78,4.02,9.54,6.76,10.54,0.35
US-xSE,-76.56,38.8901,2022,2,24,3.35,0.7,-2.2,4.55,3.31,3.1
US-xSE,-76.56,38.8901,2022,2,25,10.83,0.56,0.69,6.46,11.12,8.16
US-xSE,-76.56,38.8901,2022,2,26,4.62,-1.35,-4.2,3.87,13.24,0
US-xSE,-76.56,38.8901,2022,2,27,9.96,-0.17,-1.67,4.99,16.33,0
US-xSE,-76.56,38.8901,2022,2,28,6.85,-1.33,-4.22,4.35,16.63,0
US-xSE,-76.56,38.8901,2022,3,1,10.89,-1.65,1.09,4.35,12.17,0.01
US-xSE,-76.56,38.8901,2022,3,2,14.08,1.7,3.81,3.75,15.61,0
US-xSE,-76.56,38.8901,2022,3,3,10.12,0.25,-0.15,6.71,10.62,0
US-xSE,-76.56,38.8901,2022,3,4,5.46,-4.45,-6.68,2.98,18.19,0
US-xSE,-76.56,38.8901,2022,3,5,11.98,-0.48,2.24,4.48,17.05,0
US-xSE,-76.56,38.8901,2022,3,6,18.63,7.39,12.9,6.57,10.12,1.29
US-xSE,-76.56,38.8901,2022,3,7,22.58,11.06,13.17,8.69,12.14,1.74
US-xSE,-76.56,38.8901,2022,3,8,10.33,3.86,-0.2,5.47,18.43,0
US-xSE,-76.56,38.8901,2022,3,9,7.09,2.48,3.09,4.28,3.35,14.76
US-xSE,-76.56,38.8901,2022,3,10,9.16,1.35,2.04,2.79,14.55,0.02
US-xSE,-76.56,38.8901,2022,3,11,13.33,1.49,4.49,3.79,18.8,0.02
US-xSE,-76.56,38.8901,2022,3,12,7,-4.34,-1.99,9.8,4.39,17.39
US-xSE,-76.56,38.8901,2022,3,13,4.34,-5.57,-7.04,6.33,20.63,0.02
US-xSE,-76.56,38.8901,2022,3,14,13.43,-1.3,1.13,4.16,19.26,0.04
US-xSE,-76.56,38.8901,2022,3,15,17.64,2.78,5.81,3.74,19.2,0.66
US-xSE,-76.56,38.8901,2022,3,16,19.23,7.02,7.94,3.31,18.64,0.19
US-xSE,-76.56,38.8901,2022,3,17,14.68,8.56,10.08,4.33,3.85,12.56
US-xSE,-76.56,38.8901,2022,3,18,20.35,7.13,10.76,4.23,19.07,0.06
US-xSE,-76.56,38.8901,2022,3,19,21.73,11.54,13.02,6.04,15.78,0.51
US-xSE,-76.56,38.8901,2022,3,20,13.73,7.61,5.22,7.32,15.36,0
US-xSE,-76.56,38.8901,2022,3,21,17.52,3.5,4.58,4.53,21.32,0
US-xSE,-76.56,38.8901,2022,3,22,15.17,6.69,5.41,3.18,18.4,0
US-xSE,-76.56,38.8901,2022,3,23,13.92,5.66,7.14,6.61,5.6,10.26
US-xSE,-76.56,38.8901,2022,3,24,15.7,11.14,13.28,3.54,6.89,11.09
US-xSE,-76.56,38.8901,2022,3,25,16.27,8.68,7.05,4.46,15.11,0.08
US-xSE,-76.56,38.8901,2022,3,26,11.45,4.44,1.78,7.29,14.18,0.34
US-xSE,-76.56,38.8901,2022,3,27,6.83,-1.02,-3.31,8.48,13.22,0.02
US-xSE,-76.56,38.8901,2022,3,28,2.98,-3.19,-8.16,7.75,18.84,0
US-xSE,-76.56,38.8901,2022,3,29,6.36,-3.68,-6.83,5.47,24.45,0
US-xSE,-76.56,38.8901,2022,3,30,12.91,0.55,0.86,4.33,14.53,0
US-xSE,-76.56,38.8901,2022,3,31,20.29,8.75,14.04,8.25,6.27,4.16
US-xSE,-76.56,38.8901,2022,4,1,15.1,4.44,3.9,7.4,16.09,0.45
US-xSE,-76.56,38.8901,2022,4,2,12.19,1.12,0.25,3.87,24.81,0
US-xSE,-76.56,38.8901,2022,4,3,13.99,4.7,3.78,6.72,20.12,0.27
US-xSE,-76.56,38.8901,2022,4,4,12.74,1.38,1.51,3.64,18.88,0
US-xSE,-76.56,38.8901,2022,4,5,13.4,5.83,8.87,3.74,7.81,12.04
US-xSE,-76.56,38.8901,2022,4,6,17.47,9.32,10.36,5.49,9.71,17.68
US-xSE,-76.56,38.8901,2022,4,7,16.27,7.25,9.67,5.82,4.24,17.12
US-xSE,-76.56,38.8901,2022,4,8,16.41,6.06,6.05,4.05,22.22,1.69
US-xSE,-76.56,38.8901,2022,4,9,12.55,6.57,4.69,4.34,15.97,1.05
US-xSE,-76.56,38.8901,2022,4,10,11.11,4.05,1.63,6.95,15.39,0
US-xSE,-76.56,38.8901,2022,4,11,15.18,2.48,3.67,3.73,24.05,0
US-xSE,-76.56,38.8901,2022,4,12,22.59,8.84,11.56,3.32,19.29,0.04
US-xSE,-76.56,38.8901,2022,4,13,22.43,11.07,14.18,4.28,19.21,0
US-xSE,-76.56,38.8901,2022,4,14,25.4,12.28,13.65,6.35,18.07,2.04
US-xSE,-76.56,38.8901,2022,4,15,19.33,7.64,4.74,4.82,26.5,0
US-xSE,-76.56,38.8901,2022,4,16,22.02,11.41,10.21,6.11,21.86,1.98
US-xSE,-76.56,38.8901,2022,4,17,12.63,5.51,2.33,5.57,26.8,0.29
US-xSE,-76.56,38.8901,2022,4,18,9.16,3.7,2.89,7.33,5.48,32.68
US-xSE,-76.56,38.8901,2022,4,19,10.58,4.08,1.34,8.57,18.4,0.13
US-xSE,-76.56,38.8901,2022,4,20,14.58,2.69,2.23,3.9,27.1,0
US-xSE,-76.56,38.8901,2022,4,21,17.28,6.46,7.59,5.09,15.35,0.03
US-xSE,-76.56,38.8901,2022,4,22,21.07,10.16,9.59,3.47,25.55,0
US-xSE,-76.56,38.8901,2022,4,23,20.82,8.5,10.11,3.58,21.22,0
US-xSE,-76.56,38.8901,2022,4,24,21.97,10.53,11.71,3.88,25.04,0
US-xSE,-76.56,38.8901,2022,4,25,20.65,9.35,11.78,4.36,19.78,0
US-xSE,-76.56,38.8901,2022,4,26,21.68,10.94,13.64,3.14,10.44,1.48
US-xSE,-76.56,38.8901,2022,4,27,14.88,5.95,2.78,7.89,25.57,0
US-xSE,-76.56,38.8901,2022,4,28,13.83,2.47,-0.64,6.98,28.94,0
US-xSE,-76.56,38.8901,2022,4,29,16.59,2.61,0.99,4.3,29.09,0
US-xSE,-76.56,38.8901,2022,4,30,18.59,3.76,2.64,3.02,26.23,0
US-xSE,-76.56,38.8901,2022,5,1,18.61,7.52,10.81,4.16,11.66,3.53
US-xSE,-76.56,38.8901,2022,5,2,23.49,11.25,12.48,2.68,25.72,0.44
US-xSE,-76.56,38.8901,2022,5,3,20.56,11.35,12.25,4.8,17.5,5.45
US-xSE,-76.56,38.8901,2022,5,4,23.49,11.54,14.49,2.84,15.92,3.01
US-xSE,-76.56,38.8901,2022,5,5,19.35,12.35,12.58,3.08,12.24,0.05
US-xSE,-76.56,38.8901,2022,5,6,16.82,11.94,12.59,5.19,7.37,21.42
US-xSE,-76.56,38.8901,2022,5,7,12.1,8.01,8.85,10.91,6.87,22.27
US-xSE,-76.56,38.8901,2022,5,8,13,6.97,6.03,7.04,9.12,1.47
US-xSE,-76.56,38.8901,2022,5,9,18.68,5.63,5.09,5.08,28.78,0
US-xSE,-76.56,38.8901,2022,5,10,20.16,8.45,5.5,5.86,28.25,0
US-xSE,-76.56,38.8901,2022,5,11,19.97,8.59,10.21,4.99,19.37,0.19
US-xSE,-76.56,38.8901,2022,5,12,22.69,11.86,14.66,4.91,11.7,1.85
US-xSE,-76.56,38.8901,2022,5,13,23.36,13.57,16.1,4.33,12.2,4.36
US-xSE,-76.56,38.8901,2022,5,14,21.39,14.36,16.72,2.44,7.25,5.83
US-xSE,-76.56,38.8901,2022,5,15,25.09,14.3,17.19,2.44,20.95,1.9
US-xSE,-76.56,38.8901,2022,5,16,25.09,14.87,16.94,4.44,17.05,4.36
US-xSE,-76.56,38.8901,2022,5,17,25.41,13.58,12.74,5.24,28.09,0
US-xSE,-76.56,38.8901,2022,5,18,22.04,11.54,10.89,3.35,24.53,0.86
US-xSE,-76.56,38.8901,2022,5,19,25.95,15.04,16.54,4.42,26.97,2.77
US-xSE,-76.56,38.8901,2022,5,20,29.54,16.41,19.15,3.71,21.61,0.1
US-xSE,-76.56,38.8901,2022,5,21,31.95,21.07,19.21,3.59,26.46,0.01
US-xSE,-76.56,38.8901,2022,5,22,29.62,19.53,20.34,4.42,25.18,13.14
US-xSE,-76.56,38.8901,2022,5,23,22.47,16.95,13.52,3.84,21.12,1.17
US-xSE,-76.56,38.8901,2022,5,24,18.13,13.61,13.45,4.47,8.94,7.09
US-xSE,-76.56,38.8901,2022,5,25,20.87,12.76,11.16,5,17.33,0.06
US-xSE,-76.56,38.8901,2022,5,26,23.74,12.73,16.01,3.63,12.38,0.19
US-xSE,-76.56,38.8901,2022,5,27,23.57,17.15,19.39,5.05,12.15,7.86
US-xSE,-76.56,38.8901,2022,5,28,24.94,17.28,16.66,4.53,27.73,3.79
US-xSE,-76.56,38.8901,2022,5,29,27.01,16.14,16.58,2.27,27.94,0
US-xSE,-76.56,38.8901,2022,5,30,29.92,17.05,18.68,3.32,28.71,0
US-xSE,-76.56,38.8901,2022,5,31,33.1,19.29,19.92,2.98,28.57,0
US-xSE,-76.56,38.8901,2022,6,1,32.83,22.12,19.93,3.24,26.18,0.13
US-xSE,-76.56,38.8901,2022,6,2,30.23,21.65,21.38,2.31,23.23,9
US-xSE,-76.56,38.8901,2022,6,3,25.38,18.58,15.16,4.44,21.98,1.66
US-xSE,-76.56,38.8901,2022,6,4,28.39,16.09,13.03,2.68,30.03,0.03
US-xSE,-76.56,38.8901,2022,6,5,25.91,15.52,11.03,4.19,28.97,0
US-xSE,-76.56,38.8901,2022,6,6,27.16,15.16,10.23,3.59,30.29,0
US-xSE,-76.56,38.8901,2022,6,7,27.02,16.85,17.59,6.59,19.53,1.46
US-xSE,-76.56,38.8901,2022,6,8,30.47,19.35,18.94,2.93,25.72,7.03
US-xSE,-76.56,38.8901,2022,6,9,28.12,18.4,17.5,6.49,26.92,5.89
US-xSE,-76.56,38.8901,2022,6,10,26.9,15.52,13.76,3.2,27.82,0.01
US-xSE,-76.56,38.8901,2022,6,11,24.19,17.93,16.27,2.43,12.26,2.28
US-xSE,-76.56,38.8901,2022,6,12,27.37,19.33,19.67,3.58,14.2,2.85
US-xSE,-76.56,38.8901,2022,6,13,32.44,20.65,20.97,2.84,26.49,1.18
US-xSE,-76.56,38.8901,2022,6,14,26.6,22.36,21.45,2.51,16.6,11.9
US-xSE,-76.56,38.8901,2022,6,15,31.6,19.05,17.34,2.19,28.23,0.4
US-xSE,-76.56,38.8901,2022,6,16,30.16,21.44,20.48,5.06,18.8,3.49
US-xSE,-76.56,38.8901,2022,6,17,34.46,22.55,20.04,5.21,27.08,2.16
US-xSE,-76.56,38.8901,2022,6,18,25.03,17.17,11.5,7.45,28.3,0
US-xSE,-76.56,38.8901,2022,6,19,25.86,14.29,7.09,6.46,31.61,0
US-xSE,-76.56,38.8901,2022,6,20,27.97,14.9,7.46,2.81,30.08,0
US-xSE,-76.56,38.8901,2022,6,21,28.33,17.14,14.21,2.75,17.82,0
US-xSE,-76.56,38.8901,2022,6,22,29.8,19.31,18.98,3.85,16.09,14.47
US-xSE,-76.56,38.8901,2022,6,23,24.13,18.5,17.55,3.41,10.24,12.43
US-xSE,-76.56,38.8901,2022,6,24,29.3,18.51,17.29,1.05,27.18,0.08
US-xSE,-76.56,38.8901,2022,6,25,31.14,18.55,17.25,2.61,29.8,0.01
US-xSE,-76.56,38.8901,2022,6,26,31.49,18.66,17.84,5.02,28.66,0.02
US-xSE,-76.56,38.8901,2022,6,27,28.28,20.18,19.98,4.39,15.01,12.22
US-xSE,-76.56,38.8901,2022,6,28,27.16,17.1,11.75,3.51,30.35,0
US-xSE,-76.56,38.8901,2022,6,29,30.06,17.22,14.84,3.44,29.2,0.05
US-xSE,-76.56,38.8901,2022,6,30,32.4,19.8,16.49,2.45,28.96,0.23
US-xSE,-76.56,38.8901,2022,7,1,33.8,22.21,20.49,5.14,25.67,0.72
US-xSE,-76.56,38.8901,2022,7,2,31.36,23.82,21.27,4.33,21.89,7.34
US-xSE,-76.56,38.8901,2022,7,3,29.94,22.58,18.37,2.39,21.33,10.03
US-xSE,-76.56,38.8901,2022,7,4,30.81,19.43,14.12,2.33,29.59,0.01
US-xSE,-76.56,38.8901,2022,7,5,30.27,21.08,21.9,5.2,15.2,13.48
US-xSE,-76.56,38.8901,2022,7,6,31.8,23.45,22.93,3.22,19.73,13.08
US-xSE,-76.56,38.8901,2022,7,7,29.69,22.1,22.31,3.44,11.46,3.04
US-xSE,-76.56,38.8901,2022,7,8,31.25,20.54,20.4,1.75,23.49,1.17
US-xSE,-76.56,38.8901,2022,7,9,24.57,21.54,21.44,3.28,5.98,16.4
US-xSE,-76.56,38.8901,2022,7,10,26.75,18.27,17.83,3.32,15.84,0.09
US-xSE,-76.56,38.8901,2022,7,11,28.91,17.44,14.95,1.99,29.52,0
US-xSE,-76.56,38.8901,2022,7,12,32.57,19.47,20.61,4.44,27.72,7.7
US-xSE,-76.56,38.8901,2022,7,13,31.63,22.35,20.2,2.62,26.85,0.61
US-xSE,-76.56,38.8901,2022,7,14,31.67,22.8,18.91,3.45,25.88,1.39
US-xSE,-76.56,38.8901,2022,7,15,31.55,21.98,18.28,1.57,24.12,3.44
US-xSE,-76.56,38.8901,2022,7,16,30,21.81,20.3,2,20.3,11.26
US-xSE,-76.56,38.8901,2022,7,17,30.94,21.14,20.78,2.12,20.27,0.69
US-xSE,-76.56,38.8901,2022,7,18,32.84,24.51,23.4,4.48,25.7,6.12
US-xSE,-76.56,38.8901,2022,7,19,32.25,23.34,21.22,2.78,22.71,2.7
US-xSE,-76.56,38.8901,2022,7,20,33.44,22.38,20.6,2.94,27.22,0
US-xSE,-76.56,38.8901,2022,7,21,33.76,25.11,22.9,4.19,21.22,3.99
US-xSE,-76.56,38.8901,2022,7,22,34.15,23.88,19.91,3.39,27.05,1.08
US-xSE,-76.56,38.8901,2022,7,23,35.12,24.34,19.64,2.63,28.49,0.02
US-xSE,-76.56,38.8901,2022,7,24,36.05,23.5,20.57,3.23,24.51,0
US-xSE,-76.56,38.8901,2022,7,25,34.18,25.36,23.41,4.96,17.55,4.07
US-xSE,-76.56,38.8901,2022,7,26,30.74,23.25,19.49,1.91,9.38,4.23
US-xSE,-76.56,38.8901,2022,7,27,32.34,22.53,21.04,2.07,19.5,0.42
US-xSE,-76.56,38.8901,2022,7,28,31.52,25,22.43,3.06,20.3,1.1
US-xSE,-76.56,38.8901,2022,7,29,32.35,23.08,20.8,2.34,13.52,11.01
US-xSE,-76.56,38.8901,2022,7,30,31.74,22.25,16.89,3.77,26.23,0
US-xSE,-76.56,38.8901,2022,7,31,31.8,21.57,17.93,1.95,14.82,2.03
US-xSE,-76.56,38.8901,2022,8,1,30.55,23.22,20.67,3.05,23.9,1.13
US-xSE,-76.56,38.8901,2022,8,2,32.9,23.33,21.23,3.42,25.05,0.76
US-xSE,-76.56,38.8901,2022,8,3,33.7,22.52,17.4,2.65,27.06,0.02
US-xSE,-76.56,38.8901,2022,8,4,35.11,23.04,22.68,2.75,24.84,13.35
US-xSE,-76.56,38.8901,2022,8,5,31.59,23.52,22.74,1.59,21.63,11.13
US-xSE,-76.56,38.8901,2022,8,6,31.08,23.57,23.02,3.83,19.88,1.7
US-xSE,-76.56,38.8901,2022,8,7,32.67,24.88,21.75,4.44,24.65,0.07
US-xSE,-76.56,38.8901,2022,8,8,34.07,23.87,22.28,3.83,24.99,3.88
US-xSE,-76.56,38.8901,2022,8,9,35.59,25.16,22.78,3.52,25.26,2.11
US-xSE,-76.56,38.8901,2022,8,10,33.64,24.57,22.46,2.56,20.73,6.23
US-xSE,-76.56,38.8901,2022,8,11,30.92,23.72,18.4,3.8,19.77,8.45
US-xSE,-76.56,38.8901,2022,8,12,29.75,20.52,13.98,4.43,25.24,0.1
US-xSE,-76.56,38.8901,2022,8,13,28.78,17.6,9.53,3.33,27.21,0
US-xSE,-76.56,38.8901,2022,8,14,29.56,19.64,13.06,2.92,23.07,0.4
US-xSE,-76.56,38.8901,2022,8,15,29.4,20.27,15.61,2.6,15.05,1.24
US-xSE,-76.56,38.8901,2022,8,16,28.37,19.04,15.23,4.26,24.04,0.01
US-xSE,-76.56,38.8901,2022,8,17,28.65,18.79,15.28,1.88,21.47,2.01
US-xSE,-76.56,38.8901,2022,8,18,30.17,18.25,14.8,2.94,25.19,0.35
US-xSE,-76.56,38.8901,2022,8,19,32.02,19.93,17.79,2.76,22.68,0.09
US-xSE,-76.56,38.8901,2022,8,20,32.98,21.53,17.78,2.74,24.2,0.02
US-xSE,-76.56,38.8901,2022,8,21,29.23,21.42,20.73,2.77,12.01,8.71
US-xSE,-76.56,38.8901,2022,8,22,30.91,23.18,22.12,2.97,20.29,4.16
US-xSE,-76.56,38.8901,2022,8,23,31.47,21.04,18.78,3.57,24.35,0.26
US-xSE,-76.56,38.8901,2022,8,24,31.44,20.71,17.47,2.38,23.86,8.11
US-xSE,-76.56,38.8901,2022,8,25,32.21,20.32,18.11,2.47,19.04,2.35
US-xSE,-76.56,38.8901,2022,8,26,32.9,22.34,20.11,3.21,22.21,0.31
US-xSE,-76.56,38.8901,2022,8,27,33.11,22.68,19.4,2.17,22.64,0.65
US-xSE,-76.56,38.8901,2022,8,28,33.11,22.19,21.03,2.62,22.41,1.35
US-xSE,-76.56,38.8901,2022,8,29,33.7,22.71,21.75,2.88,23.52,0.39
US-xSE,-76.56,38.8901,2022,8,30,34.06,23.66,22.04,4.12,22.77,4.87
US-xSE,-76.56,38.8901,2022,8,31,30.36,21.48,17.21,4.69,23.5,0.32
US-xSE,-76.56,38.8901,2022,9,1,31.71,19.02,14.52,3.32,23.95,0
US-xSE,-76.56,38.8901,2022,9,2,31.1,19.25,15.49,4.04,22.37,0
US-xSE,-76.56,38.8901,2022,9,3,31.65,19.71,17.7,2.49,21.16,0
US-xSE,-76.56,38.8901,2022,9,4,32.35,21.52,19.12,2.94,21.07,0
US-xSE,-76.56,38.8901,2022,9,5,31.55,22.17,19.95,3.8,15.74,3.03
US-xSE,-76.56,38.8901,2022,9,6,27.69,21.97,22.41,3,11.56,28.31
US-xSE,-76.56,38.8901,2022,9,7,26.21,20.26,19.62,4.59,8.72,4.28
US-xSE,-76.56,38.8901,2022,9,8,27.14,19.24,17.9,3.26,14.22,0.41
US-xSE,-76.56,38.8901,2022,9,9,28.54,18.09,16.07,3.12,23.04,0.06
US-xSE,-76.56,38.8901,2022,9,10,27.48,17.37,17.51,2.66,18.29,0.21
US-xSE,-76.56,38.8901,2022,9,11,27.31,21.62,22.29,4.3,7.61,18.31
US-xSE,-76.56,38.8901,2022,9,12,29.28,22,22.4,2.19,13.69,4.97
US-xSE,-76.56,38.8901,2022,9,13,27.58,18.86,17.35,4.25,20.94,1.41
US-xSE,-76.56,38.8901,2022,9,14,27.09,15.69,14.6,3.53,21.59,0
US-xSE,-76.56,38.8901,2022,9,15,26.09,16.14,13.96,4,20.57,0.02
US-xSE,-76.56,38.8901,2022,9,16,26.27,13.16,11.56,1.86,18.62,0
US-xSE,-76.56,38.8901,2022,9,17,28.29,17.2,14.35,2.04,19.12,0
US-xSE,-76.56,38.8901,2022,9,18,28.66,17.54,15.86,3.44,20.29,0
US-xSE,-76.56,38.8901,2022,9,19,30.23,19.04,17.48,3.34,18.1,0
US-xSE,-76.56,38.8901,2022,9,20,29.16,19.34,16.11,4.05,20.64,0
US-xSE,-76.56,38.8901,2022,9,21,29.61,16.75,15.49,2.57,19.86,0
US-xSE,-76.56,38.8901,2022,9,22,27.86,16.13,15.08,7.38,7.71,3.76
US-xSE,-76.56,38.8901,2022,9,23,20.44,12.82,5.71,7,21.73,0.01
US-xSE,-76.56,38.8901,2022,9,24,22.19,10.82,6.36,3.16,16.13,0
US-xSE,-76.56,38.8901,2022,9,25,27.25,15.37,14.21,4.53,14.97,1.79
US-xSE,-76.56,38.8901,2022,9,26,25.9,15.02,12.65,4.03,19.38,0.1
US-xSE,-76.56,38.8901,2022,9,27,23.19,14.27,8.34,4.56,18.58,0
US-xSE,-76.56,38.8901,2022,9,28,22.29,10.88,9.41,4.44,18.92,0
US-xSE,-76.56,38.8901,2022,9,29,21.27,12.66,10.03,5.14,16.34,0
US-xSE,-76.56,38.8901,2022,9,30,18.67,13.55,11.81,7.26,4.52,16.8
US-xSE,-76.56,38.8901,2022,10,1,21.74,15.08,16.02,8.09,6.22,15.61
US-xSE,-76.56,38.8901,2022,10,2,15.69,11.39,12.62,7.58,4.08,26.9
US-xSE,-76.56,38.8901,2022,10,3,11.29,8.76,7.88,8.35,6.16,18.84
US-xSE,-76.56,38.8901,2022,10,4,12.33,7.52,8.63,8.24,4.56,22.87
US-xSE,-76.56,38.8901,2022,10,5,17.69,10.86,12.52,5.01,7.63,2.49
US-xSE,-76.56,38.8901,2022,10,6,22.74,10.59,12,2.66,18.16,0.04
US-xSE,-76.56,38.8901,2022,10,7,23.27,11.27,12.15,3.41,17.85,0.02
US-xSE,-76.56,38.8901,2022,10,8,15.42,7.73,5.87,4.93,15.96,0.01
US-xSE,-76.56,38.8901,2022,10,9,16.99,5.08,5.33,3.76,18.37,0
US-xSE,-76.56,38.8901,2022,10,10,18.95,6.45,6.55,2.94,17.95,0
US-xSE,-76.56,38.8901,2022,10,11,21.37,8.37,8.55,2.64,17.82,0
US-xSE,-76.56,38.8901,2022,10,12,20.6,9.43,12.44,4.18,14.54,0.05
US-xSE,-76.56,38.8901,2022,10,13,22.02,13.92,16.92,5.35,5.89,9.08
US-xSE,-76.56,38.8901,2022,10,14,19.6,10.46,7.96,2.27,16.89,0.36
US-xSE,-76.56,38.8901,2022,10,15,21.95,8.51,10.21,4.16,16.76,0.03
US-xSE,-76.56,38.8901,2022,10,16,20.34,10.44,10.29,3.1,15.14,0.72
US-xSE,-76.56,38.8901,2022,10,17,20.23,10.36,13.01,5.02,10.64,5
US-xSE,-76.56,38.8901,2022,10,18,13.24,5.37,2.23,4.68,15.82,0.55
US-xSE,-76.56,38.8901,2022,10,19,13.17,4.06,2.69,4.9,14.93,0
US-xSE,-76.56,38.8901,2022,10,20,15.63,4.22,3.53,4.54,16.23,0
US-xSE,-76.56,38.8901,2022,10,21,18.2,6.08,5.23,2.36,15.66,0
US-xSE,-76.56,38.8901,2022,10,22,19.77,7.86,8.73,2.18,15.76,0
US-xSE,-76.56,38.8901,2022,10,23,16.68,9.86,11.78,5.12,5.53,13.14
US-xSE,-76.56,38.8901,2022,10,24,17.36,11.64,12.81,3.35,5.29,2.35
US-xSE,-76.56,38.8901,2022,10,25,20.78,11.95,14.08,1.62,3.61,0.87
US-xSE,-76.56,38.8901,2022,10,26,19.68,13.44,13.97,2.74,6.59,0.61
US-xSE,-76.56,38.8901,2022,10,27,17.68,8.87,7.72,5.44,15.14,0
US-xSE,-76.56,38.8901,2022,10,28,15.2,6.94,7.15,5.39,9.36,0
US-xSE,-76.56,38.8901,2022,10,29,15.8,7.58,6.44,4.04,14.49,0
US-xSE,-76.56,38.8901,2022,10,30,16.46,7.11,9.29,2.27,10.29,0
US-xSE,-76.56,38.8901,2022,10,31,19.88,9.81,13.33,3.58,8.07,3.03
US-xSE,-76.56,38.8901,2022,11,1,22.11,13.42,13.92,3.66,12.08,2.4
US-xSE,-76.56,38.8901,2022,11,2,19.55,11.36,11.59,3.3,10.34,0.01
US-xSE,-76.56,38.8901,2022,11,3,19.99,9.64,11.9,3.05,12.94,0
US-xSE,-76.56,38.8901,2022,11,4,22.31,11.08,14,2.28,11.07,0
US-xSE,-76.56,38.8901,2022,11,5,23.26,14.97,16.37,5.65,12.14,0.01
US-xSE,-76.56,38.8901,2022,11,6,22.49,16.43,17.55,5.13,8.09,0.45
US-xSE,-76.56,38.8901,2022,11,7,23.97,13.13,12.62,4.4,12.14,0.02
US-xSE,-76.56,38.8901,2022,11,8,15.44,7.27,4.17,5.53,13.6,0.01
US-xSE,-76.56,38.8901,2022,11,9,14.73,4.71,5.21,3.87,12.92,0
US-xSE,-76.56,38.8901,2022,11,10,20.46,7.43,12.01,2.84,10.87,0.01
US-xSE,-76.56,38.8901,2022,11,11,20.63,13.61,17.72,6.32,3.17,11.82
US-xSE,-76.56,38.8901,2022,11,12,20.59,12.69,14.36,5.39,11.39,6.1
US-xSE,-76.56,38.8901,2022,11,13,10.98,4.24,1.84,8,12.07,0.49
US-xSE,-76.56,38.8901,2022,11,14,9.47,2.27,-0.61,3.47,12.28,0
US-xSE,-76.56,38.8901,2022,11,15,9.11,1.75,3.25,3.98,2.88,22.59
US-xSE,-76.56,38.8901,2022,11,16,10.52,2.94,3.16,5.77,10.84,1.46
US-xSE,-76.56,38.8901,2022,11,17,7.15,0.94,-1.05,6.37,11.96,0.02
US-xSE,-76.56,38.8901,2022,11,18,7.89,-1.45,-1.89,4.83,11.78,0
US-xSE,-76.56,38.8901,2022,11,19,7.73,-0.62,-3.28,3.58,11.61,0
US-xSE,-76.56,38.8901,2022,11,20,3.13,-3.19,-6.46,6.85,12.38,0.01
US-xSE,-76.56,38.8901,2022,11,21,7.87,-3.25,-4.82,3.65,11.64,0
US-xSE,-76.56,38.8901,2022,11,22,12.41,-0.99,0.24,3.16,11.63,0
US-xSE,-76.56,38.8901,2022,11,23,14.37,0.13,1.37,2.48,11.33,0
US-xSE,-76.56,38.8901,2022,11,24,13.8,0.92,4.08,2.79,10.21,0.04
US-xSE,-76.56,38.8901,2022,11,25,14.84,4.95,6.01,5.27,6.59,3.12
US-xSE,-76.56,38.8901,2022,11,26,13.19,1.91,2.47,4.09,11.3,0
US-xSE,-76.56,38.8901,2022,11,27,16.32,6.07,9.43,5.64,1.48,12.72
US-xSE,-76.56,38.8901,2022,11,28,12.24,4.24,5.63,5.08,7.85,0.04
US-xSE,-76.56,38.8901,2022,11,29,10.17,1.9,3.14,3.34,7.53,0.01
US-xSE,-76.56,38.8901,2022,11,30,14.63,3.71,6.64,7.17,2.14,9.44
US-xSE,-76.56,38.8901,2022,12,1,6.04,-0.42,-3.7,5.81,11.05,0
US-xSE,-76.56,38.8901,2022,12,2,9.24,-2.04,-0.3,3.62,9.88,0
US-xSE,-76.56,38.8901,2022,12,3,15.24,4.96,8.71,7.41,3.96,11.51
US-xSE,-76.56,38.8901,2022,12,4,7.71,-0.14,-1.98,3.1,10.15,0
US-xSE,-76.56,38.8901,2022,12,5,8.53,0.49,-0.37,2.56,9.03,0
US-xSE,-76.56,38.8901,2022,12,6,11.62,1.63,8.42,2.88,2.34,8.13
US-xSE,-76.56,38.8901,2022,12,7,14.72,9.73,11.51,3.46,3.81,3.93
US-xSE,-76.56,38.8901,2022,12,8,11.56,5.48,6.63,3.68,4.29,0.03
US-xSE,-76.56,38.8901,2022,12,9,8.39,0.37,0.59,3.74,10.2,0
US-xSE,-76.56,38.8901,2022,12,10,7.41,-2.3,-0.1,3.84,6.24,0
US-xSE,-76.56,38.8901,2022,12,11,8.38,3.25,4.49,2.95,3.92,0.4
US-xSE,-76.56,38.8901,2022,12,12,7.3,0.36,1.07,4.71,4.09,0.01
US-xSE,-76.56,38.8901,2022,12,13,4.68,-3.43,-3.81,3.2,10.04,0
US-xSE,-76.56,38.8901,2022,12,14,4.88,-2.59,-3.44,3.19,7.26,0
US-xSE,-76.56,38.8901,2022,12,15,8.27,0.04,3.58,5.18,1.68,55.38
US-xSE,-76.56,38.8901,2022,12,16,8.94,1.36,3.31,6.35,8.71,1.48
US-xSE,-76.56,38.8901,2022,12,17,7.33,-0.02,-0.49,4.42,8.78,0.05
US-xSE,-76.56,38.8901,2022,12,18,4.33,-2.1,-2.52,5.2,6.53,0.02
US-xSE,-76.56,38.8901,2022,12,19,4.04,-3.07,-3.73,5.23,8.66,0
US-xSE,-76.56,38.8901,2022,12,20,4.06,-2.83,-3.52,3.87,9.87,0.02
US-xSE,-76.56,38.8901,2022,12,21,4.87,-2.83,-2.22,2.71,9.79,0
US-xSE,-76.56,38.8901,2022,12,22,12.48,-0.66,5.57,6.71,1.75,27.35
US-xSE,-76.56,38.8901,2022,12,23,11.8,-11.1,-4.96,11.25,7.88,4.99
US-xSE,-76.56,38.8901,2022,12,24,-7.16,-12.02,-13.97,7.19,9.99,0.02
US-xSE,-76.56,38.8901,2022,12,25,-1.45,-9.56,-9.53,4.38,10.22,0
US-xSE,-76.56,38.8901,2022,12,26,0,-8.86,-8.1,2.91,8.59,0
US-xSE,-76.56,38.8901,2022,12,27,4.14,-4.75,-4.08,2.17,9.85,0
US-xSE,-76.56,38.8901,2022,12,28,7.44,-3.5,-0.85,3.68,9.75,0.02
US-xSE,-76.56,38.8901,2022,12,29,8.31,-0.48,1.65,3.51,10.17,0
US-xSE,-76.56,38.8901,2022,12,30,10.34,0.5,4.14,3.46,9.9,0.15
US-xSE,-76.56,38.8901,2022,12,31,9.97,5.29,8.31,3.36,3.03,9.65
US-xSE,-76.56,38.8901,2023,1,1,14.36,5.12,6.82,3.51,9.42,0.03
US-xSE,-76.56,38.8901,2023,1,2,15.17,4.66,7.4,2.69,6.46,0.01
US-xSE,-76.56,38.8901,2023,1,3,15.72,7.27,10.82,5.58,4.9,0.26
US-xSE,-76.56,38.8901,2023,1,4,14.15,10.79,12.53,4.23,3.34,1.28
US-xSE,-76.56,38.8901,2023,1,5,16.18,7.2,9.29,2.28,6.52,0.65
US-xSE,-76.56,38.8901,2023,1,6,9.04,1.79,3.22,4.67,4.87,0.76
US-xSE,-76.56,38.8901,2023,1,7,8.31,-0.36,0.41,4.35,9.2,0
US-xSE,-76.56,38.8901,2023,1,8,6.49,-1.99,0,3.18,3.85,1.3
US-xSE,-76.56,38.8901,2023,1,9,8.01,-0.17,0.48,4.82,10.42,0.2
US-xSE,-76.56,38.8901,2023,1,10,6.2,-1.84,-0.94,2.46,6.31,0
US-xSE,-76.56,38.8901,2023,1,11,5.79,-1.02,1.35,2.74,6.17,0.06
US-xSE,-76.56,38.8901,2023,1,12,11,2.65,6.94,4.97,4.85,1.41
US-xSE,-76.56,38.8901,2023,1,13,11.13,1.68,4.08,7.86,9.03,2.57
US-xSE,-76.56,38.8901,2023,1,14,2.06,-2.03,-3.92,8.62,2.35,0.01
US-xSE,-76.56,38.8901,2023,1,15,5.09,-2.51,-4.04,7.66,11.27,0
US-xSE,-76.56,38.8901,2023,1,16,8.33,-2.75,-3.12,5.03,10.43,0
US-xSE,-76.56,38.8901,2023,1,17,7.01,1.79,2.44,2.91,3.68,0.93
US-xSE,-76.56,38.8901,2023,1,18,11.56,2.92,4.31,5.03,10.1,0.18
US-xSE,-76.56,38.8901,2023,1,19,9.22,2.59,5.13,3.58,2.93,6.09
US-xSE,-76.56,38.8901,2023,1,20,8.94,1.86,2.07,7.15,8.02,0.08
US-xSE,-76.56,38.8901,2023,1,21,6.57,0.82,-0.74,4.25,4.19,0
US-xSE,-76.56,38.8901,2023,1,22,4.33,-0.85,1.27,4.1,2.68,7.82
US-xSE,-76.56,38.8901,2023,1,23,7.13,0.78,0.98,6.9,5.96,2.25
US-xSE,-76.56,38.8901,2023,1,24,8.02,-1.25,-1.15,4.19,11.26,0
US-xSE,-76.56,38.8901,2023,1,25,9.32,-0.59,4.33,5.43,1.72,19.15
US-xSE,-76.56,38.8901,2023,1,26,8.63,1.79,1.88,6.48,7.07,1.11
US-xSE,-76.56,38.8901,2023,1,27,5.15,-1.43,-2.53,4.27,9.54,0
US-xSE,-76.56,38.8901,2023,1,28,11.61,0.21,1.14,4.54,11.42,0
US-xSE,-76.56,38.8901,2023,1,29,9.05,2.16,4.26,4.61,2.79,0.12
US-xSE,-76.56,38.8901,2023,1,30,12.76,3.82,5.36,2.18,10.87,0.12
US-xSE,-76.56,38.8901,2023,1,31,6.05,2.39,2.02,4.01,2.11,2.43
US-xSE,-76.56,38.8901,2023,2,1,3.72,-2.42,-3.16,3.99,11.61,3.56
US-xSE,-76.56,38.8901,2023,2,2,4.21,-2.01,-3.1,2.71,7.38,0
US-xSE,-76.56,38.8901,2023,2,3,1.1,-7.06,-8.39,9.58,14.02,0.01
US-xSE,-76.56,38.8901,2023,2,4,-1.27,-7.64,-10.89,5.02,13.85,0
US-xSE,-76.56,38.8901,2023,2,5,7.05,-1.36,-0.54,5.73,10.92,0.02
US-xSE,-76.56,38.8901,2023,2,6,9.83,-0.8,1.92,5.6,7.77,0.05
US-xSE,-76.56,38.8901,2023,2,7,5.75,-2.12,0.47,3.55,9.26,0
US-xSE,-76.56,38.8901,2023,2,8,13.08,4.03,4.17,3.66,12.55,0.03
US-xSE,-76.56,38.8901,2023,2,9,12.98,3.59,7.6,5.38,6.63,0.02
US-xSE,-76.56,38.8901,2023,2,10,12.68,5.43,6.24,5.64,11.75,0
US-xSE,-76.56,38.8901,2023,2,11,8.25,1.99,-0.89,3.99,14.25,0.01
US-xSE,-76.56,38.8901,2023,2,12,5.16,1.93,1.51,5.51,2.41,13.31
US-xSE,-76.56,38.8901,2023,2,13,12.41,1.37,1.17,6.62,13.96,3.41
US-xSE,-76.56,38.8901,2023,2,14,12.4,1.27,0.65,3.4,15.35,0
US-xSE,-76.56,38.8901,2023,2,15,15.59,5.29,7.54,6.23,10.41,0
US-xSE,-76.56,38.8901,2023,2,16,13.93,8.23,11.15,3.88,5.38,3.75
US-xSE,-76.56,38.8901,2023,2,17,15.89,0.19,6.77,8.87,3.35,15.2
US-xSE,-76.56,38.8901,2023,2,18,5.72,-3.15,-4.29,5.32,17.11,0
US-xSE,-76.56,38.8901,2023,2,19,11.94,1.13,3.14,5.87,15.72,0
US-xSE,-76.56,38.8901,2023,2,20,13.76,6.6,7.57,4.19,6.48,0.05
US-xSE,-76.56,38.8901,2023,2,21,15.09,4.88,5.82,4.56,14.16,1.09
US-xSE,-76.56,38.8901,2023,2,22,10.66,2.8,3.71,3.77,6.15,0.23
US-xSE,-76.56,38.8901,2023,2,23,21.3,5.16,10.69,3.59,10.49,0.46
US-xSE,-76.56,38.8901,2023,2,24,12.97,2.48,2.36,7.63,15.09,0
US-xSE,-76.56,38.8901,2023,2,25,4.38,-1.29,-1.6,3.09,4.42,0.41
US-xSE,-76.56,38.8901,2023,2,26,10.92,1.05,2.38,3.96,11.44,0.02
US-xSE,-76.56,38.8901,2023,2,27,10.86,1.59,2.37,4.89,8.04,7.77
US-xSE,-76.56,38.8901,2023,2,28,10.01,2.3,4.35,3.44,13.9,0.89
US-xSE,-76.56,38.8901,2023,3,1,11.95,0.47,3.77,4.42,12.76,0.29
US-xSE,-76.56,38.8901,2023,3,2,14.67,6.51,7.45,4.08,8.3,0.79
US-xSE,-76.56,38.8901,2023,3,3,13.04,3.54,4.22,6.94,2.66,13.49
US-xSE,-76.56,38.8901,2023,3,4,13.61,3.65,4.71,8.98,18.46,0.64
US-xSE,-76.56,38.8901,2023,3,5,14.68,1.75,3.06,4.15,18.36,0
US-xSE,-76.56,38.8901,2023,3,6,12.25,0.56,2.01,2.83,17.68,0
US-xSE,-76.56,38.8901,2023,3,7,10.28,1.77,-0.41,7.98,16.25,0.02
US-xSE,-76.56,38.8901,2023,3,8,9.88,-0.24,-0.61,7.15,20.05,0
US-xSE,-76.56,38.8901,2023,3,9,11.09,-0.71,1.01,4.71,19.81,0.02
US-xSE,-76.56,38.8901,2023,3,10,9.51,1.17,3.49,4.67,4.32,3.76
US-xSE,-76.56,38.8901,2023,3,11,7.63,0.74,0.25,7.71,12.21,0.03
US-xSE,-76.56,38.8901,2023,3,12,6.59,-0.65,0.21,2.93,7.59,0.66
US-xSE,-76.56,38.8901,2023,3,13,8.07,2.72,3.2,3.35,6.48,1.94
US-xSE,-76.56,38.8901,2023,3,14,5.67,-0.37,-3.4,11.54,20.32,0.04
US-xSE,-76.56,38.8901,2023,3,15,8.85,-1.37,-4.1,9.74,21.86,0
US-xSE,-76.56,38.8901,2023,3,16,14.01,-1.67,-0.1,4.33,20.93,0
US-xSE,-76.56,38.8901,2023,3,17,15.23,5.12,7.72,5.63,7.74,0.55
US-xSE,-76.56,38.8901,2023,3,18,10.32,3.54,0.34,6.16,19.31,0.12
US-xSE,-76.56,38.8901,2023,3,19,4.45,-3.19,-6.56,7.36,22.77,0
US-xSE,-76.56,38.8901,2023,3,20,9.55,-2.99,-3.45,3.12,22.4,0
US-xSE,-76.56,38.8901,2023,3,21,14.53,-1.3,-0.14,3.58,20.59,0.02
US-xSE,-76.56,38.8901,2023,3,22,16.82,3.5,5.02,4.39,17.86,0
US-xSE,-76.56,38.8901,2023,3,23,19.4,7.54,11.18,5.67,13.12,3.15
US-xSE,-76.56,38.8901,2023,3,24,15.63,7.77,8.53,3.59,4.45,7.31
US-xSE,-76.56,38.8901,2023,3,25,14.08,6.3,9.71,5,3.88,5.11
US-xSE,-76.56,38.8901,2023,3,26,16.25,5.43,4.65,4.09,23.21,0
US-xSE,-76.56,38.8901,2023,3,27,17.8,5.71,8.83,3.8,7.1,0.98
US-xSE,-76.56,38.8901,2023,3,28,13.28,6.34,5.14,4.38,17.19,0.1
US-xSE,-76.56,38.8901,2023,3,29,13.94,4.49,3.39,3.39,21.58,0
US-xSE,-76.56,38.8901,2023,3,30,10.17,0.1,-3.31,4.86,24.54,0
US-xSE,-76.56,38.8901,2023,3,31,17.29,3.17,7.74,5.92,11.9,0.62
US-xSE,-76.56,38.8901,2023,4,1,21.35,7.94,12.21,8.58,12.4,11.1
US-xSE,-76.56,38.8901,2023,4,2,12.41,4.59,0.54,6.35,24.89,0
US-xSE,-76.56,38.8901,2023,4,3,17.8,3.43,7.47,5.59,19.99,0
US-xSE,-76.56,38.8901,2023,4,4,22.03,9.87,13.47,4.76,22.85,0
US-xSE,-76.56,38.8901,2023,4,5,24.34,12.56,15.75,5.42,20.2,0.01
US-xSE,-76.56,38.8901,2023,4,6,26.84,13.71,17.11,3.6,17.62,14.57
US-xSE,-76.56,38.8901,2023,4,7,15.42,8.99,5.14,4.21,4.44,0.67
US-xSE,-76.56,38.8901,2023,4,8,9.34,5.12,0.63,4.14,15.34,0
US-xSE,-76.56,38.8901,2023,4,9,15.03,3.46,2.16,3.18,24.79,0
US-xSE,-76.56,38.8901,2023,4,10,16.73,4.06,2.85,2.73,25.6,0
US-xSE,-76.56,38.8901,2023,4,11,21.15,4.22,6.94,3.87,25.08,0
US-xSE,-76.56,38.8901,2023,4,12,25.23,10.87,10.97,5.02,24.6,0
US-xSE,-76.56,38.8901,2023,4,13,26.7,11.77,11.91,3.79,25.72,0
US-xSE,-76.56,38.8901,2023,4,14,23.41,12.61,14.41,4.08,16.19,1.19
US-xSE,-76.56,38.8901,2023,4,15,22.59,15.02,16.4,2.68,18.17,6.06
US-xSE,-76.56,38.8901,2023,4,16,25.42,14.44,16.57,3.02,16.03,0.21
US-xSE,-76.56,38.8901,2023,4,17,19.28,9.79,8.43,5.82,23.36,0.56
US-xSE,-76.56,38.8901,2023,4,18,20.07,7.62,4.64,6.29,27.04,0
US-xSE,-76.56,38.8901,2023,4,19,20.47,5.87,5.33,3.36,26.93,0
US-xSE,-76.56,38.8901,2023,4,20,23.81,10.75,13.91,3.09,25.08,0
US-xSE,-76.56,38.8901,2023,4,21,27.17,13.33,14.89,3.27,25.22,0.01
US-xSE,-76.56,38.8901,2023,4,22,22.27,12.18,14.39,6.65,13.27,24.41
US-xSE,-76.56,38.8901,2023,4,23,18.35,8.76,7.14,5.48,22.33,0.77
US-xSE,-76.56,38.8901,2023,4,24,15.32,6.04,3.47,4.14,25.74,0.02
US-xSE,-76.56,38.8901,2023,4,25,15.53,4.7,2.58,2.99,23.18,0
US-xSE,-76.56,38.8901,2023,4,26,18.05,6.33,7.82,4,21.47,1.43
US-xSE,-76.56,38.8901,2023,4,27,20.18,10.94,11.53,3.23,20.24,0.42
US-xSE,-76.56,38.8901,2023,4,28,14.6,11.89,12.14,8.14,5.55,51.17
US-xSE,-76.56,38.8901,2023,4,29,20.28,12.74,13.5,2.73,15.27,4.18
US-xSE,-76.56,38.8901,2023,4,30,19.47,11.94,14.53,6.26,5.5,23.69
US-xSE,-76.56,38.8901,2023,5,1,16.21,8.81,6.81,6.77,20.72,0.15
US-xSE,-76.56,38.8901,2023,5,2,14.29,9.04,7.3,5.67,10.99,0.25
US-xSE,-76.56,38.8901,2023,5,3,12.73,6.27,5.1,4.76,15.39,1.49
US-xSE,-76.56,38.8901,2023,5,4,16.66,5.52,6.13,3.52,22.62,0.05
US-xSE,-76.56,38.8901,2023,5,5,18.25,7.88,8.87,2.24,24.77,0.13
US-xSE,-76.56,38.8901,2023,5,6,21.04,9.16,8.69,1.87,27.84,0.01
US-xSE,-76.56,38.8901,2023,5,7,22.06,10.73,14.09,2.29,16.13,0.75
US-xSE,-76.56,38.8901,2023,5,8,24.52,15.04,15.7,3.96,23.15,1.01
US-xSE,-76.56,38.8901,2023,5,9,19.2,11.94,11.86,2.99,11.24,2.18
US-xSE,-76.56,38.8901,2023,5,10,20.84,9.98,9.44,2.11,26.6,0.01
US-xSE,-76.56,38.8901,2023,5,11,24.38,10.48,12.24,2.64,24.57,0
US-xSE,-76.56,38.8901,2023,5,12,27.2,14.09,16.56,2.17,25.36,0
US-xSE,-76.56,38.8901,2023,5,13,23.52,16.12,17.12,2.71,9.2,9.74
US-xSE,-76.56,38.8901,2023,5,14,23.23,13.39,11.51,4.25,28.42,0.01
US-xSE,-76.56,38.8901,2023,5,15,22.24,11.68,9.93,3.09,25.01,0.2
US-xSE,-76.56,38.8901,2023,5,16,24.89,13.5,15.46,3.88,19.65,0.22
US-xSE,-76.56,38.8901,2023,5,17,19.94,10.61,9.48,5.43,27.44,0.13
US-xSE,-76.56,38.8901,2023,5,18,20.17,7.07,7.76,4.05,27.97,0
US-xSE,-76.56,38.8901,2023,5,19,21.74,11.46,12.61,4.5,23.66,0.04
US-xSE,-76.56,38.8901,2023,5,20,25.02,13.21,16.22,2.48,20.18,6.87
US-xSE,-76.56,38.8901,2023,5,21,23.93,12.71,11.67,4.63,28.33,0.74
US-xSE,-76.56,38.8901,2023,5,22,25.02,12.77,13.06,3.27,26.22,0
US-xSE,-76.56,38.8901,2023,5,23,22.45,13.19,11.99,3.92,22.31,0
US-xSE,-76.56,38.8901,2023,5,24,25.23,10.9,10.68,2.44,24.81,0
US-xSE,-76.56,38.8901,2023,5,25,21.04,11.12,8.04,5.03,26.11,0
US-xSE,-76.56,38.8901,2023,5,26,22.58,10.38,9.37,3.05,28.61,0
US-xSE,-76.56,38.8901,2023,5,27,23.59,11.17,7.68,3.62,27.46,0
US-xSE,-76.56,38.8901,2023,5,28,21.75,12.73,13,3.53,14.83,2.35
US-xSE,-76.56,38.8901,2023,5,29,23.97,15.25,15.1,4.89,11.82,7.81
US-xSE,-76.56,38.8901,2023,5,30,23.47,12.74,11.54,5.24,18.82,0.17
US-xSE,-76.56,38.8901,2023,5,31,24.52,11.05,11.86,3.45,26.28,0.02
US-xSE,-76.56,38.8901,2023,6,1,27.54,13.92,15.31,3.15,24.67,0
US-xSE,-76.56,38.8901,2023,6,2,32.3,15.41,16.25,2.06,28.87,0.06
US-xSE,-76.56,38.8901,2023,6,3,26,15.15,16.07,4.63,24.53,0.14
US-xSE,-76.56,38.8901,2023,6,4,24.58,13.26,9.9,2.96,26.44,0
US-xSE,-76.56,38.8901,2023,6,5,25.79,12.95,11.5,2.55,25.9,0
US-xSE,-76.56,38.8901,2023,6,6,27.27,14.08,10.84,4.6,22.22,0.81
US-xSE,-76.56,38.8901,2023,6,7,25.35,14.8,10.8,3.02,23.75,0.45
US-xSE,-76.56,38.8901,2023,6,8,23.88,15.93,12.2,1.82,17.46,3.38
US-xSE,-76.56,38.8901,2023,6,9,22.92,13.82,11.15,3.8,23.21,0.4
US-xSE,-76.56,38.8901,2023,6,10,28.45,13.56,11.49,4.05,28.4,0
US-xSE,-76.56,38.8901,2023,6,11,30.41,16.64,16.06,4.57,25.28,0
US-xSE,-76.56,38.8901,2023,6,12,27.43,17.56,18.95,5.78,15.51,11.09
US-xSE,-76.56,38.8901,2023,6,13,26.79,15,12.98,4.13,26.84,0.02
US-xSE,-76.56,38.8901,2023,6,14,27.23,16.69,13.01,5.82,16.6,0.43
US-xSE,-76.56,38.8901,2023,6,15,27.49,14.76,10.82,2.96,27.64,0
US-xSE,-76.56,38.8901,2023,6,16,28.42,17.42,17.87,3.88,16.55,4.43
US-xSE,-76.56,38.8901,2023,6,17,28.05,16.21,13.45,5.17,26.1,0.02
US-xSE,-76.56,38.8901,2023,6,18,29.5,15.9,11.39,3.19,29.1,0
US-xSE,-76.56,38.8901,2023,6,19,31.03,17.68,17.54,3.62,21.18,0.07
US-xSE,-76.56,38.8901,2023,6,20,26.19,19.7,18.08,5.88,13.37,0.6
US-xSE,-76.56,38.8901,2023,6,21,20.84,16.64,15.96,9.22,5.83,14.47
US-xSE,-76.56,38.8901,2023,6,22,22.61,16.28,16.69,6.45,9.18,2.23
US-xSE,-76.56,38.8901,2023,6,23,25.85,18,20.37,3.65,10.97,10.34
US-xSE,-76.56,38.8901,2023,6,24,29.76,20.5,20.22,2.2,19.42,3.04
US-xSE,-76.56,38.8901,2023,6,25,31.11,20.1,19.33,2.52,27.63,0.75
US-xSE,-76.56,38.8901,2023,6,26,30.27,22.37,21.03,4.12,20.16,4.37
US-xSE,-76.56,38.8901,2023,6,27,28.93,20.64,20.15,2.92,22.52,15.05
US-xSE,-76.56,38.8901,2023,6,28,28.46,19.23,17.52,3.86,22.17,0.17
US-xSE,-76.56,38.8901,2023,6,29,29.22,17.96,15.22,2.18,25.23,0
US-xSE,-76.56,38.8901,2023,6,30,29.74,18.49,18.61,3.57,19.69,1.6
US-xSE,-76.56,38.8901,2023,7,1,29.32,21.03,20.97,4.36,20.95,6.7
US-xSE,-76.56,38.8901,2023,7,2,31.35,23.38,22.35,3.57,21.14,1.35
US-xSE,-76.56,38.8901,2023,7,3,31.75,23.62,22.61,3.1,21.64,13.01
US-xSE,-76.56,38.8901,2023,7,4,31.47,22.77,22.13,2.5,26.07,3.65
US-xSE,-76.56,38.8901,2023,7,5,32.93,22.69,20.56,1.49,23.7,0.34
US-xSE,-76.56,38.8901,2023,7,6,32.24,24.27,22.5,2.31,20.87,0.88
US-xSE,-76.56,38.8901,2023,7,7,31.44,24.23,22.36,1.19,20.52,2.79
US-xSE,-76.56,38.8901,2023,7,8,31.66,24.5,22.63,1.85,18.06,7.01
US-xSE,-76.56,38.8901,2023,7,9,27.54,21.18,23,3.11,13.83,27.8
US-xSE,-76.56,38.8901,2023,7,10,30.04,20.43,19.48,3.13,20.82,0.04
US-xSE,-76.56,38.8901,2023,7,11,31.16,20.41,17.43,2.36,28.47,0
US-xSE,-76.56,38.8901,2023,7,12,32.36,20.95,18.24,2.98,26.58,0
US-xSE,-76.56,38.8901,2023,7,13,34.12,22.79,20.76,4.36,27.15,0
US-xSE,-76.56,38.8901,2023,7,14,31.49,24.34,22.63,3.22,23.24,2.94
US-xSE,-76.56,38.8901,2023,7,15,32.16,23.22,23.65,2.82,20.06,12.05
US-xSE,-76.56,38.8901,2023,7,16,29.71,23.69,24.31,3.37,9.2,27.93
US-xSE,-76.56,38.8901,2023,7,17,31.4,22.29,20.51,2.61,21.8,0.13
US-xSE,-76.56,38.8901,2023,7,18,31.38,22.81,20.99,2.4,25.07,0.8
US-xSE,-76.56,38.8901,2023,7,19,30.2,23.75,22.23,1.91,15.18,12.94
US-xSE,-76.56,38.8901,2023,7,20,29.38,22.49,21.75,1.86,24.31,12.39
US-xSE,-76.56,38.8901,2023,7,21,29.48,22.98,21.85,3.04,23.84,5.88
US-xSE,-76.56,38.8901,2023,7,22,28.18,20.75,17.02,2.79,21.12,0.04
US-xSE,-76.56,38.8901,2023,7,23,30.54,20.05,16.31,2.25,27.04,0.1
US-xSE,-76.56,38.8901,2023,7,24,29.44,22.13,21.29,3.33,22.47,4.56
US-xSE,-76.56,38.8901,2023,7,25,30.47,21.87,21.09,2.02,22.98,8.16
US-xSE,-76.56,38.8901,2023,7,26,31.16,21.03,19.13,2.29,27.44,0.08
US-xSE,-76.56,38.8901,2023,7,27,34.79,24.11,22.87,5.08,25.67,0.09
US-xSE,-76.56,38.8901,2023,7,28,33.74,25.24,23.75,2.65,25.76,8.32
US-xSE,-76.56,38.8901,2023,7,29,34.08,24.4,23.42,4.64,24.67,9.73
US-xSE,-76.56,38.8901,2023,7,30,29.26,21.28,16.03,3.48,27.33,0.08
US-xSE,-76.56,38.8901,2023,7,31,29.56,20.86,16.77,1.89,25.05,2.55
US-xSE,-76.56,38.8901,2023,8,1,27.81,18.1,14.83,2.87,22.13,0.01
US-xSE,-76.56,38.8901,2023,8,2,28.45,20.04,13.57,1.88,24.34,0
US-xSE,-76.56,38.8901,2023,8,3,29,20.27,17.54,5.06,12.87,0.29
US-xSE,-76.56,38.8901,2023,8,4,28.58,20.57,19.94,2.86,12.82,1.38
US-xSE,-76.56,38.8901,2023,8,5,30.01,20.11,18.27,1.44,20.77,0.04
US-xSE,-76.56,38.8901,2023,8,6,31.8,20.82,19.1,3.41,22.49,2.84
US-xSE,-76.56,38.8901,2023,8,7,31.3,23.61,23.24,4.8,22.71,29.78
US-xSE,-76.56,38.8901,2023,8,8,28.76,22.19,18.46,6.44,24.98,1.56
US-xSE,-76.56,38.8901,2023,8,9,30.28,19.93,17.96,3.88,24.34,0.03
US-xSE,-76.56,38.8901,2023,8,10,26.93,21.99,21.2,3.97,10.27,3.96
US-xSE,-76.56,38.8901,2023,8,11,30.51,20.66,19.14,3.84,22.52,0.01
US-xSE,-76.56,38.8901,2023,8,12,32.33,21.49,20.56,3.41,24.45,0.13
US-xSE,-76.56,38.8901,2023,8,13,32.96,23.73,20.34,3.72,23.73,0.07
US-xSE,-76.56,38.8901,2023,8,14,33.48,22.82,20.91,2.71,18.03,7.38
US-xSE,-76.56,38.8901,2023,8,15,31.27,23.8,22.63,2.83,19.59,7
US-xSE,-76.56,38.8901,2023,8,16,30.87,21.48,17.72,2.81,23.87,0.03
US-xSE,-76.56,38.8901,2023,8,17,30.7,21.87,20.63,3.98,23.04,1.05
US-xSE,-76.56,38.8901,2023,8,18,29.88,20.23,16.85,5.14,24.05,0.52
US-xSE,-76.56,38.8901,2023,8,19,28.44,17.12,11.91,3.61,26.55,0
US-xSE,-76.56,38.8901,2023,8,20,31.51,17.98,16.61,3.06,24.85,0
US-xSE,-76.56,38.8901,2023,8,21,32.6,21.65,18.78,2.07,18.13,0
US-xSE,-76.56,38.8901,2023,8,22,28.96,19.13,14.7,4.54,22.9,0
US-xSE,-76.56,38.8901,2023,8,23,28.42,17.81,13.66,2.21,21.42,0
US-xSE,-76.56,38.8901,2023,8,24,28.56,21.15,17.91,5.05,11.91,0.72
US-xSE,-76.56,38.8901,2023,8,25,33.52,23.25,21.28,3.79,20.89,0.36
US-xSE,-76.56,38.8901,2023,8,26,33.41,23.73,21.57,2.41,22.08,0.88
US-xSE,-76.56,38.8901,2023,8,27,31.75,22.63,19.03,2.91,17.93,0.02
US-xSE,-76.56,38.8901,2023,8,28,26.87,22.29,20.77,4.09,6.9,1.5
US-xSE,-76.56,38.8901,2023,8,29,29.77,21.82,21.84,2.95,10.91,2.49
US-xSE,-76.56,38.8901,2023,8,30,31.33,21.84,18.61,3.45,18.09,3.18
US-xSE,-76.56,38.8901,2023,8,31,28.06,18.91,13.24,5.35,20.72,0
US-xSE,-76.56,38.8901,2023,9,1,27.63,16.51,11.65,3.55,24.95,0
US-xSE,-76.56,38.8901,2023,9,2,29.45,15.66,13.23,2.32,24.48,0
US-xSE,-76.56,38.8901,2023,9,3,34.24,19.43,17.64,2.81,22.92,0
US-xSE,-76.56,38.8901,2023,9,4,33.15,22.85,18.09,3.09,19.18,0
US-xSE,-76.56,38.8901,2023,9,5,35.27,23.69,18.5,2.73,21.6,0
US-xSE,-76.56,38.8901,2023,9,6,36.04,23.68,19.06,2.33,22.19,0
US-xSE,-76.56,38.8901,2023,9,7,34.17,23.85,22.37,3.23,20.22,1.15
US-xSE,-76.56,38.8901,2023,9,8,32.73,23.42,22.21,2.51,19.37,8.77
US-xSE,-76.56,38.8901,2023,9,9,30.1,22.53,21.45,2.25,14.45,8.76
US-xSE,-76.56,38.8901,2023,9,10,29.02,22.01,20.92,2.63,14.73,19.72
US-xSE,-76.56,38.8901,2023,9,11,29.14,20.93,20.24,1.43,18.6,5.64
US-xSE,-76.56,38.8901,2023,9,12,30.31,21.07,19.38,2.09,19.04,10.69
US-xSE,-76.56,38.8901,2023,9,13,28.64,20.91,18.32,2.85,19.86,10.16
US-xSE,-76.56,38.8901,2023,9,14,26.82,17.97,13.74,4.58,21.97,0.02
US-xSE,-76.56,38.8901,2023,9,15,25.18,14.27,11.31,5.08,22.61,0
US-xSE,-76.56,38.8901,2023,9,16,27.02,13.91,11.19,3.67,22.4,0
US-xSE,-76.56,38.8901,2023,9,17,27.68,16.46,17.59,3.22,10.89,5.57
US-xSE,-76.56,38.8901,2023,9,18,25.29,17.37,15.38,4.55,13.93,12.45
US-xSE,-76.56,38.8901,2023,9,19,25.05,14.6,11.97,4.09,20.95,0.01
US-xSE,-76.56,38.8901,2023,9,20,26.01,14.27,11.41,1.69,19.6,0
US-xSE,-76.56,38.8901,2023,9,21,26.13,15.44,13.53,2.17,17.65,0
US-xSE,-76.56,38.8901,2023,9,22,23.26,15.4,14.37,6.67,12.44,0.65
US-xSE,-76.56,38.8901,2023,9,23,20.69,15.86,16.98,11.19,3.51,48.04
US-xSE,-76.56,38.8901,2023,9,24,21.44,17.85,18.08,4.03,7.4,5.81
US-xSE,-76.56,38.8901,2023,9,25,21.81,15.63,16.62,4.13,7.27,1.67
US-xSE,-76.56,38.8901,2023,9,26,19.25,14.7,14.69,6.1,4.33,1.82
US-xSE,-76.56,38.8901,2023,9,27,20.6,13.08,12.66,4.53,14.45,0.02
US-xSE,-76.56,38.8901,2023,9,28,21.24,12.91,15.19,4.65,6.95,1.24
US-xSE,-76.56,38.8901,2023,9,29,22.26,15.82,16.66,4.36,6.34,1.66
US-xSE,-76.56,38.8901,2023,9,30,22.77,14.88,15.8,3.58,10.06,0.18
US-xSE,-76.56,38.8901,2023,10,1,25.74,15.64,15.75,3.65,18.61,0.01
US-xSE,-76.56,38.8901,2023,10,2,26.63,15.67,16.78,2.95,18.08,0
US-xSE,-76.56,38.8901,2023,10,3,27.18,16.72,16.19,1.63,18.06,0
US-xSE,-76.56,38.8901,2023,10,4,26.57,15.24,15.62,2.49,18.85,0
US-xSE,-76.56,38.8901,2023,10,5,26.55,15.08,17.55,2.8,14.16,0.11
US-xSE,-76.56,38.8901,2023,10,6,24.52,18.2,19.43,2.05,9.84,1.37
US-xSE,-76.56,38.8901,2023,10,7,19.29,11.34,12.22,5.84,10.12,2.24
US-xSE,-76.56,38.8901,2023,10,8,17.44,9.71,5.99,6.04,15.83,0
US-xSE,-76.56,38.8901,2023,10,9,18.26,7.72,7.36,4.34,15.67,0.36
US-xSE,-76.56,38.8901,2023,10,10,20.55,8.73,9.31,2.96,15.96,0.12
US-xSE,-76.56,38.8901,2023,10,11,21.38,10.09,7.35,2.63,16.21,0
US-xSE,-76.56,38.8901,2023,10,12,22.72,10.68,8.45,1.68,16.46,0
US-xSE,-76.56,38.8901,2023,10,13,20.85,11.23,8.42,3.16,16.88,0
US-xSE,-76.56,38.8901,2023,10,14,17.91,10.58,13.16,3.93,4.24,22.46
US-xSE,-76.56,38.8901,2023,10,15,16.79,9.18,7.78,6.35,12.74,0.48
US-xSE,-76.56,38.8901,2023,10,16,17.17,7.54,8.4,5.14,12.89,0.05
US-xSE,-76.56,38.8901,2023,10,17,18.21,9.4,9.03,3.93,10.22,0.02
US-xSE,-76.56,38.8901,2023,10,18,18.33,7.39,7.57,2.57,14.36,0
US-xSE,-76.56,38.8901,2023,10,19,20.72,8.77,10.61,4.69,15.13,0.02
US-xSE,-76.56,38.8901,2023,10,20,21.61,13.22,13.38,3.87,11.33,4.69
US-xSE,-76.56,38.8901,2023,10,21,18.72,11.37,9.68,7.33,12.67,0.97
US-xSE,-76.56,38.8901,2023,10,22,16.56,9.16,5.33,6.75,14.83,0.04
US-xSE,-76.56,38.8901,2023,10,23,17.35,6.34,3.8,3.99,16.25,0
US-xSE,-76.56,38.8901,2023,10,24,19.73,7.39,6.67,2.53,15.09,0
US-xSE,-76.56,38.8901,2023,10,25,22.9,8.37,9.89,3.78,14.83,0
US-xSE,-76.56,38.8901,2023,10,26,24.28,10,11.57,2.91,14.11,0
US-xSE,-76.56,38.8901,2023,10,27,24.92,14,14.84,3.16,12.02,0
US-xSE,-76.56,38.8901,2023,10,28,27.04,15.25,15.69,3.06,13.38,0
US-xSE,-76.56,38.8901,2023,10,29,25.78,16.06,17.09,2.31,11.39,0.09
US-xSE,-76.56,38.8901,2023,10,30,25.02,11.99,13.99,4.8,12.69,1.53
US-xSE,-76.56,38.8901,2023,10,31,13.41,6.08,3.83,3.53,6.89,1.07
US-xSE,-76.56,38.8901,2023,11,1,10.61,4.45,0.38,6.58,13.27,0.07
US-xSE,-76.56,38.8901,2023,11,2,11.4,1.25,-1.19,3.03,14.33,0
US-xSE,-76.56,38.8901,2023,11,3,15.11,2.39,2.75,3.78,13.97,0
US-xSE,-76.56,38.8901,2023,11,4,17.69,4.36,4.92,2.18,12.73,0
US-xSE,-76.56,38.8901,2023,11,5,20.6,7.4,6.51,2.79,12.55,0
US-xSE,-76.56,38.8901,2023,11,6,17.78,5.94,7.8,3.62,11.85,0
US-xSE,-76.56,38.8901,2023,11,7,21.28,11.64,10.49,4.93,8.75,0
US-xSE,-76.56,38.8901,2023,11,8,15.8,7.44,4.45,3.64,12.71,0
US-xSE,-76.56,38.8901,2023,11,9,22.72,8.36,11.39,4.41,10.33,0.18
US-xSE,-76.56,38.8901,2023,11,10,11.85,4.32,5.9,3.34,3.74,2.98
US-xSE,-76.56,38.8901,2023,11,11,15.36,3.79,3.94,2.56,11.17,0.01
US-xSE,-76.56,38.8901,2023,11,12,11.46,2.59,1.54,3.95,9.87,0
US-xSE,-76.56,38.8901,2023,11,13,12.69,-0.24,1.6,3.24,12.14,0
US-xSE,-76.56,38.8901,2023,11,14,14.65,5.19,2.48,4.46,12.58,0.01
US-xSE,-76.56,38.8901,2023,11,15,12.54,2.46,4.39,3.12,9.01,0
US-xSE,-76.56,38.8901,2023,11,16,18.15,3.63,5.42,3.13,12.01,0
US-xSE,-76.56,38.8901,2023,11,17,19.7,7.4,11.29,4.33,9.31,0.08
US-xSE,-76.56,38.8901,2023,11,18,13.68,4.22,4.72,5.67,11.87,0.15
US-xSE,-76.56,38.8901,2023,11,19,14.2,2.38,1.11,3.94,11.82,0
US-xSE,-76.56,38.8901,2023,11,20,9.98,1.86,-0.15,3.83,9.67,0
US-xSE,-76.56,38.8901,2023,11,21,14.58,3.18,7.65,7.73,2.74,42.62
US-xSE,-76.56,38.8901,2023,11,22,14.8,8.1,8.88,5.66,9.59,15.76
US-xSE,-76.56,38.8901,2023,11,23,12.3,4.94,3.87,4.73,11.33,0.01
US-xSE,-76.56,38.8901,2023,11,24,10.62,3.06,2.27,4.29,7.87,0
US-xSE,-76.56,38.8901,2023,11,25,6.09,-0.18,-2.68,3.67,10.96,0
US-xSE,-76.56,38.8901,2023,11,26,8.96,0.66,4.38,3.29,3.35,10.67
US-xSE,-76.56,38.8901,2023,11,27,9.76,-0.36,1.29,5.55,10.5,0.01
US-xSE,-76.56,38.8901,2023,11,28,4.36,-2.74,-5.27,6.76,7.62,0
US-xSE,-76.56,38.8901,2023,11,29,3.58,-3.74,-6.38,4.32,10.79,0
US-xSE,-76.56,38.8901,2023,11,30,11.41,-1.68,0.41,3.94,9.81,0
US-xSE,-76.56,38.8901,2023,12,1,10.63,1.78,5.1,3.56,3.33,5.12
US-xSE,-76.56,38.8901,2023,12,2,12.42,6.74,8.64,2.05,3.09,2.48
US-xSE,-76.56,38.8901,2023,12,3,13.3,8.24,9.93,3.22,2.73,11.42
US-xSE,-76.56,38.8901,2023,12,4,11.11,3.86,4.7,3.55,6.86,0
US-xSE,-76.56,38.8901,2023,12,5,8.53,1.47,1.44,2.76,8.58,0.01
US-xSE,-76.56,38.8901,2023,12,6,6.25,0.1,0.38,4.79,4.3,0.15
US-xSE,-76.56,38.8901,2023,12,7,7.87,-0.58,0.12,3.86,4.58,0.11
US-xSE,-76.56,38.8901,2023,12,8,11.04,0.58,3.82,3.1,9.19,0
US-xSE,-76.56,38.8901,2023,12,9,12.08,4.82,6.52,2.71,8.52,0
US-xSE,-76.56,38.8901,2023,12,10,15.74,6.18,11.78,5.85,4.12,45.41
US-xSE,-76.56,38.8901,2023,12,11,7.39,-0.68,0.55,7.06,6.16,16.37
US-xSE,-76.56,38.8901,2023,12,12,7.5,-2.52,-0.91,3.77,10.38,0
US-xSE,-76.56,38.8901,2023,12,13,8.33,-0.15,-0.72,4.59,8.19,0.29
US-xSE,-76.56,38.8901,2023,12,14,6.76,-2.51,-3.07,3.1,9.37,0
US-xSE,-76.56,38.8901,2023,12,15,11.87,-0.53,0.98,4.3,9.95,0
US-xSE,-76.56,38.8901,2023,12,16,12.85,0.68,3.61,3.58,9,0
US-xSE,-76.56,38.8901,2023,12,17,13.37,5.76,9.54,4.88,2.99,34.26
US-xSE,-76.56,38.8901,2023,12,18,14.45,2.18,5.65,8.28,9.07,47
US-xSE,-76.56,38.8901,2023,12,19,4.74,-1.76,-2.14,6.81,5.34,0.11
US-xSE,-76.56,38.8901,2023,12,20,6.29,-2.95,-2.74,4.06,9.92,0
US-xSE,-76.56,38.8901,2023,12,21,7.41,-1.28,-0.81,3.04,7.77,0
US-xSE,-76.56,38.8901,2023,12,22,6.52,-1.2,-1.72,2.92,8.57,0
US-xSE,-76.56,38.8901,2023,12,23,9.36,-0.34,2.68,3.12,5.35,0.08
US-xSE,-76.56,38.8901,2023,12,24,10.14,1.97,4.77,1.99,4.94,0.12
US-xSE,-76.56,38.8901,2023,12,25,12.47,3.83,6.26,2.88,8.37,0.03
US-xSE,-76.56,38.8901,2023,12,26,9.26,4.52,5.99,2.94,4.91,0.75
US-xSE,-76.56,38.8901,2023,12,27,12.71,6.81,9.13,4.19,2.4,32.55
US-xSE,-76.56,38.8901,2023,12,28,13.3,7.98,9.05,3.29,3.99,1.07
US-xSE,-76.56,38.8901,2023,12,29,11.52,4.27,4.42,3.66,7.38,0.11
US-xSE,-76.56,38.8901,2023,12,30,8.29,1.42,2,5.34,6.54,0.23
US-xSE,-76.56,38.8901,2023,12,31,8.45,0.04,1.28,3.35,9.32,0
US-xSE,-76.56,38.8901,2024,1,1,7.32,1.94,3.06,3.71,4.01,0.16
US-xSE,-76.56,38.8901,2024,1,2,5.82,-0.9,-1,4.66,9.96,0
US-xSE,-76.56,38.8901,2024,1,3,6.86,-1.74,-0.7,2.79,9.58,0
US-xSE,-76.56,38.8901,2024,1,4,6.24,-2.19,-0.35,5.13,5.4,0.21
US-xSE,-76.56,38.8901,2024,1,5,3.28,-4.07,-4.63,3.26,10.82,0
US-xSE,-76.56,38.8901,2024,1,6,6.32,-0.27,2.28,4.62,1.68,29.1
US-xSE,-76.56,38.8901,2024,1,7,7.15,0.55,1.32,6.27,9.02,0.12
US-xSE,-76.56,38.8901,2024,1,8,8.21,-0.4,0.06,3.62,9.67,0
US-xSE,-76.56,38.8901,2024,1,9,14,0.71,6.87,9.83,1.22,61.63
US-xSE,-76.56,38.8901,2024,1,10,13.08,2.28,3.35,7.3,7.6,0.5
US-xSE,-76.56,38.8901,2024,1,11,8.68,-0.67,1.27,3.98,10.99,0
US-xSE,-76.56,38.8901,2024,1,12,10.38,-0.41,3.24,6.19,7.82,10.44
US-xSE,-76.56,38.8901,2024,1,13,11.29,-0.99,2.96,7.59,8.26,4.69
US-xSE,-76.56,38.8901,2024,1,14,7.02,-2.39,-3.33,6.59,9.05,0.01
US-xSE,-76.56,38.8901,2024,1,15,-1.1,-2.65,-4.7,1.9,3.41,3.84
US-xSE,-76.56,38.8901,2024,1,16,0.05,-6.52,-4.33,6.17,2.27,2.53
US-xSE,-76.56,38.8901,2024,1,17,-2.09,-8.57,-9.61,6.19,8.63,0
US-xSE,-76.56,38.8901,2024,1,18,1.68,-6.45,-4.68,2.19,5.45,0
US-xSE,-76.56,38.8901,2024,1,19,0.29,-4.23,-2.34,4.97,6.19,4.25
US-xSE,-76.56,38.8901,2024,1,20,-3.85,-6.86,-8.52,8.07,8.72,0.16
US-xSE,-76.56,38.8901,2024,1,21,0.5,-6.89,-6.74,6.76,11.11,0.07
US-xSE,-76.56,38.8901,2024,1,22,2.25,-8.51,-5.29,3.27,10.99,0
US-xSE,-76.56,38.8901,2024,1,23,4.03,-3.23,-0.98,2.49,7.75,0.01
US-xSE,-76.56,38.8901,2024,1,24,7.65,0.59,3.87,2.89,5.22,0.61
US-xSE,-76.56,38.8901,2024,1,25,14.76,5.64,10.18,3.36,3.83,2.66
US-xSE,-76.56,38.8901,2024,1,26,20.65,8.18,12.24,4.06,10.12,0.77
US-xSE,-76.56,38.8901,2024,1,27,13.15,3.68,5.84,3.22,9.27,7.76
US-xSE,-76.56,38.8901,2024,1,28,6.69,3.28,4.29,5.63,4.58,25.35
US-xSE,-76.56,38.8901,2024,1,29,6.87,0.66,1.17,6.41,8.21,0.28
US-xSE,-76.56,38.8901,2024,1,30,5.48,-2.01,-0.1,3.09,6.98,0.08
US-xSE,-76.56,38.8901,2024,1,31,7.15,1.4,2.02,2.25,5.97,0.02
US-xSE,-76.56,38.8901,2024,2,1,9.44,-0.48,2.38,3.12,12.58,0.52
US-xSE,-76.56,38.8901,2024,2,2,8.56,2.48,3.88,4.26,4.77,0.47
US-xSE,-76.56,38.8901,2024,2,3,7.19,-1.21,-0.1,3.6,13.53,0
US-xSE,-76.56,38.8901,2024,2,4,8,-1.88,-1.04,2.38,13.52,0
US-xSE,-76.56,38.8901,2024,2,5,7.09,-1.63,-0.94,3.41,13.62,0
US-xSE,-76.56,38.8901,2024,2,6,5.14,-2.74,-2.52,4.25,14.01,0
US-xSE,-76.56,38.8901,2024,2,7,7.8,-1.73,-0.7,2.72,13.78,0
US-xSE,-76.56,38.8901,2024,2,8,9.51,-0.71,1.57,3.09,11.11,0
US-xSE,-76.56,38.8901,2024,2,9,13.05,3.41,5.63,3.81,12.76,0
US-xSE,-76.56,38.8901,2024,2,10,14.25,5.74,9.09,3.06,4.69,0
US-xSE,-76.56,38.8901,2024,2,11,9.69,7.03,7.28,2.82,2.62,2.19
US-xSE,-76.56,38.8901,2024,2,12,9.55,5.8,6.03,2.19,3.56,3.27
US-xSE,-76.56,38.8901,2024,2,13,5.86,1.55,1.63,8.27,8.75,18.8
US-xSE,-76.56,38.8901,2024,2,14,4.41,-2.12,-2.58,5.76,15.62,0.01
US-xSE,-76.56,38.8901,2024,2,15,6.26,-3.14,-1.33,4.24,11.82,0.01
US-xSE,-76.56,38.8901,2024,2,16,6.23,-0.11,-1.14,4.8,10.62,0.06
US-xSE,-76.56,38.8901,2024,2,17,3.04,-2.98,-2.51,6.62,11.72,4.24
US-xSE,-76.56,38.8901,2024,2,18,5.99,-4.09,-3.6,5.22,14.31,0.01
US-xSE,-76.56,38.8901,2024,2,19,6.97,-1.59,-2.17,3.09,16.68,0.06
US-xSE,-76.56,38.8901,2024,2,20,7.02,-2.07,-1.17,3.4,16.02,0
US-xSE,-76.56,38.8901,2024,2,21,7,-2.58,-0.68,3.28,16.67,0
US-xSE,-76.56,38.8901,2024,2,22,7.98,-1.41,2.75,4.32,10.23,0.74
US-xSE,-76.56,38.8901,2024,2,23,8.16,3.65,5.18,3.22,3.41,2.86
US-xSE,-76.56,38.8901,2024,2,24,8.23,-1.75,0.81,5.17,12.3,0.39
US-xSE,-76.56,38.8901,2024,2,25,5.75,-3.89,-4.21,3.23,17.19,0
US-xSE,-76.56,38.8901,2024,2,26,12.57,0.59,4.53,3.43,15.42,0.01
US-xSE,-76.56,38.8901,2024,2,27,14.48,6.26,8.95,6.09,8.94,0.51
US-xSE,-76.56,38.8901,2024,2,28,16.65,3.91,10.56,9.12,4.86,7.92
US-xSE,-76.56,38.8901,2024,2,29,6.95,-1.54,-3.69,6.35,18.92,0
US-xSE,-76.56,38.8901,2024,3,1,9.21,-1.86,-0.77,4.29,16.43,0.35
US-xSE,-76.56,38.8901,2024,3,2,13.35,4.13,7.86,4.95,7.66,25.48
US-xSE,-76.56,38.8901,2024,3,3,17.45,5.23,7.75,2.58,16.6,0
US-xSE,-76.56,38.8901,2024,3,4,17.24,7.17,9.15,4.06,12.15,1.87
US-xSE,-76.56,38.8901,2024,3,5,10.72,6.33,7.15,4.71,7.41,8.95
US-xSE,-76.56,38.8901,2024,3,6,10.81,6.35,8.57,4.03,3.62,23.91
US-xSE,-76.56,38.8901,2024,3,7,14.44,7.41,8.86,5.42,11.71,0.41
US-xSE,-76.56,38.8901,2024,3,8,11.66,4.33,5.23,4.02,16.64,0
US-xSE,-76.56,38.8901,2024,3,9,12.11,5.32,7.75,6.13,4.16,17.61
US-xSE,-76.56,38.8901,2024,3,10,7.81,2.04,1.36,10.12,14.39,1.03
US-xSE,-76.56,38.8901,2024,3,11,10.28,1.47,-0.13,9.61,20.77,0
US-xSE,-76.56,38.8901,2024,3,12,17.94,3.02,6.07,5.34,19.4,0
US-xSE,-76.56,38.8901,2024,3,13,19.56,6.36,7.97,3.24,16.56,0
US-xSE,-76.56,38.8901,2024,3,14,21.95,7.45,8.63,3.48,19.26,0
US-xSE,-76.56,38.8901,2024,3,15,20.73,10.65,12.98,5.15,9.88,1.05
US-xSE,-76.56,38.8901,2024,3,16,15.03,6.11,6.96,4.09,21.18,0
US-xSE,-76.56,38.8901,2024,3,17,18.17,8.2,8.25,5.05,15.74,0
US-xSE,-76.56,38.8901,2024,3,18,9.3,1.69,0.65,6.77,18.52,0
US-xSE,-76.56,38.8901,2024,3,19,9.06,0.56,-0.24,6.15,19.56,0
US-xSE,-76.56,38.8901,2024,3,20,16.27,2.17,3.1,7.81,20.35,0
US-xSE,-76.56,38.8901,2024,3,21,7.58,-1.94,-3.58,5.2,21.81,0
US-xSE,-76.56,38.8901,2024,3,22,11.45,-1.75,1.28,4.68,10.32,0.92
US-xSE,-76.56,38.8901,2024,3,23,12.26,0.84,6.41,7.65,7.9,44.04
US-xSE,-76.56,38.8901,2024,3,24,9.44,-1.17,-1.1,5.63,23.26,0
US-xSE,-76.56,38.8901,2024,3,25,11.45,-0.37,1.74,4.15,23.15,0
US-xSE,-76.56,38.8901,2024,3,26,11.54,0.8,4.65,3.52,17.03,0.01
US-xSE,-76.56,38.8901,2024,3,27,10.84,6.1,7.37,2.07,3.29,11.2
US-xSE,-76.56,38.8901,2024,3,28,9.82,5.71,5.96,4.64,3.12,12.88
US-xSE,-76.56,38.8901,2024,3,29,13.16,2.35,2.6,6.82,21.91,0
US-xSE,-76.56,38.8901,2024,3,30,16.15,2.18,5.29,3.74,13.26,1.24
US-xSE,-76.56,38.8901,2024,3,31,16.01,6.38,8.26,2.77,13.51,2.36
US-xSE,-76.56,38.8901,2024,4,1,12.18,8.64,9.51,3.28,6.04,15.51
US-xSE,-76.56,38.8901,2024,4,2,12.04,7.98,8.78,4.51,3.56,9.58
US-xSE,-76.56,38.8901,2024,4,3,14.5,6.88,9.6,5.72,3.89,28.39
US-xSE,-76.56,38.8901,2024,4,4,11.76,5.45,5.5,4.42,15.1,2.11
US-xSE,-76.56,38.8901,2024,4,5,11.07,3.9,3.77,6.84,14.88,0.03
US-xSE,-76.56,38.8901,2024,4,6,12.29,2.59,3.98,6.52,17.5,0
US-xSE,-76.56,38.8901,2024,4,7,15.24,3.44,5.14,3.41,24.74,0
US-xSE,-76.56,38.8901,2024,4,8,17.7,6.65,7.17,2.3,22.94,0
US-xSE,-76.56,38.8901,2024,4,9,22.56,8.42,12.02,2.47,17.36,0
US-xSE,-76.56,38.8901,2024,4,10,22.71,12.77,14.62,3.46,20.08,0
US-xSE,-76.56,38.8901,2024,4,11,19.63,13.93,15.22,7.83,8.94,4.79
US-xSE,-76.56,38.8901,2024,4,12,18.06,11.68,11.56,8.67,16.25,3.45
US-xSE,-76.56,38.8901,2024,4,13,16.42,8.83,6.85,8.8,23.15,0.12
US-xSE,-76.56,38.8901,2024,4,14,21.43,7.08,10.44,6.21,25.22,0.01
US-xSE,-76.56,38.8901,2024,4,15,25.04,14.17,15.8,2.56,21.02,1.42
US-xSE,-76.56,38.8901,2024,4,16,21.67,10.42,9.84,3.31,25.46,0
US-xSE,-76.56,38.8901,2024,4,17,20.41,11.81,13.68,4.05,12.56,0.68
US-xSE,-76.56,38.8901,2024,4,18,20.43,8.79,12.27,3.99,21.23,0.69
US-xSE,-76.56,38.8901,2024,4,19,14.65,8.27,9.55,3.93,7.32,0.97
US-xSE,-76.56,38.8901,2024,4,20,19.74,9.25,9.54,4.12,17.69,0.12
US-xSE,-76.56,38.8901,2024,4,21,11.23,5.99,3.66,3.56,8.06,0.4
US-xSE,-76.56,38.8901,2024,4,22,15.97,3.23,3.12,3.58,27.71,0
US-xSE,-76.56,38.8901,2024,4,23,18.81,5.34,7.04,4.58,26.84,0
US-xSE,-76.56,38.8901,2024,4,24,20.72,11.93,10.78,5.36,20.52,0.03
US-xSE,-76.56,38.8901,2024,4,25,14.85,7.26,6.98,4.38,14.39,0.01
US-xSE,-76.56,38.8901,2024,4,26,16.6,5.05,5.11,4.34,26.52,0
US-xSE,-76.56,38.8901,2024,4,27,15.16,7.02,8.97,5.14,6.01,0.32
US-xSE,-76.56,38.8901,2024,4,28,24.91,11.32,15.02,3.27,25.28,0.08
US-xSE,-76.56,38.8901,2024,4,29,28.99,15.14,17.12,3.07,25.87,0
US-xSE,-76.56,38.8901,2024,4,30,25.82,16.34,17.16,4.48,22.84,0.48
US-xSE,-76.56,38.8901,2024,5,1,25.38,16.3,15.48,2.87,26.36,0.31
US-xSE,-76.56,38.8901,2024,5,2,27.9,14.3,17.06,3.22,26.82,0
US-xSE,-76.56,38.8901,2024,5,3,19.27,11.01,13.18,5.61,21.12,0.25
US-xSE,-76.56,38.8901,2024,5,4,15.46,11.02,10.68,5.2,4.97,10.86
US-xSE,-76.56,38.8901,2024,5,5,21.24,11.84,15.11,4.88,8.77,7.86
US-xSE,-76.56,38.8901,2024,5,6,22.8,15.31,17.04,1.83,12.12,0.75
US-xSE,-76.56,38.8901,2024,5,7,25.41,17.47,18.19,2.21,19.82,1.77
US-xSE,-76.56,38.8901,2024,5,8,27.19,18.43,19.44,4.21,22.76,0.33
US-xSE,-76.56,38.8901,2024,5,9,22.22,14.78,15.48,3.94,13.54,4.89
US-xSE,-76.56,38.8901,2024,5,10,14.63,9.24,10.83,5.9,5.88,4.51
US-xSE,-76.56,38.8901,2024,5,11,18.15,7.65,7.65,3.2,25.64,3.49
US-xSE,-76.56,38.8901,2024,5,12,17.72,9.93,10.59,4.25,20.34,6.43
US-xSE,-76.56,38.8901,2024,5,13,22.22,8.79,12.27,3.99,27.87,0.18
US-xSE,-76.56,38.8901,2024,5,14,22.03,14.19,16.31,4.43,8.08,6.99
US-xSE,-76.56,38.8901,2024,5,15,20.14,14.82,15.01,4.98,9.66,6.85
US-xSE,-76.56,38.8901,2024,5,16,23.55,14.34,15.25,5.28,23.51,0.02
US-xSE,-76.56,38.8901,2024,5,17,21.51,14.13,14.9,2.46,9.38,0.12
US-xSE,-76.56,38.8901,2024,5,18,20.27,14.81,15.75,1.98,8.11,5.14
US-xSE,-76.56,38.8901,2024,5,19,23.11,14.54,15.83,2.05,14.47,0.29
US-xSE,-76.56,38.8901,2024,5,20,24.32,13.1,15.82,1.83,21.24,0
US-xSE,-76.56,38.8901,2024,5,21,26.38,14.98,16.85,3.11,28.36,0
US-xSE,-76.56,38.8901,2024,5,22,27.48,15.93,18.52,3.95,26.83,0.01
US-xSE,-76.56,38.8901,2024,5,23,26.85,20.37,20.5,2.42,17.65,0.54
US-xSE,-76.56,38.8901,2024,5,24,27.17,20.1,19.15,2.22,22.26,2
US-xSE,-76.56,38.8901,2024,5,25,28.46,17.71,18.39,2.74,26.05,0.61
US-xSE,-76.56,38.8901,2024,5,26,28.34,19.91,20.83,2.7,26.01,5.39
US-xSE,-76.56,38.8901,2024,5,27,27.01,20.39,21.42,5.38,13.3,9.69
US-xSE,-76.56,38.8901,2024,5,28,26.51,18.73,17.62,4.77,27.91,0.66
US-xSE,-76.56,38.8901,2024,5,29,24.23,15.47,15.66,2.97,22.91,3.82
US-xSE,-76.56,38.8901,2024,5,30,22.77,14.86,12.47,4.81,28.7,0.26
US-xSE,-76.56,38.8901,2024,5,31,22.93,11.87,10.49,4.07,30.63,0
US-xSE,-76.56,38.8901,2024,6,1,25.92,12.67,12.56,2.65,30.4,0
US-xSE,-76.56,38.8901,2024,6,2,26.75,16.36,17.1,3.92,21.75,0.8
US-xSE,-76.56,38.8901,2024,6,3,28.12,19.88,19.64,1.91,24.24,1.24
US-xSE,-76.56,38.8901,2024,6,4,29.04,20.13,19.53,2.79,25.87,0.13
US-xSE,-76.56,38.8901,2024,6,5,26.46,19.87,21.45,4.14,11.71,12.16
US-xSE,-76.56,38.8901,2024,6,6,27.9,21.89,22.33,4.57,16.32,2.59
US-xSE,-76.56,38.8901,2024,6,7,28.18,18.28,16.86,4.72,28.09,0.11
US-xSE,-76.56,38.8901,2024,6,8,26.76,16.43,15.21,3.8,29.1,0
US-xSE,-76.56,38.8901,2024,6,9,27.06,17.78,16.39,5.35,22.81,0
US-xSE,-76.56,38.8901,2024,6,10,26.05,16.07,15.02,4.01,25.23,1.62
US-xSE,-76.56,38.8901,2024,6,11,23.79,16.69,14.68,3.03,25.37,0.77
US-xSE,-76.56,38.8901,2024,6,12,26.37,15.6,14,2.35,28.49,0
US-xSE,-76.56,38.8901,2024,6,13,30.14,18.22,19.17,3.99,28.33,0.13
US-xSE,-76.56,38.8901,2024,6,14,31.77,22.16,19.58,2.67,26.81,2.1
US-xSE,-76.56,38.8901,2024,6,15,28.52,19.59,16.28,3.62,30.1,2.51
US-xSE,-76.56,38.8901,2024,6,16,29.34,19.04,15.54,2.18,28.02,0
US-xSE,-76.56,38.8901,2024,6,17,31.54,20.66,18.61,4.97,27.91,0
US-xSE,-76.56,38.8901,2024,6,18,32.78,21.29,18.74,4.02,28.92,0
US-xSE,-76.56,38.8901,2024,6,19,31.99,20.38,18,3.16,29.26,0
US-xSE,-76.56,38.8901,2024,6,20,32.36,19.64,18.06,2.74,28.82,0
US-xSE,-76.56,38.8901,2024,6,21,34.35,20.07,19.35,3.03,29.1,0.02
US-xSE,-76.56,38.8901,2024,6,22,36.38,22.26,20.77,3.6,28.27,0.08
US-xSE,-76.56,38.8901,2024,6,23,35.51,25.14,20.78,5.69,24.36,0.15
US-xSE,-76.56,38.8901,2024,6,24,31.32,22.09,16.8,6.07,27.64,0.72
US-xSE,-76.56,38.8901,2024,6,25,32.58,19.76,14.41,3.94,27.41,0.68
US-xSE,-76.56,38.8901,2024,6,26,36.07,23.61,19.63,4.12,25.51,4.16
US-xSE,-76.56,38.8901,2024,6,27,32.06,21.25,18.06,2.89,24.4,7.59
US-xSE,-76.56,38.8901,2024,6,28,30.22,20.06,14.89,5.35,28.39,0
US-xSE,-76.56,38.8901,2024,6,29,31.98,20.48,21.33,5.06,24.19,7.9
US-xSE,-76.56,38.8901,2024,6,30,32.41,22.59,23.62,3.65,17.18,17.29
US-xSE,-76.56,38.8901,2024,7,1,27.47,18,15.03,5.41,28.93,5.53
US-xSE,-76.56,38.8901,2024,7,2,30.39,18.02,15.76,3.3,28.4,0
US-xSE,-76.56,38.8901,2024,7,3,30.8,18.33,16.42,3.81,28.76,0
US-xSE,-76.56,38.8901,2024,7,4,34.01,22.61,21.2,3.52,23.16,0.57
US-xSE,-76.56,38.8901,2024,7,5,36.34,24.31,23.27,3.7,27.15,0.14
US-xSE,-76.56,38.8901,2024,7,6,35.85,26.68,23.56,2.85,25.78,0.38
US-xSE,-76.56,38.8901,2024,7,7,34.76,25.6,19.65,2.26,25.01,0.04
US-xSE,-76.56,38.8901,2024,7,8,36.28,26.08,20.51,2.51,22.15,0.16
US-xSE,-76.56,38.8901,2024,7,9,36.16,25.7,23.07,3.26,24.86,0.13
US-xSE,-76.56,38.8901,2024,7,10,34.77,26.38,23.84,6.11,26.4,4
US-xSE,-76.56,38.8901,2024,7,11,33.68,22.91,18.73,3.28,27.2,4.52
US-xSE,-76.56,38.8901,2024,7,12,27.82,24.45,23.23,2.24,7.51,24.94
US-xSE,-76.56,38.8901,2024,7,13,31.45,23.5,23.25,2.56,20.32,9.38
US-xSE,-76.56,38.8901,2024,7,14,34.97,23.7,22.01,2.6,25.31,1.65
US-xSE,-76.56,38.8901,2024,7,15,36.55,25.15,21.6,3.67,26.66,0.52
US-xSE,-76.56,38.8901,2024,7,16,37.07,25.81,21.98,4.15,26.52,1.25
US-xSE,-76.56,38.8901,2024,7,17,35.55,25.61,23.26,2.91,24.71,9.76
US-xSE,-76.56,38.8901,2024,7,18,30.83,24.45,21.25,1.9,14.91,3.01
US-xSE,-76.56,38.8901,2024,7,19,31.19,21.84,17.39,2.99,25.74,0.03
US-xSE,-76.56,38.8901,2024,7,20,29.88,21.71,19.93,3.28,10.62,0.5
US-xSE,-76.56,38.8901,2024,7,21,32.99,21.76,19.83,1.81,24.71,0.05
US-xSE,-76.56,38.8901,2024,7,22,28.68,23.87,22.52,3.45,12.41,9.76
US-xSE,-76.56,38.8901,2024,7,23,32.43,22.68,20.6,3.64,22.86,2.22
US-xSE,-76.56,38.8901,2024,7,24,30.56,23.4,21.95,1.64,12.29,13.26
US-xSE,-76.56,38.8901,2024,7,25,30.43,23.6,21.9,2.27,11.57,2.72
US-xSE,-76.56,38.8901,2024,7,26,29.15,21.66,15.65,2.48,22.87,0.1
US-xSE,-76.56,38.8901,2024,7,27,31.42,19.78,15.41,2.14,26.06,0
US-xSE,-76.56,38.8901,2024,7,28,32.1,19.47,16,2.11,25.13,0.01
US-xSE,-76.56,38.8901,2024,7,29,33.3,22.13,20.26,3.55,23.86,0.8
US-xSE,-76.56,38.8901,2024,7,30,31.03,23.42,22.6,5.08,16.27,2.87
US-xSE,-76.56,38.8901,2024,7,31,33.9,24.14,22.58,2.96,24.33,4.31
US-xSE,-76.56,38.8901,2024,8,1,36.21,23.83,21.22,2.36,25.28,0.33
US-xSE,-76.56,38.8901,2024,8,2,36.53,26.1,22.96,3.44,25.53,4.3
US-xSE,-76.56,38.8901,2024,8,3,32.73,24.82,22.96,3.54,22.52,5.99
US-xSE,-76.56,38.8901,2024,8,4,30.65,24.2,22.32,2.97,14.82,10.08
US-xSE,-76.56,38.8901,2024,8,5,34.47,22.66,20.88,2.81,24.71,0.25
US-xSE,-76.56,38.8901,2024,8,6,34.34,24.82,22.49,4.11,22.43,3.05
US-xSE,-76.56,38.8901,2024,8,7,31.34,23.28,22.3,3.57,15.99,20.86
US-xSE,-76.56,38.8901,2024,8,8,26.67,23.21,23.43,6.41,4.87,12.47
US-xSE,-76.56,38.8901,2024,8,9,30.08,24.65,24.51,8.28,8.95,8.49
US-xSE,-76.56,38.8901,2024,8,10,31.35,22.58,21.4,2.28,23.02,1.99
US-xSE,-76.56,38.8901,2024,8,11,29.32,20.64,17.08,3.21,22.71,0.34
US-xSE,-76.56,38.8901,2024,8,12,29.3,19.16,15.85,3.42,23.32,0.04
US-xSE,-76.56,38.8901,2024,8,13,29.38,18.96,16.4,2.62,22.85,0
US-xSE,-76.56,38.8901,2024,8,14,30.18,20.1,16.83,2.5,23.48,0
US-xSE,-76.56,38.8901,2024,8,15,31.49,19.74,17.42,2.32,24.08,0
US-xSE,-76.56,38.8901,2024,8,16,32.17,20.7,17.07,2.88,22.26,0.39
US-xSE,-76.56,38.8901,2024,8,17,28.78,23.07,21.37,4.82,13.63,8.01
US-xSE,-76.56,38.8901,2024,8,18,30.68,23.44,23.11,2.74,13.53,11.46
US-xSE,-76.56,38.8901,2024,8,19,29.94,20.81,20.12,4.35,20.89,5.91
US-xSE,-76.56,38.8901,2024,8,20,24.39,16.42,13.19,5.42,17.52,0.16
US-xSE,-76.56,38.8901,2024,8,21,25.07,14.55,11.38,4.03,24.49,0
US-xSE,-76.56,38.8901,2024,8,22,26.33,14.26,11.38,2.22,23.99,0
US-xSE,-76.56,38.8901,2024,8,23,28.71,16.8,11.38,1.77,25.46,0
US-xSE,-76.56,38.8901,2024,8,24,28.63,16.85,14.09,2.21,21.88,0
US-xSE,-76.56,38.8901,2024,8,25,30.77,17.15,15.49,2.42,23.7,0
US-xSE,-76.56,38.8901,2024,8,26,31.94,18.93,19.27,2.2,20.01,2.1
US-xSE,-76.56,38.8901,2024,8,27,32.51,19.91,17.73,2.21,23.46,0.02
US-xSE,-76.56,38.8901,2024,8,28,36.12,23.07,19.66,3.07,21.01,0.02
US-xSE,-76.56,38.8901,2024,8,29,31.23,21.74,21.87,4.28,18.75,6.72
US-xSE,-76.56,38.8901,2024,8,30,29.62,21.34,20.36,4.06,7.22,2.51
US-xSE,-76.56,38.8901,2024,8,31,30.95,20.68,19.7,2.49,15.26,0.34
US-xSE,-76.56,38.8901,2024,9,1,30.69,22.86,21.54,2.93,12.69,0.46
US-xSE,-76.56,38.8901,2024,9,2,28.18,19.57,13.49,5.27,21.52,0.12
US-xSE,-76.56,38.8901,2024,9,3,25.88,15.39,9.07,4.67,24.01,0
US-xSE,-76.56,38.8901,2024,9,4,26.63,15.38,11.46,3.59,21.32,0
US-xSE,-76.56,38.8901,2024,9,5,28.08,15.84,15.4,3.61,20.28,0
US-xSE,-76.56,38.8901,2024,9,6,28.94,17.85,17.19,2.27,16.71,0.01
US-xSE,-76.56,38.8901,2024,9,7,27.02,16.86,16.21,4.82,12.07,0.42
US-xSE,-76.56,38.8901,2024,9,8,23.69,13.48,7.71,4.64,23.97,0
US-xSE,-76.56,38.8901,2024,9,9,26.77,12.23,7.95,3.02,22.51,0
US-xSE,-76.56,38.8901,2024,9,10,29.46,14.64,11.27,2.81,22.73,0
US-xSE,-76.56,38.8901,2024,9,11,30.05,16.34,14.85,2.28,21.55,0
US-xSE,-76.56,38.8901,2024,9,12,29.28,17.39,15.98,2.95,22.11,0.04
US-xSE,-76.56,38.8901,2024,9,13,29.42,17.88,17.86,3.23,16.32,0
US-xSE,-76.56,38.8901,2024,9,14,29.9,18.39,16.55,3.92,20.32,0
US-xSE,-76.56,38.8901,2024,9,15,29.13,17.45,16.03,4.74,18.91,0
US-xSE,-76.56,38.8901,2024,9,16,26.49,17.28,16.66,5.31,12.97,0.09
US-xSE,-76.56,38.8901,2024,9,17,25.04,19.73,19.47,5.51,6.89,4.39
US-xSE,-76.56,38.8901,2024,9,18,26.23,20.42,19.89,4.9,6.42,6.88
US-xSE,-76.56,38.8901,2024,9,19,28.09,19.22,15.9,2.75,18.12,0.61
US-xSE,-76.56,38.8901,2024,9,20,29.69,18.49,16.66,3.03,19.13,0.01
US-xSE,-76.56,38.8901,2024,9,21,28.78,18.93,17.98,1.95,16.83,4.89
US-xSE,-76.56,38.8901,2024,9,22,26.68,17.89,16.87,3.42,8.44,5.45
US-xSE,-76.56,38.8901,2024,9,23,23.29,17.04,15.56,3.7,6.94,7.21
US-xSE,-76.56,38.8901,2024,9,24,24.83,17,16.34,4.43,5.85,4.58
US-xSE,-76.56,38.8901,2024,9,25,24.78,18.21,18.89,4.82,4.56,4.64
US-xSE,-76.56,38.8901,2024,9,26,27.21,20.49,20.88,3.16,11.12,1.28
US-xSE,-76.56,38.8901,2024,9,27,26.55,21.11,21.97,4.63,4.26,5.12
US-xSE,-76.56,38.8901,2024,9,28,29.81,21.29,19.59,2.6,18.41,1.19
US-xSE,-76.56,38.8901,2024,9,29,26.08,18.68,18.82,4.21,5.09,1.52
US-xSE,-76.56,38.8901,2024,9,30,23.83,17.63,17.26,4.33,3.72,2.83
US-xSE,-76.56,38.8901,2024,10,1,24,17.49,16.42,4.59,7.03,1.72
US-xSE,-76.56,38.8901,2024,10,2,24.04,16.67,16.02,2.3,6.66,0.48
US-xSE,-76.56,38.8901,2024,10,3,26.78,16.71,16.07,1.74,14.87,0.07
US-xSE,-76.56,38.8901,2024,10,4,27.49,16.79,17.71,2.69,12.14,0.1
US-xSE,-76.56,38.8901,2024,10,5,26.68,15.76,13.89,3.54,15.49,0
US-xSE,-76.56,38.8901,2024,10,6,26.09,14.92,13.59,2.54,17.99,0.01
US-xSE,-76.56,38.8901,2024,10,7,24.85,15.46,12.92,4.94,17.31,0.07
US-xSE,-76.56,38.8901,2024,10,8,21.8,11.44,6.9,3.38,18.35,0.04
US-xSE,-76.56,38.8901,2024,10,9,22.26,10.5,7.54,4.84,17.79,0.01
US-xSE,-76.56,38.8901,2024,10,10,18.84,9.04,5.52,4.52,18.34,0.55
US-xSE,-76.56,38.8901,2024,10,11,21.35,7.42,5.93,3.68,17.87,0
US-xSE,-76.56,38.8901,2024,10,12,25.77,10.93,10.48,3.6,16.13,0
US-xSE,-76.56,38.8901,2024,10,13,27.14,13.08,13.02,5.39,15.59,0
US-xSE,-76.56,38.8901,2024,10,14,20.11,10.95,8.88,7.07,13.85,0
US-xSE,-76.56,38.8901,2024,10,15,16.43,8.78,3.03,4.21,11.29,0
US-xSE,-76.56,38.8901,2024,10,16,15.96,6.21,4.08,4.85,14.79,0
US-xSE,-76.56,38.8901,2024,10,17,17.28,6.44,3.27,4.94,16.68,0
US-xSE,-76.56,38.8901,2024,10,18,21.04,6.86,3.56,3.07,16.2,0
US-xSE,-76.56,38.8901,2024,10,19,22.96,7.6,5.59,1.97,16.22,0
US-xSE,-76.56,38.8901,2024,10,20,23.99,8.46,5.35,2.2,16.29,0
US-xSE,-76.56,38.8901,2024,10,21,26.36,9.22,7.02,2.78,16.15,0
US-xSE,-76.56,38.8901,2024,10,22,27.83,12.96,9.07,2.28,15.52,0
US-xSE,-76.56,38.8901,2024,10,23,25.3,10.53,10.69,3.71,15.16,0
US-xSE,-76.56,38.8901,2024,10,24,20.86,10.45,7.27,5.32,15.27,0
US-xSE,-76.56,38.8901,2024,10,25,19.76,6.59,4.8,3.2,15.4,0.01
US-xSE,-76.56,38.8901,2024,10,26,19.93,10.24,6.77,5.13,14.4,0.02
US-xSE,-76.56,38.8901,2024,10,27,15.63,6.43,-0.45,2.77,13.88,0
US-xSE,-76.56,38.8901,2024,10,28,18.47,7.5,0.48,2.2,14.18,0
US-xSE,-76.56,38.8901,2024,10,29,19.88,7.86,7.91,2.32,13.85,0
US-xSE,-76.56,38.8901,2024,10,30,25.86,10.75,12.56,3.31,13.28,0
US-xSE,-76.56,38.8901,2024,10,31,26.9,14.01,14.15,4.85,13.69,0
US-xSE,-76.56,38.8901,2024,11,1,26.21,13.52,11.63,5.8,8.25,0
US-xSE,-76.56,38.8901,2024,11,2,18.31,8.64,4.16,3.69,13.77,0
US-xSE,-76.56,38.8901,2024,11,3,15.82,5.34,2.67,3.55,13.47,0
US-xSE,-76.56,38.8901,2024,11,4,18.28,5.89,8.4,3.1,10.74,0
US-xSE,-76.56,38.8901,2024,11,5,24.06,11.02,14.18,4.72,12.27,0
US-xSE,-76.56,38.8901,2024,11,6,26.59,15.11,15.91,4.81,12.39,0
US-xSE,-76.56,38.8901,2024,11,7,26.2,15.56,13.99,3.36,8.3,0
US-xSE,-76.56,38.8901,2024,11,8,21.86,12.39,5.9,4.54,12.48,0
US-xSE,-76.56,38.8901,2024,11,9,15.52,7.68,-0.99,3.98,13.46,0
US-xSE,-76.56,38.8901,2024,11,10,16.24,7.08,7.25,4.6,6.4,4.99
US-xSE,-76.56,38.8901,2024,11,11,22.98,13.85,12.26,5.45,11.19,4.17
US-xSE,-76.56,38.8901,2024,11,12,14.99,5.88,2.39,6.85,12.97,0
US-xSE,-76.56,38.8901,2024,11,13,11.26,1.94,-1.8,3.69,12.32,0
US-xSE,-76.56,38.8901,2024,11,14,12.21,5.09,4.99,3.84,4.51,2.06
US-xSE,-76.56,38.8901,2024,11,15,14.61,7.35,6.85,4.53,6.4,0.77
US-xSE,-76.56,38.8901,2024,11,16,16.68,7.17,6.45,5.64,11.54,0.01
US-xSE,-76.56,38.8901,2024,11,17,15.4,3.88,3.92,3.16,9.2,0
US-xSE,-76.56,38.8901,2024,11,18,20.6,7.04,7.74,3.28,10.47,0
US-xSE,-76.56,38.8901,2024,11,19,15.03,7.56,6.43,2.38,6.38,0.32
US-xSE,-76.56,38.8901,2024,11,20,19.06,9.16,11.48,3.01,6.05,12.46
US-xSE,-76.56,38.8901,2024,11,21,11.47,3.34,1.92,7.04,10.15,5.39
US-xSE,-76.56,38.8901,2024,11,22,6.2,1.97,0.71,8.23,6.43,3.89
US-xSE,-76.56,38.8901,2024,11,23,12.71,3.79,3.26,7.75,9.94,0.04
US-xSE,-76.56,38.8901,2024,11,24,14.42,5.42,3.69,4.75,9,0
US-xSE,-76.56,38.8901,2024,11,25,14.51,3.71,4.62,2.56,10.09,0.05
US-xSE,-76.56,38.8901,2024,11,26,16.37,5.26,6.22,5.15,9.21,2.72
US-xSE,-76.56,38.8901,2024,11,27,11.72,2.85,1.48,2.98,6.13,0.02
US-xSE,-76.56,38.8901,2024,11,28,13.14,4.11,6.89,6.44,3.65,9.46
US-xSE,-76.56,38.8901,2024,11,29,9.78,0.32,-1,5.28,6.91,0
US-xSE,-76.56,38.8901,2024,11,30,3.98,-2.95,-6.92,5.23,9.87,0
US-xSE,-76.56,38.8901,2024,12,1,6.48,-2.6,-5.06,3.32,7.58,0
US-xSE,-76.56,38.8901,2024,12,2,4.18,-3.15,-5.21,4.38,10.7,0
US-xSE,-76.56,38.8901,2024,12,3,5.7,-2.5,-4.33,5.11,10.59,0
US-xSE,-76.56,38.8901,2024,12,4,6.26,-2.93,-4.78,5.85,8.54,0.02
US-xSE,-76.56,38.8901,2024,12,5,5,-2.19,-5.96,9.8,10.02,0.07
US-xSE,-76.56,38.8901,2024,12,6,3.39,-2.77,-6.73,6.43,9.01,0.01
US-xSE,-76.56,38.8901,2024,12,7,5.49,-3.06,-6.09,4.6,9.07,0
US-xSE,-76.56,38.8901,2024,12,8,14.8,1.26,0.32,4.95,8.88,0
US-xSE,-76.56,38.8901,2024,12,9,12.63,3.29,6.27,3.62,5.18,0.35
US-xSE,-76.56,38.8901,2024,12,10,11.69,4.92,7.85,2.74,3.59,1.71
US-xSE,-76.56,38.8901,2024,12,11,16.52,2.15,9.35,8,5.96,25.96
US-xSE,-76.56,38.8901,2024,12,12,6.64,-1.94,-5,6.09,10.26,0.01
US-xSE,-76.56,38.8901,2024,12,13,4.71,-3.21,-6.21,2.83,6.7,0
US-xSE,-76.56,38.8901,2024,12,14,4.49,-3.39,-5.55,3.91,8.53,0
US-xSE,-76.56,38.8901,2024,12,15,5.93,-2.3,-0.08,3.84,4.56,4.58
US-xSE,-76.56,38.8901,2024,12,16,9.46,5.06,6.24,2.69,3.03,9.76
US-xSE,-76.56,38.8901,2024,12,17,15.61,5.27,7.43,4.24,7.31,0.25
US-xSE,-76.56,38.8901,2024,12,18,12.84,1.17,5.87,4.23,5.07,2.13
US-xSE,-76.56,38.8901,2024,12,19,8.58,1.05,0.43,4.06,9.35,0.49
US-xSE,-76.56,38.8901,2024,12,20,5.26,0.81,1.44,3.92,2.69,0.79
US-xSE,-76.56,38.8901,2024,12,21,3.03,-3.22,-4.99,6.72,8.93,0.05
US-xSE,-76.56,38.8901,2024,12,22,0.16,-5.52,-9.62,4.05,10.35,0
US-xSE,-76.56,38.8901,2024,12,23,0.41,-6.28,-9.18,2.67,9.65,0
US-xSE,-76.56,38.8901,2024,12,24,3.03,-1.93,-1.3,2.82,3.73,0.3
US-xSE,-76.56,38.8901,2024,12,25,6.58,-1.23,-1.06,2.52,5.46,0
US-xSE,-76.56,38.8901,2024,12,26,4.73,-1.67,-2.53,2.36,4.56,0.21
US-xSE,-76.56,38.8901,2024,12,27,6.77,-1.73,0.46,2.24,7.83,0.97
US-xSE,-76.56,38.8901,2024,12,28,9.45,2.78,6.5,2.85,3.78,7.84
US-xSE,-76.56,38.8901,2024,12,29,16.55,7.85,10.56,6.85,6.53,3.29
US-xSE,-76.56,38.8901,2024,12,30,14,4.78,5.16,4.97,9.8,0.4
US-xSE,-76.56,38.8901,2024,12,31,14.35,3.45,5.49,4.17,9.46,6.49
