site_id,LON,LAT,YEAR,MO,DY,T2M_MAX,T2M_MIN,T2MDEW,WS10M,ALLSKY_SFC_SW_DWN,PRECTOTCORR
US-xML,-80.5248,37.3783,2001,1,1,-3.4,-8.1,-9.2,2.09,7.01,0.3
US-xML,-80.5248,37.3783,2001,1,2,-4.94,-11,-11.14,3.07,7.01,0.3
US-xML,-80.5248,37.3783,2001,1,3,-0.34,-12.97,-11.75,2.04,11.12,0.03
US-xML,-80.5248,37.3783,2001,1,4,-0.8,-10.46,-8.7,2.47,4.72,0.07
US-xML,-80.5248,37.3783,2001,1,5,2.56,-8.08,-4.19,2.93,6.88,0.25
US-xML,-80.5248,37.3783,2001,1,6,3.14,-4.22,-4.55,3.07,5.61,0.12
US-xML,-80.5248,37.3783,2001,1,7,7.25,-4.63,-3.33,1.96,6.34,0
US-xML,-80.5248,37.3783,2001,1,8,2.05,-4.48,-3.22,2.48,2.8,3.29
US-xML,-80.5248,37.3783,2001,1,9,-4.62,-9.21,-11.16,4.06,8.88,0.42
US-xML,-80.5248,37.3783,2001,1,10,3.98,-8.86,-9.62,3.59,11.69,0
US-xML,-80.5248,37.3783,2001,1,11,9.03,-7.27,-6.6,1.84,10.05,0.02
US-xML,-80.5248,37.3783,2001,1,12,7.58,-2.33,-3.25,1.7,6.68,0.09
US-xML,-80.5248,37.3783,2001,1,13,8.63,-3.01,-3.33,1.33,11.73,0
US-xML,-80.5248,37.3783,2001,1,14,8.77,-2.72,0.13,1.56,8.63,0.1
US-xML,-80.5248,37.3783,2001,1,15,11.09,-0.82,2.83,2.22,7.38,0.11
US-xML,-80.5248,37.3783,2001,1,16,3.24,-4.14,-3.38,2.44,5.78,0
US-xML,-80.5248,37.3783,2001,1,17,4.78,-4.52,-3.9,1.19,6.91,0.02
US-xML,-80.5248,37.3783,2001,1,18,2.42,-0.37,0.2,1.5,2.53,12.28
US-xML,-80.5248,37.3783,2001,1,19,6.19,0.08,3.04,1.76,2.31,19.04
US-xML,-80.5248,37.3783,2001,1,20,1.48,-7.31,-3.48,2.57,3.1,6.2
US-xML,-80.5248,37.3783,2001,1,21,-0.26,-10.91,-10.7,3.36,11.71,0.69
US-xML,-80.5248,37.3783,2001,1,22,0.21,-8.85,-9.18,1.38,10.53,0.06
US-xML,-80.5248,37.3783,2001,1,23,4.08,-9.44,-7.15,1.91,13.16,0.04
US-xML,-80.5248,37.3783,2001,1,24,5.55,-4.32,-3.46,2.29,7.75,0
US-xML,-80.5248,37.3783,2001,1,25,-2.4,-10.61,-8.48,3.65,8.26,0.42
US-xML,-80.5248,37.3783,2001,1,26,5.35,-11.75,-7.9,2.23,11.99,0.26
US-xML,-80.5248,37.3783,2001,1,27,1.08,-6.52,-4.58,5.08,8.58,0.66
US-xML,-80.5248,37.3783,2001,1,28,5.12,-9.22,-7.2,2.25,12.5,0.25
US-xML,-80.5248,37.3783,2001,1,29,8.72,-2.04,-2.08,2.29,9.21,0.82
US-xML,-80.5248,37.3783,2001,1,30,11.74,2.25,2.84,3.56,12.88,7.26
US-xML,-80.5248,37.3783,2001,1,31,6.92,-1.51,0.92,3.7,6.93,0.37
US-xML,-80.5248,37.3783,2001,2,1,6.7,-3.48,-3.22,2.37,8.08,0.01
US-xML,-80.5248,37.3783,2001,2,2,5.26,-7.78,-6.75,3.3,8.07,0.18
US-xML,-80.5248,37.3783,2001,2,3,4.37,-8.03,-10.36,2.05,14.73,0
US-xML,-80.5248,37.3783,2001,2,4,8.03,-6.48,-4.56,1.94,13.15,0.01
US-xML,-80.5248,37.3783,2001,2,5,5.41,-2.36,-2.24,2.59,5.22,0.49
US-xML,-80.5248,37.3783,2001,2,6,9.92,-3.38,-3.32,2.42,14.13,0.08
US-xML,-80.5248,37.3783,2001,2,7,12.65,-0.63,1.79,1.61,12.67,0.01
US-xML,-80.5248,37.3783,2001,2,8,16.51,-1.6,2.23,2.06,12.87,0.08
US-xML,-80.5248,37.3783,2001,2,9,16.98,1.33,5.53,3.2,10.33,0.79
US-xML,-80.5248,37.3783,2001,2,10,11.02,-5.8,-4.1,4.34,9.41,1.09
US-xML,-80.5248,37.3783,2001,2,11,6.35,-6.28,-8.37,1.66,14.92,0
US-xML,-80.5248,37.3783,2001,2,12,6.24,-3.64,-3.19,2.21,2.86,0.79
US-xML,-80.5248,37.3783,2001,2,13,10.43,-0.16,3,1.31,6.05,1.09
US-xML,-80.5248,37.3783,2001,2,14,14.26,2.28,9.09,2.66,4.33,9.37
US-xML,-80.5248,37.3783,2001,2,15,16.61,6.63,10.19,2.11,4.19,5.84
US-xML,-80.5248,37.3783,2001,2,16,14.34,1.61,7.69,1.82,2.63,10.34
US-xML,-80.5248,37.3783,2001,2,17,1.18,-8.36,-8.46,5.05,14.24,3.64
US-xML,-80.5248,37.3783,2001,2,18,0.03,-8.77,-11.65,2.64,17.1,0.01
US-xML,-80.5248,37.3783,2001,2,19,9.03,-7.27,-4.44,2.15,15.96,0.14
US-xML,-80.5248,37.3783,2001,2,20,13.78,-2.14,3.26,2.57,9.53,0.42
US-xML,-80.5248,37.3783,2001,2,21,7.27,-5.68,-1.94,3.27,14.64,0.24
US-xML,-80.5248,37.3783,2001,2,22,0.5,-6.43,-6.07,2.6,2.1,6.79
US-xML,-80.5248,37.3783,2001,2,23,6.05,-3.76,-3.69,3.01,16.96,0.42
US-xML,-80.5248,37.3783,2001,2,24,9.39,-2.92,-1.4,3.31,15.23,0.21
US-xML,-80.5248,37.3783,2001,2,25,17.93,3.86,7.39,4.53,8.25,3.6
US-xML,-80.5248,37.3783,2001,2,26,9.49,-2.67,-2.08,3.64,19,0.01
US-xML,-80.5248,37.3783,2001,2,27,14.86,-1.95,-2.11,1.76,15.73,0.1
US-xML,-80.5248,37.3783,2001,2,28,6.56,-5.32,-4.02,2.57,14.38,0.14
US-xML,-80.5248,37.3783,2001,3,1,7.19,-5.76,-7.93,2.89,18.03,0
US-xML,-80.5248,37.3783,2001,3,2,7.31,-1.73,0.66,2.85,5.87,1.04
US-xML,-80.5248,37.3783,2001,3,3,12.12,0.66,2.58,1.37,8.85,0.24
US-xML,-80.5248,37.3783,2001,3,4,7.18,3.06,3.95,2.76,3.62,8.07
US-xML,-80.5248,37.3783,2001,3,5,2.85,-6.59,-5.14,5.33,10.18,2.58
US-xML,-80.5248,37.3783,2001,3,6,-3.41,-7.24,-9.21,6.51,8.92,2.9
US-xML,-80.5248,37.3783,2001,3,7,0.77,-6.54,-6.26,3.8,9.32,0.36
US-xML,-80.5248,37.3783,2001,3,8,8.44,-6.68,-3.16,2.02,15.45,0.03
US-xML,-80.5248,37.3783,2001,3,9,2.24,-4.68,-6.05,3.1,13.67,0.02
US-xML,-80.5248,37.3783,2001,3,10,7.07,-6.31,-6.1,1.88,21.16,0
US-xML,-80.5248,37.3783,2001,3,11,12.98,-2.75,-1.32,2.33,20.27,0.02
US-xML,-80.5248,37.3783,2001,3,12,13.64,-1.41,4.32,3.24,14.01,4.88
US-xML,-80.5248,37.3783,2001,3,13,12.63,4.97,4.76,3.87,16.64,2
US-xML,-80.5248,37.3783,2001,3,14,11.87,1.76,-0.71,3.1,19.78,0.01
US-xML,-80.5248,37.3783,2001,3,15,7.62,0.97,1.6,2.16,2.76,7.94
US-xML,-80.5248,37.3783,2001,3,16,7.36,2.5,3.87,2.46,3.27,1.21
US-xML,-80.5248,37.3783,2001,3,17,8.28,-0.88,-0.11,3.55,7.61,0.28
US-xML,-80.5248,37.3783,2001,3,18,8.35,-4.69,-6.21,3.16,21.9,0.05
US-xML,-80.5248,37.3783,2001,3,19,10.27,-5.38,-6.33,2.25,23.44,0.01
US-xML,-80.5248,37.3783,2001,3,20,6.35,-1.58,-3.05,3.84,7.84,7.73
US-xML,-80.5248,37.3783,2001,3,21,3.69,0.62,1.56,3.18,5.28,12.32
US-xML,-80.5248,37.3783,2001,3,22,9.68,0.2,-0.05,4.44,15.31,0.87
US-xML,-80.5248,37.3783,2001,3,23,11.78,-2.82,-0.75,3.51,19.32,0.07
US-xML,-80.5248,37.3783,2001,3,24,14.06,-2.59,0.72,3.31,12.08,0.19
US-xML,-80.5248,37.3783,2001,3,25,6.8,-6.32,-7.34,2.21,23.91,0.01
US-xML,-80.5248,37.3783,2001,3,26,0.48,-7.36,-11.02,3.23,23.11,0.17
US-xML,-80.5248,37.3783,2001,3,27,4.13,-6.07,-9.38,1.9,22.39,0
US-xML,-80.5248,37.3783,2001,3,28,10.18,-6.62,-6.5,1.72,23.56,0.28
US-xML,-80.5248,37.3783,2001,3,29,4.01,-0.78,0.31,1.95,5.06,31.32
US-xML,-80.5248,37.3783,2001,3,30,11.28,-0.58,1.98,2.09,17.95,1.2
US-xML,-80.5248,37.3783,2001,3,31,11.03,2.7,4.57,1.5,8.28,1.75
US-xML,-80.5248,37.3783,2001,4,1,5.37,-1.18,0.48,2.94,6.14,4.89
US-xML,-80.5248,37.3783,2001,4,2,11.69,-2.17,-2.46,2.99,24.86,0.06
US-xML,-80.5248,37.3783,2001,4,3,12.67,3.55,6.41,1.48,6.27,4.32
US-xML,-80.5248,37.3783,2001,4,4,16.72,2.48,3.17,1.29,15.62,0.04
US-xML,-80.5248,37.3783,2001,4,5,13.36,0.51,6.07,1.66,16.57,0.37
US-xML,-80.5248,37.3783,2001,4,6,21.68,7.68,12.91,2.44,12.05,3.31
US-xML,-80.5248,37.3783,2001,4,7,22.76,13.01,14.75,1.94,16.47,0
US-xML,-80.5248,37.3783,2001,4,8,25.74,13.96,14.68,2.47,21.25,0.06
US-xML,-80.5248,37.3783,2001,4,9,23.41,14.78,15.38,2.23,20.52,0.5
US-xML,-80.5248,37.3783,2001,4,10,23.45,14.74,15.22,1.53,14.11,1.85
US-xML,-80.5248,37.3783,2001,4,11,24.72,13.73,15.2,1.97,15.3,1.5
US-xML,-80.5248,37.3783,2001,4,12,25.23,13.28,14.38,2.39,13.05,0.35
US-xML,-80.5248,37.3783,2001,4,13,19.98,9.22,9.73,2.57,17.58,5.2
US-xML,-80.5248,37.3783,2001,4,14,19.92,5,6.54,2.08,23.18,0.04
US-xML,-80.5248,37.3783,2001,4,15,19.93,7.6,8.78,2.79,8.03,0.55
US-xML,-80.5248,37.3783,2001,4,16,14.2,3.09,1.55,4.1,18.04,0.79
US-xML,-80.5248,37.3783,2001,4,17,3.62,-2.7,-4.69,3.36,14.15,2.28
US-xML,-80.5248,37.3783,2001,4,18,6.49,-3.74,-5.41,3.97,23.21,0.35
US-xML,-80.5248,37.3783,2001,4,19,14.12,-3.87,-1.85,2.1,25.78,0
US-xML,-80.5248,37.3783,2001,4,20,17.27,1.13,3.39,2.03,14,0.25
US-xML,-80.5248,37.3783,2001,4,21,21.36,8.53,9.95,2.13,14.6,0.77
US-xML,-80.5248,37.3783,2001,4,22,26.04,8.71,12.39,1.68,18.48,0
US-xML,-80.5248,37.3783,2001,4,23,26.73,10.74,12.55,1.75,26.07,0.03
US-xML,-80.5248,37.3783,2001,4,24,19.39,7.5,8.95,2.59,10.81,0.51
US-xML,-80.5248,37.3783,2001,4,25,16.57,3.12,0.96,1.55,25.41,0.05
US-xML,-80.5248,37.3783,2001,4,26,18.37,1.75,0.17,1.45,28.97,0
US-xML,-80.5248,37.3783,2001,4,27,22.19,1.99,3.8,2.24,27.52,0.01
US-xML,-80.5248,37.3783,2001,4,28,19.56,4.39,2.83,2.14,28.72,0
US-xML,-80.5248,37.3783,2001,4,29,20.87,2.13,2.63,1.86,26.6,0
US-xML,-80.5248,37.3783,2001,4,30,24.77,4.92,8.52,1.59,24.06,0.05
US-xML,-80.5248,37.3783,2001,5,1,25.25,9.42,10.93,1.29,20.93,1.98
US-xML,-80.5248,37.3783,2001,5,2,26.4,10.66,10.7,1.3,20.73,0.48
US-xML,-80.5248,37.3783,2001,5,3,27.47,10.93,10.82,1.1,23.01,0.88
US-xML,-80.5248,37.3783,2001,5,4,28.38,11.84,11.55,1.23,21.46,3.92
US-xML,-80.5248,37.3783,2001,5,5,27.3,12.21,11.76,1.65,20.68,0.43
US-xML,-80.5248,37.3783,2001,5,6,22.45,11.44,11.55,2.5,15.25,0.86
US-xML,-80.5248,37.3783,2001,5,7,21.39,7.27,4.32,2.38,25,0.01
US-xML,-80.5248,37.3783,2001,5,8,21.91,9.1,8.53,1.6,8.74,0.88
US-xML,-80.5248,37.3783,2001,5,9,23.88,7.98,7.43,1.58,26.79,0.03
US-xML,-80.5248,37.3783,2001,5,10,26.12,10.99,6.62,1.16,25.19,0.02
US-xML,-80.5248,37.3783,2001,5,11,26.94,10.5,10.74,1.89,23.91,0.02
US-xML,-80.5248,37.3783,2001,5,12,22.13,10.3,11.09,2.43,15.16,2
US-xML,-80.5248,37.3783,2001,5,13,18.3,4.6,-0.03,2.26,30.58,0
US-xML,-80.5248,37.3783,2001,5,14,19.6,3.39,-0.89,2.09,27.81,1.36
US-xML,-80.5248,37.3783,2001,5,15,23.88,7.36,10.66,1.84,11.61,35.68
US-xML,-80.5248,37.3783,2001,5,16,22.75,13.61,15.36,1.21,7.31,34.41
US-xML,-80.5248,37.3783,2001,5,17,21.27,11.98,15.33,1.47,10.65,27.27
US-xML,-80.5248,37.3783,2001,5,18,25.69,14.92,16.68,1.69,19.02,7.7
US-xML,-80.5248,37.3783,2001,5,19,25.43,14.7,16.6,1.71,17.95,7.81
US-xML,-80.5248,37.3783,2001,5,20,23.9,14.69,16.28,1.77,11.97,6.9
US-xML,-80.5248,37.3783,2001,5,21,22.76,15.58,17.43,2.11,10.02,25.55
US-xML,-80.5248,37.3783,2001,5,22,23.71,9.56,14.67,2.22,9.95,22.72
US-xML,-80.5248,37.3783,2001,5,23,20.08,5.53,6.37,1.26,28.76,0.78
US-xML,-80.5248,37.3783,2001,5,24,19.47,7.1,10.71,1.9,17.35,9.35
US-xML,-80.5248,37.3783,2001,5,25,17.36,9.24,12.83,1.79,8.45,15.8
US-xML,-80.5248,37.3783,2001,5,26,20.26,8.64,8.24,1.24,25.22,1.26
US-xML,-80.5248,37.3783,2001,5,27,18.95,8,9.99,1.91,15.78,4.37
US-xML,-80.5248,37.3783,2001,5,28,17.7,11.55,12.06,1.66,14.63,3.22
US-xML,-80.5248,37.3783,2001,5,29,20.81,9.81,10.73,1.96,26.26,0.68
US-xML,-80.5248,37.3783,2001,5,30,20.37,9.63,10.09,2.04,26.05,0.18
US-xML,-80.5248,37.3783,2001,5,31,20.66,6.02,9.71,1.38,15.87,0.66
US-xML,-80.5248,37.3783,2001,6,1,19.61,11.39,14.64,1.57,9.61,6.45
US-xML,-80.5248,37.3783,2001,6,2,20.58,9.08,11.05,1.88,21.98,2
US-xML,-80.5248,37.3783,2001,6,3,17.7,9.95,9.02,2.43,24.96,0.32
US-xML,-80.5248,37.3783,2001,6,4,23.47,10.32,15.18,1.63,15.27,5.72
US-xML,-80.5248,37.3783,2001,6,5,25.42,17.28,19.25,1.72,21.88,6.98
US-xML,-80.5248,37.3783,2001,6,6,25.08,15.94,18,1.55,19.38,11.76
US-xML,-80.5248,37.3783,2001,6,7,23.95,15.29,17.34,1.81,14,7.16
US-xML,-80.5248,37.3783,2001,6,8,23.29,11.64,13.42,1.5,22.02,0.35
US-xML,-80.5248,37.3783,2001,6,9,22.65,9.72,10.73,1.54,25.54,0.01
US-xML,-80.5248,37.3783,2001,6,10,25.14,10.52,10.63,1.2,29.5,0
US-xML,-80.5248,37.3783,2001,6,11,25.02,13.24,14.56,1.66,28.1,0.03
US-xML,-80.5248,37.3783,2001,6,12,28.8,13.12,15.94,1.11,25.18,0.11
US-xML,-80.5248,37.3783,2001,6,13,27.37,17.35,17.85,1.15,21.24,3.67
US-xML,-80.5248,37.3783,2001,6,14,27.4,16.09,17.67,1.25,24.7,0.96
US-xML,-80.5248,37.3783,2001,6,15,28.43,17.42,18.55,0.78,20.46,2.61
US-xML,-80.5248,37.3783,2001,6,16,25.71,14.64,17.04,2.3,12.15,3.93
US-xML,-80.5248,37.3783,2001,6,17,25.55,13.14,13.63,2.2,31.16,0
US-xML,-80.5248,37.3783,2001,6,18,26.89,10.38,11.14,1.3,31.89,0.07
US-xML,-80.5248,37.3783,2001,6,19,28.94,11.46,13.62,1.36,30.14,0
US-xML,-80.5248,37.3783,2001,6,20,28.28,13.89,15.4,1.36,26.92,0.82
US-xML,-80.5248,37.3783,2001,6,21,27.65,18.04,17.27,0.98,24.16,1.76
US-xML,-80.5248,37.3783,2001,6,22,25.88,14.74,17.08,1.16,15.95,12.72
US-xML,-80.5248,37.3783,2001,6,23,21.3,12.07,14.1,1.52,19.73,5.45
US-xML,-80.5248,37.3783,2001,6,24,23.6,10.08,12.09,1.39,21.35,1.24
US-xML,-80.5248,37.3783,2001,6,25,24.26,10.92,12.66,1.46,23.72,2.57
US-xML,-80.5248,37.3783,2001,6,26,25.59,13.39,15.35,1.7,22.22,3.59
US-xML,-80.5248,37.3783,2001,6,27,28.18,16,15.96,0.91,26.47,0.56
US-xML,-80.5248,37.3783,2001,6,28,28.62,18.41,16.04,0.3,24.06,1.39
US-xML,-80.5248,37.3783,2001,6,29,30.14,18.28,16.44,1.06,25.25,1.41
US-xML,-80.5248,37.3783,2001,6,30,27.71,17.47,17.76,1.4,23.86,1.73
US-xML,-80.5248,37.3783,2001,7,1,27.51,16.94,17.36,1.99,17.82,3.88
US-xML,-80.5248,37.3783,2001,7,2,24.67,14.12,10.66,1.48,25.53,1.1
US-xML,-80.5248,37.3783,2001,7,3,28.4,13.82,16.7,1.38,20.93,3.56
US-xML,-80.5248,37.3783,2001,7,4,26.92,17.62,18.56,1.61,15.72,7.6
US-xML,-80.5248,37.3783,2001,7,5,26.05,15.63,16.11,1.94,22.17,1.79
US-xML,-80.5248,37.3783,2001,7,6,24.63,13.36,8.07,1.34,30.65,0.14
US-xML,-80.5248,37.3783,2001,7,7,27.84,11.78,11.41,1.51,27.18,13.53
US-xML,-80.5248,37.3783,2001,7,8,26.75,15.56,19.33,2.29,12.37,31.81
US-xML,-80.5248,37.3783,2001,7,9,27.49,19.21,18.16,1.34,21.32,4.84
US-xML,-80.5248,37.3783,2001,7,10,28.29,16.31,17.53,1.44,27.11,0.22
US-xML,-80.5248,37.3783,2001,7,11,25.55,13.84,14.69,2.13,26.8,0
US-xML,-80.5248,37.3783,2001,7,12,24.51,12.7,10.18,1.41,24.47,0.02
US-xML,-80.5248,37.3783,2001,7,13,23.58,10.4,9.3,1.92,26.17,0
US-xML,-80.5248,37.3783,2001,7,14,23.44,9.63,9.05,1.92,25.76,0
US-xML,-80.5248,37.3783,2001,7,15,25.64,11.21,9.82,1.63,29.37,0
US-xML,-80.5248,37.3783,2001,7,16,28.69,13.55,10.94,1.07,27.62,0.09
US-xML,-80.5248,37.3783,2001,7,17,28.3,13.69,15.08,1.57,20.93,6.18
US-xML,-80.5248,37.3783,2001,7,18,27.45,17.65,18.66,2,9.67,7.53
US-xML,-80.5248,37.3783,2001,7,19,28.51,17.18,17.52,1.03,19.1,1.68
US-xML,-80.5248,37.3783,2001,7,20,26.88,16.14,16.12,1.41,9.66,1.33
US-xML,-80.5248,37.3783,2001,7,21,27.51,13.02,11.84,1.16,24.49,0
US-xML,-80.5248,37.3783,2001,7,22,30.5,12.03,10.3,1.1,28.14,0.14
US-xML,-80.5248,37.3783,2001,7,23,31.43,15.15,11.22,1.18,28.22,0.08
US-xML,-80.5248,37.3783,2001,7,24,32.01,17.48,18.09,1.18,21.56,0.65
US-xML,-80.5248,37.3783,2001,7,25,27.66,19.3,20.36,1.31,18.04,9.06
US-xML,-80.5248,37.3783,2001,7,26,26.82,19.19,20.21,1.7,6.72,35.86
US-xML,-80.5248,37.3783,2001,7,27,22.39,15.69,16.39,1.5,9.11,5.63
US-xML,-80.5248,37.3783,2001,7,28,18.15,15.48,15.63,1.94,4.52,14.69
US-xML,-80.5248,37.3783,2001,7,29,22.77,16.39,19.02,1.35,6.45,47.22
US-xML,-80.5248,37.3783,2001,7,30,25.36,14.29,16.71,1.12,21.07,0.88
US-xML,-80.5248,37.3783,2001,7,31,28.03,15.33,17.21,0.83,21.15,3.89
US-xML,-80.5248,37.3783,2001,8,1,25.81,15.07,17.13,1.25,18.61,0.75
US-xML,-80.5248,37.3783,2001,8,2,25.79,15.36,16.73,1.02,22.94,0.3
US-xML,-80.5248,37.3783,2001,8,3,27.6,14.91,17.8,0.87,18.73,3.25
US-xML,-80.5248,37.3783,2001,8,4,27.45,16.88,17.51,0.91,19.01,2.57
US-xML,-80.5248,37.3783,2001,8,5,28.3,17.86,18.05,1.01,22.28,0.47
US-xML,-80.5248,37.3783,2001,8,6,28.71,16.55,17.74,1.14,24.81,0.01
US-xML,-80.5248,37.3783,2001,8,7,29.11,16.22,18.24,1.68,24.49,0
US-xML,-80.5248,37.3783,2001,8,8,29.22,17.42,18.96,1.43,23.06,0.11
US-xML,-80.5248,37.3783,2001,8,9,30.92,17.79,18.45,1.28,23.71,0.52
US-xML,-80.5248,37.3783,2001,8,10,29.43,19.95,20.76,1.42,16.81,3.85
US-xML,-80.5248,37.3783,2001,8,11,29.87,18.85,19.63,0.89,14.77,6.1
US-xML,-80.5248,37.3783,2001,8,12,26.47,19.29,20.52,0.93,16.48,10.35
US-xML,-80.5248,37.3783,2001,8,13,26.49,16.55,18.06,1.65,19.1,2.47
US-xML,-80.5248,37.3783,2001,8,14,26.02,13.9,14.27,1.65,21.41,0.08
US-xML,-80.5248,37.3783,2001,8,15,27.58,12.21,13.13,1.13,22.82,0.02
US-xML,-80.5248,37.3783,2001,8,16,28.12,15.08,15.77,1.75,17.49,0.4
US-xML,-80.5248,37.3783,2001,8,17,27.56,15.78,15.63,1.86,18.35,0.44
US-xML,-80.5248,37.3783,2001,8,18,27.05,15.49,13.07,1.27,19.03,0.99
US-xML,-80.5248,37.3783,2001,8,19,27.91,14.46,15.08,1.35,20.27,3.89
US-xML,-80.5248,37.3783,2001,8,20,24.55,13.75,13.48,1.69,19.36,0.13
US-xML,-80.5248,37.3783,2001,8,21,25.4,11.48,11.14,1.62,22.24,0
US-xML,-80.5248,37.3783,2001,8,22,27.85,13.9,10.52,1.19,24.38,0
US-xML,-80.5248,37.3783,2001,8,23,28.26,14.89,17.31,1.73,18.61,14.92
US-xML,-80.5248,37.3783,2001,8,24,27,16.9,16.89,1.84,18.68,3.25
US-xML,-80.5248,37.3783,2001,8,25,28.47,14.66,13.93,1.01,21.16,0
US-xML,-80.5248,37.3783,2001,8,26,28.7,13.55,16.34,1.32,17.89,2.11
US-xML,-80.5248,37.3783,2001,8,27,25.14,16.47,17.28,1.38,16.1,3.21
US-xML,-80.5248,37.3783,2001,8,28,28.52,15.19,15.71,1.4,17.65,0.11
US-xML,-80.5248,37.3783,2001,8,29,28.97,16.01,15.67,0.89,19.88,1.57
US-xML,-80.5248,37.3783,2001,8,30,28.34,16.75,16.98,1.24,15.2,3.83
US-xML,-80.5248,37.3783,2001,8,31,24.68,16.66,18.37,1.53,11.7,11.09
US-xML,-80.5248,37.3783,2001,9,1,25.22,13.12,16.21,1.4,14.11,3.02
US-xML,-80.5248,37.3783,2001,9,2,26.09,10.73,10.36,1.11,17.17,0.09
US-xML,-80.5248,37.3783,2001,9,3,25.94,14.22,15.5,1.57,5.6,0.87
US-xML,-80.5248,37.3783,2001,9,4,28.02,14.31,16.21,1.45,16.81,0.12
US-xML,-80.5248,37.3783,2001,9,5,27.39,13.18,11.38,1.59,23.29,0
US-xML,-80.5248,37.3783,2001,9,6,29.48,10.99,11.73,1.28,19.07,0
US-xML,-80.5248,37.3783,2001,9,7,30.05,12.79,14.01,1.18,20.1,0.05
US-xML,-80.5248,37.3783,2001,9,8,28.91,12.48,11.9,1.44,21.21,0.03
US-xML,-80.5248,37.3783,2001,9,9,27.85,12.44,14.98,1.65,18.09,5.32
US-xML,-80.5248,37.3783,2001,9,10,24.45,13.27,17.38,1.2,10.01,3.12
US-xML,-80.5248,37.3783,2001,9,11,25.8,9.03,6.83,1.75,24.31,0
US-xML,-80.5248,37.3783,2001,9,12,26.74,10.09,7.89,1.66,23.08,0
US-xML,-80.5248,37.3783,2001,9,13,29.18,10.86,9.03,1.02,21.45,0
US-xML,-80.5248,37.3783,2001,9,14,22.22,7.97,7.66,1.92,11.25,0.34
US-xML,-80.5248,37.3783,2001,9,15,21.92,4.16,1.5,1.64,23.83,0
US-xML,-80.5248,37.3783,2001,9,16,22.73,4.34,1.82,1.4,22.7,0
US-xML,-80.5248,37.3783,2001,9,17,25.46,8.15,3.76,1.37,20.3,0.04
US-xML,-80.5248,37.3783,2001,9,18,25.93,9.58,5.07,1.43,16.85,0.08
US-xML,-80.5248,37.3783,2001,9,19,25.8,10.81,9.81,2.12,13.74,2.79
US-xML,-80.5248,37.3783,2001,9,20,23.23,12.34,13.87,1.63,7.69,5.59
US-xML,-80.5248,37.3783,2001,9,21,26.09,9.63,9.47,1.36,18.68,0
US-xML,-80.5248,37.3783,2001,9,22,25.02,11.54,10.58,1.58,16.43,0.11
US-xML,-80.5248,37.3783,2001,9,23,28.39,12.07,10.02,1.27,19.81,0.34
US-xML,-80.5248,37.3783,2001,9,24,18.43,8.75,14.22,1.84,5.64,21.83
US-xML,-80.5248,37.3783,2001,9,25,13.67,2.63,2.75,2.31,14.6,0.91
US-xML,-80.5248,37.3783,2001,9,26,16.38,0.79,0.16,1.94,19.78,0
US-xML,-80.5248,37.3783,2001,9,27,20.1,4.47,2.63,2.11,20.28,0.01
US-xML,-80.5248,37.3783,2001,9,28,16.17,3,4.32,1.93,11.56,0.09
US-xML,-80.5248,37.3783,2001,9,29,18.02,3.72,4,1.9,13.78,0
US-xML,-80.5248,37.3783,2001,9,30,17.59,2.75,1.25,1.97,19.7,0
US-xML,-80.5248,37.3783,2001,10,1,19.9,3.67,0.97,2.18,19.31,0
US-xML,-80.5248,37.3783,2001,10,2,24.37,6.59,6.41,1.87,19.15,0
US-xML,-80.5248,37.3783,2001,10,3,25.56,7.73,6.12,1.76,19.39,0
US-xML,-80.5248,37.3783,2001,10,4,24.09,7.03,4.5,1.75,19.66,0
US-xML,-80.5248,37.3783,2001,10,5,24.71,7.34,7.43,2.39,18.14,0.12
US-xML,-80.5248,37.3783,2001,10,6,16.3,2.86,3.05,2.84,10.3,3.25
US-xML,-80.5248,37.3783,2001,10,7,11.45,-0.45,-5.01,2.24,20.3,0
US-xML,-80.5248,37.3783,2001,10,8,15.14,-1.43,-5.68,1.51,19.02,0.05
US-xML,-80.5248,37.3783,2001,10,9,16.95,-1.36,-4.23,1.78,19.01,0
US-xML,-80.5248,37.3783,2001,10,10,19.41,2.35,2.98,1.67,15.64,0.02
US-xML,-80.5248,37.3783,2001,10,11,22.95,6.6,9.08,1.71,14.13,0.08
US-xML,-80.5248,37.3783,2001,10,12,19.88,9.45,12.32,1.84,4.9,1.97
US-xML,-80.5248,37.3783,2001,10,13,23.31,11.86,12.67,2.46,7.46,0.28
US-xML,-80.5248,37.3783,2001,10,14,20.76,8.81,13.01,3.55,4.28,13.61
US-xML,-80.5248,37.3783,2001,10,15,18.82,6.11,1.29,1.82,18.51,0
US-xML,-80.5248,37.3783,2001,10,16,14.18,3.25,1.54,3.07,10.56,1.01
US-xML,-80.5248,37.3783,2001,10,17,10.04,-0.31,-0.95,3.1,8.93,0.22
US-xML,-80.5248,37.3783,2001,10,18,15.61,-1.5,-4.01,1.26,17.77,0
US-xML,-80.5248,37.3783,2001,10,19,18.9,-0.62,-1.48,1.62,15.43,0
US-xML,-80.5248,37.3783,2001,10,20,21.06,2.97,3.93,1.25,16.64,0
US-xML,-80.5248,37.3783,2001,10,21,24.44,7.02,4.83,1.79,16.17,0
US-xML,-80.5248,37.3783,2001,10,22,25.12,6.78,5.9,1.56,15.86,0
US-xML,-80.5248,37.3783,2001,10,23,25.02,7.17,9.3,2.05,13.78,0.08
US-xML,-80.5248,37.3783,2001,10,24,26.1,9.98,11.96,2.01,14.58,0.03
US-xML,-80.5248,37.3783,2001,10,25,16.45,7.68,1.01,3.75,16.75,2.72
US-xML,-80.5248,37.3783,2001,10,26,9.23,1.29,-6.23,4.25,15.01,0.1
US-xML,-80.5248,37.3783,2001,10,27,4.98,-1.76,-5.5,3.22,5.58,0.06
US-xML,-80.5248,37.3783,2001,10,28,10.57,-5.03,-5.16,1.72,16.18,0
US-xML,-80.5248,37.3783,2001,10,29,17.74,-2.24,-4.56,1.61,15.81,0
US-xML,-80.5248,37.3783,2001,10,30,20.82,0.63,-2.63,1.27,14.18,0
US-xML,-80.5248,37.3783,2001,10,31,18.84,2.28,0.08,1.8,13.65,0
US-xML,-80.5248,37.3783,2001,11,1,20.65,2.26,6.12,1.75,13.45,0
US-xML,-80.5248,37.3783,2001,11,2,22.95,9.03,9.75,1.71,10.5,0.41
US-xML,-80.5248,37.3783,2001,11,3,19.22,4.05,4.56,1.99,13.18,0.93
US-xML,-80.5248,37.3783,2001,11,4,17.91,0.84,-0.08,1.92,14.85,0
US-xML,-80.5248,37.3783,2001,11,5,12.18,-0.79,-2.36,2.16,15.11,0
US-xML,-80.5248,37.3783,2001,11,6,14.56,-3.22,-6.08,1.81,14.76,0.01
US-xML,-80.5248,37.3783,2001,11,7,19.42,0.25,-5.55,2.08,14.55,0
US-xML,-80.5248,37.3783,2001,11,8,21.23,4.77,-4.25,1.87,14.14,0.02
US-xML,-80.5248,37.3783,2001,11,9,15.24,0.37,-2.49,2.59,14.36,0.08
US-xML,-80.5248,37.3783,2001,11,10,18.27,-0.93,-6.83,2.37,12.78,0
US-xML,-80.5248,37.3783,2001,11,11,12.52,-1.95,-2.81,2.11,12.95,0
US-xML,-80.5248,37.3783,2001,11,12,13.92,-2.41,-6.62,1.26,13.54,0
US-xML,-80.5248,37.3783,2001,11,13,14.19,-2.16,-5.56,1.93,13.69,0.01
US-xML,-80.5248,37.3783,2001,11,14,17.23,-3.37,-3.96,1.2,13.22,0
US-xML,-80.5248,37.3783,2001,11,15,19.36,2.49,-1.81,1.34,12.77,0.17
US-xML,-80.5248,37.3783,2001,11,16,20.06,2.52,4.95,2.01,11.67,0
US-xML,-80.5248,37.3783,2001,11,17,20.33,3.87,5.49,1.22,12,0.02
US-xML,-80.5248,37.3783,2001,11,18,19.49,1.4,3.71,1.35,11.7,0.03
US-xML,-80.5248,37.3783,2001,11,19,19.16,3.29,4.04,1.85,11.22,0.46
US-xML,-80.5248,37.3783,2001,11,20,8.68,-2.14,-2.6,2.64,12.09,0.66
US-xML,-80.5248,37.3783,2001,11,21,11.87,-3.33,-7.65,1.61,12.59,0
US-xML,-80.5248,37.3783,2001,11,22,15.15,-2.65,-7.49,1.47,11.41,0.01
US-xML,-80.5248,37.3783,2001,11,23,16.2,-0.73,1.67,1.89,10.81,0.71
US-xML,-80.5248,37.3783,2001,11,24,14.66,6.7,9.6,2.54,2.72,2.37
US-xML,-80.5248,37.3783,2001,11,25,18.83,6.26,11,3.07,4.75,6.07
US-xML,-80.5248,37.3783,2001,11,26,19.36,4.52,0.31,1.36,10.71,0
US-xML,-80.5248,37.3783,2001,11,27,22.68,6.4,7.89,1.73,8.91,0.04
US-xML,-80.5248,37.3783,2001,11,28,22.38,9.72,11.44,1.48,8.86,0.07
US-xML,-80.5248,37.3783,2001,11,29,17.32,8.56,11.48,2.28,4.83,0.4
US-xML,-80.5248,37.3783,2001,11,30,20.54,7.11,11.6,3.21,7.05,2.37
US-xML,-80.5248,37.3783,2001,12,1,17.38,4.75,2.08,1.98,11.14,0
US-xML,-80.5248,37.3783,2001,12,2,15.69,0.87,-1.06,1.58,8.51,0
US-xML,-80.5248,37.3783,2001,12,3,17.06,0.08,-3.98,1.55,11.32,0
US-xML,-80.5248,37.3783,2001,12,4,21.25,4.76,-2.15,1.76,11.2,0
US-xML,-80.5248,37.3783,2001,12,5,23.93,5.25,1.15,1.76,10.93,0
US-xML,-80.5248,37.3783,2001,12,6,20.77,5.53,7.62,1.96,9.16,0.25
US-xML,-80.5248,37.3783,2001,12,7,13.42,6.98,8.28,1.73,2.55,0.66
US-xML,-80.5248,37.3783,2001,12,8,15.03,7.8,9.18,2.28,1.78,10.26
US-xML,-80.5248,37.3783,2001,12,9,8.73,-0.77,-0.46,2.52,7.55,1.42
US-xML,-80.5248,37.3783,2001,12,10,4.82,-1.25,-1.02,1.6,5.64,20.36
US-xML,-80.5248,37.3783,2001,12,11,8.07,0.45,3.52,1.35,4.05,3.03
US-xML,-80.5248,37.3783,2001,12,12,8.21,4.94,5.94,2.09,3.84,1.82
US-xML,-80.5248,37.3783,2001,12,13,18.4,6.18,9.99,1.9,3.64,1.83
US-xML,-80.5248,37.3783,2001,12,14,17.26,6.37,8.88,2.88,3.54,2.73
US-xML,-80.5248,37.3783,2001,12,15,11.05,0.67,0.52,2.48,5.06,0.07
US-xML,-80.5248,37.3783,2001,12,16,11.05,-1.34,-0.63,1.77,6.6,0.44
US-xML,-80.5248,37.3783,2001,12,17,11.92,1.73,5.96,2.66,4.79,8.29
US-xML,-80.5248,37.3783,2001,12,18,11.12,-1.97,1.25,4.1,8.08,1.46
US-xML,-80.5248,37.3783,2001,12,19,11.98,-2.03,-0.38,2.29,10.11,0.56
US-xML,-80.5248,37.3783,2001,12,20,3.06,-3.83,-8.8,4.6,11.13,0.42
US-xML,-80.5248,37.3783,2001,12,21,4.17,-5.09,-8.22,2.9,11.1,0
US-xML,-80.5248,37.3783,2001,12,22,9.46,-3.86,-6.82,1.58,10.79,0.13
US-xML,-80.5248,37.3783,2001,12,23,7.62,-3.16,1.48,2.87,3.19,3.9
US-xML,-80.5248,37.3783,2001,12,24,2.95,-6.5,-7.22,2.63,7.31,0.02
US-xML,-80.5248,37.3783,2001,12,25,1.63,-6.71,-10.77,1.73,9.78,0
US-xML,-80.5248,37.3783,2001,12,26,-0.01,-8.6,-11.83,2.02,10.46,0.06
US-xML,-80.5248,37.3783,2001,12,27,-0.54,-6.9,-9.27,2.78,5.9,0.4
US-xML,-80.5248,37.3783,2001,12,28,3.46,-7.56,-5.45,2.58,6.56,0.02
US-xML,-80.5248,37.3783,2001,12,29,2.19,-7.25,-6.08,3.2,4.83,0.58
US-xML,-80.5248,37.3783,2001,12,30,-2.23,-10.45,-13.49,2.92,10.77,0.06
US-xML,-80.5248,37.3783,2001,12,31,-0.76,-10.59,-12.17,2.13,9.52,0.08
US-xML,-80.5248,37.3783,2002,1,1,-1.37,-11.67,-13.01,1.99,10.93,0
US-xML,-80.5248,37.3783,2002,1,2,-1.51,-10.21,-12.23,0.8,8.61,0.05
US-xML,-80.5248,37.3783,2002,1,3,-3,-8.66,-10.3,2.95,5.95,0.28
US-xML,-80.5248,37.3783,2002,1,4,2.26,-8.27,-10.49,2.96,11.51,0
US-xML,-80.5248,37.3783,2002,1,5,4.32,-7.26,-9.46,2.07,9.27,0.02
US-xML,-80.5248,37.3783,2002,1,6,-0.31,-3.27,-4.48,2.04,1.86,6.99
US-xML,-80.5248,37.3783,2002,1,7,-0.79,-6.62,-4.6,3.86,3.32,1.93
US-xML,-80.5248,37.3783,2002,1,8,0.48,-8.5,-8.85,2.69,9.76,0.16
US-xML,-80.5248,37.3783,2002,1,9,8.07,-6.47,-2.12,2.74,9.35,0.06
US-xML,-80.5248,37.3783,2002,1,10,9.59,1.82,6.03,2.68,5.42,1.93
US-xML,-80.5248,37.3783,2002,1,11,6.88,-4,-0.25,3.28,6.58,3.36
US-xML,-80.5248,37.3783,2002,1,12,9.7,-3.71,-3.89,2.08,11.27,0.04
US-xML,-80.5248,37.3783,2002,1,13,4.6,-4.47,-5.98,3.58,11.1,0.22
US-xML,-80.5248,37.3783,2002,1,14,8.02,-4.17,-3.32,2.44,8.49,0.03
US-xML,-80.5248,37.3783,2002,1,15,5.63,-2.95,-2.84,3.88,9.63,0.02
US-xML,-80.5248,37.3783,2002,1,16,3.5,-5.33,-5.7,1.6,10.62,0.04
US-xML,-80.5248,37.3783,2002,1,17,5.85,-1.98,-2.07,2.42,9.18,0.12
US-xML,-80.5248,37.3783,2002,1,18,3.13,-5.1,-7.14,2.44,12.18,0.51
US-xML,-80.5248,37.3783,2002,1,19,0.18,-3.73,-3.86,2.54,3.04,17.85
US-xML,-80.5248,37.3783,2002,1,20,0.95,-8.5,-4.65,1.93,7.88,0.07
US-xML,-80.5248,37.3783,2002,1,21,3.7,-4.57,-1.47,2.56,8.37,1.29
US-xML,-80.5248,37.3783,2002,1,22,7.95,-3.95,-2.97,2.1,12.69,0.65
US-xML,-80.5248,37.3783,2002,1,23,7.63,-0.27,3.69,2.1,3.64,15.26
US-xML,-80.5248,37.3783,2002,1,24,15.79,3.42,8.46,3.19,2.98,12.08
US-xML,-80.5248,37.3783,2002,1,25,5.95,-2.67,-5.09,2.78,13.51,0.21
US-xML,-80.5248,37.3783,2002,1,26,11.21,-4.4,-4.7,2.03,13.96,0
US-xML,-80.5248,37.3783,2002,1,27,14.19,-2.65,-1.1,2.11,13.99,0
US-xML,-80.5248,37.3783,2002,1,28,17.47,-0.8,3.62,2,13.24,0
US-xML,-80.5248,37.3783,2002,1,29,18.31,5.59,11.42,2.37,7.81,0.04
US-xML,-80.5248,37.3783,2002,1,30,20.84,10.68,12.68,2.34,10.56,1.05
US-xML,-80.5248,37.3783,2002,1,31,20.99,9.14,12,2.3,10.83,0.04
US-xML,-80.5248,37.3783,2002,2,1,16.6,-1.19,6.17,4.27,6.92,0.4
US-xML,-80.5248,37.3783,2002,2,2,4.54,-5.25,-7.94,2.57,13.88,0.03
US-xML,-80.5248,37.3783,2002,2,3,3.56,-3.42,-4.48,1.79,7.15,0.16
US-xML,-80.5248,37.3783,2002,2,4,-1.1,-9.1,-9.1,5.51,8.67,0.81
US-xML,-80.5248,37.3783,2002,2,5,1.22,-9.7,-13.11,2.98,13.78,0.23
US-xML,-80.5248,37.3783,2002,2,6,2.1,-5.76,-6.65,1.33,5.16,7.19
US-xML,-80.5248,37.3783,2002,2,7,4.56,-1.76,-0.39,1.95,4.54,4.72
US-xML,-80.5248,37.3783,2002,2,8,9.73,-3.45,-2.94,2.71,15.55,0
US-xML,-80.5248,37.3783,2002,2,9,11.05,-3.2,-2,2.39,15.79,0.03
US-xML,-80.5248,37.3783,2002,2,10,9.44,-0.46,3.34,2.83,2.5,3.38
US-xML,-80.5248,37.3783,2002,2,11,2.57,-5.63,-6.43,4.22,12.66,0.51
US-xML,-80.5248,37.3783,2002,2,12,9.02,-5.5,-4.34,2.7,16.09,0
US-xML,-80.5248,37.3783,2002,2,13,4.76,-5.86,-5.18,2.86,12.77,0
US-xML,-80.5248,37.3783,2002,2,14,8.22,-5.86,-7.23,1.61,16.21,0
US-xML,-80.5248,37.3783,2002,2,15,8.54,-2.48,-1.69,2.22,10.26,0.03
US-xML,-80.5248,37.3783,2002,2,16,9.75,0.99,-1.52,3.17,16.09,0.36
US-xML,-80.5248,37.3783,2002,2,17,2.57,-5.2,-5.79,4.53,9.06,0.58
US-xML,-80.5248,37.3783,2002,2,18,9.65,-6.99,-9.75,1.82,17.57,0
US-xML,-80.5248,37.3783,2002,2,19,15.36,-3.35,-2.21,1.8,13.53,0.01
US-xML,-80.5248,37.3783,2002,2,20,12.41,2.91,5.85,3.26,4.67,0.76
US-xML,-80.5248,37.3783,2002,2,21,12.22,0.67,1.91,3.43,14.83,0.12
US-xML,-80.5248,37.3783,2002,2,22,5.24,-4.83,-2.58,2.59,5.21,0.04
US-xML,-80.5248,37.3783,2002,2,23,8.18,-5.52,-5.3,1.69,9.96,0
US-xML,-80.5248,37.3783,2002,2,24,13.13,-4.4,-5.05,1.38,18.25,0
US-xML,-80.5248,37.3783,2002,2,25,16.87,-2.66,0.22,1.98,15.87,0
US-xML,-80.5248,37.3783,2002,2,26,12.49,-3.9,0.17,3.79,13.87,0.3
US-xML,-80.5248,37.3783,2002,2,27,-4.55,-8.95,-14.05,5.2,12,0.54
US-xML,-80.5248,37.3783,2002,2,28,0.03,-9.69,-11.92,2.81,17.53,0.16
US-xML,-80.5248,37.3783,2002,3,1,8.44,-9.95,-8.77,1.69,19.07,0
US-xML,-80.5248,37.3783,2002,3,2,1.65,-1.61,-1.72,3.25,2.83,15.38
US-xML,-80.5248,37.3783,2002,3,3,3.16,-6.23,-2.44,3.64,7.28,0.59
US-xML,-80.5248,37.3783,2002,3,4,-5.48,-11.8,-14.64,3.99,16.21,0.07
US-xML,-80.5248,37.3783,2002,3,5,5.9,-12.14,-8.38,2.39,19.32,0.01
US-xML,-80.5248,37.3783,2002,3,6,12.97,-2.94,-2.38,2.16,19.48,0
US-xML,-80.5248,37.3783,2002,3,7,16.59,-2.03,0.56,2.07,16.86,0
US-xML,-80.5248,37.3783,2002,3,8,18.36,-0.24,1.71,2.48,19.22,0
US-xML,-80.5248,37.3783,2002,3,9,16.21,0.97,8.93,3.53,8.83,0.99
US-xML,-80.5248,37.3783,2002,3,10,5,-5.55,-10.03,5.66,22.42,0
US-xML,-80.5248,37.3783,2002,3,11,10.67,-6.46,-7.99,1.8,19.56,0.12
US-xML,-80.5248,37.3783,2002,3,12,6.01,-0.25,1.92,1.44,3.82,4.98
US-xML,-80.5248,37.3783,2002,3,13,13.79,2.93,6.75,1.53,5.75,8.47
US-xML,-80.5248,37.3783,2002,3,14,20.76,5.48,7.28,2.05,19.31,0.08
US-xML,-80.5248,37.3783,2002,3,15,23.07,7.99,10.01,2.21,18.03,0.79
US-xML,-80.5248,37.3783,2002,3,16,19.09,5.85,11.09,2.67,7.41,13.28
US-xML,-80.5248,37.3783,2002,3,17,6.1,2.08,3.16,3.01,3.3,13.18
US-xML,-80.5248,37.3783,2002,3,18,17.07,2.24,5.72,1.68,9.02,19.26
US-xML,-80.5248,37.3783,2002,3,19,8.7,5.89,6.38,2.5,2.45,5.66
US-xML,-80.5248,37.3783,2002,3,20,18.59,5.75,7.51,3.23,6.05,5.27
US-xML,-80.5248,37.3783,2002,3,21,13.49,-3.46,0.66,3.14,21.03,0.51
US-xML,-80.5248,37.3783,2002,3,22,-0.48,-10.03,-12.85,4.35,23.69,0.05
US-xML,-80.5248,37.3783,2002,3,23,8.76,-5.33,-7.77,2.68,23.4,0
US-xML,-80.5248,37.3783,2002,3,24,15.5,-3.42,-0.13,2.11,21.44,0.03
US-xML,-80.5248,37.3783,2002,3,25,21.03,2.92,7.04,2.31,18.27,0.15
US-xML,-80.5248,37.3783,2002,3,26,18.71,4.23,9.58,3.34,7.16,10.61
US-xML,-80.5248,37.3783,2002,3,27,8.05,-4.8,-2.35,3.18,8.52,0.2
US-xML,-80.5248,37.3783,2002,3,28,14.23,-5.21,-2.32,1.52,22.65,0.02
US-xML,-80.5248,37.3783,2002,3,29,19.9,1.23,6.5,3.03,20.76,0.41
US-xML,-80.5248,37.3783,2002,3,30,18.28,6.32,6.4,2.03,13.12,7.59
US-xML,-80.5248,37.3783,2002,3,31,8.65,4.82,6.17,1.7,3.15,19.76
US-xML,-80.5248,37.3783,2002,4,1,11.65,2.49,-0.39,2.64,23.28,0.17
US-xML,-80.5248,37.3783,2002,4,2,20.92,0.21,4.77,2.57,22.21,0
US-xML,-80.5248,37.3783,2002,4,3,12.71,-0.34,4.52,3.22,9.01,0.14
US-xML,-80.5248,37.3783,2002,4,4,10.66,-4.73,-3.76,1.92,25.07,0.26
US-xML,-80.5248,37.3783,2002,4,5,9.74,-4.34,-3.95,2.48,24.81,0
US-xML,-80.5248,37.3783,2002,4,6,6.07,-4.93,-5.9,2.39,19,2
US-xML,-80.5248,37.3783,2002,4,7,13.76,-5.51,-3.25,2.17,25.23,0
US-xML,-80.5248,37.3783,2002,4,8,18.73,0.01,6.47,3.08,18.07,0.05
US-xML,-80.5248,37.3783,2002,4,9,19.05,10.19,12.5,3.12,5.07,12.69
US-xML,-80.5248,37.3783,2002,4,10,20.58,6.27,5.88,1.71,26.09,0.25
US-xML,-80.5248,37.3783,2002,4,11,19.25,4.18,4.59,2.25,26.47,0
US-xML,-80.5248,37.3783,2002,4,12,20.48,6.26,9.99,1.86,12.29,0.34
US-xML,-80.5248,37.3783,2002,4,13,20.13,11.12,12.84,1.75,9.97,11.64
US-xML,-80.5248,37.3783,2002,4,14,21.38,10.88,13.4,1.83,12.16,3.85
US-xML,-80.5248,37.3783,2002,4,15,24.02,12.63,14.46,2.07,20.29,0.31
US-xML,-80.5248,37.3783,2002,4,16,27.56,12.67,15.04,1.69,22.46,0.19
US-xML,-80.5248,37.3783,2002,4,17,25.14,15.16,16.48,1.71,19.94,4.89
US-xML,-80.5248,37.3783,2002,4,18,27.51,14.28,15.28,1.35,19.1,0.69
US-xML,-80.5248,37.3783,2002,4,19,24.9,16.03,16.3,1.9,17.64,2.45
US-xML,-80.5248,37.3783,2002,4,20,23.58,14.48,16.09,2.22,11.32,2.56
US-xML,-80.5248,37.3783,2002,4,21,24.04,14.04,16.28,1.83,12.64,15.97
US-xML,-80.5248,37.3783,2002,4,22,16.7,5.36,7.97,3.81,24.74,4.31
US-xML,-80.5248,37.3783,2002,4,23,13.1,2.02,0.21,2.58,26.74,0.49
US-xML,-80.5248,37.3783,2002,4,24,17.92,-0.11,3.84,1.83,24.13,3.08
US-xML,-80.5248,37.3783,2002,4,25,13.9,5.03,2.42,3.36,19.73,5.23
US-xML,-80.5248,37.3783,2002,4,26,11.9,3.57,0.15,2.01,17.1,0.5
US-xML,-80.5248,37.3783,2002,4,27,16.38,2.25,3.86,2.41,13.9,1.93
US-xML,-80.5248,37.3783,2002,4,28,23.82,10.7,13.46,3.82,13.89,15.57
US-xML,-80.5248,37.3783,2002,4,29,13.66,4.4,3.79,4.05,19.59,0.47
US-xML,-80.5248,37.3783,2002,4,30,18.96,2.14,5.3,1.93,26.8,0
US-xML,-80.5248,37.3783,2002,5,1,22.87,8.76,11.54,1.75,18.46,9.83
US-xML,-80.5248,37.3783,2002,5,2,23.25,10.87,17.22,3.1,8.1,31.81
US-xML,-80.5248,37.3783,2002,5,3,15.29,5.14,3.56,2.59,17.08,0.26
US-xML,-80.5248,37.3783,2002,5,4,10.86,4.78,4.47,2.05,7.69,4.44
US-xML,-80.5248,37.3783,2002,5,5,21.31,5.6,6.82,1.28,29.08,0.3
US-xML,-80.5248,37.3783,2002,5,6,22.04,6.27,9.85,2.39,18.02,3.4
US-xML,-80.5248,37.3783,2002,5,7,22.85,13.43,16.11,2.01,10.18,8.83
US-xML,-80.5248,37.3783,2002,5,8,23.7,14.15,16.43,1.2,14.1,3.22
US-xML,-80.5248,37.3783,2002,5,9,25.57,15.23,17.19,2.05,14.97,3.88
US-xML,-80.5248,37.3783,2002,5,10,19.41,8.84,8.4,2.23,17.83,0.08
US-xML,-80.5248,37.3783,2002,5,11,21.17,8.39,7.84,1.91,21.17,0.04
US-xML,-80.5248,37.3783,2002,5,12,25.27,12.55,16.22,2.17,19.83,0.61
US-xML,-80.5248,37.3783,2002,5,13,24.08,7.55,14.37,3.85,9.67,12.09
US-xML,-80.5248,37.3783,2002,5,14,13.42,5.14,3.73,3.87,18.71,1.15
US-xML,-80.5248,37.3783,2002,5,15,19.27,5.63,5.42,2.12,30.51,0.01
US-xML,-80.5248,37.3783,2002,5,16,21.86,5.93,8.39,1.89,24.22,0.18
US-xML,-80.5248,37.3783,2002,5,17,24.01,11.46,14.22,2.25,18,2.16
US-xML,-80.5248,37.3783,2002,5,18,17.2,2.86,4.68,3.32,9.83,8.02
US-xML,-80.5248,37.3783,2002,5,19,13.34,0.94,-0.23,1.8,25.46,0.18
US-xML,-80.5248,37.3783,2002,5,20,11.89,0.01,0.64,1.67,17.04,0.86
US-xML,-80.5248,37.3783,2002,5,21,11.98,0.46,0.04,1.5,14.97,0.11
US-xML,-80.5248,37.3783,2002,5,22,16.98,-1.59,-0.21,1.44,31.38,0
US-xML,-80.5248,37.3783,2002,5,23,21.66,1.36,4.83,1.51,31.24,0
US-xML,-80.5248,37.3783,2002,5,24,23.99,7.95,10.22,2.06,29.22,0
US-xML,-80.5248,37.3783,2002,5,25,25.88,10.34,12.44,1.67,27.26,0.04
US-xML,-80.5248,37.3783,2002,5,26,25.1,12.79,13.69,1.01,22.35,1.73
US-xML,-80.5248,37.3783,2002,5,27,25.21,14.34,14.67,1.07,19.1,3.4
US-xML,-80.5248,37.3783,2002,5,28,25.42,13.07,14.34,1.27,22.94,0.87
US-xML,-80.5248,37.3783,2002,5,29,26.27,11.59,12.73,1.67,25.9,0.08
US-xML,-80.5248,37.3783,2002,5,30,26.85,12.2,14.17,1.43,23.62,0.04
US-xML,-80.5248,37.3783,2002,5,31,27.52,15.06,16.11,1.73,26.81,0.92
US-xML,-80.5248,37.3783,2002,6,1,28.08,17.87,18.78,2.31,15.8,6.43
US-xML,-80.5248,37.3783,2002,6,2,28.08,16.52,18.14,2.64,23.95,0.72
US-xML,-80.5248,37.3783,2002,6,3,29.17,15.39,15.54,1.19,21.6,1.05
US-xML,-80.5248,37.3783,2002,6,4,30.42,18.2,18.96,1.32,24.8,2
US-xML,-80.5248,37.3783,2002,6,5,30.53,18.45,18.09,1.66,22.72,1.77
US-xML,-80.5248,37.3783,2002,6,6,26.81,15.73,17.67,1.6,9.08,15.44
US-xML,-80.5248,37.3783,2002,6,7,25.79,13,12.07,1.32,25.89,0.2
US-xML,-80.5248,37.3783,2002,6,8,25.68,9.3,8.08,1.61,31.78,0
US-xML,-80.5248,37.3783,2002,6,9,28.77,9.45,11.31,1.39,28.81,0
US-xML,-80.5248,37.3783,2002,6,10,30.86,15.72,13.26,0.97,27.17,0
US-xML,-80.5248,37.3783,2002,6,11,30.1,14.46,12.23,1.8,29.53,0
US-xML,-80.5248,37.3783,2002,6,12,28.67,15.64,16.78,2.15,19.43,3.08
US-xML,-80.5248,37.3783,2002,6,13,28.05,17.74,18.04,1.51,17.04,3.55
US-xML,-80.5248,37.3783,2002,6,14,23.69,15.8,16.47,1.7,16.7,5.65
US-xML,-80.5248,37.3783,2002,6,15,21.87,12.06,10.38,2.52,21.76,0.08
US-xML,-80.5248,37.3783,2002,6,16,21.07,10.68,12.05,2.07,18.72,1.01
US-xML,-80.5248,37.3783,2002,6,17,24.43,12.32,8.73,1.68,28.43,0.12
US-xML,-80.5248,37.3783,2002,6,18,29.13,13.3,8.49,0.95,25.74,0.5
US-xML,-80.5248,37.3783,2002,6,19,28.5,14.88,13.58,1.15,24.43,2.43
US-xML,-80.5248,37.3783,2002,6,20,27.7,13.58,12.79,1.41,24.87,0.03
US-xML,-80.5248,37.3783,2002,6,21,28.13,12.37,8.31,1.69,30.39,0
US-xML,-80.5248,37.3783,2002,6,22,29.21,11.49,9.45,1.6,31.26,0
US-xML,-80.5248,37.3783,2002,6,23,31.05,14.04,15.39,1.34,23.54,0.03
US-xML,-80.5248,37.3783,2002,6,24,32.89,16.55,15.49,0.95,25.91,0.74
US-xML,-80.5248,37.3783,2002,6,25,34.74,19.27,16.54,0.96,23.03,2.56
US-xML,-80.5248,37.3783,2002,6,26,29.95,18.02,18.05,1.26,14.41,7.97
US-xML,-80.5248,37.3783,2002,6,27,27.62,18.99,19.02,1.51,16.09,14.74
US-xML,-80.5248,37.3783,2002,6,28,25.92,17.99,18.4,1.79,15.07,10.77
US-xML,-80.5248,37.3783,2002,6,29,29.73,14.62,14.51,1.12,23.77,0.17
US-xML,-80.5248,37.3783,2002,6,30,31.44,15.01,14.64,0.93,23.62,0.25
US-xML,-80.5248,37.3783,2002,7,1,31.34,16.7,15.49,1.5,22.75,1.13
US-xML,-80.5248,37.3783,2002,7,2,29.39,18.98,19.37,1.34,16.08,7.6
US-xML,-80.5248,37.3783,2002,7,3,31.6,17.41,17.87,1.35,19.92,5.62
US-xML,-80.5248,37.3783,2002,7,4,32.59,17.17,16.33,1.34,24.77,1.81
US-xML,-80.5248,37.3783,2002,7,5,32.49,17.5,15.73,1.82,25.04,0.38
US-xML,-80.5248,37.3783,2002,7,6,30.07,13.69,8.85,1.49,28.97,0
US-xML,-80.5248,37.3783,2002,7,7,31.1,13.71,10.19,1.28,27.87,0.04
US-xML,-80.5248,37.3783,2002,7,8,32.07,15.46,14.83,1.42,23.91,1.05
US-xML,-80.5248,37.3783,2002,7,9,30.73,20.5,17.99,1.97,20.47,3.49
US-xML,-80.5248,37.3783,2002,7,10,28.5,18.7,19.15,1.47,11.66,10.13
US-xML,-80.5248,37.3783,2002,7,11,25.18,14.33,11.61,1.55,13.29,2.29
US-xML,-80.5248,37.3783,2002,7,12,26.45,11.47,9.82,1.44,14.72,0.18
US-xML,-80.5248,37.3783,2002,7,13,23.2,15.03,15.5,1.24,8.09,18.11
US-xML,-80.5248,37.3783,2002,7,14,23.61,17.09,18.53,1.02,9.13,4.38
US-xML,-80.5248,37.3783,2002,7,15,29.28,16.96,16.83,1.38,21.3,0.23
US-xML,-80.5248,37.3783,2002,7,16,30.08,15.75,13.54,1.76,24.9,0
US-xML,-80.5248,37.3783,2002,7,17,32.65,16.72,15.16,1.16,21.27,0.01
US-xML,-80.5248,37.3783,2002,7,18,28.82,18.44,18.94,1.43,15.08,3.95
US-xML,-80.5248,37.3783,2002,7,19,26.76,18.07,19.06,1.37,13.86,10.62
US-xML,-80.5248,37.3783,2002,7,20,29.25,17.61,17.48,1.27,19.57,0.43
US-xML,-80.5248,37.3783,2002,7,21,32.92,18.7,15.4,0.8,25.53,0.05
US-xML,-80.5248,37.3783,2002,7,22,31.96,17.59,16.55,1.43,24.56,1.55
US-xML,-80.5248,37.3783,2002,7,23,32.08,18.37,18.79,0.9,19.94,9.22
US-xML,-80.5248,37.3783,2002,7,24,29.61,19.2,18.94,0.6,14.52,7.3
US-xML,-80.5248,37.3783,2002,7,25,30.06,18.83,19.65,1.01,10.97,14.68
US-xML,-80.5248,37.3783,2002,7,26,29.01,19.37,19.59,1.47,16.73,8.27
US-xML,-80.5248,37.3783,2002,7,27,26.47,19.41,19.71,1.56,10.08,8.8
US-xML,-80.5248,37.3783,2002,7,28,31.18,18.24,19.4,1.69,23.39,0.12
US-xML,-80.5248,37.3783,2002,7,29,31.4,20.34,19.11,1.89,24.65,0.18
US-xML,-80.5248,37.3783,2002,7,30,29.11,20.32,19.94,1.84,19.79,3.15
US-xML,-80.5248,37.3783,2002,7,31,29.86,19.08,17,1.52,23.69,0.11
US-xML,-80.5248,37.3783,2002,8,1,32.54,17.1,15.28,1.51,25.16,0.21
US-xML,-80.5248,37.3783,2002,8,2,33.51,18.37,15.53,1.34,25.42,0.38
US-xML,-80.5248,37.3783,2002,8,3,34.07,19.58,15.4,1.33,24.86,0.52
US-xML,-80.5248,37.3783,2002,8,4,33.68,19.67,15.27,1.17,24.92,0.72
US-xML,-80.5248,37.3783,2002,8,5,33.62,18.25,15.72,1.38,24.35,2.71
US-xML,-80.5248,37.3783,2002,8,6,27.45,13.62,11.27,2.12,27.5,0.71
US-xML,-80.5248,37.3783,2002,8,7,26.37,10.49,5.66,1.52,29.11,0
US-xML,-80.5248,37.3783,2002,8,8,27.42,11.07,6.13,1.46,28.24,0
US-xML,-80.5248,37.3783,2002,8,9,29.37,11.24,6.89,1.41,28.07,0
US-xML,-80.5248,37.3783,2002,8,10,31.95,12.05,9.54,1.29,24.25,0.03
US-xML,-80.5248,37.3783,2002,8,11,31.98,15.83,13.51,1.48,21.97,0.49
US-xML,-80.5248,37.3783,2002,8,12,32.29,17.4,15.39,1.26,23.35,0.08
US-xML,-80.5248,37.3783,2002,8,13,34.09,19.84,12.41,1.62,20.71,0
US-xML,-80.5248,37.3783,2002,8,14,33.4,16.03,11.12,1.71,24.1,0.01
US-xML,-80.5248,37.3783,2002,8,15,32.07,18.62,17.82,1.35,15.89,3.28
US-xML,-80.5248,37.3783,2002,8,16,29.36,19.39,18.04,1.39,14.14,0.81
US-xML,-80.5248,37.3783,2002,8,17,28.61,17.9,18.59,1.26,14.82,7.48
US-xML,-80.5248,37.3783,2002,8,18,29.73,19.56,18.82,1.77,18.21,5.35
US-xML,-80.5248,37.3783,2002,8,19,31.69,17.94,17.19,1.32,19.72,0.53
US-xML,-80.5248,37.3783,2002,8,20,29.92,16.02,14.14,1.84,22.02,0.1
US-xML,-80.5248,37.3783,2002,8,21,32.08,13.95,12.4,1.53,23.11,0.04
US-xML,-80.5248,37.3783,2002,8,22,33.83,17.05,15.65,1.75,20.23,0.2
US-xML,-80.5248,37.3783,2002,8,23,33.6,19.88,17.15,1.74,20.49,0.63
US-xML,-80.5248,37.3783,2002,8,24,28.43,19.7,19,1.75,13.67,5.19
US-xML,-80.5248,37.3783,2002,8,25,28.63,17.24,15.4,1.17,13.72,0.67
US-xML,-80.5248,37.3783,2002,8,26,24.15,15.54,14.37,1.59,11.47,6.88
US-xML,-80.5248,37.3783,2002,8,27,25.72,15.45,14.85,1.43,7.4,1.97
US-xML,-80.5248,37.3783,2002,8,28,22.48,13.87,14.63,1.75,5.89,3.53
US-xML,-80.5248,37.3783,2002,8,29,26.3,13.39,14.11,1.17,10.77,0.49
US-xML,-80.5248,37.3783,2002,8,30,26.33,14.5,14.82,1.23,11.83,0.17
US-xML,-80.5248,37.3783,2002,8,31,22.74,15.08,14.6,1.72,8.87,1.07
US-xML,-80.5248,37.3783,2002,9,1,27.77,14.5,14.84,0.94,13.62,0.27
US-xML,-80.5248,37.3783,2002,9,2,31.39,14.47,13.84,0.85,22.23,0.04
US-xML,-80.5248,37.3783,2002,9,3,31.96,15.66,15.42,1.35,19.4,0.21
US-xML,-80.5248,37.3783,2002,9,4,31.15,14.21,12.63,1.96,20.37,0.05
US-xML,-80.5248,37.3783,2002,9,5,31.08,11.24,4.46,1.43,24.99,0
US-xML,-80.5248,37.3783,2002,9,6,31.76,14.43,8.38,1.39,24.15,0
US-xML,-80.5248,37.3783,2002,9,7,32.02,13.82,10.65,1.44,23.11,0.01
US-xML,-80.5248,37.3783,2002,9,8,31.61,14.34,8.07,1.5,23.71,0
US-xML,-80.5248,37.3783,2002,9,9,32.48,14.39,5.31,1.62,23.89,0
US-xML,-80.5248,37.3783,2002,9,10,32.76,12.12,4.25,2.04,23.81,0
US-xML,-80.5248,37.3783,2002,9,11,26.09,12.11,7.87,2.5,18.34,0
US-xML,-80.5248,37.3783,2002,9,12,27.01,9.08,3.75,1.18,24.25,0
US-xML,-80.5248,37.3783,2002,9,13,30.59,10.26,10.31,1.48,20.87,0.08
US-xML,-80.5248,37.3783,2002,9,14,24.96,16.72,18.53,1.43,7.76,5.89
US-xML,-80.5248,37.3783,2002,9,15,22.76,17.29,18,1.43,6.06,16.49
US-xML,-80.5248,37.3783,2002,9,16,27.89,15.47,15.88,1.47,13.87,1.32
US-xML,-80.5248,37.3783,2002,9,17,28.93,12.93,10.45,1.28,16.02,0
US-xML,-80.5248,37.3783,2002,9,18,27.26,14.57,15.83,1.43,11.12,4.42
US-xML,-80.5248,37.3783,2002,9,19,29.43,17.57,17.23,1.42,14.83,1.27
US-xML,-80.5248,37.3783,2002,9,20,29.49,17.58,17.28,1.93,11.71,0.41
US-xML,-80.5248,37.3783,2002,9,21,22.51,17.81,17.96,1.48,8.68,5.78
US-xML,-80.5248,37.3783,2002,9,22,21.81,15.09,18.16,1.23,7.68,24.11
US-xML,-80.5248,37.3783,2002,9,23,24.06,10.5,9.16,1.47,19.23,0.78
US-xML,-80.5248,37.3783,2002,9,24,24.91,9.07,7.43,1.34,15.74,0.07
US-xML,-80.5248,37.3783,2002,9,25,18.56,11.45,7.8,1.45,8.82,4.73
US-xML,-80.5248,37.3783,2002,9,26,16.13,11.63,13.81,1.98,3.83,33.9
US-xML,-80.5248,37.3783,2002,9,27,27.03,15.84,19.18,3.17,7.7,11.26
US-xML,-80.5248,37.3783,2002,9,28,24.06,12.02,12.69,1.82,19.04,0.62
US-xML,-80.5248,37.3783,2002,9,29,24.87,9.79,10.89,1.14,17.15,0
US-xML,-80.5248,37.3783,2002,9,30,24.77,9.6,11.87,1.42,16.99,0.24
US-xML,-80.5248,37.3783,2002,10,1,26.35,9.94,14.45,1.47,12.97,0.16
US-xML,-80.5248,37.3783,2002,10,2,27.15,15.23,17.2,1.62,13.4,0.13
US-xML,-80.5248,37.3783,2002,10,3,28.17,15.58,16.6,1.4,14.27,0.1
US-xML,-80.5248,37.3783,2002,10,4,26.42,15.74,16.29,2.66,10.92,0.78
US-xML,-80.5248,37.3783,2002,10,5,24.93,10.98,14.05,1.82,16.89,0.31
US-xML,-80.5248,37.3783,2002,10,6,24.4,8.12,9.78,1.7,17.03,0
US-xML,-80.5248,37.3783,2002,10,7,21.71,6.35,8.5,1.92,10.89,0.02
US-xML,-80.5248,37.3783,2002,10,8,19.77,4.51,4.25,1.51,12.28,0
US-xML,-80.5248,37.3783,2002,10,9,21.18,8.71,10.07,1.27,7.03,0.1
US-xML,-80.5248,37.3783,2002,10,10,18.06,11.82,13.37,1.35,4.38,6.69
US-xML,-80.5248,37.3783,2002,10,11,20.43,13.05,14.51,0.87,5.44,10.05
US-xML,-80.5248,37.3783,2002,10,12,23.94,12.2,13.99,1.32,9.65,0.54
US-xML,-80.5248,37.3783,2002,10,13,21.58,8.24,12.23,2.13,5.73,2.14
US-xML,-80.5248,37.3783,2002,10,14,16.8,1.85,1.02,1.7,16.69,0.43
US-xML,-80.5248,37.3783,2002,10,15,8.68,4.16,5.23,1.72,4.67,17.33
US-xML,-80.5248,37.3783,2002,10,16,11.28,6.32,7.75,2.27,4.92,24.13
US-xML,-80.5248,37.3783,2002,10,17,10.41,0.77,3.1,1.73,6.17,0.69
US-xML,-80.5248,37.3783,2002,10,18,14.35,-0.79,1.92,1.73,16.01,0
US-xML,-80.5248,37.3783,2002,10,19,17.42,3.63,6.95,2,6.66,0.78
US-xML,-80.5248,37.3783,2002,10,20,13.79,8.02,10.11,1.16,4.32,1.97
US-xML,-80.5248,37.3783,2002,10,21,10.52,6.83,7.72,1.2,2.59,2.84
US-xML,-80.5248,37.3783,2002,10,22,17.32,5.11,6.36,1.07,11.9,0.16
US-xML,-80.5248,37.3783,2002,10,23,18.51,2.11,4.18,1.49,15.81,0
US-xML,-80.5248,37.3783,2002,10,24,12.74,4.63,6.02,1.8,4.57,0.37
US-xML,-80.5248,37.3783,2002,10,25,9.95,7.14,7.65,1.68,3.5,10.03
US-xML,-80.5248,37.3783,2002,10,26,17.23,8.34,10.04,1.79,9.07,0.56
US-xML,-80.5248,37.3783,2002,10,27,13.41,7.48,8.33,0.87,8.78,1.62
US-xML,-80.5248,37.3783,2002,10,28,10.45,6.79,7.61,1.31,2.69,11.84
US-xML,-80.5248,37.3783,2002,10,29,7.39,4.51,5.22,2.34,2.79,18.34
US-xML,-80.5248,37.3783,2002,10,30,8.42,1.55,3.77,1.71,4.01,8.32
US-xML,-80.5248,37.3783,2002,10,31,8.64,-0.05,0.64,2.2,4.87,0.39
US-xML,-80.5248,37.3783,2002,11,1,7.75,-0.26,-0.32,2.89,4.25,0.18
US-xML,-80.5248,37.3783,2002,11,2,8,-4.25,-6.22,2.69,15.46,0
US-xML,-80.5248,37.3783,2002,11,3,11.06,-2.42,-1.57,1.27,11.73,1.9
US-xML,-80.5248,37.3783,2002,11,4,6.53,2.57,3.9,1.26,4.01,3.77
US-xML,-80.5248,37.3783,2002,11,5,5.69,1.94,3.55,2.4,2.77,15.15
US-xML,-80.5248,37.3783,2002,11,6,7.44,1.48,3.22,3.59,5.61,2.44
US-xML,-80.5248,37.3783,2002,11,7,8.81,-1.38,-0.24,2.72,7.41,0.19
US-xML,-80.5248,37.3783,2002,11,8,15.97,-2.23,2.4,1.76,14.3,0
US-xML,-80.5248,37.3783,2002,11,9,17.4,0.65,6.52,2.25,10.76,0.09
US-xML,-80.5248,37.3783,2002,11,10,19.54,11.76,14.13,3.28,6.4,7.34
US-xML,-80.5248,37.3783,2002,11,11,17.24,8.05,11.46,2.25,6.92,17.36
US-xML,-80.5248,37.3783,2002,11,12,9.37,4.63,5.88,2.05,2.63,15.7
US-xML,-80.5248,37.3783,2002,11,13,8.31,-0.09,0.71,2.66,9.26,0.15
US-xML,-80.5248,37.3783,2002,11,14,12.09,-1.42,1.01,1.56,11.72,0.07
US-xML,-80.5248,37.3783,2002,11,15,12.93,0.41,3.1,1.6,11.5,2.4
US-xML,-80.5248,37.3783,2002,11,16,9.28,5.99,7.15,1.11,1.85,19.07
US-xML,-80.5248,37.3783,2002,11,17,5.35,-1.45,0.31,3.12,1.69,5.36
US-xML,-80.5248,37.3783,2002,11,18,6.3,-3.47,-3.42,2.48,12.33,0.4
US-xML,-80.5248,37.3783,2002,11,19,9.27,-2.26,2,1.91,5.24,2.14
US-xML,-80.5248,37.3783,2002,11,20,12.28,1.38,2.88,1.41,9.42,0.19
US-xML,-80.5248,37.3783,2002,11,21,10.88,4.19,6.16,1.42,2.5,11.1
US-xML,-80.5248,37.3783,2002,11,22,5.4,-3.08,-1.96,4.11,3.42,2.03
US-xML,-80.5248,37.3783,2002,11,23,5.35,-3.58,-4.43,3.03,11.22,0.06
US-xML,-80.5248,37.3783,2002,11,24,12.85,-1.94,1.48,2.14,12.06,0
US-xML,-80.5248,37.3783,2002,11,25,12.46,-0.51,3.04,1.86,10.42,0.12
US-xML,-80.5248,37.3783,2002,11,26,10.38,0.28,2.74,1.81,5.87,5.1
US-xML,-80.5248,37.3783,2002,11,27,1.39,-5.82,-5.63,2.67,5.56,0.7
US-xML,-80.5248,37.3783,2002,11,28,1.42,-6.74,-8.36,1.83,10.99,0.06
US-xML,-80.5248,37.3783,2002,11,29,6.53,-5.5,-2.91,3.07,11.55,0
US-xML,-80.5248,37.3783,2002,11,30,7.14,-4.46,-1.35,3.95,6.16,1.22
US-xML,-80.5248,37.3783,2002,12,1,-0.71,-6.55,-9.84,3.17,10.52,0.13
US-xML,-80.5248,37.3783,2002,12,2,5.68,-5.62,-5.38,2.26,7.18,0.12
US-xML,-80.5248,37.3783,2002,12,3,1.58,-5.31,-6.66,2.2,8.62,0.17
US-xML,-80.5248,37.3783,2002,12,4,-1.59,-6.6,-7.3,1.67,3.02,11.8
US-xML,-80.5248,37.3783,2002,12,5,0.03,-6.11,-4.32,2.16,3.3,13.91
US-xML,-80.5248,37.3783,2002,12,6,-3.74,-13.56,-8.19,2.37,6.63,0.09
US-xML,-80.5248,37.3783,2002,12,7,0.29,-15.99,-9.17,2.05,11.45,0.17
US-xML,-80.5248,37.3783,2002,12,8,1.56,-10.38,-4.48,2.44,6.11,0.06
US-xML,-80.5248,37.3783,2002,12,9,-0.13,-10.18,-7.06,1.77,9.36,0
US-xML,-80.5248,37.3783,2002,12,10,3.91,-6.76,-3.42,1.11,7.84,1.01
US-xML,-80.5248,37.3783,2002,12,11,0.55,-1.15,-0.34,1.73,3.77,13.93
US-xML,-80.5248,37.3783,2002,12,12,2.46,-3.48,-1.01,1.65,4.82,0.29
US-xML,-80.5248,37.3783,2002,12,13,0.36,-1.77,-0.85,2.56,0.86,10.3
US-xML,-80.5248,37.3783,2002,12,14,0.42,-2.37,-1.09,4.4,2.87,2.16
US-xML,-80.5248,37.3783,2002,12,15,3.23,-3.45,-1.96,2.67,8.52,0.03
US-xML,-80.5248,37.3783,2002,12,16,2.56,-4.1,-1.84,2.95,6.12,0.8
US-xML,-80.5248,37.3783,2002,12,17,3.52,-4.06,-2.33,1.67,4.25,0.57
US-xML,-80.5248,37.3783,2002,12,18,3.36,-3.38,-1.88,2.23,5.46,0.12
US-xML,-80.5248,37.3783,2002,12,19,5.34,-1.01,2.29,2.32,6.59,1.57
US-xML,-80.5248,37.3783,2002,12,20,6.8,-0.17,1.22,3.49,7.02,12.85
US-xML,-80.5248,37.3783,2002,12,21,6.28,-2.63,-3.14,3.59,11.1,0
US-xML,-80.5248,37.3783,2002,12,22,9.31,-2.96,0.82,3.44,7.46,0.19
US-xML,-80.5248,37.3783,2002,12,23,5.06,-3.62,-3.79,3.29,10.14,0.01
US-xML,-80.5248,37.3783,2002,12,24,1.03,-1.13,-0.81,2.46,2.92,10.48
US-xML,-80.5248,37.3783,2002,12,25,-1.06,-4.2,-4.03,5.06,5.09,11.12
US-xML,-80.5248,37.3783,2002,12,26,-1.04,-10.57,-6.58,3.59,7.18,0.44
US-xML,-80.5248,37.3783,2002,12,27,1.83,-10.11,-6.53,1.67,10.42,0.01
US-xML,-80.5248,37.3783,2002,12,28,1.09,-7.59,-4.4,2.39,7.04,0.07
US-xML,-80.5248,37.3783,2002,12,29,6.37,-2.11,0.08,2.39,10.3,0
US-xML,-80.5248,37.3783,2002,12,30,7.97,-2.32,1.4,1.62,7.65,0.1
US-xML,-80.5248,37.3783,2002,12,31,11.71,-1.03,3.68,1.83,9.14,1.71
US-xML,-80.5248,37.3783,2003,1,1,13.88,3.22,8.52,2.91,3.44,13.29
US-xML,-80.5248,37.3783,2003,1,2,8.8,2.09,4.46,1.75,2.86,2.41
US-xML,-80.5248,37.3783,2003,1,3,4.56,-4.92,-1.16,2.9,3.1,7.4
US-xML,-80.5248,37.3783,2003,1,4,0.13,-5.36,-6.78,3.14,7.06,0.08
US-xML,-80.5248,37.3783,2003,1,5,2.41,-2.59,-1.81,1.87,1.72,4.36
US-xML,-80.5248,37.3783,2003,1,6,0.78,-6.54,-3.46,3.96,3.47,2.98
US-xML,-80.5248,37.3783,2003,1,7,0.02,-9.6,-8.45,4.16,10.88,0.09
US-xML,-80.5248,37.3783,2003,1,8,5.11,-2.16,0.1,4.78,10.42,0.12
US-xML,-80.5248,37.3783,2003,1,9,9.28,1.03,3.52,3.66,11.33,0.01
US-xML,-80.5248,37.3783,2003,1,10,1.88,-4.71,-4.73,4.51,8.58,0.15
US-xML,-80.5248,37.3783,2003,1,11,-1.34,-7.32,-11.29,4,11.62,0.1
US-xML,-80.5248,37.3783,2003,1,12,-1.2,-12.27,-11.96,2.51,11.76,0
US-xML,-80.5248,37.3783,2003,1,13,3.19,-9.22,-6.96,3.06,10.17,0.01
US-xML,-80.5248,37.3783,2003,1,14,0.48,-5.71,-5.84,2.49,4.21,0.83
US-xML,-80.5248,37.3783,2003,1,15,-4.26,-9.89,-12.12,3.98,11.93,0.07
US-xML,-80.5248,37.3783,2003,1,16,-1.03,-9.96,-8.98,1.85,5.82,4.23
US-xML,-80.5248,37.3783,2003,1,17,-5.36,-11.34,-10.56,3.93,6.96,0.93
US-xML,-80.5248,37.3783,2003,1,18,-3.85,-15.75,-13.5,2.1,10.65,0.15
US-xML,-80.5248,37.3783,2003,1,19,-4.08,-9.67,-10.12,4.09,10.25,0.33
US-xML,-80.5248,37.3783,2003,1,20,2.91,-4.66,-2.37,4.51,5.86,0.14
US-xML,-80.5248,37.3783,2003,1,21,1.7,-9.66,-6.89,2.24,6.41,0.04
US-xML,-80.5248,37.3783,2003,1,22,-3.91,-11.35,-12.12,2.81,11.39,0.86
US-xML,-80.5248,37.3783,2003,1,23,-10.81,-15.81,-16.73,5.08,7.99,1.23
US-xML,-80.5248,37.3783,2003,1,24,-6.85,-14.86,-14.47,3.91,9.37,0.07
US-xML,-80.5248,37.3783,2003,1,25,0.43,-14.36,-10.62,2.1,12.82,0.01
US-xML,-80.5248,37.3783,2003,1,26,0.9,-10.37,-8.77,3.05,8.65,0.62
US-xML,-80.5248,37.3783,2003,1,27,-6.71,-14.78,-15.52,2.8,13.47,0.17
US-xML,-80.5248,37.3783,2003,1,28,2.94,-12.65,-6.01,2.16,5.25,0.4
US-xML,-80.5248,37.3783,2003,1,29,4.81,-1.6,1.42,1.95,2.7,3.18
US-xML,-80.5248,37.3783,2003,1,30,0.85,-2.89,-2.29,1.94,2.8,2.67
US-xML,-80.5248,37.3783,2003,1,31,3.63,-3.66,-1.46,1.46,4.7,0.18
US-xML,-80.5248,37.3783,2003,2,1,2.26,-2.19,-2,2.97,4.23,0.92
US-xML,-80.5248,37.3783,2003,2,2,9.85,-2.8,0.7,2.4,11.39,0.02
US-xML,-80.5248,37.3783,2003,2,3,9.95,0.14,4.54,1.92,6.63,0.18
US-xML,-80.5248,37.3783,2003,2,4,8.12,-4.23,-1.11,4.8,8.95,7.6
US-xML,-80.5248,37.3783,2003,2,5,1.34,-6.96,-8.7,3.23,15.21,0
US-xML,-80.5248,37.3783,2003,2,6,0.72,-3.1,-4.66,1.67,4.62,6.71
US-xML,-80.5248,37.3783,2003,2,7,0.49,-6.29,-4.73,2.73,5.03,2.58
US-xML,-80.5248,37.3783,2003,2,8,-2.43,-12.87,-11.82,2.76,14.4,0.09
US-xML,-80.5248,37.3783,2003,2,9,1.54,-13.33,-8.46,2.01,12.96,0.81
US-xML,-80.5248,37.3783,2003,2,10,1.97,-4.92,-3.58,3.26,3.99,2.22
US-xML,-80.5248,37.3783,2003,2,11,3.28,-6.65,-3.82,4.2,8.66,0.3
US-xML,-80.5248,37.3783,2003,2,12,-0.27,-6.76,-7.83,5.08,16.19,0.03
US-xML,-80.5248,37.3783,2003,2,13,2.25,-8.96,-7.57,4.74,15.63,0.07
US-xML,-80.5248,37.3783,2003,2,14,2.36,-5.68,-2.33,1.75,3.51,8.9
US-xML,-80.5248,37.3783,2003,2,15,5.23,-4.75,0.26,2.66,1.79,36.65
US-xML,-80.5248,37.3783,2003,2,16,-5.12,-10.46,-9.31,4.69,2.8,24
US-xML,-80.5248,37.3783,2003,2,17,-1.66,-10.38,-6.76,1.58,4.18,3.84
US-xML,-80.5248,37.3783,2003,2,18,-1.34,-10.69,-6.05,2.29,5.31,0.36
US-xML,-80.5248,37.3783,2003,2,19,0.6,-6.2,-2.34,1.44,8.69,0.23
US-xML,-80.5248,37.3783,2003,2,20,1.84,-3.78,-0.83,1.42,12.16,0.16
US-xML,-80.5248,37.3783,2003,2,21,4.6,0.15,1.7,1.58,3.29,9.62
US-xML,-80.5248,37.3783,2003,2,22,13.81,0.53,7.1,3.76,3.01,37.72
US-xML,-80.5248,37.3783,2003,2,23,11.18,-5.35,-2.01,4.76,8.73,6.64
US-xML,-80.5248,37.3783,2003,2,24,7.84,-3.78,-0.75,3.1,14.56,0.6
US-xML,-80.5248,37.3783,2003,2,25,-1.71,-4.63,-5.98,2.44,5.95,2.95
US-xML,-80.5248,37.3783,2003,2,26,0.48,-4.37,-3.42,2.15,4.19,2.89
US-xML,-80.5248,37.3783,2003,2,27,0.61,-4.56,-3.77,2.05,3.22,7.15
US-xML,-80.5248,37.3783,2003,2,28,3.68,-3.13,-0.46,1.18,7.58,0.92
US-xML,-80.5248,37.3783,2003,3,1,5.8,0.15,1.49,1.53,11.5,0.78
US-xML,-80.5248,37.3783,2003,3,2,5.13,-1.07,0.97,2.9,4.23,1.19
US-xML,-80.5248,37.3783,2003,3,3,2.91,-5.97,-6.65,2.9,16.6,0.18
US-xML,-80.5248,37.3783,2003,3,4,9.57,-3.95,-0.35,1.87,15.92,0.15
US-xML,-80.5248,37.3783,2003,3,5,15.27,1.19,6.96,2.34,11.18,2.04
US-xML,-80.5248,37.3783,2003,3,6,10.41,-4.79,2.93,2.87,9.76,1.63
US-xML,-80.5248,37.3783,2003,3,7,7.55,-5,-2.77,2.23,14.11,0
US-xML,-80.5248,37.3783,2003,3,8,15.4,-2.19,3.13,2.4,18.21,0
US-xML,-80.5248,37.3783,2003,3,9,8.65,-2.75,1.1,3.58,19.43,0.01
US-xML,-80.5248,37.3783,2003,3,10,2.6,-6.56,-8.08,3.16,21.32,0
US-xML,-80.5248,37.3783,2003,3,11,9.06,-2.63,-1.82,1.97,14.2,0.04
US-xML,-80.5248,37.3783,2003,3,12,15.76,-1.87,4.73,2.35,13.98,0.82
US-xML,-80.5248,37.3783,2003,3,13,19.01,4.47,9.35,2.17,15.66,3.61
US-xML,-80.5248,37.3783,2003,3,14,12.05,-1.52,1.04,2.16,18.97,0.02
US-xML,-80.5248,37.3783,2003,3,15,14.66,-1.43,3.74,1.78,13.64,0.4
US-xML,-80.5248,37.3783,2003,3,16,13.96,4.74,8.5,1.59,6.33,2.43
US-xML,-80.5248,37.3783,2003,3,17,18.11,7.15,9.74,1.16,13.18,0.14
US-xML,-80.5248,37.3783,2003,3,18,14.04,8.26,10.4,1.55,7.77,1.02
US-xML,-80.5248,37.3783,2003,3,19,10.94,3.6,6.85,4.13,6.82,2.15
US-xML,-80.5248,37.3783,2003,3,20,13.05,2.34,4.83,1.79,3.93,17.55
US-xML,-80.5248,37.3783,2003,3,21,18.14,6.1,8.34,2.41,14.75,0.12
US-xML,-80.5248,37.3783,2003,3,22,14.19,3.79,4.87,2.72,21.49,0.02
US-xML,-80.5248,37.3783,2003,3,23,15.94,3.44,4.74,1.67,15.16,0
US-xML,-80.5248,37.3783,2003,3,24,17.66,3.01,4.55,1.64,21.37,0
US-xML,-80.5248,37.3783,2003,3,25,19.95,3.39,7.62,2.23,22.31,0.02
US-xML,-80.5248,37.3783,2003,3,26,16.1,1.7,6.91,2.35,7.19,2.97
US-xML,-80.5248,37.3783,2003,3,27,14.98,0.47,2.48,2.21,23.45,0
US-xML,-80.5248,37.3783,2003,3,28,16.6,3.86,9.13,2.95,14.86,0.42
US-xML,-80.5248,37.3783,2003,3,29,20.1,3.18,9.73,3.1,7.28,4.01
US-xML,-80.5248,37.3783,2003,3,30,2.13,-4.58,-2.24,3.28,5.43,18.43
US-xML,-80.5248,37.3783,2003,3,31,1.84,-5.93,-4.01,3.18,13.14,0.21
US-xML,-80.5248,37.3783,2003,4,1,15.79,-5.4,3.7,3.36,16.8,0.21
US-xML,-80.5248,37.3783,2003,4,2,20.88,8.01,9.77,2.88,24.59,0
US-xML,-80.5248,37.3783,2003,4,3,22.77,7.99,10.98,2.41,24.49,0
US-xML,-80.5248,37.3783,2003,4,4,20.15,10.38,12.86,2.4,14.11,1.16
US-xML,-80.5248,37.3783,2003,4,5,19.29,4.9,10.18,3.01,18.95,2.79
US-xML,-80.5248,37.3783,2003,4,6,16.97,-0.22,2.03,2.56,20.88,2.38
US-xML,-80.5248,37.3783,2003,4,7,7.54,1.65,2.87,2.83,4.8,19.61
US-xML,-80.5248,37.3783,2003,4,8,6.21,1.41,3.15,1.9,5.72,14.47
US-xML,-80.5248,37.3783,2003,4,9,8.13,0.37,1.26,2.35,8.1,7.6
US-xML,-80.5248,37.3783,2003,4,10,6.47,1.27,2,3.59,4.85,27.67
US-xML,-80.5248,37.3783,2003,4,11,11.5,1.38,3,2.43,9.51,0.73
US-xML,-80.5248,37.3783,2003,4,12,16.59,3.72,5.2,2.99,26.21,0
US-xML,-80.5248,37.3783,2003,4,13,18.33,2.24,4.23,1.67,26.73,0
US-xML,-80.5248,37.3783,2003,4,14,21.41,2.35,7.87,1.96,25.29,0
US-xML,-80.5248,37.3783,2003,4,15,23.84,8.67,11.98,1.86,23.25,0.03
US-xML,-80.5248,37.3783,2003,4,16,23.57,9.59,12.28,1.77,21.79,0.02
US-xML,-80.5248,37.3783,2003,4,17,20.37,6.07,10.98,3.01,17.01,2.22
US-xML,-80.5248,37.3783,2003,4,18,8.77,3.44,4.89,2.87,5.64,20.9
US-xML,-80.5248,37.3783,2003,4,19,18.12,4.73,8.51,1.92,14.13,1.33
US-xML,-80.5248,37.3783,2003,4,20,19.95,8.62,10.85,1.58,17.01,0.22
US-xML,-80.5248,37.3783,2003,4,21,18.42,10.71,12.91,1.83,13.82,4.88
US-xML,-80.5248,37.3783,2003,4,22,13.84,4.69,5.87,3.04,12.81,1.22
US-xML,-80.5248,37.3783,2003,4,23,14,2.52,1.52,3,28.78,0.08
US-xML,-80.5248,37.3783,2003,4,24,16.64,0.59,1.92,1.41,21.61,0.11
US-xML,-80.5248,37.3783,2003,4,25,15.94,7.29,10.09,1.92,6.19,1.58
US-xML,-80.5248,37.3783,2003,4,26,16.37,9.36,10.59,1.49,11.36,2.64
US-xML,-80.5248,37.3783,2003,4,27,19.62,4.39,4.51,1.69,28.62,0
US-xML,-80.5248,37.3783,2003,4,28,22.96,5.81,9.47,1.81,28.21,0.04
US-xML,-80.5248,37.3783,2003,4,29,22.5,12.44,13.23,1.95,16.63,1.32
US-xML,-80.5248,37.3783,2003,4,30,23.13,11.44,14.23,1.85,16.64,7.57
US-xML,-80.5248,37.3783,2003,5,1,22.83,13.92,15.25,1.62,19.64,2.75
US-xML,-80.5248,37.3783,2003,5,2,22.94,12.93,14.38,1.85,22.01,0.83
US-xML,-80.5248,37.3783,2003,5,3,20.53,11.14,12.51,1.19,14.56,6.71
US-xML,-80.5248,37.3783,2003,5,4,19.1,9.45,8.94,1.48,15.93,1.18
US-xML,-80.5248,37.3783,2003,5,5,16.49,8.45,10.96,2.89,7.1,12.54
US-xML,-80.5248,37.3783,2003,5,6,23.36,12.73,15.36,1.73,11.95,0.67
US-xML,-80.5248,37.3783,2003,5,7,21.77,14.24,15.37,1.55,14.77,4.01
US-xML,-80.5248,37.3783,2003,5,8,23.96,15.49,15.67,2.23,25.08,4.16
US-xML,-80.5248,37.3783,2003,5,9,24.31,15.13,18.22,1.89,16.99,3.64
US-xML,-80.5248,37.3783,2003,5,10,22.51,17.28,18.78,1.67,10.35,4.7
US-xML,-80.5248,37.3783,2003,5,11,21.54,13.89,14.76,2.95,16.78,0.84
US-xML,-80.5248,37.3783,2003,5,12,16.47,9.93,7.34,4.73,22.89,0.1
US-xML,-80.5248,37.3783,2003,5,13,16.19,7.26,5.53,3.74,23.79,0.01
US-xML,-80.5248,37.3783,2003,5,14,21.33,5.8,8.8,1.62,25.89,0.08
US-xML,-80.5248,37.3783,2003,5,15,16.6,11.01,12.82,1.14,8.38,20.47
US-xML,-80.5248,37.3783,2003,5,16,21.47,10.79,12.85,1.12,18.58,1.32
US-xML,-80.5248,37.3783,2003,5,17,16.5,9.63,11.26,2.48,5.38,14.16
US-xML,-80.5248,37.3783,2003,5,18,14.25,8.97,9.73,1.9,5.19,21.47
US-xML,-80.5248,37.3783,2003,5,19,14.7,8.42,9.41,2.01,11.25,2.46
US-xML,-80.5248,37.3783,2003,5,20,21.33,9.22,11.75,1.57,19.68,1.8
US-xML,-80.5248,37.3783,2003,5,21,16.76,11.84,12.72,1.37,7.63,14.51
US-xML,-80.5248,37.3783,2003,5,22,16.38,9.91,11.06,1.38,6.11,1.07
US-xML,-80.5248,37.3783,2003,5,23,18.03,10.44,11.96,1.52,10.88,1.83
US-xML,-80.5248,37.3783,2003,5,24,19.45,10.16,9.96,1.53,21.26,0.45
US-xML,-80.5248,37.3783,2003,5,25,21.32,10.47,10.33,0.88,17.94,4.97
US-xML,-80.5248,37.3783,2003,5,26,19.74,9.84,10.95,1.62,16.69,1.14
US-xML,-80.5248,37.3783,2003,5,27,18.33,9.26,10.42,1.39,13.52,6.44
US-xML,-80.5248,37.3783,2003,5,28,18.58,9.68,10.58,2.35,18.29,1.64
US-xML,-80.5248,37.3783,2003,5,29,17,11.41,12.39,1.69,13.41,9.79
US-xML,-80.5248,37.3783,2003,5,30,21.2,9.82,11.97,1.59,22.12,2.68
US-xML,-80.5248,37.3783,2003,5,31,21.75,9.66,12.68,3.38,13.14,14.07
US-xML,-80.5248,37.3783,2003,6,1,15.61,5.64,5.38,3.25,25.39,0.86
US-xML,-80.5248,37.3783,2003,6,2,20.13,3.24,5.33,1.18,28.05,0.03
US-xML,-80.5248,37.3783,2003,6,3,20.27,10.96,14.27,2.44,4.6,12.25
US-xML,-80.5248,37.3783,2003,6,4,23.82,12.99,15.47,1.86,17.84,3.42
US-xML,-80.5248,37.3783,2003,6,5,20.02,10.47,9.96,2.35,24.47,0.03
US-xML,-80.5248,37.3783,2003,6,6,23.49,10.27,12.03,1.37,29.32,1.69
US-xML,-80.5248,37.3783,2003,6,7,21.05,15.65,17.79,1.65,7.08,21.27
US-xML,-80.5248,37.3783,2003,6,8,25.89,16.01,17.54,1.09,19.34,4.93
US-xML,-80.5248,37.3783,2003,6,9,22.47,12.67,12.8,2.08,28.81,0.19
US-xML,-80.5248,37.3783,2003,6,10,23.94,13.44,13.92,1.52,24.3,0.14
US-xML,-80.5248,37.3783,2003,6,11,23.39,15.24,17.92,1.44,16.82,12.03
US-xML,-80.5248,37.3783,2003,6,12,26.12,16.75,18.74,1.59,15.32,5.47
US-xML,-80.5248,37.3783,2003,6,13,24.11,17.72,19.13,1.41,16.01,3.34
US-xML,-80.5248,37.3783,2003,6,14,25.21,16.84,18.57,1.2,20.23,3.81
US-xML,-80.5248,37.3783,2003,6,15,24.95,16.88,18.92,0.89,11.3,14.91
US-xML,-80.5248,37.3783,2003,6,16,21.98,16.43,17.74,1.81,10.31,16.71
US-xML,-80.5248,37.3783,2003,6,17,21.89,14.92,16.51,2.4,4.82,13.15
US-xML,-80.5248,37.3783,2003,6,18,24.46,15.41,18.15,1.04,14.33,14.29
US-xML,-80.5248,37.3783,2003,6,19,24.43,15.86,16.72,1.35,16.97,6.21
US-xML,-80.5248,37.3783,2003,6,20,19.62,9.9,12.71,1.9,24.16,3.42
US-xML,-80.5248,37.3783,2003,6,21,18.87,9.17,9.76,2.26,16.95,0.09
US-xML,-80.5248,37.3783,2003,6,22,23.01,10.85,12.02,1.97,30.09,0
US-xML,-80.5248,37.3783,2003,6,23,24.5,9.87,12.53,1.82,30.7,0.03
US-xML,-80.5248,37.3783,2003,6,24,29.78,13.74,13.36,1.13,29.38,0.38
US-xML,-80.5248,37.3783,2003,6,25,29.84,13.88,16.59,1.26,28.87,0
US-xML,-80.5248,37.3783,2003,6,26,27.37,15.69,18.1,1.6,26.87,0.09
US-xML,-80.5248,37.3783,2003,6,27,23.09,14.27,16.87,1.51,11.53,0.94
US-xML,-80.5248,37.3783,2003,6,28,23.86,13.54,15.84,1.57,12.81,2.52
US-xML,-80.5248,37.3783,2003,6,29,27.04,15.47,16.51,1.27,28.12,0.24
US-xML,-80.5248,37.3783,2003,6,30,28.93,16.05,18.08,1.16,18.08,2.73
US-xML,-80.5248,37.3783,2003,7,1,23.07,16.73,17.95,0.99,8.65,13.98
US-xML,-80.5248,37.3783,2003,7,2,19.08,15.7,16.03,2.09,5.65,35.92
US-xML,-80.5248,37.3783,2003,7,3,23.48,14.89,16.27,2.2,18.93,4.31
US-xML,-80.5248,37.3783,2003,7,4,27.61,15.27,18.5,1.48,24.88,1.45
US-xML,-80.5248,37.3783,2003,7,5,28.03,17.15,19.79,1.62,24.9,1.01
US-xML,-80.5248,37.3783,2003,7,6,28.82,18.38,19.83,1.16,18.5,14.76
US-xML,-80.5248,37.3783,2003,7,7,27.32,19.27,20.42,1.52,22.66,4.45
US-xML,-80.5248,37.3783,2003,7,8,26.48,20.51,21.15,1.74,22.66,1.66
US-xML,-80.5248,37.3783,2003,7,9,25.05,20.19,20.73,1.62,15.5,9.02
US-xML,-80.5248,37.3783,2003,7,10,26.47,18.92,20.38,1.47,22.76,6.47
US-xML,-80.5248,37.3783,2003,7,11,24.58,16.53,17.28,2.34,23.75,1.54
US-xML,-80.5248,37.3783,2003,7,12,24.59,14.64,15.94,1.77,20.01,2.56
US-xML,-80.5248,37.3783,2003,7,13,25.15,14.75,15.74,0.82,23.24,2.96
US-xML,-80.5248,37.3783,2003,7,14,28.26,16.13,16.52,1.07,22.77,1.48
US-xML,-80.5248,37.3783,2003,7,15,27.28,15.62,18.31,1.25,23.03,0.14
US-xML,-80.5248,37.3783,2003,7,16,25.91,17.33,18.81,1.68,21.29,0.43
US-xML,-80.5248,37.3783,2003,7,17,25.57,14.93,15.31,1.23,28.83,0
US-xML,-80.5248,37.3783,2003,7,18,26.3,14.21,16.5,1.37,20.83,4.22
US-xML,-80.5248,37.3783,2003,7,19,25.66,15.87,17.68,1.37,22.37,2.92
US-xML,-80.5248,37.3783,2003,7,20,25.91,14.96,15.78,1.18,27.48,0.03
US-xML,-80.5248,37.3783,2003,7,21,27.78,15.97,18.6,1.76,24.81,1.01
US-xML,-80.5248,37.3783,2003,7,22,25.89,16.96,18.91,1.54,15.65,5.99
US-xML,-80.5248,37.3783,2003,7,23,23.6,14.6,16.43,1.23,18.41,5.39
US-xML,-80.5248,37.3783,2003,7,24,23.49,14.38,14.01,1.58,23.67,0.08
US-xML,-80.5248,37.3783,2003,7,25,25.55,13.91,14.58,1.12,26.31,0.26
US-xML,-80.5248,37.3783,2003,7,26,27.71,14.04,17.08,1.23,26.75,0.01
US-xML,-80.5248,37.3783,2003,7,27,27.26,17.61,19.11,1.78,26.11,1.55
US-xML,-80.5248,37.3783,2003,7,28,27.28,17.39,19.72,1.73,18.44,7.44
US-xML,-80.5248,37.3783,2003,7,29,26.96,18.11,19.27,0.78,9.1,11.6
US-xML,-80.5248,37.3783,2003,7,30,22.57,16.45,17.21,1.49,10.12,2.44
US-xML,-80.5248,37.3783,2003,7,31,22.11,15.74,18.16,1.29,5.96,4.03
US-xML,-80.5248,37.3783,2003,8,1,24.63,18.07,19.24,0.91,15.39,1.65
US-xML,-80.5248,37.3783,2003,8,2,27.02,18.8,18.29,0.86,22.21,3.11
US-xML,-80.5248,37.3783,2003,8,3,25.78,18.15,19.55,1.43,15.14,5.81
US-xML,-80.5248,37.3783,2003,8,4,25.78,17.62,18.43,1.14,19.86,13.15
US-xML,-80.5248,37.3783,2003,8,5,25.28,15.73,17.52,1.18,19.84,3.63
US-xML,-80.5248,37.3783,2003,8,6,25.35,14.81,16.57,0.91,21.46,0.74
US-xML,-80.5248,37.3783,2003,8,7,21.13,16.8,18.5,1.25,12,15.5
US-xML,-80.5248,37.3783,2003,8,8,27.18,16.91,18.73,0.91,11.31,12.51
US-xML,-80.5248,37.3783,2003,8,9,26.98,17.42,18.69,0.88,14.11,7.63
US-xML,-80.5248,37.3783,2003,8,10,26.88,16.02,17.8,0.57,15.4,3.22
US-xML,-80.5248,37.3783,2003,8,11,26.1,16.22,17.4,0.72,19.79,4.08
US-xML,-80.5248,37.3783,2003,8,12,26.58,16.32,18.39,1.25,17.69,2.31
US-xML,-80.5248,37.3783,2003,8,13,26.36,18.82,19.51,1.11,14.72,3.76
US-xML,-80.5248,37.3783,2003,8,14,28.49,18.36,19.7,1.21,20.27,3.39
US-xML,-80.5248,37.3783,2003,8,15,28.79,18.03,19.56,1.12,20.49,2.97
US-xML,-80.5248,37.3783,2003,8,16,26.79,19.23,20.27,1.37,16.21,17.49
US-xML,-80.5248,37.3783,2003,8,17,26.52,15.53,18.44,1.65,19.82,1.57
US-xML,-80.5248,37.3783,2003,8,18,25.86,13.86,14.98,1.14,22.66,0.1
US-xML,-80.5248,37.3783,2003,8,19,26.33,15.32,17.34,1.2,20.87,0.18
US-xML,-80.5248,37.3783,2003,8,20,27.6,16.27,18.32,1.15,21.29,0
US-xML,-80.5248,37.3783,2003,8,21,28.69,17.05,19.53,1.09,19.18,0.74
US-xML,-80.5248,37.3783,2003,8,22,27.41,19.31,20.22,1.42,18.22,0.81
US-xML,-80.5248,37.3783,2003,8,23,26.83,14.63,17.59,1.25,20.26,0.51
US-xML,-80.5248,37.3783,2003,8,24,25,12.31,13.26,1.05,23.24,0.18
US-xML,-80.5248,37.3783,2003,8,25,26.89,14.31,16.01,1.46,24.1,0.01
US-xML,-80.5248,37.3783,2003,8,26,28.48,15.79,18.28,1.56,23.4,0.01
US-xML,-80.5248,37.3783,2003,8,27,28.41,18.83,20.19,1.66,19.71,0.78
US-xML,-80.5248,37.3783,2003,8,28,29.54,19.74,20.4,1.19,18.32,0.96
US-xML,-80.5248,37.3783,2003,8,29,28.41,18.58,20.04,1.4,18.92,1.26
US-xML,-80.5248,37.3783,2003,8,30,27.61,18.68,20.12,1.5,16.16,5.12
US-xML,-80.5248,37.3783,2003,8,31,26.53,18.55,20.33,1.22,8.49,13.04
US-xML,-80.5248,37.3783,2003,9,1,26.23,19.61,20.54,1.36,15.77,4.28
US-xML,-80.5248,37.3783,2003,9,2,27.08,17.6,18.92,1.19,17.13,1.29
US-xML,-80.5248,37.3783,2003,9,3,24.57,18.55,19.84,1.15,11.24,9.01
US-xML,-80.5248,37.3783,2003,9,4,23.82,15.87,18.53,1.34,6.99,26.03
US-xML,-80.5248,37.3783,2003,9,5,22.36,11.73,12.51,1.48,22.37,0.08
US-xML,-80.5248,37.3783,2003,9,6,21.85,9.43,11.54,1.14,17.82,0
US-xML,-80.5248,37.3783,2003,9,7,22.68,10.09,11.29,1.17,15.59,0.18
US-xML,-80.5248,37.3783,2003,9,8,21.44,11.37,12.39,1.59,19.01,0.02
US-xML,-80.5248,37.3783,2003,9,9,23.4,10.24,13.29,1.61,17.54,0
US-xML,-80.5248,37.3783,2003,9,10,23.11,10.54,12.08,1.24,19.6,0
US-xML,-80.5248,37.3783,2003,9,11,21.83,9.31,8.64,1.6,24.02,0
US-xML,-80.5248,37.3783,2003,9,12,22.28,8.7,12.33,1.47,15.2,0.03
US-xML,-80.5248,37.3783,2003,9,13,22.84,12.41,15.58,1.24,10.35,1.99
US-xML,-80.5248,37.3783,2003,9,14,26.14,14.37,15.89,1.28,16.4,0.13
US-xML,-80.5248,37.3783,2003,9,15,21.59,12.52,15.93,1.42,6.04,11.62
US-xML,-80.5248,37.3783,2003,9,16,21.77,8.28,9.06,1.46,23.04,0
US-xML,-80.5248,37.3783,2003,9,17,22.29,7.86,9.04,1.88,22.51,0.04
US-xML,-80.5248,37.3783,2003,9,18,21.01,9.66,12.76,3.28,5.42,33.92
US-xML,-80.5248,37.3783,2003,9,19,23.17,14.53,13.55,2.79,14.01,4.69
US-xML,-80.5248,37.3783,2003,9,20,25.46,11.89,15.25,1,16.84,0.05
US-xML,-80.5248,37.3783,2003,9,21,25.19,14,15.51,1.44,15.37,0.13
US-xML,-80.5248,37.3783,2003,9,22,19.26,16,16.72,2.76,3.72,17.88
US-xML,-80.5248,37.3783,2003,9,23,19.66,8.94,11.48,2.06,18.68,1.56
US-xML,-80.5248,37.3783,2003,9,24,21.64,8.46,8.95,1.46,21.28,0
US-xML,-80.5248,37.3783,2003,9,25,24.45,9.42,14.04,1.66,17.12,0.28
US-xML,-80.5248,37.3783,2003,9,26,24.58,13.35,14.83,1.43,17.62,0.12
US-xML,-80.5248,37.3783,2003,9,27,24.24,11.09,15.38,1.88,14.17,15.34
US-xML,-80.5248,37.3783,2003,9,28,17.53,7.23,7.5,1.91,14.94,1.56
US-xML,-80.5248,37.3783,2003,9,29,13.76,3.87,4.2,2.01,14.12,0.06
US-xML,-80.5248,37.3783,2003,9,30,15.79,1.55,3.16,1.59,20.34,0.11
US-xML,-80.5248,37.3783,2003,10,1,10.94,1.63,4.77,1.56,8.09,2.63
US-xML,-80.5248,37.3783,2003,10,2,10.19,-0.92,-2.03,2.14,18.17,0
US-xML,-80.5248,37.3783,2003,10,3,14.06,-2.96,-1.76,1.88,19.3,0.01
US-xML,-80.5248,37.3783,2003,10,4,14.19,3.21,6.74,1.93,9.05,0.98
US-xML,-80.5248,37.3783,2003,10,5,17.63,4.56,6.56,1.69,15.46,0.02
US-xML,-80.5248,37.3783,2003,10,6,20,5.51,8.56,1.65,14.5,0.04
US-xML,-80.5248,37.3783,2003,10,7,21.56,6.04,9.69,1.27,16.78,0.01
US-xML,-80.5248,37.3783,2003,10,8,21.46,10.14,12.21,1.24,14.39,0.27
US-xML,-80.5248,37.3783,2003,10,9,19.45,11.71,13.61,1.64,4.21,2.17
US-xML,-80.5248,37.3783,2003,10,10,19.88,12.5,12.49,1.4,12.15,0.26
US-xML,-80.5248,37.3783,2003,10,11,20.33,10.92,12.1,1.27,10.39,0.43
US-xML,-80.5248,37.3783,2003,10,12,22.55,9.32,12.73,1.66,11.5,0.13
US-xML,-80.5248,37.3783,2003,10,13,22.17,9.44,11.45,1.17,15.16,0.11
US-xML,-80.5248,37.3783,2003,10,14,20.58,8.73,13.11,3.21,4.65,20.82
US-xML,-80.5248,37.3783,2003,10,15,13.19,4.29,3.42,3.85,16.92,1.17
US-xML,-80.5248,37.3783,2003,10,16,17.68,2.01,3.77,1.93,18.12,0
US-xML,-80.5248,37.3783,2003,10,17,15.06,5.9,6.32,1.28,7.07,1.58
US-xML,-80.5248,37.3783,2003,10,18,14.77,3.24,2.48,1.55,16.68,0.15
US-xML,-80.5248,37.3783,2003,10,19,18.34,2.7,4.73,2.05,17.08,0
US-xML,-80.5248,37.3783,2003,10,20,20.37,5.93,6.31,1.35,16.39,0
US-xML,-80.5248,37.3783,2003,10,21,19,7.09,9.48,2.63,10.55,0.01
US-xML,-80.5248,37.3783,2003,10,22,11.43,2.38,2.85,3.44,13.27,0.04
US-xML,-80.5248,37.3783,2003,10,23,10.29,-0.37,0.91,2.03,8.84,0
US-xML,-80.5248,37.3783,2003,10,24,13.94,0.35,-0.3,1.42,16.88,0
US-xML,-80.5248,37.3783,2003,10,25,19.13,0.72,5.55,1.81,13.93,0.01
US-xML,-80.5248,37.3783,2003,10,26,15.91,9.5,11.94,1.62,5.13,12.6
US-xML,-80.5248,37.3783,2003,10,27,11.59,3.15,7.78,1.63,3.19,7.59
US-xML,-80.5248,37.3783,2003,10,28,14.15,0.79,4.05,1.34,9.05,1.91
US-xML,-80.5248,37.3783,2003,10,29,12.71,2.37,3.58,1.95,12.28,1.97
US-xML,-80.5248,37.3783,2003,10,30,20.01,1.81,4.27,1.62,15.26,0
US-xML,-80.5248,37.3783,2003,10,31,22.38,5.64,8.23,1.76,14.62,0
US-xML,-80.5248,37.3783,2003,11,1,23.1,7.51,11.08,1.69,13.73,0.02
US-xML,-80.5248,37.3783,2003,11,2,23.85,11.5,13.17,1.45,14.42,0
US-xML,-80.5248,37.3783,2003,11,3,24.88,9.74,10.78,1.38,14.73,0
US-xML,-80.5248,37.3783,2003,11,4,24.49,7.41,10.29,1.43,13.62,0.17
US-xML,-80.5248,37.3783,2003,11,5,20.54,13.77,16.7,1.31,8.1,17.4
US-xML,-80.5248,37.3783,2003,11,6,21.3,11.07,14.97,1.7,2.16,13.47
US-xML,-80.5248,37.3783,2003,11,7,15.16,4.14,6.14,1.99,6.5,0.35
US-xML,-80.5248,37.3783,2003,11,8,10.66,-1.42,-2.67,1.73,13.95,0
US-xML,-80.5248,37.3783,2003,11,9,8.72,-3.71,-4.64,1.49,13.97,0
US-xML,-80.5248,37.3783,2003,11,10,13.57,-4.62,-1.53,1.11,12.84,0.05
US-xML,-80.5248,37.3783,2003,11,11,18.12,1.19,7.04,1.92,7.2,0.95
US-xML,-80.5248,37.3783,2003,11,12,19.16,11.81,13.39,3.13,2.35,21.38
US-xML,-80.5248,37.3783,2003,11,13,12.2,-3.05,-5.49,5.71,13.63,0.43
US-xML,-80.5248,37.3783,2003,11,14,5.66,-4.05,-7.78,3.44,11.71,0.07
US-xML,-80.5248,37.3783,2003,11,15,6.68,-0.54,1.09,1.37,3.15,2.19
US-xML,-80.5248,37.3783,2003,11,16,12.68,3.9,7.63,1.48,2.55,2.83
US-xML,-80.5248,37.3783,2003,11,17,16.94,7.22,8.74,1.23,11.81,0.36
US-xML,-80.5248,37.3783,2003,11,18,15.41,10.52,11.98,3.07,1.79,7.87
US-xML,-80.5248,37.3783,2003,11,19,17.04,5.16,11.09,3.87,3.5,50.96
US-xML,-80.5248,37.3783,2003,11,20,11.25,2.01,0.98,2.79,12.68,0
US-xML,-80.5248,37.3783,2003,11,21,17.45,1.85,4.2,2.01,12.66,0
US-xML,-80.5248,37.3783,2003,11,22,18.35,3.7,4.74,2.02,12.03,0
US-xML,-80.5248,37.3783,2003,11,23,18.15,3.58,5.76,1.81,11.45,0
US-xML,-80.5248,37.3783,2003,11,24,15.27,-4.34,3.62,3.11,2.94,4.17
US-xML,-80.5248,37.3783,2003,11,25,7.59,-6.21,-6.17,1.65,12.31,0
US-xML,-80.5248,37.3783,2003,11,26,9.01,-2.3,-1.68,1.17,7.71,0.06
US-xML,-80.5248,37.3783,2003,11,27,10.24,2.18,5.15,2.03,5.56,1.68
US-xML,-80.5248,37.3783,2003,11,28,15.04,-3.38,5.25,4.15,2.33,8.88
US-xML,-80.5248,37.3783,2003,11,29,0.03,-5.7,-6.94,3.96,5.88,0.59
US-xML,-80.5248,37.3783,2003,11,30,7.83,-4.84,-3.09,2.61,11.68,0
US-xML,-80.5248,37.3783,2003,12,1,5.1,-2.43,-3.19,4.11,11.68,1.06
US-xML,-80.5248,37.3783,2003,12,2,2.03,-5.55,-7.75,3.27,12.09,0.02
US-xML,-80.5248,37.3783,2003,12,3,0.13,-3.32,-5.06,1.27,3.51,0.87
US-xML,-80.5248,37.3783,2003,12,4,0.8,-3.3,-3.71,2.18,2.54,13.38
US-xML,-80.5248,37.3783,2003,12,5,1.11,-2.93,-1.68,1.29,2.54,3.79
US-xML,-80.5248,37.3783,2003,12,6,0.11,-3.7,-2.65,3.19,4.56,0.89
US-xML,-80.5248,37.3783,2003,12,7,-0.11,-8.28,-6.66,2.79,8.31,0.03
US-xML,-80.5248,37.3783,2003,12,8,3.83,-6.77,-5.03,1.27,7.86,0.01
US-xML,-80.5248,37.3783,2003,12,9,7.37,-3.07,-0.16,1.53,6.92,0.16
US-xML,-80.5248,37.3783,2003,12,10,6.75,-0.12,2.36,2.94,1.43,11.57
US-xML,-80.5248,37.3783,2003,12,11,1.71,-2.7,-2.96,4.57,3.85,0.43
US-xML,-80.5248,37.3783,2003,12,12,3.25,-5.31,-6.35,2.4,10.58,0.01
US-xML,-80.5248,37.3783,2003,12,13,0.25,-5.34,-6.79,2.29,4.88,4.42
US-xML,-80.5248,37.3783,2003,12,14,0.59,-4.93,-3.21,2.6,1.67,9.23
US-xML,-80.5248,37.3783,2003,12,15,2.39,-4.33,-3.58,2.88,9.68,0.41
US-xML,-80.5248,37.3783,2003,12,16,6.04,-5.8,-0.45,2.48,6.98,0.13
US-xML,-80.5248,37.3783,2003,12,17,4.1,-4.6,-3.32,3.85,5.01,6.12
US-xML,-80.5248,37.3783,2003,12,18,1.52,-4.35,-3.81,2.46,3.28,1.57
US-xML,-80.5248,37.3783,2003,12,19,-1.85,-5.25,-5.93,2.76,4.35,1.68
US-xML,-80.5248,37.3783,2003,12,20,-4.03,-10.32,-7.94,3.07,5.25,0.99
US-xML,-80.5248,37.3783,2003,12,21,3.73,-10.83,-6.77,1.74,9.53,0.01
US-xML,-80.5248,37.3783,2003,12,22,7.57,-4.67,-1.04,2.1,8.72,0.31
US-xML,-80.5248,37.3783,2003,12,23,9.56,-2.09,3.06,2.56,10.47,0.51
US-xML,-80.5248,37.3783,2003,12,24,8.31,-4.47,-1.02,3.13,4.38,7.04
US-xML,-80.5248,37.3783,2003,12,25,-0.06,-4.91,-7.13,3.15,5.4,0.3
US-xML,-80.5248,37.3783,2003,12,26,3.05,-5.77,-5.77,2.95,11.07,0
US-xML,-80.5248,37.3783,2003,12,27,9.55,-6.57,-3.73,1.62,11.06,0.04
US-xML,-80.5248,37.3783,2003,12,28,9.86,-1.7,-0.78,1.87,10.91,0.01
US-xML,-80.5248,37.3783,2003,12,29,10.24,-1.82,1.53,1.9,10,0.25
US-xML,-80.5248,37.3783,2003,12,30,8.06,-4.67,-1.41,3.64,11.01,3.73
US-xML,-80.5248,37.3783,2003,12,31,9.72,-4.16,-3.72,1.89,11.25,0
US-xML,-80.5248,37.3783,2004,1,1,11.94,-1.82,0.5,1.89,9.27,0.63
US-xML,-80.5248,37.3783,2004,1,2,11.92,4.25,6.86,2.29,3.29,16.36
US-xML,-80.5248,37.3783,2004,1,3,18.73,6.51,11.64,2.18,8.19,0.24
US-xML,-80.5248,37.3783,2004,1,4,16.61,11.64,12.79,2.64,3.07,0.63
US-xML,-80.5248,37.3783,2004,1,5,13.5,-1.78,5.89,3.65,1.85,12.27
US-xML,-80.5248,37.3783,2004,1,6,-1.78,-9.69,-9.58,4.24,6.76,0.42
US-xML,-80.5248,37.3783,2004,1,7,-4.36,-10.49,-13.58,3.83,11.8,0.01
US-xML,-80.5248,37.3783,2004,1,8,-1.88,-10.86,-8.78,1.33,4.51,2.55
US-xML,-80.5248,37.3783,2004,1,9,0.1,-5.95,-4.42,1.17,3.42,3.93
US-xML,-80.5248,37.3783,2004,1,10,-4.79,-12.37,-11.72,2.25,10.02,0.01
US-xML,-80.5248,37.3783,2004,1,11,2,-12.47,-7.86,1.71,6.83,0
US-xML,-80.5248,37.3783,2004,1,12,5.87,-3.21,-0.77,3.75,10.94,0.01
US-xML,-80.5248,37.3783,2004,1,13,5.57,-2.82,-1.21,4.11,11.35,0.02
US-xML,-80.5248,37.3783,2004,1,14,6.58,-4.85,-2.91,2.28,11.67,0.37
US-xML,-80.5248,37.3783,2004,1,15,2.46,-8.45,-7,5.26,9.06,0.61
US-xML,-80.5248,37.3783,2004,1,16,0.21,-11.14,-10.46,2.64,11.19,0
US-xML,-80.5248,37.3783,2004,1,17,5.81,-7.51,-3.5,1.48,5.64,2.87
US-xML,-80.5248,37.3783,2004,1,18,4.4,-6.34,-1.17,2.86,2.69,8.83
US-xML,-80.5248,37.3783,2004,1,19,-4.57,-10.14,-12.08,4.08,10.57,0.19
US-xML,-80.5248,37.3783,2004,1,20,-3.77,-11.21,-12.55,3.25,11.6,0.03
US-xML,-80.5248,37.3783,2004,1,21,0.82,-12.86,-10.14,1.94,6.06,0
US-xML,-80.5248,37.3783,2004,1,22,2.85,-7.91,-6.25,4.15,7.29,0.06
US-xML,-80.5248,37.3783,2004,1,23,-3.76,-13.61,-12.45,4.02,12.04,0.26
US-xML,-80.5248,37.3783,2004,1,24,3.42,-7.76,-4.86,3.8,5.2,0.14
US-xML,-80.5248,37.3783,2004,1,25,-5.73,-10.49,-10.08,3.12,2.39,13.05
US-xML,-80.5248,37.3783,2004,1,26,-4.4,-9.55,-8.09,2.52,4.62,0.36
US-xML,-80.5248,37.3783,2004,1,27,0.72,-8.6,-6.17,3.01,3.96,1.37
US-xML,-80.5248,37.3783,2004,1,28,-5.86,-10.41,-10.02,5.45,11.95,0.17
US-xML,-80.5248,37.3783,2004,1,29,1.61,-7.03,-5.32,3.69,12.69,0.08
US-xML,-80.5248,37.3783,2004,1,30,-2.73,-11.87,-8.96,4.51,7.48,0.5
US-xML,-80.5248,37.3783,2004,1,31,-3.62,-18.67,-13.7,2.91,13.29,0.01
US-xML,-80.5248,37.3783,2004,2,1,2.05,-12.81,-9.07,1.8,14.29,0.09
US-xML,-80.5248,37.3783,2004,2,2,1.38,-10.73,-6.85,2.78,7.82,2.5
US-xML,-80.5248,37.3783,2004,2,3,1.33,-3.8,-2.23,2.8,6.5,15.75
US-xML,-80.5248,37.3783,2004,2,4,2.12,-6.95,-4.75,2.36,13.07,0.07
US-xML,-80.5248,37.3783,2004,2,5,0.29,-6.66,-4.12,3.71,2.94,10.19
US-xML,-80.5248,37.3783,2004,2,6,3.91,-0.69,0.97,2.68,2.12,33.56
US-xML,-80.5248,37.3783,2004,2,7,0.76,-4.83,-4.31,4.45,6.07,1.28
US-xML,-80.5248,37.3783,2004,2,8,0.07,-8.28,-7.28,2.7,14.35,0.33
US-xML,-80.5248,37.3783,2004,2,9,1.52,-9.57,-4.56,1.92,5.22,0.01
US-xML,-80.5248,37.3783,2004,2,10,4.15,-3.97,-1.51,2.47,5.89,0
US-xML,-80.5248,37.3783,2004,2,11,3.26,-4,-3.96,2.26,12.84,0
US-xML,-80.5248,37.3783,2004,2,12,4.13,-2.67,-2.25,1.28,7.85,0.52
US-xML,-80.5248,37.3783,2004,2,13,5.11,-3.54,-3.24,2.52,15.67,0.01
US-xML,-80.5248,37.3783,2004,2,14,3.75,-2.8,-2.72,1.9,4.62,0.04
US-xML,-80.5248,37.3783,2004,2,15,6.43,-4.81,-3.17,1.8,8.51,3.81
US-xML,-80.5248,37.3783,2004,2,16,3.11,-5.23,-6.34,1.59,16.27,0.08
US-xML,-80.5248,37.3783,2004,2,17,3.83,-7.07,-5.38,1.51,7.88,0.02
US-xML,-80.5248,37.3783,2004,2,18,5.16,-5.1,-4.3,2.96,16.45,0
US-xML,-80.5248,37.3783,2004,2,19,10.48,-2.14,-0.22,2.82,16.62,0
US-xML,-80.5248,37.3783,2004,2,20,13.22,-1.05,3.01,2.8,14.91,0.32
US-xML,-80.5248,37.3783,2004,2,21,8.68,-1.35,-0.4,5,8.7,0.26
US-xML,-80.5248,37.3783,2004,2,22,6.95,-3.57,-4.05,2.6,16.26,0
US-xML,-80.5248,37.3783,2004,2,23,8.16,-3.56,-1.77,1.82,11.94,0
US-xML,-80.5248,37.3783,2004,2,24,7.46,-3.36,1.48,2.11,4.53,0.41
US-xML,-80.5248,37.3783,2004,2,25,7.23,-5.35,-4.38,2.05,18.38,0.01
US-xML,-80.5248,37.3783,2004,2,26,0.77,-4.38,-6.38,2.48,4.79,0.27
US-xML,-80.5248,37.3783,2004,2,27,7.57,-3.52,-4.2,2.03,18.11,0.01
US-xML,-80.5248,37.3783,2004,2,28,12.48,-3.63,-5.24,1.5,19.25,0.05
US-xML,-80.5248,37.3783,2004,2,29,14.16,-3,-1.44,1.86,14.64,0
US-xML,-80.5248,37.3783,2004,3,1,14.61,-1.77,4.34,2.14,13.5,0.02
US-xML,-80.5248,37.3783,2004,3,2,15.91,3.92,8.33,2.48,6.68,1.74
US-xML,-80.5248,37.3783,2004,3,3,17.16,2.34,4.94,1.39,15.27,0.1
US-xML,-80.5248,37.3783,2004,3,4,17.19,7.75,11.28,1.99,8.69,0.36
US-xML,-80.5248,37.3783,2004,3,5,21.57,9.56,13.25,3.06,12.01,1
US-xML,-80.5248,37.3783,2004,3,6,16.37,5.17,9.65,3.93,8.82,16.71
US-xML,-80.5248,37.3783,2004,3,7,13.81,2.03,2.62,3.23,18.99,3.29
US-xML,-80.5248,37.3783,2004,3,8,2.99,-2.1,-3.58,4.51,9.55,0.82
US-xML,-80.5248,37.3783,2004,3,9,3.25,-3.5,-2.84,1.21,8.24,2
US-xML,-80.5248,37.3783,2004,3,10,5.62,-4.05,-3.76,2.02,14.96,0.47
US-xML,-80.5248,37.3783,2004,3,11,11.01,-4.38,-1.4,2.53,17.39,0.01
US-xML,-80.5248,37.3783,2004,3,12,6.67,-3,-4.04,4.24,21.97,0
US-xML,-80.5248,37.3783,2004,3,13,9.37,-5.52,-5.99,2.32,21.48,0
US-xML,-80.5248,37.3783,2004,3,14,15.19,-0.39,3.07,2.62,14.22,0.35
US-xML,-80.5248,37.3783,2004,3,15,13.95,3.01,2.55,2.11,18.37,4.36
US-xML,-80.5248,37.3783,2004,3,16,14.04,-0.42,5.46,2.97,4.72,14.11
US-xML,-80.5248,37.3783,2004,3,17,4.36,-3.67,-2.9,2.42,6.41,0.85
US-xML,-80.5248,37.3783,2004,3,18,10.95,-1.72,3.27,1.92,12.18,3.18
US-xML,-80.5248,37.3783,2004,3,19,10.31,-1.33,-0.01,3.16,18.86,0.84
US-xML,-80.5248,37.3783,2004,3,20,18.05,-2.33,5.66,3.25,17.7,2.18
US-xML,-80.5248,37.3783,2004,3,21,11.31,-4.05,-2.34,4.99,10.04,0.76
US-xML,-80.5248,37.3783,2004,3,22,0.46,-5.97,-8.9,3.04,16.28,0.14
US-xML,-80.5248,37.3783,2004,3,23,8.93,-5.24,-7.01,1.73,24.01,0
US-xML,-80.5248,37.3783,2004,3,24,13.22,-2.61,1.02,1.88,9.39,0.02
US-xML,-80.5248,37.3783,2004,3,25,19.07,1.34,5.12,1.75,22.17,0
US-xML,-80.5248,37.3783,2004,3,26,21.66,4.8,9.2,1.82,22.02,0
US-xML,-80.5248,37.3783,2004,3,27,17.52,8.83,11.49,1.94,6.02,0.69
US-xML,-80.5248,37.3783,2004,3,28,18.79,7.36,9.67,1.66,19.18,0
US-xML,-80.5248,37.3783,2004,3,29,18.46,5.26,6.57,2.49,20.79,0.04
US-xML,-80.5248,37.3783,2004,3,30,6.62,3.83,4.38,2.42,3.27,9.24
US-xML,-80.5248,37.3783,2004,3,31,11.02,2.98,2.9,1.31,5.94,9.02
US-xML,-80.5248,37.3783,2004,4,1,7.07,1.54,1.39,4.43,8.44,5.78
US-xML,-80.5248,37.3783,2004,4,2,7.36,0.74,0.66,3.3,7.54,1.76
US-xML,-80.5248,37.3783,2004,4,3,11.62,2.08,3.36,3.29,10.63,0.37
US-xML,-80.5248,37.3783,2004,4,4,5.44,-0.98,-2.41,5.03,14.91,0.74
US-xML,-80.5248,37.3783,2004,4,5,5.82,-3.92,-6.4,3.94,26.85,0.01
US-xML,-80.5248,37.3783,2004,4,6,14.87,-4.58,-1.52,2.04,24.21,0.01
US-xML,-80.5248,37.3783,2004,4,7,18.07,2.17,6.47,2.17,16.97,0.08
US-xML,-80.5248,37.3783,2004,4,8,20,8.03,9.48,2.14,12.67,0.3
US-xML,-80.5248,37.3783,2004,4,9,15.86,3.76,4.66,2.37,22.39,0
US-xML,-80.5248,37.3783,2004,4,10,17.9,1.86,4.72,1.2,15.31,0.04
US-xML,-80.5248,37.3783,2004,4,11,12.02,4.27,7.92,1.16,5.06,3.52
US-xML,-80.5248,37.3783,2004,4,12,6.68,2.19,3.63,2.66,3.69,18.19
US-xML,-80.5248,37.3783,2004,4,13,16.24,4.93,8.01,2.17,9.46,33.29
US-xML,-80.5248,37.3783,2004,4,14,6.76,1.83,1.3,3.99,6.44,9.08
US-xML,-80.5248,37.3783,2004,4,15,15.27,-0.86,1.07,2.68,27.11,0
US-xML,-80.5248,37.3783,2004,4,16,20.83,4.81,5.37,1.65,25.59,0
US-xML,-80.5248,37.3783,2004,4,17,22.44,5.66,9.98,2.12,25.35,0
US-xML,-80.5248,37.3783,2004,4,18,24.71,10.39,12.8,1.92,25.19,0
US-xML,-80.5248,37.3783,2004,4,19,23.11,10.22,11.88,2.57,24.42,0
US-xML,-80.5248,37.3783,2004,4,20,23.14,12.59,14.48,1.33,16.92,4.41
US-xML,-80.5248,37.3783,2004,4,21,22.75,11.13,11.57,1.9,19.21,0.1
US-xML,-80.5248,37.3783,2004,4,22,22.66,10.26,12.47,1.84,16.49,0.23
US-xML,-80.5248,37.3783,2004,4,23,21.9,11.53,14.19,1.78,15.13,2.68
US-xML,-80.5248,37.3783,2004,4,24,24.68,10.89,11.18,1.36,25.98,0.13
US-xML,-80.5248,37.3783,2004,4,25,23.55,13.17,14.79,2.4,13.21,7.5
US-xML,-80.5248,37.3783,2004,4,26,14.52,6.55,10.86,1.84,5.6,20.85
US-xML,-80.5248,37.3783,2004,4,27,13.38,2.35,2.29,3.2,17.08,0.66
US-xML,-80.5248,37.3783,2004,4,28,18.46,-1.74,1.53,1.79,29.1,0
US-xML,-80.5248,37.3783,2004,4,29,20.91,3.72,6.91,1.61,24.4,0
US-xML,-80.5248,37.3783,2004,4,30,20.76,7,10.59,2.02,18.23,0.27
US-xML,-80.5248,37.3783,2004,5,1,20.75,11.98,14.06,1.6,10.22,1.67
US-xML,-80.5248,37.3783,2004,5,2,22.87,4.87,12.51,3.03,11.63,9.91
US-xML,-80.5248,37.3783,2004,5,3,14.07,3.23,1.21,2.75,12.43,0.19
US-xML,-80.5248,37.3783,2004,5,4,15.22,0.42,0.81,2.04,28.51,0.06
US-xML,-80.5248,37.3783,2004,5,5,20.09,6.47,9.56,2.12,21.78,0.23
US-xML,-80.5248,37.3783,2004,5,6,25.09,7.64,13.01,1.75,26.28,0
US-xML,-80.5248,37.3783,2004,5,7,25.58,13.07,15.28,2.01,26.76,0
US-xML,-80.5248,37.3783,2004,5,8,24.92,14.56,16.14,1.59,21.91,0.16
US-xML,-80.5248,37.3783,2004,5,9,26.12,13.9,14.68,1.6,25.4,2.7
US-xML,-80.5248,37.3783,2004,5,10,26.34,13,15.65,1.21,22.95,1.89
US-xML,-80.5248,37.3783,2004,5,11,25.59,14.17,15.85,1.17,20.87,2
US-xML,-80.5248,37.3783,2004,5,12,25.6,12.66,15.05,1.34,23.83,0.4
US-xML,-80.5248,37.3783,2004,5,13,25.63,14,16.11,1.23,20.46,1.99
US-xML,-80.5248,37.3783,2004,5,14,25.32,13.66,15.41,1.54,18.48,0.84
US-xML,-80.5248,37.3783,2004,5,15,24.81,12.25,15.16,1.52,20.79,4.68
US-xML,-80.5248,37.3783,2004,5,16,21.17,14.93,16.25,1,16.92,4.65
US-xML,-80.5248,37.3783,2004,5,17,20.39,14.54,16.26,1.14,17.61,4.72
US-xML,-80.5248,37.3783,2004,5,18,24.5,13.89,16.32,1.38,20.12,3.9
US-xML,-80.5248,37.3783,2004,5,19,22.2,15.82,16.83,1.51,16.63,6.34
US-xML,-80.5248,37.3783,2004,5,20,26.24,15.44,17.39,1.48,20.74,0.99
US-xML,-80.5248,37.3783,2004,5,21,24.68,17.34,19.08,1.51,23.01,2.07
US-xML,-80.5248,37.3783,2004,5,22,25.92,17.02,17.93,1.42,25.34,0.33
US-xML,-80.5248,37.3783,2004,5,23,26.63,16.83,18.17,1.59,21.98,3.26
US-xML,-80.5248,37.3783,2004,5,24,25.7,16.15,17.69,2.08,20.36,5.38
US-xML,-80.5248,37.3783,2004,5,25,25.89,17.39,17.92,1.84,22.21,6.54
US-xML,-80.5248,37.3783,2004,5,26,22.1,16.34,17.65,2.22,13.33,17.52
US-xML,-80.5248,37.3783,2004,5,27,25.54,15.94,17.33,1.83,24.89,17.61
US-xML,-80.5248,37.3783,2004,5,28,21.35,14.77,16.63,2.02,11.89,5.2
US-xML,-80.5248,37.3783,2004,5,29,23.73,12.41,13,1.34,26.76,0.18
US-xML,-80.5248,37.3783,2004,5,30,22.51,14.19,17.07,1.2,11,25.2
US-xML,-80.5248,37.3783,2004,5,31,23.83,13.69,17.17,2.23,15.7,10.72
US-xML,-80.5248,37.3783,2004,6,1,21.51,12.64,12.43,2.3,26,3.02
US-xML,-80.5248,37.3783,2004,6,2,22.79,10.69,12.84,2.19,25.94,1.33
US-xML,-80.5248,37.3783,2004,6,3,23.38,14.68,14.19,1.76,27.72,0.08
US-xML,-80.5248,37.3783,2004,6,4,17.71,13.72,14.79,1.81,4.07,38.65
US-xML,-80.5248,37.3783,2004,6,5,20.03,11.63,12.78,1.44,12.39,1.7
US-xML,-80.5248,37.3783,2004,6,6,21.37,11.21,11.87,1.16,18.3,0.02
US-xML,-80.5248,37.3783,2004,6,7,25.59,13.83,13.71,0.7,24.4,0.2
US-xML,-80.5248,37.3783,2004,6,8,26.78,15.34,17.32,1.11,17.57,2.6
US-xML,-80.5248,37.3783,2004,6,9,27.19,14.97,16.51,1.05,23.32,0.35
US-xML,-80.5248,37.3783,2004,6,10,25.67,17.37,18.61,1.41,20.33,4.47
US-xML,-80.5248,37.3783,2004,6,11,24.64,15.98,18.92,1.56,21.44,7.45
US-xML,-80.5248,37.3783,2004,6,12,25.21,16.42,18.42,1.23,14.24,4.14
US-xML,-80.5248,37.3783,2004,6,13,25.81,14.92,17.17,1.91,14.7,3.29
US-xML,-80.5248,37.3783,2004,6,14,23.22,16.78,19.43,1.07,15.69,3.51
US-xML,-80.5248,37.3783,2004,6,15,24.79,18.1,20.03,0.95,14.17,12.51
US-xML,-80.5248,37.3783,2004,6,16,26.95,18.62,20.49,1.21,17.68,7.54
US-xML,-80.5248,37.3783,2004,6,17,27.28,18.08,20.43,1.47,23.19,1.34
US-xML,-80.5248,37.3783,2004,6,18,26.97,19.77,20.12,1.7,16.51,2.79
US-xML,-80.5248,37.3783,2004,6,19,25.31,15.58,17.81,2.03,13.91,1.8
US-xML,-80.5248,37.3783,2004,6,20,21.91,10.67,9.26,1.22,31.06,0
US-xML,-80.5248,37.3783,2004,6,21,24.85,11.17,13.94,1.76,19.03,0.28
US-xML,-80.5248,37.3783,2004,6,22,26.01,17.03,18.25,1.85,20.54,3.45
US-xML,-80.5248,37.3783,2004,6,23,22.15,17.12,18.11,1.04,9.38,9.44
US-xML,-80.5248,37.3783,2004,6,24,25.1,14.91,15.04,1.07,26.6,0.29
US-xML,-80.5248,37.3783,2004,6,25,22.03,15.38,16.87,1.12,10.13,17.08
US-xML,-80.5248,37.3783,2004,6,26,21.5,11.7,14.08,1.91,20.42,0.24
US-xML,-80.5248,37.3783,2004,6,27,22.67,11.06,11.67,1.14,23.04,0
US-xML,-80.5248,37.3783,2004,6,28,22.03,12.5,13.77,1.39,17.04,0.04
US-xML,-80.5248,37.3783,2004,6,29,23.77,12.41,14.65,1.45,25.46,0.13
US-xML,-80.5248,37.3783,2004,6,30,25.74,15.16,15.07,0.99,24.34,0.39
US-xML,-80.5248,37.3783,2004,7,1,29.49,15.75,17.57,1.06,21.33,1.07
US-xML,-80.5248,37.3783,2004,7,2,29.14,16.88,18.63,0.8,21.29,4.81
US-xML,-80.5248,37.3783,2004,7,3,26.16,17.07,19.05,1.13,19.36,6.8
US-xML,-80.5248,37.3783,2004,7,4,27.48,17.59,19.62,1.29,20.35,5.69
US-xML,-80.5248,37.3783,2004,7,5,26.64,18.97,19.84,1.8,26.35,0.09
US-xML,-80.5248,37.3783,2004,7,6,27.52,18.95,19.25,1.87,28.66,0.34
US-xML,-80.5248,37.3783,2004,7,7,26.32,17.25,17.75,1.82,21.39,1.14
US-xML,-80.5248,37.3783,2004,7,8,25.02,17.07,16.65,1.67,27.35,0.3
US-xML,-80.5248,37.3783,2004,7,9,26.22,15.7,17.19,1.56,25.8,0.04
US-xML,-80.5248,37.3783,2004,7,10,25.38,16.66,19.26,1.3,16.82,8.89
US-xML,-80.5248,37.3783,2004,7,11,27.63,16.66,18.91,0.88,19.22,5.81
US-xML,-80.5248,37.3783,2004,7,12,27.75,18.1,19.61,1.31,19.92,2.7
US-xML,-80.5248,37.3783,2004,7,13,27.57,19.48,19.56,1.71,26.24,0.24
US-xML,-80.5248,37.3783,2004,7,14,27.7,16.98,18.4,2.34,21.68,0.44
US-xML,-80.5248,37.3783,2004,7,15,22.9,14.82,13.92,2.29,23.36,0.01
US-xML,-80.5248,37.3783,2004,7,16,23.84,13.55,12.18,1.91,28.38,0
US-xML,-80.5248,37.3783,2004,7,17,24.51,13.69,14.51,1.4,9.15,6.13
US-xML,-80.5248,37.3783,2004,7,18,25,15.02,15.88,1.09,18.58,5.65
US-xML,-80.5248,37.3783,2004,7,19,25.28,13.29,14.81,1.48,22.33,0.55
US-xML,-80.5248,37.3783,2004,7,20,26.27,13.74,13.32,1.39,24.29,0
US-xML,-80.5248,37.3783,2004,7,21,28.48,15.99,14.79,1.18,25.66,0
US-xML,-80.5248,37.3783,2004,7,22,25.41,15.51,18.36,1.76,6.15,22.03
US-xML,-80.5248,37.3783,2004,7,23,26.09,19.18,20.08,1.55,18.74,3
US-xML,-80.5248,37.3783,2004,7,24,26.82,16.9,17.68,1.16,25.28,0.59
US-xML,-80.5248,37.3783,2004,7,25,27.81,15.51,17.13,1.02,20.98,0.16
US-xML,-80.5248,37.3783,2004,7,26,26.12,17.68,19.27,1.04,13.11,20.3
US-xML,-80.5248,37.3783,2004,7,27,24.21,17.82,19.46,1.06,10.91,9.05
US-xML,-80.5248,37.3783,2004,7,28,24.57,13.78,15.24,1.26,24.75,0.52
US-xML,-80.5248,37.3783,2004,7,29,26.61,12.99,15.88,1.44,21.31,0.66
US-xML,-80.5248,37.3783,2004,7,30,26.78,17.89,18.55,1.81,15.01,2.2
US-xML,-80.5248,37.3783,2004,7,31,27.8,18.1,18.91,1.6,19.12,6.2
US-xML,-80.5248,37.3783,2004,8,1,29.92,17.94,19.34,0.72,20.94,6.7
US-xML,-80.5248,37.3783,2004,8,2,28.05,18.17,19.87,0.9,20.46,7.36
US-xML,-80.5248,37.3783,2004,8,3,28.01,17.83,18.18,1.67,24.15,0.18
US-xML,-80.5248,37.3783,2004,8,4,28.68,16.96,18.53,1.51,23.46,0.88
US-xML,-80.5248,37.3783,2004,8,5,21.33,13.62,17.33,1.71,6.91,17.44
US-xML,-80.5248,37.3783,2004,8,6,19.49,9.68,8.86,2.12,22.63,0
US-xML,-80.5248,37.3783,2004,8,7,21.77,8.29,9.94,1.9,25.49,0
US-xML,-80.5248,37.3783,2004,8,8,24.5,13.05,11.38,1.01,23.64,0
US-xML,-80.5248,37.3783,2004,8,9,25.52,14.8,13.07,1.04,24.92,0
US-xML,-80.5248,37.3783,2004,8,10,26.73,14.3,14.37,1.58,23.15,0.16
US-xML,-80.5248,37.3783,2004,8,11,26.77,16,16.35,1.46,21.91,2.77
US-xML,-80.5248,37.3783,2004,8,12,22.24,14.35,16.33,1.16,6.02,12.28
US-xML,-80.5248,37.3783,2004,8,13,20.54,11.4,12.72,1.63,15.11,0.5
US-xML,-80.5248,37.3783,2004,8,14,24.48,9.2,11.24,0.93,18.04,0.09
US-xML,-80.5248,37.3783,2004,8,15,22.93,11.94,14.16,0.84,19.55,4.37
US-xML,-80.5248,37.3783,2004,8,16,24.25,14.76,13.84,1.36,19.76,1.69
US-xML,-80.5248,37.3783,2004,8,17,25.11,14.4,13.64,0.87,20.87,1.39
US-xML,-80.5248,37.3783,2004,8,18,27.46,14.21,15.19,1.47,22.05,0.28
US-xML,-80.5248,37.3783,2004,8,19,29.34,15.67,16.91,1.82,20.74,0.45
US-xML,-80.5248,37.3783,2004,8,20,28.86,16.45,17.55,1.52,17.25,4.15
US-xML,-80.5248,37.3783,2004,8,21,23.43,13.36,17.46,1.61,11.4,8.05
US-xML,-80.5248,37.3783,2004,8,22,27.08,11.41,12.64,0.84,20.09,0.07
US-xML,-80.5248,37.3783,2004,8,23,28.88,13.5,13.52,0.84,21.99,0.24
US-xML,-80.5248,37.3783,2004,8,24,28.6,15.94,16,1.4,19.78,1.5
US-xML,-80.5248,37.3783,2004,8,25,28.51,14.87,14.31,1.62,19.18,0.12
US-xML,-80.5248,37.3783,2004,8,26,28.92,13.29,14.57,1.36,18.39,0.08
US-xML,-80.5248,37.3783,2004,8,27,30.56,15.41,15.86,1.01,20.7,1.26
US-xML,-80.5248,37.3783,2004,8,28,31.33,17.94,18.11,0.97,18.66,1.54
US-xML,-80.5248,37.3783,2004,8,29,30.19,17.26,16.96,1.23,16.55,1.23
US-xML,-80.5248,37.3783,2004,8,30,29.49,18.09,17.12,1.69,14.62,1.34
US-xML,-80.5248,37.3783,2004,8,31,27.46,13.99,14.15,1.69,19.58,0.28
US-xML,-80.5248,37.3783,2004,9,1,28.92,12.1,12.95,1.01,18.17,0.01
US-xML,-80.5248,37.3783,2004,9,2,24.09,15.07,13.39,1.44,13.5,0.04
US-xML,-80.5248,37.3783,2004,9,3,27.55,13.01,12.77,1.27,16.1,0
US-xML,-80.5248,37.3783,2004,9,4,29.27,15.59,12.74,1.14,18.6,0.07
US-xML,-80.5248,37.3783,2004,9,5,28.11,13.95,12.79,1.94,21.11,0.24
US-xML,-80.5248,37.3783,2004,9,6,27.55,16.45,17.43,2.32,8.04,1.95
US-xML,-80.5248,37.3783,2004,9,7,22.29,17.93,18.82,2.07,6.23,30.33
US-xML,-80.5248,37.3783,2004,9,8,24.01,19.11,20.46,3.25,4.75,55.09
US-xML,-80.5248,37.3783,2004,9,9,22.9,13.63,16.06,2.16,9.82,1.13
US-xML,-80.5248,37.3783,2004,9,10,24.7,13.14,14.34,1.01,19.34,0.07
US-xML,-80.5248,37.3783,2004,9,11,25.19,12.39,14.29,1.36,19.42,0.02
US-xML,-80.5248,37.3783,2004,9,12,25.6,12.82,15.46,0.93,17.33,0.03
US-xML,-80.5248,37.3783,2004,9,13,24.79,15.03,16.14,1.12,14.75,0.19
US-xML,-80.5248,37.3783,2004,9,14,23.09,12.84,14.25,1.59,12.37,1.01
US-xML,-80.5248,37.3783,2004,9,15,25.58,13.35,14.67,1.09,17.62,0.17
US-xML,-80.5248,37.3783,2004,9,16,22.86,15.29,17.18,1.1,9.24,7.29
US-xML,-80.5248,37.3783,2004,9,17,24.14,13.7,19.15,3.24,5.5,45.48
US-xML,-80.5248,37.3783,2004,9,18,18.18,9.03,8.94,4.07,14.43,4.21
US-xML,-80.5248,37.3783,2004,9,19,21.45,4.93,7.22,1.52,23.11,0
US-xML,-80.5248,37.3783,2004,9,20,19.42,4.62,6.19,1.81,23.01,0
US-xML,-80.5248,37.3783,2004,9,21,24.58,7.42,7.18,1.02,21.94,0
US-xML,-80.5248,37.3783,2004,9,22,27.46,13.92,10.93,1.23,20.57,0
US-xML,-80.5248,37.3783,2004,9,23,24.8,10.61,10.51,1.57,21.43,0
US-xML,-80.5248,37.3783,2004,9,24,24.77,12.67,13.45,1.45,16.98,0
US-xML,-80.5248,37.3783,2004,9,25,25.18,12.71,14.26,1,16.57,0
US-xML,-80.5248,37.3783,2004,9,26,24.8,13.97,15.27,1.36,15.94,0
US-xML,-80.5248,37.3783,2004,9,27,19.34,13.28,15.01,1.86,5.76,9.22
US-xML,-80.5248,37.3783,2004,9,28,21.31,15.25,17.32,2.7,4.17,67.03
US-xML,-80.5248,37.3783,2004,9,29,21.16,10.28,12.82,1.49,15.03,0.37
US-xML,-80.5248,37.3783,2004,9,30,21.99,8.82,11.11,1.16,14.48,0.01
US-xML,-80.5248,37.3783,2004,10,1,22.99,9.97,14.13,1.68,9.22,0.03
US-xML,-80.5248,37.3783,2004,10,2,21.18,13.95,14.89,1.46,7.23,2.54
US-xML,-80.5248,37.3783,2004,10,3,19.24,8.18,11.74,1.26,11.21,0.91
US-xML,-80.5248,37.3783,2004,10,4,20.09,4.65,7.45,1.77,19.65,0
US-xML,-80.5248,37.3783,2004,10,5,17.78,4.66,5.13,1.26,18.91,0
US-xML,-80.5248,37.3783,2004,10,6,19.69,3.5,6.23,1.05,17.24,0
US-xML,-80.5248,37.3783,2004,10,7,20.39,8.18,8.14,1.28,18.07,0
US-xML,-80.5248,37.3783,2004,10,8,20.06,5.86,7.31,1.83,18.83,0
US-xML,-80.5248,37.3783,2004,10,9,20.78,8.51,11.65,1.23,9.04,0.08
US-xML,-80.5248,37.3783,2004,10,10,19.45,6.67,9.03,1.61,17.97,0
US-xML,-80.5248,37.3783,2004,10,11,18.05,4.17,5.74,1.11,16.62,0
US-xML,-80.5248,37.3783,2004,10,12,22.49,5.43,5.78,0.96,17.85,3.29
US-xML,-80.5248,37.3783,2004,10,13,19.59,11.83,13.24,1.16,4.02,25.53
US-xML,-80.5248,37.3783,2004,10,14,18.59,10.12,11.14,1.36,5.86,0.99
US-xML,-80.5248,37.3783,2004,10,15,12.38,5.37,6.17,2.66,10.75,0.86
US-xML,-80.5248,37.3783,2004,10,16,12,2.28,1.79,3.05,10.5,1.34
US-xML,-80.5248,37.3783,2004,10,17,13.7,2.15,-0.4,2.7,18.33,0
US-xML,-80.5248,37.3783,2004,10,18,15.97,4.25,7.79,2.03,7.04,10.76
US-xML,-80.5248,37.3783,2004,10,19,17.69,13.8,15.28,1.59,5.56,3.68
US-xML,-80.5248,37.3783,2004,10,20,21.5,12.09,13.52,0.8,8,2.46
US-xML,-80.5248,37.3783,2004,10,21,18.27,9.47,11.37,0.8,6.68,1.42
US-xML,-80.5248,37.3783,2004,10,22,14.61,9.05,9.73,1.46,8.16,0.34
US-xML,-80.5248,37.3783,2004,10,23,12.4,8.01,8.44,1.54,4.1,2.06
US-xML,-80.5248,37.3783,2004,10,24,19.69,8.67,11.6,1.5,6.55,6.33
US-xML,-80.5248,37.3783,2004,10,25,19.55,8.58,9.52,1.38,15.55,0.33
US-xML,-80.5248,37.3783,2004,10,26,19.16,6.7,7.96,1.05,14.59,0.07
US-xML,-80.5248,37.3783,2004,10,27,16,7.17,10.49,1.06,2.73,6.14
US-xML,-80.5248,37.3783,2004,10,28,16.24,9.43,10.86,1.29,4.79,0.78
US-xML,-80.5248,37.3783,2004,10,29,22.07,9.81,14.14,1.54,5.86,2.44
US-xML,-80.5248,37.3783,2004,10,30,22.95,14.18,15.62,2.29,10.8,0.12
US-xML,-80.5248,37.3783,2004,10,31,19.83,11.71,11.16,2.51,13.82,0
US-xML,-80.5248,37.3783,2004,11,1,23.27,9.66,13.43,1.55,11.97,0
US-xML,-80.5248,37.3783,2004,11,2,23.19,12.92,15.49,1.69,13.37,0.23
US-xML,-80.5248,37.3783,2004,11,3,16.4,10.33,11.03,1.79,8.72,2.01
US-xML,-80.5248,37.3783,2004,11,4,15.84,6.81,8.12,3.16,2.4,20.73
US-xML,-80.5248,37.3783,2004,11,5,9.69,0.46,-0.01,3.72,14.66,0.31
US-xML,-80.5248,37.3783,2004,11,6,14.39,-0.93,1.25,2.03,14.54,0
US-xML,-80.5248,37.3783,2004,11,7,18.38,2.67,6.5,1.89,13.57,0
US-xML,-80.5248,37.3783,2004,11,8,9.82,-2.49,-0.34,2.59,12.3,0
US-xML,-80.5248,37.3783,2004,11,9,10.05,-4.02,-3.91,1.72,14.18,0
US-xML,-80.5248,37.3783,2004,11,10,10.92,-2.97,-0.69,1.74,12.9,0
US-xML,-80.5248,37.3783,2004,11,11,8.98,-1.23,2.95,1.23,4.74,4.71
US-xML,-80.5248,37.3783,2004,11,12,11.33,5.19,8.29,1.36,2.72,18.83
US-xML,-80.5248,37.3783,2004,11,13,11.77,-2.42,1.08,1.98,12.82,0.15
US-xML,-80.5248,37.3783,2004,11,14,9.37,-5.08,-5.92,1.42,13.79,0
US-xML,-80.5248,37.3783,2004,11,15,13.91,0.56,-2.34,1.31,11.41,0
US-xML,-80.5248,37.3783,2004,11,16,12.05,1.17,0.46,1.62,5.19,0.02
US-xML,-80.5248,37.3783,2004,11,17,16.14,0.37,4.95,1.5,10.02,0.25
US-xML,-80.5248,37.3783,2004,11,18,15.63,7.59,10.2,1.32,3.64,3.25
US-xML,-80.5248,37.3783,2004,11,19,15.72,9.11,11.86,1.27,5.03,4.36
US-xML,-80.5248,37.3783,2004,11,20,13.79,8.34,9.99,1.02,4.2,1.68
US-xML,-80.5248,37.3783,2004,11,21,13.28,6.35,8.62,1.2,4.34,0.34
US-xML,-80.5248,37.3783,2004,11,22,13.49,6.5,8.34,0.78,4.62,3.68
US-xML,-80.5248,37.3783,2004,11,23,12.73,8.27,9.46,1.28,2.5,6.86
US-xML,-80.5248,37.3783,2004,11,24,15.21,8.71,11.73,2.95,1.58,15.54
US-xML,-80.5248,37.3783,2004,11,25,13.6,-3.52,0.25,4.19,5.89,6.19
US-xML,-80.5248,37.3783,2004,11,26,6.3,-6.13,-5.07,1.48,9.72,0.09
US-xML,-80.5248,37.3783,2004,11,27,6.6,-3.7,-1.69,2.66,9.41,3.88
US-xML,-80.5248,37.3783,2004,11,28,6.02,-1.64,0.45,2.68,7.95,0.27
US-xML,-80.5248,37.3783,2004,11,29,8.12,-2.84,-1.86,1.2,6.74,0.02
US-xML,-80.5248,37.3783,2004,11,30,11.24,-0.6,2.48,1.84,3.78,7.21
US-xML,-80.5248,37.3783,2004,12,1,11.42,-1.46,1.04,4.46,7.37,13.16
US-xML,-80.5248,37.3783,2004,12,2,9.73,-4.72,-3.35,1.75,11.89,0
US-xML,-80.5248,37.3783,2004,12,3,6.22,-3.64,-2.32,2.59,11.65,0
US-xML,-80.5248,37.3783,2004,12,4,8.16,-3.79,-2.03,1.85,11.51,0
US-xML,-80.5248,37.3783,2004,12,5,11.88,-2.41,-0.03,1.63,10.74,0.06
US-xML,-80.5248,37.3783,2004,12,6,8.16,2.48,5.36,1.61,2.36,13.86
US-xML,-80.5248,37.3783,2004,12,7,18,7.76,10.86,3.17,5.09,1.31
US-xML,-80.5248,37.3783,2004,12,8,11.64,3.03,2.85,2.46,10.3,0.03
US-xML,-80.5248,37.3783,2004,12,9,10.25,2.51,5.58,1.93,1.33,7.89
US-xML,-80.5248,37.3783,2004,12,10,12.61,5.29,7.61,1.62,4.89,15.08
US-xML,-80.5248,37.3783,2004,12,11,5.54,-0.22,1.31,3.4,4.62,2.53
US-xML,-80.5248,37.3783,2004,12,12,5.38,-2.49,-1.93,3.03,5.03,0.3
US-xML,-80.5248,37.3783,2004,12,13,3.62,-4.89,-4.01,4.66,6.95,0.99
US-xML,-80.5248,37.3783,2004,12,14,-2.99,-6.27,-8.96,4.04,5.43,0.66
US-xML,-80.5248,37.3783,2004,12,15,0.37,-9.08,-10.28,2.48,11.13,0.01
US-xML,-80.5248,37.3783,2004,12,16,6.72,-9.97,-6.77,1.81,10.86,0
US-xML,-80.5248,37.3783,2004,12,17,6.04,-4.1,-2.46,1.97,10.54,0
US-xML,-80.5248,37.3783,2004,12,18,7.24,-3.94,-2.12,1.57,10.47,0.01
US-xML,-80.5248,37.3783,2004,12,19,2.2,-14.77,-6.83,3.69,4.81,1.44
US-xML,-80.5248,37.3783,2004,12,20,-6.32,-17.24,-17.75,3.16,10.89,0
US-xML,-80.5248,37.3783,2004,12,21,4.85,-9.18,-2.29,2.25,4.95,0.13
US-xML,-80.5248,37.3783,2004,12,22,9.83,-2.32,2.61,2.46,9.57,0.7
US-xML,-80.5248,37.3783,2004,12,23,11.36,-6.48,1.18,4.95,3.28,8.46
US-xML,-80.5248,37.3783,2004,12,24,0.24,-8.89,-10.38,2.28,8.44,0
US-xML,-80.5248,37.3783,2004,12,25,0.27,-12.47,-11.3,1.11,10.47,0
US-xML,-80.5248,37.3783,2004,12,26,2.6,-8.54,-8.11,2.25,9.39,0.04
US-xML,-80.5248,37.3783,2004,12,27,-1.03,-8.94,-11.07,2.89,10.72,0.02
US-xML,-80.5248,37.3783,2004,12,28,6.15,-9.17,-6.11,1.6,10.43,0
US-xML,-80.5248,37.3783,2004,12,29,7.65,-2.06,0.17,2.2,3.78,0
US-xML,-80.5248,37.3783,2004,12,30,11.82,0.77,5.29,1.74,5.37,0.05
US-xML,-80.5248,37.3783,2004,12,31,13.47,3.41,6.23,2.06,7.27,0.79
US-xML,-80.5248,37.3783,2005,1,1,14.26,5.82,8.47,1.77,5.78,1.16
US-xML,-80.5248,37.3783,2005,1,2,10.63,3.97,7.23,1.57,5.89,0.22
US-xML,-80.5248,37.3783,2005,1,3,13.98,5.15,8.78,1.68,6.28,0.22
US-xML,-80.5248,37.3783,2005,1,4,16.58,7.94,11.43,1.98,3.46,8.09
US-xML,-80.5248,37.3783,2005,1,5,14.22,7,10.04,1.93,5.66,0.29
US-xML,-80.5248,37.3783,2005,1,6,13.12,2.63,7.87,2.78,2.73,2.55
US-xML,-80.5248,37.3783,2005,1,7,6.42,-0.41,1.45,1.81,3.13,1.44
US-xML,-80.5248,37.3783,2005,1,8,10.47,-2.17,3.84,3.15,7.54,5.67
US-xML,-80.5248,37.3783,2005,1,9,11.55,-2.45,0.69,1.37,11.18,0.02
US-xML,-80.5248,37.3783,2005,1,10,10.69,1.39,3.13,2.24,9.14,0
US-xML,-80.5248,37.3783,2005,1,11,13.02,1.67,5.94,1.95,5.05,3.21
US-xML,-80.5248,37.3783,2005,1,12,16.92,7.57,10.23,1.88,8.68,0.02
US-xML,-80.5248,37.3783,2005,1,13,16.61,11.84,13.3,4.13,4.96,11.69
US-xML,-80.5248,37.3783,2005,1,14,14.37,-5.87,-0.86,3.8,4.72,15.65
US-xML,-80.5248,37.3783,2005,1,15,4.45,-6.19,-5.46,1.28,9.82,0
US-xML,-80.5248,37.3783,2005,1,16,4.63,-7.94,-6.1,2.46,9.68,0.62
US-xML,-80.5248,37.3783,2005,1,17,-7.69,-12.65,-15.26,4.73,11.24,0.09
US-xML,-80.5248,37.3783,2005,1,18,-5.51,-14.22,-16.41,2.47,12.22,0.03
US-xML,-80.5248,37.3783,2005,1,19,0.48,-11.16,-7.22,3.37,2.37,0.85
US-xML,-80.5248,37.3783,2005,1,20,0.94,-3.3,-3.73,2.24,4.03,5.01
US-xML,-80.5248,37.3783,2005,1,21,1.3,-7,-5.41,1.53,4.02,0.8
US-xML,-80.5248,37.3783,2005,1,22,0.87,-9.04,-5.34,4.41,1.38,4.26
US-xML,-80.5248,37.3783,2005,1,23,-10.93,-14,-14.94,5.65,9.57,0.27
US-xML,-80.5248,37.3783,2005,1,24,-0.28,-16.64,-10.77,3.04,7.31,0.01
US-xML,-80.5248,37.3783,2005,1,25,6.14,-7.46,-2.66,2.29,11.45,0
US-xML,-80.5248,37.3783,2005,1,26,6.01,-2.09,1.24,3.12,3.94,0.2
US-xML,-80.5248,37.3783,2005,1,27,-0.21,-10.39,-9.84,2.74,13.93,0.01
US-xML,-80.5248,37.3783,2005,1,28,-1.85,-13.19,-12,2.16,12.25,0
US-xML,-80.5248,37.3783,2005,1,29,-4.18,-10.17,-9.08,2.23,4.1,10.96
US-xML,-80.5248,37.3783,2005,1,30,2.37,-5.82,-2.95,1.94,5.76,2.07
US-xML,-80.5248,37.3783,2005,1,31,3.23,-7.04,-5.38,1.4,12.73,0
US-xML,-80.5248,37.3783,2005,2,1,5.82,-5.33,-4.19,1.14,9.03,0
US-xML,-80.5248,37.3783,2005,2,2,2,-7.82,-4.83,2.02,9.13,1.54
US-xML,-80.5248,37.3783,2005,2,3,2.74,-3.75,-2.3,1.96,5.96,4.1
US-xML,-80.5248,37.3783,2005,2,4,4.42,-3.7,-2.47,2.84,13.37,0.06
US-xML,-80.5248,37.3783,2005,2,5,10.6,-6.18,-3.78,1.85,14.7,0
US-xML,-80.5248,37.3783,2005,2,6,10.15,-2.64,-2.1,1.94,14.2,0
US-xML,-80.5248,37.3783,2005,2,7,12.78,-2.9,-1.13,1.68,14.39,0.01
US-xML,-80.5248,37.3783,2005,2,8,15.04,0.65,5.14,2,8.93,0.7
US-xML,-80.5248,37.3783,2005,2,9,12.29,3.3,7.03,1.85,6.7,3.3
US-xML,-80.5248,37.3783,2005,2,10,2,-6.42,-5.18,5.24,7.23,1.78
US-xML,-80.5248,37.3783,2005,2,11,-2.11,-7.36,-8.57,4.5,11.32,0.06
US-xML,-80.5248,37.3783,2005,2,12,6.79,-2.57,-1.48,3.89,15.99,0.02
US-xML,-80.5248,37.3783,2005,2,13,6.15,-0.53,1.83,1.5,4.67,3.77
US-xML,-80.5248,37.3783,2005,2,14,6.09,0.89,3.37,3.42,3.17,6.38
US-xML,-80.5248,37.3783,2005,2,15,11.23,2.15,4.38,1.77,10.9,0
US-xML,-80.5248,37.3783,2005,2,16,10.56,-1.61,3.09,3.14,5.65,1.54
US-xML,-80.5248,37.3783,2005,2,17,1.56,-4.17,-5.54,3.88,12.34,0.17
US-xML,-80.5248,37.3783,2005,2,18,-1.54,-8.29,-9.19,4.49,13.65,0.06
US-xML,-80.5248,37.3783,2005,2,19,4.14,-10.03,-7.46,1.87,17.3,0
US-xML,-80.5248,37.3783,2005,2,20,5.4,-4.78,-3.16,2.49,4.65,4.62
US-xML,-80.5248,37.3783,2005,2,21,8.8,2.12,5.53,2.34,6.95,7.97
US-xML,-80.5248,37.3783,2005,2,22,12.86,1.25,2.56,2.23,16.59,0.3
US-xML,-80.5248,37.3783,2005,2,23,8.85,-2.65,-2.01,2.18,16.44,0.03
US-xML,-80.5248,37.3783,2005,2,24,1.26,-2.73,-1.49,2.28,3.01,4.24
US-xML,-80.5248,37.3783,2005,2,25,4.98,-5.71,-5.63,2.16,14.89,0.07
US-xML,-80.5248,37.3783,2005,2,26,7.09,-5.5,-3.08,1.91,16.33,0
US-xML,-80.5248,37.3783,2005,2,27,5.79,-2.41,-1.6,2.4,11.7,2.2
US-xML,-80.5248,37.3783,2005,2,28,0.98,-3.28,-2.32,2.7,4.53,12.92
US-xML,-80.5248,37.3783,2005,3,1,-2.52,-5.92,-6.76,5.02,10.22,1.92
US-xML,-80.5248,37.3783,2005,3,2,-3.94,-7.73,-8.24,5.32,14.56,0.35
US-xML,-80.5248,37.3783,2005,3,3,-1.79,-10.48,-9.02,3.51,17.74,0.02
US-xML,-80.5248,37.3783,2005,3,4,5.1,-11.09,-3.66,2.42,11.72,2.51
US-xML,-80.5248,37.3783,2005,3,5,5.24,-2.03,0.85,2.73,6.62,4.91
US-xML,-80.5248,37.3783,2005,3,6,9.31,-2.08,-0.66,3.31,19.55,0.01
US-xML,-80.5248,37.3783,2005,3,7,14.4,-1.31,4.38,3.04,12.65,1.35
US-xML,-80.5248,37.3783,2005,3,8,8.36,-5.18,-4.49,5.35,11.56,9.49
US-xML,-80.5248,37.3783,2005,3,9,-0.03,-7.33,-9.1,3.32,20.17,0.08
US-xML,-80.5248,37.3783,2005,3,10,3.18,-7.38,-6.77,2.65,19.25,0.06
US-xML,-80.5248,37.3783,2005,3,11,5.54,-2.96,-1.86,3.53,9.85,4.24
US-xML,-80.5248,37.3783,2005,3,12,6.42,-4.11,-2.28,3.62,12.81,3.73
US-xML,-80.5248,37.3783,2005,3,13,9.35,-1.4,0.28,1.73,15.87,3.03
US-xML,-80.5248,37.3783,2005,3,14,6.36,-4.95,-4.45,1.97,18.74,1.56
US-xML,-80.5248,37.3783,2005,3,15,8.22,-5.09,-3.89,1.73,21.5,0.09
US-xML,-80.5248,37.3783,2005,3,16,4.73,-2.43,-1.47,1.4,4.91,3.39
US-xML,-80.5248,37.3783,2005,3,17,4.63,-2.43,-3,1.56,11.06,1.18
US-xML,-80.5248,37.3783,2005,3,18,12.32,-1.58,-3.82,1.24,20.01,0.01
US-xML,-80.5248,37.3783,2005,3,19,9.84,-3.16,0.11,2.01,14.03,0.2
US-xML,-80.5248,37.3783,2005,3,20,10.22,-1.14,1.83,2.67,17.83,0.04
US-xML,-80.5248,37.3783,2005,3,21,9.98,-2.63,-1.36,2.23,18.79,0
US-xML,-80.5248,37.3783,2005,3,22,11.8,-3.61,0.95,2.4,17.53,2.17
US-xML,-80.5248,37.3783,2005,3,23,16.24,5.75,7.47,2.14,10.46,12.45
US-xML,-80.5248,37.3783,2005,3,24,11.19,0.78,2.42,2.66,10.74,0.54
US-xML,-80.5248,37.3783,2005,3,25,16,-0.83,4.58,1.39,12.9,2.7
US-xML,-80.5248,37.3783,2005,3,26,11.97,6.44,7.57,1.32,10.71,0.41
US-xML,-80.5248,37.3783,2005,3,27,9.83,5.49,6.2,2.77,3.91,4.07
US-xML,-80.5248,37.3783,2005,3,28,13.78,5.51,6.95,3.21,8.96,24.39
US-xML,-80.5248,37.3783,2005,3,29,14.38,4.57,4.25,3.53,18.79,0.93
US-xML,-80.5248,37.3783,2005,3,30,19.53,2.91,6.66,2.12,22.66,0
US-xML,-80.5248,37.3783,2005,3,31,16.78,5.94,10.49,1.96,11.99,0.27
US-xML,-80.5248,37.3783,2005,4,1,11.65,3.5,7.12,2.36,7.36,4.81
US-xML,-80.5248,37.3783,2005,4,2,12.76,0.05,3.11,4.72,8.46,18.94
US-xML,-80.5248,37.3783,2005,4,3,9.29,-1.14,-0.5,6.46,25.81,0.68
US-xML,-80.5248,37.3783,2005,4,4,16.03,3.33,3.43,3.31,24.41,0
US-xML,-80.5248,37.3783,2005,4,5,21.79,7.52,8.52,2.14,23.38,0
US-xML,-80.5248,37.3783,2005,4,6,22.82,8.3,9.88,2.01,21.91,0
US-xML,-80.5248,37.3783,2005,4,7,16.9,10.55,12.87,1.85,5.98,2.24
US-xML,-80.5248,37.3783,2005,4,8,16.36,8.59,11.98,1.48,13.25,1.45
US-xML,-80.5248,37.3783,2005,4,9,19.29,6.06,6.86,1.73,26.19,0
US-xML,-80.5248,37.3783,2005,4,10,23.18,3.3,7.43,1.33,26.24,0
US-xML,-80.5248,37.3783,2005,4,11,24.09,10.78,10.61,1.2,22.77,0
US-xML,-80.5248,37.3783,2005,4,12,12.12,5.64,7.56,2.43,5.42,6.72
US-xML,-80.5248,37.3783,2005,4,13,7.47,3.35,4.62,1.92,4.42,4.89
US-xML,-80.5248,37.3783,2005,4,14,16.8,1.86,3.16,1.97,25.55,0
US-xML,-80.5248,37.3783,2005,4,15,16.74,0.96,2.16,2.18,27.19,0
US-xML,-80.5248,37.3783,2005,4,16,15.68,-2.26,-1.95,2.13,28.35,0
US-xML,-80.5248,37.3783,2005,4,17,19.15,1.8,2.79,1.85,25.38,0
US-xML,-80.5248,37.3783,2005,4,18,20.98,6.46,9.23,1.89,18.26,0
US-xML,-80.5248,37.3783,2005,4,19,23.26,7.97,10.05,1.86,18.59,0.04
US-xML,-80.5248,37.3783,2005,4,20,22.27,9.02,10.56,2.34,23,0
US-xML,-80.5248,37.3783,2005,4,21,22.3,10.78,12.8,1.8,18.04,2.82
US-xML,-80.5248,37.3783,2005,4,22,19.43,10.07,13.12,2.09,10.72,12.99
US-xML,-80.5248,37.3783,2005,4,23,12.79,1.24,4.77,3.72,13.36,3.84
US-xML,-80.5248,37.3783,2005,4,24,3.85,-1.9,-2.94,4.32,12.68,2.67
US-xML,-80.5248,37.3783,2005,4,25,13.29,0.63,0.9,3.27,27.27,0.01
US-xML,-80.5248,37.3783,2005,4,26,14.64,2.93,5.24,2.93,16.27,1.67
US-xML,-80.5248,37.3783,2005,4,27,13.06,2.81,4.27,2.51,15.76,1.26
US-xML,-80.5248,37.3783,2005,4,28,14.05,0.92,2.62,1.98,19.52,0.19
US-xML,-80.5248,37.3783,2005,4,29,16.8,4.91,9.98,1.56,7.64,14.75
US-xML,-80.5248,37.3783,2005,4,30,16.55,8.51,11.76,2.36,7.58,5.22
US-xML,-80.5248,37.3783,2005,5,1,13.32,2.31,2.4,2.83,27.53,0.6
US-xML,-80.5248,37.3783,2005,5,2,10.33,0.35,1.77,2.18,11.88,0.63
US-xML,-80.5248,37.3783,2005,5,3,13.68,-2.11,0.29,1.99,25.91,0.05
US-xML,-80.5248,37.3783,2005,5,4,14.84,-0.27,1.25,1.62,23.23,0.02
US-xML,-80.5248,37.3783,2005,5,5,15.57,3.36,4.98,2.01,17.28,0.02
US-xML,-80.5248,37.3783,2005,5,6,17.08,2.26,5.17,1.62,19.27,0.03
US-xML,-80.5248,37.3783,2005,5,7,18.82,4,8.28,2.36,18.71,0.57
US-xML,-80.5248,37.3783,2005,5,8,20.02,7.75,6.92,1.94,30.06,0
US-xML,-80.5248,37.3783,2005,5,9,24.6,8.83,5.98,1.28,29.99,0
US-xML,-80.5248,37.3783,2005,5,10,21.33,10.11,13.56,1.25,18.77,2.12
US-xML,-80.5248,37.3783,2005,5,11,25.77,11.71,14.14,1.44,23.29,0.03
US-xML,-80.5248,37.3783,2005,5,12,24.51,13.21,15.36,1.61,19.33,0.32
US-xML,-80.5248,37.3783,2005,5,13,21.01,12.74,14.36,2.01,9.02,5.28
US-xML,-80.5248,37.3783,2005,5,14,23.77,14.07,14.69,2.29,17.94,5.05
US-xML,-80.5248,37.3783,2005,5,15,20.31,8.78,10.71,1.92,15.93,1.57
US-xML,-80.5248,37.3783,2005,5,16,17.69,6.62,5.88,1.8,25.99,0
US-xML,-80.5248,37.3783,2005,5,17,21.18,4.36,7.94,1.08,21.95,0
US-xML,-80.5248,37.3783,2005,5,18,23.65,8.44,12.18,1.25,23.91,0.28
US-xML,-80.5248,37.3783,2005,5,19,22.92,12.28,13.63,1.19,18.24,14.52
US-xML,-80.5248,37.3783,2005,5,20,19.62,9.22,13.72,2.04,10.52,8.16
US-xML,-80.5248,37.3783,2005,5,21,20.26,5.43,5.67,1.28,28.17,0
US-xML,-80.5248,37.3783,2005,5,22,20.59,6.63,7.29,1.77,22.36,0.82
US-xML,-80.5248,37.3783,2005,5,23,20.18,9.5,11.96,2.59,22.4,4.69
US-xML,-80.5248,37.3783,2005,5,24,13.4,6.73,8.75,2.43,8.75,4.16
US-xML,-80.5248,37.3783,2005,5,25,16.52,7.15,7.16,2.2,13.43,0.06
US-xML,-80.5248,37.3783,2005,5,26,20.43,8.48,9.13,2.35,30.98,0
US-xML,-80.5248,37.3783,2005,5,27,19.73,10.16,11.75,1.73,19.45,0.03
US-xML,-80.5248,37.3783,2005,5,28,19.08,9.25,9.44,2.2,19.89,0.28
US-xML,-80.5248,37.3783,2005,5,29,18.46,7.9,9.77,1.73,22.27,0
US-xML,-80.5248,37.3783,2005,5,30,23.13,10.07,11.36,0.99,22.92,0.82
US-xML,-80.5248,37.3783,2005,5,31,22.74,11.51,11.79,1.17,24.41,0.05
US-xML,-80.5248,37.3783,2005,6,1,18.55,10.5,10.85,2.35,16.7,2.98
US-xML,-80.5248,37.3783,2005,6,2,14.87,9.76,11.81,2.81,6.9,8.95
US-xML,-80.5248,37.3783,2005,6,3,23.72,11.91,14.58,1.27,12.46,2.76
US-xML,-80.5248,37.3783,2005,6,4,25.56,12.85,15.98,0.86,19.02,0.3
US-xML,-80.5248,37.3783,2005,6,5,29.15,14.61,16.94,1.21,26.45,0
US-xML,-80.5248,37.3783,2005,6,6,26.43,16.2,18.51,1.24,24.44,5.3
US-xML,-80.5248,37.3783,2005,6,7,27.66,16.51,18.37,1.01,12.34,2.51
US-xML,-80.5248,37.3783,2005,6,8,26.54,17.09,18.08,1.12,18.5,3.84
US-xML,-80.5248,37.3783,2005,6,9,26.93,16.9,18.95,1.31,18.24,6.83
US-xML,-80.5248,37.3783,2005,6,10,27.31,17.29,19.26,1.26,19.58,2.94
US-xML,-80.5248,37.3783,2005,6,11,26.47,16.74,18.31,1.45,18.98,0.48
US-xML,-80.5248,37.3783,2005,6,12,26.76,15.81,18.06,2.05,13.93,0.17
US-xML,-80.5248,37.3783,2005,6,13,27.62,19.12,20.1,1.79,17.1,9.6
US-xML,-80.5248,37.3783,2005,6,14,28.65,18.25,19.24,1.68,28.16,3.11
US-xML,-80.5248,37.3783,2005,6,15,25.37,16.83,16.34,2.47,28.29,0.25
US-xML,-80.5248,37.3783,2005,6,16,23.18,13.06,13.22,2.65,23.28,0
US-xML,-80.5248,37.3783,2005,6,17,21.79,9.89,9.49,2,27.88,0
US-xML,-80.5248,37.3783,2005,6,18,22.39,13.17,11.42,0.93,17.32,1.06
US-xML,-80.5248,37.3783,2005,6,19,22.94,10.89,13.07,1.11,19.83,2.27
US-xML,-80.5248,37.3783,2005,6,20,23.11,12.89,13.17,1.34,18.99,0.95
US-xML,-80.5248,37.3783,2005,6,21,24.39,11.11,13.82,1.47,23.97,0.59
US-xML,-80.5248,37.3783,2005,6,22,26.32,14.08,14.77,2.11,21.49,0.45
US-xML,-80.5248,37.3783,2005,6,23,28.27,14.31,12.38,1.13,28.13,0
US-xML,-80.5248,37.3783,2005,6,24,29.72,14.89,13.04,1.41,28.2,0
US-xML,-80.5248,37.3783,2005,6,25,30.65,15.15,13.51,1.18,25.3,0
US-xML,-80.5248,37.3783,2005,6,26,29.08,16.37,12.28,1.42,24.04,0
US-xML,-80.5248,37.3783,2005,6,27,28.78,17.67,16.87,1.18,22.07,7.77
US-xML,-80.5248,37.3783,2005,6,28,27.45,18.66,18.75,1.05,15.79,2.78
US-xML,-80.5248,37.3783,2005,6,29,29.56,18.15,18.18,1.26,19.52,4.63
US-xML,-80.5248,37.3783,2005,6,30,29.29,16.75,17.94,1.39,20.13,8.13
US-xML,-80.5248,37.3783,2005,7,1,29.48,17.52,18.76,1.4,22.63,5.23
US-xML,-80.5248,37.3783,2005,7,2,28.24,16.83,16.99,1.51,22.36,3.58
US-xML,-80.5248,37.3783,2005,7,3,26.46,16.63,17.32,1.69,13.74,0.98
US-xML,-80.5248,37.3783,2005,7,4,29.68,17.39,18.59,1.41,20.26,1.07
US-xML,-80.5248,37.3783,2005,7,5,30.02,19.26,18.88,1.44,21.53,3.27
US-xML,-80.5248,37.3783,2005,7,6,24.78,18.74,17.58,1.33,17.74,0.58
US-xML,-80.5248,37.3783,2005,7,7,20.76,16.38,17.06,2.04,5.52,41.33
US-xML,-80.5248,37.3783,2005,7,8,24.94,15.26,15.77,2.23,21.3,1.88
US-xML,-80.5248,37.3783,2005,7,9,26.69,13.39,14.88,1.6,26.33,0.03
US-xML,-80.5248,37.3783,2005,7,10,28.62,16,16.33,1,23.03,0
US-xML,-80.5248,37.3783,2005,7,11,27.67,18.45,18.61,1.49,15.93,0.14
US-xML,-80.5248,37.3783,2005,7,12,30.34,19.1,19.41,1.49,23.19,2.22
US-xML,-80.5248,37.3783,2005,7,13,26.2,19.07,19.14,1.19,16.76,3.65
US-xML,-80.5248,37.3783,2005,7,14,26.23,19.07,19.44,1.36,12.08,8.8
US-xML,-80.5248,37.3783,2005,7,15,28.36,18.79,20.48,1.07,13.85,8.18
US-xML,-80.5248,37.3783,2005,7,16,27.83,20.14,20.5,1.04,15.37,9.54
US-xML,-80.5248,37.3783,2005,7,17,27.28,19.49,20.19,1.41,19.35,10.05
US-xML,-80.5248,37.3783,2005,7,18,27.19,19.47,20.39,1.44,17.43,2.56
US-xML,-80.5248,37.3783,2005,7,19,28.53,19.76,20.85,1.43,19.64,7.61
US-xML,-80.5248,37.3783,2005,7,20,27.9,19.81,18.86,1.48,23.17,0.3
US-xML,-80.5248,37.3783,2005,7,21,29.46,17.95,19.54,1.49,23.55,1.52
US-xML,-80.5248,37.3783,2005,7,22,29.91,18.35,19.15,1.13,18.47,5.19
US-xML,-80.5248,37.3783,2005,7,23,28.69,16.69,16.05,1.74,27.2,0.02
US-xML,-80.5248,37.3783,2005,7,24,29.71,16.63,13.97,1.06,24.43,0
US-xML,-80.5248,37.3783,2005,7,25,31.99,18.3,19.79,1.9,25.35,1.66
US-xML,-80.5248,37.3783,2005,7,26,33.15,19.35,19.45,1.66,26.31,0.03
US-xML,-80.5248,37.3783,2005,7,27,29.64,21.08,20.71,1.61,21.84,5.45
US-xML,-80.5248,37.3783,2005,7,28,27.1,19.49,20.03,0.98,11.34,13.04
US-xML,-80.5248,37.3783,2005,7,29,26.67,18.08,19.2,0.89,11.51,9.22
US-xML,-80.5248,37.3783,2005,7,30,28.06,17.2,18.45,0.91,17.84,6.94
US-xML,-80.5248,37.3783,2005,7,31,26.25,17.53,18.75,1.35,19.17,3.27
US-xML,-80.5248,37.3783,2005,8,1,28.47,17.16,16.44,1.07,25.16,0.44
US-xML,-80.5248,37.3783,2005,8,2,30.25,15.87,16.25,1.51,25.71,0.21
US-xML,-80.5248,37.3783,2005,8,3,31.29,16.91,15.46,1.5,25.5,0.04
US-xML,-80.5248,37.3783,2005,8,4,32.76,18.81,14.68,0.94,25.15,0.04
US-xML,-80.5248,37.3783,2005,8,5,32.72,19.07,15.73,1.1,21.16,3.66
US-xML,-80.5248,37.3783,2005,8,6,30.43,17.53,17.8,0.99,18.46,4.15
US-xML,-80.5248,37.3783,2005,8,7,25.55,17.79,17.3,0.98,13.23,1.38
US-xML,-80.5248,37.3783,2005,8,8,25.34,17.89,17.08,1.21,12.09,4.42
US-xML,-80.5248,37.3783,2005,8,9,27.18,17.25,18.98,0.85,13.79,10.87
US-xML,-80.5248,37.3783,2005,8,10,29.36,16.95,17.45,1,20.35,0.56
US-xML,-80.5248,37.3783,2005,8,11,31.96,16.28,15.61,1.25,23.4,0.07
US-xML,-80.5248,37.3783,2005,8,12,33.13,18.03,16.24,1.29,23.16,0
US-xML,-80.5248,37.3783,2005,8,13,33.67,17.45,16.25,1.07,22.52,0.22
US-xML,-80.5248,37.3783,2005,8,14,32.27,19.58,17.79,1.31,22.11,0.15
US-xML,-80.5248,37.3783,2005,8,15,31.89,17.99,18.32,1.41,21.9,2.15
US-xML,-80.5248,37.3783,2005,8,16,29.71,19.37,19.62,1.3,18.23,10.68
US-xML,-80.5248,37.3783,2005,8,17,29.58,17.96,16.53,1.17,18.07,0.37
US-xML,-80.5248,37.3783,2005,8,18,26.72,17.8,18.61,1.55,7.17,7.95
US-xML,-80.5248,37.3783,2005,8,19,27.97,19.08,20.87,1.52,16.22,8.76
US-xML,-80.5248,37.3783,2005,8,20,31.14,20.29,20.94,1.49,17.67,4.06
US-xML,-80.5248,37.3783,2005,8,21,29.78,17.99,18.25,2.01,24.77,0.5
US-xML,-80.5248,37.3783,2005,8,22,27,14.76,13.92,1.56,20.34,0.17
US-xML,-80.5248,37.3783,2005,8,23,27.02,15.86,15.31,1.1,15.61,1.89
US-xML,-80.5248,37.3783,2005,8,24,29.1,13.05,13.96,1.02,18.55,0.03
US-xML,-80.5248,37.3783,2005,8,25,28.62,13.96,14.04,1.3,18.73,0.07
US-xML,-80.5248,37.3783,2005,8,26,25.94,15.18,14.72,1.49,6.56,14.87
US-xML,-80.5248,37.3783,2005,8,27,24.28,14.58,16.86,1.47,6.51,9.84
US-xML,-80.5248,37.3783,2005,8,28,29.04,16.19,16.82,1.04,18.46,0.4
US-xML,-80.5248,37.3783,2005,8,29,26.34,16.38,16.46,1.44,12.7,0.34
US-xML,-80.5248,37.3783,2005,8,30,27.63,18.53,20.22,2.95,8.73,5.2
US-xML,-80.5248,37.3783,2005,8,31,26.57,16.46,17.62,2.88,9.69,1.38
US-xML,-80.5248,37.3783,2005,9,1,26.76,15.05,13.63,1.62,20.35,0
US-xML,-80.5248,37.3783,2005,9,2,28.04,14.08,13.76,1.92,22.37,0
US-xML,-80.5248,37.3783,2005,9,3,26.85,11.12,9.94,1.64,24.79,0
US-xML,-80.5248,37.3783,2005,9,4,26.42,10.69,9.53,1.27,21.17,0
US-xML,-80.5248,37.3783,2005,9,5,25.83,10.45,8.62,1.67,18.59,0
US-xML,-80.5248,37.3783,2005,9,6,25.2,9.94,8.59,1.71,24.34,0
US-xML,-80.5248,37.3783,2005,9,7,27.12,9.75,5.51,1.64,25.17,0
US-xML,-80.5248,37.3783,2005,9,8,29.35,12.74,4.98,1.09,24.69,0
US-xML,-80.5248,37.3783,2005,9,9,29.23,10.73,7.92,1.61,23.98,0
US-xML,-80.5248,37.3783,2005,9,10,28.94,12.77,11.79,1.58,19.97,0
US-xML,-80.5248,37.3783,2005,9,11,27.2,11.98,9.69,1.68,22.3,0
US-xML,-80.5248,37.3783,2005,9,12,29.37,11.11,6.58,1.31,23.5,0
US-xML,-80.5248,37.3783,2005,9,13,31,14.18,6.04,1.21,22.83,0
US-xML,-80.5248,37.3783,2005,9,14,29.33,16.28,16.49,1.17,13.91,0.05
US-xML,-80.5248,37.3783,2005,9,15,31.64,14.71,13.23,1.54,19.54,0
US-xML,-80.5248,37.3783,2005,9,16,31.36,16.36,15.11,1.52,13.6,1.43
US-xML,-80.5248,37.3783,2005,9,17,27.85,15.18,14.71,1.51,17.82,0.68
US-xML,-80.5248,37.3783,2005,9,18,27.88,11.99,11.18,1.55,19.32,0
US-xML,-80.5248,37.3783,2005,9,19,31.2,12.3,12.1,1.39,20.41,0
US-xML,-80.5248,37.3783,2005,9,20,28.62,15.54,14.41,1.69,15.25,1.05
US-xML,-80.5248,37.3783,2005,9,21,29.36,14.92,13.48,1.08,19.44,0.01
US-xML,-80.5248,37.3783,2005,9,22,31.39,13.79,14.09,1.35,17.36,0.01
US-xML,-80.5248,37.3783,2005,9,23,31.31,15.95,14.44,1.6,17.4,0.03
US-xML,-80.5248,37.3783,2005,9,24,29.49,16.49,16.05,1.52,9.14,0.01
US-xML,-80.5248,37.3783,2005,9,25,24.73,17.27,16.35,2.17,6.41,0.18
US-xML,-80.5248,37.3783,2005,9,26,22.05,17.54,17.88,2.7,5.18,4.22
US-xML,-80.5248,37.3783,2005,9,27,26.56,12.22,9.77,1.67,19.67,0.11
US-xML,-80.5248,37.3783,2005,9,28,27.25,9.39,9.63,1.96,18,0
US-xML,-80.5248,37.3783,2005,9,29,19.73,6.48,6.81,2.48,15.03,3.57
US-xML,-80.5248,37.3783,2005,9,30,22.95,3.59,3.66,1.53,19.66,0
US-xML,-80.5248,37.3783,2005,10,1,27.43,7.21,8.84,1.23,16.89,0
US-xML,-80.5248,37.3783,2005,10,2,28.55,10.92,10.12,1.42,18.43,0
US-xML,-80.5248,37.3783,2005,10,3,27.2,11.79,7.03,1.57,19.58,0
US-xML,-80.5248,37.3783,2005,10,4,25.63,9.51,10.58,1.69,18.98,0.03
US-xML,-80.5248,37.3783,2005,10,5,26.38,12.55,16.02,1.9,6.97,1.32
US-xML,-80.5248,37.3783,2005,10,6,24.07,17.02,16.89,2.24,7.57,9.06
US-xML,-80.5248,37.3783,2005,10,7,21.99,17.18,18.55,1.54,5.03,33.48
US-xML,-80.5248,37.3783,2005,10,8,21.36,10.98,13.35,2.3,5.73,8.65
US-xML,-80.5248,37.3783,2005,10,9,24.91,9.4,11.75,1.01,11,0.16
US-xML,-80.5248,37.3783,2005,10,10,23.6,12.9,14.96,1.06,6.13,1.66
US-xML,-80.5248,37.3783,2005,10,11,25.2,13.95,14.36,1.19,7.71,1.77
US-xML,-80.5248,37.3783,2005,10,12,23.28,11.62,12.7,1.08,9.71,0.14
US-xML,-80.5248,37.3783,2005,10,13,23.9,10.74,11.71,1.45,10.58,0.05
US-xML,-80.5248,37.3783,2005,10,14,20.58,9.32,9.27,2.38,9.93,0
US-xML,-80.5248,37.3783,2005,10,15,21.95,8.74,5.97,2.99,17.58,0
US-xML,-80.5248,37.3783,2005,10,16,16.2,4.44,1.45,2.77,18.17,0
US-xML,-80.5248,37.3783,2005,10,17,17.71,3.28,1.64,1.97,16.72,0
US-xML,-80.5248,37.3783,2005,10,18,22.91,7.29,6.62,2.33,13.74,0
US-xML,-80.5248,37.3783,2005,10,19,25.43,7.17,9.48,1.8,16.24,0
US-xML,-80.5248,37.3783,2005,10,20,26.7,11.07,12.75,1.49,11.72,0.38
US-xML,-80.5248,37.3783,2005,10,21,23.05,11.71,11.87,1.75,7.74,4.71
US-xML,-80.5248,37.3783,2005,10,22,14.45,5.18,8.52,2.48,3.48,3.59
US-xML,-80.5248,37.3783,2005,10,23,17.31,1.56,2.36,1.55,14.32,0.29
US-xML,-80.5248,37.3783,2005,10,24,7.65,0.42,1.3,1.91,2.69,6.22
US-xML,-80.5248,37.3783,2005,10,25,5.6,0.23,0.32,3.58,6.03,3.71
US-xML,-80.5248,37.3783,2005,10,26,10,-0.84,0.16,2.59,7.5,0.53
US-xML,-80.5248,37.3783,2005,10,27,12.13,-2.73,-2.04,1.56,15.2,0
US-xML,-80.5248,37.3783,2005,10,28,11.3,-1.91,-2.2,1.69,9.62,0
US-xML,-80.5248,37.3783,2005,10,29,11.37,-3.44,-1.91,1.99,15.36,0
US-xML,-80.5248,37.3783,2005,10,30,19.63,-3.41,-4,1.44,15.91,0
US-xML,-80.5248,37.3783,2005,10,31,19.93,0.72,-1.45,2.06,15.08,0
US-xML,-80.5248,37.3783,2005,11,1,18.67,1.15,3.68,1.94,13.11,0.81
US-xML,-80.5248,37.3783,2005,11,2,14.54,3.46,1.46,1.91,15.1,0.2
US-xML,-80.5248,37.3783,2005,11,3,21.07,0.5,-0.33,1.82,14.97,0
US-xML,-80.5248,37.3783,2005,11,4,22.27,4.3,4.99,2.01,13.1,0
US-xML,-80.5248,37.3783,2005,11,5,21.71,7.42,10.02,1.74,10.46,0
US-xML,-80.5248,37.3783,2005,11,6,23.06,7.07,10.74,2.44,7.85,0.29
US-xML,-80.5248,37.3783,2005,11,7,18.04,3.19,3.16,1.56,13.7,0
US-xML,-80.5248,37.3783,2005,11,8,19.91,4.82,7.9,1.67,7.19,5.48
US-xML,-80.5248,37.3783,2005,11,9,23.37,12.17,13.18,2.65,9.4,2.21
US-xML,-80.5248,37.3783,2005,11,10,13.01,-0.23,-2.41,3.75,9.68,0.03
US-xML,-80.5248,37.3783,2005,11,11,11.51,-2.72,-5.21,1.85,14.04,0
US-xML,-80.5248,37.3783,2005,11,12,18.1,-0.13,-4.33,1.77,13.45,0
US-xML,-80.5248,37.3783,2005,11,13,19.05,0.64,4.05,1.8,10.94,0.24
US-xML,-80.5248,37.3783,2005,11,14,19.02,8.59,11.33,1.55,6.48,2.83
US-xML,-80.5248,37.3783,2005,11,15,21.53,12.49,13.44,2.7,7.04,2.45
US-xML,-80.5248,37.3783,2005,11,16,16.33,-1.27,7.17,3.71,3,11.79
US-xML,-80.5248,37.3783,2005,11,17,2.19,-6.48,-10.63,3.04,12.97,0.03
US-xML,-80.5248,37.3783,2005,11,18,5.56,-6.84,-11.58,1.69,13.11,0
US-xML,-80.5248,37.3783,2005,11,19,10.41,-4.6,-7.15,1.7,12.98,0
US-xML,-80.5248,37.3783,2005,11,20,15.02,-1.76,-3.24,1.54,11.27,0.01
US-xML,-80.5248,37.3783,2005,11,21,7.91,2.07,2.84,1.58,2.62,6.58
US-xML,-80.5248,37.3783,2005,11,22,2.49,-3.07,-1.92,4.07,3.96,6.52
US-xML,-80.5248,37.3783,2005,11,23,1.6,-5.74,-5.44,3.18,8.58,2.12
US-xML,-80.5248,37.3783,2005,11,24,7.47,-7.18,-3.23,4.51,11.19,0.13
US-xML,-80.5248,37.3783,2005,11,25,2.06,-8.93,-14.98,1.94,12.12,0
US-xML,-80.5248,37.3783,2005,11,26,11.52,-4.23,-4.84,1.43,11.72,0
US-xML,-80.5248,37.3783,2005,11,27,6.18,-1.43,-0.5,1.96,4.25,0.37
US-xML,-80.5248,37.3783,2005,11,28,15.8,4.35,10.9,3.56,1.72,12.47
US-xML,-80.5248,37.3783,2005,11,29,19.15,2.21,12.24,3.51,3.76,20.37
US-xML,-80.5248,37.3783,2005,11,30,7.38,-5.03,-3.22,1.94,9.19,0
US-xML,-80.5248,37.3783,2005,12,1,8.41,-4.96,-3.28,2.11,7.07,0.6
US-xML,-80.5248,37.3783,2005,12,2,-0.5,-4.98,-8.55,4.12,11.18,0.51
US-xML,-80.5248,37.3783,2005,12,3,6.68,-5.04,-6.23,1.91,4.8,7.3
US-xML,-80.5248,37.3783,2005,12,4,7.32,-0.85,3.01,3.09,5.04,5.31
US-xML,-80.5248,37.3783,2005,12,5,0.85,-4.32,-2,1.24,1.51,4.4
US-xML,-80.5248,37.3783,2005,12,6,1.07,-7.8,-8.07,2.24,7.23,0.08
US-xML,-80.5248,37.3783,2005,12,7,1.85,-6.96,-7.87,1.92,10.65,0
US-xML,-80.5248,37.3783,2005,12,8,2.19,-7.5,-7.07,2.62,7.66,4.93
US-xML,-80.5248,37.3783,2005,12,9,-1.13,-11.16,-7.23,3.41,9.93,5.71
US-xML,-80.5248,37.3783,2005,12,10,3.25,-11.27,-6.32,1.88,9.82,0.01
US-xML,-80.5248,37.3783,2005,12,11,0.81,-7.29,-4.34,3.21,3.11,0.74
US-xML,-80.5248,37.3783,2005,12,12,1.85,-6.92,-3.28,2.05,2.3,0.62
US-xML,-80.5248,37.3783,2005,12,13,-0.6,-10.82,-9.97,1.77,11.05,0.01
US-xML,-80.5248,37.3783,2005,12,14,-0.62,-10.29,-9.19,2.31,4.44,0.15
US-xML,-80.5248,37.3783,2005,12,15,-1.21,-6.34,-5.17,2.59,3.58,16.27
US-xML,-80.5248,37.3783,2005,12,16,0.34,-6.54,-2.96,2.41,7,0.13
US-xML,-80.5248,37.3783,2005,12,17,-0.46,-6.53,-5.39,1.4,5.67,0.1
US-xML,-80.5248,37.3783,2005,12,18,2.9,-7.88,-5.7,1.46,9.7,0.08
US-xML,-80.5248,37.3783,2005,12,19,-2.55,-13.23,-8.57,2.81,6.55,0
US-xML,-80.5248,37.3783,2005,12,20,-2.3,-14.93,-12.48,2.98,11,0
US-xML,-80.5248,37.3783,2005,12,21,-0.35,-12.85,-10.39,2.44,10.87,0
US-xML,-80.5248,37.3783,2005,12,22,3.5,-10.7,-6.76,2.12,10.75,0
US-xML,-80.5248,37.3783,2005,12,23,6.62,-7.68,-4.64,2.11,11.1,0
US-xML,-80.5248,37.3783,2005,12,24,9.4,-2.75,-2.76,1.72,10.48,0.01
US-xML,-80.5248,37.3783,2005,12,25,8.04,-0.75,2.12,1.94,4.31,8.93
US-xML,-80.5248,37.3783,2005,12,26,2.01,-1.89,-1.71,4.8,2.79,1.93
US-xML,-80.5248,37.3783,2005,12,27,8.08,-3.29,-1.84,2.7,8.91,0.05
US-xML,-80.5248,37.3783,2005,12,28,12,-1.36,4.56,2.33,6.52,4.69
US-xML,-80.5248,37.3783,2005,12,29,5.14,-1,0.25,3.53,3.8,1.96
US-xML,-80.5248,37.3783,2005,12,30,7.29,-1.02,-0.57,2.05,6.59,0.12
US-xML,-80.5248,37.3783,2005,12,31,7.17,-3.5,0.49,2.44,8.76,0.15
US-xML,-80.5248,37.3783,2006,1,1,6.32,-2.63,-1.76,1.48,7.23,0.01
US-xML,-80.5248,37.3783,2006,1,2,6.89,-0.41,3.06,2.5,2.48,6.98
US-xML,-80.5248,37.3783,2006,1,3,8.67,1.61,4.42,2.44,3.06,0.29
US-xML,-80.5248,37.3783,2006,1,4,13.59,1.3,4.25,1.93,8.43,0.02
US-xML,-80.5248,37.3783,2006,1,5,6.55,-1.28,-0.19,3.12,4.87,0.32
US-xML,-80.5248,37.3783,2006,1,6,-0.01,-5.31,-5.46,3.53,6.15,0.39
US-xML,-80.5248,37.3783,2006,1,7,4.14,-5.35,-7.04,2.35,9.77,0.01
US-xML,-80.5248,37.3783,2006,1,8,8.64,-2.68,-0.81,2.35,9.35,0
US-xML,-80.5248,37.3783,2006,1,9,13.25,0.97,6.1,2.47,7.62,0
US-xML,-80.5248,37.3783,2006,1,10,12.44,0.15,3.57,2.02,8.2,0.02
US-xML,-80.5248,37.3783,2006,1,11,13.89,2.93,7.37,2.69,5.78,4.27
US-xML,-80.5248,37.3783,2006,1,12,15.03,-1.35,1.67,1.75,12.08,0
US-xML,-80.5248,37.3783,2006,1,13,12.83,3.07,7.52,3.3,7.73,14.37
US-xML,-80.5248,37.3783,2006,1,14,1.89,-5.28,-4.76,6.27,4.99,2.19
US-xML,-80.5248,37.3783,2006,1,15,1.42,-7.25,-7.8,4.21,11.94,0.04
US-xML,-80.5248,37.3783,2006,1,16,9.95,-3.28,-0.34,1.71,5.31,0.03
US-xML,-80.5248,37.3783,2006,1,17,13.06,2.13,7.1,4.05,2.57,14.17
US-xML,-80.5248,37.3783,2006,1,18,12.46,-3.76,-3.63,4.62,7.5,11.12
US-xML,-80.5248,37.3783,2006,1,19,10.38,-4.51,-1.7,2.13,11.4,0
US-xML,-80.5248,37.3783,2006,1,20,13.43,-1.64,2.63,2.15,10.37,0
US-xML,-80.5248,37.3783,2006,1,21,13.06,-2.75,4.27,2.8,3.6,1.17
US-xML,-80.5248,37.3783,2006,1,22,5.34,-3.59,-1.96,2.77,4.53,7.32
US-xML,-80.5248,37.3783,2006,1,23,8.57,-1.17,3.25,2.4,4.5,2.81
US-xML,-80.5248,37.3783,2006,1,24,9.24,-1.7,-0.36,3.15,12.9,1.07
US-xML,-80.5248,37.3783,2006,1,25,1.03,-3.78,-5.58,5.56,7.15,2.25
US-xML,-80.5248,37.3783,2006,1,26,-0.51,-5.9,-7.41,3.92,10.91,0.15
US-xML,-80.5248,37.3783,2006,1,27,8.18,-5.82,-5.34,1.41,12.89,0
US-xML,-80.5248,37.3783,2006,1,28,12.14,-2.07,-1.24,1.86,12.97,0
US-xML,-80.5248,37.3783,2006,1,29,12.98,1.48,5.56,3.7,8.43,2.4
US-xML,-80.5248,37.3783,2006,1,30,12.46,2.41,2.75,1.46,9.03,1.56
US-xML,-80.5248,37.3783,2006,1,31,3.3,-4.55,-2.79,4.38,4.29,1.38
US-xML,-80.5248,37.3783,2006,2,1,8.45,-5.07,-3.22,1.51,13.13,0
US-xML,-80.5248,37.3783,2006,2,2,9.34,-2.85,0.13,2.3,8.21,1.61
US-xML,-80.5248,37.3783,2006,2,3,12.43,4.35,5.01,2.58,12.55,0.22
US-xML,-80.5248,37.3783,2006,2,4,13.51,-2.77,3.13,4.21,2.9,8.83
US-xML,-80.5248,37.3783,2006,2,5,-0.88,-4.65,-6.93,4.55,7.06,0.71
US-xML,-80.5248,37.3783,2006,2,6,3.39,-5.34,-7.17,3.37,14.54,0.04
US-xML,-80.5248,37.3783,2006,2,7,2.99,-5.66,-7.65,2.93,14.85,0
US-xML,-80.5248,37.3783,2006,2,8,0.84,-7.69,-7.03,1.96,9.31,0.06
US-xML,-80.5248,37.3783,2006,2,9,-0.9,-9.02,-9.29,2.41,14.68,0.06
US-xML,-80.5248,37.3783,2006,2,10,5.18,-9.28,-6.62,1.99,13.26,0.17
US-xML,-80.5248,37.3783,2006,2,11,1.83,-2.32,-1.77,1.48,3.24,8.74
US-xML,-80.5248,37.3783,2006,2,12,-1.17,-8.29,-6.37,3.83,7.38,1.7
US-xML,-80.5248,37.3783,2006,2,13,-1.76,-9.27,-8.76,2.83,10.46,0.27
US-xML,-80.5248,37.3783,2006,2,14,7.22,-7.85,-4.58,2.7,15.66,0
US-xML,-80.5248,37.3783,2006,2,15,11.25,-2.79,0.37,2.17,14.88,0.04
US-xML,-80.5248,37.3783,2006,2,16,15.6,-0.84,4.68,2.55,15.44,0
US-xML,-80.5248,37.3783,2006,2,17,7.03,-3.36,-0.66,3.63,10.92,0.55
US-xML,-80.5248,37.3783,2006,2,18,-2.94,-10.89,-9.24,3.94,6.41,1.71
US-xML,-80.5248,37.3783,2006,2,19,0.18,-13.96,-12.96,1.7,16.68,0.63
US-xML,-80.5248,37.3783,2006,2,20,1.93,-6.32,-5.79,1.83,8.11,1.66
US-xML,-80.5248,37.3783,2006,2,21,5.19,-5.08,-4.42,2.5,15.21,0.03
US-xML,-80.5248,37.3783,2006,2,22,4.54,-1.12,0.42,1.34,5.22,5.79
US-xML,-80.5248,37.3783,2006,2,23,6.48,-2.24,-1.32,3.02,15.07,0.76
US-xML,-80.5248,37.3783,2006,2,24,5.74,-3.52,-6.08,3.14,18.54,0
US-xML,-80.5248,37.3783,2006,2,25,12.28,-2.85,-0.94,3.11,12.49,0
US-xML,-80.5248,37.3783,2006,2,26,-1.05,-6.41,-11.73,4.31,19.06,0.01
US-xML,-80.5248,37.3783,2006,2,27,4.28,-7.05,-7.62,3.29,14.74,0.08
US-xML,-80.5248,37.3783,2006,2,28,9.76,0.46,2.01,3.04,17.27,0.01
US-xML,-80.5248,37.3783,2006,3,1,12.6,2.15,6.06,2.18,9.63,0.02
US-xML,-80.5248,37.3783,2006,3,2,18.13,1.64,7.86,4.15,9.3,0.07
US-xML,-80.5248,37.3783,2006,3,3,3.86,-5.09,-6.02,3.94,10.39,0
US-xML,-80.5248,37.3783,2006,3,4,5.04,-6.35,-7.7,3.38,20.64,0
US-xML,-80.5248,37.3783,2006,3,5,8.92,-5.04,-5.42,2.01,19.85,0.32
US-xML,-80.5248,37.3783,2006,3,6,6.62,-0.26,0.25,1.65,3.51,4.25
US-xML,-80.5248,37.3783,2006,3,7,7.3,-3.82,-4.99,2.52,20.52,0.14
US-xML,-80.5248,37.3783,2006,3,8,13.83,-1.6,-0.71,1.64,12.18,0.09
US-xML,-80.5248,37.3783,2006,3,9,18.18,2.61,5.39,3.34,12.09,0.08
US-xML,-80.5248,37.3783,2006,3,10,18.18,5.65,8.05,3.69,19.4,0.79
US-xML,-80.5248,37.3783,2006,3,11,20.43,4.29,7.85,2.06,17.14,0.05
US-xML,-80.5248,37.3783,2006,3,12,21.66,11.06,13.64,2.18,11.62,1.18
US-xML,-80.5248,37.3783,2006,3,13,21.84,10.5,12.8,2.89,14.75,1.44
US-xML,-80.5248,37.3783,2006,3,14,14.67,1.84,-0.22,5.22,21.93,7.2
US-xML,-80.5248,37.3783,2006,3,15,8.18,-2.16,-4.9,4.72,20.89,0.01
US-xML,-80.5248,37.3783,2006,3,16,13.97,-0.56,-2.29,1.8,20.7,0.16
US-xML,-80.5248,37.3783,2006,3,17,8.86,-1.78,2.02,2.81,9.53,0.3
US-xML,-80.5248,37.3783,2006,3,18,6.35,-5.72,-7.46,3.3,22.32,0
US-xML,-80.5248,37.3783,2006,3,19,7.16,-6.12,-7.12,2.61,21.4,0
US-xML,-80.5248,37.3783,2006,3,20,5.78,-3.5,-4.54,1.11,7.48,0.5
US-xML,-80.5248,37.3783,2006,3,21,6.07,-1.97,0.14,2.49,3.91,5.09
US-xML,-80.5248,37.3783,2006,3,22,4.42,-5.58,-6.75,3.32,19.66,0.17
US-xML,-80.5248,37.3783,2006,3,23,7.92,-5.66,-3.71,1.36,19.53,0.22
US-xML,-80.5248,37.3783,2006,3,24,4.67,-1.34,-1.24,1.49,11.2,2.19
US-xML,-80.5248,37.3783,2006,3,25,2.68,-2.68,-1.76,2.21,9.62,2.57
US-xML,-80.5248,37.3783,2006,3,26,5.02,-3.01,-2.79,2.78,9.09,0.84
US-xML,-80.5248,37.3783,2006,3,27,11.82,-2.88,-2.75,1.42,23.54,0
US-xML,-80.5248,37.3783,2006,3,28,14.17,-0.03,3.74,2.13,10.76,3.85
US-xML,-80.5248,37.3783,2006,3,29,15.61,2.1,3.21,1.6,15.69,0.17
US-xML,-80.5248,37.3783,2006,3,30,18.92,0.5,5.18,2.16,23.26,0
US-xML,-80.5248,37.3783,2006,3,31,21.71,5.6,10.96,2.35,17.57,2.25
US-xML,-80.5248,37.3783,2006,4,1,19.87,6.73,10.63,3.06,20.43,1.48
US-xML,-80.5248,37.3783,2006,4,2,21.85,6.14,7.94,1.42,23.94,5.59
US-xML,-80.5248,37.3783,2006,4,3,20.02,4.04,9.81,3.32,13.86,4.49
US-xML,-80.5248,37.3783,2006,4,4,11.84,0.43,-2.24,4.31,26.27,0.52
US-xML,-80.5248,37.3783,2006,4,5,11.83,2.25,-0.23,4.22,25.64,0
US-xML,-80.5248,37.3783,2006,4,6,15.66,-0.05,2.78,1.63,16.9,2.08
US-xML,-80.5248,37.3783,2006,4,7,24,9.22,11.21,2.78,19.56,17.92
US-xML,-80.5248,37.3783,2006,4,8,13.54,0.34,6.62,2.54,7.18,8.46
US-xML,-80.5248,37.3783,2006,4,9,13.08,-3.7,-2.58,2.05,26.97,0
US-xML,-80.5248,37.3783,2006,4,10,18.85,-0.47,0.41,1.36,26.16,0
US-xML,-80.5248,37.3783,2006,4,11,22.35,2.27,5.56,1.68,25.61,0
US-xML,-80.5248,37.3783,2006,4,12,20.01,6.67,7.76,2.06,17.95,0.44
US-xML,-80.5248,37.3783,2006,4,13,23.33,10.74,11.17,2.29,21.96,0.78
US-xML,-80.5248,37.3783,2006,4,14,22.39,8.95,13.04,2.52,15.94,9.75
US-xML,-80.5248,37.3783,2006,4,15,24.64,14.1,14.87,3.01,18.31,0.43
US-xML,-80.5248,37.3783,2006,4,16,25.06,13.84,15.37,1.77,13.39,3.66
US-xML,-80.5248,37.3783,2006,4,17,19.47,6.53,12.88,1.71,5.81,13.25
US-xML,-80.5248,37.3783,2006,4,18,20.89,4.36,4.29,0.94,26.15,0.01
US-xML,-80.5248,37.3783,2006,4,19,21.48,5.58,6.79,1.36,21.51,0.04
US-xML,-80.5248,37.3783,2006,4,20,25.54,10.76,11.1,1.04,23.52,0.28
US-xML,-80.5248,37.3783,2006,4,21,20.91,12.56,14.04,1.53,8.41,9.56
US-xML,-80.5248,37.3783,2006,4,22,17.74,8.87,12.33,1.92,11.16,11.16
US-xML,-80.5248,37.3783,2006,4,23,20.97,7.99,10.07,2.61,22.08,0.75
US-xML,-80.5248,37.3783,2006,4,24,22,10.06,10.49,2.24,23.29,0.02
US-xML,-80.5248,37.3783,2006,4,25,23.36,8.51,11.7,1.91,20.87,7.51
US-xML,-80.5248,37.3783,2006,4,26,12.35,7.76,8.49,1.21,3.68,5.12
US-xML,-80.5248,37.3783,2006,4,27,17.37,4.51,3.2,1.83,22.52,0.43
US-xML,-80.5248,37.3783,2006,4,28,18.91,3.43,4.79,1.84,23.8,0.26
US-xML,-80.5248,37.3783,2006,4,29,16.95,3.21,2.31,1.91,26.85,0
US-xML,-80.5248,37.3783,2006,4,30,16.61,5.09,2.09,2.15,19.4,0
US-xML,-80.5248,37.3783,2006,5,1,20.11,4.64,1.44,1.42,24.06,0.01
US-xML,-80.5248,37.3783,2006,5,2,20.33,4.22,8.63,1.84,18.76,1.36
US-xML,-80.5248,37.3783,2006,5,3,18.23,8.59,9.83,2.79,12.13,0.17
US-xML,-80.5248,37.3783,2006,5,4,24.9,7.38,10.39,1.62,26.04,0.95
US-xML,-80.5248,37.3783,2006,5,5,20.75,10.51,13.18,1.44,10.89,4.41
US-xML,-80.5248,37.3783,2006,5,6,18.89,8.48,7.55,2.35,25.69,0
US-xML,-80.5248,37.3783,2006,5,7,9.96,5.6,5.86,1.79,4.37,11.88
US-xML,-80.5248,37.3783,2006,5,8,14.69,5.05,6.23,1.34,6.93,0.34
US-xML,-80.5248,37.3783,2006,5,9,20.06,7.02,7.42,1.11,14.7,0.04
US-xML,-80.5248,37.3783,2006,5,10,21.72,7.91,12.33,1.69,18.53,0.17
US-xML,-80.5248,37.3783,2006,5,11,21.17,5.03,10.69,2.89,8.05,7.51
US-xML,-80.5248,37.3783,2006,5,12,17.14,4.65,4.88,1.85,16.44,0.16
US-xML,-80.5248,37.3783,2006,5,13,19.12,5.51,6.48,1.69,22.01,0.99
US-xML,-80.5248,37.3783,2006,5,14,16.34,6.32,8.03,1.65,16.42,7.25
US-xML,-80.5248,37.3783,2006,5,15,14.84,5.61,5.11,1.49,14.4,1.07
US-xML,-80.5248,37.3783,2006,5,16,16.79,4.61,6.09,2.03,14.52,0.16
US-xML,-80.5248,37.3783,2006,5,17,18.28,6.22,8.02,1.84,18.02,0.91
US-xML,-80.5248,37.3783,2006,5,18,17.44,6.87,6.89,2.72,19.94,1.83
US-xML,-80.5248,37.3783,2006,5,19,17.82,5.06,4.59,3.06,18.15,0.08
US-xML,-80.5248,37.3783,2006,5,20,19.8,7.08,6.18,2.43,27.03,0.48
US-xML,-80.5248,37.3783,2006,5,21,22.25,4.53,6.54,2.83,28.44,0.01
US-xML,-80.5248,37.3783,2006,5,22,19.43,5.43,2.56,2.12,30.64,0
US-xML,-80.5248,37.3783,2006,5,23,19.27,2.15,0.85,1.95,30.6,0
US-xML,-80.5248,37.3783,2006,5,24,24.07,6.26,3.73,1.59,29.53,0.01
US-xML,-80.5248,37.3783,2006,5,25,25.84,9.05,13.53,1.88,19.19,3.54
US-xML,-80.5248,37.3783,2006,5,26,24.73,15.03,16.74,2.33,17.31,6.94
US-xML,-80.5248,37.3783,2006,5,27,26.16,14.37,15.22,2.19,21.21,0.17
US-xML,-80.5248,37.3783,2006,5,28,30.18,12.91,12.88,1.18,28.2,0
US-xML,-80.5248,37.3783,2006,5,29,31.88,15.11,13.49,1.16,28.54,0
US-xML,-80.5248,37.3783,2006,5,30,33.54,17.32,14.44,1.17,28.24,0.09
US-xML,-80.5248,37.3783,2006,5,31,31.19,19.08,15.47,1.04,21.48,5.23
US-xML,-80.5248,37.3783,2006,6,1,28.61,16.32,17.08,1.1,20.52,8.81
US-xML,-80.5248,37.3783,2006,6,2,24.95,16.9,17.42,1.32,14.56,5.27
US-xML,-80.5248,37.3783,2006,6,3,21.69,11.92,11.57,2.64,24.72,1.2
US-xML,-80.5248,37.3783,2006,6,4,22.26,9.51,9.71,1.96,23.63,1.37
US-xML,-80.5248,37.3783,2006,6,5,18.47,9.97,9.06,2.36,14.83,2.49
US-xML,-80.5248,37.3783,2006,6,6,23.26,10.12,9.94,1.81,23.82,0.03
US-xML,-80.5248,37.3783,2006,6,7,25.62,11.07,9.97,1.97,24.47,0.4
US-xML,-80.5248,37.3783,2006,6,8,23.1,12.7,13.85,1.82,10.48,8.33
US-xML,-80.5248,37.3783,2006,6,9,24.64,12.4,11.56,2.4,22.34,0.03
US-xML,-80.5248,37.3783,2006,6,10,21.7,10.21,10.69,1.9,15.83,1.55
US-xML,-80.5248,37.3783,2006,6,11,26.19,11.47,15.05,1.38,17.38,13.16
US-xML,-80.5248,37.3783,2006,6,12,22.4,10.28,12.7,1.9,16.42,6.16
US-xML,-80.5248,37.3783,2006,6,13,27.1,7.85,10.52,0.96,18.5,0.01
US-xML,-80.5248,37.3783,2006,6,14,25.13,13.08,13.03,1.74,20.12,0.09
US-xML,-80.5248,37.3783,2006,6,15,24.96,10.02,9.64,1.88,30.37,0
US-xML,-80.5248,37.3783,2006,6,16,28.54,14.09,7.58,0.75,31.44,0
US-xML,-80.5248,37.3783,2006,6,17,31.45,12.24,12.87,1.39,26.69,0
US-xML,-80.5248,37.3783,2006,6,18,31.09,14.96,13.48,1.47,25.97,0
US-xML,-80.5248,37.3783,2006,6,19,26.79,14.87,14.73,1.83,13.69,2.48
US-xML,-80.5248,37.3783,2006,6,20,28.77,16.32,15.12,2.12,24.42,1.3
US-xML,-80.5248,37.3783,2006,6,21,29.81,14.86,15.05,1.6,21.33,0.32
US-xML,-80.5248,37.3783,2006,6,22,30.39,16.92,16.38,1.63,27.86,2.76
US-xML,-80.5248,37.3783,2006,6,23,26.3,17.36,18.11,1.21,18.99,9.18
US-xML,-80.5248,37.3783,2006,6,24,28.25,17.64,18.01,0.63,15.59,8.32
US-xML,-80.5248,37.3783,2006,6,25,25.5,18.75,19.68,1.31,15.01,28.18
US-xML,-80.5248,37.3783,2006,6,26,25.4,18.41,19.31,2.04,15.91,32.55
US-xML,-80.5248,37.3783,2006,6,27,22.47,17.36,18.63,1.58,10.54,39.96
US-xML,-80.5248,37.3783,2006,6,28,24.99,13.45,15.81,1.42,26.02,0.96
US-xML,-80.5248,37.3783,2006,6,29,24.42,13.14,14.74,1.64,24.98,0.88
US-xML,-80.5248,37.3783,2006,6,30,23.38,11.25,11.73,1.12,27.26,0
US-xML,-80.5248,37.3783,2006,7,1,26.04,12.76,14.38,1.41,25.59,0
US-xML,-80.5248,37.3783,2006,7,2,28.04,15.76,17.56,1.77,26.78,0.1
US-xML,-80.5248,37.3783,2006,7,3,28.15,16.92,17.9,1.71,23.14,0.67
US-xML,-80.5248,37.3783,2006,7,4,28.55,17.15,19.05,1.62,21.94,6.72
US-xML,-80.5248,37.3783,2006,7,5,23.39,18.24,19.44,1.29,8.84,18.82
US-xML,-80.5248,37.3783,2006,7,6,22.33,11.21,12.54,1.89,25.7,3.22
US-xML,-80.5248,37.3783,2006,7,7,22.76,9.69,10.94,1.08,22.38,0
US-xML,-80.5248,37.3783,2006,7,8,24,13.14,11.13,1,23.32,0
US-xML,-80.5248,37.3783,2006,7,9,23.42,13.37,13.83,1.39,17.91,0.18
US-xML,-80.5248,37.3783,2006,7,10,27.63,14.71,16.44,1.44,22.89,0.12
US-xML,-80.5248,37.3783,2006,7,11,25.65,15.76,17.83,1.08,18.02,1.61
US-xML,-80.5248,37.3783,2006,7,12,28.26,17.4,18.89,1.53,19.58,4.72
US-xML,-80.5248,37.3783,2006,7,13,27.13,18.68,19.68,1.45,14.77,13.99
US-xML,-80.5248,37.3783,2006,7,14,26.01,19.81,20.8,1.3,18.1,7.03
US-xML,-80.5248,37.3783,2006,7,15,27.61,18.16,19.62,1.9,19.43,1.05
US-xML,-80.5248,37.3783,2006,7,16,28.28,16.9,17,1.64,29.06,0
US-xML,-80.5248,37.3783,2006,7,17,32.75,16.91,15.33,1.22,28.96,0.01
US-xML,-80.5248,37.3783,2006,7,18,34.45,16.76,16.12,1.17,27.98,1.2
US-xML,-80.5248,37.3783,2006,7,19,31.7,19.1,17.7,0.83,24.06,2.6
US-xML,-80.5248,37.3783,2006,7,20,30.87,16.02,17.08,1.29,24.22,0.24
US-xML,-80.5248,37.3783,2006,7,21,28.51,18.72,19.56,1.51,20.6,8.21
US-xML,-80.5248,37.3783,2006,7,22,27.53,17.18,18.98,1.98,18.07,2.16
US-xML,-80.5248,37.3783,2006,7,23,26.67,15.64,13.91,1.52,24.07,0.23
US-xML,-80.5248,37.3783,2006,7,24,28.51,14.16,13.27,1.24,24.27,0.1
US-xML,-80.5248,37.3783,2006,7,25,29.51,17.48,17.09,0.7,13.56,7.28
US-xML,-80.5248,37.3783,2006,7,26,29.73,15.74,15.86,1.49,24.27,0.3
US-xML,-80.5248,37.3783,2006,7,27,30.58,18.03,17.39,1.75,22.63,0.53
US-xML,-80.5248,37.3783,2006,7,28,30.5,19.24,17.6,2.02,17.1,1.54
US-xML,-80.5248,37.3783,2006,7,29,28.4,18.36,18.01,1.48,10.97,0.57
US-xML,-80.5248,37.3783,2006,7,30,31.16,17.43,17.98,1.62,24.1,0.12
US-xML,-80.5248,37.3783,2006,7,31,33.3,18.9,17.42,1.09,24.21,0
US-xML,-80.5248,37.3783,2006,8,1,34.9,19.37,16.76,1.09,25.03,0.07
US-xML,-80.5248,37.3783,2006,8,2,34.3,19.81,18.27,1.49,24.08,0
US-xML,-80.5248,37.3783,2006,8,3,33.9,20.72,18.75,1.66,21.43,0.29
US-xML,-80.5248,37.3783,2006,8,4,31.57,20.07,17.91,1.92,20.51,0.06
US-xML,-80.5248,37.3783,2006,8,5,31.19,16.63,15.08,1.25,21.22,0
US-xML,-80.5248,37.3783,2006,8,6,31.42,17.24,17.71,1.48,17.77,1.54
US-xML,-80.5248,37.3783,2006,8,7,27.76,20.51,20.18,1.7,12.37,10.65
US-xML,-80.5248,37.3783,2006,8,8,28.27,19.38,19.41,1.56,16.36,7.34
US-xML,-80.5248,37.3783,2006,8,9,30.49,15.69,15.04,0.97,17.66,0.24
US-xML,-80.5248,37.3783,2006,8,10,28.75,19.68,19.3,1.64,18.79,7.56
US-xML,-80.5248,37.3783,2006,8,11,24.29,16.7,17.03,0.96,5.58,14
US-xML,-80.5248,37.3783,2006,8,12,22.56,15.29,14.04,1.21,11.04,4.64
US-xML,-80.5248,37.3783,2006,8,13,27.89,13.54,13.24,0.9,24.21,0.03
US-xML,-80.5248,37.3783,2006,8,14,28.89,15.03,16.53,1.64,18.49,0.56
US-xML,-80.5248,37.3783,2006,8,15,25.92,17.58,16.91,1.34,12.74,1.94
US-xML,-80.5248,37.3783,2006,8,16,30.59,14.87,11.66,1.37,25.19,0
US-xML,-80.5248,37.3783,2006,8,17,28.37,14.37,11.72,1.55,25.96,0
US-xML,-80.5248,37.3783,2006,8,18,29.24,14.31,11.44,1.39,25.77,0
US-xML,-80.5248,37.3783,2006,8,19,31.03,15.94,16.62,1.37,18.55,10.92
US-xML,-80.5248,37.3783,2006,8,20,26.93,18.28,20.06,1.64,13.52,3.33
US-xML,-80.5248,37.3783,2006,8,21,28.35,14.11,11.54,1.35,24.43,0
US-xML,-80.5248,37.3783,2006,8,22,29.93,14.1,10.01,1.41,21.97,0.22
US-xML,-80.5248,37.3783,2006,8,23,30.4,11.95,9.09,1.25,25.08,0.02
US-xML,-80.5248,37.3783,2006,8,24,31.72,14.09,9.58,1.09,23.88,0.08
US-xML,-80.5248,37.3783,2006,8,25,32.76,14.99,14.25,1.2,22.07,0.07
US-xML,-80.5248,37.3783,2006,8,26,32.76,16.21,13.95,1.1,20.56,0.41
US-xML,-80.5248,37.3783,2006,8,27,32.42,15.42,14.18,1.4,18.32,1.89
US-xML,-80.5248,37.3783,2006,8,28,30.67,17.8,18.21,1.24,17.91,2
US-xML,-80.5248,37.3783,2006,8,29,29.94,19.56,19.08,1.68,15.65,3.37
US-xML,-80.5248,37.3783,2006,8,30,28.07,18.41,19.49,0.93,11.34,12.95
US-xML,-80.5248,37.3783,2006,8,31,21.23,16.22,17.4,2.29,4.12,15.73
US-xML,-80.5248,37.3783,2006,9,1,21.95,11.9,13.61,2.25,5.88,5.62
US-xML,-80.5248,37.3783,2006,9,2,24.65,11,11.72,2.02,16.5,0.16
US-xML,-80.5248,37.3783,2006,9,3,25.23,11.84,12.39,1.44,18,0.45
US-xML,-80.5248,37.3783,2006,9,4,20.28,11.59,14.31,1.05,7.15,19.99
US-xML,-80.5248,37.3783,2006,9,5,23.6,13.97,14.03,1.27,7.49,7.06
US-xML,-80.5248,37.3783,2006,9,6,23.76,12.87,13.28,1.46,17.45,1.1
US-xML,-80.5248,37.3783,2006,9,7,24.64,11.92,12.71,1.08,16.91,0.4
US-xML,-80.5248,37.3783,2006,9,8,26.39,12.24,12.32,1.4,18.4,0.38
US-xML,-80.5248,37.3783,2006,9,9,26.33,12.17,10.55,1.57,19.14,0.28
US-xML,-80.5248,37.3783,2006,9,10,26.96,12.42,11.24,1.22,16.72,0.46
US-xML,-80.5248,37.3783,2006,9,11,24.41,12.96,14.62,1.48,12.29,1.27
US-xML,-80.5248,37.3783,2006,9,12,20.68,14.25,13.69,1.9,6.24,1.15
US-xML,-80.5248,37.3783,2006,9,13,18.63,13.08,13.98,1.79,5.44,12.21
US-xML,-80.5248,37.3783,2006,9,14,22.92,10.82,11.02,1.48,18.24,0.34
US-xML,-80.5248,37.3783,2006,9,15,24.15,9.97,11.99,1.75,11.04,0
US-xML,-80.5248,37.3783,2006,9,16,25.45,12.08,12.46,1.35,18.01,0
US-xML,-80.5248,37.3783,2006,9,17,26.9,11.91,11.81,1.37,21.17,0
US-xML,-80.5248,37.3783,2006,9,18,28.26,10.94,11.65,1.52,21.39,0.05
US-xML,-80.5248,37.3783,2006,9,19,23.9,11.33,11.77,1.99,19.23,0.7
US-xML,-80.5248,37.3783,2006,9,20,16.72,4.7,4.89,2.42,13.08,0.01
US-xML,-80.5248,37.3783,2006,9,21,20.07,3.13,4.21,1.44,21.78,0
US-xML,-80.5248,37.3783,2006,9,22,21.65,8.95,11.69,2.25,6.54,3.96
US-xML,-80.5248,37.3783,2006,9,23,26.59,16.03,17.81,2.39,9.73,9.16
US-xML,-80.5248,37.3783,2006,9,24,23.87,11.57,15.76,2.45,7.46,4.54
US-xML,-80.5248,37.3783,2006,9,25,20.25,8.25,8.61,1.84,14.04,0
US-xML,-80.5248,37.3783,2006,9,26,21.5,7.08,6.67,1.28,15.57,0
US-xML,-80.5248,37.3783,2006,9,27,22.79,8.15,7.36,1.36,18.95,0.01
US-xML,-80.5248,37.3783,2006,9,28,20.68,6.56,9.78,2.03,8.1,12.45
US-xML,-80.5248,37.3783,2006,9,29,14.27,5.88,4.66,2.04,14.53,0.94
US-xML,-80.5248,37.3783,2006,9,30,20.1,3.8,6.11,1.98,16.92,9.79
US-xML,-80.5248,37.3783,2006,10,1,20.98,8.47,9.59,1.85,18.82,3.35
US-xML,-80.5248,37.3783,2006,10,2,24.42,7.53,7.07,1.24,20.16,0.01
US-xML,-80.5248,37.3783,2006,10,3,26.79,8.29,8.34,1.67,19.07,0
US-xML,-80.5248,37.3783,2006,10,4,25.79,11.38,13.1,1.65,17.29,0.2
US-xML,-80.5248,37.3783,2006,10,5,24.84,13.71,15.95,1.09,13.98,20.15
US-xML,-80.5248,37.3783,2006,10,6,15.68,6.07,9.18,2.06,3.75,7.07
US-xML,-80.5248,37.3783,2006,10,7,12.55,5.39,7.55,2.11,6.23,8.05
US-xML,-80.5248,37.3783,2006,10,8,19.28,8.67,10.82,1.84,9.72,1.17
US-xML,-80.5248,37.3783,2006,10,9,22.82,8.9,8.71,1.14,17.84,0.04
US-xML,-80.5248,37.3783,2006,10,10,23.59,10.18,8.62,1.1,17.93,0.01
US-xML,-80.5248,37.3783,2006,10,11,19.99,11.12,12.2,1.98,4.7,4.17
US-xML,-80.5248,37.3783,2006,10,12,14.1,-1.05,3,2.85,14.43,1.11
US-xML,-80.5248,37.3783,2006,10,13,10.69,-4.01,-5.82,1.72,18.76,0
US-xML,-80.5248,37.3783,2006,10,14,11.62,-3.65,-4.72,2.2,19.32,0
US-xML,-80.5248,37.3783,2006,10,15,13.43,-3.83,-3.13,1.79,16.42,0
US-xML,-80.5248,37.3783,2006,10,16,12.97,2.24,1.25,1.93,7.54,4.41
US-xML,-80.5248,37.3783,2006,10,17,17.21,6.64,11.46,2.77,2.73,24.32
US-xML,-80.5248,37.3783,2006,10,18,23.23,11.01,12.63,1.2,16.13,0.21
US-xML,-80.5248,37.3783,2006,10,19,20.23,10.73,12.89,1.37,6.15,2.8
US-xML,-80.5248,37.3783,2006,10,20,13.32,0.85,6.24,2.5,7.85,5.26
US-xML,-80.5248,37.3783,2006,10,21,14.95,0.62,1.2,1.18,17.17,0.01
US-xML,-80.5248,37.3783,2006,10,22,16.46,1.09,4.48,2.49,9.94,0.12
US-xML,-80.5248,37.3783,2006,10,23,6.17,-2.23,-4.36,3.21,7.12,0.12
US-xML,-80.5248,37.3783,2006,10,24,4.79,-2.86,-4.83,2.88,7.21,0.04
US-xML,-80.5248,37.3783,2006,10,25,8.59,-2.84,-2.43,2.15,15.44,0.01
US-xML,-80.5248,37.3783,2006,10,26,11.56,-1.49,-0.4,1.17,7.97,0.45
US-xML,-80.5248,37.3783,2006,10,27,13.34,2.86,6.42,2.51,2.06,36.24
US-xML,-80.5248,37.3783,2006,10,28,13.25,2.39,3.21,4.27,7.04,3.61
US-xML,-80.5248,37.3783,2006,10,29,13.5,2.41,2.01,3.35,12.88,0.41
US-xML,-80.5248,37.3783,2006,10,30,19,2.18,6.8,1.66,15.6,0
US-xML,-80.5248,37.3783,2006,10,31,19.07,5.69,7.23,1.71,14.78,0.26
US-xML,-80.5248,37.3783,2006,11,1,18.86,8.11,10.43,1.38,11.87,7.48
US-xML,-80.5248,37.3783,2006,11,2,8.9,-2.3,-2.34,3.28,15.12,2.25
US-xML,-80.5248,37.3783,2006,11,3,3.99,-6.28,-8.25,2.06,15.69,0
US-xML,-80.5248,37.3783,2006,11,4,6.29,-5.2,-8.53,1.32,12.67,0.02
US-xML,-80.5248,37.3783,2006,11,5,12.79,-3.17,-3.83,1.25,13.77,0
US-xML,-80.5248,37.3783,2006,11,6,12.82,-0.57,-2.66,1.7,13.63,0.03
US-xML,-80.5248,37.3783,2006,11,7,8.95,1.95,5.48,2.3,2.16,10.79
US-xML,-80.5248,37.3783,2006,11,8,13.3,6.98,9.27,1.84,4.4,2.4
US-xML,-80.5248,37.3783,2006,11,9,17.92,8.43,8.45,2.25,12.52,0.21
US-xML,-80.5248,37.3783,2006,11,10,21.47,7.42,10.96,1.54,12.83,0
US-xML,-80.5248,37.3783,2006,11,11,20.87,4.77,10.21,2.13,9.36,6.37
US-xML,-80.5248,37.3783,2006,11,12,5.95,1.27,1.02,3.97,4.76,3.89
US-xML,-80.5248,37.3783,2006,11,13,15.81,1.22,5.29,1.75,8.92,0.01
US-xML,-80.5248,37.3783,2006,11,14,12.96,3.2,2.22,1.08,10.96,0
US-xML,-80.5248,37.3783,2006,11,15,12.98,2.17,4.09,2.87,2.92,6.21
US-xML,-80.5248,37.3783,2006,11,16,16.25,4.14,9.47,3.79,10.55,25.83
US-xML,-80.5248,37.3783,2006,11,17,7.94,0.06,0.32,2.56,6.88,0.2
US-xML,-80.5248,37.3783,2006,11,18,10.28,-2.5,-1.77,1.25,11.49,0.01
US-xML,-80.5248,37.3783,2006,11,19,7.24,-2.91,-1.18,1.97,6.32,0.52
US-xML,-80.5248,37.3783,2006,11,20,4.31,-3.55,-2.39,1.92,6.17,0.48
US-xML,-80.5248,37.3783,2006,11,21,7.89,-4.91,-3.33,1.92,12.21,0.21
US-xML,-80.5248,37.3783,2006,11,22,8.43,-0.06,-0.36,2.51,5.52,5.93
US-xML,-80.5248,37.3783,2006,11,23,13.71,-0.23,3.22,2.17,11.21,0.48
US-xML,-80.5248,37.3783,2006,11,24,17.64,-1.13,-0.12,1.19,12.34,0
US-xML,-80.5248,37.3783,2006,11,25,17.92,3.74,0,1.56,12.23,0
US-xML,-80.5248,37.3783,2006,11,26,18.19,3.94,2.68,1.46,11.93,0
US-xML,-80.5248,37.3783,2006,11,27,16.94,3.5,3.09,1.36,10.81,0
US-xML,-80.5248,37.3783,2006,11,28,17.76,4.62,4.69,1.45,8.74,0
US-xML,-80.5248,37.3783,2006,11,29,18.98,7.26,11.31,1.56,4.97,0.08
US-xML,-80.5248,37.3783,2006,11,30,17.46,11.11,13.1,2.32,3.73,1.14
US-xML,-80.5248,37.3783,2006,12,1,19.53,-0.81,8.21,4.51,6.48,2.15
US-xML,-80.5248,37.3783,2006,12,2,4.89,-4.29,-4.66,2.34,10.91,0
US-xML,-80.5248,37.3783,2006,12,3,7.81,-3.45,-2.61,1.48,5.6,0
US-xML,-80.5248,37.3783,2006,12,4,-0.48,-8.26,-10.79,3.14,11.88,0.01
US-xML,-80.5248,37.3783,2006,12,5,3.79,-4.79,-7.63,2.22,11.58,0
US-xML,-80.5248,37.3783,2006,12,6,8.97,-4.51,-3.08,2.04,11.2,0
US-xML,-80.5248,37.3783,2006,12,7,1.66,-9.05,-6.61,3.93,7.5,0.45
US-xML,-80.5248,37.3783,2006,12,8,-2.85,-10.71,-13.15,3.23,11,0.01
US-xML,-80.5248,37.3783,2006,12,9,5.22,-10.81,-10.25,1.85,10.85,0
US-xML,-80.5248,37.3783,2006,12,10,8.93,-5.28,-5.66,1.72,10.72,0
US-xML,-80.5248,37.3783,2006,12,11,11.16,-2.37,-4.82,1.78,10.61,0
US-xML,-80.5248,37.3783,2006,12,12,8.52,-0.39,-1.27,2.25,9.65,0.22
US-xML,-80.5248,37.3783,2006,12,13,12.2,-0.65,4.12,1.86,8.37,2.82
US-xML,-80.5248,37.3783,2006,12,14,12.69,-0.67,2.62,1.65,10.81,0
US-xML,-80.5248,37.3783,2006,12,15,13.01,-0.26,4.46,2.84,8.15,0
US-xML,-80.5248,37.3783,2006,12,16,13.55,-0.93,0.4,1.7,10.08,0
US-xML,-80.5248,37.3783,2006,12,17,16.73,1.35,5.29,1.98,8.77,0.2
US-xML,-80.5248,37.3783,2006,12,18,15.62,4.12,7.21,2.15,9.37,0.08
US-xML,-80.5248,37.3783,2006,12,19,10.64,-2.05,2.39,2.27,7.49,0.16
US-xML,-80.5248,37.3783,2006,12,20,8.71,-4.37,-2.77,1.87,10.19,0
US-xML,-80.5248,37.3783,2006,12,21,12.36,0.09,5.42,1.34,2.97,1.87
US-xML,-80.5248,37.3783,2006,12,22,11.29,7.19,9.14,2.7,1.84,18.38
US-xML,-80.5248,37.3783,2006,12,23,10.76,0.62,4.52,2.38,9.64,0.64
US-xML,-80.5248,37.3783,2006,12,24,8.97,0.94,-0.37,2.49,9.06,0.08
US-xML,-80.5248,37.3783,2006,12,25,5.63,0.82,2.16,2.67,1.64,10.23
US-xML,-80.5248,37.3783,2006,12,26,6.74,-0.42,1.76,3.22,3.56,0.93
US-xML,-80.5248,37.3783,2006,12,27,4.36,-3.64,-4.87,3,10.32,0.06
US-xML,-80.5248,37.3783,2006,12,28,10.68,-3.03,-2.15,1.69,9.85,0
US-xML,-80.5248,37.3783,2006,12,29,11.96,-1.66,0.2,1.63,8.88,0
US-xML,-80.5248,37.3783,2006,12,30,11.74,-1.79,3.64,1.45,9.2,0.01
US-xML,-80.5248,37.3783,2006,12,31,11.59,4.38,7.1,3.28,1.96,9.17
US-xML,-80.5248,37.3783,2007,1,1,11.89,-0.85,5.17,3.25,9.8,8.01
US-xML,-80.5248,37.3783,2007,1,2,7.95,-1.23,-3.22,2.61,10.29,0.15
US-xML,-80.5248,37.3783,2007,1,3,13.34,-3.5,-0.98,1.75,11.57,0
US-xML,-80.5248,37.3783,2007,1,4,15.81,0.09,5.85,1.59,10.17,1.35
US-xML,-80.5248,37.3783,2007,1,5,16.7,10.05,12.92,2.58,3.58,11.04
US-xML,-80.5248,37.3783,2007,1,6,14.1,4.86,8.66,2.9,7.57,0.64
US-xML,-80.5248,37.3783,2007,1,7,9.65,5.14,6.6,2.89,2.86,7.81
US-xML,-80.5248,37.3783,2007,1,8,10.3,-5.82,-1.74,3.71,10.85,8.9
US-xML,-80.5248,37.3783,2007,1,9,2.96,-5.54,-4.38,3.54,4.07,1.13
US-xML,-80.5248,37.3783,2007,1,10,0.31,-5.79,-8.71,3.22,10.59,0.05
US-xML,-80.5248,37.3783,2007,1,11,5.41,-4.99,-5.43,2.28,9.96,0
US-xML,-80.5248,37.3783,2007,1,12,7.54,-0.26,2.67,2.05,3.47,0.91
US-xML,-80.5248,37.3783,2007,1,13,14.84,3.64,7.77,1.84,5.5,0.67
US-xML,-80.5248,37.3783,2007,1,14,15.79,6.77,9.52,1.82,6.88,0.11
US-xML,-80.5248,37.3783,2007,1,15,16.56,7.12,10.2,2.73,4.26,1.78
US-xML,-80.5248,37.3783,2007,1,16,9.87,-5.58,-2.8,4.4,3.93,0.89
US-xML,-80.5248,37.3783,2007,1,17,2.47,-7.87,-10.41,2.06,12.16,0.01
US-xML,-80.5248,37.3783,2007,1,18,1.78,-4.95,-5.11,1.99,3.49,0.18
US-xML,-80.5248,37.3783,2007,1,19,1.39,-4,-4.7,4.77,8.88,0.23
US-xML,-80.5248,37.3783,2007,1,20,0.51,-5.42,-8.32,3.68,12.27,0.02
US-xML,-80.5248,37.3783,2007,1,21,-0.89,-5.08,-4.53,2.35,2.38,12.43
US-xML,-80.5248,37.3783,2007,1,22,1.99,-1.84,-0.23,2.73,4.67,0.67
US-xML,-80.5248,37.3783,2007,1,23,1.69,-6.87,-5.16,2.94,4.98,0.08
US-xML,-80.5248,37.3783,2007,1,24,2.1,-6.93,-4.37,2.52,6.29,0.06
US-xML,-80.5248,37.3783,2007,1,25,-1.96,-8.18,-7.63,4.51,6.57,0.43
US-xML,-80.5248,37.3783,2007,1,26,1.99,-10.78,-8.56,3.24,11.41,0
US-xML,-80.5248,37.3783,2007,1,27,8.51,-3.65,-1.73,3.05,13.27,0.2
US-xML,-80.5248,37.3783,2007,1,28,2.01,-10.52,-7.56,4.36,6.5,1.18
US-xML,-80.5248,37.3783,2007,1,29,-3.04,-12.15,-13.04,3.42,11.79,0.11
US-xML,-80.5248,37.3783,2007,1,30,2.6,-7.95,-7.99,3.58,8.05,0.08
US-xML,-80.5248,37.3783,2007,1,31,-2.6,-11.87,-12.99,2.59,13.93,0.02
US-xML,-80.5248,37.3783,2007,2,1,2.24,-5.9,-4.36,1.36,5.03,0.65
US-xML,-80.5248,37.3783,2007,2,2,3.87,-5.09,-2.65,2.63,3.88,0.98
US-xML,-80.5248,37.3783,2007,2,3,-1.65,-9.93,-11.27,4.28,13.82,0.01
US-xML,-80.5248,37.3783,2007,2,4,-4.89,-9.71,-11.47,3.99,7.78,0.31
US-xML,-80.5248,37.3783,2007,2,5,-9.09,-15.86,-16.63,4.19,14.29,0.08
US-xML,-80.5248,37.3783,2007,2,6,-1.67,-17.85,-12.8,2.72,13.4,7.63
US-xML,-80.5248,37.3783,2007,2,7,-0.97,-10.26,-8.4,4.28,11.24,1.49
US-xML,-80.5248,37.3783,2007,2,8,-5.05,-13.88,-13.17,3.7,14.24,0
US-xML,-80.5248,37.3783,2007,2,9,-3.92,-16.07,-13.75,2.95,14.52,0
US-xML,-80.5248,37.3783,2007,2,10,-2.79,-14.23,-12.75,3.01,14.8,0
US-xML,-80.5248,37.3783,2007,2,11,1.12,-15.54,-11.07,2.11,14.29,0.1
US-xML,-80.5248,37.3783,2007,2,12,7.78,-7.03,-3.27,1.38,7.53,1.61
US-xML,-80.5248,37.3783,2007,2,13,1.77,-2.26,-0.88,2.74,2.37,11.13
US-xML,-80.5248,37.3783,2007,2,14,-0.21,-10.8,-7.81,4.99,8.11,1.06
US-xML,-80.5248,37.3783,2007,2,15,-5.85,-15.38,-13.32,3.62,14.39,0.03
US-xML,-80.5248,37.3783,2007,2,16,-5.37,-15.38,-14.1,3.18,16.42,0.02
US-xML,-80.5248,37.3783,2007,2,17,0.49,-15.22,-8.47,2.19,5.3,1.36
US-xML,-80.5248,37.3783,2007,2,18,-4.2,-10.54,-9.46,4.82,10.48,1
US-xML,-80.5248,37.3783,2007,2,19,4.96,-14.74,-6.55,2.57,13.83,0
US-xML,-80.5248,37.3783,2007,2,20,9.76,-3.49,2.67,3.08,6.01,3.22
US-xML,-80.5248,37.3783,2007,2,21,10.97,1.35,5.06,1.82,7.63,4.32
US-xML,-80.5248,37.3783,2007,2,22,9.39,-1.39,0.62,5.15,16.63,0.01
US-xML,-80.5248,37.3783,2007,2,23,3.44,-5.5,-7.72,4.44,18.58,0
US-xML,-80.5248,37.3783,2007,2,24,9.91,-5.17,-6.13,1.61,16.75,1.62
US-xML,-80.5248,37.3783,2007,2,25,4.17,-0.86,1.22,3.27,5.63,17.92
US-xML,-80.5248,37.3783,2007,2,26,5.5,-1.93,-0.56,2.39,10.15,0.34
US-xML,-80.5248,37.3783,2007,2,27,8.86,-4.1,-2.14,2.32,17.65,0
US-xML,-80.5248,37.3783,2007,2,28,11.82,-4.04,-1.94,1.62,18.36,0
US-xML,-80.5248,37.3783,2007,3,1,11.24,1.04,5.57,4.05,2.9,16.87
US-xML,-80.5248,37.3783,2007,3,2,13.05,0.87,-0.39,4.3,20.21,10.74
US-xML,-80.5248,37.3783,2007,3,3,8.99,-3.04,-2.74,4.02,19.19,0.26
US-xML,-80.5248,37.3783,2007,3,4,-0.99,-5.85,-8.78,4.43,10.84,0.51
US-xML,-80.5248,37.3783,2007,3,5,8.37,-5.09,-3.78,5.12,19.54,0
US-xML,-80.5248,37.3783,2007,3,6,3.28,-6.78,-9.01,3.23,20.42,0
US-xML,-80.5248,37.3783,2007,3,7,13.62,-3.23,-0.6,2.36,15.97,0
US-xML,-80.5248,37.3783,2007,3,8,12.47,-4.6,-3.52,1.51,20.42,0
US-xML,-80.5248,37.3783,2007,3,9,11.58,-3.42,-0.86,2.69,18.99,0
US-xML,-80.5248,37.3783,2007,3,10,16.22,0.08,6.2,2.06,12.21,1.32
US-xML,-80.5248,37.3783,2007,3,11,12.74,-1.91,-0.71,2.47,21.6,0.05
US-xML,-80.5248,37.3783,2007,3,12,14.67,-3.74,-0.96,1.89,15.69,0
US-xML,-80.5248,37.3783,2007,3,13,20.09,0.79,6.34,2.45,14.45,0
US-xML,-80.5248,37.3783,2007,3,14,21.26,9.48,11.88,2.13,12.6,4.92
US-xML,-80.5248,37.3783,2007,3,15,20.39,6.56,9.75,2.21,9.48,13.55
US-xML,-80.5248,37.3783,2007,3,16,6.25,-3.13,0.2,3.02,3.82,33.23
US-xML,-80.5248,37.3783,2007,3,17,-0.32,-5.47,-6.42,4.45,11.97,1.06
US-xML,-80.5248,37.3783,2007,3,18,2.28,-6.22,-7.36,2.6,16.4,0.05
US-xML,-80.5248,37.3783,2007,3,19,10.6,-5.73,-0.56,2.69,14.37,0.33
US-xML,-80.5248,37.3783,2007,3,20,17.58,4.68,8.13,2.2,10.65,1.16
US-xML,-80.5248,37.3783,2007,3,21,12.99,3.06,5.14,2.54,12.03,0.25
US-xML,-80.5248,37.3783,2007,3,22,20.56,6.55,9.49,2.29,18.63,0.02
US-xML,-80.5248,37.3783,2007,3,23,22.02,8.38,11.21,2.26,18.66,0.05
US-xML,-80.5248,37.3783,2007,3,24,22.11,11.09,13.18,2.19,13.84,0.14
US-xML,-80.5248,37.3783,2007,3,25,24.89,11.26,13.84,1.53,16.59,0
US-xML,-80.5248,37.3783,2007,3,26,22.86,10.12,13.09,2.16,16.15,0.15
US-xML,-80.5248,37.3783,2007,3,27,23.12,12.8,14.37,1.74,14.07,0.52
US-xML,-80.5248,37.3783,2007,3,28,24.82,13.68,13.65,0.81,11.67,9.11
US-xML,-80.5248,37.3783,2007,3,29,13.8,3.37,4.46,2.48,11.05,9.74
US-xML,-80.5248,37.3783,2007,3,30,20.61,1.13,5.42,1.68,22.61,1.01
US-xML,-80.5248,37.3783,2007,3,31,19.6,10,12.7,1.4,9.46,5.41
US-xML,-80.5248,37.3783,2007,4,1,19.92,12,13.57,2.31,7.49,3.32
US-xML,-80.5248,37.3783,2007,4,2,20.68,9.72,11.28,2.73,18.31,0.03
US-xML,-80.5248,37.3783,2007,4,3,22.8,10.06,10.39,1.96,21.07,1.64
US-xML,-80.5248,37.3783,2007,4,4,14.87,2.66,5.15,4.29,20.93,0.37
US-xML,-80.5248,37.3783,2007,4,5,4.13,-3.51,-6.4,4.29,18.32,0.13
US-xML,-80.5248,37.3783,2007,4,6,5.87,-3.88,-6.45,3.01,14.63,1.35
US-xML,-80.5248,37.3783,2007,4,7,0.08,-6.36,-9.79,4.05,15.43,0.58
US-xML,-80.5248,37.3783,2007,4,8,3.63,-6.42,-7.83,2.8,22.23,0
US-xML,-80.5248,37.3783,2007,4,9,7.4,-5.05,-4.82,1.69,18.79,0
US-xML,-80.5248,37.3783,2007,4,10,11.6,-2.31,-3.13,1.37,25.77,0.01
US-xML,-80.5248,37.3783,2007,4,11,10,-0.23,4.04,3.23,3.66,18.93
US-xML,-80.5248,37.3783,2007,4,12,14.28,1.22,3.26,3.6,19.53,1.34
US-xML,-80.5248,37.3783,2007,4,13,10.68,-0.47,-1.23,3.5,24.91,0.66
US-xML,-80.5248,37.3783,2007,4,14,10.8,1.3,4.81,2.34,6.75,11.3
US-xML,-80.5248,37.3783,2007,4,15,13.2,0.3,4.5,4.01,5.36,37.31
US-xML,-80.5248,37.3783,2007,4,16,7.95,-0.93,-2.14,6.79,19.97,0.22
US-xML,-80.5248,37.3783,2007,4,17,14.12,1.81,1.93,4.75,26.62,0
US-xML,-80.5248,37.3783,2007,4,18,14.15,3.71,4.71,1.73,19.04,0.02
US-xML,-80.5248,37.3783,2007,4,19,12.06,4.41,6.08,1.4,9.39,7.14
US-xML,-80.5248,37.3783,2007,4,20,18.27,3.82,5.2,1.45,24.5,0.02
US-xML,-80.5248,37.3783,2007,4,21,21.66,4.7,4.75,1.35,28.31,0
US-xML,-80.5248,37.3783,2007,4,22,23.39,8.74,7.53,1.44,28.05,0
US-xML,-80.5248,37.3783,2007,4,23,22.74,6.38,9.95,2.24,26.52,0.26
US-xML,-80.5248,37.3783,2007,4,24,20.6,12.76,14.07,2.1,15.52,0.48
US-xML,-80.5248,37.3783,2007,4,25,24.53,11.67,14.06,1.77,20.39,0.01
US-xML,-80.5248,37.3783,2007,4,26,22.74,12.72,13.4,2.23,16.19,11.01
US-xML,-80.5248,37.3783,2007,4,27,20.47,10.22,11.9,2.33,16.65,5
US-xML,-80.5248,37.3783,2007,4,28,17.4,7.59,7.9,3.13,17.68,1.47
US-xML,-80.5248,37.3783,2007,4,29,19.59,8.68,8.75,2.8,23.72,1.51
US-xML,-80.5248,37.3783,2007,4,30,24.4,7.85,11.38,2.42,28.05,0
US-xML,-80.5248,37.3783,2007,5,1,27.1,11.29,14.42,1.93,26.14,0
US-xML,-80.5248,37.3783,2007,5,2,22.78,14.23,15.58,1.66,14.1,3.32
US-xML,-80.5248,37.3783,2007,5,3,16.34,10.04,12.32,1.85,3.63,17.41
US-xML,-80.5248,37.3783,2007,5,4,13.07,8.84,9.09,1.79,6.68,2.28
US-xML,-80.5248,37.3783,2007,5,5,19.62,8.54,11.79,1.34,5.89,2.76
US-xML,-80.5248,37.3783,2007,5,6,16.32,3.74,3.71,2.23,28.09,0.1
US-xML,-80.5248,37.3783,2007,5,7,18.12,2.49,2.59,1.76,29.83,0
US-xML,-80.5248,37.3783,2007,5,8,20.88,1.42,4.81,1.63,29.13,0
US-xML,-80.5248,37.3783,2007,5,9,23.71,10.07,13.52,1.39,21.53,0.05
US-xML,-80.5248,37.3783,2007,5,10,25.71,12.7,14.99,1.21,25.26,0.63
US-xML,-80.5248,37.3783,2007,5,11,25.58,14.5,15.55,1.42,21.51,0.79
US-xML,-80.5248,37.3783,2007,5,12,24.61,14.8,14.99,1.38,18.75,0.47
US-xML,-80.5248,37.3783,2007,5,13,21.36,7.88,9.4,1.92,26.08,0.01
US-xML,-80.5248,37.3783,2007,5,14,22.85,5.1,7.57,1.57,27.89,0.01
US-xML,-80.5248,37.3783,2007,5,15,24.37,9.65,12.43,2.08,25.38,0
US-xML,-80.5248,37.3783,2007,5,16,21.46,9.57,12.99,2.62,8.98,8.28
US-xML,-80.5248,37.3783,2007,5,17,17.95,7.26,6.78,1.74,24.73,5.08
US-xML,-80.5248,37.3783,2007,5,18,12.54,5.1,5.33,2.43,14.71,1.84
US-xML,-80.5248,37.3783,2007,5,19,17.12,4.4,3.48,2.08,30.08,0
US-xML,-80.5248,37.3783,2007,5,20,21.32,6.4,6.94,2.46,28.78,0
US-xML,-80.5248,37.3783,2007,5,21,24.58,8.95,11.92,1.74,24.81,0.17
US-xML,-80.5248,37.3783,2007,5,22,25.02,11.87,13.8,1.51,22.28,0.99
US-xML,-80.5248,37.3783,2007,5,23,24.7,13.29,14.56,1.34,20.49,5.65
US-xML,-80.5248,37.3783,2007,5,24,24.73,10.67,12.84,1.3,27.44,0.01
US-xML,-80.5248,37.3783,2007,5,25,26.62,10.95,13.08,1.11,24.19,2.5
US-xML,-80.5248,37.3783,2007,5,26,28.19,13.22,13.78,1.23,21.94,0.87
US-xML,-80.5248,37.3783,2007,5,27,27.3,13.18,13.9,1.31,22.27,0.42
US-xML,-80.5248,37.3783,2007,5,28,26.39,14.67,14.67,1.1,19.71,0.67
US-xML,-80.5248,37.3783,2007,5,29,27.65,13.13,13.95,1.27,24.16,0.28
US-xML,-80.5248,37.3783,2007,5,30,29.33,15.71,14.08,1.04,22.61,0.66
US-xML,-80.5248,37.3783,2007,5,31,28.67,15.39,14.91,1.01,17.12,4.95
US-xML,-80.5248,37.3783,2007,6,1,28.13,14.99,15.35,0.98,20.35,2.18
US-xML,-80.5248,37.3783,2007,6,2,24.27,14.74,15.39,1.25,17.6,1.23
US-xML,-80.5248,37.3783,2007,6,3,17.27,13.59,14.27,1.94,6.21,20
US-xML,-80.5248,37.3783,2007,6,4,23.47,12.82,13.92,2.12,23.58,3.71
US-xML,-80.5248,37.3783,2007,6,5,22.25,13.12,13.35,2.23,19.77,6.09
US-xML,-80.5248,37.3783,2007,6,6,22.94,11.6,9.89,1.72,28.18,0.1
US-xML,-80.5248,37.3783,2007,6,7,29.66,10.06,12.67,1.66,28.25,0
US-xML,-80.5248,37.3783,2007,6,8,30.02,16.06,18.15,1.71,24.72,1.17
US-xML,-80.5248,37.3783,2007,6,9,27.15,13.93,15.86,1.96,25.74,0.24
US-xML,-80.5248,37.3783,2007,6,10,26.05,11.15,9.38,1.36,27.27,0
US-xML,-80.5248,37.3783,2007,6,11,27.53,14.25,9.68,1.08,24.85,0.42
US-xML,-80.5248,37.3783,2007,6,12,26.33,11.68,11.56,1.61,25.3,1.02
US-xML,-80.5248,37.3783,2007,6,13,25.33,12.37,13.54,1.53,22.88,1.81
US-xML,-80.5248,37.3783,2007,6,14,24.39,12.72,14,1.21,11.4,6.25
US-xML,-80.5248,37.3783,2007,6,15,23.95,12.49,12.12,1.28,12.88,0.96
US-xML,-80.5248,37.3783,2007,6,16,26.57,11.87,10.92,1.31,23.66,0.02
US-xML,-80.5248,37.3783,2007,6,17,30.16,11.67,11.32,1.63,29.12,0
US-xML,-80.5248,37.3783,2007,6,18,32.23,16.31,14.13,1.24,26.82,0.05
US-xML,-80.5248,37.3783,2007,6,19,29.07,17.74,17.24,1.26,20.25,15.91
US-xML,-80.5248,37.3783,2007,6,20,25.07,12.8,12.47,2.27,29.86,0.69
US-xML,-80.5248,37.3783,2007,6,21,27.28,11.06,8.7,1.72,31.4,0
US-xML,-80.5248,37.3783,2007,6,22,26.32,13.84,12.19,1.84,20.22,0.04
US-xML,-80.5248,37.3783,2007,6,23,26.62,11.78,9.1,1.39,27.74,0
US-xML,-80.5248,37.3783,2007,6,24,28.23,15.2,15.15,1.29,18.03,9.15
US-xML,-80.5248,37.3783,2007,6,25,30.08,18.11,17.15,1.4,20.4,6.75
US-xML,-80.5248,37.3783,2007,6,26,32.03,17.56,15.56,1.05,24.7,0.64
US-xML,-80.5248,37.3783,2007,6,27,32.62,16.85,15.73,1.33,24.5,4.1
US-xML,-80.5248,37.3783,2007,6,28,28.51,18.04,18.32,1.6,20.7,6.86
US-xML,-80.5248,37.3783,2007,6,29,26.87,18.16,18.01,1.73,14.72,2.35
US-xML,-80.5248,37.3783,2007,6,30,26.3,13.66,15.67,1.64,16.76,2.13
US-xML,-80.5248,37.3783,2007,7,1,26.19,11.12,8.04,1.5,27.07,0
US-xML,-80.5248,37.3783,2007,7,2,27.07,11.28,9.39,1.28,25.63,0
US-xML,-80.5248,37.3783,2007,7,3,28.33,12.78,12.67,1.27,21.1,0
US-xML,-80.5248,37.3783,2007,7,4,28.52,16.35,14.99,1.95,22.17,1.87
US-xML,-80.5248,37.3783,2007,7,5,26.52,17.92,17.56,1.83,14.83,4.12
US-xML,-80.5248,37.3783,2007,7,6,29.8,17.49,14.93,1.81,26.85,0.14
US-xML,-80.5248,37.3783,2007,7,7,31.69,17.65,11.11,0.98,27.37,0
US-xML,-80.5248,37.3783,2007,7,8,33.56,16.48,12.02,0.97,27.67,0
US-xML,-80.5248,37.3783,2007,7,9,34.27,17.94,13.82,0.85,24.1,0.77
US-xML,-80.5248,37.3783,2007,7,10,30.13,19.41,17.97,1.24,16.79,11.7
US-xML,-80.5248,37.3783,2007,7,11,25.33,18.2,19.17,1.71,13.11,10.04
US-xML,-80.5248,37.3783,2007,7,12,26.19,14.21,11.46,1.88,27.02,0.01
US-xML,-80.5248,37.3783,2007,7,13,27.15,12.42,10.16,1.53,16.64,0.06
US-xML,-80.5248,37.3783,2007,7,14,28.22,13.86,11.92,1.71,22.94,0
US-xML,-80.5248,37.3783,2007,7,15,30.36,14.4,13.72,1.44,23.56,0.45
US-xML,-80.5248,37.3783,2007,7,16,28.02,16.93,16.26,1.6,18.68,2.78
US-xML,-80.5248,37.3783,2007,7,17,30.56,15.31,16.72,1.3,18.81,8.4
US-xML,-80.5248,37.3783,2007,7,18,29.37,17.9,17.97,1.91,21.65,4.14
US-xML,-80.5248,37.3783,2007,7,19,29.16,18.74,19,2.33,19.17,15.98
US-xML,-80.5248,37.3783,2007,7,20,24.92,14.8,13.84,2.09,27.08,1.56
US-xML,-80.5248,37.3783,2007,7,21,25.18,11.19,9.2,1.52,23.91,0
US-xML,-80.5248,37.3783,2007,7,22,25.68,9.78,8.36,1.53,21.74,0.11
US-xML,-80.5248,37.3783,2007,7,23,26.1,12.16,9.81,1,21.24,1.08
US-xML,-80.5248,37.3783,2007,7,24,21.66,14.48,14.08,1.19,10.34,20.56
US-xML,-80.5248,37.3783,2007,7,25,23.7,14.86,16.13,1.36,9.95,6.37
US-xML,-80.5248,37.3783,2007,7,26,27.3,15.25,16.57,1.28,20.38,8.91
US-xML,-80.5248,37.3783,2007,7,27,24.61,15.62,17.88,1.07,19.42,6.77
US-xML,-80.5248,37.3783,2007,7,28,28,17.22,16.95,1.07,19.66,0.44
US-xML,-80.5248,37.3783,2007,7,29,27.6,16.87,17.24,1.21,20.39,1.8
US-xML,-80.5248,37.3783,2007,7,30,29.01,16.82,17.61,1.11,20.3,0.97
US-xML,-80.5248,37.3783,2007,7,31,29.36,17.29,16.69,1.36,23.04,4.51
US-xML,-80.5248,37.3783,2007,8,1,30.48,16.8,14.81,1.23,25.65,0
US-xML,-80.5248,37.3783,2007,8,2,31.56,17.15,14.13,1.23,24.31,0.25
US-xML,-80.5248,37.3783,2007,8,3,31.85,16.67,14.9,1.35,23.15,0.08
US-xML,-80.5248,37.3783,2007,8,4,32.31,16.63,15.51,1.57,22.95,0.1
US-xML,-80.5248,37.3783,2007,8,5,30.33,19.48,17,1.25,10.46,1.19
US-xML,-80.5248,37.3783,2007,8,6,32.27,18.89,17.96,1.87,15.61,0.04
US-xML,-80.5248,37.3783,2007,8,7,33.57,19.96,18.83,1.28,19.7,2.15
US-xML,-80.5248,37.3783,2007,8,8,34.16,20.51,19.38,1.66,24.11,0.11
US-xML,-80.5248,37.3783,2007,8,9,35.05,20.67,18.62,1.63,24.07,0.4
US-xML,-80.5248,37.3783,2007,8,10,32.46,20.75,18.16,1.86,23.86,0.41
US-xML,-80.5248,37.3783,2007,8,11,31.36,18.42,15.46,1.25,22.84,0.02
US-xML,-80.5248,37.3783,2007,8,12,32.71,17.56,14.34,1.44,23.58,0
US-xML,-80.5248,37.3783,2007,8,13,31.02,17.12,13.4,2,24.05,0.02
US-xML,-80.5248,37.3783,2007,8,14,30.94,13.28,6.16,1.32,24.99,0
US-xML,-80.5248,37.3783,2007,8,15,33.8,15.38,9.15,1.42,23.85,0
US-xML,-80.5248,37.3783,2007,8,16,35.87,18.97,16.02,1.71,19.39,4.46
US-xML,-80.5248,37.3783,2007,8,17,30.79,18.26,16.27,1.95,23.16,1.5
US-xML,-80.5248,37.3783,2007,8,18,29.61,14.29,7.31,1.38,23.59,0
US-xML,-80.5248,37.3783,2007,8,19,33.17,14.46,13.71,1.87,19.71,0.7
US-xML,-80.5248,37.3783,2007,8,20,33.07,19.46,17.15,1.67,19.87,0.39
US-xML,-80.5248,37.3783,2007,8,21,31.75,18.74,18.13,1.78,14.65,5.18
US-xML,-80.5248,37.3783,2007,8,22,28.42,19.2,20.44,1.19,15.83,4.62
US-xML,-80.5248,37.3783,2007,8,23,35.14,19.1,18.32,0.92,20.25,0.11
US-xML,-80.5248,37.3783,2007,8,24,34.47,19.98,18.3,0.91,19.07,1.98
US-xML,-80.5248,37.3783,2007,8,25,33.19,19.74,18.7,1.33,21.78,8.9
US-xML,-80.5248,37.3783,2007,8,26,30.91,18.21,16.77,1.3,16.14,1.25
US-xML,-80.5248,37.3783,2007,8,27,31.25,17.64,16.71,0.91,18.53,0.58
US-xML,-80.5248,37.3783,2007,8,28,33.09,17.2,16.45,1.05,18.56,1.26
US-xML,-80.5248,37.3783,2007,8,29,33.75,18.32,15.1,1.18,21.01,0.88
US-xML,-80.5248,37.3783,2007,8,30,31.16,18.11,16.13,1.37,15.5,3.52
US-xML,-80.5248,37.3783,2007,8,31,30.95,18.27,16.35,1.27,16.77,3.65
US-xML,-80.5248,37.3783,2007,9,1,28.52,16.04,14.26,1.38,17.01,0.36
US-xML,-80.5248,37.3783,2007,9,2,30.21,12.97,11.47,1.13,23.28,0
US-xML,-80.5248,37.3783,2007,9,3,31.09,14.84,11.66,1.66,21.05,0
US-xML,-80.5248,37.3783,2007,9,4,32.92,13.76,8.67,1.02,23.96,0
US-xML,-80.5248,37.3783,2007,9,5,34.66,18.51,10.83,1.02,23.23,0
US-xML,-80.5248,37.3783,2007,9,6,33.8,16.73,12.6,1.58,21.16,0
US-xML,-80.5248,37.3783,2007,9,7,32.53,16.56,13.47,1.53,20.96,0
US-xML,-80.5248,37.3783,2007,9,8,32.79,16.48,12.51,1.24,19.99,0
US-xML,-80.5248,37.3783,2007,9,9,33.02,16.95,13.37,1.37,20.27,0
US-xML,-80.5248,37.3783,2007,9,10,29.67,17.59,17.68,1.3,10.82,5.91
US-xML,-80.5248,37.3783,2007,9,11,23.23,16.29,18.37,1.86,5.8,15.89
US-xML,-80.5248,37.3783,2007,9,12,26.08,10.66,8.32,1.5,24.11,0
US-xML,-80.5248,37.3783,2007,9,13,27.85,9.83,10.27,1.64,17.4,0.02
US-xML,-80.5248,37.3783,2007,9,14,20.36,15.84,17.09,1.35,4.07,22.47
US-xML,-80.5248,37.3783,2007,9,15,18.81,6.51,5.83,2.5,23.4,0.63
US-xML,-80.5248,37.3783,2007,9,16,21.28,4.7,2.87,0.91,22.34,0
US-xML,-80.5248,37.3783,2007,9,17,23.62,5.61,5.85,1.23,22.2,0
US-xML,-80.5248,37.3783,2007,9,18,24.81,7.56,7.96,1.45,22.37,0
US-xML,-80.5248,37.3783,2007,9,19,25.92,8.56,7.51,1.47,22.01,0
US-xML,-80.5248,37.3783,2007,9,20,26.68,10.7,11.05,1.43,20.61,0
US-xML,-80.5248,37.3783,2007,9,21,25.84,13.88,15.35,1.49,10.63,0.26
US-xML,-80.5248,37.3783,2007,9,22,28.41,14.87,15.1,1.42,15.97,0.04
US-xML,-80.5248,37.3783,2007,9,23,30.72,14.86,13.43,1.74,19.15,0
US-xML,-80.5248,37.3783,2007,9,24,31.57,13.33,11.39,1.15,19.46,0
US-xML,-80.5248,37.3783,2007,9,25,31.94,14.74,13.97,1.26,17.89,0
US-xML,-80.5248,37.3783,2007,9,26,30.12,16.21,14.86,1.11,16.01,0.55
US-xML,-80.5248,37.3783,2007,9,27,27.67,16.04,14.92,1.19,14.35,3.76
US-xML,-80.5248,37.3783,2007,9,28,22.42,9.35,8.33,2.43,19.09,0.43
US-xML,-80.5248,37.3783,2007,9,29,24.83,6.82,2.23,1.55,21.07,0
US-xML,-80.5248,37.3783,2007,9,30,24.52,7.63,4.33,1.65,20.88,0
US-xML,-80.5248,37.3783,2007,10,1,24.18,6.79,6.44,1.88,20.22,0
US-xML,-80.5248,37.3783,2007,10,2,24.72,7.89,9.15,1.68,19.74,0
US-xML,-80.5248,37.3783,2007,10,3,28.75,10.62,13.07,1.39,17.57,0.07
US-xML,-80.5248,37.3783,2007,10,4,27.7,15.14,15.36,1.39,12.85,0.13
US-xML,-80.5248,37.3783,2007,10,5,26.86,15.23,15.14,1.4,13.23,0.07
US-xML,-80.5248,37.3783,2007,10,6,28.57,14.53,14.56,1.12,13.64,0.01
US-xML,-80.5248,37.3783,2007,10,7,30.65,13.26,13.26,1.41,18.24,0
US-xML,-80.5248,37.3783,2007,10,8,31.35,16.64,13.87,0.93,15.98,0
US-xML,-80.5248,37.3783,2007,10,9,29.18,15.8,14.4,1.82,13.83,1.8
US-xML,-80.5248,37.3783,2007,10,10,24.44,9.39,6.84,2.24,19.15,0.07
US-xML,-80.5248,37.3783,2007,10,11,13.49,5.93,1.27,2.9,10.41,0.1
US-xML,-80.5248,37.3783,2007,10,12,15.76,4.27,4.24,2.2,5.26,0.31
US-xML,-80.5248,37.3783,2007,10,13,18.58,3.36,2.04,1.85,18.58,0
US-xML,-80.5248,37.3783,2007,10,14,21.66,3.82,3.15,1.85,17.78,0
US-xML,-80.5248,37.3783,2007,10,15,25.56,6.98,6.33,1.39,15.76,0
US-xML,-80.5248,37.3783,2007,10,16,24.51,8.93,7.97,1.32,13.88,0.15
US-xML,-80.5248,37.3783,2007,10,17,26.33,10.33,11.4,1.33,11.48,0.11
US-xML,-80.5248,37.3783,2007,10,18,25.34,13.39,13.84,2.17,8.9,0.43
US-xML,-80.5248,37.3783,2007,10,19,21.96,9.74,14.5,2.01,4.77,5.2
US-xML,-80.5248,37.3783,2007,10,20,19.23,7.47,2.65,2.26,15.96,0.06
US-xML,-80.5248,37.3783,2007,10,21,25.72,7.52,0.19,1.77,17.4,0
US-xML,-80.5248,37.3783,2007,10,22,24.8,7,9.36,2.23,8.1,0.38
US-xML,-80.5248,37.3783,2007,10,23,22.13,15.15,16.28,2.36,5.27,10.67
US-xML,-80.5248,37.3783,2007,10,24,22.67,13,16.78,1.4,1.96,52.7
US-xML,-80.5248,37.3783,2007,10,25,13.05,9.29,9.79,3.02,3,25.76
US-xML,-80.5248,37.3783,2007,10,26,14.52,9.31,11.58,2.06,3.2,22.43
US-xML,-80.5248,37.3783,2007,10,27,15.04,7.71,7.75,2.35,14.01,0.44
US-xML,-80.5248,37.3783,2007,10,28,12.31,-0.2,1.36,2.26,14.06,0.07
US-xML,-80.5248,37.3783,2007,10,29,13.33,-2.14,-2.99,1.05,16.47,0
US-xML,-80.5248,37.3783,2007,10,30,16.93,1.76,-0.44,1.65,16.21,0
US-xML,-80.5248,37.3783,2007,10,31,18.07,-1.1,1.29,1.62,15.53,0
US-xML,-80.5248,37.3783,2007,11,1,12.7,0.67,4.8,1.8,6.6,0.05
US-xML,-80.5248,37.3783,2007,11,2,12.74,-1.83,-1.79,1.84,14.99,0
US-xML,-80.5248,37.3783,2007,11,3,13.03,-3.88,-2.08,2.44,15.64,0
US-xML,-80.5248,37.3783,2007,11,4,12.81,-1.01,-0.57,1.93,13.37,0
US-xML,-80.5248,37.3783,2007,11,5,15.8,-2.28,0.6,2.25,14.12,4.16
US-xML,-80.5248,37.3783,2007,11,6,9.64,0.17,-3.03,3.42,13.32,1.28
US-xML,-80.5248,37.3783,2007,11,7,6.72,-2.85,-4.46,2.44,9.61,0
US-xML,-80.5248,37.3783,2007,11,8,7.36,-1.99,-4.79,1.21,11.88,0
US-xML,-80.5248,37.3783,2007,11,9,10.13,-1.35,1.43,1.52,5.75,1.58
US-xML,-80.5248,37.3783,2007,11,10,7.68,-1.91,0.3,2.22,5.33,0.01
US-xML,-80.5248,37.3783,2007,11,11,9.89,-1.86,-0.31,1.14,11.25,0.28
US-xML,-80.5248,37.3783,2007,11,12,17.76,0.81,6.49,1.93,6.73,0.96
US-xML,-80.5248,37.3783,2007,11,13,12.84,7.34,8.43,1.49,3.77,2.9
US-xML,-80.5248,37.3783,2007,11,14,16.54,7.78,11.87,1.67,4.17,5.21
US-xML,-80.5248,37.3783,2007,11,15,12.78,-0.69,0.02,4.24,6.57,10.31
US-xML,-80.5248,37.3783,2007,11,16,4.19,-3.66,-5.58,2.8,11.15,0.06
US-xML,-80.5248,37.3783,2007,11,17,9.44,-3.88,-2.46,1.62,10.41,0.05
US-xML,-80.5248,37.3783,2007,11,18,14.28,-1.41,2.69,1.71,11.94,0
US-xML,-80.5248,37.3783,2007,11,19,16.14,1.49,5.63,1.14,8.23,0.05
US-xML,-80.5248,37.3783,2007,11,20,18.06,6.82,8.78,1.98,6.9,0
US-xML,-80.5248,37.3783,2007,11,21,18.74,5.33,9.03,1.74,9.58,0.26
US-xML,-80.5248,37.3783,2007,11,22,13.86,-0.09,5.84,3.1,4.29,1.64
US-xML,-80.5248,37.3783,2007,11,23,2.49,-6.36,-6,2.47,8.21,0.04
US-xML,-80.5248,37.3783,2007,11,24,4.74,-6.34,-6.82,1.46,10.05,0.03
US-xML,-80.5248,37.3783,2007,11,25,10.48,-3.35,-0.43,1.56,5.62,0.24
US-xML,-80.5248,37.3783,2007,11,26,12.76,3.33,8.72,2.57,2.27,6.52
US-xML,-80.5248,37.3783,2007,11,27,9.95,-0.97,0.14,3.13,10.01,0.32
US-xML,-80.5248,37.3783,2007,11,28,9.89,-4.59,-3.09,1.93,11.79,0
US-xML,-80.5248,37.3783,2007,11,29,10.1,-3.05,-2.03,2.66,9.07,0
US-xML,-80.5248,37.3783,2007,11,30,9.4,-5.02,-7.41,1.6,12.06,0
US-xML,-80.5248,37.3783,2007,12,1,9.45,-4.14,-6.43,1.67,10.69,0
US-xML,-80.5248,37.3783,2007,12,2,9.37,-1.51,0.79,2.18,2.13,6.58
US-xML,-80.5248,37.3783,2007,12,3,11.05,-4.08,-2.41,4.9,5.54,1.32
US-xML,-80.5248,37.3783,2007,12,4,1.41,-5.11,-7.58,3.05,8.85,0
US-xML,-80.5248,37.3783,2007,12,5,5.65,-4.69,-3.06,2.43,4.45,5.04
US-xML,-80.5248,37.3783,2007,12,6,2.39,-7.12,-9.98,1.68,11.11,0.02
US-xML,-80.5248,37.3783,2007,12,7,5.26,-3.38,-2.75,1.38,3.61,3.02
US-xML,-80.5248,37.3783,2007,12,8,8.29,0.47,4.09,1.49,4.41,2.9
US-xML,-80.5248,37.3783,2007,12,9,17.85,4.49,10.4,1.79,6.3,3.69
US-xML,-80.5248,37.3783,2007,12,10,19.17,11.17,13.07,2.07,4.63,2.17
US-xML,-80.5248,37.3783,2007,12,11,19.59,9.35,12.52,1.58,7.54,0.38
US-xML,-80.5248,37.3783,2007,12,12,17.25,8.01,11.05,1.94,4.81,1.38
US-xML,-80.5248,37.3783,2007,12,13,16.53,6.51,8.24,2.84,1.63,5.48
US-xML,-80.5248,37.3783,2007,12,14,9.22,-1.53,-0.06,2.21,9.77,0.18
US-xML,-80.5248,37.3783,2007,12,15,0.58,-2.21,-2.3,2.76,1.73,14.04
US-xML,-80.5248,37.3783,2007,12,16,1.08,-5.35,-3.11,4.86,4.26,5.33
US-xML,-80.5248,37.3783,2007,12,17,-0.62,-8.43,-8.45,3.53,10.08,0.17
US-xML,-80.5248,37.3783,2007,12,18,3.25,-7.84,-6.36,1.66,9.65,0
US-xML,-80.5248,37.3783,2007,12,19,4.15,-4.11,-1.69,1.84,4.21,0.25
US-xML,-80.5248,37.3783,2007,12,20,7.18,-2.96,-1.26,1.38,9.23,0.65
US-xML,-80.5248,37.3783,2007,12,21,2.73,-2.33,-0.91,2.21,2.6,5.29
US-xML,-80.5248,37.3783,2007,12,22,3.29,-1.68,1.16,2.26,2.94,0.51
US-xML,-80.5248,37.3783,2007,12,23,11.05,-1.36,2.88,4.03,3.23,7.79
US-xML,-80.5248,37.3783,2007,12,24,6,-3.52,-4.81,2.83,10.3,0
US-xML,-80.5248,37.3783,2007,12,25,8.69,-3.35,-3.86,1.27,9.82,0.03
US-xML,-80.5248,37.3783,2007,12,26,8.73,-2.83,-2.86,1.37,7.31,0.24
US-xML,-80.5248,37.3783,2007,12,27,8.01,-3.24,2,1.81,4.55,0.62
US-xML,-80.5248,37.3783,2007,12,28,9.46,1.78,5.2,2.8,2.17,10.78
US-xML,-80.5248,37.3783,2007,12,29,9.59,0.03,3.55,1.89,6.91,6.05
US-xML,-80.5248,37.3783,2007,12,30,3.62,-0.81,1.01,1.78,1.79,4.34
US-xML,-80.5248,37.3783,2007,12,31,7.78,-1.49,-1.31,2.29,11,0.05
US-xML,-80.5248,37.3783,2008,1,1,1.79,-6.88,-5.11,4.15,7.72,0.66
US-xML,-80.5248,37.3783,2008,1,2,-7.03,-10.52,-12.88,5.11,7.69,0.94
US-xML,-80.5248,37.3783,2008,1,3,-4.22,-11,-12.79,2.37,11,0.12
US-xML,-80.5248,37.3783,2008,1,4,4.17,-10.98,-8.65,1.6,11.05,0
US-xML,-80.5248,37.3783,2008,1,5,4.27,-4.45,-2.83,1.55,7.29,2.8
US-xML,-80.5248,37.3783,2008,1,6,12.29,0.79,4.58,2,7.42,2.88
US-xML,-80.5248,37.3783,2008,1,7,16.06,2.9,7.25,1.56,9.48,0.35
US-xML,-80.5248,37.3783,2008,1,8,16.22,5.21,8.62,2.52,9.59,0.2
US-xML,-80.5248,37.3783,2008,1,9,13.01,1.21,3.85,3.24,11.08,2.98
US-xML,-80.5248,37.3783,2008,1,10,8.06,-0.55,2.4,2.76,2.72,8.57
US-xML,-80.5248,37.3783,2008,1,11,10.69,1.41,5.21,3.15,7.81,13.54
US-xML,-80.5248,37.3783,2008,1,12,7.36,-2.25,-1.75,1.27,10.69,0
US-xML,-80.5248,37.3783,2008,1,13,6.66,-3.62,-0.85,1.77,5.78,1.29
US-xML,-80.5248,37.3783,2008,1,14,1.05,-4.59,-5.34,3.48,5.85,1.49
US-xML,-80.5248,37.3783,2008,1,15,-1.93,-5.45,-9.04,3.53,10.16,0.74
US-xML,-80.5248,37.3783,2008,1,16,1.81,-7.48,-6.8,1.43,9.43,0.11
US-xML,-80.5248,37.3783,2008,1,17,-0.13,-4.19,-3.57,2,2.98,12.65
US-xML,-80.5248,37.3783,2008,1,18,1.52,-6.05,-3.14,2.75,11.68,0.25
US-xML,-80.5248,37.3783,2008,1,19,-1.12,-9.01,-6.42,2.23,3.11,0.02
US-xML,-80.5248,37.3783,2008,1,20,-9,-15.37,-15.76,3.78,13.05,0
US-xML,-80.5248,37.3783,2008,1,21,-1.02,-15.18,-13,1.6,12.53,0
US-xML,-80.5248,37.3783,2008,1,22,3.93,-9.16,-3.9,2.41,5.39,1.79
US-xML,-80.5248,37.3783,2008,1,23,2.27,-4.99,-5.26,2.28,8.62,0.18
US-xML,-80.5248,37.3783,2008,1,24,-1.41,-10.86,-8.77,3.41,6.45,0.86
US-xML,-80.5248,37.3783,2008,1,25,0.03,-14.2,-12.04,1.75,13.34,0.01
US-xML,-80.5248,37.3783,2008,1,26,3.61,-6.51,-4.72,1.61,5.16,0
US-xML,-80.5248,37.3783,2008,1,27,3.17,-3.79,-3.74,2.9,10.33,0
US-xML,-80.5248,37.3783,2008,1,28,7.84,-5.97,-2.74,1.76,13.17,0.08
US-xML,-80.5248,37.3783,2008,1,29,6.87,0.8,1.78,2.36,4.94,2.41
US-xML,-80.5248,37.3783,2008,1,30,6.61,-6.61,-8.05,4.49,14.8,1.35
US-xML,-80.5248,37.3783,2008,1,31,4.66,-5.49,-8.34,2.92,8.9,0.55
US-xML,-80.5248,37.3783,2008,2,1,2.48,-3.3,-2.25,3.9,3.67,15.83
US-xML,-80.5248,37.3783,2008,2,2,7.37,-7.23,-2.76,2.23,12.78,0
US-xML,-80.5248,37.3783,2008,2,3,7.31,-2.73,0.38,1.65,9.54,0.51
US-xML,-80.5248,37.3783,2008,2,4,14.31,-1.07,5.33,2.11,6.2,7.27
US-xML,-80.5248,37.3783,2008,2,5,18.21,5.88,10.08,2.32,10.49,0.7
US-xML,-80.5248,37.3783,2008,2,6,16.15,5.55,10.87,3.97,3.93,8.27
US-xML,-80.5248,37.3783,2008,2,7,6.26,-3.78,-2.77,3.48,9.73,0.13
US-xML,-80.5248,37.3783,2008,2,8,7.67,-2.98,-2.76,1.55,14.37,0.01
US-xML,-80.5248,37.3783,2008,2,9,11.22,-1.2,0.31,2.92,12.68,0
US-xML,-80.5248,37.3783,2008,2,10,3.2,-9.79,-7.92,6.81,12.36,0.02
US-xML,-80.5248,37.3783,2008,2,11,1.54,-10.24,-11.66,2.9,12.96,0.26
US-xML,-80.5248,37.3783,2008,2,12,5.63,-4.97,-0.92,3.15,5.76,1.37
US-xML,-80.5248,37.3783,2008,2,13,4.82,-6.37,-2.86,4,3.5,6.6
US-xML,-80.5248,37.3783,2008,2,14,6.41,-8.23,-6.49,2.49,16.47,0.04
US-xML,-80.5248,37.3783,2008,2,15,10.58,-2.61,0.47,2.66,13.18,0
US-xML,-80.5248,37.3783,2008,2,16,11.17,-2.56,0.53,1.49,15.01,0
US-xML,-80.5248,37.3783,2008,2,17,12.37,0.65,5.11,4.61,3.16,3.91
US-xML,-80.5248,37.3783,2008,2,18,11.68,-0.98,2.06,3.63,9.25,1.16
US-xML,-80.5248,37.3783,2008,2,19,2.1,-4.88,-5.8,4.24,9.73,0.08
US-xML,-80.5248,37.3783,2008,2,20,6.75,-5.43,-4.57,3.83,5.23,1.93
US-xML,-80.5248,37.3783,2008,2,21,5.21,-6.88,-6.85,2.11,9.11,0.35
US-xML,-80.5248,37.3783,2008,2,22,6.72,-2.59,1.36,1.84,5.83,1.93
US-xML,-80.5248,37.3783,2008,2,23,6.6,-3.68,0.25,2.62,4,0.31
US-xML,-80.5248,37.3783,2008,2,24,8.1,-4.97,-2.11,1.4,9.36,0.57
US-xML,-80.5248,37.3783,2008,2,25,9.26,-2.58,-1.18,1.68,13.3,0.21
US-xML,-80.5248,37.3783,2008,2,26,11.66,-1.39,3.14,3.24,5.14,5.75
US-xML,-80.5248,37.3783,2008,2,27,-1.8,-7.26,-8.94,4.66,10.4,1.25
US-xML,-80.5248,37.3783,2008,2,28,-1.44,-7.71,-10.77,3.15,14.45,0.22
US-xML,-80.5248,37.3783,2008,2,29,7.88,-7.89,-3.14,3.15,9.7,4.81
US-xML,-80.5248,37.3783,2008,3,1,7.02,-3.99,-2,4.03,19.07,0.29
US-xML,-80.5248,37.3783,2008,3,2,14.5,-4.07,-0.49,1.87,18.66,0
US-xML,-80.5248,37.3783,2008,3,3,16.66,-0.75,4.76,3.22,19.47,0.01
US-xML,-80.5248,37.3783,2008,3,4,15.59,4.63,11.33,4.23,2.5,30.38
US-xML,-80.5248,37.3783,2008,3,5,8.23,-2.61,-1.01,3.34,9.27,0.63
US-xML,-80.5248,37.3783,2008,3,6,14.97,-2.31,0.03,1.08,19.91,0
US-xML,-80.5248,37.3783,2008,3,7,6.8,0.75,3.29,2,3.29,4.93
US-xML,-80.5248,37.3783,2008,3,8,11.62,-5.82,-1.09,4.58,7.69,4.59
US-xML,-80.5248,37.3783,2008,3,9,5.08,-7.05,-8.01,3.27,20.84,0
US-xML,-80.5248,37.3783,2008,3,10,11.8,-2.27,-1.4,1.55,18.12,1.35
US-xML,-80.5248,37.3783,2008,3,11,10.99,-1.36,-0.07,1.75,15.95,0.05
US-xML,-80.5248,37.3783,2008,3,12,11.69,-2.04,-0.81,2.82,21.16,0
US-xML,-80.5248,37.3783,2008,3,13,18.84,-0.41,4.41,2.38,18.92,0
US-xML,-80.5248,37.3783,2008,3,14,15.9,4.02,7.01,2.3,10.86,6.22
US-xML,-80.5248,37.3783,2008,3,15,11.25,1.83,2.85,2.52,11.46,7.78
US-xML,-80.5248,37.3783,2008,3,16,8.65,-2.63,-0.34,3.36,17.88,0.58
US-xML,-80.5248,37.3783,2008,3,17,9.81,-4.79,-3.4,1.8,16.84,0
US-xML,-80.5248,37.3783,2008,3,18,13.15,0.83,3.11,3.01,11.97,0.01
US-xML,-80.5248,37.3783,2008,3,19,16.74,2.43,11.21,4.67,4.42,15.54
US-xML,-80.5248,37.3783,2008,3,20,7.56,-0.08,-2.32,4.83,21.01,0.69
US-xML,-80.5248,37.3783,2008,3,21,13.11,-2.26,-0.34,2.02,20.2,0
US-xML,-80.5248,37.3783,2008,3,22,13.38,0.34,3.55,3.27,18.98,0.12
US-xML,-80.5248,37.3783,2008,3,23,9.15,-4.3,-4.16,1.77,12.03,0.04
US-xML,-80.5248,37.3783,2008,3,24,4.73,-5.69,-5.83,2.1,14.92,0.06
US-xML,-80.5248,37.3783,2008,3,25,10.18,-4.67,-3.97,2.26,23.03,0
US-xML,-80.5248,37.3783,2008,3,26,16.72,2.36,4.46,3,19,0.1
US-xML,-80.5248,37.3783,2008,3,27,19.68,5.38,8.57,2.41,14.26,0.37
US-xML,-80.5248,37.3783,2008,3,28,19.17,5.32,9.38,3.18,9.03,2.61
US-xML,-80.5248,37.3783,2008,3,29,11.14,2.06,0.02,1.9,16.44,1.1
US-xML,-80.5248,37.3783,2008,3,30,4.48,0.32,-0.37,3.1,5.59,5.94
US-xML,-80.5248,37.3783,2008,3,31,11.83,0.61,5.27,2.25,10.92,1.07
US-xML,-80.5248,37.3783,2008,4,1,19.57,6.7,9.65,3.12,16.93,0.45
US-xML,-80.5248,37.3783,2008,4,2,13.56,0.89,-0.78,2.56,23.37,0
US-xML,-80.5248,37.3783,2008,4,3,9.64,1.98,1.36,3.19,4.3,19.18
US-xML,-80.5248,37.3783,2008,4,4,19.83,2.95,9.56,2.23,8.24,5.52
US-xML,-80.5248,37.3783,2008,4,5,14.05,7.35,7.39,1.61,9.5,16.93
US-xML,-80.5248,37.3783,2008,4,6,16.01,3.28,5.82,2.17,9.26,6.76
US-xML,-80.5248,37.3783,2008,4,7,18.16,5.31,6.26,2.02,17.28,0.09
US-xML,-80.5248,37.3783,2008,4,8,18.39,5.86,6.66,1.96,20.51,0.02
US-xML,-80.5248,37.3783,2008,4,9,19.18,5.97,8.56,1.28,16.08,0.01
US-xML,-80.5248,37.3783,2008,4,10,22.74,8.98,11.15,1.96,22.94,0
US-xML,-80.5248,37.3783,2008,4,11,24.04,9,13.89,2.81,19.58,2.55
US-xML,-80.5248,37.3783,2008,4,12,18.74,5.91,8.39,3.33,22.97,0.86
US-xML,-80.5248,37.3783,2008,4,13,9.83,1.22,0.45,2.71,9.97,1.08
US-xML,-80.5248,37.3783,2008,4,14,9.59,0.26,0.06,1.7,6.86,1.22
US-xML,-80.5248,37.3783,2008,4,15,12.59,-1.9,-2.15,2.12,27.6,0
US-xML,-80.5248,37.3783,2008,4,16,18.36,2.7,-2.92,0.99,28.21,0
US-xML,-80.5248,37.3783,2008,4,17,21.97,1.26,4.54,1.79,27.31,0
US-xML,-80.5248,37.3783,2008,4,18,23.79,5.73,7.5,1.94,25.95,0
US-xML,-80.5248,37.3783,2008,4,19,20,7.05,9.63,2.41,9.68,18.17
US-xML,-80.5248,37.3783,2008,4,20,14.96,5.07,6.53,1.07,14.94,3.42
US-xML,-80.5248,37.3783,2008,4,21,15.41,7.72,9.09,2,10.5,1.82
US-xML,-80.5248,37.3783,2008,4,22,18.56,9.21,10.79,2.11,8.88,0.78
US-xML,-80.5248,37.3783,2008,4,23,21.52,9,11.08,1.34,21.08,0.29
US-xML,-80.5248,37.3783,2008,4,24,23.6,10.69,11.69,1.19,21.45,0
US-xML,-80.5248,37.3783,2008,4,25,23.48,11.91,13.53,1.58,16.85,0.94
US-xML,-80.5248,37.3783,2008,4,26,24.78,11.56,14.43,1.75,19.99,5.75
US-xML,-80.5248,37.3783,2008,4,27,19.97,8.1,10.57,1.51,18.74,15.28
US-xML,-80.5248,37.3783,2008,4,28,15.77,5.44,9.7,2.21,8.06,13.36
US-xML,-80.5248,37.3783,2008,4,29,10.51,0.73,0.31,3.03,12.93,1.27
US-xML,-80.5248,37.3783,2008,4,30,15.85,0.16,1.88,1.51,27.75,0
US-xML,-80.5248,37.3783,2008,5,1,19.39,3.5,7.83,1.9,22.35,0
US-xML,-80.5248,37.3783,2008,5,2,23.07,10.82,11.06,2.21,26.75,0
US-xML,-80.5248,37.3783,2008,5,3,22.5,10.5,12.66,2.22,13.38,1.05
US-xML,-80.5248,37.3783,2008,5,4,19.03,6.21,5.92,2.2,27.86,0.09
US-xML,-80.5248,37.3783,2008,5,5,21.11,4.29,6.19,1.3,24.18,0.03
US-xML,-80.5248,37.3783,2008,5,6,21.02,5.8,7.26,1.7,22.07,0
US-xML,-80.5248,37.3783,2008,5,7,23.27,7.58,9.88,2.28,22.9,0.99
US-xML,-80.5248,37.3783,2008,5,8,24.36,13.55,14.04,1.87,11.63,13.88
US-xML,-80.5248,37.3783,2008,5,9,20.74,13.12,13.98,2.55,13.72,10.05
US-xML,-80.5248,37.3783,2008,5,10,18.12,7.48,8.55,2.36,24.31,0.4
US-xML,-80.5248,37.3783,2008,5,11,16.38,7.7,7.87,2.89,7.67,16.97
US-xML,-80.5248,37.3783,2008,5,12,10.29,6.96,6.81,3.51,6.47,4.89
US-xML,-80.5248,37.3783,2008,5,13,20.44,2.84,3.92,1.14,30.24,0.05
US-xML,-80.5248,37.3783,2008,5,14,20.52,5.27,8.79,1.6,14.58,0.12
US-xML,-80.5248,37.3783,2008,5,15,19.43,11.61,13.88,1.38,10.13,8.65
US-xML,-80.5248,37.3783,2008,5,16,17.85,8.2,10.7,2.75,11.94,1.31
US-xML,-80.5248,37.3783,2008,5,17,19.15,5.87,6.96,2.71,27.92,0.68
US-xML,-80.5248,37.3783,2008,5,18,17.34,8.44,10.1,2.78,8.78,6.12
US-xML,-80.5248,37.3783,2008,5,19,17.48,5.48,5.53,2.44,27.13,0.71
US-xML,-80.5248,37.3783,2008,5,20,18.04,7.03,10.24,3,15.04,6.59
US-xML,-80.5248,37.3783,2008,5,21,16.5,6.33,6.37,2.44,20.6,0.13
US-xML,-80.5248,37.3783,2008,5,22,18.62,5.64,6.59,2.4,31.24,0
US-xML,-80.5248,37.3783,2008,5,23,18.18,7.99,8.71,1.76,17.6,1.2
US-xML,-80.5248,37.3783,2008,5,24,19.99,7.36,7.52,1.78,30.39,1.07
US-xML,-80.5248,37.3783,2008,5,25,22.91,7.13,8.13,1.31,30.81,0
US-xML,-80.5248,37.3783,2008,5,26,24.77,10.12,14.68,1.85,23.86,1.75
US-xML,-80.5248,37.3783,2008,5,27,24.17,14.87,16.81,1.64,14.12,1.12
US-xML,-80.5248,37.3783,2008,5,28,19.48,9.97,13.95,1.37,7.25,4.32
US-xML,-80.5248,37.3783,2008,5,29,23.74,7.21,11.21,0.98,28.19,0
US-xML,-80.5248,37.3783,2008,5,30,26.29,11.83,15.88,1.47,26.11,0.01
US-xML,-80.5248,37.3783,2008,5,31,25.98,16.17,17.54,2.43,19.14,0.84
US-xML,-80.5248,37.3783,2008,6,1,24.14,16.02,16.13,1.92,20.04,4.98
US-xML,-80.5248,37.3783,2008,6,2,23.86,13.6,12.64,1.58,28.61,0.01
US-xML,-80.5248,37.3783,2008,6,3,23.81,12.2,15.05,1.93,11.55,13.15
US-xML,-80.5248,37.3783,2008,6,4,27.71,16.14,18.01,2.12,23.53,1.3
US-xML,-80.5248,37.3783,2008,6,5,28.88,15.83,18.02,1.6,26.37,0
US-xML,-80.5248,37.3783,2008,6,6,30.54,18,18.41,1.35,28.12,0.09
US-xML,-80.5248,37.3783,2008,6,7,29.5,18.09,19.33,1.49,26.77,0.07
US-xML,-80.5248,37.3783,2008,6,8,28.9,18.7,19.6,1.63,26.24,0
US-xML,-80.5248,37.3783,2008,6,9,30.58,17.45,18.95,1.62,28.22,0.78
US-xML,-80.5248,37.3783,2008,6,10,30.06,18.22,17.9,1.72,22.64,5.26
US-xML,-80.5248,37.3783,2008,6,11,28.21,16.41,14.68,1.16,25.77,0.2
US-xML,-80.5248,37.3783,2008,6,12,28.73,14.82,16.29,1.49,20.6,0.55
US-xML,-80.5248,37.3783,2008,6,13,29.57,16.95,17.25,1.31,22.09,2.81
US-xML,-80.5248,37.3783,2008,6,14,27.45,15.66,17.02,1.49,15.64,8
US-xML,-80.5248,37.3783,2008,6,15,26.38,16.67,13.74,1.68,28.06,0.29
US-xML,-80.5248,37.3783,2008,6,16,27.78,13.66,12.96,1.85,24.24,6.22
US-xML,-80.5248,37.3783,2008,6,17,21.44,10.77,10.79,2.48,29.55,0.51
US-xML,-80.5248,37.3783,2008,6,18,22.41,9.26,8.13,2.07,25.78,0.26
US-xML,-80.5248,37.3783,2008,6,19,23.74,9.8,9.35,2.04,27.13,0.03
US-xML,-80.5248,37.3783,2008,6,20,25.12,12.37,10.3,1.34,21.57,0.18
US-xML,-80.5248,37.3783,2008,6,21,27.27,14.51,12,1,20.02,2.02
US-xML,-80.5248,37.3783,2008,6,22,25.74,14.24,14.89,1.06,19.68,12.09
US-xML,-80.5248,37.3783,2008,6,23,26.25,12.6,12.16,1.67,27.6,0.15
US-xML,-80.5248,37.3783,2008,6,24,25.96,11.96,11.89,1.81,29.86,0
US-xML,-80.5248,37.3783,2008,6,25,30.1,14.58,10.87,1.24,28.42,0
US-xML,-80.5248,37.3783,2008,6,26,29.66,14.77,14.53,1.9,25.99,2.75
US-xML,-80.5248,37.3783,2008,6,27,27.47,16.42,16.76,1.72,21.01,6.98
US-xML,-80.5248,37.3783,2008,6,28,28.75,16.84,17.9,1.87,21.93,7.31
US-xML,-80.5248,37.3783,2008,6,29,27.4,17.23,18.16,1.85,12.76,5.49
US-xML,-80.5248,37.3783,2008,6,30,23.65,13.29,14.37,1.96,17.62,4.94
US-xML,-80.5248,37.3783,2008,7,1,21.41,12.08,10.28,2.31,19.46,0.24
US-xML,-80.5248,37.3783,2008,7,2,26.65,11.4,8.77,1.59,30.36,0
US-xML,-80.5248,37.3783,2008,7,3,28.31,11.71,10.35,1.77,25.34,0.08
US-xML,-80.5248,37.3783,2008,7,4,26.69,17.24,16.52,1.27,13.36,7.35
US-xML,-80.5248,37.3783,2008,7,5,26.95,16.89,17.31,0.92,13.59,6.62
US-xML,-80.5248,37.3783,2008,7,6,27,15.75,16.72,0.9,15.1,9.08
US-xML,-80.5248,37.3783,2008,7,7,28.09,16.04,15.96,1.08,21.52,3.52
US-xML,-80.5248,37.3783,2008,7,8,28.04,15.35,17.41,1.66,16.27,18.05
US-xML,-80.5248,37.3783,2008,7,9,26.49,17.51,19.08,2.03,15.96,15.18
US-xML,-80.5248,37.3783,2008,7,10,25.7,15.3,15.37,1.4,20.21,0.34
US-xML,-80.5248,37.3783,2008,7,11,28.21,15.15,13.64,1.34,29.03,0
US-xML,-80.5248,37.3783,2008,7,12,30.97,17.84,15.96,0.86,28,0
US-xML,-80.5248,37.3783,2008,7,13,24.73,16.78,18.81,1.33,16.91,16.07
US-xML,-80.5248,37.3783,2008,7,14,25.07,14.4,13.98,1.72,28.43,0.95
US-xML,-80.5248,37.3783,2008,7,15,26.61,12.42,12.8,1.41,26.31,0
US-xML,-80.5248,37.3783,2008,7,16,28.41,13.01,13.08,1.4,27.87,0
US-xML,-80.5248,37.3783,2008,7,17,30.54,15.64,11.52,1.47,29.54,0
US-xML,-80.5248,37.3783,2008,7,18,30.88,16.33,11.64,1.5,29.38,0
US-xML,-80.5248,37.3783,2008,7,19,31.59,14.99,12.27,1.25,24.53,0
US-xML,-80.5248,37.3783,2008,7,20,31.94,15.75,15.05,1.72,25.34,1.66
US-xML,-80.5248,37.3783,2008,7,21,29.28,19.91,18.66,1.82,26.44,0.79
US-xML,-80.5248,37.3783,2008,7,22,29.89,19.66,18.98,1.5,24.53,16.47
US-xML,-80.5248,37.3783,2008,7,23,25.38,15.12,18.14,1.15,13.92,10.56
US-xML,-80.5248,37.3783,2008,7,24,23.66,13.21,10.93,1.69,29.7,0
US-xML,-80.5248,37.3783,2008,7,25,28.63,12.07,11.78,1.47,23.96,0
US-xML,-80.5248,37.3783,2008,7,26,29.79,14.36,15.44,1.22,20.39,0.25
US-xML,-80.5248,37.3783,2008,7,27,29.07,15.92,16.02,1.81,24.52,0.42
US-xML,-80.5248,37.3783,2008,7,28,31.79,14.79,13.99,0.99,23.64,1.75
US-xML,-80.5248,37.3783,2008,7,29,30.99,16.98,17.36,1.19,23.1,1.95
US-xML,-80.5248,37.3783,2008,7,30,30.74,17.92,17.67,1.41,19.31,3.48
US-xML,-80.5248,37.3783,2008,7,31,26.98,17.88,19.15,1.09,12.03,10.03
US-xML,-80.5248,37.3783,2008,8,1,29.12,17.13,17.99,1.79,23.81,2.06
US-xML,-80.5248,37.3783,2008,8,2,28.52,17.05,18.47,1.77,18.06,12.78
US-xML,-80.5248,37.3783,2008,8,3,27.17,13.95,13.46,1.61,27.72,0
US-xML,-80.5248,37.3783,2008,8,4,29.22,14.46,11.71,1.23,27.28,0
US-xML,-80.5248,37.3783,2008,8,5,29.1,16.23,15.8,1.93,17.09,1.99
US-xML,-80.5248,37.3783,2008,8,6,28.64,18.44,17.89,1.96,17.95,2
US-xML,-80.5248,37.3783,2008,8,7,26.79,15.92,15.64,1.62,15.91,3.56
US-xML,-80.5248,37.3783,2008,8,8,25.17,12.97,11.76,2,23.67,0
US-xML,-80.5248,37.3783,2008,8,9,26.38,12.01,10.22,1.17,25.08,0.08
US-xML,-80.5248,37.3783,2008,8,10,26.49,11.33,11.07,1.78,23.53,1.12
US-xML,-80.5248,37.3783,2008,8,11,23.02,9.89,8.56,2.13,21.43,0
US-xML,-80.5248,37.3783,2008,8,12,26.96,10.16,8.37,0.97,25.29,0
US-xML,-80.5248,37.3783,2008,8,13,26.52,12.52,14.19,1.12,18.6,10.7
US-xML,-80.5248,37.3783,2008,8,14,26.97,13.95,12.29,1.46,21.66,1.09
US-xML,-80.5248,37.3783,2008,8,15,23.85,14.78,13.95,1.15,15.53,3.01
US-xML,-80.5248,37.3783,2008,8,16,26.29,11.6,10.64,1.68,23.18,0
US-xML,-80.5248,37.3783,2008,8,17,28.05,12.19,10.4,0.91,21.76,0.02
US-xML,-80.5248,37.3783,2008,8,18,29.26,13.64,12.33,1.26,23.09,0
US-xML,-80.5248,37.3783,2008,8,19,29.95,15.41,10.14,1.63,25.63,0
US-xML,-80.5248,37.3783,2008,8,20,29.67,15.38,13.83,1.6,22.11,0
US-xML,-80.5248,37.3783,2008,8,21,28.94,16,15.33,1.67,16.37,0
US-xML,-80.5248,37.3783,2008,8,22,28.1,12.79,9.33,1.86,25.88,0
US-xML,-80.5248,37.3783,2008,8,23,28.6,13.94,12.51,1.61,17.07,0
US-xML,-80.5248,37.3783,2008,8,24,30.96,13.19,12.57,1.15,20.8,0
US-xML,-80.5248,37.3783,2008,8,25,28.35,16.76,15.5,0.92,14.03,2.05
US-xML,-80.5248,37.3783,2008,8,26,21.08,15.71,16.45,1.92,6.53,17.33
US-xML,-80.5248,37.3783,2008,8,27,23.63,15.39,17.38,3.1,4.31,25.43
US-xML,-80.5248,37.3783,2008,8,28,26.82,14.85,17.33,0.79,6.19,4.22
US-xML,-80.5248,37.3783,2008,8,29,28.52,15.88,14.37,1.01,18.41,0.23
US-xML,-80.5248,37.3783,2008,8,30,29.95,17.13,15.89,1.19,19.83,1.52
US-xML,-80.5248,37.3783,2008,8,31,28.91,16.28,17.39,1.5,15.74,0.42
US-xML,-80.5248,37.3783,2008,9,1,29.27,15.79,15.85,1.2,17.87,0.01
US-xML,-80.5248,37.3783,2008,9,2,30.36,15.02,13.34,1.34,24.04,0
US-xML,-80.5248,37.3783,2008,9,3,32.13,13.97,11.9,1.08,24.43,0
US-xML,-80.5248,37.3783,2008,9,4,31.56,17.29,11.11,1.42,24.64,0
US-xML,-80.5248,37.3783,2008,9,5,28.19,13.59,14.59,1.71,20.92,0.65
US-xML,-80.5248,37.3783,2008,9,6,28.12,16.2,16.8,2.48,14.05,3.99
US-xML,-80.5248,37.3783,2008,9,7,28.38,14.01,13.93,1.43,19.54,0.2
US-xML,-80.5248,37.3783,2008,9,8,31.49,15.16,14.64,1.38,20.16,2.4
US-xML,-80.5248,37.3783,2008,9,9,24.96,16.79,17.95,1.51,7.99,9.69
US-xML,-80.5248,37.3783,2008,9,10,25.26,14.72,15.03,1.25,9.65,2.55
US-xML,-80.5248,37.3783,2008,9,11,26.26,14.2,15.39,1.47,7.69,0.14
US-xML,-80.5248,37.3783,2008,9,12,27.1,16.11,17.46,1.31,14.06,0.23
US-xML,-80.5248,37.3783,2008,9,13,31.45,17.38,17.94,1.44,18.78,0
US-xML,-80.5248,37.3783,2008,9,14,32.12,17.56,17.35,2.29,20.08,0.55
US-xML,-80.5248,37.3783,2008,9,15,24.91,14.57,12.44,2.07,15.73,0.46
US-xML,-80.5248,37.3783,2008,9,16,22.25,12.28,10.86,0.98,7.43,0.73
US-xML,-80.5248,37.3783,2008,9,17,25.44,10.56,9.63,1.34,15.92,0.01
US-xML,-80.5248,37.3783,2008,9,18,26.28,9.35,8.15,1.6,20.47,0
US-xML,-80.5248,37.3783,2008,9,19,23.54,10.94,10.43,1.56,12.35,0.02
US-xML,-80.5248,37.3783,2008,9,20,24.72,9.87,8.17,1.11,19.56,0
US-xML,-80.5248,37.3783,2008,9,21,26.78,11.01,6.91,0.94,18.66,0
US-xML,-80.5248,37.3783,2008,9,22,26.35,9.37,7,1.66,21.14,0
US-xML,-80.5248,37.3783,2008,9,23,24.4,9.99,9.38,1.85,17.8,0
US-xML,-80.5248,37.3783,2008,9,24,22.84,6.51,5.67,2.04,21.36,0
US-xML,-80.5248,37.3783,2008,9,25,19.85,8.33,7.62,2.48,13.16,4.69
US-xML,-80.5248,37.3783,2008,9,26,21.37,10.45,13.83,2.77,6.24,9.6
US-xML,-80.5248,37.3783,2008,9,27,20.18,14.33,15.76,1.38,5.69,11.76
US-xML,-80.5248,37.3783,2008,9,28,22.83,12.58,13.61,1.83,10.57,0.97
US-xML,-80.5248,37.3783,2008,9,29,23.85,11.42,9.26,1.46,18.12,0.07
US-xML,-80.5248,37.3783,2008,9,30,23.42,7.81,8.62,1.73,11.4,0.44
US-xML,-80.5248,37.3783,2008,10,1,15.21,7.6,5.77,2.22,9.18,0.92
US-xML,-80.5248,37.3783,2008,10,2,16.32,4.53,2.15,2.24,18.61,0
US-xML,-80.5248,37.3783,2008,10,3,21.3,3.14,1.76,1.66,20.29,0
US-xML,-80.5248,37.3783,2008,10,4,23.55,8.26,4.07,1.19,19.92,0
US-xML,-80.5248,37.3783,2008,10,5,24.91,7.25,5.94,1.46,18.98,0
US-xML,-80.5248,37.3783,2008,10,6,25.03,8.9,6.69,1.45,18.08,0
US-xML,-80.5248,37.3783,2008,10,7,22.29,7.27,8.16,1.59,15.71,0
US-xML,-80.5248,37.3783,2008,10,8,15.84,11.17,11.62,1.87,4.98,3.63
US-xML,-80.5248,37.3783,2008,10,9,22.57,11.98,13.39,0.82,9.97,0.55
US-xML,-80.5248,37.3783,2008,10,10,24.29,9.89,10.53,1.71,15.15,0.01
US-xML,-80.5248,37.3783,2008,10,11,23.86,7.33,5.91,1.82,18.15,0
US-xML,-80.5248,37.3783,2008,10,12,23.76,6.38,4.96,1.94,18.77,0
US-xML,-80.5248,37.3783,2008,10,13,27.03,8.44,6.45,1.52,17.29,0
US-xML,-80.5248,37.3783,2008,10,14,26.84,8.75,8.49,1.96,17.28,0
US-xML,-80.5248,37.3783,2008,10,15,26.99,12.26,13.35,1.66,13.85,0
US-xML,-80.5248,37.3783,2008,10,16,24.17,12.94,12.69,2,6.62,2.49
US-xML,-80.5248,37.3783,2008,10,17,14.33,5.2,10.11,1.1,3.71,6.62
US-xML,-80.5248,37.3783,2008,10,18,15.16,1.3,-0.19,1.67,8.87,0
US-xML,-80.5248,37.3783,2008,10,19,15.6,-1.1,-4.94,1.15,17.26,0
US-xML,-80.5248,37.3783,2008,10,20,19.08,-0.61,-4.34,1.85,16.99,0
US-xML,-80.5248,37.3783,2008,10,21,14.32,1.28,-1.29,2.61,11.29,0
US-xML,-80.5248,37.3783,2008,10,22,14.42,-1.96,-4.73,1.67,17.37,0
US-xML,-80.5248,37.3783,2008,10,23,12.58,-2.03,-2.27,2.18,16.44,0
US-xML,-80.5248,37.3783,2008,10,24,10.49,3.46,5.63,3.05,3.3,5.03
US-xML,-80.5248,37.3783,2008,10,25,13.73,3.07,8.79,2.31,6.62,8.01
US-xML,-80.5248,37.3783,2008,10,26,17.94,0.69,1.43,1.88,16.1,0.01
US-xML,-80.5248,37.3783,2008,10,27,8.66,0.6,-3.23,3.24,14.49,0.27
US-xML,-80.5248,37.3783,2008,10,28,4.69,0.28,-3.11,4.1,8.06,1.14
US-xML,-80.5248,37.3783,2008,10,29,8.41,-1.9,-6.13,3.75,14.59,0
US-xML,-80.5248,37.3783,2008,10,30,13.36,-4.59,-7.13,1.53,15.27,0
US-xML,-80.5248,37.3783,2008,10,31,20.04,-0.26,-4.19,1.96,14.6,0
US-xML,-80.5248,37.3783,2008,11,1,19.72,2.05,0.86,2.01,15.08,0
US-xML,-80.5248,37.3783,2008,11,2,19.98,4.68,6,1.98,13.79,0
US-xML,-80.5248,37.3783,2008,11,3,18.37,7.16,6.54,1.52,13.82,0.02
US-xML,-80.5248,37.3783,2008,11,4,16.72,6.85,8.55,1.42,8.07,0.22
US-xML,-80.5248,37.3783,2008,11,5,18.92,7.08,7.25,1.61,10.47,0.02
US-xML,-80.5248,37.3783,2008,11,6,21.24,4.58,5.02,2.11,12.97,0
US-xML,-80.5248,37.3783,2008,11,7,22.06,7.21,4.3,1.57,13.71,0.56
US-xML,-80.5248,37.3783,2008,11,8,12.15,1.47,3.38,1.95,9.09,0.42
US-xML,-80.5248,37.3783,2008,11,9,8.4,-2.16,-1.84,1.8,5.15,0
US-xML,-80.5248,37.3783,2008,11,10,9.09,-3.5,-6.07,2.07,13.89,0
US-xML,-80.5248,37.3783,2008,11,11,9.82,-3.22,-5.46,1.03,9.35,0.46
US-xML,-80.5248,37.3783,2008,11,12,8.7,1.69,1.05,1.51,4.34,1.6
US-xML,-80.5248,37.3783,2008,11,13,12.67,3.02,6.07,1.57,3.93,19.92
US-xML,-80.5248,37.3783,2008,11,14,16.12,7.52,10.03,1.21,5.79,0.53
US-xML,-80.5248,37.3783,2008,11,15,16.47,1.12,7.62,3.48,4.65,8.58
US-xML,-80.5248,37.3783,2008,11,16,4.62,-3.38,-4.42,3.53,4.51,0.48
US-xML,-80.5248,37.3783,2008,11,17,3.94,-5.53,-4.45,2.37,4.26,2
US-xML,-80.5248,37.3783,2008,11,18,-1.55,-6.51,-8.7,3.44,6.99,1.53
US-xML,-80.5248,37.3783,2008,11,19,2.92,-6.9,-10.7,1.73,6.62,0
US-xML,-80.5248,37.3783,2008,11,20,3.25,-3.4,-5.5,2.78,6.03,0.77
US-xML,-80.5248,37.3783,2008,11,21,-2.61,-8.33,-10.64,3.8,8.96,1.04
US-xML,-80.5248,37.3783,2008,11,22,-0.23,-10.66,-11.6,1.91,10.18,0
US-xML,-80.5248,37.3783,2008,11,23,6.28,-8.12,-9.11,1.42,12.51,0
US-xML,-80.5248,37.3783,2008,11,24,3.83,-4.87,-1.68,2.36,3.22,10.97
US-xML,-80.5248,37.3783,2008,11,25,2.02,-3.51,-4.57,3.35,6.55,0.83
US-xML,-80.5248,37.3783,2008,11,26,4.59,-4.01,-6.74,2.45,11.91,0
US-xML,-80.5248,37.3783,2008,11,27,9.88,-5.5,-1.59,1.75,11.53,0
US-xML,-80.5248,37.3783,2008,11,28,7.51,-2.61,-2.56,2.1,9.64,0
US-xML,-80.5248,37.3783,2008,11,29,4.34,-1.99,-4.01,1.64,6.01,2.21
US-xML,-80.5248,37.3783,2008,11,30,1.19,-1.48,-0.28,2.06,1.14,10.29
US-xML,-80.5248,37.3783,2008,12,1,3.09,-2.56,-2.09,2.45,6.16,1.87
US-xML,-80.5248,37.3783,2008,12,2,1.6,-6.08,-5.55,1.98,3.79,0.27
US-xML,-80.5248,37.3783,2008,12,3,7.06,-6.04,-5.17,1.6,11.28,0
US-xML,-80.5248,37.3783,2008,12,4,4.51,-3.44,-0.89,1.95,3.33,0.95
US-xML,-80.5248,37.3783,2008,12,5,0.45,-6.91,-10.39,2.14,9.27,0.01
US-xML,-80.5248,37.3783,2008,12,6,-0.6,-8.32,-7.8,1.67,3.47,1.01
US-xML,-80.5248,37.3783,2008,12,7,-3.2,-10.61,-10.81,3.68,8.54,0.42
US-xML,-80.5248,37.3783,2008,12,8,4.55,-10.21,-9,1.6,7.25,0.02
US-xML,-80.5248,37.3783,2008,12,9,9.18,-1.11,1.99,2.81,2.05,2.02
US-xML,-80.5248,37.3783,2008,12,10,14.04,5.06,10.12,2.66,3.01,5.26
US-xML,-80.5248,37.3783,2008,12,11,8.81,2.83,5.5,1.22,1.06,44.58
US-xML,-80.5248,37.3783,2008,12,12,1.24,-4.94,-4.52,3.92,6.04,3.75
US-xML,-80.5248,37.3783,2008,12,13,3.91,-7.46,-7.51,1.81,11,0.03
US-xML,-80.5248,37.3783,2008,12,14,5.1,-4.89,-2.19,2.5,9.21,0.06
US-xML,-80.5248,37.3783,2008,12,15,14.88,1.96,7.67,2.69,4.93,2.72
US-xML,-80.5248,37.3783,2008,12,16,3.61,-0.01,0.15,2.4,1.95,8.66
US-xML,-80.5248,37.3783,2008,12,17,10.59,3.33,5.89,2.09,3.09,4.64
US-xML,-80.5248,37.3783,2008,12,18,10.65,2.95,6,1.25,3.37,0.7
US-xML,-80.5248,37.3783,2008,12,19,16.66,6.18,9.57,3.37,3.11,1.41
US-xML,-80.5248,37.3783,2008,12,20,8.12,3.07,3.21,1.78,3.92,0.82
US-xML,-80.5248,37.3783,2008,12,21,7.88,-10.21,-6.05,4.72,9.66,6.84
US-xML,-80.5248,37.3783,2008,12,22,-5.63,-12.85,-16.11,3.87,10.81,0
US-xML,-80.5248,37.3783,2008,12,23,2.75,-11.46,-10.81,2.26,9.96,0.26
US-xML,-80.5248,37.3783,2008,12,24,8.58,-2.16,4.49,3.93,3.29,6.01
US-xML,-80.5248,37.3783,2008,12,25,6.99,-3.56,-2.53,2.55,10.83,0.01
US-xML,-80.5248,37.3783,2008,12,26,5.11,-3.89,-0.87,1.86,2.42,5.45
US-xML,-80.5248,37.3783,2008,12,27,15.54,1.04,7.01,1.69,8.07,0.82
US-xML,-80.5248,37.3783,2008,12,28,12.2,-1.18,5.37,2.6,2.77,0.48
US-xML,-80.5248,37.3783,2008,12,29,6.58,-2.92,-3.22,2.65,10.59,0
US-xML,-80.5248,37.3783,2008,12,30,9.73,-1.86,-2.32,2.74,11.21,0
US-xML,-80.5248,37.3783,2008,12,31,4.46,-7.64,-7.53,5.62,6.68,0.08
US-xML,-80.5248,37.3783,2009,1,1,3.34,-7.89,-11.91,2.11,10.84,0
US-xML,-80.5248,37.3783,2009,1,2,5.07,-4.94,-2.05,2.24,4.09,0.07
US-xML,-80.5248,37.3783,2009,1,3,9.95,-0.78,1.15,1.4,9.88,0.12
US-xML,-80.5248,37.3783,2009,1,4,12.97,0.2,6.21,1.69,7.85,8.04
US-xML,-80.5248,37.3783,2009,1,5,8.3,1.93,4.08,1.96,3.83,1.83
US-xML,-80.5248,37.3783,2009,1,6,4.64,1.97,2.63,2.03,1.43,25.24
US-xML,-80.5248,37.3783,2009,1,7,9.86,-1.12,2.87,3.48,4.41,21.27
US-xML,-80.5248,37.3783,2009,1,8,0.52,-5.71,-5.89,4.1,7.89,1.11
US-xML,-80.5248,37.3783,2009,1,9,3.93,-6.66,-7.13,2.3,11.15,0
US-xML,-80.5248,37.3783,2009,1,10,10.46,-2.62,1.69,2.48,4.47,11.56
US-xML,-80.5248,37.3783,2009,1,11,3.8,-4.45,-3.39,3.1,4.37,1.34
US-xML,-80.5248,37.3783,2009,1,12,1.73,-4.76,-5.74,1.99,7.26,0.01
US-xML,-80.5248,37.3783,2009,1,13,6.25,-6.1,-4.26,2.63,8.23,0.35
US-xML,-80.5248,37.3783,2009,1,14,2.82,-9.48,-9.36,2.89,7.93,0.11
US-xML,-80.5248,37.3783,2009,1,15,-1.39,-13.42,-13.92,4.36,8.69,0.16
US-xML,-80.5248,37.3783,2009,1,16,-9.74,-17.67,-19.45,2.99,12.53,0
US-xML,-80.5248,37.3783,2009,1,17,-1.53,-16.05,-13.89,2.45,8.69,0.02
US-xML,-80.5248,37.3783,2009,1,18,1.65,-5.7,-3.38,2.34,4.16,1.99
US-xML,-80.5248,37.3783,2009,1,19,-0.6,-9.39,-6.22,2.27,6.27,0.98
US-xML,-80.5248,37.3783,2009,1,20,-6.28,-10.69,-12.31,3.21,8.47,0.02
US-xML,-80.5248,37.3783,2009,1,21,-2.3,-12.12,-12.34,2.81,12.04,0
US-xML,-80.5248,37.3783,2009,1,22,5.03,-11.22,-6.36,2.1,11.82,0
US-xML,-80.5248,37.3783,2009,1,23,11.01,-4.7,1.91,2.4,11.97,0
US-xML,-80.5248,37.3783,2009,1,24,4.66,-6.19,-5.18,3.34,8.61,0
US-xML,-80.5248,37.3783,2009,1,25,3.96,-6.86,-7.54,1.3,10.99,0.02
US-xML,-80.5248,37.3783,2009,1,26,3.75,-5.34,-3.48,0.87,4.02,0.48
US-xML,-80.5248,37.3783,2009,1,27,0.77,-1.93,-0.95,1.77,2.16,20.01
US-xML,-80.5248,37.3783,2009,1,28,7.74,-5.61,0.44,4.16,3.4,8.14
US-xML,-80.5248,37.3783,2009,1,29,3.2,-6.54,-6.18,2.33,13.4,0.06
US-xML,-80.5248,37.3783,2009,1,30,-1.13,-7.48,-8.29,3.83,8.53,0.26
US-xML,-80.5248,37.3783,2009,1,31,0.56,-10.31,-9.79,3.06,14.52,0.02
US-xML,-80.5248,37.3783,2009,2,1,10.22,-6.25,-2.1,2.59,14.19,0
US-xML,-80.5248,37.3783,2009,2,2,5.88,-3.32,-1.54,2.28,7.77,2.14
US-xML,-80.5248,37.3783,2009,2,3,0.79,-7.76,-8.25,2.78,10.27,1.19
US-xML,-80.5248,37.3783,2009,2,4,-7.34,-11.9,-12.82,4.18,9.94,0.58
US-xML,-80.5248,37.3783,2009,2,5,-5.24,-13.51,-14.44,3.13,13.66,0.05
US-xML,-80.5248,37.3783,2009,2,6,7.11,-12.37,-5.26,2.1,14.19,0
US-xML,-80.5248,37.3783,2009,2,7,13.19,-1.17,2.47,2.61,14.98,0
US-xML,-80.5248,37.3783,2009,2,8,12.21,0.99,6.5,3.15,7.26,0.02
US-xML,-80.5248,37.3783,2009,2,9,14.52,-0.38,4.1,1.68,12.8,0
US-xML,-80.5248,37.3783,2009,2,10,14.61,3.18,6.69,1.9,8.81,0.06
US-xML,-80.5248,37.3783,2009,2,11,15.87,4.28,8.28,4.01,8.07,5.89
US-xML,-80.5248,37.3783,2009,2,12,7.33,1.56,-0.17,6.21,16.18,0.06
US-xML,-80.5248,37.3783,2009,2,13,8.07,-0.26,-1.95,3.61,15.88,0
US-xML,-80.5248,37.3783,2009,2,14,10.41,-1.83,0.5,2.43,10.62,0
US-xML,-80.5248,37.3783,2009,2,15,5.81,-2.61,-4.08,2.25,12.44,0.09
US-xML,-80.5248,37.3783,2009,2,16,-0.3,-5.23,-7.42,2.9,9.63,0.04
US-xML,-80.5248,37.3783,2009,2,17,6.69,-5.71,-6.37,1.42,16.72,0.23
US-xML,-80.5248,37.3783,2009,2,18,6.27,-1.58,1.9,3,4.53,10.61
US-xML,-80.5248,37.3783,2009,2,19,3.13,-7.85,-6.09,5.19,11.32,0.5
US-xML,-80.5248,37.3783,2009,2,20,-0.89,-9.06,-11.27,4.08,17.45,0.01
US-xML,-80.5248,37.3783,2009,2,21,5.7,-9.95,-6.39,2.62,16.39,0.17
US-xML,-80.5248,37.3783,2009,2,22,-0.84,-7.19,-7.66,4.25,10.41,1.85
US-xML,-80.5248,37.3783,2009,2,23,-2.63,-8.83,-10.41,3.85,12.88,0.12
US-xML,-80.5248,37.3783,2009,2,24,4.36,-11.44,-10.5,1.24,17.81,0
US-xML,-80.5248,37.3783,2009,2,25,10.35,-6.2,-3.41,1.74,16.67,0
US-xML,-80.5248,37.3783,2009,2,26,13.87,-2.1,4.09,1.98,9.97,0
US-xML,-80.5248,37.3783,2009,2,27,12.02,3.2,7.68,3.56,5.75,4.68
US-xML,-80.5248,37.3783,2009,2,28,3.82,-3.36,-0.62,2.29,3.61,12.47
US-xML,-80.5248,37.3783,2009,3,1,1.68,-5.64,-3.51,3.03,4.23,4.52
US-xML,-80.5248,37.3783,2009,3,2,-6.4,-11.26,-11.89,4.84,18.03,1.31
US-xML,-80.5248,37.3783,2009,3,3,-2.14,-15.19,-12.96,2.76,19.85,0
US-xML,-80.5248,37.3783,2009,3,4,5.74,-9.28,-8.44,1.14,19.17,0.05
US-xML,-80.5248,37.3783,2009,3,5,11.45,-5.11,-1.99,2.04,19.31,0
US-xML,-80.5248,37.3783,2009,3,6,17.65,-1.82,6.47,2.47,16.19,0
US-xML,-80.5248,37.3783,2009,3,7,21.08,7.57,11.34,2.41,18.32,0
US-xML,-80.5248,37.3783,2009,3,8,20.18,8.74,11.36,2.92,15.66,0.26
US-xML,-80.5248,37.3783,2009,3,9,15.6,4.96,6.62,3.83,20.9,0.46
US-xML,-80.5248,37.3783,2009,3,10,15.09,4.74,5.2,2.55,14.92,0
US-xML,-80.5248,37.3783,2009,3,11,16.53,0.53,5.89,3.61,7.61,0.13
US-xML,-80.5248,37.3783,2009,3,12,6.68,-2.25,-5.05,2.17,9.78,3.53
US-xML,-80.5248,37.3783,2009,3,13,2.18,-1,-1.05,1.82,3.74,3.67
US-xML,-80.5248,37.3783,2009,3,14,3.8,-0.93,0.43,1.68,5.5,9.66
US-xML,-80.5248,37.3783,2009,3,15,11.74,1,4.69,0.93,6.24,14.82
US-xML,-80.5248,37.3783,2009,3,16,11.4,5.45,7.35,0.87,4.19,11.23
US-xML,-80.5248,37.3783,2009,3,17,16.66,3.88,5.97,1.64,18.43,0.47
US-xML,-80.5248,37.3783,2009,3,18,19.34,3.27,7.06,1.65,21.06,0.03
US-xML,-80.5248,37.3783,2009,3,19,10.59,-0.02,4.58,2.46,6.18,0.28
US-xML,-80.5248,37.3783,2009,3,20,8.61,-4.48,-3.85,2.29,23.2,0
US-xML,-80.5248,37.3783,2009,3,21,11.24,-4.86,-4.04,1.33,18.5,0
US-xML,-80.5248,37.3783,2009,3,22,15.4,-3.24,-0.68,1.73,22.47,0
US-xML,-80.5248,37.3783,2009,3,23,16.94,-1.41,1.04,1.59,22.51,0
US-xML,-80.5248,37.3783,2009,3,24,14.42,-0.44,0.4,2.49,19.66,0.01
US-xML,-80.5248,37.3783,2009,3,25,7.91,2.23,2.64,2.81,4.63,11.43
US-xML,-80.5248,37.3783,2009,3,26,13.45,3.35,7.42,2.47,4.99,7.92
US-xML,-80.5248,37.3783,2009,3,27,11.42,4.69,7.12,1.73,7.39,10.66
US-xML,-80.5248,37.3783,2009,3,28,13.59,6.32,8.9,2.18,5.64,2.55
US-xML,-80.5248,37.3783,2009,3,29,13.06,0.84,5.72,4.3,14.75,1.58
US-xML,-80.5248,37.3783,2009,3,30,11.41,-0.77,-1.51,3.73,23.71,0.1
US-xML,-80.5248,37.3783,2009,3,31,13.63,-1.44,1.98,2.5,16.69,0.18
US-xML,-80.5248,37.3783,2009,4,1,16.47,4.41,7.7,2.12,7.68,3.54
US-xML,-80.5248,37.3783,2009,4,2,14.89,3.37,9.67,2.79,5.39,5.12
US-xML,-80.5248,37.3783,2009,4,3,12.29,4.47,7.36,4.88,7.77,9.98
US-xML,-80.5248,37.3783,2009,4,4,13.68,2.4,1.4,4,23.91,0.01
US-xML,-80.5248,37.3783,2009,4,5,20.33,2.25,5.98,2.51,22.49,0.25
US-xML,-80.5248,37.3783,2009,4,6,12.41,-0.8,3.8,4.3,9.89,8.25
US-xML,-80.5248,37.3783,2009,4,7,3.1,-2.83,-4.6,4.31,14.39,0.94
US-xML,-80.5248,37.3783,2009,4,8,9.84,-2.44,-2.6,2.83,19.51,0.19
US-xML,-80.5248,37.3783,2009,4,9,14.58,-1.74,0.82,1.88,25.15,0.15
US-xML,-80.5248,37.3783,2009,4,10,15.77,4.53,8.48,2.16,14.19,8.83
US-xML,-80.5248,37.3783,2009,4,11,10.67,0.12,4.94,3.52,8.16,2.31
US-xML,-80.5248,37.3783,2009,4,12,14.41,-4.82,-2.56,1.63,27.45,0
US-xML,-80.5248,37.3783,2009,4,13,9.79,1.96,4.03,2.73,7.35,1.48
US-xML,-80.5248,37.3783,2009,4,14,13.14,6.31,8.25,1.62,6.68,6.46
US-xML,-80.5248,37.3783,2009,4,15,13.25,4.89,5.06,2.56,7.26,0.76
US-xML,-80.5248,37.3783,2009,4,16,17.17,3.05,3.31,1.4,26.89,0.02
US-xML,-80.5248,37.3783,2009,4,17,19.86,2.52,4.23,1.62,25.33,0
US-xML,-80.5248,37.3783,2009,4,18,21.68,5.3,6.1,1.86,26.28,0
US-xML,-80.5248,37.3783,2009,4,19,17.48,7.97,9.23,1.46,9.79,10.62
US-xML,-80.5248,37.3783,2009,4,20,19.19,4.98,9.99,2.87,13.56,10.32
US-xML,-80.5248,37.3783,2009,4,21,11.94,2.84,4.05,2.2,16.22,2.99
US-xML,-80.5248,37.3783,2009,4,22,10.66,1.46,0.6,3.56,17.88,0.76
US-xML,-80.5248,37.3783,2009,4,23,16.44,4.67,2.08,2.63,28.47,0
US-xML,-80.5248,37.3783,2009,4,24,25.21,7.45,10.72,2.08,23.73,0
US-xML,-80.5248,37.3783,2009,4,25,26.83,12.01,13.9,1.93,24.17,0.01
US-xML,-80.5248,37.3783,2009,4,26,27.09,11.92,13.81,1.68,25.54,0
US-xML,-80.5248,37.3783,2009,4,27,24.76,9.88,11.78,2.08,28.17,0
US-xML,-80.5248,37.3783,2009,4,28,24.77,10.39,12.46,1.7,27.88,0.09
US-xML,-80.5248,37.3783,2009,4,29,19.21,11.15,13.83,1.74,10.32,3.73
US-xML,-80.5248,37.3783,2009,4,30,21.18,9.73,11.55,2.3,15.31,1.22
US-xML,-80.5248,37.3783,2009,5,1,22.1,13.02,14.09,2.4,14.36,1.31
US-xML,-80.5248,37.3783,2009,5,2,21.55,13.24,14.06,1.5,11.22,3.43
US-xML,-80.5248,37.3783,2009,5,3,19.99,12.67,14.46,1.47,7.02,17.71
US-xML,-80.5248,37.3783,2009,5,4,19.49,11.29,12.95,2.25,14.42,10.7
US-xML,-80.5248,37.3783,2009,5,5,15.68,9.03,11.18,1.79,6.41,9.69
US-xML,-80.5248,37.3783,2009,5,6,20.58,10.14,14.21,2.07,8.06,15.79
US-xML,-80.5248,37.3783,2009,5,7,21.35,12.08,13.83,2.11,20.34,4.08
US-xML,-80.5248,37.3783,2009,5,8,21.39,11.58,15.18,1.7,19.25,18.57
US-xML,-80.5248,37.3783,2009,5,9,22.12,11.93,16.11,2.78,15.7,8.37
US-xML,-80.5248,37.3783,2009,5,10,17.55,8.45,8.01,2.28,27.43,0
US-xML,-80.5248,37.3783,2009,5,11,16,6.72,7.28,1.35,10.29,4.56
US-xML,-80.5248,37.3783,2009,5,12,18.73,5.09,5.37,1.62,29.66,0.06
US-xML,-80.5248,37.3783,2009,5,13,19.5,4.88,8.25,2.47,23.06,0.04
US-xML,-80.5248,37.3783,2009,5,14,23.95,10.51,14.66,2.06,16.44,5.75
US-xML,-80.5248,37.3783,2009,5,15,22.37,14.02,16.44,1.4,19.26,4.15
US-xML,-80.5248,37.3783,2009,5,16,24.27,15.03,16.39,1.71,20.07,8.47
US-xML,-80.5248,37.3783,2009,5,17,14.48,5.06,5.36,2.5,13.17,8.27
US-xML,-80.5248,37.3783,2009,5,18,15.03,0.63,-0.46,1.82,30.72,0
US-xML,-80.5248,37.3783,2009,5,19,18.07,2.4,2.6,1.78,31.68,0
US-xML,-80.5248,37.3783,2009,5,20,20.88,4.91,4.45,1.92,31.86,0
US-xML,-80.5248,37.3783,2009,5,21,23.73,7.15,10.5,1.69,30.11,0
US-xML,-80.5248,37.3783,2009,5,22,24.76,11.14,13.1,1.47,28.41,0
US-xML,-80.5248,37.3783,2009,5,23,24.42,12.07,14.75,1.47,23.87,0.01
US-xML,-80.5248,37.3783,2009,5,24,23.28,14.26,16.08,1.09,17.29,0.28
US-xML,-80.5248,37.3783,2009,5,25,22.68,16.01,17.46,1.41,16.23,12.36
US-xML,-80.5248,37.3783,2009,5,26,22.7,16.78,17.55,1.63,13.79,20.18
US-xML,-80.5248,37.3783,2009,5,27,23.71,15.66,17.1,1.53,12.31,11.54
US-xML,-80.5248,37.3783,2009,5,28,23.69,15.26,17.12,1.19,16.13,10.7
US-xML,-80.5248,37.3783,2009,5,29,23.55,12.57,15.05,1.85,17.31,2.2
US-xML,-80.5248,37.3783,2009,5,30,21.82,10.32,13.15,1.93,23.83,6.98
US-xML,-80.5248,37.3783,2009,5,31,23.26,12.69,14.45,2.35,24.98,5.09
US-xML,-80.5248,37.3783,2009,6,1,24.76,10.74,13.01,1.49,30.05,0
US-xML,-80.5248,37.3783,2009,6,2,27.08,14.09,16.17,1.54,27.95,1.32
US-xML,-80.5248,37.3783,2009,6,3,25.12,15.17,16.98,1.3,23.14,7.92
US-xML,-80.5248,37.3783,2009,6,4,22.95,15.65,16.66,1.29,11.95,12.39
US-xML,-80.5248,37.3783,2009,6,5,20.24,14.35,15.54,1.21,10.21,11.54
US-xML,-80.5248,37.3783,2009,6,6,23.58,12.37,12.47,1.08,29.33,0.18
US-xML,-80.5248,37.3783,2009,6,7,26.01,12.25,15.51,1.25,27.09,0
US-xML,-80.5248,37.3783,2009,6,8,25.95,14.62,17.31,1.11,23.59,1.09
US-xML,-80.5248,37.3783,2009,6,9,24.56,16.9,17.68,1.19,24.29,2.22
US-xML,-80.5248,37.3783,2009,6,10,22.59,14.83,17.15,1.21,12.96,9.75
US-xML,-80.5248,37.3783,2009,6,11,23.08,15.1,17.3,1.18,15.66,19.79
US-xML,-80.5248,37.3783,2009,6,12,24.97,15.89,17.09,1.42,18.49,2.89
US-xML,-80.5248,37.3783,2009,6,13,25.64,14.97,16.38,1.19,23.22,0.45
US-xML,-80.5248,37.3783,2009,6,14,25.02,14.16,14.77,1.08,24.41,0.36
US-xML,-80.5248,37.3783,2009,6,15,25.21,15.12,16.4,1.1,18.57,5.31
US-xML,-80.5248,37.3783,2009,6,16,22.16,15.6,16.58,1.92,8.48,13.63
US-xML,-80.5248,37.3783,2009,6,17,24.88,15.09,18.2,2.11,9.21,14.64
US-xML,-80.5248,37.3783,2009,6,18,26.92,18.43,19.34,1.9,19.6,0.74
US-xML,-80.5248,37.3783,2009,6,19,25.65,18.29,20.35,1.64,17.63,1.65
US-xML,-80.5248,37.3783,2009,6,20,27.54,20.12,20.22,2.74,21.52,0.69
US-xML,-80.5248,37.3783,2009,6,21,24.88,17.91,17.57,2.7,25.19,0.57
US-xML,-80.5248,37.3783,2009,6,22,25.28,16.31,16.66,1.82,26.55,0
US-xML,-80.5248,37.3783,2009,6,23,25.59,16.66,16.36,1.68,29.72,0
US-xML,-80.5248,37.3783,2009,6,24,25,14.81,14.78,1.64,30.7,0
US-xML,-80.5248,37.3783,2009,6,25,25.68,15.6,16.42,1.15,23.68,0.64
US-xML,-80.5248,37.3783,2009,6,26,26.3,17.33,19.51,1.56,25.05,0.18
US-xML,-80.5248,37.3783,2009,6,27,25.07,16.06,16.14,1.96,26.49,0
US-xML,-80.5248,37.3783,2009,6,28,27.01,13.98,16.71,1.69,22.91,1.35
US-xML,-80.5248,37.3783,2009,6,29,23.76,14.92,14.22,2.25,28.95,0
US-xML,-80.5248,37.3783,2009,6,30,23.66,14.53,14.88,1.99,21.04,0.09
US-xML,-80.5248,37.3783,2009,7,1,23.52,13.64,14.76,1.61,21.19,0.89
US-xML,-80.5248,37.3783,2009,7,2,23.43,12.94,13.85,1.94,13.53,0.31
US-xML,-80.5248,37.3783,2009,7,3,21.68,12.55,13,2.14,16.59,0.01
US-xML,-80.5248,37.3783,2009,7,4,22.93,13.43,14.72,1.6,20.87,0.73
US-xML,-80.5248,37.3783,2009,7,5,20.83,15.23,16.92,0.88,4.49,29.47
US-xML,-80.5248,37.3783,2009,7,6,24.08,14.36,14.6,1.41,27.41,1.11
US-xML,-80.5248,37.3783,2009,7,7,24.93,11.82,14.42,1.63,27.15,0
US-xML,-80.5248,37.3783,2009,7,8,24.59,13.06,13.93,1.17,27.3,0.05
US-xML,-80.5248,37.3783,2009,7,9,21.65,14.34,15.46,1.45,15.8,7.67
US-xML,-80.5248,37.3783,2009,7,10,24.42,14.06,16.48,1.2,16.02,2.87
US-xML,-80.5248,37.3783,2009,7,11,25.7,15.41,18.02,1.58,16.36,3.53
US-xML,-80.5248,37.3783,2009,7,12,26.97,18.49,19.08,1.61,20.63,1.28
US-xML,-80.5248,37.3783,2009,7,13,24.66,14.09,15.02,1.48,27.23,0.01
US-xML,-80.5248,37.3783,2009,7,14,24.41,11.04,10.26,1.18,30.61,0
US-xML,-80.5248,37.3783,2009,7,15,26.98,12.55,15,1.7,15.51,1.11
US-xML,-80.5248,37.3783,2009,7,16,27.82,18.67,19.55,1.8,20.99,3.54
US-xML,-80.5248,37.3783,2009,7,17,25.87,16.74,18.94,1.68,18.85,17.98
US-xML,-80.5248,37.3783,2009,7,18,20.52,11.28,12.36,1.92,19.6,0.11
US-xML,-80.5248,37.3783,2009,7,19,21.06,10.83,11.97,0.8,21.35,2.85
US-xML,-80.5248,37.3783,2009,7,20,19.9,12.29,14.66,1.43,14.15,5.29
US-xML,-80.5248,37.3783,2009,7,21,25.09,13.67,14.48,1.25,22.28,0.69
US-xML,-80.5248,37.3783,2009,7,22,24.3,13.71,16.6,1.61,15.19,3.16
US-xML,-80.5248,37.3783,2009,7,23,26.02,14.63,16.39,1.6,23.3,1.85
US-xML,-80.5248,37.3783,2009,7,24,25.45,13.69,14.27,1.61,25.56,0.03
US-xML,-80.5248,37.3783,2009,7,25,27.68,13.64,16.37,1.93,23.77,15.58
US-xML,-80.5248,37.3783,2009,7,26,25.43,17.31,18.09,1.85,13.22,15.57
US-xML,-80.5248,37.3783,2009,7,27,26.21,16.92,17.32,1.15,21.4,1.97
US-xML,-80.5248,37.3783,2009,7,28,27.2,15.81,17.51,1.3,22.65,0.92
US-xML,-80.5248,37.3783,2009,7,29,24.89,17.92,19.03,1.94,10.09,10.04
US-xML,-80.5248,37.3783,2009,7,30,25.16,17.18,18.95,1.35,13.86,5.43
US-xML,-80.5248,37.3783,2009,7,31,24.85,17.57,19.02,2.2,12.04,6.3
US-xML,-80.5248,37.3783,2009,8,1,27.03,16.68,17.79,1.21,22.6,1.79
US-xML,-80.5248,37.3783,2009,8,2,25.11,16.31,18.77,1.71,17.92,17.2
US-xML,-80.5248,37.3783,2009,8,3,25.67,14.82,15.72,1.21,25.13,0.14
US-xML,-80.5248,37.3783,2009,8,4,25.68,13.22,16.94,1.55,17.67,1.95
US-xML,-80.5248,37.3783,2009,8,5,25.85,15.69,17.96,1.08,15.79,14.64
US-xML,-80.5248,37.3783,2009,8,6,24.29,14.31,15.8,1.79,19.69,0.93
US-xML,-80.5248,37.3783,2009,8,7,25.11,13.17,14.2,1.25,23.14,0.01
US-xML,-80.5248,37.3783,2009,8,8,25.7,15.21,16.7,1.21,18.41,0.01
US-xML,-80.5248,37.3783,2009,8,9,28.88,17.26,18.58,1.81,24.18,0
US-xML,-80.5248,37.3783,2009,8,10,28.12,18.34,20.56,1.58,20.72,7.01
US-xML,-80.5248,37.3783,2009,8,11,26.06,18.16,19.45,1.4,15.92,15.16
US-xML,-80.5248,37.3783,2009,8,12,24.06,16.37,17.51,1.21,19.14,1.89
US-xML,-80.5248,37.3783,2009,8,13,26.41,14.21,16.6,1.2,22.12,1.83
US-xML,-80.5248,37.3783,2009,8,14,27.54,15.21,16.65,1.4,21.37,0.51
US-xML,-80.5248,37.3783,2009,8,15,28.43,15.83,16.46,1.01,22.73,0.17
US-xML,-80.5248,37.3783,2009,8,16,28.98,17.81,16.45,1.12,23.89,0.65
US-xML,-80.5248,37.3783,2009,8,17,29.29,16.32,17.79,0.98,20.53,4.63
US-xML,-80.5248,37.3783,2009,8,18,28.37,16.72,18.01,1.33,17.8,1.57
US-xML,-80.5248,37.3783,2009,8,19,25.39,18.63,19.93,1.11,12.62,5.46
US-xML,-80.5248,37.3783,2009,8,20,26.73,18.36,20.2,1.5,16.75,3.7
US-xML,-80.5248,37.3783,2009,8,21,28.09,18.37,18.95,1.33,16.65,5.38
US-xML,-80.5248,37.3783,2009,8,22,25.47,15.24,16.91,1.33,12.9,3.69
US-xML,-80.5248,37.3783,2009,8,23,25.83,13.81,13.93,1.24,16.67,0.7
US-xML,-80.5248,37.3783,2009,8,24,25.64,13.62,15.04,1.03,17.66,1.01
US-xML,-80.5248,37.3783,2009,8,25,27.71,14.56,15.92,1.34,21.21,0
US-xML,-80.5248,37.3783,2009,8,26,28.04,14.91,16.09,1.61,18.91,0.03
US-xML,-80.5248,37.3783,2009,8,27,28.74,16.87,16.26,0.9,19.19,0.01
US-xML,-80.5248,37.3783,2009,8,28,24.22,18.12,17.26,1.05,11.02,1.17
US-xML,-80.5248,37.3783,2009,8,29,26.87,17.03,17.2,1.55,15.76,2.21
US-xML,-80.5248,37.3783,2009,8,30,24.97,13.88,12.73,1.49,20.16,0.03
US-xML,-80.5248,37.3783,2009,8,31,25.31,12.07,10.91,1.04,14.51,0.28
US-xML,-80.5248,37.3783,2009,9,1,24.69,11.22,10.67,1.25,17.5,0
US-xML,-80.5248,37.3783,2009,9,2,24.01,7.95,6.38,1.48,23.96,0
US-xML,-80.5248,37.3783,2009,9,3,25.68,9.66,8.02,1.55,24.71,0
US-xML,-80.5248,37.3783,2009,9,4,26.7,11.43,8.86,1.64,23.65,0
US-xML,-80.5248,37.3783,2009,9,5,27.92,14.59,10.84,1.26,19.99,0.69
US-xML,-80.5248,37.3783,2009,9,6,24.83,13.81,14.98,1.21,10.85,10.31
US-xML,-80.5248,37.3783,2009,9,7,24.15,14.62,15.01,1.1,10.89,3.43
US-xML,-80.5248,37.3783,2009,9,8,26.41,13.69,14.45,1.11,17.32,2.54
US-xML,-80.5248,37.3783,2009,9,9,24.49,14.45,15.04,0.96,14.1,6.87
US-xML,-80.5248,37.3783,2009,9,10,23.08,12.07,12.52,1.55,8.15,0.47
US-xML,-80.5248,37.3783,2009,9,11,23.99,11.23,11.31,1.52,19.38,0
US-xML,-80.5248,37.3783,2009,9,12,24.17,10.45,10.12,1.84,21.18,0
US-xML,-80.5248,37.3783,2009,9,13,25.8,11.04,11.24,1.4,19.24,0
US-xML,-80.5248,37.3783,2009,9,14,26.69,9.75,10.2,1.44,22.56,0.01
US-xML,-80.5248,37.3783,2009,9,15,27.36,14.05,12.25,1.26,18.43,0.08
US-xML,-80.5248,37.3783,2009,9,16,26.94,13.79,13.41,1.22,14.59,2.92
US-xML,-80.5248,37.3783,2009,9,17,24.5,14.81,15.27,1.12,7.63,1.78
US-xML,-80.5248,37.3783,2009,9,18,24.84,14.59,15.69,0.87,11.31,2.21
US-xML,-80.5248,37.3783,2009,9,19,26.71,14.72,13.04,1.27,14.87,0.35
US-xML,-80.5248,37.3783,2009,9,20,22.65,16.15,15.53,1.89,7.55,0.59
US-xML,-80.5248,37.3783,2009,9,21,22.79,14.59,15.16,1.65,5.75,1.62
US-xML,-80.5248,37.3783,2009,9,22,23.71,14.72,15.5,1.38,11.86,0.33
US-xML,-80.5248,37.3783,2009,9,23,29.96,15.92,16.52,0.94,15.95,0.47
US-xML,-80.5248,37.3783,2009,9,24,28.26,16.42,18.02,1.12,14.9,5.28
US-xML,-80.5248,37.3783,2009,9,25,22.88,13.64,17.08,1.21,3.85,8.92
US-xML,-80.5248,37.3783,2009,9,26,15.26,11.92,12.92,2.01,1.74,46.11
US-xML,-80.5248,37.3783,2009,9,27,21.07,9.59,12.47,1.86,14.51,1.86
US-xML,-80.5248,37.3783,2009,9,28,20.38,9.46,8.72,2.91,14.64,0.82
US-xML,-80.5248,37.3783,2009,9,29,14.23,8.13,5.97,3.1,7.67,0.09
US-xML,-80.5248,37.3783,2009,9,30,15.91,5.72,6.32,2.33,9.81,0.03
US-xML,-80.5248,37.3783,2009,10,1,18.47,3.79,3.4,1.11,20.27,0
US-xML,-80.5248,37.3783,2009,10,2,19.67,8.5,10.36,2.04,9.11,0.24
US-xML,-80.5248,37.3783,2009,10,3,19.65,7.02,6.69,1.82,20.74,0
US-xML,-80.5248,37.3783,2009,10,4,17.94,4.54,5.75,1.87,17.78,0.06
US-xML,-80.5248,37.3783,2009,10,5,20.73,6.5,6.87,0.97,17.41,0.08
US-xML,-80.5248,37.3783,2009,10,6,19.06,5.73,10.13,1.78,6.2,0.65
US-xML,-80.5248,37.3783,2009,10,7,16.73,6.02,7.5,3.34,19.5,2.76
US-xML,-80.5248,37.3783,2009,10,8,22.1,5.37,5.47,1.33,16.11,0.42
US-xML,-80.5248,37.3783,2009,10,9,26.64,11.75,15.06,2.59,13.88,2.29
US-xML,-80.5248,37.3783,2009,10,10,18.41,6.62,10.58,1.86,6.03,4.02
US-xML,-80.5248,37.3783,2009,10,11,18.59,3.68,4.06,1.12,12.41,0
US-xML,-80.5248,37.3783,2009,10,12,13.16,6.7,7.08,1.59,3.6,0.28
US-xML,-80.5248,37.3783,2009,10,13,17.53,7.87,8.85,2.17,8.68,0.17
US-xML,-80.5248,37.3783,2009,10,14,8.01,3.81,4.19,2,3.35,14.26
US-xML,-80.5248,37.3783,2009,10,15,12.09,3.51,6.47,1.47,3.95,7.16
US-xML,-80.5248,37.3783,2009,10,16,11.08,3.01,4.68,1.56,3.82,0.75
US-xML,-80.5248,37.3783,2009,10,17,7.78,1.38,0.72,2.35,5.18,0.73
US-xML,-80.5248,37.3783,2009,10,18,7.68,-2.13,-1.11,2.64,4.28,0.19
US-xML,-80.5248,37.3783,2009,10,19,13.69,-3.89,-2.55,1.42,17.34,0
US-xML,-80.5248,37.3783,2009,10,20,20.09,0.32,1.72,1.63,17.01,0
US-xML,-80.5248,37.3783,2009,10,21,22.74,4.76,4.25,1.74,16.03,0
US-xML,-80.5248,37.3783,2009,10,22,22.52,6.81,5.66,1.53,13.14,0
US-xML,-80.5248,37.3783,2009,10,23,20.59,9.78,13.9,2.96,4.9,8.54
US-xML,-80.5248,37.3783,2009,10,24,20.93,5.42,12.04,3.05,10.58,7.26
US-xML,-80.5248,37.3783,2009,10,25,16.53,2.65,1.11,1.66,16.21,0
US-xML,-80.5248,37.3783,2009,10,26,14.85,1.61,2.57,1.8,12.45,0
US-xML,-80.5248,37.3783,2009,10,27,13.38,7.65,9.47,1.07,3.54,19.77
US-xML,-80.5248,37.3783,2009,10,28,17.17,6.84,9.62,2.29,8.07,1.95
US-xML,-80.5248,37.3783,2009,10,29,18,6.53,8.82,1.36,13.35,0
US-xML,-80.5248,37.3783,2009,10,30,17.1,9.95,9.95,2.5,6.47,0.04
US-xML,-80.5248,37.3783,2009,10,31,18.87,8.1,11.15,2.69,4.94,16.12
US-xML,-80.5248,37.3783,2009,11,1,13.63,4.73,4.7,1.59,5.48,4.06
US-xML,-80.5248,37.3783,2009,11,2,15.58,3.04,3.49,1.34,13.88,0.01
US-xML,-80.5248,37.3783,2009,11,3,12.96,-0.79,1.04,2.3,14.2,0
US-xML,-80.5248,37.3783,2009,11,4,13.34,-1.85,-0.2,1.86,10.56,0.01
US-xML,-80.5248,37.3783,2009,11,5,8.78,0.41,1.08,2.73,11.46,0
US-xML,-80.5248,37.3783,2009,11,6,11.63,-1.95,-1.38,1.76,14.69,0
US-xML,-80.5248,37.3783,2009,11,7,18.01,-1.18,2.98,1.69,13.6,0
US-xML,-80.5248,37.3783,2009,11,8,20.4,5.37,6.73,1.68,13.81,0
US-xML,-80.5248,37.3783,2009,11,9,18.33,6.06,7.35,1.7,8.39,0
US-xML,-80.5248,37.3783,2009,11,10,12.73,8.98,8.8,1.16,2.69,14.39
US-xML,-80.5248,37.3783,2009,11,11,9.04,2.17,4.94,2.6,2.62,36.53
US-xML,-80.5248,37.3783,2009,11,12,8.25,1.8,3.38,2.78,3.12,7.9
US-xML,-80.5248,37.3783,2009,11,13,16.96,3.26,6.89,1.99,10.5,0.06
US-xML,-80.5248,37.3783,2009,11,14,18.55,4.18,8.34,1.87,12.36,0
US-xML,-80.5248,37.3783,2009,11,15,19.01,4.27,7.8,1.84,13.07,0
US-xML,-80.5248,37.3783,2009,11,16,17.96,3.51,7.09,1.99,12.89,0
US-xML,-80.5248,37.3783,2009,11,17,11.66,5.6,7.64,2.46,4.27,0.03
US-xML,-80.5248,37.3783,2009,11,18,9.61,6,7.32,2.99,2.85,4.35
US-xML,-80.5248,37.3783,2009,11,19,15.87,6.96,9.68,1.58,4.33,2.82
US-xML,-80.5248,37.3783,2009,11,20,12.02,1.46,2.79,2.2,11.78,0.03
US-xML,-80.5248,37.3783,2009,11,21,13.21,0.54,1.93,1.3,11.52,0
US-xML,-80.5248,37.3783,2009,11,22,10.62,0.36,3.57,1.88,7.59,1.24
US-xML,-80.5248,37.3783,2009,11,23,8.35,2.25,5.02,1.52,2.78,6.6
US-xML,-80.5248,37.3783,2009,11,24,14.42,4.25,5.44,1.11,6.75,0.15
US-xML,-80.5248,37.3783,2009,11,25,12.22,1.46,5.45,1.61,7.81,0.02
US-xML,-80.5248,37.3783,2009,11,26,9.85,-0.29,1.4,2.19,6.82,0.32
US-xML,-80.5248,37.3783,2009,11,27,2.26,-3.2,-3.93,4.34,6.48,0.58
US-xML,-80.5248,37.3783,2009,11,28,10.47,-3.8,-2.27,2.39,11.75,0
US-xML,-80.5248,37.3783,2009,11,29,15.75,0.3,3.58,1.86,11.09,0.04
US-xML,-80.5248,37.3783,2009,11,30,8.42,-2.06,3.13,2.7,1.72,5.97
US-xML,-80.5248,37.3783,2009,12,1,11.16,-3.52,-1.64,1.8,11.57,0
US-xML,-80.5248,37.3783,2009,12,2,8.47,0.58,3.51,2.6,1.84,21.09
US-xML,-80.5248,37.3783,2009,12,3,8.18,0.75,2.49,3.27,3.61,0.7
US-xML,-80.5248,37.3783,2009,12,4,5.17,-1.56,-1.74,1.37,4.04,0.15
US-xML,-80.5248,37.3783,2009,12,5,1.23,-6.93,-3.13,2.14,2.7,8.14
US-xML,-80.5248,37.3783,2009,12,6,1.49,-9.39,-8.06,1.61,7.82,0.02
US-xML,-80.5248,37.3783,2009,12,7,4.35,-5.52,-3.16,1.84,5.05,0.08
US-xML,-80.5248,37.3783,2009,12,8,1.81,-2.59,-1.18,2.55,3.24,30.15
US-xML,-80.5248,37.3783,2009,12,9,9.22,-0.43,1.2,4.19,8.99,9.53
US-xML,-80.5248,37.3783,2009,12,10,-0.38,-7.82,-9.64,4.65,10.59,0
US-xML,-80.5248,37.3783,2009,12,11,-1.09,-9.89,-11.93,3.13,11.25,0
US-xML,-80.5248,37.3783,2009,12,12,2.72,-10.15,-9.74,1.63,8.48,0
US-xML,-80.5248,37.3783,2009,12,13,6.42,-3.07,0.62,2.17,3.33,16.09
US-xML,-80.5248,37.3783,2009,12,14,10.72,-0.35,3.16,1.52,9.68,0.31
US-xML,-80.5248,37.3783,2009,12,15,7.81,-2,2.95,3.09,3.33,0.54
US-xML,-80.5248,37.3783,2009,12,16,1.62,-6.5,-8.83,2.87,11.18,0.01
US-xML,-80.5248,37.3783,2009,12,17,4.4,-5,-6.06,1.55,10.15,0
US-xML,-80.5248,37.3783,2009,12,18,-0.34,-5.07,-3.83,2.16,2.57,26.68
US-xML,-80.5248,37.3783,2009,12,19,-1.22,-7.26,-4.22,2.13,3.3,13.8
US-xML,-80.5248,37.3783,2009,12,20,-2.21,-6.35,-4.83,2.75,4.33,0.84
US-xML,-80.5248,37.3783,2009,12,21,-1.44,-9.43,-6.26,1.89,1.84,0.16
US-xML,-80.5248,37.3783,2009,12,22,0.01,-8.94,-4.43,1.26,7.37,0.65
US-xML,-80.5248,37.3783,2009,12,23,0.37,-5.76,-3.29,0.64,8.61,0.07
US-xML,-80.5248,37.3783,2009,12,24,0.05,-8.41,-4.14,2.54,8.95,0.72
US-xML,-80.5248,37.3783,2009,12,25,1.94,-4.38,-1.2,3.9,2.92,9.76
US-xML,-80.5248,37.3783,2009,12,26,1.41,-5.18,-2.02,2.02,8.48,0.28
US-xML,-80.5248,37.3783,2009,12,27,3.88,-6.23,-3,2.14,10.51,0.02
US-xML,-80.5248,37.3783,2009,12,28,-0.35,-6.54,-7.15,4.43,8.35,0.18
US-xML,-80.5248,37.3783,2009,12,29,-2.56,-9.36,-9.52,3.66,10.63,0.02
US-xML,-80.5248,37.3783,2009,12,30,2.24,-8.12,-6.81,1.75,6.97,0.28
US-xML,-80.5248,37.3783,2009,12,31,2.79,-3.1,-0.55,1.31,4.13,6.4
US-xML,-80.5248,37.3783,2010,1,1,0.21,-8.75,-4.96,3.61,4.16,0.53
US-xML,-80.5248,37.3783,2010,1,2,-9.03,-11.78,-13.21,5.18,6.49,0.29
US-xML,-80.5248,37.3783,2010,1,3,-9.1,-12.93,-14.29,5.25,10.21,0.08
US-xML,-80.5248,37.3783,2010,1,4,-6.15,-11.04,-11.16,4.43,8.22,0.38
US-xML,-80.5248,37.3783,2010,1,5,-6.41,-9.19,-10.31,3.98,7.68,0.45
US-xML,-80.5248,37.3783,2010,1,6,-4.94,-9.6,-9.93,4.02,6.61,0.15
US-xML,-80.5248,37.3783,2010,1,7,0.09,-10.17,-7.42,1.89,7.58,2.38
US-xML,-80.5248,37.3783,2010,1,8,-4.75,-12.64,-13.03,4.14,8.04,0.4
US-xML,-80.5248,37.3783,2010,1,9,-6.23,-12.21,-11.57,3.05,8.24,0.18
US-xML,-80.5248,37.3783,2010,1,10,-5.3,-13.76,-12.57,2.76,11.17,0
US-xML,-80.5248,37.3783,2010,1,11,-0.4,-14.42,-10.25,2.13,8.4,0.08
US-xML,-80.5248,37.3783,2010,1,12,-5.12,-8.58,-9.07,3.15,7.35,0.09
US-xML,-80.5248,37.3783,2010,1,13,1.19,-10.72,-7.86,2.11,11.46,0
US-xML,-80.5248,37.3783,2010,1,14,7.72,-8.39,-5.63,1.72,10.53,0
US-xML,-80.5248,37.3783,2010,1,15,8.48,-4.22,-1.89,2.13,8.91,0
US-xML,-80.5248,37.3783,2010,1,16,9.47,0.4,1.04,1.66,8.41,0.29
US-xML,-80.5248,37.3783,2010,1,17,4.63,0.12,1.55,2.2,2.35,22
US-xML,-80.5248,37.3783,2010,1,18,8.65,-2.81,0.11,2.68,10.97,0.41
US-xML,-80.5248,37.3783,2010,1,19,9.72,-1.4,2.81,2.29,8.3,0.25
US-xML,-80.5248,37.3783,2010,1,20,5.56,3.12,4.05,1.37,3.13,6.51
US-xML,-80.5248,37.3783,2010,1,21,2.77,-2.52,-2.45,3.52,2.38,6.72
US-xML,-80.5248,37.3783,2010,1,22,2.72,-1.91,-0.34,1,4.68,2.11
US-xML,-80.5248,37.3783,2010,1,23,2.3,-1.86,-0.98,2.41,5.85,0.12
US-xML,-80.5248,37.3783,2010,1,24,11.62,-1.37,3.01,4.3,1.56,13.46
US-xML,-80.5248,37.3783,2010,1,25,11.59,-2.25,2.06,3.22,8.27,25.15
US-xML,-80.5248,37.3783,2010,1,26,1.03,-5.37,-5.48,3.84,6.45,0.38
US-xML,-80.5248,37.3783,2010,1,27,-0.39,-5.46,-7.11,2.92,11.75,0.02
US-xML,-80.5248,37.3783,2010,1,28,3.87,-6.67,-5.08,3.79,10.44,0.01
US-xML,-80.5248,37.3783,2010,1,29,-3.88,-8.89,-11.85,2,6.21,2.58
US-xML,-80.5248,37.3783,2010,1,30,-6.16,-10.4,-9.16,2.5,3.56,15.01
US-xML,-80.5248,37.3783,2010,1,31,-1.66,-16.41,-10.42,2.4,14.19,0.28
US-xML,-80.5248,37.3783,2010,2,1,2.05,-12.98,-7.31,1.75,12.02,0.02
US-xML,-80.5248,37.3783,2010,2,2,0.92,-5.34,-2.9,1.26,2.94,7.82
US-xML,-80.5248,37.3783,2010,2,3,1.02,-5.64,-2.8,2.9,5.82,0.52
US-xML,-80.5248,37.3783,2010,2,4,0.16,-7.94,-4.3,1.65,7.27,0.42
US-xML,-80.5248,37.3783,2010,2,5,-1.98,-4.4,-3.2,3.37,1.97,32.66
US-xML,-80.5248,37.3783,2010,2,6,-2.12,-10.57,-5.64,1.72,5.9,3.38
US-xML,-80.5248,37.3783,2010,2,7,-4.34,-17.18,-11.47,2.13,11.61,0.24
US-xML,-80.5248,37.3783,2010,2,8,-0.94,-19.15,-11.09,1.5,13.36,0.52
US-xML,-80.5248,37.3783,2010,2,9,-0.24,-8.08,-3.31,2.38,3.1,8.64
US-xML,-80.5248,37.3783,2010,2,10,-4.33,-13.13,-9.31,6.21,8.97,1.53
US-xML,-80.5248,37.3783,2010,2,11,-5.31,-8.72,-7.87,4.62,6.69,0.38
US-xML,-80.5248,37.3783,2010,2,12,-4.02,-14.94,-8.37,1.93,10.47,0.08
US-xML,-80.5248,37.3783,2010,2,13,-6.33,-9.59,-8.52,3.5,10.93,0.13
US-xML,-80.5248,37.3783,2010,2,14,-3.07,-12.88,-8.63,3,16.13,0
US-xML,-80.5248,37.3783,2010,2,15,0.03,-12.83,-6.88,2.93,6.96,1.73
US-xML,-80.5248,37.3783,2010,2,16,-6.15,-9.9,-8.71,4.41,8.66,0.56
US-xML,-80.5248,37.3783,2010,2,17,-4.31,-8.1,-6.71,4.17,7.15,0.45
US-xML,-80.5248,37.3783,2010,2,18,-2.05,-6.53,-4.96,4.4,6.29,0.07
US-xML,-80.5248,37.3783,2010,2,19,-0.33,-10.18,-4.65,3.19,17.06,0.04
US-xML,-80.5248,37.3783,2010,2,20,0.05,-8.98,-5.34,2.13,15.3,0
US-xML,-80.5248,37.3783,2010,2,21,4.99,-6.11,-3.88,2.09,14.74,0.18
US-xML,-80.5248,37.3783,2010,2,22,3.95,-2.7,0.62,1.81,5.25,2.07
US-xML,-80.5248,37.3783,2010,2,23,5.46,-2.18,0.19,2.08,7.26,0.13
US-xML,-80.5248,37.3783,2010,2,24,1.43,-3.58,-3.52,1.81,5.28,1.09
US-xML,-80.5248,37.3783,2010,2,25,-3.26,-7.83,-8.33,4.96,11.42,1.05
US-xML,-80.5248,37.3783,2010,2,26,-2.19,-6.79,-6.94,6.1,8.82,1.32
US-xML,-80.5248,37.3783,2010,2,27,0.24,-4.52,-5.37,3.48,7.28,0.87
US-xML,-80.5248,37.3783,2010,2,28,1.14,-4.43,-3.9,3.59,6.25,0.36
US-xML,-80.5248,37.3783,2010,3,1,3.35,-4.3,-3.03,2.37,10.79,0.02
US-xML,-80.5248,37.3783,2010,3,2,1.07,-4,-2.61,1.64,2.71,1.48
US-xML,-80.5248,37.3783,2010,3,3,1.57,-4.36,-3.67,3.43,7.95,0.69
US-xML,-80.5248,37.3783,2010,3,4,1.72,-6.41,-5.18,3.43,13.55,0.17
US-xML,-80.5248,37.3783,2010,3,5,2.8,-9.09,-6.14,2.88,19.37,0
US-xML,-80.5248,37.3783,2010,3,6,5.52,-8.47,-5.57,2.2,19.42,0
US-xML,-80.5248,37.3783,2010,3,7,9.46,-8.46,-5.15,1.8,18.13,0
US-xML,-80.5248,37.3783,2010,3,8,10.77,-2.68,0.65,2.26,18.58,0.01
US-xML,-80.5248,37.3783,2010,3,9,16.45,1.83,4.4,1.52,18.23,0.02
US-xML,-80.5248,37.3783,2010,3,10,15.03,1.22,6.93,1.95,11.28,0.12
US-xML,-80.5248,37.3783,2010,3,11,12.54,3.85,7.32,1.84,8.85,5.82
US-xML,-80.5248,37.3783,2010,3,12,16.16,5.88,9.78,2.64,7.1,22.53
US-xML,-80.5248,37.3783,2010,3,13,11.26,3.7,5.44,1.93,9.79,19.08
US-xML,-80.5248,37.3783,2010,3,14,10.78,1.26,2.35,2.57,8.62,0.75
US-xML,-80.5248,37.3783,2010,3,15,7.27,2.66,2.79,3.66,5.62,0.98
US-xML,-80.5248,37.3783,2010,3,16,11.55,1.35,3.23,2.01,8.06,0.11
US-xML,-80.5248,37.3783,2010,3,17,14.57,-0.34,2.2,1.5,17.4,0
US-xML,-80.5248,37.3783,2010,3,18,15.51,-0.53,1.96,2.17,20.98,0.01
US-xML,-80.5248,37.3783,2010,3,19,16.18,-1.5,2.04,2.16,22.55,0.05
US-xML,-80.5248,37.3783,2010,3,20,18.41,4.97,4.56,1.71,22.01,0
US-xML,-80.5248,37.3783,2010,3,21,16.94,4.62,8.02,2.72,12.02,5.09
US-xML,-80.5248,37.3783,2010,3,22,13.79,2.28,5.83,2.72,18.87,15.63
US-xML,-80.5248,37.3783,2010,3,23,5.04,1.08,1.69,4.22,6.35,2.63
US-xML,-80.5248,37.3783,2010,3,24,13.95,3.29,4.92,2.27,18.41,0
US-xML,-80.5248,37.3783,2010,3,25,15.43,4.5,7.63,2.53,7.17,3.21
US-xML,-80.5248,37.3783,2010,3,26,8.59,-3.88,2.32,2.71,5.87,6.9
US-xML,-80.5248,37.3783,2010,3,27,10.82,-4.55,-2.6,2.74,23.33,0
US-xML,-80.5248,37.3783,2010,3,28,10.59,1.63,5.47,3.23,3.65,13.18
US-xML,-80.5248,37.3783,2010,3,29,14.99,5.1,5.81,2.03,11.76,1.76
US-xML,-80.5248,37.3783,2010,3,30,11.24,2.72,2.42,3.83,24,0.31
US-xML,-80.5248,37.3783,2010,3,31,18.38,0.79,3.74,2.41,24.76,0
US-xML,-80.5248,37.3783,2010,4,1,24.27,3.72,7.58,1.94,24.48,0
US-xML,-80.5248,37.3783,2010,4,2,26.1,7.55,10.81,1.85,24.2,0
US-xML,-80.5248,37.3783,2010,4,3,22.01,8.63,12.32,2.16,15.74,0
US-xML,-80.5248,37.3783,2010,4,4,22.3,8.07,8.57,1.28,22.08,0
US-xML,-80.5248,37.3783,2010,4,5,21.5,8.57,13.72,1.86,18.83,7.5
US-xML,-80.5248,37.3783,2010,4,6,25.52,13.27,13.79,2.29,24.92,0.23
US-xML,-80.5248,37.3783,2010,4,7,24.47,10.44,12.82,2.16,21.92,0.01
US-xML,-80.5248,37.3783,2010,4,8,18.94,7.49,11.65,2.73,8.33,13.3
US-xML,-80.5248,37.3783,2010,4,9,10.82,2.37,0.52,3.85,23.46,0.03
US-xML,-80.5248,37.3783,2010,4,10,18.29,-1.86,-0.52,1.54,24.85,0
US-xML,-80.5248,37.3783,2010,4,11,21.1,1.74,4.78,1.63,26.76,0.01
US-xML,-80.5248,37.3783,2010,4,12,21.38,4.59,6.35,1.48,22.2,0
US-xML,-80.5248,37.3783,2010,4,13,22.71,6.38,9.58,1.89,19.05,0
US-xML,-80.5248,37.3783,2010,4,14,19.23,6.4,7.53,1.45,19.82,0
US-xML,-80.5248,37.3783,2010,4,15,23.85,6.69,8.99,1.48,24.98,0
US-xML,-80.5248,37.3783,2010,4,16,22.64,9.77,11.34,3.01,23.66,1.17
US-xML,-80.5248,37.3783,2010,4,17,14.33,3.14,3.23,3.48,27.06,1.43
US-xML,-80.5248,37.3783,2010,4,18,13.35,-0.12,0.64,2.29,27.68,0
US-xML,-80.5248,37.3783,2010,4,19,16.27,0.11,2.29,1.87,27.82,0
US-xML,-80.5248,37.3783,2010,4,20,18.41,3.65,4.79,1.41,19.05,2.67
US-xML,-80.5248,37.3783,2010,4,21,15.69,5.61,6.16,1.96,15.02,0.86
US-xML,-80.5248,37.3783,2010,4,22,18.14,3.46,5.65,2.01,21.52,0.12
US-xML,-80.5248,37.3783,2010,4,23,16.25,7.53,9.45,1.37,7.92,0.71
US-xML,-80.5248,37.3783,2010,4,24,18.74,9.12,11.68,2.65,11.43,11.51
US-xML,-80.5248,37.3783,2010,4,25,22.32,12.48,12.81,2.58,19.13,5.86
US-xML,-80.5248,37.3783,2010,4,26,16.63,7.24,8.9,3.35,12.95,3.8
US-xML,-80.5248,37.3783,2010,4,27,11.74,2.26,3.04,2.9,12.25,0.75
US-xML,-80.5248,37.3783,2010,4,28,12.61,-1.18,-0.59,2.73,27.99,0
US-xML,-80.5248,37.3783,2010,4,29,18.86,-0.26,4.28,1.88,28.39,0
US-xML,-80.5248,37.3783,2010,4,30,25,6.97,10.46,1.55,28.83,0
US-xML,-80.5248,37.3783,2010,5,1,25.91,10.45,15.19,2,23.09,0.19
US-xML,-80.5248,37.3783,2010,5,2,27.58,17.36,18.97,2.94,20.2,8.33
US-xML,-80.5248,37.3783,2010,5,3,23.35,13.83,15.7,2.53,13.24,10.64
US-xML,-80.5248,37.3783,2010,5,4,22.58,11.67,12.04,2.06,28.77,0
US-xML,-80.5248,37.3783,2010,5,5,24.81,11.61,12.17,1.49,27.41,0
US-xML,-80.5248,37.3783,2010,5,6,23.28,10.85,13.18,2.49,27.33,0.11
US-xML,-80.5248,37.3783,2010,5,7,24.63,7.36,11.34,2.44,27.9,0.02
US-xML,-80.5248,37.3783,2010,5,8,18.3,6.32,6.96,4.37,29.45,1.92
US-xML,-80.5248,37.3783,2010,5,9,12.8,1.73,0.72,3.17,25.11,0.03
US-xML,-80.5248,37.3783,2010,5,10,16.01,-0.27,0.19,1.11,26.03,0
US-xML,-80.5248,37.3783,2010,5,11,14.39,6.26,9.41,2.7,6.31,5.37
US-xML,-80.5248,37.3783,2010,5,12,22.38,12.57,16.37,1.99,11.14,13.07
US-xML,-80.5248,37.3783,2010,5,13,26.07,14.35,17.15,1.38,16.72,0.36
US-xML,-80.5248,37.3783,2010,5,14,23.27,16.57,18.1,1.53,19.19,3.84
US-xML,-80.5248,37.3783,2010,5,15,25.32,16.12,16.49,1.49,24.5,4.58
US-xML,-80.5248,37.3783,2010,5,16,24.18,14.68,15.81,0.64,15.65,17.83
US-xML,-80.5248,37.3783,2010,5,17,18.82,9.4,13.04,2.1,5.52,17.96
US-xML,-80.5248,37.3783,2010,5,18,19.97,8.38,11.52,1.17,11.76,3.97
US-xML,-80.5248,37.3783,2010,5,19,19.26,9.89,10.52,1.28,12.8,0.66
US-xML,-80.5248,37.3783,2010,5,20,22.4,9.54,10.17,1.44,28.65,0.01
US-xML,-80.5248,37.3783,2010,5,21,20.91,10.51,12.78,1.78,14.21,0.46
US-xML,-80.5248,37.3783,2010,5,22,23.49,14.18,15.17,1.55,13.15,5.33
US-xML,-80.5248,37.3783,2010,5,23,23.65,12.1,14.72,1.56,20.14,2.44
US-xML,-80.5248,37.3783,2010,5,24,22.56,12.81,15.13,1.71,14.64,2.83
US-xML,-80.5248,37.3783,2010,5,25,24.36,14.68,15.79,1.29,18.93,0.19
US-xML,-80.5248,37.3783,2010,5,26,25.04,13.8,14.4,1.43,28.89,0.01
US-xML,-80.5248,37.3783,2010,5,27,25.91,15.76,17.55,1.56,20.19,1.3
US-xML,-80.5248,37.3783,2010,5,28,25.53,15.19,17.44,1.22,18.88,7
US-xML,-80.5248,37.3783,2010,5,29,26.38,15.46,17.24,0.96,24.3,0.46
US-xML,-80.5248,37.3783,2010,5,30,27.57,16.31,17.79,1.11,24.89,2
US-xML,-80.5248,37.3783,2010,5,31,23.18,15.8,17.99,1.32,19.57,8.34
US-xML,-80.5248,37.3783,2010,6,1,24.61,16.48,17.88,1.54,20.81,4.92
US-xML,-80.5248,37.3783,2010,6,2,27.6,17.06,17.67,0.93,25.2,1.17
US-xML,-80.5248,37.3783,2010,6,3,26.91,16.87,17.69,1.43,26.19,3.24
US-xML,-80.5248,37.3783,2010,6,4,25.57,16.89,18.79,1.3,20.95,6.58
US-xML,-80.5248,37.3783,2010,6,5,27.36,17.61,19.29,1.72,24.13,0.23
US-xML,-80.5248,37.3783,2010,6,6,26.91,15.12,18.22,2.74,15.05,3.52
US-xML,-80.5248,37.3783,2010,6,7,21.46,12.81,12.37,2.35,24.2,0
US-xML,-80.5248,37.3783,2010,6,8,23.37,10.61,12.01,1.24,28.06,0
US-xML,-80.5248,37.3783,2010,6,9,23.92,15.63,17.84,2.38,9.85,2.2
US-xML,-80.5248,37.3783,2010,6,10,25.44,15.92,16.9,1.85,27.74,0.34
US-xML,-80.5248,37.3783,2010,6,11,28.03,15.86,15.95,1.15,28.54,0.01
US-xML,-80.5248,37.3783,2010,6,12,26.51,16.36,19.62,2.15,14.68,25.4
US-xML,-80.5248,37.3783,2010,6,13,27.08,20.62,21.24,1.98,20.25,4.25
US-xML,-80.5248,37.3783,2010,6,14,26.78,19.1,20.71,1.64,18.73,3.13
US-xML,-80.5248,37.3783,2010,6,15,28.38,19.35,20.79,1.27,20.08,1.41
US-xML,-80.5248,37.3783,2010,6,16,27.46,18.97,20.06,1.37,21.51,2.15
US-xML,-80.5248,37.3783,2010,6,17,25.61,15.98,16.75,1.85,27.93,0.01
US-xML,-80.5248,37.3783,2010,6,18,27.63,13.82,15.41,0.99,28.64,0
US-xML,-80.5248,37.3783,2010,6,19,28.12,14.99,18.15,1.48,28.02,3.18
US-xML,-80.5248,37.3783,2010,6,20,26.74,17.43,18.15,1.69,29.52,0.37
US-xML,-80.5248,37.3783,2010,6,21,28.82,16.13,18.33,1.49,28.21,0.48
US-xML,-80.5248,37.3783,2010,6,22,29.93,18.2,19.81,1.32,27.09,1.02
US-xML,-80.5248,37.3783,2010,6,23,28.19,19.02,19.9,1.62,17.8,3.68
US-xML,-80.5248,37.3783,2010,6,24,28.51,18.07,19.91,1.99,21.87,1.76
US-xML,-80.5248,37.3783,2010,6,25,27.51,17.58,16.58,1.36,26.76,0.04
US-xML,-80.5248,37.3783,2010,6,26,28.92,17.11,16.28,1.51,29.95,0
US-xML,-80.5248,37.3783,2010,6,27,30,19.08,19.58,1.57,26.99,2.07
US-xML,-80.5248,37.3783,2010,6,28,29.42,20.05,20.37,2.26,19.85,5.09
US-xML,-80.5248,37.3783,2010,6,29,27.51,18.03,16.89,1.72,24.04,0.22
US-xML,-80.5248,37.3783,2010,6,30,25.63,13.99,14.84,1.37,21.03,0
US-xML,-80.5248,37.3783,2010,7,1,24.28,10.42,7.59,1.65,31.5,0
US-xML,-80.5248,37.3783,2010,7,2,26.27,9.4,7.59,1.24,31.48,0
US-xML,-80.5248,37.3783,2010,7,3,29.16,10.76,9.1,1.04,31.13,0
US-xML,-80.5248,37.3783,2010,7,4,31.23,13.92,12.92,1.34,29.66,0
US-xML,-80.5248,37.3783,2010,7,5,33.66,18.38,13.25,0.61,29.84,0
US-xML,-80.5248,37.3783,2010,7,6,34.65,16.17,11.92,0.93,30.64,0
US-xML,-80.5248,37.3783,2010,7,7,35.39,17.31,13.83,1.44,26.42,0
US-xML,-80.5248,37.3783,2010,7,8,34.23,19.16,15.94,1.12,22.65,1.05
US-xML,-80.5248,37.3783,2010,7,9,33.32,19.26,18.18,1.23,18.04,11.22
US-xML,-80.5248,37.3783,2010,7,10,29.11,17.78,15.3,2,23.92,1.02
US-xML,-80.5248,37.3783,2010,7,11,30.9,15.22,12.03,1.22,29.1,0
US-xML,-80.5248,37.3783,2010,7,12,26.64,17.62,18.14,1.44,7.89,24.85
US-xML,-80.5248,37.3783,2010,7,13,24.3,17.96,20,1.42,14.97,13.66
US-xML,-80.5248,37.3783,2010,7,14,28.12,17.5,17.36,1.78,23.21,0.5
US-xML,-80.5248,37.3783,2010,7,15,30.73,17.8,16.73,0.86,26.46,0
US-xML,-80.5248,37.3783,2010,7,16,31.6,18.19,18.14,1.55,25.01,0.44
US-xML,-80.5248,37.3783,2010,7,17,25.6,19.04,19.08,1.41,16.94,6.59
US-xML,-80.5248,37.3783,2010,7,18,28.44,18.89,19.66,1.49,22.14,4.66
US-xML,-80.5248,37.3783,2010,7,19,28.32,20.2,20.25,1.66,19.41,5.41
US-xML,-80.5248,37.3783,2010,7,20,29.26,18.82,19.76,1.62,21.22,11.2
US-xML,-80.5248,37.3783,2010,7,21,27.67,20.65,20.75,2.12,18.13,5.96
US-xML,-80.5248,37.3783,2010,7,22,28.08,19.77,20.15,1.35,20.97,0.3
US-xML,-80.5248,37.3783,2010,7,23,32.19,19.37,20.26,1.6,25.04,0.12
US-xML,-80.5248,37.3783,2010,7,24,32.37,20,19.65,1.83,28.34,0
US-xML,-80.5248,37.3783,2010,7,25,31.94,19.34,20.39,1.96,24.96,4.56
US-xML,-80.5248,37.3783,2010,7,26,30.65,18.8,18.11,1.24,24.75,0.36
US-xML,-80.5248,37.3783,2010,7,27,31.06,17.98,17.85,1.09,16.93,2.94
US-xML,-80.5248,37.3783,2010,7,28,30.46,18.5,19.38,1.26,21,1.7
US-xML,-80.5248,37.3783,2010,7,29,30.37,19.76,20.43,1.84,19.99,3.54
US-xML,-80.5248,37.3783,2010,7,30,27.85,16.31,12.62,1.41,26.47,0
US-xML,-80.5248,37.3783,2010,7,31,25.3,15.93,15.47,1.44,7.65,8.2
US-xML,-80.5248,37.3783,2010,8,1,29.19,16.17,16.52,0.86,10.42,0.91
US-xML,-80.5248,37.3783,2010,8,2,30.55,16.05,16.38,1.02,9.97,0.07
US-xML,-80.5248,37.3783,2010,8,3,32.21,17.82,18.57,1.24,19.14,0.52
US-xML,-80.5248,37.3783,2010,8,4,32.34,20.85,20.91,1.66,18.29,6.4
US-xML,-80.5248,37.3783,2010,8,5,29.41,21.68,21.75,1.74,18.19,5.2
US-xML,-80.5248,37.3783,2010,8,6,29.49,17.1,17.45,1.91,23.86,0.26
US-xML,-80.5248,37.3783,2010,8,7,29.22,14.3,12.63,1.06,23.93,0
US-xML,-80.5248,37.3783,2010,8,8,30.91,15.58,14.81,1.1,21.39,0
US-xML,-80.5248,37.3783,2010,8,9,33.61,16.48,15.66,1.07,22.77,0
US-xML,-80.5248,37.3783,2010,8,10,34.02,17.81,16.96,1.52,22.21,0.55
US-xML,-80.5248,37.3783,2010,8,11,31.64,19.62,20.15,1.5,17.54,11.14
US-xML,-80.5248,37.3783,2010,8,12,32.45,20.99,20.2,1.58,23.53,0.26
US-xML,-80.5248,37.3783,2010,8,13,33.75,19.93,18.62,1.12,23.74,1.06
US-xML,-80.5248,37.3783,2010,8,14,29.98,19.78,19.9,1.93,11.3,4.62
US-xML,-80.5248,37.3783,2010,8,15,31.12,20.13,20.27,1.22,15.93,9.79
US-xML,-80.5248,37.3783,2010,8,16,31.97,19.97,19.97,0.87,18.12,4.31
US-xML,-80.5248,37.3783,2010,8,17,30.65,18.49,19.08,0.54,15.32,2.15
US-xML,-80.5248,37.3783,2010,8,18,29.15,19.51,19.08,0.98,10.03,19.46
US-xML,-80.5248,37.3783,2010,8,19,30.02,17.61,18.82,0.85,12.86,5.81
US-xML,-80.5248,37.3783,2010,8,20,30.56,14.43,14.36,1.36,24.45,0
US-xML,-80.5248,37.3783,2010,8,21,30.11,16.07,16.43,1.96,14.99,2.31
US-xML,-80.5248,37.3783,2010,8,22,28.51,17.51,17.42,1.86,18.42,2.96
US-xML,-80.5248,37.3783,2010,8,23,27.23,15.75,15.25,1.55,22.28,0.76
US-xML,-80.5248,37.3783,2010,8,24,25.31,15.7,16.39,1.05,9.82,14.27
US-xML,-80.5248,37.3783,2010,8,25,25.72,15.34,15.09,1.26,18.28,1.39
US-xML,-80.5248,37.3783,2010,8,26,26.17,14.87,15.47,1.37,20.37,4.34
US-xML,-80.5248,37.3783,2010,8,27,28.59,12.37,12.6,1.1,20.36,0.01
US-xML,-80.5248,37.3783,2010,8,28,30.77,16.13,14.09,0.78,21.16,0.02
US-xML,-80.5248,37.3783,2010,8,29,31.17,17.78,15.86,1.23,23.26,0
US-xML,-80.5248,37.3783,2010,8,30,33.04,16.07,13.13,1.27,24.76,0
US-xML,-80.5248,37.3783,2010,8,31,33.69,17.1,11.42,1,25.49,0
US-xML,-80.5248,37.3783,2010,9,1,33.39,16.78,11.23,1.27,25.16,0
US-xML,-80.5248,37.3783,2010,9,2,33.08,17.51,11.78,1.35,23.11,0
US-xML,-80.5248,37.3783,2010,9,3,31.13,15.54,13.48,2.39,20.64,1.77
US-xML,-80.5248,37.3783,2010,9,4,22.92,12.2,7.54,2.79,25.35,0
US-xML,-80.5248,37.3783,2010,9,5,24.45,8.17,4.37,1.48,25.45,0
US-xML,-80.5248,37.3783,2010,9,6,28.79,9.46,7.3,1.7,24.04,0
US-xML,-80.5248,37.3783,2010,9,7,31.57,13.03,11.1,1.62,23.93,0.01
US-xML,-80.5248,37.3783,2010,9,8,27.23,13.87,11.33,2.33,18.44,0.82
US-xML,-80.5248,37.3783,2010,9,9,25.02,9.71,5.84,2.06,24.45,0
US-xML,-80.5248,37.3783,2010,9,10,25.92,8.46,5.06,1.62,23.94,0
US-xML,-80.5248,37.3783,2010,9,11,18.2,11.4,10.78,1.72,6.6,4.62
US-xML,-80.5248,37.3783,2010,9,12,24.59,12.45,12.01,2.23,19.49,1.09
US-xML,-80.5248,37.3783,2010,9,13,26.83,8.73,7.74,1.95,23.4,0
US-xML,-80.5248,37.3783,2010,9,14,27.47,14.26,8.79,2.23,22.43,0
US-xML,-80.5248,37.3783,2010,9,15,29.96,13.91,7.89,1.53,21.72,0.01
US-xML,-80.5248,37.3783,2010,9,16,29.29,15.89,11.93,2.44,10.27,2.05
US-xML,-80.5248,37.3783,2010,9,17,26.47,11.93,12.81,1.71,17.34,0.11
US-xML,-80.5248,37.3783,2010,9,18,28.79,9.32,8.33,1.39,22.31,0
US-xML,-80.5248,37.3783,2010,9,19,31.43,13.98,8.2,1.58,21.91,0
US-xML,-80.5248,37.3783,2010,9,20,28.97,13.67,11.28,1.73,20.29,0
US-xML,-80.5248,37.3783,2010,9,21,30.63,12.43,11.21,1.72,19.63,0
US-xML,-80.5248,37.3783,2010,9,22,31.34,15.52,14.77,1.7,16.76,0.52
US-xML,-80.5248,37.3783,2010,9,23,33.07,15.18,13.31,1.29,19.57,0
US-xML,-80.5248,37.3783,2010,9,24,31.36,16.68,11.88,1.86,20.36,0
US-xML,-80.5248,37.3783,2010,9,25,27.77,14.45,10.41,1.77,17.74,2.11
US-xML,-80.5248,37.3783,2010,9,26,17.04,13.41,11.05,1.55,3.4,15.78
US-xML,-80.5248,37.3783,2010,9,27,18.61,12.46,15.2,1.63,5.63,27.04
US-xML,-80.5248,37.3783,2010,9,28,20.41,9.65,11.31,1.54,10.9,4.66
US-xML,-80.5248,37.3783,2010,9,29,16.01,8.59,10.54,1.48,5.92,8.51
US-xML,-80.5248,37.3783,2010,9,30,18.37,12.45,13.96,2.64,7.12,11.65
US-xML,-80.5248,37.3783,2010,10,1,18.31,6.37,6.48,2.87,20.11,1.22
US-xML,-80.5248,37.3783,2010,10,2,21.19,4.84,5.22,1.26,20.31,0
US-xML,-80.5248,37.3783,2010,10,3,13.01,6.81,6.7,1.74,6.11,0.83
US-xML,-80.5248,37.3783,2010,10,4,13.31,6.14,5.9,1.9,10.36,1.71
US-xML,-80.5248,37.3783,2010,10,5,11.33,5.23,4.41,2.54,8.79,1.47
US-xML,-80.5248,37.3783,2010,10,6,15.47,3.14,2.76,2.97,12.32,0.36
US-xML,-80.5248,37.3783,2010,10,7,21.22,6.77,4.11,2.9,19.28,0.01
US-xML,-80.5248,37.3783,2010,10,8,24.77,5.19,1.86,1.59,19.85,0
US-xML,-80.5248,37.3783,2010,10,9,26.46,6.05,4.07,1.86,19.31,0
US-xML,-80.5248,37.3783,2010,10,10,27.1,9.48,7.05,1.99,18.47,0
US-xML,-80.5248,37.3783,2010,10,11,27.09,9.42,7.27,1.69,17.91,0
US-xML,-80.5248,37.3783,2010,10,12,25.67,10.12,8.28,1.9,15.59,0.19
US-xML,-80.5248,37.3783,2010,10,13,21.5,12.36,11.8,1,11.41,4.19
US-xML,-80.5248,37.3783,2010,10,14,14.25,4.22,6.17,2.4,11.01,8.08
US-xML,-80.5248,37.3783,2010,10,15,13.43,2.83,1.69,2.6,7.4,1.32
US-xML,-80.5248,37.3783,2010,10,16,16.04,2.96,0.93,2.32,18.33,0
US-xML,-80.5248,37.3783,2010,10,17,21.96,4.62,2.97,2.04,17.47,0
US-xML,-80.5248,37.3783,2010,10,18,21.69,6.73,6.43,1.49,12.73,0
US-xML,-80.5248,37.3783,2010,10,19,20.83,7.17,8.03,1.51,12.33,0.28
US-xML,-80.5248,37.3783,2010,10,20,17.3,5,4.84,1.35,11.68,7.05
US-xML,-80.5248,37.3783,2010,10,21,17.7,4.79,0.19,3.04,17.22,0
US-xML,-80.5248,37.3783,2010,10,22,14.94,0.89,-2.47,1.98,17.32,0
US-xML,-80.5248,37.3783,2010,10,23,24.24,3.31,1.11,1.61,16.4,0
US-xML,-80.5248,37.3783,2010,10,24,24.17,7.42,4.69,1.54,15.39,0
US-xML,-80.5248,37.3783,2010,10,25,21.29,10.47,13.13,2.16,8.39,2.92
US-xML,-80.5248,37.3783,2010,10,26,22.78,13.32,16.25,2.83,7.76,7.18
US-xML,-80.5248,37.3783,2010,10,27,18.98,10.57,13.36,1.72,6.53,14.42
US-xML,-80.5248,37.3783,2010,10,28,18.89,6.24,4.62,2.48,15.13,0.07
US-xML,-80.5248,37.3783,2010,10,29,10.83,0.26,-2.31,2.86,15.88,0
US-xML,-80.5248,37.3783,2010,10,30,17.81,-1.67,-1.91,2.08,14.29,0
US-xML,-80.5248,37.3783,2010,10,31,16.92,2.69,1.73,2.42,14.71,0
US-xML,-80.5248,37.3783,2010,11,1,14.66,-1.23,-1.36,1.18,14.65,0
US-xML,-80.5248,37.3783,2010,11,2,12.84,1.48,-0.4,1.64,12.77,0
US-xML,-80.5248,37.3783,2010,11,3,14.88,2.01,2.69,1,8.24,6.11
US-xML,-80.5248,37.3783,2010,11,4,8.64,2.42,3.96,1.76,3.43,18.2
US-xML,-80.5248,37.3783,2010,11,5,7.08,-0.24,0.59,2.22,7.17,1.63
US-xML,-80.5248,37.3783,2010,11,6,6.03,-5.74,-5.66,1.86,11.35,0.04
US-xML,-80.5248,37.3783,2010,11,7,8.13,-5.94,-5.74,1.82,14.13,0
US-xML,-80.5248,37.3783,2010,11,8,14.6,-1.71,-2.14,2.83,13,0.05
US-xML,-80.5248,37.3783,2010,11,9,17.77,2.37,1.27,2.23,14.15,0
US-xML,-80.5248,37.3783,2010,11,10,18.54,2.25,1.97,1.85,13.58,0
US-xML,-80.5248,37.3783,2010,11,11,18.8,2.83,1.82,1.61,13.85,0
US-xML,-80.5248,37.3783,2010,11,12,17.81,2.88,-3.02,1.47,13.83,0
US-xML,-80.5248,37.3783,2010,11,13,19.94,3.16,-1.75,1.29,13.35,0
US-xML,-80.5248,37.3783,2010,11,14,17.97,0.97,2.02,1.64,11.02,0.23
US-xML,-80.5248,37.3783,2010,11,15,10.26,4.88,6.87,0.9,5.81,6.1
US-xML,-80.5248,37.3783,2010,11,16,15.04,6.81,9.97,3.07,2.27,10.07
US-xML,-80.5248,37.3783,2010,11,17,10.42,-0.61,1.05,3.22,12.32,0.31
US-xML,-80.5248,37.3783,2010,11,18,7.93,-1.38,1.08,1.88,4.24,0.07
US-xML,-80.5248,37.3783,2010,11,19,12.09,-0.34,0.01,1.25,12.04,0
US-xML,-80.5248,37.3783,2010,11,20,14.9,-0.15,3.48,1.95,10.67,0
US-xML,-80.5248,37.3783,2010,11,21,16.28,2.24,5.2,1.55,10.24,0
US-xML,-80.5248,37.3783,2010,11,22,18.44,2.18,6.63,1.88,11.44,0
US-xML,-80.5248,37.3783,2010,11,23,15.17,3.81,7.95,2.14,3.82,1.62
US-xML,-80.5248,37.3783,2010,11,24,10.58,-4.2,-3.94,1.6,8.01,0.09
US-xML,-80.5248,37.3783,2010,11,25,16.53,3.57,4.89,3.02,8.97,0.09
US-xML,-80.5248,37.3783,2010,11,26,11.49,-3.88,-0.84,3.57,4.14,4.32
US-xML,-80.5248,37.3783,2010,11,27,3.59,-6.05,-6.75,3.36,8.81,0.01
US-xML,-80.5248,37.3783,2010,11,28,6.92,-6.04,-6.16,1.26,12.31,0
US-xML,-80.5248,37.3783,2010,11,29,9.57,-4.84,-1.89,2.25,8.84,0.61
US-xML,-80.5248,37.3783,2010,11,30,14.43,1.88,8.94,3.8,1.94,27.6
US-xML,-80.5248,37.3783,2010,12,1,12.62,-4.73,-3.75,3.73,4.9,29.01
US-xML,-80.5248,37.3783,2010,12,2,-0.57,-6.44,-7.12,2.2,5.28,0.02
US-xML,-80.5248,37.3783,2010,12,3,1.8,-5.72,-5.09,1.98,4.41,0.03
US-xML,-80.5248,37.3783,2010,12,4,1.01,-4.7,-5.61,1.21,3.9,5.24
US-xML,-80.5248,37.3783,2010,12,5,-3.62,-5.74,-7.48,4.19,5.5,0.93
US-xML,-80.5248,37.3783,2010,12,6,-5.46,-9.96,-10.29,4.47,5.77,0.52
US-xML,-80.5248,37.3783,2010,12,7,-7.23,-10.36,-11.84,3.99,6.98,0.08
US-xML,-80.5248,37.3783,2010,12,8,-3.95,-11.22,-11.39,2.8,7.51,0
US-xML,-80.5248,37.3783,2010,12,9,-0.2,-12.16,-10.44,1.47,10.8,0
US-xML,-80.5248,37.3783,2010,12,10,4.38,-5.63,-6.15,1.84,8.33,0.01
US-xML,-80.5248,37.3783,2010,12,11,4.65,-1.97,-4.49,1.83,7.03,0.05
US-xML,-80.5248,37.3783,2010,12,12,1.99,-7.59,-2.99,2.85,2.64,6.42
US-xML,-80.5248,37.3783,2010,12,13,-8,-12.91,-13.08,5.34,5.67,0.78
US-xML,-80.5248,37.3783,2010,12,14,-9.85,-14.6,-15.08,5.11,10.17,0.09
US-xML,-80.5248,37.3783,2010,12,15,-4.99,-12.44,-12.54,2.86,10.73,0.01
US-xML,-80.5248,37.3783,2010,12,16,-0.5,-9.96,-5.56,1.59,2.83,15.07
US-xML,-80.5248,37.3783,2010,12,17,-2.05,-9.8,-6.32,2.2,5.01,0.28
US-xML,-80.5248,37.3783,2010,12,18,-2,-12.36,-8.5,1.56,4.37,0.33
US-xML,-80.5248,37.3783,2010,12,19,-3.8,-12.97,-10.22,2.29,6.13,0.02
US-xML,-80.5248,37.3783,2010,12,20,-4.32,-10.75,-8.91,2.48,6.35,0.02
US-xML,-80.5248,37.3783,2010,12,21,0.66,-9.23,-4.53,1.4,3.94,0.09
US-xML,-80.5248,37.3783,2010,12,22,1.1,-4.59,-1.4,2.68,2.03,1.21
US-xML,-80.5248,37.3783,2010,12,23,-3.37,-6.21,-6.94,4.29,5.37,0.13
US-xML,-80.5248,37.3783,2010,12,24,-0.95,-8.36,-7.56,2.38,8.21,0.41
US-xML,-80.5248,37.3783,2010,12,25,-2.41,-7.17,-6.65,1.1,2.38,3.01
US-xML,-80.5248,37.3783,2010,12,26,-5.57,-10.24,-8.83,3.52,3.73,1.04
US-xML,-80.5248,37.3783,2010,12,27,-7.88,-9.19,-10.41,5.53,8.31,0.27
US-xML,-80.5248,37.3783,2010,12,28,-1.76,-9.66,-8.76,3.22,10.95,0
US-xML,-80.5248,37.3783,2010,12,29,1.19,-9.29,-5.92,1.9,6.11,0.06
US-xML,-80.5248,37.3783,2010,12,30,5.05,-5.46,-2.44,1.68,6.24,0.55
US-xML,-80.5248,37.3783,2010,12,31,11.2,-1.39,2.52,1.68,8.08,0.02
US-xML,-80.5248,37.3783,2011,1,1,7.28,1.52,4.57,2.09,2.64,2.83
US-xML,-80.5248,37.3783,2011,1,2,5.3,-6.11,-3.76,3.15,6.07,0.89
US-xML,-80.5248,37.3783,2011,1,3,2.96,-6.54,-9.36,2.07,11.67,0
US-xML,-80.5248,37.3783,2011,1,4,5.21,-6.01,-4.84,2.45,8.17,0
US-xML,-80.5248,37.3783,2011,1,5,3.21,-6.27,-7.05,2.03,9.84,0
US-xML,-80.5248,37.3783,2011,1,6,3.01,-7.12,-6.09,1.99,8.49,0.25
US-xML,-80.5248,37.3783,2011,1,7,-1.01,-6.33,-6.07,2.32,4.56,1.01
US-xML,-80.5248,37.3783,2011,1,8,-4.89,-11.28,-10.95,3.98,5.36,1.6
US-xML,-80.5248,37.3783,2011,1,9,-4.08,-13.13,-12.9,2.78,9.85,0.01
US-xML,-80.5248,37.3783,2011,1,10,-0.9,-11.07,-10.49,1.11,6.31,0.47
US-xML,-80.5248,37.3783,2011,1,11,1.67,-8.26,-5.97,2.46,2.92,1
US-xML,-80.5248,37.3783,2011,1,12,-5.46,-8.72,-9.81,5.34,5.71,1.27
US-xML,-80.5248,37.3783,2011,1,13,-4.19,-11.12,-10.47,3.7,8.75,0.28
US-xML,-80.5248,37.3783,2011,1,14,0.34,-11.04,-9.29,1.57,9.44,0.01
US-xML,-80.5248,37.3783,2011,1,15,2.91,-8.38,-5.61,2.28,7.79,0.03
US-xML,-80.5248,37.3783,2011,1,16,2.03,-3.74,-3.89,1.95,4.84,0.03
US-xML,-80.5248,37.3783,2011,1,17,1.37,-4.74,-2.85,2.12,5.23,0.9
US-xML,-80.5248,37.3783,2011,1,18,7.26,-3.61,-0.35,1.42,7.1,0.89
US-xML,-80.5248,37.3783,2011,1,19,4.06,-2.5,-0.54,2.74,4.26,0.63
US-xML,-80.5248,37.3783,2011,1,20,5.41,-3.7,-3.82,1.96,7.19,1.11
US-xML,-80.5248,37.3783,2011,1,21,-2.51,-12.18,-12.45,4.29,11.21,0.32
US-xML,-80.5248,37.3783,2011,1,22,-2.54,-12.16,-15.15,1.56,12.34,0.02
US-xML,-80.5248,37.3783,2011,1,23,-2.85,-11.76,-11.75,2.64,11.56,0
US-xML,-80.5248,37.3783,2011,1,24,3.82,-12.39,-8.27,2.04,9,0.01
US-xML,-80.5248,37.3783,2011,1,25,7.42,-7.56,-2.93,1.56,7.59,0.69
US-xML,-80.5248,37.3783,2011,1,26,1.43,-4.52,-1.69,3.32,2.92,13.01
US-xML,-80.5248,37.3783,2011,1,27,0.6,-7.46,-6.55,2.79,8.25,0.11
US-xML,-80.5248,37.3783,2011,1,28,0.99,-6.03,-3.27,2.82,6.43,1.99
US-xML,-80.5248,37.3783,2011,1,29,7.4,-8.12,-2.31,2.47,13.33,0.23
US-xML,-80.5248,37.3783,2011,1,30,10.4,-3.03,-1.1,1.56,12.63,0.06
US-xML,-80.5248,37.3783,2011,1,31,3.38,-3.32,-2.2,2.53,5.44,0.01
US-xML,-80.5248,37.3783,2011,2,1,9.31,-2.31,1.16,2.64,7.37,6.32
US-xML,-80.5248,37.3783,2011,2,2,6.61,-6.25,-2.39,5.3,12.74,1.53
US-xML,-80.5248,37.3783,2011,2,3,1.05,-6.6,-9.24,2.78,10.32,0
US-xML,-80.5248,37.3783,2011,2,4,3.3,-4.12,-4.42,1,6.99,0.14
US-xML,-80.5248,37.3783,2011,2,5,5.06,-2.13,-0.78,3.36,5.45,0.37
US-xML,-80.5248,37.3783,2011,2,6,6.44,-3.61,-4.04,2.04,12.72,0.01
US-xML,-80.5248,37.3783,2011,2,7,9.57,-2.69,-0.57,1.72,6.51,0.55
US-xML,-80.5248,37.3783,2011,2,8,0.18,-8.41,-8.64,4.96,10.93,0.48
US-xML,-80.5248,37.3783,2011,2,9,-1.63,-9.96,-10.7,1.5,9.37,1.2
US-xML,-80.5248,37.3783,2011,2,10,0.04,-9.78,-11.7,2.63,15.43,0.19
US-xML,-80.5248,37.3783,2011,2,11,3.18,-13.65,-11.56,2.17,15.5,0
US-xML,-80.5248,37.3783,2011,2,12,2.97,-9.36,-6.92,3.4,13.18,0.01
US-xML,-80.5248,37.3783,2011,2,13,9.98,-6.92,-2.92,2.73,15.55,0
US-xML,-80.5248,37.3783,2011,2,14,10.09,-0.2,0.05,4.79,15.93,0
US-xML,-80.5248,37.3783,2011,2,15,9.27,-4.66,-4.97,2.2,14.14,0
US-xML,-80.5248,37.3783,2011,2,16,14.63,-2.04,-0.54,2.09,14.71,0
US-xML,-80.5248,37.3783,2011,2,17,16.96,-0.73,5.25,2.24,15.42,0
US-xML,-80.5248,37.3783,2011,2,18,17.29,2.61,7.35,3.65,5.84,0.42
US-xML,-80.5248,37.3783,2011,2,19,9.02,-3.71,-5.14,4.09,17.6,0
US-xML,-80.5248,37.3783,2011,2,20,10.71,-5.46,-6.01,2.45,7.35,0.11
US-xML,-80.5248,37.3783,2011,2,21,15.5,4.85,8.28,3.81,6.65,2.36
US-xML,-80.5248,37.3783,2011,2,22,10.86,-2.29,1.68,2.73,6.45,1.17
US-xML,-80.5248,37.3783,2011,2,23,10.44,-2.89,-1.46,1.2,10.41,0.04
US-xML,-80.5248,37.3783,2011,2,24,7.16,-1.26,2.32,2.22,3.63,20.4
US-xML,-80.5248,37.3783,2011,2,25,12.57,-3.4,2.42,5.09,10.02,4.83
US-xML,-80.5248,37.3783,2011,2,26,10.57,-4.75,-2.16,2.34,17.15,0
US-xML,-80.5248,37.3783,2011,2,27,16.08,-0.65,8.05,2.49,9.31,0.97
US-xML,-80.5248,37.3783,2011,2,28,19.16,-0.68,9.7,3.97,3.29,24.22
US-xML,-80.5248,37.3783,2011,3,1,11.01,-6.28,-6.4,1.92,19.74,0.06
US-xML,-80.5248,37.3783,2011,3,2,11.85,-3.79,-2.02,2.5,19.51,0
US-xML,-80.5248,37.3783,2011,3,3,9.71,-4.85,-5.77,2.36,18.92,0
US-xML,-80.5248,37.3783,2011,3,4,10.33,-3.57,-2.62,3.04,16.6,0
US-xML,-80.5248,37.3783,2011,3,5,10.24,2.68,6.5,3.45,4.15,8.52
US-xML,-80.5248,37.3783,2011,3,6,9.97,-2.84,2,4.08,3.22,41.36
US-xML,-80.5248,37.3783,2011,3,7,7.77,-7.26,-6.09,2.44,20.07,0.16
US-xML,-80.5248,37.3783,2011,3,8,6.42,-4.09,-3.87,2.48,13.25,0.01
US-xML,-80.5248,37.3783,2011,3,9,6.62,-0.93,1.71,4,2.6,16.39
US-xML,-80.5248,37.3783,2011,3,10,11.78,-0.61,4.78,2.98,3.75,16
US-xML,-80.5248,37.3783,2011,3,11,2.83,-2.68,-3.27,3.94,9.52,0.36
US-xML,-80.5248,37.3783,2011,3,12,15.25,-2.67,2.65,3.58,20.72,0
US-xML,-80.5248,37.3783,2011,3,13,13.49,-0.47,2.12,3.06,20.95,0
US-xML,-80.5248,37.3783,2011,3,14,8.26,-1.84,0.98,1.36,6.77,1.47
US-xML,-80.5248,37.3783,2011,3,15,6.76,1.21,1.84,2.86,4.24,4.11
US-xML,-80.5248,37.3783,2011,3,16,10.64,2.41,2.8,2.31,8.59,0.14
US-xML,-80.5248,37.3783,2011,3,17,17.29,-0.81,3.55,1.74,21.56,0
US-xML,-80.5248,37.3783,2011,3,18,20.83,6.27,11.58,2.92,16.47,5.11
US-xML,-80.5248,37.3783,2011,3,19,15.19,0.3,3.34,2.66,22.11,1.91
US-xML,-80.5248,37.3783,2011,3,20,12.36,-1.01,2.75,2.68,11.71,0.01
US-xML,-80.5248,37.3783,2011,3,21,20.08,5.14,11.36,3.51,14.46,0.9
US-xML,-80.5248,37.3783,2011,3,22,20.66,12.35,13.31,2.87,13.51,0.05
US-xML,-80.5248,37.3783,2011,3,23,18.98,9.4,12.2,2.63,12.88,11.26
US-xML,-80.5248,37.3783,2011,3,24,10.36,-0.53,1.76,3.82,10.51,3.82
US-xML,-80.5248,37.3783,2011,3,25,7.89,-3.11,-3.02,1.83,11.17,0
US-xML,-80.5248,37.3783,2011,3,26,9.36,-3.43,-0.44,1.19,7.88,1.32
US-xML,-80.5248,37.3783,2011,3,27,7.28,-2.97,-1.38,1.67,5.06,2.08
US-xML,-80.5248,37.3783,2011,3,28,9.19,-4.96,-3.45,1.47,14.57,1.6
US-xML,-80.5248,37.3783,2011,3,29,12.23,-5.08,-3.88,1.33,20.54,0.02
US-xML,-80.5248,37.3783,2011,3,30,5.08,0.98,1.49,2.17,3.45,5.61
US-xML,-80.5248,37.3783,2011,3,31,9.08,-1.36,1.18,1.13,4.43,2.61
US-xML,-80.5248,37.3783,2011,4,1,6.47,-2.16,-2.26,3.04,13.16,1.07
US-xML,-80.5248,37.3783,2011,4,2,7.89,0.93,0.99,3.82,14.4,2.63
US-xML,-80.5248,37.3783,2011,4,3,17.15,0.57,2.72,2.25,24.09,0
US-xML,-80.5248,37.3783,2011,4,4,23.66,6.38,10.36,3.71,20.58,0.25
US-xML,-80.5248,37.3783,2011,4,5,16.47,0.45,1.54,4.33,15.37,24.75
US-xML,-80.5248,37.3783,2011,4,6,15.93,-2.1,1.55,2.3,25.76,0
US-xML,-80.5248,37.3783,2011,4,7,20.97,3.43,6.95,1.74,23.93,0
US-xML,-80.5248,37.3783,2011,4,8,19.7,7.78,11.81,1.73,10.42,11.67
US-xML,-80.5248,37.3783,2011,4,9,20.82,8.72,12.94,1.42,9.64,17.79
US-xML,-80.5248,37.3783,2011,4,10,25.14,8.44,13.48,1.61,21.71,0.21
US-xML,-80.5248,37.3783,2011,4,11,24.74,13.97,15.71,2.56,19.19,1.6
US-xML,-80.5248,37.3783,2011,4,12,17.4,6.26,9.9,3.04,10.13,13.66
US-xML,-80.5248,37.3783,2011,4,13,12.17,3.78,4.85,2.87,16.41,0.84
US-xML,-80.5248,37.3783,2011,4,14,20.81,2.03,3.98,1.28,26.56,0
US-xML,-80.5248,37.3783,2011,4,15,17.58,4.91,7.46,3.45,16.29,0.51
US-xML,-80.5248,37.3783,2011,4,16,18.54,4.75,8.86,5.08,12.4,22.11
US-xML,-80.5248,37.3783,2011,4,17,15.48,1.13,2.58,3.83,26.64,0.21
US-xML,-80.5248,37.3783,2011,4,18,20.78,5.75,7.51,2.17,15.4,0.03
US-xML,-80.5248,37.3783,2011,4,19,24.02,9.19,12.68,2.34,12.9,0.11
US-xML,-80.5248,37.3783,2011,4,20,22.92,9.04,11.62,3.34,16.28,0.04
US-xML,-80.5248,37.3783,2011,4,21,14.14,4.73,2.29,2.53,22.87,0
US-xML,-80.5248,37.3783,2011,4,22,12.26,6.07,6.78,2.67,4.98,6.78
US-xML,-80.5248,37.3783,2011,4,23,23.21,7.55,12.02,2.24,17.01,1
US-xML,-80.5248,37.3783,2011,4,24,24.65,9.68,13.93,2.25,20.88,0.51
US-xML,-80.5248,37.3783,2011,4,25,25.15,11.82,14.95,2.2,21.73,0.83
US-xML,-80.5248,37.3783,2011,4,26,24.29,15.2,16.14,2.75,15.95,2.12
US-xML,-80.5248,37.3783,2011,4,27,23.82,16.75,17.23,3.7,12.06,10.5
US-xML,-80.5248,37.3783,2011,4,28,19.56,7.57,9.87,3.35,20.56,21.41
US-xML,-80.5248,37.3783,2011,4,29,17.25,5.46,6.69,2.83,20.32,0.02
US-xML,-80.5248,37.3783,2011,4,30,21.59,4.44,5.56,1.12,26.71,0
US-xML,-80.5248,37.3783,2011,5,1,18.52,7.31,10.43,1.83,10.97,3.19
US-xML,-80.5248,37.3783,2011,5,2,24.18,10.08,13.39,1.8,20.52,0.03
US-xML,-80.5248,37.3783,2011,5,3,23.38,5.43,12.64,2.75,19,8.58
US-xML,-80.5248,37.3783,2011,5,4,11.27,1.27,2.77,2.59,17.97,8.16
US-xML,-80.5248,37.3783,2011,5,5,15.86,1.31,1.13,1.63,29.66,0
US-xML,-80.5248,37.3783,2011,5,6,15.9,3.51,5.02,2.02,17.86,0.17
US-xML,-80.5248,37.3783,2011,5,7,19.57,4.89,7.43,1.53,21.95,1.52
US-xML,-80.5248,37.3783,2011,5,8,19.22,8.56,9.93,1.58,20.44,12.21
US-xML,-80.5248,37.3783,2011,5,9,21.94,8.09,8.64,1.66,28.15,0
US-xML,-80.5248,37.3783,2011,5,10,24.06,8.55,12.68,1.34,22.55,6.7
US-xML,-80.5248,37.3783,2011,5,11,25.21,14.9,16.22,1.03,15.01,0.97
US-xML,-80.5248,37.3783,2011,5,12,22.48,14.32,16.9,1.07,13.54,2.89
US-xML,-80.5248,37.3783,2011,5,13,25.23,15.56,16.79,1.17,17.69,9.65
US-xML,-80.5248,37.3783,2011,5,14,22.28,14.56,14.85,1.43,9.93,11.07
US-xML,-80.5248,37.3783,2011,5,15,18.51,9.77,11.38,1.83,16.67,4.06
US-xML,-80.5248,37.3783,2011,5,16,16.96,8.62,9.34,1.6,15.6,3.24
US-xML,-80.5248,37.3783,2011,5,17,16.5,7.17,9.47,1.41,7.68,15.73
US-xML,-80.5248,37.3783,2011,5,18,16.78,8.5,9.45,1.08,14.21,3.57
US-xML,-80.5248,37.3783,2011,5,19,17.71,7.16,8.98,1.57,12.28,3.3
US-xML,-80.5248,37.3783,2011,5,20,20.78,9.66,11.84,1.82,15.61,0.17
US-xML,-80.5248,37.3783,2011,5,21,24.71,10.34,13.15,1.21,26.92,0
US-xML,-80.5248,37.3783,2011,5,22,26.25,13.98,16.18,1.56,26.11,7.27
US-xML,-80.5248,37.3783,2011,5,23,24.63,15.93,16.79,1.88,17.32,1.1
US-xML,-80.5248,37.3783,2011,5,24,22.55,15.07,16.54,1.77,14.19,4.1
US-xML,-80.5248,37.3783,2011,5,25,25.91,15.04,17.22,1.53,24.19,0.04
US-xML,-80.5248,37.3783,2011,5,26,25.79,15.19,16.06,2.08,23.76,15.78
US-xML,-80.5248,37.3783,2011,5,27,21.92,15.5,15.89,1.6,14.93,7.68
US-xML,-80.5248,37.3783,2011,5,28,25.61,14.27,15.43,1.17,24.81,0.51
US-xML,-80.5248,37.3783,2011,5,29,28.45,13.85,16.21,1.27,27.3,0
US-xML,-80.5248,37.3783,2011,5,30,31.04,14.85,16.89,1.39,29.04,0
US-xML,-80.5248,37.3783,2011,5,31,29.13,18.98,17.34,1.38,29.25,0
US-xML,-80.5248,37.3783,2011,6,1,26.71,17.11,19.04,1.8,25.88,0.29
US-xML,-80.5248,37.3783,2011,6,2,25.62,13.49,13.61,1.72,28.59,0
US-xML,-80.5248,37.3783,2011,6,3,24.79,11.7,11.64,1.47,29.68,0
US-xML,-80.5248,37.3783,2011,6,4,26.77,11.98,14.26,1.55,28.38,0.13
US-xML,-80.5248,37.3783,2011,6,5,24.9,17.06,17.48,1.46,25.52,3.91
US-xML,-80.5248,37.3783,2011,6,6,26.6,14.95,15.66,1.18,27.66,0.03
US-xML,-80.5248,37.3783,2011,6,7,27.79,15.69,16.8,1.42,22.1,3.01
US-xML,-80.5248,37.3783,2011,6,8,30.87,16.43,18.57,1.2,27.53,0.31
US-xML,-80.5248,37.3783,2011,6,9,26.03,18.54,19.65,1.22,25.37,3.04
US-xML,-80.5248,37.3783,2011,6,10,30.05,17.68,18.23,0.85,23.77,1.28
US-xML,-80.5248,37.3783,2011,6,11,27.35,17.62,17.8,1.31,25.25,3.9
US-xML,-80.5248,37.3783,2011,6,12,26.5,16.96,18.11,1.42,21.43,4.81
US-xML,-80.5248,37.3783,2011,6,13,21.84,11.86,11.91,1.96,28.92,0.14
US-xML,-80.5248,37.3783,2011,6,14,21.43,9.08,10.35,1.9,25.62,0
US-xML,-80.5248,37.3783,2011,6,15,24.21,9.86,11.36,1.45,21.52,0.14
US-xML,-80.5248,37.3783,2011,6,16,25.72,13.98,14.67,1.9,20,0.72
US-xML,-80.5248,37.3783,2011,6,17,26.62,13.04,14.94,1.73,24.54,0.78
US-xML,-80.5248,37.3783,2011,6,18,26.31,15.54,17.67,1.32,16.95,5.49
US-xML,-80.5248,37.3783,2011,6,19,26.77,17.86,18.51,2.08,16.31,7.94
US-xML,-80.5248,37.3783,2011,6,20,26.59,17.23,17.71,2.02,19.12,1.81
US-xML,-80.5248,37.3783,2011,6,21,27.5,16.76,19.41,1.32,22.18,10.87
US-xML,-80.5248,37.3783,2011,6,22,28.34,17.79,19,1.51,21.36,1.03
US-xML,-80.5248,37.3783,2011,6,23,23.31,18.54,17.63,1.84,13.28,1.65
US-xML,-80.5248,37.3783,2011,6,24,25.52,15,15.73,2.16,24.29,0.62
US-xML,-80.5248,37.3783,2011,6,25,23.26,14.16,13.47,1.91,19.93,0
US-xML,-80.5248,37.3783,2011,6,26,25.66,13.32,15.35,1.14,16.9,2.2
US-xML,-80.5248,37.3783,2011,6,27,28.38,17.48,17.38,1.15,23.1,1.99
US-xML,-80.5248,37.3783,2011,6,28,26.66,19.8,20.78,1.52,17.69,4.77
US-xML,-80.5248,37.3783,2011,6,29,26.16,13.4,13.88,1.97,31.64,0.06
US-xML,-80.5248,37.3783,2011,6,30,27.05,11.37,10.73,1.5,31.56,0
US-xML,-80.5248,37.3783,2011,7,1,29.08,13.92,12.73,1.46,30.44,0
US-xML,-80.5248,37.3783,2011,7,2,31.47,17.9,14.56,1.02,27.65,0
US-xML,-80.5248,37.3783,2011,7,3,32.42,18.56,17.36,1.33,23.09,0.12
US-xML,-80.5248,37.3783,2011,7,4,25.53,18.84,19.52,1.18,15.79,9.31
US-xML,-80.5248,37.3783,2011,7,5,29.14,17.54,17.37,1.19,24.13,1.5
US-xML,-80.5248,37.3783,2011,7,6,29.88,18.4,16.74,1.06,22.77,2.84
US-xML,-80.5248,37.3783,2011,7,7,31.96,16.86,16.43,0.94,25.09,3.57
US-xML,-80.5248,37.3783,2011,7,8,26.45,19.25,20.04,1.08,16.44,21.53
US-xML,-80.5248,37.3783,2011,7,9,29.3,16.78,16.08,1.21,27.06,0.75
US-xML,-80.5248,37.3783,2011,7,10,32.11,15.72,16.88,1.18,26.12,0
US-xML,-80.5248,37.3783,2011,7,11,31.86,19.47,19.4,1.48,26.47,3.47
US-xML,-80.5248,37.3783,2011,7,12,30.52,21.47,20.82,2.08,24.47,0.46
US-xML,-80.5248,37.3783,2011,7,13,27.84,19.31,19.27,1.36,14.88,0.15
US-xML,-80.5248,37.3783,2011,7,14,28.6,16.12,13.38,1.44,27.19,0
US-xML,-80.5248,37.3783,2011,7,15,27.63,15.08,11.75,1.89,21.66,0.06
US-xML,-80.5248,37.3783,2011,7,16,25.45,13.37,14.01,1.56,8.97,0.39
US-xML,-80.5248,37.3783,2011,7,17,26.36,14.24,15.97,1.28,19.35,1.07
US-xML,-80.5248,37.3783,2011,7,18,31.73,16.07,17.07,1.34,25.47,0.39
US-xML,-80.5248,37.3783,2011,7,19,28.04,19.3,20.42,1.57,12.69,7.46
US-xML,-80.5248,37.3783,2011,7,20,32.72,20.51,20.54,1.13,22.29,1.49
US-xML,-80.5248,37.3783,2011,7,21,34.59,20.21,19.59,1.36,25.59,0.04
US-xML,-80.5248,37.3783,2011,7,22,35.33,20.29,19.75,1.08,23.13,5.31
US-xML,-80.5248,37.3783,2011,7,23,30.36,20.62,20.64,1.37,18.9,6.78
US-xML,-80.5248,37.3783,2011,7,24,30.23,20.88,20.7,1.37,19.87,6.48
US-xML,-80.5248,37.3783,2011,7,25,28.62,19.92,21.14,0.95,15.07,11.66
US-xML,-80.5248,37.3783,2011,7,26,31.05,19.07,17.86,1.48,28.27,0.49
US-xML,-80.5248,37.3783,2011,7,27,31.48,18.04,16.35,1.33,26.76,0
US-xML,-80.5248,37.3783,2011,7,28,35.04,20.09,15.9,1.13,25.61,0.05
US-xML,-80.5248,37.3783,2011,7,29,33.38,19.28,17.9,1.76,25.21,0.08
US-xML,-80.5248,37.3783,2011,7,30,32.15,18.62,19.26,1.38,20.93,7.79
US-xML,-80.5248,37.3783,2011,7,31,30.06,19.08,18.19,1.03,19.34,2.97
US-xML,-80.5248,37.3783,2011,8,1,32.85,17.01,13.53,1.5,26.82,0.27
US-xML,-80.5248,37.3783,2011,8,2,31.03,17.5,16.84,1.67,25.53,0.04
US-xML,-80.5248,37.3783,2011,8,3,31.14,17.91,17.02,2.05,14.11,0.44
US-xML,-80.5248,37.3783,2011,8,4,32.98,20.33,16.59,1.41,22.47,0.14
US-xML,-80.5248,37.3783,2011,8,5,31.76,20.09,18.71,1.72,16.72,0.54
US-xML,-80.5248,37.3783,2011,8,6,31.94,19.31,19.38,1.36,15.25,6.25
US-xML,-80.5248,37.3783,2011,8,7,30.67,20.68,20.23,2.14,16.08,2.76
US-xML,-80.5248,37.3783,2011,8,8,30.33,20.64,18.9,2.14,24.1,3.12
US-xML,-80.5248,37.3783,2011,8,9,30.07,18.73,17.63,2.25,19.36,0.3
US-xML,-80.5248,37.3783,2011,8,10,28.78,17.33,15.71,2.26,20.56,0.65
US-xML,-80.5248,37.3783,2011,8,11,29.27,15.05,12.65,1.48,25.25,0
US-xML,-80.5248,37.3783,2011,8,12,31.85,13.7,12.37,1,23.55,0.39
US-xML,-80.5248,37.3783,2011,8,13,30.5,17.7,16.83,1.21,18.28,3.62
US-xML,-80.5248,37.3783,2011,8,14,29.19,16.98,15.96,1.45,20.05,2.34
US-xML,-80.5248,37.3783,2011,8,15,24.24,15.6,14.68,2.21,11.6,2.87
US-xML,-80.5248,37.3783,2011,8,16,28.62,15.1,12.64,1.66,23.57,0.01
US-xML,-80.5248,37.3783,2011,8,17,31.06,14.01,11.77,1.57,21.4,0
US-xML,-80.5248,37.3783,2011,8,18,30.69,15.4,11.95,1.27,19.79,2.79
US-xML,-80.5248,37.3783,2011,8,19,27.82,16.47,14.56,1.22,17.32,2.6
US-xML,-80.5248,37.3783,2011,8,20,32.6,16.52,13.46,0.94,24.4,0
US-xML,-80.5248,37.3783,2011,8,21,30.29,18.27,16.75,1.74,16.24,6.57
US-xML,-80.5248,37.3783,2011,8,22,26.39,13,11.21,2.24,25.25,0.57
US-xML,-80.5248,37.3783,2011,8,23,27.73,12.31,6.43,1.19,24.53,0
US-xML,-80.5248,37.3783,2011,8,24,30.34,12.6,13.07,1.72,21.53,0.07
US-xML,-80.5248,37.3783,2011,8,25,32.25,18.76,17.35,1.82,15.93,4.71
US-xML,-80.5248,37.3783,2011,8,26,32.36,18.21,18.14,0.87,16.81,0.9
US-xML,-80.5248,37.3783,2011,8,27,30.07,19.64,16.99,3.04,14.01,0.08
US-xML,-80.5248,37.3783,2011,8,28,26.92,15.14,11.3,2.63,22.18,0
US-xML,-80.5248,37.3783,2011,8,29,27.31,12.84,11.99,1.08,15.05,0.14
US-xML,-80.5248,37.3783,2011,8,30,29.72,11.81,11.26,1.19,23.77,0
US-xML,-80.5248,37.3783,2011,8,31,31.25,13.9,13.22,0.9,20.5,0
US-xML,-80.5248,37.3783,2011,9,1,33.13,14.98,14.6,1.23,19.05,0.86
US-xML,-80.5248,37.3783,2011,9,2,32.61,18.85,17.04,1.74,18.72,2.93
US-xML,-80.5248,37.3783,2011,9,3,32.67,18.46,18.79,1.06,16.06,6.02
US-xML,-80.5248,37.3783,2011,9,4,31.86,18.59,18.55,1.04,17.98,4.71
US-xML,-80.5248,37.3783,2011,9,5,24.24,17.28,19.02,0.74,4.9,50.58
US-xML,-80.5248,37.3783,2011,9,6,21.31,17.17,19.31,2,5.2,31.06
US-xML,-80.5248,37.3783,2011,9,7,21.98,13.72,14.34,1.43,10.25,1.2
US-xML,-80.5248,37.3783,2011,9,8,23.33,12.97,14.07,0.78,14.78,0.32
US-xML,-80.5248,37.3783,2011,9,9,25,13.8,13.87,1.25,16.38,0.04
US-xML,-80.5248,37.3783,2011,9,10,24.68,13.68,13.27,1.34,21.27,0.01
US-xML,-80.5248,37.3783,2011,9,11,24.91,13.72,12.79,1.32,19.72,1.56
US-xML,-80.5248,37.3783,2011,9,12,24.33,12.5,13.75,1.37,18.41,0.98
US-xML,-80.5248,37.3783,2011,9,13,26.24,12.1,13.16,1.56,22.03,0
US-xML,-80.5248,37.3783,2011,9,14,28.47,13.72,14.3,1.11,20.57,0.24
US-xML,-80.5248,37.3783,2011,9,15,21.88,7.41,11.66,2.33,6.2,1.59
US-xML,-80.5248,37.3783,2011,9,16,15.57,4.3,1.4,1.64,11.36,0.01
US-xML,-80.5248,37.3783,2011,9,17,17.24,8.03,7.52,1.5,9.56,0.05
US-xML,-80.5248,37.3783,2011,9,18,21.16,8.49,8.45,1.25,9.83,0.01
US-xML,-80.5248,37.3783,2011,9,19,21.7,9.07,11.39,1.59,8.16,1.62
US-xML,-80.5248,37.3783,2011,9,20,23.36,11.92,13.82,0.94,11.42,3.22
US-xML,-80.5248,37.3783,2011,9,21,22.41,13.49,15.38,1.48,5.65,1.43
US-xML,-80.5248,37.3783,2011,9,22,25.28,14.82,15.67,1.08,12.24,0.16
US-xML,-80.5248,37.3783,2011,9,23,21.86,14.73,15.73,1.01,10.62,9.11
US-xML,-80.5248,37.3783,2011,9,24,22.66,12.97,15.19,1.04,7.83,1.14
US-xML,-80.5248,37.3783,2011,9,25,26.1,16.86,16.97,2.07,11.99,0.58
US-xML,-80.5248,37.3783,2011,9,26,25.82,16.24,17.87,2.51,6.98,5.6
US-xML,-80.5248,37.3783,2011,9,27,25.43,14.98,15.52,1.38,16.01,3.56
US-xML,-80.5248,37.3783,2011,9,28,22.8,11.48,11.31,1.39,14.5,1.28
US-xML,-80.5248,37.3783,2011,9,29,21.19,11.32,10.26,1.86,16.02,1.08
US-xML,-80.5248,37.3783,2011,9,30,19.09,6.24,7.9,2.51,10.87,2.21
US-xML,-80.5248,37.3783,2011,10,1,9.31,4.12,3.17,3.08,10.15,4.54
US-xML,-80.5248,37.3783,2011,10,2,11.34,2.58,1.36,3.07,12.15,1.15
US-xML,-80.5248,37.3783,2011,10,3,13.88,3.48,3.8,2.34,9.39,0.33
US-xML,-80.5248,37.3783,2011,10,4,17.9,5.68,7.5,1.87,11.77,0.02
US-xML,-80.5248,37.3783,2011,10,5,23.26,8.15,7.59,1.37,18.84,0
US-xML,-80.5248,37.3783,2011,10,6,23.05,6.98,8.33,1.46,18.76,0
US-xML,-80.5248,37.3783,2011,10,7,24.1,8.1,7.92,1.35,18.81,0
US-xML,-80.5248,37.3783,2011,10,8,22.58,6.34,6.7,1.69,19.03,0
US-xML,-80.5248,37.3783,2011,10,9,22.92,6.15,6.96,1.71,16.91,0
US-xML,-80.5248,37.3783,2011,10,10,21.73,9.12,6.86,1.54,12.37,0
US-xML,-80.5248,37.3783,2011,10,11,17.44,10.83,9.91,1.97,6.52,10.06
US-xML,-80.5248,37.3783,2011,10,12,21,12,13.68,1.4,7.15,13.75
US-xML,-80.5248,37.3783,2011,10,13,21.02,12.73,14.77,1.7,7.15,11.34
US-xML,-80.5248,37.3783,2011,10,14,15.97,9.33,6.87,3.32,14.68,2.14
US-xML,-80.5248,37.3783,2011,10,15,15.95,7.14,2.23,3.26,18.29,0
US-xML,-80.5248,37.3783,2011,10,16,22.06,4.58,4.23,2.49,17.67,0
US-xML,-80.5248,37.3783,2011,10,17,21.63,12.19,9.02,2.44,15.9,0
US-xML,-80.5248,37.3783,2011,10,18,24.66,10.7,10.36,1.75,13.51,0.54
US-xML,-80.5248,37.3783,2011,10,19,18.59,5.37,11.33,2.79,3.89,10.29
US-xML,-80.5248,37.3783,2011,10,20,9.74,4.08,2.08,3.69,8.96,0.98
US-xML,-80.5248,37.3783,2011,10,21,14.02,2.86,1.79,2.25,13.28,0.01
US-xML,-80.5248,37.3783,2011,10,22,15.61,0.92,1.68,1.64,16.66,0
US-xML,-80.5248,37.3783,2011,10,23,17.31,1.93,1.29,0.96,16.04,0
US-xML,-80.5248,37.3783,2011,10,24,19.62,6.9,5.78,1.74,14.24,0.3
US-xML,-80.5248,37.3783,2011,10,25,20.14,5.03,4.56,1.39,16.25,0.21
US-xML,-80.5248,37.3783,2011,10,26,19.67,6.07,7.25,1.99,8.16,0.95
US-xML,-80.5248,37.3783,2011,10,27,16.86,5.09,8.59,2.73,6.05,4.07
US-xML,-80.5248,37.3783,2011,10,28,4.64,0.19,0.53,1.72,3.56,7.29
US-xML,-80.5248,37.3783,2011,10,29,4.27,-2.45,-0.62,2.25,7.77,6.07
US-xML,-80.5248,37.3783,2011,10,30,11.35,-3.82,-1.61,1.39,15.21,0
US-xML,-80.5248,37.3783,2011,10,31,7.98,-2.24,-1.1,1.5,8.14,0.04
US-xML,-80.5248,37.3783,2011,11,1,14.61,-1.14,-0.74,1.5,15.26,0
US-xML,-80.5248,37.3783,2011,11,2,17.54,-1.33,0.81,1.46,15.37,0
US-xML,-80.5248,37.3783,2011,11,3,17.02,0.38,1.59,1.64,14.61,6.72
US-xML,-80.5248,37.3783,2011,11,4,13.82,1.03,4.78,2.12,8.54,1.57
US-xML,-80.5248,37.3783,2011,11,5,10.17,-3.84,-4.6,1.91,15.13,0
US-xML,-80.5248,37.3783,2011,11,6,14.62,-2.53,0.97,1.7,14.78,0
US-xML,-80.5248,37.3783,2011,11,7,18.24,1.2,3.84,1.27,14.7,0
US-xML,-80.5248,37.3783,2011,11,8,19,3.94,3.52,1.44,14.16,0
US-xML,-80.5248,37.3783,2011,11,9,18.63,1.69,6.02,1.9,11.6,0.49
US-xML,-80.5248,37.3783,2011,11,10,10.32,0.42,0.58,2.95,6.99,0.44
US-xML,-80.5248,37.3783,2011,11,11,6.25,-3.76,-5.77,2.68,11.89,0
US-xML,-80.5248,37.3783,2011,11,12,14.99,-3.87,-2.52,2.09,13.92,0
US-xML,-80.5248,37.3783,2011,11,13,14.41,0.28,0.79,2.03,6.59,0
US-xML,-80.5248,37.3783,2011,11,14,20.99,5.32,10.4,2.35,11.14,0.11
US-xML,-80.5248,37.3783,2011,11,15,18.73,12.79,13.75,2.04,3.1,6.21
US-xML,-80.5248,37.3783,2011,11,16,16.98,4.83,11.16,2.1,4.34,21.94
US-xML,-80.5248,37.3783,2011,11,17,4.79,-2.84,-3.1,3.16,5.8,3.31
US-xML,-80.5248,37.3783,2011,11,18,7.24,-6.76,-8.14,1.44,13.67,0
US-xML,-80.5248,37.3783,2011,11,19,12.52,-4.49,-3.23,1.62,12.56,0
US-xML,-80.5248,37.3783,2011,11,20,18.93,2.6,9.43,1.72,6.65,0.85
US-xML,-80.5248,37.3783,2011,11,21,17.57,9.86,12.29,1.39,3.05,2.37
US-xML,-80.5248,37.3783,2011,11,22,16.57,9.39,12.83,2.03,3.58,11.52
US-xML,-80.5248,37.3783,2011,11,23,14.05,2.45,5.11,4.06,4.44,7.05
US-xML,-80.5248,37.3783,2011,11,24,13.24,0.03,0.22,2.04,12.38,0
US-xML,-80.5248,37.3783,2011,11,25,16.33,-2.66,-1.05,2.14,11.86,0
US-xML,-80.5248,37.3783,2011,11,26,13.84,-1.18,2.83,1.81,8.44,0
US-xML,-80.5248,37.3783,2011,11,27,16.97,7.59,9.27,3.08,6.17,0.07
US-xML,-80.5248,37.3783,2011,11,28,16.06,11.16,12.13,3.7,3.05,7.41
US-xML,-80.5248,37.3783,2011,11,29,13.81,0.16,3.22,2.57,8.9,20.98
US-xML,-80.5248,37.3783,2011,11,30,3.81,-3.04,-2.38,3.46,6.18,0.65
US-xML,-80.5248,37.3783,2011,12,1,10.63,-5.23,-4.84,1.34,12.04,0
US-xML,-80.5248,37.3783,2011,12,2,10.19,-4.24,-3.05,2.05,11.71,0
US-xML,-80.5248,37.3783,2011,12,3,8.05,-3.18,-1.49,1.91,9.18,0
US-xML,-80.5248,37.3783,2011,12,4,12.04,-2.5,2.08,1.91,9.89,0
US-xML,-80.5248,37.3783,2011,12,5,13.22,3.83,7.58,2.19,4.93,2.78
US-xML,-80.5248,37.3783,2011,12,6,14.45,10.52,11.9,1.71,1.65,12.4
US-xML,-80.5248,37.3783,2011,12,7,10.41,-3.2,3.51,2.83,1.38,44.46
US-xML,-80.5248,37.3783,2011,12,8,2.28,-6.21,-5.2,2.34,11.13,0.1
US-xML,-80.5248,37.3783,2011,12,9,5.74,-6.17,-3.51,1.72,10.88,0
US-xML,-80.5248,37.3783,2011,12,10,1.7,-7.69,-5.82,2.14,8.53,0
US-xML,-80.5248,37.3783,2011,12,11,3.66,-7.73,-7.14,1.36,11.18,0
US-xML,-80.5248,37.3783,2011,12,12,6.65,-4.73,-4.7,1,10.28,0
US-xML,-80.5248,37.3783,2011,12,13,10.12,-0.85,2.2,1.92,7.94,0
US-xML,-80.5248,37.3783,2011,12,14,14.44,1.45,6,1.37,6.02,0.02
US-xML,-80.5248,37.3783,2011,12,15,16.05,6.17,9.07,2.89,6.65,0.75
US-xML,-80.5248,37.3783,2011,12,16,11.02,-2.2,1.08,2.34,2.67,6.46
US-xML,-80.5248,37.3783,2011,12,17,2.27,-5.88,-5.07,2.38,6.16,0.06
US-xML,-80.5248,37.3783,2011,12,18,3.78,-5.19,-4.41,2.34,9.55,0
US-xML,-80.5248,37.3783,2011,12,19,9.22,-4.53,-1.9,1.86,9.12,0.01
US-xML,-80.5248,37.3783,2011,12,20,9.7,0.03,4.41,1.43,4.9,0.04
US-xML,-80.5248,37.3783,2011,12,21,12.73,6.95,9.22,2.24,2.06,5.06
US-xML,-80.5248,37.3783,2011,12,22,13.53,5.54,8.45,1.57,5.14,18.31
US-xML,-80.5248,37.3783,2011,12,23,10.69,-0.37,2.22,2.74,4.02,2.38
US-xML,-80.5248,37.3783,2011,12,24,6.95,-3.63,-2.35,1.81,8.74,0.1
US-xML,-80.5248,37.3783,2011,12,25,6.22,-4.08,-2.38,2,9.18,0
US-xML,-80.5248,37.3783,2011,12,26,7.33,-1.89,-2.28,2.28,10.42,0.02
US-xML,-80.5248,37.3783,2011,12,27,8.9,-0.31,0.41,3.75,2.52,10.49
US-xML,-80.5248,37.3783,2011,12,28,2.82,-5.2,-3.74,3.8,9.59,0.5
US-xML,-80.5248,37.3783,2011,12,29,5.49,-5.2,-3.23,1.75,6.32,0
US-xML,-80.5248,37.3783,2011,12,30,12.23,-0.87,2.96,2.37,10.34,0.24
US-xML,-80.5248,37.3783,2011,12,31,8.57,0.83,3.58,2.18,5.43,0.21
US-xML,-80.5248,37.3783,2012,1,1,12.2,-1.6,2.48,3.41,5.52,1.17
US-xML,-80.5248,37.3783,2012,1,2,0.09,-7.46,-9.16,4.52,5.64,1.19
US-xML,-80.5248,37.3783,2012,1,3,-6.34,-9.37,-12.08,4.73,5.87,1.1
US-xML,-80.5248,37.3783,2012,1,4,2.43,-10.75,-8.34,2.09,6.66,0.03
US-xML,-80.5248,37.3783,2012,1,5,4.75,-1.74,-2.52,2.94,10.77,0
US-xML,-80.5248,37.3783,2012,1,6,10.69,-1.2,-0.51,2.33,11.43,0
US-xML,-80.5248,37.3783,2012,1,7,10.52,-0.81,4.36,2.39,5.53,0.13
US-xML,-80.5248,37.3783,2012,1,8,8.75,-2.51,-2.75,1.5,10.26,0
US-xML,-80.5248,37.3783,2012,1,9,3.61,-1.24,0.2,1.61,1.98,3.88
US-xML,-80.5248,37.3783,2012,1,10,9.11,-1.31,-0.67,2.15,10.58,0.02
US-xML,-80.5248,37.3783,2012,1,11,5.4,-0.73,1.52,2.52,2.08,13.8
US-xML,-80.5248,37.3783,2012,1,12,9.46,-3.18,4.5,3.13,5.29,6.22
US-xML,-80.5248,37.3783,2012,1,13,-3.43,-6.55,-10.08,4.94,6.14,0.38
US-xML,-80.5248,37.3783,2012,1,14,0.53,-6.55,-8.27,2.98,10.99,0.58
US-xML,-80.5248,37.3783,2012,1,15,-0.19,-8.27,-8.47,2.08,8.71,0.05
US-xML,-80.5248,37.3783,2012,1,16,6.39,-8.61,-3.88,2.59,8.67,0.11
US-xML,-80.5248,37.3783,2012,1,17,12.72,0.22,4.66,3.46,4.66,5.51
US-xML,-80.5248,37.3783,2012,1,18,1.19,-6.18,-6.93,3.48,6.14,0.18
US-xML,-80.5248,37.3783,2012,1,19,4.22,-5.66,-5.75,2.09,11.33,0
US-xML,-80.5248,37.3783,2012,1,20,4.67,-2.95,-1.34,2.09,6.48,6.86
US-xML,-80.5248,37.3783,2012,1,21,3.82,-3.86,0.52,2.03,3.49,12.36
US-xML,-80.5248,37.3783,2012,1,22,2.65,-3.56,-2.18,2.77,5.58,0.38
US-xML,-80.5248,37.3783,2012,1,23,4.85,-0.95,1.6,3.01,4.65,3.56
US-xML,-80.5248,37.3783,2012,1,24,9.84,-1.02,2.11,2.39,13.06,0.05
US-xML,-80.5248,37.3783,2012,1,25,9.06,-2.69,0,1.74,11.62,0.06
US-xML,-80.5248,37.3783,2012,1,26,13.48,2.12,7.81,2.91,5.48,1.2
US-xML,-80.5248,37.3783,2012,1,27,13.39,-0.13,4.23,4.37,6.07,6.21
US-xML,-80.5248,37.3783,2012,1,28,9.67,-5.24,-1.85,2.83,7.77,0.01
US-xML,-80.5248,37.3783,2012,1,29,4.84,-6.37,-6.36,2.93,14.35,0.01
US-xML,-80.5248,37.3783,2012,1,30,9.02,-4.82,-2.62,2.36,12.56,0
US-xML,-80.5248,37.3783,2012,1,31,14.5,-1.25,1.47,2.54,13.39,0
US-xML,-80.5248,37.3783,2012,2,1,15.77,2.5,6.75,2.35,4.51,3.4
US-xML,-80.5248,37.3783,2012,2,2,10.44,-1.29,4.68,2.88,11.73,3.2
US-xML,-80.5248,37.3783,2012,2,3,10.81,-2.72,-1.08,1.75,13.72,0
US-xML,-80.5248,37.3783,2012,2,4,8.27,-1.18,3.57,1.25,3.01,6.07
US-xML,-80.5248,37.3783,2012,2,5,8.03,-3.14,1.28,1.88,5.04,1.88
US-xML,-80.5248,37.3783,2012,2,6,9.5,-4.4,-1.02,1.6,9.71,0.02
US-xML,-80.5248,37.3783,2012,2,7,10.82,-3.08,-1.32,1.9,15.29,0
US-xML,-80.5248,37.3783,2012,2,8,4.36,-3.05,-1.82,2.17,4.46,2.37
US-xML,-80.5248,37.3783,2012,2,9,4.83,-5.1,-6.35,2.05,12.83,0.11
US-xML,-80.5248,37.3783,2012,2,10,4.39,-3.68,-2.75,1.16,6.6,1.29
US-xML,-80.5248,37.3783,2012,2,11,-1.45,-10.43,-8.56,5.02,8.46,1.19
US-xML,-80.5248,37.3783,2012,2,12,-3.19,-12.03,-11.29,5.17,14.42,0.12
US-xML,-80.5248,37.3783,2012,2,13,5.33,-8.25,-6.5,2.11,13.41,0
US-xML,-80.5248,37.3783,2012,2,14,8.24,-1.6,-0.13,1.88,6.03,0.47
US-xML,-80.5248,37.3783,2012,2,15,11.77,-2.6,-0.57,1.93,15.97,0.11
US-xML,-80.5248,37.3783,2012,2,16,9.66,0.95,4.71,2.41,3.9,9
US-xML,-80.5248,37.3783,2012,2,17,8.8,-2.73,-0.17,2.88,15.7,0.23
US-xML,-80.5248,37.3783,2012,2,18,12.07,-2.13,-0.97,1.86,14.36,0
US-xML,-80.5248,37.3783,2012,2,19,2.93,-2.1,-1.24,2.09,3.01,16.33
US-xML,-80.5248,37.3783,2012,2,20,5.23,-5.62,-4.53,2.07,16.54,0.18
US-xML,-80.5248,37.3783,2012,2,21,7.7,-6.4,-0.44,3,14.55,0.21
US-xML,-80.5248,37.3783,2012,2,22,13.14,2.38,4.45,2.32,10.69,11.79
US-xML,-80.5248,37.3783,2012,2,23,14.17,2.8,7.62,2.25,13.74,1.82
US-xML,-80.5248,37.3783,2012,2,24,18.79,-0.18,6.87,5.11,7.9,3.98
US-xML,-80.5248,37.3783,2012,2,25,0.76,-5.78,-6.58,4.97,11.05,0.36
US-xML,-80.5248,37.3783,2012,2,26,9.12,-6.29,-5.94,1.63,19.06,0
US-xML,-80.5248,37.3783,2012,2,27,13.6,-3.8,1.59,2.4,14.83,0
US-xML,-80.5248,37.3783,2012,2,28,15.92,-4.31,-0.34,1.82,18.62,0
US-xML,-80.5248,37.3783,2012,2,29,18.07,4.61,10.44,3.33,6.37,28.06
US-xML,-80.5248,37.3783,2012,3,1,13.73,3.25,5.57,3.72,19.35,0.65
US-xML,-80.5248,37.3783,2012,3,2,12.98,-0.46,5.9,3.1,4.18,4.15
US-xML,-80.5248,37.3783,2012,3,3,11.87,0.33,0.76,3.16,16.32,20.12
US-xML,-80.5248,37.3783,2012,3,4,2.08,-4.44,-4.29,3.21,11.83,0.41
US-xML,-80.5248,37.3783,2012,3,5,1.09,-6.2,-4.58,3.38,10.78,4.44
US-xML,-80.5248,37.3783,2012,3,6,9.89,-6.31,-3.31,2,19.18,0
US-xML,-80.5248,37.3783,2012,3,7,15.15,-3.08,3.01,2.78,20.15,0
US-xML,-80.5248,37.3783,2012,3,8,16.62,7.03,9.13,3.02,11.92,6.87
US-xML,-80.5248,37.3783,2012,3,9,8.72,-2.67,-1.32,4.13,17.13,0.92
US-xML,-80.5248,37.3783,2012,3,10,11.88,-5.22,-4.58,1.49,20.42,0
US-xML,-80.5248,37.3783,2012,3,11,16.67,-3.45,0.86,1.69,20.19,0.01
US-xML,-80.5248,37.3783,2012,3,12,18.18,0.94,8.2,2.05,11.45,1.2
US-xML,-80.5248,37.3783,2012,3,13,20.38,9.82,11.54,2.3,16.7,0.1
US-xML,-80.5248,37.3783,2012,3,14,22.43,8.68,10.85,1.7,20.19,0
US-xML,-80.5248,37.3783,2012,3,15,18.18,8.47,11.95,1.87,5.33,7.73
US-xML,-80.5248,37.3783,2012,3,16,19.26,9.84,12.07,1.62,11.79,0.45
US-xML,-80.5248,37.3783,2012,3,17,19.78,10.48,12.62,1.46,13.69,2.86
US-xML,-80.5248,37.3783,2012,3,18,20.34,11.47,12.81,1.29,10.41,1.33
US-xML,-80.5248,37.3783,2012,3,19,23.26,10.87,13.25,1.45,17.61,2.1
US-xML,-80.5248,37.3783,2012,3,20,25.29,12.37,12.97,0.98,16.86,1.72
US-xML,-80.5248,37.3783,2012,3,21,22.24,11.49,13.83,1.54,16.94,1.63
US-xML,-80.5248,37.3783,2012,3,22,24.17,11.33,13.29,1.36,18.83,0.13
US-xML,-80.5248,37.3783,2012,3,23,24.13,10.83,14.6,1.64,16.54,3.7
US-xML,-80.5248,37.3783,2012,3,24,17.8,10.11,13.01,1.99,10.09,23.37
US-xML,-80.5248,37.3783,2012,3,25,15.61,9.92,10.48,2.83,6.18,10.27
US-xML,-80.5248,37.3783,2012,3,26,15.02,0.06,4.78,3.57,21.06,0.43
US-xML,-80.5248,37.3783,2012,3,27,16.93,-3.83,-0.36,1.54,24.49,0
US-xML,-80.5248,37.3783,2012,3,28,22.07,5.73,11.2,3.41,21.61,1.23
US-xML,-80.5248,37.3783,2012,3,29,17.65,8.21,7.69,2.95,24.58,0
US-xML,-80.5248,37.3783,2012,3,30,20.99,4.94,9.62,1.8,19.05,2.32
US-xML,-80.5248,37.3783,2012,3,31,17.66,5.27,10.45,2.23,15.79,0.33
US-xML,-80.5248,37.3783,2012,4,1,19.46,4.94,8,2.38,17.95,0.15
US-xML,-80.5248,37.3783,2012,4,2,18.32,5.96,7.1,2.79,23.97,2.89
US-xML,-80.5248,37.3783,2012,4,3,23.6,3.43,10.35,1.48,18.64,5.65
US-xML,-80.5248,37.3783,2012,4,4,20.79,12.1,14.81,1.93,14.93,5.48
US-xML,-80.5248,37.3783,2012,4,5,12.69,6.92,8.52,1.33,5.44,5.24
US-xML,-80.5248,37.3783,2012,4,6,14.59,0.73,1.35,2.24,25.6,1.01
US-xML,-80.5248,37.3783,2012,4,7,15.68,-1.89,-1.44,2.01,25.04,0
US-xML,-80.5248,37.3783,2012,4,8,17.22,2.48,2.9,3.08,23.24,0
US-xML,-80.5248,37.3783,2012,4,9,16.36,1.21,2.52,3.27,22.68,0
US-xML,-80.5248,37.3783,2012,4,10,13.87,2.98,1.08,3.88,26.49,0
US-xML,-80.5248,37.3783,2012,4,11,6.39,-1.39,-3.33,3.16,12.81,0
US-xML,-80.5248,37.3783,2012,4,12,12.66,-2.28,-1.29,2.21,26.8,0
US-xML,-80.5248,37.3783,2012,4,13,16.31,1.07,0.58,1.56,26.36,0
US-xML,-80.5248,37.3783,2012,4,14,19.58,2.39,7.19,2.01,17.22,0.01
US-xML,-80.5248,37.3783,2012,4,15,24.16,8.36,11.99,2.14,24.02,0
US-xML,-80.5248,37.3783,2012,4,16,25.41,10.31,14.53,2.37,23.49,0.01
US-xML,-80.5248,37.3783,2012,4,17,19.49,9.19,7.99,2.21,15.84,2.13
US-xML,-80.5248,37.3783,2012,4,18,10.31,6.08,6.92,1.48,4.8,19.61
US-xML,-80.5248,37.3783,2012,4,19,20.67,6.09,8.18,1,13.02,0.27
US-xML,-80.5248,37.3783,2012,4,20,21.75,8.15,10.07,1.5,23.05,0
US-xML,-80.5248,37.3783,2012,4,21,19.34,7.21,10.66,1.99,12.09,3.41
US-xML,-80.5248,37.3783,2012,4,22,10.14,3.82,5.02,2.43,5.77,6.2
US-xML,-80.5248,37.3783,2012,4,23,8.28,0.79,-0.66,4.25,11.21,1.45
US-xML,-80.5248,37.3783,2012,4,24,11.89,-0.71,-1.96,3.21,26.62,0
US-xML,-80.5248,37.3783,2012,4,25,16.14,2.18,5.96,1.59,18.89,6.19
US-xML,-80.5248,37.3783,2012,4,26,18.95,9.49,14.05,2.08,6.62,38.72
US-xML,-80.5248,37.3783,2012,4,27,15.76,5.46,4.06,2.28,27.92,0.49
US-xML,-80.5248,37.3783,2012,4,28,18.12,4.18,7.2,1.88,13.34,2.86
US-xML,-80.5248,37.3783,2012,4,29,24.16,11.16,13.64,1.35,21.57,1.57
US-xML,-80.5248,37.3783,2012,4,30,24.93,12.54,15.77,1.78,18.51,6.29
US-xML,-80.5248,37.3783,2012,5,1,21.38,15.97,16.81,1.79,17.62,4.34
US-xML,-80.5248,37.3783,2012,5,2,23.29,16.42,17.46,1.73,23,0.3
US-xML,-80.5248,37.3783,2012,5,3,25.72,15.51,17.17,1.36,23.37,3.14
US-xML,-80.5248,37.3783,2012,5,4,23.93,15.29,16.48,1.75,18.63,4.05
US-xML,-80.5248,37.3783,2012,5,5,21.78,15.57,15.95,1.43,9.93,9.75
US-xML,-80.5248,37.3783,2012,5,6,24.78,14.32,15.44,0.93,19.05,1.7
US-xML,-80.5248,37.3783,2012,5,7,22.84,14.34,15.43,1.88,16.61,0.91
US-xML,-80.5248,37.3783,2012,5,8,22.3,14.16,15.75,1.88,10.38,7.98
US-xML,-80.5248,37.3783,2012,5,9,16.28,9.21,11.54,1.82,7.34,4.86
US-xML,-80.5248,37.3783,2012,5,10,15.82,5.57,6.2,2.69,22.7,0
US-xML,-80.5248,37.3783,2012,5,11,19.5,3.15,3.06,1.37,31.16,0
US-xML,-80.5248,37.3783,2012,5,12,19.07,6.73,8.21,1.37,22.19,0
US-xML,-80.5248,37.3783,2012,5,13,17.36,10.07,12.09,1.3,13.03,6.83
US-xML,-80.5248,37.3783,2012,5,14,19.9,12.9,14.91,1.31,10.93,24.44
US-xML,-80.5248,37.3783,2012,5,15,22.49,12.28,13.33,1.32,15.1,3.55
US-xML,-80.5248,37.3783,2012,5,16,23.27,11.27,11.85,1.71,25.79,0.02
US-xML,-80.5248,37.3783,2012,5,17,24.19,10.09,13.56,1.24,22.73,2.36
US-xML,-80.5248,37.3783,2012,5,18,22.59,10.95,12.38,1.34,24.41,0.13
US-xML,-80.5248,37.3783,2012,5,19,23.82,9.93,10.86,1.23,23.18,0
US-xML,-80.5248,37.3783,2012,5,20,24.14,13.66,11.4,1.32,27.66,0.02
US-xML,-80.5248,37.3783,2012,5,21,24.46,14.01,14.03,0.81,22.97,5.13
US-xML,-80.5248,37.3783,2012,5,22,21.05,12.48,14.77,1.02,16.22,6.68
US-xML,-80.5248,37.3783,2012,5,23,20.96,13.29,15.26,1.03,14.26,4.21
US-xML,-80.5248,37.3783,2012,5,24,23.59,13.32,15.4,1.38,16.64,1.16
US-xML,-80.5248,37.3783,2012,5,25,28.37,14.04,15.92,0.91,26.97,0
US-xML,-80.5248,37.3783,2012,5,26,28.07,16.5,17.06,1.26,24.55,0
US-xML,-80.5248,37.3783,2012,5,27,27.43,16.45,17.65,1.43,27.32,0.14
US-xML,-80.5248,37.3783,2012,5,28,27.83,15.65,18.08,1.31,24.99,0
US-xML,-80.5248,37.3783,2012,5,29,26.86,16.54,17.97,1.3,22.28,14.26
US-xML,-80.5248,37.3783,2012,5,30,24.77,15.81,15,1.76,28.79,1.04
US-xML,-80.5248,37.3783,2012,5,31,25.08,13.78,14.64,1.34,29.27,0.27
US-xML,-80.5248,37.3783,2012,6,1,21.94,10.42,15.4,2.25,10.47,9.15
US-xML,-80.5248,37.3783,2012,6,2,18.44,8.4,7.6,2.08,21.32,0.16
US-xML,-80.5248,37.3783,2012,6,3,20.54,7.54,10.39,2.19,24.96,0.48
US-xML,-80.5248,37.3783,2012,6,4,21.93,12.95,12.34,2.24,23.59,2.16
US-xML,-80.5248,37.3783,2012,6,5,19.68,9.59,11.12,0.91,19.36,3.74
US-xML,-80.5248,37.3783,2012,6,6,16.36,12.07,11.23,1.14,14.33,7.38
US-xML,-80.5248,37.3783,2012,6,7,21.94,9.49,10.59,1.43,26.91,0.06
US-xML,-80.5248,37.3783,2012,6,8,23.33,9.74,11.09,1.61,28.9,0
US-xML,-80.5248,37.3783,2012,6,9,25.6,13.73,12.24,1.26,28.25,0
US-xML,-80.5248,37.3783,2012,6,10,23.69,14.28,15.07,1.47,25.53,0.01
US-xML,-80.5248,37.3783,2012,6,11,22.71,14.48,17.63,1.73,11.17,13.69
US-xML,-80.5248,37.3783,2012,6,12,26.63,17.15,18.8,1.43,20.08,4.27
US-xML,-80.5248,37.3783,2012,6,13,23.34,11.79,13.96,1.73,27.91,0.05
US-xML,-80.5248,37.3783,2012,6,14,23.51,9.05,11.55,1.33,30.49,0
US-xML,-80.5248,37.3783,2012,6,15,23.79,12.95,13.94,1.42,24.87,0
US-xML,-80.5248,37.3783,2012,6,16,23.81,11.85,12.52,1.34,28.16,0
US-xML,-80.5248,37.3783,2012,6,17,21.33,11.43,14.49,1.22,18.66,4.35
US-xML,-80.5248,37.3783,2012,6,18,25.88,15.41,17.54,1.23,18.47,4.62
US-xML,-80.5248,37.3783,2012,6,19,29.22,15.02,17.16,0.97,27.05,0.05
US-xML,-80.5248,37.3783,2012,6,20,30.29,17.13,17.48,1,26.55,0.67
US-xML,-80.5248,37.3783,2012,6,21,29.81,17.53,18.34,1.29,23.37,5.61
US-xML,-80.5248,37.3783,2012,6,22,27.94,17.37,17.6,1.46,19.91,2.14
US-xML,-80.5248,37.3783,2012,6,23,26.47,15.52,13.45,1.32,28.55,0
US-xML,-80.5248,37.3783,2012,6,24,28.6,16.47,13.35,0.79,23.78,0.76
US-xML,-80.5248,37.3783,2012,6,25,27.78,13.72,14.44,2.03,26.23,0.01
US-xML,-80.5248,37.3783,2012,6,26,23.05,8.36,6.83,1.89,32.43,0
US-xML,-80.5248,37.3783,2012,6,27,25.78,8.9,7.94,1.84,31.12,0
US-xML,-80.5248,37.3783,2012,6,28,32.25,12.39,11.46,2.18,30.13,0
US-xML,-80.5248,37.3783,2012,6,29,32.59,20.6,18.23,2.11,27.16,2.05
US-xML,-80.5248,37.3783,2012,6,30,34.96,18.23,18.21,1.65,28.27,0.34
US-xML,-80.5248,37.3783,2012,7,1,32.33,20.28,18.06,1.84,21.44,8.77
US-xML,-80.5248,37.3783,2012,7,2,31.33,18.27,16.52,1.63,27.09,0.29
US-xML,-80.5248,37.3783,2012,7,3,30.7,18.59,17.78,1.46,22.27,5.57
US-xML,-80.5248,37.3783,2012,7,4,33.14,18.26,16.55,1.54,26.65,0.06
US-xML,-80.5248,37.3783,2012,7,5,31.55,19.8,18.39,1.7,21.38,3.76
US-xML,-80.5248,37.3783,2012,7,6,32.76,19.05,18.49,1.3,23.23,0.56
US-xML,-80.5248,37.3783,2012,7,7,35.51,19.51,16.75,1.55,26.31,0
US-xML,-80.5248,37.3783,2012,7,8,34.21,20.78,18.93,1.73,25.55,2.45
US-xML,-80.5248,37.3783,2012,7,9,29.35,18.06,17.5,1.52,19.58,7.63
US-xML,-80.5248,37.3783,2012,7,10,28.38,16.64,14.52,1.27,16.51,1.68
US-xML,-80.5248,37.3783,2012,7,11,26.65,17.17,15.8,1.42,16.11,1.28
US-xML,-80.5248,37.3783,2012,7,12,25.43,15.82,12.35,1.45,15.65,0.59
US-xML,-80.5248,37.3783,2012,7,13,21.5,15.48,17,1.65,10.29,9.27
US-xML,-80.5248,37.3783,2012,7,14,25.31,17.54,19.31,1.12,17.53,6.71
US-xML,-80.5248,37.3783,2012,7,15,30.25,17.44,18.81,1.24,24.39,2.67
US-xML,-80.5248,37.3783,2012,7,16,30.54,19.47,18.45,1.76,22.17,1.1
US-xML,-80.5248,37.3783,2012,7,17,33.5,18.36,17.95,1.24,25.27,0.37
US-xML,-80.5248,37.3783,2012,7,18,30.69,20.44,19.81,1.37,20.46,3.28
US-xML,-80.5248,37.3783,2012,7,19,30.85,20.14,19.96,1.44,22.56,6.01
US-xML,-80.5248,37.3783,2012,7,20,27.78,19.25,20.12,1.41,10.3,12.43
US-xML,-80.5248,37.3783,2012,7,21,28.54,18.3,18.69,1.44,20.69,3.72
US-xML,-80.5248,37.3783,2012,7,22,30.19,17.51,17.03,1.15,21.81,0.45
US-xML,-80.5248,37.3783,2012,7,23,29.74,18.58,19.38,1.68,18.08,3.06
US-xML,-80.5248,37.3783,2012,7,24,29.77,20.27,20.11,2.66,11.03,8.27
US-xML,-80.5248,37.3783,2012,7,25,30.91,18.71,18.91,1.33,23.12,0.66
US-xML,-80.5248,37.3783,2012,7,26,32.64,20.83,19.94,2.04,27.16,3.37
US-xML,-80.5248,37.3783,2012,7,27,28.56,18.21,20.11,1.65,19.66,9.11
US-xML,-80.5248,37.3783,2012,7,28,28.99,17.08,16.24,1.97,25.65,0.25
US-xML,-80.5248,37.3783,2012,7,29,29.02,16.57,14.72,1.43,24.14,0.03
US-xML,-80.5248,37.3783,2012,7,30,29.55,16.79,15.95,1.32,23.37,2.55
US-xML,-80.5248,37.3783,2012,7,31,29.26,16.72,17.18,1.28,20.3,7.77
US-xML,-80.5248,37.3783,2012,8,1,29.69,16.54,16.82,1.39,22.51,2.28
US-xML,-80.5248,37.3783,2012,8,2,32.36,16.6,15.16,1.03,25.12,0.23
US-xML,-80.5248,37.3783,2012,8,3,32.59,16.45,15.39,1.18,20.44,1.02
US-xML,-80.5248,37.3783,2012,8,4,30.02,18.23,18.44,1.66,16.35,2.27
US-xML,-80.5248,37.3783,2012,8,5,29.26,18.3,19.25,1.59,16.92,10.73
US-xML,-80.5248,37.3783,2012,8,6,27.78,19.37,19.35,1.04,10.34,4.99
US-xML,-80.5248,37.3783,2012,8,7,29.32,17.83,15.24,0.95,17.24,0.3
US-xML,-80.5248,37.3783,2012,8,8,31.81,16.97,15.42,1.34,26.25,0.05
US-xML,-80.5248,37.3783,2012,8,9,31.62,17.52,15.47,1.37,21.03,3.8
US-xML,-80.5248,37.3783,2012,8,10,28.99,18.45,17.58,1.47,16.62,2.29
US-xML,-80.5248,37.3783,2012,8,11,27.23,14.85,12.68,1.5,22.96,2.98
US-xML,-80.5248,37.3783,2012,8,12,27.23,11.63,11.02,1.51,24.95,0.01
US-xML,-80.5248,37.3783,2012,8,13,29.08,14.28,12.27,1.4,20.65,0.31
US-xML,-80.5248,37.3783,2012,8,14,29.09,16.38,15.52,1.16,20.85,1.34
US-xML,-80.5248,37.3783,2012,8,15,25.41,15.47,16.17,1.24,10.76,2.45
US-xML,-80.5248,37.3783,2012,8,16,29.24,12.83,12.41,1.41,24.12,0.05
US-xML,-80.5248,37.3783,2012,8,17,29.12,13.23,10.99,1.47,15.65,0.2
US-xML,-80.5248,37.3783,2012,8,18,27.68,14.63,11.65,1.08,21.45,0.67
US-xML,-80.5248,37.3783,2012,8,19,23.93,14.79,15.16,0.8,11.95,17.4
US-xML,-80.5248,37.3783,2012,8,20,25.58,13.85,12.25,1.33,17.62,0.81
US-xML,-80.5248,37.3783,2012,8,21,27.22,13.21,9.16,1.08,22.52,0.04
US-xML,-80.5248,37.3783,2012,8,22,27.5,12.51,11.1,1.01,18.96,0.47
US-xML,-80.5248,37.3783,2012,8,23,28.68,14.6,13.64,1.01,21.44,0.55
US-xML,-80.5248,37.3783,2012,8,24,27.51,16.22,14.04,1.12,19.43,5.34
US-xML,-80.5248,37.3783,2012,8,25,25.7,14.29,11.59,1.24,13.66,0.07
US-xML,-80.5248,37.3783,2012,8,26,27.45,13.53,13.71,1.19,18.01,0.19
US-xML,-80.5248,37.3783,2012,8,27,31.75,13.48,13.38,0.99,23.67,0
US-xML,-80.5248,37.3783,2012,8,28,30.03,15.22,14.05,1.58,15.67,0.33
US-xML,-80.5248,37.3783,2012,8,29,30.45,14.29,10.05,1.53,24.04,0
US-xML,-80.5248,37.3783,2012,8,30,32.94,13.88,11.45,1.11,22.39,0.01
US-xML,-80.5248,37.3783,2012,8,31,32.47,16.62,17.89,1.74,21.33,0
US-xML,-80.5248,37.3783,2012,9,1,31.21,20.02,18.74,0.98,13.42,5.26
US-xML,-80.5248,37.3783,2012,9,2,31.02,20.01,18.88,1.14,15.69,4.41
US-xML,-80.5248,37.3783,2012,9,3,29.3,18.79,19.23,1.78,11.03,3.54
US-xML,-80.5248,37.3783,2012,9,4,28.83,19.2,19.06,1.57,12.23,2.74
US-xML,-80.5248,37.3783,2012,9,5,29.06,19.01,19.29,1.22,14.75,9.1
US-xML,-80.5248,37.3783,2012,9,6,30.84,18.71,16.52,0.98,16.22,2.16
US-xML,-80.5248,37.3783,2012,9,7,32.49,15.71,13.72,1.09,21.76,0.18
US-xML,-80.5248,37.3783,2012,9,8,24.67,11.21,15.3,1.97,8.6,4.72
US-xML,-80.5248,37.3783,2012,9,9,22.97,8.64,8.47,1.84,18.79,0.03
US-xML,-80.5248,37.3783,2012,9,10,22.97,8.72,5.5,1.74,22.96,0
US-xML,-80.5248,37.3783,2012,9,11,25.86,6.84,5.36,1.38,23.29,0
US-xML,-80.5248,37.3783,2012,9,12,28.17,8.94,10.02,1.32,21.99,0
US-xML,-80.5248,37.3783,2012,9,13,26.76,10.43,7.82,1.3,22.7,0
US-xML,-80.5248,37.3783,2012,9,14,27.85,11.95,8.45,0.94,20.28,0.02
US-xML,-80.5248,37.3783,2012,9,15,26.27,12.7,9.48,1.47,17.84,0.08
US-xML,-80.5248,37.3783,2012,9,16,25.02,11.45,7.47,0.94,11.46,0.32
US-xML,-80.5248,37.3783,2012,9,17,20.9,12.03,14.47,1.48,6.96,19.77
US-xML,-80.5248,37.3783,2012,9,18,20.47,11.05,16.27,2.71,4.84,44.81
US-xML,-80.5248,37.3783,2012,9,19,19.6,8.35,6.37,1.46,22.39,0.1
US-xML,-80.5248,37.3783,2012,9,20,23.59,6.93,10.22,1.53,17.35,0.08
US-xML,-80.5248,37.3783,2012,9,21,24.84,9.92,11.85,1.35,20.33,0.04
US-xML,-80.5248,37.3783,2012,9,22,24.25,10.82,11.46,2.37,15.57,0.01
US-xML,-80.5248,37.3783,2012,9,23,18.27,3.48,2.06,1.78,20.95,0
US-xML,-80.5248,37.3783,2012,9,24,19.05,2.51,1.14,1.38,21.42,0
US-xML,-80.5248,37.3783,2012,9,25,22.01,3.62,7.5,1.56,9.67,3.94
US-xML,-80.5248,37.3783,2012,9,26,26.44,10.4,12.55,1.75,16.09,0.13
US-xML,-80.5248,37.3783,2012,9,27,24.64,11.68,13.87,1.13,15.95,2.58
US-xML,-80.5248,37.3783,2012,9,28,19.48,13.44,15.59,1.03,7.76,7.13
US-xML,-80.5248,37.3783,2012,9,29,20.27,7.48,9.78,1.42,11.09,0.54
US-xML,-80.5248,37.3783,2012,9,30,20.36,5.83,6.27,1.5,16.12,0
US-xML,-80.5248,37.3783,2012,10,1,14.13,8.68,10.9,1.9,3.26,14.8
US-xML,-80.5248,37.3783,2012,10,2,25.38,13.62,18.05,2.5,7.45,5.96
US-xML,-80.5248,37.3783,2012,10,3,25.05,14.48,15.4,1.07,14.22,0.13
US-xML,-80.5248,37.3783,2012,10,4,22.61,10.93,12.51,1.77,15.3,0.02
US-xML,-80.5248,37.3783,2012,10,5,23.77,8.75,10.28,1.45,18.22,0
US-xML,-80.5248,37.3783,2012,10,6,15.79,5.92,8.13,1.91,8.41,0.35
US-xML,-80.5248,37.3783,2012,10,7,8.55,1.56,4.07,1.38,3.63,6.83
US-xML,-80.5248,37.3783,2012,10,8,5.41,2.4,2.5,1,3.08,2.86
US-xML,-80.5248,37.3783,2012,10,9,16.6,2.28,4.26,0.9,8.45,0.08
US-xML,-80.5248,37.3783,2012,10,10,17.38,4.19,5.46,2.51,8.91,0
US-xML,-80.5248,37.3783,2012,10,11,17.39,-1.61,-0.45,1.37,19.39,0
US-xML,-80.5248,37.3783,2012,10,12,17.3,2.63,1.9,1.98,17.22,0.01
US-xML,-80.5248,37.3783,2012,10,13,17.63,1.44,3.54,1.82,17.8,0
US-xML,-80.5248,37.3783,2012,10,14,21.35,5.46,9.39,2.03,15.09,0.13
US-xML,-80.5248,37.3783,2012,10,15,17.87,6.82,9.3,2.73,10.98,3.49
US-xML,-80.5248,37.3783,2012,10,16,17.02,2.8,2.73,1.71,18.12,0
US-xML,-80.5248,37.3783,2012,10,17,19.58,5.42,3.38,1.46,17.01,0
US-xML,-80.5248,37.3783,2012,10,18,18.43,6.83,9.87,2.13,9.26,4.13
US-xML,-80.5248,37.3783,2012,10,19,17.86,4.99,4.27,1.79,17.31,0
US-xML,-80.5248,37.3783,2012,10,20,14.93,2.39,3.37,1.8,9.27,0.03
US-xML,-80.5248,37.3783,2012,10,21,16.32,0.66,1.87,1.78,16.2,0
US-xML,-80.5248,37.3783,2012,10,22,22.77,4,4.87,1.48,16.29,0
US-xML,-80.5248,37.3783,2012,10,23,23.97,8.83,9.15,1.71,14.74,0
US-xML,-80.5248,37.3783,2012,10,24,24.6,9.12,8.93,1.54,14.55,0
US-xML,-80.5248,37.3783,2012,10,25,24.26,10.17,9.03,1.58,16.06,0
US-xML,-80.5248,37.3783,2012,10,26,22.33,8.17,10.72,1.44,12.6,0.06
US-xML,-80.5248,37.3783,2012,10,27,15.98,8.03,11.08,1.59,5.39,1.28
US-xML,-80.5248,37.3783,2012,10,28,10.8,2.69,5.79,2.54,4.87,3.16
US-xML,-80.5248,37.3783,2012,10,29,2.36,0.44,-0.02,4.89,3.29,10.41
US-xML,-80.5248,37.3783,2012,10,30,1.08,-1.28,-1.64,4.92,4.03,7.14
US-xML,-80.5248,37.3783,2012,10,31,3.59,0.4,0.52,3.17,6.17,1.21
US-xML,-80.5248,37.3783,2012,11,1,6.93,-0.65,-0.48,2.91,5.06,0.21
US-xML,-80.5248,37.3783,2012,11,2,8.43,-1.75,-1.42,2.37,12.52,0.09
US-xML,-80.5248,37.3783,2012,11,3,8.83,-2.78,-1.58,1.91,12.9,1.47
US-xML,-80.5248,37.3783,2012,11,4,9.69,-2.19,1.28,1.3,8.47,3.06
US-xML,-80.5248,37.3783,2012,11,5,9.52,-4.5,-3.86,1.56,14.44,0.09
US-xML,-80.5248,37.3783,2012,11,6,6.71,-4.33,-3.13,1.33,8.3,0.02
US-xML,-80.5248,37.3783,2012,11,7,7.83,-2.8,-2.03,1.38,9.58,0.01
US-xML,-80.5248,37.3783,2012,11,8,9.51,-4.1,-4.6,2.51,14.28,0
US-xML,-80.5248,37.3783,2012,11,9,14.51,-2.76,-2.56,1.77,13.26,0
US-xML,-80.5248,37.3783,2012,11,10,20.41,-0.21,0.68,1.86,12.6,0
US-xML,-80.5248,37.3783,2012,11,11,19.61,2.99,2.19,2.22,12.71,0
US-xML,-80.5248,37.3783,2012,11,12,15.51,3.71,10.7,3.03,3.43,10.17
US-xML,-80.5248,37.3783,2012,11,13,7.75,-4.51,-4.47,2.37,13.17,0.58
US-xML,-80.5248,37.3783,2012,11,14,6.99,-5.73,-4.73,1.38,11.58,0.03
US-xML,-80.5248,37.3783,2012,11,15,7.19,-2.96,-4.2,1.02,11.51,0
US-xML,-80.5248,37.3783,2012,11,16,11.52,-3.74,-2.55,1.74,12.39,0.03
US-xML,-80.5248,37.3783,2012,11,17,12.07,-3.56,-3.26,1.96,12.58,0
US-xML,-80.5248,37.3783,2012,11,18,11.58,-1.92,0.57,1.99,10.14,0
US-xML,-80.5248,37.3783,2012,11,19,14.48,1.94,2.94,1.29,9.26,0
US-xML,-80.5248,37.3783,2012,11,20,13.75,2.01,1.99,1.45,7.92,0
US-xML,-80.5248,37.3783,2012,11,21,14.9,-0.6,-0.78,1.85,12.18,0
US-xML,-80.5248,37.3783,2012,11,22,15.7,0.77,-2.5,1.45,12.52,0
US-xML,-80.5248,37.3783,2012,11,23,13.37,-0.23,1.47,2.76,6.47,0.11
US-xML,-80.5248,37.3783,2012,11,24,1.04,-5.64,-8.23,3.52,7.39,0
US-xML,-80.5248,37.3783,2012,11,25,8.77,-6.56,-8.29,1.99,11.72,0
US-xML,-80.5248,37.3783,2012,11,26,12.23,-2.71,-2.52,1.76,10.07,0.84
US-xML,-80.5248,37.3783,2012,11,27,5.46,-1.64,0.54,1.66,2.6,1.22
US-xML,-80.5248,37.3783,2012,11,28,6.22,-5.24,-5.1,2,11.63,0.01
US-xML,-80.5248,37.3783,2012,11,29,9.5,-5.43,-6.56,1.53,11.92,0
US-xML,-80.5248,37.3783,2012,11,30,12.91,-2.96,-0.9,1.75,10.16,0
US-xML,-80.5248,37.3783,2012,12,1,14.93,-0.86,2.55,1.7,10.55,0
US-xML,-80.5248,37.3783,2012,12,2,17.45,1.57,6.37,1.98,10.19,0.31
US-xML,-80.5248,37.3783,2012,12,3,19.92,6.03,9.38,1.69,6.29,0.13
US-xML,-80.5248,37.3783,2012,12,4,18.04,5.14,8.77,1.89,9.7,0.41
US-xML,-80.5248,37.3783,2012,12,5,12.81,-1.89,3.11,2.22,8.88,0.55
US-xML,-80.5248,37.3783,2012,12,6,9.54,-4.8,-1.5,1.78,8.12,0.39
US-xML,-80.5248,37.3783,2012,12,7,13.9,1.86,5.85,1.49,5.43,0.27
US-xML,-80.5248,37.3783,2012,12,8,16.47,6.56,8.3,1.7,7.34,1.69
US-xML,-80.5248,37.3783,2012,12,9,17.76,6.55,10.03,1.69,5.51,3.19
US-xML,-80.5248,37.3783,2012,12,10,13.83,2.5,9.69,2.46,2.48,8.28
US-xML,-80.5248,37.3783,2012,12,11,4.29,-3.4,-4.16,2.24,4.98,0.24
US-xML,-80.5248,37.3783,2012,12,12,5.17,-4.16,-4.66,1.25,5.28,0
US-xML,-80.5248,37.3783,2012,12,13,7.26,-5.14,-7.59,1.4,10.98,0
US-xML,-80.5248,37.3783,2012,12,14,10.91,-4.38,-6.35,1.47,11.1,0
US-xML,-80.5248,37.3783,2012,12,15,13.88,-0.13,-2.93,1.74,7.5,0.76
US-xML,-80.5248,37.3783,2012,12,16,9.92,3.37,6.61,1.73,2.38,3.62
US-xML,-80.5248,37.3783,2012,12,17,10.18,5.68,7.11,1.25,2.28,4.38
US-xML,-80.5248,37.3783,2012,12,18,7.33,-1.84,2.39,2.88,5.05,2.12
US-xML,-80.5248,37.3783,2012,12,19,10.39,-1.67,0.06,2.67,10.62,0
US-xML,-80.5248,37.3783,2012,12,20,7.16,0.89,2.07,3.75,1.94,13.78
US-xML,-80.5248,37.3783,2012,12,21,0.79,-4.62,-6.53,5.78,4.49,1.14
US-xML,-80.5248,37.3783,2012,12,22,1.08,-4.62,-7.61,5.08,8.52,0.2
US-xML,-80.5248,37.3783,2012,12,23,7.76,-3.88,-3.97,2.2,9.23,0
US-xML,-80.5248,37.3783,2012,12,24,2.97,-2.32,1.62,1.75,2.01,8.44
US-xML,-80.5248,37.3783,2012,12,25,5.03,0.76,1.68,1.36,6.23,3.04
US-xML,-80.5248,37.3783,2012,12,26,1.53,-1.42,-0.7,3.89,1.71,17.86
US-xML,-80.5248,37.3783,2012,12,27,-1.68,-6.24,-5.22,4.53,3.71,0.47
US-xML,-80.5248,37.3783,2012,12,28,3.6,-6.64,-4.69,1.55,5.4,0.21
US-xML,-80.5248,37.3783,2012,12,29,1.39,-3.58,-2.49,3.4,4.47,5.04
US-xML,-80.5248,37.3783,2012,12,30,-2.4,-9.39,-7.77,3.92,7.96,0.74
US-xML,-80.5248,37.3783,2012,12,31,1.76,-8.62,-5.07,1.73,4.26,0.32
US-xML,-80.5248,37.3783,2013,1,1,2.15,-1.93,-0.64,1.73,2.33,2.7
US-xML,-80.5248,37.3783,2013,1,2,0.05,-4.9,-5.45,2.01,6.05,0.11
US-xML,-80.5248,37.3783,2013,1,3,0.92,-8.14,-6.58,1.69,8.76,0
US-xML,-80.5248,37.3783,2013,1,4,1.02,-8.39,-6.23,3.49,9.21,0
US-xML,-80.5248,37.3783,2013,1,5,5.05,-7.14,-4.18,2.15,9.21,0.06
US-xML,-80.5248,37.3783,2013,1,6,4.83,-2.88,-1.29,2.13,5.82,0.07
US-xML,-80.5248,37.3783,2013,1,7,4.7,-5.46,-5.2,2.07,11.31,0.01
US-xML,-80.5248,37.3783,2013,1,8,7.45,-6.21,-3.37,1.7,10.06,0
US-xML,-80.5248,37.3783,2013,1,9,7.82,-0.8,4.2,1.86,5.27,0.59
US-xML,-80.5248,37.3783,2013,1,10,12.92,-1.08,1.31,1.75,6.84,0.02
US-xML,-80.5248,37.3783,2013,1,11,8.53,2.92,4.96,2.7,3.61,1.78
US-xML,-80.5248,37.3783,2013,1,12,20.28,8.1,12.05,1.79,7.77,0.15
US-xML,-80.5248,37.3783,2013,1,13,18.23,9.61,12.34,2,6.45,0.49
US-xML,-80.5248,37.3783,2013,1,14,12.5,2.06,6,2.17,2.52,13.92
US-xML,-80.5248,37.3783,2013,1,15,5.19,1.61,2.53,1.68,1.94,37.15
US-xML,-80.5248,37.3783,2013,1,16,9.24,1.93,3.34,1.71,2.43,10.09
US-xML,-80.5248,37.3783,2013,1,17,2.25,-2.49,-1.54,2.32,1.98,11.24
US-xML,-80.5248,37.3783,2013,1,18,1.27,-7.05,-6.52,2.81,12.8,0.04
US-xML,-80.5248,37.3783,2013,1,19,7.13,-7.09,-3.99,2.26,12.92,0
US-xML,-80.5248,37.3783,2013,1,20,5.71,-5.34,-2.85,3.31,12.71,0
US-xML,-80.5248,37.3783,2013,1,21,3.98,-6.98,-7.93,3.57,11.57,0.06
US-xML,-80.5248,37.3783,2013,1,22,-6.7,-12.18,-16.24,4.33,13.22,0.05
US-xML,-80.5248,37.3783,2013,1,23,-2.84,-13.13,-12.55,2.94,9.94,0.08
US-xML,-80.5248,37.3783,2013,1,24,-3.45,-11.31,-11.89,3.83,10.08,0.08
US-xML,-80.5248,37.3783,2013,1,25,-1.9,-10.4,-8.75,2.75,2.78,2.93
US-xML,-80.5248,37.3783,2013,1,26,0.76,-6.93,-6.69,3.18,5.85,0.22
US-xML,-80.5248,37.3783,2013,1,27,3.49,-9.59,-5.68,1.67,10.14,0.47
US-xML,-80.5248,37.3783,2013,1,28,11.28,-1.47,3.81,2.4,10.78,4.41
US-xML,-80.5248,37.3783,2013,1,29,18.72,4,8.7,2.15,10.79,0.41
US-xML,-80.5248,37.3783,2013,1,30,17.48,3.44,12.1,4.99,1.57,43.33
US-xML,-80.5248,37.3783,2013,1,31,2.96,-3.95,-6.61,5.24,7.88,3.36
US-xML,-80.5248,37.3783,2013,2,1,-2.07,-11.58,-12.85,4.53,11.6,0.98
US-xML,-80.5248,37.3783,2013,2,2,-0.36,-11.94,-7.77,2.03,6.94,1.97
US-xML,-80.5248,37.3783,2013,2,3,-0.53,-6.04,-5.82,4,4.12,1.05
US-xML,-80.5248,37.3783,2013,2,4,1.88,-9.07,-5.77,2.74,6.85,0.6
US-xML,-80.5248,37.3783,2013,2,5,5.4,-1.24,0.45,2.45,5.62,0.31
US-xML,-80.5248,37.3783,2013,2,6,6.3,-3.46,-2.04,2.47,13.41,0.38
US-xML,-80.5248,37.3783,2013,2,7,3.64,-2.7,-1.68,2.5,5.73,1.14
US-xML,-80.5248,37.3783,2013,2,8,4.24,-3.79,-1.24,3.67,5.82,3.26
US-xML,-80.5248,37.3783,2013,2,9,4.61,-6.06,-7.15,3.33,15.38,0.12
US-xML,-80.5248,37.3783,2013,2,10,7.66,-5.24,-3.39,3.04,12.45,1.59
US-xML,-80.5248,37.3783,2013,2,11,11.65,2.09,4.61,4.17,7.08,0.73
US-xML,-80.5248,37.3783,2013,2,12,8.79,-1.14,-1.91,3.45,13.99,0.11
US-xML,-80.5248,37.3783,2013,2,13,4.99,-1.66,-0.01,2.64,2.9,4.87
US-xML,-80.5248,37.3783,2013,2,14,7.65,-3.94,-3.24,2.46,15.02,0.07
US-xML,-80.5248,37.3783,2013,2,15,9.42,-2.94,0.04,2.34,10.98,1.16
US-xML,-80.5248,37.3783,2013,2,16,-0.5,-6.06,-7.18,2.98,7.34,0.52
US-xML,-80.5248,37.3783,2013,2,17,-5.49,-10.77,-13.27,4.47,12.86,0.16
US-xML,-80.5248,37.3783,2013,2,18,8.64,-11.63,-5.35,2.25,15.65,0
US-xML,-80.5248,37.3783,2013,2,19,6.58,-3.08,-2.11,4.18,7.82,2.55
US-xML,-80.5248,37.3783,2013,2,20,0.35,-7.17,-9.66,4.79,17.42,0.02
US-xML,-80.5248,37.3783,2013,2,21,4.95,-9.13,-7.41,2.59,17.42,0.04
US-xML,-80.5248,37.3783,2013,2,22,4.49,-3.43,-2.4,2.99,6.14,3.07
US-xML,-80.5248,37.3783,2013,2,23,5.32,-0.67,1.34,1.11,10.73,1.53
US-xML,-80.5248,37.3783,2013,2,24,5.93,-4.6,-2.55,3.04,18.53,0.12
US-xML,-80.5248,37.3783,2013,2,25,3.92,-4.95,-4.89,1.72,12.14,0.01
US-xML,-80.5248,37.3783,2013,2,26,2.81,-3.02,-1.35,3.75,3.39,10.36
US-xML,-80.5248,37.3783,2013,2,27,7.21,-1.05,0,2.72,6.74,0.88
US-xML,-80.5248,37.3783,2013,2,28,2.46,-2.42,-3.48,3.56,6.63,0.98
US-xML,-80.5248,37.3783,2013,3,1,2.64,-3.87,-3.78,2.95,5.42,0.61
US-xML,-80.5248,37.3783,2013,3,2,0.4,-5.57,-6.98,2.87,6.3,0.23
US-xML,-80.5248,37.3783,2013,3,3,-0.64,-7.15,-8.45,3.55,7.83,0.21
US-xML,-80.5248,37.3783,2013,3,4,4.29,-8.88,-7.71,2.93,20.26,0.15
US-xML,-80.5248,37.3783,2013,3,5,4.97,-1.41,-0.03,2.02,7.05,9.73
US-xML,-80.5248,37.3783,2013,3,6,1.5,-4.08,-3.95,4.22,6.27,1.09
US-xML,-80.5248,37.3783,2013,3,7,2.74,-3.45,-3.31,3.45,5.93,0.21
US-xML,-80.5248,37.3783,2013,3,8,4.02,-3.75,-3.89,3.17,18.29,0.02
US-xML,-80.5248,37.3783,2013,3,9,12.21,-5.52,-2.44,1.74,20.58,0
US-xML,-80.5248,37.3783,2013,3,10,14.87,-1.49,2.17,2.43,15.71,0.02
US-xML,-80.5248,37.3783,2013,3,11,10.64,2.42,6.49,3.6,5.06,7.72
US-xML,-80.5248,37.3783,2013,3,12,9.7,-2.16,1.08,3.11,13.63,5.09
US-xML,-80.5248,37.3783,2013,3,13,3.49,-4.76,-4.94,3.85,11.8,0.68
US-xML,-80.5248,37.3783,2013,3,14,4.26,-6.46,-7.85,4.01,22.06,0.19
US-xML,-80.5248,37.3783,2013,3,15,11.09,-4.14,0,2.56,16.61,0
US-xML,-80.5248,37.3783,2013,3,16,18.8,1.95,8.5,3.33,15.64,2.8
US-xML,-80.5248,37.3783,2013,3,17,9.14,0.41,3.06,1.89,3.05,5.11
US-xML,-80.5248,37.3783,2013,3,18,3.15,-1.18,-0.46,3.06,3.34,5.37
US-xML,-80.5248,37.3783,2013,3,19,8.97,-2.18,-2.55,4.29,23.35,2.28
US-xML,-80.5248,37.3783,2013,3,20,7.49,-5.31,-5.73,3.18,21.09,0.34
US-xML,-80.5248,37.3783,2013,3,21,-1.64,-6.82,-11.27,3.88,14.36,0.21
US-xML,-80.5248,37.3783,2013,3,22,4.97,-8.25,-8.37,2.37,23.41,0.01
US-xML,-80.5248,37.3783,2013,3,23,9.95,-4.36,-3.83,1.71,14.64,0.09
US-xML,-80.5248,37.3783,2013,3,24,2.98,-2.05,-2.1,2.78,3.84,12.21
US-xML,-80.5248,37.3783,2013,3,25,1.41,-2.97,-3.77,3.68,10.38,1.28
US-xML,-80.5248,37.3783,2013,3,26,2.55,-2.9,-3.07,3.45,9.8,0.77
US-xML,-80.5248,37.3783,2013,3,27,3.09,-2.88,-3.6,3.33,10.66,0.61
US-xML,-80.5248,37.3783,2013,3,28,5.86,-3.35,-3.55,2.87,17.06,0.65
US-xML,-80.5248,37.3783,2013,3,29,10.18,-3.58,-2.49,2.01,21.57,0.48
US-xML,-80.5248,37.3783,2013,3,30,13.25,-1.78,-0.7,1.53,23.33,0.02
US-xML,-80.5248,37.3783,2013,3,31,13.1,2.84,6.31,2.42,6.05,4.76
US-xML,-80.5248,37.3783,2013,4,1,11.63,-0.36,2.46,3.21,10.12,0.43
US-xML,-80.5248,37.3783,2013,4,2,7.02,-5.13,-5.88,2.54,25.93,0
US-xML,-80.5248,37.3783,2013,4,3,8.04,-5.17,-6.45,2.17,26.29,0.01
US-xML,-80.5248,37.3783,2013,4,4,2.49,-2.93,-3.9,1.98,7.71,10.17
US-xML,-80.5248,37.3783,2013,4,5,12.22,-1.92,0.35,2.37,23.64,0.27
US-xML,-80.5248,37.3783,2013,4,6,15.92,-2.03,1.39,1.98,25.05,0.01
US-xML,-80.5248,37.3783,2013,4,7,18.34,4.06,6.66,2.52,19.25,0.02
US-xML,-80.5248,37.3783,2013,4,8,21.3,5.5,10.69,2.08,20.39,0
US-xML,-80.5248,37.3783,2013,4,9,24.07,10.8,13.27,1.9,21.23,0
US-xML,-80.5248,37.3783,2013,4,10,24.32,11.91,14.83,1.89,24.05,0
US-xML,-80.5248,37.3783,2013,4,11,23.84,12.19,14.41,2.14,20.04,0.96
US-xML,-80.5248,37.3783,2013,4,12,18.67,6.21,10.38,3.21,19.47,22.01
US-xML,-80.5248,37.3783,2013,4,13,16.15,4.16,3.5,2.69,27.02,0
US-xML,-80.5248,37.3783,2013,4,14,20.66,2.02,6.71,1.81,21.38,3.05
US-xML,-80.5248,37.3783,2013,4,15,13.81,8.88,10.26,2.4,5.45,6.73
US-xML,-80.5248,37.3783,2013,4,16,23.79,10.27,13.32,1.78,20.4,3.46
US-xML,-80.5248,37.3783,2013,4,17,24.03,13.44,14.73,1.26,12.96,1.07
US-xML,-80.5248,37.3783,2013,4,18,23.23,12.45,14.16,2.86,12.8,0.06
US-xML,-80.5248,37.3783,2013,4,19,20.32,3.52,11.88,4.05,4.32,14
US-xML,-80.5248,37.3783,2013,4,20,11.78,0.69,-1.46,3.22,27.34,0.04
US-xML,-80.5248,37.3783,2013,4,21,13.35,-0.47,-0.31,1.72,22.87,0.02
US-xML,-80.5248,37.3783,2013,4,22,14.25,0.27,-0.29,2.07,26.97,0
US-xML,-80.5248,37.3783,2013,4,23,20.21,1.44,5.69,1.31,26.89,0
US-xML,-80.5248,37.3783,2013,4,24,21.92,4.59,8.97,3.01,18.03,3.2
US-xML,-80.5248,37.3783,2013,4,25,15.4,1.44,-0.29,2,28.56,0.07
US-xML,-80.5248,37.3783,2013,4,26,17.82,0.12,2.96,1.03,25.93,0.01
US-xML,-80.5248,37.3783,2013,4,27,18.08,6.32,6.72,1.48,11.63,1.36
US-xML,-80.5248,37.3783,2013,4,28,13.11,7.9,9.25,2.83,6.75,7.53
US-xML,-80.5248,37.3783,2013,4,29,19.44,8.93,10.14,1.09,13.5,2.78
US-xML,-80.5248,37.3783,2013,4,30,20.75,9.04,11.42,1.58,20.03,0.11
US-xML,-80.5248,37.3783,2013,5,1,19.73,9.58,9.59,2.21,17.86,0.01
US-xML,-80.5248,37.3783,2013,5,2,18.79,8.78,9.93,2.04,21.18,0.03
US-xML,-80.5248,37.3783,2013,5,3,17.22,8.2,7.4,2.92,21.97,0
US-xML,-80.5248,37.3783,2013,5,4,14.89,5.42,5.25,3.2,20.69,0.07
US-xML,-80.5248,37.3783,2013,5,5,12.98,4.4,5.34,3.58,14.94,1.88
US-xML,-80.5248,37.3783,2013,5,6,14.33,8.32,10.06,3.41,5.14,25.31
US-xML,-80.5248,37.3783,2013,5,7,14.34,8.66,10.36,1.27,7.31,18.53
US-xML,-80.5248,37.3783,2013,5,8,14.26,7.78,9.51,0.96,10.5,11.28
US-xML,-80.5248,37.3783,2013,5,9,21.59,8.5,11.27,1.89,23.67,0.85
US-xML,-80.5248,37.3783,2013,5,10,23.53,11.02,14.25,1.71,18.24,5.45
US-xML,-80.5248,37.3783,2013,5,11,20.98,10.54,13.6,2.17,15.79,4.61
US-xML,-80.5248,37.3783,2013,5,12,13.23,3.08,2.32,3.01,25.77,0.38
US-xML,-80.5248,37.3783,2013,5,13,12.27,0.27,0.4,2.14,22.01,0
US-xML,-80.5248,37.3783,2013,5,14,19.09,0.09,4.26,1.8,23.72,0
US-xML,-80.5248,37.3783,2013,5,15,25.75,9.67,13.93,2.56,28.86,0
US-xML,-80.5248,37.3783,2013,5,16,23.56,13.47,14.76,2.34,20.63,5.35
US-xML,-80.5248,37.3783,2013,5,17,24.37,12.8,15.26,1.1,18.91,3.44
US-xML,-80.5248,37.3783,2013,5,18,21.88,14.43,15.29,1.82,12.62,3.94
US-xML,-80.5248,37.3783,2013,5,19,23.47,14.59,15.94,1.98,10.03,4.29
US-xML,-80.5248,37.3783,2013,5,20,22.24,14.54,16.62,1.14,15.95,3.09
US-xML,-80.5248,37.3783,2013,5,21,27.14,13.65,16.93,1.33,23.48,1.3
US-xML,-80.5248,37.3783,2013,5,22,25.43,16.3,17.24,1.75,19.62,6.58
US-xML,-80.5248,37.3783,2013,5,23,23.79,13.6,15.39,1.92,19.23,5.35
US-xML,-80.5248,37.3783,2013,5,24,13.19,5.03,4.38,3.58,21.9,0.85
US-xML,-80.5248,37.3783,2013,5,25,15.54,1.85,0.62,2.52,30.11,0
US-xML,-80.5248,37.3783,2013,5,26,18.55,2.93,4.08,1.77,29.37,0
US-xML,-80.5248,37.3783,2013,5,27,21.56,7.2,9.37,1.48,19.62,0.06
US-xML,-80.5248,37.3783,2013,5,28,24.77,13.43,15.4,1.74,23.68,0.04
US-xML,-80.5248,37.3783,2013,5,29,26.53,14.08,15.66,1.55,27.36,0
US-xML,-80.5248,37.3783,2013,5,30,26.88,12.48,15.1,1.34,28.97,0
US-xML,-80.5248,37.3783,2013,5,31,27.08,12.35,15.62,1.58,27.48,0.03
US-xML,-80.5248,37.3783,2013,6,1,27.18,16.5,16.89,1.79,24.78,1.13
US-xML,-80.5248,37.3783,2013,6,2,23.95,16.38,17.72,1.8,11.29,7.01
US-xML,-80.5248,37.3783,2013,6,3,23.83,13.34,15.28,1.79,17.56,1.44
US-xML,-80.5248,37.3783,2013,6,4,24.93,10.86,12.46,0.93,26.51,0
US-xML,-80.5248,37.3783,2013,6,5,23.79,13.61,15.67,1.96,18.11,4.63
US-xML,-80.5248,37.3783,2013,6,6,23.36,15.36,17.04,2.03,8.78,13.44
US-xML,-80.5248,37.3783,2013,6,7,20.34,13.92,16.49,1.56,9.96,11.45
US-xML,-80.5248,37.3783,2013,6,8,24.4,10.64,13.16,1.28,26.69,0.63
US-xML,-80.5248,37.3783,2013,6,9,24.88,14.73,17.59,1.42,23.5,12.15
US-xML,-80.5248,37.3783,2013,6,10,25.08,15.37,17.53,1.99,15.43,17.32
US-xML,-80.5248,37.3783,2013,6,11,24.55,15.13,15.86,2.38,18.68,1.45
US-xML,-80.5248,37.3783,2013,6,12,25.76,16.52,18.92,1.84,22.7,0.9
US-xML,-80.5248,37.3783,2013,6,13,26.24,13.83,18.84,3.17,12.92,11.71
US-xML,-80.5248,37.3783,2013,6,14,21.38,12.34,12.03,2.41,22.36,0.02
US-xML,-80.5248,37.3783,2013,6,15,24.63,12.1,13.21,1.43,28.91,0
US-xML,-80.5248,37.3783,2013,6,16,25.84,13.96,16.68,1.7,19.21,6.63
US-xML,-80.5248,37.3783,2013,6,17,26.25,17.77,18.24,1.24,23.95,2.65
US-xML,-80.5248,37.3783,2013,6,18,22.31,14.28,16.87,1.19,9.93,17.3
US-xML,-80.5248,37.3783,2013,6,19,24.44,12.33,14.79,1.21,22.75,0.73
US-xML,-80.5248,37.3783,2013,6,20,25.61,14.13,16.01,0.99,21.78,0.14
US-xML,-80.5248,37.3783,2013,6,21,26.31,14.99,16.19,1.13,28.32,0
US-xML,-80.5248,37.3783,2013,6,22,26.1,13.02,14.31,1.22,29.26,0.01
US-xML,-80.5248,37.3783,2013,6,23,28.08,16.93,17.6,1.01,25.75,0.28
US-xML,-80.5248,37.3783,2013,6,24,27.04,16.94,18.36,0.99,21.13,1.55
US-xML,-80.5248,37.3783,2013,6,25,29,16.82,18,1.42,20.92,0.48
US-xML,-80.5248,37.3783,2013,6,26,27.09,17.22,18.98,1.56,17.81,4.86
US-xML,-80.5248,37.3783,2013,6,27,26.27,18.53,19.73,1.79,13.82,4.89
US-xML,-80.5248,37.3783,2013,6,28,27.36,17.86,18.07,2.31,25.52,2.19
US-xML,-80.5248,37.3783,2013,6,29,26.42,15.95,15.82,1.65,23.93,2.02
US-xML,-80.5248,37.3783,2013,6,30,27.77,15.72,16.39,1.18,22.53,5.19
US-xML,-80.5248,37.3783,2013,7,1,26.45,17.88,17.97,1.18,19.33,3.54
US-xML,-80.5248,37.3783,2013,7,2,24.15,19.05,18.84,2.19,12.02,9.48
US-xML,-80.5248,37.3783,2013,7,3,23.05,17.99,19.38,1.65,9.76,32.5
US-xML,-80.5248,37.3783,2013,7,4,26.47,19.1,19.7,1.99,21.28,7.33
US-xML,-80.5248,37.3783,2013,7,5,25.73,19.1,19.61,1.91,21.39,1.89
US-xML,-80.5248,37.3783,2013,7,6,27.44,18.23,19.07,1.59,25.63,1.02
US-xML,-80.5248,37.3783,2013,7,7,24.26,18.68,19.93,1.1,13.29,9.45
US-xML,-80.5248,37.3783,2013,7,8,27.04,16.91,17.68,1.37,23.34,1.13
US-xML,-80.5248,37.3783,2013,7,9,28.8,17.41,17.81,1.3,23.08,0.24
US-xML,-80.5248,37.3783,2013,7,10,26.97,18.87,19.81,1.12,14.4,19.26
US-xML,-80.5248,37.3783,2013,7,11,27.66,18.27,19.24,0.92,14.5,2.12
US-xML,-80.5248,37.3783,2013,7,12,21.9,14.84,16.33,1.52,17.02,5.66
US-xML,-80.5248,37.3783,2013,7,13,24.2,15.06,17.58,1.87,12.61,1.61
US-xML,-80.5248,37.3783,2013,7,14,27.15,18.57,19.25,2.2,20.93,1.07
US-xML,-80.5248,37.3783,2013,7,15,29.28,17.91,18.7,1,27.77,0.04
US-xML,-80.5248,37.3783,2013,7,16,30.21,17.59,19.49,1.31,26.7,1.88
US-xML,-80.5248,37.3783,2013,7,17,29.35,19.87,21.05,1.15,19.93,4.37
US-xML,-80.5248,37.3783,2013,7,18,29.41,20.17,20.83,0.85,20.96,0.65
US-xML,-80.5248,37.3783,2013,7,19,29,19.66,20.5,1.06,20.49,5.16
US-xML,-80.5248,37.3783,2013,7,20,28.76,19.58,20.16,1.36,22.49,5.28
US-xML,-80.5248,37.3783,2013,7,21,27.5,18.68,19.67,1.17,18.88,5.01
US-xML,-80.5248,37.3783,2013,7,22,27.07,18.55,19.61,1.23,19.01,8.87
US-xML,-80.5248,37.3783,2013,7,23,26.51,18.65,18.88,2.07,22.47,2.87
US-xML,-80.5248,37.3783,2013,7,24,27.13,16.59,17.21,1.46,20.21,0.94
US-xML,-80.5248,37.3783,2013,7,25,26.3,13.73,12.57,1.19,24.94,0
US-xML,-80.5248,37.3783,2013,7,26,27.08,11.57,13.59,1.34,26.21,1.38
US-xML,-80.5248,37.3783,2013,7,27,21.04,17.68,18.65,1.56,8.32,19.88
US-xML,-80.5248,37.3783,2013,7,28,25.5,14,15.52,1.65,21.51,0.71
US-xML,-80.5248,37.3783,2013,7,29,24.23,10.18,10.57,1.46,28.01,0
US-xML,-80.5248,37.3783,2013,7,30,26.61,13.58,11.85,0.9,25.49,0.03
US-xML,-80.5248,37.3783,2013,7,31,21.03,16.18,15.87,1.29,7.11,7.73
US-xML,-80.5248,37.3783,2013,8,1,26.63,16.03,17.05,1.45,18.14,2.4
US-xML,-80.5248,37.3783,2013,8,2,26.55,13,14.14,1.39,24.55,0
US-xML,-80.5248,37.3783,2013,8,3,28.1,14.71,15.38,1.38,19.19,0.65
US-xML,-80.5248,37.3783,2013,8,4,25.19,14.18,13.22,1.81,22.49,0.41
US-xML,-80.5248,37.3783,2013,8,5,26.37,11.5,12.81,1.31,20.13,0.15
US-xML,-80.5248,37.3783,2013,8,6,28.3,16.28,16.28,0.98,18.78,0.41
US-xML,-80.5248,37.3783,2013,8,7,25.78,17.52,19.05,1.45,10.19,5.32
US-xML,-80.5248,37.3783,2013,8,8,24.82,18.35,19.79,1.51,11.61,9.78
US-xML,-80.5248,37.3783,2013,8,9,28.86,20.29,20.88,1.91,17.88,5.84
US-xML,-80.5248,37.3783,2013,8,10,26.03,19.91,20.6,1.11,17.17,8.96
US-xML,-80.5248,37.3783,2013,8,11,26.52,18.65,19.92,1.47,16.66,5.85
US-xML,-80.5248,37.3783,2013,8,12,28.37,18.32,18.58,1.21,19.65,2.04
US-xML,-80.5248,37.3783,2013,8,13,26.65,17.54,18.62,1.94,14.05,7.24
US-xML,-80.5248,37.3783,2013,8,14,22.26,9.8,9.47,1.83,27.13,0.16
US-xML,-80.5248,37.3783,2013,8,15,23.53,6.93,8.51,1.17,23.61,0
US-xML,-80.5248,37.3783,2013,8,16,25.14,9.51,10.37,1.26,24.29,0
US-xML,-80.5248,37.3783,2013,8,17,20.73,9.86,12.32,1.6,12.93,3.32
US-xML,-80.5248,37.3783,2013,8,18,24.12,13.61,16.11,1.16,10.05,6.5
US-xML,-80.5248,37.3783,2013,8,19,24.96,16.39,17.23,1.08,12.63,5.02
US-xML,-80.5248,37.3783,2013,8,20,27.33,15.59,16.68,0.97,19.32,0.15
US-xML,-80.5248,37.3783,2013,8,21,25.03,17.32,18.38,0.96,14.09,3.88
US-xML,-80.5248,37.3783,2013,8,22,27.38,16.87,17.16,1.36,19.04,1.67
US-xML,-80.5248,37.3783,2013,8,23,26.11,15.06,16.88,1.61,15.38,2.49
US-xML,-80.5248,37.3783,2013,8,24,26.09,13.32,12.55,1.3,25.41,0.02
US-xML,-80.5248,37.3783,2013,8,25,26.1,12.69,12.51,1.19,21.98,0.01
US-xML,-80.5248,37.3783,2013,8,26,28.21,11.21,13,1.36,23.16,0
US-xML,-80.5248,37.3783,2013,8,27,29.46,17.13,16.81,1.86,13.99,0.17
US-xML,-80.5248,37.3783,2013,8,28,27.68,18.99,19.11,2.16,12.1,3.2
US-xML,-80.5248,37.3783,2013,8,29,29.33,19.4,19.09,1.45,18.47,3.57
US-xML,-80.5248,37.3783,2013,8,30,29.69,18.32,18.46,1.34,18.01,0.33
US-xML,-80.5248,37.3783,2013,8,31,28.85,17.86,18.72,1.14,13.78,3.33
US-xML,-80.5248,37.3783,2013,9,1,28.42,18.39,18.81,1.14,12.09,3.36
US-xML,-80.5248,37.3783,2013,9,2,29.62,17.67,17.69,1.54,18.61,1.07
US-xML,-80.5248,37.3783,2013,9,3,27.34,13.77,14.72,1.86,20.42,0.35
US-xML,-80.5248,37.3783,2013,9,4,27.91,10.63,9.78,1.21,24.49,0
US-xML,-80.5248,37.3783,2013,9,5,28.19,11.47,10.86,1.87,23.92,0.02
US-xML,-80.5248,37.3783,2013,9,6,27.68,11.52,9.22,1.05,21.39,0
US-xML,-80.5248,37.3783,2013,9,7,28.57,10.2,9.26,1.61,23.79,0
US-xML,-80.5248,37.3783,2013,9,8,29.54,14.72,14.08,1.44,16.88,0
US-xML,-80.5248,37.3783,2013,9,9,29.19,14.85,16.33,1.52,13.98,0.05
US-xML,-80.5248,37.3783,2013,9,10,31.39,17.05,17.45,1.07,18.12,0.18
US-xML,-80.5248,37.3783,2013,9,11,30.68,17.64,18.17,0.98,14.74,2.92
US-xML,-80.5248,37.3783,2013,9,12,29.24,18.53,17.96,1.76,15.34,4.28
US-xML,-80.5248,37.3783,2013,9,13,21.82,10.21,10.9,2.22,18.75,0.49
US-xML,-80.5248,37.3783,2013,9,14,21.78,6.24,3.59,1.31,23.65,0
US-xML,-80.5248,37.3783,2013,9,15,25.61,6.2,8.29,1.53,18.5,0.03
US-xML,-80.5248,37.3783,2013,9,16,23.04,10.02,11.54,1.87,9.46,0.21
US-xML,-80.5248,37.3783,2013,9,17,22.52,7.02,7.27,1.72,16.26,0
US-xML,-80.5248,37.3783,2013,9,18,21.71,6.88,8.46,1.07,14.04,0.23
US-xML,-80.5248,37.3783,2013,9,19,25.68,12.56,14.18,1.09,8.57,2.8
US-xML,-80.5248,37.3783,2013,9,20,26.43,16.38,16.84,1.12,10.04,5.51
US-xML,-80.5248,37.3783,2013,9,21,20.5,12,16,1.92,4.68,15.4
US-xML,-80.5248,37.3783,2013,9,22,22.2,7.98,8.36,1.74,16.86,0.26
US-xML,-80.5248,37.3783,2013,9,23,22.63,5.51,5.66,1.16,19.92,0
US-xML,-80.5248,37.3783,2013,9,24,25.4,5.67,7.77,1.3,19.64,0
US-xML,-80.5248,37.3783,2013,9,25,21.51,10.25,11.38,0.91,8.01,0.64
US-xML,-80.5248,37.3783,2013,9,26,24.65,9.48,8.28,1.59,18.08,0.02
US-xML,-80.5248,37.3783,2013,9,27,24.56,10.16,8.3,1.13,19.44,0
US-xML,-80.5248,37.3783,2013,9,28,22.23,8.72,8.33,1.37,12.13,0
US-xML,-80.5248,37.3783,2013,9,29,22.49,8.55,8.72,0.82,16.58,0.07
US-xML,-80.5248,37.3783,2013,9,30,25.2,10.32,8.97,0.7,12.39,0
US-xML,-80.5248,37.3783,2013,10,1,25.37,10.14,10.75,1.61,15.18,0.01
US-xML,-80.5248,37.3783,2013,10,2,26.94,10.27,11.07,1.51,18.07,0
US-xML,-80.5248,37.3783,2013,10,3,26.68,14.4,11.7,1.01,14.45,0
US-xML,-80.5248,37.3783,2013,10,4,27.74,12.76,13.51,1.28,17.03,0.01
US-xML,-80.5248,37.3783,2013,10,5,29.62,14.97,13.63,1.32,16.87,0
US-xML,-80.5248,37.3783,2013,10,6,26.84,13.4,14.44,2.12,16.16,0.98
US-xML,-80.5248,37.3783,2013,10,7,16.95,7.31,9.72,2.07,13.74,22.44
US-xML,-80.5248,37.3783,2013,10,8,18.34,3.99,4,1.66,18.22,0
US-xML,-80.5248,37.3783,2013,10,9,17.45,5.85,5.23,1.62,17.17,0.04
US-xML,-80.5248,37.3783,2013,10,10,17.47,6.97,10.47,1.58,8.46,1.46
US-xML,-80.5248,37.3783,2013,10,11,21.38,10.14,11.45,1.83,8,0.03
US-xML,-80.5248,37.3783,2013,10,12,21.16,10.93,13.13,1.03,7.12,0.77
US-xML,-80.5248,37.3783,2013,10,13,19.89,11.39,12.9,1.15,7.18,1.64
US-xML,-80.5248,37.3783,2013,10,14,21.77,10.79,12.01,1.19,10.66,0.47
US-xML,-80.5248,37.3783,2013,10,15,19.45,8.44,7.21,1.12,13.3,0.02
US-xML,-80.5248,37.3783,2013,10,16,22.31,7.85,8.71,1.39,9.58,0.07
US-xML,-80.5248,37.3783,2013,10,17,19.56,9.4,12.77,1.82,4.15,2.65
US-xML,-80.5248,37.3783,2013,10,18,18.06,6.02,2.2,1.51,16.61,0.12
US-xML,-80.5248,37.3783,2013,10,19,18.35,5.98,4.89,2.08,5.54,0.38
US-xML,-80.5248,37.3783,2013,10,20,16.2,0.02,-1.29,1.44,17.53,0.01
US-xML,-80.5248,37.3783,2013,10,21,19.16,0.68,1.95,1.85,16.93,0
US-xML,-80.5248,37.3783,2013,10,22,11.28,4.3,5.08,1.87,7.69,0.49
US-xML,-80.5248,37.3783,2013,10,23,8.34,1.01,2.14,2.61,8.25,2.63
US-xML,-80.5248,37.3783,2013,10,24,7.01,-2.03,-2.03,2.09,5.87,0.7
US-xML,-80.5248,37.3783,2013,10,25,6.19,-1.88,-3.75,1.88,9.29,0.09
US-xML,-80.5248,37.3783,2013,10,26,12.18,-5.15,-5.27,2.15,16.24,0.13
US-xML,-80.5248,37.3783,2013,10,27,15.11,1.99,0.39,1.9,14.23,0.04
US-xML,-80.5248,37.3783,2013,10,28,12.25,3.24,7.41,1.03,6.28,1.31
US-xML,-80.5248,37.3783,2013,10,29,16.96,6.75,7.73,1.04,9.39,0.31
US-xML,-80.5248,37.3783,2013,10,30,18.32,8.1,11.57,1.44,5.32,6.62
US-xML,-80.5248,37.3783,2013,10,31,16.93,11.24,12.16,2.58,4.16,1.81
US-xML,-80.5248,37.3783,2013,11,1,19.73,6.92,10.3,2.63,12.64,5.33
US-xML,-80.5248,37.3783,2013,11,2,13.75,4.63,2.3,2.45,12.07,0.05
US-xML,-80.5248,37.3783,2013,11,3,11.54,-0.71,-0.56,2.14,9.71,0.02
US-xML,-80.5248,37.3783,2013,11,4,8.98,-2.94,-4.2,1.58,11.71,0
US-xML,-80.5248,37.3783,2013,11,5,12.42,-1.51,-1.13,1.54,8.56,0.05
US-xML,-80.5248,37.3783,2013,11,6,18.64,5.9,7.5,1.96,11.73,0.13
US-xML,-80.5248,37.3783,2013,11,7,10.11,0.81,3.48,2.88,6.28,2.37
US-xML,-80.5248,37.3783,2013,11,8,7.3,-1.65,-5.03,2.5,12.76,0
US-xML,-80.5248,37.3783,2013,11,9,14.97,-3.92,-4.68,1.96,13.66,0.07
US-xML,-80.5248,37.3783,2013,11,10,12.22,0.23,-2.2,3.3,14.1,0.15
US-xML,-80.5248,37.3783,2013,11,11,14.58,-1.73,-3.58,1.52,13.68,0
US-xML,-80.5248,37.3783,2013,11,12,2.31,-4.55,-5.4,3.25,4.47,0.53
US-xML,-80.5248,37.3783,2013,11,13,3.49,-6.05,-10.14,2.38,13.71,0.03
US-xML,-80.5248,37.3783,2013,11,14,12.04,-5.31,-9.19,1.89,14.02,0
US-xML,-80.5248,37.3783,2013,11,15,14.46,-2.43,-1.14,1.63,11.81,4.99
US-xML,-80.5248,37.3783,2013,11,16,14.53,4.48,7.62,1.37,6.14,0.22
US-xML,-80.5248,37.3783,2013,11,17,17.1,8.28,10.75,2.83,5.5,5.37
US-xML,-80.5248,37.3783,2013,11,18,13.75,3.77,1.9,3.43,13.12,2
US-xML,-80.5248,37.3783,2013,11,19,7.48,-2.39,-5.04,2.44,11.98,0
US-xML,-80.5248,37.3783,2013,11,20,7.57,-2.54,-5.93,2.06,12.32,0
US-xML,-80.5248,37.3783,2013,11,21,10.27,-1.13,2.12,1.59,6.54,0
US-xML,-80.5248,37.3783,2013,11,22,16.84,5.92,9,1.88,4.6,3.52
US-xML,-80.5248,37.3783,2013,11,23,7.06,-4.79,-4.13,3.58,10.23,0.23
US-xML,-80.5248,37.3783,2013,11,24,-3.93,-9.68,-16.24,3.54,12.87,0
US-xML,-80.5248,37.3783,2013,11,25,4.9,-6.94,-12.51,1.3,9.75,0.62
US-xML,-80.5248,37.3783,2013,11,26,0.93,-1.81,-1.29,1.56,1.93,38.64
US-xML,-80.5248,37.3783,2013,11,27,-0.03,-8.53,-5.1,4.21,3.29,8.12
US-xML,-80.5248,37.3783,2013,11,28,-0.94,-10.6,-7.77,2.11,11.39,0
US-xML,-80.5248,37.3783,2013,11,29,0.96,-12.17,-6.9,2.13,11.9,0
US-xML,-80.5248,37.3783,2013,11,30,1.36,-10.03,-6.35,2.04,8.41,0
US-xML,-80.5248,37.3783,2013,12,1,6.15,-8.39,-3.34,1.92,10.27,0
US-xML,-80.5248,37.3783,2013,12,2,8.51,-2.11,0.67,1.47,5.88,0
US-xML,-80.5248,37.3783,2013,12,3,10.92,-0.01,3.62,1.49,5.65,0.02
US-xML,-80.5248,37.3783,2013,12,4,11.72,4.26,7.37,1.48,7.83,0.02
US-xML,-80.5248,37.3783,2013,12,5,19.86,7.29,11.75,1.92,4.61,2.39
US-xML,-80.5248,37.3783,2013,12,6,19.32,2.13,11.45,2.02,2.62,23.71
US-xML,-80.5248,37.3783,2013,12,7,3.1,-3.81,-3.13,2.31,4.95,2.83
US-xML,-80.5248,37.3783,2013,12,8,-0.45,-3.71,-4.04,2.58,1.94,12.31
US-xML,-80.5248,37.3783,2013,12,9,3.72,-4.46,0.65,1.97,4.85,4.02
US-xML,-80.5248,37.3783,2013,12,10,-1.38,-7.33,-4.91,2.83,4.67,9.28
US-xML,-80.5248,37.3783,2013,12,11,1.93,-10.61,-6.79,2.44,11.26,0
US-xML,-80.5248,37.3783,2013,12,12,-3.04,-11.15,-10.42,2.88,10.93,0
US-xML,-80.5248,37.3783,2013,12,13,2.92,-8.5,-7.32,2.13,10.85,0.12
US-xML,-80.5248,37.3783,2013,12,14,1.44,-1.31,-0.7,2.05,2.84,8.28
US-xML,-80.5248,37.3783,2013,12,15,1.59,-3.75,-2.75,3.73,4.41,0.68
US-xML,-80.5248,37.3783,2013,12,16,4.22,-4.22,-3.32,2.55,6.69,0.07
US-xML,-80.5248,37.3783,2013,12,17,4.53,-2.41,0.05,2.55,6.32,2.42
US-xML,-80.5248,37.3783,2013,12,18,2.33,-4.43,-6.28,3.06,10.76,0.22
US-xML,-80.5248,37.3783,2013,12,19,10.5,-4.42,-0.96,2.08,10.48,0
US-xML,-80.5248,37.3783,2013,12,20,11.13,-0.6,2.69,1.92,6.75,0.04
US-xML,-80.5248,37.3783,2013,12,21,17.79,3.87,10.11,2.81,5.83,2.91
US-xML,-80.5248,37.3783,2013,12,22,17.06,9.7,14.45,3.03,1.31,15.17
US-xML,-80.5248,37.3783,2013,12,23,8.98,-3.57,2.4,2.67,1.54,16.26
US-xML,-80.5248,37.3783,2013,12,24,-2.1,-7.89,-9.5,3.08,6.79,0.11
US-xML,-80.5248,37.3783,2013,12,25,3.37,-8.46,-10.5,1.42,11.07,0
US-xML,-80.5248,37.3783,2013,12,26,3.55,-7.81,-5.76,2.18,10.18,0.11
US-xML,-80.5248,37.3783,2013,12,27,7.06,-6.29,-6.16,1.93,11.24,0
US-xML,-80.5248,37.3783,2013,12,28,7.71,-5.34,-2.77,1.67,10.1,2.05
US-xML,-80.5248,37.3783,2013,12,29,4.09,-0.32,1.19,2.49,3.34,27.46
US-xML,-80.5248,37.3783,2013,12,30,1.52,-2.94,-2.95,2.66,3.97,0.58
US-xML,-80.5248,37.3783,2013,12,31,0.95,-5.85,-6.12,2.75,11.11,0
US-xML,-80.5248,37.3783,2014,1,1,7.14,-5.97,-4.76,1.72,11.29,0
US-xML,-80.5248,37.3783,2014,1,2,1.87,-7.64,-2.13,2.39,2.27,3.43
US-xML,-80.5248,37.3783,2014,1,3,-6.86,-12.47,-14.63,3.84,10.69,0.12
US-xML,-80.5248,37.3783,2014,1,4,3.17,-11.57,-9.7,1.99,11.43,0
US-xML,-80.5248,37.3783,2014,1,5,4.99,-5.76,0.57,2.45,3.11,0.63
US-xML,-80.5248,37.3783,2014,1,6,4.79,-19.32,-12.1,5.39,6.76,2.1
US-xML,-80.5248,37.3783,2014,1,7,-11.86,-20.44,-21.11,3.86,11.81,0.01
US-xML,-80.5248,37.3783,2014,1,8,0.57,-15.3,-11.61,1.87,10.5,0.03
US-xML,-80.5248,37.3783,2014,1,9,6.29,-6.24,-5.28,1.78,10.94,0.06
US-xML,-80.5248,37.3783,2014,1,10,4.8,-1.99,1.02,1.85,4.58,6.51
US-xML,-80.5248,37.3783,2014,1,11,11.04,1.74,5.04,3.06,1.88,14.91
US-xML,-80.5248,37.3783,2014,1,12,6.64,-2.9,-1.54,3.41,10.31,0.3
US-xML,-80.5248,37.3783,2014,1,13,8.37,-3.3,0.75,1.77,6.12,0.85
US-xML,-80.5248,37.3783,2014,1,14,7.35,-3.01,0.46,2.12,4.98,3.27
US-xML,-80.5248,37.3783,2014,1,15,1.25,-5.38,-4.55,2.57,5.62,1.22
US-xML,-80.5248,37.3783,2014,1,16,2.25,-6.73,-8.46,1.94,12.03,0.06
US-xML,-80.5248,37.3783,2014,1,17,4.92,-5.78,-3.64,2.52,9.06,0.6
US-xML,-80.5248,37.3783,2014,1,18,-4.4,-9.9,-11.42,3.24,9.22,0.13
US-xML,-80.5248,37.3783,2014,1,19,2.73,-6.49,-4.56,3.11,5.07,0.1
US-xML,-80.5248,37.3783,2014,1,20,7,-2.77,-2.3,3.47,12.62,0
US-xML,-80.5248,37.3783,2014,1,21,1.89,-10.68,-4.84,2.9,2.91,6.27
US-xML,-80.5248,37.3783,2014,1,22,-8.73,-16.01,-16.51,3.18,10.13,0.07
US-xML,-80.5248,37.3783,2014,1,23,-9.55,-16.03,-15.5,3.78,8.38,0.13
US-xML,-80.5248,37.3783,2014,1,24,-7.37,-17.33,-17.32,2.69,11.12,0.01
US-xML,-80.5248,37.3783,2014,1,25,-3.22,-14.63,-9.88,3.98,5.49,0.44
US-xML,-80.5248,37.3783,2014,1,26,4.78,-13.23,-7.97,3.17,7.39,0.04
US-xML,-80.5248,37.3783,2014,1,27,0.82,-13.18,-7.9,4.11,7.18,0.14
US-xML,-80.5248,37.3783,2014,1,28,-10.34,-15.14,-17.26,2.42,6.84,0.77
US-xML,-80.5248,37.3783,2014,1,29,-7.5,-18.73,-17.57,2.66,12.04,0
US-xML,-80.5248,37.3783,2014,1,30,-0.43,-16.93,-14.23,1.82,13.25,0
US-xML,-80.5248,37.3783,2014,1,31,5.96,-9.97,-6.47,1.83,12.03,0.01
US-xML,-80.5248,37.3783,2014,2,1,9.93,-3.97,-2.11,2.17,12,0.25
US-xML,-80.5248,37.3783,2014,2,2,8.91,-0.97,3.69,1.82,6,1.98
US-xML,-80.5248,37.3783,2014,2,3,5.35,-4.61,-0.25,2.5,6.1,28.12
US-xML,-80.5248,37.3783,2014,2,4,4.04,-4.47,-2.18,2.72,5.07,2.35
US-xML,-80.5248,37.3783,2014,2,5,4.87,-5.03,-1,4.37,7.45,4
US-xML,-80.5248,37.3783,2014,2,6,-0.43,-5.61,-7.88,2.74,9.7,0.03
US-xML,-80.5248,37.3783,2014,2,7,1.96,-5.88,-6.59,1.95,11.38,0
US-xML,-80.5248,37.3783,2014,2,8,3.8,-4.81,-3.77,1.25,6.64,0.23
US-xML,-80.5248,37.3783,2014,2,9,4.86,-4.81,-1.99,2.39,3.78,0.37
US-xML,-80.5248,37.3783,2014,2,10,-0.86,-10.64,-9.22,2.49,7.85,0.02
US-xML,-80.5248,37.3783,2014,2,11,1.43,-11.44,-11.36,1.57,15.51,0
US-xML,-80.5248,37.3783,2014,2,12,-4.88,-10.29,-10.07,2.76,5.67,14.8
US-xML,-80.5248,37.3783,2014,2,13,0.04,-7.21,-3.71,3.96,2.36,13.12
US-xML,-80.5248,37.3783,2014,2,14,2.34,-5.47,-2.05,3.5,16.04,1.62
US-xML,-80.5248,37.3783,2014,2,15,-0.3,-12.22,-5.91,4.19,8.13,5.79
US-xML,-80.5248,37.3783,2014,2,16,1.29,-12.77,-6.05,3.05,5.56,0.15
US-xML,-80.5248,37.3783,2014,2,17,1.6,-11.12,-6.13,3.05,12.76,1.04
US-xML,-80.5248,37.3783,2014,2,18,7.59,-2.94,-1.17,3.02,17.05,0.28
US-xML,-80.5248,37.3783,2014,2,19,13.86,-1.35,3.68,3.59,13.67,1.9
US-xML,-80.5248,37.3783,2014,2,20,11.38,-0.04,4.96,2.72,6.17,0.17
US-xML,-80.5248,37.3783,2014,2,21,12.03,-2.36,2.65,3.87,11.99,10.93
US-xML,-80.5248,37.3783,2014,2,22,12.12,-3.26,-1.81,2.34,18.22,0
US-xML,-80.5248,37.3783,2014,2,23,13.64,-1.02,1.44,2.37,16.99,0.41
US-xML,-80.5248,37.3783,2014,2,24,2.97,-5.43,-6.81,3.6,18.77,0.05
US-xML,-80.5248,37.3783,2014,2,25,2.82,-4.66,-5.88,2.45,10.08,0.04
US-xML,-80.5248,37.3783,2014,2,26,-0.72,-9.51,-9.04,3.01,13.98,0.24
US-xML,-80.5248,37.3783,2014,2,27,0,-11.02,-11.25,3.9,19.75,0
US-xML,-80.5248,37.3783,2014,2,28,5.5,-12.05,-9.94,1.64,18.73,0
US-xML,-80.5248,37.3783,2014,3,1,9.38,-6.93,-2.31,1.9,10.03,0
US-xML,-80.5248,37.3783,2014,3,2,15.25,0.19,4.06,2.29,7.45,7.35
US-xML,-80.5248,37.3783,2014,3,3,-0.56,-15.38,-7.12,2.72,4.28,18.43
US-xML,-80.5248,37.3783,2014,3,4,-0.62,-15.23,-10.89,1.76,14.57,0.1
US-xML,-80.5248,37.3783,2014,3,5,6.03,-7.19,-4.89,1.6,17.21,0.02
US-xML,-80.5248,37.3783,2014,3,6,1.99,-5.05,-5.15,3.01,13.82,0.21
US-xML,-80.5248,37.3783,2014,3,7,6.41,-3.93,-1.81,2.17,12.24,1.68
US-xML,-80.5248,37.3783,2014,3,8,11.78,-1.68,1.84,2.57,18.82,0
US-xML,-80.5248,37.3783,2014,3,9,9.65,-2.46,0.12,2.87,16.57,0.1
US-xML,-80.5248,37.3783,2014,3,10,13.35,-1.89,1.75,2.83,20.18,0
US-xML,-80.5248,37.3783,2014,3,11,18.17,3.09,5.13,2.44,17.84,0
US-xML,-80.5248,37.3783,2014,3,12,17.98,-5.41,4.41,4.53,6.17,2.83
US-xML,-80.5248,37.3783,2014,3,13,-1.13,-7.18,-10.86,4.59,21.06,0.08
US-xML,-80.5248,37.3783,2014,3,14,12.22,-6.49,-2.54,2.64,19.9,0
US-xML,-80.5248,37.3783,2014,3,15,12.43,1.26,2.15,3.53,20.84,0
US-xML,-80.5248,37.3783,2014,3,16,3.09,-2.27,-1.14,2.85,4.28,6.9
US-xML,-80.5248,37.3783,2014,3,17,-0.4,-4.55,-5.1,2.5,4.49,2.48
US-xML,-80.5248,37.3783,2014,3,18,5.49,-3.91,-2.01,2.41,9.17,0.26
US-xML,-80.5248,37.3783,2014,3,19,12.02,-1.31,3.25,2.88,15.91,0.31
US-xML,-80.5248,37.3783,2014,3,20,9.89,-1.37,-0.08,3.46,23.31,0.02
US-xML,-80.5248,37.3783,2014,3,21,15.78,-1.9,1.14,2.38,22.64,0
US-xML,-80.5248,37.3783,2014,3,22,13.46,1.04,4.43,2.36,15.08,0
US-xML,-80.5248,37.3783,2014,3,23,7.03,-5.08,-2.41,2.86,9.9,0.57
US-xML,-80.5248,37.3783,2014,3,24,5.04,-7.29,-8.84,2.06,22.97,0
US-xML,-80.5248,37.3783,2014,3,25,1.78,-4.69,-4.55,2.49,9.15,4.35
US-xML,-80.5248,37.3783,2014,3,26,0.53,-7.49,-10.34,3.7,23.65,0.07
US-xML,-80.5248,37.3783,2014,3,27,8.78,-6.73,-4.26,2.73,20.59,0
US-xML,-80.5248,37.3783,2014,3,28,15.15,2.38,6.97,2.69,10.15,1.57
US-xML,-80.5248,37.3783,2014,3,29,14,-0.54,8.12,2.43,4.7,14.03
US-xML,-80.5248,37.3783,2014,3,30,6.41,-1.7,-2.54,5.97,11.49,1.67
US-xML,-80.5248,37.3783,2014,3,31,16.53,-1.84,-0.93,2.52,24.86,0
US-xML,-80.5248,37.3783,2014,4,1,20.9,2.74,6.51,2.11,22.76,0.01
US-xML,-80.5248,37.3783,2014,4,2,21.92,6.71,10.82,1.93,21.98,0.15
US-xML,-80.5248,37.3783,2014,4,3,21.99,8.97,12.55,1.95,15.43,10.77
US-xML,-80.5248,37.3783,2014,4,4,20.96,8.25,12.41,2.9,9.48,2.8
US-xML,-80.5248,37.3783,2014,4,5,10.51,-1.41,-0.54,3.23,21.96,0.17
US-xML,-80.5248,37.3783,2014,4,6,13.83,-3.13,0.56,2.06,22.7,0.01
US-xML,-80.5248,37.3783,2014,4,7,13.15,4.32,6.53,2.86,5.65,16.3
US-xML,-80.5248,37.3783,2014,4,8,12.87,2.38,4.17,3.22,15.68,0.68
US-xML,-80.5248,37.3783,2014,4,9,13.02,2.62,3.69,2.38,14.91,0.15
US-xML,-80.5248,37.3783,2014,4,10,18.78,-0.37,4.59,2.31,26.38,0
US-xML,-80.5248,37.3783,2014,4,11,20.56,5.4,8.59,2.41,19.28,1
US-xML,-80.5248,37.3783,2014,4,12,21.75,8.61,11.46,1.66,18.63,0.03
US-xML,-80.5248,37.3783,2014,4,13,24.12,8.19,12.26,2.18,20.32,0
US-xML,-80.5248,37.3783,2014,4,14,18.55,13.78,13.82,2.88,8.93,2.15
US-xML,-80.5248,37.3783,2014,4,15,14.6,-2.94,2.69,4.06,6.69,11.11
US-xML,-80.5248,37.3783,2014,4,16,12.04,-5.52,-6.08,2.06,28.75,0
US-xML,-80.5248,37.3783,2014,4,17,14.22,-3.33,-1.32,2.04,27.31,0
US-xML,-80.5248,37.3783,2014,4,18,12.7,1.28,3.12,1.28,14.44,0.03
US-xML,-80.5248,37.3783,2014,4,19,15.35,3.73,5.86,1.65,14.28,0.02
US-xML,-80.5248,37.3783,2014,4,20,17.19,4.1,4.02,1.95,27.32,0.01
US-xML,-80.5248,37.3783,2014,4,21,22.89,2.8,7.13,1.37,25.91,0
US-xML,-80.5248,37.3783,2014,4,22,19.32,8.99,10.86,2.61,12.27,0.19
US-xML,-80.5248,37.3783,2014,4,23,13.74,2.02,1.71,3.27,27.95,0
US-xML,-80.5248,37.3783,2014,4,24,20.32,-0.52,2.23,1.39,22.27,0
US-xML,-80.5248,37.3783,2014,4,25,17.19,7.78,10.67,2.86,8.25,13.08
US-xML,-80.5248,37.3783,2014,4,26,21.05,4.81,7.33,2.63,27.13,0
US-xML,-80.5248,37.3783,2014,4,27,25.54,7.22,10.59,1.33,26.76,0
US-xML,-80.5248,37.3783,2014,4,28,19.98,10.39,13.26,2.16,8.41,17.38
US-xML,-80.5248,37.3783,2014,4,29,16.53,8,10.13,3.14,5.6,6.78
US-xML,-80.5248,37.3783,2014,4,30,21.58,9.66,14.23,2.74,10.32,4.57
US-xML,-80.5248,37.3783,2014,5,1,18.27,5.43,8.08,2.23,22.2,0.01
US-xML,-80.5248,37.3783,2014,5,2,17.06,3.34,5.12,2.04,25.35,0
US-xML,-80.5248,37.3783,2014,5,3,18.27,4.14,6.59,2.57,23.86,0
US-xML,-80.5248,37.3783,2014,5,4,21.25,5.46,8.08,3.02,25.65,0.03
US-xML,-80.5248,37.3783,2014,5,5,22.5,6.88,10.48,1.37,18.84,0.85
US-xML,-80.5248,37.3783,2014,5,6,23.96,11.91,13.76,1.68,25.51,0
US-xML,-80.5248,37.3783,2014,5,7,25.92,12.86,14.35,1.56,25.02,0
US-xML,-80.5248,37.3783,2014,5,8,26.44,12.92,14.31,1.86,29.04,0
US-xML,-80.5248,37.3783,2014,5,9,24.19,12.9,14.45,1.91,16.66,1.02
US-xML,-80.5248,37.3783,2014,5,10,19.91,14.1,15.12,1.81,9.29,9.57
US-xML,-80.5248,37.3783,2014,5,11,25.64,13.36,13.27,1.39,27.72,0.47
US-xML,-80.5248,37.3783,2014,5,12,25.3,13.41,16.52,1.59,23.56,0.29
US-xML,-80.5248,37.3783,2014,5,13,26.67,15.67,17.64,1.28,25.47,2.44
US-xML,-80.5248,37.3783,2014,5,14,25.98,15.5,16.66,2.04,23.42,3.86
US-xML,-80.5248,37.3783,2014,5,15,19.92,7.59,14.51,2.88,6.52,37.83
US-xML,-80.5248,37.3783,2014,5,16,16.1,5.64,4.28,2.55,21.57,3.18
US-xML,-80.5248,37.3783,2014,5,17,14.62,2.78,3.22,2.12,21.52,0.08
US-xML,-80.5248,37.3783,2014,5,18,17.58,2.65,3.01,1.34,28.8,0
US-xML,-80.5248,37.3783,2014,5,19,19.55,3.34,5.86,1.19,26.33,0.03
US-xML,-80.5248,37.3783,2014,5,20,22.56,8.38,12.04,1.57,20.02,0
US-xML,-80.5248,37.3783,2014,5,21,23.68,13.57,15.69,2.22,19.9,3.28
US-xML,-80.5248,37.3783,2014,5,22,24.89,15.57,16.86,2.58,23.83,0.25
US-xML,-80.5248,37.3783,2014,5,23,20.34,9.69,10.91,2.39,28.27,0
US-xML,-80.5248,37.3783,2014,5,24,21.59,6.24,8.89,1.65,31.05,0.01
US-xML,-80.5248,37.3783,2014,5,25,22.19,8.59,10.79,1.43,27.37,0.02
US-xML,-80.5248,37.3783,2014,5,26,25.85,11.51,15.15,1.52,27.45,0.03
US-xML,-80.5248,37.3783,2014,5,27,25.09,15.86,17.56,1.75,21.77,2.75
US-xML,-80.5248,37.3783,2014,5,28,24.25,16.47,17.13,1.53,22.53,0.85
US-xML,-80.5248,37.3783,2014,5,29,24.85,15.53,16.21,1.03,15.21,4.25
US-xML,-80.5248,37.3783,2014,5,30,25.97,14.77,15.95,1.4,23.37,0.14
US-xML,-80.5248,37.3783,2014,5,31,24.99,13.78,13.75,1.36,28.84,0.04
US-xML,-80.5248,37.3783,2014,6,1,23.32,12.1,12.44,1.84,24.55,0
US-xML,-80.5248,37.3783,2014,6,2,26.69,11.81,13.53,1.17,23.62,0.02
US-xML,-80.5248,37.3783,2014,6,3,25.93,14.16,15.91,1.76,16.22,1.59
US-xML,-80.5248,37.3783,2014,6,4,25.65,16.54,17.71,1.77,19.12,11.36
US-xML,-80.5248,37.3783,2014,6,5,23.7,11.39,14.81,2.18,21.04,11.94
US-xML,-80.5248,37.3783,2014,6,6,24.06,10.3,10.17,1.32,29.96,0
US-xML,-80.5248,37.3783,2014,6,7,26.31,11.22,13.82,1.25,25.28,0.01
US-xML,-80.5248,37.3783,2014,6,8,27.04,16.49,17.32,1.88,18.93,1.84
US-xML,-80.5248,37.3783,2014,6,9,26.37,14.56,15.04,1.3,23.08,0.73
US-xML,-80.5248,37.3783,2014,6,10,26.87,14.55,16.92,1.32,25.22,6.77
US-xML,-80.5248,37.3783,2014,6,11,26.62,16.89,17.16,1.87,21.98,5.16
US-xML,-80.5248,37.3783,2014,6,12,24.55,16.82,17.34,1.28,17.16,11.11
US-xML,-80.5248,37.3783,2014,6,13,25.51,15.53,16,1.7,23.04,1.37
US-xML,-80.5248,37.3783,2014,6,14,23.83,11.76,10.19,1.83,32.11,0.01
US-xML,-80.5248,37.3783,2014,6,15,28.97,9.41,13.15,1.47,29.61,0
US-xML,-80.5248,37.3783,2014,6,16,29.34,16.18,16.52,1.47,26.55,0.28
US-xML,-80.5248,37.3783,2014,6,17,30.02,16.4,17.08,1.56,25.56,0.52
US-xML,-80.5248,37.3783,2014,6,18,29.6,18.01,18.04,1.75,26.6,0.36
US-xML,-80.5248,37.3783,2014,6,19,28.17,18.19,17.79,2,20.85,2.3
US-xML,-80.5248,37.3783,2014,6,20,29.39,18.39,18.28,1.44,21.67,3.44
US-xML,-80.5248,37.3783,2014,6,21,28.64,17.72,17.27,1.55,21.08,1.19
US-xML,-80.5248,37.3783,2014,6,22,29.47,15.08,15.65,1.17,26.76,0.95
US-xML,-80.5248,37.3783,2014,6,23,29.62,17.06,17,1.32,22.76,0.35
US-xML,-80.5248,37.3783,2014,6,24,29.4,17.46,16.66,1.81,21.73,0.38
US-xML,-80.5248,37.3783,2014,6,25,29.2,17.85,17.74,1.61,17.67,3.45
US-xML,-80.5248,37.3783,2014,6,26,29.35,17.82,16.73,1.7,22.22,0.38
US-xML,-80.5248,37.3783,2014,6,27,30.79,16.13,15.66,1.25,25.34,0.83
US-xML,-80.5248,37.3783,2014,6,28,28.92,18.56,16.59,1.56,16.53,0.61
US-xML,-80.5248,37.3783,2014,6,29,25.63,17.43,16.97,1.39,14.67,2.09
US-xML,-80.5248,37.3783,2014,6,30,29.7,17.09,17.52,1.08,20.41,1.39
US-xML,-80.5248,37.3783,2014,7,1,34.26,18.41,17.87,1.46,24.32,0.67
US-xML,-80.5248,37.3783,2014,7,2,32.99,18.5,17.81,1.55,24.54,1.35
US-xML,-80.5248,37.3783,2014,7,3,31.54,17.91,16.66,1.57,18.42,7.28
US-xML,-80.5248,37.3783,2014,7,4,25.07,12.69,9.48,2.46,29.24,0
US-xML,-80.5248,37.3783,2014,7,5,28.17,9.6,5.64,1.13,32.11,0
US-xML,-80.5248,37.3783,2014,7,6,29.71,12.01,11.3,1.59,25.94,0
US-xML,-80.5248,37.3783,2014,7,7,31.65,15.1,13.11,1.96,26.39,0.01
US-xML,-80.5248,37.3783,2014,7,8,31.13,18.01,16.07,2.37,23.05,3.1
US-xML,-80.5248,37.3783,2014,7,9,27.14,16.84,17.89,1.37,16.26,5.79
US-xML,-80.5248,37.3783,2014,7,10,28.75,15.6,14.1,0.85,20.79,0.41
US-xML,-80.5248,37.3783,2014,7,11,32.22,16.73,12.91,0.6,26.27,0.02
US-xML,-80.5248,37.3783,2014,7,12,33.43,15.81,13.95,1.35,22.47,0.2
US-xML,-80.5248,37.3783,2014,7,13,32.32,19.12,16.39,1.59,21,0.44
US-xML,-80.5248,37.3783,2014,7,14,32.05,18.9,17.97,1.64,19.6,4.49
US-xML,-80.5248,37.3783,2014,7,15,24.55,15.53,17.46,1.43,13.27,5.9
US-xML,-80.5248,37.3783,2014,7,16,25.28,11.76,8.33,1.72,26.9,0
US-xML,-80.5248,37.3783,2014,7,17,26.65,9.85,7.93,1.26,25.89,0
US-xML,-80.5248,37.3783,2014,7,18,25.91,12.28,11.26,1.4,10.36,1.84
US-xML,-80.5248,37.3783,2014,7,19,19.73,15.04,14.63,1.6,8.38,3.07
US-xML,-80.5248,37.3783,2014,7,20,28.98,13.82,15.61,1.23,13.62,1.77
US-xML,-80.5248,37.3783,2014,7,21,30.52,15.71,16.65,1.21,18.05,0.16
US-xML,-80.5248,37.3783,2014,7,22,32.15,17.85,17.17,1.14,21.46,0.07
US-xML,-80.5248,37.3783,2014,7,23,31.96,17.43,17.37,1.43,20.71,3.47
US-xML,-80.5248,37.3783,2014,7,24,28.07,16.61,18.29,1.32,14.57,11.37
US-xML,-80.5248,37.3783,2014,7,25,30.18,12.89,11.28,0.84,24.74,0.12
US-xML,-80.5248,37.3783,2014,7,26,32.34,15.53,13.11,1.57,27.63,4.66
US-xML,-80.5248,37.3783,2014,7,27,30.49,17.65,18.39,2.53,11.83,6.38
US-xML,-80.5248,37.3783,2014,7,28,24.45,15.55,13.84,3,16.52,1.19
US-xML,-80.5248,37.3783,2014,7,29,24.29,12.02,9.6,1.68,19.53,0.03
US-xML,-80.5248,37.3783,2014,7,30,26.13,11.33,8.78,1.1,21.49,0.22
US-xML,-80.5248,37.3783,2014,7,31,29.56,13.6,11.21,1.09,21.09,0.35
US-xML,-80.5248,37.3783,2014,8,1,22.85,15.37,15.01,1.66,12.28,4.22
US-xML,-80.5248,37.3783,2014,8,2,26.28,13.54,14.94,0.67,13.9,7.29
US-xML,-80.5248,37.3783,2014,8,3,28.83,14.64,12.25,1.38,21.56,0.03
US-xML,-80.5248,37.3783,2014,8,4,30.23,12.58,12.28,1.22,24.74,0
US-xML,-80.5248,37.3783,2014,8,5,30.11,16.67,13.28,1.05,23.54,0.77
US-xML,-80.5248,37.3783,2014,8,6,27.04,14.3,13.37,1.79,20.73,0.61
US-xML,-80.5248,37.3783,2014,8,7,28.91,13.94,12.8,1.58,19.85,0
US-xML,-80.5248,37.3783,2014,8,8,23.69,14.72,15.84,1.28,7.06,17.65
US-xML,-80.5248,37.3783,2014,8,9,23.51,16.5,17.82,1.47,6.07,19.38
US-xML,-80.5248,37.3783,2014,8,10,24.06,15.24,16.69,1.68,6.74,3.41
US-xML,-80.5248,37.3783,2014,8,11,23.02,16.46,17.45,2.01,5.97,15.28
US-xML,-80.5248,37.3783,2014,8,12,27.85,17.13,18.5,1.55,16.81,8.67
US-xML,-80.5248,37.3783,2014,8,13,22.96,12.83,12.51,2.31,15.07,0.11
US-xML,-80.5248,37.3783,2014,8,14,24.36,10.54,12.69,1.84,18.47,0.54
US-xML,-80.5248,37.3783,2014,8,15,25.83,13.51,12.53,1.62,22.37,0.14
US-xML,-80.5248,37.3783,2014,8,16,27.32,13.51,7.82,1.47,26.2,0
US-xML,-80.5248,37.3783,2014,8,17,27.1,15.51,15.05,1.37,13.79,0.43
US-xML,-80.5248,37.3783,2014,8,18,25.08,16.96,18.89,1.22,5.31,22.73
US-xML,-80.5248,37.3783,2014,8,19,27.64,17.7,18.31,1.25,14.3,2.38
US-xML,-80.5248,37.3783,2014,8,20,27.77,16.12,17.67,1.48,19.6,1.01
US-xML,-80.5248,37.3783,2014,8,21,26.95,18.22,18.68,1.54,19.26,6.03
US-xML,-80.5248,37.3783,2014,8,22,26.09,18.9,20.24,1.72,11.28,8.48
US-xML,-80.5248,37.3783,2014,8,23,28.96,19.07,19.67,1.26,16.08,4.18
US-xML,-80.5248,37.3783,2014,8,24,25.7,15.76,17.16,1.75,10.1,1.21
US-xML,-80.5248,37.3783,2014,8,25,25.19,13.1,12.6,1.3,23.41,0
US-xML,-80.5248,37.3783,2014,8,26,27.04,12.54,10.71,1.27,24.52,0
US-xML,-80.5248,37.3783,2014,8,27,30.38,11.39,12.1,1.33,24.81,0
US-xML,-80.5248,37.3783,2014,8,28,29.5,16.04,15.88,1.62,21.69,0.46
US-xML,-80.5248,37.3783,2014,8,29,30.11,13.61,14.49,1.24,21.97,0.02
US-xML,-80.5248,37.3783,2014,8,30,30.54,17.66,16.96,1.39,20.84,1.42
US-xML,-80.5248,37.3783,2014,8,31,30,17.3,17.23,1.58,16.92,2.91
US-xML,-80.5248,37.3783,2014,9,1,30.07,18.57,17,1.87,19.24,0.54
US-xML,-80.5248,37.3783,2014,9,2,29.89,18.23,18.44,1.65,20.96,17.9
US-xML,-80.5248,37.3783,2014,9,3,27.87,18.84,18.15,1.46,15.32,0.81
US-xML,-80.5248,37.3783,2014,9,4,27.37,17.62,19.02,1.15,16.33,3.46
US-xML,-80.5248,37.3783,2014,9,5,29.47,17.77,18.64,0.94,15.8,2.01
US-xML,-80.5248,37.3783,2014,9,6,29.23,17.08,18.09,1.27,18.12,8.94
US-xML,-80.5248,37.3783,2014,9,7,25.3,16.54,17.21,0.93,10.82,2.17
US-xML,-80.5248,37.3783,2014,9,8,24.16,13.11,14.45,1.8,10.24,1.49
US-xML,-80.5248,37.3783,2014,9,9,27.4,13.98,15.2,0.98,14.15,0.09
US-xML,-80.5248,37.3783,2014,9,10,27.63,15.7,15.99,1.6,12.34,0.05
US-xML,-80.5248,37.3783,2014,9,11,29.12,15.96,18.34,1.79,14.06,3.93
US-xML,-80.5248,37.3783,2014,9,12,27.2,15.61,16.4,0.74,9.35,5.96
US-xML,-80.5248,37.3783,2014,9,13,19.37,11.18,14.28,1.72,8.84,6.8
US-xML,-80.5248,37.3783,2014,9,14,23.18,8.84,10.42,1.07,9.39,0.04
US-xML,-80.5248,37.3783,2014,9,15,24.99,11.24,10.93,1,13.44,0
US-xML,-80.5248,37.3783,2014,9,16,21.19,11.75,12.01,1.59,11.2,0.39
US-xML,-80.5248,37.3783,2014,9,17,23.29,10.38,9.67,1.04,14.68,0.03
US-xML,-80.5248,37.3783,2014,9,18,24.29,9.07,8.2,1.25,16.59,0
US-xML,-80.5248,37.3783,2014,9,19,22.62,9.44,12.25,1.93,7.6,0.49
US-xML,-80.5248,37.3783,2014,9,20,25.68,12.24,12.07,1.29,21.17,0.05
US-xML,-80.5248,37.3783,2014,9,21,26.76,11.12,13.13,2.45,15.32,1.42
US-xML,-80.5248,37.3783,2014,9,22,20.67,7.87,6.67,2.08,18.22,0.04
US-xML,-80.5248,37.3783,2014,9,23,18.94,6.52,5.05,1.14,17.6,0
US-xML,-80.5248,37.3783,2014,9,24,21.39,7.2,5.58,1.91,13.75,0.43
US-xML,-80.5248,37.3783,2014,9,25,25.66,11.17,12.56,1.44,15.53,0.08
US-xML,-80.5248,37.3783,2014,9,26,25.62,12.02,12.1,1.26,13.11,0.03
US-xML,-80.5248,37.3783,2014,9,27,24.57,10.92,8.47,1.63,19.69,0
US-xML,-80.5248,37.3783,2014,9,28,22.79,10.4,10.77,0.93,12.6,0.02
US-xML,-80.5248,37.3783,2014,9,29,24.33,12.68,12.89,1.05,11,1.82
US-xML,-80.5248,37.3783,2014,9,30,26.34,11.01,10.11,1.59,18.54,0.01
US-xML,-80.5248,37.3783,2014,10,1,25.52,10.28,10.25,1.56,16.28,0
US-xML,-80.5248,37.3783,2014,10,2,27.25,12.21,10.36,0.95,18.06,0
US-xML,-80.5248,37.3783,2014,10,3,24.56,13.51,14.9,2.48,7.33,6.04
US-xML,-80.5248,37.3783,2014,10,4,12.49,3.98,0.66,3.09,17,0.33
US-xML,-80.5248,37.3783,2014,10,5,15.16,-0.13,-2.36,1.93,19.85,0
US-xML,-80.5248,37.3783,2014,10,6,20.94,4.12,6.48,2.34,12.82,20.6
US-xML,-80.5248,37.3783,2014,10,7,18.85,10.42,11.92,2.82,9.11,22.45
US-xML,-80.5248,37.3783,2014,10,8,19.78,7.6,9.19,2.4,18.86,0.41
US-xML,-80.5248,37.3783,2014,10,9,20.81,5.13,6.9,1.51,17.48,0.18
US-xML,-80.5248,37.3783,2014,10,10,19.69,10.24,14.22,1.36,5.31,11.94
US-xML,-80.5248,37.3783,2014,10,11,19.17,11.09,13,1.53,5.58,3.32
US-xML,-80.5248,37.3783,2014,10,12,15.37,9.28,10.42,1.98,4.76,7.3
US-xML,-80.5248,37.3783,2014,10,13,22.28,10.78,13.89,2.11,8.65,2.14
US-xML,-80.5248,37.3783,2014,10,14,22.68,15.84,17.25,4.12,6.15,20.77
US-xML,-80.5248,37.3783,2014,10,15,19.15,9.6,10.86,1.24,11.84,8.44
US-xML,-80.5248,37.3783,2014,10,16,14.7,7.97,8.7,1.7,7.51,0.7
US-xML,-80.5248,37.3783,2014,10,17,20.23,8.6,9.57,2.22,17.06,0.07
US-xML,-80.5248,37.3783,2014,10,18,13.82,5.97,7.62,2.82,6.05,0.69
US-xML,-80.5248,37.3783,2014,10,19,13.33,4.34,1.77,2.33,15.51,0.27
US-xML,-80.5248,37.3783,2014,10,20,16.31,3.6,5.74,1.64,13.62,0.66
US-xML,-80.5248,37.3783,2014,10,21,13.74,5.73,7.04,2.25,6.27,1.47
US-xML,-80.5248,37.3783,2014,10,22,9.94,5.07,4.42,3.15,6.91,0.54
US-xML,-80.5248,37.3783,2014,10,23,13.46,4.73,4.25,2.88,10.89,0.02
US-xML,-80.5248,37.3783,2014,10,24,14.02,3.54,3.67,1.75,13.98,0
US-xML,-80.5248,37.3783,2014,10,25,18.62,1.5,5.62,2.22,15.76,0
US-xML,-80.5248,37.3783,2014,10,26,16.45,3.91,4.09,2.73,15.83,0
US-xML,-80.5248,37.3783,2014,10,27,23.2,3.28,5.66,1.82,15.35,0
US-xML,-80.5248,37.3783,2014,10,28,23.02,9.5,11.2,1.91,14.08,0.09
US-xML,-80.5248,37.3783,2014,10,29,14.26,3.38,6.19,1.95,8.77,3.53
US-xML,-80.5248,37.3783,2014,10,30,13.19,0.04,1.5,1.49,13.07,0
US-xML,-80.5248,37.3783,2014,10,31,10.41,-0.5,1.9,1.3,7.29,5.52
US-xML,-80.5248,37.3783,2014,11,1,5.29,-0.5,0.88,3.12,3.26,6.8
US-xML,-80.5248,37.3783,2014,11,2,5.03,-2.65,-5.49,3.53,14.95,0.14
US-xML,-80.5248,37.3783,2014,11,3,15.01,-3.92,-2.84,1.73,14.78,0
US-xML,-80.5248,37.3783,2014,11,4,16.28,2.57,2.67,1.65,11.72,0
US-xML,-80.5248,37.3783,2014,11,5,12.68,5.8,6.12,1.25,4.39,1.87
US-xML,-80.5248,37.3783,2014,11,6,15.38,4.02,7.01,2.87,10.17,5.07
US-xML,-80.5248,37.3783,2014,11,7,6.95,-2.33,-0.9,3.21,8.83,1.23
US-xML,-80.5248,37.3783,2014,11,8,9.71,-3.85,-1.34,1.49,10.79,0.03
US-xML,-80.5248,37.3783,2014,11,9,12.83,0.4,0.96,1.46,13.1,0.03
US-xML,-80.5248,37.3783,2014,11,10,16.38,2.34,2.44,1.79,13.86,0
US-xML,-80.5248,37.3783,2014,11,11,19.32,0.45,2.01,1.8,14.18,0
US-xML,-80.5248,37.3783,2014,11,12,11.72,-0.34,1.32,2.29,10.88,0.03
US-xML,-80.5248,37.3783,2014,11,13,4.08,-3.99,-3.2,2.11,2.26,0.15
US-xML,-80.5248,37.3783,2014,11,14,-0.77,-6.4,-11.22,2.74,9.09,0.08
US-xML,-80.5248,37.3783,2014,11,15,4.1,-5.92,-10.22,1.06,13.1,0
US-xML,-80.5248,37.3783,2014,11,16,5.79,-3.35,-3.27,1.47,3.88,6.8
US-xML,-80.5248,37.3783,2014,11,17,6.19,-7.01,-0.9,3.44,3.25,12.11
US-xML,-80.5248,37.3783,2014,11,18,-5.5,-9.29,-15.49,4.03,11.21,0.03
US-xML,-80.5248,37.3783,2014,11,19,3.75,-11.96,-10.65,2.38,11.7,0
US-xML,-80.5248,37.3783,2014,11,20,4.86,-3.6,-4.35,3.1,11.98,0
US-xML,-80.5248,37.3783,2014,11,21,1.69,-7.49,-11.11,2.49,13.16,0
US-xML,-80.5248,37.3783,2014,11,22,9.77,-8.34,-6.22,1.72,11.93,0
US-xML,-80.5248,37.3783,2014,11,23,11.43,-2.14,3.1,2.45,4.25,8.79
US-xML,-80.5248,37.3783,2014,11,24,17.82,6.27,9.3,2.95,11.1,1.31
US-xML,-80.5248,37.3783,2014,11,25,10.1,2.08,1.03,1.9,8.18,0.27
US-xML,-80.5248,37.3783,2014,11,26,3.19,-1.06,0.36,1.28,3.23,18.3
US-xML,-80.5248,37.3783,2014,11,27,1.2,-4.69,-2.38,2.47,4.78,1.84
US-xML,-80.5248,37.3783,2014,11,28,-0.13,-5.81,-7.6,2.22,7.14,0.08
US-xML,-80.5248,37.3783,2014,11,29,5.01,-5.46,-2.52,1.55,7.27,0.04
US-xML,-80.5248,37.3783,2014,11,30,13.92,-1.71,5.52,2.48,5.7,0.06
US-xML,-80.5248,37.3783,2014,12,1,16.22,4.73,8.35,2.14,4.46,8.04
US-xML,-80.5248,37.3783,2014,12,2,5.12,1.44,2.81,2.22,2.64,8.05
US-xML,-80.5248,37.3783,2014,12,3,10.81,0.04,4.76,2.43,3.29,2.92
US-xML,-80.5248,37.3783,2014,12,4,9.55,-2.14,0.33,1.4,3.54,5.13
US-xML,-80.5248,37.3783,2014,12,5,7,1.37,3.23,1.85,2.88,2.77
US-xML,-80.5248,37.3783,2014,12,6,10.87,2.36,6.17,2.61,2.27,8.59
US-xML,-80.5248,37.3783,2014,12,7,8.17,-3.57,-3.96,2.35,11.46,0.25
US-xML,-80.5248,37.3783,2014,12,8,0.59,-3.12,-4.33,1.99,2.46,1.13
US-xML,-80.5248,37.3783,2014,12,9,6.4,-3.65,-0.22,2.27,5.32,0.63
US-xML,-80.5248,37.3783,2014,12,10,1.74,-4.13,-3.17,3.97,5.24,0.81
US-xML,-80.5248,37.3783,2014,12,11,2.16,-5.13,-8.35,4.13,10.59,0.01
US-xML,-80.5248,37.3783,2014,12,12,5.49,-3.14,-5.43,3.58,11,0
US-xML,-80.5248,37.3783,2014,12,13,5.52,-2.53,-2.6,3.31,7.2,0
US-xML,-80.5248,37.3783,2014,12,14,7.5,-1.06,-0.67,2.9,5.53,0
US-xML,-80.5248,37.3783,2014,12,15,10.65,-0.88,1.5,1.4,10.07,0.38
US-xML,-80.5248,37.3783,2014,12,16,9.95,-0.05,3.72,2.48,5.73,2.92
US-xML,-80.5248,37.3783,2014,12,17,5.04,-3.31,-1.71,3.2,8.44,0.18
US-xML,-80.5248,37.3783,2014,12,18,4.33,-5.22,-6.79,2.05,7.59,0.02
US-xML,-80.5248,37.3783,2014,12,19,3.51,-4.35,-5.48,1.91,8.52,0
US-xML,-80.5248,37.3783,2014,12,20,4.67,-3.31,-2.27,1.19,3.58,0.06
US-xML,-80.5248,37.3783,2014,12,21,6.64,-3.71,-2.83,1.26,7.89,0
US-xML,-80.5248,37.3783,2014,12,22,1.82,-1.28,-0.87,2.03,3.34,3.42
US-xML,-80.5248,37.3783,2014,12,23,7.59,-0.44,3.3,1.89,4.17,8.91
US-xML,-80.5248,37.3783,2014,12,24,10.45,4.7,7.29,2.68,2.75,6.06
US-xML,-80.5248,37.3783,2014,12,25,5.86,-4.11,-0.59,3.07,6.08,0.31
US-xML,-80.5248,37.3783,2014,12,26,9.08,-4.21,-2.63,1.69,9.77,0
US-xML,-80.5248,37.3783,2014,12,27,14.83,-0.4,1.38,1.71,8.69,0
US-xML,-80.5248,37.3783,2014,12,28,9.3,3.91,6.12,1.84,2.25,3.22
US-xML,-80.5248,37.3783,2014,12,29,7.34,0.03,2.47,1.14,2.39,4.43
US-xML,-80.5248,37.3783,2014,12,30,4.28,-6.61,-4.41,1.63,4.81,2.75
US-xML,-80.5248,37.3783,2014,12,31,0.42,-7.09,-9.33,2.54,10.32,0
US-xML,-80.5248,37.3783,2015,1,1,3.94,-6.58,-6.62,3.08,7.78,0
US-xML,-80.5248,37.3783,2015,1,2,2.55,-1.89,-2.03,2.19,3.43,0.23
US-xML,-80.5248,37.3783,2015,1,3,4.48,-0.29,2.45,2.48,3.21,3.71
US-xML,-80.5248,37.3783,2015,1,4,11.96,0.35,6.54,3.44,3.48,8.16
US-xML,-80.5248,37.3783,2015,1,5,-0.32,-6.28,-9.56,4.25,11.48,0.21
US-xML,-80.5248,37.3783,2015,1,6,1.15,-4.88,-7.7,3.31,6.74,0.2
US-xML,-80.5248,37.3783,2015,1,7,-5.17,-16.07,-14.57,5.02,7,0.31
US-xML,-80.5248,37.3783,2015,1,8,-5.22,-17.8,-17.71,2.86,9.79,0
US-xML,-80.5248,37.3783,2015,1,9,-2.47,-9.81,-11.58,4.14,10.14,0.03
US-xML,-80.5248,37.3783,2015,1,10,-1.22,-13.31,-14.2,2.35,12.33,0
US-xML,-80.5248,37.3783,2015,1,11,6.19,-10.93,-6.6,1.59,9.09,0.68
US-xML,-80.5248,37.3783,2015,1,12,6.32,-0.62,2.23,2,3.48,6.47
US-xML,-80.5248,37.3783,2015,1,13,2.16,-3.3,-3.1,1.84,2.71,0.28
US-xML,-80.5248,37.3783,2015,1,14,3.36,-4.08,-4.48,1.6,3.75,0.07
US-xML,-80.5248,37.3783,2015,1,15,4.46,-6.63,-5.5,1.87,5.79,0.1
US-xML,-80.5248,37.3783,2015,1,16,3.73,-5.26,-4,3.2,7.47,0.01
US-xML,-80.5248,37.3783,2015,1,17,6.81,-5.87,-1.86,2.39,11.64,0
US-xML,-80.5248,37.3783,2015,1,18,6.13,-0.83,-0.4,3.32,6.46,0.06
US-xML,-80.5248,37.3783,2015,1,19,8.46,-2.26,-1.64,2.87,12.61,0.01
US-xML,-80.5248,37.3783,2015,1,20,11.21,-2.23,1.85,2.05,10.34,0
US-xML,-80.5248,37.3783,2015,1,21,8.17,-2.86,0.42,2.08,8.97,0.1
US-xML,-80.5248,37.3783,2015,1,22,4.5,-2.86,-2.33,2.13,8.77,0.06
US-xML,-80.5248,37.3783,2015,1,23,4.22,-2.78,-2.21,1.86,3.66,18.74
US-xML,-80.5248,37.3783,2015,1,24,-0.63,-2.97,-2.68,3.48,5.95,1.24
US-xML,-80.5248,37.3783,2015,1,25,3.54,-5.38,-1.32,2.15,8.08,0.09
US-xML,-80.5248,37.3783,2015,1,26,2.28,-5.41,-2.1,2.6,4.43,1.45
US-xML,-80.5248,37.3783,2015,1,27,-1.98,-9.91,-10.08,3.89,13.42,0.06
US-xML,-80.5248,37.3783,2015,1,28,0.06,-10.41,-9.2,2.46,13.59,0.06
US-xML,-80.5248,37.3783,2015,1,29,4.48,-7.66,-3.17,2.8,5.26,0.98
US-xML,-80.5248,37.3783,2015,1,30,-0.59,-9.78,-7.97,5.28,8.01,1.19
US-xML,-80.5248,37.3783,2015,1,31,1.67,-11.94,-9.64,2.59,13.91,0
US-xML,-80.5248,37.3783,2015,2,1,5.97,-4.7,-2.12,2.73,7.06,5.47
US-xML,-80.5248,37.3783,2015,2,2,6.33,-7.18,-4.15,5.09,6.35,5.76
US-xML,-80.5248,37.3783,2015,2,3,2.65,-8.71,-9.04,2.43,14.29,0
US-xML,-80.5248,37.3783,2015,2,4,8.51,-7.55,-4.01,2.07,14.41,0
US-xML,-80.5248,37.3783,2015,2,5,-0.83,-12.61,-10.91,4.29,12.67,0.07
US-xML,-80.5248,37.3783,2015,2,6,1.56,-14.54,-11.89,2.24,11.72,0
US-xML,-80.5248,37.3783,2015,2,7,8.94,-7.84,-3.72,2.39,14,0
US-xML,-80.5248,37.3783,2015,2,8,13.94,-0.42,3.21,2.74,15.03,0.12
US-xML,-80.5248,37.3783,2015,2,9,11.37,0.31,5.91,1.93,6.73,1.81
US-xML,-80.5248,37.3783,2015,2,10,4.84,-3.9,-3.34,2.98,7.45,0.32
US-xML,-80.5248,37.3783,2015,2,11,9.74,-4.26,-2.66,1.5,12.51,0
US-xML,-80.5248,37.3783,2015,2,12,-0.07,-9.65,-8.34,4.83,8.49,0.14
US-xML,-80.5248,37.3783,2015,2,13,-2.42,-13.16,-15.34,2.92,15.76,0
US-xML,-80.5248,37.3783,2015,2,14,4.85,-13.52,-9.72,4.98,9.77,1.23
US-xML,-80.5248,37.3783,2015,2,15,-10.03,-17.57,-19.43,4.93,15.45,0.03
US-xML,-80.5248,37.3783,2015,2,16,-7.33,-15.22,-13.6,2.17,4.43,8.46
US-xML,-80.5248,37.3783,2015,2,17,-5.14,-11.35,-11.29,2.51,15.54,0.95
US-xML,-80.5248,37.3783,2015,2,18,-3.91,-13.93,-12.3,3.63,7.72,0.6
US-xML,-80.5248,37.3783,2015,2,19,-14.1,-17.98,-19.41,4.6,13.15,0.09
US-xML,-80.5248,37.3783,2015,2,20,-7.54,-19.41,-17.81,2.77,15.4,0
US-xML,-80.5248,37.3783,2015,2,21,0.05,-14.44,-6.71,3.42,2.53,25.26
US-xML,-80.5248,37.3783,2015,2,22,1.6,-2.71,-0.62,1.78,8.79,2.05
US-xML,-80.5248,37.3783,2015,2,23,-2.73,-13.45,-8.82,3.13,11.14,0.09
US-xML,-80.5248,37.3783,2015,2,24,-1.32,-13.14,-9.33,2.04,6.37,0.07
US-xML,-80.5248,37.3783,2015,2,25,0.97,-8.22,-5.98,2.34,14.99,0.89
US-xML,-80.5248,37.3783,2015,2,26,1.58,-5.65,-3.91,1.56,9.7,3.16
US-xML,-80.5248,37.3783,2015,2,27,-5.05,-13.25,-10.67,2.6,15.66,0.05
US-xML,-80.5248,37.3783,2015,2,28,1.07,-13.99,-9.89,1.7,15.49,0.04
US-xML,-80.5248,37.3783,2015,3,1,3.35,-7.61,-2.26,2.04,8.6,2.82
US-xML,-80.5248,37.3783,2015,3,2,3.58,-3.44,-2.76,3.3,17.58,0.58
US-xML,-80.5248,37.3783,2015,3,3,4.15,-2.73,-0.54,2.63,3.66,1.72
US-xML,-80.5248,37.3783,2015,3,4,12.71,0.42,6.8,2.27,3.33,22.74
US-xML,-80.5248,37.3783,2015,3,5,-0.37,-11.11,-5.46,2.94,2.42,24.22
US-xML,-80.5248,37.3783,2015,3,6,-4.19,-20.58,-12.18,1.87,20.27,0.02
US-xML,-80.5248,37.3783,2015,3,7,3.5,-16.52,-6.07,2.6,20.17,0
US-xML,-80.5248,37.3783,2015,3,8,10.23,-3.41,0.09,2.7,20.17,0
US-xML,-80.5248,37.3783,2015,3,9,13.76,0.92,2.18,1.72,17.76,0.01
US-xML,-80.5248,37.3783,2015,3,10,14.85,3.66,8.7,2.64,5.33,10.22
US-xML,-80.5248,37.3783,2015,3,11,14.5,4.73,9.53,2.09,6.2,4.74
US-xML,-80.5248,37.3783,2015,3,12,15.35,-2.17,1.56,1.9,19.11,0.1
US-xML,-80.5248,37.3783,2015,3,13,8.25,0.85,1.11,2.82,7.11,7.93
US-xML,-80.5248,37.3783,2015,3,14,14.87,2.88,7.97,2.62,6.71,7.1
US-xML,-80.5248,37.3783,2015,3,15,12.67,1.97,2.73,4.23,22.29,0.05
US-xML,-80.5248,37.3783,2015,3,16,17.72,1.91,5.63,2.94,21.02,0
US-xML,-80.5248,37.3783,2015,3,17,17.46,-0.79,6.23,3.74,9.8,0
US-xML,-80.5248,37.3783,2015,3,18,9.07,-4.67,-5.74,2.33,21.6,0
US-xML,-80.5248,37.3783,2015,3,19,6.98,-2.43,-1.11,2,5.49,8.29
US-xML,-80.5248,37.3783,2015,3,20,7.88,0.63,3.55,1.95,5.48,6.1
US-xML,-80.5248,37.3783,2015,3,21,15.07,2.02,4.47,2.45,20.25,0.11
US-xML,-80.5248,37.3783,2015,3,22,14.05,2.37,3.07,1.94,18.01,0
US-xML,-80.5248,37.3783,2015,3,23,16.5,-0.42,0.72,1.1,22.2,0
US-xML,-80.5248,37.3783,2015,3,24,16.2,1.26,4.96,1.53,14.45,0.33
US-xML,-80.5248,37.3783,2015,3,25,15.18,4.88,7.49,2.63,14.12,0.2
US-xML,-80.5248,37.3783,2015,3,26,20.2,4.81,9.79,2.8,14.14,5.67
US-xML,-80.5248,37.3783,2015,3,27,7.57,-3.28,-1.32,2.96,12.64,8.98
US-xML,-80.5248,37.3783,2015,3,28,-0.82,-6.77,-10.99,3.77,22.51,0.19
US-xML,-80.5248,37.3783,2015,3,29,8.6,-8.09,-8.86,1.69,25.11,0
US-xML,-80.5248,37.3783,2015,3,30,10.34,0.28,0.48,3.24,19.31,1.19
US-xML,-80.5248,37.3783,2015,3,31,18.06,-1.22,3.42,3.5,22.36,0.03
US-xML,-80.5248,37.3783,2015,4,1,14.75,0.44,-0.43,1.98,25.55,0
US-xML,-80.5248,37.3783,2015,4,2,19.23,1.84,7.93,2.8,18.92,3.39
US-xML,-80.5248,37.3783,2015,4,3,20.47,10.2,12.7,3.37,8.25,19.52
US-xML,-80.5248,37.3783,2015,4,4,9.64,-1.82,-1.21,3.68,25.33,5.6
US-xML,-80.5248,37.3783,2015,4,5,15.29,-3.01,-1.26,1.86,25.58,0
US-xML,-80.5248,37.3783,2015,4,6,19.67,2.49,6.21,1.93,18.23,0.03
US-xML,-80.5248,37.3783,2015,4,7,18.79,9.9,13.48,1.59,7.99,11.58
US-xML,-80.5248,37.3783,2015,4,8,22.97,10.89,13.51,1.64,14.08,3.75
US-xML,-80.5248,37.3783,2015,4,9,22.91,12.12,15.35,1.68,15.65,7.11
US-xML,-80.5248,37.3783,2015,4,10,20.82,9.12,13.38,2.75,10.84,4.92
US-xML,-80.5248,37.3783,2015,4,11,15.01,2.79,2.52,2.83,26.92,0
US-xML,-80.5248,37.3783,2015,4,12,19.59,0.69,5.11,2.24,25.4,0
US-xML,-80.5248,37.3783,2015,4,13,21.53,7.23,12.16,2.06,18.05,2.11
US-xML,-80.5248,37.3783,2015,4,14,18.43,8.9,14.21,1.54,5.18,29.13
US-xML,-80.5248,37.3783,2015,4,15,12.18,6.94,7.75,1.81,6.59,4.32
US-xML,-80.5248,37.3783,2015,4,16,14.5,6.31,6.41,2.52,9.78,3.7
US-xML,-80.5248,37.3783,2015,4,17,21.6,8.4,11.71,1.23,18.65,1.35
US-xML,-80.5248,37.3783,2015,4,18,24.64,9.08,11.46,1.26,22.13,0
US-xML,-80.5248,37.3783,2015,4,19,16.54,12.53,12.98,3.16,5.68,32.79
US-xML,-80.5248,37.3783,2015,4,20,20.93,9.48,12.75,2.69,20.02,4.59
US-xML,-80.5248,37.3783,2015,4,21,13.76,3.76,2.47,3.15,26.54,0.14
US-xML,-80.5248,37.3783,2015,4,22,16.03,3.4,4.99,3.67,20.43,1.34
US-xML,-80.5248,37.3783,2015,4,23,11.33,1.59,-2.14,3.94,29.67,0
US-xML,-80.5248,37.3783,2015,4,24,12.92,-0.58,-2.09,2.55,28.21,0
US-xML,-80.5248,37.3783,2015,4,25,8.56,4.58,4.01,1.39,5.67,9.3
US-xML,-80.5248,37.3783,2015,4,26,11.3,2.46,5.06,1.63,8.18,7.22
US-xML,-80.5248,37.3783,2015,4,27,12.13,0.84,1.92,2.54,19.33,0.01
US-xML,-80.5248,37.3783,2015,4,28,17.6,1.34,3.07,1.51,29.13,0
US-xML,-80.5248,37.3783,2015,4,29,20.2,4.73,6.37,1.03,21.64,0.03
US-xML,-80.5248,37.3783,2015,4,30,17.69,5.96,7.29,1.88,15.96,6.93
US-xML,-80.5248,37.3783,2015,5,1,15.63,5.14,6.83,2.17,13.7,5.59
US-xML,-80.5248,37.3783,2015,5,2,18.59,6.78,6.66,1.84,21.75,0.18
US-xML,-80.5248,37.3783,2015,5,3,21.71,6.42,5.83,1.35,25.45,0
US-xML,-80.5248,37.3783,2015,5,4,23.1,8.8,11.85,1.76,23.85,0
US-xML,-80.5248,37.3783,2015,5,5,24.83,9.96,12.94,1.29,19.93,0.01
US-xML,-80.5248,37.3783,2015,5,6,25.86,12.2,14.13,1.02,18.77,1.01
US-xML,-80.5248,37.3783,2015,5,7,24.44,15.28,15.45,1.14,19.87,0.51
US-xML,-80.5248,37.3783,2015,5,8,25.9,13.48,15.11,1.26,25.04,0.01
US-xML,-80.5248,37.3783,2015,5,9,24.92,11.97,14.49,1.67,27.79,0.01
US-xML,-80.5248,37.3783,2015,5,10,25.79,13.8,15.77,1.24,20.07,0.05
US-xML,-80.5248,37.3783,2015,5,11,26.84,15.07,17.17,1.38,24.98,3.64
US-xML,-80.5248,37.3783,2015,5,12,24.16,13.08,14.01,2.88,25.31,0.66
US-xML,-80.5248,37.3783,2015,5,13,17.65,6.56,5.9,2.7,30.88,0
US-xML,-80.5248,37.3783,2015,5,14,21.73,3.8,8.01,1.24,27.86,0
US-xML,-80.5248,37.3783,2015,5,15,24.96,10.4,13.46,1.39,19.11,1.2
US-xML,-80.5248,37.3783,2015,5,16,23.25,13.84,16.45,1.34,19.24,4.28
US-xML,-80.5248,37.3783,2015,5,17,24.03,15.88,17.12,1.37,16.75,4.43
US-xML,-80.5248,37.3783,2015,5,18,25.96,15.25,17.24,1.37,17.78,5.07
US-xML,-80.5248,37.3783,2015,5,19,25.36,13.14,15.98,2.03,23.74,0.87
US-xML,-80.5248,37.3783,2015,5,20,21.35,9.41,8.87,1.99,30.15,0.02
US-xML,-80.5248,37.3783,2015,5,21,15.74,7.55,9.82,2,9.98,3.7
US-xML,-80.5248,37.3783,2015,5,22,18.83,6.17,5.85,2.12,30.93,0.09
US-xML,-80.5248,37.3783,2015,5,23,21.98,7.42,8.54,1.32,27.05,0.01
US-xML,-80.5248,37.3783,2015,5,24,23.72,9.09,11.09,1.59,29.73,0
US-xML,-80.5248,37.3783,2015,5,25,25.33,13.18,13.65,1.54,29.73,0.01
US-xML,-80.5248,37.3783,2015,5,26,25.71,14.81,17.03,1.57,18.38,3.67
US-xML,-80.5248,37.3783,2015,5,27,25.91,15.39,16.48,1.48,23.55,0.47
US-xML,-80.5248,37.3783,2015,5,28,26.71,14.92,16.36,0.92,21.71,0.72
US-xML,-80.5248,37.3783,2015,5,29,25.68,15.19,16.7,1.37,20.46,2.2
US-xML,-80.5248,37.3783,2015,5,30,26.3,14.17,15.62,1.5,25.74,0.11
US-xML,-80.5248,37.3783,2015,5,31,24.58,14.1,16.58,1.36,20.66,2.39
US-xML,-80.5248,37.3783,2015,6,1,25.29,15.3,17.17,1.22,18.3,9.95
US-xML,-80.5248,37.3783,2015,6,2,22.01,12.66,14.41,1.07,14.79,5.64
US-xML,-80.5248,37.3783,2015,6,3,18.07,12.32,13.17,1.6,9.08,3.98
US-xML,-80.5248,37.3783,2015,6,4,23.15,11.63,13.59,1.14,16.81,0.58
US-xML,-80.5248,37.3783,2015,6,5,24.05,12.94,15.21,1.08,18.63,4.97
US-xML,-80.5248,37.3783,2015,6,6,24.97,14.8,15.6,1.74,25.92,0.08
US-xML,-80.5248,37.3783,2015,6,7,26.11,14.98,16.36,1.97,18.69,0.32
US-xML,-80.5248,37.3783,2015,6,8,27,17.22,17.9,2.07,21.02,8.97
US-xML,-80.5248,37.3783,2015,6,9,24.85,15.32,15.54,2,24.15,0.45
US-xML,-80.5248,37.3783,2015,6,10,26.8,12.6,14.53,1.3,23.05,0.01
US-xML,-80.5248,37.3783,2015,6,11,29.52,14.9,16.83,1.21,26.48,0.58
US-xML,-80.5248,37.3783,2015,6,12,28.42,16.83,18.26,1.5,21.17,0.8
US-xML,-80.5248,37.3783,2015,6,13,28.68,17.63,18.32,1.81,22.21,1.69
US-xML,-80.5248,37.3783,2015,6,14,27.62,18.27,18.56,1.49,22.68,2.54
US-xML,-80.5248,37.3783,2015,6,15,29.66,18.69,19.05,1.89,27.38,0.59
US-xML,-80.5248,37.3783,2015,6,16,30.19,18.92,18.77,2.33,24.36,1.32
US-xML,-80.5248,37.3783,2015,6,17,29.66,18.83,18.76,1.35,20.8,5.01
US-xML,-80.5248,37.3783,2015,6,18,29.72,18.19,19.17,1.47,21.97,3.46
US-xML,-80.5248,37.3783,2015,6,19,28.29,18.38,18.04,1.41,18.91,3.62
US-xML,-80.5248,37.3783,2015,6,20,29.3,17.46,18.58,2.41,20.73,10.91
US-xML,-80.5248,37.3783,2015,6,21,29.21,19.67,19.17,2.52,23.35,3
US-xML,-80.5248,37.3783,2015,6,22,28.81,19.86,18.7,1.5,23.3,0.34
US-xML,-80.5248,37.3783,2015,6,23,30.35,19.02,18.99,2.13,24.18,1.42
US-xML,-80.5248,37.3783,2015,6,24,29.25,18.17,15.32,1.62,28.06,0.05
US-xML,-80.5248,37.3783,2015,6,25,31.29,17.54,15.91,1.46,25.5,2.31
US-xML,-80.5248,37.3783,2015,6,26,25.92,19.02,18.68,1.61,20.84,9.18
US-xML,-80.5248,37.3783,2015,6,27,25.37,14.92,18.73,2.04,13.21,24.49
US-xML,-80.5248,37.3783,2015,6,28,22.84,11.85,11.06,2.97,27.89,0.21
US-xML,-80.5248,37.3783,2015,6,29,25.75,10.87,11.26,1.57,23.88,0.1
US-xML,-80.5248,37.3783,2015,6,30,24.84,14.64,16.36,1.23,20.78,4.35
US-xML,-80.5248,37.3783,2015,7,1,26.57,16.17,16.28,1.73,18.4,1.54
US-xML,-80.5248,37.3783,2015,7,2,24.16,15.71,17.12,0.97,10.76,7.45
US-xML,-80.5248,37.3783,2015,7,3,21.9,14.9,16.9,1.58,6.82,12.51
US-xML,-80.5248,37.3783,2015,7,4,25.46,17.06,17.56,1.76,18.84,3.51
US-xML,-80.5248,37.3783,2015,7,5,24.69,15.92,18.07,1.43,15.73,20.01
US-xML,-80.5248,37.3783,2015,7,6,23.54,16.32,18.38,1.33,17.61,7.05
US-xML,-80.5248,37.3783,2015,7,7,27.58,14.42,17.93,1.53,24.54,1.61
US-xML,-80.5248,37.3783,2015,7,8,24.94,17.69,18.07,1.98,11.35,2.85
US-xML,-80.5248,37.3783,2015,7,9,28.59,17.18,19.05,2.3,24.32,2.22
US-xML,-80.5248,37.3783,2015,7,10,27.88,19.68,19.96,2.01,22.36,7.08
US-xML,-80.5248,37.3783,2015,7,11,26.9,16.41,17.94,1.82,20.13,4.35
US-xML,-80.5248,37.3783,2015,7,12,26.83,15.62,16.18,1,17.51,6.93
US-xML,-80.5248,37.3783,2015,7,13,27.53,19.42,19.84,1.71,24.33,32.3
US-xML,-80.5248,37.3783,2015,7,14,26.63,19.14,20.73,2.22,21.48,11.12
US-xML,-80.5248,37.3783,2015,7,15,25.76,17.35,18.12,2.26,15.76,1.72
US-xML,-80.5248,37.3783,2015,7,16,27.6,16.46,17.44,0.67,23.39,0.11
US-xML,-80.5248,37.3783,2015,7,17,27.69,17.66,18.97,1.32,23.21,0.07
US-xML,-80.5248,37.3783,2015,7,18,27.2,19.24,20.45,1.35,22.68,0.19
US-xML,-80.5248,37.3783,2015,7,19,29.48,20.45,20.93,1.33,22.68,0.76
US-xML,-80.5248,37.3783,2015,7,20,29.21,19.31,20.21,1.57,22.45,1
US-xML,-80.5248,37.3783,2015,7,21,26.06,18.54,19.64,1.66,16.69,6.68
US-xML,-80.5248,37.3783,2015,7,22,24.93,16.87,15.65,1.52,26.76,0.26
US-xML,-80.5248,37.3783,2015,7,23,25.56,15.02,15.2,1.18,21.5,0.17
US-xML,-80.5248,37.3783,2015,7,24,27.91,12.64,14.27,1.35,26.16,0
US-xML,-80.5248,37.3783,2015,7,25,29.06,15.76,15.32,0.81,24.83,0.22
US-xML,-80.5248,37.3783,2015,7,26,30,17.3,17.46,0.91,23.69,0.03
US-xML,-80.5248,37.3783,2015,7,27,27.52,18.75,19.69,0.84,15.2,3.04
US-xML,-80.5248,37.3783,2015,7,28,31.39,19.49,19.23,0.6,19.15,2.63
US-xML,-80.5248,37.3783,2015,7,29,30.72,19.36,18.71,0.92,16.48,1.36
US-xML,-80.5248,37.3783,2015,7,30,27.6,18.15,18.87,1.6,20.02,4.07
US-xML,-80.5248,37.3783,2015,7,31,27.58,14.33,12.85,1.58,29.22,0.01
US-xML,-80.5248,37.3783,2015,8,1,27.81,15.01,13.1,1.85,28.65,0
US-xML,-80.5248,37.3783,2015,8,2,28.35,14.22,11.53,0.9,23.65,0.01
US-xML,-80.5248,37.3783,2015,8,3,30.33,14.69,13.11,1.6,27.91,0.03
US-xML,-80.5248,37.3783,2015,8,4,29.59,16.92,17.51,1.64,22.93,0.37
US-xML,-80.5248,37.3783,2015,8,5,29.65,18.89,17.93,1.62,23.72,0.02
US-xML,-80.5248,37.3783,2015,8,6,26.99,18.1,18.34,1.03,12.45,11.85
US-xML,-80.5248,37.3783,2015,8,7,26.83,16.33,17.27,0.98,11.14,2.43
US-xML,-80.5248,37.3783,2015,8,8,28.91,15.91,16.33,0.91,18.58,0.96
US-xML,-80.5248,37.3783,2015,8,9,29.07,15.65,16.45,0.84,21.14,0.69
US-xML,-80.5248,37.3783,2015,8,10,29.52,18.19,18.58,1.2,11.38,20.21
US-xML,-80.5248,37.3783,2015,8,11,27.67,18.12,18.55,1.73,19.78,9.75
US-xML,-80.5248,37.3783,2015,8,12,25.76,15.06,14.14,1.81,23.58,0.17
US-xML,-80.5248,37.3783,2015,8,13,26.47,13.71,12.48,1.13,23.22,0
US-xML,-80.5248,37.3783,2015,8,14,29.12,12.22,13.18,1.04,24.05,0.4
US-xML,-80.5248,37.3783,2015,8,15,30.14,16.16,14.12,0.95,21.26,0.1
US-xML,-80.5248,37.3783,2015,8,16,30.58,17.65,14.58,0.66,22.84,1.05
US-xML,-80.5248,37.3783,2015,8,17,29.71,19.42,16.66,0.76,20.19,2.56
US-xML,-80.5248,37.3783,2015,8,18,26.44,18.41,19.12,1.39,14.7,11.32
US-xML,-80.5248,37.3783,2015,8,19,30.06,18.49,19.21,1.08,18.95,3.25
US-xML,-80.5248,37.3783,2015,8,20,28.33,16.25,18.23,1.47,14.01,2.25
US-xML,-80.5248,37.3783,2015,8,21,26.73,12.72,10.41,1.42,23.97,0.01
US-xML,-80.5248,37.3783,2015,8,22,28.12,11.52,11.01,1.03,21.72,0.02
US-xML,-80.5248,37.3783,2015,8,23,28.86,13.8,14.64,1.41,17.72,2.32
US-xML,-80.5248,37.3783,2015,8,24,29.76,15.5,15.54,1.65,21.05,0.35
US-xML,-80.5248,37.3783,2015,8,25,26.27,11.2,8.8,1.66,26.79,0
US-xML,-80.5248,37.3783,2015,8,26,25.51,9.87,9.26,1.39,22.46,0
US-xML,-80.5248,37.3783,2015,8,27,27.34,10.32,9.11,0.95,21.17,0
US-xML,-80.5248,37.3783,2015,8,28,28.67,12.12,11.53,1.08,20.81,0
US-xML,-80.5248,37.3783,2015,8,29,29.1,13.96,12.93,1.1,17.26,0
US-xML,-80.5248,37.3783,2015,8,30,27.61,15.52,14.19,1.03,11.75,0.02
US-xML,-80.5248,37.3783,2015,8,31,29.35,16.95,13.3,0.9,17.94,0.07
US-xML,-80.5248,37.3783,2015,9,1,32.01,15.88,14.04,0.98,18.18,0.08
US-xML,-80.5248,37.3783,2015,9,2,31.64,18.39,14.58,1.55,20.56,0.09
US-xML,-80.5248,37.3783,2015,9,3,31.4,16.26,15.73,1.42,19.13,0.88
US-xML,-80.5248,37.3783,2015,9,4,28.64,17.54,17.01,1.15,17.99,5.38
US-xML,-80.5248,37.3783,2015,9,5,29.2,17.14,15.66,1.49,16.26,0.45
US-xML,-80.5248,37.3783,2015,9,6,29.63,15.39,13.95,1.22,19.24,0.06
US-xML,-80.5248,37.3783,2015,9,7,30.74,16.53,13.58,0.96,22.57,0
US-xML,-80.5248,37.3783,2015,9,8,30.87,16.47,15.28,1.27,20.36,0
US-xML,-80.5248,37.3783,2015,9,9,30.37,16.83,17.52,0.77,13.56,9.51
US-xML,-80.5248,37.3783,2015,9,10,27.08,17.04,18.05,1.39,10.96,5.5
US-xML,-80.5248,37.3783,2015,9,11,28.06,14.48,11.05,1.16,21.36,0.35
US-xML,-80.5248,37.3783,2015,9,12,21.05,10.95,12.17,1.97,9.06,4.57
US-xML,-80.5248,37.3783,2015,9,13,16.57,7.22,6.93,2.39,13.83,0.72
US-xML,-80.5248,37.3783,2015,9,14,23.13,4.66,3.47,1.45,24.04,0
US-xML,-80.5248,37.3783,2015,9,15,27.38,10.98,4.92,1.3,23.45,0
US-xML,-80.5248,37.3783,2015,9,16,27.81,13.09,7.82,1.22,21.92,0
US-xML,-80.5248,37.3783,2015,9,17,29.01,12.93,6.27,1.32,22.04,0
US-xML,-80.5248,37.3783,2015,9,18,29.28,12.72,7.27,1.42,22.88,0.03
US-xML,-80.5248,37.3783,2015,9,19,31.11,10.99,8.98,1.39,21.29,0.01
US-xML,-80.5248,37.3783,2015,9,20,24.38,14.32,12.62,1.4,11.53,5.22
US-xML,-80.5248,37.3783,2015,9,21,18.26,12.49,13.58,1.47,5.56,7.66
US-xML,-80.5248,37.3783,2015,9,22,22.61,11.85,13.12,1.42,8.88,1.11
US-xML,-80.5248,37.3783,2015,9,23,25.59,9.71,9.78,1.44,20.53,0
US-xML,-80.5248,37.3783,2015,9,24,25.12,10.16,6.87,2.06,19.87,0.1
US-xML,-80.5248,37.3783,2015,9,25,16.34,12.52,11.97,2.68,5.56,12.6
US-xML,-80.5248,37.3783,2015,9,26,18.53,13.02,13.42,3,5.11,13.2
US-xML,-80.5248,37.3783,2015,9,27,20.63,12.11,14.26,2.43,6.15,11.36
US-xML,-80.5248,37.3783,2015,9,28,24.32,15.52,17.2,1.72,7.51,9.16
US-xML,-80.5248,37.3783,2015,9,29,21.88,17.19,19.08,1.63,4.57,39.52
US-xML,-80.5248,37.3783,2015,9,30,24.64,15.9,16.35,1.75,10.4,1.48
US-xML,-80.5248,37.3783,2015,10,1,19.92,10.8,12.5,1.72,6.68,0.55
US-xML,-80.5248,37.3783,2015,10,2,11.48,7.25,8.28,2.55,3.51,11.3
US-xML,-80.5248,37.3783,2015,10,3,12.53,6.16,8.41,2.95,4.99,17.81
US-xML,-80.5248,37.3783,2015,10,4,17,9.43,10.39,3,6.75,3.33
US-xML,-80.5248,37.3783,2015,10,5,19.94,7.56,8.17,1.72,18.06,0.19
US-xML,-80.5248,37.3783,2015,10,6,21.34,5.81,7.8,1.18,17.7,0
US-xML,-80.5248,37.3783,2015,10,7,23.32,10.27,11.9,1.67,15.88,0
US-xML,-80.5248,37.3783,2015,10,8,23.74,12.73,13.17,1.12,16.69,0.23
US-xML,-80.5248,37.3783,2015,10,9,22.66,13.19,15.53,1.62,10.16,10.92
US-xML,-80.5248,37.3783,2015,10,10,16.59,9.62,11.82,0.88,5.17,1.44
US-xML,-80.5248,37.3783,2015,10,11,20.43,8.64,7.74,0.93,17.85,0.32
US-xML,-80.5248,37.3783,2015,10,12,20.75,5.32,8.31,1.69,18,0.09
US-xML,-80.5248,37.3783,2015,10,13,20.21,9.18,9.8,2.35,15.28,1.92
US-xML,-80.5248,37.3783,2015,10,14,17.84,6.68,6.33,2.04,16.44,0
US-xML,-80.5248,37.3783,2015,10,15,16.71,3.25,3.61,1.88,18.54,0.01
US-xML,-80.5248,37.3783,2015,10,16,15.54,3.1,2.47,2.11,16.97,0.02
US-xML,-80.5248,37.3783,2015,10,17,10.54,-1.35,-1.87,2.28,17.75,0
US-xML,-80.5248,37.3783,2015,10,18,9.3,-3.68,-3.93,2.2,18.12,0
US-xML,-80.5248,37.3783,2015,10,19,14.33,-0.42,-2.39,1.13,17.73,0
US-xML,-80.5248,37.3783,2015,10,20,18.21,0.83,2.34,1.54,16.97,0
US-xML,-80.5248,37.3783,2015,10,21,21.47,4.49,3.95,1.69,16.68,0
US-xML,-80.5248,37.3783,2015,10,22,22.75,4.82,6.75,1.95,16.32,0
US-xML,-80.5248,37.3783,2015,10,23,24.4,8.86,11.66,1.22,14.36,0
US-xML,-80.5248,37.3783,2015,10,24,20.44,10.9,11.22,1.79,5.94,0.06
US-xML,-80.5248,37.3783,2015,10,25,16.75,8.16,9.72,1.75,6.46,0.63
US-xML,-80.5248,37.3783,2015,10,26,13.03,5.96,4.02,1.7,6.95,0.31
US-xML,-80.5248,37.3783,2015,10,27,8.72,4.38,5.68,2.5,4.28,16.2
US-xML,-80.5248,37.3783,2015,10,28,21.49,9.1,14.09,2.79,4.91,24.98
US-xML,-80.5248,37.3783,2015,10,29,15.44,4.78,8.13,2.28,8.32,0.95
US-xML,-80.5248,37.3783,2015,10,30,12.55,1.09,1.04,1.72,13.06,0
US-xML,-80.5248,37.3783,2015,10,31,11.72,0.06,3.49,1.68,7.2,0.02
US-xML,-80.5248,37.3783,2015,11,1,16.54,8.22,11.05,1.4,4.63,1.06
US-xML,-80.5248,37.3783,2015,11,2,14.49,9.73,10.85,1.24,3.01,2.63
US-xML,-80.5248,37.3783,2015,11,3,21.09,9.31,11.89,1.35,10.64,0.1
US-xML,-80.5248,37.3783,2015,11,4,20.92,10.17,12.25,1.47,9.45,0.2
US-xML,-80.5248,37.3783,2015,11,5,22.47,10.13,13.33,1.18,12.52,0.06
US-xML,-80.5248,37.3783,2015,11,6,23.14,13.42,15.53,1.88,9.75,0.66
US-xML,-80.5248,37.3783,2015,11,7,15.09,5.12,7.72,2.06,2.66,4.38
US-xML,-80.5248,37.3783,2015,11,8,11.97,0.15,-0.71,1.48,12.44,0
US-xML,-80.5248,37.3783,2015,11,9,9.8,0.08,3.93,2.02,2.5,22.47
US-xML,-80.5248,37.3783,2015,11,10,12.42,6.3,7.05,2.22,7.71,1.44
US-xML,-80.5248,37.3783,2015,11,11,12.85,5.07,4.14,1.99,11.17,0.02
US-xML,-80.5248,37.3783,2015,11,12,18.48,5.82,6.32,3.19,9.54,0.29
US-xML,-80.5248,37.3783,2015,11,13,9.59,2.15,-2.65,4.45,14.21,0
US-xML,-80.5248,37.3783,2015,11,14,9.04,-0.9,-4.31,2.89,13.99,0
US-xML,-80.5248,37.3783,2015,11,15,14.89,-2.29,-1.58,1.31,12.86,0
US-xML,-80.5248,37.3783,2015,11,16,14.98,4.52,0.82,0.99,11.52,0
US-xML,-80.5248,37.3783,2015,11,17,11.97,4.94,3.94,2.43,4.58,0
US-xML,-80.5248,37.3783,2015,11,18,14.75,7.64,10.91,4.04,3.41,16.71
US-xML,-80.5248,37.3783,2015,11,19,17.64,5.55,9.45,2.03,9.9,19.17
US-xML,-80.5248,37.3783,2015,11,20,8.41,-1.72,-3.92,2.6,13.2,0
US-xML,-80.5248,37.3783,2015,11,21,10.06,-3.32,-3.41,2.4,12.67,0.15
US-xML,-80.5248,37.3783,2015,11,22,3.72,-4.67,-4.99,2.91,7.86,0.12
US-xML,-80.5248,37.3783,2015,11,23,4,-6.1,-7.53,1.92,12.08,0
US-xML,-80.5248,37.3783,2015,11,24,9.29,-4.34,-2.87,1.56,12.32,0.01
US-xML,-80.5248,37.3783,2015,11,25,10.19,-2.52,-1.38,2.01,11.4,0
US-xML,-80.5248,37.3783,2015,11,26,14.47,-1.71,4.18,1.86,8.88,0
US-xML,-80.5248,37.3783,2015,11,27,16.63,5.49,6.72,1.49,8.66,0
US-xML,-80.5248,37.3783,2015,11,28,15.61,4.85,8.78,1.6,5.57,0.86
US-xML,-80.5248,37.3783,2015,11,29,14.41,9.11,10.7,1.21,3.58,5.19
US-xML,-80.5248,37.3783,2015,11,30,9.77,3.48,4.2,2.2,2.95,8.78
US-xML,-80.5248,37.3783,2015,12,1,11.22,4,7.58,1.48,1.76,18.3
US-xML,-80.5248,37.3783,2015,12,2,12.75,3.27,8.58,2.15,2.4,19.97
US-xML,-80.5248,37.3783,2015,12,3,4.19,-3.11,-3.17,3,9.75,0.36
US-xML,-80.5248,37.3783,2015,12,4,8.53,-5.28,-3.35,1.57,10.67,0
US-xML,-80.5248,37.3783,2015,12,5,10.76,-3.76,-2.35,1.72,11.74,0
US-xML,-80.5248,37.3783,2015,12,6,12.37,-2.54,-0.96,1.71,9.89,0
US-xML,-80.5248,37.3783,2015,12,7,10.67,-1.35,4.15,1.47,4.5,1.36
US-xML,-80.5248,37.3783,2015,12,8,11.86,0.66,2.89,1.37,9.97,0.06
US-xML,-80.5248,37.3783,2015,12,9,11.51,1.86,3.93,1.53,9.51,0.28
US-xML,-80.5248,37.3783,2015,12,10,13.82,5.09,7.23,1.41,9.06,0.05
US-xML,-80.5248,37.3783,2015,12,11,17.32,6.9,10.37,2.11,8.25,0.01
US-xML,-80.5248,37.3783,2015,12,12,19.91,8.53,12.65,1.86,7.01,0
US-xML,-80.5248,37.3783,2015,12,13,16.9,8.27,10.99,1.79,8.17,0.01
US-xML,-80.5248,37.3783,2015,12,14,18.49,9.91,13.29,3.63,2.74,2.45
US-xML,-80.5248,37.3783,2015,12,15,12.12,2,4.49,3.37,10.38,0.07
US-xML,-80.5248,37.3783,2015,12,16,14.26,-0.81,4.78,1.89,10.75,0.43
US-xML,-80.5248,37.3783,2015,12,17,12.2,4.88,7.97,2.01,3.85,18.08
US-xML,-80.5248,37.3783,2015,12,18,4.26,-4.54,-3.89,3.56,4.57,0.18
US-xML,-80.5248,37.3783,2015,12,19,2.34,-5.65,-8.13,3.76,11.21,0
US-xML,-80.5248,37.3783,2015,12,20,7.51,-5.16,-5.24,1.56,10.24,0
US-xML,-80.5248,37.3783,2015,12,21,9.19,-1.11,3.04,1.91,1.93,0.03
US-xML,-80.5248,37.3783,2015,12,22,14.91,7.24,10.45,1.97,3.63,8.59
US-xML,-80.5248,37.3783,2015,12,23,15.65,9.9,12.65,2.41,2.14,16.45
US-xML,-80.5248,37.3783,2015,12,24,16.03,11.02,13.53,2.16,4.24,9.84
US-xML,-80.5248,37.3783,2015,12,25,18.44,10.73,14.3,1.79,2.04,9
US-xML,-80.5248,37.3783,2015,12,26,16.72,12.2,13.81,1.8,3.8,0.41
US-xML,-80.5248,37.3783,2015,12,27,20.99,13.01,14.96,1.98,8.77,0.62
US-xML,-80.5248,37.3783,2015,12,28,13.18,3.77,7.09,3.44,2.03,2.59
US-xML,-80.5248,37.3783,2015,12,29,17.49,4.17,10.24,2.49,8.49,2.42
US-xML,-80.5248,37.3783,2015,12,30,13.01,6.09,9.31,1.2,2.3,2.85
US-xML,-80.5248,37.3783,2015,12,31,8.36,0.51,2.26,2.56,5.49,0.03
US-xML,-80.5248,37.3783,2016,1,1,0.78,-2.87,-4.33,3.02,6.06,0.01
US-xML,-80.5248,37.3783,2016,1,2,4.98,-4.34,-5.14,2.77,11.54,0
US-xML,-80.5248,37.3783,2016,1,3,6.43,-3.91,-3.87,2.95,11.59,0.01
US-xML,-80.5248,37.3783,2016,1,4,-2.11,-6.68,-8.79,3.82,6.33,0.04
US-xML,-80.5248,37.3783,2016,1,5,1.16,-9.5,-12.19,1.75,10.81,0
US-xML,-80.5248,37.3783,2016,1,6,4.86,-10.66,-9.53,1.38,12.05,0
US-xML,-80.5248,37.3783,2016,1,7,9.37,-5.72,-3.91,1.28,11.7,0
US-xML,-80.5248,37.3783,2016,1,8,4.36,-1.2,0.86,1.56,3.78,2.24
US-xML,-80.5248,37.3783,2016,1,9,5.34,0.32,2.43,1.83,3.66,4.99
US-xML,-80.5248,37.3783,2016,1,10,5.25,-7.64,-1.57,4.44,6.35,7.13
US-xML,-80.5248,37.3783,2016,1,11,-0.78,-9.45,-11.35,3.25,12.33,0
US-xML,-80.5248,37.3783,2016,1,12,2.27,-8.51,-7.98,4.28,7.77,0.27
US-xML,-80.5248,37.3783,2016,1,13,-1.47,-12.11,-11.96,2.78,12.09,0
US-xML,-80.5248,37.3783,2016,1,14,8.45,-6.58,-1.6,2.71,12.01,0
US-xML,-80.5248,37.3783,2016,1,15,3.9,-2.08,0.54,1.63,3.84,10.06
US-xML,-80.5248,37.3783,2016,1,16,2.65,-4.02,-1.1,3.15,5.5,0.31
US-xML,-80.5248,37.3783,2016,1,17,0.94,-5.36,-5.29,2.77,5.4,0.89
US-xML,-80.5248,37.3783,2016,1,18,-7.05,-13.16,-16.37,4.31,12.32,0.05
US-xML,-80.5248,37.3783,2016,1,19,-7.88,-13.61,-15.92,3.41,12.29,0.01
US-xML,-80.5248,37.3783,2016,1,20,0.74,-13.09,-8.82,1.65,5.11,2.24
US-xML,-80.5248,37.3783,2016,1,21,0.3,-10.01,-9.32,2.05,12.46,0.04
US-xML,-80.5248,37.3783,2016,1,22,-7,-10.03,-9.08,3.25,2.29,25.65
US-xML,-80.5248,37.3783,2016,1,23,-7.83,-10.86,-9.9,4.23,4.52,2.6
US-xML,-80.5248,37.3783,2016,1,24,-2.22,-11.88,-9.01,2.74,13.34,0.03
US-xML,-80.5248,37.3783,2016,1,25,0.99,-11.1,-5.18,2.01,8.9,0
US-xML,-80.5248,37.3783,2016,1,26,4.39,-4.85,0.18,2.23,2.9,3.19
US-xML,-80.5248,37.3783,2016,1,27,1.65,-4.38,-4.38,2.42,10.82,0.08
US-xML,-80.5248,37.3783,2016,1,28,3.92,-8.4,-4.69,1.91,9.04,0
US-xML,-80.5248,37.3783,2016,1,29,-0.39,-8.05,-4.72,3.9,7.71,0.6
US-xML,-80.5248,37.3783,2016,1,30,8.75,-8.08,-2.74,2.16,12.51,0
US-xML,-80.5248,37.3783,2016,1,31,13.17,-1.38,4.28,2.18,12.81,0
US-xML,-80.5248,37.3783,2016,2,1,11.48,-1.91,5.05,1.77,5.34,4.07
US-xML,-80.5248,37.3783,2016,2,2,10.74,-2.85,3.07,2.91,4.04,0.42
US-xML,-80.5248,37.3783,2016,2,3,13.8,4.09,8.79,3.51,2.63,19.39
US-xML,-80.5248,37.3783,2016,2,4,5.42,-2.88,-1.34,3,10.19,0.32
US-xML,-80.5248,37.3783,2016,2,5,1.57,-5.47,-7.47,3.39,15.19,0
US-xML,-80.5248,37.3783,2016,2,6,4.65,-3.17,-5.38,1.37,10.58,0
US-xML,-80.5248,37.3783,2016,2,7,6.59,-4.07,-3.07,2.04,11.07,0
US-xML,-80.5248,37.3783,2016,2,8,3.37,-2.85,-1.64,1.84,5.41,1.35
US-xML,-80.5248,37.3783,2016,2,9,-2.18,-7.9,-8.42,3.42,6.37,0.35
US-xML,-80.5248,37.3783,2016,2,10,-5.43,-10.88,-12.53,4.21,7.78,0.08
US-xML,-80.5248,37.3783,2016,2,11,-4.39,-10.92,-13.43,3.62,14.41,0.01
US-xML,-80.5248,37.3783,2016,2,12,0.84,-8.88,-8.23,2.79,8.14,0.51
US-xML,-80.5248,37.3783,2016,2,13,-6.02,-14.94,-15.87,5.16,12.99,0.12
US-xML,-80.5248,37.3783,2016,2,14,-4.99,-15.51,-14.36,1.91,8.95,6.6
US-xML,-80.5248,37.3783,2016,2,15,-1.48,-8.99,-6.11,3.29,3.58,8.29
US-xML,-80.5248,37.3783,2016,2,16,2.42,-2.53,-0.48,3.7,7.28,24.05
US-xML,-80.5248,37.3783,2016,2,17,2.56,-5.76,-3.32,2.65,9.27,0.34
US-xML,-80.5248,37.3783,2016,2,18,3.25,-6.77,-4.64,2.05,13.75,0.02
US-xML,-80.5248,37.3783,2016,2,19,6.78,-4.88,-1.04,3.23,11.96,0
US-xML,-80.5248,37.3783,2016,2,20,12.98,3.56,7.28,2.69,13.44,0.02
US-xML,-80.5248,37.3783,2016,2,21,15.19,5.56,9.44,2.3,3.35,12.83
US-xML,-80.5248,37.3783,2016,2,22,12.41,2.36,4.39,1.69,7.53,1.07
US-xML,-80.5248,37.3783,2016,2,23,6.64,0.43,2.42,2.37,5.45,10.89
US-xML,-80.5248,37.3783,2016,2,24,17.35,1.15,5.83,4.68,7.53,9.09
US-xML,-80.5248,37.3783,2016,2,25,2.85,-1.95,-3.1,5.92,6.51,1.12
US-xML,-80.5248,37.3783,2016,2,26,-0.37,-5.01,-7.41,4.43,12.26,0.12
US-xML,-80.5248,37.3783,2016,2,27,5.02,-3.16,-3.9,2.27,15.95,0.01
US-xML,-80.5248,37.3783,2016,2,28,13.2,-2.1,1.93,2.51,17.94,0
US-xML,-80.5248,37.3783,2016,2,29,10.8,-0.19,2.37,3.61,18.37,0.62
US-xML,-80.5248,37.3783,2016,3,1,15.24,-0.43,3.73,3.33,17.6,6.83
US-xML,-80.5248,37.3783,2016,3,2,2.75,-5.63,-6.33,4.35,11.19,0.31
US-xML,-80.5248,37.3783,2016,3,3,2.32,-5.06,-4.52,1.65,7.31,3.43
US-xML,-80.5248,37.3783,2016,3,4,4.8,-3.33,-1.88,2.1,7.62,0.82
US-xML,-80.5248,37.3783,2016,3,5,8.6,-3.36,-1.27,1.54,11.49,2.86
US-xML,-80.5248,37.3783,2016,3,6,10.61,-2.05,-1.19,1.84,15.28,0.63
US-xML,-80.5248,37.3783,2016,3,7,14.92,-2.83,3.39,1.81,15.63,0
US-xML,-80.5248,37.3783,2016,3,8,20.02,1.74,6.8,2.16,19.75,0
US-xML,-80.5248,37.3783,2016,3,9,21.19,3.89,9.72,1.97,14.33,0
US-xML,-80.5248,37.3783,2016,3,10,20.35,8.55,12.04,2.31,13.45,0.06
US-xML,-80.5248,37.3783,2016,3,11,17.36,11.13,11.46,2.07,10.28,0.21
US-xML,-80.5248,37.3783,2016,3,12,20.94,11.12,13.34,2.11,10.56,0.06
US-xML,-80.5248,37.3783,2016,3,13,18.49,12.44,14.19,1.89,4.73,6.53
US-xML,-80.5248,37.3783,2016,3,14,20.65,10.24,12.2,1.6,14.19,16.69
US-xML,-80.5248,37.3783,2016,3,15,19.63,10.31,11.15,2.38,14.39,0.8
US-xML,-80.5248,37.3783,2016,3,16,19.11,7.8,9.28,2.88,19.7,0.03
US-xML,-80.5248,37.3783,2016,3,17,15.1,3.61,3.92,2.69,21.33,0
US-xML,-80.5248,37.3783,2016,3,18,14.22,1.52,2.21,2.39,22.5,0
US-xML,-80.5248,37.3783,2016,3,19,7.13,1.37,2.55,1.84,4.28,3.52
US-xML,-80.5248,37.3783,2016,3,20,8.44,-1.29,-0.74,1.5,5.8,0.73
US-xML,-80.5248,37.3783,2016,3,21,6.48,-2.76,-3.78,3.5,23.24,0.01
US-xML,-80.5248,37.3783,2016,3,22,14.54,-2.68,1.11,2.39,23.43,0
US-xML,-80.5248,37.3783,2016,3,23,18.57,1.52,5.29,2.36,21,0
US-xML,-80.5248,37.3783,2016,3,24,19.41,4.12,9.45,3.42,22.32,0.62
US-xML,-80.5248,37.3783,2016,3,25,15.39,1.7,6.79,2.7,12.88,3.52
US-xML,-80.5248,37.3783,2016,3,26,16.72,-0.6,5.57,1.84,18.67,0.21
US-xML,-80.5248,37.3783,2016,3,27,16.23,7.96,9.99,1.94,10.93,1.54
US-xML,-80.5248,37.3783,2016,3,28,11.98,4.24,4.57,3.86,21.95,2.26
US-xML,-80.5248,37.3783,2016,3,29,13.34,1.53,1,2.62,24.41,0.01
US-xML,-80.5248,37.3783,2016,3,30,16.23,-0.96,2.53,3,23.66,0
US-xML,-80.5248,37.3783,2016,3,31,15.62,9.51,11.54,3.62,5.1,0.16
US-xML,-80.5248,37.3783,2016,4,1,20.51,9.19,12.78,2.68,15.11,5.16
US-xML,-80.5248,37.3783,2016,4,2,11.71,0.03,2.26,4.33,20.17,0.78
US-xML,-80.5248,37.3783,2016,4,3,10.79,-4.13,-3.99,3.94,25.93,0
US-xML,-80.5248,37.3783,2016,4,4,19.05,2.58,5.06,3.47,19.59,0.56
US-xML,-80.5248,37.3783,2016,4,5,7.87,-4.46,-6.86,3.07,26.59,0.01
US-xML,-80.5248,37.3783,2016,4,6,11.33,-4.43,-1.73,3.2,20.91,0.02
US-xML,-80.5248,37.3783,2016,4,7,11.91,1.64,3.68,3.76,14.07,6.43
US-xML,-80.5248,37.3783,2016,4,8,9.04,-0.94,-2.61,3.14,19.65,1.59
US-xML,-80.5248,37.3783,2016,4,9,1.6,-5.05,-5.81,4.31,15.67,1.42
US-xML,-80.5248,37.3783,2016,4,10,12.7,-6.15,-3.05,1.77,20.32,0.37
US-xML,-80.5248,37.3783,2016,4,11,19.1,4.6,7.05,3.29,20.12,0.74
US-xML,-80.5248,37.3783,2016,4,12,13.23,0.45,3.5,2.59,21.05,1.41
US-xML,-80.5248,37.3783,2016,4,13,15.94,-2.26,0.39,1.82,26.94,0
US-xML,-80.5248,37.3783,2016,4,14,17.79,-0.09,3.96,1.85,26.03,0
US-xML,-80.5248,37.3783,2016,4,15,16.58,1.35,2.94,2.1,26.77,0
US-xML,-80.5248,37.3783,2016,4,16,18.02,1.47,1.89,1.71,27.81,0
US-xML,-80.5248,37.3783,2016,4,17,21.73,4.13,4.49,1.48,23.2,0
US-xML,-80.5248,37.3783,2016,4,18,24.4,9.35,7.49,1.93,26.92,0
US-xML,-80.5248,37.3783,2016,4,19,22.89,8.11,9.61,2.12,23.8,0
US-xML,-80.5248,37.3783,2016,4,20,20.72,6.85,7.26,2,25.59,0
US-xML,-80.5248,37.3783,2016,4,21,20.88,9.47,10.6,2.31,19.54,0.12
US-xML,-80.5248,37.3783,2016,4,22,17.04,11.45,12.31,1.42,7.16,10.55
US-xML,-80.5248,37.3783,2016,4,23,17.03,4.81,8.59,2.6,15.09,0.33
US-xML,-80.5248,37.3783,2016,4,24,21.9,3.67,6.12,1.41,27.91,0
US-xML,-80.5248,37.3783,2016,4,25,23.03,8.25,12.13,1.89,22.59,0
US-xML,-80.5248,37.3783,2016,4,26,23.18,12.56,14.62,2.31,21.19,9.43
US-xML,-80.5248,37.3783,2016,4,27,22.01,11.86,14.65,1.43,13.9,3.49
US-xML,-80.5248,37.3783,2016,4,28,23.05,12.52,14.45,1.56,21.48,7.19
US-xML,-80.5248,37.3783,2016,4,29,22.81,12.43,12.14,1.99,25.59,0.22
US-xML,-80.5248,37.3783,2016,4,30,18.28,10.41,11.6,1.92,7.57,5.66
US-xML,-80.5248,37.3783,2016,5,1,22.84,9.66,13.7,1.42,20.7,23.46
US-xML,-80.5248,37.3783,2016,5,2,24.4,14.49,16,1.52,18.59,7.76
US-xML,-80.5248,37.3783,2016,5,3,18.75,8.51,11.78,1.87,18.29,5.08
US-xML,-80.5248,37.3783,2016,5,4,17.25,8.06,6.91,1.66,17.52,1.02
US-xML,-80.5248,37.3783,2016,5,5,7.88,3.11,4.04,2.5,5.34,10.24
US-xML,-80.5248,37.3783,2016,5,6,14.44,5.38,6.78,2.94,13.75,2.05
US-xML,-80.5248,37.3783,2016,5,7,19.44,5.2,9.79,2.34,22.18,1.05
US-xML,-80.5248,37.3783,2016,5,8,17.91,8.59,9.27,2.71,20.02,0.47
US-xML,-80.5248,37.3783,2016,5,9,22.15,8.63,12.5,1.67,14.53,0.36
US-xML,-80.5248,37.3783,2016,5,10,23.97,13.15,14.03,1.52,18.5,13.31
US-xML,-80.5248,37.3783,2016,5,11,24.06,13.43,14.56,1.47,20.34,4.54
US-xML,-80.5248,37.3783,2016,5,12,24.64,14.61,15.65,1.37,20.95,8.06
US-xML,-80.5248,37.3783,2016,5,13,19.91,8.34,11.18,2.44,24.21,2.72
US-xML,-80.5248,37.3783,2016,5,14,18.53,4.34,7.31,3.04,16.3,2.65
US-xML,-80.5248,37.3783,2016,5,15,12.14,2.13,0.22,3.36,24.12,0.03
US-xML,-80.5248,37.3783,2016,5,16,15.92,1.37,1.19,1.19,20.72,0
US-xML,-80.5248,37.3783,2016,5,17,16.66,8.03,10.92,1.22,9.72,5.27
US-xML,-80.5248,37.3783,2016,5,18,18.07,9.93,12.3,1.21,6.71,3.5
US-xML,-80.5248,37.3783,2016,5,19,20.42,8.15,9.26,1.07,16.25,0.49
US-xML,-80.5248,37.3783,2016,5,20,17.31,8.38,10.22,2.16,13.29,12.5
US-xML,-80.5248,37.3783,2016,5,21,20.54,10.61,12.69,1.69,17.12,6.74
US-xML,-80.5248,37.3783,2016,5,22,17.87,9.53,9.47,2.54,17.71,2.57
US-xML,-80.5248,37.3783,2016,5,23,18.19,8.42,9.51,1.66,17.05,0.71
US-xML,-80.5248,37.3783,2016,5,24,23.16,7.79,10.88,1.65,28.09,0
US-xML,-80.5248,37.3783,2016,5,25,25.65,10.23,13.45,1.36,26.56,0.13
US-xML,-80.5248,37.3783,2016,5,26,25.53,15.27,16.63,1.46,18.91,1.24
US-xML,-80.5248,37.3783,2016,5,27,26.38,15.79,17.04,1.13,24.25,0.43
US-xML,-80.5248,37.3783,2016,5,28,26.29,15.08,16.65,1.38,25.78,0.13
US-xML,-80.5248,37.3783,2016,5,29,21.32,15.11,13.67,0.87,10.56,1.09
US-xML,-80.5248,37.3783,2016,5,30,26.34,13.07,15.67,1.12,23.25,0.99
US-xML,-80.5248,37.3783,2016,5,31,26.75,14.78,16.43,1.27,24.54,0.28
US-xML,-80.5248,37.3783,2016,6,1,26.18,15.86,17.19,1.41,25.43,0.89
US-xML,-80.5248,37.3783,2016,6,2,25.81,17.18,18.5,1.02,18.76,6.02
US-xML,-80.5248,37.3783,2016,6,3,25.81,17.16,18.08,1.22,20.26,1.88
US-xML,-80.5248,37.3783,2016,6,4,27.17,18.24,18.87,0.98,22.87,18.2
US-xML,-80.5248,37.3783,2016,6,5,23.93,16.86,18.29,1.79,13.17,5.61
US-xML,-80.5248,37.3783,2016,6,6,24.72,15.52,15.5,1.66,23.37,0.26
US-xML,-80.5248,37.3783,2016,6,7,23.91,12.91,13.44,2.42,26.8,0.07
US-xML,-80.5248,37.3783,2016,6,8,18.62,8.84,7.69,2.73,29.19,0.01
US-xML,-80.5248,37.3783,2016,6,9,22.33,7.9,8.73,1.93,31.77,0
US-xML,-80.5248,37.3783,2016,6,10,26.44,11.87,13.17,1.23,28.6,0
US-xML,-80.5248,37.3783,2016,6,11,28.87,15.18,16.02,1.87,30.4,0
US-xML,-80.5248,37.3783,2016,6,12,28.67,14.42,17.54,2.6,23.85,1.23
US-xML,-80.5248,37.3783,2016,6,13,25.58,9.2,7.37,1.82,32.05,0
US-xML,-80.5248,37.3783,2016,6,14,30.57,12.18,12.34,1.17,29.92,0
US-xML,-80.5248,37.3783,2016,6,15,30.31,15.03,17.72,0.96,16.65,10.47
US-xML,-80.5248,37.3783,2016,6,16,29.52,19.59,19.42,2.11,29.06,8.88
US-xML,-80.5248,37.3783,2016,6,17,25.23,14.99,16.67,1.84,16.37,4.32
US-xML,-80.5248,37.3783,2016,6,18,25.18,11.91,12.31,1.71,27.89,0
US-xML,-80.5248,37.3783,2016,6,19,25.31,11.91,9.25,1.49,30.49,0
US-xML,-80.5248,37.3783,2016,6,20,28.28,10.62,13.62,1.64,26.29,0.18
US-xML,-80.5248,37.3783,2016,6,21,27.81,18.23,18.9,2.61,10.93,9.95
US-xML,-80.5248,37.3783,2016,6,22,24.32,17.66,18.32,1.68,14.42,6.1
US-xML,-80.5248,37.3783,2016,6,23,26.18,19.71,21.08,2.2,10.71,43
US-xML,-80.5248,37.3783,2016,6,24,27.11,16.91,19.59,1.53,15.21,28.74
US-xML,-80.5248,37.3783,2016,6,25,26.87,15.38,17.37,1.15,22.51,0.1
US-xML,-80.5248,37.3783,2016,6,26,27.14,16.88,17.69,1.25,25.08,0
US-xML,-80.5248,37.3783,2016,6,27,27.6,15.17,18.8,1.17,18.3,17.67
US-xML,-80.5248,37.3783,2016,6,28,27.18,17.91,18.46,1.27,24.48,0.47
US-xML,-80.5248,37.3783,2016,6,29,24.3,13.8,15.06,1.44,27.1,0.06
US-xML,-80.5248,37.3783,2016,6,30,25.36,11.81,14.68,0.96,22.96,0.1
US-xML,-80.5248,37.3783,2016,7,1,26.06,15.99,16.18,1.41,26.48,0.03
US-xML,-80.5248,37.3783,2016,7,2,26.32,16.28,16.99,1.07,22.04,1.38
US-xML,-80.5248,37.3783,2016,7,3,23.39,16.7,17.74,0.94,9.9,5.34
US-xML,-80.5248,37.3783,2016,7,4,26.33,17.12,19.74,1.51,13.39,24.86
US-xML,-80.5248,37.3783,2016,7,5,26.43,19.12,20.91,1.63,17.42,11.3
US-xML,-80.5248,37.3783,2016,7,6,27.25,19.87,20.74,1.63,20.54,2.47
US-xML,-80.5248,37.3783,2016,7,7,23.84,18.44,19.61,1.43,13.59,4.32
US-xML,-80.5248,37.3783,2016,7,8,26.65,18.21,20.25,2.17,12.05,6.43
US-xML,-80.5248,37.3783,2016,7,9,25.66,18.79,18.01,2.09,26.16,0.78
US-xML,-80.5248,37.3783,2016,7,10,24.85,16.54,16.41,1.49,24.36,0.13
US-xML,-80.5248,37.3783,2016,7,11,27.99,14.38,16.85,1.11,25.36,0.36
US-xML,-80.5248,37.3783,2016,7,12,27.52,17.99,19.66,1.01,20.45,11.22
US-xML,-80.5248,37.3783,2016,7,13,28.07,18.42,19.37,1.59,19.51,1.03
US-xML,-80.5248,37.3783,2016,7,14,28.48,18.27,19.61,1.65,22.31,4.54
US-xML,-80.5248,37.3783,2016,7,15,25.39,17.17,17.51,1.43,18.52,3.04
US-xML,-80.5248,37.3783,2016,7,16,25.51,15.62,16.19,1.01,20.11,0.99
US-xML,-80.5248,37.3783,2016,7,17,29.65,15.2,16.74,1.16,27.89,2.76
US-xML,-80.5248,37.3783,2016,7,18,29.64,17.44,18.9,1.3,22.26,0.15
US-xML,-80.5248,37.3783,2016,7,19,28.62,19.78,19.2,1.54,25.47,0.43
US-xML,-80.5248,37.3783,2016,7,20,27.77,16.43,15.3,1.45,27.57,0.31
US-xML,-80.5248,37.3783,2016,7,21,29.04,16.78,13.07,1.08,28.4,0
US-xML,-80.5248,37.3783,2016,7,22,30.81,16.97,15.48,1.26,25.18,0
US-xML,-80.5248,37.3783,2016,7,23,33.63,17.92,17.13,0.94,27.75,0.22
US-xML,-80.5248,37.3783,2016,7,24,34.83,20.54,16.59,0.86,26.83,0.08
US-xML,-80.5248,37.3783,2016,7,25,33.97,19.7,19.16,1.33,22.13,0.79
US-xML,-80.5248,37.3783,2016,7,26,32.12,20.72,20.66,1.2,23.47,3.39
US-xML,-80.5248,37.3783,2016,7,27,31.09,20.59,20.65,1.09,18.75,6.8
US-xML,-80.5248,37.3783,2016,7,28,31.32,19.46,20.06,1.29,19.72,7.16
US-xML,-80.5248,37.3783,2016,7,29,28.22,19.65,18.66,1.54,17.98,3.89
US-xML,-80.5248,37.3783,2016,7,30,29.38,18.29,17.99,1.2,21.74,2.07
US-xML,-80.5248,37.3783,2016,7,31,30.7,17.43,18.29,1.27,21.81,2.49
US-xML,-80.5248,37.3783,2016,8,1,30.39,17.36,17.51,1.25,21.11,0.85
US-xML,-80.5248,37.3783,2016,8,2,26.94,18.39,18.49,0.77,14.31,6.48
US-xML,-80.5248,37.3783,2016,8,3,25.74,17.04,19,1.4,7.47,16.82
US-xML,-80.5248,37.3783,2016,8,4,24.3,17.78,17.88,1.71,9.8,3.67
US-xML,-80.5248,37.3783,2016,8,5,28.15,17.06,19.09,1.07,14.54,9.24
US-xML,-80.5248,37.3783,2016,8,6,30.49,18.47,20.03,1.33,21.46,3.31
US-xML,-80.5248,37.3783,2016,8,7,29.86,18.14,17.27,0.8,16.33,1.99
US-xML,-80.5248,37.3783,2016,8,8,20.65,16.85,17.47,1.73,7.08,3.44
US-xML,-80.5248,37.3783,2016,8,9,28.46,16.76,18.82,1.91,15.29,3.18
US-xML,-80.5248,37.3783,2016,8,10,30.06,19.58,19.43,1.44,20.36,0.34
US-xML,-80.5248,37.3783,2016,8,11,29.46,19.77,19.83,1.27,23.96,0.02
US-xML,-80.5248,37.3783,2016,8,12,31.73,18.98,19.81,1.32,23.33,0.09
US-xML,-80.5248,37.3783,2016,8,13,32.25,19.26,19.94,1.45,22.27,2.33
US-xML,-80.5248,37.3783,2016,8,14,31.65,19.31,19.29,1.37,20.4,1.33
US-xML,-80.5248,37.3783,2016,8,15,32.26,19.5,19.17,1.27,19.26,3.61
US-xML,-80.5248,37.3783,2016,8,16,31.01,18.86,19.08,1.52,22.34,3.97
US-xML,-80.5248,37.3783,2016,8,17,31.62,18.94,19.32,1.39,18.95,5.1
US-xML,-80.5248,37.3783,2016,8,18,27.51,18.99,18.87,1.23,16.01,6.81
US-xML,-80.5248,37.3783,2016,8,19,27.03,17.35,18.28,0.72,15.02,3.11
US-xML,-80.5248,37.3783,2016,8,20,28.84,17.02,18.27,1.17,17.55,4.69
US-xML,-80.5248,37.3783,2016,8,21,28.21,15.94,18.46,1.66,10.55,4.95
US-xML,-80.5248,37.3783,2016,8,22,25.92,13.15,11.92,1.61,25.89,0.08
US-xML,-80.5248,37.3783,2016,8,23,28.3,11.3,12.06,1.45,23.64,0
US-xML,-80.5248,37.3783,2016,8,24,27.6,14.47,15.06,1.26,16.79,0.01
US-xML,-80.5248,37.3783,2016,8,25,30.72,17.29,18.53,1.55,18.92,0.05
US-xML,-80.5248,37.3783,2016,8,26,34.03,17.87,17.22,1.26,22.45,0
US-xML,-80.5248,37.3783,2016,8,27,33.19,18.57,18.29,1.47,21.3,0.35
US-xML,-80.5248,37.3783,2016,8,28,32.26,17.84,16.38,1.41,22.87,0.1
US-xML,-80.5248,37.3783,2016,8,29,32.09,17.87,14.85,1.3,22.15,0.26
US-xML,-80.5248,37.3783,2016,8,30,31.66,18.2,16.59,1,19.84,0.77
US-xML,-80.5248,37.3783,2016,8,31,32.08,17.87,16.91,1.07,20.57,5.09
US-xML,-80.5248,37.3783,2016,9,1,26.67,15.1,15.67,1.56,13.27,2.67
US-xML,-80.5248,37.3783,2016,9,2,24.19,12.35,10.9,1.82,14.61,0.37
US-xML,-80.5248,37.3783,2016,9,3,27.01,10.7,9.41,1.46,22.55,0.02
US-xML,-80.5248,37.3783,2016,9,4,28.23,13.06,10.92,1.06,21.98,0
US-xML,-80.5248,37.3783,2016,9,5,30.85,12.97,9.8,1.36,23.91,0
US-xML,-80.5248,37.3783,2016,9,6,30.69,13.4,12.37,1.81,23.07,0
US-xML,-80.5248,37.3783,2016,9,7,31.84,17.31,15.32,1.78,21.83,0
US-xML,-80.5248,37.3783,2016,9,8,32.47,17.73,15.43,1.71,21.67,0
US-xML,-80.5248,37.3783,2016,9,9,33.26,17.21,14.94,1.55,19.31,0
US-xML,-80.5248,37.3783,2016,9,10,32.67,19.8,16.04,1.5,18.76,0
US-xML,-80.5248,37.3783,2016,9,11,27.13,13.69,9.25,1.86,21.8,0.11
US-xML,-80.5248,37.3783,2016,9,12,29.61,11.15,10.96,1.51,20.8,0
US-xML,-80.5248,37.3783,2016,9,13,31.34,14.37,15.23,1.42,20.08,0.03
US-xML,-80.5248,37.3783,2016,9,14,31.93,16.4,12.27,1.43,20.25,0.09
US-xML,-80.5248,37.3783,2016,9,15,29.74,14.55,12.92,1.19,18.85,0.1
US-xML,-80.5248,37.3783,2016,9,16,28.52,17.03,16.07,1.46,9.38,0.05
US-xML,-80.5248,37.3783,2016,9,17,28.48,16.41,15.04,1.7,16.29,0.01
US-xML,-80.5248,37.3783,2016,9,18,25.91,17.77,16.69,1.06,10.88,8.92
US-xML,-80.5248,37.3783,2016,9,19,25.07,17.93,17.03,0.96,15.56,6.69
US-xML,-80.5248,37.3783,2016,9,20,29.47,13.76,14.04,1.75,19.99,0.31
US-xML,-80.5248,37.3783,2016,9,21,27.47,13.66,13.22,1.8,18.34,0
US-xML,-80.5248,37.3783,2016,9,22,28.75,14.81,14.57,1.46,17.72,0.55
US-xML,-80.5248,37.3783,2016,9,23,31.73,14.28,12.75,1.24,21.14,0
US-xML,-80.5248,37.3783,2016,9,24,31.31,15.51,12.5,1.75,18.52,0
US-xML,-80.5248,37.3783,2016,9,25,29.86,15.02,14.73,0.89,12.58,0.03
US-xML,-80.5248,37.3783,2016,9,26,29.2,16.56,16.38,1.57,9.89,8.66
US-xML,-80.5248,37.3783,2016,9,27,24.71,11.23,8.29,1.67,18.92,9.41
US-xML,-80.5248,37.3783,2016,9,28,26.78,11.35,8.66,1.48,17.01,3.42
US-xML,-80.5248,37.3783,2016,9,29,24.07,13.67,15.89,1.44,8.96,19.43
US-xML,-80.5248,37.3783,2016,9,30,21.72,13.72,16.29,1.97,10.08,10.63
US-xML,-80.5248,37.3783,2016,10,1,23.86,10.46,9.41,1.04,16.6,0.14
US-xML,-80.5248,37.3783,2016,10,2,22.94,10.36,10.41,1.3,12.78,0.01
US-xML,-80.5248,37.3783,2016,10,3,23.6,9.51,10.55,1.23,14.84,0
US-xML,-80.5248,37.3783,2016,10,4,23.32,9.65,10.88,1.61,16.28,0
US-xML,-80.5248,37.3783,2016,10,5,21.3,9.17,9.7,1.53,12.15,0
US-xML,-80.5248,37.3783,2016,10,6,21.96,7.83,8.98,1.63,14.59,0.05
US-xML,-80.5248,37.3783,2016,10,7,20.18,12.35,14.95,1.82,4.38,24.74
US-xML,-80.5248,37.3783,2016,10,8,17.47,9.88,14.32,2.11,2.46,21.03
US-xML,-80.5248,37.3783,2016,10,9,15.53,5.8,3.6,3.37,19.6,0
US-xML,-80.5248,37.3783,2016,10,10,18.93,3.29,2.98,1.74,19.42,0.01
US-xML,-80.5248,37.3783,2016,10,11,19.32,4.14,4.04,1.41,17.53,0
US-xML,-80.5248,37.3783,2016,10,12,21.69,4.37,5.83,1.23,18.59,0
US-xML,-80.5248,37.3783,2016,10,13,18.88,6.82,8.64,1.87,10.34,0.24
US-xML,-80.5248,37.3783,2016,10,14,21.06,3.66,8.29,1.4,11.14,0.01
US-xML,-80.5248,37.3783,2016,10,15,22.84,9.26,11.15,1.37,15.66,0
US-xML,-80.5248,37.3783,2016,10,16,24,10.71,12.32,1.3,13.9,0
US-xML,-80.5248,37.3783,2016,10,17,24.71,11.72,12.93,1.56,14.96,0
US-xML,-80.5248,37.3783,2016,10,18,26,10.66,13.26,1.78,16.14,0
US-xML,-80.5248,37.3783,2016,10,19,28.27,12.76,14.14,1.49,15.43,0
US-xML,-80.5248,37.3783,2016,10,20,26.86,13.64,14.15,1.64,13.84,1.21
US-xML,-80.5248,37.3783,2016,10,21,16.52,6.69,9.83,3.24,5.36,11.54
US-xML,-80.5248,37.3783,2016,10,22,10.07,3.56,0.4,4,8.97,0.7
US-xML,-80.5248,37.3783,2016,10,23,17.56,2.64,2.19,2.45,16.72,0
US-xML,-80.5248,37.3783,2016,10,24,18.04,4.36,4.67,2.63,16.2,0
US-xML,-80.5248,37.3783,2016,10,25,17.01,0.21,-0.02,1.46,16.45,0
US-xML,-80.5248,37.3783,2016,10,26,19.17,2.04,3.04,1.6,14.77,0
US-xML,-80.5248,37.3783,2016,10,27,19.7,7.09,8.49,2.1,6.99,0.47
US-xML,-80.5248,37.3783,2016,10,28,19.4,6.56,5.76,1.9,14.99,0.03
US-xML,-80.5248,37.3783,2016,10,29,23.66,6.65,7.12,2,15.2,0
US-xML,-80.5248,37.3783,2016,10,30,23.11,9.88,10.03,2.15,12.79,0.18
US-xML,-80.5248,37.3783,2016,10,31,22.26,8.95,10.49,1.18,11.29,0.7
US-xML,-80.5248,37.3783,2016,11,1,24.59,10.45,12.2,1.45,10.63,0.03
US-xML,-80.5248,37.3783,2016,11,2,25.72,10.95,11.5,1.47,12.96,0
US-xML,-80.5248,37.3783,2016,11,3,22.04,12.95,11.75,2.14,8.75,6.13
US-xML,-80.5248,37.3783,2016,11,4,15.77,3.51,5.21,2.16,13.85,0.52
US-xML,-80.5248,37.3783,2016,11,5,16.97,1.25,1.42,1.65,14.7,0
US-xML,-80.5248,37.3783,2016,11,6,19.02,0.41,2.28,1.57,14.24,0
US-xML,-80.5248,37.3783,2016,11,7,18.77,3.49,1.73,1.8,14.24,0
US-xML,-80.5248,37.3783,2016,11,8,18.84,2.52,2.04,1.81,10.19,0.06
US-xML,-80.5248,37.3783,2016,11,9,9.05,4.33,3.8,3.27,5.1,1.63
US-xML,-80.5248,37.3783,2016,11,10,14.46,1.61,-1.17,2.49,11.9,0
US-xML,-80.5248,37.3783,2016,11,11,12.86,3.09,0.95,2.79,10.75,0
US-xML,-80.5248,37.3783,2016,11,12,12.19,-3.16,-6.1,0.87,12.77,0
US-xML,-80.5248,37.3783,2016,11,13,16.47,-3.13,-9.81,1.58,14.25,0
US-xML,-80.5248,37.3783,2016,11,14,16.78,3.32,-6.24,1.3,5.76,0.26
US-xML,-80.5248,37.3783,2016,11,15,13.45,-0.47,-2.45,1.91,13.04,0
US-xML,-80.5248,37.3783,2016,11,16,16.05,0.72,2.28,2.04,12.39,0
US-xML,-80.5248,37.3783,2016,11,17,19.1,2.4,1.65,1.66,12.12,0
US-xML,-80.5248,37.3783,2016,11,18,22.95,3.81,3.15,1.94,12.77,0
US-xML,-80.5248,37.3783,2016,11,19,8.89,-1.49,-0.74,3.67,5.71,0.95
US-xML,-80.5248,37.3783,2016,11,20,1.81,-4.03,-8.11,4.91,9.15,0.1
US-xML,-80.5248,37.3783,2016,11,21,3.19,-4.81,-10.07,3.96,12.74,0
US-xML,-80.5248,37.3783,2016,11,22,7.06,-4.34,-8.59,1.94,9.5,0
US-xML,-80.5248,37.3783,2016,11,23,14.16,-2.2,-5.06,1.62,7.1,0
US-xML,-80.5248,37.3783,2016,11,24,16.15,3.18,6.23,1.94,6.49,0.1
US-xML,-80.5248,37.3783,2016,11,25,13.98,3.98,5.46,1.71,6.9,0.03
US-xML,-80.5248,37.3783,2016,11,26,5.99,-4.09,-3.03,3.09,6.83,0
US-xML,-80.5248,37.3783,2016,11,27,11.55,-4.93,-4.94,1.24,11.77,0
US-xML,-80.5248,37.3783,2016,11,28,9.07,-1.51,-0.78,2.54,6.73,0.3
US-xML,-80.5248,37.3783,2016,11,29,18.66,8.01,11.28,2.57,7.38,25.48
US-xML,-80.5248,37.3783,2016,11,30,17.84,8.46,12.71,2.64,2.22,24.53
US-xML,-80.5248,37.3783,2016,12,1,7.98,-1.63,-0.15,2.94,8.85,0.09
US-xML,-80.5248,37.3783,2016,12,2,6.02,-3.36,-2.88,2.72,7.53,0
US-xML,-80.5248,37.3783,2016,12,3,3.46,-2.76,-3.77,1.99,4.65,0
US-xML,-80.5248,37.3783,2016,12,4,3.44,-1.97,-1.24,1.61,3.8,4.65
US-xML,-80.5248,37.3783,2016,12,5,8.29,1.78,2.03,1.9,7.97,1.29
US-xML,-80.5248,37.3783,2016,12,6,5.53,1.81,2.38,2.77,2.07,20.2
US-xML,-80.5248,37.3783,2016,12,7,7.99,-1.95,-1.88,2.25,10.5,0.59
US-xML,-80.5248,37.3783,2016,12,8,2.29,-5.69,-7.73,3.03,9.66,0
US-xML,-80.5248,37.3783,2016,12,9,-2.2,-7.48,-11.4,3.28,7.46,0.01
US-xML,-80.5248,37.3783,2016,12,10,-0.23,-10.24,-10.66,1.72,11.07,0
US-xML,-80.5248,37.3783,2016,12,11,2.35,-6.75,-6.69,2.22,7.42,0
US-xML,-80.5248,37.3783,2016,12,12,6.38,-1.23,2.38,2.07,4.05,7.47
US-xML,-80.5248,37.3783,2016,12,13,7.57,-1.4,-0.12,1.27,6.42,0.38
US-xML,-80.5248,37.3783,2016,12,14,2.6,-2.35,-3.87,2.25,5.97,0.13
US-xML,-80.5248,37.3783,2016,12,15,-2.59,-13.64,-16.34,4.38,11.38,0.01
US-xML,-80.5248,37.3783,2016,12,16,-1.69,-13.83,-15.86,1.94,5.77,0
US-xML,-80.5248,37.3783,2016,12,17,13.06,-6.56,3.22,3.39,3.11,1.97
US-xML,-80.5248,37.3783,2016,12,18,9.54,-4.56,0.89,3.31,2.32,9.48
US-xML,-80.5248,37.3783,2016,12,19,3.77,-6.19,-6.8,1.25,6.36,0.01
US-xML,-80.5248,37.3783,2016,12,20,6.21,-5.57,-5.13,1.49,10.2,0
US-xML,-80.5248,37.3783,2016,12,21,7.73,-4.8,-4.46,1.85,10.25,0
US-xML,-80.5248,37.3783,2016,12,22,6.55,-3.87,-1.32,2.92,10.7,0
US-xML,-80.5248,37.3783,2016,12,23,8.16,-4.43,-3.79,1.85,7.97,0
US-xML,-80.5248,37.3783,2016,12,24,8.9,-0.25,4.54,1.85,1.81,15.68
US-xML,-80.5248,37.3783,2016,12,25,10.22,4.32,6.78,1.36,2.36,0.94
US-xML,-80.5248,37.3783,2016,12,26,13.01,5.03,7.02,2.49,4.35,0.17
US-xML,-80.5248,37.3783,2016,12,27,13.41,1.38,5.83,3.21,8.08,4.97
US-xML,-80.5248,37.3783,2016,12,28,8.33,-2.94,-3.79,2.25,11.01,0.03
US-xML,-80.5248,37.3783,2016,12,29,5.55,-0.94,-1.17,3.85,7.67,10.85
US-xML,-80.5248,37.3783,2016,12,30,-0.65,-6.13,-6.85,4.18,5.9,1.22
US-xML,-80.5248,37.3783,2016,12,31,4.43,-6.01,-3.87,2.44,5.07,0.5
US-xML,-80.5248,37.3783,2017,1,1,6.05,0.43,3.32,1.67,6.86,1.42
US-xML,-80.5248,37.3783,2017,1,2,6.64,3.97,4.73,1.88,4.03,2.63
US-xML,-80.5248,37.3783,2017,1,3,10.58,3.28,6.97,2.47,3.5,14.67
US-xML,-80.5248,37.3783,2017,1,4,9.8,-5.7,-1.99,4.18,9.45,1.8
US-xML,-80.5248,37.3783,2017,1,5,1.26,-6.11,-7.14,1.88,3.13,0.9
US-xML,-80.5248,37.3783,2017,1,6,-3.48,-7.74,-9.64,2.32,3.99,1.61
US-xML,-80.5248,37.3783,2017,1,7,-7.91,-13.33,-13.73,3.83,7.56,2.95
US-xML,-80.5248,37.3783,2017,1,8,-9.51,-14.39,-16.39,4.08,8.31,0.01
US-xML,-80.5248,37.3783,2017,1,9,0.75,-11.92,-11.77,1.87,7.64,0
US-xML,-80.5248,37.3783,2017,1,10,3.86,-7.15,-5.63,3.07,3.61,0.93
US-xML,-80.5248,37.3783,2017,1,11,9.24,0.16,4.61,2.43,3.16,3.32
US-xML,-80.5248,37.3783,2017,1,12,16.32,4.35,8.96,2.94,6.36,1.02
US-xML,-80.5248,37.3783,2017,1,13,13.12,3.72,5.26,2.06,5.6,4.63
US-xML,-80.5248,37.3783,2017,1,14,11.1,0.71,4.82,2.24,3.82,5.63
US-xML,-80.5248,37.3783,2017,1,15,12.63,1.88,4.44,1.42,4.56,5.32
US-xML,-80.5248,37.3783,2017,1,16,10.01,4.76,6.76,1.43,4.58,1.26
US-xML,-80.5248,37.3783,2017,1,17,15.27,5.96,9.9,2.94,2.98,7.25
US-xML,-80.5248,37.3783,2017,1,18,10.46,0.1,3.09,3.48,7.98,0.17
US-xML,-80.5248,37.3783,2017,1,19,12.65,0.43,0.94,1.44,9.29,0.08
US-xML,-80.5248,37.3783,2017,1,20,14.2,4.9,6.59,2.15,6.86,6.17
US-xML,-80.5248,37.3783,2017,1,21,13.73,5.82,8.4,1.4,5.33,3.31
US-xML,-80.5248,37.3783,2017,1,22,9.54,3.55,5.93,1.71,2.32,12.3
US-xML,-80.5248,37.3783,2017,1,23,6.61,1.3,3.78,2.74,3.46,21.63
US-xML,-80.5248,37.3783,2017,1,24,4.93,0.55,1.35,4.3,5.15,0.91
US-xML,-80.5248,37.3783,2017,1,25,15.71,-0.39,3.1,2.6,12.84,0.06
US-xML,-80.5248,37.3783,2017,1,26,10.12,-1.43,0.95,4.41,7.77,0.93
US-xML,-80.5248,37.3783,2017,1,27,-0.22,-4.5,-6.72,3.97,4.39,0.05
US-xML,-80.5248,37.3783,2017,1,28,3.65,-4.47,-5.38,3.46,10.75,0.09
US-xML,-80.5248,37.3783,2017,1,29,2.23,-3.69,-3.07,2.49,5.49,1.82
US-xML,-80.5248,37.3783,2017,1,30,-1.54,-6.7,-8.97,3.57,6.69,0.3
US-xML,-80.5248,37.3783,2017,1,31,9.61,-6.52,-1.44,3.91,11.92,0.24
US-xML,-80.5248,37.3783,2017,2,1,8.09,-2.47,-0.83,1.99,9.61,0.13
US-xML,-80.5248,37.3783,2017,2,2,5.14,-4.8,-3.3,2.71,12.84,0
US-xML,-80.5248,37.3783,2017,2,3,2.54,-7.09,-8.72,2.88,4.63,0
US-xML,-80.5248,37.3783,2017,2,4,3.57,-8.34,-10.77,2,15.14,0
US-xML,-80.5248,37.3783,2017,2,5,6.93,-5.31,-1.5,2.73,10.8,0.01
US-xML,-80.5248,37.3783,2017,2,6,14.68,-0.73,2.33,2.1,14.6,0.22
US-xML,-80.5248,37.3783,2017,2,7,17.71,7.02,9.33,3.35,10.62,0.15
US-xML,-80.5248,37.3783,2017,2,8,15.36,8.47,9,2.4,7.13,2.37
US-xML,-80.5248,37.3783,2017,2,9,9.39,-8.54,-7.87,6.28,8.56,6.73
US-xML,-80.5248,37.3783,2017,2,10,6.15,-8.87,-8.54,2.84,7.86,0
US-xML,-80.5248,37.3783,2017,2,11,13.28,-0.55,6.76,2.82,6.02,0.04
US-xML,-80.5248,37.3783,2017,2,12,20.73,3.95,10.39,4.7,8.41,1.35
US-xML,-80.5248,37.3783,2017,2,13,4.91,-4.53,-6.08,4.62,16.8,0
US-xML,-80.5248,37.3783,2017,2,14,8.68,-3.95,-2.66,2.01,7.8,0.26
US-xML,-80.5248,37.3783,2017,2,15,3.82,-2.18,-2.4,3.86,11.92,2.28
US-xML,-80.5248,37.3783,2017,2,16,1.53,-5.07,-6.37,3.98,16.7,0.01
US-xML,-80.5248,37.3783,2017,2,17,13.7,-2.6,1.09,2.48,16.58,0
US-xML,-80.5248,37.3783,2017,2,18,15.49,1.54,4.64,2.09,10.05,0
US-xML,-80.5248,37.3783,2017,2,19,14.17,5.04,5.86,2.82,8.25,0
US-xML,-80.5248,37.3783,2017,2,20,19.54,4.83,4.31,1.45,14.49,0
US-xML,-80.5248,37.3783,2017,2,21,15.81,5.02,6.27,2.16,13.18,0.01
US-xML,-80.5248,37.3783,2017,2,22,11.93,4.96,7.69,1.22,5.49,5.78
US-xML,-80.5248,37.3783,2017,2,23,19.76,7.64,10.11,1.57,9.47,0.09
US-xML,-80.5248,37.3783,2017,2,24,20.64,7.41,10.72,2.2,17.23,0.43
US-xML,-80.5248,37.3783,2017,2,25,12.66,-2.39,4.01,4.18,8.8,3.14
US-xML,-80.5248,37.3783,2017,2,26,5.67,-5.42,-7.97,2.99,18.18,0.03
US-xML,-80.5248,37.3783,2017,2,27,10.5,-2.28,-0.86,2.01,7.4,0.01
US-xML,-80.5248,37.3783,2017,2,28,17.44,0.17,7.4,2.29,8.42,9.43
US-xML,-80.5248,37.3783,2017,3,1,19.22,4.39,11.72,4.53,5.88,14.26
US-xML,-80.5248,37.3783,2017,3,2,6.01,-0.36,-4.18,4.93,16.33,0.29
US-xML,-80.5248,37.3783,2017,3,3,1.14,-5.89,-7.35,3.89,13.23,0.09
US-xML,-80.5248,37.3783,2017,3,4,4.89,-6.5,-7.29,2.22,16.82,0
US-xML,-80.5248,37.3783,2017,3,5,12.08,-4.53,-3.53,1.74,19.8,0
US-xML,-80.5248,37.3783,2017,3,6,14.5,-2.68,3.79,2.04,7.83,0.3
US-xML,-80.5248,37.3783,2017,3,7,16.57,6.98,9,3.34,7.1,3.25
US-xML,-80.5248,37.3783,2017,3,8,12.87,1.95,-0.58,3.89,21.52,0.57
US-xML,-80.5248,37.3783,2017,3,9,16.43,-0.04,1.24,2.63,21.22,0
US-xML,-80.5248,37.3783,2017,3,10,6.78,-3.12,-2.49,4.69,11.43,1.28
US-xML,-80.5248,37.3783,2017,3,11,1.64,-7.14,-10.87,3.12,21.01,0
US-xML,-80.5248,37.3783,2017,3,12,5.49,-4.83,-8.82,1.82,21.37,0.02
US-xML,-80.5248,37.3783,2017,3,13,6.8,-4.54,-4.2,2.8,18.29,3.03
US-xML,-80.5248,37.3783,2017,3,14,-0.43,-8.87,-6.53,4.65,6.63,1.81
US-xML,-80.5248,37.3783,2017,3,15,-3.44,-10.93,-13.22,5.54,18.42,0.18
US-xML,-80.5248,37.3783,2017,3,16,1.71,-8.27,-9.3,3.4,20.97,0.02
US-xML,-80.5248,37.3783,2017,3,17,8.53,-8.72,-3.68,1.88,6.41,12.01
US-xML,-80.5248,37.3783,2017,3,18,13.29,0.31,3.05,3.11,15.16,4.36
US-xML,-80.5248,37.3783,2017,3,19,8.18,-2.97,-1.74,2.89,12.15,0.41
US-xML,-80.5248,37.3783,2017,3,20,15.05,-3.81,1.56,1.57,16.06,0.01
US-xML,-80.5248,37.3783,2017,3,21,16.96,6.35,8.57,2.5,11.47,0.94
US-xML,-80.5248,37.3783,2017,3,22,6.86,-4.71,-4.39,3.25,24.41,0.01
US-xML,-80.5248,37.3783,2017,3,23,11.28,-5.39,-4.91,2.06,23.65,0
US-xML,-80.5248,37.3783,2017,3,24,20.44,-0.1,5.68,2.22,15.87,0
US-xML,-80.5248,37.3783,2017,3,25,19.81,7.3,9.93,1.48,15.83,0
US-xML,-80.5248,37.3783,2017,3,26,16.94,8.12,11.06,2.4,9.12,2.96
US-xML,-80.5248,37.3783,2017,3,27,21.56,11.3,12.86,1.99,14.65,5.32
US-xML,-80.5248,37.3783,2017,3,28,17.07,9.76,11.43,1.67,13.11,2.81
US-xML,-80.5248,37.3783,2017,3,29,21.06,8.29,8.48,1.45,21.76,0.07
US-xML,-80.5248,37.3783,2017,3,30,12.96,8.63,9.45,3.03,6.6,2.98
US-xML,-80.5248,37.3783,2017,3,31,17.31,7.93,9.64,3.36,11.06,25.03
US-xML,-80.5248,37.3783,2017,4,1,11.3,3.1,4.63,3.48,11.76,0.64
US-xML,-80.5248,37.3783,2017,4,2,17.3,1.02,3,1.62,23.19,0.04
US-xML,-80.5248,37.3783,2017,4,3,15.39,5.62,10.64,2.76,5.55,14.99
US-xML,-80.5248,37.3783,2017,4,4,19.67,11.16,11.12,3.41,22.39,1.85
US-xML,-80.5248,37.3783,2017,4,5,20.71,6.55,10.89,2.39,14.35,1.58
US-xML,-80.5248,37.3783,2017,4,6,15.65,2.2,5.22,4.54,13.61,11.68
US-xML,-80.5248,37.3783,2017,4,7,5.59,0.34,-1.68,5.01,11.72,2.49
US-xML,-80.5248,37.3783,2017,4,8,14.57,-1.79,-0.63,2.24,26.39,0.01
US-xML,-80.5248,37.3783,2017,4,9,20.02,4.38,2.27,1.7,26.11,0
US-xML,-80.5248,37.3783,2017,4,10,23.4,5.84,8.43,1.77,22.06,0
US-xML,-80.5248,37.3783,2017,4,11,24.34,8.67,11.13,1.74,25.42,0.18
US-xML,-80.5248,37.3783,2017,4,12,21.09,7.13,9.35,2.05,20.62,2.15
US-xML,-80.5248,37.3783,2017,4,13,22.59,4.69,7.56,1.53,23.94,0
US-xML,-80.5248,37.3783,2017,4,14,24.65,10.29,11.37,1.39,22.91,0.04
US-xML,-80.5248,37.3783,2017,4,15,23.57,11.75,13.89,1.86,17.13,0.89
US-xML,-80.5248,37.3783,2017,4,16,20.64,11.27,13.09,2.36,15.87,0.8
US-xML,-80.5248,37.3783,2017,4,17,18.64,10.3,12.74,1.68,10.86,4.36
US-xML,-80.5248,37.3783,2017,4,18,18.25,8.86,8.46,1.95,16.14,0.22
US-xML,-80.5248,37.3783,2017,4,19,17.78,8.11,10.83,1.9,8.58,4.45
US-xML,-80.5248,37.3783,2017,4,20,23.71,11.69,13.89,1.9,19.74,3.05
US-xML,-80.5248,37.3783,2017,4,21,22.98,13.44,15.17,1.99,14.33,5.98
US-xML,-80.5248,37.3783,2017,4,22,18.7,6.85,10.7,1.56,5.61,10.86
US-xML,-80.5248,37.3783,2017,4,23,9.15,5.18,5.33,2.39,5.29,35.68
US-xML,-80.5248,37.3783,2017,4,24,10.64,5.83,7.18,2.73,7.18,7.09
US-xML,-80.5248,37.3783,2017,4,25,13.66,8.6,10.06,1.95,10.52,4.38
US-xML,-80.5248,37.3783,2017,4,26,25.71,6.83,12.88,1.55,26.35,0.03
US-xML,-80.5248,37.3783,2017,4,27,23.4,11.01,14.81,2.41,14.74,3.81
US-xML,-80.5248,37.3783,2017,4,28,24.87,9.45,12.71,1.57,24.66,0.06
US-xML,-80.5248,37.3783,2017,4,29,27.66,14.61,17.1,1.65,20.66,0.51
US-xML,-80.5248,37.3783,2017,4,30,24.74,16.19,17.18,2.12,22.95,0.37
US-xML,-80.5248,37.3783,2017,5,1,23.69,13.07,16.71,3.93,7.8,5.28
US-xML,-80.5248,37.3783,2017,5,2,18.47,8.76,5.89,3.72,23.81,0.05
US-xML,-80.5248,37.3783,2017,5,3,17.79,6.83,5.29,2.38,29.53,0
US-xML,-80.5248,37.3783,2017,5,4,16.98,7.75,9.49,3.63,10.6,12.63
US-xML,-80.5248,37.3783,2017,5,5,21.14,9.69,11.66,2.73,24.76,20.56
US-xML,-80.5248,37.3783,2017,5,6,12.94,5.1,4.1,3.46,12.93,6.04
US-xML,-80.5248,37.3783,2017,5,7,13.77,5.07,1.84,3.19,23.72,0.27
US-xML,-80.5248,37.3783,2017,5,8,14.12,1.73,-0.54,2.6,31.15,0.01
US-xML,-80.5248,37.3783,2017,5,9,14.65,3.72,8.07,1.18,8.87,10.55
US-xML,-80.5248,37.3783,2017,5,10,24.38,10.23,14.58,1.71,21.78,1.56
US-xML,-80.5248,37.3783,2017,5,11,23.66,14.55,16.13,2.06,13.6,10.96
US-xML,-80.5248,37.3783,2017,5,12,15.23,8.93,10.85,2.02,5.4,26.05
US-xML,-80.5248,37.3783,2017,5,13,18.91,7.58,8.42,1.74,21.22,0.34
US-xML,-80.5248,37.3783,2017,5,14,22.87,6.68,10.62,2.81,24.1,0.05
US-xML,-80.5248,37.3783,2017,5,15,22.44,12,11.15,2.25,28.28,0.01
US-xML,-80.5248,37.3783,2017,5,16,27.68,10.8,13.04,1.43,29.92,0
US-xML,-80.5248,37.3783,2017,5,17,27.45,13.89,16.41,1.61,28.68,0
US-xML,-80.5248,37.3783,2017,5,18,26.12,14.56,16.55,1.65,24.64,0.94
US-xML,-80.5248,37.3783,2017,5,19,26.19,16.72,17.72,1.61,20.79,1.81
US-xML,-80.5248,37.3783,2017,5,20,24.92,16.81,18.17,0.99,21.45,9.66
US-xML,-80.5248,37.3783,2017,5,21,21.02,14.41,15.71,2,9.15,13.57
US-xML,-80.5248,37.3783,2017,5,22,22.87,11.07,13.74,1.55,18.31,2.49
US-xML,-80.5248,37.3783,2017,5,23,16.53,11.2,12.31,1.45,5.72,22.87
US-xML,-80.5248,37.3783,2017,5,24,20.03,11.43,14.1,2.18,7.83,27.16
US-xML,-80.5248,37.3783,2017,5,25,18.48,10.63,11.12,2.63,14.41,6.97
US-xML,-80.5248,37.3783,2017,5,26,21.12,12.14,12.18,3.01,23.21,0.36
US-xML,-80.5248,37.3783,2017,5,27,23.51,11.73,16.27,1.71,20.22,0.68
US-xML,-80.5248,37.3783,2017,5,28,24.99,15.27,16.25,1.18,15.51,0.81
US-xML,-80.5248,37.3783,2017,5,29,23.45,15.77,14.68,1.87,19.15,0.16
US-xML,-80.5248,37.3783,2017,5,30,23.49,13.9,14.65,1.54,22.96,0.44
US-xML,-80.5248,37.3783,2017,5,31,23.97,13.19,13.58,1.43,22.59,3.39
US-xML,-80.5248,37.3783,2017,6,1,23.53,12.17,13.46,1.78,28.19,0.23
US-xML,-80.5248,37.3783,2017,6,2,22.91,10.4,10.13,1.75,31.48,0
US-xML,-80.5248,37.3783,2017,6,3,23.93,13.81,10.34,1.32,31.29,0
US-xML,-80.5248,37.3783,2017,6,4,25.83,12.39,14.98,1.51,28.11,0.83
US-xML,-80.5248,37.3783,2017,6,5,21.18,15.01,16.87,1.31,8.64,27.38
US-xML,-80.5248,37.3783,2017,6,6,20.68,10.75,11.87,1.87,27.37,0.12
US-xML,-80.5248,37.3783,2017,6,7,21.06,8.51,10.79,1.01,18.51,0.07
US-xML,-80.5248,37.3783,2017,6,8,19.45,10.76,11.72,1.22,17.22,2.43
US-xML,-80.5248,37.3783,2017,6,9,22.61,9.99,11.6,1.66,28.27,0.1
US-xML,-80.5248,37.3783,2017,6,10,25.74,11.62,14.22,1.55,29.83,0
US-xML,-80.5248,37.3783,2017,6,11,26.76,14.46,16.64,1.42,27.71,0
US-xML,-80.5248,37.3783,2017,6,12,27.62,15.03,17.91,1.28,22.81,0.02
US-xML,-80.5248,37.3783,2017,6,13,25.27,17.97,19.3,1.28,19.78,3.15
US-xML,-80.5248,37.3783,2017,6,14,27.59,17.2,18.31,1.28,23.6,2.64
US-xML,-80.5248,37.3783,2017,6,15,31.85,16.69,18.86,0.97,23.59,6.31
US-xML,-80.5248,37.3783,2017,6,16,25.9,18.25,18.71,0.87,13.22,6.04
US-xML,-80.5248,37.3783,2017,6,17,26.39,17.78,19.2,1.15,19.69,4.8
US-xML,-80.5248,37.3783,2017,6,18,27.12,18.22,19.48,1.87,25.02,2.02
US-xML,-80.5248,37.3783,2017,6,19,24.32,15.7,18.85,1.69,11.89,12.74
US-xML,-80.5248,37.3783,2017,6,20,24.78,14.73,15.32,1.5,25.06,0.08
US-xML,-80.5248,37.3783,2017,6,21,26.2,14.72,16.1,1.6,27.62,0.02
US-xML,-80.5248,37.3783,2017,6,22,24.99,15.43,17.57,1.12,19.26,3.41
US-xML,-80.5248,37.3783,2017,6,23,26.77,18.94,19.42,2.54,16.85,6.48
US-xML,-80.5248,37.3783,2017,6,24,25.23,16.12,15.76,2.26,25.88,1.53
US-xML,-80.5248,37.3783,2017,6,25,22.3,11.77,12.36,1.99,28.55,0
US-xML,-80.5248,37.3783,2017,6,26,22.44,10.31,10.33,1.64,28.92,0.01
US-xML,-80.5248,37.3783,2017,6,27,21.43,10.32,9.6,1.87,27.84,0.02
US-xML,-80.5248,37.3783,2017,6,28,26.05,11.43,10.34,1.06,31.06,0
US-xML,-80.5248,37.3783,2017,6,29,26.85,12.32,15.25,1.62,27.21,0.01
US-xML,-80.5248,37.3783,2017,6,30,26.71,15.68,18.16,1.67,19.92,1.08
US-xML,-80.5248,37.3783,2017,7,1,28.03,18,18.66,1.57,25.41,0.33
US-xML,-80.5248,37.3783,2017,7,2,27.88,16.74,17.06,1.48,22.03,0.09
US-xML,-80.5248,37.3783,2017,7,3,28.88,15.08,14.36,0.94,26.1,0.14
US-xML,-80.5248,37.3783,2017,7,4,31.62,18.03,17.6,0.9,14.8,9.1
US-xML,-80.5248,37.3783,2017,7,5,28.4,18.07,19.82,0.85,17.53,9.5
US-xML,-80.5248,37.3783,2017,7,6,28.18,18.66,19.32,1.64,18.74,4.93
US-xML,-80.5248,37.3783,2017,7,7,28.73,17.74,17.96,1.86,25.75,2.07
US-xML,-80.5248,37.3783,2017,7,8,25.5,16.48,15.54,1.9,21.53,0.41
US-xML,-80.5248,37.3783,2017,7,9,27.59,14.55,13.55,1.24,27.95,0
US-xML,-80.5248,37.3783,2017,7,10,29.4,14.65,12.36,1.49,30.34,0.01
US-xML,-80.5248,37.3783,2017,7,11,30.53,16.2,14.85,1.78,23.39,0.02
US-xML,-80.5248,37.3783,2017,7,12,32.79,19.12,16.82,1.44,25.78,0.18
US-xML,-80.5248,37.3783,2017,7,13,31.58,18.99,18.91,1.75,21.12,0.81
US-xML,-80.5248,37.3783,2017,7,14,30.59,19.31,18.97,1.72,21.89,2.42
US-xML,-80.5248,37.3783,2017,7,15,28.52,18.17,16.65,1.75,25.84,4
US-xML,-80.5248,37.3783,2017,7,16,31.41,15.89,11.51,0.82,28.06,0
US-xML,-80.5248,37.3783,2017,7,17,33.28,18.39,12.21,0.98,24.91,0.16
US-xML,-80.5248,37.3783,2017,7,18,32.63,16.94,15.87,0.83,23.73,5.56
US-xML,-80.5248,37.3783,2017,7,19,33.21,16.85,14.59,1.31,26.99,0.03
US-xML,-80.5248,37.3783,2017,7,20,33.36,19.35,15.32,1.57,25.96,0
US-xML,-80.5248,37.3783,2017,7,21,32.85,18.37,18,1.52,21.08,0.82
US-xML,-80.5248,37.3783,2017,7,22,35.19,20.29,18.49,1.8,23.54,2.42
US-xML,-80.5248,37.3783,2017,7,23,27.32,21.08,20.68,1.76,20.43,11.36
US-xML,-80.5248,37.3783,2017,7,24,30.62,19.79,17.98,2.04,22.7,0.83
US-xML,-80.5248,37.3783,2017,7,25,30.2,15.67,12.29,1.4,28.82,0.39
US-xML,-80.5248,37.3783,2017,7,26,30.74,14.08,14.53,1.47,19.3,0.05
US-xML,-80.5248,37.3783,2017,7,27,28.15,18.44,19.02,1.26,10.37,10.21
US-xML,-80.5248,37.3783,2017,7,28,29.93,19.29,19.49,1.39,7.22,17.87
US-xML,-80.5248,37.3783,2017,7,29,24.72,14.29,15.58,2,13.91,3.84
US-xML,-80.5248,37.3783,2017,7,30,27.52,11.75,10.5,1.54,29.21,0.05
US-xML,-80.5248,37.3783,2017,7,31,27.62,13.65,14.53,1.4,23.15,0.17
US-xML,-80.5248,37.3783,2017,8,1,26.58,17.09,14.28,0.83,17.81,0.67
US-xML,-80.5248,37.3783,2017,8,2,29.43,16.68,14.36,1.09,18.49,0.94
US-xML,-80.5248,37.3783,2017,8,3,30.31,15.69,13.67,1.3,22.86,0.22
US-xML,-80.5248,37.3783,2017,8,4,30.69,16.14,14.48,1.5,20.86,1.28
US-xML,-80.5248,37.3783,2017,8,5,25.22,12.83,10.26,2.15,28.3,1.3
US-xML,-80.5248,37.3783,2017,8,6,27.23,11.38,9.89,1.49,22.28,0.01
US-xML,-80.5248,37.3783,2017,8,7,25.43,16.7,17.99,1.63,10.04,24.11
US-xML,-80.5248,37.3783,2017,8,8,26,14.9,14.34,1.68,19.49,2.4
US-xML,-80.5248,37.3783,2017,8,9,27.37,11.72,11.68,1.17,24,0
US-xML,-80.5248,37.3783,2017,8,10,26.5,13.09,14.56,1.49,10.16,1.28
US-xML,-80.5248,37.3783,2017,8,11,28.45,15.19,17.75,1.11,12.06,4.34
US-xML,-80.5248,37.3783,2017,8,12,29.08,17.29,18.03,1.26,17.48,2.99
US-xML,-80.5248,37.3783,2017,8,13,28.56,17.67,16.09,0.97,21.12,0.25
US-xML,-80.5248,37.3783,2017,8,14,26.06,17.44,18.84,1.06,9,9.75
US-xML,-80.5248,37.3783,2017,8,15,26.77,18.75,19.6,1.2,13.91,4.07
US-xML,-80.5248,37.3783,2017,8,16,31.35,17.27,16.01,1.04,22.48,0.24
US-xML,-80.5248,37.3783,2017,8,17,31.94,18.22,18.42,1.28,21.78,1.16
US-xML,-80.5248,37.3783,2017,8,18,30.34,18.16,19.62,1.56,16.51,1.94
US-xML,-80.5248,37.3783,2017,8,19,30.82,15.99,14.78,1.43,24.96,0
US-xML,-80.5248,37.3783,2017,8,20,32.5,16.32,14.61,1.01,24.23,0.01
US-xML,-80.5248,37.3783,2017,8,21,32.61,17.63,16.4,1.32,24.37,1.68
US-xML,-80.5248,37.3783,2017,8,22,31.95,18.08,16.67,1.76,23.21,0.06
US-xML,-80.5248,37.3783,2017,8,23,28.95,15.01,14.91,1.56,19.63,1.82
US-xML,-80.5248,37.3783,2017,8,24,26.6,12.39,8.59,1.47,21.5,0
US-xML,-80.5248,37.3783,2017,8,25,26.28,10.05,7.91,1.34,23.64,0
US-xML,-80.5248,37.3783,2017,8,26,26.82,12.31,11.49,1.26,17.18,0
US-xML,-80.5248,37.3783,2017,8,27,23.37,15.04,13.11,1.81,14.59,0.03
US-xML,-80.5248,37.3783,2017,8,28,23.17,11.98,9.83,1.92,16.19,0.17
US-xML,-80.5248,37.3783,2017,8,29,25.99,13.5,12.56,1.27,13.09,2.29
US-xML,-80.5248,37.3783,2017,8,30,26.77,13.78,13.62,1.26,17.89,0.35
US-xML,-80.5248,37.3783,2017,8,31,27.95,14.63,13.4,1.32,14.55,0.58
US-xML,-80.5248,37.3783,2017,9,1,21.21,11.67,14.13,2.77,4.85,13.13
US-xML,-80.5248,37.3783,2017,9,2,20.16,10.59,12.62,1.99,5.48,4.24
US-xML,-80.5248,37.3783,2017,9,3,25.46,11.3,10.39,2.12,20.78,0.13
US-xML,-80.5248,37.3783,2017,9,4,28.8,11.29,12.9,1.62,19.92,0.04
US-xML,-80.5248,37.3783,2017,9,5,28.28,14.33,15.45,2.04,13.64,3.47
US-xML,-80.5248,37.3783,2017,9,6,17.97,9.5,9.64,1.15,5.45,8.75
US-xML,-80.5248,37.3783,2017,9,7,20.3,6.96,5.63,1.82,17.36,0.01
US-xML,-80.5248,37.3783,2017,9,8,23.02,6.28,6.36,1.61,22.43,0
US-xML,-80.5248,37.3783,2017,9,9,22.91,7.54,5.78,1.45,20.33,0
US-xML,-80.5248,37.3783,2017,9,10,21.85,5.86,5.27,1.65,21.82,0
US-xML,-80.5248,37.3783,2017,9,11,16.79,9.44,7.54,2.52,7.17,0.5
US-xML,-80.5248,37.3783,2017,9,12,20.71,11.68,13.83,3.09,6.82,8.5
US-xML,-80.5248,37.3783,2017,9,13,25.39,13.23,13.52,1.69,19.55,1.13
US-xML,-80.5248,37.3783,2017,9,14,22.47,13.07,13.74,1.32,8.86,0.68
US-xML,-80.5248,37.3783,2017,9,15,26.26,12.33,12.8,1.08,12.19,0.06
US-xML,-80.5248,37.3783,2017,9,16,28.01,13.6,12.26,0.74,14.45,0
US-xML,-80.5248,37.3783,2017,9,17,28.24,14.31,13.06,0.97,16.61,0.11
US-xML,-80.5248,37.3783,2017,9,18,27.62,15.24,13.4,1.2,15.79,0.01
US-xML,-80.5248,37.3783,2017,9,19,29.4,13.42,13.11,0.8,17.73,0.02
US-xML,-80.5248,37.3783,2017,9,20,27.81,15.86,14.44,1.51,16.89,1.06
US-xML,-80.5248,37.3783,2017,9,21,29.48,14.33,14.41,1.3,17.87,0.08
US-xML,-80.5248,37.3783,2017,9,22,29.79,16.7,13.7,1.16,17.45,0.01
US-xML,-80.5248,37.3783,2017,9,23,30.64,15.79,10.4,1.58,21.06,0
US-xML,-80.5248,37.3783,2017,9,24,30.18,14.61,10.85,1.61,19.53,0
US-xML,-80.5248,37.3783,2017,9,25,27.18,15.95,14.69,1.53,13.09,0
US-xML,-80.5248,37.3783,2017,9,26,30.87,15.15,13.86,1.46,17.81,0
US-xML,-80.5248,37.3783,2017,9,27,30.81,14.1,12.99,1.8,19.72,0
US-xML,-80.5248,37.3783,2017,9,28,27.72,12.51,12.25,2.03,17.22,0
US-xML,-80.5248,37.3783,2017,9,29,25.03,10.11,5.59,1.48,20.01,0
US-xML,-80.5248,37.3783,2017,9,30,20.4,6.98,2.66,1.93,21.28,0
US-xML,-80.5248,37.3783,2017,10,1,20.92,3.31,1.27,1.6,20.94,0
US-xML,-80.5248,37.3783,2017,10,2,24.01,5.17,5.14,1.53,20.41,0
US-xML,-80.5248,37.3783,2017,10,3,25.22,6.5,5.87,1.63,20.44,0
US-xML,-80.5248,37.3783,2017,10,4,28.4,6.91,3.82,1.39,20.13,0
US-xML,-80.5248,37.3783,2017,10,5,27.97,9.83,6.48,1.15,18.58,0
US-xML,-80.5248,37.3783,2017,10,6,29.86,12.87,7.35,1.2,19.24,0
US-xML,-80.5248,37.3783,2017,10,7,26.92,11.73,14.56,1.92,13.9,0.35
US-xML,-80.5248,37.3783,2017,10,8,22.54,17.45,19.05,2.16,6.5,30.47
US-xML,-80.5248,37.3783,2017,10,9,28.23,18.48,19.1,2.46,13.62,13.61
US-xML,-80.5248,37.3783,2017,10,10,30.21,17.48,17.73,1.07,11.8,3.11
US-xML,-80.5248,37.3783,2017,10,11,28.91,17.29,18.27,1.46,13.24,4.09
US-xML,-80.5248,37.3783,2017,10,12,25.69,12.08,14.07,1.45,10.89,0.57
US-xML,-80.5248,37.3783,2017,10,13,23.07,13.03,12.84,1.84,6.97,0.21
US-xML,-80.5248,37.3783,2017,10,14,26.33,11.81,11.54,1.09,16.2,0.04
US-xML,-80.5248,37.3783,2017,10,15,26.31,13.08,13.68,1.93,15.47,3.65
US-xML,-80.5248,37.3783,2017,10,16,14.83,4.02,3.71,2.8,10.15,1.26
US-xML,-80.5248,37.3783,2017,10,17,17.82,1.12,-0.71,1.08,18.11,0
US-xML,-80.5248,37.3783,2017,10,18,20.57,5.92,1.38,1.23,17.69,0
US-xML,-80.5248,37.3783,2017,10,19,22.55,3.06,2.63,1.71,17.97,0
US-xML,-80.5248,37.3783,2017,10,20,23.82,6.1,5.62,1.37,16.88,0
US-xML,-80.5248,37.3783,2017,10,21,23.39,8.17,8,1.58,14.84,0
US-xML,-80.5248,37.3783,2017,10,22,22.69,8.39,9.08,1.82,15.66,0
US-xML,-80.5248,37.3783,2017,10,23,18.22,10.7,13.73,3.23,2.71,59.84
US-xML,-80.5248,37.3783,2017,10,24,15.59,4.28,6,1.97,13.82,0.39
US-xML,-80.5248,37.3783,2017,10,25,11.13,1.7,2.04,1.64,7.8,0.18
US-xML,-80.5248,37.3783,2017,10,26,12.21,-0.74,-0.57,1.8,15.6,0
US-xML,-80.5248,37.3783,2017,10,27,19.96,1.45,4.89,1.79,15.91,0
US-xML,-80.5248,37.3783,2017,10,28,16.82,4.57,8.06,2.05,4.04,25.75
US-xML,-80.5248,37.3783,2017,10,29,3.74,-0.72,-0.46,3.66,4.75,8.34
US-xML,-80.5248,37.3783,2017,10,30,10.52,-2.85,-1.88,2.83,15.23,0.04
US-xML,-80.5248,37.3783,2017,10,31,11.79,-0.1,0.61,1.69,14.03,0
US-xML,-80.5248,37.3783,2017,11,1,16,3.32,6.14,1.42,6.94,0.08
US-xML,-80.5248,37.3783,2017,11,2,20.46,6.74,10,1.61,10.45,0
US-xML,-80.5248,37.3783,2017,11,3,22.02,8.87,12.95,1.66,8.02,1.76
US-xML,-80.5248,37.3783,2017,11,4,11.76,8.63,9.06,1.77,2.42,2.5
US-xML,-80.5248,37.3783,2017,11,5,19.17,8.56,11.33,1.59,7.55,0.45
US-xML,-80.5248,37.3783,2017,11,6,19.8,8.03,12.37,1.93,7.57,2.52
US-xML,-80.5248,37.3783,2017,11,7,11.4,7.01,8.6,1.44,3.14,6.14
US-xML,-80.5248,37.3783,2017,11,8,7.39,3.95,4.21,1.18,3.38,2.53
US-xML,-80.5248,37.3783,2017,11,9,9.98,1.78,4.6,1.11,5.16,1.01
US-xML,-80.5248,37.3783,2017,11,10,5.23,-6.19,-5.26,2.47,13.63,0.07
US-xML,-80.5248,37.3783,2017,11,11,5.88,-6.15,-7.17,1.67,11.04,0
US-xML,-80.5248,37.3783,2017,11,12,6.14,-3,0.24,0.82,4.28,1.25
US-xML,-80.5248,37.3783,2017,11,13,8.31,-0.15,2.94,1.81,4.72,0.35
US-xML,-80.5248,37.3783,2017,11,14,10.79,-1.51,-0.15,1.01,5.82,0.03
US-xML,-80.5248,37.3783,2017,11,15,10.58,-2.54,0.45,1.44,9.19,0.46
US-xML,-80.5248,37.3783,2017,11,16,11.17,-1.32,1.25,2.89,12.77,0.13
US-xML,-80.5248,37.3783,2017,11,17,11.56,-4.72,-2.12,1.43,11.58,0
US-xML,-80.5248,37.3783,2017,11,18,13.94,1.12,4.97,2.97,5.6,5.4
US-xML,-80.5248,37.3783,2017,11,19,12.4,-1.66,-1.59,4.52,5.28,2.06
US-xML,-80.5248,37.3783,2017,11,20,9.21,-4.96,-5.3,2.1,12.93,0
US-xML,-80.5248,37.3783,2017,11,21,14.51,-4.05,2.09,1.98,10.4,0.03
US-xML,-80.5248,37.3783,2017,11,22,7.52,-5.27,-0.77,2.5,11.02,0.04
US-xML,-80.5248,37.3783,2017,11,23,8.81,-5.46,-6.69,1.11,12.91,0
US-xML,-80.5248,37.3783,2017,11,24,12.97,-0.39,-3.33,1.48,11.72,0
US-xML,-80.5248,37.3783,2017,11,25,11.98,0.2,3.31,2.57,7.55,0
US-xML,-80.5248,37.3783,2017,11,26,8.48,-3.12,-2.62,2.46,12,0
US-xML,-80.5248,37.3783,2017,11,27,12.04,-2.56,-2.44,1.73,10.9,0
US-xML,-80.5248,37.3783,2017,11,28,14.06,-0.24,-1.41,2,12.26,0
US-xML,-80.5248,37.3783,2017,11,29,15.43,-0.48,3.23,1.98,11.57,0
US-xML,-80.5248,37.3783,2017,11,30,15.41,0.55,5.19,1.64,10.82,0.31
US-xML,-80.5248,37.3783,2017,12,1,12.94,-0.03,-0.14,1.65,11.78,0.01
US-xML,-80.5248,37.3783,2017,12,2,12.45,-0.98,3.02,1.48,6.93,0
US-xML,-80.5248,37.3783,2017,12,3,12.34,0.61,0.89,1.78,11.29,0
US-xML,-80.5248,37.3783,2017,12,4,11.86,-2.07,0.09,2.31,9.83,0
US-xML,-80.5248,37.3783,2017,12,5,13.37,2.29,6.43,2.45,2.8,5.43
US-xML,-80.5248,37.3783,2017,12,6,2.86,-1.64,-6.28,2.52,5.74,0
US-xML,-80.5248,37.3783,2017,12,7,4.62,-3.9,-4.31,2.04,8.63,0.01
US-xML,-80.5248,37.3783,2017,12,8,-0.35,-4.03,-6.85,1.15,2.16,0.34
US-xML,-80.5248,37.3783,2017,12,9,2.55,-4.77,-6.34,1.66,4.51,1.67
US-xML,-80.5248,37.3783,2017,12,10,2.03,-4.55,-7.51,2.95,8.68,0.1
US-xML,-80.5248,37.3783,2017,12,11,7.61,-3.54,-3.13,2.15,10.69,0
US-xML,-80.5248,37.3783,2017,12,12,1.96,-7.18,-5.01,4.02,3.96,1.05
US-xML,-80.5248,37.3783,2017,12,13,1.74,-9.52,-10.87,3.76,9.08,0.04
US-xML,-80.5248,37.3783,2017,12,14,2.6,-3.42,-4.94,3.16,6.35,0.16
US-xML,-80.5248,37.3783,2017,12,15,1.26,-7.14,-6.86,2.64,2.92,0
US-xML,-80.5248,37.3783,2017,12,16,6.14,-6.61,-4.35,2.33,10.73,0
US-xML,-80.5248,37.3783,2017,12,17,6.86,-2.45,-0.97,1.36,2.69,0.58
US-xML,-80.5248,37.3783,2017,12,18,8.15,-0.67,2.96,1.62,6.09,0.09
US-xML,-80.5248,37.3783,2017,12,19,13,3.46,4.08,2.85,9.47,0
US-xML,-80.5248,37.3783,2017,12,20,8.03,-0.55,1.86,1.67,3.04,0.04
US-xML,-80.5248,37.3783,2017,12,21,9.87,-3.67,-2.03,2.01,10.39,0
US-xML,-80.5248,37.3783,2017,12,22,14.92,0.09,4.95,1.56,5.23,2.04
US-xML,-80.5248,37.3783,2017,12,23,14.16,1.23,7.51,3.02,2.69,13.77
US-xML,-80.5248,37.3783,2017,12,24,3.74,-0.99,0.16,2.09,3.08,1.45
US-xML,-80.5248,37.3783,2017,12,25,-0.51,-7.98,-11.83,4.85,8.49,0.31
US-xML,-80.5248,37.3783,2017,12,26,1.23,-7.22,-10.33,2.15,7.79,0
US-xML,-80.5248,37.3783,2017,12,27,-2.83,-11.98,-10.55,2.4,6.06,0
US-xML,-80.5248,37.3783,2017,12,28,-3.2,-14.31,-16.65,1.28,9.45,0
US-xML,-80.5248,37.3783,2017,12,29,-0.36,-9.63,-11.01,2.02,10.34,0
US-xML,-80.5248,37.3783,2017,12,30,-0.4,-10.39,-8.72,3.26,2.16,0.06
US-xML,-80.5248,37.3783,2017,12,31,-5.54,-13.35,-17.4,2.07,5.23,0
US-xML,-80.5248,37.3783,2018,1,1,-9.34,-14.19,-16.78,2.95,8.15,0
US-xML,-80.5248,37.3783,2018,1,2,-3.74,-18,-17.13,2.16,11.63,0
US-xML,-80.5248,37.3783,2018,1,3,-3.01,-15.51,-14.23,1.6,7.37,0
US-xML,-80.5248,37.3783,2018,1,4,-9.84,-13.34,-15.24,5.14,7.35,0.06
US-xML,-80.5248,37.3783,2018,1,5,-11.28,-13.84,-17.64,4.64,8.96,0.02
US-xML,-80.5248,37.3783,2018,1,6,-11.32,-17.39,-18.66,3.28,9.9,0
US-xML,-80.5248,37.3783,2018,1,7,-0.58,-18.51,-15.83,1.52,10.55,0
US-xML,-80.5248,37.3783,2018,1,8,1.45,-9.59,-4.34,1.73,3.66,4.82
US-xML,-80.5248,37.3783,2018,1,9,5.92,0.22,1.84,1.7,7.98,0.07
US-xML,-80.5248,37.3783,2018,1,10,10.17,0.07,2.52,2.22,6.34,0.01
US-xML,-80.5248,37.3783,2018,1,11,12.61,1.01,7.89,3,4,4.76
US-xML,-80.5248,37.3783,2018,1,12,17.06,2.11,11.83,3.35,3.24,20.63
US-xML,-80.5248,37.3783,2018,1,13,-0.84,-10.26,-11.16,4.99,7.37,0.65
US-xML,-80.5248,37.3783,2018,1,14,-3.57,-13.44,-14.26,1.74,12.09,0.02
US-xML,-80.5248,37.3783,2018,1,15,2.59,-11.74,-9.25,1.78,10.39,0.01
US-xML,-80.5248,37.3783,2018,1,16,2.6,-6.97,-5.01,1.82,6.51,0.82
US-xML,-80.5248,37.3783,2018,1,17,-6.2,-13.6,-14.34,3.61,7.23,1.02
US-xML,-80.5248,37.3783,2018,1,18,-0.39,-13.58,-12.36,4.03,12.21,0.03
US-xML,-80.5248,37.3783,2018,1,19,5.69,-8.41,-8.86,2.68,12.55,0
US-xML,-80.5248,37.3783,2018,1,20,8.21,-5.15,-0.88,3.11,11.03,0
US-xML,-80.5248,37.3783,2018,1,21,10.88,-0.36,4.29,2.1,5.95,0
US-xML,-80.5248,37.3783,2018,1,22,11.69,3.13,5.47,2.54,7.58,0.09
US-xML,-80.5248,37.3783,2018,1,23,10.8,-0.2,2.45,4.42,11.32,4.56
US-xML,-80.5248,37.3783,2018,1,24,3.56,-3.74,-4.49,3.76,5.38,0.22
US-xML,-80.5248,37.3783,2018,1,25,4.62,-4.77,-6.8,2.61,12.87,0.03
US-xML,-80.5248,37.3783,2018,1,26,10.92,-3.25,-3.56,1.8,12.06,0
US-xML,-80.5248,37.3783,2018,1,27,10.92,-2.65,1.91,2.34,7.32,0.34
US-xML,-80.5248,37.3783,2018,1,28,8.77,3.14,4.88,1.35,3.53,9.62
US-xML,-80.5248,37.3783,2018,1,29,8.34,-2.13,-0.63,2.27,8.17,1.72
US-xML,-80.5248,37.3783,2018,1,30,-2.39,-7.99,-11.16,4.82,9.15,0.41
US-xML,-80.5248,37.3783,2018,1,31,7.44,-9.76,-7.57,1.93,12.67,0
US-xML,-80.5248,37.3783,2018,2,1,6.33,-2.29,0.43,2.36,4.12,5.98
US-xML,-80.5248,37.3783,2018,2,2,-2.44,-13.11,-12.57,4.32,10.71,0.72
US-xML,-80.5248,37.3783,2018,2,3,4.24,-13.16,-10.22,1.84,13.17,0.01
US-xML,-80.5248,37.3783,2018,2,4,0.64,-3.29,-2.68,2.32,3.22,16.08
US-xML,-80.5248,37.3783,2018,2,5,-0.18,-8.75,-7.44,3.17,14.53,0.27
US-xML,-80.5248,37.3783,2018,2,6,3.02,-8.9,-3.88,2.06,4.55,3.03
US-xML,-80.5248,37.3783,2018,2,7,5.41,-3.79,0.39,3.73,4.02,20.72
US-xML,-80.5248,37.3783,2018,2,8,2.55,-7.32,-7.5,2.81,12.69,0.07
US-xML,-80.5248,37.3783,2018,2,9,7.97,-6.78,-2.6,2.17,11.7,0
US-xML,-80.5248,37.3783,2018,2,10,9.95,-0.41,5.05,2.56,2.65,19.42
US-xML,-80.5248,37.3783,2018,2,11,16.32,7.7,11.66,2.67,4.51,25.15
US-xML,-80.5248,37.3783,2018,2,12,8.88,-3.28,-0.26,2.7,6.66,0.41
US-xML,-80.5248,37.3783,2018,2,13,4.41,-2.32,-2.04,2.32,5.58,2.02
US-xML,-80.5248,37.3783,2018,2,14,16.25,-1.01,6.99,2.11,6.74,2.76
US-xML,-80.5248,37.3783,2018,2,15,19.43,9.4,12.84,3.72,7.57,0.98
US-xML,-80.5248,37.3783,2018,2,16,14.86,0.55,8.43,4.17,3.37,8.35
US-xML,-80.5248,37.3783,2018,2,17,4.89,-2.68,0.16,2.81,2.79,11.58
US-xML,-80.5248,37.3783,2018,2,18,9.96,-0.82,-1.1,2.76,16.25,0.38
US-xML,-80.5248,37.3783,2018,2,19,13.98,1.33,6.69,2.5,9.76,3.6
US-xML,-80.5248,37.3783,2018,2,20,20.31,8.17,11.17,2.3,16.37,0.27
US-xML,-80.5248,37.3783,2018,2,21,22.15,10.79,14.23,2.3,9.89,1.51
US-xML,-80.5248,37.3783,2018,2,22,20.66,12.54,14.73,2.19,10.77,0.43
US-xML,-80.5248,37.3783,2018,2,23,21.36,11.14,13.1,2.04,11.85,0.28
US-xML,-80.5248,37.3783,2018,2,24,20.23,10.66,13.69,2.06,7.54,6.46
US-xML,-80.5248,37.3783,2018,2,25,16.77,6.53,10.79,2.44,4.09,5.61
US-xML,-80.5248,37.3783,2018,2,26,11.08,-1.14,1.21,1.73,6.26,0.45
US-xML,-80.5248,37.3783,2018,2,27,13.06,-1.54,-1.97,1.73,19.29,0
US-xML,-80.5248,37.3783,2018,2,28,10.82,2.3,4.4,1.73,6.26,1.51
US-xML,-80.5248,37.3783,2018,3,1,12.44,1.71,7.91,2.76,4.58,9.07
US-xML,-80.5248,37.3783,2018,3,2,3.39,-3.08,-4.16,6.97,14.23,0.6
US-xML,-80.5248,37.3783,2018,3,3,4.94,-5.3,-6.67,4.69,20.16,0
US-xML,-80.5248,37.3783,2018,3,4,8.05,-5.49,-4.95,2.7,20.2,0
US-xML,-80.5248,37.3783,2018,3,5,8.81,-5.31,-5.81,1.56,16.41,0
US-xML,-80.5248,37.3783,2018,3,6,6.77,-1.97,0.23,2.01,5.83,0.77
US-xML,-80.5248,37.3783,2018,3,7,3.56,-2.74,-2.28,3.58,9.78,1.07
US-xML,-80.5248,37.3783,2018,3,8,1.96,-4.68,-6.69,3.64,11.86,0.55
US-xML,-80.5248,37.3783,2018,3,9,3.05,-5.45,-7.6,3.55,18.2,0.04
US-xML,-80.5248,37.3783,2018,3,10,5.85,-2.36,0.19,1.35,5.24,0.8
US-xML,-80.5248,37.3783,2018,3,11,7.07,-2.57,-0.09,1.53,10.72,0.24
US-xML,-80.5248,37.3783,2018,3,12,2.03,-2.27,-1.7,2.93,4.38,10.32
US-xML,-80.5248,37.3783,2018,3,13,1.17,-4.47,-4.97,3.81,10.36,1.06
US-xML,-80.5248,37.3783,2018,3,14,-1.81,-6.72,-7.84,3.92,11.71,0.58
US-xML,-80.5248,37.3783,2018,3,15,8.24,-5.1,-1.8,4.17,18.77,0.11
US-xML,-80.5248,37.3783,2018,3,16,6.27,-3.7,-5.29,3.34,22.47,0
US-xML,-80.5248,37.3783,2018,3,17,12.57,-1.21,2.39,1.83,9.68,9.34
US-xML,-80.5248,37.3783,2018,3,18,14.99,-1.21,-0.63,1.53,22.15,0.35
US-xML,-80.5248,37.3783,2018,3,19,15.16,1.56,5.72,1.76,14.8,1.04
US-xML,-80.5248,37.3783,2018,3,20,8.76,-3.08,1.87,2.5,4.45,26.12
US-xML,-80.5248,37.3783,2018,3,21,0.69,-3.49,-2.76,2.65,8.16,7.65
US-xML,-80.5248,37.3783,2018,3,22,1.49,-5.81,-4.13,3.67,16.88,0.12
US-xML,-80.5248,37.3783,2018,3,23,4.46,-9.51,-5.07,2.77,18.59,0.2
US-xML,-80.5248,37.3783,2018,3,24,3.04,-5.34,-4.02,1.14,4.79,10.24
US-xML,-80.5248,37.3783,2018,3,25,6.78,-7.16,-4.32,2.14,21.54,0.02
US-xML,-80.5248,37.3783,2018,3,26,7.32,-2.89,-2.84,3.22,22.04,2.08
US-xML,-80.5248,37.3783,2018,3,27,11.34,-0.62,2.95,2.38,11.71,3.77
US-xML,-80.5248,37.3783,2018,3,28,19.05,4.74,10.66,2.09,8.2,4.1
US-xML,-80.5248,37.3783,2018,3,29,21.42,11.09,11.99,2.76,15.63,0.6
US-xML,-80.5248,37.3783,2018,3,30,13.13,0.36,6.19,3.1,12.04,4.28
US-xML,-80.5248,37.3783,2018,3,31,14.84,-3.53,0.33,1.97,23.37,0.01
US-xML,-80.5248,37.3783,2018,4,1,13.81,4.47,7.12,2.15,10.36,1.32
US-xML,-80.5248,37.3783,2018,4,2,16.84,3.23,6.91,1.94,8.12,4.62
US-xML,-80.5248,37.3783,2018,4,3,17.17,6.41,10.24,2.41,12.02,2.53
US-xML,-80.5248,37.3783,2018,4,4,14.12,-1.34,1.74,4.77,19.81,5.19
US-xML,-80.5248,37.3783,2018,4,5,9.92,-4.11,-4.52,2.61,25.76,0.01
US-xML,-80.5248,37.3783,2018,4,6,16.03,1.68,3.95,2.78,20.28,1.13
US-xML,-80.5248,37.3783,2018,4,7,8.52,-3.73,-1.14,2.55,5.29,3.68
US-xML,-80.5248,37.3783,2018,4,8,6.94,-6.15,-5.66,2.12,25.06,0
US-xML,-80.5248,37.3783,2018,4,9,8.85,-2.35,0.55,1.69,4.74,4.06
US-xML,-80.5248,37.3783,2018,4,10,10.36,-0.62,-0.77,1.87,22.36,0.09
US-xML,-80.5248,37.3783,2018,4,11,13.39,-1.08,-0.32,2.03,25.82,0
US-xML,-80.5248,37.3783,2018,4,12,20.25,1.68,6.17,2.56,24.68,0.01
US-xML,-80.5248,37.3783,2018,4,13,23.33,5.64,9.57,2.11,26.25,0
US-xML,-80.5248,37.3783,2018,4,14,22.5,8.69,12.63,2.28,24.37,0
US-xML,-80.5248,37.3783,2018,4,15,19.07,7.43,13.59,3.46,5.15,47.63
US-xML,-80.5248,37.3783,2018,4,16,7.96,-2.49,-0.74,4.06,14.15,2.93
US-xML,-80.5248,37.3783,2018,4,17,10.27,-3.46,-2.18,4.22,20.97,0.12
US-xML,-80.5248,37.3783,2018,4,18,22.72,1.51,7.78,2.65,25.66,0.1
US-xML,-80.5248,37.3783,2018,4,19,14.6,1.1,1.37,4.19,10.86,1.45
US-xML,-80.5248,37.3783,2018,4,20,13.06,-2.14,-2.73,2.3,29.14,0
US-xML,-80.5248,37.3783,2018,4,21,18.63,-0.95,0.94,1.62,27.61,0
US-xML,-80.5248,37.3783,2018,4,22,17.22,4.93,6.93,1.59,16.05,0
US-xML,-80.5248,37.3783,2018,4,23,11.64,7.07,7.91,3.38,6.75,11.88
US-xML,-80.5248,37.3783,2018,4,24,14.17,7.83,9.29,3.63,6.72,13.46
US-xML,-80.5248,37.3783,2018,4,25,15.95,8.36,9.48,2.19,10.48,6.15
US-xML,-80.5248,37.3783,2018,4,26,19.48,6.01,6.97,1.02,21.21,3.76
US-xML,-80.5248,37.3783,2018,4,27,17.64,7.12,7.82,1.78,17.17,0.63
US-xML,-80.5248,37.3783,2018,4,28,19.19,4.79,6.09,2.86,24.43,0
US-xML,-80.5248,37.3783,2018,4,29,11.68,1.07,-0.42,2.97,28.98,0
US-xML,-80.5248,37.3783,2018,4,30,17.62,-1.24,0.88,1.97,27.22,0
US-xML,-80.5248,37.3783,2018,5,1,22.85,2.18,5.69,2.09,27.28,0
US-xML,-80.5248,37.3783,2018,5,2,24.28,8.42,11.32,1.93,27.67,0
US-xML,-80.5248,37.3783,2018,5,3,26.33,12.82,14.98,1.87,25.91,0
US-xML,-80.5248,37.3783,2018,5,4,25.82,13.88,15.41,2.01,22.26,0.82
US-xML,-80.5248,37.3783,2018,5,5,20.34,13.63,15.36,1.26,6.51,28.12
US-xML,-80.5248,37.3783,2018,5,6,19.39,10.78,12.73,1.64,17.48,9.26
US-xML,-80.5248,37.3783,2018,5,7,20.63,9.16,11.03,1.18,16.9,3.4
US-xML,-80.5248,37.3783,2018,5,8,21.95,10.28,10.92,1.38,19.8,0.21
US-xML,-80.5248,37.3783,2018,5,9,23.09,9.26,11.57,1.66,24.04,0.06
US-xML,-80.5248,37.3783,2018,5,10,22.07,13.32,15.31,2.16,18.9,1.44
US-xML,-80.5248,37.3783,2018,5,11,25.5,12.47,16.12,1.68,24.88,0.45
US-xML,-80.5248,37.3783,2018,5,12,25.64,15.19,15.49,1.94,26.79,0.01
US-xML,-80.5248,37.3783,2018,5,13,27.14,14.85,16.78,1.78,27.82,0
US-xML,-80.5248,37.3783,2018,5,14,28.28,15.59,18.03,1.47,24.87,0.21
US-xML,-80.5248,37.3783,2018,5,15,25.72,17.13,18.51,1.42,17.4,8.17
US-xML,-80.5248,37.3783,2018,5,16,21.12,16,17.45,1.39,9.68,12.71
US-xML,-80.5248,37.3783,2018,5,17,24.75,15.73,17.11,1.13,15.18,14.33
US-xML,-80.5248,37.3783,2018,5,18,21.88,15.92,17.42,1.93,5.64,18.68
US-xML,-80.5248,37.3783,2018,5,19,24.59,16.46,17.55,2.08,18.16,9.51
US-xML,-80.5248,37.3783,2018,5,20,26.56,16.8,17.75,1.54,23.91,0.69
US-xML,-80.5248,37.3783,2018,5,21,26.91,16.29,17.63,1.25,18.22,3.22
US-xML,-80.5248,37.3783,2018,5,22,25.45,16.46,17.25,1.27,19.53,5.5
US-xML,-80.5248,37.3783,2018,5,23,25.37,14.04,16.4,1.87,24.8,1.79
US-xML,-80.5248,37.3783,2018,5,24,24.99,11.34,14.39,1.51,27.49,0
US-xML,-80.5248,37.3783,2018,5,25,26.67,13.22,16.94,1.39,24.04,0.01
US-xML,-80.5248,37.3783,2018,5,26,21.66,17.21,18.38,1,11.76,6.05
US-xML,-80.5248,37.3783,2018,5,27,24.62,16.57,18.8,0.91,16.87,7.31
US-xML,-80.5248,37.3783,2018,5,28,24.5,17.83,18.03,1.31,14.45,2.46
US-xML,-80.5248,37.3783,2018,5,29,24.81,17.29,18.44,1.85,12.5,0.82
US-xML,-80.5248,37.3783,2018,5,30,24.9,18.88,19.47,2.28,12.14,1.95
US-xML,-80.5248,37.3783,2018,5,31,26.93,18.03,19.16,1.31,21.75,4.11
US-xML,-80.5248,37.3783,2018,6,1,26.08,17.07,18.87,1.56,22.41,4.68
US-xML,-80.5248,37.3783,2018,6,2,21.73,16.69,17.78,1.73,14.87,3.42
US-xML,-80.5248,37.3783,2018,6,3,26.69,16.23,17.72,1.76,24.52,1.67
US-xML,-80.5248,37.3783,2018,6,4,22.26,12.89,12.41,2.49,31.83,0.07
US-xML,-80.5248,37.3783,2018,6,5,23.71,11.53,12.17,1.75,29.09,0
US-xML,-80.5248,37.3783,2018,6,6,22.04,10.42,12.17,1.9,26.06,0.12
US-xML,-80.5248,37.3783,2018,6,7,24.73,8.91,11.97,0.98,28.81,0
US-xML,-80.5248,37.3783,2018,6,8,28.62,14.38,15.61,0.97,25.44,3.5
US-xML,-80.5248,37.3783,2018,6,9,27.59,15.95,17.39,0.96,24.51,1.3
US-xML,-80.5248,37.3783,2018,6,10,26.61,16.98,18.43,1.22,22.61,3.53
US-xML,-80.5248,37.3783,2018,6,11,25.77,14.43,17.66,1.43,13.24,2.95
US-xML,-80.5248,37.3783,2018,6,12,23.09,13.77,14.94,1.64,10.88,0.89
US-xML,-80.5248,37.3783,2018,6,13,24.92,15.86,18.07,1.6,18.5,2.49
US-xML,-80.5248,37.3783,2018,6,14,25.9,14.83,16.85,1.66,26.1,0.09
US-xML,-80.5248,37.3783,2018,6,15,27.57,13.5,13.22,1.23,30.21,0
US-xML,-80.5248,37.3783,2018,6,16,28.54,14.27,15.69,1.08,28.02,0.12
US-xML,-80.5248,37.3783,2018,6,17,29.47,16.55,19.12,1.4,26.58,0.51
US-xML,-80.5248,37.3783,2018,6,18,30.14,18.71,19.9,1.43,27.12,0.11
US-xML,-80.5248,37.3783,2018,6,19,30.24,20.38,20.44,1.96,27.31,1.59
US-xML,-80.5248,37.3783,2018,6,20,27.36,20.29,20.37,1.52,22.21,2.82
US-xML,-80.5248,37.3783,2018,6,21,27.6,19.71,19.89,1.46,13.55,9.65
US-xML,-80.5248,37.3783,2018,6,22,28.43,17.9,18.88,1.2,18.45,15.94
US-xML,-80.5248,37.3783,2018,6,23,25.59,16.96,17.49,1.61,20.47,2.16
US-xML,-80.5248,37.3783,2018,6,24,27.93,17.21,18.92,1.71,23.77,2.08
US-xML,-80.5248,37.3783,2018,6,25,25.36,17.91,18.48,0.97,11.18,5.9
US-xML,-80.5248,37.3783,2018,6,26,22.42,17.3,17.99,1.89,8.8,2.75
US-xML,-80.5248,37.3783,2018,6,27,24.67,16.29,18.24,1.74,18.88,1.91
US-xML,-80.5248,37.3783,2018,6,28,27.58,17.07,17.87,1.85,24.08,0.21
US-xML,-80.5248,37.3783,2018,6,29,29.41,15.45,16.34,1.21,28.4,0
US-xML,-80.5248,37.3783,2018,6,30,31.21,17.06,17.31,1.17,28.12,0.01
US-xML,-80.5248,37.3783,2018,7,1,31.9,18.21,19.31,1.29,27.15,0.16
US-xML,-80.5248,37.3783,2018,7,2,32.17,20.38,20.62,0.91,17.38,5.01
US-xML,-80.5248,37.3783,2018,7,3,33.33,19.35,19.75,1.18,26.97,0.03
US-xML,-80.5248,37.3783,2018,7,4,32.46,19.65,19.52,1.4,25.85,0.68
US-xML,-80.5248,37.3783,2018,7,5,31.93,19.17,18.77,0.9,22.03,2.1
US-xML,-80.5248,37.3783,2018,7,6,26.83,18.93,19.9,1.5,16.8,8.76
US-xML,-80.5248,37.3783,2018,7,7,26.02,12.78,13.61,1.68,24.7,0.72
US-xML,-80.5248,37.3783,2018,7,8,28.07,9.56,7.85,1.47,31.67,0
US-xML,-80.5248,37.3783,2018,7,9,29.45,13.21,11.24,1.49,30.92,0
US-xML,-80.5248,37.3783,2018,7,10,30.69,15.68,16.14,1.76,28.06,0.01
US-xML,-80.5248,37.3783,2018,7,11,30.84,16.98,17.03,1.7,24.5,0.95
US-xML,-80.5248,37.3783,2018,7,12,30.82,16.72,15.21,1.19,25.23,0.08
US-xML,-80.5248,37.3783,2018,7,13,28.68,16.51,15.66,1.5,23.88,0
US-xML,-80.5248,37.3783,2018,7,14,32.23,15.86,15.08,1.25,25.69,0
US-xML,-80.5248,37.3783,2018,7,15,30.92,18.04,18.42,0.82,17.99,4.42
US-xML,-80.5248,37.3783,2018,7,16,30.9,19.73,17.95,1.16,19.5,4.73
US-xML,-80.5248,37.3783,2018,7,17,29.58,19.26,19.27,1.71,19.79,3.45
US-xML,-80.5248,37.3783,2018,7,18,27.98,15.38,11.74,1.58,27.74,0.02
US-xML,-80.5248,37.3783,2018,7,19,30.4,13.13,12.2,1.45,24.79,0
US-xML,-80.5248,37.3783,2018,7,20,27.47,16.95,14.03,1.9,17.16,2.36
US-xML,-80.5248,37.3783,2018,7,21,27.3,15.96,16.02,1.46,17.19,6.85
US-xML,-80.5248,37.3783,2018,7,22,26.19,16.7,17.5,1.05,11.88,5.23
US-xML,-80.5248,37.3783,2018,7,23,28.27,17.56,18.05,1.66,18.18,3.27
US-xML,-80.5248,37.3783,2018,7,24,28.09,18.61,17.58,1.09,15.21,5.45
US-xML,-80.5248,37.3783,2018,7,25,25.46,17.54,18.84,0.84,12.23,9.05
US-xML,-80.5248,37.3783,2018,7,26,30.47,16.87,15.56,1.28,24.41,0.61
US-xML,-80.5248,37.3783,2018,7,27,30.27,17.72,16.34,1.42,21.21,0.16
US-xML,-80.5248,37.3783,2018,7,28,28.32,16.6,13.22,1.44,24.69,0.03
US-xML,-80.5248,37.3783,2018,7,29,30.83,14.98,13.5,1.11,21.06,0.33
US-xML,-80.5248,37.3783,2018,7,30,29.98,18.37,18.35,1.14,16.78,10.64
US-xML,-80.5248,37.3783,2018,7,31,26.7,19.16,19.57,1.51,12.76,5.65
US-xML,-80.5248,37.3783,2018,8,1,26.6,19.32,19.57,1.4,15.59,14.78
US-xML,-80.5248,37.3783,2018,8,2,23.65,18.8,20.28,1.38,14.52,23.29
US-xML,-80.5248,37.3783,2018,8,3,23.99,17.54,18.94,1.25,11.94,18.56
US-xML,-80.5248,37.3783,2018,8,4,29.57,16.4,16.4,0.95,24.94,0.31
US-xML,-80.5248,37.3783,2018,8,5,31.11,16.64,16.89,0.96,24.96,0.52
US-xML,-80.5248,37.3783,2018,8,6,30.28,18.61,16.8,0.84,21.84,0.3
US-xML,-80.5248,37.3783,2018,8,7,28.92,18.96,19.32,1.43,20.75,1.6
US-xML,-80.5248,37.3783,2018,8,8,29.82,18.17,18.97,1.66,21.22,6.34
US-xML,-80.5248,37.3783,2018,8,9,28.71,18.52,18.24,1.81,22.73,1.5
US-xML,-80.5248,37.3783,2018,8,10,28.66,16.09,16.18,1.14,23.16,0.03
US-xML,-80.5248,37.3783,2018,8,11,29.36,16.78,16.52,0.98,23.56,3.51
US-xML,-80.5248,37.3783,2018,8,12,26.93,16.63,17.53,0.99,16.38,6.44
US-xML,-80.5248,37.3783,2018,8,13,27,14.02,14.83,1.3,21.72,2.34
US-xML,-80.5248,37.3783,2018,8,14,27.7,13.98,14.35,1.41,23.03,0.1
US-xML,-80.5248,37.3783,2018,8,15,29.93,16.33,13.9,1,21.88,0
US-xML,-80.5248,37.3783,2018,8,16,32.33,18.35,15.47,1.25,22.88,0.13
US-xML,-80.5248,37.3783,2018,8,17,30.35,18.37,18.16,1.67,19.91,1.26
US-xML,-80.5248,37.3783,2018,8,18,24.92,18.97,19.28,1.08,9.35,18.3
US-xML,-80.5248,37.3783,2018,8,19,28.52,17.35,18.55,0.8,15.81,5.15
US-xML,-80.5248,37.3783,2018,8,20,26.96,18.27,19.69,1.39,8.61,7.73
US-xML,-80.5248,37.3783,2018,8,21,29.09,19.37,19.62,1.48,15.85,7.79
US-xML,-80.5248,37.3783,2018,8,22,25.03,14.09,16.15,2.22,15.34,1.36
US-xML,-80.5248,37.3783,2018,8,23,24,10.65,9.64,1.72,25.77,0.02
US-xML,-80.5248,37.3783,2018,8,24,25.28,10.9,9.48,1.67,26.33,0
US-xML,-80.5248,37.3783,2018,8,25,27.7,12.13,12.91,1.08,23.37,0
US-xML,-80.5248,37.3783,2018,8,26,30.39,14.89,17.48,1.47,15.9,1.35
US-xML,-80.5248,37.3783,2018,8,27,31.42,18.16,18.74,1.01,20.71,0.28
US-xML,-80.5248,37.3783,2018,8,28,32.01,18.52,17.88,1.3,21.67,0.12
US-xML,-80.5248,37.3783,2018,8,29,32.05,18.01,17.61,1.42,22.84,0.08
US-xML,-80.5248,37.3783,2018,8,30,30.96,18.32,18.11,1.03,16.6,8.81
US-xML,-80.5248,37.3783,2018,8,31,35.79,18.12,18.11,0.79,18.6,4.77
US-xML,-80.5248,37.3783,2018,9,1,30.26,18.81,18.09,1.07,17.22,3.21
US-xML,-80.5248,37.3783,2018,9,2,31.9,17.52,17.87,0.94,20.02,1.97
US-xML,-80.5248,37.3783,2018,9,3,31.35,18.61,18.07,1.27,22.09,0.38
US-xML,-80.5248,37.3783,2018,9,4,32.15,20.04,17.9,1.24,21.78,0.15
US-xML,-80.5248,37.3783,2018,9,5,31.93,18.99,17.59,1.49,20.07,0.05
US-xML,-80.5248,37.3783,2018,9,6,33.22,18.52,15.77,0.88,20.09,0.18
US-xML,-80.5248,37.3783,2018,9,7,31.97,19.34,16.58,0.66,16.07,5.86
US-xML,-80.5248,37.3783,2018,9,8,28.06,17.68,18.71,1.07,12.26,12.34
US-xML,-80.5248,37.3783,2018,9,9,24.65,15.76,17.31,1.96,8.42,28.52
US-xML,-80.5248,37.3783,2018,9,10,26.23,15.18,17.95,1.63,10.97,10.66
US-xML,-80.5248,37.3783,2018,9,11,27.11,17.15,19.21,0.92,12.74,8.99
US-xML,-80.5248,37.3783,2018,9,12,26.68,19.04,19.69,1.38,12.69,1.54
US-xML,-80.5248,37.3783,2018,9,13,28.47,18.53,18.63,1.46,18.17,0.15
US-xML,-80.5248,37.3783,2018,9,14,27.64,18.98,18.96,2.44,11.54,0.77
US-xML,-80.5248,37.3783,2018,9,15,23.79,18.36,18.08,2.78,8.16,3.24
US-xML,-80.5248,37.3783,2018,9,16,23,17.12,18.24,3.5,6.09,18.94
US-xML,-80.5248,37.3783,2018,9,17,26.51,19.59,20.06,2.59,9.21,23.8
US-xML,-80.5248,37.3783,2018,9,18,25.67,16.72,17.79,2.33,14.72,2.6
US-xML,-80.5248,37.3783,2018,9,19,28.12,15.68,17.92,1.44,19.32,0.06
US-xML,-80.5248,37.3783,2018,9,20,28.74,17.27,18.2,0.96,18.38,0.1
US-xML,-80.5248,37.3783,2018,9,21,28.52,18.28,18.71,1.43,18.23,0.17
US-xML,-80.5248,37.3783,2018,9,22,27.49,16.96,18.31,1.31,10.87,28.64
US-xML,-80.5248,37.3783,2018,9,23,22.04,13.38,15.7,1.26,4.97,4.73
US-xML,-80.5248,37.3783,2018,9,24,20.36,14.16,15.69,1.68,5.16,4.41
US-xML,-80.5248,37.3783,2018,9,25,25.23,16.05,17.55,1.66,8.74,0.76
US-xML,-80.5248,37.3783,2018,9,26,23.77,16.35,17.88,1.32,10.03,3.94
US-xML,-80.5248,37.3783,2018,9,27,19.8,15.85,16.91,1.96,3.55,41.51
US-xML,-80.5248,37.3783,2018,9,28,22.75,12.91,13.64,1.38,16.97,1.05
US-xML,-80.5248,37.3783,2018,9,29,23.1,9.72,12.14,1.35,15.06,0
US-xML,-80.5248,37.3783,2018,9,30,25.17,10.36,14.78,1.45,12.49,0
US-xML,-80.5248,37.3783,2018,10,1,26.4,14.66,16.71,1.02,18.13,0
US-xML,-80.5248,37.3783,2018,10,2,24.94,15.76,17.71,1.3,10.48,1.34
US-xML,-80.5248,37.3783,2018,10,3,26.16,16.61,17.78,1.15,15.61,0.15
US-xML,-80.5248,37.3783,2018,10,4,26.73,15.44,18.26,1.59,16,0.34
US-xML,-80.5248,37.3783,2018,10,5,27.3,18.56,19.65,1.11,10.83,1.39
US-xML,-80.5248,37.3783,2018,10,6,27.45,16.73,18.77,0.99,13.61,0.52
US-xML,-80.5248,37.3783,2018,10,7,27.73,16.75,18.72,1.06,15.28,0.63
US-xML,-80.5248,37.3783,2018,10,8,25.63,17.07,18.14,1.73,10.13,0.02
US-xML,-80.5248,37.3783,2018,10,9,23.5,17.8,18.06,2.14,10.07,0.87
US-xML,-80.5248,37.3783,2018,10,10,22.36,17.19,19,2.29,4.04,30.91
US-xML,-80.5248,37.3783,2018,10,11,22.22,9.49,16.68,2.5,2.45,34.97
US-xML,-80.5248,37.3783,2018,10,12,15.26,4.87,3.47,2.56,18.5,0.16
US-xML,-80.5248,37.3783,2018,10,13,13.2,3.7,3.63,1.89,11.96,0.78
US-xML,-80.5248,37.3783,2018,10,14,16.65,4.08,7.82,1.63,4.77,2.56
US-xML,-80.5248,37.3783,2018,10,15,21.43,10.31,13.77,1.92,7.48,8.42
US-xML,-80.5248,37.3783,2018,10,16,17.79,8.24,8.98,1.44,6.41,1.27
US-xML,-80.5248,37.3783,2018,10,17,15.14,5.83,4.42,3.06,17.84,0.23
US-xML,-80.5248,37.3783,2018,10,18,13.47,1.4,-0.6,1.64,18.2,0
US-xML,-80.5248,37.3783,2018,10,19,17.94,-0.76,4.26,1.58,17.33,1.08
US-xML,-80.5248,37.3783,2018,10,20,15.02,3.7,7.78,3.42,8.12,2.79
US-xML,-80.5248,37.3783,2018,10,21,8.05,-1.34,-3.02,2.91,16.77,0.22
US-xML,-80.5248,37.3783,2018,10,22,15.11,-3.15,-0.64,1.52,16.88,0
US-xML,-80.5248,37.3783,2018,10,23,16.38,2.25,3.27,2.24,16.7,0
US-xML,-80.5248,37.3783,2018,10,24,11.92,-0.54,0.09,1.81,16.88,0
US-xML,-80.5248,37.3783,2018,10,25,9.85,-1.3,0.31,1.4,11.89,0
US-xML,-80.5248,37.3783,2018,10,26,5.31,1.84,2.67,2.04,2.96,13.08
US-xML,-80.5248,37.3783,2018,10,27,11.16,3.66,5.15,2.31,4.98,2.5
US-xML,-80.5248,37.3783,2018,10,28,14.73,4.5,4.8,3.15,13.22,2.09
US-xML,-80.5248,37.3783,2018,10,29,11.07,0.96,3.01,2.86,9.46,0.27
US-xML,-80.5248,37.3783,2018,10,30,16.02,-0.35,2.89,1.45,15.13,0
US-xML,-80.5248,37.3783,2018,10,31,19.84,4.42,9.27,1.77,12.45,0
US-xML,-80.5248,37.3783,2018,11,1,17.25,9.28,12.18,2.93,7.05,0.51
US-xML,-80.5248,37.3783,2018,11,2,14.94,4.56,10.15,1.85,2.94,14.73
US-xML,-80.5248,37.3783,2018,11,3,9.55,0.75,0.49,2.64,12.17,0.55
US-xML,-80.5248,37.3783,2018,11,4,11.94,-1.43,1.96,2.7,14.38,0.13
US-xML,-80.5248,37.3783,2018,11,5,14.94,6.56,9.96,1.24,6.88,6.72
US-xML,-80.5248,37.3783,2018,11,6,17.02,5.63,9.71,2.34,4.69,6.95
US-xML,-80.5248,37.3783,2018,11,7,15.83,4.96,5.24,1.75,12.24,0.01
US-xML,-80.5248,37.3783,2018,11,8,15.62,3.04,4.12,1.29,7.85,1.2
US-xML,-80.5248,37.3783,2018,11,9,8.12,2.44,4.51,2.43,2.32,11.16
US-xML,-80.5248,37.3783,2018,11,10,1.95,-6.42,-7.73,3.5,12.97,0.17
US-xML,-80.5248,37.3783,2018,11,11,7.54,-6.26,-7.15,1.46,14.19,0
US-xML,-80.5248,37.3783,2018,11,12,2.51,-2.98,-1.56,1.37,2.86,18.91
US-xML,-80.5248,37.3783,2018,11,13,3.02,-0.18,0.77,1.96,3.87,1.89
US-xML,-80.5248,37.3783,2018,11,14,2.49,-2.47,-3.35,1.8,6.3,0.32
US-xML,-80.5248,37.3783,2018,11,15,-0.16,-2.43,-1.96,2.6,2.93,25.71
US-xML,-80.5248,37.3783,2018,11,16,1.3,-5.93,-2.35,2.84,10.64,0.4
US-xML,-80.5248,37.3783,2018,11,17,8.95,-1.53,0.15,1.43,12.43,0.13
US-xML,-80.5248,37.3783,2018,11,18,9.98,-0.43,3.28,1.43,9.95,0.04
US-xML,-80.5248,37.3783,2018,11,19,11.08,3.28,5.74,1.33,8.89,0.62
US-xML,-80.5248,37.3783,2018,11,20,7.25,-1.65,1.55,2.53,6.62,0.6
US-xML,-80.5248,37.3783,2018,11,21,6.83,-3.1,-2.75,2.47,12.23,0.08
US-xML,-80.5248,37.3783,2018,11,22,9,-1.56,-0.78,1.83,9.25,0
US-xML,-80.5248,37.3783,2018,11,23,4.67,-5.38,-5.33,2.43,9.08,0.07
US-xML,-80.5248,37.3783,2018,11,24,4.13,-2.69,0.83,2.4,3.51,17.3
US-xML,-80.5248,37.3783,2018,11,25,12.43,3.24,4.83,1.78,10.76,0.37
US-xML,-80.5248,37.3783,2018,11,26,6.97,-1.6,1.2,3.76,3.95,1.93
US-xML,-80.5248,37.3783,2018,11,27,-1.1,-6.53,-7.89,4.22,4.36,0.43
US-xML,-80.5248,37.3783,2018,11,28,-2.15,-8.72,-10.86,3.96,8.28,0.09
US-xML,-80.5248,37.3783,2018,11,29,6.58,-7.83,-4.04,1.75,10.32,1.34
US-xML,-80.5248,37.3783,2018,11,30,10.19,1.46,5.53,1.64,3.64,9.86
US-xML,-80.5248,37.3783,2018,12,1,7.13,4.18,5.38,2.5,3.14,3.9
US-xML,-80.5248,37.3783,2018,12,2,17.97,6.28,8.18,2.61,8.19,1.63
US-xML,-80.5248,37.3783,2018,12,3,10.43,0.94,2.98,2.82,10.96,0.2
US-xML,-80.5248,37.3783,2018,12,4,3.49,-2.49,-1.93,2,3.4,0.78
US-xML,-80.5248,37.3783,2018,12,5,0.59,-4.11,-4.92,2.49,6.97,0.68
US-xML,-80.5248,37.3783,2018,12,6,4.06,-4.88,-6.37,2.05,9.53,0
US-xML,-80.5248,37.3783,2018,12,7,3.45,-3.8,-4.89,1.58,7.07,0.07
US-xML,-80.5248,37.3783,2018,12,8,0.18,-3.2,-6.85,1.08,6.51,0
US-xML,-80.5248,37.3783,2018,12,9,-2.11,-4.73,-5.12,2.4,1.14,2.41
US-xML,-80.5248,37.3783,2018,12,10,4.15,-5.31,-5.04,1.48,9.62,0
US-xML,-80.5248,37.3783,2018,12,11,3.31,-9.54,-7.13,2.35,11.07,0
US-xML,-80.5248,37.3783,2018,12,12,2.31,-4.86,-2.81,1.67,4.28,0.54
US-xML,-80.5248,37.3783,2018,12,13,8.27,-1.55,0.97,1.51,4.55,0.02
US-xML,-80.5248,37.3783,2018,12,14,3.66,-0.75,0.87,2.11,2.24,13.95
US-xML,-80.5248,37.3783,2018,12,15,7.75,1.79,4.27,1.56,3.12,8.13
US-xML,-80.5248,37.3783,2018,12,16,6.62,3.65,4.77,3.08,3.18,2.79
US-xML,-80.5248,37.3783,2018,12,17,8.77,0.6,1.08,3.81,11.08,0.1
US-xML,-80.5248,37.3783,2018,12,18,7.25,-3.07,-3.9,1.97,10.57,0
US-xML,-80.5248,37.3783,2018,12,19,10.76,-3.06,0.32,1.57,10.2,0
US-xML,-80.5248,37.3783,2018,12,20,11.02,-1.43,4.2,2.53,1.87,22.74
US-xML,-80.5248,37.3783,2018,12,21,11.23,1.21,6.36,3.14,2.92,18.16
US-xML,-80.5248,37.3783,2018,12,22,2.71,-4.43,-2.14,3.35,5.06,0.78
US-xML,-80.5248,37.3783,2018,12,23,7.68,-5,-2.13,1.57,7.36,1.94
US-xML,-80.5248,37.3783,2018,12,24,3.4,-3.92,-3.29,3.03,10.63,0.23
US-xML,-80.5248,37.3783,2018,12,25,4.73,-3.44,-3.13,1.06,8.36,0.07
US-xML,-80.5248,37.3783,2018,12,26,7.03,-3.08,-1.85,1.42,10.66,0
US-xML,-80.5248,37.3783,2018,12,27,5.24,-2.93,-0.08,2.78,4.42,0.44
US-xML,-80.5248,37.3783,2018,12,28,10.19,4.87,7.52,1.75,2.91,24.24
US-xML,-80.5248,37.3783,2018,12,29,8.58,-0.29,1.68,2.64,9.66,0.03
US-xML,-80.5248,37.3783,2018,12,30,10.51,0.48,2.04,1.29,8.44,0.07
US-xML,-80.5248,37.3783,2018,12,31,13.97,4.57,8.7,2.73,3.6,5.58
US-xML,-80.5248,37.3783,2019,1,1,14.01,2,6.45,3.05,4.38,0.27
US-xML,-80.5248,37.3783,2019,1,2,5.92,1.41,2.83,1.66,4.03,0.54
US-xML,-80.5248,37.3783,2019,1,3,5.15,0.7,2.04,2.07,4.15,2.41
US-xML,-80.5248,37.3783,2019,1,4,5.5,0.3,3.2,1.97,1.8,9.77
US-xML,-80.5248,37.3783,2019,1,5,7.53,1.03,1.74,4.23,9.54,2.25
US-xML,-80.5248,37.3783,2019,1,6,10,1.53,2.76,2.72,10.59,0.31
US-xML,-80.5248,37.3783,2019,1,7,7.48,0.27,1.12,2.86,6.22,0
US-xML,-80.5248,37.3783,2019,1,8,14.34,3.75,6.27,3.35,6.3,0.05
US-xML,-80.5248,37.3783,2019,1,9,3.15,-6.61,-5.66,5.44,7.36,0.01
US-xML,-80.5248,37.3783,2019,1,10,-3.98,-7.98,-10.88,4.76,6.76,0
US-xML,-80.5248,37.3783,2019,1,11,2.96,-8.7,-8.15,1.81,11.06,0
US-xML,-80.5248,37.3783,2019,1,12,-0.26,-3.73,-4.08,2.28,1.9,4.99
US-xML,-80.5248,37.3783,2019,1,13,-0.21,-4.76,-3.71,1.79,2.88,10.65
US-xML,-80.5248,37.3783,2019,1,14,0.17,-7.13,-4.38,1.91,2.81,0.4
US-xML,-80.5248,37.3783,2019,1,15,0.77,-9.45,-5.9,2.28,5.33,0.02
US-xML,-80.5248,37.3783,2019,1,16,0.57,-7.46,-4.7,2.51,4.14,0.01
US-xML,-80.5248,37.3783,2019,1,17,0.68,-5.75,-2.73,1.72,2.44,4.15
US-xML,-80.5248,37.3783,2019,1,18,2.36,-3.01,-0.12,1.86,4.93,0.82
US-xML,-80.5248,37.3783,2019,1,19,7.3,-3.53,1.58,3.18,1.57,19.54
US-xML,-80.5248,37.3783,2019,1,20,6.37,-13.15,-7.56,5.73,7.43,2.3
US-xML,-80.5248,37.3783,2019,1,21,-7.77,-16.65,-16.71,3.71,13.09,0.01
US-xML,-80.5248,37.3783,2019,1,22,1.26,-12.56,-10.3,2.41,12.38,0
US-xML,-80.5248,37.3783,2019,1,23,8.73,-3.75,1.5,4.07,5.12,2.09
US-xML,-80.5248,37.3783,2019,1,24,8.85,-5.17,-0.48,4.18,4.82,16.83
US-xML,-80.5248,37.3783,2019,1,25,-1.4,-6.71,-8.44,3.5,13.11,0.57
US-xML,-80.5248,37.3783,2019,1,26,0.65,-7.86,-7.18,2.08,10.04,0
US-xML,-80.5248,37.3783,2019,1,27,3.91,-6.7,-3.13,2.22,4.59,0.02
US-xML,-80.5248,37.3783,2019,1,28,6.35,-4.06,-1.57,1.72,12.33,0.03
US-xML,-80.5248,37.3783,2019,1,29,0.92,-9.49,-5.39,3.45,4.44,1.71
US-xML,-80.5248,37.3783,2019,1,30,-5.73,-16.2,-14.65,4.31,9.52,0.08
US-xML,-80.5248,37.3783,2019,1,31,-4.82,-17.42,-14.16,2.3,10.78,0
US-xML,-80.5248,37.3783,2019,2,1,5.02,-9.49,-3.34,2.37,4.45,0.26
US-xML,-80.5248,37.3783,2019,2,2,9.91,-2.22,1.92,1.95,12.76,0.06
US-xML,-80.5248,37.3783,2019,2,3,13.44,-0.71,2.66,1.76,9.85,0
US-xML,-80.5248,37.3783,2019,2,4,16.12,2.27,3.4,1.72,14.19,0.05
US-xML,-80.5248,37.3783,2019,2,5,17.5,4.88,9.43,1.97,7.93,0.35
US-xML,-80.5248,37.3783,2019,2,6,15.55,5.39,10.44,2.24,4.08,2.94
US-xML,-80.5248,37.3783,2019,2,7,19.25,8.38,13.52,2.36,7.41,4.34
US-xML,-80.5248,37.3783,2019,2,8,13.89,-5.32,-1.3,4.91,14.22,6.44
US-xML,-80.5248,37.3783,2019,2,9,3.58,-7.38,-8.47,2.81,13.99,0
US-xML,-80.5248,37.3783,2019,2,10,5.15,-5.81,-3.66,1.83,7.1,6.59
US-xML,-80.5248,37.3783,2019,2,11,4.9,-0.54,1.58,1.45,3.79,5.78
US-xML,-80.5248,37.3783,2019,2,12,5.22,-0.29,1.55,3.46,2.26,15.56
US-xML,-80.5248,37.3783,2019,2,13,2.37,-3.12,-4.15,5.38,16.3,0.05
US-xML,-80.5248,37.3783,2019,2,14,9.64,-4.19,-0.32,2.62,10.85,0
US-xML,-80.5248,37.3783,2019,2,15,12.25,2.14,5.04,2.96,5.93,0.53
US-xML,-80.5248,37.3783,2019,2,16,6.88,-3.99,-2.42,1.79,10.35,4.08
US-xML,-80.5248,37.3783,2019,2,17,1.88,-3.25,-1.33,2.75,5,17.32
US-xML,-80.5248,37.3783,2019,2,18,3.54,-4.01,-1.65,3.8,8.88,3.19
US-xML,-80.5248,37.3783,2019,2,19,6.21,-5.54,-4.27,1.57,11.34,3.14
US-xML,-80.5248,37.3783,2019,2,20,1.83,-1.88,-0.79,3.78,2.6,23.17
US-xML,-80.5248,37.3783,2019,2,21,9.09,0.72,2.92,2.47,10.32,1.66
US-xML,-80.5248,37.3783,2019,2,22,6.81,0.97,2.5,1.31,3.42,18.93
US-xML,-80.5248,37.3783,2019,2,23,3.48,0.79,1.23,2.75,4.68,26.68
US-xML,-80.5248,37.3783,2019,2,24,13.01,-0.2,2.76,5.38,13.54,5.19
US-xML,-80.5248,37.3783,2019,2,25,3.45,-4.05,-5.5,4.83,19.28,0
US-xML,-80.5248,37.3783,2019,2,26,10.75,-3.89,-2.16,1.85,16.92,0
US-xML,-80.5248,37.3783,2019,2,27,14.52,-0.86,5.14,2.02,14.48,0
US-xML,-80.5248,37.3783,2019,2,28,11.89,2.37,5.12,2.32,13.18,5.55
US-xML,-80.5248,37.3783,2019,3,1,8.69,0.98,4.94,1.72,2.9,13.22
US-xML,-80.5248,37.3783,2019,3,2,9.27,0.42,1.89,2.06,8.47,0.45
US-xML,-80.5248,37.3783,2019,3,3,3.54,-2.14,0.83,1.76,2.65,16.4
US-xML,-80.5248,37.3783,2019,3,4,-1.09,-6.55,-6.85,3.89,7.29,0.25
US-xML,-80.5248,37.3783,2019,3,5,-1,-8.41,-9.69,3.6,20.36,0.05
US-xML,-80.5248,37.3783,2019,3,6,-4.22,-11,-11.35,3.77,19.57,0.04
US-xML,-80.5248,37.3783,2019,3,7,0.62,-10.09,-7.05,2.08,16.93,0.12
US-xML,-80.5248,37.3783,2019,3,8,2.59,-3.59,-1.52,1.78,3.14,5.24
US-xML,-80.5248,37.3783,2019,3,9,2.98,-0.23,0.68,2.57,4.36,6.53
US-xML,-80.5248,37.3783,2019,3,10,15.35,2.17,6.96,3.2,18.01,4.05
US-xML,-80.5248,37.3783,2019,3,11,7.99,-0.4,1.02,2.6,14.66,0
US-xML,-80.5248,37.3783,2019,3,12,9.2,-3.68,-3.47,2.33,19.89,0
US-xML,-80.5248,37.3783,2019,3,13,15.31,-2.52,2.32,2.13,12.09,0
US-xML,-80.5248,37.3783,2019,3,14,17.93,5.61,9.85,3.51,12.62,0.04
US-xML,-80.5248,37.3783,2019,3,15,15.68,2.73,8.79,4.01,12.92,1.2
US-xML,-80.5248,37.3783,2019,3,16,7.1,-2.3,-2.44,3.92,21.66,0.15
US-xML,-80.5248,37.3783,2019,3,17,8.65,-4.97,-3.17,1.94,21.85,0
US-xML,-80.5248,37.3783,2019,3,18,5.52,-4.06,-2.84,2.32,16.77,0
US-xML,-80.5248,37.3783,2019,3,19,9.94,-4.61,-5.52,1.32,23.36,0
US-xML,-80.5248,37.3783,2019,3,20,11.94,-2.82,-1.49,1.9,19.93,0.01
US-xML,-80.5248,37.3783,2019,3,21,9.84,0.13,2.62,2.07,12.45,1.73
US-xML,-80.5248,37.3783,2019,3,22,8.8,0.39,0.46,5.24,11.88,1.17
US-xML,-80.5248,37.3783,2019,3,23,9.01,-2.4,-3.44,3.23,24.56,0.01
US-xML,-80.5248,37.3783,2019,3,24,15.74,-1.04,1.41,1.91,20.72,0
US-xML,-80.5248,37.3783,2019,3,25,15.62,3.3,6.28,1.74,5.49,3.25
US-xML,-80.5248,37.3783,2019,3,26,12.36,-1.65,1.45,1.91,16.87,0.44
US-xML,-80.5248,37.3783,2019,3,27,12.32,-3.98,-2.79,1.83,24.45,0
US-xML,-80.5248,37.3783,2019,3,28,17.19,-2.85,3.17,1.86,23.01,0
US-xML,-80.5248,37.3783,2019,3,29,18.09,5.29,7.39,2.01,16.9,0.02
US-xML,-80.5248,37.3783,2019,3,30,19.23,7.65,9.65,2.51,17.69,0.14
US-xML,-80.5248,37.3783,2019,3,31,11.35,-4.12,-0.69,4.3,16.26,3.81
US-xML,-80.5248,37.3783,2019,4,1,9.45,-6,-6.61,1.83,24.99,0
US-xML,-80.5248,37.3783,2019,4,2,11.24,-3.89,-1.59,1.59,18.15,0
US-xML,-80.5248,37.3783,2019,4,3,15.53,-1.55,3.05,2.52,24.92,0
US-xML,-80.5248,37.3783,2019,4,4,18.28,7.15,5.74,1.77,21.02,0.06
US-xML,-80.5248,37.3783,2019,4,5,11.67,8.24,9.11,2.13,5.47,8.98
US-xML,-80.5248,37.3783,2019,4,6,20.72,7.22,9.81,0.93,17.22,0.07
US-xML,-80.5248,37.3783,2019,4,7,19.52,10.62,13.19,2.34,11.49,2.42
US-xML,-80.5248,37.3783,2019,4,8,21.09,13.41,14.77,1.68,7.96,11.73
US-xML,-80.5248,37.3783,2019,4,9,19.2,7.38,11.83,2.13,17.07,0.17
US-xML,-80.5248,37.3783,2019,4,10,19.36,4.21,5.73,1.7,25.7,0
US-xML,-80.5248,37.3783,2019,4,11,20.95,9.2,11.74,2.51,19.98,0
US-xML,-80.5248,37.3783,2019,4,12,21.09,13.71,15.23,2.61,8.45,8.33
US-xML,-80.5248,37.3783,2019,4,13,21.26,11.38,11.25,1.34,11.96,1.1
US-xML,-80.5248,37.3783,2019,4,14,20.62,11.6,15.42,3.62,5.34,20.78
US-xML,-80.5248,37.3783,2019,4,15,10.41,0.25,0.62,4.53,17.88,0.54
US-xML,-80.5248,37.3783,2019,4,16,20.47,-0.65,4.65,1.76,26.37,0
US-xML,-80.5248,37.3783,2019,4,17,20.68,7.63,11.36,1.62,21.5,0
US-xML,-80.5248,37.3783,2019,4,18,22.98,12.23,13,2.64,23.35,0.35
US-xML,-80.5248,37.3783,2019,4,19,19.93,12.48,15.74,4.28,5.23,33.65
US-xML,-80.5248,37.3783,2019,4,20,13.03,4.99,6.49,2.48,14.68,3.05
US-xML,-80.5248,37.3783,2019,4,21,15.79,3.12,3.27,1.77,17.22,0.06
US-xML,-80.5248,37.3783,2019,4,22,19.52,1.42,5.46,1.72,27.36,0
US-xML,-80.5248,37.3783,2019,4,23,22.88,6.97,10.64,1.98,26.28,0.04
US-xML,-80.5248,37.3783,2019,4,24,22.99,13.05,13.43,2.12,18.85,0.1
US-xML,-80.5248,37.3783,2019,4,25,23.87,14.41,13.39,1.62,16.93,1.31
US-xML,-80.5248,37.3783,2019,4,26,16.55,7.5,9.61,4.19,11,15.36
US-xML,-80.5248,37.3783,2019,4,27,17.17,4.63,5.48,2.9,27.97,0.41
US-xML,-80.5248,37.3783,2019,4,28,19.9,6.48,9.31,2.72,22.74,0.54
US-xML,-80.5248,37.3783,2019,4,29,20,5.61,9.12,2.42,20.96,0
US-xML,-80.5248,37.3783,2019,4,30,25.87,12.68,14.99,1.69,21.74,0
US-xML,-80.5248,37.3783,2019,5,1,26.03,13.46,16.12,1.83,25.33,0.1
US-xML,-80.5248,37.3783,2019,5,2,23.4,14.32,16.75,1.49,18.71,7.22
US-xML,-80.5248,37.3783,2019,5,3,25.35,14.29,15.77,1.42,22.21,7.97
US-xML,-80.5248,37.3783,2019,5,4,23.83,14.63,15.6,1.2,17.13,11.49
US-xML,-80.5248,37.3783,2019,5,5,19.89,11.96,13.63,1.85,13.02,7.4
US-xML,-80.5248,37.3783,2019,5,6,21.61,9.59,8.75,1.31,27.53,0.08
US-xML,-80.5248,37.3783,2019,5,7,22.84,9.53,12.8,1.37,22.86,0.73
US-xML,-80.5248,37.3783,2019,5,8,25.61,13.48,14.59,1.21,25.58,0.9
US-xML,-80.5248,37.3783,2019,5,9,23.27,15.77,15.65,2.45,19.21,0.42
US-xML,-80.5248,37.3783,2019,5,10,24.95,15.57,15.96,1.86,20.23,0.28
US-xML,-80.5248,37.3783,2019,5,11,21.24,14.45,16.67,1.53,7.9,9.61
US-xML,-80.5248,37.3783,2019,5,12,20.73,13.47,15.14,1.79,12.79,10.89
US-xML,-80.5248,37.3783,2019,5,13,16.15,7.19,9.06,2.44,18.24,5.98
US-xML,-80.5248,37.3783,2019,5,14,14.4,6.26,5.06,3,16.55,0.46
US-xML,-80.5248,37.3783,2019,5,15,18.68,3.43,6,1.58,26.74,0
US-xML,-80.5248,37.3783,2019,5,16,21.72,6.81,9.34,1.78,27.75,0.01
US-xML,-80.5248,37.3783,2019,5,17,24.25,10.97,15.52,2.08,22.13,3.53
US-xML,-80.5248,37.3783,2019,5,18,27.94,15.07,16.9,1.36,27.67,4.5
US-xML,-80.5248,37.3783,2019,5,19,26.47,15.78,17.83,1.94,24.45,2.91
US-xML,-80.5248,37.3783,2019,5,20,25.03,13.08,15.66,2.16,23.44,1.63
US-xML,-80.5248,37.3783,2019,5,21,23.89,10.54,11.38,1.39,26.11,0
US-xML,-80.5248,37.3783,2019,5,22,24.96,10,13.59,1.91,25.81,0
US-xML,-80.5248,37.3783,2019,5,23,25.58,16.36,18.24,1.89,21.14,1.65
US-xML,-80.5248,37.3783,2019,5,24,27.07,18.66,18.73,2.02,21.32,1.28
US-xML,-80.5248,37.3783,2019,5,25,27.4,17.7,19.31,1.46,22.35,1.36
US-xML,-80.5248,37.3783,2019,5,26,26.31,18.24,19.18,1.91,26.04,4.7
US-xML,-80.5248,37.3783,2019,5,27,25.59,17.01,17.48,1.85,23.8,0.79
US-xML,-80.5248,37.3783,2019,5,28,26.71,16.45,18.45,1.89,27.15,0.01
US-xML,-80.5248,37.3783,2019,5,29,24.01,17.76,19.38,1.84,16.86,8.02
US-xML,-80.5248,37.3783,2019,5,30,25.91,16.26,17.14,1.91,20.32,1.2
US-xML,-80.5248,37.3783,2019,5,31,24.72,15.32,16.2,1.37,20.47,7.38
US-xML,-80.5248,37.3783,2019,6,1,24.73,13.82,14.48,1.33,26.48,0.44
US-xML,-80.5248,37.3783,2019,6,2,24.6,12.92,15.05,1.8,22.93,1.24
US-xML,-80.5248,37.3783,2019,6,3,19.75,10.21,9.74,1.94,28.59,0.11
US-xML,-80.5248,37.3783,2019,6,4,23.38,10.84,10.4,1.14,27.91,0
US-xML,-80.5248,37.3783,2019,6,5,22.18,14.24,17.01,1.75,11,7.59
US-xML,-80.5248,37.3783,2019,6,6,26.35,17.94,18.02,1.55,21.12,1.02
US-xML,-80.5248,37.3783,2019,6,7,20.95,17.01,18.18,1.59,5.8,13.95
US-xML,-80.5248,37.3783,2019,6,8,18.65,16.31,16.67,2.8,8.03,16.14
US-xML,-80.5248,37.3783,2019,6,9,23.61,15.35,17.36,2.13,10.1,5.8
US-xML,-80.5248,37.3783,2019,6,10,22.51,15.78,18.53,1.42,11.12,15.73
US-xML,-80.5248,37.3783,2019,6,11,20.91,11.15,9.8,2.24,29.11,0.21
US-xML,-80.5248,37.3783,2019,6,12,21,10.76,10.71,2.1,25.3,1.27
US-xML,-80.5248,37.3783,2019,6,13,20.6,11.25,11.05,2.65,23.32,2.64
US-xML,-80.5248,37.3783,2019,6,14,20.34,8.65,6.7,2.32,32.11,0
US-xML,-80.5248,37.3783,2019,6,15,24.07,9.2,12.2,1.73,27.44,0.01
US-xML,-80.5248,37.3783,2019,6,16,26.88,14.04,16.99,2.05,21.96,2.22
US-xML,-80.5248,37.3783,2019,6,17,25.21,17.44,19.16,1.33,21.76,2.46
US-xML,-80.5248,37.3783,2019,6,18,24.48,18.51,19.16,1.02,11.32,19.49
US-xML,-80.5248,37.3783,2019,6,19,26.71,17.56,19.55,1.18,18.11,5.27
US-xML,-80.5248,37.3783,2019,6,20,24.65,17.36,18.18,2.41,16.56,2.03
US-xML,-80.5248,37.3783,2019,6,21,22.68,15.19,14.51,2.89,21.44,0.25
US-xML,-80.5248,37.3783,2019,6,22,25.18,13.94,15.27,1.26,14.46,1.39
US-xML,-80.5248,37.3783,2019,6,23,26.22,12.68,15.65,1.19,22.76,0.06
US-xML,-80.5248,37.3783,2019,6,24,28.18,17.35,19.9,1.59,25.83,12.5
US-xML,-80.5248,37.3783,2019,6,25,25.47,16.76,18.11,1.93,20.81,0.6
US-xML,-80.5248,37.3783,2019,6,26,26.99,15.45,17.17,1.51,29.17,0
US-xML,-80.5248,37.3783,2019,6,27,27.46,16.55,18.48,1,28.81,0.37
US-xML,-80.5248,37.3783,2019,6,28,30.06,19.24,18.38,0.72,25.73,0.19
US-xML,-80.5248,37.3783,2019,6,29,28.78,17,18.2,1.28,24.9,1.87
US-xML,-80.5248,37.3783,2019,6,30,25.94,18.75,19.52,1.81,23.6,1.16
US-xML,-80.5248,37.3783,2019,7,1,27.68,15.73,17.53,1.42,27.59,0.03
US-xML,-80.5248,37.3783,2019,7,2,29.17,17.51,19.33,1.41,25.47,0.7
US-xML,-80.5248,37.3783,2019,7,3,29.36,19.33,19.53,1.18,24.48,1.4
US-xML,-80.5248,37.3783,2019,7,4,27.89,19.53,20.2,1.03,20.98,8.37
US-xML,-80.5248,37.3783,2019,7,5,27.47,18.2,20.22,1.09,22.27,8.72
US-xML,-80.5248,37.3783,2019,7,6,29.23,18.91,20.44,1.06,25.21,2.16
US-xML,-80.5248,37.3783,2019,7,7,27.18,19.32,20.26,0.84,16.69,3.95
US-xML,-80.5248,37.3783,2019,7,8,29.01,18.49,19.4,1.43,24.81,0.76
US-xML,-80.5248,37.3783,2019,7,9,28.67,17.72,18.59,1.22,17.92,0.15
US-xML,-80.5248,37.3783,2019,7,10,29.1,17.93,19.68,1.22,21.55,2.1
US-xML,-80.5248,37.3783,2019,7,11,26.47,20.08,21.32,1.29,17.05,3.68
US-xML,-80.5248,37.3783,2019,7,12,29.6,19.08,19.15,1.69,26.05,0.17
US-xML,-80.5248,37.3783,2019,7,13,30.37,16.98,16.23,1.48,29.16,0
US-xML,-80.5248,37.3783,2019,7,14,31.33,17.37,16.21,1.53,29.05,0
US-xML,-80.5248,37.3783,2019,7,15,30.8,18.72,18.34,1.06,23.61,2.16
US-xML,-80.5248,37.3783,2019,7,16,29.08,19.62,18.78,1.18,19.88,0.01
US-xML,-80.5248,37.3783,2019,7,17,30.24,18.52,19.14,1.66,18.71,3.41
US-xML,-80.5248,37.3783,2019,7,18,29.65,20.28,20.77,1.41,19.31,3.03
US-xML,-80.5248,37.3783,2019,7,19,32.52,20.3,19.89,1.38,25.22,0.23
US-xML,-80.5248,37.3783,2019,7,20,33.82,20.94,19.92,1.44,26.2,0
US-xML,-80.5248,37.3783,2019,7,21,30.71,20.68,20.29,1.07,18.09,5.72
US-xML,-80.5248,37.3783,2019,7,22,25.03,19.89,20.58,1.57,11.08,20.19
US-xML,-80.5248,37.3783,2019,7,23,22.36,13.97,14.98,1.82,12.91,16.9
US-xML,-80.5248,37.3783,2019,7,24,24.23,11.75,11.32,1.62,27.36,0.1
US-xML,-80.5248,37.3783,2019,7,25,26.86,11.7,11.83,1.06,26.34,0
US-xML,-80.5248,37.3783,2019,7,26,27.3,14.72,12.49,1.23,25.59,0.01
US-xML,-80.5248,37.3783,2019,7,27,29.42,14.72,13.06,1.22,24.49,0.02
US-xML,-80.5248,37.3783,2019,7,28,30.12,15.75,15.26,1.34,25.91,0
US-xML,-80.5248,37.3783,2019,7,29,30.68,17.34,16.21,1.3,26,0.24
US-xML,-80.5248,37.3783,2019,7,30,30.57,17.35,16.86,1.19,20.83,2.36
US-xML,-80.5248,37.3783,2019,7,31,28.2,17.76,17.42,0.92,20.28,6.76
US-xML,-80.5248,37.3783,2019,8,1,29.62,17.49,17.43,0.68,20.94,4.09
US-xML,-80.5248,37.3783,2019,8,2,26.28,17.75,17.88,1.04,18.96,0.65
US-xML,-80.5248,37.3783,2019,8,3,31.3,16.33,14.96,0.65,25,0.14
US-xML,-80.5248,37.3783,2019,8,4,30.26,17.57,14.59,1.23,25.31,0.03
US-xML,-80.5248,37.3783,2019,8,5,28.32,17.22,16.16,1.05,20.89,1.57
US-xML,-80.5248,37.3783,2019,8,6,30.07,16,15.38,1.42,24,0.36
US-xML,-80.5248,37.3783,2019,8,7,27.47,15.91,16.39,1.21,22.19,2.67
US-xML,-80.5248,37.3783,2019,8,8,29.48,17.12,15.79,1.77,25.65,1.45
US-xML,-80.5248,37.3783,2019,8,9,29.99,17.71,17.12,1.96,20.01,2.05
US-xML,-80.5248,37.3783,2019,8,10,30.11,16.51,13.82,1.52,23.08,0.36
US-xML,-80.5248,37.3783,2019,8,11,31.49,13.99,9.56,0.94,27.48,0
US-xML,-80.5248,37.3783,2019,8,12,32.68,15.83,14.43,1.28,23.43,0.05
US-xML,-80.5248,37.3783,2019,8,13,29.02,20.13,19.89,1.51,16.65,6.03
US-xML,-80.5248,37.3783,2019,8,14,31.22,20.33,18.4,1.71,22.63,2.35
US-xML,-80.5248,37.3783,2019,8,15,30.74,17.79,16.85,0.93,22.67,0.89
US-xML,-80.5248,37.3783,2019,8,16,32.4,17.47,14.98,0.85,23.17,1.55
US-xML,-80.5248,37.3783,2019,8,17,34.29,18.35,15.08,1,24.31,0.31
US-xML,-80.5248,37.3783,2019,8,18,34.14,17.48,16.24,1.02,24.06,0.61
US-xML,-80.5248,37.3783,2019,8,19,31.38,18.53,17.68,1.13,20.77,0.86
US-xML,-80.5248,37.3783,2019,8,20,34.4,19.2,17.2,1.18,21.56,2.15
US-xML,-80.5248,37.3783,2019,8,21,32.66,18.27,17.62,1.67,23.48,0.91
US-xML,-80.5248,37.3783,2019,8,22,31.33,18.87,18.01,1.44,17.47,2.44
US-xML,-80.5248,37.3783,2019,8,23,25.59,17.23,18.33,1.59,13.65,8.78
US-xML,-80.5248,37.3783,2019,8,24,23.9,13.89,13.85,1.37,9.07,2.99
US-xML,-80.5248,37.3783,2019,8,25,25.31,11.39,9.84,1.77,18.5,0.01
US-xML,-80.5248,37.3783,2019,8,26,25.08,12.72,11.92,1.76,16.19,0.86
US-xML,-80.5248,37.3783,2019,8,27,25.57,14.87,16.16,1.53,10.1,3.16
US-xML,-80.5248,37.3783,2019,8,28,26.53,15.39,14.09,1.81,19.15,0.76
US-xML,-80.5248,37.3783,2019,8,29,27.46,10.68,8.74,1.71,26.18,0
US-xML,-80.5248,37.3783,2019,8,30,31.44,11.35,11.37,1.24,25.38,0
US-xML,-80.5248,37.3783,2019,8,31,32.87,17.15,14,1.32,22.25,0.15
US-xML,-80.5248,37.3783,2019,9,1,29.81,15.99,13.7,1.69,19.8,0.08
US-xML,-80.5248,37.3783,2019,9,2,30.79,14.43,14.2,1.37,20.28,0.2
US-xML,-80.5248,37.3783,2019,9,3,32.4,15.13,13.87,1.15,23.89,0.01
US-xML,-80.5248,37.3783,2019,9,4,34.09,16.31,14.82,1.53,22.97,0
US-xML,-80.5248,37.3783,2019,9,5,28.94,17.88,15.8,1.53,15.46,0
US-xML,-80.5248,37.3783,2019,9,6,29.1,14.47,10.93,2.02,22.88,0.02
US-xML,-80.5248,37.3783,2019,9,7,28.85,15.61,11.79,1.68,17.23,0.24
US-xML,-80.5248,37.3783,2019,9,8,31.51,14.62,10.31,1.05,22.87,0
US-xML,-80.5248,37.3783,2019,9,9,31.47,17.06,13.7,0.98,19.91,0
US-xML,-80.5248,37.3783,2019,9,10,35,16.51,15.9,1.07,18.6,0.08
US-xML,-80.5248,37.3783,2019,9,11,35.06,18.46,17.61,1.36,19.32,3.18
US-xML,-80.5248,37.3783,2019,9,12,33.12,19.22,17.05,1.61,19.44,0.12
US-xML,-80.5248,37.3783,2019,9,13,30.81,19.16,17.35,1.98,10.84,0.42
US-xML,-80.5248,37.3783,2019,9,14,30.78,18.13,16.99,1.26,14.02,0.66
US-xML,-80.5248,37.3783,2019,9,15,32.37,14.04,6.94,1.14,23.11,0
US-xML,-80.5248,37.3783,2019,9,16,33.25,15.06,11.67,1.69,21.12,0
US-xML,-80.5248,37.3783,2019,9,17,30.88,17.27,14.88,1.55,17.72,0.03
US-xML,-80.5248,37.3783,2019,9,18,26.28,14.34,12.9,1.5,11,0.08
US-xML,-80.5248,37.3783,2019,9,19,24.54,10.73,7.85,1.63,17.5,0
US-xML,-80.5248,37.3783,2019,9,20,29.33,8.52,10.1,0.94,17.72,0
US-xML,-80.5248,37.3783,2019,9,21,30.21,14.24,13.7,1.09,16.59,0.02
US-xML,-80.5248,37.3783,2019,9,22,32.26,16.96,13.54,1.26,18.09,0
US-xML,-80.5248,37.3783,2019,9,23,28.42,15.33,13.22,1.92,14.19,0.26
US-xML,-80.5248,37.3783,2019,9,24,26.11,13.92,9.08,1.83,21.8,0.02
US-xML,-80.5248,37.3783,2019,9,25,29.65,10.54,7.3,1.61,20.48,0
US-xML,-80.5248,37.3783,2019,9,26,29.34,14.9,11.94,1.9,14.74,0.18
US-xML,-80.5248,37.3783,2019,9,27,29.79,12.81,10.87,1.67,18.76,0.03
US-xML,-80.5248,37.3783,2019,9,28,32.71,16.83,16.15,1.52,15.38,1.81
US-xML,-80.5248,37.3783,2019,9,29,32.42,18.49,16.1,1.26,15.51,1.5
US-xML,-80.5248,37.3783,2019,9,30,31.71,17.44,16.86,0.97,13.32,1.74
US-xML,-80.5248,37.3783,2019,10,1,33.24,17.74,16.68,1.1,14.88,0.52
US-xML,-80.5248,37.3783,2019,10,2,32.02,18.34,16.13,1.87,16.62,0
US-xML,-80.5248,37.3783,2019,10,3,33.66,17.13,14.03,1.76,19.65,0
US-xML,-80.5248,37.3783,2019,10,4,27.45,12.39,7.98,2,19.63,0
US-xML,-80.5248,37.3783,2019,10,5,21.58,9.48,6.71,2.5,8.4,0.17
US-xML,-80.5248,37.3783,2019,10,6,21.05,10.69,12.72,1.71,6.28,2.45
US-xML,-80.5248,37.3783,2019,10,7,25.02,12.19,13.71,1.62,6.96,10.77
US-xML,-80.5248,37.3783,2019,10,8,15.38,10.63,11.35,1.53,4.03,14.14
US-xML,-80.5248,37.3783,2019,10,9,24.17,7.7,9.08,1.15,16.02,0.12
US-xML,-80.5248,37.3783,2019,10,10,24.42,9.2,8.73,1.12,16.84,0.08
US-xML,-80.5248,37.3783,2019,10,11,25.86,10.09,8.67,0.93,16.65,0
US-xML,-80.5248,37.3783,2019,10,12,19.18,8.13,9.33,1.77,7.09,0.44
US-xML,-80.5248,37.3783,2019,10,13,23.91,6.56,5.95,1.28,12.77,0.16
US-xML,-80.5248,37.3783,2019,10,14,21.75,4.21,-0.29,1.96,18.28,0
US-xML,-80.5248,37.3783,2019,10,15,23.63,7.99,1,1.68,17.87,0
US-xML,-80.5248,37.3783,2019,10,16,13.76,4.32,4.98,3.1,6.82,26.06
US-xML,-80.5248,37.3783,2019,10,17,12.31,3.51,1.04,3.63,16.7,0.53
US-xML,-80.5248,37.3783,2019,10,18,16.42,1.81,0.03,1.8,17.05,0
US-xML,-80.5248,37.3783,2019,10,19,14.74,1.37,1.46,1.84,11,9.92
US-xML,-80.5248,37.3783,2019,10,20,19.67,6.72,10.29,1.52,8.76,24.06
US-xML,-80.5248,37.3783,2019,10,21,21.16,9.46,12.01,1.83,8.05,0.6
US-xML,-80.5248,37.3783,2019,10,22,18.37,7.77,10.3,2.32,6.61,15.13
US-xML,-80.5248,37.3783,2019,10,23,14.95,4.68,1.52,1.81,17.2,0
US-xML,-80.5248,37.3783,2019,10,24,18.11,3.59,1.31,1.66,16.89,0
US-xML,-80.5248,37.3783,2019,10,25,18.77,5.12,4.29,1,9.12,0.06
US-xML,-80.5248,37.3783,2019,10,26,16.77,9.92,10.22,2.59,6.99,3.95
US-xML,-80.5248,37.3783,2019,10,27,20.23,6.99,11.68,2.61,12.74,10.22
US-xML,-80.5248,37.3783,2019,10,28,20.61,5,8.83,1.8,14.59,0
US-xML,-80.5248,37.3783,2019,10,29,21.23,8,11.17,1.31,9.84,0.04
US-xML,-80.5248,37.3783,2019,10,30,16.7,11.55,13.3,1.93,3.76,6.5
US-xML,-80.5248,37.3783,2019,10,31,22.42,0.15,12.98,3.93,3.47,16.42
US-xML,-80.5248,37.3783,2019,11,1,8.89,-1.36,-4.05,2.58,14.56,0.12
US-xML,-80.5248,37.3783,2019,11,2,11.68,-2.41,-3.2,1.87,15.37,0
US-xML,-80.5248,37.3783,2019,11,3,9.6,-0.63,-2.77,1.78,15.3,0.03
US-xML,-80.5248,37.3783,2019,11,4,13.46,-2.47,-0.34,1.9,13.66,0
US-xML,-80.5248,37.3783,2019,11,5,15.21,-0.64,3.46,1.87,11.53,0.01
US-xML,-80.5248,37.3783,2019,11,6,14.53,0.94,0.68,1.5,14.55,0.02
US-xML,-80.5248,37.3783,2019,11,7,13.78,1.95,4.85,2.02,6.14,4.07
US-xML,-80.5248,37.3783,2019,11,8,3.08,-5.51,-8.45,2.6,14.23,0.09
US-xML,-80.5248,37.3783,2019,11,9,8.36,-6.18,-6.48,1.62,12.95,0.01
US-xML,-80.5248,37.3783,2019,11,10,16.28,-3.04,1.15,1.86,13.48,0.09
US-xML,-80.5248,37.3783,2019,11,11,17.14,2.27,4.74,1.79,12.52,0.19
US-xML,-80.5248,37.3783,2019,11,12,9.16,-8.46,-7.19,4.05,5.81,1.57
US-xML,-80.5248,37.3783,2019,11,13,2.64,-8.67,-12.68,1.65,13.49,0
US-xML,-80.5248,37.3783,2019,11,14,7.54,-5.4,-7.6,1.31,10.26,0
US-xML,-80.5248,37.3783,2019,11,15,6.25,-3.22,-3.04,1.65,9.74,0.01
US-xML,-80.5248,37.3783,2019,11,16,7.89,-4.21,-4.63,1.83,13.24,0.01
US-xML,-80.5248,37.3783,2019,11,17,9.77,-4.19,-2.56,1.74,9.63,0
US-xML,-80.5248,37.3783,2019,11,18,11.13,-1.77,0.45,1.24,5.33,0.63
US-xML,-80.5248,37.3783,2019,11,19,9.46,-2.36,-0.65,1.7,5.59,0.01
US-xML,-80.5248,37.3783,2019,11,20,9.76,-1.92,0.72,2.24,5.26,0.01
US-xML,-80.5248,37.3783,2019,11,21,11.91,-1.46,2.15,1.58,7.42,0
US-xML,-80.5248,37.3783,2019,11,22,11.74,0.57,4.88,2.46,3.52,4.07
US-xML,-80.5248,37.3783,2019,11,23,5.98,-0.82,2.16,2.11,2.2,9.38
US-xML,-80.5248,37.3783,2019,11,24,6.41,-1.98,-2.24,3.56,11.24,0.2
US-xML,-80.5248,37.3783,2019,11,25,12.88,-2.53,-0.12,1.74,12.09,0.04
US-xML,-80.5248,37.3783,2019,11,26,14.06,-1.52,2.77,1.6,10.69,0
US-xML,-80.5248,37.3783,2019,11,27,18.83,3.45,4.5,3.92,7.75,7.97
US-xML,-80.5248,37.3783,2019,11,28,4.78,-0.6,-2.86,4.33,7.04,0.04
US-xML,-80.5248,37.3783,2019,11,29,10.03,-2.47,-1.23,1.22,7.62,0.03
US-xML,-80.5248,37.3783,2019,11,30,6.65,2.7,3.31,1.2,2.63,12.77
US-xML,-80.5248,37.3783,2019,12,1,14.16,1.4,3.93,2.52,5.51,18.11
US-xML,-80.5248,37.3783,2019,12,2,2.65,-0.96,-1.89,3.75,4.56,1.73
US-xML,-80.5248,37.3783,2019,12,3,2.3,-2.53,-3.74,2.78,5.46,0.13
US-xML,-80.5248,37.3783,2019,12,4,6.29,-4.3,-2.36,3.43,9.99,0.34
US-xML,-80.5248,37.3783,2019,12,5,6.63,-2.47,-3.35,3.14,11.46,0.33
US-xML,-80.5248,37.3783,2019,12,6,8.88,-2.13,0.92,1.9,3.32,0.9
US-xML,-80.5248,37.3783,2019,12,7,8.84,-4.51,-3.63,1.38,9.94,0.15
US-xML,-80.5248,37.3783,2019,12,8,6.71,-4.18,-4.49,2.07,9.67,0
US-xML,-80.5248,37.3783,2019,12,9,8.98,-0.44,4.42,2.65,2.87,6.18
US-xML,-80.5248,37.3783,2019,12,10,10.15,-2.53,4,2.89,2.1,8.5
US-xML,-80.5248,37.3783,2019,12,11,1.65,-6.66,-8.21,2.75,11.43,0.09
US-xML,-80.5248,37.3783,2019,12,12,3.71,-5.76,-6.14,1.91,10.67,0.04
US-xML,-80.5248,37.3783,2019,12,13,2.51,-4.38,-1.04,1.86,2.48,5.85
US-xML,-80.5248,37.3783,2019,12,14,4.17,0.07,1.26,2.72,3.79,8.5
US-xML,-80.5248,37.3783,2019,12,15,6.59,-1.31,-0.45,2.62,8.94,0.57
US-xML,-80.5248,37.3783,2019,12,16,11.61,1.65,7.6,2.37,1.87,2.78
US-xML,-80.5248,37.3783,2019,12,17,12.64,-4.27,4.23,3.67,2.91,5.79
US-xML,-80.5248,37.3783,2019,12,18,0.11,-6.65,-8.18,4.11,9.16,0.07
US-xML,-80.5248,37.3783,2019,12,19,3.79,-7.33,-9.52,2.19,10.45,0
US-xML,-80.5248,37.3783,2019,12,20,7.15,-5.4,-4.65,1.65,10.73,0
US-xML,-80.5248,37.3783,2019,12,21,6.49,-1.68,-1.57,1.39,6.93,0
US-xML,-80.5248,37.3783,2019,12,22,6.12,0.6,-1.6,1.38,6.09,0
US-xML,-80.5248,37.3783,2019,12,23,9.85,0.9,2.7,1.61,5.61,0.06
US-xML,-80.5248,37.3783,2019,12,24,14.73,-0.41,2.3,1.44,9.26,0.01
US-xML,-80.5248,37.3783,2019,12,25,15.17,-2.09,3.08,1.64,9.02,0
US-xML,-80.5248,37.3783,2019,12,26,17.58,2.22,5.7,1.79,10.37,0
US-xML,-80.5248,37.3783,2019,12,27,14.37,1.4,5.48,1.75,5.63,0
US-xML,-80.5248,37.3783,2019,12,28,16.53,3.08,7.56,1.58,9.53,0.07
US-xML,-80.5248,37.3783,2019,12,29,16.31,6.27,11.41,2.07,2.73,2.76
US-xML,-80.5248,37.3783,2019,12,30,15.03,2.9,6.37,3.15,10.36,1.57
US-xML,-80.5248,37.3783,2019,12,31,5.33,0.28,-1.57,3.66,7.99,0.01
US-xML,-80.5248,37.3783,2020,1,1,5.97,-1.72,-1.88,3.22,7.21,0
US-xML,-80.5248,37.3783,2020,1,2,9.82,-2.21,1.09,1.65,5.78,2.53
US-xML,-80.5248,37.3783,2020,1,3,12.48,4.22,7.65,1.5,2.95,8.32
US-xML,-80.5248,37.3783,2020,1,4,10.37,-0.77,4.24,3.31,4.14,3.86
US-xML,-80.5248,37.3783,2020,1,5,4.12,-3,-4.42,3.59,7.49,0.36
US-xML,-80.5248,37.3783,2020,1,6,5.81,-1.86,-3.87,2.87,11.49,0.09
US-xML,-80.5248,37.3783,2020,1,7,2.16,-3.07,-3.17,2.98,2.56,4.92
US-xML,-80.5248,37.3783,2020,1,8,3.66,-5.49,-4.06,4.1,10.94,0.06
US-xML,-80.5248,37.3783,2020,1,9,6.85,-5.22,-4.07,2.24,10.86,0.01
US-xML,-80.5248,37.3783,2020,1,10,11.68,-0.42,4.59,2.27,3.74,0.25
US-xML,-80.5248,37.3783,2020,1,11,18.38,9.01,13.16,4.35,3.63,14.63
US-xML,-80.5248,37.3783,2020,1,12,16.13,4.31,6.53,2.52,11.53,2.72
US-xML,-80.5248,37.3783,2020,1,13,13.37,3.55,6.2,1.39,4.5,0.19
US-xML,-80.5248,37.3783,2020,1,14,16.29,6.36,10.32,2.06,4.41,4.01
US-xML,-80.5248,37.3783,2020,1,15,11.9,3.96,6.97,1.61,6.38,0.27
US-xML,-80.5248,37.3783,2020,1,16,12.61,-3.9,-0.16,5.17,12.12,0.15
US-xML,-80.5248,37.3783,2020,1,17,2.29,-6.08,-8.41,2.55,8.74,0
US-xML,-80.5248,37.3783,2020,1,18,6.07,-2.52,-1.11,3.79,3.15,3.78
US-xML,-80.5248,37.3783,2020,1,19,6.28,-7.59,-6.9,5.2,7.66,0.15
US-xML,-80.5248,37.3783,2020,1,20,-2.07,-10.23,-11.6,3.19,11.91,0.06
US-xML,-80.5248,37.3783,2020,1,21,-0.22,-11.5,-10.94,1.9,12.8,0.01
US-xML,-80.5248,37.3783,2020,1,22,5.19,-10.44,-8.69,1.57,12.91,0
US-xML,-80.5248,37.3783,2020,1,23,2.93,-4.4,-5.64,1.53,7.46,0
US-xML,-80.5248,37.3783,2020,1,24,4.81,-1.34,1.04,2.83,3.33,23.61
US-xML,-80.5248,37.3783,2020,1,25,5.09,-3.61,-0.69,2.35,6.75,0.48
US-xML,-80.5248,37.3783,2020,1,26,2.89,-3.48,-3.31,2.92,5.34,0.31
US-xML,-80.5248,37.3783,2020,1,27,4.14,-1.15,0.42,2.2,5.03,0.25
US-xML,-80.5248,37.3783,2020,1,28,4.8,-3.63,-2.87,2.37,5.42,0.03
US-xML,-80.5248,37.3783,2020,1,29,4.11,-3.39,-3.92,1.22,8.62,0.01
US-xML,-80.5248,37.3783,2020,1,30,4.7,-2.14,-1.92,1.58,4.62,0.2
US-xML,-80.5248,37.3783,2020,1,31,3.01,-1.7,-0.89,1.36,4.3,0.47
US-xML,-80.5248,37.3783,2020,2,1,7.92,-1.49,0.36,1.68,5.71,0.72
US-xML,-80.5248,37.3783,2020,2,2,10.38,-1.07,0.94,5.06,13.87,0.27
US-xML,-80.5248,37.3783,2020,2,3,14.19,3.8,6.24,2.74,8.27,0
US-xML,-80.5248,37.3783,2020,2,4,15.55,7.88,9.08,2.98,3.95,3.88
US-xML,-80.5248,37.3783,2020,2,5,12.97,9.08,10.21,2.13,3.46,9.16
US-xML,-80.5248,37.3783,2020,2,6,15.95,8.74,12.34,3.01,2.36,55.66
US-xML,-80.5248,37.3783,2020,2,7,8.94,-4.38,-2.27,4.69,5.65,4.94
US-xML,-80.5248,37.3783,2020,2,8,3.52,-5.89,-4.7,2,10.52,0.38
US-xML,-80.5248,37.3783,2020,2,9,8.22,-3.49,-2.62,2.23,14.42,0.64
US-xML,-80.5248,37.3783,2020,2,10,9.33,0.01,4.3,2.41,2.91,6.58
US-xML,-80.5248,37.3783,2020,2,11,12.96,3.11,6.65,2.26,5.15,15.7
US-xML,-80.5248,37.3783,2020,2,12,10.04,-0.52,2.02,2.98,3.53,1.83
US-xML,-80.5248,37.3783,2020,2,13,11.94,0.45,5.66,4.07,3.95,11.3
US-xML,-80.5248,37.3783,2020,2,14,0.07,-7.2,-8.75,3.44,12.99,0.14
US-xML,-80.5248,37.3783,2020,2,15,5.18,-7.3,-7.11,1.99,14.56,0
US-xML,-80.5248,37.3783,2020,2,16,9.28,-1.92,-0.37,1.7,10.94,0.06
US-xML,-80.5248,37.3783,2020,2,17,11.22,-0.4,2.39,1.9,13.31,0
US-xML,-80.5248,37.3783,2020,2,18,11.86,2.27,6.05,2.45,6.27,4.54
US-xML,-80.5248,37.3783,2020,2,19,7.22,-3.84,-2.64,2.71,12.04,0.1
US-xML,-80.5248,37.3783,2020,2,20,2.01,-4.1,-4.17,1.62,5.1,0.23
US-xML,-80.5248,37.3783,2020,2,21,2.57,-7.73,-9.41,2.53,16.98,0
US-xML,-80.5248,37.3783,2020,2,22,8.37,-5.81,-6.86,2.02,18.35,0
US-xML,-80.5248,37.3783,2020,2,23,11.34,-3.47,-3.55,1.99,16.53,0
US-xML,-80.5248,37.3783,2020,2,24,7.3,-0.82,1.09,1.68,6.2,2.54
US-xML,-80.5248,37.3783,2020,2,25,15.37,1.98,6.25,1.98,10.01,5.67
US-xML,-80.5248,37.3783,2020,2,26,15.21,-0.18,5.13,2.6,12.46,6.89
US-xML,-80.5248,37.3783,2020,2,27,-0.52,-4.97,-7.43,5.28,14.38,0.48
US-xML,-80.5248,37.3783,2020,2,28,2.77,-3.72,-4.4,3.44,7.79,0.33
US-xML,-80.5248,37.3783,2020,2,29,-0.64,-5.52,-7.62,3.88,15.7,0.32
US-xML,-80.5248,37.3783,2020,3,1,10.19,-7.8,-4.93,2.06,18.19,0
US-xML,-80.5248,37.3783,2020,3,2,9.89,-1.13,3.98,2.57,6.3,1.63
US-xML,-80.5248,37.3783,2020,3,3,14.67,5.14,7.84,3.36,10.32,5.36
US-xML,-80.5248,37.3783,2020,3,4,13.11,0.81,0.84,2.44,18.15,0.01
US-xML,-80.5248,37.3783,2020,3,5,13.11,-0.68,0.27,2.01,10.84,0
US-xML,-80.5248,37.3783,2020,3,6,5.23,-1.3,-0.54,4.5,10.31,2.04
US-xML,-80.5248,37.3783,2020,3,7,5.31,-4.2,-5.2,3.53,15.22,0.18
US-xML,-80.5248,37.3783,2020,3,8,14.8,-3.14,-2.15,1.61,20.37,0
US-xML,-80.5248,37.3783,2020,3,9,17.21,-1.74,2.04,2.03,16.68,0
US-xML,-80.5248,37.3783,2020,3,10,16.52,7.08,9.13,3.08,7.6,3.14
US-xML,-80.5248,37.3783,2020,3,11,16.61,6.29,8.23,1.72,14.39,0.13
US-xML,-80.5248,37.3783,2020,3,12,17.69,6.18,8.88,2.09,16.99,1.27
US-xML,-80.5248,37.3783,2020,3,13,14.52,4.53,8.26,3.83,16.57,15.36
US-xML,-80.5248,37.3783,2020,3,14,12.33,1.94,1.53,1.55,9.83,4.53
US-xML,-80.5248,37.3783,2020,3,15,9.7,2.61,4.34,1.21,6.74,4.68
US-xML,-80.5248,37.3783,2020,3,16,8.65,1.14,2.7,2.16,7.3,0.37
US-xML,-80.5248,37.3783,2020,3,17,12.7,4.29,6.29,1.96,7.81,0.88
US-xML,-80.5248,37.3783,2020,3,18,15.66,2.44,6.86,2.54,7.39,6.77
US-xML,-80.5248,37.3783,2020,3,19,21.05,10.97,13.93,2.08,11.58,1.19
US-xML,-80.5248,37.3783,2020,3,20,22.18,12.77,14.62,2.67,7.82,9.35
US-xML,-80.5248,37.3783,2020,3,21,12.42,1.89,4.65,2.57,9.09,1.01
US-xML,-80.5248,37.3783,2020,3,22,11.17,-0.76,0.78,2.28,13.69,0.34
US-xML,-80.5248,37.3783,2020,3,23,11.09,2.15,5.13,2.14,7.34,6.85
US-xML,-80.5248,37.3783,2020,3,24,14.13,4.27,5.55,1.8,10.11,11.12
US-xML,-80.5248,37.3783,2020,3,25,12.95,4.23,5.62,2.26,10.58,8.51
US-xML,-80.5248,37.3783,2020,3,26,18.7,1.49,7.18,1.98,20.72,0.3
US-xML,-80.5248,37.3783,2020,3,27,23.1,10.25,14.06,1.69,15.76,0.29
US-xML,-80.5248,37.3783,2020,3,28,25.56,13.04,16.18,1.73,20.97,0.11
US-xML,-80.5248,37.3783,2020,3,29,23.82,11.83,12.88,3.08,17.93,1.19
US-xML,-80.5248,37.3783,2020,3,30,16.15,5.93,5.37,3.74,22.45,0
US-xML,-80.5248,37.3783,2020,3,31,8.43,2.71,3.52,1.18,4.17,14.33
US-xML,-80.5248,37.3783,2020,4,1,9.33,2.51,2.53,2.66,9.24,1.27
US-xML,-80.5248,37.3783,2020,4,2,11.59,0.87,0.99,3.22,23.04,0.02
US-xML,-80.5248,37.3783,2020,4,3,14.1,0.14,0.99,3.16,26.05,0
US-xML,-80.5248,37.3783,2020,4,4,17.33,0.53,3.13,2.24,25.3,0
US-xML,-80.5248,37.3783,2020,4,5,19.8,3.26,7.42,1.27,16.22,0.07
US-xML,-80.5248,37.3783,2020,4,6,18.29,6.92,10.27,2.12,17.73,0.51
US-xML,-80.5248,37.3783,2020,4,7,20.76,7.76,13.11,1.9,18,1.67
US-xML,-80.5248,37.3783,2020,4,8,20.12,13.3,14.73,2.63,12.64,10.02
US-xML,-80.5248,37.3783,2020,4,9,15.13,4.22,5.96,4.31,22.07,6.59
US-xML,-80.5248,37.3783,2020,4,10,6.67,-1.51,-2.62,4.37,20.43,0.44
US-xML,-80.5248,37.3783,2020,4,11,14.27,-3.4,-0.64,1.94,24,0.01
US-xML,-80.5248,37.3783,2020,4,12,18.01,5.36,8.94,3.26,9.23,27.62
US-xML,-80.5248,37.3783,2020,4,13,18.9,4.26,9.85,4.6,13.53,22.74
US-xML,-80.5248,37.3783,2020,4,14,13.77,-0.01,0.44,2.45,16.02,2.48
US-xML,-80.5248,37.3783,2020,4,15,9.23,-1.05,-3.6,2.33,27.72,0.87
US-xML,-80.5248,37.3783,2020,4,16,9.28,-1.77,-2.41,2.91,27.96,0.26
US-xML,-80.5248,37.3783,2020,4,17,17.1,-0.66,3.27,2.64,20.17,0.08
US-xML,-80.5248,37.3783,2020,4,18,10.7,0.17,1.58,3.25,17.52,6.7
US-xML,-80.5248,37.3783,2020,4,19,17.5,-2.64,2.88,1.8,20.06,0.01
US-xML,-80.5248,37.3783,2020,4,20,15.12,4.72,5.18,1.94,19.26,4.11
US-xML,-80.5248,37.3783,2020,4,21,15.43,3.32,4.13,4.08,18.54,0.65
US-xML,-80.5248,37.3783,2020,4,22,14.92,-1,0.04,2.46,26.45,0
US-xML,-80.5248,37.3783,2020,4,23,12.18,6.26,8.54,2.01,4.65,9.1
US-xML,-80.5248,37.3783,2020,4,24,17.27,7.6,10.9,2.64,13.26,7.56
US-xML,-80.5248,37.3783,2020,4,25,13.25,7.5,8.77,2.19,8.31,7.88
US-xML,-80.5248,37.3783,2020,4,26,14.44,5.95,7.7,3,12.91,7.8
US-xML,-80.5248,37.3783,2020,4,27,13.38,3.45,2.35,3.1,23.66,0.61
US-xML,-80.5248,37.3783,2020,4,28,19.16,3.23,6.78,2.03,12.24,0.1
US-xML,-80.5248,37.3783,2020,4,29,20.59,8.17,12.1,3.87,16.92,17.88
US-xML,-80.5248,37.3783,2020,4,30,16.41,5.98,7.35,2.17,10.27,16.99
US-xML,-80.5248,37.3783,2020,5,1,10.11,5.04,5.36,2.91,10.67,1.57
US-xML,-80.5248,37.3783,2020,5,2,21.39,4.96,8.86,1.67,26.1,0
US-xML,-80.5248,37.3783,2020,5,3,24.18,12.3,14.09,2.74,20.81,10.54
US-xML,-80.5248,37.3783,2020,5,4,19.11,8.12,8.56,2.68,29.64,0.31
US-xML,-80.5248,37.3783,2020,5,5,16.52,6.55,9.18,2.17,8.13,9.21
US-xML,-80.5248,37.3783,2020,5,6,10.65,2.68,3.75,3.2,12.07,0.85
US-xML,-80.5248,37.3783,2020,5,7,14.48,-0.49,1.11,2.42,29.36,0
US-xML,-80.5248,37.3783,2020,5,8,13.11,1.08,5.39,2.92,8.46,7.48
US-xML,-80.5248,37.3783,2020,5,9,8.26,-1.92,-3.52,3.11,30.69,0.18
US-xML,-80.5248,37.3783,2020,5,10,16.02,-0.98,0.8,2.17,28.95,0.61
US-xML,-80.5248,37.3783,2020,5,11,9.08,1.87,0.87,3.38,15.66,0.36
US-xML,-80.5248,37.3783,2020,5,12,12.46,0.89,1.16,2.15,24.04,0.04
US-xML,-80.5248,37.3783,2020,5,13,15.12,3.71,4.74,1.31,12.45,0.04
US-xML,-80.5248,37.3783,2020,5,14,22.98,7.96,12.63,1.59,17.86,1.6
US-xML,-80.5248,37.3783,2020,5,15,24.39,12.23,13.86,1.85,27.11,0.12
US-xML,-80.5248,37.3783,2020,5,16,25.85,12.5,15.66,1.28,22.73,0.87
US-xML,-80.5248,37.3783,2020,5,17,24.24,13.88,16.03,1.96,20.3,0.05
US-xML,-80.5248,37.3783,2020,5,18,22.38,15.22,15.85,2.19,18.25,10.02
US-xML,-80.5248,37.3783,2020,5,19,14.84,8.08,9.79,3.91,6.9,20.92
US-xML,-80.5248,37.3783,2020,5,20,10.04,4.46,6.29,3.42,6.89,39.4
US-xML,-80.5248,37.3783,2020,5,21,13.64,7.18,9.93,3.05,8.17,22.02
US-xML,-80.5248,37.3783,2020,5,22,23.38,10.19,13.37,1.22,18.09,3.66
US-xML,-80.5248,37.3783,2020,5,23,24.28,12.68,15.26,1.28,18.35,0.46
US-xML,-80.5248,37.3783,2020,5,24,26.61,15.91,17.47,1.02,21.29,4.44
US-xML,-80.5248,37.3783,2020,5,25,23.34,14.7,16.46,1.25,19.36,0.43
US-xML,-80.5248,37.3783,2020,5,26,23.6,13.52,15.38,1.47,16.26,0.08
US-xML,-80.5248,37.3783,2020,5,27,20.2,15.35,16.06,1.97,10.59,17.41
US-xML,-80.5248,37.3783,2020,5,28,26.31,15.95,18.16,1.51,22.9,8.81
US-xML,-80.5248,37.3783,2020,5,29,24.81,16.48,17.55,1.31,16.66,1.7
US-xML,-80.5248,37.3783,2020,5,30,22.99,13.16,14.42,1.85,28.45,0.27
US-xML,-80.5248,37.3783,2020,5,31,20.24,8.77,9.47,1.85,29.01,0.02
US-xML,-80.5248,37.3783,2020,6,1,21.3,5.07,5.81,0.96,31.61,0
US-xML,-80.5248,37.3783,2020,6,2,24.78,10.31,13.03,2.09,29.16,0.01
US-xML,-80.5248,37.3783,2020,6,3,26.21,17.15,17.47,2.34,29.68,0.01
US-xML,-80.5248,37.3783,2020,6,4,24.75,15.93,18.96,1.28,22.84,4.31
US-xML,-80.5248,37.3783,2020,6,5,25.44,17.8,19.04,1.27,14.96,14.91
US-xML,-80.5248,37.3783,2020,6,6,26.46,16.03,18.42,1.81,24.68,1.22
US-xML,-80.5248,37.3783,2020,6,7,24.92,12.95,15.15,1.41,30.58,0.41
US-xML,-80.5248,37.3783,2020,6,8,27.41,11.27,15.52,1.22,26.77,0
US-xML,-80.5248,37.3783,2020,6,9,28.27,17.95,20.21,1.43,24.31,0.72
US-xML,-80.5248,37.3783,2020,6,10,27.25,19.31,20.55,2.19,18.51,4.53
US-xML,-80.5248,37.3783,2020,6,11,25.04,13.76,16.66,1.95,20.96,3.88
US-xML,-80.5248,37.3783,2020,6,12,23.86,11.89,12.62,1.68,29.86,0
US-xML,-80.5248,37.3783,2020,6,13,23.89,10.69,11.47,1.15,23.28,0.22
US-xML,-80.5248,37.3783,2020,6,14,20.79,11.86,13.53,1.79,12.37,24.46
US-xML,-80.5248,37.3783,2020,6,15,16.85,10.32,10.67,1.97,9.97,5.77
US-xML,-80.5248,37.3783,2020,6,16,14.43,9.99,10.8,1.77,8.56,13.52
US-xML,-80.5248,37.3783,2020,6,17,19.4,10.87,14.14,1.44,7.16,32.48
US-xML,-80.5248,37.3783,2020,6,18,21.7,13.45,15.02,1.13,17.48,5.05
US-xML,-80.5248,37.3783,2020,6,19,22.93,14.62,16.31,1.08,16.5,9.1
US-xML,-80.5248,37.3783,2020,6,20,24.58,14.48,16.06,1.14,19.9,1.22
US-xML,-80.5248,37.3783,2020,6,21,29.06,14.53,16.89,1.08,23.15,2.08
US-xML,-80.5248,37.3783,2020,6,22,26.58,17.05,18.17,1.55,23.15,0.93
US-xML,-80.5248,37.3783,2020,6,23,24.87,16.61,18.36,1.53,17.5,4.11
US-xML,-80.5248,37.3783,2020,6,24,23.93,15.36,15.69,1.73,27.15,0.43
US-xML,-80.5248,37.3783,2020,6,25,24.95,13.75,15.39,1.58,23.82,0.41
US-xML,-80.5248,37.3783,2020,6,26,25.77,14.05,16.22,1.56,26.64,0
US-xML,-80.5248,37.3783,2020,6,27,26.44,15.68,17.92,1.91,23.16,0.98
US-xML,-80.5248,37.3783,2020,6,28,22.73,17.17,18.67,1.61,10.48,2.63
US-xML,-80.5248,37.3783,2020,6,29,26.87,16.54,18.6,1.55,23.31,0.96
US-xML,-80.5248,37.3783,2020,6,30,27.88,17.46,17.74,1.15,18.3,3.48
US-xML,-80.5248,37.3783,2020,7,1,27.03,17.32,17.89,1.26,27.05,0.6
US-xML,-80.5248,37.3783,2020,7,2,26.38,15.34,17.22,1.31,27.23,0.03
US-xML,-80.5248,37.3783,2020,7,3,28.21,15.63,17.67,1.16,27.42,0
US-xML,-80.5248,37.3783,2020,7,4,31.58,16.96,18.06,0.82,27.14,0.44
US-xML,-80.5248,37.3783,2020,7,5,29.48,19.92,19.44,0.85,24.02,1.01
US-xML,-80.5248,37.3783,2020,7,6,27.78,18.69,19.97,1.15,26.39,1.45
US-xML,-80.5248,37.3783,2020,7,7,27.74,18.32,19.31,1.28,26.66,0.4
US-xML,-80.5248,37.3783,2020,7,8,26.12,18.91,19.13,1.11,23.11,0.44
US-xML,-80.5248,37.3783,2020,7,9,28.45,18,17.8,0.9,27.7,0.1
US-xML,-80.5248,37.3783,2020,7,10,28.66,18.66,19.34,1.2,25.22,1.76
US-xML,-80.5248,37.3783,2020,7,11,25.88,17.22,17.9,2.19,26.4,0.9
US-xML,-80.5248,37.3783,2020,7,12,26.42,15.89,17.6,1.37,23.37,3.18
US-xML,-80.5248,37.3783,2020,7,13,26.63,16.64,16.62,1.21,27.26,0.37
US-xML,-80.5248,37.3783,2020,7,14,27.09,15.13,16.17,1.25,28.42,0
US-xML,-80.5248,37.3783,2020,7,15,29.07,15.57,18.11,1.37,25.77,0.21
US-xML,-80.5248,37.3783,2020,7,16,29.03,19.92,21.23,1.62,20.39,3.83
US-xML,-80.5248,37.3783,2020,7,17,28.73,20.25,21.03,1.18,23.24,1.19
US-xML,-80.5248,37.3783,2020,7,18,29.7,20.16,20.01,1.17,25.98,0.23
US-xML,-80.5248,37.3783,2020,7,19,30.23,19.68,19.98,1.45,26.7,0.53
US-xML,-80.5248,37.3783,2020,7,20,30.93,18.93,19.63,1.52,26.66,0.07
US-xML,-80.5248,37.3783,2020,7,21,30.2,20.1,20.48,1.03,23.72,2.05
US-xML,-80.5248,37.3783,2020,7,22,27.98,20.07,20.77,1.01,23.21,12.53
US-xML,-80.5248,37.3783,2020,7,23,26.32,19.36,20.08,1.07,14.04,8.25
US-xML,-80.5248,37.3783,2020,7,24,26.15,18.09,18.82,1.37,21.16,0.8
US-xML,-80.5248,37.3783,2020,7,25,30.81,17.49,17.95,1.11,25.32,0.03
US-xML,-80.5248,37.3783,2020,7,26,30.25,17.6,18.39,1.34,24.93,1
US-xML,-80.5248,37.3783,2020,7,27,29.39,18.85,19.89,1.46,21.84,2.5
US-xML,-80.5248,37.3783,2020,7,28,29.68,18.79,19.58,1.51,19.54,3.08
US-xML,-80.5248,37.3783,2020,7,29,30.04,18.56,19.2,0.98,23,0.29
US-xML,-80.5248,37.3783,2020,7,30,27.79,18.89,20.28,0.99,13.4,24.26
US-xML,-80.5248,37.3783,2020,7,31,27.42,19.59,21.34,1.38,16.25,6.07
US-xML,-80.5248,37.3783,2020,8,1,28.82,19.47,20.12,1.33,20.79,2.79
US-xML,-80.5248,37.3783,2020,8,2,27.61,17.97,18.06,1.81,22.72,1.67
US-xML,-80.5248,37.3783,2020,8,3,22.44,18.02,18.26,0.7,8.72,5.08
US-xML,-80.5248,37.3783,2020,8,4,26.85,17.11,17.32,1.7,22.99,2.01
US-xML,-80.5248,37.3783,2020,8,5,28.46,15.28,17.01,0.78,21.49,2.56
US-xML,-80.5248,37.3783,2020,8,6,28.5,17.26,18.62,0.85,16.09,4.04
US-xML,-80.5248,37.3783,2020,8,7,27.98,17.53,18.22,0.84,20.69,1.19
US-xML,-80.5248,37.3783,2020,8,8,29.04,15.78,16.99,0.79,23.86,0.54
US-xML,-80.5248,37.3783,2020,8,9,30.46,17.35,16.17,0.88,26.07,0.09
US-xML,-80.5248,37.3783,2020,8,10,30.62,17.51,15.15,0.99,26.07,0.25
US-xML,-80.5248,37.3783,2020,8,11,31.53,16.66,17.83,0.91,21.26,0.61
US-xML,-80.5248,37.3783,2020,8,12,29.77,18.53,19.2,0.86,16.19,6.92
US-xML,-80.5248,37.3783,2020,8,13,28.38,18.84,19.72,0.71,14.68,12.2
US-xML,-80.5248,37.3783,2020,8,14,27.23,17.97,19.6,1.32,14.58,7.71
US-xML,-80.5248,37.3783,2020,8,15,24.25,15.77,18.68,1.62,5.73,21.06
US-xML,-80.5248,37.3783,2020,8,16,25.96,14.72,15.89,0.97,15.47,0.69
US-xML,-80.5248,37.3783,2020,8,17,26.83,15.48,15.21,1.57,24,0.04
US-xML,-80.5248,37.3783,2020,8,18,27.22,13.44,14.57,1.17,23.12,4.78
US-xML,-80.5248,37.3783,2020,8,19,25.43,14.31,15.48,1.24,21.03,0.79
US-xML,-80.5248,37.3783,2020,8,20,22.73,15.52,16.58,1.39,20.31,0.71
US-xML,-80.5248,37.3783,2020,8,21,23.66,17.72,17.88,0.91,10.52,2.72
US-xML,-80.5248,37.3783,2020,8,22,28.82,17.27,17.65,0.82,17.7,4.88
US-xML,-80.5248,37.3783,2020,8,23,28.58,16.64,17.94,1.18,19.34,1.71
US-xML,-80.5248,37.3783,2020,8,24,28.45,17.9,18.63,1.25,19.66,0.86
US-xML,-80.5248,37.3783,2020,8,25,29.32,17.83,18.52,1.75,22.22,4.55
US-xML,-80.5248,37.3783,2020,8,26,30.04,17.63,17.84,1.44,22.51,0.51
US-xML,-80.5248,37.3783,2020,8,27,27.71,17.81,19.09,1.68,18.4,0.61
US-xML,-80.5248,37.3783,2020,8,28,27.04,18.92,20.05,1.25,15.09,4.43
US-xML,-80.5248,37.3783,2020,8,29,28.09,18.21,19.57,2.54,15.22,6.63
US-xML,-80.5248,37.3783,2020,8,30,27.13,14.54,13.06,1.25,23.39,0.03
US-xML,-80.5248,37.3783,2020,8,31,25.03,15.18,18.18,1.37,7.17,25.89
US-xML,-80.5248,37.3783,2020,9,1,27.45,17.5,19.62,1.25,10.7,4.98
US-xML,-80.5248,37.3783,2020,9,2,29.05,19.17,20.74,1.67,16.11,5.01
US-xML,-80.5248,37.3783,2020,9,3,29.27,19.74,20.39,2,15.91,3
US-xML,-80.5248,37.3783,2020,9,4,27.07,16.99,19.09,1.81,16.94,3.78
US-xML,-80.5248,37.3783,2020,9,5,23.94,13.29,11.11,1.45,24.84,0.03
US-xML,-80.5248,37.3783,2020,9,6,26.08,12.51,10,0.92,23.5,0
US-xML,-80.5248,37.3783,2020,9,7,28.59,11.9,12.81,1.07,22.88,0
US-xML,-80.5248,37.3783,2020,9,8,27.82,13.63,12.46,1.34,22.38,0
US-xML,-80.5248,37.3783,2020,9,9,26.12,16.58,17.72,1.52,14.86,1.15
US-xML,-80.5248,37.3783,2020,9,10,29.58,17.46,18.77,0.75,13.53,0.55
US-xML,-80.5248,37.3783,2020,9,11,28.08,18.22,18.48,1.33,16.83,0.32
US-xML,-80.5248,37.3783,2020,9,12,27.99,18.09,17.74,2.07,6.34,0.19
US-xML,-80.5248,37.3783,2020,9,13,28.57,16.89,17.86,1.46,13.24,1.56
US-xML,-80.5248,37.3783,2020,9,14,25.43,13.25,15.02,1.5,16.01,1.13
US-xML,-80.5248,37.3783,2020,9,15,23.16,10.01,9.15,1.32,13.24,0
US-xML,-80.5248,37.3783,2020,9,16,22.06,7.55,8.99,1.38,14.44,0
US-xML,-80.5248,37.3783,2020,9,17,18.81,12.07,14.53,1.2,4.08,15.46
US-xML,-80.5248,37.3783,2020,9,18,22.6,10.44,11.89,1.92,11.91,0.56
US-xML,-80.5248,37.3783,2020,9,19,19.53,4.85,4.44,1.39,18.29,0
US-xML,-80.5248,37.3783,2020,9,20,18.39,2.01,1,1.71,20.53,0
US-xML,-80.5248,37.3783,2020,9,21,18.7,2.25,2.91,1.7,22.81,0
US-xML,-80.5248,37.3783,2020,9,22,22.02,2.09,5.29,1.6,21.6,0
US-xML,-80.5248,37.3783,2020,9,23,24.95,6.36,6.93,1,16.37,0
US-xML,-80.5248,37.3783,2020,9,24,19.07,11.96,10.13,1.15,7.86,1.4
US-xML,-80.5248,37.3783,2020,9,25,18.73,11.99,13.58,1.44,3.2,15.64
US-xML,-80.5248,37.3783,2020,9,26,25.63,12.28,13.52,0.78,11.87,0.14
US-xML,-80.5248,37.3783,2020,9,27,24.26,12.29,14.02,1.14,12.34,0.06
US-xML,-80.5248,37.3783,2020,9,28,25.49,14.21,16.06,2.01,11.57,1.84
US-xML,-80.5248,37.3783,2020,9,29,17.52,9.1,11.33,1.75,2.37,22.21
US-xML,-80.5248,37.3783,2020,9,30,19.77,7.26,7.31,2.25,19.29,0.03
US-xML,-80.5248,37.3783,2020,10,1,18.93,7.82,8.2,1.83,12.53,0.06
US-xML,-80.5248,37.3783,2020,10,2,16.61,4.03,3.89,1.72,17.92,0
US-xML,-80.5248,37.3783,2020,10,3,17.95,3.04,3.47,1.43,18.19,0
US-xML,-80.5248,37.3783,2020,10,4,17.44,4.25,6.72,1.44,15.85,0.67
US-xML,-80.5248,37.3783,2020,10,5,18.16,5.92,4.9,1.37,18.56,0.48
US-xML,-80.5248,37.3783,2020,10,6,22.06,5.28,8.41,1.69,19.03,0.02
US-xML,-80.5248,37.3783,2020,10,7,24.06,8.79,9.53,2.55,18.93,0
US-xML,-80.5248,37.3783,2020,10,8,21.54,10.17,6.39,1.97,18.77,0
US-xML,-80.5248,37.3783,2020,10,9,18.26,6.97,6.9,1.42,12.21,0.01
US-xML,-80.5248,37.3783,2020,10,10,17.74,11.97,14.65,1.14,4.2,9.9
US-xML,-80.5248,37.3783,2020,10,11,19.2,14.51,15.03,2.13,2.77,17.68
US-xML,-80.5248,37.3783,2020,10,12,22.49,13.53,15.55,1.18,5.74,1.94
US-xML,-80.5248,37.3783,2020,10,13,18.77,6.33,8.13,2.15,16.04,0.53
US-xML,-80.5248,37.3783,2020,10,14,22.24,4.59,5.23,1.52,17.84,0
US-xML,-80.5248,37.3783,2020,10,15,23.32,7.29,11.72,1.96,16.66,0.08
US-xML,-80.5248,37.3783,2020,10,16,14.59,2.48,2.99,2.23,9.36,0.37
US-xML,-80.5248,37.3783,2020,10,17,15.23,-0.71,-2.61,1.31,17.94,0
US-xML,-80.5248,37.3783,2020,10,18,17.46,0.42,2.74,1.59,16.71,0
US-xML,-80.5248,37.3783,2020,10,19,22.39,5.32,7.61,1.36,13,0
US-xML,-80.5248,37.3783,2020,10,20,25.15,9.48,12.01,1.05,15.1,0
US-xML,-80.5248,37.3783,2020,10,21,25.48,9.87,12.32,1.47,16.5,0
US-xML,-80.5248,37.3783,2020,10,22,25.24,12.54,14.13,1.31,14.75,0
US-xML,-80.5248,37.3783,2020,10,23,24.42,12.52,13.96,1.26,13.23,0.23
US-xML,-80.5248,37.3783,2020,10,24,19.19,11.17,12.34,1.51,7.1,2.57
US-xML,-80.5248,37.3783,2020,10,25,14.34,7.82,8.81,1.63,4.12,5.84
US-xML,-80.5248,37.3783,2020,10,26,22.54,8.39,11.23,1.23,11.78,0.13
US-xML,-80.5248,37.3783,2020,10,27,22.32,10.53,12.01,1.23,5.59,0.02
US-xML,-80.5248,37.3783,2020,10,28,17.81,11.95,14.61,1.26,4.2,6.8
US-xML,-80.5248,37.3783,2020,10,29,23.45,11.34,17.17,2.21,4.96,37.25
US-xML,-80.5248,37.3783,2020,10,30,9.97,0.38,3.05,3.16,8.05,0.67
US-xML,-80.5248,37.3783,2020,10,31,12.4,-1.73,1.18,1.71,12.99,0.01
US-xML,-80.5248,37.3783,2020,11,1,15.71,-0.41,2.06,3.69,9.31,1.84
US-xML,-80.5248,37.3783,2020,11,2,6.07,-3.23,-7.83,3.56,15.53,0
US-xML,-80.5248,37.3783,2020,11,3,14.02,-1.62,-2.39,2.34,14.99,0
US-xML,-80.5248,37.3783,2020,11,4,17.99,4.17,2.76,1.55,13.2,0
US-xML,-80.5248,37.3783,2020,11,5,18.36,1.37,4.18,1.52,13.9,0
US-xML,-80.5248,37.3783,2020,11,6,20.31,5.78,6.01,1.39,13.04,0
US-xML,-80.5248,37.3783,2020,11,7,21.17,7.86,9.98,1.5,14.1,0
US-xML,-80.5248,37.3783,2020,11,8,21.37,9.3,11.59,1.44,13.16,0
US-xML,-80.5248,37.3783,2020,11,9,20.88,9.39,11.59,1.56,12.94,0.15
US-xML,-80.5248,37.3783,2020,11,10,21.23,12.12,13.97,1.98,10.23,0.6
US-xML,-80.5248,37.3783,2020,11,11,23.85,15.69,17.76,2.12,4.53,42.93
US-xML,-80.5248,37.3783,2020,11,12,18.11,9.69,11.18,1.43,3.37,18.37
US-xML,-80.5248,37.3783,2020,11,13,14.33,2.96,5.91,1.94,12.44,0.1
US-xML,-80.5248,37.3783,2020,11,14,13.3,1.9,3.4,1.5,11.02,0
US-xML,-80.5248,37.3783,2020,11,15,17.72,5.56,7.52,3.52,5.86,0.82
US-xML,-80.5248,37.3783,2020,11,16,9.9,-0.11,-2.38,3.05,13.64,0
US-xML,-80.5248,37.3783,2020,11,17,6.13,-2.21,-3.57,3.86,8.75,0.04
US-xML,-80.5248,37.3783,2020,11,18,6.77,-5.51,-6.36,2,12.92,0
US-xML,-80.5248,37.3783,2020,11,19,14.04,-3.57,-1.01,1.76,12.8,0
US-xML,-80.5248,37.3783,2020,11,20,16.86,-0.89,2.59,1.89,12.76,0
US-xML,-80.5248,37.3783,2020,11,21,18.02,3.73,8.29,1.35,7.99,0
US-xML,-80.5248,37.3783,2020,11,22,13.71,8.3,8.47,2.03,6.83,3.12
US-xML,-80.5248,37.3783,2020,11,23,8.96,-0.53,-0.22,2.98,10.15,2.26
US-xML,-80.5248,37.3783,2020,11,24,9.91,-1.76,-0.84,1.45,9.85,0
US-xML,-80.5248,37.3783,2020,11,25,11.72,1.45,5.52,2.68,5.2,0.15
US-xML,-80.5248,37.3783,2020,11,26,15.71,4.72,8.02,2.15,9.48,0.17
US-xML,-80.5248,37.3783,2020,11,27,14.7,3.31,5.06,1.51,6.81,0
US-xML,-80.5248,37.3783,2020,11,28,11.07,0.93,1.74,1.91,10.99,0
US-xML,-80.5248,37.3783,2020,11,29,12.17,-0.81,1.91,1.61,9.67,3.06
US-xML,-80.5248,37.3783,2020,11,30,7.37,-1.51,2.84,2.88,3.19,13.47
US-xML,-80.5248,37.3783,2020,12,1,-0.39,-4.57,-6.08,4.11,3.38,0.75
US-xML,-80.5248,37.3783,2020,12,2,4.15,-5.3,-6.29,3.41,11.48,0.37
US-xML,-80.5248,37.3783,2020,12,3,9.81,-4.89,-3.63,1.63,10.98,0.02
US-xML,-80.5248,37.3783,2020,12,4,7.46,-0.22,2.16,1.53,3.28,20.72
US-xML,-80.5248,37.3783,2020,12,5,5.47,-3.6,-0.56,3.29,3.72,1.15
US-xML,-80.5248,37.3783,2020,12,6,6.94,-3.93,-3.33,1.53,10.86,0.01
US-xML,-80.5248,37.3783,2020,12,7,3.57,-3.52,-4.06,2.37,3.24,1.55
US-xML,-80.5248,37.3783,2020,12,8,1.13,-5.66,-7.07,3.23,7.31,0.17
US-xML,-80.5248,37.3783,2020,12,9,7.31,-4.35,-1.94,2.76,8.9,0
US-xML,-80.5248,37.3783,2020,12,10,11.72,-0.4,1.84,1.51,10.08,0
US-xML,-80.5248,37.3783,2020,12,11,15.25,-0.25,4.26,1.64,10.85,0
US-xML,-80.5248,37.3783,2020,12,12,15.08,3.69,6.06,2.03,8.06,0.35
US-xML,-80.5248,37.3783,2020,12,13,12.6,0.58,5.11,1.67,9.12,0.17
US-xML,-80.5248,37.3783,2020,12,14,2.44,-6.39,-0.93,2.96,2.14,24.34
US-xML,-80.5248,37.3783,2020,12,15,2.87,-8.02,-6.44,1.82,10.73,0.01
US-xML,-80.5248,37.3783,2020,12,16,-0.56,-5.37,-3.39,2.18,1.33,9.18
US-xML,-80.5248,37.3783,2020,12,17,1.13,-5.37,-2.36,2.1,3.18,0.47
US-xML,-80.5248,37.3783,2020,12,18,0.27,-6.14,-5.24,2,2.97,0.06
US-xML,-80.5248,37.3783,2020,12,19,3.07,-5.72,-3.52,1.35,6.8,0.03
US-xML,-80.5248,37.3783,2020,12,20,7.23,-2.3,0.47,1.61,6.54,1.55
US-xML,-80.5248,37.3783,2020,12,21,7.76,0.63,1.41,2.54,9.87,0.96
US-xML,-80.5248,37.3783,2020,12,22,5.04,-2.91,-2.04,3.44,8.35,0.52
US-xML,-80.5248,37.3783,2020,12,23,6.79,-3.61,-1.25,2.72,9.71,0.21
US-xML,-80.5248,37.3783,2020,12,24,10.97,-3.69,5.7,3.51,1.24,18.23
US-xML,-80.5248,37.3783,2020,12,25,-4.31,-9.66,-12.76,4.24,6.06,0.18
US-xML,-80.5248,37.3783,2020,12,26,-0.02,-12.41,-10.75,2.73,8.14,0
US-xML,-80.5248,37.3783,2020,12,27,6.7,-8.03,-3.48,2.05,10.51,0
US-xML,-80.5248,37.3783,2020,12,28,6.4,-1.21,1.22,2.15,4.7,0.72
US-xML,-80.5248,37.3783,2020,12,29,4.09,-3.76,-5.29,2.21,10.87,0
US-xML,-80.5248,37.3783,2020,12,30,7.42,-3.61,-1.07,2.82,7.91,0.03
US-xML,-80.5248,37.3783,2020,12,31,8.54,0.53,3.94,1.59,5.17,1.05
US-xML,-80.5248,37.3783,2021,1,1,2.23,-0.1,0.26,2.99,1.73,11.58
US-xML,-80.5248,37.3783,2021,1,2,9.86,3.39,4.96,2.68,6.95,1.6
US-xML,-80.5248,37.3783,2021,1,3,6.81,0.09,2.75,2.07,3.89,2.93
US-xML,-80.5248,37.3783,2021,1,4,4.77,-3.25,-2.09,1.91,6.64,0.47
US-xML,-80.5248,37.3783,2021,1,5,4.6,-1.95,-0.56,2.37,4.75,0.35
US-xML,-80.5248,37.3783,2021,1,6,3.63,-4.18,-2.95,2.56,5.17,0.08
US-xML,-80.5248,37.3783,2021,1,7,3.73,-4.14,-3.21,1.11,8.05,0.01
US-xML,-80.5248,37.3783,2021,1,8,1.03,-3.01,-2.25,1.78,3.6,1.5
US-xML,-80.5248,37.3783,2021,1,9,2.62,-5.11,-5.94,3.01,7.92,0.05
US-xML,-80.5248,37.3783,2021,1,10,5.78,-5.1,-5.27,1.41,11.6,0
US-xML,-80.5248,37.3783,2021,1,11,2.53,-2.89,-1.86,1.33,3.47,0.67
US-xML,-80.5248,37.3783,2021,1,12,5.09,-3.75,-3.58,2.2,11.49,0.03
US-xML,-80.5248,37.3783,2021,1,13,7.04,-6.31,-4.8,2.05,12.33,0
US-xML,-80.5248,37.3783,2021,1,14,6.77,-4.67,-2.86,1.81,11.32,0
US-xML,-80.5248,37.3783,2021,1,15,4.19,-2.63,-0.8,1.6,2.77,1.23
US-xML,-80.5248,37.3783,2021,1,16,0.56,-3.69,-3.98,2.72,5.87,0.89
US-xML,-80.5248,37.3783,2021,1,17,3.04,-3.65,-3.01,2.57,4.38,0.51
US-xML,-80.5248,37.3783,2021,1,18,0.7,-3.62,-4.24,2.97,5.29,0.28
US-xML,-80.5248,37.3783,2021,1,19,4.71,-5.11,-1.57,2.18,8.13,0.53
US-xML,-80.5248,37.3783,2021,1,20,2.09,-5.34,-4.62,3.76,11.7,0.38
US-xML,-80.5248,37.3783,2021,1,21,5.66,-3.92,-1.81,2.97,6.61,0.19
US-xML,-80.5248,37.3783,2021,1,22,5.23,-3.93,-2.94,3.67,11.19,0.02
US-xML,-80.5248,37.3783,2021,1,23,0.65,-8.31,-9.66,3.12,13.59,0
US-xML,-80.5248,37.3783,2021,1,24,6.68,-8.28,-5.28,1.66,5.72,1.5
US-xML,-80.5248,37.3783,2021,1,25,4.54,0.47,2.77,1.98,2.16,27.45
US-xML,-80.5248,37.3783,2021,1,26,14.13,1.89,5.14,2.85,8.73,14.54
US-xML,-80.5248,37.3783,2021,1,27,6.19,-1.93,-1.54,2.27,9.91,4.24
US-xML,-80.5248,37.3783,2021,1,28,-2.1,-8.03,-8.74,4.92,8.28,1.04
US-xML,-80.5248,37.3783,2021,1,29,-1.46,-10.1,-10.74,3.22,13.03,0.01
US-xML,-80.5248,37.3783,2021,1,30,2.61,-9.9,-7.29,1.7,9.78,0.98
US-xML,-80.5248,37.3783,2021,1,31,0.75,-3.45,-2.18,2.39,2.02,6.99
US-xML,-80.5248,37.3783,2021,2,1,0.81,-4.44,-3.08,3.04,3.88,1.28
US-xML,-80.5248,37.3783,2021,2,2,-3.71,-6.79,-6.96,5.63,2.98,0.49
US-xML,-80.5248,37.3783,2021,2,3,-0.62,-7.78,-7.93,5.27,13.1,0.01
US-xML,-80.5248,37.3783,2021,2,4,5.28,-9.92,-5.96,2.28,10.21,0.2
US-xML,-80.5248,37.3783,2021,2,5,3.53,-3.22,-2.94,3.23,12.16,1.91
US-xML,-80.5248,37.3783,2021,2,6,4.86,-2.63,-3.05,2.41,6.94,0.19
US-xML,-80.5248,37.3783,2021,2,7,0.36,-8.5,-4.57,2.55,6.07,3.68
US-xML,-80.5248,37.3783,2021,2,8,6.71,-9.25,-5,1.92,14.48,0.01
US-xML,-80.5248,37.3783,2021,2,9,8.44,-1.36,1.32,1.79,7.53,0.65
US-xML,-80.5248,37.3783,2021,2,10,5.75,-2.14,1.23,2.25,3.07,2.07
US-xML,-80.5248,37.3783,2021,2,11,3.13,-2.49,0.4,2.01,2.87,10.25
US-xML,-80.5248,37.3783,2021,2,12,-0.06,-3.42,-3.52,2.11,5.26,3.38
US-xML,-80.5248,37.3783,2021,2,13,0.34,-2.52,-2.16,1.81,4.15,7.23
US-xML,-80.5248,37.3783,2021,2,14,2.98,-2.77,-0.84,1.25,4.61,1.12
US-xML,-80.5248,37.3783,2021,2,15,1.77,-1.56,-0.66,2.76,3.25,8.62
US-xML,-80.5248,37.3783,2021,2,16,0.12,-9.55,-5.98,3.62,5.77,0.72
US-xML,-80.5248,37.3783,2021,2,17,2.34,-10.07,-7.62,1.92,14.61,0.03
US-xML,-80.5248,37.3783,2021,2,18,0.41,-4.96,-2.83,1.56,3.71,15.55
US-xML,-80.5248,37.3783,2021,2,19,-0.59,-7.21,-4.46,2.93,5.56,0.44
US-xML,-80.5248,37.3783,2021,2,20,-4.83,-11.98,-9.72,3.47,13.36,0.07
US-xML,-80.5248,37.3783,2021,2,21,1.01,-13.47,-6.98,1.92,15.48,0.16
US-xML,-80.5248,37.3783,2021,2,22,2.73,-4.93,-0.96,3.11,7.89,5.15
US-xML,-80.5248,37.3783,2021,2,23,9,-2.16,0.09,3.51,17.83,0
US-xML,-80.5248,37.3783,2021,2,24,14.95,-2.17,3.25,2.7,18,0.14
US-xML,-80.5248,37.3783,2021,2,25,10.52,-2.1,-0.62,2.56,18.58,0.16
US-xML,-80.5248,37.3783,2021,2,26,4.55,-2.33,-0.72,2.72,5.04,4.9
US-xML,-80.5248,37.3783,2021,2,27,13.03,-0.6,6.24,2.15,6.25,14.37
US-xML,-80.5248,37.3783,2021,2,28,18.96,5.87,11.21,2.87,4.95,14.9
US-xML,-80.5248,37.3783,2021,3,1,11.01,-1.55,3.43,3.65,6.82,16.17
US-xML,-80.5248,37.3783,2021,3,2,8.74,-6.12,-7.55,1.96,16.8,0
US-xML,-80.5248,37.3783,2021,3,3,11.03,-4.56,-2.52,2.32,20.47,0
US-xML,-80.5248,37.3783,2021,3,4,9.2,-2.86,-0.26,3.6,19.94,0.01
US-xML,-80.5248,37.3783,2021,3,5,3.72,-6.97,-7.62,3.44,21.05,0
US-xML,-80.5248,37.3783,2021,3,6,5.59,-5.25,-5.77,2.82,20.55,0
US-xML,-80.5248,37.3783,2021,3,7,6.07,-5.63,-6.2,2.08,19.29,0
US-xML,-80.5248,37.3783,2021,3,8,12.03,-4.66,-4.48,2.08,20.97,0
US-xML,-80.5248,37.3783,2021,3,9,14.26,-1.43,0.83,1.98,16.89,0
US-xML,-80.5248,37.3783,2021,3,10,18.38,4.09,3.19,1.77,18.56,0
US-xML,-80.5248,37.3783,2021,3,11,18.01,4.15,7.12,2.34,15.63,0
US-xML,-80.5248,37.3783,2021,3,12,14.66,6.33,8.72,2.43,7.44,0.76
US-xML,-80.5248,37.3783,2021,3,13,13.34,1.28,1.36,1.78,11.33,0
US-xML,-80.5248,37.3783,2021,3,14,10.46,-2.04,-0.63,2.44,13.19,0
US-xML,-80.5248,37.3783,2021,3,15,10.96,-2.85,-1.94,2.34,8.51,0.56
US-xML,-80.5248,37.3783,2021,3,16,15.46,0.37,4.61,2.01,17.57,1.42
US-xML,-80.5248,37.3783,2021,3,17,18.56,6.59,8.42,1.6,15.8,0.3
US-xML,-80.5248,37.3783,2021,3,18,15.52,7.12,9.79,2.59,4.93,25.14
US-xML,-80.5248,37.3783,2021,3,19,10.92,-0.76,-0.54,2.71,21.71,1.97
US-xML,-80.5248,37.3783,2021,3,20,11.49,-4.97,-3.71,2.06,22.83,0
US-xML,-80.5248,37.3783,2021,3,21,13.74,-4.27,-1.97,2.24,23.33,0
US-xML,-80.5248,37.3783,2021,3,22,15.45,-2.46,-0.24,2.01,21.21,0
US-xML,-80.5248,37.3783,2021,3,23,14.54,0.62,7.34,2.48,8.57,1.05
US-xML,-80.5248,37.3783,2021,3,24,18.63,8.25,11.02,1.74,13.05,0.35
US-xML,-80.5248,37.3783,2021,3,25,16.98,9.33,12.72,2.23,6.12,10.86
US-xML,-80.5248,37.3783,2021,3,26,18.85,7.8,10.89,3.26,22.88,1.7
US-xML,-80.5248,37.3783,2021,3,27,17.73,6.55,9.81,1.81,10.98,19.17
US-xML,-80.5248,37.3783,2021,3,28,18.83,2.16,9.13,4.07,5.5,9.14
US-xML,-80.5248,37.3783,2021,3,29,14.07,-0.98,-1.48,2.54,25.31,0.38
US-xML,-80.5248,37.3783,2021,3,30,18.01,0.39,4.57,2.4,24.55,0
US-xML,-80.5248,37.3783,2021,3,31,16.85,2.84,10.06,2.75,6.53,13.08
US-xML,-80.5248,37.3783,2021,4,1,3.3,-4.59,-5.55,4.55,16.16,0.61
US-xML,-80.5248,37.3783,2021,4,2,3.74,-6.61,-8.67,3.47,26.12,0.04
US-xML,-80.5248,37.3783,2021,4,3,12.86,-5.37,-4.6,1.62,25.67,0
US-xML,-80.5248,37.3783,2021,4,4,17.36,-0.02,3.5,2.62,24.15,0
US-xML,-80.5248,37.3783,2021,4,5,20.76,2.85,6.86,1.74,24.63,0
US-xML,-80.5248,37.3783,2021,4,6,21.7,5.88,8.91,2.13,24.13,0
US-xML,-80.5248,37.3783,2021,4,7,23.98,8.12,11.64,1.5,20.35,0
US-xML,-80.5248,37.3783,2021,4,8,21.77,11.44,13.2,2.49,16.43,1.27
US-xML,-80.5248,37.3783,2021,4,9,23.05,10.59,12.52,1.75,18.55,0.79
US-xML,-80.5248,37.3783,2021,4,10,21.29,12.5,13.77,2.91,10.97,24.21
US-xML,-80.5248,37.3783,2021,4,11,18.36,8.63,9.29,2.37,20.25,0.41
US-xML,-80.5248,37.3783,2021,4,12,16.61,5.16,7.05,2.75,17.17,0.06
US-xML,-80.5248,37.3783,2021,4,13,19.67,5.31,7.27,1.92,20.47,0
US-xML,-80.5248,37.3783,2021,4,14,19.38,8.63,10.21,1.66,13.86,5.77
US-xML,-80.5248,37.3783,2021,4,15,12.64,3.35,3.42,3.18,16.38,0.19
US-xML,-80.5248,37.3783,2021,4,16,13.52,1.46,1.69,2.8,25.58,0
US-xML,-80.5248,37.3783,2021,4,17,14.34,1.91,3.7,1.46,15.37,0
US-xML,-80.5248,37.3783,2021,4,18,15.37,3.63,4.85,1.72,16.8,0.25
US-xML,-80.5248,37.3783,2021,4,19,15.73,4.5,3.97,1.92,18.53,0.92
US-xML,-80.5248,37.3783,2021,4,20,19.33,2.65,6.87,2.31,24.58,0.09
US-xML,-80.5248,37.3783,2021,4,21,10.21,-1.52,0.36,3.72,13.53,0.62
US-xML,-80.5248,37.3783,2021,4,22,8,-3.2,-3.16,3.11,19.3,0.05
US-xML,-80.5248,37.3783,2021,4,23,13.17,-4,-0.51,1.6,18.5,0.01
US-xML,-80.5248,37.3783,2021,4,24,10.09,3.82,4.46,1.77,5.86,13.96
US-xML,-80.5248,37.3783,2021,4,25,13.38,5.42,6.26,2.81,13.08,1.13
US-xML,-80.5248,37.3783,2021,4,26,22.05,3.71,5.37,1.44,28.43,0.01
US-xML,-80.5248,37.3783,2021,4,27,25.53,8.24,12.81,1.99,27.97,0
US-xML,-80.5248,37.3783,2021,4,28,24.9,12.95,15.72,1.89,20.64,1.68
US-xML,-80.5248,37.3783,2021,4,29,23.86,14.39,15.33,2.67,13.14,4.43
US-xML,-80.5248,37.3783,2021,4,30,17.28,6.91,6.59,4.47,27.16,0.4
US-xML,-80.5248,37.3783,2021,5,1,18.6,0.37,0.74,1.87,30.54,0
US-xML,-80.5248,37.3783,2021,5,2,22.22,6.81,8.57,1.72,24.46,0.14
US-xML,-80.5248,37.3783,2021,5,3,22.33,13.62,15.93,2.43,11.03,4.94
US-xML,-80.5248,37.3783,2021,5,4,23.38,16.47,17.11,2,15.45,2.09
US-xML,-80.5248,37.3783,2021,5,5,18.94,7.5,12.38,2.69,14.32,4.19
US-xML,-80.5248,37.3783,2021,5,6,16.73,4.01,2.58,1.62,27.64,0.01
US-xML,-80.5248,37.3783,2021,5,7,11.73,3.68,2.9,2.51,16.34,2.88
US-xML,-80.5248,37.3783,2021,5,8,14.31,4.95,1.97,2.67,29.28,1.16
US-xML,-80.5248,37.3783,2021,5,9,20.59,4.97,7.87,2.92,18.9,2.47
US-xML,-80.5248,37.3783,2021,5,10,15.72,6.32,7.38,2.17,18.6,1.06
US-xML,-80.5248,37.3783,2021,5,11,17.69,4.65,4.68,1.7,25.97,0.01
US-xML,-80.5248,37.3783,2021,5,12,15.61,4.36,1.32,1.72,19.37,0.06
US-xML,-80.5248,37.3783,2021,5,13,17.27,4.02,3.63,1.33,23.08,0.01
US-xML,-80.5248,37.3783,2021,5,14,17.94,4.95,3.19,1.25,18.73,0.08
US-xML,-80.5248,37.3783,2021,5,15,20.15,7.4,3.64,0.91,26.7,0
US-xML,-80.5248,37.3783,2021,5,16,17.3,9.56,9.69,1.41,9.73,0.3
US-xML,-80.5248,37.3783,2021,5,17,15.31,10.43,11.26,1.52,7.02,3.73
US-xML,-80.5248,37.3783,2021,5,18,21.99,10.24,12.36,1.11,18.02,0.47
US-xML,-80.5248,37.3783,2021,5,19,23.67,10.88,12.73,1.44,27.94,0.07
US-xML,-80.5248,37.3783,2021,5,20,24.77,11.08,12.04,1.66,30.17,0
US-xML,-80.5248,37.3783,2021,5,21,25.79,11.88,13.26,1.51,28.75,0
US-xML,-80.5248,37.3783,2021,5,22,25.11,11.93,14.49,1.67,21.5,0
US-xML,-80.5248,37.3783,2021,5,23,26.17,14.2,14.62,2,24.89,0.01
US-xML,-80.5248,37.3783,2021,5,24,24.4,16.02,17.48,1.18,18.96,0.59
US-xML,-80.5248,37.3783,2021,5,25,26.92,16.54,18.17,1.36,18.93,2.5
US-xML,-80.5248,37.3783,2021,5,26,27.41,16.07,17.13,1.77,23.7,1.19
US-xML,-80.5248,37.3783,2021,5,27,25.5,15.87,15.46,1.27,25.65,0.42
US-xML,-80.5248,37.3783,2021,5,28,24.42,16.34,16.96,1.79,13.85,9.44
US-xML,-80.5248,37.3783,2021,5,29,19.84,9.34,11.16,2.12,10.59,3.74
US-xML,-80.5248,37.3783,2021,5,30,13.15,7.63,8.25,1.43,12.86,2.05
US-xML,-80.5248,37.3783,2021,5,31,22.77,7.21,8.65,0.85,27.52,0.06
US-xML,-80.5248,37.3783,2021,6,1,23.93,9.27,12.74,1.23,21.37,0
US-xML,-80.5248,37.3783,2021,6,2,21.93,13.45,14.22,1.47,16.11,0.17
US-xML,-80.5248,37.3783,2021,6,3,24.65,15.35,15.6,1.39,13.53,3.17
US-xML,-80.5248,37.3783,2021,6,4,25.32,15.84,14.85,1.89,25.23,0.53
US-xML,-80.5248,37.3783,2021,6,5,28.99,14.61,14.53,1.34,29.14,0
US-xML,-80.5248,37.3783,2021,6,6,28.27,16.95,17.93,0.98,21.35,2.29
US-xML,-80.5248,37.3783,2021,6,7,27.72,17.67,18.65,1.22,19.35,8.96
US-xML,-80.5248,37.3783,2021,6,8,28.13,18.24,19.37,1.22,21.96,7.69
US-xML,-80.5248,37.3783,2021,6,9,30.2,17.71,18.1,0.75,13.76,5.92
US-xML,-80.5248,37.3783,2021,6,10,27.8,17.86,19.08,0.88,17.47,8.15
US-xML,-80.5248,37.3783,2021,6,11,24.95,18.29,19.34,1.21,16.11,9.06
US-xML,-80.5248,37.3783,2021,6,12,24.93,17.73,18.72,1.06,17.1,6.26
US-xML,-80.5248,37.3783,2021,6,13,28.91,16.25,18.45,0.78,24.54,5.57
US-xML,-80.5248,37.3783,2021,6,14,27.26,18.57,17.73,1.53,28.56,5.57
US-xML,-80.5248,37.3783,2021,6,15,23.09,14.25,13.75,2.04,25.56,1.97
US-xML,-80.5248,37.3783,2021,6,16,21.91,12.14,8.2,2.02,31.49,0.04
US-xML,-80.5248,37.3783,2021,6,17,23.93,10.11,7.44,1.64,31.96,0
US-xML,-80.5248,37.3783,2021,6,18,28.52,10.69,12.59,1.77,27.87,0.03
US-xML,-80.5248,37.3783,2021,6,19,28.72,18.25,17.23,2.12,20.86,0.01
US-xML,-80.5248,37.3783,2021,6,20,29.1,16.83,18.21,1.24,21.14,0.01
US-xML,-80.5248,37.3783,2021,6,21,30.13,19.25,18.15,2.24,22.6,0.73
US-xML,-80.5248,37.3783,2021,6,22,21.28,11.17,13.71,2,15.51,12.52
US-xML,-80.5248,37.3783,2021,6,23,24.5,8.6,8.72,1.18,28.96,0
US-xML,-80.5248,37.3783,2021,6,24,25.58,10.82,11.07,1.58,23.06,0
US-xML,-80.5248,37.3783,2021,6,25,27.15,10.77,10.46,1.74,29.29,0
US-xML,-80.5248,37.3783,2021,6,26,28.08,14.78,15.44,1.43,26.67,0
US-xML,-80.5248,37.3783,2021,6,27,29.6,16.87,18.26,1.25,21.25,3.75
US-xML,-80.5248,37.3783,2021,6,28,31.93,17.47,17.48,1.33,26.49,1.41
US-xML,-80.5248,37.3783,2021,6,29,31.74,18.03,17.06,1.58,29.31,0.14
US-xML,-80.5248,37.3783,2021,6,30,32.32,18.34,17.99,1.44,25.51,1.88
US-xML,-80.5248,37.3783,2021,7,1,26.87,18.88,18.66,2.06,13.27,11.78
US-xML,-80.5248,37.3783,2021,7,2,24.73,13.57,14.13,2.01,23.83,16.21
US-xML,-80.5248,37.3783,2021,7,3,23.95,11.71,10.96,2.01,25.39,0.08
US-xML,-80.5248,37.3783,2021,7,4,27.86,11.85,14.04,1.58,25.83,0
US-xML,-80.5248,37.3783,2021,7,5,31.35,15.82,15.58,1.11,27.29,0
US-xML,-80.5248,37.3783,2021,7,6,33.58,16.58,15.55,1.09,26.97,0
US-xML,-80.5248,37.3783,2021,7,7,31.92,18.45,16.95,1.18,21.07,0.96
US-xML,-80.5248,37.3783,2021,7,8,28.27,18.76,18,1.16,12.6,6.88
US-xML,-80.5248,37.3783,2021,7,9,29.02,18.56,18.14,1.9,18.82,2.03
US-xML,-80.5248,37.3783,2021,7,10,28.57,14.78,14.91,1.36,21.45,3.92
US-xML,-80.5248,37.3783,2021,7,11,30.11,17.92,18.68,1.74,21,8.77
US-xML,-80.5248,37.3783,2021,7,12,30.83,18.68,18.83,1.37,23.44,2.56
US-xML,-80.5248,37.3783,2021,7,13,29.87,18.15,17.01,1.69,25.05,1.13
US-xML,-80.5248,37.3783,2021,7,14,31.18,17.03,16.3,1.36,21.28,0.79
US-xML,-80.5248,37.3783,2021,7,15,31.27,17.07,16.45,1.49,23.89,0.86
US-xML,-80.5248,37.3783,2021,7,16,32.91,17.57,16.98,1.3,25.31,1.69
US-xML,-80.5248,37.3783,2021,7,17,27.81,19.22,18.15,1.56,20.21,5.4
US-xML,-80.5248,37.3783,2021,7,18,26.57,18.23,15.52,1.51,18.4,3.09
US-xML,-80.5248,37.3783,2021,7,19,29.35,17.03,14.39,1,21.84,0.55
US-xML,-80.5248,37.3783,2021,7,20,29.9,16.3,14.63,0.91,20.9,0
US-xML,-80.5248,37.3783,2021,7,21,29.56,17.01,14.79,1.81,21.23,0
US-xML,-80.5248,37.3783,2021,7,22,29.74,14.8,11.15,1.3,25.25,0
US-xML,-80.5248,37.3783,2021,7,23,32.23,14.76,9.21,1.11,25.2,0
US-xML,-80.5248,37.3783,2021,7,24,33.51,16.33,15.15,1.37,22.99,0.66
US-xML,-80.5248,37.3783,2021,7,25,33.85,18.05,17.6,1.44,20.29,0.86
US-xML,-80.5248,37.3783,2021,7,26,29.2,20.36,19.71,1.2,20.83,4.48
US-xML,-80.5248,37.3783,2021,7,27,34.46,17.4,14.84,1,26.26,0.07
US-xML,-80.5248,37.3783,2021,7,28,33.63,17.28,12.05,1.53,27.3,0.04
US-xML,-80.5248,37.3783,2021,7,29,33.53,18.34,15.2,1.67,21.34,0
US-xML,-80.5248,37.3783,2021,7,30,31.54,18.8,15.87,2.07,22.33,0.05
US-xML,-80.5248,37.3783,2021,7,31,31.05,16.27,11.81,1.36,20.24,0.04
US-xML,-80.5248,37.3783,2021,8,1,28.39,17.1,13.82,1.49,19.04,1.05
US-xML,-80.5248,37.3783,2021,8,2,28.56,13.65,9.51,1.24,24.45,0
US-xML,-80.5248,37.3783,2021,8,3,23.71,15.72,13,1.67,16.63,0.61
US-xML,-80.5248,37.3783,2021,8,4,29.32,14.29,10.31,1.49,22.95,0.85
US-xML,-80.5248,37.3783,2021,8,5,30.01,14.73,11.7,1.05,22.71,0.35
US-xML,-80.5248,37.3783,2021,8,6,31.38,15.64,10.93,1.65,24.5,0
US-xML,-80.5248,37.3783,2021,8,7,29.26,16.23,13.33,0.9,16.81,0.53
US-xML,-80.5248,37.3783,2021,8,8,31.54,15.66,14.25,1.06,22.68,0.29
US-xML,-80.5248,37.3783,2021,8,9,33.5,16.92,14.42,1.33,23.02,0.32
US-xML,-80.5248,37.3783,2021,8,10,34.07,19.68,17.53,1.33,18.32,2.57
US-xML,-80.5248,37.3783,2021,8,11,30.26,19.26,20.09,1.19,20.85,4.21
US-xML,-80.5248,37.3783,2021,8,12,32.89,20.22,17.92,1.45,21.1,0.84
US-xML,-80.5248,37.3783,2021,8,13,32.9,19.4,18.37,1.16,18.69,3.92
US-xML,-80.5248,37.3783,2021,8,14,31.69,19.69,17.98,1.12,19.71,1.59
US-xML,-80.5248,37.3783,2021,8,15,29.11,19.5,19.39,1.4,14.92,11.68
US-xML,-80.5248,37.3783,2021,8,16,26.46,19.85,19.98,1.53,13.68,14.17
US-xML,-80.5248,37.3783,2021,8,17,22.91,19.38,19.5,2.03,8.75,18.31
US-xML,-80.5248,37.3783,2021,8,18,28.89,19.1,19.48,2.72,17.17,7.34
US-xML,-80.5248,37.3783,2021,8,19,27.4,18.38,19.61,1.04,15.31,7.56
US-xML,-80.5248,37.3783,2021,8,20,29.1,18.24,17.89,1.23,17.59,2.47
US-xML,-80.5248,37.3783,2021,8,21,30.27,17.87,16.35,0.66,22.41,1.34
US-xML,-80.5248,37.3783,2021,8,22,31.67,17.18,15.64,1.36,23.71,0.74
US-xML,-80.5248,37.3783,2021,8,23,32.02,16.24,16.62,1.49,23.44,0.52
US-xML,-80.5248,37.3783,2021,8,24,34.18,18.44,17.62,0.75,24.09,0.05
US-xML,-80.5248,37.3783,2021,8,25,33.94,20.79,17.76,0.7,21.41,5.13
US-xML,-80.5248,37.3783,2021,8,26,31.87,19.85,19.38,0.82,19.57,4.91
US-xML,-80.5248,37.3783,2021,8,27,33.37,18.85,18.08,1.11,21.2,0.85
US-xML,-80.5248,37.3783,2021,8,28,34.29,19.51,17.1,0.89,22.59,0.16
US-xML,-80.5248,37.3783,2021,8,29,33.07,20.01,17.62,0.77,20.83,5.62
US-xML,-80.5248,37.3783,2021,8,30,27.5,19.27,18.88,1.32,17.41,13.75
US-xML,-80.5248,37.3783,2021,8,31,25.94,18.57,17.68,1.58,6.62,2.2
US-xML,-80.5248,37.3783,2021,9,1,23.57,15.88,18.78,2.33,9.84,35.2
US-xML,-80.5248,37.3783,2021,9,2,23.82,11.58,10.4,1.68,25.93,0.08
US-xML,-80.5248,37.3783,2021,9,3,25.12,10.28,9.11,1.2,23.73,0
US-xML,-80.5248,37.3783,2021,9,4,27.25,10.87,13.13,1.44,20.32,0
US-xML,-80.5248,37.3783,2021,9,5,25.93,16.84,16.23,1.47,12.83,1.59
US-xML,-80.5248,37.3783,2021,9,6,25.68,15.83,12.65,1.54,22.97,0.62
US-xML,-80.5248,37.3783,2021,9,7,28.37,14.15,12.14,1.32,23.71,0
US-xML,-80.5248,37.3783,2021,9,8,29.34,16.36,17.1,1.7,20.05,4.25
US-xML,-80.5248,37.3783,2021,9,9,23.59,12.32,12.87,1.79,17.98,7.98
US-xML,-80.5248,37.3783,2021,9,10,23.22,9.13,9.33,1.64,22.9,0.13
US-xML,-80.5248,37.3783,2021,9,11,25.85,11.69,10.54,1.43,20.82,0.01
US-xML,-80.5248,37.3783,2021,9,12,28.88,13.77,13.28,1.76,19.75,0
US-xML,-80.5248,37.3783,2021,9,13,30.04,15.55,15,1.4,18.3,0.01
US-xML,-80.5248,37.3783,2021,9,14,30.38,16.63,14.95,1.17,18.4,0.01
US-xML,-80.5248,37.3783,2021,9,15,28.74,15.19,15.59,1.19,16.62,1.42
US-xML,-80.5248,37.3783,2021,9,16,27.02,16.31,16.58,1.27,13.32,1.82
US-xML,-80.5248,37.3783,2021,9,17,28.85,17.22,16.34,1.1,14.04,0.23
US-xML,-80.5248,37.3783,2021,9,18,29.83,17.13,15.87,0.93,17.46,0.72
US-xML,-80.5248,37.3783,2021,9,19,29.66,16.91,15.43,1.39,18.19,0.01
US-xML,-80.5248,37.3783,2021,9,20,25.78,16.96,16.17,1.91,11.76,0.71
US-xML,-80.5248,37.3783,2021,9,21,20.21,15.64,16.82,1.94,3.92,41.54
US-xML,-80.5248,37.3783,2021,9,22,26.01,11.78,17.21,2.39,8.6,14.67
US-xML,-80.5248,37.3783,2021,9,23,17.93,6.96,6.57,2.22,17.48,0.31
US-xML,-80.5248,37.3783,2021,9,24,20.69,4.66,4.87,0.98,22.42,0
US-xML,-80.5248,37.3783,2021,9,25,21.59,7.69,7.08,1.58,18.89,0
US-xML,-80.5248,37.3783,2021,9,26,21.12,8.83,7.01,1.73,21.25,0.01
US-xML,-80.5248,37.3783,2021,9,27,25.94,7.24,8.21,1.76,20.87,0
US-xML,-80.5248,37.3783,2021,9,28,25.5,13.11,13.28,1.84,16.11,0
US-xML,-80.5248,37.3783,2021,9,29,25.95,12.94,12.75,1.62,17.26,0.01
US-xML,-80.5248,37.3783,2021,9,30,24.19,10.63,7.73,1.44,19.69,0
US-xML,-80.5248,37.3783,2021,10,1,23.71,9.26,7.8,1.26,20.14,0
US-xML,-80.5248,37.3783,2021,10,2,27.06,10.25,12.1,1.5,17.25,0
US-xML,-80.5248,37.3783,2021,10,3,23.53,14.12,15.02,1.45,11.16,3.49
US-xML,-80.5248,37.3783,2021,10,4,25.4,14.98,15.48,1.3,13,1.52
US-xML,-80.5248,37.3783,2021,10,5,23.96,15.11,16.92,1.27,11.94,2.61
US-xML,-80.5248,37.3783,2021,10,6,24.32,16.21,16.79,1.78,8.53,3.19
US-xML,-80.5248,37.3783,2021,10,7,20.16,14.52,15.88,1.67,5.86,2.62
US-xML,-80.5248,37.3783,2021,10,8,20.17,13.76,15.21,1.33,5.85,3.64
US-xML,-80.5248,37.3783,2021,10,9,21.87,13.65,14.81,1.35,7.57,3.3
US-xML,-80.5248,37.3783,2021,10,10,24.81,12.07,13.31,1.1,13.18,0.05
US-xML,-80.5248,37.3783,2021,10,11,24.49,13.01,13.34,1.29,11.31,0.01
US-xML,-80.5248,37.3783,2021,10,12,26.53,12.09,13.88,1.09,13.55,0.02
US-xML,-80.5248,37.3783,2021,10,13,24.87,13.68,13.66,1.24,14.78,0
US-xML,-80.5248,37.3783,2021,10,14,27.17,11.77,13.63,1.28,11.93,0
US-xML,-80.5248,37.3783,2021,10,15,27.12,15.45,13.52,1.53,13.73,0.14
US-xML,-80.5248,37.3783,2021,10,16,18.06,7.69,9.65,2.76,5.56,4.97
US-xML,-80.5248,37.3783,2021,10,17,14.58,5.08,0.95,3.01,16.44,0
US-xML,-80.5248,37.3783,2021,10,18,18.01,3.69,2.04,2.29,17.76,0
US-xML,-80.5248,37.3783,2021,10,19,21.11,3.25,2.29,1.8,17.69,0
US-xML,-80.5248,37.3783,2021,10,20,22.71,5.04,4.12,1.91,17.36,0
US-xML,-80.5248,37.3783,2021,10,21,23.55,6.65,10.74,2.06,11.14,1.86
US-xML,-80.5248,37.3783,2021,10,22,17.62,7.74,7.8,1.52,9.8,0.1
US-xML,-80.5248,37.3783,2021,10,23,18.12,5.56,5.59,1.7,14.76,0.05
US-xML,-80.5248,37.3783,2021,10,24,23.39,7.09,7.98,1.78,15.4,0.03
US-xML,-80.5248,37.3783,2021,10,25,21.15,9.49,9.65,1.78,8.84,12
US-xML,-80.5248,37.3783,2021,10,26,11.17,3.97,3.86,3.87,7.68,1.5
US-xML,-80.5248,37.3783,2021,10,27,17.53,3.13,3.83,2.05,13.77,0.02
US-xML,-80.5248,37.3783,2021,10,28,15.38,4.85,8.82,3.19,5.98,12.65
US-xML,-80.5248,37.3783,2021,10,29,17.7,9.87,9.64,2,10.1,9.35
US-xML,-80.5248,37.3783,2021,10,30,13.24,7.21,8.16,1.38,5.76,7.42
US-xML,-80.5248,37.3783,2021,10,31,13.8,6.27,7.17,2.66,6.32,1.05
US-xML,-80.5248,37.3783,2021,11,1,14.72,4.74,2.93,2.08,12.84,0.08
US-xML,-80.5248,37.3783,2021,11,2,7.7,-1.24,1.83,1.64,3.89,3.24
US-xML,-80.5248,37.3783,2021,11,3,8.39,-3.73,-3.19,1.32,13.34,0
US-xML,-80.5248,37.3783,2021,11,4,9.61,-2.33,-1.59,1.28,10.17,0
US-xML,-80.5248,37.3783,2021,11,5,10.79,-4.79,-4.7,1.54,13.51,0
US-xML,-80.5248,37.3783,2021,11,6,9.35,-3.32,-4.53,1.66,12.97,0
US-xML,-80.5248,37.3783,2021,11,7,14.88,-2.29,-3.66,1.96,14.66,0
US-xML,-80.5248,37.3783,2021,11,8,18.61,-0.27,0.79,1.94,13.62,0
US-xML,-80.5248,37.3783,2021,11,9,21.46,2.48,2.83,2.09,14.18,0
US-xML,-80.5248,37.3783,2021,11,10,20.37,6.03,4.83,1.54,13.06,0
US-xML,-80.5248,37.3783,2021,11,11,17.81,4.56,7.06,2.46,10.31,4.05
US-xML,-80.5248,37.3783,2021,11,12,14,4.43,3.38,2.15,13.74,10.09
US-xML,-80.5248,37.3783,2021,11,13,5.4,-4.01,-2.51,2.42,8.72,1.29
US-xML,-80.5248,37.3783,2021,11,14,9.08,-5.39,-2.51,2.04,7.66,0.38
US-xML,-80.5248,37.3783,2021,11,15,6.16,-2.82,-4.65,2.99,11.96,0.12
US-xML,-80.5248,37.3783,2021,11,16,15.21,-2.7,0.86,1.67,11.63,0.01
US-xML,-80.5248,37.3783,2021,11,17,19.9,3.96,8.22,1.6,12.37,0
US-xML,-80.5248,37.3783,2021,11,18,18.68,1.62,5.58,2.82,7.37,1.61
US-xML,-80.5248,37.3783,2021,11,19,5.66,-5.04,-7.1,2.83,11.65,0
US-xML,-80.5248,37.3783,2021,11,20,7.36,-4.95,-6.21,1.81,9.55,0
US-xML,-80.5248,37.3783,2021,11,21,7.78,-3.56,-1.95,1.3,4.9,1.76
US-xML,-80.5248,37.3783,2021,11,22,7.33,-5.38,-2.22,2.55,7.25,0.48
US-xML,-80.5248,37.3783,2021,11,23,2.96,-5.92,-8.63,2.2,12.58,0
US-xML,-80.5248,37.3783,2021,11,24,10.62,-4.67,-6.22,1.57,11.85,0
US-xML,-80.5248,37.3783,2021,11,25,14.2,-2.8,-0.61,1.96,10.53,1.49
US-xML,-80.5248,37.3783,2021,11,26,5.2,-5.04,-4.76,3.93,7.17,1.02
US-xML,-80.5248,37.3783,2021,11,27,8.15,-5.33,-7.54,2.11,10.86,0.01
US-xML,-80.5248,37.3783,2021,11,28,9.97,-1.66,-2.07,2.77,10.5,0.05
US-xML,-80.5248,37.3783,2021,11,29,4.4,-5.03,-7.43,2.38,10.56,0
US-xML,-80.5248,37.3783,2021,11,30,11.97,-3.7,-2.4,2.21,11.54,0
US-xML,-80.5248,37.3783,2021,12,1,9.66,-1.57,2.23,1.56,4.44,0.14
US-xML,-80.5248,37.3783,2021,12,2,16.52,2.53,5.92,3.15,10.48,0.02
US-xML,-80.5248,37.3783,2021,12,3,16.79,2.48,3.84,2.13,11.03,0.03
US-xML,-80.5248,37.3783,2021,12,4,14.95,1.54,5.7,1.94,6.06,0
US-xML,-80.5248,37.3783,2021,12,5,12.39,0.79,0.33,2.51,7.37,0
US-xML,-80.5248,37.3783,2021,12,6,15.84,-1.7,4.57,3.67,3.79,1.93
US-xML,-80.5248,37.3783,2021,12,7,5.35,-4.6,-9.36,1.58,10.13,0
US-xML,-80.5248,37.3783,2021,12,8,6.75,-4.63,-2.68,1.64,6.9,0.34
US-xML,-80.5248,37.3783,2021,12,9,5.18,-4.66,-3.55,1.7,5.23,0
US-xML,-80.5248,37.3783,2021,12,10,10.66,0.06,5.28,1.68,3.68,4.01
US-xML,-80.5248,37.3783,2021,12,11,16.69,1.33,7.82,3.76,3.02,7.8
US-xML,-80.5248,37.3783,2021,12,12,6.86,-3.59,-6.93,2.34,11.51,0.02
US-xML,-80.5248,37.3783,2021,12,13,11.63,-4.24,-5.25,2.03,11.27,0.11
US-xML,-80.5248,37.3783,2021,12,14,13.65,-2.72,-2.29,1.7,11.01,0
US-xML,-80.5248,37.3783,2021,12,15,12.83,-2.11,-2.45,2.03,10.29,0
US-xML,-80.5248,37.3783,2021,12,16,18.16,0.63,5.19,2.07,10.1,0.45
US-xML,-80.5248,37.3783,2021,12,17,16.02,8.59,10.77,1.16,3.05,2.21
US-xML,-80.5248,37.3783,2021,12,18,15.97,8.08,11.72,1.8,2.7,4.6
US-xML,-80.5248,37.3783,2021,12,19,6.09,-6.08,-2.24,2.92,5.04,0.55
US-xML,-80.5248,37.3783,2021,12,20,6.6,-6.31,-6.47,1.43,11.17,0.01
US-xML,-80.5248,37.3783,2021,12,21,4.42,-3.64,-3.91,1.29,5.28,0.05
US-xML,-80.5248,37.3783,2021,12,22,2.95,-5.63,-6.1,3.58,10.86,0
US-xML,-80.5248,37.3783,2021,12,23,10.07,-5.77,-5.42,1.65,10.67,0
US-xML,-80.5248,37.3783,2021,12,24,15.1,-0.27,1.9,2.29,8.72,0
US-xML,-80.5248,37.3783,2021,12,25,17.62,7.25,9.8,3.73,3.27,1.61
US-xML,-80.5248,37.3783,2021,12,26,15.72,5.71,7.56,2.08,9.08,0.14
US-xML,-80.5248,37.3783,2021,12,27,16.8,2.52,7.99,2.55,3.05,0.93
US-xML,-80.5248,37.3783,2021,12,28,14.73,5.54,9.4,2.48,4.72,1.51
US-xML,-80.5248,37.3783,2021,12,29,15.11,8.82,11.84,2.02,4.17,4.76
US-xML,-80.5248,37.3783,2021,12,30,16.83,5.63,8.25,1.68,5.48,0.81
US-xML,-80.5248,37.3783,2021,12,31,17.24,4.68,7.96,2.19,4.58,0.65
US-xML,-80.5248,37.3783,2022,1,1,20.87,11.54,13.53,3.25,6.14,11.01
US-xML,-80.5248,37.3783,2022,1,2,15.73,3.27,9.7,2.61,3.23,33.67
US-xML,-80.5248,37.3783,2022,1,3,2.3,-9.1,-5.43,3.7,4.29,12.4
US-xML,-80.5248,37.3783,2022,1,4,2.05,-9.54,-7.13,2.2,11.63,0.32
US-xML,-80.5248,37.3783,2022,1,5,4.08,-7.12,-1.5,2.4,4.48,0.13
US-xML,-80.5248,37.3783,2022,1,6,2.72,-5.83,-4.54,2.4,5.13,5.9
US-xML,-80.5248,37.3783,2022,1,7,-6.82,-11.72,-11.88,3.85,6.73,0.16
US-xML,-80.5248,37.3783,2022,1,8,1.16,-10.73,-9.9,2.08,11.45,0
US-xML,-80.5248,37.3783,2022,1,9,7.13,-3.86,0.1,3.15,2.74,13.45
US-xML,-80.5248,37.3783,2022,1,10,-0.33,-7.35,-9.87,4.42,11.56,0
US-xML,-80.5248,37.3783,2022,1,11,-0.32,-11.86,-11.97,2.21,12.05,0
US-xML,-80.5248,37.3783,2022,1,12,7.12,-7.86,-4.98,2.13,10.9,0
US-xML,-80.5248,37.3783,2022,1,13,4.16,-2.45,-0.71,1.5,5.42,0.13
US-xML,-80.5248,37.3783,2022,1,14,4.51,-2.85,-1.31,2.69,6.01,0.13
US-xML,-80.5248,37.3783,2022,1,15,1.68,-4.88,-4.83,1.4,6.49,0.04
US-xML,-80.5248,37.3783,2022,1,16,-5.08,-7.92,-9.26,3.42,1.68,8.11
US-xML,-80.5248,37.3783,2022,1,17,-3.43,-5.82,-6.57,5.74,4.97,0.97
US-xML,-80.5248,37.3783,2022,1,18,1.24,-6.58,-6.7,2.91,7.81,0.2
US-xML,-80.5248,37.3783,2022,1,19,6.79,-3.92,-1.03,2.09,5.72,1.84
US-xML,-80.5248,37.3783,2022,1,20,1.9,-8.21,-5.1,2.9,3.05,6.79
US-xML,-80.5248,37.3783,2022,1,21,-2.72,-10.53,-10.58,1.39,6.76,0.04
US-xML,-80.5248,37.3783,2022,1,22,0.33,-13.21,-10.76,1.47,12.57,0.19
US-xML,-80.5248,37.3783,2022,1,23,1.94,-9.75,-6.56,2.78,10.13,0.34
US-xML,-80.5248,37.3783,2022,1,24,3.46,-7.78,-5.48,2.29,9.48,0.23
US-xML,-80.5248,37.3783,2022,1,25,2.77,-7.35,-2.55,2.31,6.82,0.14
US-xML,-80.5248,37.3783,2022,1,26,-1.69,-10.77,-11.53,2.19,13.13,0.01
US-xML,-80.5248,37.3783,2022,1,27,4.28,-12.83,-8.75,1.68,12.6,0.01
US-xML,-80.5248,37.3783,2022,1,28,1.55,-4.73,-3.82,1.88,5.38,1.45
US-xML,-80.5248,37.3783,2022,1,29,-5.51,-13.39,-13.99,4.33,12.34,0.1
US-xML,-80.5248,37.3783,2022,1,30,1.24,-14.19,-9.26,1.82,9.76,0.06
US-xML,-80.5248,37.3783,2022,1,31,6.47,-6.84,-3.65,1.43,11.52,0.02
US-xML,-80.5248,37.3783,2022,2,1,6.29,-5.65,-3.64,2.21,11.05,0
US-xML,-80.5248,37.3783,2022,2,2,5.62,-3.68,-1.81,2.37,8.06,1.04
US-xML,-80.5248,37.3783,2022,2,3,11.73,1.14,6.25,3.25,2.38,22.05
US-xML,-80.5248,37.3783,2022,2,4,11.72,-5,0.86,3.32,4.47,9.61
US-xML,-80.5248,37.3783,2022,2,5,-1.07,-7.55,-10.41,3.15,12.48,0.11
US-xML,-80.5248,37.3783,2022,2,6,3.39,-8.94,-8.32,1.97,15.33,0
US-xML,-80.5248,37.3783,2022,2,7,5.78,-7.03,-4.55,1.42,8.06,0.2
US-xML,-80.5248,37.3783,2022,2,8,4.99,-4.86,-4.41,2.75,15.66,0.01
US-xML,-80.5248,37.3783,2022,2,9,10.26,-4.68,-2.22,2.27,15.56,0.02
US-xML,-80.5248,37.3783,2022,2,10,9.84,-2.49,0,2.68,14.81,0.01
US-xML,-80.5248,37.3783,2022,2,11,14.42,-2.27,0.44,3.08,14.56,0
US-xML,-80.5248,37.3783,2022,2,12,8.59,-1.08,1.64,2.62,7.87,0.06
US-xML,-80.5248,37.3783,2022,2,13,2.08,-5.6,-6.38,2.71,6.71,0.83
US-xML,-80.5248,37.3783,2022,2,14,-1.94,-7.87,-9.97,3.33,10.66,0.08
US-xML,-80.5248,37.3783,2022,2,15,8.44,-8.6,-6.13,1.86,16.72,0
US-xML,-80.5248,37.3783,2022,2,16,10.69,-2.5,1.71,3.1,11.27,0
US-xML,-80.5248,37.3783,2022,2,17,15.6,6.29,9.77,4.76,6.65,9.57
US-xML,-80.5248,37.3783,2022,2,18,14.92,-6.28,-3.61,4.39,7.47,2.92
US-xML,-80.5248,37.3783,2022,2,19,3.04,-6.17,-8.43,4,16.6,0
US-xML,-80.5248,37.3783,2022,2,20,9.02,-7.45,-6.74,1.91,18.22,0
US-xML,-80.5248,37.3783,2022,2,21,14.13,-2.68,0.34,2.12,17.41,0.02
US-xML,-80.5248,37.3783,2022,2,22,16.14,2.85,9.39,3.31,3.99,9.26
US-xML,-80.5248,37.3783,2022,2,23,13.81,0.46,6.71,2.4,12.53,6
US-xML,-80.5248,37.3783,2022,2,24,9.58,0.19,3.86,2.22,3.21,18.19
US-xML,-80.5248,37.3783,2022,2,25,7.79,-2.48,1.17,3.94,14.63,5.7
US-xML,-80.5248,37.3783,2022,2,26,4.3,-3.61,-5.18,2.05,9.86,0.07
US-xML,-80.5248,37.3783,2022,2,27,8.51,-3.1,-4.41,2.41,14.19,0.03
US-xML,-80.5248,37.3783,2022,2,28,11.45,-3.8,-3.15,1.87,18.9,0
US-xML,-80.5248,37.3783,2022,3,1,14.53,-3.54,0.11,2.22,18.96,0
US-xML,-80.5248,37.3783,2022,3,2,16.27,0.64,4.37,2.58,18.96,0.01
US-xML,-80.5248,37.3783,2022,3,3,13.66,-0.31,4.82,2.98,16.52,0
US-xML,-80.5248,37.3783,2022,3,4,15.55,-2.51,0.6,1.64,18.39,0
US-xML,-80.5248,37.3783,2022,3,5,20.36,2.91,6.02,2.18,18.53,0
US-xML,-80.5248,37.3783,2022,3,6,16.95,7.32,11.02,2.41,10.04,1.7
US-xML,-80.5248,37.3783,2022,3,7,21.15,3.84,10.48,4.18,6.78,11.77
US-xML,-80.5248,37.3783,2022,3,8,12.4,-0.77,-0.45,2.36,16.77,2.43
US-xML,-80.5248,37.3783,2022,3,9,7.39,0.51,1.61,2.06,5.98,13.88
US-xML,-80.5248,37.3783,2022,3,10,10.58,-2.12,0.77,1.51,9.32,0.01
US-xML,-80.5248,37.3783,2022,3,11,16.45,0.74,4.42,1.77,18.84,0.11
US-xML,-80.5248,37.3783,2022,3,12,7.79,-8.39,-8.36,5.81,10.09,4.56
US-xML,-80.5248,37.3783,2022,3,13,6.04,-9.6,-8.59,3.23,20.56,0.02
US-xML,-80.5248,37.3783,2022,3,14,14.19,-2.55,-0.43,1.99,20.11,0.01
US-xML,-80.5248,37.3783,2022,3,15,16.25,-0.96,2.02,1.94,18.69,0
US-xML,-80.5248,37.3783,2022,3,16,16.35,6.21,4.71,1.75,10.65,1.19
US-xML,-80.5248,37.3783,2022,3,17,17.08,7.16,8.86,1.63,13.09,1.76
US-xML,-80.5248,37.3783,2022,3,18,19.62,7.21,9.45,2.65,12.96,0
US-xML,-80.5248,37.3783,2022,3,19,18.64,5.72,7.87,3.42,17.68,0.26
US-xML,-80.5248,37.3783,2022,3,20,11.06,2.24,0.95,4.36,14.07,0.79
US-xML,-80.5248,37.3783,2022,3,21,17.75,-0.46,2.36,1.68,22.56,0
US-xML,-80.5248,37.3783,2022,3,22,18,3.37,5.49,1.9,14.37,0
US-xML,-80.5248,37.3783,2022,3,23,19.24,9.01,13.13,3.56,4.8,12.82
US-xML,-80.5248,37.3783,2022,3,24,18.46,5.82,6.66,2.14,18.38,0.07
US-xML,-80.5248,37.3783,2022,3,25,12.12,2.35,2.69,2.94,11.12,0.47
US-xML,-80.5248,37.3783,2022,3,26,5.15,-1.47,-2.44,4.43,12.5,0.77
US-xML,-80.5248,37.3783,2022,3,27,3.2,-4.65,-7.34,4.5,18.62,0.17
US-xML,-80.5248,37.3783,2022,3,28,3.29,-6.05,-9.33,4.04,25.1,0
US-xML,-80.5248,37.3783,2022,3,29,7.98,-5.52,-7.24,1.46,18.37,0.06
US-xML,-80.5248,37.3783,2022,3,30,19.08,-0.77,6.49,3.47,22.62,0.21
US-xML,-80.5248,37.3783,2022,3,31,21.41,8.06,12.45,4.48,13.11,8.05
US-xML,-80.5248,37.3783,2022,4,1,8.17,-1.98,-1.01,3.75,14.81,1.17
US-xML,-80.5248,37.3783,2022,4,2,14.69,-5.04,-0.51,1.64,23.55,0
US-xML,-80.5248,37.3783,2022,4,3,10.51,-1.31,0.26,3.27,23.93,0
US-xML,-80.5248,37.3783,2022,4,4,15.48,-1.43,1.4,1.33,16.92,0.04
US-xML,-80.5248,37.3783,2022,4,5,16.41,5.83,8.59,2.03,8.07,15.3
US-xML,-80.5248,37.3783,2022,4,6,22.69,8.83,10.72,2.37,13.51,1.52
US-xML,-80.5248,37.3783,2022,4,7,16.28,4.07,5.72,2.53,12.67,12.4
US-xML,-80.5248,37.3783,2022,4,8,10.26,-0.25,1.43,2.28,15.48,2.74
US-xML,-80.5248,37.3783,2022,4,9,7.76,-0.82,-1.74,2.98,16.25,1.52
US-xML,-80.5248,37.3783,2022,4,10,12.39,-1.7,-1.36,3.04,23.91,0.03
US-xML,-80.5248,37.3783,2022,4,11,21.86,2.49,5.47,2.25,20.73,0.36
US-xML,-80.5248,37.3783,2022,4,12,21.28,7.63,11.08,1.53,11.96,0.24
US-xML,-80.5248,37.3783,2022,4,13,22.57,11.49,13.01,2.28,16.7,0.08
US-xML,-80.5248,37.3783,2022,4,14,16.3,3.63,8.05,2.62,12.44,0.51
US-xML,-80.5248,37.3783,2022,4,15,19.45,2.09,1.21,1.89,24.35,0
US-xML,-80.5248,37.3783,2022,4,16,18.85,6.87,8.64,2.7,20.3,0.01
US-xML,-80.5248,37.3783,2022,4,17,15.45,3.33,0.19,2.41,26.1,0
US-xML,-80.5248,37.3783,2022,4,18,5.79,0.7,0.99,3.2,6.43,17.42
US-xML,-80.5248,37.3783,2022,4,19,7.45,-1.71,-2.49,3.69,19.29,0.71
US-xML,-80.5248,37.3783,2022,4,20,17.14,-2.84,0.56,1.53,26.36,0
US-xML,-80.5248,37.3783,2022,4,21,20.36,6.01,8.52,2.04,11.78,0.04
US-xML,-80.5248,37.3783,2022,4,22,24.52,9.2,10.85,1.22,26.09,0.01
US-xML,-80.5248,37.3783,2022,4,23,26.83,10.23,14.01,1.53,24.89,0
US-xML,-80.5248,37.3783,2022,4,24,26.39,12.04,12.84,1.74,26.83,0
US-xML,-80.5248,37.3783,2022,4,25,26.69,10.05,13.02,1.6,25.86,0.02
US-xML,-80.5248,37.3783,2022,4,26,18.04,5.2,9.33,2.64,8.48,3.81
US-xML,-80.5248,37.3783,2022,4,27,13.75,2.97,0.45,3.72,26.39,0
US-xML,-80.5248,37.3783,2022,4,28,15.77,1.68,-0.49,2.14,28.44,0.04
US-xML,-80.5248,37.3783,2022,4,29,19.77,3.73,3.83,1.23,13.67,0.03
US-xML,-80.5248,37.3783,2022,4,30,17.39,8.54,10.72,1.09,5.51,2.97
US-xML,-80.5248,37.3783,2022,5,1,20.23,10.38,13.86,1.6,12.83,6.17
US-xML,-80.5248,37.3783,2022,5,2,23.56,10.87,10.69,1.92,28.12,0.04
US-xML,-80.5248,37.3783,2022,5,3,24.29,11.27,13.32,1.62,22.05,3.3
US-xML,-80.5248,37.3783,2022,5,4,21.84,11.38,13.16,2.17,21.47,0.8
US-xML,-80.5248,37.3783,2022,5,5,24.85,8.76,11.59,1.26,23.74,0.23
US-xML,-80.5248,37.3783,2022,5,6,20.73,14.19,15.44,2.16,7.04,26.78
US-xML,-80.5248,37.3783,2022,5,7,17.59,6.19,10.85,2.07,9.41,9.87
US-xML,-80.5248,37.3783,2022,5,8,17.71,3.71,4.72,1.73,18.46,0.21
US-xML,-80.5248,37.3783,2022,5,9,20.12,2.95,3.21,1.5,30.42,0.02
US-xML,-80.5248,37.3783,2022,5,10,23.12,4.99,4.05,1.68,29.69,0
US-xML,-80.5248,37.3783,2022,5,11,23.89,6.84,5.47,1.55,28.91,0
US-xML,-80.5248,37.3783,2022,5,12,22.94,8.77,11.7,2.14,22.78,0.93
US-xML,-80.5248,37.3783,2022,5,13,22.16,13.49,14.24,1.77,16.84,4.5
US-xML,-80.5248,37.3783,2022,5,14,23.52,13.5,14.73,1.05,19.29,4.04
US-xML,-80.5248,37.3783,2022,5,15,25.89,13.71,14.18,1.1,20.43,1.05
US-xML,-80.5248,37.3783,2022,5,16,23.62,11.33,12.57,2.51,19.54,1.06
US-xML,-80.5248,37.3783,2022,5,17,23.62,9.95,9.35,2.38,27.48,0.01
US-xML,-80.5248,37.3783,2022,5,18,26.6,10.73,11.82,1.96,20.63,1.7
US-xML,-80.5248,37.3783,2022,5,19,27.1,16.91,15.23,2.34,24.24,0.84
US-xML,-80.5248,37.3783,2022,5,20,30.29,15.4,15.86,2.05,25.98,0.17
US-xML,-80.5248,37.3783,2022,5,21,29.6,14.61,15.32,1.66,21.89,1.97
US-xML,-80.5248,37.3783,2022,5,22,28.75,15.67,16.62,1.87,21.53,2.85
US-xML,-80.5248,37.3783,2022,5,23,21.79,12.55,15.11,1.61,7.8,40.65
US-xML,-80.5248,37.3783,2022,5,24,20.57,10.92,12.28,1.59,9.86,3.45
US-xML,-80.5248,37.3783,2022,5,25,23.36,11.2,12.76,2.25,9.93,0.25
US-xML,-80.5248,37.3783,2022,5,26,22.53,13.1,15.2,2.57,10.24,6.66
US-xML,-80.5248,37.3783,2022,5,27,23.42,13.23,14.3,1.95,18.99,24.15
US-xML,-80.5248,37.3783,2022,5,28,22.61,11.99,13.05,1.62,18.34,0.92
US-xML,-80.5248,37.3783,2022,5,29,25.73,12.04,14.13,1.13,26.44,0
US-xML,-80.5248,37.3783,2022,5,30,27.85,13.05,16.13,1.3,27.84,0.03
US-xML,-80.5248,37.3783,2022,5,31,29.63,15.29,17.23,1.19,26.35,0.09
US-xML,-80.5248,37.3783,2022,6,1,29.2,16.3,17.17,1.67,26.54,0.59
US-xML,-80.5248,37.3783,2022,6,2,27.36,17,18,1.9,22.17,4.2
US-xML,-80.5248,37.3783,2022,6,3,22.59,12.9,12.84,1.83,20.51,1.44
US-xML,-80.5248,37.3783,2022,6,4,24.84,10.17,9.37,1.39,28.36,0
US-xML,-80.5248,37.3783,2022,6,5,25.34,11.4,9.96,1.44,27.56,0
US-xML,-80.5248,37.3783,2022,6,6,25.06,10.54,11.31,1.92,25.36,0
US-xML,-80.5248,37.3783,2022,6,7,23.96,13.83,15.21,1.82,9.9,1.92
US-xML,-80.5248,37.3783,2022,6,8,27.26,15.49,17.71,1.4,21.61,6.11
US-xML,-80.5248,37.3783,2022,6,9,23.74,12.45,13.81,2.49,25.5,0.73
US-xML,-80.5248,37.3783,2022,6,10,22.45,10.63,10.97,1.25,22.35,0.12
US-xML,-80.5248,37.3783,2022,6,11,24.61,13.57,13.68,1.18,21.21,1.86
US-xML,-80.5248,37.3783,2022,6,12,28.86,15.4,16.49,1.38,22.99,1.56
US-xML,-80.5248,37.3783,2022,6,13,31.52,17.51,19.39,1.29,22.24,5.26
US-xML,-80.5248,37.3783,2022,6,14,28.94,21.17,21.11,2.1,18.12,3.84
US-xML,-80.5248,37.3783,2022,6,15,28.37,20.57,19.46,1.4,25.03,0.34
US-xML,-80.5248,37.3783,2022,6,16,30.89,20.1,20.19,1.55,24.31,6.03
US-xML,-80.5248,37.3783,2022,6,17,29.85,19.17,19.61,2.58,18.62,5.5
US-xML,-80.5248,37.3783,2022,6,18,22.63,11.25,10.6,2.87,30.77,0.81
US-xML,-80.5248,37.3783,2022,6,19,23.26,7.77,4.26,1.98,31.64,0
US-xML,-80.5248,37.3783,2022,6,20,26.76,10.14,5.84,1.45,16.24,0
US-xML,-80.5248,37.3783,2022,6,21,31.35,12.56,9.04,1.8,29.47,0
US-xML,-80.5248,37.3783,2022,6,22,32.75,16.49,14.77,2.06,28.46,4.78
US-xML,-80.5248,37.3783,2022,6,23,29.67,17.28,16.56,1.86,25.32,1.37
US-xML,-80.5248,37.3783,2022,6,24,31.7,15.15,14.36,1.05,28.11,0.02
US-xML,-80.5248,37.3783,2022,6,25,32.09,16.99,15.87,1.43,25.32,0.02
US-xML,-80.5248,37.3783,2022,6,26,25.92,18.94,18.87,1.34,12.44,6.16
US-xML,-80.5248,37.3783,2022,6,27,25.13,14.1,15.15,1.81,21.45,4.68
US-xML,-80.5248,37.3783,2022,6,28,26.37,10.56,9.43,0.83,29.57,0.01
US-xML,-80.5248,37.3783,2022,6,29,30.17,13.74,12.2,1.5,27.84,0.09
US-xML,-80.5248,37.3783,2022,6,30,33.48,16.71,13.2,1.11,28.29,0.23
US-xML,-80.5248,37.3783,2022,7,1,31.87,17.02,16.19,1.29,24.39,1.8
US-xML,-80.5248,37.3783,2022,7,2,30.64,18.88,18.42,1.19,19.1,6.09
US-xML,-80.5248,37.3783,2022,7,3,27.59,19.18,18.18,1.02,16.5,0.85
US-xML,-80.5248,37.3783,2022,7,4,29.88,17.78,17.17,1.29,23.8,0.04
US-xML,-80.5248,37.3783,2022,7,5,30.53,19.03,19.78,1.6,15.09,12.04
US-xML,-80.5248,37.3783,2022,7,6,31.82,19.57,20.19,1.43,22.77,3.9
US-xML,-80.5248,37.3783,2022,7,7,31,20.86,19.92,1.48,22.85,3.73
US-xML,-80.5248,37.3783,2022,7,8,31.11,18.99,19.06,0.81,20.32,7.56
US-xML,-80.5248,37.3783,2022,7,9,29.06,18.14,19.58,1,9.44,13.26
US-xML,-80.5248,37.3783,2022,7,10,23.38,14.18,16.11,1.84,12.09,9.37
US-xML,-80.5248,37.3783,2022,7,11,28.63,13.22,13.77,0.9,28.73,0.1
US-xML,-80.5248,37.3783,2022,7,12,32.82,16.92,17.73,1.7,26.69,5.14
US-xML,-80.5248,37.3783,2022,7,13,28.5,18.42,18.1,1.38,22.73,5.29
US-xML,-80.5248,37.3783,2022,7,14,28.98,15.64,16,1.47,24.3,0.44
US-xML,-80.5248,37.3783,2022,7,15,29.4,17.6,15.08,1.01,25.37,0.41
US-xML,-80.5248,37.3783,2022,7,16,30.68,16.87,14.79,1.09,20.24,0.39
US-xML,-80.5248,37.3783,2022,7,17,29.99,18.92,17.77,1.32,18.91,4.38
US-xML,-80.5248,37.3783,2022,7,18,29.08,19.68,18.98,1.56,20.63,4.86
US-xML,-80.5248,37.3783,2022,7,19,30.27,19.17,18.3,1.3,20.95,1.66
US-xML,-80.5248,37.3783,2022,7,20,32.88,17.77,18.02,1.59,25.95,1.01
US-xML,-80.5248,37.3783,2022,7,21,30.72,20.2,19.44,1.91,21.06,3.49
US-xML,-80.5248,37.3783,2022,7,22,33.39,17.72,15.89,1.57,27.89,0
US-xML,-80.5248,37.3783,2022,7,23,35.05,18.7,16.19,0.94,26.11,1.48
US-xML,-80.5248,37.3783,2022,7,24,34.89,18.95,16.07,1.51,23.77,0.05
US-xML,-80.5248,37.3783,2022,7,25,29.04,21.06,19.71,1.58,16.17,4.14
US-xML,-80.5248,37.3783,2022,7,26,24.67,20.75,21.04,1.65,9.59,22.09
US-xML,-80.5248,37.3783,2022,7,27,26.12,20.75,21.97,1.56,9.9,15.93
US-xML,-80.5248,37.3783,2022,7,28,27.13,20.71,21.4,1.76,14.22,14.08
US-xML,-80.5248,37.3783,2022,7,29,28.98,19.61,20.6,1.68,15.38,5.61
US-xML,-80.5248,37.3783,2022,7,30,26.7,17.99,16.16,1.3,24.01,0.12
US-xML,-80.5248,37.3783,2022,7,31,25.28,17.66,19.55,1.32,13.05,7.01
US-xML,-80.5248,37.3783,2022,8,1,28.69,18.85,20.16,1.65,17.11,5.85
US-xML,-80.5248,37.3783,2022,8,2,27.36,20.01,19.83,2.02,23.42,1.93
US-xML,-80.5248,37.3783,2022,8,3,29.97,18.97,18.79,1.07,25.48,0.06
US-xML,-80.5248,37.3783,2022,8,4,30.91,18.91,18.86,1.28,18.95,0.55
US-xML,-80.5248,37.3783,2022,8,5,29.78,19.62,19.82,0.92,18.02,14.67
US-xML,-80.5248,37.3783,2022,8,6,28.44,19.86,20.57,1.03,17.02,9.68
US-xML,-80.5248,37.3783,2022,8,7,29.21,19.26,19.2,0.94,21.7,2.03
US-xML,-80.5248,37.3783,2022,8,8,30.1,18.38,19.74,1.24,22.49,1.79
US-xML,-80.5248,37.3783,2022,8,9,31.66,18.99,20.14,1.2,24.18,0.7
US-xML,-80.5248,37.3783,2022,8,10,28.93,20.17,20.53,1.26,19.04,6.33
US-xML,-80.5248,37.3783,2022,8,11,27.28,16.86,18.27,1.61,21.43,3.38
US-xML,-80.5248,37.3783,2022,8,12,25.87,14.81,14.06,1.42,23.12,0.75
US-xML,-80.5248,37.3783,2022,8,13,27.26,11.64,11.28,0.78,26.26,0
US-xML,-80.5248,37.3783,2022,8,14,27.08,15.19,14.47,1.1,11.68,16.86
US-xML,-80.5248,37.3783,2022,8,15,32.77,16.55,17.66,0.85,9.99,9.61
US-xML,-80.5248,37.3783,2022,8,16,22.38,15.38,16.1,1.1,8.63,2.51
US-xML,-80.5248,37.3783,2022,8,17,23.72,13.84,14.04,1.02,20.8,1.94
US-xML,-80.5248,37.3783,2022,8,18,26.08,14.25,14.87,0.81,22.1,2.16
US-xML,-80.5248,37.3783,2022,8,19,25.34,15.03,16.17,1.42,14.07,1.11
US-xML,-80.5248,37.3783,2022,8,20,28.23,16.14,15.91,1.05,21.15,1.93
US-xML,-80.5248,37.3783,2022,8,21,25.06,17.87,18.89,1.17,12.06,12.5
US-xML,-80.5248,37.3783,2022,8,22,26.57,16.71,17.63,1.49,20.79,3.96
US-xML,-80.5248,37.3783,2022,8,23,26.71,15.68,15.7,1.45,21.35,0.32
US-xML,-80.5248,37.3783,2022,8,24,27.72,16.79,15.28,0.66,22.54,1
US-xML,-80.5248,37.3783,2022,8,25,28.29,16.88,17.56,1.24,18.37,1.09
US-xML,-80.5248,37.3783,2022,8,26,29.01,16.79,17.46,1.16,19.85,2.59
US-xML,-80.5248,37.3783,2022,8,27,29.81,15.69,16.65,1.12,22.67,0.22
US-xML,-80.5248,37.3783,2022,8,28,30.66,17.69,17.26,1.34,22.14,0
US-xML,-80.5248,37.3783,2022,8,29,31.49,17.34,17.88,1.24,22.58,0.41
US-xML,-80.5248,37.3783,2022,8,30,28.61,18.02,18.71,1.6,15.04,9.1
US-xML,-80.5248,37.3783,2022,8,31,26.08,13.92,13.49,1.83,24.85,0.38
US-xML,-80.5248,37.3783,2022,9,1,28.09,12.36,12.09,1.25,24.42,0
US-xML,-80.5248,37.3783,2022,9,2,29.02,13.83,14.25,1.54,21.85,0
US-xML,-80.5248,37.3783,2022,9,3,29.91,15.55,14.26,1.36,18.65,0.01
US-xML,-80.5248,37.3783,2022,9,4,27.5,16.26,18.28,1.31,14.42,15.81
US-xML,-80.5248,37.3783,2022,9,5,23.16,18.6,19.19,1.43,5.95,16.56
US-xML,-80.5248,37.3783,2022,9,6,27.41,17.85,18.36,1.3,15.53,8.82
US-xML,-80.5248,37.3783,2022,9,7,25.65,15.88,16.42,1.58,13.75,0.82
US-xML,-80.5248,37.3783,2022,9,8,25.53,15.29,16.01,1.24,14.04,1.34
US-xML,-80.5248,37.3783,2022,9,9,25.65,14.86,15.01,1.51,17.31,0.23
US-xML,-80.5248,37.3783,2022,9,10,20.41,14.19,15.59,1.65,6.12,11.08
US-xML,-80.5248,37.3783,2022,9,11,26.56,17.14,18.52,1.22,12.74,2.41
US-xML,-80.5248,37.3783,2022,9,12,24.2,14.01,17.03,1.21,15.5,5.97
US-xML,-80.5248,37.3783,2022,9,13,22.94,9.69,10.38,1.74,19.43,0.01
US-xML,-80.5248,37.3783,2022,9,14,22.98,9.04,9.66,1.59,22.26,0.01
US-xML,-80.5248,37.3783,2022,9,15,25.75,9.83,11.22,1.51,20.14,0
US-xML,-80.5248,37.3783,2022,9,16,26.84,13,12.89,0.95,18.47,0
US-xML,-80.5248,37.3783,2022,9,17,26.15,13.51,13.03,1.38,18.05,0
US-xML,-80.5248,37.3783,2022,9,18,26.72,11.59,13.21,1.38,18.94,0
US-xML,-80.5248,37.3783,2022,9,19,27.59,12.57,15.12,1.34,16.27,0.56
US-xML,-80.5248,37.3783,2022,9,20,27.86,16.1,14.81,1.47,20.72,0.31
US-xML,-80.5248,37.3783,2022,9,21,31.28,14.32,12.11,1.44,20.87,0
US-xML,-80.5248,37.3783,2022,9,22,22.54,10.32,11.47,2.9,12.02,1.54
US-xML,-80.5248,37.3783,2022,9,23,19.52,6.41,3.14,2.1,22.1,0.03
US-xML,-80.5248,37.3783,2022,9,24,23.58,8.1,7.37,1.62,18.28,0.22
US-xML,-80.5248,37.3783,2022,9,25,23.28,9.79,12.69,2.03,11.59,5.33
US-xML,-80.5248,37.3783,2022,9,26,21.64,9.37,6.69,2.4,17.61,0.11
US-xML,-80.5248,37.3783,2022,9,27,18.05,5.49,1.35,2.17,19.49,0
US-xML,-80.5248,37.3783,2022,9,28,17.75,2.85,2.25,1.8,19.7,0.01
US-xML,-80.5248,37.3783,2022,9,29,20.32,5.73,5.33,1.85,19.72,0
US-xML,-80.5248,37.3783,2022,9,30,13.76,7.08,6.62,2.57,6.19,23.97
US-xML,-80.5248,37.3783,2022,10,1,11.79,8.4,8.81,2.5,2.89,28.2
US-xML,-80.5248,37.3783,2022,10,2,12.28,7.65,9.21,2.16,4.85,4.58
US-xML,-80.5248,37.3783,2022,10,3,18.58,5.51,6.18,1.48,17.11,0.08
US-xML,-80.5248,37.3783,2022,10,4,15.33,3.11,1.86,2.14,16.07,0
US-xML,-80.5248,37.3783,2022,10,5,19.38,4.3,3.66,2.07,19.32,0.01
US-xML,-80.5248,37.3783,2022,10,6,21.21,7.51,5.5,1.54,17.49,0
US-xML,-80.5248,37.3783,2022,10,7,21.91,6.37,7.72,2.03,16.7,0
US-xML,-80.5248,37.3783,2022,10,8,13.97,2.14,1.91,1.93,17.77,0
US-xML,-80.5248,37.3783,2022,10,9,16.17,-0.76,-0.92,1.9,19.36,0
US-xML,-80.5248,37.3783,2022,10,10,17.63,2.9,0.65,1.36,18.99,0.01
US-xML,-80.5248,37.3783,2022,10,11,19.49,5.95,4.88,1.26,16.4,0
US-xML,-80.5248,37.3783,2022,10,12,21.92,5.31,11.06,2.04,11.29,1.71
US-xML,-80.5248,37.3783,2022,10,13,19.81,6.19,10.55,2.29,9.08,2.07
US-xML,-80.5248,37.3783,2022,10,14,17.91,2.18,0.64,2.12,18.17,0
US-xML,-80.5248,37.3783,2022,10,15,22.6,3.94,4.21,2.14,16.72,0
US-xML,-80.5248,37.3783,2022,10,16,17.86,6.86,9.49,1.4,6.4,15.38
US-xML,-80.5248,37.3783,2022,10,17,15.54,2.85,4.75,2.35,9.74,0.46
US-xML,-80.5248,37.3783,2022,10,18,6.88,-2.09,-4.04,2.71,8.08,0.07
US-xML,-80.5248,37.3783,2022,10,19,8.92,-0.83,-2.64,2.55,7.74,0.04
US-xML,-80.5248,37.3783,2022,10,20,13.43,-4.38,-4.62,2.08,17.22,0
US-xML,-80.5248,37.3783,2022,10,21,17.05,0.27,-2.17,1.5,16.96,0
US-xML,-80.5248,37.3783,2022,10,22,20.08,0.78,1.42,1.63,16.73,0
US-xML,-80.5248,37.3783,2022,10,23,20.36,6.44,2.5,1.3,16.56,0
US-xML,-80.5248,37.3783,2022,10,24,22.75,3.68,2.27,1.64,16.43,0
US-xML,-80.5248,37.3783,2022,10,25,20.55,5.67,5.02,1.94,14.42,0.02
US-xML,-80.5248,37.3783,2022,10,26,16.53,7.66,8.16,2.38,6.13,3.22
US-xML,-80.5248,37.3783,2022,10,27,17.35,2.89,1.84,2.03,16.07,0.08
US-xML,-80.5248,37.3783,2022,10,28,15.24,2.06,2.18,1.64,12.26,0
US-xML,-80.5248,37.3783,2022,10,29,16.88,4.07,6.32,1.39,11.46,0.01
US-xML,-80.5248,37.3783,2022,10,30,16.65,3.29,7.04,1.53,6.7,0.3
US-xML,-80.5248,37.3783,2022,10,31,16.19,8.45,11.34,1.6,3.59,9.52
US-xML,-80.5248,37.3783,2022,11,1,18.75,8.99,10.14,1.54,6.52,0.58
US-xML,-80.5248,37.3783,2022,11,2,15.41,8.41,9.76,0.98,6.18,1.28
US-xML,-80.5248,37.3783,2022,11,3,19.81,6.83,8.64,1.15,12.16,0.04
US-xML,-80.5248,37.3783,2022,11,4,20.63,5.57,8.67,1.97,10.11,0.01
US-xML,-80.5248,37.3783,2022,11,5,21.05,12.05,15.43,3.17,5.34,5.82
US-xML,-80.5248,37.3783,2022,11,6,24.13,15.61,17.12,1.97,9.32,6.51
US-xML,-80.5248,37.3783,2022,11,7,22.77,8.38,11.04,1.58,11.77,2.6
US-xML,-80.5248,37.3783,2022,11,8,18.18,3.12,0.2,1.54,14.38,0
US-xML,-80.5248,37.3783,2022,11,9,14.83,1.63,-0.77,2.09,14.23,0
US-xML,-80.5248,37.3783,2022,11,10,17.6,2.18,7.23,2.05,8.28,2.59
US-xML,-80.5248,37.3783,2022,11,11,19.46,11.33,15.1,2.65,3.25,36.03
US-xML,-80.5248,37.3783,2022,11,12,16.31,1.48,7.26,2.5,5.36,1.3
US-xML,-80.5248,37.3783,2022,11,13,3.41,-5.23,-4.73,3.02,5.61,0.18
US-xML,-80.5248,37.3783,2022,11,14,7.24,-5.74,-4.74,1.47,13.21,0
US-xML,-80.5248,37.3783,2022,11,15,3.28,-2.75,-0.9,1.65,2.67,19.44
US-xML,-80.5248,37.3783,2022,11,16,4.6,-1.6,-1.23,2.78,5.87,0.51
US-xML,-80.5248,37.3783,2022,11,17,2.17,-5.93,-7.63,2.63,6.92,0
US-xML,-80.5248,37.3783,2022,11,18,4.94,-6,-6.13,2.29,9.8,0
US-xML,-80.5248,37.3783,2022,11,19,4.53,-5.01,-7.4,2.1,12.38,0
US-xML,-80.5248,37.3783,2022,11,20,0.91,-6.87,-12.07,3.31,13.28,0
US-xML,-80.5248,37.3783,2022,11,21,8.57,-7.33,-6.72,1.78,10.76,0
US-xML,-80.5248,37.3783,2022,11,22,10.58,-3.61,-5.24,1.76,12.6,0
US-xML,-80.5248,37.3783,2022,11,23,12.77,-2.22,-3.82,1.82,12.41,0
US-xML,-80.5248,37.3783,2022,11,24,14.13,0.38,-0.38,1.85,11.72,0
US-xML,-80.5248,37.3783,2022,11,25,10.44,0.17,3.89,2.43,4.49,0.96
US-xML,-80.5248,37.3783,2022,11,26,14.08,-3.29,0.04,1.46,10.04,0.01
US-xML,-80.5248,37.3783,2022,11,27,17.04,4.53,6.22,3.19,6.62,2.82
US-xML,-80.5248,37.3783,2022,11,28,9.08,1.75,3.2,2.65,4.43,0.36
US-xML,-80.5248,37.3783,2022,11,29,12.21,-1.31,3.41,2.19,10.37,2.68
US-xML,-80.5248,37.3783,2022,11,30,12.66,-1.8,1.66,3.81,6.62,9.92
US-xML,-80.5248,37.3783,2022,12,1,4.35,-5.61,-8.62,2.58,10.58,0
US-xML,-80.5248,37.3783,2022,12,2,10.46,-4.24,-3.09,1.85,9.19,0.75
US-xML,-80.5248,37.3783,2022,12,3,13.8,-0.95,5.79,3.41,3.54,5.93
US-xML,-80.5248,37.3783,2022,12,4,7.41,-4.21,-5.66,1.54,7.66,0.46
US-xML,-80.5248,37.3783,2022,12,5,7.16,-3.65,-2.65,1.8,7.68,0.92
US-xML,-80.5248,37.3783,2022,12,6,9.74,1.09,4.76,1.94,4.18,17.61
US-xML,-80.5248,37.3783,2022,12,7,14.93,7.63,11.53,1.64,3.58,6.32
US-xML,-80.5248,37.3783,2022,12,8,12.65,7.99,9.04,1.01,3.53,5.5
US-xML,-80.5248,37.3783,2022,12,9,7.79,4.31,5.41,1.81,3.38,2.56
US-xML,-80.5248,37.3783,2022,12,10,5.45,3.75,4.04,1.76,3.74,1.54
US-xML,-80.5248,37.3783,2022,12,11,8.84,1.62,4.2,1.36,5.34,0.22
US-xML,-80.5248,37.3783,2022,12,12,7.3,-4.39,-1.62,1.59,8.88,0.01
US-xML,-80.5248,37.3783,2022,12,13,7.45,-4.47,-1.71,1.37,6.44,0
US-xML,-80.5248,37.3783,2022,12,14,7.06,-2.77,0.47,1.85,4.86,6.1
US-xML,-80.5248,37.3783,2022,12,15,1.74,-0.57,0.12,2.06,2.62,12.06
US-xML,-80.5248,37.3783,2022,12,16,5.1,-1.96,-0.78,2.35,5.78,0.07
US-xML,-80.5248,37.3783,2022,12,17,3.88,-3.78,-3.99,2.41,8.58,0.06
US-xML,-80.5248,37.3783,2022,12,18,-0.94,-5.78,-7.46,3.19,4.15,0.11
US-xML,-80.5248,37.3783,2022,12,19,2.59,-5.68,-6.66,2.07,7.03,0
US-xML,-80.5248,37.3783,2022,12,20,5.79,-6.4,-5.32,1.24,9.68,0
US-xML,-80.5248,37.3783,2022,12,21,5.3,-6.05,-4.21,1.77,10.43,0.07
US-xML,-80.5248,37.3783,2022,12,22,1.39,-1.19,-0.71,1.66,3.88,14.11
US-xML,-80.5248,37.3783,2022,12,23,1.37,-19.68,-15.38,5.53,8.65,1.98
US-xML,-80.5248,37.3783,2022,12,24,-11.34,-19.79,-17.88,4.67,9.02,0.01
US-xML,-80.5248,37.3783,2022,12,25,-4.38,-12.79,-13.98,3.59,11.18,0
US-xML,-80.5248,37.3783,2022,12,26,-2.84,-13,-11.49,1.68,5.6,0.02
US-xML,-80.5248,37.3783,2022,12,27,3.54,-9.68,-5.72,1.65,9.81,0
US-xML,-80.5248,37.3783,2022,12,28,6.8,-6.82,-2.74,1.82,10.59,0
US-xML,-80.5248,37.3783,2022,12,29,12.2,-4.6,1.66,1.98,10.95,0
US-xML,-80.5248,37.3783,2022,12,30,13.6,-0.73,4.78,2.07,10.23,0.03
US-xML,-80.5248,37.3783,2022,12,31,10.93,5.84,8.31,1.87,1.73,7.59
US-xML,-80.5248,37.3783,2023,1,1,11.91,3.52,7.01,1.67,6.35,0.1
US-xML,-80.5248,37.3783,2023,1,2,16.72,4.04,7.91,1.54,6.57,0.12
US-xML,-80.5248,37.3783,2023,1,3,16.03,8.07,11.48,2.33,5.32,1.06
US-xML,-80.5248,37.3783,2023,1,4,14.88,5.11,11.68,2.28,4.54,1.61
US-xML,-80.5248,37.3783,2023,1,5,11.81,1.03,3.1,1.96,9.96,0.01
US-xML,-80.5248,37.3783,2023,1,6,5.22,-3.28,-1.72,2.46,6.64,0.01
US-xML,-80.5248,37.3783,2023,1,7,6.96,-3.77,-2.83,1.99,10.64,0.03
US-xML,-80.5248,37.3783,2023,1,8,1.75,-3.61,-1.52,1.94,1.79,7.57
US-xML,-80.5248,37.3783,2023,1,9,4.37,-5.25,-2.48,2.88,8.86,0.25
US-xML,-80.5248,37.3783,2023,1,10,7.61,-4.87,-3.98,1.37,8.41,0
US-xML,-80.5248,37.3783,2023,1,11,8.59,-0.86,1.01,2.27,7.32,0.78
US-xML,-80.5248,37.3783,2023,1,12,10.99,4.17,7.86,2.42,4.95,13.07
US-xML,-80.5248,37.3783,2023,1,13,6.69,-3.53,-2.12,4.15,4.58,0.75
US-xML,-80.5248,37.3783,2023,1,14,-1.44,-6.22,-7.94,4.8,5.1,0.26
US-xML,-80.5248,37.3783,2023,1,15,4.42,-7.73,-7.98,2.59,12.15,0
US-xML,-80.5248,37.3783,2023,1,16,7.94,-1.8,-5.9,1.38,9.18,0.01
US-xML,-80.5248,37.3783,2023,1,17,11.82,0.43,5.17,2.19,4.97,9.24
US-xML,-80.5248,37.3783,2023,1,18,12.41,3.04,3.7,2.46,10.84,0.07
US-xML,-80.5248,37.3783,2023,1,19,15.57,4.19,8.41,3.6,3.35,1.98
US-xML,-80.5248,37.3783,2023,1,20,5.41,-2.44,-2.65,4.7,6.05,0.16
US-xML,-80.5248,37.3783,2023,1,21,5.56,-4.52,-4.7,1.78,8.26,0
US-xML,-80.5248,37.3783,2023,1,22,4.18,-1.69,0.04,2,2.55,3.13
US-xML,-80.5248,37.3783,2023,1,23,2.08,-2.51,-2.2,3.99,4.61,0.61
US-xML,-80.5248,37.3783,2023,1,24,6.93,-4.79,-4.71,2.2,13.19,0.01
US-xML,-80.5248,37.3783,2023,1,25,10.45,-1.07,2.79,3.6,3.5,15.82
US-xML,-80.5248,37.3783,2023,1,26,2.84,-3.32,-3.45,4.11,5.41,0.23
US-xML,-80.5248,37.3783,2023,1,27,2.82,-4,-6.5,2.87,13.4,0.04
US-xML,-80.5248,37.3783,2023,1,28,9.79,-3.51,-0.98,2.19,11.31,0.05
US-xML,-80.5248,37.3783,2023,1,29,4.11,-1.77,1.15,1.64,3.73,7.33
US-xML,-80.5248,37.3783,2023,1,30,11.97,2.1,5.66,1.73,6.2,0.61
US-xML,-80.5248,37.3783,2023,1,31,6.36,0.34,2.32,1.8,4.12,1.79
US-xML,-80.5248,37.3783,2023,2,1,3.61,-4.13,-3.66,1.79,7.52,2.99
US-xML,-80.5248,37.3783,2023,2,2,4.79,-2.27,-1.89,1.52,6.11,1.36
US-xML,-80.5248,37.3783,2023,2,3,-2.33,-9.19,-10.34,4.73,14.44,0.19
US-xML,-80.5248,37.3783,2023,2,4,5.08,-9.83,-8.21,1.96,14.15,0
US-xML,-80.5248,37.3783,2023,2,5,7.66,-1.73,-0.25,1.95,9.23,0.21
US-xML,-80.5248,37.3783,2023,2,6,6.55,-2.1,-0.81,2.72,14.84,0.25
US-xML,-80.5248,37.3783,2023,2,7,12.7,-2.83,1.24,2,11.9,0
US-xML,-80.5248,37.3783,2023,2,8,15.1,3.97,7.62,1.85,8.84,0.04
US-xML,-80.5248,37.3783,2023,2,9,16.14,5.3,9.54,3.55,7.47,0
US-xML,-80.5248,37.3783,2023,2,10,10.6,2.67,2.04,3.35,12.72,0
US-xML,-80.5248,37.3783,2023,2,11,6.96,-3.48,-2.99,1.8,11.65,0.06
US-xML,-80.5248,37.3783,2023,2,12,1.59,-1.36,-0.48,2.6,2.55,37.26
US-xML,-80.5248,37.3783,2023,2,13,4.85,-6.08,-1.44,3,15.13,0.02
US-xML,-80.5248,37.3783,2023,2,14,12.7,-2.2,1.67,2.09,15.19,0
US-xML,-80.5248,37.3783,2023,2,15,16.95,4.7,8.15,2.58,13.25,0.56
US-xML,-80.5248,37.3783,2023,2,16,16.11,7.96,11.61,2.38,5.18,15.76
US-xML,-80.5248,37.3783,2023,2,17,13.47,-5.65,1.47,4.95,8.1,22.8
US-xML,-80.5248,37.3783,2023,2,18,8.13,-7.1,-6.81,2.47,17.9,0.01
US-xML,-80.5248,37.3783,2023,2,19,13.09,-1.89,0.47,2.19,16.13,0
US-xML,-80.5248,37.3783,2023,2,20,10.89,1.28,5.62,2.29,5.58,1.9
US-xML,-80.5248,37.3783,2023,2,21,13.79,2.63,4.84,3.6,16.3,0.62
US-xML,-80.5248,37.3783,2023,2,22,20.7,3.45,9.35,2.77,11.01,1.2
US-xML,-80.5248,37.3783,2023,2,23,19.83,11.44,12.36,2.75,9.12,2.38
US-xML,-80.5248,37.3783,2023,2,24,13.35,1.77,0.97,3.31,15.16,0.12
US-xML,-80.5248,37.3783,2023,2,25,8.09,1.45,2.35,2.46,4.12,4.29
US-xML,-80.5248,37.3783,2023,2,26,13.85,2.15,3.57,2.19,15.63,0.07
US-xML,-80.5248,37.3783,2023,2,27,15.01,2.43,7.97,3.4,7.9,5.05
US-xML,-80.5248,37.3783,2023,2,28,14.39,3.64,6.26,4.1,18.66,0.39
US-xML,-80.5248,37.3783,2023,3,1,16.79,3.45,6.64,2.43,15.91,0.24
US-xML,-80.5248,37.3783,2023,3,2,13.78,5.64,8.97,2.15,7.5,7.55
US-xML,-80.5248,37.3783,2023,3,3,15.61,5.1,7.79,4.34,2.05,16.06
US-xML,-80.5248,37.3783,2023,3,4,9.85,-0.44,0.75,4.58,16.87,0.29
US-xML,-80.5248,37.3783,2023,3,5,14.09,-2.37,0.21,2.15,19.69,0
US-xML,-80.5248,37.3783,2023,3,6,18.95,-0.58,4.74,2.19,18.62,0
US-xML,-80.5248,37.3783,2023,3,7,10.79,-1.49,3.21,4.28,15.2,0
US-xML,-80.5248,37.3783,2023,3,8,9.12,-5.17,-4.79,2.93,19.52,0
US-xML,-80.5248,37.3783,2023,3,9,14.01,-3.41,-1.71,1.44,18.72,0
US-xML,-80.5248,37.3783,2023,3,10,10.8,0.12,2.58,3.51,8.14,6.46
US-xML,-80.5248,37.3783,2023,3,11,4.28,-2.12,-3.45,3.28,8.87,0.18
US-xML,-80.5248,37.3783,2023,3,12,2.01,-2.11,-1.71,2.14,3.75,4.1
US-xML,-80.5248,37.3783,2023,3,13,6.02,-3.37,-1.97,3.2,9.94,0.89
US-xML,-80.5248,37.3783,2023,3,14,-0.9,-5.15,-7.49,5.01,9.12,0.62
US-xML,-80.5248,37.3783,2023,3,15,5.61,-5.61,-6.99,3.49,22.36,0.01
US-xML,-80.5248,37.3783,2023,3,16,14.79,-3.58,-0.63,1.92,19.45,0
US-xML,-80.5248,37.3783,2023,3,17,13.95,2.02,5.12,2.94,7.31,3.54
US-xML,-80.5248,37.3783,2023,3,18,5.82,-3.69,-5.34,3.89,20.39,0.07
US-xML,-80.5248,37.3783,2023,3,19,0.79,-8.86,-10.91,3.32,21.73,0.01
US-xML,-80.5248,37.3783,2023,3,20,8.6,-7.07,-9.14,1.21,23.75,0
US-xML,-80.5248,37.3783,2023,3,21,13.03,-0.37,-4.09,1.72,22.01,0
US-xML,-80.5248,37.3783,2023,3,22,13.15,0.05,3.91,2.01,7,0.31
US-xML,-80.5248,37.3783,2023,3,23,21.54,6.12,11.46,3.13,14.25,0.34
US-xML,-80.5248,37.3783,2023,3,24,22.6,12.55,13.87,2.55,12.02,2.67
US-xML,-80.5248,37.3783,2023,3,25,19.91,8.91,10.39,4.03,16.7,6.93
US-xML,-80.5248,37.3783,2023,3,26,18.65,2.91,3.93,1.72,23.4,0
US-xML,-80.5248,37.3783,2023,3,27,20.84,6.97,9.08,2.45,18.95,0.05
US-xML,-80.5248,37.3783,2023,3,28,14.27,2.57,3.36,2.14,12.09,0.38
US-xML,-80.5248,37.3783,2023,3,29,12.45,-0.35,-0.98,1.91,22.89,0.01
US-xML,-80.5248,37.3783,2023,3,30,15.39,-0.46,0.6,1.53,23.64,0
US-xML,-80.5248,37.3783,2023,3,31,14.64,2.98,7.29,2.54,5.07,11.27
US-xML,-80.5248,37.3783,2023,4,1,20.2,3.57,7.88,5.07,20.34,13.65
US-xML,-80.5248,37.3783,2023,4,2,13.64,0.41,0.27,2.69,18.56,0.33
US-xML,-80.5248,37.3783,2023,4,3,19.82,0.62,5.64,1.97,16.07,0
US-xML,-80.5248,37.3783,2023,4,4,23.9,7.93,12.81,1.66,20.84,0
US-xML,-80.5248,37.3783,2023,4,5,24.81,12.76,16.33,1.94,16.36,0
US-xML,-80.5248,37.3783,2023,4,6,24.29,8.91,14.31,2.1,10.3,3.33
US-xML,-80.5248,37.3783,2023,4,7,10.7,4.65,4.18,1.83,5.18,12.17
US-xML,-80.5248,37.3783,2023,4,8,6.88,0.05,-0.14,1.8,8.53,0.09
US-xML,-80.5248,37.3783,2023,4,9,15.39,-4.12,-1.75,1.81,26.3,0
US-xML,-80.5248,37.3783,2023,4,10,17.26,-1.24,0.67,1.56,26.4,0
US-xML,-80.5248,37.3783,2023,4,11,19.95,0.32,3.43,1.96,26.53,0
US-xML,-80.5248,37.3783,2023,4,12,22.47,4.71,6.77,2.09,25.98,0
US-xML,-80.5248,37.3783,2023,4,13,25.27,9.46,7.5,1.72,26.48,0
US-xML,-80.5248,37.3783,2023,4,14,21.21,8.93,12.43,1.7,15.98,8.59
US-xML,-80.5248,37.3783,2023,4,15,22.63,9.39,12.04,1.65,17.54,0.18
US-xML,-80.5248,37.3783,2023,4,16,20.76,8,11.96,2.19,14.19,5.9
US-xML,-80.5248,37.3783,2023,4,17,14.58,3.89,1.41,3.65,19.97,0.02
US-xML,-80.5248,37.3783,2023,4,18,17.67,4.26,3.11,3.4,27.37,0
US-xML,-80.5248,37.3783,2023,4,19,24.08,5.08,7.7,1.84,25.97,0
US-xML,-80.5248,37.3783,2023,4,20,26.11,8.06,10.54,1.77,24.78,0
US-xML,-80.5248,37.3783,2023,4,21,24.54,9.49,11.57,1.89,24.62,0.09
US-xML,-80.5248,37.3783,2023,4,22,14.88,4.72,7.66,2.55,10.82,9.28
US-xML,-80.5248,37.3783,2023,4,23,13.9,1.02,1.62,2.24,21.36,0.05
US-xML,-80.5248,37.3783,2023,4,24,12.9,-1.82,-2.27,1.95,28.46,0
US-xML,-80.5248,37.3783,2023,4,25,13.1,-2.19,-2.33,1.14,20.73,0
US-xML,-80.5248,37.3783,2023,4,26,17.21,2.03,4.4,1.28,19.21,0.01
US-xML,-80.5248,37.3783,2023,4,27,18.11,6.59,8.21,1.81,16.46,16.85
US-xML,-80.5248,37.3783,2023,4,28,21.05,10.59,11.98,1.4,8.27,24.24
US-xML,-80.5248,37.3783,2023,4,29,21.12,9.59,11.45,1.61,23.02,0.92
US-xML,-80.5248,37.3783,2023,4,30,15.53,4.63,8.88,2.58,8,8.43
US-xML,-80.5248,37.3783,2023,5,1,12.45,3.5,3.04,3.95,9.21,3.33
US-xML,-80.5248,37.3783,2023,5,2,14.01,5.39,2.28,4.01,22.38,0.69
US-xML,-80.5248,37.3783,2023,5,3,11.09,3.95,2.35,3.84,16,2.37
US-xML,-80.5248,37.3783,2023,5,4,15.65,3.94,3.92,2.36,20.63,0.04
US-xML,-80.5248,37.3783,2023,5,5,20.92,4.14,5.05,0.98,28.02,0
US-xML,-80.5248,37.3783,2023,5,6,23.34,6.96,9.89,1.21,26.42,0
US-xML,-80.5248,37.3783,2023,5,7,21.15,10.99,14.46,2.29,15.92,6.48
US-xML,-80.5248,37.3783,2023,5,8,25.06,14.52,14.59,2.01,23.81,0.83
US-xML,-80.5248,37.3783,2023,5,9,22.74,10.41,14.16,2.23,19.16,2.29
US-xML,-80.5248,37.3783,2023,5,10,24.04,9.5,8.71,0.84,27.5,0.04
US-xML,-80.5248,37.3783,2023,5,11,25.27,8.92,12.74,1.32,26.4,0
US-xML,-80.5248,37.3783,2023,5,12,23.56,13.66,15.66,1.14,17.78,3.79
US-xML,-80.5248,37.3783,2023,5,13,24.42,14.83,17.08,1.57,16.16,3.52
US-xML,-80.5248,37.3783,2023,5,14,23.71,14.82,14.85,1.09,19.34,1.06
US-xML,-80.5248,37.3783,2023,5,15,18.36,13.41,13.96,1.28,5.21,6.95
US-xML,-80.5248,37.3783,2023,5,16,24.35,12.74,15.92,1.88,12.18,16.45
US-xML,-80.5248,37.3783,2023,5,17,21.42,8.71,10.2,2.15,23.95,0.27
US-xML,-80.5248,37.3783,2023,5,18,19.11,7.78,9.39,2.15,21.09,0.04
US-xML,-80.5248,37.3783,2023,5,19,21.72,8.82,11,1.89,22.7,0
US-xML,-80.5248,37.3783,2023,5,20,23.78,12.28,14.36,1.48,14.29,2.32
US-xML,-80.5248,37.3783,2023,5,21,21.99,8.95,8.85,1.64,29.6,0.06
US-xML,-80.5248,37.3783,2023,5,22,22.77,7.12,9.18,1.34,23.63,0
US-xML,-80.5248,37.3783,2023,5,23,20.6,10.7,9.56,1.68,23.14,0
US-xML,-80.5248,37.3783,2023,5,24,22.61,8.25,8.8,1.5,27.58,0
US-xML,-80.5248,37.3783,2023,5,25,20.55,9.69,11.72,1.34,20.92,0.5
US-xML,-80.5248,37.3783,2023,5,26,20.56,8.97,7.21,1.62,27.55,0.02
US-xML,-80.5248,37.3783,2023,5,27,16.42,7.25,5.29,1.91,18.7,0.05
US-xML,-80.5248,37.3783,2023,5,28,18.85,8.25,8.98,1.95,10.25,23.02
US-xML,-80.5248,37.3783,2023,5,29,22.12,10.48,14.43,1.61,11.78,21.26
US-xML,-80.5248,37.3783,2023,5,30,22,14.27,14.73,1.73,18.97,3.79
US-xML,-80.5248,37.3783,2023,5,31,23.79,12.59,13.66,1.4,20.05,0.6
US-xML,-80.5248,37.3783,2023,6,1,24.5,12.69,11.52,1.1,29.2,0.01
US-xML,-80.5248,37.3783,2023,6,2,25.79,12.34,10.64,1.58,30.18,0
US-xML,-80.5248,37.3783,2023,6,3,27.11,11.77,13.65,1.71,21.29,4.24
US-xML,-80.5248,37.3783,2023,6,4,23.86,13.83,15.05,1.09,14.97,0.82
US-xML,-80.5248,37.3783,2023,6,5,24.22,11.68,12.04,1.23,24.28,0.08
US-xML,-80.5248,37.3783,2023,6,6,22.68,8.99,8.03,1.7,22.06,0.01
US-xML,-80.5248,37.3783,2023,6,7,17.56,10.53,11.55,1.82,15.06,1.34
US-xML,-80.5248,37.3783,2023,6,8,19.96,7.16,4.46,2.07,27.48,0.01
US-xML,-80.5248,37.3783,2023,6,9,21.47,8.59,5.97,1.95,23.24,0.01
US-xML,-80.5248,37.3783,2023,6,10,24.93,7.95,9.06,1.6,29.45,0
US-xML,-80.5248,37.3783,2023,6,11,24.87,11.81,13.44,1.81,19.03,0.64
US-xML,-80.5248,37.3783,2023,6,12,20.31,11.67,13.79,2.53,14.03,4.15
US-xML,-80.5248,37.3783,2023,6,13,22.16,9.24,8.49,1.78,26.41,0.1
US-xML,-80.5248,37.3783,2023,6,14,22.73,10.24,10.81,2.27,13.76,0.87
US-xML,-80.5248,37.3783,2023,6,15,25.39,13.77,13.94,1.63,19.68,0.27
US-xML,-80.5248,37.3783,2023,6,16,25.67,13.05,12.31,2.36,23.11,0.09
US-xML,-80.5248,37.3783,2023,6,17,24.67,12.25,10.24,2.05,28,0.11
US-xML,-80.5248,37.3783,2023,6,18,28.6,12.36,10.02,1.02,28.33,0
US-xML,-80.5248,37.3783,2023,6,19,24.26,14.23,15.71,2.1,10.09,9.68
US-xML,-80.5248,37.3783,2023,6,20,20.46,16.44,16.87,2.65,9.83,13.81
US-xML,-80.5248,37.3783,2023,6,21,17.35,12.13,13.82,2.48,8.41,7.09
US-xML,-80.5248,37.3783,2023,6,22,18.69,11.74,14.25,1.66,7.91,11.83
US-xML,-80.5248,37.3783,2023,6,23,24.82,13.45,16.29,1.03,18.35,5.34
US-xML,-80.5248,37.3783,2023,6,24,25.54,15.4,16.8,1.38,17.8,1.68
US-xML,-80.5248,37.3783,2023,6,25,28.17,15.74,16.72,1.41,24.75,0.22
US-xML,-80.5248,37.3783,2023,6,26,28.17,17.18,17.4,1.82,27.01,2.5
US-xML,-80.5248,37.3783,2023,6,27,24.87,16.16,15.5,2.29,11.83,1.4
US-xML,-80.5248,37.3783,2023,6,28,26.19,13.97,13.87,1.75,21.12,0.04
US-xML,-80.5248,37.3783,2023,6,29,29.35,13.86,13.49,1.28,25.67,0.02
US-xML,-80.5248,37.3783,2023,6,30,30.43,17.21,17.18,1.09,20.81,0.98
US-xML,-80.5248,37.3783,2023,7,1,28.77,18.84,19.14,1.16,19.79,0.37
US-xML,-80.5248,37.3783,2023,7,2,30.64,18.07,18.79,1.72,21.68,3.97
US-xML,-80.5248,37.3783,2023,7,3,27.47,18.93,19.3,1.77,20.02,2.22
US-xML,-80.5248,37.3783,2023,7,4,28.45,18.12,18.37,1.64,20.99,1.5
US-xML,-80.5248,37.3783,2023,7,5,28.38,18.12,17.22,1.04,20.69,0.64
US-xML,-80.5248,37.3783,2023,7,6,32.53,16.69,16.92,0.89,24.55,0.84
US-xML,-80.5248,37.3783,2023,7,7,30.75,19.49,18.2,1.38,22.09,0.33
US-xML,-80.5248,37.3783,2023,7,8,31.98,17.07,14.56,0.9,24.05,1.07
US-xML,-80.5248,37.3783,2023,7,9,28.08,17.96,16.65,1.14,15,13.33
US-xML,-80.5248,37.3783,2023,7,10,27.83,16.49,13.91,1.59,27,0.74
US-xML,-80.5248,37.3783,2023,7,11,29.65,15.18,12.61,1.41,27.04,0
US-xML,-80.5248,37.3783,2023,7,12,31.63,16.5,14.01,1.46,26.72,0.03
US-xML,-80.5248,37.3783,2023,7,13,28.67,15.75,18.24,1.59,20.65,23.54
US-xML,-80.5248,37.3783,2023,7,14,29.24,19.36,19.81,1.05,22.47,11.5
US-xML,-80.5248,37.3783,2023,7,15,30.01,18.82,19.7,1.22,19.92,10.82
US-xML,-80.5248,37.3783,2023,7,16,27.96,18.18,18.79,1.78,23.34,7.14
US-xML,-80.5248,37.3783,2023,7,17,28.31,15.91,17.03,1.22,18.95,2.04
US-xML,-80.5248,37.3783,2023,7,18,27.16,17.23,18.49,1.26,25.18,13.13
US-xML,-80.5248,37.3783,2023,7,19,27.84,18.45,19.14,1.44,16.77,9.57
US-xML,-80.5248,37.3783,2023,7,20,26.13,17.81,19.49,1.22,22.49,3.4
US-xML,-80.5248,37.3783,2023,7,21,26.76,16.15,17.52,2.03,23.7,1.38
US-xML,-80.5248,37.3783,2023,7,22,26.27,15.57,15.18,1.2,16.41,0.21
US-xML,-80.5248,37.3783,2023,7,23,26.45,17.18,16,0.7,22.22,2.64
US-xML,-80.5248,37.3783,2023,7,24,28.91,16.42,15.28,0.9,26.12,0.51
US-xML,-80.5248,37.3783,2023,7,25,29.19,16.11,16.6,1.64,24.71,0.41
US-xML,-80.5248,37.3783,2023,7,26,32.31,18.29,17.52,1.1,25.64,0
US-xML,-80.5248,37.3783,2023,7,27,32.89,18.9,17.28,1.78,22.43,0.3
US-xML,-80.5248,37.3783,2023,7,28,34.19,18.96,18.08,1.43,22.47,2.9
US-xML,-80.5248,37.3783,2023,7,29,31.81,19.51,20.16,1.87,23.73,4.4
US-xML,-80.5248,37.3783,2023,7,30,29.59,18.1,16.2,1.33,21.49,0.89
US-xML,-80.5248,37.3783,2023,7,31,27.83,15.44,14.07,1.65,24.54,1.04
US-xML,-80.5248,37.3783,2023,8,1,27.55,12.74,9.69,1.36,23.64,0.02
US-xML,-80.5248,37.3783,2023,8,2,29,13.71,12.62,1.31,20.41,0.27
US-xML,-80.5248,37.3783,2023,8,3,23.33,17.05,18.43,1.3,6.05,15.14
US-xML,-80.5248,37.3783,2023,8,4,29.55,16.98,16.96,1.23,22.41,0.46
US-xML,-80.5248,37.3783,2023,8,5,32.26,16.95,15.65,1.14,24.6,0.01
US-xML,-80.5248,37.3783,2023,8,6,28.35,17.72,19.41,1.37,13.67,8.95
US-xML,-80.5248,37.3783,2023,8,7,28.95,19.37,20.14,1.84,20.85,5.54
US-xML,-80.5248,37.3783,2023,8,8,26.66,16.3,13.96,2.04,22.48,1.1
US-xML,-80.5248,37.3783,2023,8,9,28.26,15.42,15.41,1.56,20.45,0.08
US-xML,-80.5248,37.3783,2023,8,10,25.99,16.9,17.6,2.16,11.28,6.49
US-xML,-80.5248,37.3783,2023,8,11,29.32,15.61,15.14,1.38,23.47,0.09
US-xML,-80.5248,37.3783,2023,8,12,29.98,15.62,17.36,1.6,21.55,0.08
US-xML,-80.5248,37.3783,2023,8,13,31.46,20.01,19.51,1.56,20.81,0.13
US-xML,-80.5248,37.3783,2023,8,14,31.95,19.41,19.55,1.91,13.3,0.71
US-xML,-80.5248,37.3783,2023,8,15,28.59,17.63,16.79,2.1,21.26,2.25
US-xML,-80.5248,37.3783,2023,8,16,27.92,14.53,14.25,1.17,17.26,0.2
US-xML,-80.5248,37.3783,2023,8,17,30.24,14.81,14.3,1.74,23.3,0
US-xML,-80.5248,37.3783,2023,8,18,26.69,13.47,12.56,2.14,23.49,0.04
US-xML,-80.5248,37.3783,2023,8,19,29.6,10.58,7.34,0.8,26.6,0
US-xML,-80.5248,37.3783,2023,8,20,33.82,14.12,11.51,1.3,25.83,0
US-xML,-80.5248,37.3783,2023,8,21,33.42,16.61,14.04,1.49,19.81,0.13
US-xML,-80.5248,37.3783,2023,8,22,32.4,17.8,13.81,1.9,20.02,0
US-xML,-80.5248,37.3783,2023,8,23,32.37,14.43,12.31,0.92,24.44,0
US-xML,-80.5248,37.3783,2023,8,24,27.89,19.37,17.56,1.42,17.75,2.5
US-xML,-80.5248,37.3783,2023,8,25,32.16,19.25,20.46,1.87,13.67,7.17
US-xML,-80.5248,37.3783,2023,8,26,32.14,20.2,18.86,1.29,15.43,2.45
US-xML,-80.5248,37.3783,2023,8,27,27.56,18.31,18.91,0.92,15.94,8.64
US-xML,-80.5248,37.3783,2023,8,28,22.85,18.21,18.7,1.37,7.79,13.93
US-xML,-80.5248,37.3783,2023,8,29,29.19,17.25,19.17,0.78,10.6,4.19
US-xML,-80.5248,37.3783,2023,8,30,26.37,16.48,13.94,1.73,16.23,1.07
US-xML,-80.5248,37.3783,2023,8,31,27.54,12.26,10.9,1.62,23.43,0
US-xML,-80.5248,37.3783,2023,9,1,28.54,11.65,10.08,1.39,24.93,0
US-xML,-80.5248,37.3783,2023,9,2,31.19,11.57,12.97,1.04,23.82,0
US-xML,-80.5248,37.3783,2023,9,3,32.34,15.63,15.38,1.54,21.93,0
US-xML,-80.5248,37.3783,2023,9,4,33.01,16,14.71,1.47,22.68,0
US-xML,-80.5248,37.3783,2023,9,5,34.77,17.15,14.59,1.42,23.48,0
US-xML,-80.5248,37.3783,2023,9,6,34.29,18.55,16.16,1.37,22.48,0.04
US-xML,-80.5248,37.3783,2023,9,7,27.42,18.83,17.47,0.98,15.69,8.55
US-xML,-80.5248,37.3783,2023,9,8,28.62,17.49,17.87,0.97,18.45,9.53
US-xML,-80.5248,37.3783,2023,9,9,24.27,17.02,17.49,1.11,10.45,5.26
US-xML,-80.5248,37.3783,2023,9,10,22.76,17,17.68,1.23,9.05,17.74
US-xML,-80.5248,37.3783,2023,9,11,27.05,15.44,15.21,1.27,18.68,0.29
US-xML,-80.5248,37.3783,2023,9,12,27.29,14.74,16.04,1.23,14.81,4.03
US-xML,-80.5248,37.3783,2023,9,13,25.7,15.32,14.21,1.4,17.64,0.52
US-xML,-80.5248,37.3783,2023,9,14,24.92,11.07,8.89,1.41,21.97,0
US-xML,-80.5248,37.3783,2023,9,15,25.55,8.92,8.23,1.19,22.96,0
US-xML,-80.5248,37.3783,2023,9,16,27.05,11.33,11.37,1.16,21.25,0.17
US-xML,-80.5248,37.3783,2023,9,17,21.77,13.47,15.6,1.4,4.65,15.03
US-xML,-80.5248,37.3783,2023,9,18,21.94,11.41,10.28,2.1,15.33,0.06
US-xML,-80.5248,37.3783,2023,9,19,24.06,8.62,9.49,1.58,17.94,0.01
US-xML,-80.5248,37.3783,2023,9,20,25.92,11.47,10.47,0.91,18.25,0
US-xML,-80.5248,37.3783,2023,9,21,25.86,13.75,11.94,0.93,18.44,0
US-xML,-80.5248,37.3783,2023,9,22,23.28,10.6,8.17,1.6,18.9,0
US-xML,-80.5248,37.3783,2023,9,23,18.21,10.82,11.68,2.27,6.95,6.07
US-xML,-80.5248,37.3783,2023,9,24,23.07,11.21,12.1,1.66,9.49,0.42
US-xML,-80.5248,37.3783,2023,9,25,22.78,12.21,12.87,0.93,7.4,0.45
US-xML,-80.5248,37.3783,2023,9,26,23.12,11.59,13.19,1.64,9.72,0.64
US-xML,-80.5248,37.3783,2023,9,27,23.07,11.7,11.54,1.65,9.29,0.41
US-xML,-80.5248,37.3783,2023,9,28,25.02,11.06,11,1.33,14.17,0.17
US-xML,-80.5248,37.3783,2023,9,29,25.4,11.6,12.2,1.07,17.5,0.01
US-xML,-80.5248,37.3783,2023,9,30,26.55,12.25,12.65,1.4,17.15,0
US-xML,-80.5248,37.3783,2023,10,1,26.71,12.85,11.25,1.26,19.08,0
US-xML,-80.5248,37.3783,2023,10,2,27.88,12.64,10.45,1.2,19.23,0
US-xML,-80.5248,37.3783,2023,10,3,27.37,13.6,12.53,1.13,16.52,0
US-xML,-80.5248,37.3783,2023,10,4,27.86,12.39,12.33,1.38,18.06,0
US-xML,-80.5248,37.3783,2023,10,5,25.01,10.12,10.41,1.62,13.63,0.01
US-xML,-80.5248,37.3783,2023,10,6,24.8,12.64,12.56,1.02,10.49,3.68
US-xML,-80.5248,37.3783,2023,10,7,15.66,6.85,3,3.12,18.17,1.29
US-xML,-80.5248,37.3783,2023,10,8,13.85,3.41,-1.08,2.61,12.34,0.04
US-xML,-80.5248,37.3783,2023,10,9,15.67,1.21,2.72,1.82,6.36,3.8
US-xML,-80.5248,37.3783,2023,10,10,19.35,5.9,4.72,1.74,16.2,0.46
US-xML,-80.5248,37.3783,2023,10,11,18.19,5.32,1.28,1.64,12.82,0
US-xML,-80.5248,37.3783,2023,10,12,25.65,9.2,5.57,0.99,17.71,0.03
US-xML,-80.5248,37.3783,2023,10,13,26.32,11.89,8.04,1.36,17.6,0
US-xML,-80.5248,37.3783,2023,10,14,20.52,9.48,10.97,2.39,9.31,4.69
US-xML,-80.5248,37.3783,2023,10,15,14.07,5.8,4.13,2.88,10.55,1.35
US-xML,-80.5248,37.3783,2023,10,16,12.23,3.91,3.93,2.14,7.59,1.27
US-xML,-80.5248,37.3783,2023,10,17,14.3,5.57,5.13,1.85,6.79,0.62
US-xML,-80.5248,37.3783,2023,10,18,18.43,4.71,3.37,1.31,14.8,0
US-xML,-80.5248,37.3783,2023,10,19,18.91,3.36,5.17,1.94,13.33,0.01
US-xML,-80.5248,37.3783,2023,10,20,13.63,8.28,8.2,2.48,5.86,11.29
US-xML,-80.5248,37.3783,2023,10,21,15.56,6.47,3.64,3.15,15.62,0.63
US-xML,-80.5248,37.3783,2023,10,22,14.3,3.41,3.85,3.08,8.48,0.23
US-xML,-80.5248,37.3783,2023,10,23,22.27,-0.52,-2.19,1.19,17.26,0
US-xML,-80.5248,37.3783,2023,10,24,24.6,3.1,-0.66,1.6,16.35,0
US-xML,-80.5248,37.3783,2023,10,25,25.37,4.54,-1.33,1.71,15.65,0
US-xML,-80.5248,37.3783,2023,10,26,23.3,6.83,6.91,1.38,14.12,0
US-xML,-80.5248,37.3783,2023,10,27,21.89,9.75,11.31,1.51,9.05,0
US-xML,-80.5248,37.3783,2023,10,28,27.1,12.79,13.53,1.57,10.85,0
US-xML,-80.5248,37.3783,2023,10,29,25.74,13.8,13.32,1.75,10.29,0.08
US-xML,-80.5248,37.3783,2023,10,30,18.33,5.28,9.71,2.55,4.31,2.07
US-xML,-80.5248,37.3783,2023,10,31,10.85,1.61,-0.06,1.61,5.32,0.28
US-xML,-80.5248,37.3783,2023,11,1,4.92,-4.5,-7.96,3,11.21,0.04
US-xML,-80.5248,37.3783,2023,11,2,10.9,-3.93,-9.34,1.18,15.29,0
US-xML,-80.5248,37.3783,2023,11,3,17.16,-3.75,-6.52,1.63,15.14,0
US-xML,-80.5248,37.3783,2023,11,4,19.49,-0.75,-5.51,1.83,11.98,0
US-xML,-80.5248,37.3783,2023,11,5,18.38,4.79,1.58,2.08,13.38,0
US-xML,-80.5248,37.3783,2023,11,6,20.05,3.91,2.22,1.79,13.21,0
US-xML,-80.5248,37.3783,2023,11,7,21.74,9.13,9.17,2.18,8.16,0
US-xML,-80.5248,37.3783,2023,11,8,23.27,9.07,10.08,1.86,11.39,0.01
US-xML,-80.5248,37.3783,2023,11,9,21.84,10.31,10.55,2.11,6.71,0.66
US-xML,-80.5248,37.3783,2023,11,10,10.3,2.8,4.57,1.36,3.56,8.08
US-xML,-80.5248,37.3783,2023,11,11,15.17,0.9,-1.49,1.23,12.58,0
US-xML,-80.5248,37.3783,2023,11,12,15.02,-1.02,-1.45,1.2,12.86,0
US-xML,-80.5248,37.3783,2023,11,13,17.31,-1.42,-1.17,2.08,12.97,0
US-xML,-80.5248,37.3783,2023,11,14,16.77,-0.89,-4.63,1.61,11.31,0
US-xML,-80.5248,37.3783,2023,11,15,14.51,1.24,-3.15,1.58,8.6,0
US-xML,-80.5248,37.3783,2023,11,16,19.91,0.25,-3.47,1.85,12.91,0
US-xML,-80.5248,37.3783,2023,11,17,19.84,4.19,8.35,1.65,8.49,5
US-xML,-80.5248,37.3783,2023,11,18,13.82,-1.34,2.57,2.18,10.01,0.62
US-xML,-80.5248,37.3783,2023,11,19,14.76,-2.33,-4.44,1.65,12.71,0
US-xML,-80.5248,37.3783,2023,11,20,11.19,-0.5,-1.8,2.19,6.9,0.02
US-xML,-80.5248,37.3783,2023,11,21,9.97,1.47,4.32,2.52,1.31,30.86
US-xML,-80.5248,37.3783,2023,11,22,7.73,2.2,4.12,2.69,4.09,1.32
US-xML,-80.5248,37.3783,2023,11,23,12.4,0.42,-0.43,2.05,11.97,0.08
US-xML,-80.5248,37.3783,2023,11,24,11.29,0.25,-0.41,1.4,7.17,0
US-xML,-80.5248,37.3783,2023,11,25,9.39,-0.75,-2.91,1.54,6.24,0
US-xML,-80.5248,37.3783,2023,11,26,11.33,-4.16,-2.18,1.74,9.68,0.75
US-xML,-80.5248,37.3783,2023,11,27,5.82,-3.46,-4.28,3.58,7.32,1.57
US-xML,-80.5248,37.3783,2023,11,28,-0.36,-6.9,-11.15,3.58,11.22,0.04
US-xML,-80.5248,37.3783,2023,11,29,6.82,-6.73,-9.59,1.78,11.44,0
US-xML,-80.5248,37.3783,2023,11,30,11.53,-3.43,-2.95,1.84,10.7,0
US-xML,-80.5248,37.3783,2023,12,1,12.32,-1.04,3.24,2.04,3.05,3.36
US-xML,-80.5248,37.3783,2023,12,2,15.62,6.98,10.15,1.16,4.76,9.47
US-xML,-80.5248,37.3783,2023,12,3,15.86,5.79,8.56,2.51,7.64,5.69
US-xML,-80.5248,37.3783,2023,12,4,9.49,-0.44,0.06,1.68,7.77,0.05
US-xML,-80.5248,37.3783,2023,12,5,7.25,-1.74,-0.36,1.23,4.59,0.28
US-xML,-80.5248,37.3783,2023,12,6,3.44,-3.76,-2.59,2.72,5.35,1.8
US-xML,-80.5248,37.3783,2023,12,7,10.16,-4.84,-3.96,1.98,10.45,0
US-xML,-80.5248,37.3783,2023,12,8,16.37,0.14,-0.36,1.68,10.63,0
US-xML,-80.5248,37.3783,2023,12,9,17.49,1.06,6.4,2.28,7.77,0.56
US-xML,-80.5248,37.3783,2023,12,10,11.18,-1.23,6.05,3.01,2.69,44.36
US-xML,-80.5248,37.3783,2023,12,11,1.58,-7.43,-4.65,2.88,4.42,0.52
US-xML,-80.5248,37.3783,2023,12,12,6.49,-7.47,-5.51,1.88,11.02,0
US-xML,-80.5248,37.3783,2023,12,13,7.08,-5.2,-3.92,2.09,10.2,0.04
US-xML,-80.5248,37.3783,2023,12,14,8.3,-5.17,-5.24,1.72,10.89,0
US-xML,-80.5248,37.3783,2023,12,15,12.33,-2.71,-3.74,1.64,10.84,0
US-xML,-80.5248,37.3783,2023,12,16,10.72,-1.05,-2.23,2,8.82,0
US-xML,-80.5248,37.3783,2023,12,17,6.14,2.12,2.99,2.18,2.71,9.16
US-xML,-80.5248,37.3783,2023,12,18,5.83,-4.03,-1.29,4.81,6.45,2.18
US-xML,-80.5248,37.3783,2023,12,19,0.05,-6.06,-8.34,3.36,7.95,0.14
US-xML,-80.5248,37.3783,2023,12,20,8.72,-5.86,-6.48,1.03,10.4,0
US-xML,-80.5248,37.3783,2023,12,21,9.25,-2.21,-3.65,1.61,9,0
US-xML,-80.5248,37.3783,2023,12,22,10.45,-2.13,-1.02,1.38,9,0
US-xML,-80.5248,37.3783,2023,12,23,12.19,-2.21,1.16,1.6,8.57,0.17
US-xML,-80.5248,37.3783,2023,12,24,15.1,0.89,5.02,1.49,9.46,0.09
US-xML,-80.5248,37.3783,2023,12,25,12.7,1.78,4.29,2.66,3.13,5.35
US-xML,-80.5248,37.3783,2023,12,26,9.52,6.15,7.8,2.88,2.12,19.13
US-xML,-80.5248,37.3783,2023,12,27,11.03,6.09,8.4,1.63,4.96,6.39
US-xML,-80.5248,37.3783,2023,12,28,9.53,0.82,2.59,1.71,8.02,0.4
US-xML,-80.5248,37.3783,2023,12,29,5.42,-3.75,-2.83,1.76,2.89,0.22
US-xML,-80.5248,37.3783,2023,12,30,3.51,-2.31,-1.77,2.86,4.18,0.46
US-xML,-80.5248,37.3783,2023,12,31,7.9,-4.63,-1.6,1.92,8.53,0.38
US-xML,-80.5248,37.3783,2024,1,1,1.8,-3.22,-3.44,2.93,4.93,0.32
US-xML,-80.5248,37.3783,2024,1,2,4.48,-4.68,-4.57,2.67,5.84,0.07
US-xML,-80.5248,37.3783,2024,1,3,6.22,-3.28,-3.52,1.66,7.99,0.13
US-xML,-80.5248,37.3783,2024,1,4,1.61,-6.24,-5.32,2.87,5.32,0.04
US-xML,-80.5248,37.3783,2024,1,5,5.03,-6.25,-6.09,1.53,8.06,0
US-xML,-80.5248,37.3783,2024,1,6,1.67,-1.92,-0.94,2.01,3.41,19.56
US-xML,-80.5248,37.3783,2024,1,7,2.72,-2.29,-0.53,3.38,5.77,1.75
US-xML,-80.5248,37.3783,2024,1,8,4.57,-4.96,-3.59,2.5,11.01,0.03
US-xML,-80.5248,37.3783,2024,1,9,12.14,-1.07,3.48,5.16,2.07,38.68
US-xML,-80.5248,37.3783,2024,1,10,2.27,-4.69,-3.29,3.92,3.79,0.67
US-xML,-80.5248,37.3783,2024,1,11,8.43,-4.82,-2.03,2.35,11.86,0
US-xML,-80.5248,37.3783,2024,1,12,6.86,-2.85,-0.48,3.55,6.63,6.3
US-xML,-80.5248,37.3783,2024,1,13,3.49,-4.18,-4.74,4.27,8.09,0.37
US-xML,-80.5248,37.3783,2024,1,14,0.94,-5.32,-7.89,3.65,8.13,0.06
US-xML,-80.5248,37.3783,2024,1,15,-0.85,-4.73,-5.77,0.99,2.83,7.47
US-xML,-80.5248,37.3783,2024,1,16,-2.06,-14.11,-9.98,3.59,5.7,1.45
US-xML,-80.5248,37.3783,2024,1,17,-5.32,-17.2,-14.9,3.16,10.68,0.08
US-xML,-80.5248,37.3783,2024,1,18,1.73,-10.85,-7.38,1.53,6.96,0.22
US-xML,-80.5248,37.3783,2024,1,19,-1.98,-9.05,-6.13,3.64,5.27,1.82
US-xML,-80.5248,37.3783,2024,1,20,-9.32,-12.32,-13.54,4.44,7.24,0.15
US-xML,-80.5248,37.3783,2024,1,21,-2.63,-12.36,-11.58,2.81,11.06,0.01
US-xML,-80.5248,37.3783,2024,1,22,5.44,-11.2,-7.27,1.81,10.27,0
US-xML,-80.5248,37.3783,2024,1,23,7.44,-4.7,0.1,1.84,7.41,0.04
US-xML,-80.5248,37.3783,2024,1,24,10.84,1.37,6.01,2.22,3.6,1.83
US-xML,-80.5248,37.3783,2024,1,25,14.12,6.72,10.65,1.92,4.59,4.72
US-xML,-80.5248,37.3783,2024,1,26,16.32,2.97,10.12,2.51,10.27,0.51
US-xML,-80.5248,37.3783,2024,1,27,13.5,2.4,6.73,2.06,7.37,12.24
US-xML,-80.5248,37.3783,2024,1,28,7.71,-0.35,2.78,3.42,5.91,17.37
US-xML,-80.5248,37.3783,2024,1,29,3.99,-3.73,-2.65,3.84,8.67,0.89
US-xML,-80.5248,37.3783,2024,1,30,4.71,-3.64,-1.91,1.68,8.61,1.12
US-xML,-80.5248,37.3783,2024,1,31,5.84,-2.73,-0.21,1.86,6.23,1.28
US-xML,-80.5248,37.3783,2024,2,1,10.26,-1.89,0.02,2.16,12.85,0.06
US-xML,-80.5248,37.3783,2024,2,2,7.8,-3.73,0.94,2.6,5.65,0
US-xML,-80.5248,37.3783,2024,2,3,9.82,-3.79,-2.51,1.28,14.47,0
US-xML,-80.5248,37.3783,2024,2,4,10.48,-3.45,-2.06,1.98,14.32,0
US-xML,-80.5248,37.3783,2024,2,5,12.11,-2.58,-0.83,1.83,14.63,0
US-xML,-80.5248,37.3783,2024,2,6,10.76,-3.37,-1.5,1.77,14.96,0
US-xML,-80.5248,37.3783,2024,2,7,10.67,-3.84,-4.05,1.36,15.1,0
US-xML,-80.5248,37.3783,2024,2,8,15.61,-3.18,0.17,1.72,12.3,0
US-xML,-80.5248,37.3783,2024,2,9,15.22,2.43,6.08,1.94,6.74,0.51
US-xML,-80.5248,37.3783,2024,2,10,17.92,8.36,10.54,2.78,5.18,5.7
US-xML,-80.5248,37.3783,2024,2,11,13.16,6.67,7.94,1.2,3.82,13.4
US-xML,-80.5248,37.3783,2024,2,12,8.81,5.31,7.08,1.46,2.48,8.06
US-xML,-80.5248,37.3783,2024,2,13,6.57,0.16,-1.01,4.75,15.04,5.6
US-xML,-80.5248,37.3783,2024,2,14,9.15,-1.56,-0.35,2.94,12.06,0
US-xML,-80.5248,37.3783,2024,2,15,13.12,-2.53,1.94,2.96,13.98,0.02
US-xML,-80.5248,37.3783,2024,2,16,6.63,-2.66,-2.36,2.67,10.38,2.52
US-xML,-80.5248,37.3783,2024,2,17,2.74,-6.9,-7.48,4.53,8.56,0.83
US-xML,-80.5248,37.3783,2024,2,18,5.13,-7.14,-8.06,2.99,16.39,0
US-xML,-80.5248,37.3783,2024,2,19,9.24,-4.53,-4.75,1.54,17.39,0
US-xML,-80.5248,37.3783,2024,2,20,9.25,-3.1,-2.13,1.95,15.64,0
US-xML,-80.5248,37.3783,2024,2,21,12.4,-3.22,-0.14,1.79,17.07,0.12
US-xML,-80.5248,37.3783,2024,2,22,15.38,-0.28,4.84,2.5,11.54,3.03
US-xML,-80.5248,37.3783,2024,2,23,12.03,4.07,4.78,2.76,6.76,4.84
US-xML,-80.5248,37.3783,2024,2,24,5.98,-3.93,-0.43,3.24,6.55,1.59
US-xML,-80.5248,37.3783,2024,2,25,10.56,-6.67,-4.22,1.7,17.96,0
US-xML,-80.5248,37.3783,2024,2,26,15.52,-0.3,5.71,2.39,11.38,0.3
US-xML,-80.5248,37.3783,2024,2,27,13.21,5.66,9.23,2.87,4.33,2.96
US-xML,-80.5248,37.3783,2024,2,28,18.31,-2.95,7.8,4.96,3.94,18.86
US-xML,-80.5248,37.3783,2024,2,29,5.36,-5.95,-7.37,3.06,19.51,0
US-xML,-80.5248,37.3783,2024,3,1,5.43,-3.81,-2.65,2.78,9,4.97
US-xML,-80.5248,37.3783,2024,3,2,16.75,1.5,6.49,1.14,11.77,1.34
US-xML,-80.5248,37.3783,2024,3,3,17.27,5.5,8.89,1.87,14.89,0.03
US-xML,-80.5248,37.3783,2024,3,4,19.45,6.11,8.48,1.39,15.93,0.01
US-xML,-80.5248,37.3783,2024,3,5,21.36,4.94,9.59,1.62,15.4,0.22
US-xML,-80.5248,37.3783,2024,3,6,12.54,9.25,10.03,1.22,6.22,14.72
US-xML,-80.5248,37.3783,2024,3,7,16.98,7.04,8.35,2.08,12.44,0.41
US-xML,-80.5248,37.3783,2024,3,8,11.73,7.82,8.99,2.76,6.67,1.23
US-xML,-80.5248,37.3783,2024,3,9,14.45,3.12,7.12,2.99,4.83,19.1
US-xML,-80.5248,37.3783,2024,3,10,4.64,-1.53,-3.45,5.81,15.09,0.62
US-xML,-80.5248,37.3783,2024,3,11,8.79,-4.57,-4.92,3.95,21.99,0
US-xML,-80.5248,37.3783,2024,3,12,16.4,-1.48,0.61,2.55,21.32,0
US-xML,-80.5248,37.3783,2024,3,13,19.35,1.82,3.91,2.21,19.62,0
US-xML,-80.5248,37.3783,2024,3,14,22.24,6.04,9.07,1.93,18.56,0
US-xML,-80.5248,37.3783,2024,3,15,17.16,8.33,12.22,2.45,5.68,2.8
US-xML,-80.5248,37.3783,2024,3,16,17.25,4.67,4.63,2.19,21.33,0.1
US-xML,-80.5248,37.3783,2024,3,17,14.28,3.19,4.05,3.38,15.91,0
US-xML,-80.5248,37.3783,2024,3,18,5.86,-3.45,-4.59,3.62,15.83,0.04
US-xML,-80.5248,37.3783,2024,3,19,8.49,-5.07,-5.48,3.74,21.36,0.01
US-xML,-80.5248,37.3783,2024,3,20,14.09,1.27,0.78,4.55,20.22,0
US-xML,-80.5248,37.3783,2024,3,21,10.99,-5,-4.41,2.01,21.65,0
US-xML,-80.5248,37.3783,2024,3,22,15.16,-1.51,3.75,2.57,16.37,5.34
US-xML,-80.5248,37.3783,2024,3,23,11.53,-3.24,3.12,3.43,6.8,13.52
US-xML,-80.5248,37.3783,2024,3,24,11.93,-6.2,-4.14,2.11,23.72,0
US-xML,-80.5248,37.3783,2024,3,25,13.6,-2.01,-1.23,3.01,22.37,0
US-xML,-80.5248,37.3783,2024,3,26,13.49,1.96,3.7,3.17,4.25,4.9
US-xML,-80.5248,37.3783,2024,3,27,17.98,5.04,7.03,1.35,14.26,2.06
US-xML,-80.5248,37.3783,2024,3,28,10.3,1.23,-1,3.36,23.29,0.04
US-xML,-80.5248,37.3783,2024,3,29,14.69,0.22,2.73,3.67,19.8,0.01
US-xML,-80.5248,37.3783,2024,3,30,19.32,4.94,6.5,2.89,20.97,0.09
US-xML,-80.5248,37.3783,2024,3,31,20.23,9.76,13.18,2.33,10.81,5.22
US-xML,-80.5248,37.3783,2024,4,1,22.04,10.27,14.06,2.05,13.58,3.94
US-xML,-80.5248,37.3783,2024,4,2,23.83,13.3,15.38,2.4,10.39,2.44
US-xML,-80.5248,37.3783,2024,4,3,16.62,3.34,8.01,3.1,12.77,17.29
US-xML,-80.5248,37.3783,2024,4,4,6.84,0.72,-0.44,3.62,14.07,3.05
US-xML,-80.5248,37.3783,2024,4,5,8.35,-0.41,-0.54,3.54,14.22,1.16
US-xML,-80.5248,37.3783,2024,4,6,10.39,-1.34,-0.97,2.94,16.6,0.02
US-xML,-80.5248,37.3783,2024,4,7,17.26,-1.76,0.14,1.28,26.27,0
US-xML,-80.5248,37.3783,2024,4,8,19.76,3.61,8.73,1.77,14.26,0.38
US-xML,-80.5248,37.3783,2024,4,9,16.85,9.26,11.73,1.51,7.67,2.05
US-xML,-80.5248,37.3783,2024,4,10,21.39,8.93,12.26,1.7,10.71,1.32
US-xML,-80.5248,37.3783,2024,4,11,20.13,13.48,15.26,3.62,4.92,27.06
US-xML,-80.5248,37.3783,2024,4,12,12.74,6.6,5.15,4.95,12.77,3.95
US-xML,-80.5248,37.3783,2024,4,13,14.88,5.35,4.08,4.14,25.07,0.54
US-xML,-80.5248,37.3783,2024,4,14,22.9,4.01,9.02,2.62,25.43,0
US-xML,-80.5248,37.3783,2024,4,15,24.38,11.76,14.5,2.29,24.3,0.12
US-xML,-80.5248,37.3783,2024,4,16,21.66,13.33,15.31,1.49,16.84,2.49
US-xML,-80.5248,37.3783,2024,4,17,21.04,12.39,12.86,2.26,13.17,1.81
US-xML,-80.5248,37.3783,2024,4,18,23.06,11.63,11.56,2.62,26.47,0.42
US-xML,-80.5248,37.3783,2024,4,19,22.14,10.6,12.78,2,12.52,3.28
US-xML,-80.5248,37.3783,2024,4,20,17.09,5.52,4.97,2.58,21.88,1.1
US-xML,-80.5248,37.3783,2024,4,21,11.38,1.61,2.13,1.75,12.53,0.29
US-xML,-80.5248,37.3783,2024,4,22,14.64,-1.51,-0.46,1.59,27.91,0
US-xML,-80.5248,37.3783,2024,4,23,19.79,1.69,2.9,2.01,27.26,0
US-xML,-80.5248,37.3783,2024,4,24,18.89,7.17,7.93,2.3,20.25,0.66
US-xML,-80.5248,37.3783,2024,4,25,19.94,6.09,5.89,1.02,26.97,0.03
US-xML,-80.5248,37.3783,2024,4,26,17.64,8.85,9.08,2.44,17.73,0.07
US-xML,-80.5248,37.3783,2024,4,27,22.1,10.73,11.92,1.99,18.55,0.02
US-xML,-80.5248,37.3783,2024,4,28,25.43,9.79,12.82,1.49,24.83,0
US-xML,-80.5248,37.3783,2024,4,29,26.3,10.96,13.15,1.63,27.47,0
US-xML,-80.5248,37.3783,2024,4,30,21.01,10.18,12.94,1.33,13.45,0.75
US-xML,-80.5248,37.3783,2024,5,1,23.91,13.29,10.92,1.5,27.6,0.03
US-xML,-80.5248,37.3783,2024,5,2,27,14.98,12.32,1.17,28.07,0
US-xML,-80.5248,37.3783,2024,5,3,26.05,13.89,15.38,0.99,17.9,0.25
US-xML,-80.5248,37.3783,2024,5,4,20.24,14.24,15.66,1.95,6.18,11.08
US-xML,-80.5248,37.3783,2024,5,5,24.82,12.69,15.01,1.33,19.16,1.89
US-xML,-80.5248,37.3783,2024,5,6,22.09,15.34,16.67,1.13,12,9.63
US-xML,-80.5248,37.3783,2024,5,7,25.53,14.05,16.26,1.67,16.27,1.69
US-xML,-80.5248,37.3783,2024,5,8,23.27,15.35,17.66,1.77,16.43,2.63
US-xML,-80.5248,37.3783,2024,5,9,22.37,14.34,15.58,2.04,17.58,3.54
US-xML,-80.5248,37.3783,2024,5,10,18.26,7.17,10.33,2.88,14.78,0.93
US-xML,-80.5248,37.3783,2024,5,11,18.4,6.93,7.92,2.04,19.78,1.98
US-xML,-80.5248,37.3783,2024,5,12,18.45,7.21,5.69,2.4,30.08,0.06
US-xML,-80.5248,37.3783,2024,5,13,21.77,6.67,8.44,1.85,22.82,0.65
US-xML,-80.5248,37.3783,2024,5,14,18.9,13.28,14.54,1.8,5.14,8.34
US-xML,-80.5248,37.3783,2024,5,15,21.36,12.36,14.04,1.06,14.51,15.61
US-xML,-80.5248,37.3783,2024,5,16,23.3,12.5,13.82,1.42,20.84,0.62
US-xML,-80.5248,37.3783,2024,5,17,23.69,12.73,14.81,1.16,9.86,14.5
US-xML,-80.5248,37.3783,2024,5,18,24.24,14.24,15.47,0.88,17.47,13.29
US-xML,-80.5248,37.3783,2024,5,19,25.03,13.07,14.62,1.26,23.57,0.57
US-xML,-80.5248,37.3783,2024,5,20,26.13,12.75,14.73,1.21,27.59,0.07
US-xML,-80.5248,37.3783,2024,5,21,29.94,13.17,15.35,0.94,26.17,0.02
US-xML,-80.5248,37.3783,2024,5,22,26.76,15.72,17.89,1.36,24.08,2.37
US-xML,-80.5248,37.3783,2024,5,23,25.36,16.37,17.2,1.35,17.8,4.6
US-xML,-80.5248,37.3783,2024,5,24,24.89,15.22,16.24,1.26,23.65,6.87
US-xML,-80.5248,37.3783,2024,5,25,26.1,15.25,16.61,1.41,18.63,1.47
US-xML,-80.5248,37.3783,2024,5,26,26.95,15.74,17.52,1.28,22.66,7.3
US-xML,-80.5248,37.3783,2024,5,27,24.5,16.36,17.3,2.18,20.78,8.57
US-xML,-80.5248,37.3783,2024,5,28,22.77,13.11,13.51,2.05,23.08,0.53
US-xML,-80.5248,37.3783,2024,5,29,20.59,11.76,11.68,2.13,24.28,1.2
US-xML,-80.5248,37.3783,2024,5,30,19.92,7.86,9.07,2.17,28.1,0.15
US-xML,-80.5248,37.3783,2024,5,31,22.64,5.34,4.8,1.16,31.3,0
US-xML,-80.5248,37.3783,2024,6,1,22.86,8.71,9.19,1.62,26.32,0.59
US-xML,-80.5248,37.3783,2024,6,2,23.12,10.71,14.16,1.57,12.82,3.11
US-xML,-80.5248,37.3783,2024,6,3,25.31,14.03,17.17,1.2,17.96,4.68
US-xML,-80.5248,37.3783,2024,6,4,26.61,15.6,17.77,1.33,23.74,2.15
US-xML,-80.5248,37.3783,2024,6,5,25.72,18.03,18.97,1.73,17.28,10.75
US-xML,-80.5248,37.3783,2024,6,6,26.22,15.96,17.98,2.08,18.23,4.08
US-xML,-80.5248,37.3783,2024,6,7,23.99,12.8,12.78,2.37,29.63,0.16
US-xML,-80.5248,37.3783,2024,6,8,25.1,10.81,11.43,1.77,27.5,0
US-xML,-80.5248,37.3783,2024,6,9,25.37,13.5,13.26,2.43,20.94,0.05
US-xML,-80.5248,37.3783,2024,6,10,22.38,11.94,11.43,2.01,21.21,0.21
US-xML,-80.5248,37.3783,2024,6,11,23.35,10.72,9.59,1.33,23.59,0.03
US-xML,-80.5248,37.3783,2024,6,12,27.34,10.62,12.69,1.05,25.36,0
US-xML,-80.5248,37.3783,2024,6,13,29.4,15.26,15.19,1.2,26.04,0.05
US-xML,-80.5248,37.3783,2024,6,14,30.07,15.7,16.35,1.45,21.32,0
US-xML,-80.5248,37.3783,2024,6,15,27.87,14.73,12.2,1.55,30.89,0.01
US-xML,-80.5248,37.3783,2024,6,16,30.47,13.07,14.84,1.69,21.16,0
US-xML,-80.5248,37.3783,2024,6,17,32.38,18.07,18.7,1.03,22.49,1.88
US-xML,-80.5248,37.3783,2024,6,18,31.2,19.25,18.85,1.55,24.89,0.26
US-xML,-80.5248,37.3783,2024,6,19,30.84,15.95,15.41,1.43,26.38,0
US-xML,-80.5248,37.3783,2024,6,20,31.84,18.64,14.61,1.06,27.98,0
US-xML,-80.5248,37.3783,2024,6,21,34.6,16.54,15.65,0.94,28.39,0
US-xML,-80.5248,37.3783,2024,6,22,35.33,18.21,14.41,1.19,29.35,0
US-xML,-80.5248,37.3783,2024,6,23,32.62,19.12,16.2,2.22,22.17,2.2
US-xML,-80.5248,37.3783,2024,6,24,28.83,17.95,15.47,2.31,27.37,0.95
US-xML,-80.5248,37.3783,2024,6,25,32.98,16.23,12.98,1.3,28.51,0
US-xML,-80.5248,37.3783,2024,6,26,34.08,19.75,16.23,1.53,23.95,6.42
US-xML,-80.5248,37.3783,2024,6,27,29.29,17.65,16.93,1.28,24.62,8.39
US-xML,-80.5248,37.3783,2024,6,28,29.9,15.92,15.7,1.92,23.46,0.01
US-xML,-80.5248,37.3783,2024,6,29,31.15,18.99,19.33,1.66,20.67,3.39
US-xML,-80.5248,37.3783,2024,6,30,32.44,19.7,20.8,1.67,20.44,3.58
US-xML,-80.5248,37.3783,2024,7,1,27.13,13.95,8.46,1.88,31.7,0.03
US-xML,-80.5248,37.3783,2024,7,2,29.92,11.26,9.29,1.64,30.89,0
US-xML,-80.5248,37.3783,2024,7,3,33.64,16.39,13.56,1.37,24.66,0.01
US-xML,-80.5248,37.3783,2024,7,4,31.62,19.76,19.26,1.43,16.12,10.12
US-xML,-80.5248,37.3783,2024,7,5,33.88,19.47,20.15,1.36,20.01,11.35
US-xML,-80.5248,37.3783,2024,7,6,32.38,20.09,17.45,1.4,23.63,1.58
US-xML,-80.5248,37.3783,2024,7,7,32.98,18.21,16.76,1.17,21.03,0.2
US-xML,-80.5248,37.3783,2024,7,8,34.44,19.78,18.65,0.82,25.12,0.62
US-xML,-80.5248,37.3783,2024,7,9,33.49,20.91,19.28,1.06,23.52,0.4
US-xML,-80.5248,37.3783,2024,7,10,33.35,19.37,17.55,2.48,25.82,0.03
US-xML,-80.5248,37.3783,2024,7,11,31.01,16.52,12.54,1.78,28.45,0
US-xML,-80.5248,37.3783,2024,7,12,32.1,16.72,16.2,1.27,19.74,0.14
US-xML,-80.5248,37.3783,2024,7,13,34.4,18.64,15.97,1.04,25.46,0.07
US-xML,-80.5248,37.3783,2024,7,14,33.5,19.75,16.11,1.6,26.6,0.07
US-xML,-80.5248,37.3783,2024,7,15,35.85,19.43,15.09,1.62,27.25,0.57
US-xML,-80.5248,37.3783,2024,7,16,36.49,19.95,17.69,1.53,23.85,4.77
US-xML,-80.5248,37.3783,2024,7,17,31.8,20.41,20.3,1.51,20.82,6.93
US-xML,-80.5248,37.3783,2024,7,18,26.32,18.1,19.04,1.27,13.96,12.17
US-xML,-80.5248,37.3783,2024,7,19,30.88,16.52,15.72,0.97,21.36,1.02
US-xML,-80.5248,37.3783,2024,7,20,27.18,17.81,18.17,0.9,11.35,8.72
US-xML,-80.5248,37.3783,2024,7,21,29.88,16.51,17.74,0.82,19.94,1.87
US-xML,-80.5248,37.3783,2024,7,22,27.84,18.72,19.54,1.02,14.08,10.52
US-xML,-80.5248,37.3783,2024,7,23,28.94,18.09,18.01,0.76,16.46,2.65
US-xML,-80.5248,37.3783,2024,7,24,26.4,18.63,18.86,0.84,12.33,5.99
US-xML,-80.5248,37.3783,2024,7,25,29.18,18.55,18.16,1.21,13.87,2.32
US-xML,-80.5248,37.3783,2024,7,26,30.01,17.77,15.02,0.97,19.75,0.32
US-xML,-80.5248,37.3783,2024,7,27,30.63,16.61,15.59,0.99,22.33,0.49
US-xML,-80.5248,37.3783,2024,7,28,32.77,16.13,15.83,1.07,24.91,0.07
US-xML,-80.5248,37.3783,2024,7,29,28.67,19.38,18.84,0.91,10.91,8.11
US-xML,-80.5248,37.3783,2024,7,30,27.06,18.4,20,1.51,16.99,4.67
US-xML,-80.5248,37.3783,2024,7,31,31.2,19.05,19.5,1.37,22.6,1.49
US-xML,-80.5248,37.3783,2024,8,1,32.41,20.51,20.01,1.48,20.92,0.27
US-xML,-80.5248,37.3783,2024,8,2,32.98,20.71,19.31,1.43,17.64,0.53
US-xML,-80.5248,37.3783,2024,8,3,29.93,19.59,19.49,1.41,19.22,11.28
US-xML,-80.5248,37.3783,2024,8,4,31.3,18.07,16.92,1.4,23.19,0.13
US-xML,-80.5248,37.3783,2024,8,5,33.86,19.16,15.66,0.88,25.26,0
US-xML,-80.5248,37.3783,2024,8,6,33.17,19.36,18.01,1.23,21.59,0.01
US-xML,-80.5248,37.3783,2024,8,7,32.08,18.98,18.85,1.59,21.92,1.29
US-xML,-80.5248,37.3783,2024,8,8,27.12,20.24,20.39,2.58,5.82,28.78
US-xML,-80.5248,37.3783,2024,8,9,30.87,19.16,19.29,2.15,19.21,3.22
US-xML,-80.5248,37.3783,2024,8,10,30.03,16.19,13.64,1.52,24.33,0
US-xML,-80.5248,37.3783,2024,8,11,27.4,13.78,11.03,1.41,20.93,0
US-xML,-80.5248,37.3783,2024,8,12,27.75,13.46,10.66,1.56,23.1,0
US-xML,-80.5248,37.3783,2024,8,13,27.15,15.21,11.29,1.1,19.69,0.18
US-xML,-80.5248,37.3783,2024,8,14,29.93,14.14,12.32,1.14,24.3,0.01
US-xML,-80.5248,37.3783,2024,8,15,30.02,15.38,14.67,1.05,23.43,0.05
US-xML,-80.5248,37.3783,2024,8,16,26.81,17.08,17.97,1.3,9.55,5.42
US-xML,-80.5248,37.3783,2024,8,17,31.64,19.62,18.07,1.39,22.22,4.76
US-xML,-80.5248,37.3783,2024,8,18,28.69,17.77,16.87,1.59,17.69,2.14
US-xML,-80.5248,37.3783,2024,8,19,26.11,17.02,15.82,1.87,15.64,2.88
US-xML,-80.5248,37.3783,2024,8,20,23.54,11.05,8.92,1.88,18.64,0.03
US-xML,-80.5248,37.3783,2024,8,21,24.56,8.67,5.17,1.44,26.16,0
US-xML,-80.5248,37.3783,2024,8,22,27.05,10.4,6.35,1.12,25.98,0
US-xML,-80.5248,37.3783,2024,8,23,29.84,11.39,11.31,1.23,25.6,0
US-xML,-80.5248,37.3783,2024,8,24,31.32,12.57,11.31,1,23.98,0
US-xML,-80.5248,37.3783,2024,8,25,33.22,14.29,11.81,1.03,24.76,0
US-xML,-80.5248,37.3783,2024,8,26,34.29,15.73,14,1.12,23.17,0
US-xML,-80.5248,37.3783,2024,8,27,34.76,17.73,14.81,1.19,22.48,0
US-xML,-80.5248,37.3783,2024,8,28,35.29,18.74,14.15,1.26,22.59,0
US-xML,-80.5248,37.3783,2024,8,29,34.51,19.22,17.89,0.78,18.08,10.37
US-xML,-80.5248,37.3783,2024,8,30,34.34,19.33,17.81,0.91,18.78,1.97
US-xML,-80.5248,37.3783,2024,8,31,32.36,19,18.95,0.77,16.6,13.66
US-xML,-80.5248,37.3783,2024,9,1,29.2,19.16,18.39,1.08,10.87,2.34
US-xML,-80.5248,37.3783,2024,9,2,27.15,12.84,12.94,1.81,19.93,0.42
US-xML,-80.5248,37.3783,2024,9,3,25.23,10.17,6.44,1.56,23.86,0
US-xML,-80.5248,37.3783,2024,9,4,24.69,10.71,5.06,1.45,20.5,0
US-xML,-80.5248,37.3783,2024,9,5,26.72,9.88,8.19,1.28,22.65,0
US-xML,-80.5248,37.3783,2024,9,6,30.45,11.02,9.52,1.11,24.23,0
US-xML,-80.5248,37.3783,2024,9,7,23.31,10.07,8.18,2.24,20.48,0.69
US-xML,-80.5248,37.3783,2024,9,8,22.91,5.84,1,1.57,24.77,0
US-xML,-80.5248,37.3783,2024,9,9,26.41,7.82,0.27,1.61,22.68,0
US-xML,-80.5248,37.3783,2024,9,10,29.51,9.96,2.62,1.4,24.25,0
US-xML,-80.5248,37.3783,2024,9,11,28.69,12.15,6.65,1.59,23.65,0
US-xML,-80.5248,37.3783,2024,9,12,25.79,11.92,9.42,1.97,20.18,0
US-xML,-80.5248,37.3783,2024,9,13,23.51,14.82,13.73,1.85,8.81,0.02
US-xML,-80.5248,37.3783,2024,9,14,26.42,15.8,13.53,2.07,16.47,0.02
US-xML,-80.5248,37.3783,2024,9,15,26.74,13.35,11.73,1.95,19.76,0
US-xML,-80.5248,37.3783,2024,9,16,20.47,13,8.48,1.63,13.07,2.5
US-xML,-80.5248,37.3783,2024,9,17,24.39,14.05,16.25,2.62,6.98,8.92
US-xML,-80.5248,37.3783,2024,9,18,27.36,16.88,17.37,1.23,11.44,5.98
US-xML,-80.5248,37.3783,2024,9,19,28.24,16.63,15.9,1.18,15.09,2.91
US-xML,-80.5248,37.3783,2024,9,20,29.68,15.34,14.7,0.96,17.5,0.08
US-xML,-80.5248,37.3783,2024,9,21,31.51,16.2,15.67,1.19,16.3,0.04
US-xML,-80.5248,37.3783,2024,9,22,32.1,15.48,13.24,1.15,19.84,0.29
US-xML,-80.5248,37.3783,2024,9,23,29.79,17.79,16.48,1.48,12.97,0.98
US-xML,-80.5248,37.3783,2024,9,24,29.27,17.96,17.06,1.44,9.22,2.28
US-xML,-80.5248,37.3783,2024,9,25,25.33,19.03,18.72,1.78,7.51,28.05
US-xML,-80.5248,37.3783,2024,9,26,21.74,18.87,19.29,2.49,6.92,51.92
US-xML,-80.5248,37.3783,2024,9,27,25.38,17.83,19.77,3.83,4,37.27
US-xML,-80.5248,37.3783,2024,9,28,22.69,15.53,16.39,1.87,9.46,0.6
US-xML,-80.5248,37.3783,2024,9,29,23.23,16.33,17.49,1.26,5.79,8.43
US-xML,-80.5248,37.3783,2024,9,30,23.06,15.78,17.4,0.99,7.79,7.2
US-xML,-80.5248,37.3783,2024,10,1,24.81,15.99,17.21,0.89,9.33,5.37
US-xML,-80.5248,37.3783,2024,10,2,23.97,14.36,15.65,1.29,10.99,0.47
US-xML,-80.5248,37.3783,2024,10,3,25.62,13.83,16.1,1.09,16.4,0.07
US-xML,-80.5248,37.3783,2024,10,4,25.71,14.99,17.03,1.15,10.82,0.19
US-xML,-80.5248,37.3783,2024,10,5,24.41,11.31,11.22,1.32,18.66,0
US-xML,-80.5248,37.3783,2024,10,6,24.89,9.81,13.25,1.41,18.17,0.22
US-xML,-80.5248,37.3783,2024,10,7,19.86,8.06,10.19,1.9,19.11,0.37
US-xML,-80.5248,37.3783,2024,10,8,19.28,7.27,5.48,1.55,18.94,0
US-xML,-80.5248,37.3783,2024,10,9,19.48,4.5,5.06,1.96,18.79,0
US-xML,-80.5248,37.3783,2024,10,10,18.48,3.64,3.09,1.82,19.17,0
US-xML,-80.5248,37.3783,2024,10,11,19.26,4.49,2.49,1.67,18.5,0
US-xML,-80.5248,37.3783,2024,10,12,22.46,4.96,6.4,1.64,17.22,0
US-xML,-80.5248,37.3783,2024,10,13,23.64,7.79,10.94,2.28,15.23,0.17
US-xML,-80.5248,37.3783,2024,10,14,15.94,4.86,4.11,3.18,14.88,0.07
US-xML,-80.5248,37.3783,2024,10,15,10.06,4.43,4.01,1.92,6.87,1.6
US-xML,-80.5248,37.3783,2024,10,16,9.6,0.93,1.09,2.41,9.32,0.31
US-xML,-80.5248,37.3783,2024,10,17,13.77,-1.42,0.47,1.92,15.78,0
US-xML,-80.5248,37.3783,2024,10,18,18.68,2.05,0.42,1.36,17.58,0
US-xML,-80.5248,37.3783,2024,10,19,20.94,6.01,4.95,0.76,17.33,0
US-xML,-80.5248,37.3783,2024,10,20,22.74,4.48,3.46,1.81,17.03,0
US-xML,-80.5248,37.3783,2024,10,21,23.12,7.34,3.63,1.19,16.83,0
US-xML,-80.5248,37.3783,2024,10,22,23.37,7.32,4.63,1.39,16.86,0
US-xML,-80.5248,37.3783,2024,10,23,23.54,5.75,8.41,1.8,15.95,0
US-xML,-80.5248,37.3783,2024,10,24,19.48,7.54,5.63,1.78,16.43,0
US-xML,-80.5248,37.3783,2024,10,25,21.52,3.2,6.72,1.72,12.05,0.06
US-xML,-80.5248,37.3783,2024,10,26,18.65,4.35,8.74,1.85,7.3,0.13
US-xML,-80.5248,37.3783,2024,10,27,14.52,2.28,2.49,1.47,11.96,0
US-xML,-80.5248,37.3783,2024,10,28,19.4,1.99,6.1,1.47,14.61,0
US-xML,-80.5248,37.3783,2024,10,29,23.32,8.26,9.84,1.27,13.77,0
US-xML,-80.5248,37.3783,2024,10,30,23.75,9.04,12.47,1.53,14.37,0
US-xML,-80.5248,37.3783,2024,10,31,24.52,10.13,12.52,1.87,14.44,0.01
US-xML,-80.5248,37.3783,2024,11,1,20.84,6.85,11.01,1.99,5.28,0.72
US-xML,-80.5248,37.3783,2024,11,2,20.77,3.43,0.71,1.22,14.76,0
US-xML,-80.5248,37.3783,2024,11,3,18.68,3.37,3.93,1.78,13.72,0
US-xML,-80.5248,37.3783,2024,11,4,17.97,4.46,5.71,1.97,10.61,0
US-xML,-80.5248,37.3783,2024,11,5,21.35,9.52,13.03,2.19,4.27,0.73
US-xML,-80.5248,37.3783,2024,11,6,24.51,13.5,15.11,1.85,9.32,0.09
US-xML,-80.5248,37.3783,2024,11,7,25.14,14.41,15.51,1.38,7.51,0.44
US-xML,-80.5248,37.3783,2024,11,8,21.09,8.28,8.42,1.83,11.48,0.02
US-xML,-80.5248,37.3783,2024,11,9,16.89,3.92,1.91,1.76,12.94,0
US-xML,-80.5248,37.3783,2024,11,10,17.6,6.05,6.02,2.26,3.94,2.73
US-xML,-80.5248,37.3783,2024,11,11,19.8,7.97,9.5,2.1,10.6,1.11
US-xML,-80.5248,37.3783,2024,11,12,15.66,2.72,1.67,1.99,13.4,0.01
US-xML,-80.5248,37.3783,2024,11,13,12.05,-0.63,-4.06,2.34,12.95,0
US-xML,-80.5248,37.3783,2024,11,14,4.11,1.62,1.12,1.95,2.75,28.92
US-xML,-80.5248,37.3783,2024,11,15,10.3,3.55,6.82,2.28,5.04,1.3
US-xML,-80.5248,37.3783,2024,11,16,14.88,2.05,3.77,2.07,9.68,0.22
US-xML,-80.5248,37.3783,2024,11,17,17.57,-0.12,2.9,1.68,11.37,0
US-xML,-80.5248,37.3783,2024,11,18,17.22,5.36,8.08,1.44,6.16,0.02
US-xML,-80.5248,37.3783,2024,11,19,15.9,7.24,10.23,1.29,4.63,7.01
US-xML,-80.5248,37.3783,2024,11,20,18.83,1.67,9.41,2.4,5.3,2.5
US-xML,-80.5248,37.3783,2024,11,21,6.49,-3.04,-3,2.96,4.72,0.47
US-xML,-80.5248,37.3783,2024,11,22,2.63,-3.23,-2.8,3.98,4.18,1.86
US-xML,-80.5248,37.3783,2024,11,23,6.81,1.6,1.63,3.74,6.2,1.43
US-xML,-80.5248,37.3783,2024,11,24,13.92,-0.55,0.51,2.09,10.18,0.02
US-xML,-80.5248,37.3783,2024,11,25,18.65,-0.37,5.67,2.06,10.09,0.04
US-xML,-80.5248,37.3783,2024,11,26,12.11,-0.08,3.86,2.66,10.75,3.62
US-xML,-80.5248,37.3783,2024,11,27,11.32,-1.45,-1.43,1.82,5.93,0.01
US-xML,-80.5248,37.3783,2024,11,28,7.91,-0.61,2.6,3.18,5.61,4.58
US-xML,-80.5248,37.3783,2024,11,29,1.46,-3.36,-5.63,2.94,3.87,0.45
US-xML,-80.5248,37.3783,2024,11,30,1.3,-7.15,-11.22,2.95,11.76,0.02
US-xML,-80.5248,37.3783,2024,12,1,2.23,-4.22,-5.23,2.27,4.22,0.63
US-xML,-80.5248,37.3783,2024,12,2,0.22,-6.04,-10.97,2.16,8.99,0.03
US-xML,-80.5248,37.3783,2024,12,3,0.06,-9.96,-9.55,2.07,7.89,0.01
US-xML,-80.5248,37.3783,2024,12,4,5.2,-10.92,-7.14,2.48,3.59,0.07
US-xML,-80.5248,37.3783,2024,12,5,2.45,-8.8,-9.7,4.81,9.17,0.78
US-xML,-80.5248,37.3783,2024,12,6,-0.74,-9.62,-11.67,2.55,10.69,0.04
US-xML,-80.5248,37.3783,2024,12,7,5.45,-9.17,-9.12,2,10.14,0
US-xML,-80.5248,37.3783,2024,12,8,11.3,-1.14,-0.93,2.78,10.36,0.01
US-xML,-80.5248,37.3783,2024,12,9,14.28,1.38,6.63,2.28,4.95,9.1
US-xML,-80.5248,37.3783,2024,12,10,16.67,3.69,9.13,1.91,6.21,11.17
US-xML,-80.5248,37.3783,2024,12,11,10.13,-2.87,0.47,3.61,6.74,14.23
US-xML,-80.5248,37.3783,2024,12,12,2.06,-5.06,-8.04,3.16,11.07,0.01
US-xML,-80.5248,37.3783,2024,12,13,6.39,-4.88,-2.75,1.31,7.38,0
US-xML,-80.5248,37.3783,2024,12,14,4.19,-4.21,-3.05,2.09,9.15,0.01
US-xML,-80.5248,37.3783,2024,12,15,3.01,-2.15,-0.38,2.53,2.54,13.2
US-xML,-80.5248,37.3783,2024,12,16,9.32,0.76,4.59,1.47,3.12,1.77
US-xML,-80.5248,37.3783,2024,12,17,13.68,2.98,6.09,2.08,4.41,0.71
US-xML,-80.5248,37.3783,2024,12,18,14.87,0.83,5.92,2.44,4,4.63
US-xML,-80.5248,37.3783,2024,12,19,6.71,-0.92,-1.67,1.75,7.9,0.11
US-xML,-80.5248,37.3783,2024,12,20,6.25,-1.9,-1.22,2.07,5.39,1.68
US-xML,-80.5248,37.3783,2024,12,21,0.32,-6.59,-7.46,3.16,6.32,0.41
US-xML,-80.5248,37.3783,2024,12,22,1.24,-7.46,-10.88,1.22,10.85,0
US-xML,-80.5248,37.3783,2024,12,23,3.94,-8.48,-7.19,1.67,10.58,0
US-xML,-80.5248,37.3783,2024,12,24,4.86,-5.26,-1.73,1.66,3.64,0.17
US-xML,-80.5248,37.3783,2024,12,25,8.61,-0.89,1.4,1.27,8.12,0
US-xML,-80.5248,37.3783,2024,12,26,8.19,-1.68,0.55,1.41,8.44,0
US-xML,-80.5248,37.3783,2024,12,27,5.53,-1.83,-0.78,2.53,4.34,1.29
US-xML,-80.5248,37.3783,2024,12,28,12.62,2.02,6.86,1.93,7.08,9.15
US-xML,-80.5248,37.3783,2024,12,29,15.13,6.65,10.01,4.18,2.9,10.97
US-xML,-80.5248,37.3783,2024,12,30,9.3,0.55,3.65,2.41,6.27,0.18
US-xML,-80.5248,37.3783,2024,12,31,8.8,0.29,4.49,2.77,5.54,2.28
