site_id,LON,LAT,YEAR,MO,DY,T2M_MAX,T2M_MIN,T2MDEW,WS10M,ALLSKY_SFC_SW_DWN,PRECTOTCORR
JP-Tak,137.423111,36.146167,2001,1,1,-3.36,-8.47,-7.98,6.34,6.01,0.99
JP-Tak,137.423111,36.146167,2001,1,2,-1.27,-7.46,-4.72,6.35,2.33,4.76
JP-Tak,137.423111,36.146167,2001,1,3,-4.89,-8.55,-8.06,8.98,5.46,3.71
JP-Tak,137.423111,36.146167,2001,1,4,-6.07,-9.96,-9.2,7.62,3.27,6.36
JP-Tak,137.423111,36.146167,2001,1,5,-4.89,-10.56,-8.91,5.62,4.17,5.76
JP-Tak,137.423111,36.146167,2001,1,6,-7.69,-13.83,-11.17,5.55,6,1.12
JP-Tak,137.423111,36.146167,2001,1,7,-2.19,-13.46,-7.19,2.44,3.93,10.61
JP-Tak,137.423111,36.146167,2001,1,8,-1.18,-7.7,-4.67,4.17,3.32,14.27
JP-Tak,137.423111,36.146167,2001,1,9,1.31,-8.51,-3.77,3.81,6.15,8.3
JP-Tak,137.423111,36.146167,2001,1,10,2.85,-7.88,-2.49,4.5,3.47,14.67
JP-Tak,137.423111,36.146167,2001,1,11,-0.77,-11.56,-6.68,4,6.74,1.76
JP-Tak,137.423111,36.146167,2001,1,12,-4.96,-7.38,-7.57,6.19,4.56,4.2
JP-Tak,137.423111,36.146167,2001,1,13,-4.83,-8.78,-7.99,2.34,4.81,5.31
JP-Tak,137.423111,36.146167,2001,1,14,-8.66,-15,-11.64,3.55,4.98,6.25
JP-Tak,137.423111,36.146167,2001,1,15,-8.62,-14.93,-12.39,3.26,5.49,6.36
JP-Tak,137.423111,36.146167,2001,1,16,-7.67,-15.8,-13.12,2.15,6.14,3.25
JP-Tak,137.423111,36.146167,2001,1,17,-7.66,-15,-11.87,3.58,6.03,2.49
JP-Tak,137.423111,36.146167,2001,1,18,-3.31,-14.75,-8.8,4.81,2.62,4.49
JP-Tak,137.423111,36.146167,2001,1,19,-6.71,-13.52,-11.73,4,6.61,0.04
JP-Tak,137.423111,36.146167,2001,1,20,-3.46,-13.12,-9.94,1.37,4.96,15.57
JP-Tak,137.423111,36.146167,2001,1,21,-3.35,-12.31,-7.41,4.44,7.1,0.93
JP-Tak,137.423111,36.146167,2001,1,22,-3.67,-12.01,-8.42,2.75,5.89,0.43
JP-Tak,137.423111,36.146167,2001,1,23,-3.11,-12.71,-9.08,2.87,4.94,1.19
JP-Tak,137.423111,36.146167,2001,1,24,-4.57,-14.33,-11.42,2.88,8.57,0.03
JP-Tak,137.423111,36.146167,2001,1,25,-0.04,-10.45,-3.87,2.06,4.13,15.25
JP-Tak,137.423111,36.146167,2001,1,26,-1.02,-4.74,-3.26,3.8,5.15,10.12
JP-Tak,137.423111,36.146167,2001,1,27,-3.34,-7.58,-5.87,4.29,1.39,36.78
JP-Tak,137.423111,36.146167,2001,1,28,-2.11,-6.37,-4.75,4.86,4.2,3.45
JP-Tak,137.423111,36.146167,2001,1,29,-5.43,-10.89,-8.56,4.03,7.2,2.71
JP-Tak,137.423111,36.146167,2001,1,30,-3.55,-10.44,-7.89,2.73,5.92,3.21
JP-Tak,137.423111,36.146167,2001,1,31,-2.88,-12.59,-8.79,2.06,7.4,0.57
JP-Tak,137.423111,36.146167,2001,2,1,-0.35,-8.2,-4.23,3.67,1.92,11.51
JP-Tak,137.423111,36.146167,2001,2,2,-6.92,-13.6,-11.07,4.11,6.85,0.74
JP-Tak,137.423111,36.146167,2001,2,3,-5.37,-12.56,-9.28,5.59,6.82,0.99
JP-Tak,137.423111,36.146167,2001,2,4,-3.71,-13.28,-10.08,2.17,7.95,0.02
JP-Tak,137.423111,36.146167,2001,2,5,0.12,-8.39,-5.61,1.46,9.07,0
JP-Tak,137.423111,36.146167,2001,2,6,-0.26,-8.3,-4.33,1.83,7.73,1.19
JP-Tak,137.423111,36.146167,2001,2,7,-0.12,-5.38,-2.68,1.78,6.16,2.81
JP-Tak,137.423111,36.146167,2001,2,8,-3.32,-15.29,-8.08,3.7,6.7,0.9
JP-Tak,137.423111,36.146167,2001,2,9,-3.68,-16.94,-10.67,2.85,8.23,0.89
JP-Tak,137.423111,36.146167,2001,2,10,-2.55,-10.12,-7.71,3.84,6.68,1.98
JP-Tak,137.423111,36.146167,2001,2,11,-3.76,-11.61,-8.66,5.11,8.1,1.47
JP-Tak,137.423111,36.146167,2001,2,12,-7.56,-14.7,-12.35,3.5,7.57,0.22
JP-Tak,137.423111,36.146167,2001,2,13,-3.54,-14.16,-10.03,1.81,7.04,0.53
JP-Tak,137.423111,36.146167,2001,2,14,-5.88,-13.7,-11.29,2.7,7.89,2.5
JP-Tak,137.423111,36.146167,2001,2,15,-6.52,-15.26,-11.46,2.81,11.48,0.33
JP-Tak,137.423111,36.146167,2001,2,16,-4.22,-12.94,-9.19,5.75,7.25,2.5
JP-Tak,137.423111,36.146167,2001,2,17,-4.65,-15.21,-11.06,2.4,11.78,0.12
JP-Tak,137.423111,36.146167,2001,2,18,-0.88,-8.33,-4.51,3.07,9.2,0.22
JP-Tak,137.423111,36.146167,2001,2,19,-0.83,-8.2,-4.48,4.86,8.82,0.54
JP-Tak,137.423111,36.146167,2001,2,20,-0.2,-13.19,-8.78,2.47,14.59,0
JP-Tak,137.423111,36.146167,2001,2,21,1.81,-7.61,-2.44,3,10.89,5.02
JP-Tak,137.423111,36.146167,2001,2,22,3.18,-4.85,-4.71,2.25,13.77,0.6
JP-Tak,137.423111,36.146167,2001,2,23,3.47,-5.48,-5.67,1.1,13.26,5.15
JP-Tak,137.423111,36.146167,2001,2,24,2.87,-5.84,-0.59,2.44,1.85,11.97
JP-Tak,137.423111,36.146167,2001,2,25,-5.25,-10.68,-9.22,6.86,9.52,1.19
JP-Tak,137.423111,36.146167,2001,2,26,-4.75,-13.09,-11.09,4.57,12,0.13
JP-Tak,137.423111,36.146167,2001,2,27,1.49,-13.05,-8.25,1.63,16.59,0.01
JP-Tak,137.423111,36.146167,2001,2,28,1.58,-7.94,-2.52,3.54,3.99,8.72
JP-Tak,137.423111,36.146167,2001,3,1,2.44,-2.52,0.43,1.95,2.63,17.63
JP-Tak,137.423111,36.146167,2001,3,2,-3.43,-9.94,-7.01,5.92,8.97,2.1
JP-Tak,137.423111,36.146167,2001,3,3,0.81,-11.36,-6.59,2.59,11.61,0.19
JP-Tak,137.423111,36.146167,2001,3,4,0.53,-7.03,-3.91,5.35,2.76,23.97
JP-Tak,137.423111,36.146167,2001,3,5,-4.05,-7.89,-6.85,8.58,4.14,6.79
JP-Tak,137.423111,36.146167,2001,3,6,0.27,-6.08,-3.25,5.06,11.08,0.49
JP-Tak,137.423111,36.146167,2001,3,7,1.14,-8.08,-3.71,7.04,7.97,1.3
JP-Tak,137.423111,36.146167,2001,3,8,-3.99,-10.09,-8.91,3.41,12.3,2.3
JP-Tak,137.423111,36.146167,2001,3,9,-6.25,-13.41,-11.07,4.56,8.16,2.59
JP-Tak,137.423111,36.146167,2001,3,10,-3.35,-13.82,-8.3,4.9,8.62,5.51
JP-Tak,137.423111,36.146167,2001,3,11,-5.49,-14.51,-11.3,3.63,11.51,0.65
JP-Tak,137.423111,36.146167,2001,3,12,-1.81,-16.88,-10.46,2.75,15.17,0.9
JP-Tak,137.423111,36.146167,2001,3,13,-3.56,-13.08,-10.1,5.24,15.55,0.83
JP-Tak,137.423111,36.146167,2001,3,14,1.33,-12.06,-5.21,3.12,17.32,0.07
JP-Tak,137.423111,36.146167,2001,3,15,3.04,-8.36,-1.32,5.24,6.49,5.68
JP-Tak,137.423111,36.146167,2001,3,16,1.88,-11.46,-8.23,2.13,17.47,0
JP-Tak,137.423111,36.146167,2001,3,17,2.75,-7.2,-2.86,2.13,10.71,4.49
JP-Tak,137.423111,36.146167,2001,3,18,2.24,-4.34,-0.99,4.71,10.87,5.9
JP-Tak,137.423111,36.146167,2001,3,19,5.59,-5.23,-1.91,2.69,17.6,0
JP-Tak,137.423111,36.146167,2001,3,20,6.24,-2.38,-0.64,3.02,17.7,0
JP-Tak,137.423111,36.146167,2001,3,21,7.69,-0.94,-1.52,2.58,16.88,0
JP-Tak,137.423111,36.146167,2001,3,22,7.81,0.86,1.77,2.97,16.83,0.7
JP-Tak,137.423111,36.146167,2001,3,23,5.87,-1.13,-2.05,1.66,16.39,0.16
JP-Tak,137.423111,36.146167,2001,3,24,9.03,-0.44,0.06,1.67,20.07,0.01
JP-Tak,137.423111,36.146167,2001,3,25,7.01,-0.48,2.5,2.09,7.55,2.77
JP-Tak,137.423111,36.146167,2001,3,26,4.41,-5.36,-0.86,4.36,14.04,6.28
JP-Tak,137.423111,36.146167,2001,3,27,2.61,-5.33,-4.67,3.89,17.15,0.37
JP-Tak,137.423111,36.146167,2001,3,28,6.92,-3.03,-0.18,3.11,13.84,3.03
JP-Tak,137.423111,36.146167,2001,3,29,4.23,-2.52,1.75,2.39,3.83,9.09
JP-Tak,137.423111,36.146167,2001,3,30,-0.56,-6.1,-5.74,3.97,10.77,4.34
JP-Tak,137.423111,36.146167,2001,3,31,0.68,-8.37,-5.78,2.32,10.82,5.45
JP-Tak,137.423111,36.146167,2001,4,1,0.46,-8.34,-6.16,2.99,12.71,1.07
JP-Tak,137.423111,36.146167,2001,4,2,5.44,-6.15,-1.08,4,18.33,0.11
JP-Tak,137.423111,36.146167,2001,4,3,4.49,-4.59,0.88,4,4.91,3.45
JP-Tak,137.423111,36.146167,2001,4,4,1.91,-5.38,-5.57,4.23,16.92,0.14
JP-Tak,137.423111,36.146167,2001,4,5,9.51,-4.03,-3.34,2.24,21.07,0
JP-Tak,137.423111,36.146167,2001,4,6,13.35,-0.79,1.15,1.68,19.48,0
JP-Tak,137.423111,36.146167,2001,4,7,13.42,2.54,5.2,1.92,21.12,0
JP-Tak,137.423111,36.146167,2001,4,8,14.72,3.41,5.72,1.68,20.32,0
JP-Tak,137.423111,36.146167,2001,4,9,16.2,2.39,5.05,1.94,20.7,0
JP-Tak,137.423111,36.146167,2001,4,10,18.21,3.05,5.42,2.53,20.32,0
JP-Tak,137.423111,36.146167,2001,4,11,18.32,2.79,6.04,1.49,18.36,0
JP-Tak,137.423111,36.146167,2001,4,12,11.36,-0.36,4.95,4.82,5.44,4.85
JP-Tak,137.423111,36.146167,2001,4,13,7.16,-2.19,-0.92,4.55,20.35,0.1
JP-Tak,137.423111,36.146167,2001,4,14,9.08,-1.94,0.78,3.97,14.88,0.47
JP-Tak,137.423111,36.146167,2001,4,15,9.79,-3.78,-0.27,4.54,22.41,0
JP-Tak,137.423111,36.146167,2001,4,16,13.33,-2.52,1.03,2.58,24.51,0
JP-Tak,137.423111,36.146167,2001,4,17,15.17,2.96,5.04,1.79,22.86,0
JP-Tak,137.423111,36.146167,2001,4,18,14.81,4.41,4.61,1.61,16.98,0.01
JP-Tak,137.423111,36.146167,2001,4,19,16.35,3.91,4.57,2.94,23.68,0.06
JP-Tak,137.423111,36.146167,2001,4,20,11.6,1.5,2.8,3.39,14.3,0.03
JP-Tak,137.423111,36.146167,2001,4,21,9.34,2.23,3.61,2.03,14.93,0.37
JP-Tak,137.423111,36.146167,2001,4,22,8.26,-4.38,-1.43,4.3,23.14,0.15
JP-Tak,137.423111,36.146167,2001,4,23,14.21,-4.47,-3.44,2.52,26.33,0
JP-Tak,137.423111,36.146167,2001,4,24,8.68,0.42,4.99,2.27,5.25,2.9
JP-Tak,137.423111,36.146167,2001,4,25,12.08,2.13,3.41,2.3,9.43,6.2
JP-Tak,137.423111,36.146167,2001,4,26,10.39,-0.48,-1.5,2.57,25.99,0
JP-Tak,137.423111,36.146167,2001,4,27,13.65,-0.34,-1.88,1.56,26.21,0
JP-Tak,137.423111,36.146167,2001,4,28,15.92,0.47,1.2,1.53,25.28,0
JP-Tak,137.423111,36.146167,2001,4,29,16.09,3,6.32,1.87,16.48,7.17
JP-Tak,137.423111,36.146167,2001,4,30,12.84,4.92,7.93,3.54,16.64,4.27
JP-Tak,137.423111,36.146167,2001,5,1,18.17,0.95,5.13,2.23,21.05,0.1
JP-Tak,137.423111,36.146167,2001,5,2,10.36,2.34,4.99,2.48,5.43,13.38
JP-Tak,137.423111,36.146167,2001,5,3,12.44,1.9,4.27,2.3,13.01,16.69
JP-Tak,137.423111,36.146167,2001,5,4,15.42,4.46,6.04,1.21,18.97,0.21
JP-Tak,137.423111,36.146167,2001,5,5,14.23,6.91,6.91,1.85,21.16,0
JP-Tak,137.423111,36.146167,2001,5,6,15.35,5.43,7.62,2.1,22.67,0.01
JP-Tak,137.423111,36.146167,2001,5,7,15.89,4.21,8.08,3.88,22.35,0.41
JP-Tak,137.423111,36.146167,2001,5,8,16.6,9.34,11.41,2.78,6.11,8.99
JP-Tak,137.423111,36.146167,2001,5,9,18.96,8.85,12.04,2.76,14.13,1.91
JP-Tak,137.423111,36.146167,2001,5,10,14.64,2.05,5.52,3.38,18.42,0.17
JP-Tak,137.423111,36.146167,2001,5,11,12.87,0.65,2.36,3.59,20.51,0.01
JP-Tak,137.423111,36.146167,2001,5,12,17.24,1.75,3.74,1.88,28.12,0
JP-Tak,137.423111,36.146167,2001,5,13,18.9,4.74,4.6,1.53,29.43,0
JP-Tak,137.423111,36.146167,2001,5,14,19.22,5.5,7.98,1.84,25.29,0
JP-Tak,137.423111,36.146167,2001,5,15,19.81,8,8.61,1.86,26.42,0
JP-Tak,137.423111,36.146167,2001,5,16,17.84,2.87,8.1,3.16,15.58,0.11
JP-Tak,137.423111,36.146167,2001,5,17,17.11,0.14,1.61,2.4,28.52,0
JP-Tak,137.423111,36.146167,2001,5,18,18.04,3.91,7.38,2.76,24.7,0.01
JP-Tak,137.423111,36.146167,2001,5,19,15.7,8.35,9.58,3.53,13.78,0.57
JP-Tak,137.423111,36.146167,2001,5,20,21.75,9.33,11.22,2.65,26.45,0
JP-Tak,137.423111,36.146167,2001,5,21,21.66,10.58,11.21,1.31,24.23,0.01
JP-Tak,137.423111,36.146167,2001,5,22,18.76,11,11.8,3.39,3.39,4.81
JP-Tak,137.423111,36.146167,2001,5,23,16.58,11.35,12.07,3.16,4.36,20.45
JP-Tak,137.423111,36.146167,2001,5,24,18.14,10.24,12.2,1.92,5.62,22.78
JP-Tak,137.423111,36.146167,2001,5,25,20.79,9.15,11.68,2.07,18.09,0.27
JP-Tak,137.423111,36.146167,2001,5,26,21.2,9.98,12.55,3.07,15.43,0.07
JP-Tak,137.423111,36.146167,2001,5,27,15.61,9.05,8.52,2.13,17.19,1.24
JP-Tak,137.423111,36.146167,2001,5,28,18.03,6.13,6.78,1.83,27.23,1.81
JP-Tak,137.423111,36.146167,2001,5,29,18.06,6.32,9.01,1.95,25.77,2.05
JP-Tak,137.423111,36.146167,2001,5,30,16.15,8.93,10.3,2.25,15.36,8.74
JP-Tak,137.423111,36.146167,2001,5,31,21.07,9.49,12.5,4.04,7.26,9.11
JP-Tak,137.423111,36.146167,2001,6,1,15.51,6.44,5.8,3.23,26.41,0.21
JP-Tak,137.423111,36.146167,2001,6,2,16.93,5.69,6.19,2.89,15.81,0.1
JP-Tak,137.423111,36.146167,2001,6,3,19.68,5.42,6.26,2.2,29.48,0
JP-Tak,137.423111,36.146167,2001,6,4,22.53,9.37,9.6,2.37,27.6,0
JP-Tak,137.423111,36.146167,2001,6,5,20.61,11.92,11.63,2.52,17.63,7.59
JP-Tak,137.423111,36.146167,2001,6,6,18.6,11.82,14.25,2.98,6.11,13.67
JP-Tak,137.423111,36.146167,2001,6,7,20.91,12.14,13.57,2.45,12.69,3.05
JP-Tak,137.423111,36.146167,2001,6,8,22.85,11.35,13.48,1.4,19.25,0.05
JP-Tak,137.423111,36.146167,2001,6,9,22.79,12.92,14.09,1.39,18.66,0.32
JP-Tak,137.423111,36.146167,2001,6,10,20.72,12.48,14.05,2.32,11.88,2.88
JP-Tak,137.423111,36.146167,2001,6,11,19.87,8.02,10.32,2.74,19.65,0.13
JP-Tak,137.423111,36.146167,2001,6,12,19.4,6.91,8.2,2.16,21.1,0
JP-Tak,137.423111,36.146167,2001,6,13,19.24,10.6,11.31,1.38,18.16,6.05
JP-Tak,137.423111,36.146167,2001,6,14,18.29,12.14,13.96,1.69,4.59,38.31
JP-Tak,137.423111,36.146167,2001,6,15,20.23,12.35,13.48,1.78,5.34,21.3
JP-Tak,137.423111,36.146167,2001,6,16,17.67,11.6,12.66,1.54,16.09,0.64
JP-Tak,137.423111,36.146167,2001,6,17,20.91,11.06,12.33,1.99,24.06,0
JP-Tak,137.423111,36.146167,2001,6,18,23.73,12.2,13.78,1.82,21.31,3.21
JP-Tak,137.423111,36.146167,2001,6,19,20.81,13.81,17.26,5.47,4.91,39.95
JP-Tak,137.423111,36.146167,2001,6,20,19.6,13.3,15.74,4.67,10.08,17.42
JP-Tak,137.423111,36.146167,2001,6,21,17.61,12,12.99,1.87,8.92,0.4
JP-Tak,137.423111,36.146167,2001,6,22,19.42,12.66,13.69,2.07,17.57,0.76
JP-Tak,137.423111,36.146167,2001,6,23,20.95,13.06,14.78,2.06,11.07,2.62
JP-Tak,137.423111,36.146167,2001,6,24,22.09,14.84,16.97,3.38,12.67,13.76
JP-Tak,137.423111,36.146167,2001,6,25,23.36,16.68,18.77,4.36,9.31,4.37
JP-Tak,137.423111,36.146167,2001,6,26,23.44,15.97,17.31,3.91,18.26,1.56
JP-Tak,137.423111,36.146167,2001,6,27,22.76,12.75,16.73,4.22,7.76,13.14
JP-Tak,137.423111,36.146167,2001,6,28,22.58,12.49,15.31,2.46,21.66,0.18
JP-Tak,137.423111,36.146167,2001,6,29,23.34,16.01,16.65,2.06,17.77,4.75
JP-Tak,137.423111,36.146167,2001,6,30,21.06,15.7,17.48,3.33,4.03,29.44
JP-Tak,137.423111,36.146167,2001,7,1,22.55,14.57,16.25,5.12,22.46,1.1
JP-Tak,137.423111,36.146167,2001,7,2,25.24,14.61,16.38,2,24.98,0.52
JP-Tak,137.423111,36.146167,2001,7,3,25.58,16.93,18.46,2.36,21.68,0.09
JP-Tak,137.423111,36.146167,2001,7,4,26.02,17.22,17.66,2.76,26.9,0.01
JP-Tak,137.423111,36.146167,2001,7,5,26.76,15.42,16.63,2.06,28,1.13
JP-Tak,137.423111,36.146167,2001,7,6,22.2,15.88,17.79,2.9,7.84,3.97
JP-Tak,137.423111,36.146167,2001,7,7,23.72,13.42,15.37,1.76,24.06,0.03
JP-Tak,137.423111,36.146167,2001,7,8,24.26,15.16,15.8,1.47,24.25,0
JP-Tak,137.423111,36.146167,2001,7,9,24.14,14.96,15.83,1.29,22.66,0
JP-Tak,137.423111,36.146167,2001,7,10,24.65,14.05,15.99,2.13,25.77,0
JP-Tak,137.423111,36.146167,2001,7,11,23.14,14.43,16.62,3.07,20,0.04
JP-Tak,137.423111,36.146167,2001,7,12,24.48,17.81,19.47,5.2,13.77,7.91
JP-Tak,137.423111,36.146167,2001,7,13,24.59,18.29,19.67,3.19,15,6.37
JP-Tak,137.423111,36.146167,2001,7,14,23.73,18.05,19.08,1.88,18.59,0.66
JP-Tak,137.423111,36.146167,2001,7,15,25.61,17.91,19.39,2.16,23.86,2.29
JP-Tak,137.423111,36.146167,2001,7,16,22.59,17.98,18.71,3.08,11.57,6.94
JP-Tak,137.423111,36.146167,2001,7,17,22.99,17.54,18.84,2.09,16,5.44
JP-Tak,137.423111,36.146167,2001,7,18,23.21,16.24,17.5,1.87,15.59,2.46
JP-Tak,137.423111,36.146167,2001,7,19,24.04,16.37,17.02,2.23,18.38,3.25
JP-Tak,137.423111,36.146167,2001,7,20,25.2,16.11,17.95,2.1,24.92,2.69
JP-Tak,137.423111,36.146167,2001,7,21,26.68,16.78,18.37,1.29,23.93,1.65
JP-Tak,137.423111,36.146167,2001,7,22,27.01,17.72,19.76,1.64,22.15,2.99
JP-Tak,137.423111,36.146167,2001,7,23,27.5,18.67,19.85,2.2,23.68,0.01
JP-Tak,137.423111,36.146167,2001,7,24,27.17,16.87,19.03,2.29,26.44,0.04
JP-Tak,137.423111,36.146167,2001,7,25,26.69,17.67,18.24,1.75,22.69,0.46
JP-Tak,137.423111,36.146167,2001,7,26,24.91,17.42,18.03,1.91,20.22,0.45
JP-Tak,137.423111,36.146167,2001,7,27,26.03,16.61,17.54,1.21,22.06,0.2
JP-Tak,137.423111,36.146167,2001,7,28,24.72,16.43,17.54,2.29,18.61,0.12
JP-Tak,137.423111,36.146167,2001,7,29,25.87,15.69,18.1,1.81,23.75,0.22
JP-Tak,137.423111,36.146167,2001,7,30,26.26,16.65,18.8,2.41,18.83,0.88
JP-Tak,137.423111,36.146167,2001,7,31,26.76,18.01,18.77,1.67,22.93,0.09
JP-Tak,137.423111,36.146167,2001,8,1,27.41,18.96,19.27,2.02,24.17,0.45
JP-Tak,137.423111,36.146167,2001,8,2,28.46,19.07,19.73,1.11,24.59,1.45
JP-Tak,137.423111,36.146167,2001,8,3,27.2,18.87,20.05,1.6,23.04,0.11
JP-Tak,137.423111,36.146167,2001,8,4,25.33,17.81,18.96,2.8,14.36,3.11
JP-Tak,137.423111,36.146167,2001,8,5,25.35,16.66,16.84,1.65,22.5,0.32
JP-Tak,137.423111,36.146167,2001,8,6,23.7,15.71,16.68,2.29,19.98,0.7
JP-Tak,137.423111,36.146167,2001,8,7,21.34,15.94,16.96,1.74,13.5,8.78
JP-Tak,137.423111,36.146167,2001,8,8,24.87,15.79,17.81,1.94,20.19,0.89
JP-Tak,137.423111,36.146167,2001,8,9,23.93,17.12,18.94,2.33,8.26,2.83
JP-Tak,137.423111,36.146167,2001,8,10,23.69,18.27,19.28,2.44,8.78,0.75
JP-Tak,137.423111,36.146167,2001,8,11,26.55,16.51,18.31,1.96,12.1,7.63
JP-Tak,137.423111,36.146167,2001,8,12,25.7,17.41,18.79,1.8,9.06,11.77
JP-Tak,137.423111,36.146167,2001,8,13,26.43,17.21,18.21,1.81,20.38,0.9
JP-Tak,137.423111,36.146167,2001,8,14,26.91,17.88,18.79,1.03,21.37,0.45
JP-Tak,137.423111,36.146167,2001,8,15,26.45,18.47,18.94,0.8,21.36,0
JP-Tak,137.423111,36.146167,2001,8,16,27.4,18.23,18.68,1.4,21.58,1.11
JP-Tak,137.423111,36.146167,2001,8,17,27.17,17.14,18.19,2.24,19.96,0.55
JP-Tak,137.423111,36.146167,2001,8,18,26.17,15.42,16.57,1.78,20.18,0.58
JP-Tak,137.423111,36.146167,2001,8,19,26.34,14.46,16.43,1,20.86,0.24
JP-Tak,137.423111,36.146167,2001,8,20,25.27,14.69,14.12,1.42,19.9,0.07
JP-Tak,137.423111,36.146167,2001,8,21,21.16,15.25,17.27,4.91,4.97,40.91
JP-Tak,137.423111,36.146167,2001,8,22,24.05,15.46,19.26,5.63,7.04,48.96
JP-Tak,137.423111,36.146167,2001,8,23,24.54,13.9,16,2.22,22.52,0.15
JP-Tak,137.423111,36.146167,2001,8,24,25.02,15.94,16.79,1.93,16.9,0.02
JP-Tak,137.423111,36.146167,2001,8,25,24.99,15.9,15.72,1.13,20.7,0.11
JP-Tak,137.423111,36.146167,2001,8,26,21.3,16.19,16.69,1.66,6.41,2.24
JP-Tak,137.423111,36.146167,2001,8,27,23.2,15.2,16.06,1.09,11.88,2.28
JP-Tak,137.423111,36.146167,2001,8,28,22.77,13.57,14.03,1.99,22.08,1.16
JP-Tak,137.423111,36.146167,2001,8,29,23.44,13.25,14.69,1.28,19.96,3.11
JP-Tak,137.423111,36.146167,2001,8,30,21.21,15.19,15.34,1.09,11.4,16.6
JP-Tak,137.423111,36.146167,2001,8,31,21.38,14.25,15.08,1.8,12.05,9.21
JP-Tak,137.423111,36.146167,2001,9,1,20.58,12.92,14.16,1.15,17.38,0.03
JP-Tak,137.423111,36.146167,2001,9,2,22.46,14.26,14.92,0.84,18.34,0.52
JP-Tak,137.423111,36.146167,2001,9,3,20.05,13.45,14.77,0.79,6.49,16.82
JP-Tak,137.423111,36.146167,2001,9,4,20.25,11.52,13.65,1.42,13.78,7.96
JP-Tak,137.423111,36.146167,2001,9,5,21.83,13.42,14.71,1.93,15.27,0.89
JP-Tak,137.423111,36.146167,2001,9,6,21.56,12.73,14.26,2.1,11.31,0.93
JP-Tak,137.423111,36.146167,2001,9,7,19.37,14.27,15.73,2.97,4,13
JP-Tak,137.423111,36.146167,2001,9,8,25.22,14,17,1.56,17.26,0.38
JP-Tak,137.423111,36.146167,2001,9,9,24.74,16.21,17.59,3.9,15.92,2.67
JP-Tak,137.423111,36.146167,2001,9,10,23.13,18.11,18.98,4.75,2.6,39
JP-Tak,137.423111,36.146167,2001,9,11,22.87,14.02,17.54,4.69,5.57,24.46
JP-Tak,137.423111,36.146167,2001,9,12,22.51,12.62,14.59,2.24,16.48,2.16
JP-Tak,137.423111,36.146167,2001,9,13,20.04,14.38,15.95,1.15,13.21,1.56
JP-Tak,137.423111,36.146167,2001,9,14,21.59,16.02,17.56,1.79,5.28,9.97
JP-Tak,137.423111,36.146167,2001,9,15,22.69,14.86,16.23,2.77,10.58,6.52
JP-Tak,137.423111,36.146167,2001,9,16,23.57,14.73,16.18,1.45,17.71,3.59
JP-Tak,137.423111,36.146167,2001,9,17,23.49,15.51,16.64,2.21,14.71,0.2
JP-Tak,137.423111,36.146167,2001,9,18,23.17,14.16,15.67,2.23,16.73,0.04
JP-Tak,137.423111,36.146167,2001,9,19,23.42,11.6,13.08,1.33,12.45,0.14
JP-Tak,137.423111,36.146167,2001,9,20,23.04,13.57,14.44,1.35,16.59,0.61
JP-Tak,137.423111,36.146167,2001,9,21,17.34,8.67,11.16,2.59,2.49,2.88
JP-Tak,137.423111,36.146167,2001,9,22,14.39,3.7,4.74,3.54,18.12,0.87
JP-Tak,137.423111,36.146167,2001,9,23,18.27,2.86,4.08,1.03,21.84,0
JP-Tak,137.423111,36.146167,2001,9,24,20.54,5.24,7.17,1.08,21.4,0
JP-Tak,137.423111,36.146167,2001,9,25,19.36,5.76,8.6,1.52,20.41,0
JP-Tak,137.423111,36.146167,2001,9,26,19.63,8.09,10.2,1.16,18.16,0
JP-Tak,137.423111,36.146167,2001,9,27,18.59,9.75,11.59,1.96,13.43,0.96
JP-Tak,137.423111,36.146167,2001,9,28,17.09,5.54,8.35,3.09,14.7,16.93
JP-Tak,137.423111,36.146167,2001,9,29,16.33,5.81,7.2,1.45,18.28,0.18
JP-Tak,137.423111,36.146167,2001,9,30,13.95,9.09,10.48,2.61,3.56,12.13
JP-Tak,137.423111,36.146167,2001,10,1,21.27,11.01,15.08,4.79,5.17,32.93
JP-Tak,137.423111,36.146167,2001,10,2,13.9,7.87,9.35,5.62,10.35,4.72
JP-Tak,137.423111,36.146167,2001,10,3,18.33,5.68,8.73,3.08,17.39,0.03
JP-Tak,137.423111,36.146167,2001,10,4,18.16,8.5,11.26,2.35,14.88,1.03
JP-Tak,137.423111,36.146167,2001,10,5,17.72,10.34,12.47,2.47,8.43,3.21
JP-Tak,137.423111,36.146167,2001,10,6,18.37,7.26,8.09,1.7,15.78,0.06
JP-Tak,137.423111,36.146167,2001,10,7,18.65,9.61,11.04,0.96,16.49,0.02
JP-Tak,137.423111,36.146167,2001,10,8,16.51,8.79,9.36,2.31,12.48,0.15
JP-Tak,137.423111,36.146167,2001,10,9,18.41,9.18,11.15,1.96,11.52,5.31
JP-Tak,137.423111,36.146167,2001,10,10,17.51,9.2,12.12,5.58,2.87,36.6
JP-Tak,137.423111,36.146167,2001,10,11,16.67,9.64,10.48,2.87,12.02,0.49
JP-Tak,137.423111,36.146167,2001,10,12,15.25,6.76,8.28,2.72,7.75,1.34
JP-Tak,137.423111,36.146167,2001,10,13,14.51,4.88,7.04,3.08,9.64,1.07
JP-Tak,137.423111,36.146167,2001,10,14,15.49,4.22,5.69,1.92,14.29,0
JP-Tak,137.423111,36.146167,2001,10,15,18.45,5.34,5,1.65,17.77,0
JP-Tak,137.423111,36.146167,2001,10,16,16.91,5.86,9.14,2.2,7.97,5.09
JP-Tak,137.423111,36.146167,2001,10,17,12.89,6.94,9.53,2.25,3.08,31.43
JP-Tak,137.423111,36.146167,2001,10,18,13.28,3.04,6.09,3.15,7.39,5.91
JP-Tak,137.423111,36.146167,2001,10,19,13.97,-0.56,2.47,2.13,16.61,0
JP-Tak,137.423111,36.146167,2001,10,20,14.83,0.07,2.47,1.78,16.46,0
JP-Tak,137.423111,36.146167,2001,10,21,12.07,4.7,6.74,1.49,6.08,0.04
JP-Tak,137.423111,36.146167,2001,10,22,12.26,7.48,8.54,2.38,3.81,13.9
JP-Tak,137.423111,36.146167,2001,10,23,15.35,5.22,9.05,3.46,13.23,1.34
JP-Tak,137.423111,36.146167,2001,10,24,14.43,4.84,7.05,1.91,13.4,0.03
JP-Tak,137.423111,36.146167,2001,10,25,14.07,3.35,4.35,2.1,13.93,0.16
JP-Tak,137.423111,36.146167,2001,10,26,12.54,3.96,5.9,1.79,14.86,0
JP-Tak,137.423111,36.146167,2001,10,27,15.87,3.71,4.92,1.29,15.03,0
JP-Tak,137.423111,36.146167,2001,10,28,13.51,5.95,9.49,5.04,2.78,7.63
JP-Tak,137.423111,36.146167,2001,10,29,11.4,3.15,6.09,4.05,5.04,4.22
JP-Tak,137.423111,36.146167,2001,10,30,11.3,3.47,6.23,2.14,12.69,0
JP-Tak,137.423111,36.146167,2001,10,31,14.08,3.06,3.51,1.28,14.57,0
JP-Tak,137.423111,36.146167,2001,11,1,10.97,1.22,4.46,2.26,8.68,1.69
JP-Tak,137.423111,36.146167,2001,11,2,13.34,5.1,5.68,1.54,8.47,2.49
JP-Tak,137.423111,36.146167,2001,11,3,10.19,3.14,3.25,2.41,3.07,18.87
JP-Tak,137.423111,36.146167,2001,11,4,6.12,-0.42,0.04,3.96,10.26,1.62
JP-Tak,137.423111,36.146167,2001,11,5,12.03,1.7,6.93,4.29,5.8,12.59
JP-Tak,137.423111,36.146167,2001,11,6,11.89,-1.64,4.85,5.98,4,21.21
JP-Tak,137.423111,36.146167,2001,11,7,8.82,-2.79,-0.92,2.64,12.13,0.03
JP-Tak,137.423111,36.146167,2001,11,8,10.02,0.89,3.67,1.39,12.49,0.02
JP-Tak,137.423111,36.146167,2001,11,9,10.43,4.06,5.42,1.29,6.53,0.89
JP-Tak,137.423111,36.146167,2001,11,10,8.09,0.19,2.45,2.53,5.6,2.33
JP-Tak,137.423111,36.146167,2001,11,11,8.56,-0.2,1.65,2.07,13.13,0.06
JP-Tak,137.423111,36.146167,2001,11,12,6.94,0.98,2.8,2.58,6.86,2.49
JP-Tak,137.423111,36.146167,2001,11,13,3.6,-1.82,-2.22,2.76,9.17,1.29
JP-Tak,137.423111,36.146167,2001,11,14,4.15,-4.18,-2.43,2.72,7.75,1.39
JP-Tak,137.423111,36.146167,2001,11,15,7.02,-4.2,-3.54,2.34,12.03,0.32
JP-Tak,137.423111,36.146167,2001,11,16,6,-1.11,0.15,3.15,10.23,1.9
JP-Tak,137.423111,36.146167,2001,11,17,6.23,-0.79,1.63,3.58,5.82,3.07
JP-Tak,137.423111,36.146167,2001,11,18,5.17,-2.14,-1.68,2.53,8.52,0.33
JP-Tak,137.423111,36.146167,2001,11,19,7.26,-2.78,-1.53,1.24,9.76,0.07
JP-Tak,137.423111,36.146167,2001,11,20,7.11,-1.54,-1.37,1.37,11.61,0
JP-Tak,137.423111,36.146167,2001,11,21,9.41,-2.38,-2.5,1.61,11.53,0.02
JP-Tak,137.423111,36.146167,2001,11,22,10.08,-1.24,-1.21,1.49,11.11,0.09
JP-Tak,137.423111,36.146167,2001,11,23,9.6,-0.79,0.52,1.26,11.41,0.01
JP-Tak,137.423111,36.146167,2001,11,24,9.84,-0.78,-1.27,1.53,11.2,0
JP-Tak,137.423111,36.146167,2001,11,25,9.59,-0.94,1.12,2.84,9.77,0.36
JP-Tak,137.423111,36.146167,2001,11,26,4.46,-1.96,-0.6,3.56,7.3,2.85
JP-Tak,137.423111,36.146167,2001,11,27,0.82,-4.55,-3.5,4.62,6.33,4.13
JP-Tak,137.423111,36.146167,2001,11,28,3.36,-2.39,-0.95,3.81,7.29,0.67
JP-Tak,137.423111,36.146167,2001,11,29,4.04,0.47,1.78,2.84,4.22,4.52
JP-Tak,137.423111,36.146167,2001,11,30,5.51,-2.5,2.04,4.44,4.45,9.02
JP-Tak,137.423111,36.146167,2001,12,1,3.31,-4.21,-2.62,2.62,8.18,0.36
JP-Tak,137.423111,36.146167,2001,12,2,4.84,-1.39,-0.14,2.4,4.62,1.84
JP-Tak,137.423111,36.146167,2001,12,3,3.64,-0.89,0.07,2.25,3.69,1.63
JP-Tak,137.423111,36.146167,2001,12,4,6.24,-2.71,-0.02,1.97,4.28,7.43
JP-Tak,137.423111,36.146167,2001,12,5,4.91,-2.38,-0.14,1.77,7.24,0.82
JP-Tak,137.423111,36.146167,2001,12,6,2.92,-1.67,0.04,2.49,3.87,7.29
JP-Tak,137.423111,36.146167,2001,12,7,0.18,-5.53,-4.83,3.92,5.06,1.56
JP-Tak,137.423111,36.146167,2001,12,8,3.66,-6.47,-3.46,2.5,6.12,1.04
JP-Tak,137.423111,36.146167,2001,12,9,-0.02,-5.17,-4.19,4.47,5.37,0.66
JP-Tak,137.423111,36.146167,2001,12,10,-2.64,-7.24,-7.36,6.24,5.8,0.65
JP-Tak,137.423111,36.146167,2001,12,11,-2.76,-7.25,-7.85,6.36,6.25,0.15
JP-Tak,137.423111,36.146167,2001,12,12,4.65,-9.12,-5.97,2.56,10.45,0.03
JP-Tak,137.423111,36.146167,2001,12,13,6.58,-1.79,0.66,4.22,1.76,19.95
JP-Tak,137.423111,36.146167,2001,12,14,-2.08,-6.31,-5.86,7.92,4.85,4.12
JP-Tak,137.423111,36.146167,2001,12,15,-4.29,-6.42,-6.66,8.98,3,8.67
JP-Tak,137.423111,36.146167,2001,12,16,-2.57,-8.03,-7.01,3.72,4.93,2.47
JP-Tak,137.423111,36.146167,2001,12,17,-0.48,-7.83,-3.96,3.37,5.7,2.72
JP-Tak,137.423111,36.146167,2001,12,18,-3.33,-9.42,-7.22,3.2,5.45,0.99
JP-Tak,137.423111,36.146167,2001,12,19,-2.69,-9.14,-7.47,2.65,7.3,1.22
JP-Tak,137.423111,36.146167,2001,12,20,-2.49,-9.02,-7.64,2.61,5.67,0.83
JP-Tak,137.423111,36.146167,2001,12,21,-1.07,-7.15,-5.04,1.84,1.89,6.23
JP-Tak,137.423111,36.146167,2001,12,22,-2.58,-7.9,-5.85,5.23,4.49,4.02
JP-Tak,137.423111,36.146167,2001,12,23,-2.48,-10.36,-7.84,2.44,7.13,0.26
JP-Tak,137.423111,36.146167,2001,12,24,-1.57,-10.34,-6.01,2.81,6.43,0.93
JP-Tak,137.423111,36.146167,2001,12,25,0.5,-8.67,-6.24,2.12,8.31,0.33
JP-Tak,137.423111,36.146167,2001,12,26,-2.72,-7.07,-6.36,4.89,5.12,1.51
JP-Tak,137.423111,36.146167,2001,12,27,-2.04,-8.15,-6.5,2.26,6.16,1.53
JP-Tak,137.423111,36.146167,2001,12,28,-1.48,-8.33,-6.18,1.85,4.52,2.81
JP-Tak,137.423111,36.146167,2001,12,29,-0.76,-11.88,-7.13,2.92,9.11,0.21
JP-Tak,137.423111,36.146167,2001,12,30,-1.88,-7.54,-6.04,7.04,2.87,6.71
JP-Tak,137.423111,36.146167,2001,12,31,-3.97,-9.82,-8.12,3.3,4.61,2.01
JP-Tak,137.423111,36.146167,2002,1,1,-2.29,-8.06,-5.74,3.12,4.02,3.38
JP-Tak,137.423111,36.146167,2002,1,2,-5.49,-12.12,-9.92,5.38,2.16,12.19
JP-Tak,137.423111,36.146167,2002,1,3,-7.06,-11.58,-9.91,5.85,3.35,10.39
JP-Tak,137.423111,36.146167,2002,1,4,-1.73,-8.95,-5.09,4.68,3.6,7.22
JP-Tak,137.423111,36.146167,2002,1,5,-1.69,-8.96,-4.7,6.71,2.17,12.35
JP-Tak,137.423111,36.146167,2002,1,6,-4.71,-12.97,-9.48,3.57,5.95,1.75
JP-Tak,137.423111,36.146167,2002,1,7,-0.58,-14.32,-7.14,4.48,6.32,4.36
JP-Tak,137.423111,36.146167,2002,1,8,-1.04,-7.86,-6.45,7.28,5.32,6.35
JP-Tak,137.423111,36.146167,2002,1,9,-4.02,-6.85,-5.69,7.94,4.16,6.96
JP-Tak,137.423111,36.146167,2002,1,10,-1.6,-6.81,-4,4.29,3.81,1.55
JP-Tak,137.423111,36.146167,2002,1,11,0.07,-4.7,-1.95,5.22,3.63,6.52
JP-Tak,137.423111,36.146167,2002,1,12,0.74,-4.89,-2.74,4.08,5.12,0.12
JP-Tak,137.423111,36.146167,2002,1,13,1.16,-6.65,-4.29,1.92,7.11,0
JP-Tak,137.423111,36.146167,2002,1,14,1.81,-7.49,-4.13,1.9,7.76,0.05
JP-Tak,137.423111,36.146167,2002,1,15,2.62,0.36,1.73,2.23,3.31,3.77
JP-Tak,137.423111,36.146167,2002,1,16,5.14,-1.36,3.03,2.91,3.81,14.68
JP-Tak,137.423111,36.146167,2002,1,17,0.03,-7.99,-4.57,3.21,4.58,1.29
JP-Tak,137.423111,36.146167,2002,1,18,-2.71,-9.05,-7.77,3.24,8.49,0.55
JP-Tak,137.423111,36.146167,2002,1,19,0.15,-10.82,-6.91,1.51,9.44,0
JP-Tak,137.423111,36.146167,2002,1,20,1.78,-5.48,-3.3,2.02,11.32,0.62
JP-Tak,137.423111,36.146167,2002,1,21,4.79,-1.61,0.26,5.19,1.88,32.89
JP-Tak,137.423111,36.146167,2002,1,22,-0.3,-6.8,-5.11,5.19,5.9,3.68
JP-Tak,137.423111,36.146167,2002,1,23,-4.42,-7.77,-7.5,4.62,5.59,4.27
JP-Tak,137.423111,36.146167,2002,1,24,-2.59,-8.24,-6.92,2.97,6.21,3.48
JP-Tak,137.423111,36.146167,2002,1,25,-4.03,-12.38,-8.94,3.59,6.84,0.73
JP-Tak,137.423111,36.146167,2002,1,26,-0.42,-12.35,-6.15,2.24,7.51,6.06
JP-Tak,137.423111,36.146167,2002,1,27,-0.37,-5.04,-3.84,7.4,3.52,24.8
JP-Tak,137.423111,36.146167,2002,1,28,-2.27,-6.58,-5.44,5.86,7.26,4.36
JP-Tak,137.423111,36.146167,2002,1,29,-5.28,-9.32,-8.11,4.83,5.36,6.13
JP-Tak,137.423111,36.146167,2002,1,30,-3.72,-9.56,-7.57,3.97,6.83,4.15
JP-Tak,137.423111,36.146167,2002,1,31,-5.97,-13.5,-10.11,4.02,7.46,0.86
JP-Tak,137.423111,36.146167,2002,2,1,-3.55,-13.91,-9.26,2.16,9.38,0.31
JP-Tak,137.423111,36.146167,2002,2,2,-0.86,-7.26,-6.05,1.65,6.48,0.68
JP-Tak,137.423111,36.146167,2002,2,3,0.06,-5.87,-3.61,2.18,4.85,4.55
JP-Tak,137.423111,36.146167,2002,2,4,0.93,-8.68,-4.19,1.81,9.16,0.13
JP-Tak,137.423111,36.146167,2002,2,5,0.49,-3.97,-1.84,1.53,6.36,1.21
JP-Tak,137.423111,36.146167,2002,2,6,1.31,-8.35,-4.49,1.59,9.9,0.88
JP-Tak,137.423111,36.146167,2002,2,7,0.32,-9.38,-6.18,4.72,7.33,1.73
JP-Tak,137.423111,36.146167,2002,2,8,1.54,-11.32,-6.69,2.79,12.03,0.27
JP-Tak,137.423111,36.146167,2002,2,9,-2.5,-11.1,-7.25,4.8,7.4,3.42
JP-Tak,137.423111,36.146167,2002,2,10,-5.85,-10.49,-10.38,2.55,9.21,1.82
JP-Tak,137.423111,36.146167,2002,2,11,-6.45,-11.44,-10.18,2.93,8.12,7.04
JP-Tak,137.423111,36.146167,2002,2,12,-5.23,-10.84,-9.15,3.68,7.38,4.02
JP-Tak,137.423111,36.146167,2002,2,13,-4.12,-12.89,-9.72,1.89,7.64,1.56
JP-Tak,137.423111,36.146167,2002,2,14,-5.29,-15.7,-11.17,3.01,9.58,0.51
JP-Tak,137.423111,36.146167,2002,2,15,-5.39,-12.96,-9.99,4.37,10.56,0.8
JP-Tak,137.423111,36.146167,2002,2,16,0.44,-13.55,-8.47,1.68,13.54,0.02
JP-Tak,137.423111,36.146167,2002,2,17,1.08,-8.22,-3.51,2.21,6.54,1.03
JP-Tak,137.423111,36.146167,2002,2,18,-1.64,-9.11,-6.08,6.53,5.63,2.63
JP-Tak,137.423111,36.146167,2002,2,19,-5.21,-10.13,-9.08,7.81,6.81,4.98
JP-Tak,137.423111,36.146167,2002,2,20,-1.51,-9.82,-6.87,3.39,11.56,0.21
JP-Tak,137.423111,36.146167,2002,2,21,4.11,-8.24,-4.39,1.72,14.47,0.25
JP-Tak,137.423111,36.146167,2002,2,22,2.12,-3.57,-1.23,3.07,7.41,1.27
JP-Tak,137.423111,36.146167,2002,2,23,0.42,-6.57,-5.28,3.24,11.69,0.27
JP-Tak,137.423111,36.146167,2002,2,24,1.78,-8.66,-6.67,2.5,11.58,0.14
JP-Tak,137.423111,36.146167,2002,2,25,2.68,-4.88,-3.59,2.08,14.48,0
JP-Tak,137.423111,36.146167,2002,2,26,2.06,-2.89,-1.84,1.72,8.72,0
JP-Tak,137.423111,36.146167,2002,2,27,4.09,-3.44,-1.33,1.65,11.33,0.44
JP-Tak,137.423111,36.146167,2002,2,28,4.09,-0.55,1.36,1.29,3.57,9.09
JP-Tak,137.423111,36.146167,2002,3,1,6.61,-0.81,0.43,2.03,9.19,0.38
JP-Tak,137.423111,36.146167,2002,3,2,4.95,-4,-1.01,3.2,12.23,0.12
JP-Tak,137.423111,36.146167,2002,3,3,1.73,-8.08,-7.57,2.67,14.63,0.01
JP-Tak,137.423111,36.146167,2002,3,4,3.21,-8.59,-7.61,2,18.29,0
JP-Tak,137.423111,36.146167,2002,3,5,3.97,-4.22,-2.64,2.9,6.49,11.66
JP-Tak,137.423111,36.146167,2002,3,6,6.14,-3.39,1.23,6.08,5.32,21.58
JP-Tak,137.423111,36.146167,2002,3,7,-0.6,-6.5,-4.53,6.3,8.5,2.22
JP-Tak,137.423111,36.146167,2002,3,8,-0.96,-7.97,-7.39,3.61,12.08,0.72
JP-Tak,137.423111,36.146167,2002,3,9,4.35,-7.98,-6.55,2.33,18.34,0
JP-Tak,137.423111,36.146167,2002,3,10,4.77,-3.45,-0.46,3.29,12.79,3.34
JP-Tak,137.423111,36.146167,2002,3,11,3.18,-4.81,-4.42,3.64,18.52,0.39
JP-Tak,137.423111,36.146167,2002,3,12,5.43,-5.47,-2.72,3.39,16.44,0.07
JP-Tak,137.423111,36.146167,2002,3,13,5.6,-5.69,-4.61,2.45,19.71,0
JP-Tak,137.423111,36.146167,2002,3,14,6.64,-4.77,-1.88,2.45,16.74,0.36
JP-Tak,137.423111,36.146167,2002,3,15,8.65,0.37,3.81,6.03,5.56,8.17
JP-Tak,137.423111,36.146167,2002,3,16,5.6,-3.13,-3.2,2.96,17.08,0.18
JP-Tak,137.423111,36.146167,2002,3,17,7.21,-4.03,-2.39,3.06,13.98,0
JP-Tak,137.423111,36.146167,2002,3,18,6.49,-4.27,-4.98,3.82,10.22,0.62
JP-Tak,137.423111,36.146167,2002,3,19,5.41,-4.9,-2.05,5.9,15.28,1.62
JP-Tak,137.423111,36.146167,2002,3,20,6.67,-5.23,-4.56,4.18,20.79,0.03
JP-Tak,137.423111,36.146167,2002,3,21,9.22,-2.03,3.56,6.15,8.87,2.21
JP-Tak,137.423111,36.146167,2002,3,22,7.09,-0.48,0.24,2.61,4.38,0.71
JP-Tak,137.423111,36.146167,2002,3,23,0.81,-4.97,-3.55,6.17,9.8,3.25
JP-Tak,137.423111,36.146167,2002,3,24,0.96,-5.83,-5.18,4.86,10.98,1.76
JP-Tak,137.423111,36.146167,2002,3,25,5.9,-5.97,-3.88,2.55,20.52,0.07
JP-Tak,137.423111,36.146167,2002,3,26,8.89,-2.24,2.1,2.85,20.02,0.69
JP-Tak,137.423111,36.146167,2002,3,27,3.94,-5.53,0.09,4.85,3.44,25.99
JP-Tak,137.423111,36.146167,2002,3,28,8.11,-6.58,-5.1,3.16,23.19,0.07
JP-Tak,137.423111,36.146167,2002,3,29,9.61,-0.56,4.45,4.16,9.79,25.07
JP-Tak,137.423111,36.146167,2002,3,30,9.75,1.34,2.32,3.66,15.37,6.51
JP-Tak,137.423111,36.146167,2002,3,31,11.2,1.97,2.93,2.78,15.02,0.18
JP-Tak,137.423111,36.146167,2002,4,1,13.86,-0.78,1.3,2.73,21.14,0.01
JP-Tak,137.423111,36.146167,2002,4,2,16.44,0.91,2.01,2.46,21.19,0
JP-Tak,137.423111,36.146167,2002,4,3,15.02,1.99,2.79,3.43,20.76,0.71
JP-Tak,137.423111,36.146167,2002,4,4,6.69,-2.98,-1.7,7.71,22.12,0.53
JP-Tak,137.423111,36.146167,2002,4,5,8.47,-3.19,-3.47,5.37,22.93,0
JP-Tak,137.423111,36.146167,2002,4,6,11.68,0.63,-0.44,3.1,13.14,3.68
JP-Tak,137.423111,36.146167,2002,4,7,10.43,3.15,6.89,3.47,13.5,10.47
JP-Tak,137.423111,36.146167,2002,4,8,16.8,7.1,9.82,2.89,17.6,0.09
JP-Tak,137.423111,36.146167,2002,4,9,8.9,-0.76,5.13,2.92,5.48,1.06
JP-Tak,137.423111,36.146167,2002,4,10,8.7,-1.74,-2.34,1.9,16.11,0.01
JP-Tak,137.423111,36.146167,2002,4,11,10.22,0.48,0.12,1.4,18.48,4.69
JP-Tak,137.423111,36.146167,2002,4,12,9.58,-2.03,1.31,2.74,7.64,9.83
JP-Tak,137.423111,36.146167,2002,4,13,7.36,-3.11,-0.95,3.74,11.78,0.07
JP-Tak,137.423111,36.146167,2002,4,14,14.6,-2.09,0.26,2.51,19.48,0
JP-Tak,137.423111,36.146167,2002,4,15,17.11,5.03,5.61,4.34,19.61,0.01
JP-Tak,137.423111,36.146167,2002,4,16,12.75,7.9,9.96,6.49,8.13,3.16
JP-Tak,137.423111,36.146167,2002,4,17,17.72,-0.47,8.44,6.93,4.05,19.89
JP-Tak,137.423111,36.146167,2002,4,18,8.26,-1.26,-1.21,3.43,19.91,0.61
JP-Tak,137.423111,36.146167,2002,4,19,13.5,-3.1,0.68,2.12,25.86,0
JP-Tak,137.423111,36.146167,2002,4,20,14.05,2.73,5.71,2.64,20.79,0.1
JP-Tak,137.423111,36.146167,2002,4,21,10.6,4.06,5.49,4.51,3.86,25.31
JP-Tak,137.423111,36.146167,2002,4,22,19.42,3.93,7.87,1.77,24.66,0.81
JP-Tak,137.423111,36.146167,2002,4,23,16.83,7.24,8.47,2.01,20.54,0
JP-Tak,137.423111,36.146167,2002,4,24,12.52,4.86,6.19,2.22,9.76,0.68
JP-Tak,137.423111,36.146167,2002,4,25,13.4,4.29,4.98,3.65,12.7,0.75
JP-Tak,137.423111,36.146167,2002,4,26,14.18,2.68,4.65,2.15,16.55,0.09
JP-Tak,137.423111,36.146167,2002,4,27,14.46,5.1,5.1,1.38,19.85,0
JP-Tak,137.423111,36.146167,2002,4,28,13.05,4.75,5.16,1.97,24.32,0.02
JP-Tak,137.423111,36.146167,2002,4,29,15.56,4.8,5.45,2.17,26.69,0.68
JP-Tak,137.423111,36.146167,2002,4,30,12.21,6.65,9.11,4.94,4.33,10.44
JP-Tak,137.423111,36.146167,2002,5,1,17.76,7.89,10.44,1.68,15.69,1.89
JP-Tak,137.423111,36.146167,2002,5,2,19.2,7.64,9.53,1.3,26.31,0
JP-Tak,137.423111,36.146167,2002,5,3,18.27,7.38,8.03,2.61,24.42,0
JP-Tak,137.423111,36.146167,2002,5,4,15.36,6.34,9.77,3.63,6.29,8.53
JP-Tak,137.423111,36.146167,2002,5,5,18.09,4.67,8.33,4.15,20.06,1.51
JP-Tak,137.423111,36.146167,2002,5,6,17.22,2.42,6.14,2.88,27.56,0.05
JP-Tak,137.423111,36.146167,2002,5,7,13.43,7.99,9.69,2.69,4.79,12.33
JP-Tak,137.423111,36.146167,2002,5,8,18.15,8.62,12.09,4.08,9.94,1.01
JP-Tak,137.423111,36.146167,2002,5,9,16.78,6.78,9.95,2.46,16.99,0.28
JP-Tak,137.423111,36.146167,2002,5,10,16.51,8.96,10.5,2.05,8.5,11.29
JP-Tak,137.423111,36.146167,2002,5,11,18.4,8.18,10.25,3.57,7.85,0.05
JP-Tak,137.423111,36.146167,2002,5,12,17.39,5.78,7.66,2.27,18.54,0
JP-Tak,137.423111,36.146167,2002,5,13,17.67,6.66,7.46,2.07,21.24,0
JP-Tak,137.423111,36.146167,2002,5,14,18.64,5.88,6.52,1.96,26.33,0
JP-Tak,137.423111,36.146167,2002,5,15,16.5,8.22,6.37,1.19,20.63,0.77
JP-Tak,137.423111,36.146167,2002,5,16,16.99,8.37,9.46,1.93,11.72,3.05
JP-Tak,137.423111,36.146167,2002,5,17,14.45,7.01,9.03,3.28,5.99,25.27
JP-Tak,137.423111,36.146167,2002,5,18,16.05,7.85,9.31,2.21,6.49,13.39
JP-Tak,137.423111,36.146167,2002,5,19,14.97,5.28,7.24,1.72,9.97,1.97
JP-Tak,137.423111,36.146167,2002,5,20,14.71,5.53,6.17,2.66,20.34,0.53
JP-Tak,137.423111,36.146167,2002,5,21,15.01,4.02,6.53,3.88,22.94,0.6
JP-Tak,137.423111,36.146167,2002,5,22,19.23,4.83,7.04,1.99,19.99,0
JP-Tak,137.423111,36.146167,2002,5,23,18.19,9.17,9.71,1.75,21.44,0
JP-Tak,137.423111,36.146167,2002,5,24,16.43,4.5,6.46,3.17,24.68,0
JP-Tak,137.423111,36.146167,2002,5,25,16.02,3.11,2.92,3.35,27.5,0
JP-Tak,137.423111,36.146167,2002,5,26,16.67,3.05,4.78,2.54,22.81,1.44
JP-Tak,137.423111,36.146167,2002,5,27,14.31,6.06,8.47,3.11,14.87,7.81
JP-Tak,137.423111,36.146167,2002,5,28,17.42,3.55,4.9,1.78,28.51,0
JP-Tak,137.423111,36.146167,2002,5,29,15.27,7.68,7.35,1.65,18.59,0
JP-Tak,137.423111,36.146167,2002,5,30,16.8,7.96,10.78,2.73,13.76,0.39
JP-Tak,137.423111,36.146167,2002,5,31,18.72,9.22,11.19,2.21,17.7,0.37
JP-Tak,137.423111,36.146167,2002,6,1,20.69,9.92,11.55,2.57,24.24,0.4
JP-Tak,137.423111,36.146167,2002,6,2,17.57,6.47,7.38,3.05,29.74,0.04
JP-Tak,137.423111,36.146167,2002,6,3,19.71,6.35,4.55,1.76,29.79,0
JP-Tak,137.423111,36.146167,2002,6,4,20.51,8.03,9.19,1.87,16.02,0
JP-Tak,137.423111,36.146167,2002,6,5,21.58,10.59,11.29,1.78,28.07,0.03
JP-Tak,137.423111,36.146167,2002,6,6,22.03,11.39,11.82,1.44,29.38,0.05
JP-Tak,137.423111,36.146167,2002,6,7,24.19,10.76,12.92,1.29,27.91,0
JP-Tak,137.423111,36.146167,2002,6,8,21.14,12.3,13.29,2.09,22.19,0.04
JP-Tak,137.423111,36.146167,2002,6,9,17.49,7.16,7.07,4.13,30.21,0.04
JP-Tak,137.423111,36.146167,2002,6,10,21.02,6.93,5.84,2.21,26.96,0
JP-Tak,137.423111,36.146167,2002,6,11,24.1,11.86,16.42,4.77,10.14,24.51
JP-Tak,137.423111,36.146167,2002,6,12,23.21,13.58,14.52,1.89,18.72,5.12
JP-Tak,137.423111,36.146167,2002,6,13,22.97,13.37,14.25,1.68,20.86,1.54
JP-Tak,137.423111,36.146167,2002,6,14,19.79,12.53,13.99,3.34,13.95,6.3
JP-Tak,137.423111,36.146167,2002,6,15,21.48,12.03,13.51,1.46,10.98,7.16
JP-Tak,137.423111,36.146167,2002,6,16,20.31,11.13,12.6,2.59,17.07,0.08
JP-Tak,137.423111,36.146167,2002,6,17,18.74,12.2,13.04,1.74,18.14,1.36
JP-Tak,137.423111,36.146167,2002,6,18,17.24,8.21,11.28,2.35,13.4,8.12
JP-Tak,137.423111,36.146167,2002,6,19,21.97,7.17,9.6,2.36,28.83,0
JP-Tak,137.423111,36.146167,2002,6,20,17.4,10.32,11.87,3.29,7.13,4.25
JP-Tak,137.423111,36.146167,2002,6,21,20.46,11.62,12.78,2.8,17.3,0.19
JP-Tak,137.423111,36.146167,2002,6,22,18.95,10.7,11.51,2.52,15.84,2.23
JP-Tak,137.423111,36.146167,2002,6,23,17.66,9.12,10.76,2.47,11.61,2.35
JP-Tak,137.423111,36.146167,2002,6,24,18.9,7.22,8.3,2.23,17.85,3.86
JP-Tak,137.423111,36.146167,2002,6,25,18.07,10.12,11.53,1.34,7.21,4.83
JP-Tak,137.423111,36.146167,2002,6,26,17.16,11.06,12.05,1.61,9.91,5.34
JP-Tak,137.423111,36.146167,2002,6,27,18.43,10.8,12.24,1.13,8.79,8.1
JP-Tak,137.423111,36.146167,2002,6,28,21.25,11.86,12.9,1.8,25.56,0.11
JP-Tak,137.423111,36.146167,2002,6,29,19.83,11.55,13.2,1.88,16.03,2.89
JP-Tak,137.423111,36.146167,2002,6,30,21.44,13.04,15.53,1.66,13.3,7.31
JP-Tak,137.423111,36.146167,2002,7,1,22.87,15.32,17.28,3.41,6.86,15.98
JP-Tak,137.423111,36.146167,2002,7,2,22.84,16.5,17.56,2.69,9.48,5.57
JP-Tak,137.423111,36.146167,2002,7,3,21.83,15.92,18.07,2.73,10.65,11.04
JP-Tak,137.423111,36.146167,2002,7,4,25.49,16.77,18.11,1.86,24.23,0.01
JP-Tak,137.423111,36.146167,2002,7,5,24.34,16.76,17.52,1.76,17.58,0.69
JP-Tak,137.423111,36.146167,2002,7,6,22.85,15.35,16.01,5.11,16.93,0.05
JP-Tak,137.423111,36.146167,2002,7,7,22.98,16.4,17.3,5.3,13.91,0.66
JP-Tak,137.423111,36.146167,2002,7,8,23.15,16.51,17.31,2.14,21.69,0.39
JP-Tak,137.423111,36.146167,2002,7,9,24.05,16.98,18.92,2.27,10.6,9.14
JP-Tak,137.423111,36.146167,2002,7,10,22.24,18.46,19.46,2.86,3.6,90.2
JP-Tak,137.423111,36.146167,2002,7,11,22.44,13.63,16.06,3.97,18.21,3.62
JP-Tak,137.423111,36.146167,2002,7,12,24.24,11.97,15.34,1.94,27.32,0.03
JP-Tak,137.423111,36.146167,2002,7,13,22.88,16.09,18.4,3.15,8.91,52.14
JP-Tak,137.423111,36.146167,2002,7,14,24.34,17.86,18.95,5.97,12.71,5.07
JP-Tak,137.423111,36.146167,2002,7,15,23.33,18.69,19.71,5.49,8.39,12.05
JP-Tak,137.423111,36.146167,2002,7,16,23.68,18.31,18.48,5.07,16.04,32.85
JP-Tak,137.423111,36.146167,2002,7,17,22,15.73,17.54,3.1,11.42,9.3
JP-Tak,137.423111,36.146167,2002,7,18,25.72,15.47,17.8,2.25,23.55,4.63
JP-Tak,137.423111,36.146167,2002,7,19,22.93,18.09,18.93,4.41,10.23,19.98
JP-Tak,137.423111,36.146167,2002,7,20,25.85,17.99,19.8,3.78,16.89,0.92
JP-Tak,137.423111,36.146167,2002,7,21,23.78,18.45,19.91,2.36,20.04,4.54
JP-Tak,137.423111,36.146167,2002,7,22,24.98,18.01,19.23,2.38,12.25,0.97
JP-Tak,137.423111,36.146167,2002,7,23,28.12,17.58,18.7,1.06,22.55,5.12
JP-Tak,137.423111,36.146167,2002,7,24,28.08,15.68,18.81,2.14,26.17,0.02
JP-Tak,137.423111,36.146167,2002,7,25,27.7,15.48,18.89,2.41,23.34,0.36
JP-Tak,137.423111,36.146167,2002,7,26,28.65,16.21,18.68,1.56,26.94,0
JP-Tak,137.423111,36.146167,2002,7,27,28.95,17.89,20.18,1.32,21.77,0
JP-Tak,137.423111,36.146167,2002,7,28,27.99,19.22,20.33,1.18,19.72,0.18
JP-Tak,137.423111,36.146167,2002,7,29,26.03,18.59,19.43,2.08,21.93,1.31
JP-Tak,137.423111,36.146167,2002,7,30,26.18,17.68,17.8,1.59,23.4,0
JP-Tak,137.423111,36.146167,2002,7,31,28.02,17.91,18.16,1.43,21.06,0.16
JP-Tak,137.423111,36.146167,2002,8,1,26.71,17.95,19.32,2.33,21.51,0.8
JP-Tak,137.423111,36.146167,2002,8,2,23.42,16.61,18.04,2.26,12.25,3.9
JP-Tak,137.423111,36.146167,2002,8,3,25.78,14.16,17.08,2.08,20.91,0.14
JP-Tak,137.423111,36.146167,2002,8,4,25.19,17.85,18.64,1.98,16.87,3.47
JP-Tak,137.423111,36.146167,2002,8,5,24.72,16.37,17.83,2.24,23.86,0.48
JP-Tak,137.423111,36.146167,2002,8,6,26.63,17.12,18.81,2.05,23.07,0.11
JP-Tak,137.423111,36.146167,2002,8,7,25.98,17.01,18.69,2.46,23.49,0
JP-Tak,137.423111,36.146167,2002,8,8,25.23,16.16,17.85,3.32,23.94,0.12
JP-Tak,137.423111,36.146167,2002,8,9,25.02,17.28,18.86,3.34,15.33,2.29
JP-Tak,137.423111,36.146167,2002,8,10,24.47,17.98,18.56,3.66,18.83,0.14
JP-Tak,137.423111,36.146167,2002,8,11,25.44,17.07,18.66,3.27,15.5,0.64
JP-Tak,137.423111,36.146167,2002,8,12,24.74,17.98,19.09,2.03,9.58,4.06
JP-Tak,137.423111,36.146167,2002,8,13,25.06,16.42,18.12,2.32,21.44,0.75
JP-Tak,137.423111,36.146167,2002,8,14,24.83,16.74,18.29,2.64,15.63,4.44
JP-Tak,137.423111,36.146167,2002,8,15,24.23,17.49,18.72,3.19,11.24,6.99
JP-Tak,137.423111,36.146167,2002,8,16,25.48,17.95,18.7,1.33,18.31,1.33
JP-Tak,137.423111,36.146167,2002,8,17,26.25,17.99,18.75,1.08,18.41,1.68
JP-Tak,137.423111,36.146167,2002,8,18,23.62,16.82,18.07,2.51,12.34,1.82
JP-Tak,137.423111,36.146167,2002,8,19,26.58,18.28,19.13,3.79,7.96,9.99
JP-Tak,137.423111,36.146167,2002,8,20,18.63,11.28,12.45,5.78,16.75,2.2
JP-Tak,137.423111,36.146167,2002,8,21,19.14,10.12,10.44,3.55,17.88,0.74
JP-Tak,137.423111,36.146167,2002,8,22,21.11,9.33,11.89,1.57,20.52,0.05
JP-Tak,137.423111,36.146167,2002,8,23,21.39,13.21,14.82,2.77,11.1,1.13
JP-Tak,137.423111,36.146167,2002,8,24,22.67,13.17,15.36,2.35,14.07,1.3
JP-Tak,137.423111,36.146167,2002,8,25,24.37,14.41,15.6,1.68,20.55,0.76
JP-Tak,137.423111,36.146167,2002,8,26,24.96,14.51,15.26,1.52,22.79,0.07
JP-Tak,137.423111,36.146167,2002,8,27,25.34,14.87,17.16,2.42,17.36,0.19
JP-Tak,137.423111,36.146167,2002,8,28,26.34,15.96,17.85,2.27,19.59,0.03
JP-Tak,137.423111,36.146167,2002,8,29,26.76,14.24,16.6,1.95,23.12,0.01
JP-Tak,137.423111,36.146167,2002,8,30,26.74,16.21,17.25,1.81,22.62,0.06
JP-Tak,137.423111,36.146167,2002,8,31,25.69,15.34,16.74,3.1,22.52,0.57
JP-Tak,137.423111,36.146167,2002,9,1,25.12,14.31,15.14,3.56,24.03,0.15
JP-Tak,137.423111,36.146167,2002,9,2,25.75,13.42,15.41,2.31,24.14,0
JP-Tak,137.423111,36.146167,2002,9,3,27,16.09,17.31,1.19,20.52,0.6
JP-Tak,137.423111,36.146167,2002,9,4,25.73,17.34,17.95,1.45,15.39,5.36
JP-Tak,137.423111,36.146167,2002,9,5,24.98,17.46,17.77,1.38,13.23,6
JP-Tak,137.423111,36.146167,2002,9,6,20.2,15.59,16.52,1.69,5.9,14.83
JP-Tak,137.423111,36.146167,2002,9,7,21.3,15.26,17.03,1.73,8.04,4.06
JP-Tak,137.423111,36.146167,2002,9,8,23.24,14.9,16.45,1.69,13.07,3.11
JP-Tak,137.423111,36.146167,2002,9,9,23.59,14.32,15.51,1.77,13.94,0.26
JP-Tak,137.423111,36.146167,2002,9,10,22.87,13.02,14.5,2.37,18.07,0.73
JP-Tak,137.423111,36.146167,2002,9,11,24.09,13.84,15.82,1.93,14.48,0.84
JP-Tak,137.423111,36.146167,2002,9,12,22.83,14.65,15.79,2.55,9.44,2.31
JP-Tak,137.423111,36.146167,2002,9,13,22.64,13.55,14.76,1.6,7,5.85
JP-Tak,137.423111,36.146167,2002,9,14,19.51,13.13,13.87,1.52,9.34,2.93
JP-Tak,137.423111,36.146167,2002,9,15,19.99,11.96,12.39,1.23,13.33,2.1
JP-Tak,137.423111,36.146167,2002,9,16,20.91,13.46,15.29,3.47,5.69,8.12
JP-Tak,137.423111,36.146167,2002,9,17,19.65,12.65,15.71,3.82,4.8,50.49
JP-Tak,137.423111,36.146167,2002,9,18,18.35,9.87,9.34,3.06,18.69,0.49
JP-Tak,137.423111,36.146167,2002,9,19,20.29,10.33,11.44,1.5,21.29,0
JP-Tak,137.423111,36.146167,2002,9,20,21.61,8.92,11.23,1.15,20.47,0
JP-Tak,137.423111,36.146167,2002,9,21,22.39,10.59,12.45,1.24,18.51,0
JP-Tak,137.423111,36.146167,2002,9,22,18.4,11.47,11.97,1.91,8.88,0.28
JP-Tak,137.423111,36.146167,2002,9,23,16.09,6.01,9.06,3.72,9.53,0.44
JP-Tak,137.423111,36.146167,2002,9,24,16.65,5.45,6.84,2.16,18.56,0.06
JP-Tak,137.423111,36.146167,2002,9,25,16.87,5.84,7.4,1.99,17.86,0.06
JP-Tak,137.423111,36.146167,2002,9,26,17.56,9.48,9.95,1.45,14.3,0.12
JP-Tak,137.423111,36.146167,2002,9,27,16.12,9.1,9.42,1.97,13.39,0.91
JP-Tak,137.423111,36.146167,2002,9,28,19.96,11.4,14.87,3.97,5.71,34.22
JP-Tak,137.423111,36.146167,2002,9,29,19.43,12.5,13.07,1.79,7.59,1.98
JP-Tak,137.423111,36.146167,2002,9,30,15.97,10.46,11.38,1.28,9.19,5.59
JP-Tak,137.423111,36.146167,2002,10,1,15.89,10.88,12.38,2.66,2.9,58.26
JP-Tak,137.423111,36.146167,2002,10,2,18.38,9.85,10.9,3.37,14.06,2.11
JP-Tak,137.423111,36.146167,2002,10,3,19.31,8.82,10.17,1.99,17.93,0
JP-Tak,137.423111,36.146167,2002,10,4,18.73,9.4,11.26,2.44,14.96,0.29
JP-Tak,137.423111,36.146167,2002,10,5,18.73,9.65,10.92,1.73,15.89,0.55
JP-Tak,137.423111,36.146167,2002,10,6,17.43,8.55,11.04,3.35,9.42,10.67
JP-Tak,137.423111,36.146167,2002,10,7,17.1,8.59,11.18,4.44,7.09,14.77
JP-Tak,137.423111,36.146167,2002,10,8,11.08,7.42,7.14,1.52,3.76,3.33
JP-Tak,137.423111,36.146167,2002,10,9,15.68,7.69,8.46,1.96,8.97,1.35
JP-Tak,137.423111,36.146167,2002,10,10,14.26,4.01,5.24,2.7,15.74,0
JP-Tak,137.423111,36.146167,2002,10,11,15.14,4.6,7.9,2.02,16.39,0
JP-Tak,137.423111,36.146167,2002,10,12,17.97,7.33,7.86,1,17.28,0
JP-Tak,137.423111,36.146167,2002,10,13,18.8,6.61,8.5,1.79,16.41,0.1
JP-Tak,137.423111,36.146167,2002,10,14,18.47,8.85,9.73,1.93,14.31,0.58
JP-Tak,137.423111,36.146167,2002,10,15,16.45,7.1,10.79,4.4,14.39,10.98
JP-Tak,137.423111,36.146167,2002,10,16,12.57,4.1,7,4.03,9.9,2.09
JP-Tak,137.423111,36.146167,2002,10,17,17.97,4.41,9.2,1.59,16.18,0
JP-Tak,137.423111,36.146167,2002,10,18,16.84,9.37,11.21,1.8,14.53,0.08
JP-Tak,137.423111,36.146167,2002,10,19,15.95,8.47,9.72,1.07,6.6,3.57
JP-Tak,137.423111,36.146167,2002,10,20,15.08,7.58,9.6,1.64,4.85,20.33
JP-Tak,137.423111,36.146167,2002,10,21,11.44,8.19,8.76,2.6,3.12,19.92
JP-Tak,137.423111,36.146167,2002,10,22,9.05,2.54,4.75,3.62,8.77,1.25
JP-Tak,137.423111,36.146167,2002,10,23,11.83,2.49,3.81,1.85,12.53,0.96
JP-Tak,137.423111,36.146167,2002,10,24,13.08,4.03,5.13,1.63,11.77,0.47
JP-Tak,137.423111,36.146167,2002,10,25,13.78,4.47,4.62,1.69,14.41,0.4
JP-Tak,137.423111,36.146167,2002,10,26,13.18,4.48,7.15,3.1,10.43,4.01
JP-Tak,137.423111,36.146167,2002,10,27,5.95,0.63,1.5,5.55,7.26,3.84
JP-Tak,137.423111,36.146167,2002,10,28,3.97,-0.33,-0.04,6.33,6.6,6.48
JP-Tak,137.423111,36.146167,2002,10,29,4.5,-0.39,0.09,4.68,7.53,6.91
JP-Tak,137.423111,36.146167,2002,10,30,5.75,-1.47,0.06,4.51,8.69,1
JP-Tak,137.423111,36.146167,2002,10,31,11.37,-0.93,2.49,2.45,13.31,0.21
JP-Tak,137.423111,36.146167,2002,11,1,8.17,2.72,5.61,3.06,4.26,11.28
JP-Tak,137.423111,36.146167,2002,11,2,3.71,-2.2,-1.22,4.59,7.35,6.36
JP-Tak,137.423111,36.146167,2002,11,3,3.17,-1.82,-0.35,4.51,4.24,9.41
JP-Tak,137.423111,36.146167,2002,11,4,0.99,-3.82,-2.17,4.26,4.31,12.4
JP-Tak,137.423111,36.146167,2002,11,5,1.08,-2.86,-2.4,4.2,5.18,8.51
JP-Tak,137.423111,36.146167,2002,11,6,2.02,-4.75,-3.01,3.56,8.71,1.75
JP-Tak,137.423111,36.146167,2002,11,7,5.58,-4.74,-1.42,2.14,10.57,0.01
JP-Tak,137.423111,36.146167,2002,11,8,6.83,-0.61,3.14,4.1,3.72,8.15
JP-Tak,137.423111,36.146167,2002,11,9,-0.34,-4.13,-3.06,5.63,4.41,11.69
JP-Tak,137.423111,36.146167,2002,11,10,2.9,-2.8,-1.16,3.42,7.23,2.65
JP-Tak,137.423111,36.146167,2002,11,11,7.3,-1.65,1.75,3,9.09,0.76
JP-Tak,137.423111,36.146167,2002,11,12,10.05,-0.49,4.56,5.68,4.06,4.99
JP-Tak,137.423111,36.146167,2002,11,13,1.6,-3.57,-2.12,5.61,5.14,4.94
JP-Tak,137.423111,36.146167,2002,11,14,1.7,-3.53,-2.76,4.67,5.15,2.51
JP-Tak,137.423111,36.146167,2002,11,15,2.44,-2.31,-1.4,2.72,4.39,1.84
JP-Tak,137.423111,36.146167,2002,11,16,4.87,-1.95,-1.26,2.03,8.11,1.61
JP-Tak,137.423111,36.146167,2002,11,17,6.84,-2.46,0.18,2.58,10.84,0.01
JP-Tak,137.423111,36.146167,2002,11,18,4.39,-3.52,0.19,5.24,5.41,3.17
JP-Tak,137.423111,36.146167,2002,11,19,6.15,-5.26,-3.54,1.95,10.85,0.07
JP-Tak,137.423111,36.146167,2002,11,20,7.59,-2.37,-1.58,1.02,9.88,0.05
JP-Tak,137.423111,36.146167,2002,11,21,4.52,-1.24,1.13,2.77,4.06,3.44
JP-Tak,137.423111,36.146167,2002,11,22,6.28,-1.7,0.12,1.48,8.13,0.5
JP-Tak,137.423111,36.146167,2002,11,23,11.14,-2.17,-0.61,1.1,10.52,0.07
JP-Tak,137.423111,36.146167,2002,11,24,11.91,-0.33,2.94,1.41,10.36,0.18
JP-Tak,137.423111,36.146167,2002,11,25,6.78,1.41,2.51,1.69,1.27,18.91
JP-Tak,137.423111,36.146167,2002,11,26,2.36,-3.44,-1.55,4.18,7.72,4.69
JP-Tak,137.423111,36.146167,2002,11,27,0.73,-4.68,-3.05,5.79,3.34,8.21
JP-Tak,137.423111,36.146167,2002,11,28,-0.07,-5.59,-4.82,5.35,6.98,1.94
JP-Tak,137.423111,36.146167,2002,11,29,3.58,-5.66,-2.07,1.53,7.02,0.25
JP-Tak,137.423111,36.146167,2002,11,30,3.02,-0.02,1.3,1.59,3.5,2.61
JP-Tak,137.423111,36.146167,2002,12,1,4.55,0.26,1.91,1.29,6.58,0.21
JP-Tak,137.423111,36.146167,2002,12,2,4.59,-1.7,-0.14,2.54,5.24,1.09
JP-Tak,137.423111,36.146167,2002,12,3,5.95,-2.97,-1.07,1.33,10.08,0.07
JP-Tak,137.423111,36.146167,2002,12,4,6.07,2.23,3.8,2.91,2.41,12.98
JP-Tak,137.423111,36.146167,2002,12,5,8.04,0.42,3.26,2.66,4.54,0.34
JP-Tak,137.423111,36.146167,2002,12,6,2.94,-2.72,-2.27,2.98,4.49,0.09
JP-Tak,137.423111,36.146167,2002,12,7,5.44,-1.21,0.86,1.6,4.3,5.34
JP-Tak,137.423111,36.146167,2002,12,8,1.03,-3.16,-2.99,3.17,3.42,7.21
JP-Tak,137.423111,36.146167,2002,12,9,0.14,-5.61,-3.68,2.34,3.03,12.07
JP-Tak,137.423111,36.146167,2002,12,10,-2.11,-8.53,-6.65,3.62,4.76,8.25
JP-Tak,137.423111,36.146167,2002,12,11,-4.13,-7.99,-6.99,5.18,3.48,5.78
JP-Tak,137.423111,36.146167,2002,12,12,-2.43,-6.7,-5.19,4.26,4.35,4.84
JP-Tak,137.423111,36.146167,2002,12,13,-4.64,-10.73,-7.92,4.36,3.95,1.88
JP-Tak,137.423111,36.146167,2002,12,14,-2.11,-14.23,-9.86,1.58,6.75,0.03
JP-Tak,137.423111,36.146167,2002,12,15,1.23,-10.81,-4.72,1.43,8.14,0.05
JP-Tak,137.423111,36.146167,2002,12,16,4.3,-3.82,-0.17,3.21,6.29,6.22
JP-Tak,137.423111,36.146167,2002,12,17,3.95,-7.79,-3.15,5.1,5.11,9.58
JP-Tak,137.423111,36.146167,2002,12,18,2.42,-5.26,-2.45,2.47,6.44,0.05
JP-Tak,137.423111,36.146167,2002,12,19,1.64,-3.75,-1.14,2.15,2.09,0.35
JP-Tak,137.423111,36.146167,2002,12,20,0.63,-6.28,-4.67,2.42,6.42,0.03
JP-Tak,137.423111,36.146167,2002,12,21,1.97,-0.76,-0.03,1.77,1.6,23.63
JP-Tak,137.423111,36.146167,2002,12,22,1.95,-5.57,-2.88,2.38,4.96,0.36
JP-Tak,137.423111,36.146167,2002,12,23,1.91,-8.35,-4.92,1.54,6.1,0.18
JP-Tak,137.423111,36.146167,2002,12,24,2.1,-2.09,-0.6,3.03,4.66,0.67
JP-Tak,137.423111,36.146167,2002,12,25,1.27,-5.63,-2.14,4.85,2.74,5.58
JP-Tak,137.423111,36.146167,2002,12,26,-5.31,-9.23,-9.05,5.5,4.43,3.24
JP-Tak,137.423111,36.146167,2002,12,27,-6.78,-12.36,-10.56,6.77,4.4,2.97
JP-Tak,137.423111,36.146167,2002,12,28,-2.14,-14.22,-8.3,3.03,9.49,1.4
JP-Tak,137.423111,36.146167,2002,12,29,-4.2,-10.35,-6.95,5.05,5.29,1.9
JP-Tak,137.423111,36.146167,2002,12,30,-1.89,-11.94,-7.29,2.38,8.17,0.93
JP-Tak,137.423111,36.146167,2002,12,31,0.54,-6.16,-4.89,1.28,5.6,1.35
JP-Tak,137.423111,36.146167,2003,1,1,0.19,-7.72,-6.25,1.46,8,2.14
JP-Tak,137.423111,36.146167,2003,1,2,-6.68,-13.84,-11.16,5.33,5.89,2.6
JP-Tak,137.423111,36.146167,2003,1,3,0.98,-9.78,-4.26,5.4,3.14,19.52
JP-Tak,137.423111,36.146167,2003,1,4,-0.21,-8.86,-6.05,6.29,4,9.38
JP-Tak,137.423111,36.146167,2003,1,5,-6.97,-12,-10.17,6.04,2.19,12.48
JP-Tak,137.423111,36.146167,2003,1,6,-6.98,-12.55,-11.04,4.87,6.29,2.71
JP-Tak,137.423111,36.146167,2003,1,7,-3.75,-13.61,-9.92,2.02,5.25,1.58
JP-Tak,137.423111,36.146167,2003,1,8,-1.44,-12.53,-9.6,1.54,8.72,0.14
JP-Tak,137.423111,36.146167,2003,1,9,-1.08,-12.02,-8.31,1.23,9.38,0.08
JP-Tak,137.423111,36.146167,2003,1,10,-0.74,-6.39,-5.09,2.3,5.72,0.5
JP-Tak,137.423111,36.146167,2003,1,11,-1.34,-10.43,-8.03,1.92,7.63,0.03
JP-Tak,137.423111,36.146167,2003,1,12,-0.72,-10.5,-6.04,2.4,6.92,0.95
JP-Tak,137.423111,36.146167,2003,1,13,-0.89,-9.6,-5.08,2.42,8.84,0.11
JP-Tak,137.423111,36.146167,2003,1,14,-0.37,-8.62,-3.34,3.67,3.77,2.64
JP-Tak,137.423111,36.146167,2003,1,15,-8.64,-12.01,-11.45,5.77,5.81,1.13
JP-Tak,137.423111,36.146167,2003,1,16,-3.48,-15.05,-10.96,1.7,7.05,0.06
JP-Tak,137.423111,36.146167,2003,1,17,0.02,-8.89,-3.33,3.72,7.59,0.51
JP-Tak,137.423111,36.146167,2003,1,18,0.5,-8.29,-3.63,1.56,7.15,1.4
JP-Tak,137.423111,36.146167,2003,1,19,-0.15,-8.68,-4.72,1.17,5.28,2.32
JP-Tak,137.423111,36.146167,2003,1,20,-0.6,-7.2,-5.45,1.66,6.91,2.18
JP-Tak,137.423111,36.146167,2003,1,21,-5.72,-10.36,-9.55,4.94,4.88,2.16
JP-Tak,137.423111,36.146167,2003,1,22,-4.8,-10.89,-9.02,2.56,8.09,0.26
JP-Tak,137.423111,36.146167,2003,1,23,1.13,-7.49,-3.54,4.44,2.15,24.73
JP-Tak,137.423111,36.146167,2003,1,24,-4.42,-8.75,-8.21,7.11,4.64,3.94
JP-Tak,137.423111,36.146167,2003,1,25,-5.19,-10.32,-9.27,5.12,7.72,0.5
JP-Tak,137.423111,36.146167,2003,1,26,-0.53,-11.5,-6.49,2.15,8.56,1.27
JP-Tak,137.423111,36.146167,2003,1,27,3.93,-2.43,0.15,5.08,2.04,35.32
JP-Tak,137.423111,36.146167,2003,1,28,0.28,-7.69,-5.77,7.74,6.01,4.23
JP-Tak,137.423111,36.146167,2003,1,29,-7.78,-12.83,-11.64,7.81,3.24,8.3
JP-Tak,137.423111,36.146167,2003,1,30,-7,-11.2,-9.73,6.01,6.47,4.21
JP-Tak,137.423111,36.146167,2003,1,31,-4.19,-9.78,-7.56,5.35,6.72,2.62
JP-Tak,137.423111,36.146167,2003,2,1,-6.48,-13.99,-10.82,4.36,8.16,0.24
JP-Tak,137.423111,36.146167,2003,2,2,-2.97,-13.96,-9.77,1.85,8.68,0.21
JP-Tak,137.423111,36.146167,2003,2,3,-4.18,-14.11,-10.6,2.8,8.48,0.59
JP-Tak,137.423111,36.146167,2003,2,4,-3.04,-13.97,-10.23,1.61,9.08,0.21
JP-Tak,137.423111,36.146167,2003,2,5,-2.11,-11.66,-8.25,2.08,8.9,0.96
JP-Tak,137.423111,36.146167,2003,2,6,-5.96,-13.52,-11.05,3.75,8.79,0.51
JP-Tak,137.423111,36.146167,2003,2,7,0.03,-13.54,-7.81,1.72,11.77,0.01
JP-Tak,137.423111,36.146167,2003,2,8,1.27,-8.28,-3.96,2.37,8.77,10.04
JP-Tak,137.423111,36.146167,2003,2,9,1.71,-1.13,-0.09,2.99,6.93,6.64
JP-Tak,137.423111,36.146167,2003,2,10,3.45,-1.18,1.16,1.6,7.12,0.35
JP-Tak,137.423111,36.146167,2003,2,11,2.94,-2.51,0.49,2.22,4.49,7.82
JP-Tak,137.423111,36.146167,2003,2,12,-3.02,-11.96,-9.03,4.22,9.34,0.51
JP-Tak,137.423111,36.146167,2003,2,13,-1.88,-11.68,-8.57,3.37,9.95,0.97
JP-Tak,137.423111,36.146167,2003,2,14,-1.17,-9.64,-6.79,4.02,6.93,1.86
JP-Tak,137.423111,36.146167,2003,2,15,0.83,-11.43,-8.1,1.63,12.78,0
JP-Tak,137.423111,36.146167,2003,2,16,1.06,-5.8,-3.6,2.32,4.78,12.2
JP-Tak,137.423111,36.146167,2003,2,17,-0.73,-9.3,-7.64,3.85,12.53,0
JP-Tak,137.423111,36.146167,2003,2,18,1.53,-7.39,-5.01,2.72,10.66,0.11
JP-Tak,137.423111,36.146167,2003,2,19,0.32,-8.07,-5.5,2.34,13.64,0.13
JP-Tak,137.423111,36.146167,2003,2,20,-1.21,-7.87,-6.11,5.18,9.61,1.43
JP-Tak,137.423111,36.146167,2003,2,21,-0.4,-9.73,-8.28,4.03,11.33,0.03
JP-Tak,137.423111,36.146167,2003,2,22,0.46,-7.72,-5.55,1.34,6.06,7.94
JP-Tak,137.423111,36.146167,2003,2,23,2.86,-4.49,-3.09,2.31,6.66,0.92
JP-Tak,137.423111,36.146167,2003,2,24,0.94,-7.62,-3.73,2.57,6.69,4.02
JP-Tak,137.423111,36.146167,2003,2,25,-1.13,-8.8,-7.47,2.92,12.67,0.2
JP-Tak,137.423111,36.146167,2003,2,26,2.32,-8.52,-4.37,4.04,10.71,1.24
JP-Tak,137.423111,36.146167,2003,2,27,-1.47,-10.77,-7.7,5.39,10.67,0.56
JP-Tak,137.423111,36.146167,2003,2,28,3.17,-12.7,-8.09,2.34,15.93,0.06
JP-Tak,137.423111,36.146167,2003,3,1,4.97,-4.4,0.34,3.9,5.27,35.38
JP-Tak,137.423111,36.146167,2003,3,2,1.33,-5.3,-4.6,6.72,14.41,0.77
JP-Tak,137.423111,36.146167,2003,3,3,3,-7.23,-2.86,4.95,3.86,11.52
JP-Tak,137.423111,36.146167,2003,3,4,-6.67,-10.62,-11.21,8.3,10.51,1.41
JP-Tak,137.423111,36.146167,2003,3,5,-1.54,-10.61,-9.01,2.58,13.79,0.23
JP-Tak,137.423111,36.146167,2003,3,6,1.94,-8.13,-3.38,2.58,10.18,3.64
JP-Tak,137.423111,36.146167,2003,3,7,3.24,-2.85,-0.61,6.03,3.17,18.52
JP-Tak,137.423111,36.146167,2003,3,8,-1.13,-5.47,-5.09,8.82,8.01,2.97
JP-Tak,137.423111,36.146167,2003,3,9,-3.24,-8.51,-7.82,6.15,10.7,0.62
JP-Tak,137.423111,36.146167,2003,3,10,-2.51,-9.3,-8.5,5.22,10.77,0.41
JP-Tak,137.423111,36.146167,2003,3,11,-4.65,-10.36,-9.89,5,11.97,0.53
JP-Tak,137.423111,36.146167,2003,3,12,-2,-11.7,-9.16,3.86,13.35,0.16
JP-Tak,137.423111,36.146167,2003,3,13,0.2,-12.38,-9.72,2.37,14.11,0
JP-Tak,137.423111,36.146167,2003,3,14,2.67,-10.7,-7.79,1.63,17.48,0
JP-Tak,137.423111,36.146167,2003,3,15,2.81,-4.25,-4.27,1.38,12.51,0.29
JP-Tak,137.423111,36.146167,2003,3,16,5,-5.26,-2.17,1.74,14.37,10.66
JP-Tak,137.423111,36.146167,2003,3,17,3.91,-4.98,-1.34,2.62,11.49,1.21
JP-Tak,137.423111,36.146167,2003,3,18,1.98,-7.43,-5.96,2.68,13.48,0.22
JP-Tak,137.423111,36.146167,2003,3,19,0.91,-8.3,-6.63,3.34,12.92,0.84
JP-Tak,137.423111,36.146167,2003,3,20,-0.96,-10.25,-7.68,4.45,14.06,0.02
JP-Tak,137.423111,36.146167,2003,3,21,3.77,-11.58,-8.47,1.57,18.26,0.01
JP-Tak,137.423111,36.146167,2003,3,22,3.36,-4.8,-5.02,1.14,10.55,0.02
JP-Tak,137.423111,36.146167,2003,3,23,5.86,-4.29,-4.66,1.33,18.5,0
JP-Tak,137.423111,36.146167,2003,3,24,6.53,-1.85,-2.33,1.78,18.93,2.81
JP-Tak,137.423111,36.146167,2003,3,25,6.92,0.46,1.81,1.95,12.24,12.51
JP-Tak,137.423111,36.146167,2003,3,26,7.28,-2.6,-0.69,2.37,19.79,0.06
JP-Tak,137.423111,36.146167,2003,3,27,6.82,-2.23,1.72,4.43,17.02,3.26
JP-Tak,137.423111,36.146167,2003,3,28,3.77,-3.37,-2.34,4.54,16.24,0.51
JP-Tak,137.423111,36.146167,2003,3,29,3.12,-7.36,-4.42,3.12,15.82,0.03
JP-Tak,137.423111,36.146167,2003,3,30,5.6,-7.48,-4.99,2.39,16.85,0
JP-Tak,137.423111,36.146167,2003,3,31,8.11,-1.59,0.73,2.43,13.42,1.9
JP-Tak,137.423111,36.146167,2003,4,1,10.1,-0.79,-0.46,1.87,19.26,0.29
JP-Tak,137.423111,36.146167,2003,4,2,7.67,-0.77,2.87,1.44,4.65,9.34
JP-Tak,137.423111,36.146167,2003,4,3,10.4,-0.37,1.09,2.49,19.43,0.31
JP-Tak,137.423111,36.146167,2003,4,4,10.16,1.1,2.46,1.33,11.96,12.4
JP-Tak,137.423111,36.146167,2003,4,5,3.52,-1.77,-0.34,4.46,3.41,26.01
JP-Tak,137.423111,36.146167,2003,4,6,3.93,-4.3,-3.89,5.21,19.15,0.11
JP-Tak,137.423111,36.146167,2003,4,7,11.54,-2.61,-1.68,1.9,19.91,0.02
JP-Tak,137.423111,36.146167,2003,4,8,10.89,2.68,6.14,7.92,2.91,19.9
JP-Tak,137.423111,36.146167,2003,4,9,5.66,-4.42,-0.94,5.96,9.23,1.85
JP-Tak,137.423111,36.146167,2003,4,10,8.31,-5.82,-4.89,2.68,21.92,0.08
JP-Tak,137.423111,36.146167,2003,4,11,7.48,-2.56,1.26,4.23,13.06,2.49
JP-Tak,137.423111,36.146167,2003,4,12,12.48,4.44,7.95,4.55,4.43,15.47
JP-Tak,137.423111,36.146167,2003,4,13,12.41,0.37,3.12,3.87,21.13,0.14
JP-Tak,137.423111,36.146167,2003,4,14,11.02,-0.82,0.03,2.58,12.78,0.43
JP-Tak,137.423111,36.146167,2003,4,15,11.58,2.19,4.48,0.99,14.73,1.27
JP-Tak,137.423111,36.146167,2003,4,16,16.09,3.36,2.83,1.26,21.73,0.01
JP-Tak,137.423111,36.146167,2003,4,17,17.07,1.74,5.42,2.67,23.61,0
JP-Tak,137.423111,36.146167,2003,4,18,20.9,3.96,8.96,1.94,22.89,0
JP-Tak,137.423111,36.146167,2003,4,19,13.66,7.39,10.04,4.01,3.99,4.5
JP-Tak,137.423111,36.146167,2003,4,20,16.26,10.12,12.12,4.07,3,24.98
JP-Tak,137.423111,36.146167,2003,4,21,10.11,-1.95,2.95,6.76,10.77,5.5
JP-Tak,137.423111,36.146167,2003,4,22,11.59,-2.26,1.14,3.55,24.98,0.09
JP-Tak,137.423111,36.146167,2003,4,23,9.61,2.74,6.42,4.88,4.51,13.57
JP-Tak,137.423111,36.146167,2003,4,24,14.2,9.45,10.9,3.2,5.33,15.78
JP-Tak,137.423111,36.146167,2003,4,25,17.97,8.9,12.91,4.88,6.07,15.67
JP-Tak,137.423111,36.146167,2003,4,26,16.14,4.88,10.99,5.75,13.04,14.14
JP-Tak,137.423111,36.146167,2003,4,27,16.2,3.91,5.93,2.43,24.61,0.01
JP-Tak,137.423111,36.146167,2003,4,28,15.53,5.94,6.45,2.38,24.03,0
JP-Tak,137.423111,36.146167,2003,4,29,15.85,4.06,7.58,4.53,23.12,0.57
JP-Tak,137.423111,36.146167,2003,4,30,13.52,-0.23,5.9,6.27,4.12,19
JP-Tak,137.423111,36.146167,2003,5,1,14.48,-2.8,0.27,2.98,27.23,0.09
JP-Tak,137.423111,36.146167,2003,5,2,17.47,0.65,6.1,2.06,27.18,0
JP-Tak,137.423111,36.146167,2003,5,3,21.19,5.96,8.75,1.44,26.39,0
JP-Tak,137.423111,36.146167,2003,5,4,20,7.96,6.49,1.19,21.81,0
JP-Tak,137.423111,36.146167,2003,5,5,21,8.72,9.79,2.04,22.39,0
JP-Tak,137.423111,36.146167,2003,5,6,20.5,9.56,11.1,2.08,22.46,0.01
JP-Tak,137.423111,36.146167,2003,5,7,18.83,10.47,13.88,4.45,11.51,2.68
JP-Tak,137.423111,36.146167,2003,5,8,16.82,0.25,9.57,5.81,6.95,32.44
JP-Tak,137.423111,36.146167,2003,5,9,14.33,-0.78,2.04,2.09,26.6,0.1
JP-Tak,137.423111,36.146167,2003,5,10,14.5,2.91,5.56,2.07,21.44,0.05
JP-Tak,137.423111,36.146167,2003,5,11,11.35,4.98,6.17,2.04,7.96,1.61
JP-Tak,137.423111,36.146167,2003,5,12,17.12,4.59,8.1,2.22,17.72,0.36
JP-Tak,137.423111,36.146167,2003,5,13,18.21,7.45,9.39,1.8,21.01,0.04
JP-Tak,137.423111,36.146167,2003,5,14,17.97,7.42,9.66,1.71,16.47,4.86
JP-Tak,137.423111,36.146167,2003,5,15,14.59,8.93,10.68,1.87,8.92,13.06
JP-Tak,137.423111,36.146167,2003,5,16,17.56,8.74,9.82,2.13,13.38,3.42
JP-Tak,137.423111,36.146167,2003,5,17,16.79,8.68,10.04,2.02,20.59,0.03
JP-Tak,137.423111,36.146167,2003,5,18,17.38,8.78,9.82,1.74,18.1,0.03
JP-Tak,137.423111,36.146167,2003,5,19,16.33,10.16,10.14,0.99,16.19,1.28
JP-Tak,137.423111,36.146167,2003,5,20,15.46,8.31,9.32,1.51,11.06,7.66
JP-Tak,137.423111,36.146167,2003,5,21,18.02,7.17,7.14,2.16,21.38,0.31
JP-Tak,137.423111,36.146167,2003,5,22,18.9,7.34,7.87,1.61,24.79,0.3
JP-Tak,137.423111,36.146167,2003,5,23,15.69,8.94,9.81,1.49,20.15,4.46
JP-Tak,137.423111,36.146167,2003,5,24,18.56,9.29,10.01,1.11,21.62,0
JP-Tak,137.423111,36.146167,2003,5,25,17.64,7.96,7.89,1.74,17.19,0.02
JP-Tak,137.423111,36.146167,2003,5,26,13.16,7.29,8.33,2.29,10.24,1.24
JP-Tak,137.423111,36.146167,2003,5,27,17.59,7.88,10.27,1.64,11.47,0.85
JP-Tak,137.423111,36.146167,2003,5,28,20.36,10.66,12.08,1.22,24.18,0
JP-Tak,137.423111,36.146167,2003,5,29,21.94,10.64,12.15,1.99,27.51,0
JP-Tak,137.423111,36.146167,2003,5,30,20.15,8.07,9.96,3.08,27.64,0.18
JP-Tak,137.423111,36.146167,2003,5,31,20.56,9.8,13.75,6.4,11.29,31.43
JP-Tak,137.423111,36.146167,2003,6,1,19.04,5.41,11.52,4.47,10.57,11.81
JP-Tak,137.423111,36.146167,2003,6,2,16.81,3.84,4.86,2.79,28.84,0
JP-Tak,137.423111,36.146167,2003,6,3,18.51,6.35,4.99,1.43,30.48,0
JP-Tak,137.423111,36.146167,2003,6,4,15.43,7.49,6.75,1.85,13.94,0.5
JP-Tak,137.423111,36.146167,2003,6,5,20.03,6.43,8.03,2.24,24.29,0.02
JP-Tak,137.423111,36.146167,2003,6,6,21.11,8.55,7.13,1.39,23.64,0
JP-Tak,137.423111,36.146167,2003,6,7,17.43,9.93,10.38,0.99,12.68,3.96
JP-Tak,137.423111,36.146167,2003,6,8,21.11,8.45,10.11,1.79,24.5,0.23
JP-Tak,137.423111,36.146167,2003,6,9,21.22,10.16,10.16,1.2,25.21,0.1
JP-Tak,137.423111,36.146167,2003,6,10,20.03,9.97,10.91,1.82,15.71,0.58
JP-Tak,137.423111,36.146167,2003,6,11,20.54,9.62,12.36,1.42,15,0.37
JP-Tak,137.423111,36.146167,2003,6,12,21.07,12.4,15.01,2.47,15.56,0.6
JP-Tak,137.423111,36.146167,2003,6,13,22.82,13.99,17.15,3.77,9.07,5.56
JP-Tak,137.423111,36.146167,2003,6,14,18.69,12.5,13.73,1.59,8.2,3.8
JP-Tak,137.423111,36.146167,2003,6,15,19.54,13.1,13.6,1.95,9.55,0.61
JP-Tak,137.423111,36.146167,2003,6,16,18.58,11.63,13.58,1.67,9.87,7.33
JP-Tak,137.423111,36.146167,2003,6,17,20.84,12.45,13.3,1.22,12.07,13.37
JP-Tak,137.423111,36.146167,2003,6,18,22.35,12.77,14.65,1.63,12.54,3.23
JP-Tak,137.423111,36.146167,2003,6,19,21.89,15.21,16.8,4.53,12.5,1.57
JP-Tak,137.423111,36.146167,2003,6,20,19.9,12.24,15.66,5.81,11.71,4.3
JP-Tak,137.423111,36.146167,2003,6,21,23.03,10.86,13.07,2.41,24.18,0
JP-Tak,137.423111,36.146167,2003,6,22,23.04,13.48,13.78,1.4,15.34,0.22
JP-Tak,137.423111,36.146167,2003,6,23,22.57,13.24,15,1.97,14.85,0.33
JP-Tak,137.423111,36.146167,2003,6,24,21.41,13.26,15.63,2.66,6.93,21.18
JP-Tak,137.423111,36.146167,2003,6,25,20.48,13.74,15.64,2.17,10.38,27.09
JP-Tak,137.423111,36.146167,2003,6,26,19.84,12.08,13.54,2.62,7.33,3.69
JP-Tak,137.423111,36.146167,2003,6,27,20.65,11.94,13.75,2.35,17.31,6.54
JP-Tak,137.423111,36.146167,2003,6,28,23.9,14.07,17.2,5.64,9.71,17.13
JP-Tak,137.423111,36.146167,2003,6,29,20.79,12.06,13.3,2.95,18.34,0.13
JP-Tak,137.423111,36.146167,2003,6,30,21.98,12.01,13.11,2.23,19.62,0.06
JP-Tak,137.423111,36.146167,2003,7,1,18.54,13.09,13.97,1.57,8.37,13.29
JP-Tak,137.423111,36.146167,2003,7,2,21.45,11.74,12.87,2.09,20.96,1.64
JP-Tak,137.423111,36.146167,2003,7,3,17.6,11.96,13.89,3.62,13.25,18.19
JP-Tak,137.423111,36.146167,2003,7,4,18.76,12.36,14.84,5.3,15.7,9.73
JP-Tak,137.423111,36.146167,2003,7,5,20.27,10.33,12.08,1.75,20.2,1.76
JP-Tak,137.423111,36.146167,2003,7,6,22.51,14.8,16.68,2.24,12.23,2.68
JP-Tak,137.423111,36.146167,2003,7,7,22.3,14.19,16.58,3.93,5.61,14.26
JP-Tak,137.423111,36.146167,2003,7,8,22.31,13.52,15.69,1.73,14.11,2.06
JP-Tak,137.423111,36.146167,2003,7,9,19.74,14.06,16.18,2.13,11.27,4.97
JP-Tak,137.423111,36.146167,2003,7,10,22.34,14.55,17.49,4.03,7.72,7.92
JP-Tak,137.423111,36.146167,2003,7,11,21.09,17.49,18.24,3.9,6.81,12.05
JP-Tak,137.423111,36.146167,2003,7,12,24.61,17.13,17.84,1.93,15.39,13.31
JP-Tak,137.423111,36.146167,2003,7,13,21.19,15.21,15.47,1.37,7.53,23.78
JP-Tak,137.423111,36.146167,2003,7,14,21.21,13.13,14.87,2.16,9.26,13.96
JP-Tak,137.423111,36.146167,2003,7,15,22.21,12.77,13.87,1.6,19.25,0.08
JP-Tak,137.423111,36.146167,2003,7,16,22.62,12.74,13.91,0.99,17.5,0.05
JP-Tak,137.423111,36.146167,2003,7,17,21.86,13.68,14.89,2.06,18.97,0.32
JP-Tak,137.423111,36.146167,2003,7,18,19.18,13.07,14.28,2.36,13.92,0.88
JP-Tak,137.423111,36.146167,2003,7,19,20.09,13.76,15.47,3.01,9.35,1.78
JP-Tak,137.423111,36.146167,2003,7,20,22.5,15.32,16.91,2.39,13.93,4.9
JP-Tak,137.423111,36.146167,2003,7,21,22.34,14.4,16.38,2.52,12.51,18.75
JP-Tak,137.423111,36.146167,2003,7,22,22.33,13.36,15.4,1.55,19.26,0.77
JP-Tak,137.423111,36.146167,2003,7,23,17.95,14.98,15.42,2.66,5.2,18.23
JP-Tak,137.423111,36.146167,2003,7,24,23.29,15.32,17.11,3.48,14.21,14.71
JP-Tak,137.423111,36.146167,2003,7,25,21.55,14.4,15.6,2.34,7.47,4.39
JP-Tak,137.423111,36.146167,2003,7,26,23.15,12.67,14.77,1.68,17.54,1.55
JP-Tak,137.423111,36.146167,2003,7,27,21.51,14.46,15.12,2,18.47,0.7
JP-Tak,137.423111,36.146167,2003,7,28,22.24,12.65,15.27,2.02,16.85,0.58
JP-Tak,137.423111,36.146167,2003,7,29,22.15,14.37,15.9,2.49,9.96,4.84
JP-Tak,137.423111,36.146167,2003,7,30,24.28,15.1,17.35,2.78,11.54,18.02
JP-Tak,137.423111,36.146167,2003,7,31,22.53,15.01,17.05,2.28,16.85,0.81
JP-Tak,137.423111,36.146167,2003,8,1,25.24,16.27,18.05,1.14,19.87,0.05
JP-Tak,137.423111,36.146167,2003,8,2,25.67,16.83,18.26,2.13,20.08,0.11
JP-Tak,137.423111,36.146167,2003,8,3,24.9,16.02,18.15,2.16,22.97,0
JP-Tak,137.423111,36.146167,2003,8,4,26.51,17.58,19.51,1.85,19.4,0.88
JP-Tak,137.423111,36.146167,2003,8,5,25.35,18.13,19.52,1.6,12.66,15.03
JP-Tak,137.423111,36.146167,2003,8,6,24.78,17.8,18.92,1.66,18.73,1.06
JP-Tak,137.423111,36.146167,2003,8,7,22.75,17.25,18.45,2.01,18.45,0.8
JP-Tak,137.423111,36.146167,2003,8,8,22.97,16.74,18.3,4.55,14.13,16.72
JP-Tak,137.423111,36.146167,2003,8,9,22.23,16.98,18.82,7.53,5.64,43.87
JP-Tak,137.423111,36.146167,2003,8,10,26.29,15.68,17.22,1.9,20.81,0.24
JP-Tak,137.423111,36.146167,2003,8,11,23.24,16.94,18.26,2.86,9.43,4.19
JP-Tak,137.423111,36.146167,2003,8,12,23.72,15.36,17.27,2.49,9.73,14.35
JP-Tak,137.423111,36.146167,2003,8,13,23.18,14.08,15.97,1.85,20.07,1.83
JP-Tak,137.423111,36.146167,2003,8,14,17.65,13.32,14.74,2.04,4.42,53.91
JP-Tak,137.423111,36.146167,2003,8,15,17.94,12.93,14.26,2.18,10.42,23.11
JP-Tak,137.423111,36.146167,2003,8,16,22.04,14.59,16.69,1.55,17.56,3.19
JP-Tak,137.423111,36.146167,2003,8,17,22.03,15.97,18.19,3.38,4.61,17.2
JP-Tak,137.423111,36.146167,2003,8,18,24.64,17.93,19.1,2.19,6.35,10
JP-Tak,137.423111,36.146167,2003,8,19,25.15,17.95,19.18,2.41,9.89,2.64
JP-Tak,137.423111,36.146167,2003,8,20,25.78,17.5,18.89,2.09,21.67,0.04
JP-Tak,137.423111,36.146167,2003,8,21,23.88,17.7,18.54,1.96,13.32,2.16
JP-Tak,137.423111,36.146167,2003,8,22,26.81,16.05,16.64,1.38,20.42,0
JP-Tak,137.423111,36.146167,2003,8,23,25.42,15.67,17.1,2.52,22.02,0
JP-Tak,137.423111,36.146167,2003,8,24,25.19,16.02,18.23,2.02,19.84,0.16
JP-Tak,137.423111,36.146167,2003,8,25,23.63,18.04,18.83,3.03,17.75,2.99
JP-Tak,137.423111,36.146167,2003,8,26,21.4,17.2,18.12,2.3,9.65,15.12
JP-Tak,137.423111,36.146167,2003,8,27,22.46,16.83,17.46,1.39,15.82,10.74
JP-Tak,137.423111,36.146167,2003,8,28,22.53,15.89,18.15,3.87,7.12,1.5
JP-Tak,137.423111,36.146167,2003,8,29,23.74,16.45,17.68,2.97,15.83,1.44
JP-Tak,137.423111,36.146167,2003,8,30,22.27,15.05,16.58,2.59,10.4,2.5
JP-Tak,137.423111,36.146167,2003,8,31,22.96,16.54,19.31,5.09,5.19,14.02
JP-Tak,137.423111,36.146167,2003,9,1,24.54,18.65,19.73,3.23,10.61,11.46
JP-Tak,137.423111,36.146167,2003,9,2,25.27,18.86,19.62,2.15,17.32,0.26
JP-Tak,137.423111,36.146167,2003,9,3,24.25,17.74,18.93,2.1,11.03,1.83
JP-Tak,137.423111,36.146167,2003,9,4,25.24,15.61,16.16,1.49,19.22,0.46
JP-Tak,137.423111,36.146167,2003,9,5,22.75,15.04,16.03,2.47,21.02,0.2
JP-Tak,137.423111,36.146167,2003,9,6,22.2,14.79,16.88,3.18,7.09,5.6
JP-Tak,137.423111,36.146167,2003,9,7,23.98,13.06,15.22,1.63,18.61,0.19
JP-Tak,137.423111,36.146167,2003,9,8,23.37,15.12,17.46,2.66,12.49,0.07
JP-Tak,137.423111,36.146167,2003,9,9,24.5,16.23,18.08,2.06,20.02,0.59
JP-Tak,137.423111,36.146167,2003,9,10,21.94,17.16,18.39,2.77,7.25,7.32
JP-Tak,137.423111,36.146167,2003,9,11,22.71,17.08,18.68,1.71,14.34,2.44
JP-Tak,137.423111,36.146167,2003,9,12,25.24,17.5,19.07,2.2,16.31,0.58
JP-Tak,137.423111,36.146167,2003,9,13,23.87,16.35,18.91,5.66,14.68,2.38
JP-Tak,137.423111,36.146167,2003,9,14,22.18,13.1,14.52,2.87,17.3,0.4
JP-Tak,137.423111,36.146167,2003,9,15,22.24,10.58,13.31,2.07,17.18,0.73
JP-Tak,137.423111,36.146167,2003,9,16,22.17,13.75,15.24,1.82,18.31,0
JP-Tak,137.423111,36.146167,2003,9,17,23.19,14.95,15.38,1.29,17.15,0.02
JP-Tak,137.423111,36.146167,2003,9,18,23,14.47,15.33,1.5,15.11,0.33
JP-Tak,137.423111,36.146167,2003,9,19,21.58,14.59,16.16,3.13,8.22,1.2
JP-Tak,137.423111,36.146167,2003,9,20,19.72,13.5,14.5,1.31,4.03,21.2
JP-Tak,137.423111,36.146167,2003,9,21,14,9.91,10.71,4.77,5.49,28.2
JP-Tak,137.423111,36.146167,2003,9,22,15.3,7.44,6.91,4.67,19.52,1.69
JP-Tak,137.423111,36.146167,2003,9,23,18.31,6.35,9.15,1.78,17.55,1.29
JP-Tak,137.423111,36.146167,2003,9,24,16.23,9.28,11.33,2.97,4.54,28.44
JP-Tak,137.423111,36.146167,2003,9,25,19.34,12.22,15.49,3.06,4.45,33.98
JP-Tak,137.423111,36.146167,2003,9,26,20.67,11.41,13.68,1.62,13.72,1.75
JP-Tak,137.423111,36.146167,2003,9,27,19.44,8.28,10.87,2.19,14.62,0.14
JP-Tak,137.423111,36.146167,2003,9,28,19.22,10.58,11.11,1.91,15.89,0.16
JP-Tak,137.423111,36.146167,2003,9,29,16.16,5.54,8.95,3.81,14.06,0.41
JP-Tak,137.423111,36.146167,2003,9,30,13.02,3.32,4.8,4.88,17.84,0
JP-Tak,137.423111,36.146167,2003,10,1,16.16,3.25,6.63,2.19,15.89,0.01
JP-Tak,137.423111,36.146167,2003,10,2,16.14,6.38,9.23,4.39,6.79,1.73
JP-Tak,137.423111,36.146167,2003,10,3,13.77,3.39,5.87,3,15.38,0.55
JP-Tak,137.423111,36.146167,2003,10,4,14.54,3.46,5.07,2.2,11.5,0.12
JP-Tak,137.423111,36.146167,2003,10,5,13.85,2.96,5.33,1.66,17.22,0.18
JP-Tak,137.423111,36.146167,2003,10,6,13.62,6.29,5.85,1.08,12.29,0.57
JP-Tak,137.423111,36.146167,2003,10,7,13.06,6.15,6.28,1.24,14.2,0
JP-Tak,137.423111,36.146167,2003,10,8,14.5,5.19,6.32,1.34,11.88,0
JP-Tak,137.423111,36.146167,2003,10,9,17.97,3.61,5.3,1.46,19.78,0
JP-Tak,137.423111,36.146167,2003,10,10,19,4.92,7.13,1.65,15.23,0
JP-Tak,137.423111,36.146167,2003,10,11,18.79,6.53,7,2.16,11.4,0.54
JP-Tak,137.423111,36.146167,2003,10,12,20.6,12.11,15.09,3.06,8.82,2.09
JP-Tak,137.423111,36.146167,2003,10,13,16.78,6.33,12.1,4.87,4.28,14.85
JP-Tak,137.423111,36.146167,2003,10,14,15.2,4.68,8.03,2.29,5.03,21.67
JP-Tak,137.423111,36.146167,2003,10,15,12.2,3.33,6.09,3.11,10.93,2.43
JP-Tak,137.423111,36.146167,2003,10,16,11.86,2.32,3.84,2.69,10.99,0.83
JP-Tak,137.423111,36.146167,2003,10,17,13.09,3.18,6,2.15,16.97,0.03
JP-Tak,137.423111,36.146167,2003,10,18,12.98,4.92,6.26,2.33,16.49,0.21
JP-Tak,137.423111,36.146167,2003,10,19,14.31,4.25,5.02,1.86,14.62,0.04
JP-Tak,137.423111,36.146167,2003,10,20,15.52,3.75,6.2,1.8,17.92,0
JP-Tak,137.423111,36.146167,2003,10,21,16.24,6.48,6.84,1.35,5.22,4.69
JP-Tak,137.423111,36.146167,2003,10,22,14.2,7.37,9.09,1.44,5.74,13.72
JP-Tak,137.423111,36.146167,2003,10,23,8.92,1.8,4.82,4.18,6.63,5.33
JP-Tak,137.423111,36.146167,2003,10,24,10.58,-0.52,1.36,3.48,15.43,0.21
JP-Tak,137.423111,36.146167,2003,10,25,12.24,0.84,2.2,1.88,13.99,0.01
JP-Tak,137.423111,36.146167,2003,10,26,13.33,3.31,5.34,1.93,11.17,0.26
JP-Tak,137.423111,36.146167,2003,10,27,12.83,2.9,3.03,1.63,15.85,0.02
JP-Tak,137.423111,36.146167,2003,10,28,13.1,3.02,8.29,4.56,8.14,3.22
JP-Tak,137.423111,36.146167,2003,10,29,11.57,3.34,4.23,4.77,11.97,3.42
JP-Tak,137.423111,36.146167,2003,10,30,13.7,3.96,4.66,3.24,14.79,0.03
JP-Tak,137.423111,36.146167,2003,10,31,13.38,4.5,7.3,2.16,12.52,0.02
JP-Tak,137.423111,36.146167,2003,11,1,14.75,6.76,8.91,1.81,11.72,0.05
JP-Tak,137.423111,36.146167,2003,11,2,17.02,5.49,8.7,1.41,12.98,0.07
JP-Tak,137.423111,36.146167,2003,11,3,15.85,8.7,11.87,2.75,3.62,12.14
JP-Tak,137.423111,36.146167,2003,11,4,12.89,5.33,5.29,3.1,10.49,0.33
JP-Tak,137.423111,36.146167,2003,11,5,14.56,3.7,8.1,2.54,9.28,4.79
JP-Tak,137.423111,36.146167,2003,11,6,15.37,8.31,10.59,1.46,7.12,4.36
JP-Tak,137.423111,36.146167,2003,11,7,17.52,6.13,7.55,1.3,11.56,0.01
JP-Tak,137.423111,36.146167,2003,11,8,15.6,5.96,8.68,2.01,7.26,0.17
JP-Tak,137.423111,36.146167,2003,11,9,10.64,5.48,7.87,2.4,3.81,8.53
JP-Tak,137.423111,36.146167,2003,11,10,9.72,4.93,6.38,1.58,4.38,17.99
JP-Tak,137.423111,36.146167,2003,11,11,11.08,5.49,6.97,1.94,3.15,23.54
JP-Tak,137.423111,36.146167,2003,11,12,10.26,2.86,4.21,2.47,5.62,2.78
JP-Tak,137.423111,36.146167,2003,11,13,9.79,-0.48,1.77,2.35,5.79,2.24
JP-Tak,137.423111,36.146167,2003,11,14,9.4,-2.31,-0.52,1.52,11.82,0.36
JP-Tak,137.423111,36.146167,2003,11,15,10.88,0.38,6.59,4.28,8.99,3.01
JP-Tak,137.423111,36.146167,2003,11,16,11.83,1.77,7.39,5.3,4.78,4.86
JP-Tak,137.423111,36.146167,2003,11,17,4.61,-3.4,-1.84,4.94,9.94,0.17
JP-Tak,137.423111,36.146167,2003,11,18,8.53,-2.18,3.36,2.33,11.69,0.23
JP-Tak,137.423111,36.146167,2003,11,19,11.33,3.99,5.9,1.51,10.15,0.5
JP-Tak,137.423111,36.146167,2003,11,20,12.65,3.63,7.81,2.45,5.34,14.18
JP-Tak,137.423111,36.146167,2003,11,21,15,3.75,9.39,4.43,2.99,11.99
JP-Tak,137.423111,36.146167,2003,11,22,3,-3.13,-1.71,5.76,7.1,2.06
JP-Tak,137.423111,36.146167,2003,11,23,7.44,-4.32,-2,1.83,10.32,0.36
JP-Tak,137.423111,36.146167,2003,11,24,10.14,-1.37,3.85,2.02,9.92,2.48
JP-Tak,137.423111,36.146167,2003,11,25,8.82,3.99,4.92,4.14,1.39,35.78
JP-Tak,137.423111,36.146167,2003,11,26,11.29,-0.62,2.74,2.61,8.38,0.12
JP-Tak,137.423111,36.146167,2003,11,27,8.16,3.24,4.46,0.96,6.45,0
JP-Tak,137.423111,36.146167,2003,11,28,9.32,-0.07,1.39,2.45,5.96,0.52
JP-Tak,137.423111,36.146167,2003,11,29,13.56,3.08,7.63,4.19,4.69,32.22
JP-Tak,137.423111,36.146167,2003,11,30,11.14,6.84,8.09,2.93,1.74,29.32
JP-Tak,137.423111,36.146167,2003,12,1,7.28,2.67,4.63,4.1,3.16,1.51
JP-Tak,137.423111,36.146167,2003,12,2,7.4,-1.07,1.1,4.7,6.42,0.05
JP-Tak,137.423111,36.146167,2003,12,3,7.78,-1.66,-0.04,2.82,9.87,0.52
JP-Tak,137.423111,36.146167,2003,12,4,2.87,-3.47,-2.02,3.14,5.31,1.58
JP-Tak,137.423111,36.146167,2003,12,5,6.53,-3.12,1.09,2.21,9.34,0.05
JP-Tak,137.423111,36.146167,2003,12,6,9.28,0.59,4.06,4.85,2.47,8.15
JP-Tak,137.423111,36.146167,2003,12,7,2.87,-4.37,-2.07,5.65,5.6,3.35
JP-Tak,137.423111,36.146167,2003,12,8,0.82,-4.32,-3.26,5.07,4.93,3.24
JP-Tak,137.423111,36.146167,2003,12,9,-0.56,-4.54,-4.17,5.26,4.87,2.15
JP-Tak,137.423111,36.146167,2003,12,10,2.86,-6.05,-4.65,2.12,7.06,0.05
JP-Tak,137.423111,36.146167,2003,12,11,2.06,-3.46,-0.27,2.04,3.46,6.16
JP-Tak,137.423111,36.146167,2003,12,12,2.03,-3.05,-0.68,3.75,4.15,13.94
JP-Tak,137.423111,36.146167,2003,12,13,-0.06,-4.75,-3.7,3.44,6.27,2.23
JP-Tak,137.423111,36.146167,2003,12,14,1.92,-4.91,-3.59,1.88,7.09,0.74
JP-Tak,137.423111,36.146167,2003,12,15,1.79,-5.55,-3.11,2.51,9.47,3.35
JP-Tak,137.423111,36.146167,2003,12,16,-1.58,-7.85,-5.26,5.5,5.3,3.82
JP-Tak,137.423111,36.146167,2003,12,17,0.49,-7.72,-4.11,3.3,7.52,3.33
JP-Tak,137.423111,36.146167,2003,12,18,-1.47,-4.75,-4.36,5.63,5.83,3.12
JP-Tak,137.423111,36.146167,2003,12,19,-1.91,-8.19,-5.51,4.82,3.1,12.64
JP-Tak,137.423111,36.146167,2003,12,20,-6.21,-9.39,-8.86,6.63,2.28,15.24
JP-Tak,137.423111,36.146167,2003,12,21,-3.82,-11.33,-7.83,3.67,6.1,1.67
JP-Tak,137.423111,36.146167,2003,12,22,-0.55,-11.39,-4.75,3.4,5.81,0.4
JP-Tak,137.423111,36.146167,2003,12,23,1.12,-3.53,-1.8,2.84,7.6,0.11
JP-Tak,137.423111,36.146167,2003,12,24,1.43,-1.78,-0.8,3.26,5.91,0.75
JP-Tak,137.423111,36.146167,2003,12,25,2.11,-5.71,-1.62,3.11,9.01,1.26
JP-Tak,137.423111,36.146167,2003,12,26,-0.16,-6.05,-3.8,3.15,5.51,4.82
JP-Tak,137.423111,36.146167,2003,12,27,-5.7,-9.09,-8.72,6.4,4.52,3.19
JP-Tak,137.423111,36.146167,2003,12,28,-1.79,-8.84,-7.79,2.58,7.4,0.1
JP-Tak,137.423111,36.146167,2003,12,29,0.22,-7.98,-3.23,4.24,3.68,3.41
JP-Tak,137.423111,36.146167,2003,12,30,-0.69,-7.55,-5.23,3.62,6.29,0.87
JP-Tak,137.423111,36.146167,2003,12,31,0.46,-6.52,-3.24,3.77,1.89,4.49
JP-Tak,137.423111,36.146167,2004,1,1,0.81,-4.44,-2.62,3.24,7.39,1.03
JP-Tak,137.423111,36.146167,2004,1,2,1.76,-2.41,-1.2,2.75,6.34,0.82
JP-Tak,137.423111,36.146167,2004,1,3,1,-3.48,-2.25,4.82,5.96,2.57
JP-Tak,137.423111,36.146167,2004,1,4,-1.18,-8.62,-6.31,3,7.96,0.31
JP-Tak,137.423111,36.146167,2004,1,5,0.28,-8.48,-6.21,1.78,7.79,0.46
JP-Tak,137.423111,36.146167,2004,1,6,-0.19,-8.67,-6.65,2.08,7.01,0.37
JP-Tak,137.423111,36.146167,2004,1,7,0.7,-7.07,-4.32,2.79,9.91,2.77
JP-Tak,137.423111,36.146167,2004,1,8,-2.19,-9.84,-9.23,6.99,6.59,2.48
JP-Tak,137.423111,36.146167,2004,1,9,-1.72,-12.1,-9.77,2.48,10.58,0
JP-Tak,137.423111,36.146167,2004,1,10,-0.89,-11.02,-7.49,4.06,4.94,1.36
JP-Tak,137.423111,36.146167,2004,1,11,-5.85,-11.85,-10.51,6.08,7.44,0.41
JP-Tak,137.423111,36.146167,2004,1,12,1.21,-11.8,-7.1,2.73,11.53,0.07
JP-Tak,137.423111,36.146167,2004,1,13,-1.46,-8.14,-5.5,6.83,3.33,8.37
JP-Tak,137.423111,36.146167,2004,1,14,-8,-10.25,-10.53,7.77,5.13,4.52
JP-Tak,137.423111,36.146167,2004,1,15,-5.91,-10.49,-9.89,6.34,6.58,1.33
JP-Tak,137.423111,36.146167,2004,1,16,-6.39,-12.09,-11.13,4.16,7.94,0.16
JP-Tak,137.423111,36.146167,2004,1,17,-0.83,-8.13,-5.57,1.21,6.21,4.35
JP-Tak,137.423111,36.146167,2004,1,18,0.94,-11.62,-7.07,2.16,9.58,0.77
JP-Tak,137.423111,36.146167,2004,1,19,-0.73,-5.86,-3.35,4.25,5.22,9.71
JP-Tak,137.423111,36.146167,2004,1,20,-1.22,-7.71,-5.89,2.65,8.38,1.82
JP-Tak,137.423111,36.146167,2004,1,21,-2.67,-9.75,-6.84,2.49,5.63,1.7
JP-Tak,137.423111,36.146167,2004,1,22,-9.76,-13.16,-12.48,7.18,5.54,3.63
JP-Tak,137.423111,36.146167,2004,1,23,-5.32,-9.4,-8.03,6.89,5.25,4.98
JP-Tak,137.423111,36.146167,2004,1,24,-4.81,-11.61,-8.95,3.24,5.64,4.84
JP-Tak,137.423111,36.146167,2004,1,25,-4.66,-12.16,-9.79,1.74,5.76,1.8
JP-Tak,137.423111,36.146167,2004,1,26,-4.42,-13.51,-10.69,1.71,8.88,0.58
JP-Tak,137.423111,36.146167,2004,1,27,-3.52,-12.43,-8.37,2.32,3.24,3.17
JP-Tak,137.423111,36.146167,2004,1,28,-2.67,-12.93,-7.79,3.81,10.42,1.15
JP-Tak,137.423111,36.146167,2004,1,29,-1.39,-6.62,-5.13,2.8,7.89,0.7
JP-Tak,137.423111,36.146167,2004,1,30,-1.17,-8.13,-6.22,2.37,7.7,0.35
JP-Tak,137.423111,36.146167,2004,1,31,-3.79,-12.97,-8.7,4.2,9.96,0.32
JP-Tak,137.423111,36.146167,2004,2,1,1.31,-13.03,-8.65,1.53,9.64,0
JP-Tak,137.423111,36.146167,2004,2,2,3.05,-7.29,-1.5,3.57,2.24,13.73
JP-Tak,137.423111,36.146167,2004,2,3,-1.46,-5.94,-4.51,4.4,5.42,4.81
JP-Tak,137.423111,36.146167,2004,2,4,-3.76,-7.24,-7.04,6.83,7.02,4.27
JP-Tak,137.423111,36.146167,2004,2,5,-4.76,-9.27,-8.15,5.42,3.81,5.23
JP-Tak,137.423111,36.146167,2004,2,6,-4.06,-11.11,-8.6,4.65,7.56,2.69
JP-Tak,137.423111,36.146167,2004,2,7,-4.76,-8.76,-8.27,5.59,7.04,6.56
JP-Tak,137.423111,36.146167,2004,2,8,-4.14,-9,-7.44,4.49,7.68,3.61
JP-Tak,137.423111,36.146167,2004,2,9,-3.39,-12.6,-7.49,3.37,7.42,2.31
JP-Tak,137.423111,36.146167,2004,2,10,-0.85,-16.05,-9.03,2.2,13.99,0.01
JP-Tak,137.423111,36.146167,2004,2,11,-1,-9.66,-6.07,2.88,11.07,1.02
JP-Tak,137.423111,36.146167,2004,2,12,-0.66,-6.64,-4.9,3.74,9.22,1.27
JP-Tak,137.423111,36.146167,2004,2,13,0.81,-12.56,-8.05,2.21,12.9,0.16
JP-Tak,137.423111,36.146167,2004,2,14,1.97,-5.51,-2.76,5.82,10.11,4.54
JP-Tak,137.423111,36.146167,2004,2,15,-2.27,-7.31,-4.98,8.71,5.52,8.9
JP-Tak,137.423111,36.146167,2004,2,16,-2.97,-10.9,-8.62,5.14,9.97,0.66
JP-Tak,137.423111,36.146167,2004,2,17,-0.13,-10.51,-7.08,5.05,6.02,1.18
JP-Tak,137.423111,36.146167,2004,2,18,-1.8,-10.08,-7.86,4.15,13.71,0.12
JP-Tak,137.423111,36.146167,2004,2,19,3.02,-9.18,-5.85,2.28,13.07,0
JP-Tak,137.423111,36.146167,2004,2,20,5.3,-7.46,-4.31,2.35,13.94,0
JP-Tak,137.423111,36.146167,2004,2,21,6.66,-1.95,0.77,2.19,12.35,0.01
JP-Tak,137.423111,36.146167,2004,2,22,7.99,0.83,5.22,5.98,9.36,23.21
JP-Tak,137.423111,36.146167,2004,2,23,1.67,-7.17,-4.65,8.24,6.12,7.2
JP-Tak,137.423111,36.146167,2004,2,24,1.81,-9.52,-7.52,2.56,13.08,0
JP-Tak,137.423111,36.146167,2004,2,25,4.43,-3.28,-1.74,3.24,15.25,0.02
JP-Tak,137.423111,36.146167,2004,2,26,1.56,-6.82,-3.33,6.25,8.43,3.93
JP-Tak,137.423111,36.146167,2004,2,27,-2.83,-8.04,-7.55,5.17,9.98,1.04
JP-Tak,137.423111,36.146167,2004,2,28,2.56,-6.41,-5.23,2.22,14.92,0.04
JP-Tak,137.423111,36.146167,2004,2,29,3.42,-5.34,-0.74,3.41,5.36,13.37
JP-Tak,137.423111,36.146167,2004,3,1,0.39,-7.32,-6.18,3.29,6.66,1.11
JP-Tak,137.423111,36.146167,2004,3,2,-0.97,-8.68,-7.63,3.72,8.75,1.78
JP-Tak,137.423111,36.146167,2004,3,3,-2.17,-10.55,-8.78,3.1,13.64,0.55
JP-Tak,137.423111,36.146167,2004,3,4,-2.75,-9.27,-8.21,3.25,8.92,4.33
JP-Tak,137.423111,36.146167,2004,3,5,-2.31,-10.49,-7.68,3.91,14.29,0.48
JP-Tak,137.423111,36.146167,2004,3,6,-0.03,-8.02,-6.07,6.78,9.85,6.67
JP-Tak,137.423111,36.146167,2004,3,7,-6.5,-10.63,-9.92,4.66,9.37,3.29
JP-Tak,137.423111,36.146167,2004,3,8,-3.54,-10.56,-8.97,3.26,15.8,0.92
JP-Tak,137.423111,36.146167,2004,3,9,0.61,-8.28,-4.92,2.58,14.04,0.19
JP-Tak,137.423111,36.146167,2004,3,10,4.4,-7.56,-1.15,3.79,17.38,0.08
JP-Tak,137.423111,36.146167,2004,3,11,5.24,-2.72,1.98,4.67,4.9,2.1
JP-Tak,137.423111,36.146167,2004,3,12,0.44,-6.16,-5.1,2.31,9.59,0.05
JP-Tak,137.423111,36.146167,2004,3,13,2.37,-6.87,-6.67,3.6,15.32,0.21
JP-Tak,137.423111,36.146167,2004,3,14,4.5,-6.65,-4.04,2.89,17.78,0.04
JP-Tak,137.423111,36.146167,2004,3,15,5.56,-3.39,-2.91,1.95,16.93,0
JP-Tak,137.423111,36.146167,2004,3,16,7.47,-3.77,-1.04,2.53,18.96,0
JP-Tak,137.423111,36.146167,2004,3,17,8.11,0.13,4.98,5.48,15.94,1.41
JP-Tak,137.423111,36.146167,2004,3,18,7.34,-7.2,-0.03,4.01,6.47,17.2
JP-Tak,137.423111,36.146167,2004,3,19,5.02,-8.47,-6.17,2.29,20.81,0.01
JP-Tak,137.423111,36.146167,2004,3,20,2.01,-5.5,-2.39,2.3,8.76,0.37
JP-Tak,137.423111,36.146167,2004,3,21,6,-5.72,-4.62,1.74,17.43,0.02
JP-Tak,137.423111,36.146167,2004,3,22,3.28,-4.1,-2.07,2.83,4.22,15.62
JP-Tak,137.423111,36.146167,2004,3,23,6.32,-5.57,-2.21,1.82,15.13,0.45
JP-Tak,137.423111,36.146167,2004,3,24,5.92,-0.13,1.3,2.34,15.15,0.49
JP-Tak,137.423111,36.146167,2004,3,25,8.97,0.39,2.03,1.85,10.16,1.01
JP-Tak,137.423111,36.146167,2004,3,26,3.91,-4.31,-3.56,5.12,15.87,0.72
JP-Tak,137.423111,36.146167,2004,3,27,7.04,-4.91,-5.21,3.51,19.66,0.03
JP-Tak,137.423111,36.146167,2004,3,28,12.24,-1.53,-3.15,1.84,19.43,0
JP-Tak,137.423111,36.146167,2004,3,29,12.02,-1.55,2.02,2.71,20.43,0
JP-Tak,137.423111,36.146167,2004,3,30,9.04,3.05,5.25,3.67,7.86,22.6
JP-Tak,137.423111,36.146167,2004,3,31,5.47,-4.13,-1.14,5.29,18.02,2.76
JP-Tak,137.423111,36.146167,2004,4,1,11.27,-4.73,-2.05,2.38,22.05,1.21
JP-Tak,137.423111,36.146167,2004,4,2,9.33,-0.7,2,7.42,12.28,10.61
JP-Tak,137.423111,36.146167,2004,4,3,6.25,-2.05,-0.41,5.06,15.01,0.63
JP-Tak,137.423111,36.146167,2004,4,4,3.52,-2.44,-0.74,1.91,7.31,10.76
JP-Tak,137.423111,36.146167,2004,4,5,9.3,-4.18,-2.95,2.22,23.53,0.08
JP-Tak,137.423111,36.146167,2004,4,6,10.71,-1.31,0.62,2.38,21.26,0
JP-Tak,137.423111,36.146167,2004,4,7,12.51,2.44,5.57,3.74,17.03,5.88
JP-Tak,137.423111,36.146167,2004,4,8,6.43,-2.35,-2.36,3.73,22.34,2.99
JP-Tak,137.423111,36.146167,2004,4,9,11.15,-2.17,-0.95,2.64,23.3,0
JP-Tak,137.423111,36.146167,2004,4,10,16.64,-1.51,0.93,1.93,24.94,0
JP-Tak,137.423111,36.146167,2004,4,11,14.26,3.38,3.84,1.69,16.59,0
JP-Tak,137.423111,36.146167,2004,4,12,16.24,3.37,4.98,2.25,22.22,0
JP-Tak,137.423111,36.146167,2004,4,13,14.76,3.3,3.97,2.94,20.37,0.03
JP-Tak,137.423111,36.146167,2004,4,14,12.47,3.08,6.22,2.06,7.7,2.08
JP-Tak,137.423111,36.146167,2004,4,15,15.37,-0.79,0.94,2.19,25.37,0.01
JP-Tak,137.423111,36.146167,2004,4,16,14.01,3.5,3.43,3.02,23.32,0
JP-Tak,137.423111,36.146167,2004,4,17,15.01,3.36,2.85,3.84,18.95,0
JP-Tak,137.423111,36.146167,2004,4,18,17.92,3.94,4.61,2.32,24.55,0
JP-Tak,137.423111,36.146167,2004,4,19,14.08,6.47,6.63,6.38,4.63,22.57
JP-Tak,137.423111,36.146167,2004,4,20,13.79,-0.81,6.3,5.96,12.67,5.02
JP-Tak,137.423111,36.146167,2004,4,21,17.82,-1.39,0.65,3.2,26.07,0
JP-Tak,137.423111,36.146167,2004,4,22,19.01,6.49,6.69,3.15,23.52,0
JP-Tak,137.423111,36.146167,2004,4,23,12.14,-1.28,5.18,5.3,10.66,4.64
JP-Tak,137.423111,36.146167,2004,4,24,3.64,-3.07,-3.07,4.99,18.38,0.98
JP-Tak,137.423111,36.146167,2004,4,25,9.57,-5.17,-2.25,4.72,24.86,0.03
JP-Tak,137.423111,36.146167,2004,4,26,13.74,-0.36,2.21,3.08,21.28,3.2
JP-Tak,137.423111,36.146167,2004,4,27,15.76,4.68,9.03,8.91,5.25,46.48
JP-Tak,137.423111,36.146167,2004,4,28,5.03,-2.24,-0.5,7.91,11.04,4.14
JP-Tak,137.423111,36.146167,2004,4,29,14.88,-3.7,-1.51,3.13,28.42,0
JP-Tak,137.423111,36.146167,2004,4,30,16.26,3.83,2.55,1.86,20.31,0
JP-Tak,137.423111,36.146167,2004,5,1,19.79,5.5,5.54,2.25,20.89,0
JP-Tak,137.423111,36.146167,2004,5,2,16.57,5.99,7.56,2.73,24.4,0
JP-Tak,137.423111,36.146167,2004,5,3,16.93,5.17,8.88,5.1,12,0.84
JP-Tak,137.423111,36.146167,2004,5,4,18.42,8.93,12,5.99,6.61,28.43
JP-Tak,137.423111,36.146167,2004,5,5,16.1,5.81,8.62,2.49,9.35,2.11
JP-Tak,137.423111,36.146167,2004,5,6,16.75,3.63,6.36,2.61,27.42,0
JP-Tak,137.423111,36.146167,2004,5,7,16.33,5.98,5.79,2.76,24.02,0
JP-Tak,137.423111,36.146167,2004,5,8,19.53,6.43,6.91,2.13,24.18,0.03
JP-Tak,137.423111,36.146167,2004,5,9,12.96,8.28,9.77,3.35,7.65,13.53
JP-Tak,137.423111,36.146167,2004,5,10,16.72,9.74,13.09,3.54,7.26,26.97
JP-Tak,137.423111,36.146167,2004,5,11,18.07,7.84,9.94,3.9,16.54,1.16
JP-Tak,137.423111,36.146167,2004,5,12,20.84,7.95,10.79,2.74,23.79,0.03
JP-Tak,137.423111,36.146167,2004,5,13,16.12,11.26,13.2,5.89,7.74,23.95
JP-Tak,137.423111,36.146167,2004,5,14,17.38,7.49,8.14,3.38,20.99,1.01
JP-Tak,137.423111,36.146167,2004,5,15,19.25,6.99,6.32,2.86,20.83,3.59
JP-Tak,137.423111,36.146167,2004,5,16,18.9,10.39,14.23,3.83,6.4,43.18
JP-Tak,137.423111,36.146167,2004,5,17,19.24,11.89,14.86,6.14,6.42,22.17
JP-Tak,137.423111,36.146167,2004,5,18,13.89,7.21,8.62,2.32,14.04,0.05
JP-Tak,137.423111,36.146167,2004,5,19,16.15,7.81,7.43,1.53,6.46,12.97
JP-Tak,137.423111,36.146167,2004,5,20,15.83,8.66,10.88,1.79,7.96,25.95
JP-Tak,137.423111,36.146167,2004,5,21,16.37,8.98,9.95,3.54,19.19,24.41
JP-Tak,137.423111,36.146167,2004,5,22,15.01,9.87,10.6,2.32,10.86,1.22
JP-Tak,137.423111,36.146167,2004,5,23,15.72,7.13,10.66,2.33,12.46,8.96
JP-Tak,137.423111,36.146167,2004,5,24,16.1,4.45,5.37,2.53,23.6,0.06
JP-Tak,137.423111,36.146167,2004,5,25,16.17,4.52,5.48,2.54,28.49,0.06
JP-Tak,137.423111,36.146167,2004,5,26,20.38,5.53,9.7,1.73,28.7,0
JP-Tak,137.423111,36.146167,2004,5,27,19.44,10.83,12.11,1.43,18.03,0.02
JP-Tak,137.423111,36.146167,2004,5,28,19.82,10.31,12.08,2.57,21.5,0.02
JP-Tak,137.423111,36.146167,2004,5,29,19.91,10.51,14.01,3.86,12.65,0.36
JP-Tak,137.423111,36.146167,2004,5,30,22.68,14.48,16.84,3.48,13.62,5.23
JP-Tak,137.423111,36.146167,2004,5,31,21.64,10.02,14.94,5.5,5.17,24.11
JP-Tak,137.423111,36.146167,2004,6,1,20.21,9.6,9.49,1.85,19.76,4.19
JP-Tak,137.423111,36.146167,2004,6,2,17.75,7.16,5.73,1.04,23.34,0
JP-Tak,137.423111,36.146167,2004,6,3,20.17,7.76,7.15,1.38,29.47,0
JP-Tak,137.423111,36.146167,2004,6,4,21.89,7.67,7.94,1.15,29.93,0
JP-Tak,137.423111,36.146167,2004,6,5,22.23,7.95,8.33,1.58,29.04,0
JP-Tak,137.423111,36.146167,2004,6,6,19.43,10.14,13.72,1.85,15.89,2.86
JP-Tak,137.423111,36.146167,2004,6,7,21.38,15.14,16.35,3.19,14.15,21.73
JP-Tak,137.423111,36.146167,2004,6,8,20.22,13.31,15.64,2.08,4.58,18.51
JP-Tak,137.423111,36.146167,2004,6,9,20.14,11.99,13.88,2.26,15.98,0.3
JP-Tak,137.423111,36.146167,2004,6,10,20.7,12.91,12.96,2.26,20.47,0
JP-Tak,137.423111,36.146167,2004,6,11,19.29,12.63,13.64,2.4,9.1,27.96
JP-Tak,137.423111,36.146167,2004,6,12,18.74,12.32,15.13,2.6,8.04,10.17
JP-Tak,137.423111,36.146167,2004,6,13,17.42,8.61,8.73,3.18,25.51,0.15
JP-Tak,137.423111,36.146167,2004,6,14,19.42,9.52,10.61,1.67,30.8,0
JP-Tak,137.423111,36.146167,2004,6,15,20.39,9.24,9.05,2.32,30.08,0
JP-Tak,137.423111,36.146167,2004,6,16,21.63,8.48,7.99,1.82,31.4,0
JP-Tak,137.423111,36.146167,2004,6,17,22.04,11.48,13.76,2,26.02,0
JP-Tak,137.423111,36.146167,2004,6,18,20.45,12.63,13.16,2.22,17.13,0.02
JP-Tak,137.423111,36.146167,2004,6,19,22.33,13.4,14.25,2.71,22.18,0.04
JP-Tak,137.423111,36.146167,2004,6,20,24.29,14.47,18.21,4.24,16.09,4.19
JP-Tak,137.423111,36.146167,2004,6,21,22.55,17.67,18.67,7.99,6.93,32.29
JP-Tak,137.423111,36.146167,2004,6,22,21.9,14.69,15.52,4.29,21.56,1.04
JP-Tak,137.423111,36.146167,2004,6,23,22.77,13.91,14.7,1.78,16.39,0
JP-Tak,137.423111,36.146167,2004,6,24,24.26,14.95,16.19,1.29,20.29,2.01
JP-Tak,137.423111,36.146167,2004,6,25,21.53,16.09,18.12,5.19,4.7,33.99
JP-Tak,137.423111,36.146167,2004,6,26,22.59,16.71,17.5,3.14,9.46,0.87
JP-Tak,137.423111,36.146167,2004,6,27,21.07,16.25,16.83,2.39,10.29,0.9
JP-Tak,137.423111,36.146167,2004,6,28,20.03,16.18,17.21,2.94,15.16,8.21
JP-Tak,137.423111,36.146167,2004,6,29,22.86,14.95,17.1,2.65,19.91,2.91
JP-Tak,137.423111,36.146167,2004,6,30,23.34,14.81,16.68,2.82,16.79,3.49
JP-Tak,137.423111,36.146167,2004,7,1,25.05,13.01,16.09,1.48,21.95,0.11
JP-Tak,137.423111,36.146167,2004,7,2,23.76,15.15,14.84,2.12,24.93,0
JP-Tak,137.423111,36.146167,2004,7,3,24.8,14.61,16,2.09,22.03,0
JP-Tak,137.423111,36.146167,2004,7,4,26.21,16.08,17.88,2.22,24.96,0.07
JP-Tak,137.423111,36.146167,2004,7,5,23.46,16.72,18.36,4.6,16.47,3.32
JP-Tak,137.423111,36.146167,2004,7,6,26.81,16.53,18.37,1.99,25.61,0.4
JP-Tak,137.423111,36.146167,2004,7,7,26.7,17.16,19.02,2.22,22.5,0.36
JP-Tak,137.423111,36.146167,2004,7,8,25.99,17.78,19.66,2.63,22.55,0.93
JP-Tak,137.423111,36.146167,2004,7,9,26.63,17.77,19.29,2.05,23.05,2.19
JP-Tak,137.423111,36.146167,2004,7,10,21.85,16.35,17.96,2.55,12.06,16.92
JP-Tak,137.423111,36.146167,2004,7,11,19.96,13.79,15.08,2.91,16.57,5.99
JP-Tak,137.423111,36.146167,2004,7,12,22.03,12.14,14.21,2.19,12.08,0.81
JP-Tak,137.423111,36.146167,2004,7,13,23.67,16.35,17.73,5.05,9.46,1.54
JP-Tak,137.423111,36.146167,2004,7,14,24.69,16,17.92,2.68,20.32,0.02
JP-Tak,137.423111,36.146167,2004,7,15,24.18,15.54,16.93,2.65,15.6,0.06
JP-Tak,137.423111,36.146167,2004,7,16,22.02,15.95,17.68,3.14,11.81,2.94
JP-Tak,137.423111,36.146167,2004,7,17,22.85,16.73,17.43,5.82,12.25,6.19
JP-Tak,137.423111,36.146167,2004,7,18,22.9,16.21,17.33,5.2,16.62,23.2
JP-Tak,137.423111,36.146167,2004,7,19,23.7,16.3,17.71,3.37,13.43,0.22
JP-Tak,137.423111,36.146167,2004,7,20,24.75,16.12,18,4.58,11.59,0.01
JP-Tak,137.423111,36.146167,2004,7,21,24.41,15.79,18.29,3.23,9.55,0.74
JP-Tak,137.423111,36.146167,2004,7,22,26.46,15.12,16.94,1.83,23.49,0.06
JP-Tak,137.423111,36.146167,2004,7,23,25.71,16.46,17.57,1.89,24.72,0.03
JP-Tak,137.423111,36.146167,2004,7,24,25.87,16.98,18.56,1.69,22.56,0.72
JP-Tak,137.423111,36.146167,2004,7,25,23.45,17.29,18.94,1.77,15.19,8.88
JP-Tak,137.423111,36.146167,2004,7,26,23.78,15.59,16.41,0.99,18.2,1.59
JP-Tak,137.423111,36.146167,2004,7,27,27.07,15.29,17.34,0.97,24.07,0.01
JP-Tak,137.423111,36.146167,2004,7,28,27.12,17.77,18.26,2.14,24.31,0.06
JP-Tak,137.423111,36.146167,2004,7,29,26.87,16.46,18.48,3.28,18.01,5.21
JP-Tak,137.423111,36.146167,2004,7,30,26,17.01,18.02,3.81,23.86,2.19
JP-Tak,137.423111,36.146167,2004,7,31,25.11,17.41,17.97,3.8,22.15,2.2
JP-Tak,137.423111,36.146167,2004,8,1,25.27,14.64,16.89,3.86,22.84,0.8
JP-Tak,137.423111,36.146167,2004,8,2,24.05,13.3,15.38,3.44,28.23,0.01
JP-Tak,137.423111,36.146167,2004,8,3,25.08,13.42,14.6,1.58,24.8,0.12
JP-Tak,137.423111,36.146167,2004,8,4,26.5,17.25,17.68,2.32,22.47,0.33
JP-Tak,137.423111,36.146167,2004,8,5,24.3,18.04,19.26,4.33,13.66,4.28
JP-Tak,137.423111,36.146167,2004,8,6,25.62,17.1,19.44,1.81,17.24,2.17
JP-Tak,137.423111,36.146167,2004,8,7,27.29,17.98,19.17,1.13,18.01,19.84
JP-Tak,137.423111,36.146167,2004,8,8,26.1,18.27,19.09,1.49,23.08,0.53
JP-Tak,137.423111,36.146167,2004,8,9,25.85,17.35,18.92,1.31,18.82,8.88
JP-Tak,137.423111,36.146167,2004,8,10,24.37,16.74,18.02,1.35,18.48,2.42
JP-Tak,137.423111,36.146167,2004,8,11,25.6,14.31,13.94,1.23,26.73,0.02
JP-Tak,137.423111,36.146167,2004,8,12,25.15,15.17,13.49,1.47,26.52,0
JP-Tak,137.423111,36.146167,2004,8,13,24.57,13.35,13.88,1.6,27.34,0
JP-Tak,137.423111,36.146167,2004,8,14,24.99,12.88,16.73,2.27,11.53,2.16
JP-Tak,137.423111,36.146167,2004,8,15,22.74,13.06,14.58,1.88,14.97,8.26
JP-Tak,137.423111,36.146167,2004,8,16,22.98,11.5,11.9,1.44,24.2,0.02
JP-Tak,137.423111,36.146167,2004,8,17,22.54,14.72,18.56,3.49,9.43,15.93
JP-Tak,137.423111,36.146167,2004,8,18,23.64,18.84,19.92,4.51,11.77,7.9
JP-Tak,137.423111,36.146167,2004,8,19,24.84,17.97,19.33,7,20.73,1.94
JP-Tak,137.423111,36.146167,2004,8,20,21.27,12.94,14.78,4.87,18.43,2.05
JP-Tak,137.423111,36.146167,2004,8,21,21.92,12.75,14.67,2.08,18.04,0.19
JP-Tak,137.423111,36.146167,2004,8,22,22.38,16.21,16.48,0.96,9.22,6.79
JP-Tak,137.423111,36.146167,2004,8,23,20.46,15.85,17.22,3.14,7.29,21.84
JP-Tak,137.423111,36.146167,2004,8,24,21.71,14.86,17.6,3.71,11.83,5.53
JP-Tak,137.423111,36.146167,2004,8,25,23.42,13.65,14.47,1.86,21.25,0.54
JP-Tak,137.423111,36.146167,2004,8,26,22.53,14.59,15.28,1.7,14.62,0.06
JP-Tak,137.423111,36.146167,2004,8,27,25.33,15.7,16.02,0.82,20.51,0.15
JP-Tak,137.423111,36.146167,2004,8,28,24.76,14.26,15.39,2.68,19.11,0.1
JP-Tak,137.423111,36.146167,2004,8,29,24.2,14.32,16.67,2.87,14.67,1.55
JP-Tak,137.423111,36.146167,2004,8,30,24.96,17.72,19.08,6.85,14.42,14.09
JP-Tak,137.423111,36.146167,2004,8,31,22.85,15.68,17.89,8.42,14.41,28.9
JP-Tak,137.423111,36.146167,2004,9,1,23.12,15.31,14.5,1.76,15.79,1.5
JP-Tak,137.423111,36.146167,2004,9,2,18.96,13.23,14.31,1.52,6.81,14.69
JP-Tak,137.423111,36.146167,2004,9,3,23.32,11.38,12.13,1.29,21.62,0.04
JP-Tak,137.423111,36.146167,2004,9,4,22.06,14.81,17.11,1.77,9.28,21
JP-Tak,137.423111,36.146167,2004,9,5,19.74,14.52,16.88,2.48,4.26,47.05
JP-Tak,137.423111,36.146167,2004,9,6,22.38,16.44,17.52,2.67,12.81,2.54
JP-Tak,137.423111,36.146167,2004,9,7,23.41,15.63,17.84,8.49,13.35,10.22
JP-Tak,137.423111,36.146167,2004,9,8,20.99,14.75,16.63,4.94,13.9,9.08
JP-Tak,137.423111,36.146167,2004,9,9,22.8,13.38,15.35,2.15,17.4,0.12
JP-Tak,137.423111,36.146167,2004,9,10,22.17,14.77,16.11,1.87,4.11,9.6
JP-Tak,137.423111,36.146167,2004,9,11,23.5,15.09,16.74,2.05,16.86,0.92
JP-Tak,137.423111,36.146167,2004,9,12,25.01,14.75,16.57,1.44,20.49,0
JP-Tak,137.423111,36.146167,2004,9,13,23.74,14.57,16.96,2.18,18.15,1.04
JP-Tak,137.423111,36.146167,2004,9,14,23.23,13.28,17.1,3.04,9.42,19.13
JP-Tak,137.423111,36.146167,2004,9,15,22.12,10.23,13.53,2.07,23.49,0.01
JP-Tak,137.423111,36.146167,2004,9,16,21.61,11.66,14.49,1.61,18.55,0.26
JP-Tak,137.423111,36.146167,2004,9,17,20.94,14.06,15.97,2.02,10.01,1.18
JP-Tak,137.423111,36.146167,2004,9,18,20.97,15.34,16.71,2.6,13.02,5.87
JP-Tak,137.423111,36.146167,2004,9,19,21.42,14.79,15.7,3.63,16.07,2.52
JP-Tak,137.423111,36.146167,2004,9,20,21.96,13.93,15.85,2.34,13.71,1.39
JP-Tak,137.423111,36.146167,2004,9,21,21.73,15.63,16.82,4.31,14.99,5.87
JP-Tak,137.423111,36.146167,2004,9,22,20.59,14.66,15.37,1.62,5.9,2.79
JP-Tak,137.423111,36.146167,2004,9,23,21.05,13.24,15.15,1.96,12.93,3.48
JP-Tak,137.423111,36.146167,2004,9,24,22.12,14.67,16.32,3.09,9.88,33.18
JP-Tak,137.423111,36.146167,2004,9,25,22.63,15.37,16.26,1.25,10.33,9.64
JP-Tak,137.423111,36.146167,2004,9,26,22.37,16.39,16.6,1.34,9.67,9.55
JP-Tak,137.423111,36.146167,2004,9,27,20.73,15.52,16.28,2,7.66,14.45
JP-Tak,137.423111,36.146167,2004,9,28,22.16,14.24,15.45,1.11,12.64,3.28
JP-Tak,137.423111,36.146167,2004,9,29,17.67,14.48,15.3,4.64,4.21,33.83
JP-Tak,137.423111,36.146167,2004,9,30,18.56,8.04,12.8,7.4,10.77,19.81
JP-Tak,137.423111,36.146167,2004,10,1,20.18,7.06,9.64,2.6,20.75,0.01
JP-Tak,137.423111,36.146167,2004,10,2,19.46,8.31,13.4,2,8.68,1.81
JP-Tak,137.423111,36.146167,2004,10,3,16.24,10.47,12.96,1.52,4.95,8.79
JP-Tak,137.423111,36.146167,2004,10,4,19.07,10.03,12.25,1.76,7.62,4.41
JP-Tak,137.423111,36.146167,2004,10,5,14.68,10,11.53,2.36,3.18,24.47
JP-Tak,137.423111,36.146167,2004,10,6,16.27,8.23,9.66,3.16,15.48,5.47
JP-Tak,137.423111,36.146167,2004,10,7,18.04,9.61,10.89,1.74,16.06,0.03
JP-Tak,137.423111,36.146167,2004,10,8,13.95,7.88,9.19,2.65,5.37,39.03
JP-Tak,137.423111,36.146167,2004,10,9,19.7,10.86,13.68,3.17,2.67,65.57
JP-Tak,137.423111,36.146167,2004,10,10,19.04,12.96,14.15,4.15,11.22,3.79
JP-Tak,137.423111,36.146167,2004,10,11,19.11,11.77,13.18,2.12,9.36,2.29
JP-Tak,137.423111,36.146167,2004,10,12,18.53,9.92,12,1.93,12.73,0.53
JP-Tak,137.423111,36.146167,2004,10,13,14.79,8.84,9.95,2.9,5.6,1.75
JP-Tak,137.423111,36.146167,2004,10,14,12.91,4.73,6.64,2.35,13.33,3.28
JP-Tak,137.423111,36.146167,2004,10,15,13.67,3.67,4.3,3.16,13.23,1.43
JP-Tak,137.423111,36.146167,2004,10,16,16.42,4.36,5.41,1.85,16.19,0.01
JP-Tak,137.423111,36.146167,2004,10,17,15.65,3.8,4.61,2.81,18.5,0.01
JP-Tak,137.423111,36.146167,2004,10,18,16.73,5,6.16,1.34,15.59,0
JP-Tak,137.423111,36.146167,2004,10,19,12.93,5.85,8.67,2.17,3.81,24.52
JP-Tak,137.423111,36.146167,2004,10,20,15.36,9.38,11.75,4.43,2.1,98.06
JP-Tak,137.423111,36.146167,2004,10,21,12.87,4.47,7.19,5.19,8.79,9.58
JP-Tak,137.423111,36.146167,2004,10,22,14.05,3.48,4.32,2.86,10.89,0.69
JP-Tak,137.423111,36.146167,2004,10,23,12.57,4.32,5.18,2.52,10.06,0.55
JP-Tak,137.423111,36.146167,2004,10,24,13.35,5.02,8.12,2.15,14.31,0.01
JP-Tak,137.423111,36.146167,2004,10,25,15.31,8.15,9.07,2.28,12.52,0.2
JP-Tak,137.423111,36.146167,2004,10,26,8.06,3.3,6.02,2.83,3.28,9.1
JP-Tak,137.423111,36.146167,2004,10,27,8.68,-0.35,1.05,4.02,6.41,0.44
JP-Tak,137.423111,36.146167,2004,10,28,11.75,2.05,3.73,1.38,16.44,0
JP-Tak,137.423111,36.146167,2004,10,29,13.11,2.08,3.86,1.69,15.62,0
JP-Tak,137.423111,36.146167,2004,10,30,10.52,5.74,7.05,1.56,4.07,18.33
JP-Tak,137.423111,36.146167,2004,10,31,14.52,6.44,9.87,2.17,9.9,8.67
JP-Tak,137.423111,36.146167,2004,11,1,15.68,8.4,10.9,3.15,6.84,11
JP-Tak,137.423111,36.146167,2004,11,2,13.98,7.23,7.49,2.02,10.18,1.26
JP-Tak,137.423111,36.146167,2004,11,3,11.59,4.19,5.87,2.72,10.31,2.07
JP-Tak,137.423111,36.146167,2004,11,4,10,1.82,4.37,2.85,7.06,1.63
JP-Tak,137.423111,36.146167,2004,11,5,12.54,1.47,5.34,1.98,13.59,0
JP-Tak,137.423111,36.146167,2004,11,6,13.28,5.04,5.28,1.68,13.25,0.16
JP-Tak,137.423111,36.146167,2004,11,7,14.21,4.72,4.92,1.6,12.15,0
JP-Tak,137.423111,36.146167,2004,11,8,12.99,5.17,7.14,1.98,12.73,0
JP-Tak,137.423111,36.146167,2004,11,9,14.8,4.32,4.04,0.99,13.03,0
JP-Tak,137.423111,36.146167,2004,11,10,14.93,4.41,5.39,1.95,11.51,0.03
JP-Tak,137.423111,36.146167,2004,11,11,14.06,7.03,9.77,5.24,5.04,6.83
JP-Tak,137.423111,36.146167,2004,11,12,13.57,4.22,9.9,4.02,2.97,15.81
JP-Tak,137.423111,36.146167,2004,11,13,10.12,-0.38,1.88,2.99,9.01,0.48
JP-Tak,137.423111,36.146167,2004,11,14,10.06,4.65,4.83,1.82,8.15,0.07
JP-Tak,137.423111,36.146167,2004,11,15,8.87,3.16,4.79,2.78,2.73,16.68
JP-Tak,137.423111,36.146167,2004,11,16,5.83,0.13,1.33,3.39,7.75,1.98
JP-Tak,137.423111,36.146167,2004,11,17,8.91,-1.04,1.05,2.01,10.91,0.07
JP-Tak,137.423111,36.146167,2004,11,18,7.7,1.14,3.78,1.4,2.83,8.98
JP-Tak,137.423111,36.146167,2004,11,19,9.33,3.71,5.48,2.04,2.66,7.65
JP-Tak,137.423111,36.146167,2004,11,20,9.19,0.77,2.7,2.39,8.2,0.38
JP-Tak,137.423111,36.146167,2004,11,21,6.84,0.14,1.76,2.11,6.58,2.61
JP-Tak,137.423111,36.146167,2004,11,22,9.72,1.29,2.49,2.05,10.49,0.67
JP-Tak,137.423111,36.146167,2004,11,23,10.33,-0.17,0.85,1.43,12.44,0
JP-Tak,137.423111,36.146167,2004,11,24,10.76,0.39,0.51,1.87,10.04,0.01
JP-Tak,137.423111,36.146167,2004,11,25,8.05,-0.22,1.95,3.07,6.02,0.05
JP-Tak,137.423111,36.146167,2004,11,26,10.32,1.52,5.51,5.4,8.17,3.31
JP-Tak,137.423111,36.146167,2004,11,27,5.61,-1.01,0.47,5.81,7.09,1.07
JP-Tak,137.423111,36.146167,2004,11,28,6.68,-2.63,0.82,2.89,5.86,1.93
JP-Tak,137.423111,36.146167,2004,11,29,6.68,-2.9,-1.37,1.73,7.03,1.47
JP-Tak,137.423111,36.146167,2004,11,30,4.64,-2.82,-1.23,2.52,6.58,2.01
JP-Tak,137.423111,36.146167,2004,12,1,5.49,-2.98,-1.37,2.25,8.78,0.06
JP-Tak,137.423111,36.146167,2004,12,2,5.76,-1.4,-1.53,3.37,9.6,0.22
JP-Tak,137.423111,36.146167,2004,12,3,7.45,0.31,3.08,2.62,10.2,0.14
JP-Tak,137.423111,36.146167,2004,12,4,9.44,4.4,6.92,3.23,5.97,28.53
JP-Tak,137.423111,36.146167,2004,12,5,16.13,-0.68,5.71,9.85,5.07,42.32
JP-Tak,137.423111,36.146167,2004,12,6,2.09,-4.1,-3.45,4.56,8.11,1.68
JP-Tak,137.423111,36.146167,2004,12,7,3.46,-3.02,-0.17,3.61,4.49,2.12
JP-Tak,137.423111,36.146167,2004,12,8,5.46,-2.26,0.07,2.39,7.25,0.68
JP-Tak,137.423111,36.146167,2004,12,9,7.56,-2.48,0.76,1.98,10.67,0.1
JP-Tak,137.423111,36.146167,2004,12,10,9.54,2.5,3.75,2.39,10.69,0.08
JP-Tak,137.423111,36.146167,2004,12,11,6.06,-2.06,0.29,3.07,6.01,0.72
JP-Tak,137.423111,36.146167,2004,12,12,7.86,-0.53,2.37,2.85,8.33,1.04
JP-Tak,137.423111,36.146167,2004,12,13,5.15,-3.33,-0.12,3.7,6.26,1.23
JP-Tak,137.423111,36.146167,2004,12,14,5.56,-3.18,-0.11,2.2,9.89,0
JP-Tak,137.423111,36.146167,2004,12,15,8.17,-2.85,-3.35,0.82,8.38,0
JP-Tak,137.423111,36.146167,2004,12,16,4.81,-4.34,-2.17,3.93,3.18,1.56
JP-Tak,137.423111,36.146167,2004,12,17,3.21,-5.82,-5.12,3.92,8.58,0
JP-Tak,137.423111,36.146167,2004,12,18,5.87,-3.17,-0.35,1.95,4.36,1.71
JP-Tak,137.423111,36.146167,2004,12,19,6.62,-1.41,1.14,2.35,7.3,1.36
JP-Tak,137.423111,36.146167,2004,12,20,7.39,-2.37,2.78,3.33,5.29,4.63
JP-Tak,137.423111,36.146167,2004,12,21,-0.22,-4.75,-4.7,4.91,5.66,0.45
JP-Tak,137.423111,36.146167,2004,12,22,0.15,-5.91,-5.29,3.91,6.44,1.44
JP-Tak,137.423111,36.146167,2004,12,23,-3.14,-7.56,-7.61,5.03,7.28,1.93
JP-Tak,137.423111,36.146167,2004,12,24,0.1,-6.78,-5.78,2.52,7.87,0.65
JP-Tak,137.423111,36.146167,2004,12,25,2.35,-6.8,-5.07,2.2,10.01,1.26
JP-Tak,137.423111,36.146167,2004,12,26,0.17,-6.02,-4.09,2.71,4.07,4.22
JP-Tak,137.423111,36.146167,2004,12,27,-0.09,-7.07,-5.89,2.67,5.03,2.94
JP-Tak,137.423111,36.146167,2004,12,28,-1.24,-7.9,-7.27,2,7.11,0.29
JP-Tak,137.423111,36.146167,2004,12,29,-0.97,-4.73,-4.42,2.63,2.62,6.23
JP-Tak,137.423111,36.146167,2004,12,30,-4.48,-9.76,-8.56,3.66,5.82,1.76
JP-Tak,137.423111,36.146167,2004,12,31,-0.06,-8.9,-5.3,3.01,1.4,21.8
JP-Tak,137.423111,36.146167,2005,1,1,-5,-12.68,-8.41,3.94,5.14,4.54
JP-Tak,137.423111,36.146167,2005,1,2,-3.07,-12.21,-8.39,2.15,8.4,0.77
JP-Tak,137.423111,36.146167,2005,1,3,-1.31,-11,-5.78,3.6,8.31,0.1
JP-Tak,137.423111,36.146167,2005,1,4,0.53,-8.53,-2.96,5.89,4.62,3.98
JP-Tak,137.423111,36.146167,2005,1,5,-5.87,-14.2,-10.64,4.64,7.06,0.54
JP-Tak,137.423111,36.146167,2005,1,6,0.29,-12.41,-3.72,2.45,4.22,2.11
JP-Tak,137.423111,36.146167,2005,1,7,-0.15,-7.65,-3.17,5.23,3.95,4.43
JP-Tak,137.423111,36.146167,2005,1,8,-5.64,-14.16,-10.43,3.47,7.02,1.07
JP-Tak,137.423111,36.146167,2005,1,9,-4.37,-11.75,-8.67,3.82,5.57,4.39
JP-Tak,137.423111,36.146167,2005,1,10,-4.29,-11.33,-8.23,3.88,6.41,5.26
JP-Tak,137.423111,36.146167,2005,1,11,-4.1,-5.98,-5.94,6.24,3.66,10.76
JP-Tak,137.423111,36.146167,2005,1,12,-5.1,-11.19,-8.42,6.84,3.59,7.04
JP-Tak,137.423111,36.146167,2005,1,13,-3.62,-11.12,-7.61,4.06,7.3,1.49
JP-Tak,137.423111,36.146167,2005,1,14,-0.77,-8.52,-5.72,1.91,8.59,0.5
JP-Tak,137.423111,36.146167,2005,1,15,0.82,-5.19,-2.85,2.26,5.68,11.7
JP-Tak,137.423111,36.146167,2005,1,16,-0.37,-4.16,-3.04,3.21,3.9,10.7
JP-Tak,137.423111,36.146167,2005,1,17,-1.91,-6.52,-4.8,5.43,5.51,3.48
JP-Tak,137.423111,36.146167,2005,1,18,-1.32,-7.68,-6.1,2.79,7.79,0.62
JP-Tak,137.423111,36.146167,2005,1,19,-0.82,-7.46,-4.97,3.1,7.25,1.6
JP-Tak,137.423111,36.146167,2005,1,20,-3.84,-7.41,-6.38,6.25,4.73,6.63
JP-Tak,137.423111,36.146167,2005,1,21,-4.57,-9.06,-8.39,5.7,5.7,6.71
JP-Tak,137.423111,36.146167,2005,1,22,-4.69,-12.79,-9.09,5.03,6.76,0.85
JP-Tak,137.423111,36.146167,2005,1,23,-1,-12.17,-7.36,1.81,7.04,0.03
JP-Tak,137.423111,36.146167,2005,1,24,-0.97,-10.89,-6.02,3.15,9.33,1.53
JP-Tak,137.423111,36.146167,2005,1,25,-2.52,-7.25,-5.95,3.6,7.45,1.63
JP-Tak,137.423111,36.146167,2005,1,26,-4.08,-10.34,-8.5,3.91,6.81,0.64
JP-Tak,137.423111,36.146167,2005,1,27,-2.32,-12.83,-8.25,1.84,9.43,0.19
JP-Tak,137.423111,36.146167,2005,1,28,1.2,-8.77,-5.79,1.81,11.88,0.18
JP-Tak,137.423111,36.146167,2005,1,29,1.01,-8.75,-2.04,3.31,8.42,3.09
JP-Tak,137.423111,36.146167,2005,1,30,-0.3,-10.69,-8.8,5.84,7.65,3.75
JP-Tak,137.423111,36.146167,2005,1,31,-4.67,-11.59,-9.24,5.26,4.22,5.9
JP-Tak,137.423111,36.146167,2005,2,1,-7.83,-11.35,-10.28,5.07,2.93,13.08
JP-Tak,137.423111,36.146167,2005,2,2,-6.63,-11.72,-9.53,5.63,4.41,10.79
JP-Tak,137.423111,36.146167,2005,2,3,-5.86,-12.62,-10.09,4.8,6.9,3.03
JP-Tak,137.423111,36.146167,2005,2,4,-3.91,-10.75,-7.73,4.94,6.38,2.97
JP-Tak,137.423111,36.146167,2005,2,5,-4.58,-8.96,-7.46,6.59,8.07,2.17
JP-Tak,137.423111,36.146167,2005,2,6,-5.51,-12.68,-9.86,5.17,9.86,0.29
JP-Tak,137.423111,36.146167,2005,2,7,-0.37,-13.42,-6.74,1.82,10.05,0.08
JP-Tak,137.423111,36.146167,2005,2,8,0.28,-6.51,-3.17,1.53,3.97,3.63
JP-Tak,137.423111,36.146167,2005,2,9,1.23,-9.52,-4.94,1.98,11.03,0.72
JP-Tak,137.423111,36.146167,2005,2,10,0.82,-9.13,-3.7,3.88,6.45,6.63
JP-Tak,137.423111,36.146167,2005,2,11,-5.95,-12.07,-10.84,3.31,10.09,1.07
JP-Tak,137.423111,36.146167,2005,2,12,-4.65,-12.04,-10.31,2.55,10.36,0.81
JP-Tak,137.423111,36.146167,2005,2,13,-2.41,-12.08,-9.04,2.77,9.34,2.01
JP-Tak,137.423111,36.146167,2005,2,14,-2.44,-10.45,-9.44,3.13,13.12,0.74
JP-Tak,137.423111,36.146167,2005,2,15,1.08,-7.35,-7.73,1.72,13.62,0.67
JP-Tak,137.423111,36.146167,2005,2,16,1.83,-2.62,-0.41,3.88,3.67,16.8
JP-Tak,137.423111,36.146167,2005,2,17,0.44,-6.37,-3.09,4.32,8.59,0.98
JP-Tak,137.423111,36.146167,2005,2,18,2.19,-8.48,-3.64,1.96,9.63,9.96
JP-Tak,137.423111,36.146167,2005,2,19,2.22,-5.36,-2.29,2.99,5.55,15.34
JP-Tak,137.423111,36.146167,2005,2,20,-2.17,-10.91,-6.03,4.44,8.59,3.74
JP-Tak,137.423111,36.146167,2005,2,21,-5.6,-10.84,-9.73,4.24,10.14,2.37
JP-Tak,137.423111,36.146167,2005,2,22,-4.47,-13.61,-9.88,3.11,12.31,1.33
JP-Tak,137.423111,36.146167,2005,2,23,-0.88,-13.94,-5.67,7.18,6.35,1.51
JP-Tak,137.423111,36.146167,2005,2,24,-0.44,-8.72,-5.28,1.76,4.52,3.04
JP-Tak,137.423111,36.146167,2005,2,25,-0.57,-7.75,-4.77,4.31,10.38,2.27
JP-Tak,137.423111,36.146167,2005,2,26,-6.11,-13.58,-10.51,3.88,11.28,2.53
JP-Tak,137.423111,36.146167,2005,2,27,-5.32,-15.25,-11.55,3.39,14.29,0.92
JP-Tak,137.423111,36.146167,2005,2,28,-2.61,-15.24,-8.43,2.6,12.41,1.04
JP-Tak,137.423111,36.146167,2005,3,1,-4.05,-14.99,-10.53,3.22,11.96,0.45
JP-Tak,137.423111,36.146167,2005,3,2,-3.14,-14.61,-8.65,2.87,9.53,1.67
JP-Tak,137.423111,36.146167,2005,3,3,-0.46,-10.02,-6.44,1.63,12.73,2.46
JP-Tak,137.423111,36.146167,2005,3,4,0.21,-6.77,-3.93,2.52,9.31,9.78
JP-Tak,137.423111,36.146167,2005,3,5,-0.53,-8.02,-6.91,2.1,9.58,2.53
JP-Tak,137.423111,36.146167,2005,3,6,-0.64,-12.3,-7.3,2.39,15.12,0.06
JP-Tak,137.423111,36.146167,2005,3,7,0.56,-13.41,-7.13,2.33,18.85,0
JP-Tak,137.423111,36.146167,2005,3,8,2.17,-3.31,-0.96,4.15,11.98,0.31
JP-Tak,137.423111,36.146167,2005,3,9,2.4,-3.97,-2.82,3.21,15.09,0.34
JP-Tak,137.423111,36.146167,2005,3,10,4.66,-3.32,0.88,2.56,16.6,0.41
JP-Tak,137.423111,36.146167,2005,3,11,5.33,2.19,3.68,2.59,4.58,8.02
JP-Tak,137.423111,36.146167,2005,3,12,0.93,-8.71,-5.22,6.67,8.4,3.79
JP-Tak,137.423111,36.146167,2005,3,13,-5.31,-9.7,-10.1,4.22,11.52,3.39
JP-Tak,137.423111,36.146167,2005,3,14,-4.18,-9.94,-8.76,2.75,12.41,2.21
JP-Tak,137.423111,36.146167,2005,3,15,-1.34,-10.51,-7.01,2.41,12.58,0.57
JP-Tak,137.423111,36.146167,2005,3,16,3.04,-3.93,-1.34,2.24,13.97,1.23
JP-Tak,137.423111,36.146167,2005,3,17,5.6,-3.93,1.38,4.08,4.55,18.77
JP-Tak,137.423111,36.146167,2005,3,18,1.38,-6.43,-2.97,6.31,7.87,2.48
JP-Tak,137.423111,36.146167,2005,3,19,0.41,-7.55,-6.94,4.35,16.75,0.13
JP-Tak,137.423111,36.146167,2005,3,20,2.08,-6.87,-5.79,3.48,13.26,1.84
JP-Tak,137.423111,36.146167,2005,3,21,5.11,-5.5,-4.45,4.14,20.92,0.51
JP-Tak,137.423111,36.146167,2005,3,22,5.17,-1.85,1.45,5.27,5.74,22.34
JP-Tak,137.423111,36.146167,2005,3,23,6.41,-4.75,1.9,2.34,3.9,17.95
JP-Tak,137.423111,36.146167,2005,3,24,4.26,-5.98,-3.45,4.33,17.09,7.1
JP-Tak,137.423111,36.146167,2005,3,25,-3.58,-7.73,-7.58,8.09,9.89,7.56
JP-Tak,137.423111,36.146167,2005,3,26,-0.96,-5.89,-4.79,5.68,11.97,3.37
JP-Tak,137.423111,36.146167,2005,3,27,5.68,-6.36,-1.54,2.31,19.16,0.01
JP-Tak,137.423111,36.146167,2005,3,28,5.24,-0.23,2.49,3.02,10.08,18.21
JP-Tak,137.423111,36.146167,2005,3,29,2.14,-5.18,-3.05,5.63,13.74,1.8
JP-Tak,137.423111,36.146167,2005,3,30,0.53,-5.74,-5,5.35,13.81,1.13
JP-Tak,137.423111,36.146167,2005,3,31,3.54,-4.36,-2.46,4.13,13.65,0.36
JP-Tak,137.423111,36.146167,2005,4,1,3.76,-5.78,-4.99,2.78,23.07,0
JP-Tak,137.423111,36.146167,2005,4,2,5.74,-3.12,-0.57,2.22,16.41,0.27
JP-Tak,137.423111,36.146167,2005,4,3,6.67,0.23,2.54,2.5,9.15,6.44
JP-Tak,137.423111,36.146167,2005,4,4,2.24,-6.64,-3.95,4.38,13.58,3.35
JP-Tak,137.423111,36.146167,2005,4,5,7.4,-6.34,-2.34,2.51,20.54,0
JP-Tak,137.423111,36.146167,2005,4,6,12.71,0.18,0.56,2.44,21.76,0.01
JP-Tak,137.423111,36.146167,2005,4,7,8.58,3.51,6.16,4.63,11.32,1.74
JP-Tak,137.423111,36.146167,2005,4,8,8.64,-2.97,0.93,4.52,23.03,0.57
JP-Tak,137.423111,36.146167,2005,4,9,14.66,-2.92,-0.59,2.07,24.39,0
JP-Tak,137.423111,36.146167,2005,4,10,13.2,1.24,6.94,4.67,16.28,2.49
JP-Tak,137.423111,36.146167,2005,4,11,16.36,5.7,8.61,1.5,12.05,4.58
JP-Tak,137.423111,36.146167,2005,4,12,8.99,4.15,5.99,1.63,6.64,7.24
JP-Tak,137.423111,36.146167,2005,4,13,9.45,-2.94,0.88,3.13,12.63,1.97
JP-Tak,137.423111,36.146167,2005,4,14,11.81,-3.11,-0.52,2.46,25.06,0
JP-Tak,137.423111,36.146167,2005,4,15,12.02,0.27,2.68,2.81,23.08,0
JP-Tak,137.423111,36.146167,2005,4,16,11.43,1.24,0.01,2.17,23.27,0.01
JP-Tak,137.423111,36.146167,2005,4,17,12.34,0.57,-1.48,3.05,20.98,0
JP-Tak,137.423111,36.146167,2005,4,18,13.09,3.08,1.95,2.08,18.76,1.5
JP-Tak,137.423111,36.146167,2005,4,19,16.1,3.69,4.61,1.71,22.98,0.26
JP-Tak,137.423111,36.146167,2005,4,20,7.23,5.18,5.58,6.19,4.53,14.26
JP-Tak,137.423111,36.146167,2005,4,21,9.33,0.83,2.05,3.77,15.48,1.44
JP-Tak,137.423111,36.146167,2005,4,22,6.46,-1.54,0.04,5.58,15.97,3.48
JP-Tak,137.423111,36.146167,2005,4,23,8.63,-2.62,-1.48,3.88,22.71,0.02
JP-Tak,137.423111,36.146167,2005,4,24,13.93,-2.99,-0.13,2.24,27.41,0
JP-Tak,137.423111,36.146167,2005,4,25,13.72,3.51,5.4,3.26,18.24,0.02
JP-Tak,137.423111,36.146167,2005,4,26,12.38,-0.19,4.57,3.26,9.9,3.74
JP-Tak,137.423111,36.146167,2005,4,27,16.09,-0.35,1.15,2.11,26.4,0
JP-Tak,137.423111,36.146167,2005,4,28,17.78,4.13,8.59,5.09,22.77,0
JP-Tak,137.423111,36.146167,2005,4,29,16.76,8.17,10.4,4.63,9.62,1.46
JP-Tak,137.423111,36.146167,2005,4,30,20.27,5.99,8.08,1.86,24.1,0.33
JP-Tak,137.423111,36.146167,2005,5,1,14,8.5,9.53,4.13,13.63,11.63
JP-Tak,137.423111,36.146167,2005,5,2,16.25,4.54,7.21,3.28,18.21,3.52
JP-Tak,137.423111,36.146167,2005,5,3,18.26,4.23,3.51,1.91,28.47,0
JP-Tak,137.423111,36.146167,2005,5,4,17.52,4.26,5.15,2.66,26.64,0
JP-Tak,137.423111,36.146167,2005,5,5,19.96,5.47,4.22,2.12,23.87,0.02
JP-Tak,137.423111,36.146167,2005,5,6,12.93,7.54,7.94,3.93,8.7,12.03
JP-Tak,137.423111,36.146167,2005,5,7,12.17,2.96,7.15,3.63,15.62,15.28
JP-Tak,137.423111,36.146167,2005,5,8,17.92,4.73,6.8,2.88,21.92,0.01
JP-Tak,137.423111,36.146167,2005,5,9,15.04,2.13,6.52,4.01,17.24,0.02
JP-Tak,137.423111,36.146167,2005,5,10,10.27,0.15,0.97,4.07,22.86,0.11
JP-Tak,137.423111,36.146167,2005,5,11,12.54,-0.3,-1.26,2.13,25.48,0
JP-Tak,137.423111,36.146167,2005,5,12,12.94,2.01,5.11,2.26,8.25,6.94
JP-Tak,137.423111,36.146167,2005,5,13,12.24,3.29,4.07,3.14,16.45,0.54
JP-Tak,137.423111,36.146167,2005,5,14,13.4,2.86,5.43,2.69,28.13,0.28
JP-Tak,137.423111,36.146167,2005,5,15,11.99,0,6.04,4.46,11.81,3.45
JP-Tak,137.423111,36.146167,2005,5,16,14.64,-1.75,1.34,3.42,26.31,0.01
JP-Tak,137.423111,36.146167,2005,5,17,18.17,3.46,7.05,2.24,28.02,0.06
JP-Tak,137.423111,36.146167,2005,5,18,13.62,4.58,7.44,6.16,8.95,3.47
JP-Tak,137.423111,36.146167,2005,5,19,15.26,4.89,7.42,3.96,24.95,0.73
JP-Tak,137.423111,36.146167,2005,5,20,16.22,2.93,1.65,2.01,23.76,0
JP-Tak,137.423111,36.146167,2005,5,21,18.81,4.22,5.7,1.45,25.89,0.07
JP-Tak,137.423111,36.146167,2005,5,22,15.56,7.69,9.56,2.84,6.19,9.19
JP-Tak,137.423111,36.146167,2005,5,23,16.49,4.57,7.78,3.05,17.14,4.81
JP-Tak,137.423111,36.146167,2005,5,24,13.71,4.55,5.9,3.81,13.89,2.51
JP-Tak,137.423111,36.146167,2005,5,25,17.17,3.75,5.76,2.07,26.52,0.15
JP-Tak,137.423111,36.146167,2005,5,26,16.58,6.89,8.06,2.24,25.67,0
JP-Tak,137.423111,36.146167,2005,5,27,17.29,7.58,9.17,2.72,19.97,0.12
JP-Tak,137.423111,36.146167,2005,5,28,19.38,6.88,6.76,1.34,24.74,0
JP-Tak,137.423111,36.146167,2005,5,29,16.66,8.7,9.52,0.78,18.14,0
JP-Tak,137.423111,36.146167,2005,5,30,17.16,7.07,8.91,2.28,15.2,2.47
JP-Tak,137.423111,36.146167,2005,5,31,17.57,7.55,9.06,3.01,17.51,4.09
JP-Tak,137.423111,36.146167,2005,6,1,20.95,7.17,5.89,1.7,26.51,0
JP-Tak,137.423111,36.146167,2005,6,2,13.65,8.41,9.27,2.26,7.86,1.81
JP-Tak,137.423111,36.146167,2005,6,3,21.53,11.08,12.87,1.93,21.62,0.42
JP-Tak,137.423111,36.146167,2005,6,4,18.38,10.02,11.15,1.98,16.01,2.65
JP-Tak,137.423111,36.146167,2005,6,5,19.49,8.17,9.97,1.4,20.13,0.48
JP-Tak,137.423111,36.146167,2005,6,6,22.23,10.29,11.72,1.18,29.02,0
JP-Tak,137.423111,36.146167,2005,6,7,20.07,11.78,13.08,1.18,18.23,0.01
JP-Tak,137.423111,36.146167,2005,6,8,19.47,11.7,12.77,1.22,16.02,0.01
JP-Tak,137.423111,36.146167,2005,6,9,22.85,9.46,12.9,1.55,25.5,0
JP-Tak,137.423111,36.146167,2005,6,10,22.45,11.59,14.25,1.48,18.73,0.48
JP-Tak,137.423111,36.146167,2005,6,11,19.16,14.5,15.24,3.34,6.36,6.67
JP-Tak,137.423111,36.146167,2005,6,12,21.8,11.13,11.47,1.89,18.94,0.08
JP-Tak,137.423111,36.146167,2005,6,13,22.77,10.81,11.21,1.2,22.3,0
JP-Tak,137.423111,36.146167,2005,6,14,23.01,11.52,13.32,1.47,24.7,0.05
JP-Tak,137.423111,36.146167,2005,6,15,18.77,12.6,12.25,2.14,20.19,1.64
JP-Tak,137.423111,36.146167,2005,6,16,20.6,12.34,14.06,1.63,8.59,4.88
JP-Tak,137.423111,36.146167,2005,6,17,20.67,12.54,13.21,2.44,15.27,0.77
JP-Tak,137.423111,36.146167,2005,6,18,20.51,12.88,13.73,1.77,21.38,0.21
JP-Tak,137.423111,36.146167,2005,6,19,22.55,12.86,14.63,1.35,18.16,5.47
JP-Tak,137.423111,36.146167,2005,6,20,23.16,12.95,13.86,2.1,20.68,0.26
JP-Tak,137.423111,36.146167,2005,6,21,25.32,12.63,12.93,1.3,24.22,0.04
JP-Tak,137.423111,36.146167,2005,6,22,23.93,15.17,16.03,1.93,16.01,8.04
JP-Tak,137.423111,36.146167,2005,6,23,20.55,14.89,15.46,0.96,13.33,3.23
JP-Tak,137.423111,36.146167,2005,6,24,23.68,13.11,14.85,1.63,19.76,0
JP-Tak,137.423111,36.146167,2005,6,25,26.79,13.63,15.95,1.34,26.08,0
JP-Tak,137.423111,36.146167,2005,6,26,24.89,16.06,17.35,1.67,19.78,0.01
JP-Tak,137.423111,36.146167,2005,6,27,24.42,16.86,18.67,4.84,5.75,2.91
JP-Tak,137.423111,36.146167,2005,6,28,23.56,17.34,18.53,6.09,4.88,18.22
JP-Tak,137.423111,36.146167,2005,6,29,24.02,16.61,17.99,2.43,14.09,31.62
JP-Tak,137.423111,36.146167,2005,6,30,24.82,17.07,18.34,3.33,9.93,31.89
JP-Tak,137.423111,36.146167,2005,7,1,21.63,16.78,18.1,2.86,3.19,43.14
JP-Tak,137.423111,36.146167,2005,7,2,21.16,14.36,14.96,2.05,20.91,0.46
JP-Tak,137.423111,36.146167,2005,7,3,22.4,12.95,15.2,2.02,14.8,21.44
JP-Tak,137.423111,36.146167,2005,7,4,23.22,15.61,18.03,3.23,3.78,67.06
JP-Tak,137.423111,36.146167,2005,7,5,21.07,14.28,15.66,1.98,16.54,2.29
JP-Tak,137.423111,36.146167,2005,7,6,23.09,14.47,15.18,1.55,15.65,5.93
JP-Tak,137.423111,36.146167,2005,7,7,20.32,13.89,14.88,2.35,8.96,4.12
JP-Tak,137.423111,36.146167,2005,7,8,22.67,12.74,14.65,2.09,17.9,0.12
JP-Tak,137.423111,36.146167,2005,7,9,20.33,14.29,15.9,2.75,10.49,13.02
JP-Tak,137.423111,36.146167,2005,7,10,24.19,15.51,17.36,4.19,11.9,1.96
JP-Tak,137.423111,36.146167,2005,7,11,23.35,15.22,17.19,3.47,11.01,5.86
JP-Tak,137.423111,36.146167,2005,7,12,23.64,15.68,18.58,4.83,7.92,22.15
JP-Tak,137.423111,36.146167,2005,7,13,22.53,15.03,16.46,2.26,14.52,2.66
JP-Tak,137.423111,36.146167,2005,7,14,24.04,16.29,17.49,2.92,14.69,5.36
JP-Tak,137.423111,36.146167,2005,7,15,24.34,15.25,17.68,1.89,16.68,2.72
JP-Tak,137.423111,36.146167,2005,7,16,22.87,17.22,18.38,1.77,11.12,0.46
JP-Tak,137.423111,36.146167,2005,7,17,24.07,17.01,17.48,1.77,20.58,0.17
JP-Tak,137.423111,36.146167,2005,7,18,26.26,15.41,17.4,2.14,23.55,0.12
JP-Tak,137.423111,36.146167,2005,7,19,23.08,13.65,15.3,3.04,16.42,0
JP-Tak,137.423111,36.146167,2005,7,20,23.05,13.65,13.9,2.01,18.47,0
JP-Tak,137.423111,36.146167,2005,7,21,25.82,13.81,16.03,1.89,24.26,0
JP-Tak,137.423111,36.146167,2005,7,22,27.04,14.96,18.16,2.09,17.6,0.28
JP-Tak,137.423111,36.146167,2005,7,23,24.82,16.98,18.08,1.78,15.28,0.98
JP-Tak,137.423111,36.146167,2005,7,24,25.33,15.89,18.01,1.59,16.58,2.86
JP-Tak,137.423111,36.146167,2005,7,25,24.71,17.34,18.49,1.47,15.14,2.73
JP-Tak,137.423111,36.146167,2005,7,26,23.19,17.93,18.86,4.73,6.47,19.7
JP-Tak,137.423111,36.146167,2005,7,27,22.28,13.99,16.11,4.61,22.16,1.36
JP-Tak,137.423111,36.146167,2005,7,28,26.36,12.6,15.73,1.97,27.55,0.01
JP-Tak,137.423111,36.146167,2005,7,29,25.04,16.49,18.42,2.74,14.04,0.97
JP-Tak,137.423111,36.146167,2005,7,30,24.32,17.63,18.05,2.16,17.35,1.08
JP-Tak,137.423111,36.146167,2005,7,31,22.68,17.21,18.03,1.22,10.68,4.45
JP-Tak,137.423111,36.146167,2005,8,1,24.5,15.84,17.91,2.14,17.86,0.24
JP-Tak,137.423111,36.146167,2005,8,2,27.25,16.53,18.94,1.62,18.88,1.86
JP-Tak,137.423111,36.146167,2005,8,3,26.16,18.25,19.86,2.26,17.93,2.55
JP-Tak,137.423111,36.146167,2005,8,4,27.38,18.82,19.82,1.07,18.23,3.86
JP-Tak,137.423111,36.146167,2005,8,5,28.04,19.74,19.98,1.34,20.51,13.33
JP-Tak,137.423111,36.146167,2005,8,6,27.04,18.3,19.79,1.44,16.91,8.06
JP-Tak,137.423111,36.146167,2005,8,7,25.77,16.26,17.91,1.63,17.46,2.6
JP-Tak,137.423111,36.146167,2005,8,8,24.94,17.22,18.14,1.64,18.36,2.83
JP-Tak,137.423111,36.146167,2005,8,9,26.19,16.75,17.85,1.39,19.3,0.18
JP-Tak,137.423111,36.146167,2005,8,10,23.62,17.05,18.54,2.16,14.99,4.84
JP-Tak,137.423111,36.146167,2005,8,11,23.29,15.45,17.44,1.47,13.73,6.06
JP-Tak,137.423111,36.146167,2005,8,12,20.66,17.24,18.19,2.15,5.69,24.14
JP-Tak,137.423111,36.146167,2005,8,13,24.93,16.91,18.58,2.33,14.36,2.55
JP-Tak,137.423111,36.146167,2005,8,14,25.66,16.08,18.31,2.15,12.34,2.32
JP-Tak,137.423111,36.146167,2005,8,15,24.84,16.99,18.4,3.52,10.87,14.55
JP-Tak,137.423111,36.146167,2005,8,16,25.13,16.18,18.14,2.25,15.68,5.18
JP-Tak,137.423111,36.146167,2005,8,17,25.78,17.87,18.98,1.43,14.46,6.46
JP-Tak,137.423111,36.146167,2005,8,18,24.24,16.57,18.23,2.5,13.56,4.65
JP-Tak,137.423111,36.146167,2005,8,19,23.14,16.81,18.06,1.9,15.09,3.78
JP-Tak,137.423111,36.146167,2005,8,20,23.1,16.37,17.46,2.6,18.15,4.12
JP-Tak,137.423111,36.146167,2005,8,21,23.14,15.21,17.42,4.37,11.66,9.3
JP-Tak,137.423111,36.146167,2005,8,22,24.25,17.74,18.65,3.88,9.33,19.13
JP-Tak,137.423111,36.146167,2005,8,23,21.9,16.92,17.47,1.84,10.82,11.6
JP-Tak,137.423111,36.146167,2005,8,24,25.01,16.76,17.79,1.93,15.99,2.38
JP-Tak,137.423111,36.146167,2005,8,25,24.85,16.8,18.44,4.05,12.16,4.67
JP-Tak,137.423111,36.146167,2005,8,26,25.49,17.36,19.03,3.2,12.48,2.4
JP-Tak,137.423111,36.146167,2005,8,27,24.48,14.85,16.14,2.06,16.52,0.25
JP-Tak,137.423111,36.146167,2005,8,28,22.22,13.88,14.29,1.49,14.17,0.11
JP-Tak,137.423111,36.146167,2005,8,29,24.02,12.36,13.72,1.19,21.38,0.23
JP-Tak,137.423111,36.146167,2005,8,30,21.85,13.17,13.8,1.66,14.24,9.13
JP-Tak,137.423111,36.146167,2005,8,31,22.98,13.41,15.15,1.38,16.08,2.65
JP-Tak,137.423111,36.146167,2005,9,1,24.44,14.34,17.26,1.28,19.79,0
JP-Tak,137.423111,36.146167,2005,9,2,25.93,17.1,18.29,1.03,16.07,0.38
JP-Tak,137.423111,36.146167,2005,9,3,25.08,17.44,18.46,1.31,14.44,5.57
JP-Tak,137.423111,36.146167,2005,9,4,24.19,16.71,17.47,1.35,11.44,7.5
JP-Tak,137.423111,36.146167,2005,9,5,20.79,16.83,17.27,1.26,6.31,43.11
JP-Tak,137.423111,36.146167,2005,9,6,24.15,16.59,17.2,4.83,12.45,1.76
JP-Tak,137.423111,36.146167,2005,9,7,22.98,16.55,18.65,10.09,10.07,11.14
JP-Tak,137.423111,36.146167,2005,9,8,23.88,14.14,15.97,2.19,17.24,0.24
JP-Tak,137.423111,36.146167,2005,9,9,23.2,15.5,17.55,2.2,15.25,3.92
JP-Tak,137.423111,36.146167,2005,9,10,24.04,16.07,17.77,2.01,15.7,3.78
JP-Tak,137.423111,36.146167,2005,9,11,23.1,16.58,16.49,0.94,4.95,12.96
JP-Tak,137.423111,36.146167,2005,9,12,24.78,16.08,17.3,1.64,21.63,0.59
JP-Tak,137.423111,36.146167,2005,9,13,25.04,16.75,17.67,1.93,18.47,0
JP-Tak,137.423111,36.146167,2005,9,14,23.43,14.68,17.65,4.28,10.72,1.95
JP-Tak,137.423111,36.146167,2005,9,15,20.49,12.33,13.32,3.01,17.2,1.12
JP-Tak,137.423111,36.146167,2005,9,16,21.44,12.96,13.87,1.57,17.62,0.01
JP-Tak,137.423111,36.146167,2005,9,17,22.4,11.73,13.87,1.84,17.1,0
JP-Tak,137.423111,36.146167,2005,9,18,23.6,12.31,15.63,1.69,17.34,0
JP-Tak,137.423111,36.146167,2005,9,19,23.91,15.29,16.86,1.79,12.38,0.51
JP-Tak,137.423111,36.146167,2005,9,20,20.67,14.4,15.11,1.73,9.94,0.72
JP-Tak,137.423111,36.146167,2005,9,21,22.02,12.55,13.99,1.61,12.77,0.34
JP-Tak,137.423111,36.146167,2005,9,22,21.73,13.65,15.73,2.67,4.98,0.86
JP-Tak,137.423111,36.146167,2005,9,23,23.54,14.04,16.23,1.57,13.11,0.81
JP-Tak,137.423111,36.146167,2005,9,24,22.94,14.3,15.95,1.87,8.12,0.38
JP-Tak,137.423111,36.146167,2005,9,25,20.54,11.78,13.41,3.58,6.28,3.86
JP-Tak,137.423111,36.146167,2005,9,26,20.91,11.4,12.78,1.55,14.14,0.19
JP-Tak,137.423111,36.146167,2005,9,27,20.11,11.06,12.3,1.1,13.4,0.39
JP-Tak,137.423111,36.146167,2005,9,28,18.35,11.86,12.15,1.55,12.11,1.41
JP-Tak,137.423111,36.146167,2005,9,29,19.87,11.19,11.42,0.94,17.49,0
JP-Tak,137.423111,36.146167,2005,9,30,18.57,10.49,10.87,1.96,11.38,0
JP-Tak,137.423111,36.146167,2005,10,1,18.71,9.09,12.53,2.69,5.49,0.18
JP-Tak,137.423111,36.146167,2005,10,2,21.66,13.13,15.73,3.7,3.82,3.24
JP-Tak,137.423111,36.146167,2005,10,3,20.32,10.5,10.68,2.39,16.79,0.26
JP-Tak,137.423111,36.146167,2005,10,4,18.31,12.38,13.99,3.03,3.96,9.4
JP-Tak,137.423111,36.146167,2005,10,5,18.3,11.03,11.89,1.49,6.74,4.99
JP-Tak,137.423111,36.146167,2005,10,6,20.09,10.42,11.04,1.38,14.26,0.6
JP-Tak,137.423111,36.146167,2005,10,7,19.27,9.16,11.97,3.04,12.59,5.23
JP-Tak,137.423111,36.146167,2005,10,8,19.08,12.63,15.42,2.91,3.11,12.57
JP-Tak,137.423111,36.146167,2005,10,9,20.26,11.39,12.06,1.76,10.04,1.1
JP-Tak,137.423111,36.146167,2005,10,10,16.17,11.81,12.28,1.39,7.63,2.54
JP-Tak,137.423111,36.146167,2005,10,11,16.93,10.91,12.21,1.18,11.04,1.18
JP-Tak,137.423111,36.146167,2005,10,12,19.61,9.27,10.47,1.41,14.73,1.75
JP-Tak,137.423111,36.146167,2005,10,13,19.71,8.94,9.48,1.48,18.46,0
JP-Tak,137.423111,36.146167,2005,10,14,20.48,7.19,10.14,1.87,12.71,0.15
JP-Tak,137.423111,36.146167,2005,10,15,17.45,10.57,12.51,2.06,5.27,32.47
JP-Tak,137.423111,36.146167,2005,10,16,18.68,10.28,11.22,1.99,10.03,3.04
JP-Tak,137.423111,36.146167,2005,10,17,17.06,10,12.41,1.31,11.51,6.73
JP-Tak,137.423111,36.146167,2005,10,18,17.3,9.47,10.83,2.79,10.07,3.78
JP-Tak,137.423111,36.146167,2005,10,19,15.55,7.78,7.72,2.95,11.43,0
JP-Tak,137.423111,36.146167,2005,10,20,15.98,5.67,6.15,2.06,16.13,0
JP-Tak,137.423111,36.146167,2005,10,21,14.39,6.55,7.7,2.01,14.79,0.14
JP-Tak,137.423111,36.146167,2005,10,22,10.98,1.28,5.83,3.04,4.94,4.27
JP-Tak,137.423111,36.146167,2005,10,23,10.27,0.76,4.73,4.1,10.77,5.16
JP-Tak,137.423111,36.146167,2005,10,24,12.05,3.5,4.18,2.14,13.87,0.38
JP-Tak,137.423111,36.146167,2005,10,25,13.25,3.26,5.34,2.74,12.49,0.02
JP-Tak,137.423111,36.146167,2005,10,26,13.92,5.76,7.64,2.2,12.16,0.18
JP-Tak,137.423111,36.146167,2005,10,27,15.18,5.75,7.1,1.47,13.13,1.5
JP-Tak,137.423111,36.146167,2005,10,28,14.07,3.66,5.01,2.13,14,0
JP-Tak,137.423111,36.146167,2005,10,29,10.74,4.64,7.25,3.24,3.53,7.55
JP-Tak,137.423111,36.146167,2005,10,30,11.87,3.04,3.94,2.08,9.79,0.92
JP-Tak,137.423111,36.146167,2005,10,31,8.89,-0.48,2.98,2.74,7.73,2.73
JP-Tak,137.423111,36.146167,2005,11,1,11.89,-2.27,-1.79,1.77,15.69,0
JP-Tak,137.423111,36.146167,2005,11,2,12.52,-0.5,-0.11,0.99,14.53,0
JP-Tak,137.423111,36.146167,2005,11,3,9.18,3.96,5.64,1.37,3.03,2.82
JP-Tak,137.423111,36.146167,2005,11,4,14.07,3.66,4.22,1.59,12.92,0
JP-Tak,137.423111,36.146167,2005,11,5,14.29,2.43,0.06,1.9,13.74,0.03
JP-Tak,137.423111,36.146167,2005,11,6,12.02,2.71,6.68,5.26,3.32,28.33
JP-Tak,137.423111,36.146167,2005,11,7,11.66,3.75,6.64,4.36,7.84,2.58
JP-Tak,137.423111,36.146167,2005,11,8,9.46,0.39,1.8,4.79,7.16,0.24
JP-Tak,137.423111,36.146167,2005,11,9,7.44,-0.41,1.3,3.83,8.15,1.17
JP-Tak,137.423111,36.146167,2005,11,10,10.53,-0.16,-0.3,1.86,13.49,0.05
JP-Tak,137.423111,36.146167,2005,11,11,9.58,-0.05,2.92,1.44,7.08,7.01
JP-Tak,137.423111,36.146167,2005,11,12,7.21,-2.41,1.67,3.45,6.64,10.13
JP-Tak,137.423111,36.146167,2005,11,13,10.19,-2.59,-0.13,1.62,11.12,0.08
JP-Tak,137.423111,36.146167,2005,11,14,8.76,1.56,3.98,1.46,4.58,1.4
JP-Tak,137.423111,36.146167,2005,11,15,7.7,-1.1,0.33,2.46,6.93,1.08
JP-Tak,137.423111,36.146167,2005,11,16,4.5,-3.53,-2.3,3.23,6.96,2.34
JP-Tak,137.423111,36.146167,2005,11,17,3.27,-3.98,-4.08,3.09,10.76,0.16
JP-Tak,137.423111,36.146167,2005,11,18,4.06,-3.39,-2.28,2.58,9.16,2.43
JP-Tak,137.423111,36.146167,2005,11,19,2.17,-3.6,-3.4,3.87,6.43,1.09
JP-Tak,137.423111,36.146167,2005,11,20,3.2,-3.86,-3.96,2.58,10.04,0.33
JP-Tak,137.423111,36.146167,2005,11,21,5.94,-3.14,-2.34,2.04,12.66,0.53
JP-Tak,137.423111,36.146167,2005,11,22,4.61,-1.14,0.39,2.05,6.83,3.68
JP-Tak,137.423111,36.146167,2005,11,23,6.01,0.17,0.53,1.78,7.17,0.41
JP-Tak,137.423111,36.146167,2005,11,24,5.12,-0.2,1.06,2.06,5.37,2.46
JP-Tak,137.423111,36.146167,2005,11,25,5.74,-0.35,0.05,2.18,7.23,1.74
JP-Tak,137.423111,36.146167,2005,11,26,6.37,-0.59,0.75,1.93,7.06,0.62
JP-Tak,137.423111,36.146167,2005,11,27,5.12,-1.45,0.96,2.75,4.83,2.53
JP-Tak,137.423111,36.146167,2005,11,28,7.76,1.19,2.46,2.66,7.56,0.48
JP-Tak,137.423111,36.146167,2005,11,29,6.01,-0.6,1.31,6.38,4.7,4.95
JP-Tak,137.423111,36.146167,2005,11,30,2.19,-4.25,-2.45,3.52,5.63,4.53
JP-Tak,137.423111,36.146167,2005,12,1,4.78,-5.67,-4.74,2,11.05,0.04
JP-Tak,137.423111,36.146167,2005,12,2,2.12,-3.37,-0.43,2.87,3.29,5.73
JP-Tak,137.423111,36.146167,2005,12,3,0.41,-5.04,-4.61,5.6,4.99,3.67
JP-Tak,137.423111,36.146167,2005,12,4,0.58,-5.39,-3.41,4.22,7.04,7.56
JP-Tak,137.423111,36.146167,2005,12,5,-1.67,-7.57,-4.85,6.64,4.23,14.01
JP-Tak,137.423111,36.146167,2005,12,6,0.23,-4.72,-2.83,3.98,4.09,6.34
JP-Tak,137.423111,36.146167,2005,12,7,-0.27,-6.53,-5.03,1.68,5.91,1.59
JP-Tak,137.423111,36.146167,2005,12,8,-0.98,-7.82,-5.15,2.82,5.05,4.68
JP-Tak,137.423111,36.146167,2005,12,9,-0.7,-4.6,-3.29,4.38,5.52,5.67
JP-Tak,137.423111,36.146167,2005,12,10,-1.16,-3.98,-3.44,6.18,2.17,5.26
JP-Tak,137.423111,36.146167,2005,12,11,-2.68,-10.58,-7.19,3.38,4.54,3.16
JP-Tak,137.423111,36.146167,2005,12,12,-3.13,-9.72,-7.34,2.95,5.59,6.43
JP-Tak,137.423111,36.146167,2005,12,13,-6.16,-12.76,-10.06,3.16,5.32,7.97
JP-Tak,137.423111,36.146167,2005,12,14,-5.17,-11.42,-9.19,2.02,4.69,7.83
JP-Tak,137.423111,36.146167,2005,12,15,-4.59,-13.07,-9.9,2.32,6.72,2.65
JP-Tak,137.423111,36.146167,2005,12,16,-3.05,-9.02,-7.18,2.78,5.41,5.9
JP-Tak,137.423111,36.146167,2005,12,17,-3.39,-9.22,-7.53,4.89,3.93,8.32
JP-Tak,137.423111,36.146167,2005,12,18,-7.41,-11.24,-9.87,6.08,3.69,10.06
JP-Tak,137.423111,36.146167,2005,12,19,-7,-11.18,-9.48,5.57,3.75,6.18
JP-Tak,137.423111,36.146167,2005,12,20,-2.09,-11.32,-6.83,2.23,6.72,2.46
JP-Tak,137.423111,36.146167,2005,12,21,-3.57,-8.31,-6.44,2.56,5.02,4.53
JP-Tak,137.423111,36.146167,2005,12,22,-7.35,-9.52,-9.12,7.68,2.46,13.44
JP-Tak,137.423111,36.146167,2005,12,23,-4.34,-9.47,-6.54,5.2,3.15,13.94
JP-Tak,137.423111,36.146167,2005,12,24,-6.75,-11.31,-9.22,4.2,4.06,5.36
JP-Tak,137.423111,36.146167,2005,12,25,-2.65,-11.34,-7.28,3.68,6.33,2.9
JP-Tak,137.423111,36.146167,2005,12,26,-2.84,-11.06,-9.19,6.06,4.41,4.2
JP-Tak,137.423111,36.146167,2005,12,27,-5.32,-11.46,-9.78,4.69,5.62,3.89
JP-Tak,137.423111,36.146167,2005,12,28,-7.02,-12.57,-10.98,4.86,5.88,1.42
JP-Tak,137.423111,36.146167,2005,12,29,-5.47,-13.87,-10.94,3.15,7.42,0.3
JP-Tak,137.423111,36.146167,2005,12,30,-2.62,-12.84,-7.21,3.54,5.03,2.45
JP-Tak,137.423111,36.146167,2005,12,31,-5.76,-12.24,-9.87,4.43,7.23,0.24
JP-Tak,137.423111,36.146167,2006,1,1,-1.21,-7.63,-5.33,2.14,10.79,0.03
JP-Tak,137.423111,36.146167,2006,1,2,-1.15,-9.05,-4.15,2.91,3.89,2.61
JP-Tak,137.423111,36.146167,2006,1,3,-4.33,-9.22,-7.07,7.12,3.71,9.44
JP-Tak,137.423111,36.146167,2006,1,4,-6.71,-10.87,-9.63,5.36,5.06,2.75
JP-Tak,137.423111,36.146167,2006,1,5,-7.48,-15.07,-11.94,4.16,6.9,1.74
JP-Tak,137.423111,36.146167,2006,1,6,-7.59,-15.23,-12.23,1.41,5.92,0.6
JP-Tak,137.423111,36.146167,2006,1,7,-7.54,-14.19,-11.76,3.52,6.51,2.37
JP-Tak,137.423111,36.146167,2006,1,8,-6.63,-13.91,-11.32,3.61,6.96,1.87
JP-Tak,137.423111,36.146167,2006,1,9,-3.71,-16.26,-12.26,1.55,9.1,0.06
JP-Tak,137.423111,36.146167,2006,1,10,-3.42,-13.74,-8.06,2.44,6.9,3.97
JP-Tak,137.423111,36.146167,2006,1,11,-3.87,-11.21,-7.86,2.72,7.74,2.23
JP-Tak,137.423111,36.146167,2006,1,12,-3.14,-11.67,-9.89,2.78,8.63,0.45
JP-Tak,137.423111,36.146167,2006,1,13,-0.08,-10.83,-5.03,2.69,5.46,2.21
JP-Tak,137.423111,36.146167,2006,1,14,0.93,-0.62,0.31,3.95,2.14,35.65
JP-Tak,137.423111,36.146167,2006,1,15,0.53,-6.28,-2.57,3.01,8.03,0.12
JP-Tak,137.423111,36.146167,2006,1,16,0.87,-1.38,-0.84,1.14,10.45,0.64
JP-Tak,137.423111,36.146167,2006,1,17,-1.72,-10.5,-6.33,3.73,8.32,1.6
JP-Tak,137.423111,36.146167,2006,1,18,-4.95,-11.62,-9.83,3.27,9.37,0.02
JP-Tak,137.423111,36.146167,2006,1,19,-8.06,-12.61,-11.84,5.88,10.02,0.11
JP-Tak,137.423111,36.146167,2006,1,20,-2.38,-12.96,-9.37,1.81,10.52,0.02
JP-Tak,137.423111,36.146167,2006,1,21,-1.38,-8.15,-7.29,2.64,8.37,0.81
JP-Tak,137.423111,36.146167,2006,1,22,-6.14,-13.08,-10.46,5.04,11.5,2.4
JP-Tak,137.423111,36.146167,2006,1,23,-8.7,-11.62,-11.24,6.69,8.09,2.83
JP-Tak,137.423111,36.146167,2006,1,24,-6.02,-11.98,-9.73,4.38,8.53,2.28
JP-Tak,137.423111,36.146167,2006,1,25,-4.44,-14.13,-10.59,2.95,11.18,0.5
JP-Tak,137.423111,36.146167,2006,1,26,-5.04,-10.98,-8.85,4.68,11.47,0.92
JP-Tak,137.423111,36.146167,2006,1,27,-2.44,-10.41,-7.02,3.57,8.26,2.68
JP-Tak,137.423111,36.146167,2006,1,28,-5.88,-13.74,-9.86,4.63,12.08,1.05
JP-Tak,137.423111,36.146167,2006,1,29,0.71,-13.93,-9.44,2.09,14.02,0
JP-Tak,137.423111,36.146167,2006,1,30,1.53,-6.35,-0.93,3.09,6.21,0.68
JP-Tak,137.423111,36.146167,2006,1,31,0.46,-2.51,-1.62,1.39,2.96,3.24
JP-Tak,137.423111,36.146167,2006,2,1,1.28,-6.35,-1.26,2.83,2.89,26.84
JP-Tak,137.423111,36.146167,2006,2,2,-2.32,-9.57,-7.66,3.19,9.54,0.46
JP-Tak,137.423111,36.146167,2006,2,3,-4.09,-13.6,-8.54,6.97,5.14,1.59
JP-Tak,137.423111,36.146167,2006,2,4,-9.1,-13.7,-13.26,5.02,9.53,1.74
JP-Tak,137.423111,36.146167,2006,2,5,-8.7,-15.1,-12.51,4.28,9.58,1.85
JP-Tak,137.423111,36.146167,2006,2,6,-2.65,-14.1,-9.07,2.07,7.43,5
JP-Tak,137.423111,36.146167,2006,2,7,1.86,-3.75,-0.89,6.44,5.66,5.53
JP-Tak,137.423111,36.146167,2006,2,8,-2.23,-7.83,-4.78,5.78,6.54,6.59
JP-Tak,137.423111,36.146167,2006,2,9,-6.13,-12.58,-10.56,4.19,9.7,0.8
JP-Tak,137.423111,36.146167,2006,2,10,-3.57,-14.82,-8.88,3.65,10.09,0.8
JP-Tak,137.423111,36.146167,2006,2,11,-1.62,-6.8,-5.01,4.09,8.25,2.22
JP-Tak,137.423111,36.146167,2006,2,12,-6.86,-11.95,-10.88,4.45,9.03,1.2
JP-Tak,137.423111,36.146167,2006,2,13,-1.32,-13.82,-8.53,2.52,13.66,0.02
JP-Tak,137.423111,36.146167,2006,2,14,2.4,-8.66,-4.41,3.02,8.56,3.26
JP-Tak,137.423111,36.146167,2006,2,15,4.16,1.51,1.71,2.24,11.88,3.12
JP-Tak,137.423111,36.146167,2006,2,16,3.94,-2.3,1.55,1.59,2.62,13.89
JP-Tak,137.423111,36.146167,2006,2,17,-2.86,-11.01,-7.44,4.22,8.69,1.1
JP-Tak,137.423111,36.146167,2006,2,18,-0.88,-14.3,-10.25,1.71,16.56,0
JP-Tak,137.423111,36.146167,2006,2,19,1.56,-7.18,-7.91,1.02,12.79,0
JP-Tak,137.423111,36.146167,2006,2,20,1.29,-5.08,-5.05,1.08,3.49,12.69
JP-Tak,137.423111,36.146167,2006,2,21,2.46,-4.4,-0.84,1.12,13.35,0.03
JP-Tak,137.423111,36.146167,2006,2,22,3.39,-5.03,-2.5,2.15,16.46,1.09
JP-Tak,137.423111,36.146167,2006,2,23,3.96,-2.67,-0.9,2.25,8.25,0.47
JP-Tak,137.423111,36.146167,2006,2,24,2.73,-3.89,-1.02,1.6,9.55,0.22
JP-Tak,137.423111,36.146167,2006,2,25,4.97,-5.65,-3.4,1.82,17.26,0.03
JP-Tak,137.423111,36.146167,2006,2,26,5.97,-1.59,1.24,4.88,2.79,36.19
JP-Tak,137.423111,36.146167,2006,2,27,-1.1,-7.55,-6.74,5.33,9.43,0.22
JP-Tak,137.423111,36.146167,2006,2,28,3.79,-7.52,-2.8,2.01,12.16,1.29
JP-Tak,137.423111,36.146167,2006,3,1,5.32,-4.01,1.33,2.82,4.71,33.32
JP-Tak,137.423111,36.146167,2006,3,2,-1.58,-6.42,-6.33,4.28,11.32,2.57
JP-Tak,137.423111,36.146167,2006,3,3,-1.97,-10.52,-7.53,3.26,10.79,2.3
JP-Tak,137.423111,36.146167,2006,3,4,-0.64,-11.07,-9.6,1.47,18.16,0.04
JP-Tak,137.423111,36.146167,2006,3,5,2.19,-9.4,-6.07,2.32,15.59,0.03
JP-Tak,137.423111,36.146167,2006,3,6,1.15,-4.93,-1.24,2.25,4.54,7.2
JP-Tak,137.423111,36.146167,2006,3,7,4.57,-4.93,-3.45,2.34,17.48,0.05
JP-Tak,137.423111,36.146167,2006,3,8,3.26,-5.72,-2.74,3.24,16.04,0.04
JP-Tak,137.423111,36.146167,2006,3,9,5.21,-6.26,-3.33,2.19,16.42,0.21
JP-Tak,137.423111,36.146167,2006,3,10,6.04,-0.74,-0.07,1.56,10.04,1.73
JP-Tak,137.423111,36.146167,2006,3,11,7.13,0,1.56,2.47,13.38,0.27
JP-Tak,137.423111,36.146167,2006,3,12,3.32,-6.1,-0.09,5.26,3.83,9.53
JP-Tak,137.423111,36.146167,2006,3,13,-5.42,-8.78,-9.77,6.15,12.35,1.93
JP-Tak,137.423111,36.146167,2006,3,14,-3.6,-9.12,-8.27,4.5,10.52,2.86
JP-Tak,137.423111,36.146167,2006,3,15,2.63,-8.26,-5.65,2.64,19.73,0.12
JP-Tak,137.423111,36.146167,2006,3,16,4.72,-4.96,0.49,5.07,6.38,18.99
JP-Tak,137.423111,36.146167,2006,3,17,1.97,-2.49,-1.83,7.69,8.81,12.64
JP-Tak,137.423111,36.146167,2006,3,18,4.53,-2.23,-0.44,2.94,8.9,4.09
JP-Tak,137.423111,36.146167,2006,3,19,1.5,-8.08,-4.15,7.1,10.18,3.73
JP-Tak,137.423111,36.146167,2006,3,20,-1.48,-8.35,-6.99,6.78,15.05,0.14
JP-Tak,137.423111,36.146167,2006,3,21,1.95,-4.41,-2.57,3.96,13.39,0.31
JP-Tak,137.423111,36.146167,2006,3,22,3.32,-6.4,-4.62,2.22,10.04,11.75
JP-Tak,137.423111,36.146167,2006,3,23,4.49,-0.56,0.81,3.43,13.72,6.81
JP-Tak,137.423111,36.146167,2006,3,24,3.65,-6.25,-4.86,3.8,20.85,0.28
JP-Tak,137.423111,36.146167,2006,3,25,6.24,-3.1,-2.63,1.86,23.32,0.01
JP-Tak,137.423111,36.146167,2006,3,26,4.12,-1.96,-0.29,3.05,10.47,0.16
JP-Tak,137.423111,36.146167,2006,3,27,7.4,-2.14,-1.86,2.24,18.75,0.03
JP-Tak,137.423111,36.146167,2006,3,28,4.37,-3.3,0.23,4.11,12.17,9.37
JP-Tak,137.423111,36.146167,2006,3,29,-3.13,-6.3,-6.36,7.57,9.58,4.07
JP-Tak,137.423111,36.146167,2006,3,30,-2.11,-8.47,-7.19,5.6,10.58,4.63
JP-Tak,137.423111,36.146167,2006,3,31,-2.62,-9.59,-7.59,7.26,13.34,1.98
JP-Tak,137.423111,36.146167,2006,4,1,5.51,-9.96,-4.92,2.1,17.78,0.18
JP-Tak,137.423111,36.146167,2006,4,2,6.52,0.03,2.73,4.77,2.63,20.3
JP-Tak,137.423111,36.146167,2006,4,3,2.1,-4.66,-2.39,7.45,11.65,2.63
JP-Tak,137.423111,36.146167,2006,4,4,10.76,-4.76,-1.55,2,17.14,0.76
JP-Tak,137.423111,36.146167,2006,4,5,4.58,-1.54,1.23,3.34,5.25,13.17
JP-Tak,137.423111,36.146167,2006,4,6,3.65,-5.83,-4.48,4.22,22.57,0
JP-Tak,137.423111,36.146167,2006,4,7,8.19,-0.64,-1.7,2.08,21.31,0
JP-Tak,137.423111,36.146167,2006,4,8,3.98,-2.14,-0.94,7.05,8.08,8.26
JP-Tak,137.423111,36.146167,2006,4,9,5.46,-3.66,-2.74,4.23,18.21,0.52
JP-Tak,137.423111,36.146167,2006,4,10,5.59,0.68,1.03,2.03,5.29,7.07
JP-Tak,137.423111,36.146167,2006,4,11,8.71,2.34,5.2,6.04,3.34,27.5
JP-Tak,137.423111,36.146167,2006,4,12,15.77,7.7,8.82,2.65,16.35,6.65
JP-Tak,137.423111,36.146167,2006,4,13,12.27,4.77,7.92,1.46,7.67,0.99
JP-Tak,137.423111,36.146167,2006,4,14,11.66,1.55,4.09,3.14,12.64,0.41
JP-Tak,137.423111,36.146167,2006,4,15,9.48,0.19,2.89,2.18,14.45,3.65
JP-Tak,137.423111,36.146167,2006,4,16,6.91,-2.63,0.17,3.66,12.95,4.66
JP-Tak,137.423111,36.146167,2006,4,17,7.62,-3.77,-2.89,3.78,21.68,0.04
JP-Tak,137.423111,36.146167,2006,4,18,13.08,0.77,0.85,2.74,19.19,0
JP-Tak,137.423111,36.146167,2006,4,19,10.96,3.33,3.89,4.19,11.41,0.41
JP-Tak,137.423111,36.146167,2006,4,20,9.71,0.02,2.81,6.19,13.61,18.28
JP-Tak,137.423111,36.146167,2006,4,21,2.55,-2.04,-1.85,6.5,13.09,7.76
JP-Tak,137.423111,36.146167,2006,4,22,8.86,-1.86,1.05,2.97,17.3,0.21
JP-Tak,137.423111,36.146167,2006,4,23,13.5,1.71,6.36,1.87,12.88,0.07
JP-Tak,137.423111,36.146167,2006,4,24,8.97,-2.72,1.98,4.26,21.36,0.15
JP-Tak,137.423111,36.146167,2006,4,25,4.72,-3.33,-3.64,4.16,15.71,1.14
JP-Tak,137.423111,36.146167,2006,4,26,7.91,-3.49,-2.73,1.26,14.07,0.09
JP-Tak,137.423111,36.146167,2006,4,27,9.39,0.43,2.42,2.37,12.3,2.51
JP-Tak,137.423111,36.146167,2006,4,28,13.37,-1.6,0.76,2.94,26.44,0.17
JP-Tak,137.423111,36.146167,2006,4,29,12.01,0.59,2.29,3.11,23.75,0.01
JP-Tak,137.423111,36.146167,2006,4,30,12.57,3.05,6.74,4.18,14.18,0.76
JP-Tak,137.423111,36.146167,2006,5,1,17.38,7.95,10.61,4.91,11.71,3.49
JP-Tak,137.423111,36.146167,2006,5,2,13.05,-1.51,6.53,3.55,7.51,15.11
JP-Tak,137.423111,36.146167,2006,5,3,15.31,-3.05,0.57,2.36,26.85,0
JP-Tak,137.423111,36.146167,2006,5,4,14.32,3.05,5.43,2.65,28.5,0
JP-Tak,137.423111,36.146167,2006,5,5,17.53,6.47,8.96,2.9,21.74,0
JP-Tak,137.423111,36.146167,2006,5,6,17.2,6.05,7.56,3,17.65,4
JP-Tak,137.423111,36.146167,2006,5,7,14.98,8.03,10.77,4.44,6.15,27.94
JP-Tak,137.423111,36.146167,2006,5,8,22.29,9.74,12.29,1.73,20.27,1.3
JP-Tak,137.423111,36.146167,2006,5,9,21.16,11.41,13.89,2.23,21.53,0.88
JP-Tak,137.423111,36.146167,2006,5,10,15.92,11.35,12.39,5.44,13.72,5.76
JP-Tak,137.423111,36.146167,2006,5,11,17.26,4.81,10.24,4.76,9.47,12.99
JP-Tak,137.423111,36.146167,2006,5,12,16.5,3.92,7.08,2.47,23.66,0.18
JP-Tak,137.423111,36.146167,2006,5,13,12.86,7.6,8.48,2.34,7.4,20.94
JP-Tak,137.423111,36.146167,2006,5,14,12.59,3.15,5.41,3.44,17.83,0.63
JP-Tak,137.423111,36.146167,2006,5,15,13.27,1.34,3.58,1.6,23.71,0
JP-Tak,137.423111,36.146167,2006,5,16,12.31,7.65,7.32,1.17,9.69,0.78
JP-Tak,137.423111,36.146167,2006,5,17,14.61,6.49,8.77,1.35,10.35,7.74
JP-Tak,137.423111,36.146167,2006,5,18,16.71,8.77,10.85,1.18,15.33,2.92
JP-Tak,137.423111,36.146167,2006,5,19,18.47,10.4,13.82,5.34,9.42,14.47
JP-Tak,137.423111,36.146167,2006,5,20,20.84,6.94,13.77,5.7,10.48,26.61
JP-Tak,137.423111,36.146167,2006,5,21,19.73,4.03,6.36,2.29,28.14,0
JP-Tak,137.423111,36.146167,2006,5,22,19.53,8.83,11.33,3.89,21.64,0.02
JP-Tak,137.423111,36.146167,2006,5,23,17.12,8.91,11.94,4.77,8.16,7.39
JP-Tak,137.423111,36.146167,2006,5,24,17.48,5.62,7.73,3.24,16.91,0.94
JP-Tak,137.423111,36.146167,2006,5,25,18.92,2.52,6.05,1.8,29.29,0.1
JP-Tak,137.423111,36.146167,2006,5,26,13.49,7.09,8.3,2.31,11.3,0.23
JP-Tak,137.423111,36.146167,2006,5,27,16.94,4.89,8.65,4.21,17.27,0.58
JP-Tak,137.423111,36.146167,2006,5,28,17.67,10.16,11.17,4.16,9.61,6.2
JP-Tak,137.423111,36.146167,2006,5,29,15.7,8.1,9.7,2.81,12.39,0.11
JP-Tak,137.423111,36.146167,2006,5,30,16.44,6.77,8.79,2.56,13.6,0.14
JP-Tak,137.423111,36.146167,2006,5,31,18.57,6.49,8.71,2.91,20.01,0
JP-Tak,137.423111,36.146167,2006,6,1,20.83,8.18,9.91,2.32,23.73,0
JP-Tak,137.423111,36.146167,2006,6,2,18.95,10.82,11.23,1.3,18.98,0.17
JP-Tak,137.423111,36.146167,2006,6,3,21.89,7.92,10.3,1.38,22.97,0
JP-Tak,137.423111,36.146167,2006,6,4,19.59,11.33,12.05,1.05,19.37,0
JP-Tak,137.423111,36.146167,2006,6,5,21.63,11.72,12.31,1.35,22.42,0.15
JP-Tak,137.423111,36.146167,2006,6,6,19.83,10.6,10.46,1.48,19.44,1.73
JP-Tak,137.423111,36.146167,2006,6,7,18.3,9.42,9.84,1.86,22.9,0.59
JP-Tak,137.423111,36.146167,2006,6,8,16.1,10.26,11.39,3.33,12.77,4.09
JP-Tak,137.423111,36.146167,2006,6,9,19.75,6.53,11.36,4.41,7.9,18.67
JP-Tak,137.423111,36.146167,2006,6,10,20.65,9.45,10.34,1.94,15.31,0.09
JP-Tak,137.423111,36.146167,2006,6,11,19.65,10.94,12.4,1.74,8.11,1.22
JP-Tak,137.423111,36.146167,2006,6,12,19.31,9.31,12.36,2.62,20.01,1.18
JP-Tak,137.423111,36.146167,2006,6,13,20.5,12.3,12.25,1.41,20.83,0.01
JP-Tak,137.423111,36.146167,2006,6,14,21.29,10.15,12.03,2.14,25.83,0.19
JP-Tak,137.423111,36.146167,2006,6,15,17.43,12.46,12.72,5.97,5.73,30.17
JP-Tak,137.423111,36.146167,2006,6,16,23.83,14.31,15.85,2.11,18.15,20.21
JP-Tak,137.423111,36.146167,2006,6,17,22.38,14.06,14.61,1.83,17.02,4.56
JP-Tak,137.423111,36.146167,2006,6,18,21.26,14.2,15.3,1.84,16.95,5.92
JP-Tak,137.423111,36.146167,2006,6,19,21.2,11.37,12.14,2.48,25.08,0
JP-Tak,137.423111,36.146167,2006,6,20,21.51,11.41,11.8,1.81,17.57,0
JP-Tak,137.423111,36.146167,2006,6,21,22.25,13.85,14.29,2.29,11.2,0.23
JP-Tak,137.423111,36.146167,2006,6,22,18.12,13.72,14.24,1.35,6.63,6.43
JP-Tak,137.423111,36.146167,2006,6,23,20.04,13.15,13.87,1.63,14.97,0.36
JP-Tak,137.423111,36.146167,2006,6,24,22.75,11.67,12.54,1.83,24.57,0
JP-Tak,137.423111,36.146167,2006,6,25,19.73,12.3,13.01,1.43,13.94,0.08
JP-Tak,137.423111,36.146167,2006,6,26,19.52,13.24,15.11,1.99,8.9,7.58
JP-Tak,137.423111,36.146167,2006,6,27,22.2,14.75,16.16,3,17.92,1.57
JP-Tak,137.423111,36.146167,2006,6,28,21.47,14.49,15.45,2.4,19.8,0.19
JP-Tak,137.423111,36.146167,2006,6,29,23.81,12.99,14.96,1.73,23.86,0
JP-Tak,137.423111,36.146167,2006,6,30,21.61,15.05,17.27,2.68,8.64,6.46
JP-Tak,137.423111,36.146167,2006,7,1,21.32,16.28,17.44,3.43,9.22,8.34
JP-Tak,137.423111,36.146167,2006,7,2,21.94,13.99,16.83,5.4,8.89,11.96
JP-Tak,137.423111,36.146167,2006,7,3,21.72,12.88,14.99,2.85,13.55,3.8
JP-Tak,137.423111,36.146167,2006,7,4,22.6,11.66,13.4,1.75,22.62,0
JP-Tak,137.423111,36.146167,2006,7,5,21.41,13.09,16.79,4.23,9.1,16.79
JP-Tak,137.423111,36.146167,2006,7,6,23.49,15.74,17.33,3.07,12.36,2.64
JP-Tak,137.423111,36.146167,2006,7,7,21.91,14.32,16.07,2.2,15.65,0.22
JP-Tak,137.423111,36.146167,2006,7,8,25.72,15.27,17.09,1.8,19.49,0.68
JP-Tak,137.423111,36.146167,2006,7,9,21.87,17.2,18.23,1.95,9.63,13.99
JP-Tak,137.423111,36.146167,2006,7,10,24.92,16.49,17.1,2.35,19.99,0.63
JP-Tak,137.423111,36.146167,2006,7,11,23.05,15.78,17.89,2.91,9.91,1.81
JP-Tak,137.423111,36.146167,2006,7,12,23.62,18.1,18.79,3.09,6.31,9.58
JP-Tak,137.423111,36.146167,2006,7,13,23.78,18.22,19.78,2.97,9.14,2.63
JP-Tak,137.423111,36.146167,2006,7,14,25.69,17.77,19.28,2.85,16.22,0.64
JP-Tak,137.423111,36.146167,2006,7,15,24.84,17.25,19.12,2.64,12.86,13.52
JP-Tak,137.423111,36.146167,2006,7,16,22.52,17.49,18.9,3.3,6.07,30.69
JP-Tak,137.423111,36.146167,2006,7,17,21.58,15.38,17.44,3.76,5.19,77.49
JP-Tak,137.423111,36.146167,2006,7,18,20.55,14.93,17.24,2.84,5.63,91.71
JP-Tak,137.423111,36.146167,2006,7,19,23.28,16.75,17.51,1.96,12.29,59.34
JP-Tak,137.423111,36.146167,2006,7,20,22.55,15.91,16.78,1.72,14.19,4.87
JP-Tak,137.423111,36.146167,2006,7,21,22.9,16.09,18.32,3.27,6.54,30.2
JP-Tak,137.423111,36.146167,2006,7,22,23.64,16.06,16.85,2.28,19.18,0.08
JP-Tak,137.423111,36.146167,2006,7,23,22.79,16.02,17.17,1.79,13.93,4.06
JP-Tak,137.423111,36.146167,2006,7,24,22.91,17.02,18.83,3.06,5.14,27.95
JP-Tak,137.423111,36.146167,2006,7,25,24.36,17.9,18.45,2.34,14.07,12.06
JP-Tak,137.423111,36.146167,2006,7,26,25.45,16.71,17.76,1.97,18.86,1.28
JP-Tak,137.423111,36.146167,2006,7,27,24.6,17.41,18.66,2.85,14.43,3.47
JP-Tak,137.423111,36.146167,2006,7,28,24.17,16.71,17.43,3.27,12,0.58
JP-Tak,137.423111,36.146167,2006,7,29,22.6,15.69,17.63,2.31,10.64,4.96
JP-Tak,137.423111,36.146167,2006,7,30,25.77,13.59,15.94,1.26,20.25,0.06
JP-Tak,137.423111,36.146167,2006,7,31,22.22,16.03,17.05,1.89,17.39,0.08
JP-Tak,137.423111,36.146167,2006,8,1,23.96,15.84,17.35,1.89,18.32,0.69
JP-Tak,137.423111,36.146167,2006,8,2,26.49,16.34,18.26,0.98,23.54,0
JP-Tak,137.423111,36.146167,2006,8,3,27.02,17.43,18.43,1.12,24.22,0
JP-Tak,137.423111,36.146167,2006,8,4,28.16,16.49,17.87,1.02,26.52,0
JP-Tak,137.423111,36.146167,2006,8,5,28.46,16.68,16.23,1.12,27.41,0
JP-Tak,137.423111,36.146167,2006,8,6,27.75,17.92,16.65,1.01,23.3,0.25
JP-Tak,137.423111,36.146167,2006,8,7,26.03,18.21,18.71,0.92,20.2,10.14
JP-Tak,137.423111,36.146167,2006,8,8,25.97,17.26,18.29,2.32,22.26,1.81
JP-Tak,137.423111,36.146167,2006,8,9,26.99,16.73,18.2,2.35,22.4,4.53
JP-Tak,137.423111,36.146167,2006,8,10,27.08,17.31,16.78,1.49,25.67,0.03
JP-Tak,137.423111,36.146167,2006,8,11,26.67,17.72,16.65,1.5,24.96,0.25
JP-Tak,137.423111,36.146167,2006,8,12,22.5,17.73,17.53,1.41,11.83,12.61
JP-Tak,137.423111,36.146167,2006,8,13,25.05,16.45,17.61,1.45,21.49,1.45
JP-Tak,137.423111,36.146167,2006,8,14,26.51,17.04,17.93,0.83,20.92,2.48
JP-Tak,137.423111,36.146167,2006,8,15,26.91,16.56,18.44,1.98,23.12,0.01
JP-Tak,137.423111,36.146167,2006,8,16,27.79,16.62,19.63,1.7,22.63,0.07
JP-Tak,137.423111,36.146167,2006,8,17,27.32,18.48,20.76,2.33,14,9.27
JP-Tak,137.423111,36.146167,2006,8,18,26.37,18.66,19.5,2.51,19.84,2.55
JP-Tak,137.423111,36.146167,2006,8,19,26.86,16.84,19.22,2.52,20.53,0.26
JP-Tak,137.423111,36.146167,2006,8,20,27.58,18.3,19.46,1.25,18.48,0.49
JP-Tak,137.423111,36.146167,2006,8,21,22.97,19.33,19.63,1.15,13.19,6.51
JP-Tak,137.423111,36.146167,2006,8,22,25.96,17.96,19.21,1.71,13.39,5.9
JP-Tak,137.423111,36.146167,2006,8,23,25.93,15.92,17.77,1.91,18.14,1.02
JP-Tak,137.423111,36.146167,2006,8,24,26.27,17.38,18.61,1.62,18.29,0.02
JP-Tak,137.423111,36.146167,2006,8,25,26.37,16.74,18.04,1.17,21.38,3.26
JP-Tak,137.423111,36.146167,2006,8,26,24.57,17.18,18.1,1.7,16.86,6.07
JP-Tak,137.423111,36.146167,2006,8,27,24.29,16.24,17.74,1.62,17.18,1.81
JP-Tak,137.423111,36.146167,2006,8,28,24.18,16.16,17.83,2.24,12.02,0.99
JP-Tak,137.423111,36.146167,2006,8,29,24.3,16.36,18.09,2.09,14.43,0.45
JP-Tak,137.423111,36.146167,2006,8,30,22.61,15.29,15.52,1.6,11.39,0.79
JP-Tak,137.423111,36.146167,2006,8,31,23.21,13.8,15.46,1.91,21.1,0.4
JP-Tak,137.423111,36.146167,2006,9,1,20.48,13.19,16,1.8,11.64,14.02
JP-Tak,137.423111,36.146167,2006,9,2,22.66,12.18,14.43,1.73,20.31,0.01
JP-Tak,137.423111,36.146167,2006,9,3,24.42,13.42,15.18,1.16,18.97,0.11
JP-Tak,137.423111,36.146167,2006,9,4,23.59,14.34,15.1,1.52,20.49,0
JP-Tak,137.423111,36.146167,2006,9,5,23.11,13.01,15.34,2.39,11.08,2.61
JP-Tak,137.423111,36.146167,2006,9,6,20.06,13.41,16.58,2.61,6.58,43.44
JP-Tak,137.423111,36.146167,2006,9,7,21.96,17.02,18.07,2.59,6.94,25.63
JP-Tak,137.423111,36.146167,2006,9,8,25.48,15.97,18.3,1.84,18.02,6.76
JP-Tak,137.423111,36.146167,2006,9,9,25.29,16.62,18.45,2.55,17.29,0.53
JP-Tak,137.423111,36.146167,2006,9,10,23.92,16.5,18.11,2.82,10.78,4.92
JP-Tak,137.423111,36.146167,2006,9,11,23.06,15.57,16.61,1.45,9.42,4.99
JP-Tak,137.423111,36.146167,2006,9,12,17.41,14.57,14.98,1.94,5.63,11.7
JP-Tak,137.423111,36.146167,2006,9,13,18.26,13.78,14.65,1.03,5.34,32.39
JP-Tak,137.423111,36.146167,2006,9,14,21.21,13.2,14.26,1.17,10.67,18.05
JP-Tak,137.423111,36.146167,2006,9,15,20.71,13,13.84,1.2,16.75,0.42
JP-Tak,137.423111,36.146167,2006,9,16,18,12.11,13.34,1.79,7.1,1.77
JP-Tak,137.423111,36.146167,2006,9,17,23,12.93,15.46,2.41,12.82,2.67
JP-Tak,137.423111,36.146167,2006,9,18,22.99,15.97,17.43,7.32,13.98,4.94
JP-Tak,137.423111,36.146167,2006,9,19,19.52,10.77,14.25,3.24,9.68,0.74
JP-Tak,137.423111,36.146167,2006,9,20,21.23,8.75,11.46,2.33,20.44,0
JP-Tak,137.423111,36.146167,2006,9,21,21.4,11.86,12.93,1.2,18.21,0.03
JP-Tak,137.423111,36.146167,2006,9,22,21.33,12.12,12.7,1.2,13.03,0.19
JP-Tak,137.423111,36.146167,2006,9,23,20.39,9.54,11.48,2.11,17.48,0
JP-Tak,137.423111,36.146167,2006,9,24,20.1,8.08,10.49,1.51,16.32,0
JP-Tak,137.423111,36.146167,2006,9,25,17.59,9.26,11.42,1.35,19.91,0
JP-Tak,137.423111,36.146167,2006,9,26,16.22,8.86,10.11,3.39,8.99,5.07
JP-Tak,137.423111,36.146167,2006,9,27,19.83,10.31,12.23,1.97,9.38,5.95
JP-Tak,137.423111,36.146167,2006,9,28,17.47,9.91,11.56,2.05,14.87,0.77
JP-Tak,137.423111,36.146167,2006,9,29,18.55,11.23,11.5,1.66,14.82,0
JP-Tak,137.423111,36.146167,2006,9,30,19.39,9.48,9.25,1.07,16.71,0
JP-Tak,137.423111,36.146167,2006,10,1,14.87,9.8,10.34,1.51,6.72,14.71
JP-Tak,137.423111,36.146167,2006,10,2,19.01,11.15,13.13,2.88,5.67,33.48
JP-Tak,137.423111,36.146167,2006,10,3,19.67,10.74,12.2,1.45,13.31,0.27
JP-Tak,137.423111,36.146167,2006,10,4,19.62,11.13,13.09,1.67,12.96,0.69
JP-Tak,137.423111,36.146167,2006,10,5,17.19,11.83,12.73,2.16,5.33,7.49
JP-Tak,137.423111,36.146167,2006,10,6,15.93,9.31,11.05,5.75,3.35,28.27
JP-Tak,137.423111,36.146167,2006,10,7,11.16,7.42,7.23,8.53,8.21,4.97
JP-Tak,137.423111,36.146167,2006,10,8,11.52,5.95,6.71,8.31,10.11,2.49
JP-Tak,137.423111,36.146167,2006,10,9,17.92,4.82,7.45,2.57,18.95,0
JP-Tak,137.423111,36.146167,2006,10,10,18.62,6.5,8.32,1.31,17.8,0.12
JP-Tak,137.423111,36.146167,2006,10,11,15.69,9.6,11.39,1.39,3.55,6.63
JP-Tak,137.423111,36.146167,2006,10,12,19.35,8.72,10.75,1.63,14.2,0.06
JP-Tak,137.423111,36.146167,2006,10,13,18.12,7.57,8.72,1.9,15.03,0
JP-Tak,137.423111,36.146167,2006,10,14,15.98,10.06,10.5,1.6,14.13,0
JP-Tak,137.423111,36.146167,2006,10,15,16.9,5.73,8.14,2.91,16,0
JP-Tak,137.423111,36.146167,2006,10,16,17.65,5.44,7.7,2.87,15.1,0
JP-Tak,137.423111,36.146167,2006,10,17,17.26,6.93,8.45,2.12,16.81,0
JP-Tak,137.423111,36.146167,2006,10,18,17.93,7.22,7.5,1.64,13.62,0
JP-Tak,137.423111,36.146167,2006,10,19,18.46,7.27,8.92,1.46,15.76,0
JP-Tak,137.423111,36.146167,2006,10,20,13.6,8.78,9.9,1.52,5.98,1.13
JP-Tak,137.423111,36.146167,2006,10,21,15.95,6.18,7.46,1.99,13.43,0.18
JP-Tak,137.423111,36.146167,2006,10,22,16.09,6.58,9.58,2.36,13.7,4.44
JP-Tak,137.423111,36.146167,2006,10,23,17.92,10.02,11.48,2.97,8.38,19.98
JP-Tak,137.423111,36.146167,2006,10,24,15.43,5.46,9.14,1.69,8.23,27.22
JP-Tak,137.423111,36.146167,2006,10,25,17.29,3.73,7.43,1.96,10.92,0.27
JP-Tak,137.423111,36.146167,2006,10,26,15.56,6.8,7.66,1.66,10.64,0.06
JP-Tak,137.423111,36.146167,2006,10,27,14.61,6.71,7.86,1.2,9.49,0.25
JP-Tak,137.423111,36.146167,2006,10,28,14.51,5.1,5.79,1.74,15.46,0.1
JP-Tak,137.423111,36.146167,2006,10,29,15.2,6.36,7.72,1.94,10.89,1.78
JP-Tak,137.423111,36.146167,2006,10,30,15.04,5.92,7.03,2.06,14.6,0.05
JP-Tak,137.423111,36.146167,2006,10,31,14.55,4.41,6.1,1.7,15.12,0
JP-Tak,137.423111,36.146167,2006,11,1,13.66,2.61,5.61,1.64,10.91,0.1
JP-Tak,137.423111,36.146167,2006,11,2,11.58,4.91,6.05,1.92,8.36,0.62
JP-Tak,137.423111,36.146167,2006,11,3,13.87,3.33,3.58,1.25,13.75,0
JP-Tak,137.423111,36.146167,2006,11,4,12.62,2.94,4.05,1.7,12.69,0
JP-Tak,137.423111,36.146167,2006,11,5,13.65,4.02,5.93,1.86,13.06,0.07
JP-Tak,137.423111,36.146167,2006,11,6,11.7,6.47,9.53,4.45,6.52,7.33
JP-Tak,137.423111,36.146167,2006,11,7,11.43,-1.08,2.11,7.11,6.36,8.68
JP-Tak,137.423111,36.146167,2006,11,8,10.99,-1.89,1.16,1.92,14.15,0.04
JP-Tak,137.423111,36.146167,2006,11,9,12.64,-0.4,3.3,2.4,13.97,0.02
JP-Tak,137.423111,36.146167,2006,11,10,13.96,5.75,8.55,2.22,10.24,0.43
JP-Tak,137.423111,36.146167,2006,11,11,10.89,1.87,7.38,3.93,3,18.25
JP-Tak,137.423111,36.146167,2006,11,12,1.32,-2.17,-2.11,6.52,5.03,2.24
JP-Tak,137.423111,36.146167,2006,11,13,8.41,-2.54,0.86,2.88,10.34,0.09
JP-Tak,137.423111,36.146167,2006,11,14,8.2,3.56,5.47,3.58,4.28,7.93
JP-Tak,137.423111,36.146167,2006,11,15,4.99,-0.69,0.02,4.23,6.81,2.72
JP-Tak,137.423111,36.146167,2006,11,16,4.93,-0.59,0.17,3.18,6.35,4.6
JP-Tak,137.423111,36.146167,2006,11,17,6.56,-1.22,-0.31,1.88,8.42,1.31
JP-Tak,137.423111,36.146167,2006,11,18,7.18,-2.09,0.09,1.47,8.59,0.37
JP-Tak,137.423111,36.146167,2006,11,19,6.35,0.65,2.36,2.03,3.52,17.12
JP-Tak,137.423111,36.146167,2006,11,20,10.34,2.38,4.93,2.9,3.4,14.14
JP-Tak,137.423111,36.146167,2006,11,21,11.09,1.3,3.2,1.95,8.69,0.04
JP-Tak,137.423111,36.146167,2006,11,22,9.08,-0.1,2.3,2.63,7.16,0.09
JP-Tak,137.423111,36.146167,2006,11,23,6.06,-0.36,1.11,2.28,6.99,0.54
JP-Tak,137.423111,36.146167,2006,11,24,5.52,-3.73,-1.58,3.65,8.72,0.22
JP-Tak,137.423111,36.146167,2006,11,25,8.32,-3.09,-1.4,1.62,12.55,0
JP-Tak,137.423111,36.146167,2006,11,26,11.35,-1.03,2.7,2.28,5.58,9.34
JP-Tak,137.423111,36.146167,2006,11,27,11.07,5.05,7.99,2.85,2.19,15.31
JP-Tak,137.423111,36.146167,2006,11,28,10.01,2.07,4.83,1.89,6.46,5.28
JP-Tak,137.423111,36.146167,2006,11,29,6.48,0.21,1.92,2.81,5.27,1.96
JP-Tak,137.423111,36.146167,2006,11,30,3.99,-2.07,-0.51,2.58,5.59,1.59
JP-Tak,137.423111,36.146167,2006,12,1,2.96,-1.99,-1.22,2.9,5.52,0.69
JP-Tak,137.423111,36.146167,2006,12,2,1.81,-3.21,-1.18,4.18,5.97,7.47
JP-Tak,137.423111,36.146167,2006,12,3,0.62,-5.47,-4.28,3.48,6.07,4.42
JP-Tak,137.423111,36.146167,2006,12,4,0.21,-5.08,-3.58,2.88,5.67,3.74
JP-Tak,137.423111,36.146167,2006,12,5,1.7,-6.93,-3.62,1.73,7.63,0.61
JP-Tak,137.423111,36.146167,2006,12,6,3.78,-3.6,-1.94,1.71,7.59,0.54
JP-Tak,137.423111,36.146167,2006,12,7,3.24,-3.43,0.01,1.81,4.12,1.05
JP-Tak,137.423111,36.146167,2006,12,8,6.12,-0.7,0.97,2.39,3.48,1.3
JP-Tak,137.423111,36.146167,2006,12,9,2.91,-0.55,1.28,1.42,2.93,10.27
JP-Tak,137.423111,36.146167,2006,12,10,2.3,-5.74,-3.25,3.37,5.36,0.79
JP-Tak,137.423111,36.146167,2006,12,11,4.48,-5.94,-3.74,1.94,9.33,0
JP-Tak,137.423111,36.146167,2006,12,12,2.95,-1.13,0.34,1.52,3.3,2.21
JP-Tak,137.423111,36.146167,2006,12,13,5.17,-2.75,0.12,1.28,4.24,5.18
JP-Tak,137.423111,36.146167,2006,12,14,4.43,0.15,0.87,1.32,3.35,5.44
JP-Tak,137.423111,36.146167,2006,12,15,5.08,-1.53,0.22,1.95,6.64,2.79
JP-Tak,137.423111,36.146167,2006,12,16,4.92,-2.34,-0.99,1.59,7.22,0.27
JP-Tak,137.423111,36.146167,2006,12,17,1.95,-3.32,-1.42,3.27,4.55,4.09
JP-Tak,137.423111,36.146167,2006,12,18,-0.89,-6.94,-5.94,3.52,6.04,2.07
JP-Tak,137.423111,36.146167,2006,12,19,1.96,-6.1,-4.87,1.2,5.95,0.18
JP-Tak,137.423111,36.146167,2006,12,20,5.26,-5.06,-3.15,1.35,9.69,0.01
JP-Tak,137.423111,36.146167,2006,12,21,5.35,-2.57,-2.11,1.3,4.73,0.07
JP-Tak,137.423111,36.146167,2006,12,22,5.44,-2.93,-1.58,2.22,3.84,0.77
JP-Tak,137.423111,36.146167,2006,12,23,2.58,-3.66,-2.06,3.74,6.34,0.66
JP-Tak,137.423111,36.146167,2006,12,24,3.05,-5.17,-4.36,2.99,6.8,0.04
JP-Tak,137.423111,36.146167,2006,12,25,5.79,-2.2,-2.16,1.21,9.77,0
JP-Tak,137.423111,36.146167,2006,12,26,4.52,-1.02,0.52,2.61,2.88,38.3
JP-Tak,137.423111,36.146167,2006,12,27,3.24,-1.11,0.93,6.34,4.1,22.42
JP-Tak,137.423111,36.146167,2006,12,28,0.7,-6.7,-3.34,6.52,4.71,6.79
JP-Tak,137.423111,36.146167,2006,12,29,-6.08,-9.4,-9.26,6.71,5.04,5.77
JP-Tak,137.423111,36.146167,2006,12,30,-4.22,-8.58,-7.9,5.3,7,1.35
JP-Tak,137.423111,36.146167,2006,12,31,-1.16,-9.13,-7.75,2.75,8.12,0.02
JP-Tak,137.423111,36.146167,2007,1,1,1.74,-7.11,-4.19,1.64,8.36,0
JP-Tak,137.423111,36.146167,2007,1,2,1.36,-3.99,-2.52,1.32,4.2,0.11
JP-Tak,137.423111,36.146167,2007,1,3,1.98,-5.7,-3.56,2.18,6.54,0.22
JP-Tak,137.423111,36.146167,2007,1,4,1.15,-6.29,-5.17,2.18,8.24,0.03
JP-Tak,137.423111,36.146167,2007,1,5,3.18,-6.21,-4.78,1.45,10.54,0.8
JP-Tak,137.423111,36.146167,2007,1,6,1.33,-3.35,-1.19,2.39,2.63,22.8
JP-Tak,137.423111,36.146167,2007,1,7,-2.21,-6.38,-5.52,9.41,1.99,17.32
JP-Tak,137.423111,36.146167,2007,1,8,-2.98,-9.29,-6.55,5.55,3.96,4.51
JP-Tak,137.423111,36.146167,2007,1,9,-3.35,-10.91,-8.89,2.77,7.69,0.43
JP-Tak,137.423111,36.146167,2007,1,10,-1.13,-9.73,-5.47,2.87,6.37,3.03
JP-Tak,137.423111,36.146167,2007,1,11,-3.13,-10.83,-7.51,2.58,6.1,0.71
JP-Tak,137.423111,36.146167,2007,1,12,-1.56,-10.8,-6.28,2.34,6.03,1.22
JP-Tak,137.423111,36.146167,2007,1,13,-2.81,-10.76,-6.64,3.7,6.01,1.35
JP-Tak,137.423111,36.146167,2007,1,14,-4.27,-12.25,-9.74,2.91,7.77,0.06
JP-Tak,137.423111,36.146167,2007,1,15,-0.85,-11.48,-8.02,1.42,10.07,0.01
JP-Tak,137.423111,36.146167,2007,1,16,0.9,-8.78,-4.66,1.43,8.67,0.6
JP-Tak,137.423111,36.146167,2007,1,17,2.04,-4.77,-1.84,1.06,4.15,4.56
JP-Tak,137.423111,36.146167,2007,1,18,0.32,-7.04,-4.04,2.72,5.24,2.31
JP-Tak,137.423111,36.146167,2007,1,19,-2.41,-9.67,-8.26,3.38,8.1,0.08
JP-Tak,137.423111,36.146167,2007,1,20,1.27,-8.44,-3.41,1.66,8.13,0
JP-Tak,137.423111,36.146167,2007,1,21,2.25,-6.9,-4.14,1.32,8.99,0.33
JP-Tak,137.423111,36.146167,2007,1,22,0.89,-6.56,-4.19,2.35,8.43,0.92
JP-Tak,137.423111,36.146167,2007,1,23,-1.27,-8.11,-7.43,3.36,9.34,0
JP-Tak,137.423111,36.146167,2007,1,24,0.05,-8.04,-6.89,2.18,7.02,0.17
JP-Tak,137.423111,36.146167,2007,1,25,-1.81,-8.3,-6.86,3.66,7.89,0.02
JP-Tak,137.423111,36.146167,2007,1,26,1.11,-8.23,-5.71,2.31,10.05,1.78
JP-Tak,137.423111,36.146167,2007,1,27,-0.07,-5.47,-3.17,3.59,6.51,4.34
JP-Tak,137.423111,36.146167,2007,1,28,0.07,-5.83,-5.26,1.68,8.35,0.93
JP-Tak,137.423111,36.146167,2007,1,29,1.61,-5.87,-5.23,1.63,9.71,0.33
JP-Tak,137.423111,36.146167,2007,1,30,3.19,-7.34,-4.19,3.03,13.06,0.12
JP-Tak,137.423111,36.146167,2007,1,31,0.93,-5.15,-3.25,3.86,8.01,1.56
JP-Tak,137.423111,36.146167,2007,2,1,-3.85,-7.55,-6.68,4.9,5.14,5.1
JP-Tak,137.423111,36.146167,2007,2,2,-4.64,-9.14,-9.05,4.5,8.69,1.53
JP-Tak,137.423111,36.146167,2007,2,3,-0.42,-8.03,-5.86,4.55,11.96,1.58
JP-Tak,137.423111,36.146167,2007,2,4,-2.26,-11.28,-8.94,6.63,12.67,2.36
JP-Tak,137.423111,36.146167,2007,2,5,4.3,-8.32,-5.12,2.22,13.97,0.12
JP-Tak,137.423111,36.146167,2007,2,6,4.26,-2.78,-0.63,3.35,9.47,0
JP-Tak,137.423111,36.146167,2007,2,7,1.49,-8.26,-6.89,3.05,12.92,0
JP-Tak,137.423111,36.146167,2007,2,8,3.47,-8.56,-6.18,1.85,11.56,0.73
JP-Tak,137.423111,36.146167,2007,2,9,6.74,0.59,2.16,1.37,6.76,2.27
JP-Tak,137.423111,36.146167,2007,2,10,3.93,-3.03,-0.5,3.3,7.97,2.71
JP-Tak,137.423111,36.146167,2007,2,11,-1.33,-7.23,-5.62,5.22,7.11,2.06
JP-Tak,137.423111,36.146167,2007,2,12,1.11,-7.15,-5.3,2.54,10.43,0.38
JP-Tak,137.423111,36.146167,2007,2,13,3.76,-6.75,-4.74,1.59,13.02,0.09
JP-Tak,137.423111,36.146167,2007,2,14,7.35,-2.62,1.73,7.4,2.75,24.96
JP-Tak,137.423111,36.146167,2007,2,15,-2.41,-7.25,-6.89,10.32,6.58,6.19
JP-Tak,137.423111,36.146167,2007,2,16,-1.41,-9.19,-7.63,5.75,11.97,0.44
JP-Tak,137.423111,36.146167,2007,2,17,2.14,-8.87,-4.76,2.05,11.19,7.86
JP-Tak,137.423111,36.146167,2007,2,18,3.57,-7.12,-1.19,2.77,5.54,14.45
JP-Tak,137.423111,36.146167,2007,2,19,1.97,-7.21,-5.31,2.86,10.24,0.05
JP-Tak,137.423111,36.146167,2007,2,20,3.34,-6.22,-3.26,2.3,15.52,0
JP-Tak,137.423111,36.146167,2007,2,21,3.48,-6.61,-4.78,2.25,14.8,0
JP-Tak,137.423111,36.146167,2007,2,22,5.02,-4.57,-2.17,2.74,15.71,0.05
JP-Tak,137.423111,36.146167,2007,2,23,4.05,-4.92,0.17,3.83,4.68,6.47
JP-Tak,137.423111,36.146167,2007,2,24,-1.06,-8.38,-8.49,6.57,11.11,0
JP-Tak,137.423111,36.146167,2007,2,25,2.89,-8.37,-5.02,1.29,15.26,0
JP-Tak,137.423111,36.146167,2007,2,26,5.52,-3.33,-2.56,1.57,16.25,0
JP-Tak,137.423111,36.146167,2007,2,27,4.48,-3.21,-0.19,2.45,12.17,1.35
JP-Tak,137.423111,36.146167,2007,2,28,1.25,-6.25,-4.47,6.07,10.01,2.36
JP-Tak,137.423111,36.146167,2007,3,1,5.36,-7.96,-6.1,3.24,16.58,0
JP-Tak,137.423111,36.146167,2007,3,2,5.86,-2.85,-3.97,1.24,14.24,0
JP-Tak,137.423111,36.146167,2007,3,3,8.47,-1.24,-0.52,1.21,10.26,0
JP-Tak,137.423111,36.146167,2007,3,4,11.22,2.6,4.58,2.24,14.03,0.21
JP-Tak,137.423111,36.146167,2007,3,5,9.92,0.72,5.79,8.32,4.7,12.1
JP-Tak,137.423111,36.146167,2007,3,6,0,-7.32,-5.21,6.77,10.22,1.56
JP-Tak,137.423111,36.146167,2007,3,7,-1.57,-7.3,-7.52,5.7,10.09,5.58
JP-Tak,137.423111,36.146167,2007,3,8,-1.57,-7.19,-6.88,4.24,9.79,4.71
JP-Tak,137.423111,36.146167,2007,3,9,1.62,-6.84,-6.31,2.02,15.52,0.41
JP-Tak,137.423111,36.146167,2007,3,10,3.61,-7.09,-4.52,3.29,15.86,1.76
JP-Tak,137.423111,36.146167,2007,3,11,-0.31,-7.13,-5.19,6.96,11.68,17.29
JP-Tak,137.423111,36.146167,2007,3,12,-4.66,-8.55,-7.94,8.08,10.16,4.59
JP-Tak,137.423111,36.146167,2007,3,13,-3.18,-9.27,-7.41,5.8,12.31,1.84
JP-Tak,137.423111,36.146167,2007,3,14,-3.74,-10.14,-8.75,5.28,15.82,0.11
JP-Tak,137.423111,36.146167,2007,3,15,-1.6,-11.5,-8.77,2.2,11.31,0
JP-Tak,137.423111,36.146167,2007,3,16,0.6,-10.64,-7.87,2.93,15.39,0
JP-Tak,137.423111,36.146167,2007,3,17,-2.05,-9.86,-8.21,4.05,14.41,0.03
JP-Tak,137.423111,36.146167,2007,3,18,-2.84,-12.29,-10.1,4.2,15.79,0.13
JP-Tak,137.423111,36.146167,2007,3,19,-2.58,-12.36,-9.23,4.12,17.02,0.05
JP-Tak,137.423111,36.146167,2007,3,20,-0.72,-11.39,-8.4,3.46,14.82,0.36
JP-Tak,137.423111,36.146167,2007,3,21,2.75,-10.86,-7.21,1.93,18.91,0
JP-Tak,137.423111,36.146167,2007,3,22,4.05,-5.2,-2.38,3.16,8.7,1.76
JP-Tak,137.423111,36.146167,2007,3,23,6.86,-5.66,-3.37,2.59,18.57,0
JP-Tak,137.423111,36.146167,2007,3,24,7.56,-1.68,2.08,5.67,8.23,14.71
JP-Tak,137.423111,36.146167,2007,3,25,8.52,-2.29,4.54,3.59,5.65,25.43
JP-Tak,137.423111,36.146167,2007,3,26,7.06,-3.17,-2.57,3.38,16.51,0.26
JP-Tak,137.423111,36.146167,2007,3,27,6.5,-0.07,0.01,2.32,7.29,0.14
JP-Tak,137.423111,36.146167,2007,3,28,9.41,-0.75,0.22,2.91,19.19,0.36
JP-Tak,137.423111,36.146167,2007,3,29,9.17,-0.67,3.44,4.53,12.54,0.83
JP-Tak,137.423111,36.146167,2007,3,30,8.69,-3.02,2.22,6.36,10.21,11.68
JP-Tak,137.423111,36.146167,2007,3,31,8.5,-3.4,2.01,5.55,5.69,11.97
JP-Tak,137.423111,36.146167,2007,4,1,11.4,3.66,3.88,3.68,14.94,2.78
JP-Tak,137.423111,36.146167,2007,4,2,11.25,-1.37,1.21,2.48,12.86,0.39
JP-Tak,137.423111,36.146167,2007,4,3,3.44,-5.94,-3.6,3.39,12.4,0.6
JP-Tak,137.423111,36.146167,2007,4,4,0.96,-5.93,-5.49,3.56,13.65,1.81
JP-Tak,137.423111,36.146167,2007,4,5,3.61,-5.83,-5.24,3.46,20.03,0
JP-Tak,137.423111,36.146167,2007,4,6,7.31,-2.52,-3.37,2.19,22.37,0
JP-Tak,137.423111,36.146167,2007,4,7,8.51,-0.65,0.66,1.54,17.98,1.51
JP-Tak,137.423111,36.146167,2007,4,8,9.29,-2.14,-0.04,1.85,17.72,0.04
JP-Tak,137.423111,36.146167,2007,4,9,7.03,-2.47,-0.77,2.45,15.44,0.58
JP-Tak,137.423111,36.146167,2007,4,10,9.69,-2.72,-3.43,2.48,21.97,0
JP-Tak,137.423111,36.146167,2007,4,11,8.62,-0.99,0.06,2.38,14.2,0.09
JP-Tak,137.423111,36.146167,2007,4,12,10.86,-1.47,-0.88,2.23,23.5,0.06
JP-Tak,137.423111,36.146167,2007,4,13,9.73,1.07,5.42,5.16,13.4,4.89
JP-Tak,137.423111,36.146167,2007,4,14,8.04,-0.61,3.03,6.06,17.12,7.82
JP-Tak,137.423111,36.146167,2007,4,15,11.74,-1.05,0.33,2.43,21.05,0
JP-Tak,137.423111,36.146167,2007,4,16,8.57,0.56,1.85,2.1,6.43,2.56
JP-Tak,137.423111,36.146167,2007,4,17,8.52,-0.95,-0.01,3.53,11.09,1.28
JP-Tak,137.423111,36.146167,2007,4,18,3.95,-1.25,-0.87,1.75,11.38,4.29
JP-Tak,137.423111,36.146167,2007,4,19,10.24,-2.46,-0.59,2.86,17.82,0.54
JP-Tak,137.423111,36.146167,2007,4,20,11.77,-2.08,2.97,4.46,21.34,0.01
JP-Tak,137.423111,36.146167,2007,4,21,12.08,6.99,7.99,4.4,7.19,0.27
JP-Tak,137.423111,36.146167,2007,4,22,14.29,8.22,10.13,4.97,5.82,5.68
JP-Tak,137.423111,36.146167,2007,4,23,9.52,4.13,3.97,2.97,14.07,1.15
JP-Tak,137.423111,36.146167,2007,4,24,11.25,3.71,5.25,2.77,17.85,2.12
JP-Tak,137.423111,36.146167,2007,4,25,10.87,0.24,5.39,2.93,9.05,4.47
JP-Tak,137.423111,36.146167,2007,4,26,9.19,-2.97,1.11,5.02,13.22,0.49
JP-Tak,137.423111,36.146167,2007,4,27,10.91,-4.51,-4.07,2.6,25.87,0
JP-Tak,137.423111,36.146167,2007,4,28,10.78,-2.09,2.3,3.81,12.09,3.76
JP-Tak,137.423111,36.146167,2007,4,29,14.29,-2.05,-2.18,2.34,26.16,0
JP-Tak,137.423111,36.146167,2007,4,30,17.86,3.66,1.27,1.51,26.54,0
JP-Tak,137.423111,36.146167,2007,5,1,10.35,5.34,6.6,4.9,8.32,7.86
JP-Tak,137.423111,36.146167,2007,5,2,12.15,2.88,6.99,4.54,8.34,5.65
JP-Tak,137.423111,36.146167,2007,5,3,14.55,0.48,3.63,2.55,21.9,0
JP-Tak,137.423111,36.146167,2007,5,4,16.23,4.78,7.09,3.44,23.6,0
JP-Tak,137.423111,36.146167,2007,5,5,17.87,7.93,9.32,2.69,20.55,0.01
JP-Tak,137.423111,36.146167,2007,5,6,12.14,6.89,8.66,2.46,4.44,20.28
JP-Tak,137.423111,36.146167,2007,5,7,17.57,5.23,5.37,2.62,21.19,0.65
JP-Tak,137.423111,36.146167,2007,5,8,19.21,5.08,3.36,2.78,23.12,0
JP-Tak,137.423111,36.146167,2007,5,9,20.48,7.77,5.83,2.8,22.51,0
JP-Tak,137.423111,36.146167,2007,5,10,13.42,2.2,5.79,5.42,8.68,13.93
JP-Tak,137.423111,36.146167,2007,5,11,10.66,0.62,1.11,6.59,26.13,0.16
JP-Tak,137.423111,36.146167,2007,5,12,17.88,0.33,2.15,2.4,21.52,0
JP-Tak,137.423111,36.146167,2007,5,13,12.38,0.84,4.41,4.75,18.09,0
JP-Tak,137.423111,36.146167,2007,5,14,17.52,0.16,2.31,2.22,26.59,0
JP-Tak,137.423111,36.146167,2007,5,15,12.19,1.58,3.77,3.3,17.23,0.07
JP-Tak,137.423111,36.146167,2007,5,16,15.55,1.49,3.75,2.9,21.04,0.25
JP-Tak,137.423111,36.146167,2007,5,17,14.66,5.7,7.51,7.43,8.39,16.81
JP-Tak,137.423111,36.146167,2007,5,18,15.61,4.77,8.51,5.57,17.66,3.3
JP-Tak,137.423111,36.146167,2007,5,19,14.32,3.76,7.14,4.54,10.91,8.99
JP-Tak,137.423111,36.146167,2007,5,20,10.62,2.86,3.47,4.69,17.39,0.47
JP-Tak,137.423111,36.146167,2007,5,21,17.18,3.73,7.76,2.65,29.42,0
JP-Tak,137.423111,36.146167,2007,5,22,19.58,7.03,7.45,1.25,26.89,0
JP-Tak,137.423111,36.146167,2007,5,23,20.08,6.25,8.58,1.59,27.79,0
JP-Tak,137.423111,36.146167,2007,5,24,21.52,9.8,10.71,2.22,24.68,0.08
JP-Tak,137.423111,36.146167,2007,5,25,17.2,8.3,12.41,4.68,4.43,46.55
JP-Tak,137.423111,36.146167,2007,5,26,17.52,5.37,5.77,4.15,25.11,0
JP-Tak,137.423111,36.146167,2007,5,27,16.97,3.37,5.36,4.44,21.38,0
JP-Tak,137.423111,36.146167,2007,5,28,16.93,1.79,6.37,2.65,25.87,0.02
JP-Tak,137.423111,36.146167,2007,5,29,17.85,7,8.37,2.15,23.81,0.01
JP-Tak,137.423111,36.146167,2007,5,30,17.53,5.4,8.47,2.15,10.02,4.27
JP-Tak,137.423111,36.146167,2007,5,31,14.69,7.18,8.67,2.54,8.7,3.77
JP-Tak,137.423111,36.146167,2007,6,1,18.84,7.17,8.49,1.94,19.16,0.05
JP-Tak,137.423111,36.146167,2007,6,2,18.59,9.26,9.92,1.8,23.82,0.01
JP-Tak,137.423111,36.146167,2007,6,3,17.93,8.04,10.05,1.32,18.7,0.06
JP-Tak,137.423111,36.146167,2007,6,4,19.11,9.34,10.73,1.12,24.28,0
JP-Tak,137.423111,36.146167,2007,6,5,17.39,10.1,10.53,1.84,18.66,0.11
JP-Tak,137.423111,36.146167,2007,6,6,18.81,9.69,11.78,2.58,17.01,2.65
JP-Tak,137.423111,36.146167,2007,6,7,19.78,10.26,11.16,2.25,21.78,3.69
JP-Tak,137.423111,36.146167,2007,6,8,17.78,11.29,12.1,3.09,13.08,12.66
JP-Tak,137.423111,36.146167,2007,6,9,15.72,11.05,11.79,2.29,7.93,22.96
JP-Tak,137.423111,36.146167,2007,6,10,16.27,8.55,9.91,0.85,10.12,5.19
JP-Tak,137.423111,36.146167,2007,6,11,20.66,8.98,11.45,1.75,19.61,0.11
JP-Tak,137.423111,36.146167,2007,6,12,21.85,10.41,12.57,1.64,24.58,0
JP-Tak,137.423111,36.146167,2007,6,13,21.7,9.39,11.89,2.09,25.49,0.03
JP-Tak,137.423111,36.146167,2007,6,14,16.85,12.02,12.97,3.02,9.94,12.39
JP-Tak,137.423111,36.146167,2007,6,15,19.55,8.14,12.52,3.63,13.67,2.53
JP-Tak,137.423111,36.146167,2007,6,16,22.4,7.15,7.94,3.08,29.96,0
JP-Tak,137.423111,36.146167,2007,6,17,22.64,9.6,11,1.68,26.18,0.01
JP-Tak,137.423111,36.146167,2007,6,18,19.45,12.91,13.47,1.75,14.45,1.47
JP-Tak,137.423111,36.146167,2007,6,19,22.5,12.66,14.76,1.27,18.84,0.06
JP-Tak,137.423111,36.146167,2007,6,20,22.8,11.83,14.02,2.32,18.89,0.46
JP-Tak,137.423111,36.146167,2007,6,21,22.6,13.52,15.49,2.67,8.17,1.93
JP-Tak,137.423111,36.146167,2007,6,22,20.07,14.48,16.08,3.43,3.94,39.02
JP-Tak,137.423111,36.146167,2007,6,23,23.32,12.31,13.38,1.46,24.27,0.07
JP-Tak,137.423111,36.146167,2007,6,24,18.57,13.04,14.15,2.24,4.25,26.11
JP-Tak,137.423111,36.146167,2007,6,25,22.22,12.91,15.55,2.97,8.75,3.64
JP-Tak,137.423111,36.146167,2007,6,26,22.7,14.26,15.76,2.32,12.89,1.46
JP-Tak,137.423111,36.146167,2007,6,27,23.99,13.93,15.16,1.27,17.07,0
JP-Tak,137.423111,36.146167,2007,6,28,23.77,13.99,16.39,1.96,18.65,0.7
JP-Tak,137.423111,36.146167,2007,6,29,21.52,16.14,17.76,4.43,4.91,27.06
JP-Tak,137.423111,36.146167,2007,6,30,23.54,13.9,16.12,3,10.28,4.51
JP-Tak,137.423111,36.146167,2007,7,1,22.51,12.89,15.42,2.09,12.75,0.51
JP-Tak,137.423111,36.146167,2007,7,2,21.9,15.3,16.93,2.77,6.36,14.36
JP-Tak,137.423111,36.146167,2007,7,3,24.44,14.34,16.37,1.88,12.39,2.28
JP-Tak,137.423111,36.146167,2007,7,4,20.02,15.8,17,3.37,8.07,22.61
JP-Tak,137.423111,36.146167,2007,7,5,20.6,13.03,14.73,3.64,16.8,2.82
JP-Tak,137.423111,36.146167,2007,7,6,21.99,12.75,14.67,2.08,17.21,0.03
JP-Tak,137.423111,36.146167,2007,7,7,22.7,14.25,15.58,1.19,17.55,0.26
JP-Tak,137.423111,36.146167,2007,7,8,23.61,15.13,15.94,1.56,19.69,0.72
JP-Tak,137.423111,36.146167,2007,7,9,23.36,14.15,15.62,1.44,17.64,0.35
JP-Tak,137.423111,36.146167,2007,7,10,19.99,14.09,15.69,3.11,6.28,16.49
JP-Tak,137.423111,36.146167,2007,7,11,20.21,15.92,17.37,3.84,7.11,13.22
JP-Tak,137.423111,36.146167,2007,7,12,20.38,15.42,17.11,2.57,7.01,16.11
JP-Tak,137.423111,36.146167,2007,7,13,19.56,14.73,16.1,1.56,6.63,2.87
JP-Tak,137.423111,36.146167,2007,7,14,19.88,15.76,16.79,3.05,8.6,61.92
JP-Tak,137.423111,36.146167,2007,7,15,25.68,16.94,19.08,4.68,12.7,29.3
JP-Tak,137.423111,36.146167,2007,7,16,25.63,15.46,17.73,2.05,13.54,0.88
JP-Tak,137.423111,36.146167,2007,7,17,23.6,15.81,17.45,2.45,8.07,13.34
JP-Tak,137.423111,36.146167,2007,7,18,23.8,14.31,16.64,1.3,12.6,2.22
JP-Tak,137.423111,36.146167,2007,7,19,23.4,14.85,16.54,2.13,17.2,0.8
JP-Tak,137.423111,36.146167,2007,7,20,20.02,14.56,16.03,2.7,4.44,5.84
JP-Tak,137.423111,36.146167,2007,7,21,23.34,15.89,17.87,2.2,9.07,6.55
JP-Tak,137.423111,36.146167,2007,7,22,25.49,17.57,18.79,1.5,9.57,1.01
JP-Tak,137.423111,36.146167,2007,7,23,24.62,15.28,17.58,1.94,12.92,0.73
JP-Tak,137.423111,36.146167,2007,7,24,25.4,13.38,15.39,1.71,28.05,0.01
JP-Tak,137.423111,36.146167,2007,7,25,23.75,15.85,17.55,1.9,9.99,1.99
JP-Tak,137.423111,36.146167,2007,7,26,25.18,16.39,18.07,2.65,10.29,3.41
JP-Tak,137.423111,36.146167,2007,7,27,25.94,14.79,16,1.77,23.63,0
JP-Tak,137.423111,36.146167,2007,7,28,24.55,15.09,16.78,2.71,14.52,0.07
JP-Tak,137.423111,36.146167,2007,7,29,24.97,15.02,16.78,2.04,13.39,0.77
JP-Tak,137.423111,36.146167,2007,7,30,18.81,14.4,15.39,1.68,12.63,20.67
JP-Tak,137.423111,36.146167,2007,7,31,22.26,11.67,13.11,1.9,23.54,1.25
JP-Tak,137.423111,36.146167,2007,8,1,23.36,9.71,13.9,2.76,27.73,0
JP-Tak,137.423111,36.146167,2007,8,2,24.98,16.33,18.19,4.08,22.12,0.22
JP-Tak,137.423111,36.146167,2007,8,3,22.32,17.59,17.75,7.37,15.18,4.53
JP-Tak,137.423111,36.146167,2007,8,4,23.26,18.49,19.27,3.52,9.38,5.12
JP-Tak,137.423111,36.146167,2007,8,5,25.76,17.63,18.68,1.8,21.07,0.83
JP-Tak,137.423111,36.146167,2007,8,6,25.75,17.4,18.39,1.73,21.79,2.88
JP-Tak,137.423111,36.146167,2007,8,7,23.56,16.72,18.07,1.62,19.15,0.04
JP-Tak,137.423111,36.146167,2007,8,8,24.25,16.75,18.13,2.12,21.92,0.01
JP-Tak,137.423111,36.146167,2007,8,9,25.66,16.04,18.33,2,23.57,0
JP-Tak,137.423111,36.146167,2007,8,10,28.16,16.72,18.39,1,24.37,0.02
JP-Tak,137.423111,36.146167,2007,8,11,27.88,18.46,19.38,1.3,24.8,0.51
JP-Tak,137.423111,36.146167,2007,8,12,27.35,16.94,18,1.83,25.5,0
JP-Tak,137.423111,36.146167,2007,8,13,27.57,16.24,18.52,2.36,24.18,0
JP-Tak,137.423111,36.146167,2007,8,14,27.41,16.98,19.49,2.14,23.42,0.06
JP-Tak,137.423111,36.146167,2007,8,15,28.92,19.09,20.09,1.13,22.29,0.03
JP-Tak,137.423111,36.146167,2007,8,16,28.92,19.2,19.67,1.59,22.75,0.54
JP-Tak,137.423111,36.146167,2007,8,17,26.63,17.64,18.51,2.41,19.03,0.01
JP-Tak,137.423111,36.146167,2007,8,18,26.6,16.44,18.47,1.62,17.97,0.4
JP-Tak,137.423111,36.146167,2007,8,19,25.02,17.73,18.99,2.06,20.13,8.57
JP-Tak,137.423111,36.146167,2007,8,20,24.3,17.53,18.01,1.63,23.7,1.91
JP-Tak,137.423111,36.146167,2007,8,21,24.48,15.93,18.32,2.72,20.42,1.27
JP-Tak,137.423111,36.146167,2007,8,22,24.21,16.81,18.9,3.33,8.64,18.55
JP-Tak,137.423111,36.146167,2007,8,23,21.57,15.81,17.1,1.69,15.32,22.95
JP-Tak,137.423111,36.146167,2007,8,24,24.87,15.09,16.14,2.08,24.14,0.12
JP-Tak,137.423111,36.146167,2007,8,25,25.7,14.65,16.85,1.65,24.01,0
JP-Tak,137.423111,36.146167,2007,8,26,26.17,14.4,15.28,1.4,20.03,0
JP-Tak,137.423111,36.146167,2007,8,27,25.57,15.21,17.39,1.63,16.78,0.07
JP-Tak,137.423111,36.146167,2007,8,28,22.39,17.53,18.78,2.36,5.44,8.26
JP-Tak,137.423111,36.146167,2007,8,29,21.82,16.37,17.3,1.57,12.13,3.85
JP-Tak,137.423111,36.146167,2007,8,30,20.5,15.24,17.42,2.45,6.27,14.98
JP-Tak,137.423111,36.146167,2007,8,31,22.5,14.3,16.13,4.32,6.52,10.64
JP-Tak,137.423111,36.146167,2007,9,1,23.32,13.48,15.43,1.61,15.38,0.05
JP-Tak,137.423111,36.146167,2007,9,2,23.82,14.65,17.05,2.81,9.66,0.35
JP-Tak,137.423111,36.146167,2007,9,3,24.47,14.8,17.28,1.32,19.33,0.4
JP-Tak,137.423111,36.146167,2007,9,4,26.29,16.42,18.29,1.3,16.68,0.93
JP-Tak,137.423111,36.146167,2007,9,5,26.03,16.73,18.27,2.22,13.46,4.4
JP-Tak,137.423111,36.146167,2007,9,6,23.48,17.72,18.2,5.71,8.76,19.53
JP-Tak,137.423111,36.146167,2007,9,7,24.15,17.19,18.98,5.32,10.19,14.52
JP-Tak,137.423111,36.146167,2007,9,8,24.68,15.39,17.44,2.04,12.09,0.88
JP-Tak,137.423111,36.146167,2007,9,9,24.69,13.71,17.09,2.48,16.52,8.72
JP-Tak,137.423111,36.146167,2007,9,10,22.15,15.72,17.12,1.66,6.84,8.92
JP-Tak,137.423111,36.146167,2007,9,11,23.32,14.52,13.88,1.09,20.96,21.95
JP-Tak,137.423111,36.146167,2007,9,12,20.36,14.28,15.1,1.88,17.32,22.22
JP-Tak,137.423111,36.146167,2007,9,13,23.88,14.57,15.77,1.36,19.76,0.02
JP-Tak,137.423111,36.146167,2007,9,14,23.7,15.39,17.09,1.97,13.26,1.56
JP-Tak,137.423111,36.146167,2007,9,15,23.72,14.87,17,3.6,15.9,0.53
JP-Tak,137.423111,36.146167,2007,9,16,24.34,16.73,18.4,3.36,13.4,10.94
JP-Tak,137.423111,36.146167,2007,9,17,23.81,17.97,19.08,4.62,12.03,3.45
JP-Tak,137.423111,36.146167,2007,9,18,24.06,15.87,16.66,2.24,13.83,0.94
JP-Tak,137.423111,36.146167,2007,9,19,25.15,15.47,17.52,1.79,18.63,0
JP-Tak,137.423111,36.146167,2007,9,20,27.38,14.46,16.3,1.11,22.23,0
JP-Tak,137.423111,36.146167,2007,9,21,25.97,14.62,16.4,1.29,21.5,0
JP-Tak,137.423111,36.146167,2007,9,22,25.48,15.45,17.47,1.21,16.49,0.56
JP-Tak,137.423111,36.146167,2007,9,23,19.96,15.88,16.35,1.26,11.69,5.28
JP-Tak,137.423111,36.146167,2007,9,24,18.69,14.87,15.44,1.34,11.88,4.86
JP-Tak,137.423111,36.146167,2007,9,25,21.49,10.35,13.6,2.74,10.42,2.41
JP-Tak,137.423111,36.146167,2007,9,26,20.33,9.65,12.01,2.18,18.66,0
JP-Tak,137.423111,36.146167,2007,9,27,21.66,11.38,14.54,2.6,15.33,0.08
JP-Tak,137.423111,36.146167,2007,9,28,22.53,13.66,15.75,3.55,9.24,2.69
JP-Tak,137.423111,36.146167,2007,9,29,18.95,11.03,12.04,1.71,9.49,2.79
JP-Tak,137.423111,36.146167,2007,9,30,15.53,12.17,12.54,0.95,4.02,26.11
JP-Tak,137.423111,36.146167,2007,10,1,15.34,11.02,12.08,1.23,7.71,3.93
JP-Tak,137.423111,36.146167,2007,10,2,19.5,11.99,12.64,1.09,10.85,0.89
JP-Tak,137.423111,36.146167,2007,10,3,17.31,12.11,12.71,1.71,13.76,0.7
JP-Tak,137.423111,36.146167,2007,10,4,19.37,11.19,12.77,1.42,13.77,6.68
JP-Tak,137.423111,36.146167,2007,10,5,18.65,9.98,11.37,2.45,11.31,10.04
JP-Tak,137.423111,36.146167,2007,10,6,17.49,9.48,9.63,1.27,14.56,0
JP-Tak,137.423111,36.146167,2007,10,7,17.02,8.39,10.35,2.63,15.59,0.31
JP-Tak,137.423111,36.146167,2007,10,8,19.05,11.45,14.48,4.18,3.67,21.71
JP-Tak,137.423111,36.146167,2007,10,9,16.12,6.19,8.82,2.42,9.44,2.89
JP-Tak,137.423111,36.146167,2007,10,10,18.2,5.86,7.44,1.06,17.76,0.02
JP-Tak,137.423111,36.146167,2007,10,11,16.44,8.43,9.93,1.88,9.55,0
JP-Tak,137.423111,36.146167,2007,10,12,17.31,6.86,7.84,2.58,10.78,0
JP-Tak,137.423111,36.146167,2007,10,13,14.88,6.66,6.66,1.83,14.25,0
JP-Tak,137.423111,36.146167,2007,10,14,14.55,6.89,6.91,1.39,13.33,0.01
JP-Tak,137.423111,36.146167,2007,10,15,14.97,4.97,6.83,1.82,11.62,0.27
JP-Tak,137.423111,36.146167,2007,10,16,14.4,7.48,7.81,0.9,8.72,0.52
JP-Tak,137.423111,36.146167,2007,10,17,14.49,5.09,6.76,1.69,12.88,0.42
JP-Tak,137.423111,36.146167,2007,10,18,13.29,6.77,7.44,1.77,8.92,0.19
JP-Tak,137.423111,36.146167,2007,10,19,11.77,4.98,6.87,2.39,3.6,23.67
JP-Tak,137.423111,36.146167,2007,10,20,11.07,1.13,3.66,3.92,9.14,2.88
JP-Tak,137.423111,36.146167,2007,10,21,11.58,0.5,1.95,2.97,15.75,0.1
JP-Tak,137.423111,36.146167,2007,10,22,14.53,3.04,3.23,1.72,14.91,0.01
JP-Tak,137.423111,36.146167,2007,10,23,14.25,3.71,5.67,2.63,11.15,0.11
JP-Tak,137.423111,36.146167,2007,10,24,15.17,3.24,5.63,1.83,17.06,0
JP-Tak,137.423111,36.146167,2007,10,25,16.59,3.26,6.4,1.6,15.28,0
JP-Tak,137.423111,36.146167,2007,10,26,17.14,6.73,11.98,3.08,3,20.07
JP-Tak,137.423111,36.146167,2007,10,27,13.61,7.32,9.58,3.76,1.76,30.85
JP-Tak,137.423111,36.146167,2007,10,28,16.93,4.46,6.32,3.12,14.93,0.18
JP-Tak,137.423111,36.146167,2007,10,29,13.97,6.4,9.36,4.04,6.37,0.49
JP-Tak,137.423111,36.146167,2007,10,30,15.12,5.3,6.41,1.6,8.32,0.83
JP-Tak,137.423111,36.146167,2007,10,31,15.53,4.69,5.2,1.54,13.2,0.1
JP-Tak,137.423111,36.146167,2007,11,1,12,5.12,7.41,2.71,3.75,1
JP-Tak,137.423111,36.146167,2007,11,2,10.95,3.17,4.21,2.46,7.52,0.24
JP-Tak,137.423111,36.146167,2007,11,3,12.85,3.08,3.93,1.95,13.59,0.01
JP-Tak,137.423111,36.146167,2007,11,4,13.36,1.26,3.96,1.59,9.65,0.07
JP-Tak,137.423111,36.146167,2007,11,5,13.83,3.21,5.4,1.61,10.05,1.73
JP-Tak,137.423111,36.146167,2007,11,6,12.51,5.68,6.76,2.38,3.66,5.33
JP-Tak,137.423111,36.146167,2007,11,7,13.42,2.22,3.01,1.83,13.3,0
JP-Tak,137.423111,36.146167,2007,11,8,12.04,2.52,3.74,1.71,11.61,0
JP-Tak,137.423111,36.146167,2007,11,9,12.55,3.65,4.3,1.21,10.45,1.4
JP-Tak,137.423111,36.146167,2007,11,10,9.58,5.73,6.83,1.47,6.79,5.4
JP-Tak,137.423111,36.146167,2007,11,11,9.94,2.92,5.77,2.63,2.89,11.91
JP-Tak,137.423111,36.146167,2007,11,12,4.88,2.43,2.95,5.5,5.56,18.19
JP-Tak,137.423111,36.146167,2007,11,13,9.98,1.53,3.61,3.65,7.61,2.15
JP-Tak,137.423111,36.146167,2007,11,14,11.41,1.31,2.04,1.7,11.8,0.03
JP-Tak,137.423111,36.146167,2007,11,15,9.6,1.34,3.82,3.07,5.91,1.8
JP-Tak,137.423111,36.146167,2007,11,16,4.54,-2.25,-2.32,2.25,6.37,0.1
JP-Tak,137.423111,36.146167,2007,11,17,6.34,-1.48,-0.24,2.74,12.59,0.49
JP-Tak,137.423111,36.146167,2007,11,18,3.56,-4.96,-1.18,5.61,4.73,6.36
JP-Tak,137.423111,36.146167,2007,11,19,2.65,-5.56,-5.68,3.34,9.89,0.95
JP-Tak,137.423111,36.146167,2007,11,20,4.29,-4.04,-0.76,4.31,6.41,2.15
JP-Tak,137.423111,36.146167,2007,11,21,1.34,-4.47,-2.6,4.44,6.76,5.57
JP-Tak,137.423111,36.146167,2007,11,22,-0.21,-5.98,-5.32,5.03,6.44,2.2
JP-Tak,137.423111,36.146167,2007,11,23,1.73,-5.86,-5.47,3.82,9.58,0.02
JP-Tak,137.423111,36.146167,2007,11,24,5.87,-3.77,-1.19,2.01,9.04,0.28
JP-Tak,137.423111,36.146167,2007,11,25,9.39,0.33,1.61,1.67,11.58,0
JP-Tak,137.423111,36.146167,2007,11,26,8.21,0.54,2.39,1.97,10.82,0
JP-Tak,137.423111,36.146167,2007,11,27,5.31,0.5,1,2.2,3.21,0.31
JP-Tak,137.423111,36.146167,2007,11,28,7.87,-0.67,-0.95,1.43,10.47,0.07
JP-Tak,137.423111,36.146167,2007,11,29,8.36,-1.4,-0.41,2.37,6.11,0
JP-Tak,137.423111,36.146167,2007,11,30,6.06,-0.83,2.11,1.77,9.86,0.51
JP-Tak,137.423111,36.146167,2007,12,1,6.06,0,0.75,2.1,7.73,2.29
JP-Tak,137.423111,36.146167,2007,12,2,4.45,-2.11,-0.15,3.07,7.64,1.07
JP-Tak,137.423111,36.146167,2007,12,3,4.31,-1.12,1.11,3.51,3.22,9.11
JP-Tak,137.423111,36.146167,2007,12,4,1.64,-5.21,-2.95,4.06,4.9,4.18
JP-Tak,137.423111,36.146167,2007,12,5,-0.23,-5.04,-4.67,4.01,5.24,2.16
JP-Tak,137.423111,36.146167,2007,12,6,3.16,-4.2,-2.49,3.06,8.19,0.72
JP-Tak,137.423111,36.146167,2007,12,7,3.3,-2.35,-0.8,3.57,5.51,1.85
JP-Tak,137.423111,36.146167,2007,12,8,3.93,-2.48,-1.46,2.27,7.39,1.64
JP-Tak,137.423111,36.146167,2007,12,9,0.56,-4.02,-3.46,4.4,4.39,2.19
JP-Tak,137.423111,36.146167,2007,12,10,3.05,-4.87,-2.13,2.07,7.38,0.1
JP-Tak,137.423111,36.146167,2007,12,11,3.3,-1.05,0.95,1.97,3.53,2.12
JP-Tak,137.423111,36.146167,2007,12,12,6.33,0.53,1.78,1.93,5.95,2.47
JP-Tak,137.423111,36.146167,2007,12,13,3.99,-0.87,1.44,3.24,2.56,9.32
JP-Tak,137.423111,36.146167,2007,12,14,1.27,-4.05,-2.84,4.15,4.78,2.71
JP-Tak,137.423111,36.146167,2007,12,15,0.27,-3.96,-3.12,3.57,3.6,6.32
JP-Tak,137.423111,36.146167,2007,12,16,-2.38,-6.93,-5.83,4.26,5.56,3.17
JP-Tak,137.423111,36.146167,2007,12,17,-0.02,-6.75,-3.39,2.86,5.26,2.43
JP-Tak,137.423111,36.146167,2007,12,18,0.56,-5.37,-2.55,3.75,3.05,5.76
JP-Tak,137.423111,36.146167,2007,12,19,1.15,-6.51,-4.84,1.54,6.18,0.39
JP-Tak,137.423111,36.146167,2007,12,20,0.07,-5.75,-3.94,2.88,5.68,2.13
JP-Tak,137.423111,36.146167,2007,12,21,1.3,-4.55,-3.12,2.42,5.83,2.06
JP-Tak,137.423111,36.146167,2007,12,22,1.47,-2.95,-2.35,1.4,3.15,7.85
JP-Tak,137.423111,36.146167,2007,12,23,4.52,-1.01,0.52,2.21,6.08,8.04
JP-Tak,137.423111,36.146167,2007,12,24,0.7,-5.98,-3.21,5.17,5.96,2.41
JP-Tak,137.423111,36.146167,2007,12,25,-0.01,-6.56,-5.42,2.05,5.69,0
JP-Tak,137.423111,36.146167,2007,12,26,3.9,-6.27,-5.94,1.82,8.75,0
JP-Tak,137.423111,36.146167,2007,12,27,4.28,-6.3,-4.29,1.15,9.95,0
JP-Tak,137.423111,36.146167,2007,12,28,4.71,-1.47,-1.91,2.5,2.96,15.52
JP-Tak,137.423111,36.146167,2007,12,29,4.8,-0.61,2.34,2.78,3.04,11.09
JP-Tak,137.423111,36.146167,2007,12,30,-0.53,-6.68,-4.69,5.76,3.35,9.15
JP-Tak,137.423111,36.146167,2007,12,31,-4.44,-6.46,-6.64,7.35,3.38,12.14
JP-Tak,137.423111,36.146167,2008,1,1,-5.19,-8.57,-7.38,4.31,3.36,7.69
JP-Tak,137.423111,36.146167,2008,1,2,-3.49,-9.05,-7.62,3.77,6.33,2.19
JP-Tak,137.423111,36.146167,2008,1,3,-2.62,-7.75,-5.71,3.02,6.33,4.38
JP-Tak,137.423111,36.146167,2008,1,4,-1.72,-10.98,-6.87,3.01,5.63,1.38
JP-Tak,137.423111,36.146167,2008,1,5,-0.95,-8.74,-6.29,2.45,6.76,0.37
JP-Tak,137.423111,36.146167,2008,1,6,0.6,-5.27,-2.86,3.9,7.31,0.01
JP-Tak,137.423111,36.146167,2008,1,7,1.64,-4.22,-2.13,1.49,5.98,0.36
JP-Tak,137.423111,36.146167,2008,1,8,1.18,-2.01,-1.13,3.55,5.45,0.84
JP-Tak,137.423111,36.146167,2008,1,9,1.08,-4.28,-2.85,2.76,7.45,0.54
JP-Tak,137.423111,36.146167,2008,1,10,1.02,-6.47,-4.17,1.94,7.29,0.03
JP-Tak,137.423111,36.146167,2008,1,11,3.81,-3.83,-0.1,1.77,5.22,5.85
JP-Tak,137.423111,36.146167,2008,1,12,4.13,-6.53,-0.57,3.76,1.71,17.15
JP-Tak,137.423111,36.146167,2008,1,13,-6.52,-11.5,-10.98,6.56,7.22,0.31
JP-Tak,137.423111,36.146167,2008,1,14,-3.18,-10.34,-9.91,3.19,8.88,0.08
JP-Tak,137.423111,36.146167,2008,1,15,-0.09,-11.29,-8.46,1.64,11.11,0.05
JP-Tak,137.423111,36.146167,2008,1,16,-1.28,-9.86,-6.69,2.51,6.93,1.01
JP-Tak,137.423111,36.146167,2008,1,17,-7.11,-10.55,-10.87,4.52,6.93,1.37
JP-Tak,137.423111,36.146167,2008,1,18,-2.65,-11.09,-9.97,2.51,11.01,0.09
JP-Tak,137.423111,36.146167,2008,1,19,-3.9,-12.08,-10.97,2.68,9.67,0
JP-Tak,137.423111,36.146167,2008,1,20,-2.43,-10.08,-8.95,1.54,6.43,0.92
JP-Tak,137.423111,36.146167,2008,1,21,-0.92,-8.57,-6.64,2.39,6.7,1.26
JP-Tak,137.423111,36.146167,2008,1,22,-1.96,-11.49,-7.77,1.68,7.53,0.27
JP-Tak,137.423111,36.146167,2008,1,23,1.15,-6.19,-3.35,1.61,4.1,7.24
JP-Tak,137.423111,36.146167,2008,1,24,-1.19,-10.99,-8.37,8.54,5.04,2.99
JP-Tak,137.423111,36.146167,2008,1,25,-7.42,-11.53,-11.27,6.25,8.51,1.06
JP-Tak,137.423111,36.146167,2008,1,26,-5.95,-11.36,-10.85,4.24,7.85,0.41
JP-Tak,137.423111,36.146167,2008,1,27,-5.32,-12.95,-10.85,3.26,9.6,0.28
JP-Tak,137.423111,36.146167,2008,1,28,-1.4,-13.05,-7.83,1.87,9.39,1.15
JP-Tak,137.423111,36.146167,2008,1,29,0.31,-5,-3.37,1.25,3.07,3.59
JP-Tak,137.423111,36.146167,2008,1,30,-0.72,-6.18,-4.6,3.97,9.4,3.23
JP-Tak,137.423111,36.146167,2008,1,31,-4.49,-11.39,-8.89,3.79,7.71,1.18
JP-Tak,137.423111,36.146167,2008,2,1,-6.27,-12.32,-10.77,3.55,9.19,0.52
JP-Tak,137.423111,36.146167,2008,2,2,-2.17,-13.27,-8.62,1.35,6.79,0.74
JP-Tak,137.423111,36.146167,2008,2,3,0.16,-9.05,-4.74,1.78,3.22,12.12
JP-Tak,137.423111,36.146167,2008,2,4,-1.58,-11.43,-8.13,1.99,7.53,0.62
JP-Tak,137.423111,36.146167,2008,2,5,-3.07,-9.81,-8.45,2.36,5.71,1.71
JP-Tak,137.423111,36.146167,2008,2,6,-1.74,-10.09,-8.07,2.23,10.39,1.31
JP-Tak,137.423111,36.146167,2008,2,7,-4.52,-11.05,-9.61,3.33,9.57,0.8
JP-Tak,137.423111,36.146167,2008,2,8,-5.1,-13.89,-10.47,2.9,8.57,0.91
JP-Tak,137.423111,36.146167,2008,2,9,-1.51,-13.39,-8.53,2.25,5.51,11.08
JP-Tak,137.423111,36.146167,2008,2,10,-0.91,-11.2,-7.39,3.47,8.45,1.19
JP-Tak,137.423111,36.146167,2008,2,11,0.18,-9.27,-5.93,2.05,11.35,0.02
JP-Tak,137.423111,36.146167,2008,2,12,-1.16,-9.04,-4.5,3.96,3.57,6.71
JP-Tak,137.423111,36.146167,2008,2,13,-8.66,-11.65,-11.55,6.95,8.27,1.52
JP-Tak,137.423111,36.146167,2008,2,14,-4.57,-10.77,-8.92,4.83,7.44,3
JP-Tak,137.423111,36.146167,2008,2,15,-3.81,-11.52,-8.54,3.93,8.31,3.13
JP-Tak,137.423111,36.146167,2008,2,16,-6.45,-13.33,-10.77,3.88,10.13,3.31
JP-Tak,137.423111,36.146167,2008,2,17,-6.78,-13.22,-11.07,4.06,7.25,3.35
JP-Tak,137.423111,36.146167,2008,2,18,-5.08,-13.74,-10.32,4.09,10.96,0.65
JP-Tak,137.423111,36.146167,2008,2,19,-3.39,-14.57,-10.3,1.87,14.48,0.05
JP-Tak,137.423111,36.146167,2008,2,20,-2.06,-11.39,-6.1,4,11.96,2.18
JP-Tak,137.423111,36.146167,2008,2,21,-1.89,-10.8,-9.6,3.43,15.89,0.11
JP-Tak,137.423111,36.146167,2008,2,22,1.08,-10.43,-6.68,2.24,14.26,0.01
JP-Tak,137.423111,36.146167,2008,2,23,0.24,-11.62,-6.69,7.47,5.77,7.11
JP-Tak,137.423111,36.146167,2008,2,24,-7.18,-11.35,-10.94,8.61,10.39,3.88
JP-Tak,137.423111,36.146167,2008,2,25,-3.31,-12.75,-10.8,3.36,14.58,0.22
JP-Tak,137.423111,36.146167,2008,2,26,0.32,-10.1,-4.28,5.17,3.97,14.33
JP-Tak,137.423111,36.146167,2008,2,27,-5,-9.54,-8.68,7.06,9.42,4.28
JP-Tak,137.423111,36.146167,2008,2,28,-4.35,-10.75,-8.67,5.17,13.21,0.83
JP-Tak,137.423111,36.146167,2008,2,29,-0.49,-12.38,-6.18,2.72,15.76,0.22
JP-Tak,137.423111,36.146167,2008,3,1,-1.23,-7.86,-4.97,5.18,8.61,4.64
JP-Tak,137.423111,36.146167,2008,3,2,-0.28,-10.96,-7.38,2.59,15.69,0.5
JP-Tak,137.423111,36.146167,2008,3,3,-0.66,-8.64,-4.83,2.27,9.07,1.06
JP-Tak,137.423111,36.146167,2008,3,4,-1.36,-11.23,-8.25,2.9,14.12,0.18
JP-Tak,137.423111,36.146167,2008,3,5,-4.39,-11,-9.55,3.38,12.39,1.06
JP-Tak,137.423111,36.146167,2008,3,6,-2.62,-10.91,-8.05,2.69,14.58,0.57
JP-Tak,137.423111,36.146167,2008,3,7,-0.75,-11.03,-6.39,2.71,10.99,0.85
JP-Tak,137.423111,36.146167,2008,3,8,-0.34,-11.28,-7.69,2.46,16.56,0.08
JP-Tak,137.423111,36.146167,2008,3,9,3.06,-8.81,-5.55,2.46,19.32,0.17
JP-Tak,137.423111,36.146167,2008,3,10,4.31,-3.52,0.22,2.57,6.31,11.67
JP-Tak,137.423111,36.146167,2008,3,11,6.55,-4.77,-2.87,2.09,16.2,0
JP-Tak,137.423111,36.146167,2008,3,12,7.46,-2.7,-0.85,1.91,18.87,0
JP-Tak,137.423111,36.146167,2008,3,13,7.88,-0.76,0.81,1.9,17.67,0.14
JP-Tak,137.423111,36.146167,2008,3,14,6.75,0.73,3.71,4.46,5.03,19.92
JP-Tak,137.423111,36.146167,2008,3,15,8.43,-3.23,-0.7,2.3,16.99,0.22
JP-Tak,137.423111,36.146167,2008,3,16,7.03,-2.8,0.05,2.58,15.46,0
JP-Tak,137.423111,36.146167,2008,3,17,8.26,-5.43,-3.97,1.75,17.91,0
JP-Tak,137.423111,36.146167,2008,3,18,10.57,-2.07,-1.4,1.84,20.77,0.01
JP-Tak,137.423111,36.146167,2008,3,19,6.75,-0.17,1.31,2.74,7.87,9.11
JP-Tak,137.423111,36.146167,2008,3,20,2.93,0.07,-0.11,5.5,7.5,15.53
JP-Tak,137.423111,36.146167,2008,3,21,5.68,-3,-1.63,5.43,14.95,0
JP-Tak,137.423111,36.146167,2008,3,22,13.85,-2.99,-2.58,1.61,20.87,0
JP-Tak,137.423111,36.146167,2008,3,23,9.98,1.87,2.38,2.15,14.18,2
JP-Tak,137.423111,36.146167,2008,3,24,7.02,-3.14,1.89,4.28,7.79,13.88
JP-Tak,137.423111,36.146167,2008,3,25,8.99,-1.91,-1.98,2.86,20.93,0.29
JP-Tak,137.423111,36.146167,2008,3,26,6.41,-1.35,1.06,2.83,9.55,3.6
JP-Tak,137.423111,36.146167,2008,3,27,6.48,-2.92,-2.49,2.02,15.3,0.55
JP-Tak,137.423111,36.146167,2008,3,28,4.97,-2.65,-1.91,3.59,12.76,1.33
JP-Tak,137.423111,36.146167,2008,3,29,5.02,-2.67,-2.39,4.43,12.68,0.98
JP-Tak,137.423111,36.146167,2008,3,30,3.46,-2.43,-0.85,1.62,12.96,6.82
JP-Tak,137.423111,36.146167,2008,3,31,3.23,-4.02,-2.3,4.58,11.98,9.67
JP-Tak,137.423111,36.146167,2008,4,1,2.07,-4.56,-3.2,7.92,12.3,3.76
JP-Tak,137.423111,36.146167,2008,4,2,6.75,-4.61,-1.98,3.22,16.54,0.28
JP-Tak,137.423111,36.146167,2008,4,3,5.22,-3,-0.76,4.12,13.85,1.01
JP-Tak,137.423111,36.146167,2008,4,4,7.44,-2.92,-2.08,3.05,19.25,0
JP-Tak,137.423111,36.146167,2008,4,5,8.5,-3.23,-2.93,3.27,22.11,0
JP-Tak,137.423111,36.146167,2008,4,6,11.42,-1.12,-3.03,1.3,22.57,0
JP-Tak,137.423111,36.146167,2008,4,7,9.9,0.13,1.77,3.41,10.33,18.96
JP-Tak,137.423111,36.146167,2008,4,8,9.71,0.88,3.14,5.26,13.45,7.36
JP-Tak,137.423111,36.146167,2008,4,9,13.93,-0.44,3.44,2.3,19.72,1.12
JP-Tak,137.423111,36.146167,2008,4,10,10.87,2.51,4.55,3.4,4.74,28.47
JP-Tak,137.423111,36.146167,2008,4,11,11.34,1.32,4.28,4.05,11.69,6.63
JP-Tak,137.423111,36.146167,2008,4,12,12.41,0.09,2.51,2.58,15.26,0.05
JP-Tak,137.423111,36.146167,2008,4,13,10.76,2.46,4.77,2.04,10.78,4.22
JP-Tak,137.423111,36.146167,2008,4,14,12.17,0.58,4.06,2.44,12.23,7.62
JP-Tak,137.423111,36.146167,2008,4,15,16.44,0.36,2.61,1.73,25,0
JP-Tak,137.423111,36.146167,2008,4,16,12.55,4.82,5.35,1.71,14.97,0.16
JP-Tak,137.423111,36.146167,2008,4,17,9.27,3.56,4.77,3.63,6.71,19.88
JP-Tak,137.423111,36.146167,2008,4,18,11.39,4.32,6.08,4.82,7.27,20.04
JP-Tak,137.423111,36.146167,2008,4,19,13.75,3.46,5.09,3.32,15.09,0.1
JP-Tak,137.423111,36.146167,2008,4,20,14.05,2.91,5.06,3.48,18.8,0.03
JP-Tak,137.423111,36.146167,2008,4,21,15.09,1.06,2.65,3.41,25.07,0.11
JP-Tak,137.423111,36.146167,2008,4,22,17.27,2.94,5.94,1.32,23.63,0
JP-Tak,137.423111,36.146167,2008,4,23,16.7,6.41,8.43,2.76,22.52,1.06
JP-Tak,137.423111,36.146167,2008,4,24,11.97,4.17,7.25,5.14,5.54,16.72
JP-Tak,137.423111,36.146167,2008,4,25,11.32,1.18,1.67,3.24,18.37,0.14
JP-Tak,137.423111,36.146167,2008,4,26,10.69,4.33,5.77,4.75,11.46,5.83
JP-Tak,137.423111,36.146167,2008,4,27,11.82,0.65,3.43,2.88,19.93,0.12
JP-Tak,137.423111,36.146167,2008,4,28,10.71,-0.6,0.17,2.16,23.71,0.12
JP-Tak,137.423111,36.146167,2008,4,29,15.04,1.37,3.69,2.43,24.03,0
JP-Tak,137.423111,36.146167,2008,4,30,19.77,5.44,8.18,1.73,24.57,0
JP-Tak,137.423111,36.146167,2008,5,1,17.78,6.16,8.56,1.81,16.14,0.16
JP-Tak,137.423111,36.146167,2008,5,2,15,7.75,8.98,2.37,19.02,0.17
JP-Tak,137.423111,36.146167,2008,5,3,20.94,8.6,10.99,2.46,24.22,0.23
JP-Tak,137.423111,36.146167,2008,5,4,21.16,8.11,11.95,2.17,24.53,0.01
JP-Tak,137.423111,36.146167,2008,5,5,14.79,2.45,10.39,4.31,6.3,4.03
JP-Tak,137.423111,36.146167,2008,5,6,16.22,-1.56,0.49,3.12,27.88,0.02
JP-Tak,137.423111,36.146167,2008,5,7,18.16,3.01,4.52,2.5,23.44,0
JP-Tak,137.423111,36.146167,2008,5,8,17.82,8.31,5.75,2.42,13.46,0
JP-Tak,137.423111,36.146167,2008,5,9,14.09,6.73,5.02,2.15,18.54,0.75
JP-Tak,137.423111,36.146167,2008,5,10,9.49,2.72,5.06,1.85,5.9,14.62
JP-Tak,137.423111,36.146167,2008,5,11,11.09,2.04,3.84,2.21,10.47,4.93
JP-Tak,137.423111,36.146167,2008,5,12,16.16,2.74,3.46,2.13,22.76,0.4
JP-Tak,137.423111,36.146167,2008,5,13,16.26,2.06,5.06,3.19,24.06,1.9
JP-Tak,137.423111,36.146167,2008,5,14,12.82,3.77,6.18,4.23,12.27,16.15
JP-Tak,137.423111,36.146167,2008,5,15,15.35,1.44,2.76,2.38,28.01,0
JP-Tak,137.423111,36.146167,2008,5,16,16.39,5.87,4.84,1.77,22.11,0.1
JP-Tak,137.423111,36.146167,2008,5,17,16.46,5.96,6.55,1.5,22.32,0.23
JP-Tak,137.423111,36.146167,2008,5,18,17.14,5.19,7.32,2.87,24.28,0.09
JP-Tak,137.423111,36.146167,2008,5,19,14.46,9.08,9.03,5.42,13.03,7.05
JP-Tak,137.423111,36.146167,2008,5,20,13.17,2.1,6.68,4.6,15.22,26.06
JP-Tak,137.423111,36.146167,2008,5,21,18.68,0.85,3.36,2.07,28.28,0
JP-Tak,137.423111,36.146167,2008,5,22,19.05,4.9,8.24,2.05,22.98,0
JP-Tak,137.423111,36.146167,2008,5,23,22.31,7.89,10.01,1.75,22.7,0
JP-Tak,137.423111,36.146167,2008,5,24,17.15,9.5,10.57,1.83,10.52,21.87
JP-Tak,137.423111,36.146167,2008,5,25,18.94,10.96,13.37,2.88,9.57,28.42
JP-Tak,137.423111,36.146167,2008,5,26,19.47,7.17,9.88,3.33,21.37,0
JP-Tak,137.423111,36.146167,2008,5,27,18.92,3.43,4.76,2.32,29.17,0
JP-Tak,137.423111,36.146167,2008,5,28,19.63,8.07,10.01,1.88,17.43,2.59
JP-Tak,137.423111,36.146167,2008,5,29,17.36,9.11,9.99,3.13,12.07,21.63
JP-Tak,137.423111,36.146167,2008,5,30,19.99,8.15,10.37,2.61,16.26,0.63
JP-Tak,137.423111,36.146167,2008,5,31,14.56,8.12,9.22,2.42,7.27,10.26
JP-Tak,137.423111,36.146167,2008,6,1,19.2,5.89,6.98,1.44,26.26,0.02
JP-Tak,137.423111,36.146167,2008,6,2,16.51,8.29,8.44,1.28,12.47,2.8
JP-Tak,137.423111,36.146167,2008,6,3,14.06,7.7,8.76,2.7,11.02,17.14
JP-Tak,137.423111,36.146167,2008,6,4,18.15,8.65,11.03,1.52,18.23,0.11
JP-Tak,137.423111,36.146167,2008,6,5,18.48,10.12,11.56,2.95,7.33,10.61
JP-Tak,137.423111,36.146167,2008,6,6,17.71,9.01,10.8,2.89,13.83,2.94
JP-Tak,137.423111,36.146167,2008,6,7,18.41,8.36,11.02,2.4,16.96,0.02
JP-Tak,137.423111,36.146167,2008,6,8,20.46,11.62,12.7,1.42,17.86,0.38
JP-Tak,137.423111,36.146167,2008,6,9,20.37,10.3,11.58,1.44,17.35,7.12
JP-Tak,137.423111,36.146167,2008,6,10,20.06,9.32,9.44,1.53,23,0.01
JP-Tak,137.423111,36.146167,2008,6,11,19.64,11.69,12.93,1.48,17.81,0.47
JP-Tak,137.423111,36.146167,2008,6,12,19.24,9.31,10.37,2.32,18.51,5.8
JP-Tak,137.423111,36.146167,2008,6,13,20.07,7.54,7.74,3.11,14.27,0.1
JP-Tak,137.423111,36.146167,2008,6,14,19.79,8.02,9.46,2.89,22.43,0
JP-Tak,137.423111,36.146167,2008,6,15,17.93,7.75,10.45,2.25,24.75,0.09
JP-Tak,137.423111,36.146167,2008,6,16,21.86,10.47,11.41,1.24,25.97,0.24
JP-Tak,137.423111,36.146167,2008,6,17,22.25,10.56,10.17,1.57,28.07,0
JP-Tak,137.423111,36.146167,2008,6,18,21.73,10.76,12.68,1.85,21.24,0
JP-Tak,137.423111,36.146167,2008,6,19,19.71,12.59,14.32,2.91,10.08,0.49
JP-Tak,137.423111,36.146167,2008,6,20,23.51,15.13,16.8,2,15.08,7.72
JP-Tak,137.423111,36.146167,2008,6,21,21.5,15.71,16.94,1.14,16.55,35.99
JP-Tak,137.423111,36.146167,2008,6,22,20.33,14.09,16.98,1.96,7.54,29.99
JP-Tak,137.423111,36.146167,2008,6,23,19.15,13.07,14.57,1.33,9.86,11.68
JP-Tak,137.423111,36.146167,2008,6,24,21.46,12.1,13.87,2.18,18.6,1.32
JP-Tak,137.423111,36.146167,2008,6,25,20.97,11.97,13.19,1.65,19.14,0.04
JP-Tak,137.423111,36.146167,2008,6,26,21.37,13.35,14.64,1.68,13.41,0.87
JP-Tak,137.423111,36.146167,2008,6,27,20.99,12.39,13.67,1.79,17.26,1.18
JP-Tak,137.423111,36.146167,2008,6,28,21.82,13.57,14.8,1.93,19.34,2.92
JP-Tak,137.423111,36.146167,2008,6,29,20.96,13.83,16.85,3.74,4.55,68.52
JP-Tak,137.423111,36.146167,2008,6,30,23.41,13.74,15.4,1.62,16.6,2.01
JP-Tak,137.423111,36.146167,2008,7,1,21.08,12.02,11.6,1.43,25.8,0
JP-Tak,137.423111,36.146167,2008,7,2,23.13,11.72,13.34,1.6,24.89,0.03
JP-Tak,137.423111,36.146167,2008,7,3,22.54,13.84,16.74,3.74,12.53,7.08
JP-Tak,137.423111,36.146167,2008,7,4,23.69,16.47,17.49,3.28,17.63,9.08
JP-Tak,137.423111,36.146167,2008,7,5,25.43,16.39,17.68,1.65,21.93,0.08
JP-Tak,137.423111,36.146167,2008,7,6,24.93,16.67,17.59,0.84,14.94,4.25
JP-Tak,137.423111,36.146167,2008,7,7,23.35,17.08,18.14,1.54,18.2,2.49
JP-Tak,137.423111,36.146167,2008,7,8,22.24,16.77,17.45,1.57,11.42,27.38
JP-Tak,137.423111,36.146167,2008,7,9,21.32,16.3,17,1.68,11.92,11.71
JP-Tak,137.423111,36.146167,2008,7,10,22.73,14.2,16.12,1.83,16.09,1.44
JP-Tak,137.423111,36.146167,2008,7,11,22.7,15.66,17.08,2.31,14.24,1.88
JP-Tak,137.423111,36.146167,2008,7,12,24.39,15.08,16.55,2.37,21.51,0.03
JP-Tak,137.423111,36.146167,2008,7,13,26.17,15.59,16.58,1.63,20.85,0.58
JP-Tak,137.423111,36.146167,2008,7,14,25.12,16.97,17.95,2.47,15.81,3.16
JP-Tak,137.423111,36.146167,2008,7,15,24.72,16,17.39,1.53,21.86,0.55
JP-Tak,137.423111,36.146167,2008,7,16,25.75,16.6,18.73,2.26,17.34,0.26
JP-Tak,137.423111,36.146167,2008,7,17,25.63,16.87,18.11,1.73,22.57,2.18
JP-Tak,137.423111,36.146167,2008,7,18,25.41,16.37,19.39,2.18,10.66,16.67
JP-Tak,137.423111,36.146167,2008,7,19,26.29,15.03,16.8,1.81,22.42,0
JP-Tak,137.423111,36.146167,2008,7,20,26.29,17.14,18.53,1.86,17.09,0.08
JP-Tak,137.423111,36.146167,2008,7,21,27.22,17.74,19.37,1.68,23.33,0
JP-Tak,137.423111,36.146167,2008,7,22,26.51,17.37,18.73,2.18,21.12,0.01
JP-Tak,137.423111,36.146167,2008,7,23,26.03,17.42,19.22,2.23,18.56,0.13
JP-Tak,137.423111,36.146167,2008,7,24,26.96,17.88,19.61,1.93,17.31,0.57
JP-Tak,137.423111,36.146167,2008,7,25,26.18,18.15,19.48,2.11,16.07,0.3
JP-Tak,137.423111,36.146167,2008,7,26,26.81,17.63,19.42,1.7,20,0.52
JP-Tak,137.423111,36.146167,2008,7,27,24.2,18.74,19.44,1.28,12.85,7.82
JP-Tak,137.423111,36.146167,2008,7,28,23.01,16.45,18.6,2.76,7.7,16.78
JP-Tak,137.423111,36.146167,2008,7,29,24.15,15.73,16.93,2.51,19.79,2.41
JP-Tak,137.423111,36.146167,2008,7,30,25.43,13.44,15.4,1.62,21.9,0.05
JP-Tak,137.423111,36.146167,2008,7,31,23.79,15.73,17.4,1.29,14.58,0.81
JP-Tak,137.423111,36.146167,2008,8,1,25.55,16.97,17.72,1.81,22.45,0.17
JP-Tak,137.423111,36.146167,2008,8,2,26.79,16.87,19.2,2.27,20.9,0.75
JP-Tak,137.423111,36.146167,2008,8,3,26.74,17.35,19.12,2.43,22.92,0.28
JP-Tak,137.423111,36.146167,2008,8,4,26.64,18.12,19.83,1.72,16.01,5.75
JP-Tak,137.423111,36.146167,2008,8,5,26.23,19.36,19.95,1.14,15.74,8.07
JP-Tak,137.423111,36.146167,2008,8,6,25.06,19.07,19.95,1.01,17.82,3.62
JP-Tak,137.423111,36.146167,2008,8,7,26.56,19.22,19.46,0.78,24.21,0.45
JP-Tak,137.423111,36.146167,2008,8,8,25.8,18.56,18.63,0.77,24.18,5.38
JP-Tak,137.423111,36.146167,2008,8,9,27.95,18.5,18.3,0.77,23.33,4.46
JP-Tak,137.423111,36.146167,2008,8,10,26.35,16.47,18,1.35,21.95,0.32
JP-Tak,137.423111,36.146167,2008,8,11,27.42,17.83,18.21,1.16,20.88,0.07
JP-Tak,137.423111,36.146167,2008,8,12,27.38,16.71,17.79,1.14,22.56,0.47
JP-Tak,137.423111,36.146167,2008,8,13,25.53,17.83,18.77,1.4,19.7,7.46
JP-Tak,137.423111,36.146167,2008,8,14,23.72,18.73,19.13,2.26,12.33,6.71
JP-Tak,137.423111,36.146167,2008,8,15,26.07,19,19.78,2.28,16.57,3.23
JP-Tak,137.423111,36.146167,2008,8,16,25.2,17.77,18.97,2.28,11.64,13.55
JP-Tak,137.423111,36.146167,2008,8,17,24.4,16.2,17.35,2.05,15.19,1.87
JP-Tak,137.423111,36.146167,2008,8,18,23.83,15.88,17.42,2.48,20.05,0.08
JP-Tak,137.423111,36.146167,2008,8,19,23.44,16.38,18.69,3.83,5.53,16.44
JP-Tak,137.423111,36.146167,2008,8,20,22.15,13.46,15.1,3.03,16.91,2.08
JP-Tak,137.423111,36.146167,2008,8,21,21.37,12.15,14.32,3.57,13.73,6.81
JP-Tak,137.423111,36.146167,2008,8,22,21.48,10.99,13.64,2.47,20.23,0.14
JP-Tak,137.423111,36.146167,2008,8,23,18.7,13.21,14.91,4.26,6.13,6.65
JP-Tak,137.423111,36.146167,2008,8,24,21.49,15.29,17.02,2.22,12.18,27.44
JP-Tak,137.423111,36.146167,2008,8,25,21.89,14.75,16.59,1.57,9.78,2.78
JP-Tak,137.423111,36.146167,2008,8,26,24.04,15.32,16.63,2.43,12.15,0.49
JP-Tak,137.423111,36.146167,2008,8,27,24.93,14.05,16.64,1.8,14.72,0.03
JP-Tak,137.423111,36.146167,2008,8,28,23.85,15.77,18.05,1.41,7.17,32.33
JP-Tak,137.423111,36.146167,2008,8,29,23.86,17.4,17.92,1.75,9.41,21.7
JP-Tak,137.423111,36.146167,2008,8,30,22.92,16.65,17.51,0.94,5.73,23.87
JP-Tak,137.423111,36.146167,2008,8,31,25.4,15.2,16.68,1.4,19.35,3.18
JP-Tak,137.423111,36.146167,2008,9,1,24.28,16.53,18.06,1.5,16.97,1.37
JP-Tak,137.423111,36.146167,2008,9,2,24.98,16.8,18.36,2.35,12.97,5.32
JP-Tak,137.423111,36.146167,2008,9,3,24.28,15.82,17.55,1.82,8.65,13.76
JP-Tak,137.423111,36.146167,2008,9,4,24.56,16.52,17.97,1.81,12.08,1.86
JP-Tak,137.423111,36.146167,2008,9,5,24.98,16.13,17.37,1.64,13.8,0.34
JP-Tak,137.423111,36.146167,2008,9,6,24.52,17.48,17.84,0.8,13,1.3
JP-Tak,137.423111,36.146167,2008,9,7,22.79,15.98,16.99,2.29,12.57,4.27
JP-Tak,137.423111,36.146167,2008,9,8,22.39,10.81,14.14,2.76,17.57,0.51
JP-Tak,137.423111,36.146167,2008,9,9,23.31,9.73,12,1.57,23.38,0.02
JP-Tak,137.423111,36.146167,2008,9,10,23.96,13.7,14.59,1.06,23.07,0
JP-Tak,137.423111,36.146167,2008,9,11,23.93,12.73,13.9,1.24,19.6,0
JP-Tak,137.423111,36.146167,2008,9,12,23.51,12.31,13.19,1.65,20.7,0
JP-Tak,137.423111,36.146167,2008,9,13,22.19,14.2,14.74,1.38,10.68,1.71
JP-Tak,137.423111,36.146167,2008,9,14,23.09,13.88,14.53,1.51,17.41,0.4
JP-Tak,137.423111,36.146167,2008,9,15,18.82,13.72,14.14,1.36,10.18,2.19
JP-Tak,137.423111,36.146167,2008,9,16,23.11,12.8,13.7,1.09,18.09,2.8
JP-Tak,137.423111,36.146167,2008,9,17,22.35,12.04,13.78,1.35,19.08,0
JP-Tak,137.423111,36.146167,2008,9,18,18.97,14.04,15.15,1.64,10.03,4.28
JP-Tak,137.423111,36.146167,2008,9,19,21.46,15.35,16.37,2.2,9.47,8.04
JP-Tak,137.423111,36.146167,2008,9,20,23.7,14.24,15.61,1.48,10.95,7.41
JP-Tak,137.423111,36.146167,2008,9,21,19.07,15.56,16.42,1.84,5.57,31.75
JP-Tak,137.423111,36.146167,2008,9,22,20.73,12.24,13.75,1.91,8.51,11.64
JP-Tak,137.423111,36.146167,2008,9,23,20.05,11.64,11.9,1.94,14.34,1.5
JP-Tak,137.423111,36.146167,2008,9,24,18.63,9.61,9.79,2.62,18.84,0.26
JP-Tak,137.423111,36.146167,2008,9,25,18.62,10.8,13.87,3.71,4.37,4.61
JP-Tak,137.423111,36.146167,2008,9,26,18.88,6.68,13.31,4.82,4.6,18.89
JP-Tak,137.423111,36.146167,2008,9,27,12.03,3.5,3.63,3.4,13.18,0.02
JP-Tak,137.423111,36.146167,2008,9,28,13.77,3.89,7.11,1.63,11.37,0.09
JP-Tak,137.423111,36.146167,2008,9,29,13.61,7.96,9.01,0.85,5.64,10.71
JP-Tak,137.423111,36.146167,2008,9,30,16.64,9.79,11.63,1.28,12.53,3.42
JP-Tak,137.423111,36.146167,2008,10,1,18.13,7.3,10.51,2.4,12.26,2.86
JP-Tak,137.423111,36.146167,2008,10,2,17.92,5.17,6.97,1.81,18.05,0
JP-Tak,137.423111,36.146167,2008,10,3,17.39,7.87,9.86,1.9,17.14,0.01
JP-Tak,137.423111,36.146167,2008,10,4,17.95,8.57,9.73,1.51,17.06,0.07
JP-Tak,137.423111,36.146167,2008,10,5,15.72,9.54,10.32,1.47,6.71,7.6
JP-Tak,137.423111,36.146167,2008,10,6,18.08,10.22,12.02,2.47,6.26,17.58
JP-Tak,137.423111,36.146167,2008,10,7,18.41,9.36,10.3,1.43,9.21,1.28
JP-Tak,137.423111,36.146167,2008,10,8,19.62,9.47,9.84,1.3,13.94,1.32
JP-Tak,137.423111,36.146167,2008,10,9,18.11,9.23,10.56,1.45,12.16,0.01
JP-Tak,137.423111,36.146167,2008,10,10,19.44,9.6,11.13,1.76,14.71,0.06
JP-Tak,137.423111,36.146167,2008,10,11,16.18,3.96,9.16,3.39,8.89,5.29
JP-Tak,137.423111,36.146167,2008,10,12,14.16,2.3,5.44,2.07,14.66,0
JP-Tak,137.423111,36.146167,2008,10,13,15.56,7.43,8.34,1.8,16.53,0.06
JP-Tak,137.423111,36.146167,2008,10,14,12.47,7.58,9.43,1.99,3.7,8.78
JP-Tak,137.423111,36.146167,2008,10,15,15.88,5.88,7.41,2.36,13.67,0.21
JP-Tak,137.423111,36.146167,2008,10,16,17.2,6.37,7.39,1.06,16.7,0
JP-Tak,137.423111,36.146167,2008,10,17,15.27,7.54,7.63,1.26,13,0
JP-Tak,137.423111,36.146167,2008,10,18,17.27,5,6.69,1.81,16.8,0
JP-Tak,137.423111,36.146167,2008,10,19,17.67,4.84,6.54,2.08,16.98,0
JP-Tak,137.423111,36.146167,2008,10,20,14.88,5.18,7.76,2.21,12.75,0
JP-Tak,137.423111,36.146167,2008,10,21,16.75,6.05,7.48,1.61,14.92,0
JP-Tak,137.423111,36.146167,2008,10,22,14.27,8.77,9.78,1.8,11,0.94
JP-Tak,137.423111,36.146167,2008,10,23,16.16,9.68,11.06,3.83,9.1,7.75
JP-Tak,137.423111,36.146167,2008,10,24,17.74,9.53,13.38,4.12,2.94,22.72
JP-Tak,137.423111,36.146167,2008,10,25,13.78,7.03,7.13,2.02,6.82,0
JP-Tak,137.423111,36.146167,2008,10,26,8.59,6.59,6.3,3.52,2.83,3.12
JP-Tak,137.423111,36.146167,2008,10,27,10.96,4.24,5.23,3.38,6.53,4.68
JP-Tak,137.423111,36.146167,2008,10,28,11.04,4,4.37,2.52,10.72,1.3
JP-Tak,137.423111,36.146167,2008,10,29,9.78,2.21,4.32,3.49,6.51,2.63
JP-Tak,137.423111,36.146167,2008,10,30,9.71,-1.22,0.02,1.84,12.13,0.01
JP-Tak,137.423111,36.146167,2008,10,31,8.46,0.59,3.44,3.09,7.21,0.55
JP-Tak,137.423111,36.146167,2008,11,1,10.9,1.71,2.98,2.99,12.41,2.44
JP-Tak,137.423111,36.146167,2008,11,2,11.83,0.13,3.44,2.75,10.48,0
JP-Tak,137.423111,36.146167,2008,11,3,9.96,4.61,5.91,3.05,5.39,0.27
JP-Tak,137.423111,36.146167,2008,11,4,9.6,0.07,2.85,3.05,8.68,0.72
JP-Tak,137.423111,36.146167,2008,11,5,11.3,-0.08,1.09,1.84,14.66,0
JP-Tak,137.423111,36.146167,2008,11,6,13.12,1.92,5.67,2.35,12.84,0.13
JP-Tak,137.423111,36.146167,2008,11,7,13.79,3.62,7.79,2.75,6.21,4.03
JP-Tak,137.423111,36.146167,2008,11,8,4.56,0.21,-0.04,3.22,4.92,0.23
JP-Tak,137.423111,36.146167,2008,11,9,5.96,0.11,1.38,1.52,4.91,0.69
JP-Tak,137.423111,36.146167,2008,11,10,6.71,0.17,0.54,2.73,6.09,0.85
JP-Tak,137.423111,36.146167,2008,11,11,5.93,0,0.37,1.72,8.07,0.07
JP-Tak,137.423111,36.146167,2008,11,12,11.71,-1.54,1.91,1.69,13.54,0
JP-Tak,137.423111,36.146167,2008,11,13,13.67,1.22,3.38,1.86,13.77,0
JP-Tak,137.423111,36.146167,2008,11,14,12.75,2.13,4.19,1.13,12.64,0
JP-Tak,137.423111,36.146167,2008,11,15,10.35,3.4,5.61,1.27,6.99,0.49
JP-Tak,137.423111,36.146167,2008,11,16,9.5,5.01,6.29,1.71,2.07,5.3
JP-Tak,137.423111,36.146167,2008,11,17,11.13,3.47,4.89,2.45,8.87,0.86
JP-Tak,137.423111,36.146167,2008,11,18,4.29,-3.36,0.31,4.34,4.3,5.03
JP-Tak,137.423111,36.146167,2008,11,19,-1.15,-5.2,-4.72,6.38,4.62,7.15
JP-Tak,137.423111,36.146167,2008,11,20,-0.37,-4.49,-4.51,4.08,6.7,4.47
JP-Tak,137.423111,36.146167,2008,11,21,1.3,-5.39,-2.36,4.9,3.79,6.49
JP-Tak,137.423111,36.146167,2008,11,22,2.08,-5.34,-3.76,2.58,9.1,0.96
JP-Tak,137.423111,36.146167,2008,11,23,4.82,-2.23,0.22,2.48,6.65,1.27
JP-Tak,137.423111,36.146167,2008,11,24,4.4,-2.45,-0.52,2.26,4.27,15.64
JP-Tak,137.423111,36.146167,2008,11,25,4.23,-2.62,0.28,2.4,7.69,4.84
JP-Tak,137.423111,36.146167,2008,11,26,6.38,-1.75,-1.63,1.76,9.74,0.53
JP-Tak,137.423111,36.146167,2008,11,27,4.52,-0.9,1.61,1.94,6.18,3.08
JP-Tak,137.423111,36.146167,2008,11,28,4.07,-0.09,1.4,4.82,4.78,22.1
JP-Tak,137.423111,36.146167,2008,11,29,5.42,-3.95,-0.53,3.68,9.76,1.38
JP-Tak,137.423111,36.146167,2008,11,30,1.82,-4.53,-2.58,4.62,4.7,3.68
JP-Tak,137.423111,36.146167,2008,12,1,5.28,-6.28,-1.74,2.64,11.06,0
JP-Tak,137.423111,36.146167,2008,12,2,7.31,-1.44,-0.56,1.56,10.5,0
JP-Tak,137.423111,36.146167,2008,12,3,7.96,-1.75,-0.02,1.76,9.78,0
JP-Tak,137.423111,36.146167,2008,12,4,8.23,0.12,1.48,2.44,9.75,0.05
JP-Tak,137.423111,36.146167,2008,12,5,8.07,-3.41,2.1,5.1,2.01,26.94
JP-Tak,137.423111,36.146167,2008,12,6,-2.74,-7.03,-6.84,5.73,6.32,4.55
JP-Tak,137.423111,36.146167,2008,12,7,0.75,-6.84,-6.64,2.25,9.82,0.57
JP-Tak,137.423111,36.146167,2008,12,8,2.96,-6.26,-3.52,2.59,9.2,0.06
JP-Tak,137.423111,36.146167,2008,12,9,7.19,-1.32,1.13,1.84,6.36,6.8
JP-Tak,137.423111,36.146167,2008,12,10,6.54,-1.02,0.77,2.14,8.88,0.29
JP-Tak,137.423111,36.146167,2008,12,11,5.9,-0.58,-1.13,2.94,6.66,2.99
JP-Tak,137.423111,36.146167,2008,12,12,5.08,-2.05,-0.24,2.7,6.36,0.47
JP-Tak,137.423111,36.146167,2008,12,13,6.42,-2.27,-1.35,1.2,8.77,0.65
JP-Tak,137.423111,36.146167,2008,12,14,2.63,-5.5,-1.73,1.93,5.25,4.75
JP-Tak,137.423111,36.146167,2008,12,15,2.18,-5.94,-4.46,2.06,6.62,0.5
JP-Tak,137.423111,36.146167,2008,12,16,4.74,-4.56,-2.54,1.79,10.71,0.04
JP-Tak,137.423111,36.146167,2008,12,17,5.9,-2.52,0.46,1.57,6.03,1.29
JP-Tak,137.423111,36.146167,2008,12,18,3.03,-3.18,-0.36,3.15,3.72,2.21
JP-Tak,137.423111,36.146167,2008,12,19,3.06,-6.41,-5.67,2.67,9.96,0.03
JP-Tak,137.423111,36.146167,2008,12,20,5.02,-5.48,-1.82,2.95,9.97,0
JP-Tak,137.423111,36.146167,2008,12,21,8.22,-0.03,4.97,5.52,4.84,10.16
JP-Tak,137.423111,36.146167,2008,12,22,7.69,-4.59,-0.56,3.18,2.9,8.51
JP-Tak,137.423111,36.146167,2008,12,23,-0.48,-5.43,-5.33,3.44,5.62,1.5
JP-Tak,137.423111,36.146167,2008,12,24,2.17,-6.4,-4.95,1.77,9.39,0.37
JP-Tak,137.423111,36.146167,2008,12,25,0.8,-4.95,-2.14,4.95,2.68,7.14
JP-Tak,137.423111,36.146167,2008,12,26,-6.27,-9.59,-9.97,7.81,4.79,4.01
JP-Tak,137.423111,36.146167,2008,12,27,-3.57,-8.97,-7.8,5.5,5.71,1.66
JP-Tak,137.423111,36.146167,2008,12,28,-1.75,-7.73,-4.81,6.02,5.03,3.03
JP-Tak,137.423111,36.146167,2008,12,29,3.44,-9.13,-6.82,2.03,9.13,0.05
JP-Tak,137.423111,36.146167,2008,12,30,0.97,-5.38,-2.33,5.36,5.64,2.89
JP-Tak,137.423111,36.146167,2008,12,31,-3.67,-7.65,-7.57,5.23,6.19,1.72
JP-Tak,137.423111,36.146167,2009,1,1,-3.88,-6.92,-7.04,4.12,5.13,3.47
JP-Tak,137.423111,36.146167,2009,1,2,-2.61,-7.13,-6.14,5.37,5.24,2.5
JP-Tak,137.423111,36.146167,2009,1,3,-3.11,-7.55,-6.8,5.09,5.88,0.34
JP-Tak,137.423111,36.146167,2009,1,4,-1.2,-8.83,-7.08,2.95,10.09,0
JP-Tak,137.423111,36.146167,2009,1,5,1.31,-9.38,-6.35,1.48,7.29,0.58
JP-Tak,137.423111,36.146167,2009,1,6,-1.2,-10.98,-7.52,2.68,7.58,0.66
JP-Tak,137.423111,36.146167,2009,1,7,0.68,-11.91,-7.61,1.69,11.23,0
JP-Tak,137.423111,36.146167,2009,1,8,2.14,-5.19,-3.96,1.22,10.06,0.14
JP-Tak,137.423111,36.146167,2009,1,9,0.92,-3.07,-1.88,1.38,3.81,6.43
JP-Tak,137.423111,36.146167,2009,1,10,-3.3,-10.15,-7.41,5.8,5.2,3.75
JP-Tak,137.423111,36.146167,2009,1,11,-3.19,-10.14,-8.22,4.11,6.97,2.04
JP-Tak,137.423111,36.146167,2009,1,12,-5.44,-9.52,-8.01,5.06,4.56,6.88
JP-Tak,137.423111,36.146167,2009,1,13,-4.52,-9.43,-7.74,5.14,5.3,5.6
JP-Tak,137.423111,36.146167,2009,1,14,-3.82,-11.98,-8.19,3.32,7.63,1.74
JP-Tak,137.423111,36.146167,2009,1,15,-7.96,-11.97,-11.04,4.53,7.32,1.18
JP-Tak,137.423111,36.146167,2009,1,16,-3.56,-11.74,-7.8,3.48,7.11,1.55
JP-Tak,137.423111,36.146167,2009,1,17,-2.93,-10.59,-6.72,2.97,7.55,1.27
JP-Tak,137.423111,36.146167,2009,1,18,-0.14,-10.67,-5.04,2.54,7.01,6.82
JP-Tak,137.423111,36.146167,2009,1,19,1.11,-6.44,-2.47,6.23,4.43,6.96
JP-Tak,137.423111,36.146167,2009,1,20,-1.4,-7.56,-5.76,2.52,6.3,0.04
JP-Tak,137.423111,36.146167,2009,1,21,0.92,-7.21,-4.72,1.33,7.3,5.03
JP-Tak,137.423111,36.146167,2009,1,22,1.71,-5.29,-1.64,1.66,6.92,5.91
JP-Tak,137.423111,36.146167,2009,1,23,2.15,-4.04,-0.44,2.91,7.93,6.65
JP-Tak,137.423111,36.146167,2009,1,24,-4.6,-11.44,-9.57,4.72,5.96,2.8
JP-Tak,137.423111,36.146167,2009,1,25,-4.72,-14.3,-10.26,3.35,10.25,1.64
JP-Tak,137.423111,36.146167,2009,1,26,-3.11,-12.25,-7.97,2.77,6.4,2.57
JP-Tak,137.423111,36.146167,2009,1,27,-1.49,-9.89,-6.52,2.39,8.54,1.87
JP-Tak,137.423111,36.146167,2009,1,28,1.26,-9.84,-5.43,1.95,14.12,0
JP-Tak,137.423111,36.146167,2009,1,29,3.48,-7.2,-4.75,1.3,12.19,0.7
JP-Tak,137.423111,36.146167,2009,1,30,5.65,0.2,1.64,2.14,6.98,11.36
JP-Tak,137.423111,36.146167,2009,1,31,1.49,-3.85,-1.21,6.71,5.61,33.12
JP-Tak,137.423111,36.146167,2009,2,1,-2.62,-9.29,-6.67,6.6,7.43,1.69
JP-Tak,137.423111,36.146167,2009,2,2,-0.08,-12.36,-8.66,1.8,12.18,0
JP-Tak,137.423111,36.146167,2009,2,3,1.36,-8.21,-4.08,1.94,6.27,0.47
JP-Tak,137.423111,36.146167,2009,2,4,3,-9.21,-5.52,1.78,13.54,0
JP-Tak,137.423111,36.146167,2009,2,5,3,-6.22,-4.24,2.27,13.13,0.66
JP-Tak,137.423111,36.146167,2009,2,6,-1.71,-9.7,-6.28,4.83,9.22,0.74
JP-Tak,137.423111,36.146167,2009,2,7,2.22,-11.42,-7.47,2.6,13.59,0.37
JP-Tak,137.423111,36.146167,2009,2,8,-1.88,-11.4,-7.33,5.73,13.3,0.22
JP-Tak,137.423111,36.146167,2009,2,9,1.19,-11.52,-6.14,1.94,8.92,0.08
JP-Tak,137.423111,36.146167,2009,2,10,1.44,-7.64,-4.55,2.61,9.26,0.13
JP-Tak,137.423111,36.146167,2009,2,11,0.94,-7.84,-5.88,2.78,8.39,5.2
JP-Tak,137.423111,36.146167,2009,2,12,2.97,-6.52,-6.37,2.88,14.16,0.9
JP-Tak,137.423111,36.146167,2009,2,13,7.14,-5.56,1.1,5.7,5.73,6.13
JP-Tak,137.423111,36.146167,2009,2,14,7.69,-1.14,3.01,4.82,9.15,11.9
JP-Tak,137.423111,36.146167,2009,2,15,5.9,-2.93,-2.83,3.07,13.2,0.45
JP-Tak,137.423111,36.146167,2009,2,16,-0.59,-9.31,-5.86,7.31,8.37,2.22
JP-Tak,137.423111,36.146167,2009,2,17,-5.13,-10.25,-11.1,4.57,12.66,0.64
JP-Tak,137.423111,36.146167,2009,2,18,-3.01,-10.31,-7.75,4.02,11.62,2.13
JP-Tak,137.423111,36.146167,2009,2,19,-1.06,-9.98,-7.92,3.62,12.89,1.27
JP-Tak,137.423111,36.146167,2009,2,20,2.86,-5.97,-1.89,7.91,5.46,22.49
JP-Tak,137.423111,36.146167,2009,2,21,-4.59,-11.67,-9.27,4.78,12.09,1.55
JP-Tak,137.423111,36.146167,2009,2,22,1.3,-12.77,-6.15,2.52,8.65,1.15
JP-Tak,137.423111,36.146167,2009,2,23,2.74,-4.21,-0.92,2.87,6.48,20.33
JP-Tak,137.423111,36.146167,2009,2,24,3.6,-3.55,-0.21,2.82,5.53,2.61
JP-Tak,137.423111,36.146167,2009,2,25,4.7,-2.27,1.69,2.46,4.04,15.2
JP-Tak,137.423111,36.146167,2009,2,26,3.55,-4.75,-4.55,2.28,11.05,0.04
JP-Tak,137.423111,36.146167,2009,2,27,2.24,-2.86,-2.24,1.96,7.09,1.29
JP-Tak,137.423111,36.146167,2009,2,28,4.8,-6.41,-2.77,2.08,15.97,0
JP-Tak,137.423111,36.146167,2009,3,1,4.32,-4.5,-1.8,2.55,13.88,0.08
JP-Tak,137.423111,36.146167,2009,3,2,-2.1,-7.92,-7.89,4.95,13.43,0.46
JP-Tak,137.423111,36.146167,2009,3,3,0.7,-6.13,-3.62,2.74,8.21,7.41
JP-Tak,137.423111,36.146167,2009,3,4,3.8,-4.87,-2.19,1.89,7.16,0.98
JP-Tak,137.423111,36.146167,2009,3,5,5.38,-7.56,-3.62,2.3,14.62,0.65
JP-Tak,137.423111,36.146167,2009,3,6,3.82,-1.68,0.55,3.68,2.78,29.57
JP-Tak,137.423111,36.146167,2009,3,7,0.85,-5.25,-5.3,5.17,15.54,0.09
JP-Tak,137.423111,36.146167,2009,3,8,5.02,-5.02,-2.25,2.01,13.65,0
JP-Tak,137.423111,36.146167,2009,3,9,5.15,-2.49,-0.3,1.5,11.06,0.31
JP-Tak,137.423111,36.146167,2009,3,10,4.44,-6.02,-1.99,4.77,11.15,0.8
JP-Tak,137.423111,36.146167,2009,3,11,-1.12,-7.16,-7.31,5.84,12.02,0.29
JP-Tak,137.423111,36.146167,2009,3,12,2.39,-7.07,-6.81,4.42,18.23,0.56
JP-Tak,137.423111,36.146167,2009,3,13,4.77,-3.58,-1.02,7.09,7.75,14.87
JP-Tak,137.423111,36.146167,2009,3,14,6.13,-5.28,-2.23,7.66,5.49,32.09
JP-Tak,137.423111,36.146167,2009,3,15,1.74,-6.64,-5.23,3.67,17.15,0.36
JP-Tak,137.423111,36.146167,2009,3,16,3.77,-5.37,-1.83,3.54,10.96,0.56
JP-Tak,137.423111,36.146167,2009,3,17,6.12,0.19,-0.52,3.82,14.91,2.94
JP-Tak,137.423111,36.146167,2009,3,18,10.96,-0.54,-0.02,3.08,19.31,0
JP-Tak,137.423111,36.146167,2009,3,19,12.04,1.52,6.44,3.36,16.11,1.36
JP-Tak,137.423111,36.146167,2009,3,20,8.18,-4.12,1.55,4.71,10.98,10.55
JP-Tak,137.423111,36.146167,2009,3,21,10.86,-4.45,-2.23,3.22,20.62,0.07
JP-Tak,137.423111,36.146167,2009,3,22,9.93,1.28,6.01,7.15,4.67,24.91
JP-Tak,137.423111,36.146167,2009,3,23,1.83,-4.91,-4.3,6.59,15.33,1.05
JP-Tak,137.423111,36.146167,2009,3,24,5.81,-4.18,-4.18,2.73,19.05,0.03
JP-Tak,137.423111,36.146167,2009,3,25,1.85,-5.53,-2.98,4.21,8.09,2.3
JP-Tak,137.423111,36.146167,2009,3,26,-1.06,-7.28,-6.09,4.99,11.18,2.24
JP-Tak,137.423111,36.146167,2009,3,27,0.77,-6.11,-4.7,5.07,9.87,3.86
JP-Tak,137.423111,36.146167,2009,3,28,0.52,-7.41,-7.37,3.78,17.2,0.36
JP-Tak,137.423111,36.146167,2009,3,29,1.64,-7.01,-6.49,3.41,16.4,0.06
JP-Tak,137.423111,36.146167,2009,3,30,5.51,-4.75,-4.19,1.59,22.5,0.01
JP-Tak,137.423111,36.146167,2009,3,31,5.59,-3.71,-1.35,2.53,16.94,0.18
JP-Tak,137.423111,36.146167,2009,4,1,5.65,-3.3,-0.56,3.12,8.45,5.06
JP-Tak,137.423111,36.146167,2009,4,2,1.48,-5.26,-5,6.37,17.29,0.73
JP-Tak,137.423111,36.146167,2009,4,3,9.46,-5.23,-3.32,2.47,22.34,0
JP-Tak,137.423111,36.146167,2009,4,4,7.96,-0.63,-0.26,2.65,5.86,5.94
JP-Tak,137.423111,36.146167,2009,4,5,8.76,-0.41,-0.55,3.22,19.08,0.15
JP-Tak,137.423111,36.146167,2009,4,6,10.42,-0.63,-1.21,2.18,22.23,0
JP-Tak,137.423111,36.146167,2009,4,7,12.42,-1.19,-0.81,1.68,23.07,0
JP-Tak,137.423111,36.146167,2009,4,8,13.24,1.42,-0.42,1.79,22.15,0
JP-Tak,137.423111,36.146167,2009,4,9,16,0.29,-0.02,1.73,23.88,0
JP-Tak,137.423111,36.146167,2009,4,10,16.09,1.37,1.66,2.07,24.9,0
JP-Tak,137.423111,36.146167,2009,4,11,18.7,2.57,1.88,1.38,23.08,0
JP-Tak,137.423111,36.146167,2009,4,12,15.71,5.11,4.36,1.83,23.39,0
JP-Tak,137.423111,36.146167,2009,4,13,15.26,4.53,5.4,2.27,21.31,0.01
JP-Tak,137.423111,36.146167,2009,4,14,12.16,5.64,7.76,3.41,4.94,30.14
JP-Tak,137.423111,36.146167,2009,4,15,12.1,1.55,4.09,4.15,13.18,2.67
JP-Tak,137.423111,36.146167,2009,4,16,13.24,2.39,3.32,2.74,15.92,0.57
JP-Tak,137.423111,36.146167,2009,4,17,13.84,3.05,4.66,1.95,11.81,2.92
JP-Tak,137.423111,36.146167,2009,4,18,16.25,1.68,2.5,2.15,25.35,0
JP-Tak,137.423111,36.146167,2009,4,19,18.92,2.28,3.76,2.03,23.1,0
JP-Tak,137.423111,36.146167,2009,4,20,16.6,5.81,7.5,2.71,16.84,0.64
JP-Tak,137.423111,36.146167,2009,4,21,15.5,5.54,9.04,6.51,10.39,15.48
JP-Tak,137.423111,36.146167,2009,4,22,10.61,1.17,3.68,5.08,18.18,0.52
JP-Tak,137.423111,36.146167,2009,4,23,8.93,0.98,1.17,4.71,17.23,0.06
JP-Tak,137.423111,36.146167,2009,4,24,9.93,1.07,4.52,2.26,17.92,0.11
JP-Tak,137.423111,36.146167,2009,4,25,8.31,4.67,6,3.97,3.11,31.88
JP-Tak,137.423111,36.146167,2009,4,26,6.13,-0.68,1.81,7.73,10.89,7.37
JP-Tak,137.423111,36.146167,2009,4,27,4.73,-2.82,-1.79,5.73,19.19,0.67
JP-Tak,137.423111,36.146167,2009,4,28,8.48,-3.29,-3.21,2.78,25.37,0
JP-Tak,137.423111,36.146167,2009,4,29,12.29,-1.43,-0.75,2.31,26.86,0.02
JP-Tak,137.423111,36.146167,2009,4,30,14.37,1.47,0.5,1.95,27.04,0
JP-Tak,137.423111,36.146167,2009,5,1,16.44,2.73,3.82,1.44,24.5,0
JP-Tak,137.423111,36.146167,2009,5,2,17.3,4.92,4.97,2.03,25.22,0
JP-Tak,137.423111,36.146167,2009,5,3,15.69,4.36,6.37,2.04,18.07,0
JP-Tak,137.423111,36.146167,2009,5,4,12.71,6.45,7.56,1.6,13.71,0.09
JP-Tak,137.423111,36.146167,2009,5,5,12.75,6.28,7.57,2.24,13.3,9.2
JP-Tak,137.423111,36.146167,2009,5,6,13.75,6.03,7.76,3.04,7.58,15.19
JP-Tak,137.423111,36.146167,2009,5,7,15.85,6.81,9.02,2.75,7.89,21.55
JP-Tak,137.423111,36.146167,2009,5,8,17.33,6.47,9.11,3.28,12.52,4.54
JP-Tak,137.423111,36.146167,2009,5,9,21.86,5.37,8.02,2,25.43,0
JP-Tak,137.423111,36.146167,2009,5,10,22.34,9.65,8.12,2.24,23.29,0
JP-Tak,137.423111,36.146167,2009,5,11,20.94,10.33,4.61,2.11,24.04,0
JP-Tak,137.423111,36.146167,2009,5,12,19.86,10.43,9.04,3.37,13.75,1.14
JP-Tak,137.423111,36.146167,2009,5,13,15.35,0.76,5.94,3.99,16.64,2.55
JP-Tak,137.423111,36.146167,2009,5,14,12.18,0.51,-1.1,5,24.76,0
JP-Tak,137.423111,36.146167,2009,5,15,14.35,-1.31,3.14,2.86,24.33,0
JP-Tak,137.423111,36.146167,2009,5,16,11.02,5.28,6.78,2.47,10.48,4.52
JP-Tak,137.423111,36.146167,2009,5,17,15.87,8.42,12.12,6.92,4.38,28.62
JP-Tak,137.423111,36.146167,2009,5,18,17.7,5.67,5.53,4.07,29.8,0.41
JP-Tak,137.423111,36.146167,2009,5,19,17.52,8.25,5.09,2.14,22.84,0
JP-Tak,137.423111,36.146167,2009,5,20,21.55,7.77,4.92,1.83,27.84,0
JP-Tak,137.423111,36.146167,2009,5,21,19.28,9.36,6.72,2.4,17.29,0.03
JP-Tak,137.423111,36.146167,2009,5,22,17.1,8.86,9.82,5.48,11.73,1.87
JP-Tak,137.423111,36.146167,2009,5,23,19.17,8.79,9.79,2.63,20.8,0.01
JP-Tak,137.423111,36.146167,2009,5,24,15.37,8.27,9.66,1.56,8.84,5.01
JP-Tak,137.423111,36.146167,2009,5,25,18.85,6.83,7.09,2.51,18.79,0.17
JP-Tak,137.423111,36.146167,2009,5,26,20.7,6.64,6.56,1.35,21.45,0
JP-Tak,137.423111,36.146167,2009,5,27,19.11,10.37,9.91,1.09,16.1,0.52
JP-Tak,137.423111,36.146167,2009,5,28,13.87,8.82,8.32,5.78,12.08,3.69
JP-Tak,137.423111,36.146167,2009,5,29,19.31,8.78,11.21,3.9,19.94,6.19
JP-Tak,137.423111,36.146167,2009,5,30,19.85,8.44,11.38,1.64,13.88,3.62
JP-Tak,137.423111,36.146167,2009,5,31,18.42,7.02,10.99,2.65,8.65,9.89
JP-Tak,137.423111,36.146167,2009,6,1,15.85,5.43,5.73,2.76,23.3,0.27
JP-Tak,137.423111,36.146167,2009,6,2,19.99,5.68,6.5,2.44,24.51,0
JP-Tak,137.423111,36.146167,2009,6,3,15.38,8.36,7.39,2.84,10.31,0.03
JP-Tak,137.423111,36.146167,2009,6,4,19.09,7.95,10.29,1.25,17.24,0.19
JP-Tak,137.423111,36.146167,2009,6,5,16.33,9.69,11.28,1.73,7.79,5.31
JP-Tak,137.423111,36.146167,2009,6,6,21.07,8.55,11.64,2.21,15.67,0.74
JP-Tak,137.423111,36.146167,2009,6,7,20.71,9.78,11.55,2.41,19.48,0
JP-Tak,137.423111,36.146167,2009,6,8,20.15,11.31,11.4,1.91,19.23,0.04
JP-Tak,137.423111,36.146167,2009,6,9,18.31,10.09,11.36,2,17.87,0.13
JP-Tak,137.423111,36.146167,2009,6,10,17.26,11.33,12,3.69,7.88,6.46
JP-Tak,137.423111,36.146167,2009,6,11,16.9,5.94,10.81,5.12,13.6,14.42
JP-Tak,137.423111,36.146167,2009,6,12,19.14,6.06,7.87,2.69,23.91,0
JP-Tak,137.423111,36.146167,2009,6,13,19.9,9.44,12.54,3.23,16.1,0.07
JP-Tak,137.423111,36.146167,2009,6,14,20.16,11.49,11.58,2.06,13.24,0.68
JP-Tak,137.423111,36.146167,2009,6,15,20.13,9.85,10.96,1.98,18.58,1.35
JP-Tak,137.423111,36.146167,2009,6,16,18.54,10.92,12.25,1.61,15.99,4.84
JP-Tak,137.423111,36.146167,2009,6,17,18.68,10.72,10.77,2.13,19.94,0.03
JP-Tak,137.423111,36.146167,2009,6,18,18.74,11.96,12.01,1.57,6.35,2.68
JP-Tak,137.423111,36.146167,2009,6,19,23.41,11.4,12.95,1.21,24.25,0
JP-Tak,137.423111,36.146167,2009,6,20,22.14,12.51,13.89,2.33,21.78,2.22
JP-Tak,137.423111,36.146167,2009,6,21,24.16,14.89,17.27,2.17,15.88,18.16
JP-Tak,137.423111,36.146167,2009,6,22,21.58,16.2,18.17,4.09,6.1,43.01
JP-Tak,137.423111,36.146167,2009,6,23,21.94,13.93,15.06,3.59,21.82,14.81
JP-Tak,137.423111,36.146167,2009,6,24,22.64,13.55,13.94,2.41,20.53,6.58
JP-Tak,137.423111,36.146167,2009,6,25,22.56,13.54,10.97,1.51,23.02,0
JP-Tak,137.423111,36.146167,2009,6,26,23.74,13.29,12.23,1.71,25.68,0
JP-Tak,137.423111,36.146167,2009,6,27,26.05,13.84,13.25,0.99,22.01,0.02
JP-Tak,137.423111,36.146167,2009,6,28,22.43,14.05,14.37,1.73,18.57,0.2
JP-Tak,137.423111,36.146167,2009,6,29,21.99,13.61,13.15,2.93,14.16,19.19
JP-Tak,137.423111,36.146167,2009,6,30,22.13,14.38,14.76,2.38,14.65,12
JP-Tak,137.423111,36.146167,2009,7,1,22.81,14.34,17.86,4.76,6.49,19.47
JP-Tak,137.423111,36.146167,2009,7,2,22.12,14.98,15.75,1.49,13.41,5.19
JP-Tak,137.423111,36.146167,2009,7,3,21.09,14.04,14.75,2.53,15.92,3.11
JP-Tak,137.423111,36.146167,2009,7,4,21.33,12.62,14.07,1.83,16.37,6.03
JP-Tak,137.423111,36.146167,2009,7,5,21.16,12.79,14.44,2.37,19.41,0.74
JP-Tak,137.423111,36.146167,2009,7,6,21.06,13.78,15.94,2.46,13.48,12.45
JP-Tak,137.423111,36.146167,2009,7,7,23.34,15.55,17.16,3.72,13.38,12.33
JP-Tak,137.423111,36.146167,2009,7,8,22.21,17.09,18.25,5.47,7.09,20
JP-Tak,137.423111,36.146167,2009,7,9,21.13,18,19.1,5.04,5.69,14.9
JP-Tak,137.423111,36.146167,2009,7,10,22.39,15.67,17.78,5.75,10.22,7.47
JP-Tak,137.423111,36.146167,2009,7,11,20.93,13.98,13.86,1.66,17.82,0.05
JP-Tak,137.423111,36.146167,2009,7,12,21.87,14.72,15.24,2.38,12.14,0.06
JP-Tak,137.423111,36.146167,2009,7,13,22.36,16.67,18.14,5.87,10.09,2.58
JP-Tak,137.423111,36.146167,2009,7,14,24.75,16.45,18.07,2.35,18.92,0
JP-Tak,137.423111,36.146167,2009,7,15,24.26,17.25,18.17,5.15,18.2,0.17
JP-Tak,137.423111,36.146167,2009,7,16,23.11,12.94,15.64,2.92,22.59,2.62
JP-Tak,137.423111,36.146167,2009,7,17,23.94,16.55,18.02,2.96,8.9,46.13
JP-Tak,137.423111,36.146167,2009,7,18,21.79,16.46,17.87,2.77,6.27,12.21
JP-Tak,137.423111,36.146167,2009,7,19,23.91,15.48,18.68,4.87,8.75,6.18
JP-Tak,137.423111,36.146167,2009,7,20,23.34,14,16.1,1.6,18.9,0.16
JP-Tak,137.423111,36.146167,2009,7,21,21.34,17.04,18.23,3.65,5.98,23.02
JP-Tak,137.423111,36.146167,2009,7,22,21.96,15.55,16.58,2.09,17.47,8.98
JP-Tak,137.423111,36.146167,2009,7,23,25.38,14.5,17.39,1.91,17.1,0.69
JP-Tak,137.423111,36.146167,2009,7,24,22.77,15.5,17.91,2.62,14.09,4.25
JP-Tak,137.423111,36.146167,2009,7,25,22.74,16.01,18.29,4.09,9.19,12.03
JP-Tak,137.423111,36.146167,2009,7,26,22.09,17.09,17.83,3.16,10.28,16.13
JP-Tak,137.423111,36.146167,2009,7,27,20.61,16.32,17.43,3.43,8.75,24.15
JP-Tak,137.423111,36.146167,2009,7,28,23.1,16.12,17.82,2.16,13.54,25.58
JP-Tak,137.423111,36.146167,2009,7,29,22.73,17.35,19.37,3.54,9.31,26.46
JP-Tak,137.423111,36.146167,2009,7,30,26.21,17.97,19.62,2,14.71,4.88
JP-Tak,137.423111,36.146167,2009,7,31,25.1,17.04,18.96,2.29,12.32,7.86
JP-Tak,137.423111,36.146167,2009,8,1,22.2,17.12,18.1,2.36,8.18,24.86
JP-Tak,137.423111,36.146167,2009,8,2,20.84,16.48,17.19,1.56,9.52,38.39
JP-Tak,137.423111,36.146167,2009,8,3,26.51,15.2,16.81,0.84,21.02,0.18
JP-Tak,137.423111,36.146167,2009,8,4,27.28,16.7,18.18,0.98,18.21,0.06
JP-Tak,137.423111,36.146167,2009,8,5,26.21,18.21,19.36,1.85,15.64,0.83
JP-Tak,137.423111,36.146167,2009,8,6,27.47,18.73,19.98,1.19,16.01,5
JP-Tak,137.423111,36.146167,2009,8,7,23.01,19.64,20.1,1.98,6.74,20.98
JP-Tak,137.423111,36.146167,2009,8,8,26.82,18.78,19.91,1.42,15.7,7.41
JP-Tak,137.423111,36.146167,2009,8,9,25.44,18.44,18.84,1.72,9.89,6.48
JP-Tak,137.423111,36.146167,2009,8,10,22.66,18.23,19.8,2.47,8.66,21.29
JP-Tak,137.423111,36.146167,2009,8,11,26.8,18.04,19.96,2.2,15.55,0.76
JP-Tak,137.423111,36.146167,2009,8,12,26.48,16.85,19.31,1.99,21.25,0.26
JP-Tak,137.423111,36.146167,2009,8,13,25.61,19.16,20.77,3.04,8.59,3.02
JP-Tak,137.423111,36.146167,2009,8,14,26.24,17.23,18.2,2.19,19.56,0.71
JP-Tak,137.423111,36.146167,2009,8,15,25.48,17.52,18.35,1.36,17.44,0.36
JP-Tak,137.423111,36.146167,2009,8,16,25.38,18.08,16.34,1.15,23.91,0.28
JP-Tak,137.423111,36.146167,2009,8,17,26.17,16.56,15.52,1.22,23.58,0.11
JP-Tak,137.423111,36.146167,2009,8,18,25.95,15.82,17.06,0.89,21.33,4.12
JP-Tak,137.423111,36.146167,2009,8,19,25.26,16.31,17.15,0.96,18.18,0.21
JP-Tak,137.423111,36.146167,2009,8,20,24.09,16.07,16.25,2.19,20.53,0.01
JP-Tak,137.423111,36.146167,2009,8,21,23.67,16.05,18.76,3.16,7.61,9.32
JP-Tak,137.423111,36.146167,2009,8,22,23.26,16.26,14.12,2.21,21.85,1.81
JP-Tak,137.423111,36.146167,2009,8,23,22.31,11.42,12.27,2,19.81,0
JP-Tak,137.423111,36.146167,2009,8,24,20.69,9.93,11.32,2.67,20.02,0.82
JP-Tak,137.423111,36.146167,2009,8,25,20.82,12.04,13.67,1.81,18.08,0
JP-Tak,137.423111,36.146167,2009,8,26,21.74,13.3,14.22,1.79,21.11,0
JP-Tak,137.423111,36.146167,2009,8,27,22.8,13.01,14.5,1.98,15.38,0
JP-Tak,137.423111,36.146167,2009,8,28,21.96,13.85,14.76,2.25,11.51,0.7
JP-Tak,137.423111,36.146167,2009,8,29,22.02,14.97,17.11,1.55,12.91,8.18
JP-Tak,137.423111,36.146167,2009,8,30,24.4,15.12,16.93,1.68,10.79,0.28
JP-Tak,137.423111,36.146167,2009,8,31,22.12,15.06,16.53,2.35,8.65,2.18
JP-Tak,137.423111,36.146167,2009,9,1,24.98,14.27,16.12,1.58,16.14,0.18
JP-Tak,137.423111,36.146167,2009,9,2,24.32,15.56,16.79,1.69,14.54,0.27
JP-Tak,137.423111,36.146167,2009,9,3,22.22,15.99,16.98,1.04,10.36,3.37
JP-Tak,137.423111,36.146167,2009,9,4,20.49,16.07,16.73,1.29,10.66,3.48
JP-Tak,137.423111,36.146167,2009,9,5,23.99,14.2,15.83,1.09,16.29,0.04
JP-Tak,137.423111,36.146167,2009,9,6,24.2,15.09,15.89,1.03,18.97,0
JP-Tak,137.423111,36.146167,2009,9,7,24.69,15.44,16.53,1.17,20.24,0
JP-Tak,137.423111,36.146167,2009,9,8,24.67,14.34,15.87,2.42,11.04,0.01
JP-Tak,137.423111,36.146167,2009,9,9,19.45,8.35,10.34,2.74,14.33,0.01
JP-Tak,137.423111,36.146167,2009,9,10,17.48,8,9.09,3.21,17.71,0
JP-Tak,137.423111,36.146167,2009,9,11,19.05,8.17,9.22,1.6,19.39,0.07
JP-Tak,137.423111,36.146167,2009,9,12,17.3,10.59,12.88,2.69,2.95,21.35
JP-Tak,137.423111,36.146167,2009,9,13,17.15,8.2,10.66,3.74,15.26,1.83
JP-Tak,137.423111,36.146167,2009,9,14,19.83,6.91,10.32,2.03,21.24,0.07
JP-Tak,137.423111,36.146167,2009,9,15,16.28,11.14,12.08,1.85,4.8,3.29
JP-Tak,137.423111,36.146167,2009,9,16,19.44,9.56,10.7,2.55,16.31,0.02
JP-Tak,137.423111,36.146167,2009,9,17,20.01,11.32,12.88,1.73,21.27,0
JP-Tak,137.423111,36.146167,2009,9,18,20.01,11.42,12.29,1.03,14.69,0
JP-Tak,137.423111,36.146167,2009,9,19,19.88,9.09,10.55,3.55,14.5,0
JP-Tak,137.423111,36.146167,2009,9,20,19.36,7.7,8.51,3.58,21.65,0
JP-Tak,137.423111,36.146167,2009,9,21,18.8,8.59,11.92,2.59,18.83,0
JP-Tak,137.423111,36.146167,2009,9,22,19.94,11.53,13.73,1.96,6.24,0.28
JP-Tak,137.423111,36.146167,2009,9,23,20.04,13.48,14.22,0.89,6.52,0.63
JP-Tak,137.423111,36.146167,2009,9,24,22.86,11.58,13.92,1.24,18.79,0
JP-Tak,137.423111,36.146167,2009,9,25,23.27,13.23,14.32,0.79,15.76,0.01
JP-Tak,137.423111,36.146167,2009,9,26,22.07,13.56,13.5,1.63,13.92,0.24
JP-Tak,137.423111,36.146167,2009,9,27,19.54,12.11,13.25,1.59,15.16,0.99
JP-Tak,137.423111,36.146167,2009,9,28,18.32,10.7,11.89,3.42,7.3,1.65
JP-Tak,137.423111,36.146167,2009,9,29,18.68,13.77,15.03,1.14,5.64,13.92
JP-Tak,137.423111,36.146167,2009,9,30,16.8,12.43,13.57,1.21,5.52,12.44
JP-Tak,137.423111,36.146167,2009,10,1,20.67,12.15,13.47,1.61,15.96,0.08
JP-Tak,137.423111,36.146167,2009,10,2,18.23,11.93,14.89,4.2,3.8,26.56
JP-Tak,137.423111,36.146167,2009,10,3,18.79,8.64,11.77,2.73,12.82,6.11
JP-Tak,137.423111,36.146167,2009,10,4,17.8,7.21,6.4,1.65,19.81,0
JP-Tak,137.423111,36.146167,2009,10,5,15.05,7.43,7.2,1.25,11.15,1.59
JP-Tak,137.423111,36.146167,2009,10,6,15.23,8.36,8.78,1.19,6.35,5.03
JP-Tak,137.423111,36.146167,2009,10,7,13.93,8.84,9.79,3.11,3.87,22.45
JP-Tak,137.423111,36.146167,2009,10,8,13.64,7.02,9.08,8.26,4.3,45.56
JP-Tak,137.423111,36.146167,2009,10,9,12.22,5.61,5.95,3.82,10.71,0.85
JP-Tak,137.423111,36.146167,2009,10,10,12.12,4.98,5.98,2.06,12.38,0.95
JP-Tak,137.423111,36.146167,2009,10,11,13.19,3.48,4.6,2.92,15.63,0.08
JP-Tak,137.423111,36.146167,2009,10,12,13.98,3.94,5.74,1.99,18.21,0
JP-Tak,137.423111,36.146167,2009,10,13,14.73,4.1,6.13,2.32,11.31,0.11
JP-Tak,137.423111,36.146167,2009,10,14,14.79,5.02,5.55,1.64,10.38,0.16
JP-Tak,137.423111,36.146167,2009,10,15,15.43,4.62,6.6,1.51,17.81,0
JP-Tak,137.423111,36.146167,2009,10,16,13.85,6.05,6.18,1.77,15.76,0.01
JP-Tak,137.423111,36.146167,2009,10,17,12.65,6.22,8.5,3.26,8.87,5.15
JP-Tak,137.423111,36.146167,2009,10,18,12.58,4.86,6.64,2.89,9,1.9
JP-Tak,137.423111,36.146167,2009,10,19,13.39,4.21,5.51,3.06,16.7,0.01
JP-Tak,137.423111,36.146167,2009,10,20,11.49,2.74,6.28,4.09,7.79,0.16
JP-Tak,137.423111,36.146167,2009,10,21,13.53,2.29,4.1,2.46,15.35,0.01
JP-Tak,137.423111,36.146167,2009,10,22,15.49,4.56,5.81,1.6,13.18,0.05
JP-Tak,137.423111,36.146167,2009,10,23,15.23,4.53,4.17,1.27,15.96,0
JP-Tak,137.423111,36.146167,2009,10,24,13.94,6.39,4.1,1.1,5.74,0.06
JP-Tak,137.423111,36.146167,2009,10,25,13.45,4.82,6.19,2.86,10.13,0.07
JP-Tak,137.423111,36.146167,2009,10,26,11.13,6.29,7.43,3,2.64,21.29
JP-Tak,137.423111,36.146167,2009,10,27,10.92,3.98,5.78,3.88,8.28,2.39
JP-Tak,137.423111,36.146167,2009,10,28,14.66,3.54,5.18,1.96,14.46,0.01
JP-Tak,137.423111,36.146167,2009,10,29,14.89,5.23,6.86,1.56,13.46,0
JP-Tak,137.423111,36.146167,2009,10,30,14.73,6.16,5.71,1.64,13.72,0
JP-Tak,137.423111,36.146167,2009,10,31,15.99,4.39,6.41,2.52,14.55,0
JP-Tak,137.423111,36.146167,2009,11,1,15.6,5.14,9.86,4.6,6.79,19.23
JP-Tak,137.423111,36.146167,2009,11,2,11.02,-3.07,2.76,4.46,5.31,7.53
JP-Tak,137.423111,36.146167,2009,11,3,1.7,-4.26,-4.82,3.86,9.82,0.73
JP-Tak,137.423111,36.146167,2009,11,4,8.21,-3.93,-1.46,2.15,12.59,0
JP-Tak,137.423111,36.146167,2009,11,5,7.69,1.59,3.67,1.95,8.4,0
JP-Tak,137.423111,36.146167,2009,11,6,14.02,2.45,3.65,1.35,14.25,0
JP-Tak,137.423111,36.146167,2009,11,7,14.21,2.01,3.35,0.99,13.72,0
JP-Tak,137.423111,36.146167,2009,11,8,14.55,4.62,5.51,0.94,9.28,0
JP-Tak,137.423111,36.146167,2009,11,9,13.82,6.62,6.85,1.05,6.79,0
JP-Tak,137.423111,36.146167,2009,11,10,13.46,5.19,7.55,1.28,9,9.58
JP-Tak,137.423111,36.146167,2009,11,11,12.71,4.89,7.35,3.91,3.48,59.56
JP-Tak,137.423111,36.146167,2009,11,12,9.65,2.51,3.89,3.1,6.6,0.1
JP-Tak,137.423111,36.146167,2009,11,13,10.36,3,4.13,3.52,6.26,0.56
JP-Tak,137.423111,36.146167,2009,11,14,12.67,4.84,7.39,4.43,4.6,33.63
JP-Tak,137.423111,36.146167,2009,11,15,5.42,-0.79,1.02,5.52,7.51,0.82
JP-Tak,137.423111,36.146167,2009,11,16,5.13,-0.68,-0.48,3.13,7.46,0.37
JP-Tak,137.423111,36.146167,2009,11,17,3.06,-0.07,1.04,1.32,2.25,16
JP-Tak,137.423111,36.146167,2009,11,18,2.59,-4.9,-2.38,3.65,6.18,4.12
JP-Tak,137.423111,36.146167,2009,11,19,5.1,-1.34,0.22,2.7,6.95,0.72
JP-Tak,137.423111,36.146167,2009,11,20,7.26,-1.26,-0.64,2.14,6.66,0.59
JP-Tak,137.423111,36.146167,2009,11,21,3.47,-3.57,-1.23,3.69,6.12,1.7
JP-Tak,137.423111,36.146167,2009,11,22,5.37,-3.56,-0.54,2.26,8.89,2.32
JP-Tak,137.423111,36.146167,2009,11,23,7.49,-0.87,0.3,1.88,10.68,0.44
JP-Tak,137.423111,36.146167,2009,11,24,7.71,-0.63,1.08,1.94,7.67,2.52
JP-Tak,137.423111,36.146167,2009,11,25,10.99,2.56,4.61,1.43,7.14,8.18
JP-Tak,137.423111,36.146167,2009,11,26,10.72,1.44,2,1.75,10.45,0.13
JP-Tak,137.423111,36.146167,2009,11,27,9.35,1.76,4.79,2.73,9.22,0.33
JP-Tak,137.423111,36.146167,2009,11,28,7.54,-3.05,1.07,2.82,5.64,1.68
JP-Tak,137.423111,36.146167,2009,11,29,6.83,-2.15,1.09,1.51,7.08,3.96
JP-Tak,137.423111,36.146167,2009,11,30,8.35,-1.28,0.74,1.62,6.91,0.62
JP-Tak,137.423111,36.146167,2009,12,1,8.34,-1.46,-0.98,1.56,11.31,0.01
JP-Tak,137.423111,36.146167,2009,12,2,8.78,-1.49,-1.56,1.13,11.21,0
JP-Tak,137.423111,36.146167,2009,12,3,8.2,-1.68,0.72,1.89,1.91,7.68
JP-Tak,137.423111,36.146167,2009,12,4,5.58,-0.66,0.06,4.15,6.12,2.39
JP-Tak,137.423111,36.146167,2009,12,5,6.53,-0.12,2.32,4.11,3.95,8.67
JP-Tak,137.423111,36.146167,2009,12,6,2.96,-2.8,-1.35,4.59,6.94,1.51
JP-Tak,137.423111,36.146167,2009,12,7,0.99,-4.55,-4.25,5.15,6.24,0.41
JP-Tak,137.423111,36.146167,2009,12,8,6.48,-5.3,-1.5,2.1,11.28,0
JP-Tak,137.423111,36.146167,2009,12,9,6.65,-0.5,0.58,0.97,6.15,0
JP-Tak,137.423111,36.146167,2009,12,10,7.7,-1.57,1.24,1.86,8.54,0.11
JP-Tak,137.423111,36.146167,2009,12,11,2.41,0.3,0.75,2.97,2.92,24.32
JP-Tak,137.423111,36.146167,2009,12,12,5.66,-2.09,2.26,2.69,4.31,2.02
JP-Tak,137.423111,36.146167,2009,12,13,4.87,-3.26,-1.53,2.36,4.48,0.15
JP-Tak,137.423111,36.146167,2009,12,14,3.43,-4.5,-1.93,3.02,5.35,2.82
JP-Tak,137.423111,36.146167,2009,12,15,-0.19,-6.51,-5.05,3.18,6.09,1.83
JP-Tak,137.423111,36.146167,2009,12,16,0.02,-4.93,-4.23,2.61,5.86,3.26
JP-Tak,137.423111,36.146167,2009,12,17,-2.28,-6.08,-5.61,5.1,4.35,5.82
JP-Tak,137.423111,36.146167,2009,12,18,-4.79,-7.42,-7.35,6.27,2.66,11.04
JP-Tak,137.423111,36.146167,2009,12,19,-4.55,-10.43,-7.65,4.28,3.67,12.85
JP-Tak,137.423111,36.146167,2009,12,20,-4.42,-6.59,-5.99,5.48,5.12,6.41
JP-Tak,137.423111,36.146167,2009,12,21,-4.79,-10.5,-8.34,4.67,5.45,2.86
JP-Tak,137.423111,36.146167,2009,12,22,-2.19,-11.83,-6.36,2.94,6.35,0.35
JP-Tak,137.423111,36.146167,2009,12,23,-1.34,-4.16,-3.01,2.47,4.97,0.84
JP-Tak,137.423111,36.146167,2009,12,24,-0.11,-8.11,-4.54,2.22,6.99,0.41
JP-Tak,137.423111,36.146167,2009,12,25,2.75,-8.26,-5.37,2.07,9.36,0.04
JP-Tak,137.423111,36.146167,2009,12,26,0.98,-3.53,-1.26,4.06,4.24,1.42
JP-Tak,137.423111,36.146167,2009,12,27,2.89,-7.14,-3.63,2.82,7.15,0.27
JP-Tak,137.423111,36.146167,2009,12,28,1.42,-5.33,-2.47,5.57,4.06,4.58
JP-Tak,137.423111,36.146167,2009,12,29,-0.13,-8.19,-6.53,1.85,9.32,0.24
JP-Tak,137.423111,36.146167,2009,12,30,0.26,-8.79,-5.21,3.7,5.44,2.51
JP-Tak,137.423111,36.146167,2009,12,31,-4.05,-10.23,-7.61,6.46,2.87,11.02
JP-Tak,137.423111,36.146167,2010,1,1,-5.59,-9.49,-8.4,6.67,3.93,8.49
JP-Tak,137.423111,36.146167,2010,1,2,-3.36,-6.83,-5.99,5.65,4.08,4.18
JP-Tak,137.423111,36.146167,2010,1,3,-2.91,-9.78,-6.14,4.59,4.38,5.3
JP-Tak,137.423111,36.146167,2010,1,4,-1.66,-10.06,-7.52,3.02,7.36,2.19
JP-Tak,137.423111,36.146167,2010,1,5,0.15,-8.01,-4.87,6.46,3.28,8.67
JP-Tak,137.423111,36.146167,2010,1,6,-4.97,-9.21,-8.04,5.36,4.49,4.53
JP-Tak,137.423111,36.146167,2010,1,7,-2.8,-8.05,-5.52,4.33,6.2,5.98
JP-Tak,137.423111,36.146167,2010,1,8,-2.64,-9.53,-7.35,2.47,7.3,1.52
JP-Tak,137.423111,36.146167,2010,1,9,-2.8,-8.66,-7.28,3.01,6.79,1.67
JP-Tak,137.423111,36.146167,2010,1,10,-2.19,-9.78,-6.25,3.51,5.72,2.11
JP-Tak,137.423111,36.146167,2010,1,11,-0.96,-9.73,-7.02,1.8,7.17,0.24
JP-Tak,137.423111,36.146167,2010,1,12,-0.93,-5.99,-3.54,2.08,2.74,4.29
JP-Tak,137.423111,36.146167,2010,1,13,-5.62,-10.11,-9.11,6.78,3.72,6.83
JP-Tak,137.423111,36.146167,2010,1,14,-6.29,-10.85,-9.63,4.26,4.8,6.42
JP-Tak,137.423111,36.146167,2010,1,15,-4.67,-10.55,-8.13,4.34,4.54,5.17
JP-Tak,137.423111,36.146167,2010,1,16,-7.35,-14.86,-11.85,3.56,8.83,0.68
JP-Tak,137.423111,36.146167,2010,1,17,-3.81,-14.84,-10.5,2.34,8.14,0.19
JP-Tak,137.423111,36.146167,2010,1,18,-1.82,-14.11,-7.55,2.34,7.95,0.06
JP-Tak,137.423111,36.146167,2010,1,19,1.55,-8.42,-7.11,2.25,11.3,0.01
JP-Tak,137.423111,36.146167,2010,1,20,2.73,-8.81,-2.88,3.16,7.95,1
JP-Tak,137.423111,36.146167,2010,1,21,3.15,-8.63,-1.56,5.04,3.92,12.24
JP-Tak,137.423111,36.146167,2010,1,22,-3.86,-9.69,-8.11,5.18,8.71,0.92
JP-Tak,137.423111,36.146167,2010,1,23,-3,-7.09,-6.96,3.57,7.9,2.84
JP-Tak,137.423111,36.146167,2010,1,24,-1.06,-9.32,-7.24,2.07,9.91,0.4
JP-Tak,137.423111,36.146167,2010,1,25,-0.88,-8.61,-5.06,4.38,4.42,1.87
JP-Tak,137.423111,36.146167,2010,1,26,-4.37,-11.02,-9.12,3.98,9.1,0.21
JP-Tak,137.423111,36.146167,2010,1,27,-0.46,-11.51,-8.41,1.94,12.23,0.02
JP-Tak,137.423111,36.146167,2010,1,28,2.06,-3.98,-0.33,4.82,3.3,12.15
JP-Tak,137.423111,36.146167,2010,1,29,-1.44,-7.01,-4.98,4.92,6.79,1.97
JP-Tak,137.423111,36.146167,2010,1,30,-0.54,-7.14,-5.78,2.6,9.19,0.17
JP-Tak,137.423111,36.146167,2010,1,31,0.53,-6.26,-4.11,1.77,6.11,0.34
JP-Tak,137.423111,36.146167,2010,2,1,0.55,-6.41,-3.77,2.18,4.47,12.85
JP-Tak,137.423111,36.146167,2010,2,2,-1.89,-11.48,-6.78,4.31,7.14,1.95
JP-Tak,137.423111,36.146167,2010,2,3,-4.6,-10.23,-8.53,3.53,6.55,4
JP-Tak,137.423111,36.146167,2010,2,4,-5.33,-10.85,-9.4,3.54,8.12,2.78
JP-Tak,137.423111,36.146167,2010,2,5,-5.03,-9.84,-8.36,5.32,6.2,4.1
JP-Tak,137.423111,36.146167,2010,2,6,-8.41,-12.08,-10.5,7.64,5.49,6.14
JP-Tak,137.423111,36.146167,2010,2,7,-5.3,-14.21,-10.29,4.5,10.01,2.04
JP-Tak,137.423111,36.146167,2010,2,8,0.26,-12.02,-8.18,1.98,6.68,2.11
JP-Tak,137.423111,36.146167,2010,2,9,4.13,0.67,2.12,3.69,3.76,5.15
JP-Tak,137.423111,36.146167,2010,2,10,4.63,1.74,3.22,2.13,3.36,8.77
JP-Tak,137.423111,36.146167,2010,2,11,2.74,-2.1,-0.04,2.27,2.82,28.09
JP-Tak,137.423111,36.146167,2010,2,12,-2.21,-9.5,-6.81,3.12,4.49,2.47
JP-Tak,137.423111,36.146167,2010,2,13,-1.57,-12.68,-8.67,1.94,9.34,1.13
JP-Tak,137.423111,36.146167,2010,2,14,0.14,-12.9,-9.03,1.31,11.84,0.04
JP-Tak,137.423111,36.146167,2010,2,15,1.37,-5.45,-2.87,1.47,5.47,5.53
JP-Tak,137.423111,36.146167,2010,2,16,-1.08,-9.77,-6.53,3.55,6.42,1.53
JP-Tak,137.423111,36.146167,2010,2,17,-2.95,-10.61,-8.95,2.16,6.7,0.73
JP-Tak,137.423111,36.146167,2010,2,18,-2.3,-7.22,-6.45,3.02,10.16,1.46
JP-Tak,137.423111,36.146167,2010,2,19,-2.98,-8.18,-7.46,3.48,11.79,2.67
JP-Tak,137.423111,36.146167,2010,2,20,-3.03,-7.99,-7.03,4.11,12.51,1.19
JP-Tak,137.423111,36.146167,2010,2,21,1.4,-11.59,-8.01,1.89,14.99,0.02
JP-Tak,137.423111,36.146167,2010,2,22,1.71,-8.8,-3.48,3.3,15.38,0.01
JP-Tak,137.423111,36.146167,2010,2,23,4.82,-0.55,0.4,1.51,15.49,0.01
JP-Tak,137.423111,36.146167,2010,2,24,7.33,-1.52,-0.44,1.04,15.55,0
JP-Tak,137.423111,36.146167,2010,2,25,6.31,-1.45,1.42,3.19,13.21,0.2
JP-Tak,137.423111,36.146167,2010,2,26,7.19,4.85,5.82,5.4,2.73,38.92
JP-Tak,137.423111,36.146167,2010,2,27,6.61,3.23,3.79,3.2,10.26,11
JP-Tak,137.423111,36.146167,2010,2,28,4.36,-3.48,0.19,2.53,8.67,16.49
JP-Tak,137.423111,36.146167,2010,3,1,4.97,-3.36,0.38,2.85,7.33,8.05
JP-Tak,137.423111,36.146167,2010,3,2,9.8,2.68,3.73,2.44,10.38,5.05
JP-Tak,137.423111,36.146167,2010,3,3,2.61,-4.92,-2.38,3.85,12.92,0.36
JP-Tak,137.423111,36.146167,2010,3,4,5.96,-1.4,0.65,4.18,7.38,9.34
JP-Tak,137.423111,36.146167,2010,3,5,10.55,3.48,4.8,2.8,15.45,5.12
JP-Tak,137.423111,36.146167,2010,3,6,7.27,1.29,3.35,2.17,4.38,13.03
JP-Tak,137.423111,36.146167,2010,3,7,2.37,-3.05,-0.57,2.23,4.07,17.35
JP-Tak,137.423111,36.146167,2010,3,8,2.72,-5.87,-3.59,2.27,9.85,0.33
JP-Tak,137.423111,36.146167,2010,3,9,0.34,-6.1,-3.07,3.25,2.93,23.49
JP-Tak,137.423111,36.146167,2010,3,10,-0.39,-6.21,-3.59,5.53,7.4,8.08
JP-Tak,137.423111,36.146167,2010,3,11,-2.38,-10,-7.12,4.25,14.13,1.08
JP-Tak,137.423111,36.146167,2010,3,12,1.66,-11.36,-5.8,3.93,15.61,0.02
JP-Tak,137.423111,36.146167,2010,3,13,2.98,-4.77,0.26,4.68,4.97,1.79
JP-Tak,137.423111,36.146167,2010,3,14,6.23,-8.11,-4.61,2.11,19.83,0.01
JP-Tak,137.423111,36.146167,2010,3,15,8.57,-2.67,2.37,6.1,8.2,13.83
JP-Tak,137.423111,36.146167,2010,3,16,8.9,-4.82,1.73,6.12,8.02,16.07
JP-Tak,137.423111,36.146167,2010,3,17,0.73,-5.46,-5.42,5.2,16.04,0.19
JP-Tak,137.423111,36.146167,2010,3,18,2.49,-4.4,-3.21,2.76,11.24,1.89
JP-Tak,137.423111,36.146167,2010,3,19,4.98,-4.08,-2.88,2.67,18.56,0.39
JP-Tak,137.423111,36.146167,2010,3,20,10.96,-2.52,3.87,6.14,17.6,1.18
JP-Tak,137.423111,36.146167,2010,3,21,10.23,-5.52,-1.33,8.91,6.93,15.84
JP-Tak,137.423111,36.146167,2010,3,22,3.62,-5.84,-4.96,3.67,20,0.2
JP-Tak,137.423111,36.146167,2010,3,23,4.85,-1.44,0.01,2.47,6.4,2.98
JP-Tak,137.423111,36.146167,2010,3,24,4.54,-0.53,0.71,2.14,5.89,15.68
JP-Tak,137.423111,36.146167,2010,3,25,2.11,-6.69,-1.12,2.62,4.79,26.3
JP-Tak,137.423111,36.146167,2010,3,26,-0.01,-7.47,-6.24,3.98,11.73,2.32
JP-Tak,137.423111,36.146167,2010,3,27,0.13,-10.66,-6.93,2.87,16.1,0.64
JP-Tak,137.423111,36.146167,2010,3,28,1.36,-3.45,-2.38,2.19,10.5,3.05
JP-Tak,137.423111,36.146167,2010,3,29,-2.29,-10.1,-7.31,5.06,12.06,2.73
JP-Tak,137.423111,36.146167,2010,3,30,1.77,-10.67,-8.29,3.35,20.91,0.05
JP-Tak,137.423111,36.146167,2010,3,31,3.69,-6.72,-2.49,2.99,12.89,0.09
JP-Tak,137.423111,36.146167,2010,4,1,9.08,0.89,5.94,6.07,7.07,9.6
JP-Tak,137.423111,36.146167,2010,4,2,10.07,-3.87,2.02,5.97,8.89,22.94
JP-Tak,137.423111,36.146167,2010,4,3,2.94,-5.05,-5.3,3.89,15.18,0.26
JP-Tak,137.423111,36.146167,2010,4,4,8.55,-4.32,-0.91,2.95,23.55,0.19
JP-Tak,137.423111,36.146167,2010,4,5,8.65,1.89,4.65,2.25,9.46,1.42
JP-Tak,137.423111,36.146167,2010,4,6,12.44,-0.22,3.77,3.02,16.37,0.02
JP-Tak,137.423111,36.146167,2010,4,7,7.4,-3.72,0.5,4.31,8.6,1.38
JP-Tak,137.423111,36.146167,2010,4,8,9.06,-4.52,-2.91,2.25,23.77,0.02
JP-Tak,137.423111,36.146167,2010,4,9,8.65,-2,-0.47,2.28,19.02,0
JP-Tak,137.423111,36.146167,2010,4,10,14.45,-0.95,4.5,2.57,21.3,0.06
JP-Tak,137.423111,36.146167,2010,4,11,14.79,6.47,8.23,1.79,10.87,7.62
JP-Tak,137.423111,36.146167,2010,4,12,10.23,2.02,6.36,4.12,5.67,36.17
JP-Tak,137.423111,36.146167,2010,4,13,15.13,-1.77,5.12,4.38,14.25,4.15
JP-Tak,137.423111,36.146167,2010,4,14,2.27,-3.53,-4.64,6.44,17.77,0.67
JP-Tak,137.423111,36.146167,2010,4,15,3.88,-2.83,-2.43,2.32,10.5,1.42
JP-Tak,137.423111,36.146167,2010,4,16,5.55,-1.41,0.03,1.58,9.47,12.67
JP-Tak,137.423111,36.146167,2010,4,17,4.63,-4.77,-1.72,2.84,16.08,9.29
JP-Tak,137.423111,36.146167,2010,4,18,7.55,-4.89,-2.32,2.25,22.25,0
JP-Tak,137.423111,36.146167,2010,4,19,11.57,2.04,0.14,1.98,17.61,0
JP-Tak,137.423111,36.146167,2010,4,20,9.86,2.2,4.71,2.62,7.92,4.51
JP-Tak,137.423111,36.146167,2010,4,21,14.62,3.43,4.77,2.99,17.04,1.16
JP-Tak,137.423111,36.146167,2010,4,22,7.16,4.43,5.08,2.62,4.52,39.06
JP-Tak,137.423111,36.146167,2010,4,23,9.39,-2.2,3.11,2.58,7.26,0.95
JP-Tak,137.423111,36.146167,2010,4,24,5.2,-3.2,-3.25,3.58,20.74,0.08
JP-Tak,137.423111,36.146167,2010,4,25,8.54,-2.96,-1.74,2.17,28.49,0
JP-Tak,137.423111,36.146167,2010,4,26,11.93,-1.41,-0.73,1.93,23.83,0.03
JP-Tak,137.423111,36.146167,2010,4,27,6.32,2.45,3.46,6.58,5.76,10.82
JP-Tak,137.423111,36.146167,2010,4,28,16.07,3.84,6.16,3.67,18.33,10.06
JP-Tak,137.423111,36.146167,2010,4,29,8.6,-1.59,0.74,4.72,13.78,7
JP-Tak,137.423111,36.146167,2010,4,30,7.68,-1.71,-0.91,3.72,17.01,0.37
JP-Tak,137.423111,36.146167,2010,5,1,10.15,-0.77,0.72,3.33,23.26,0.32
JP-Tak,137.423111,36.146167,2010,5,2,14.08,1.26,1.44,2.27,23.69,0
JP-Tak,137.423111,36.146167,2010,5,3,16.53,4.6,3.74,2.44,25.57,0
JP-Tak,137.423111,36.146167,2010,5,4,19.76,5.4,8.91,2.12,20.24,0
JP-Tak,137.423111,36.146167,2010,5,5,22.76,9.23,9.78,1.86,22.26,0.1
JP-Tak,137.423111,36.146167,2010,5,6,18.26,7.88,9.5,4.92,25.34,0.26
JP-Tak,137.423111,36.146167,2010,5,7,14.84,1.91,9.56,4.66,5.72,19.39
JP-Tak,137.423111,36.146167,2010,5,8,15.96,0.78,2.77,3.21,24.96,0
JP-Tak,137.423111,36.146167,2010,5,9,14.28,1.86,1.54,2.32,22.61,0
JP-Tak,137.423111,36.146167,2010,5,10,14.2,4.44,4.72,2.09,12.84,1.66
JP-Tak,137.423111,36.146167,2010,5,11,14.28,5.81,8.09,2.03,7.95,15.7
JP-Tak,137.423111,36.146167,2010,5,12,8.91,0.56,2.67,4.8,12.41,0.86
JP-Tak,137.423111,36.146167,2010,5,13,8.88,0.5,1.01,4.9,16.51,1.31
JP-Tak,137.423111,36.146167,2010,5,14,10.04,-0.62,0.96,3.84,16.95,0.77
JP-Tak,137.423111,36.146167,2010,5,15,14.97,-1.47,2.07,1.96,29.22,0
JP-Tak,137.423111,36.146167,2010,5,16,14.74,6.14,6.83,2.39,26.49,0
JP-Tak,137.423111,36.146167,2010,5,17,19.9,5.11,7.42,1.33,27.35,0
JP-Tak,137.423111,36.146167,2010,5,18,17.78,6.03,7.82,2.53,24.51,0.06
JP-Tak,137.423111,36.146167,2010,5,19,14.61,9.89,11.17,4.18,8.3,13
JP-Tak,137.423111,36.146167,2010,5,20,20.86,9.19,12.94,2.51,12.22,6.42
JP-Tak,137.423111,36.146167,2010,5,21,20.63,6.74,7.55,2.68,28.16,0
JP-Tak,137.423111,36.146167,2010,5,22,20.79,8.17,8.55,2.02,16.33,0.22
JP-Tak,137.423111,36.146167,2010,5,23,12.14,8.7,8.45,5.99,4.01,36.52
JP-Tak,137.423111,36.146167,2010,5,24,19.34,9.41,13.47,6.48,6.23,33.96
JP-Tak,137.423111,36.146167,2010,5,25,15.95,9.85,11.31,4.13,10.42,7.55
JP-Tak,137.423111,36.146167,2010,5,26,15.29,7.09,8.63,2.24,8.33,5.84
JP-Tak,137.423111,36.146167,2010,5,27,12.78,3.29,6.11,4.05,11.85,3.62
JP-Tak,137.423111,36.146167,2010,5,28,15.8,1.53,5,3.47,21.06,0.14
JP-Tak,137.423111,36.146167,2010,5,29,15.32,7.27,8.19,1.93,18.46,1.16
JP-Tak,137.423111,36.146167,2010,5,30,15.66,7.33,7.91,1.79,16.67,0.38
JP-Tak,137.423111,36.146167,2010,5,31,16.67,7.56,7.89,1.7,22.37,1.01
JP-Tak,137.423111,36.146167,2010,6,1,16.96,6.76,8.28,1.02,21.61,1.31
JP-Tak,137.423111,36.146167,2010,6,2,17.96,8.74,9.61,1.02,23.45,0.09
JP-Tak,137.423111,36.146167,2010,6,3,17.92,8.97,9.57,1.19,22.9,1.55
JP-Tak,137.423111,36.146167,2010,6,4,19.03,7.72,8.51,1.91,24.38,0.07
JP-Tak,137.423111,36.146167,2010,6,5,18.33,7.85,8.11,2.17,23.46,0.08
JP-Tak,137.423111,36.146167,2010,6,6,21.23,7.07,9.64,1.43,27.88,0
JP-Tak,137.423111,36.146167,2010,6,7,20.59,11.8,11.36,0.63,18.95,0.04
JP-Tak,137.423111,36.146167,2010,6,8,19.4,10.55,9.27,1.86,12.34,0.31
JP-Tak,137.423111,36.146167,2010,6,9,17.75,9.01,9.08,2.19,20.89,0.9
JP-Tak,137.423111,36.146167,2010,6,10,22.58,7.67,10.9,1.65,26.36,0
JP-Tak,137.423111,36.146167,2010,6,11,21.78,10.58,13.06,2.03,23.83,0
JP-Tak,137.423111,36.146167,2010,6,12,22.53,11.22,13.24,1.92,24.73,0.02
JP-Tak,137.423111,36.146167,2010,6,13,18.28,12.39,13.05,1.79,12.67,5.23
JP-Tak,137.423111,36.146167,2010,6,14,18.09,11.74,12.95,2.54,11.62,6.05
JP-Tak,137.423111,36.146167,2010,6,15,22.11,12.06,15.04,1.82,16.36,28.28
JP-Tak,137.423111,36.146167,2010,6,16,21.88,12.4,15.6,3.05,14.27,23.31
JP-Tak,137.423111,36.146167,2010,6,17,23.42,12.45,12.73,1.95,24.39,0
JP-Tak,137.423111,36.146167,2010,6,18,21.75,15.13,15.31,1.86,7.31,30.93
JP-Tak,137.423111,36.146167,2010,6,19,23.91,16.94,18.39,3.43,10.63,20.61
JP-Tak,137.423111,36.146167,2010,6,20,21.46,14.89,16.53,2.49,14.67,6.19
JP-Tak,137.423111,36.146167,2010,6,21,21.86,15.27,16.71,2.99,12.5,1.71
JP-Tak,137.423111,36.146167,2010,6,22,23.63,15.85,16.87,2.15,14.94,0.98
JP-Tak,137.423111,36.146167,2010,6,23,19.6,10.74,14.83,2.33,9.18,25.9
JP-Tak,137.423111,36.146167,2010,6,24,22.45,7.31,10.58,1.62,27.39,0
JP-Tak,137.423111,36.146167,2010,6,25,21.77,13.3,13.23,1.6,22.33,0.01
JP-Tak,137.423111,36.146167,2010,6,26,20.41,14.42,16.05,3.83,7.44,10.34
JP-Tak,137.423111,36.146167,2010,6,27,24.31,17.3,19.11,3.72,9.87,24.4
JP-Tak,137.423111,36.146167,2010,6,28,24.45,17.93,18.81,3.21,12.57,4.06
JP-Tak,137.423111,36.146167,2010,6,29,23.82,18.06,19.14,2.02,10.16,17.57
JP-Tak,137.423111,36.146167,2010,6,30,25.47,16.84,17.18,1.43,19.32,0.96
JP-Tak,137.423111,36.146167,2010,7,1,24.37,15.7,17.08,1.6,19.74,7.92
JP-Tak,137.423111,36.146167,2010,7,2,23.42,16.7,17.69,1.83,17.34,7.81
JP-Tak,137.423111,36.146167,2010,7,3,22.4,16.41,17.69,2.2,6.71,30.6
JP-Tak,137.423111,36.146167,2010,7,4,25.11,17.18,18.87,2.55,10.19,13.85
JP-Tak,137.423111,36.146167,2010,7,5,25.03,16.25,17.73,1.85,15.41,0.25
JP-Tak,137.423111,36.146167,2010,7,6,24.13,16.06,17.54,2.05,16.22,3.19
JP-Tak,137.423111,36.146167,2010,7,7,22.5,14.25,16.09,1.83,19.19,4.39
JP-Tak,137.423111,36.146167,2010,7,8,24.17,13.19,14.55,1.48,22.82,0.66
JP-Tak,137.423111,36.146167,2010,7,9,19.49,14.63,15.64,1.76,12.09,17.98
JP-Tak,137.423111,36.146167,2010,7,10,22.21,13.18,15.52,2.5,18,1.01
JP-Tak,137.423111,36.146167,2010,7,11,20.35,14.98,17.36,4.68,7.02,16.49
JP-Tak,137.423111,36.146167,2010,7,12,22.14,17.16,18.72,5.53,7.84,23.99
JP-Tak,137.423111,36.146167,2010,7,13,20.76,17.33,18.02,3.6,6.46,34.8
JP-Tak,137.423111,36.146167,2010,7,14,20.66,17.4,18.08,4.99,9.24,29.02
JP-Tak,137.423111,36.146167,2010,7,15,20.89,17.43,18.11,3.29,9.01,28.34
JP-Tak,137.423111,36.146167,2010,7,16,23.28,16.6,18.22,2.08,19.43,12.25
JP-Tak,137.423111,36.146167,2010,7,17,25.11,16.2,17.78,1.87,21.55,0.26
JP-Tak,137.423111,36.146167,2010,7,18,25.2,14.98,17.06,2.18,27.02,0.01
JP-Tak,137.423111,36.146167,2010,7,19,26.29,15.44,18.37,2,25.3,0
JP-Tak,137.423111,36.146167,2010,7,20,27.25,17.54,19.28,1.25,24.53,0.04
JP-Tak,137.423111,36.146167,2010,7,21,28.48,18.77,19.62,0.9,25.49,0.5
JP-Tak,137.423111,36.146167,2010,7,22,28.07,18.91,19.24,1.72,24.77,0.65
JP-Tak,137.423111,36.146167,2010,7,23,27.24,17.41,18.65,1.87,25.32,0.04
JP-Tak,137.423111,36.146167,2010,7,24,25.85,17.86,18.11,1.61,24.55,0.52
JP-Tak,137.423111,36.146167,2010,7,25,24.62,18.17,17.69,1.63,21.64,2.93
JP-Tak,137.423111,36.146167,2010,7,26,25.37,17.39,17.42,1.81,22,0.02
JP-Tak,137.423111,36.146167,2010,7,27,24.34,17.1,18.52,2.21,23.11,0.07
JP-Tak,137.423111,36.146167,2010,7,28,23.6,16.33,17.74,2.94,20.5,1.64
JP-Tak,137.423111,36.146167,2010,7,29,21.88,16.6,18.28,4.77,8.82,16.62
JP-Tak,137.423111,36.146167,2010,7,30,25.44,17.4,19.37,2.31,13.65,7.07
JP-Tak,137.423111,36.146167,2010,7,31,26.71,18.53,19.82,1.67,15.48,0.23
JP-Tak,137.423111,36.146167,2010,8,1,25.71,18.96,19.88,2.13,12.33,0.05
JP-Tak,137.423111,36.146167,2010,8,2,28.26,18.1,19.69,1.52,18.98,5.51
JP-Tak,137.423111,36.146167,2010,8,3,27.13,17.9,19.71,1.73,19.41,1.89
JP-Tak,137.423111,36.146167,2010,8,4,26.73,17.37,19.06,2.04,22.24,0.07
JP-Tak,137.423111,36.146167,2010,8,5,27.44,17.07,19.35,1.84,23.84,0.34
JP-Tak,137.423111,36.146167,2010,8,6,28.95,18.3,19.73,1,19.69,6.28
JP-Tak,137.423111,36.146167,2010,8,7,25.67,16.63,17.6,1.43,19.05,0.79
JP-Tak,137.423111,36.146167,2010,8,8,22.98,17.36,17.54,1.56,14.74,0.8
JP-Tak,137.423111,36.146167,2010,8,9,25.21,17.03,18.28,1.76,18.86,5.13
JP-Tak,137.423111,36.146167,2010,8,10,25.75,17.83,19.61,1.85,12.22,11.62
JP-Tak,137.423111,36.146167,2010,8,11,25.12,18.3,19.51,2.9,16.67,2.5
JP-Tak,137.423111,36.146167,2010,8,12,23.36,17.4,19.26,5.33,7.69,18.05
JP-Tak,137.423111,36.146167,2010,8,13,24.86,16.72,18.01,1.68,7.94,1.6
JP-Tak,137.423111,36.146167,2010,8,14,25.42,18.34,20.7,3.5,5.06,18.57
JP-Tak,137.423111,36.146167,2010,8,15,25.55,19.23,20.54,2.65,14.9,0.69
JP-Tak,137.423111,36.146167,2010,8,16,26.16,18.66,19.64,2.57,11.08,0.04
JP-Tak,137.423111,36.146167,2010,8,17,27.11,17.41,18.82,1.51,19.16,0.26
JP-Tak,137.423111,36.146167,2010,8,18,28.66,17.64,18.62,1.01,22.15,0.53
JP-Tak,137.423111,36.146167,2010,8,19,30.16,19.21,20.02,0.72,20.17,1.77
JP-Tak,137.423111,36.146167,2010,8,20,27.57,19.21,19.78,1.42,20.05,0.25
JP-Tak,137.423111,36.146167,2010,8,21,27.55,18.45,19.12,1.35,21.7,0
JP-Tak,137.423111,36.146167,2010,8,22,27.38,17.55,18.73,1.58,21.82,0.01
JP-Tak,137.423111,36.146167,2010,8,23,27.54,17.68,18.34,1.24,23.43,0.92
JP-Tak,137.423111,36.146167,2010,8,24,26.47,18.56,19.41,1.39,19.6,1.29
JP-Tak,137.423111,36.146167,2010,8,25,27.14,19.01,19.1,0.99,18.34,4.22
JP-Tak,137.423111,36.146167,2010,8,26,25.96,18.3,18.56,1.24,18.63,2.43
JP-Tak,137.423111,36.146167,2010,8,27,26.97,17.64,18.2,0.58,20.44,0.69
JP-Tak,137.423111,36.146167,2010,8,28,26.48,18.12,18.69,1.21,19.14,0.18
JP-Tak,137.423111,36.146167,2010,8,29,27.5,17.14,17.62,1.11,22.73,0.01
JP-Tak,137.423111,36.146167,2010,8,30,27.31,16.89,17.76,1.11,22.23,0.27
JP-Tak,137.423111,36.146167,2010,8,31,27.07,18.87,19.42,0.92,18.51,3.55
JP-Tak,137.423111,36.146167,2010,9,1,27.5,18.86,19.57,1.08,18.65,0.36
JP-Tak,137.423111,36.146167,2010,9,2,27.03,17.57,18.56,1.4,19.71,0.1
JP-Tak,137.423111,36.146167,2010,9,3,26.32,16.61,18.42,2.05,13.04,0.17
JP-Tak,137.423111,36.146167,2010,9,4,27.82,15.33,16.61,1.44,21.93,0
JP-Tak,137.423111,36.146167,2010,9,5,27.04,17.29,18.11,1.66,20.25,0.02
JP-Tak,137.423111,36.146167,2010,9,6,25.96,17.25,18.26,1.99,16.55,0.15
JP-Tak,137.423111,36.146167,2010,9,7,24.36,17.3,19.01,3.61,12.58,7.45
JP-Tak,137.423111,36.146167,2010,9,8,24.48,17.13,19.49,4.1,5.78,45.93
JP-Tak,137.423111,36.146167,2010,9,9,25.54,15.99,15.94,1.42,15.52,0.28
JP-Tak,137.423111,36.146167,2010,9,10,25.03,15.41,15.78,1.44,19.98,0.11
JP-Tak,137.423111,36.146167,2010,9,11,25.32,16.17,16.95,2.11,19.77,0.14
JP-Tak,137.423111,36.146167,2010,9,12,23.84,17.68,18.27,2.59,11.15,4.76
JP-Tak,137.423111,36.146167,2010,9,13,22.2,13.69,16.56,3.54,14.01,7.65
JP-Tak,137.423111,36.146167,2010,9,14,22.85,13.39,14.87,2.23,16.47,2.79
JP-Tak,137.423111,36.146167,2010,9,15,19.3,14.46,15.55,1.7,10.23,16.85
JP-Tak,137.423111,36.146167,2010,9,16,18.41,13.31,14.87,2.78,6.21,46.27
JP-Tak,137.423111,36.146167,2010,9,17,20.82,11.43,13.71,2.76,11.93,2.8
JP-Tak,137.423111,36.146167,2010,9,18,22.72,12.74,14.53,1.66,16.56,0
JP-Tak,137.423111,36.146167,2010,9,19,22.45,14.4,14.31,2.03,14.43,0.05
JP-Tak,137.423111,36.146167,2010,9,20,19.89,14.31,13.33,1.56,7.7,2.5
JP-Tak,137.423111,36.146167,2010,9,21,23.3,14.83,15.95,2.7,10.53,0.66
JP-Tak,137.423111,36.146167,2010,9,22,24.13,15.59,17.59,2.97,6.66,17.02
JP-Tak,137.423111,36.146167,2010,9,23,17.9,9.86,13.13,2.97,3.98,35.26
JP-Tak,137.423111,36.146167,2010,9,24,13.28,7.29,8.21,4.13,8.85,0.71
JP-Tak,137.423111,36.146167,2010,9,25,16.47,5.42,5.74,3.49,17.62,0.04
JP-Tak,137.423111,36.146167,2010,9,26,18.03,4.99,8.26,2.22,18.5,2.56
JP-Tak,137.423111,36.146167,2010,9,27,16.67,9.95,11.07,1.7,15.51,14.81
JP-Tak,137.423111,36.146167,2010,9,28,20.4,11.4,12.96,3.05,7.25,30.53
JP-Tak,137.423111,36.146167,2010,9,29,18.48,6.94,8.93,2.47,16.96,0.4
JP-Tak,137.423111,36.146167,2010,9,30,14.5,10.06,10.37,1.27,8.9,4.76
JP-Tak,137.423111,36.146167,2010,10,1,21.07,8.88,10.89,0.86,17.51,0.03
JP-Tak,137.423111,36.146167,2010,10,2,20.04,11.35,12.17,1.33,18.08,0.02
JP-Tak,137.423111,36.146167,2010,10,3,18.56,9.53,11.71,3.27,8.36,2.71
JP-Tak,137.423111,36.146167,2010,10,4,17.37,10.23,14.01,2.77,3.99,21.06
JP-Tak,137.423111,36.146167,2010,10,5,14.96,8.05,9.29,1.66,10.55,2.11
JP-Tak,137.423111,36.146167,2010,10,6,18.1,8,9.56,1.52,14.22,0.11
JP-Tak,137.423111,36.146167,2010,10,7,18.18,9.67,9.96,1.34,14.43,0
JP-Tak,137.423111,36.146167,2010,10,8,18.42,8.2,10.27,1.78,13.66,0.3
JP-Tak,137.423111,36.146167,2010,10,9,15.28,9.76,11.8,3.81,4.36,40.24
JP-Tak,137.423111,36.146167,2010,10,10,18.76,10.96,13.44,3,10.94,4.21
JP-Tak,137.423111,36.146167,2010,10,11,20.77,10.25,12.47,2.21,15.44,0.39
JP-Tak,137.423111,36.146167,2010,10,12,18.64,11.18,12.33,1.83,11.2,0.12
JP-Tak,137.423111,36.146167,2010,10,13,19.7,10.55,10.99,1.55,11.81,0.22
JP-Tak,137.423111,36.146167,2010,10,14,18.73,8.98,10.24,2.04,13.82,0.12
JP-Tak,137.423111,36.146167,2010,10,15,16.34,8.5,10.07,2.4,10.37,0.63
JP-Tak,137.423111,36.146167,2010,10,16,16.15,5.68,7.17,1.71,14.44,0.11
JP-Tak,137.423111,36.146167,2010,10,17,14.19,5.14,5.54,1.55,13.85,0.01
JP-Tak,137.423111,36.146167,2010,10,18,16.7,4.58,5.38,1.41,13.99,0.04
JP-Tak,137.423111,36.146167,2010,10,19,14.59,6.58,6.97,1.65,11.99,0
JP-Tak,137.423111,36.146167,2010,10,20,15.98,8.69,8.61,0.92,8.23,0.05
JP-Tak,137.423111,36.146167,2010,10,21,15.61,8.4,9.41,2.33,4.45,0.69
JP-Tak,137.423111,36.146167,2010,10,22,14.2,7.22,7.54,1.72,7.49,0.14
JP-Tak,137.423111,36.146167,2010,10,23,15.46,5.49,7.28,1.39,15.67,0
JP-Tak,137.423111,36.146167,2010,10,24,13.24,6.72,8.01,1.52,6.44,17.2
JP-Tak,137.423111,36.146167,2010,10,25,17.84,9.97,12.6,2.82,3.86,13.49
JP-Tak,137.423111,36.146167,2010,10,26,9.7,-1.28,3.9,4.83,6.1,4.9
JP-Tak,137.423111,36.146167,2010,10,27,8.92,-2.83,-0.13,2.74,9.73,0.35
JP-Tak,137.423111,36.146167,2010,10,28,6.7,2.51,3.72,2.02,2.26,18.76
JP-Tak,137.423111,36.146167,2010,10,29,10.64,3.86,4.62,2.95,10.02,0.96
JP-Tak,137.423111,36.146167,2010,10,30,8.4,3.46,4.45,3.98,3.97,16.71
JP-Tak,137.423111,36.146167,2010,10,31,14.29,4.92,8.44,1.82,6.04,16.42
JP-Tak,137.423111,36.146167,2010,11,1,12.62,4.6,6.41,4.43,6.97,32.47
JP-Tak,137.423111,36.146167,2010,11,2,7.56,1.23,3.05,4.9,6.88,4.94
JP-Tak,137.423111,36.146167,2010,11,3,5.32,-2.48,-0.84,3.58,9.35,2.01
JP-Tak,137.423111,36.146167,2010,11,4,8.93,-2.23,-1.36,1.64,12.62,0
JP-Tak,137.423111,36.146167,2010,11,5,8.95,-0.51,2.42,2.06,6.9,1.13
JP-Tak,137.423111,36.146167,2010,11,6,11.51,0.01,2.13,1.13,13.37,0
JP-Tak,137.423111,36.146167,2010,11,7,12.14,0.27,2.5,1.27,13.02,0.01
JP-Tak,137.423111,36.146167,2010,11,8,9.77,3.65,5.99,2.35,6.47,0.94
JP-Tak,137.423111,36.146167,2010,11,9,5.96,0.87,1.88,5.93,6.5,5.09
JP-Tak,137.423111,36.146167,2010,11,10,4.86,-0.16,0.38,4.77,5.54,3.69
JP-Tak,137.423111,36.146167,2010,11,11,8.13,-1.3,0.12,2.24,10.97,0.35
JP-Tak,137.423111,36.146167,2010,11,12,7.79,-1.43,2.65,3.48,6.24,1.83
JP-Tak,137.423111,36.146167,2010,11,13,8.15,0.56,1.28,1.68,7.58,0
JP-Tak,137.423111,36.146167,2010,11,14,9.55,2.94,2.78,1.38,7.07,0.45
JP-Tak,137.423111,36.146167,2010,11,15,6.75,-3.09,1.07,3.24,3.88,2.44
JP-Tak,137.423111,36.146167,2010,11,16,5.98,-4.11,-1.73,2.02,10.77,0.23
JP-Tak,137.423111,36.146167,2010,11,17,7.62,-1.51,-0.15,1.84,10.55,0.61
JP-Tak,137.423111,36.146167,2010,11,18,3.17,-3.45,-1.98,2.58,8.16,0.72
JP-Tak,137.423111,36.146167,2010,11,19,7.21,-3.17,-3.23,1.67,13.59,0
JP-Tak,137.423111,36.146167,2010,11,20,9.75,-0.19,0.87,1.38,11.95,0
JP-Tak,137.423111,36.146167,2010,11,21,10.24,0.36,0.57,1.85,12.74,0
JP-Tak,137.423111,36.146167,2010,11,22,8.34,1.14,3.94,1.98,2.62,26.03
JP-Tak,137.423111,36.146167,2010,11,23,6.89,-0.63,1.87,4.2,5.14,6.06
JP-Tak,137.423111,36.146167,2010,11,24,6.72,-0.47,2.16,1.88,8.79,0.02
JP-Tak,137.423111,36.146167,2010,11,25,7.5,2.68,3.59,2.41,9.54,0.01
JP-Tak,137.423111,36.146167,2010,11,26,6.73,-0.17,1.69,2.04,5.76,2.28
JP-Tak,137.423111,36.146167,2010,11,27,6.89,-1.81,-0.48,2.24,9.51,0.56
JP-Tak,137.423111,36.146167,2010,11,28,4.35,-2.85,-0.58,4.37,4.29,4.13
JP-Tak,137.423111,36.146167,2010,11,29,1.76,-3.53,-2.2,4.05,3.85,3.28
JP-Tak,137.423111,36.146167,2010,11,30,5.82,-3.27,-2.81,2.19,10.91,0.06
JP-Tak,137.423111,36.146167,2010,12,1,9.66,-0.19,-0.15,1.59,10.9,0
JP-Tak,137.423111,36.146167,2010,12,2,9.95,-0.05,2.52,3.08,10.87,2.94
JP-Tak,137.423111,36.146167,2010,12,3,11.41,-1.53,4.18,7.69,5.3,35.67
JP-Tak,137.423111,36.146167,2010,12,4,2.92,-2.59,-1.75,5.4,8.63,2.23
JP-Tak,137.423111,36.146167,2010,12,5,8.02,-2.43,0.06,1.25,10.6,0
JP-Tak,137.423111,36.146167,2010,12,6,9.45,0.49,-0.15,1.61,10.18,0.07
JP-Tak,137.423111,36.146167,2010,12,7,5.29,-1.54,0.74,3.39,4.08,3.7
JP-Tak,137.423111,36.146167,2010,12,8,3.19,-3.86,-3.98,2.92,7.98,1.03
JP-Tak,137.423111,36.146167,2010,12,9,-0.66,-2.8,-2.9,5.48,4.02,10.12
JP-Tak,137.423111,36.146167,2010,12,10,3.53,-4.99,-3.62,2.46,8.21,0.48
JP-Tak,137.423111,36.146167,2010,12,11,4.83,-4.57,0.11,4.45,4.31,1.1
JP-Tak,137.423111,36.146167,2010,12,12,2.65,-4.18,-2.9,2.97,7.2,0.21
JP-Tak,137.423111,36.146167,2010,12,13,4.15,-0.87,0.72,2.68,2.38,15.08
JP-Tak,137.423111,36.146167,2010,12,14,5.15,0.68,2.69,3.37,5.64,12.05
JP-Tak,137.423111,36.146167,2010,12,15,1.51,-5.73,-4.64,6.27,5.36,4.19
JP-Tak,137.423111,36.146167,2010,12,16,-2.82,-6.66,-5.34,3.69,4.51,3.55
JP-Tak,137.423111,36.146167,2010,12,17,0.42,-6.67,-5.55,2.29,9.42,1.3
JP-Tak,137.423111,36.146167,2010,12,18,-0.4,-7.99,-4.75,4.07,4.54,2.51
JP-Tak,137.423111,36.146167,2010,12,19,2.83,-8.37,-4.67,2.41,9.97,0
JP-Tak,137.423111,36.146167,2010,12,20,2.35,-4.05,-0.77,2.89,5.85,1.52
JP-Tak,137.423111,36.146167,2010,12,21,5.47,-4.35,-1.18,2.79,6.34,8.6
JP-Tak,137.423111,36.146167,2010,12,22,3.37,0.27,1.47,5.21,4.72,14.99
JP-Tak,137.423111,36.146167,2010,12,23,2.26,-1.69,-0.92,5.16,5.08,5.17
JP-Tak,137.423111,36.146167,2010,12,24,-1.3,-8.66,-5.36,5.75,3.17,8.17
JP-Tak,137.423111,36.146167,2010,12,25,-6.37,-8.54,-8.68,8.19,3.66,6.24
JP-Tak,137.423111,36.146167,2010,12,26,-4.28,-7.65,-7.21,5.85,4.92,3.04
JP-Tak,137.423111,36.146167,2010,12,27,-3.62,-8.19,-6.95,4.8,4.77,4.47
JP-Tak,137.423111,36.146167,2010,12,28,-0.94,-7.81,-4.55,4.25,5.22,5.75
JP-Tak,137.423111,36.146167,2010,12,29,-2.22,-6.49,-4.81,5.13,3.07,6.96
JP-Tak,137.423111,36.146167,2010,12,30,-3.49,-7.79,-6.26,2.97,3.67,3.36
JP-Tak,137.423111,36.146167,2010,12,31,-3.95,-8.19,-7.1,5.42,4.44,6.9
JP-Tak,137.423111,36.146167,2011,1,1,-4.02,-7.43,-6.42,4.06,6.01,3.83
JP-Tak,137.423111,36.146167,2011,1,2,-1.98,-11.18,-6.65,3.83,6.03,1.89
JP-Tak,137.423111,36.146167,2011,1,3,-0.98,-12.1,-9.4,1.82,8.52,0.17
JP-Tak,137.423111,36.146167,2011,1,4,-3.7,-9.76,-8.16,2.79,6.81,0.91
JP-Tak,137.423111,36.146167,2011,1,5,-2.42,-8.03,-5.49,4.04,5.36,2.53
JP-Tak,137.423111,36.146167,2011,1,6,-3.43,-11.19,-7.67,4.98,5.66,3.54
JP-Tak,137.423111,36.146167,2011,1,7,-7.47,-12.2,-11.24,4.63,7.13,0.59
JP-Tak,137.423111,36.146167,2011,1,8,-2.88,-11.34,-7.69,3.1,10.22,0.27
JP-Tak,137.423111,36.146167,2011,1,9,-1.7,-10.42,-5.57,4.79,3.7,4.21
JP-Tak,137.423111,36.146167,2011,1,10,-8.59,-13.79,-12.61,4.77,7.44,0.6
JP-Tak,137.423111,36.146167,2011,1,11,-3.54,-14.41,-10.7,1.8,7.28,0.49
JP-Tak,137.423111,36.146167,2011,1,12,-3.1,-11.05,-7.84,4.1,4.39,3.87
JP-Tak,137.423111,36.146167,2011,1,13,-6.36,-15.22,-11.88,2.99,6.61,0.56
JP-Tak,137.423111,36.146167,2011,1,14,-3.44,-14.01,-8.99,2.45,6.27,1.61
JP-Tak,137.423111,36.146167,2011,1,15,-3.35,-9.63,-6.55,4.39,2.45,9.06
JP-Tak,137.423111,36.146167,2011,1,16,-9.72,-11.4,-11.12,7.11,3.03,11.25
JP-Tak,137.423111,36.146167,2011,1,17,-4.84,-10.08,-8.65,4.74,4.47,6.04
JP-Tak,137.423111,36.146167,2011,1,18,-3.51,-9.06,-7.4,3.87,7.14,2.44
JP-Tak,137.423111,36.146167,2011,1,19,-4.43,-9.26,-7.55,4.6,6.95,2.44
JP-Tak,137.423111,36.146167,2011,1,20,-4.69,-12.85,-9.36,4.68,5.04,3
JP-Tak,137.423111,36.146167,2011,1,21,-5.42,-13.55,-10.9,2.98,9.07,0.3
JP-Tak,137.423111,36.146167,2011,1,22,-3.15,-12.09,-7.38,3.35,6.98,2.91
JP-Tak,137.423111,36.146167,2011,1,23,-3.88,-9.39,-7.72,2.61,7.49,1.16
JP-Tak,137.423111,36.146167,2011,1,24,-3.18,-10.18,-7.55,2.63,6.05,3.44
JP-Tak,137.423111,36.146167,2011,1,25,-5.49,-12.18,-9.84,2.98,7.09,0.75
JP-Tak,137.423111,36.146167,2011,1,26,-4.44,-11.48,-9.05,2.81,5.02,4.61
JP-Tak,137.423111,36.146167,2011,1,27,-5.94,-13.03,-10.23,3.63,6.89,3.64
JP-Tak,137.423111,36.146167,2011,1,28,-7.82,-14.02,-12.05,4.08,9.1,1.38
JP-Tak,137.423111,36.146167,2011,1,29,-4.5,-14.36,-9.89,3.51,5.34,2.87
JP-Tak,137.423111,36.146167,2011,1,30,-7.98,-13.68,-11.33,2.81,6.08,5.59
JP-Tak,137.423111,36.146167,2011,1,31,-7.07,-15.83,-11.26,3.38,7.56,3.61
JP-Tak,137.423111,36.146167,2011,2,1,-2.93,-12.38,-7.63,4.27,7.5,1.06
JP-Tak,137.423111,36.146167,2011,2,2,-0.81,-14.9,-9.35,1.64,11.54,0
JP-Tak,137.423111,36.146167,2011,2,3,-0.51,-11.16,-7.86,1,12.44,0.01
JP-Tak,137.423111,36.146167,2011,2,4,-1.32,-11.75,-7.83,2.1,9.98,0.92
JP-Tak,137.423111,36.146167,2011,2,5,0.14,-9.3,-5.95,1.61,7.21,0.08
JP-Tak,137.423111,36.146167,2011,2,6,0.94,-9.03,-3.65,2.8,9.02,0.43
JP-Tak,137.423111,36.146167,2011,2,7,-1.35,-10.05,-5.75,4.55,8.55,0.89
JP-Tak,137.423111,36.146167,2011,2,8,0.06,-9.42,-7.35,1.79,9.38,1.35
JP-Tak,137.423111,36.146167,2011,2,9,-0.64,-7.44,-4.46,4.46,6.72,3.51
JP-Tak,137.423111,36.146167,2011,2,10,-5.47,-10.05,-9.72,3.77,9.11,0.5
JP-Tak,137.423111,36.146167,2011,2,11,-1.97,-10.36,-8.21,2.28,7.92,4.12
JP-Tak,137.423111,36.146167,2011,2,12,-2.09,-10.26,-8.13,3.37,7.26,2.84
JP-Tak,137.423111,36.146167,2011,2,13,-6.22,-12.62,-10.32,3.97,9.87,1.1
JP-Tak,137.423111,36.146167,2011,2,14,-0.99,-12,-8.81,1.49,7.62,11.5
JP-Tak,137.423111,36.146167,2011,2,15,-3.44,-15.08,-9.26,3.8,9.24,2.23
JP-Tak,137.423111,36.146167,2011,2,16,1.14,-15.01,-8.41,2.11,16.6,0.01
JP-Tak,137.423111,36.146167,2011,2,17,1.44,-8.85,-4.01,3.13,7.8,5.76
JP-Tak,137.423111,36.146167,2011,2,18,2.62,-10.85,-4.02,6.53,7.59,28.28
JP-Tak,137.423111,36.146167,2011,2,19,1.36,-15.48,-9.73,2.14,16.09,0
JP-Tak,137.423111,36.146167,2011,2,20,2.69,-7.97,-7.83,1.41,14.06,0
JP-Tak,137.423111,36.146167,2011,2,21,3.05,-8.39,-6.21,2.62,17.53,0
JP-Tak,137.423111,36.146167,2011,2,22,4.57,-7.87,-7.51,1.85,18.3,0
JP-Tak,137.423111,36.146167,2011,2,23,3.73,-4.54,-3.73,1.88,17.19,0.05
JP-Tak,137.423111,36.146167,2011,2,24,2.73,-3.55,0.42,2.52,11.34,1.59
JP-Tak,137.423111,36.146167,2011,2,25,3.67,-6.72,0.35,4.52,5.3,2.15
JP-Tak,137.423111,36.146167,2011,2,26,2.78,-9.64,-8.22,3.64,16.72,0.01
JP-Tak,137.423111,36.146167,2011,2,27,2.59,-6.18,-0.72,2.86,11.27,2.25
JP-Tak,137.423111,36.146167,2011,2,28,6.41,-1.67,2.17,2.17,3.5,28.44
JP-Tak,137.423111,36.146167,2011,3,1,2.01,-2.66,-0.51,1.89,3.59,8.21
JP-Tak,137.423111,36.146167,2011,3,2,-2.07,-8.28,-6.41,4.16,10.06,2.05
JP-Tak,137.423111,36.146167,2011,3,3,-5.69,-10.95,-10.88,4.84,11.92,0.54
JP-Tak,137.423111,36.146167,2011,3,4,-6.11,-10.47,-10.19,5.08,11.45,1.34
JP-Tak,137.423111,36.146167,2011,3,5,0.14,-10.02,-8.34,2.93,16.67,0.07
JP-Tak,137.423111,36.146167,2011,3,6,0.73,-8.23,-4.47,3.09,10.9,0.23
JP-Tak,137.423111,36.146167,2011,3,7,0.85,-7.27,-4.37,2.22,6.94,9.65
JP-Tak,137.423111,36.146167,2011,3,8,-1.34,-9.05,-7.02,3.08,12.42,2
JP-Tak,137.423111,36.146167,2011,3,9,-2.46,-9.27,-7.33,4.65,8.12,3.7
JP-Tak,137.423111,36.146167,2011,3,10,-4.22,-10.15,-9.23,4.07,14.53,1.29
JP-Tak,137.423111,36.146167,2011,3,11,-2.98,-9.04,-7.55,3.95,10.14,3.45
JP-Tak,137.423111,36.146167,2011,3,12,2.2,-9.64,-6.72,2.71,18.46,0.05
JP-Tak,137.423111,36.146167,2011,3,13,5.22,-6.84,-2.71,1.94,18.42,0
JP-Tak,137.423111,36.146167,2011,3,14,5.8,-1.51,2.37,2.23,14.13,0.02
JP-Tak,137.423111,36.146167,2011,3,15,6.82,-0.14,1.12,2.69,9.67,1.85
JP-Tak,137.423111,36.146167,2011,3,16,-0.4,-9.7,-6.84,7.71,6.43,3.4
JP-Tak,137.423111,36.146167,2011,3,17,-5.5,-10.42,-10.88,6.5,11.17,2.07
JP-Tak,137.423111,36.146167,2011,3,18,1.41,-10.21,-8.06,2.83,19.22,0.35
JP-Tak,137.423111,36.146167,2011,3,19,4.25,-5.55,-1.68,4.1,15.31,0.02
JP-Tak,137.423111,36.146167,2011,3,20,6.41,-0.73,2.26,3.04,9.63,7.76
JP-Tak,137.423111,36.146167,2011,3,21,8.17,2.57,3.25,1.76,4.71,13.75
JP-Tak,137.423111,36.146167,2011,3,22,5.77,-3.35,-0.64,2.57,12.95,5.47
JP-Tak,137.423111,36.146167,2011,3,23,-1.61,-9.45,-8.1,4.11,14.44,0.86
JP-Tak,137.423111,36.146167,2011,3,24,-1.34,-9.62,-8.71,2.9,14.59,0.62
JP-Tak,137.423111,36.146167,2011,3,25,1.32,-7.88,-5.59,3.46,10.69,1.92
JP-Tak,137.423111,36.146167,2011,3,26,-3.59,-8.53,-7.71,5.87,11.41,3
JP-Tak,137.423111,36.146167,2011,3,27,-1.56,-8.72,-8.03,2.98,15.73,0.59
JP-Tak,137.423111,36.146167,2011,3,28,3,-9.72,-9.33,1.58,21.7,0
JP-Tak,137.423111,36.146167,2011,3,29,3.48,-5.81,-5,2.2,16.3,0.02
JP-Tak,137.423111,36.146167,2011,3,30,3.67,-4.27,-2.93,2.66,15.53,0.2
JP-Tak,137.423111,36.146167,2011,3,31,2.07,-5.38,-3.92,4.1,12.84,0.11
JP-Tak,137.423111,36.146167,2011,4,1,6.76,-5.76,-5.36,1.99,24.17,0
JP-Tak,137.423111,36.146167,2011,4,2,6.67,-5.48,-1.47,2.85,15.84,0
JP-Tak,137.423111,36.146167,2011,4,3,2.55,-7.49,-7.25,2.86,19.14,0
JP-Tak,137.423111,36.146167,2011,4,4,3.18,-8.59,-8.05,3.4,22.18,0
JP-Tak,137.423111,36.146167,2011,4,5,8.6,-7.39,-6.39,1.71,24.75,0
JP-Tak,137.423111,36.146167,2011,4,6,11.45,-1.37,-2.26,1.65,23.63,0
JP-Tak,137.423111,36.146167,2011,4,7,9.71,0.11,2.24,3.08,16.34,0.02
JP-Tak,137.423111,36.146167,2011,4,8,9.08,4.24,5.34,5.81,9.29,5.45
JP-Tak,137.423111,36.146167,2011,4,9,12.12,-0.06,6.19,3.98,7.3,12.28
JP-Tak,137.423111,36.146167,2011,4,10,12.38,-1.93,-1.42,1.82,22.26,0
JP-Tak,137.423111,36.146167,2011,4,11,9.22,-4.28,-2.35,2.67,11.61,1.87
JP-Tak,137.423111,36.146167,2011,4,12,5.16,-5.44,-6.28,3.94,24.9,0
JP-Tak,137.423111,36.146167,2011,4,13,10.21,-1.66,-2.66,2.9,23.79,0
JP-Tak,137.423111,36.146167,2011,4,14,14.43,0.89,0.14,1.7,24.47,0
JP-Tak,137.423111,36.146167,2011,4,15,13.47,2.24,3.4,3.29,19.95,0.48
JP-Tak,137.423111,36.146167,2011,4,16,10.58,-3.73,2.7,3.87,13.33,0.22
JP-Tak,137.423111,36.146167,2011,4,17,12.62,-4.42,-0.51,2.44,26.7,0
JP-Tak,137.423111,36.146167,2011,4,18,14.12,0.6,2.88,2.23,24.49,12.37
JP-Tak,137.423111,36.146167,2011,4,19,6.38,-0.73,0.16,2.69,11.77,13.38
JP-Tak,137.423111,36.146167,2011,4,20,7.16,-1.65,-0.28,4.07,14.07,1.21
JP-Tak,137.423111,36.146167,2011,4,21,12.92,-1.08,1.78,2.05,22.43,0
JP-Tak,137.423111,36.146167,2011,4,22,7.74,0.96,3,2.87,12.7,1.6
JP-Tak,137.423111,36.146167,2011,4,23,9.99,1.28,6.66,5.83,5.5,32.07
JP-Tak,137.423111,36.146167,2011,4,24,7.56,-1.49,-0.58,3.56,19.09,0.58
JP-Tak,137.423111,36.146167,2011,4,25,5.47,-1.69,-0.64,4.27,13.84,1.55
JP-Tak,137.423111,36.146167,2011,4,26,8.73,-1.68,2.03,3.88,7.77,4.48
JP-Tak,137.423111,36.146167,2011,4,27,14.25,8.49,9.92,7.5,18.06,20.84
JP-Tak,137.423111,36.146167,2011,4,28,9.69,-0.85,2.83,4.28,12.39,15.43
JP-Tak,137.423111,36.146167,2011,4,29,8.2,-1.91,-0.59,2.75,16.97,0.05
JP-Tak,137.423111,36.146167,2011,4,30,12.3,-0.41,3.78,5.01,6.64,1.67
JP-Tak,137.423111,36.146167,2011,5,1,11.91,2.37,7.51,6.7,7.88,8.83
JP-Tak,137.423111,36.146167,2011,5,2,11.97,1.02,2.14,4.17,21.16,0
JP-Tak,137.423111,36.146167,2011,5,3,12.72,2.29,2.42,1.64,13.98,0.25
JP-Tak,137.423111,36.146167,2011,5,4,12.58,1.8,1.92,3.14,22.08,0
JP-Tak,137.423111,36.146167,2011,5,5,13.96,2.5,1.73,2.02,22.52,0
JP-Tak,137.423111,36.146167,2011,5,6,15.79,4.43,6.98,2.6,21.17,0
JP-Tak,137.423111,36.146167,2011,5,7,16.79,5.3,8.52,2.79,19.35,1.27
JP-Tak,137.423111,36.146167,2011,5,8,15.52,2.76,7.05,4.26,20,2.28
JP-Tak,137.423111,36.146167,2011,5,9,18.76,2.18,3.66,2.58,19.81,0.69
JP-Tak,137.423111,36.146167,2011,5,10,19.47,12.23,14.5,5.09,4.29,44.82
JP-Tak,137.423111,36.146167,2011,5,11,17.9,12.18,14.06,3.26,4.62,67.81
JP-Tak,137.423111,36.146167,2011,5,12,19.11,12.84,13.7,3.43,11.09,6.66
JP-Tak,137.423111,36.146167,2011,5,13,12.54,2.75,5.64,5.07,23.39,1.56
JP-Tak,137.423111,36.146167,2011,5,14,11.74,2.09,2.21,4.59,18.9,0
JP-Tak,137.423111,36.146167,2011,5,15,14.16,1.66,2.44,2.8,23.45,0
JP-Tak,137.423111,36.146167,2011,5,16,15.02,3.21,5.81,2.85,19.41,0.12
JP-Tak,137.423111,36.146167,2011,5,17,13.83,6.44,6.35,1.99,17.83,1
JP-Tak,137.423111,36.146167,2011,5,18,16.23,4.3,3.18,1.88,27.64,0
JP-Tak,137.423111,36.146167,2011,5,19,18.64,5.08,5.5,2.05,26.29,0
JP-Tak,137.423111,36.146167,2011,5,20,20.28,5.96,8.53,1.89,24.86,0
JP-Tak,137.423111,36.146167,2011,5,21,21.49,6.97,12.45,2.72,20.87,1.07
JP-Tak,137.423111,36.146167,2011,5,22,16.93,9.03,12.4,2.69,6.62,13.06
JP-Tak,137.423111,36.146167,2011,5,23,12.97,4.94,8.09,1.89,8.57,15.9
JP-Tak,137.423111,36.146167,2011,5,24,16.39,3.18,4.8,2.71,24.17,16.03
JP-Tak,137.423111,36.146167,2011,5,25,19.46,6.64,7.67,1.67,25.24,0
JP-Tak,137.423111,36.146167,2011,5,26,16.84,8.66,8.45,1.82,13.72,6.06
JP-Tak,137.423111,36.146167,2011,5,27,16.18,7.94,10.02,2.32,9.51,4.61
JP-Tak,137.423111,36.146167,2011,5,28,17.67,10.46,12.82,1.42,8.85,11.84
JP-Tak,137.423111,36.146167,2011,5,29,18.33,12.34,14.33,4.02,5.35,91.45
JP-Tak,137.423111,36.146167,2011,5,30,12.45,7.62,8.99,6.56,12.32,8.71
JP-Tak,137.423111,36.146167,2011,5,31,16.89,5.52,8.29,2.48,18,0.79
JP-Tak,137.423111,36.146167,2011,6,1,13.86,8.01,9.15,3.15,6.32,10.43
JP-Tak,137.423111,36.146167,2011,6,2,14.37,8.16,10.3,2.69,8.5,12.93
JP-Tak,137.423111,36.146167,2011,6,3,20.52,9.53,10.17,1.28,23.83,0
JP-Tak,137.423111,36.146167,2011,6,4,18.83,7.69,11.22,2.61,21.35,0.03
JP-Tak,137.423111,36.146167,2011,6,5,17.5,11.32,12.5,2.56,13.76,0.67
JP-Tak,137.423111,36.146167,2011,6,6,19.88,8.05,9.53,1.99,26.56,0
JP-Tak,137.423111,36.146167,2011,6,7,18.35,10.85,9.94,1.7,20.62,0
JP-Tak,137.423111,36.146167,2011,6,8,20.94,9.84,10.43,1.6,23.98,0.15
JP-Tak,137.423111,36.146167,2011,6,9,20.3,11.26,13.43,2.25,17.43,0.63
JP-Tak,137.423111,36.146167,2011,6,10,20.77,12.57,14.64,2.52,15.82,2.02
JP-Tak,137.423111,36.146167,2011,6,11,20.62,12.49,14.6,1.52,12.44,27.51
JP-Tak,137.423111,36.146167,2011,6,12,19.26,11.89,10.92,1.24,12.37,4.14
JP-Tak,137.423111,36.146167,2011,6,13,20.48,12.1,12.61,2.17,16.73,7.61
JP-Tak,137.423111,36.146167,2011,6,14,19.04,8.56,10.75,2.57,20.81,2.18
JP-Tak,137.423111,36.146167,2011,6,15,17.48,7.88,8.67,1.53,20.17,0.08
JP-Tak,137.423111,36.146167,2011,6,16,16.51,10.55,11.24,1.41,17.24,3.44
JP-Tak,137.423111,36.146167,2011,6,17,21.41,11.03,13.69,1.81,19.59,2.66
JP-Tak,137.423111,36.146167,2011,6,18,16.8,12.89,13.64,1.22,8.45,7.08
JP-Tak,137.423111,36.146167,2011,6,19,19.12,13.1,14.09,1.51,18.68,0.43
JP-Tak,137.423111,36.146167,2011,6,20,18.89,13.37,15.26,2.11,15.34,2.42
JP-Tak,137.423111,36.146167,2011,6,21,22.15,14.8,16.11,3.48,14.38,4.52
JP-Tak,137.423111,36.146167,2011,6,22,23.74,13.92,16.64,3.31,21.74,3.18
JP-Tak,137.423111,36.146167,2011,6,23,22.42,17.15,18.42,5.65,10.89,11.1
JP-Tak,137.423111,36.146167,2011,6,24,23.88,17.82,18.79,6.09,9.26,4.53
JP-Tak,137.423111,36.146167,2011,6,25,23.9,18.63,19.09,3.58,9.17,18.12
JP-Tak,137.423111,36.146167,2011,6,26,21.73,16.53,18.24,3.04,14,3.74
JP-Tak,137.423111,36.146167,2011,6,27,23.57,16.07,18.69,4.93,11.46,2.92
JP-Tak,137.423111,36.146167,2011,6,28,24.13,17.37,18.71,3.81,14.72,2.67
JP-Tak,137.423111,36.146167,2011,6,29,25.38,16.65,18.09,2.75,20.29,0.62
JP-Tak,137.423111,36.146167,2011,6,30,24.14,16.92,17.31,1.77,18.17,1.16
JP-Tak,137.423111,36.146167,2011,7,1,23.95,16.34,17.6,1.17,15.33,7.03
JP-Tak,137.423111,36.146167,2011,7,2,25.73,16.43,18.41,1.55,16.36,2.39
JP-Tak,137.423111,36.146167,2011,7,3,24.21,16.96,18.24,2.4,15.46,6.71
JP-Tak,137.423111,36.146167,2011,7,4,23.43,16.89,19.3,6.54,6.78,20.06
JP-Tak,137.423111,36.146167,2011,7,5,22.31,13.94,15.81,2.55,20.73,7.06
JP-Tak,137.423111,36.146167,2011,7,6,24.02,13.1,14.47,2.16,25.41,0.56
JP-Tak,137.423111,36.146167,2011,7,7,20.6,16.37,18.06,3.41,8.55,21.15
JP-Tak,137.423111,36.146167,2011,7,8,24.67,17.95,19.11,2.92,20.19,4.28
JP-Tak,137.423111,36.146167,2011,7,9,26.41,17.92,18.91,1.72,21.25,2.33
JP-Tak,137.423111,36.146167,2011,7,10,26.54,17.81,18.79,1.3,22.97,0.46
JP-Tak,137.423111,36.146167,2011,7,11,26.42,18.17,18.86,1.57,21.8,1.9
JP-Tak,137.423111,36.146167,2011,7,12,24.75,16.68,17.52,1.28,22.58,2.64
JP-Tak,137.423111,36.146167,2011,7,13,26.51,17.11,18.18,1.64,22.91,0.04
JP-Tak,137.423111,36.146167,2011,7,14,27.36,17.62,18.06,1.35,22.99,0.07
JP-Tak,137.423111,36.146167,2011,7,15,27.89,18.47,17.54,1.09,24.86,0
JP-Tak,137.423111,36.146167,2011,7,16,28.35,17.6,19.05,1.25,25.27,0
JP-Tak,137.423111,36.146167,2011,7,17,28.13,18.38,19.01,1.45,24.97,0.01
JP-Tak,137.423111,36.146167,2011,7,18,24.72,17.2,17.91,2.09,14.75,2.17
JP-Tak,137.423111,36.146167,2011,7,19,21.94,17.41,17.88,4.59,6.08,32.71
JP-Tak,137.423111,36.146167,2011,7,20,26.05,18.57,19.81,3.95,17.34,16.94
JP-Tak,137.423111,36.146167,2011,7,21,25.26,15.48,17.23,2.5,18.73,0.51
JP-Tak,137.423111,36.146167,2011,7,22,24.25,16.08,17.49,1.72,9.96,0.97
JP-Tak,137.423111,36.146167,2011,7,23,25.15,15.19,17.16,0.99,15.11,0
JP-Tak,137.423111,36.146167,2011,7,24,21.58,16.03,16.69,1.97,16.38,0.69
JP-Tak,137.423111,36.146167,2011,7,25,22.11,15.14,16.39,2.03,15.29,8.7
JP-Tak,137.423111,36.146167,2011,7,26,23.01,14.4,17.15,2.11,17.03,6.84
JP-Tak,137.423111,36.146167,2011,7,27,20.95,16.72,17.76,2.48,11.47,7.97
JP-Tak,137.423111,36.146167,2011,7,28,21.1,15.56,17.48,2.79,7.39,20.52
JP-Tak,137.423111,36.146167,2011,7,29,23.15,14.47,17.07,2.56,9.26,0.79
JP-Tak,137.423111,36.146167,2011,7,30,25.21,15.56,17.88,2.11,11.22,12.34
JP-Tak,137.423111,36.146167,2011,7,31,22.26,15.82,17.36,1.61,12.75,5.3
JP-Tak,137.423111,36.146167,2011,8,1,23.31,16.33,16.83,1.68,16.66,0.59
JP-Tak,137.423111,36.146167,2011,8,2,23.56,15.2,17.37,1.38,14.89,1.06
JP-Tak,137.423111,36.146167,2011,8,3,24.59,16.97,17.79,1.16,17.99,1.03
JP-Tak,137.423111,36.146167,2011,8,4,26.24,17,17.93,1.02,19.86,0.35
JP-Tak,137.423111,36.146167,2011,8,5,26.49,15.7,18.49,1.95,19.31,0.62
JP-Tak,137.423111,36.146167,2011,8,6,26.31,17.65,19.49,1.42,14.45,3.35
JP-Tak,137.423111,36.146167,2011,8,7,25.9,19.28,19.74,0.93,19.48,5.66
JP-Tak,137.423111,36.146167,2011,8,8,26.8,19.05,19.4,1.42,19.71,3.78
JP-Tak,137.423111,36.146167,2011,8,9,27.83,18.76,19.35,1.29,21.82,0.04
JP-Tak,137.423111,36.146167,2011,8,10,27.09,18.16,19.98,2.05,21.69,0.06
JP-Tak,137.423111,36.146167,2011,8,11,25.61,16.41,18.58,2.76,16.54,0.55
JP-Tak,137.423111,36.146167,2011,8,12,24.9,14.72,15.88,1.62,21.26,0
JP-Tak,137.423111,36.146167,2011,8,13,25.89,17.35,18.31,1.42,19.05,4.82
JP-Tak,137.423111,36.146167,2011,8,14,26.84,17.77,18.92,1.53,20.49,2.32
JP-Tak,137.423111,36.146167,2011,8,15,23.99,18.11,18.68,1.81,14.92,1.46
JP-Tak,137.423111,36.146167,2011,8,16,25.44,17.18,18.36,2.2,15.73,2.11
JP-Tak,137.423111,36.146167,2011,8,17,25.96,16.79,19.15,2.5,15.04,4.43
JP-Tak,137.423111,36.146167,2011,8,18,25.2,19.2,19.99,2.74,12.84,17.91
JP-Tak,137.423111,36.146167,2011,8,19,23.96,18.2,19.1,1.67,12.26,21.91
JP-Tak,137.423111,36.146167,2011,8,20,21.76,16.9,17.1,1.55,7.05,9.89
JP-Tak,137.423111,36.146167,2011,8,21,20.63,16.46,17.41,2.78,6.43,17.64
JP-Tak,137.423111,36.146167,2011,8,22,23.65,15.54,17.14,1.51,11.08,18.88
JP-Tak,137.423111,36.146167,2011,8,23,21.93,16.46,17.6,3.65,6.36,28.12
JP-Tak,137.423111,36.146167,2011,8,24,22.66,15.46,16.7,1.93,14.53,5.66
JP-Tak,137.423111,36.146167,2011,8,25,21.78,17.43,18.72,2.2,6.55,44.91
JP-Tak,137.423111,36.146167,2011,8,26,22.67,17.11,18.12,1.36,12.1,11.45
JP-Tak,137.423111,36.146167,2011,8,27,25.33,15.96,17.56,1.1,17.02,7.28
JP-Tak,137.423111,36.146167,2011,8,28,25.61,16.8,18.03,1.26,18.04,2.09
JP-Tak,137.423111,36.146167,2011,8,29,25.55,17.36,18.14,1.03,19.3,0
JP-Tak,137.423111,36.146167,2011,8,30,25.78,17.35,18.33,1.3,18.11,0.01
JP-Tak,137.423111,36.146167,2011,8,31,25.72,17.02,18.36,1.57,15.09,1.46
JP-Tak,137.423111,36.146167,2011,9,1,23.84,17.03,18.21,2.49,13.37,4.25
JP-Tak,137.423111,36.146167,2011,9,2,23.97,18.02,18.59,5.67,10.17,13.94
JP-Tak,137.423111,36.146167,2011,9,3,22.73,18.69,18.41,7,7.34,18.96
JP-Tak,137.423111,36.146167,2011,9,4,20.3,16.94,17.57,6.94,4.89,27.76
JP-Tak,137.423111,36.146167,2011,9,5,23.57,14.67,17.27,3.78,5.62,12.89
JP-Tak,137.423111,36.146167,2011,9,6,19.25,10.16,11.34,3.35,17.95,0.51
JP-Tak,137.423111,36.146167,2011,9,7,20.92,8.03,10.32,1.87,23.57,0
JP-Tak,137.423111,36.146167,2011,9,8,21.48,12.57,10.7,1.69,22.43,0
JP-Tak,137.423111,36.146167,2011,9,9,24.2,12.75,16.7,2.45,10.45,0.03
JP-Tak,137.423111,36.146167,2011,9,10,25.93,15.53,17.58,1.39,16.99,0.09
JP-Tak,137.423111,36.146167,2011,9,11,23.97,16.96,18.02,2.03,18.78,1.12
JP-Tak,137.423111,36.146167,2011,9,12,24.66,15.23,16.6,1.51,19.1,0.44
JP-Tak,137.423111,36.146167,2011,9,13,24.56,15.63,16.42,1.46,17.94,0.01
JP-Tak,137.423111,36.146167,2011,9,14,25.76,14.93,16.73,1.06,19.31,0
JP-Tak,137.423111,36.146167,2011,9,15,25.37,16,16.95,1.57,20.57,0.11
JP-Tak,137.423111,36.146167,2011,9,16,24.42,14.53,16.78,2.12,19.21,1.49
JP-Tak,137.423111,36.146167,2011,9,17,21.97,17.35,18.57,4.01,5.85,15.96
JP-Tak,137.423111,36.146167,2011,9,18,24.4,16.17,17.04,2.43,19.41,0.42
JP-Tak,137.423111,36.146167,2011,9,19,23.09,15.63,17.24,2.15,9.47,16.03
JP-Tak,137.423111,36.146167,2011,9,20,19.93,16.06,17.41,3.38,2.96,90.77
JP-Tak,137.423111,36.146167,2011,9,21,21.15,14.41,17.28,4.65,2.94,54.87
JP-Tak,137.423111,36.146167,2011,9,22,16.21,9.64,11.65,4.15,7.39,11.74
JP-Tak,137.423111,36.146167,2011,9,23,15.41,5.86,7.07,2.98,13.96,0.38
JP-Tak,137.423111,36.146167,2011,9,24,17.72,4.3,6.81,1.75,21.01,0
JP-Tak,137.423111,36.146167,2011,9,25,17.93,7.38,10.14,1.7,15.64,0.05
JP-Tak,137.423111,36.146167,2011,9,26,18.4,10.33,10.69,0.69,7.86,0.28
JP-Tak,137.423111,36.146167,2011,9,27,19.19,9.35,9.68,1.82,20.93,0
JP-Tak,137.423111,36.146167,2011,9,28,19.38,7.17,7.87,1.56,19.45,0
JP-Tak,137.423111,36.146167,2011,9,29,17.76,8.98,10.4,1.89,20.19,0.03
JP-Tak,137.423111,36.146167,2011,9,30,19.63,11.15,13.75,3.99,4.65,7.06
JP-Tak,137.423111,36.146167,2011,10,1,14.24,6.79,7.36,3.42,13.45,0.82
JP-Tak,137.423111,36.146167,2011,10,2,13.78,5.52,6.17,2.32,11.06,0.96
JP-Tak,137.423111,36.146167,2011,10,3,11.66,3.02,3.05,3.37,16.73,0.81
JP-Tak,137.423111,36.146167,2011,10,4,14.39,2.69,5.46,2.01,20.34,0
JP-Tak,137.423111,36.146167,2011,10,5,15.21,6.22,10.24,1.71,4.11,18.8
JP-Tak,137.423111,36.146167,2011,10,6,16.04,8,9.92,2.86,10.21,6.24
JP-Tak,137.423111,36.146167,2011,10,7,12.16,3.3,5.57,4.33,12.76,0.77
JP-Tak,137.423111,36.146167,2011,10,8,15.27,2.5,4.6,1.73,16.39,0
JP-Tak,137.423111,36.146167,2011,10,9,16.27,5.08,6.77,1.87,18.47,0
JP-Tak,137.423111,36.146167,2011,10,10,16.36,7.71,8.89,2.21,16.11,0.02
JP-Tak,137.423111,36.146167,2011,10,11,14.6,6.66,7.73,1.21,12.27,0.03
JP-Tak,137.423111,36.146167,2011,10,12,15.86,4.09,5.11,1.88,16.69,0
JP-Tak,137.423111,36.146167,2011,10,13,14.41,7.07,6.13,1.53,9.1,0
JP-Tak,137.423111,36.146167,2011,10,14,16.8,5.61,10.03,4.31,8.02,5.46
JP-Tak,137.423111,36.146167,2011,10,15,17.42,14.21,15.45,4.17,5.59,29.52
JP-Tak,137.423111,36.146167,2011,10,16,15.98,7.49,9.45,4.13,13.51,11.14
JP-Tak,137.423111,36.146167,2011,10,17,11.73,6.88,7.33,2.2,9.89,0.07
JP-Tak,137.423111,36.146167,2011,10,18,16.21,6.11,6.57,1.86,12.76,0.19
JP-Tak,137.423111,36.146167,2011,10,19,16.38,6.22,7.7,1.24,17.7,0
JP-Tak,137.423111,36.146167,2011,10,20,17.58,3.54,6.12,1.39,17.03,0
JP-Tak,137.423111,36.146167,2011,10,21,17.37,7.55,9.15,1.67,13.93,0.66
JP-Tak,137.423111,36.146167,2011,10,22,17.65,10.92,13.45,3.86,6.81,15.77
JP-Tak,137.423111,36.146167,2011,10,23,17.92,10.7,13.06,2.53,6.79,2.51
JP-Tak,137.423111,36.146167,2011,10,24,16.87,10.5,11.66,1.92,10.13,0.01
JP-Tak,137.423111,36.146167,2011,10,25,13.59,3.73,8.43,3.96,3.66,1.35
JP-Tak,137.423111,36.146167,2011,10,26,8.74,0.12,0.8,4.08,10.87,0.37
JP-Tak,137.423111,36.146167,2011,10,27,14.23,-0.03,2.8,1.47,16.1,0
JP-Tak,137.423111,36.146167,2011,10,28,14.17,3.5,3.33,1.16,16.08,0
JP-Tak,137.423111,36.146167,2011,10,29,16.83,3.45,4.8,1.29,15.44,0
JP-Tak,137.423111,36.146167,2011,10,30,12.02,6.76,7.1,1.14,3.65,6.41
JP-Tak,137.423111,36.146167,2011,10,31,13.39,4.51,7.68,2.7,8.67,4.68
JP-Tak,137.423111,36.146167,2011,11,1,16.36,3.55,5.88,1.6,14.9,0
JP-Tak,137.423111,36.146167,2011,11,2,14.02,4.63,5.08,1.53,12.55,0
JP-Tak,137.423111,36.146167,2011,11,3,15.01,7.28,8.91,1.17,7.88,0.02
JP-Tak,137.423111,36.146167,2011,11,4,17.43,7.52,9.38,1.5,12.95,0
JP-Tak,137.423111,36.146167,2011,11,5,14.31,8.24,10.6,1.92,5.13,5.54
JP-Tak,137.423111,36.146167,2011,11,6,15.73,9.9,11.84,2.24,2.13,16.63
JP-Tak,137.423111,36.146167,2011,11,7,11.34,4.65,7.42,3.21,6,3.32
JP-Tak,137.423111,36.146167,2011,11,8,9.42,2.31,2.58,3.06,10.16,0.12
JP-Tak,137.423111,36.146167,2011,11,9,10.7,1.44,2.7,1.57,10.76,0.05
JP-Tak,137.423111,36.146167,2011,11,10,10.47,2.72,2.59,1.1,10.43,0.07
JP-Tak,137.423111,36.146167,2011,11,11,8.7,5.08,5.88,1.79,2.35,23.72
JP-Tak,137.423111,36.146167,2011,11,12,13.63,4.88,6.84,1.48,12.12,0.01
JP-Tak,137.423111,36.146167,2011,11,13,11.21,3.02,5.16,1.76,6.28,0.22
JP-Tak,137.423111,36.146167,2011,11,14,10.66,2.67,4.12,2.23,7.68,1.38
JP-Tak,137.423111,36.146167,2011,11,15,5.97,-0.69,1.09,3.72,7.14,2.26
JP-Tak,137.423111,36.146167,2011,11,16,7.11,-3.06,-2.89,3.47,11.25,0.22
JP-Tak,137.423111,36.146167,2011,11,17,8.67,-0.92,-1.01,3.1,12.78,0.57
JP-Tak,137.423111,36.146167,2011,11,18,10.37,0.7,3.21,2.76,6.11,0.15
JP-Tak,137.423111,36.146167,2011,11,19,15.1,6.82,11.47,4.7,1.96,44.84
JP-Tak,137.423111,36.146167,2011,11,20,10.29,0.19,5.45,4.2,4.55,6.04
JP-Tak,137.423111,36.146167,2011,11,21,2.38,-2.07,-1.81,4.59,5.88,4.36
JP-Tak,137.423111,36.146167,2011,11,22,4.28,-3.56,-2.7,2.26,10.21,0.84
JP-Tak,137.423111,36.146167,2011,11,23,7.16,-2.94,0.93,3.47,7.75,1.18
JP-Tak,137.423111,36.146167,2011,11,24,3.89,-1.79,-0.6,6.04,5.64,4.88
JP-Tak,137.423111,36.146167,2011,11,25,2.31,-3.81,-2.52,4.22,5.98,3.02
JP-Tak,137.423111,36.146167,2011,11,26,7.13,-4.71,-4.08,1.58,11.98,0
JP-Tak,137.423111,36.146167,2011,11,27,7.87,-2.06,-3.03,1.35,7.96,0
JP-Tak,137.423111,36.146167,2011,11,28,9.19,2.58,0.74,1.34,4.37,0
JP-Tak,137.423111,36.146167,2011,11,29,13.05,4.02,0.92,1.35,8.38,0.08
JP-Tak,137.423111,36.146167,2011,11,30,12.53,3.2,5.02,1.63,5.74,1.16
JP-Tak,137.423111,36.146167,2011,12,1,4.33,0.44,0.72,2.92,2.87,1.83
JP-Tak,137.423111,36.146167,2011,12,2,5.05,-0.46,0.99,1.8,6.1,1.91
JP-Tak,137.423111,36.146167,2011,12,3,11.38,1.06,5.51,5.77,3.75,16.67
JP-Tak,137.423111,36.146167,2011,12,4,3.31,-0.59,-0.19,5.56,7.9,1.97
JP-Tak,137.423111,36.146167,2011,12,5,3.16,-4.29,-1.96,3.67,6.33,1.31
JP-Tak,137.423111,36.146167,2011,12,6,4.44,-3.68,-0.47,1.77,6.07,0.39
JP-Tak,137.423111,36.146167,2011,12,7,6.11,-1.54,0.73,1.54,6.1,1.23
JP-Tak,137.423111,36.146167,2011,12,8,3.4,-2.27,0.59,1.37,2.24,2.77
JP-Tak,137.423111,36.146167,2011,12,9,-1.6,-6.83,-5.79,4.01,6.28,2.04
JP-Tak,137.423111,36.146167,2011,12,10,0.6,-6.69,-5.33,3.35,8.86,1.77
JP-Tak,137.423111,36.146167,2011,12,11,1.55,-3.83,-2.78,4.07,6.9,1.94
JP-Tak,137.423111,36.146167,2011,12,12,3.3,-3.29,-0.92,2.77,5.61,2.56
JP-Tak,137.423111,36.146167,2011,12,13,4.11,-3.49,-2.8,2.34,6.42,0.88
JP-Tak,137.423111,36.146167,2011,12,14,5.65,-3.13,-0.99,2.04,10.01,0.28
JP-Tak,137.423111,36.146167,2011,12,15,3.93,-1.21,0.44,3.41,4.74,2.55
JP-Tak,137.423111,36.146167,2011,12,16,-1.16,-7.01,-5,4.54,3.84,4.3
JP-Tak,137.423111,36.146167,2011,12,17,-3.11,-7.84,-7.75,3.48,6.58,2.02
JP-Tak,137.423111,36.146167,2011,12,18,-0.74,-6.44,-4.5,3.87,4.5,3.38
JP-Tak,137.423111,36.146167,2011,12,19,-0.99,-5.81,-4.6,2.86,5.84,3.33
JP-Tak,137.423111,36.146167,2011,12,20,-2.3,-8.26,-7.41,2.57,5.8,0.62
JP-Tak,137.423111,36.146167,2011,12,21,-0.73,-8.04,-4.21,2.45,4.64,1.29
JP-Tak,137.423111,36.146167,2011,12,22,-0.49,-5.06,-3.14,4,3.1,5.06
JP-Tak,137.423111,36.146167,2011,12,23,-5.63,-9.51,-8.99,5.65,6.87,1.43
JP-Tak,137.423111,36.146167,2011,12,24,-3.95,-10.28,-7.64,3.09,6.95,4.27
JP-Tak,137.423111,36.146167,2011,12,25,-4.74,-9.79,-7.78,3.72,3.39,7.95
JP-Tak,137.423111,36.146167,2011,12,26,-6.3,-9.62,-9.18,5.49,4.25,6.48
JP-Tak,137.423111,36.146167,2011,12,27,-5.1,-10.78,-8.99,4.62,5.38,1.69
JP-Tak,137.423111,36.146167,2011,12,28,-3.06,-10.74,-9.03,2.4,9.23,0.05
JP-Tak,137.423111,36.146167,2011,12,29,-1.35,-8.64,-6.12,2.62,4.47,3.8
JP-Tak,137.423111,36.146167,2011,12,30,-5.77,-12.77,-9.63,4.64,6.28,0.9
JP-Tak,137.423111,36.146167,2011,12,31,-3.17,-13.07,-10.26,2.34,8.3,0.04
JP-Tak,137.423111,36.146167,2012,1,1,-0.88,-9.04,-6.41,2.45,4.74,0.88
JP-Tak,137.423111,36.146167,2012,1,2,-2.28,-7.86,-5.39,4.97,4,5.15
JP-Tak,137.423111,36.146167,2012,1,3,-3.84,-9.28,-7.82,3.36,7.55,0.63
JP-Tak,137.423111,36.146167,2012,1,4,-2.92,-8.81,-6.22,5.3,2.72,7.6
JP-Tak,137.423111,36.146167,2012,1,5,-5.08,-10.08,-8.83,5.46,4.73,4.29
JP-Tak,137.423111,36.146167,2012,1,6,-2.35,-10.91,-7.22,2.85,6.55,2.23
JP-Tak,137.423111,36.146167,2012,1,7,-5.44,-11.56,-9.54,4.36,6.95,0.91
JP-Tak,137.423111,36.146167,2012,1,8,-4.22,-12.76,-10.39,2.85,7.47,0.22
JP-Tak,137.423111,36.146167,2012,1,9,-1.81,-10.88,-7.23,3.33,6.43,1.12
JP-Tak,137.423111,36.146167,2012,1,10,-1.47,-8.21,-5.98,2.19,6.86,0.85
JP-Tak,137.423111,36.146167,2012,1,11,-2.24,-12.01,-6.29,4.28,4.36,2.65
JP-Tak,137.423111,36.146167,2012,1,12,-6.31,-13.98,-12.29,2.88,8.92,0.16
JP-Tak,137.423111,36.146167,2012,1,13,-1.76,-12.68,-6.16,4.19,6.42,3.05
JP-Tak,137.423111,36.146167,2012,1,14,-5.33,-10.49,-8.56,3.55,7.49,1.74
JP-Tak,137.423111,36.146167,2012,1,15,-2.98,-8.81,-7.03,2.69,5.84,1.38
JP-Tak,137.423111,36.146167,2012,1,16,-2.6,-10.4,-8.38,2.09,5.64,0.51
JP-Tak,137.423111,36.146167,2012,1,17,-1.48,-12.98,-9.18,2.11,8.04,0.36
JP-Tak,137.423111,36.146167,2012,1,18,-0.28,-10.9,-7.18,1.63,9.5,0
JP-Tak,137.423111,36.146167,2012,1,19,0.99,-6.94,-5.01,1.81,7.39,4.19
JP-Tak,137.423111,36.146167,2012,1,20,0.23,-7.21,-4.28,2.43,5.29,12.31
JP-Tak,137.423111,36.146167,2012,1,21,0.58,-6.77,-2.71,0.92,3.96,6.67
JP-Tak,137.423111,36.146167,2012,1,22,1.8,-6.12,-3.27,1.51,7.07,0.62
JP-Tak,137.423111,36.146167,2012,1,23,-1.65,-11.39,-6.51,2.7,5.3,2.52
JP-Tak,137.423111,36.146167,2012,1,24,-4.89,-12.46,-10.17,2.53,7.95,1.62
JP-Tak,137.423111,36.146167,2012,1,25,-5.77,-9.05,-8.74,3.79,5.71,5.19
JP-Tak,137.423111,36.146167,2012,1,26,-7.95,-11.76,-10.75,3.33,6.75,4.28
JP-Tak,137.423111,36.146167,2012,1,27,-5.12,-9.6,-8.42,3.6,4.66,5.23
JP-Tak,137.423111,36.146167,2012,1,28,-7.03,-14.26,-10.81,4.13,7.31,1.73
JP-Tak,137.423111,36.146167,2012,1,29,-8.63,-13.84,-12.67,4.91,10.47,0.66
JP-Tak,137.423111,36.146167,2012,1,30,-7.07,-13.9,-11.19,3.77,10.2,1.65
JP-Tak,137.423111,36.146167,2012,1,31,-5.45,-15.49,-10.77,3.23,5.69,1.71
JP-Tak,137.423111,36.146167,2012,2,1,-4.41,-16.17,-9.53,6.07,3.6,6.35
JP-Tak,137.423111,36.146167,2012,2,2,-10.31,-13.56,-12.79,4.92,5.05,2.65
JP-Tak,137.423111,36.146167,2012,2,3,-7.36,-14.64,-11.23,3.03,10.13,1.41
JP-Tak,137.423111,36.146167,2012,2,4,-4.61,-9.53,-7.82,5.03,5.88,2.64
JP-Tak,137.423111,36.146167,2012,2,5,-2.61,-12.22,-9.02,1.94,8.61,0.12
JP-Tak,137.423111,36.146167,2012,2,6,1.27,-11.21,-3.6,2.27,4.83,7.65
JP-Tak,137.423111,36.146167,2012,2,7,3.24,-4.55,-0.46,3.2,2.79,32.39
JP-Tak,137.423111,36.146167,2012,2,8,-5.21,-9.44,-8.64,5.5,7.85,1.74
JP-Tak,137.423111,36.146167,2012,2,9,-5.99,-10.04,-9.68,5.28,6.39,3.31
JP-Tak,137.423111,36.146167,2012,2,10,-4.07,-9.67,-8.02,3.6,8.4,3
JP-Tak,137.423111,36.146167,2012,2,11,-5.4,-10.36,-9.43,3.44,12.44,0.88
JP-Tak,137.423111,36.146167,2012,2,12,-5.34,-14.2,-9.9,4.6,9.99,1.09
JP-Tak,137.423111,36.146167,2012,2,13,-0.39,-12.83,-8.38,1.67,7.35,3.29
JP-Tak,137.423111,36.146167,2012,2,14,1.42,-4.92,-2.01,0.98,4.57,6
JP-Tak,137.423111,36.146167,2012,2,15,-0.53,-11.15,-6.08,3.3,4.87,0.47
JP-Tak,137.423111,36.146167,2012,2,16,-1.12,-12.12,-9.91,2.61,11.1,0.93
JP-Tak,137.423111,36.146167,2012,2,17,-4.87,-10.31,-8.9,3.38,7.46,5.16
JP-Tak,137.423111,36.146167,2012,2,18,-8.8,-14.53,-12.67,4.22,7.68,1.62
JP-Tak,137.423111,36.146167,2012,2,19,-5.29,-14.43,-11.96,1.77,14.79,0.06
JP-Tak,137.423111,36.146167,2012,2,20,-2.35,-13.02,-9.26,1.81,14.47,0.33
JP-Tak,137.423111,36.146167,2012,2,21,-0.11,-12.57,-7.16,2.02,15.17,0.12
JP-Tak,137.423111,36.146167,2012,2,22,2.72,-9.09,-4.12,2.22,16.95,1.74
JP-Tak,137.423111,36.146167,2012,2,23,2.68,-1.11,0.38,4.19,3.75,18.94
JP-Tak,137.423111,36.146167,2012,2,24,3.81,-5.26,-2.83,3.98,12.13,0.44
JP-Tak,137.423111,36.146167,2012,2,25,1.82,-5.62,-0.92,2.31,3.68,8.5
JP-Tak,137.423111,36.146167,2012,2,26,-3.35,-9.32,-7.82,4.1,3.56,0.84
JP-Tak,137.423111,36.146167,2012,2,27,-5.76,-13.87,-11.63,4.48,14.55,0.05
JP-Tak,137.423111,36.146167,2012,2,28,-0.28,-14.75,-8.82,1.96,15.51,0.39
JP-Tak,137.423111,36.146167,2012,2,29,2.88,-5.57,-3.6,1.84,11.87,10.78
JP-Tak,137.423111,36.146167,2012,3,1,4.76,-5.36,-3.3,0.95,13.79,0
JP-Tak,137.423111,36.146167,2012,3,2,2.64,-3.96,-0.31,1.91,4.54,5.56
JP-Tak,137.423111,36.146167,2012,3,3,3.17,-5.02,-3.94,3.14,11.37,0.13
JP-Tak,137.423111,36.146167,2012,3,4,3.27,-4.38,-0.8,1.99,12.97,6.72
JP-Tak,137.423111,36.146167,2012,3,5,3.04,-0.45,0.94,3.15,4.57,28.32
JP-Tak,137.423111,36.146167,2012,3,6,5.84,2.24,3.21,2.88,9.42,12.86
JP-Tak,137.423111,36.146167,2012,3,7,2.37,-2.05,-1.55,3.07,11.57,0.07
JP-Tak,137.423111,36.146167,2012,3,8,5.08,-0.62,0.17,1.19,12.22,0.18
JP-Tak,137.423111,36.146167,2012,3,9,3.6,-1.4,0.02,1.37,6.36,10.95
JP-Tak,137.423111,36.146167,2012,3,10,2.61,-6,-2.98,2.81,8.05,5.42
JP-Tak,137.423111,36.146167,2012,3,11,2.32,-8.47,-6.78,4.27,14.84,1.86
JP-Tak,137.423111,36.146167,2012,3,12,-3.29,-8.3,-7.84,7.6,8.07,6.63
JP-Tak,137.423111,36.146167,2012,3,13,-3.07,-10.87,-9.2,3.59,12.3,0.95
JP-Tak,137.423111,36.146167,2012,3,14,-0.29,-11.7,-8.37,1.89,18.71,0.12
JP-Tak,137.423111,36.146167,2012,3,15,-2.09,-10.87,-6.98,4.44,14.31,2.62
JP-Tak,137.423111,36.146167,2012,3,16,2.16,-11.88,-6.24,3.03,15.73,0.15
JP-Tak,137.423111,36.146167,2012,3,17,5.34,-1.92,2.8,4.1,3.68,18.66
JP-Tak,137.423111,36.146167,2012,3,18,5.83,-0.25,2.49,1.79,5.53,1.82
JP-Tak,137.423111,36.146167,2012,3,19,-0.96,-8.81,-7.28,4.79,14.19,1.1
JP-Tak,137.423111,36.146167,2012,3,20,1.23,-10.39,-7.07,3.42,14.58,0.49
JP-Tak,137.423111,36.146167,2012,3,21,-1.39,-9.29,-8.59,4.73,15.73,0.12
JP-Tak,137.423111,36.146167,2012,3,22,3.91,-9.73,-4.75,3.52,7.29,0.08
JP-Tak,137.423111,36.146167,2012,3,23,4.29,-1.59,0.74,3.18,5.42,24.96
JP-Tak,137.423111,36.146167,2012,3,24,3.17,-3.78,-1,4.78,8.93,5.42
JP-Tak,137.423111,36.146167,2012,3,25,-1.33,-5.85,-5.38,5.82,8.96,5.02
JP-Tak,137.423111,36.146167,2012,3,26,-2.43,-6.28,-6.71,3.86,13.62,2.05
JP-Tak,137.423111,36.146167,2012,3,27,3.3,-7.88,-4.88,2.95,19.8,0.07
JP-Tak,137.423111,36.146167,2012,3,28,2.97,-4.73,-2.37,4.07,8.34,2.7
JP-Tak,137.423111,36.146167,2012,3,29,7.77,-8,-5.11,2.17,22.4,0
JP-Tak,137.423111,36.146167,2012,3,30,7.66,-2.61,1.41,4.5,14.26,0.24
JP-Tak,137.423111,36.146167,2012,3,31,6.97,-6.74,0.62,7.15,4.62,32.19
JP-Tak,137.423111,36.146167,2012,4,1,0.87,-8.46,-6.14,4.5,11.71,0.56
JP-Tak,137.423111,36.146167,2012,4,2,6.68,-7.2,-4.08,2.42,18.12,0
JP-Tak,137.423111,36.146167,2012,4,3,8.26,-3.21,1.48,10.11,5.42,28.98
JP-Tak,137.423111,36.146167,2012,4,4,0.13,-4.68,-4.56,8.31,10.32,5.45
JP-Tak,137.423111,36.146167,2012,4,5,3.99,-3.14,-1.65,6.02,8.69,3.29
JP-Tak,137.423111,36.146167,2012,4,6,0.28,-5.75,-5.52,4.17,11.95,2.38
JP-Tak,137.423111,36.146167,2012,4,7,-1.97,-7.1,-7.11,4.39,13.11,1.47
JP-Tak,137.423111,36.146167,2012,4,8,6.2,-7.09,-4.09,2.84,23.56,0
JP-Tak,137.423111,36.146167,2012,4,9,8.42,-1.99,2.17,4.12,10.29,0
JP-Tak,137.423111,36.146167,2012,4,10,12.39,-0.56,1.09,1.99,19.52,0.04
JP-Tak,137.423111,36.146167,2012,4,11,6.36,2.46,4.36,5.42,4.36,32.97
JP-Tak,137.423111,36.146167,2012,4,12,13.24,0.9,2.2,3.56,24.74,0.41
JP-Tak,137.423111,36.146167,2012,4,13,11.68,0.97,2.26,2.27,16.16,1.91
JP-Tak,137.423111,36.146167,2012,4,14,8.88,1.64,3.19,2.08,6.97,11.6
JP-Tak,137.423111,36.146167,2012,4,15,12.89,-0.58,2.47,1.75,19.93,0
JP-Tak,137.423111,36.146167,2012,4,16,8.62,2.47,3.79,2,15.26,0.02
JP-Tak,137.423111,36.146167,2012,4,17,11.69,1.57,3.05,1.74,13.49,0.52
JP-Tak,137.423111,36.146167,2012,4,18,13.7,2.19,2.38,1.72,22.16,0.01
JP-Tak,137.423111,36.146167,2012,4,19,13.81,3.59,5.23,1.87,24.61,0.26
JP-Tak,137.423111,36.146167,2012,4,20,10.59,5.78,6.06,1.46,11.81,1.19
JP-Tak,137.423111,36.146167,2012,4,21,14.83,4.64,6.1,1.87,21.79,0.06
JP-Tak,137.423111,36.146167,2012,4,22,5.97,3.37,3.47,5.51,6.89,8.77
JP-Tak,137.423111,36.146167,2012,4,23,12.94,5.15,7.93,3.41,8.56,9.07
JP-Tak,137.423111,36.146167,2012,4,24,15.75,3.21,5.71,2.75,22.24,0
JP-Tak,137.423111,36.146167,2012,4,25,17.93,5.44,8.24,2.29,22.8,0.15
JP-Tak,137.423111,36.146167,2012,4,26,13.52,8.99,9.54,5.65,5.16,8.84
JP-Tak,137.423111,36.146167,2012,4,27,17.79,7.02,8.48,2.19,19.69,1.39
JP-Tak,137.423111,36.146167,2012,4,28,20.08,5.09,5.2,1.85,26.58,0
JP-Tak,137.423111,36.146167,2012,4,29,20.89,6.91,6.02,1.36,22.24,0
JP-Tak,137.423111,36.146167,2012,4,30,16.96,8.15,8.25,1.28,11.75,0.01
JP-Tak,137.423111,36.146167,2012,5,1,18.48,6.92,9.95,2.55,16.5,0.17
JP-Tak,137.423111,36.146167,2012,5,2,15.02,9.86,9.96,5.46,9.24,8.09
JP-Tak,137.423111,36.146167,2012,5,3,17.14,8.81,10.76,3.69,14.37,4.47
JP-Tak,137.423111,36.146167,2012,5,4,13.46,6.01,7.58,4.39,12.96,4.85
JP-Tak,137.423111,36.146167,2012,5,5,16.83,5.41,7.37,4.64,22.27,0.21
JP-Tak,137.423111,36.146167,2012,5,6,13,2.48,4.6,4.24,9.98,6.08
JP-Tak,137.423111,36.146167,2012,5,7,14.81,1.07,2.76,2.36,18.81,0.04
JP-Tak,137.423111,36.146167,2012,5,8,16.18,5.53,4.74,1.44,16.65,0
JP-Tak,137.423111,36.146167,2012,5,9,14.37,5.91,7.22,1.5,11.53,0.75
JP-Tak,137.423111,36.146167,2012,5,10,12.04,1.93,4,3.84,11.69,1.99
JP-Tak,137.423111,36.146167,2012,5,11,11.9,1.32,3.09,4.28,12.51,1.26
JP-Tak,137.423111,36.146167,2012,5,12,8.17,-0.72,0.4,4.72,18.03,0.63
JP-Tak,137.423111,36.146167,2012,5,13,15.56,-1.49,1.05,1.63,25.23,0
JP-Tak,137.423111,36.146167,2012,5,14,17.29,4.62,5.08,1.89,24.04,0.03
JP-Tak,137.423111,36.146167,2012,5,15,13.17,6.09,9.49,3.46,7.88,19.83
JP-Tak,137.423111,36.146167,2012,5,16,16.03,7.21,6.23,3.57,23.57,0.11
JP-Tak,137.423111,36.146167,2012,5,17,15.29,7.96,8.59,3.03,15.05,5
JP-Tak,137.423111,36.146167,2012,5,18,10.75,2.05,4.81,4.04,12.57,4.05
JP-Tak,137.423111,36.146167,2012,5,19,18.27,2.06,5.45,1.57,27.82,0
JP-Tak,137.423111,36.146167,2012,5,20,16.46,7.5,7.79,1.25,20.28,0
JP-Tak,137.423111,36.146167,2012,5,21,17.96,7.22,7.89,2.81,23.54,0.01
JP-Tak,137.423111,36.146167,2012,5,22,17.77,5.76,6.95,2.6,19.57,1.45
JP-Tak,137.423111,36.146167,2012,5,23,17.19,4.98,5.48,2.46,24.04,0
JP-Tak,137.423111,36.146167,2012,5,24,20.15,4.53,5.46,1.54,21,0
JP-Tak,137.423111,36.146167,2012,5,25,15.15,7.76,7.4,1.41,7.48,2.37
JP-Tak,137.423111,36.146167,2012,5,26,17.88,5.6,5.54,1.85,21.82,0
JP-Tak,137.423111,36.146167,2012,5,27,18.86,6.57,7.58,1.85,21.76,2.51
JP-Tak,137.423111,36.146167,2012,5,28,15.2,6.41,8.96,2.89,14.2,5.82
JP-Tak,137.423111,36.146167,2012,5,29,17.54,7.41,8.04,1.93,15.27,6.73
JP-Tak,137.423111,36.146167,2012,5,30,17.44,5.44,7.42,1.05,20.18,0.17
JP-Tak,137.423111,36.146167,2012,5,31,18.27,7.89,8.84,1.58,22.5,1.59
JP-Tak,137.423111,36.146167,2012,6,1,19.03,9.63,9.86,1.63,18.57,4.78
JP-Tak,137.423111,36.146167,2012,6,2,17.57,8.87,8.69,1.04,18.68,0.03
JP-Tak,137.423111,36.146167,2012,6,3,17.39,9.67,10.62,1.26,16.97,3.78
JP-Tak,137.423111,36.146167,2012,6,4,20.59,8.93,11.16,1.69,24.66,0.03
JP-Tak,137.423111,36.146167,2012,6,5,16.7,10.38,10.52,1.63,14.15,0
JP-Tak,137.423111,36.146167,2012,6,6,19.24,8.53,9.71,2.98,16.78,0.28
JP-Tak,137.423111,36.146167,2012,6,7,18.79,9.19,10.06,1.65,21.1,0
JP-Tak,137.423111,36.146167,2012,6,8,21.36,8.99,11.53,2.2,20.11,7.36
JP-Tak,137.423111,36.146167,2012,6,9,16.73,10.57,12.33,2.27,7.79,17.57
JP-Tak,137.423111,36.146167,2012,6,10,20.45,10.22,12.64,2.51,14.34,2.17
JP-Tak,137.423111,36.146167,2012,6,11,20.65,11.9,13.38,2.06,19.06,0.12
JP-Tak,137.423111,36.146167,2012,6,12,16.14,9.92,11.2,2.21,11.54,0.91
JP-Tak,137.423111,36.146167,2012,6,13,21.38,8.89,12.47,1.71,17.74,0.85
JP-Tak,137.423111,36.146167,2012,6,14,22.63,11.38,13.25,1.43,23.17,0
JP-Tak,137.423111,36.146167,2012,6,15,22.27,12.12,13.8,1.62,20.68,0.22
JP-Tak,137.423111,36.146167,2012,6,16,18.71,12.24,15,4.23,8.76,18.74
JP-Tak,137.423111,36.146167,2012,6,17,21.59,13.53,14.72,3.32,18.85,16.85
JP-Tak,137.423111,36.146167,2012,6,18,22.12,13.05,12.42,1.57,23.2,0.08
JP-Tak,137.423111,36.146167,2012,6,19,19.66,13.99,15.23,4.87,5.21,39.18
JP-Tak,137.423111,36.146167,2012,6,20,20.99,11.77,15.06,5.08,14.67,3.43
JP-Tak,137.423111,36.146167,2012,6,21,17.97,10.03,11.93,1.65,11.75,8.99
JP-Tak,137.423111,36.146167,2012,6,22,21.22,10.99,14.8,2.95,14.98,32.05
JP-Tak,137.423111,36.146167,2012,6,23,20.79,9.06,9.73,1.75,22.46,0
JP-Tak,137.423111,36.146167,2012,6,24,19.46,11.49,10.05,1.25,21.82,0.01
JP-Tak,137.423111,36.146167,2012,6,25,21.24,12.47,12.63,1.55,19.9,1.49
JP-Tak,137.423111,36.146167,2012,6,26,21.11,12.02,13.21,1.15,22.02,1.36
JP-Tak,137.423111,36.146167,2012,6,27,20.7,12.37,13.18,0.85,22.56,0.08
JP-Tak,137.423111,36.146167,2012,6,28,21.09,12.36,13.46,0.83,21.78,0.83
JP-Tak,137.423111,36.146167,2012,6,29,22.93,11,12.78,1.46,23.83,0.11
JP-Tak,137.423111,36.146167,2012,6,30,23.23,12.49,13.72,1.57,23.78,1.02
JP-Tak,137.423111,36.146167,2012,7,1,19.22,14.93,15.98,2.55,6.09,23.02
JP-Tak,137.423111,36.146167,2012,7,2,24.25,13.2,14.45,1.75,21.62,0.03
JP-Tak,137.423111,36.146167,2012,7,3,19.06,12.48,15.13,2.06,8.41,18.45
JP-Tak,137.423111,36.146167,2012,7,4,23.96,12.91,15.17,2.06,22,0.51
JP-Tak,137.423111,36.146167,2012,7,5,20.95,15.18,16.25,2.46,13.27,3.9
JP-Tak,137.423111,36.146167,2012,7,6,20.07,15.31,17.15,2.37,6.9,43.34
JP-Tak,137.423111,36.146167,2012,7,7,21.46,14.65,17.04,4.32,9.48,15.67
JP-Tak,137.423111,36.146167,2012,7,8,23.4,13.27,15.45,1.41,15.22,2.25
JP-Tak,137.423111,36.146167,2012,7,9,23.52,14.81,16.36,1.95,19.35,2.91
JP-Tak,137.423111,36.146167,2012,7,10,24.28,15.15,16.07,1.53,21.66,0.02
JP-Tak,137.423111,36.146167,2012,7,11,22.43,12.97,15.32,3.91,21.4,6.25
JP-Tak,137.423111,36.146167,2012,7,12,23.02,18.03,18.7,6.36,9.99,41.39
JP-Tak,137.423111,36.146167,2012,7,13,23.19,17.58,17.74,2.56,10.95,2.6
JP-Tak,137.423111,36.146167,2012,7,14,24.4,18.22,18.57,3.01,9.99,14.9
JP-Tak,137.423111,36.146167,2012,7,15,24.51,17.76,18.89,3.89,13.69,1.54
JP-Tak,137.423111,36.146167,2012,7,16,25.15,17.43,18.62,3.58,22.31,0.18
JP-Tak,137.423111,36.146167,2012,7,17,25.94,16.97,18.83,2.23,20.95,0.21
JP-Tak,137.423111,36.146167,2012,7,18,26.31,17.67,19.29,1.6,23.88,0.17
JP-Tak,137.423111,36.146167,2012,7,19,26.46,17.93,19.07,2.41,23.19,0.17
JP-Tak,137.423111,36.146167,2012,7,20,21.02,17.54,18.51,1.34,10.12,28.83
JP-Tak,137.423111,36.146167,2012,7,21,22.51,15.98,17.72,2.12,10.6,22.42
JP-Tak,137.423111,36.146167,2012,7,22,23.82,15.04,16.68,1.43,12.87,0.61
JP-Tak,137.423111,36.146167,2012,7,23,24.96,14.7,16.39,1.25,20.37,1.44
JP-Tak,137.423111,36.146167,2012,7,24,25.25,16.6,17.55,1.33,17.19,0
JP-Tak,137.423111,36.146167,2012,7,25,25.52,17.39,17.88,1.55,15.8,0
JP-Tak,137.423111,36.146167,2012,7,26,27.26,17.25,17.05,1.54,25.9,0
JP-Tak,137.423111,36.146167,2012,7,27,27.94,18.32,18.28,1.21,22.89,0.01
JP-Tak,137.423111,36.146167,2012,7,28,27.99,18.45,19.5,1.36,19.53,4.58
JP-Tak,137.423111,36.146167,2012,7,29,26.64,18.45,19.96,1.61,18.28,2.08
JP-Tak,137.423111,36.146167,2012,7,30,26.42,18.41,19.14,1.48,19.81,5.68
JP-Tak,137.423111,36.146167,2012,7,31,27.51,16.76,17.23,1.41,27.85,0
JP-Tak,137.423111,36.146167,2012,8,1,27.7,14.72,16.39,1.41,27.36,0.05
JP-Tak,137.423111,36.146167,2012,8,2,27.24,19,19.56,1.04,24,1.76
JP-Tak,137.423111,36.146167,2012,8,3,26.98,18.06,18.93,1.6,23.25,0.01
JP-Tak,137.423111,36.146167,2012,8,4,27.38,15.46,17.01,1.47,25.71,0.24
JP-Tak,137.423111,36.146167,2012,8,5,27.48,17.69,18.58,1.16,23.06,0.41
JP-Tak,137.423111,36.146167,2012,8,6,24.06,18.32,18.97,1.38,16.22,12.51
JP-Tak,137.423111,36.146167,2012,8,7,24.83,15.06,16.65,2.26,20.89,0.81
JP-Tak,137.423111,36.146167,2012,8,8,25.17,12.98,15.26,1.63,20.91,0.05
JP-Tak,137.423111,36.146167,2012,8,9,24.88,15.56,16.3,1.61,22.64,0.01
JP-Tak,137.423111,36.146167,2012,8,10,24.45,14.79,16.95,2.01,22.07,0.25
JP-Tak,137.423111,36.146167,2012,8,11,24.18,17.17,18.44,1.78,11.65,3.52
JP-Tak,137.423111,36.146167,2012,8,12,25.29,16.9,18.53,1.78,18.94,0.95
JP-Tak,137.423111,36.146167,2012,8,13,23.05,17.03,19.27,3.26,10.45,15.67
JP-Tak,137.423111,36.146167,2012,8,14,25.34,19.06,19.68,1.92,14.13,35.02
JP-Tak,137.423111,36.146167,2012,8,15,24.36,17.7,18.73,3.06,13,15.94
JP-Tak,137.423111,36.146167,2012,8,16,25.06,17.29,18.71,2.15,17.79,4.33
JP-Tak,137.423111,36.146167,2012,8,17,27.29,18.41,19.74,1.18,18.97,12.15
JP-Tak,137.423111,36.146167,2012,8,18,25.99,18.38,18.92,0.84,18.59,6.93
JP-Tak,137.423111,36.146167,2012,8,19,25.01,17.09,17.82,2,18.8,0.73
JP-Tak,137.423111,36.146167,2012,8,20,26.21,16.22,16.8,1.15,21.08,0
JP-Tak,137.423111,36.146167,2012,8,21,25.5,15.31,17.38,1.76,23.95,0.01
JP-Tak,137.423111,36.146167,2012,8,22,25.73,16.86,18.24,1.83,20.74,0.79
JP-Tak,137.423111,36.146167,2012,8,23,26.55,16.43,17.39,1.04,20.8,0.58
JP-Tak,137.423111,36.146167,2012,8,24,26.43,16.44,17.72,1.03,20.11,1.74
JP-Tak,137.423111,36.146167,2012,8,25,27.92,17.22,17.78,0.88,20.02,2.16
JP-Tak,137.423111,36.146167,2012,8,26,26.5,16.44,17.37,1.2,20.14,0
JP-Tak,137.423111,36.146167,2012,8,27,26.52,16.76,17.48,1.26,20.84,0
JP-Tak,137.423111,36.146167,2012,8,28,25.47,16.64,17.53,2.07,19.68,0.09
JP-Tak,137.423111,36.146167,2012,8,29,25.05,15.62,18.06,1.77,14.71,0.44
JP-Tak,137.423111,36.146167,2012,8,30,25.33,18.75,19.75,1.36,16.38,9.27
JP-Tak,137.423111,36.146167,2012,8,31,25.71,17.85,19.17,1.67,15.53,14.35
JP-Tak,137.423111,36.146167,2012,9,1,24.61,16.2,17.09,1.37,16.96,9.6
JP-Tak,137.423111,36.146167,2012,9,2,23.15,14.82,16.5,1.96,16.72,6.22
JP-Tak,137.423111,36.146167,2012,9,3,23.97,14.23,15.96,1.51,13.94,2.92
JP-Tak,137.423111,36.146167,2012,9,4,21.58,16.15,16.3,1.72,12.06,0.89
JP-Tak,137.423111,36.146167,2012,9,5,24.31,16.2,16.11,1.14,19.01,1.87
JP-Tak,137.423111,36.146167,2012,9,6,21.7,15.27,16.33,1.43,9.47,13.53
JP-Tak,137.423111,36.146167,2012,9,7,24.72,14.96,15.73,1.3,19.84,1.98
JP-Tak,137.423111,36.146167,2012,9,8,21.84,16.12,16.85,2.03,13.96,2.32
JP-Tak,137.423111,36.146167,2012,9,9,22.97,15.19,16.08,2.28,15.19,0.16
JP-Tak,137.423111,36.146167,2012,9,10,22.38,14.09,16.19,2.16,15.6,1.55
JP-Tak,137.423111,36.146167,2012,9,11,20.53,15.81,16.75,1.6,8.05,16.81
JP-Tak,137.423111,36.146167,2012,9,12,23.38,14.85,14.75,1.06,19.18,0.07
JP-Tak,137.423111,36.146167,2012,9,13,24.64,13.82,13.53,1.03,20.98,0.05
JP-Tak,137.423111,36.146167,2012,9,14,23.38,14.82,15.32,1.96,17.51,2.87
JP-Tak,137.423111,36.146167,2012,9,15,22.99,13.17,15.01,1.85,16.99,1.5
JP-Tak,137.423111,36.146167,2012,9,16,25.44,13.72,16.57,2.23,20.42,0.03
JP-Tak,137.423111,36.146167,2012,9,17,23.59,16.69,17.66,5.95,18.81,2.25
JP-Tak,137.423111,36.146167,2012,9,18,21.51,17.01,16.8,4.91,12.52,13.69
JP-Tak,137.423111,36.146167,2012,9,19,22.23,15.75,17.04,2.48,10.54,21.25
JP-Tak,137.423111,36.146167,2012,9,20,22.89,13.99,14.87,1.45,11.21,0.41
JP-Tak,137.423111,36.146167,2012,9,21,20.24,13.21,13.33,1.39,11.15,3.76
JP-Tak,137.423111,36.146167,2012,9,22,20.65,13.11,12.92,1.52,17.57,1.25
JP-Tak,137.423111,36.146167,2012,9,23,17.2,12.1,12.59,1.09,3.94,15.26
JP-Tak,137.423111,36.146167,2012,9,24,18.62,10.33,11.97,2.77,12.56,1.89
JP-Tak,137.423111,36.146167,2012,9,25,19.97,9.76,10.97,2.66,17.3,0.05
JP-Tak,137.423111,36.146167,2012,9,26,20.72,9.14,9.91,2.3,21.01,0
JP-Tak,137.423111,36.146167,2012,9,27,20.24,7.67,9.15,2.54,21.24,0
JP-Tak,137.423111,36.146167,2012,9,28,23.04,7.42,12.4,1.83,20.3,0
JP-Tak,137.423111,36.146167,2012,9,29,20.61,12.9,12.07,1.67,14.15,0.46
JP-Tak,137.423111,36.146167,2012,9,30,20.62,12.44,14.29,3.43,8.32,50.42
JP-Tak,137.423111,36.146167,2012,10,1,19.9,13.26,14.07,2.27,8.01,6.71
JP-Tak,137.423111,36.146167,2012,10,2,19.65,12.25,13.04,1.16,11.52,0.13
JP-Tak,137.423111,36.146167,2012,10,3,19.06,10.85,12.47,2.07,11.24,0.22
JP-Tak,137.423111,36.146167,2012,10,4,19.65,9.93,11.48,3.18,11.77,1.69
JP-Tak,137.423111,36.146167,2012,10,5,18.82,10.06,10.03,2.17,17.98,0.3
JP-Tak,137.423111,36.146167,2012,10,6,16.42,9.85,9.79,1,7.42,2.35
JP-Tak,137.423111,36.146167,2012,10,7,16.16,7.91,9.11,2.91,8.7,3.17
JP-Tak,137.423111,36.146167,2012,10,8,17.31,7,8.52,1.42,18.58,0.01
JP-Tak,137.423111,36.146167,2012,10,9,18.19,8.83,9.5,1.21,15.63,0
JP-Tak,137.423111,36.146167,2012,10,10,16.59,8.98,9.68,1.64,13.67,0.02
JP-Tak,137.423111,36.146167,2012,10,11,15.84,8.17,8.76,1.94,12.78,2.16
JP-Tak,137.423111,36.146167,2012,10,12,14.33,2.61,5.53,3.1,12.26,0.2
JP-Tak,137.423111,36.146167,2012,10,13,14.47,2.09,4.98,2.46,14.22,0
JP-Tak,137.423111,36.146167,2012,10,14,15.42,5.08,7.05,1.58,12.89,0
JP-Tak,137.423111,36.146167,2012,10,15,17.79,5.48,7.95,2.07,14.77,0
JP-Tak,137.423111,36.146167,2012,10,16,18.14,6.81,9.14,1.52,17.89,0
JP-Tak,137.423111,36.146167,2012,10,17,17.51,5.27,9.21,3.17,8.03,35.28
JP-Tak,137.423111,36.146167,2012,10,18,12.73,6.2,8.98,2.94,3.45,8.74
JP-Tak,137.423111,36.146167,2012,10,19,12.18,3.12,2.83,4.49,14.92,0.98
JP-Tak,137.423111,36.146167,2012,10,20,13.86,4.05,5.69,2.29,15.39,0
JP-Tak,137.423111,36.146167,2012,10,21,15.4,4.81,6.52,2.5,14.53,0
JP-Tak,137.423111,36.146167,2012,10,22,16.16,3.53,5.01,3.58,16.39,0.3
JP-Tak,137.423111,36.146167,2012,10,23,13.45,3.31,8.29,5.9,2.62,29.52
JP-Tak,137.423111,36.146167,2012,10,24,10.07,0.78,1.35,3.62,13.65,0.1
JP-Tak,137.423111,36.146167,2012,10,25,13.3,3.69,3.04,1.61,14.06,0.02
JP-Tak,137.423111,36.146167,2012,10,26,15.5,1.62,4.02,1.23,12.46,0
JP-Tak,137.423111,36.146167,2012,10,27,14.54,5.01,6.09,1.98,11.64,0.03
JP-Tak,137.423111,36.146167,2012,10,28,10,4.94,6.88,3.5,3.73,9.68
JP-Tak,137.423111,36.146167,2012,10,29,10.72,1.6,4.82,3.93,10.1,1.63
JP-Tak,137.423111,36.146167,2012,10,30,11.42,1.71,2.89,2.1,10.92,1.05
JP-Tak,137.423111,36.146167,2012,10,31,9.72,0.76,1.74,1.85,9.75,0.25
JP-Tak,137.423111,36.146167,2012,11,1,7.43,0.21,1.79,4.73,7.36,5.1
JP-Tak,137.423111,36.146167,2012,11,2,4.81,-0.72,-0.09,5.07,7.29,2.04
JP-Tak,137.423111,36.146167,2012,11,3,6.64,-1.73,-0.44,3.88,7.98,0.37
JP-Tak,137.423111,36.146167,2012,11,4,11.82,-2.38,-0.85,1.63,14.41,0
JP-Tak,137.423111,36.146167,2012,11,5,12.75,2.82,6.22,3,7.65,0.1
JP-Tak,137.423111,36.146167,2012,11,6,12.8,3.72,7.51,3.31,4.33,5.62
JP-Tak,137.423111,36.146167,2012,11,7,7.05,1.62,2.76,3.51,6.97,5.31
JP-Tak,137.423111,36.146167,2012,11,8,7.93,2.13,3.59,3.89,8.14,2.26
JP-Tak,137.423111,36.146167,2012,11,9,8.68,-0.01,3.09,3.54,6.69,1.02
JP-Tak,137.423111,36.146167,2012,11,10,9.51,-0.72,1.86,3.28,9.21,0.76
JP-Tak,137.423111,36.146167,2012,11,11,8.45,1.98,4.17,4.61,2.33,12
JP-Tak,137.423111,36.146167,2012,11,12,9.39,0.41,3.81,3.27,7.22,0.99
JP-Tak,137.423111,36.146167,2012,11,13,5.74,-0.36,1.37,2.97,6.5,4.63
JP-Tak,137.423111,36.146167,2012,11,14,2.97,-1.61,-0.68,4.49,4.58,11.89
JP-Tak,137.423111,36.146167,2012,11,15,1.47,-2.15,-1.53,3.9,5.64,9.15
JP-Tak,137.423111,36.146167,2012,11,16,8.07,-3.02,-1.81,2.43,12.64,0.51
JP-Tak,137.423111,36.146167,2012,11,17,8.32,-1.9,3.05,4.92,2.26,33.01
JP-Tak,137.423111,36.146167,2012,11,18,3.55,-4.64,-0.92,5.03,4.55,1.75
JP-Tak,137.423111,36.146167,2012,11,19,6.7,-4.6,-1.4,3.37,10.61,0.85
JP-Tak,137.423111,36.146167,2012,11,20,4.92,-1.04,0,4.49,6.91,1.87
JP-Tak,137.423111,36.146167,2012,11,21,6.17,-4.08,-3.3,3.07,11.19,0.23
JP-Tak,137.423111,36.146167,2012,11,22,6.99,0.01,1.28,1.96,7.74,0
JP-Tak,137.423111,36.146167,2012,11,23,6.78,0.06,1.67,2.18,2.09,3.28
JP-Tak,137.423111,36.146167,2012,11,24,4.59,-4.63,-2.84,3.17,8.91,0.16
JP-Tak,137.423111,36.146167,2012,11,25,5.81,-4.82,-2.7,2.43,11.78,0.11
JP-Tak,137.423111,36.146167,2012,11,26,10.9,-0.29,3.41,5.32,2.52,25.79
JP-Tak,137.423111,36.146167,2012,11,27,-0.42,-4.98,-4.65,5.45,5.87,2.11
JP-Tak,137.423111,36.146167,2012,11,28,4.16,-5.03,-3.71,2.62,9.62,0.01
JP-Tak,137.423111,36.146167,2012,11,29,4.76,-0.73,0.61,2.29,4.56,0.71
JP-Tak,137.423111,36.146167,2012,11,30,5.04,-1.41,-0.28,1.37,5.32,0.47
JP-Tak,137.423111,36.146167,2012,12,1,0.63,-6.68,-4.31,3.82,4.84,3.09
JP-Tak,137.423111,36.146167,2012,12,2,1.37,-8.98,-4.65,2.89,6.07,0.1
JP-Tak,137.423111,36.146167,2012,12,3,6.61,-5.6,-2.5,2.38,10.88,0.33
JP-Tak,137.423111,36.146167,2012,12,4,1.71,-4.28,-2.25,4.95,4.07,10.34
JP-Tak,137.423111,36.146167,2012,12,5,0.5,-4.57,-3.68,3.75,5.35,3.47
JP-Tak,137.423111,36.146167,2012,12,6,-0.02,-6.57,-5.67,6.88,5.31,5.74
JP-Tak,137.423111,36.146167,2012,12,7,-1.13,-7.17,-5.73,3.55,4.63,2.4
JP-Tak,137.423111,36.146167,2012,12,8,-1.42,-7.38,-5.63,7.36,3.42,5.04
JP-Tak,137.423111,36.146167,2012,12,9,-4.7,-7.29,-7.48,6.09,3.41,9.14
JP-Tak,137.423111,36.146167,2012,12,10,-5.06,-8.19,-8.12,5.36,3.79,7.22
JP-Tak,137.423111,36.146167,2012,12,11,-3.02,-9.31,-6.99,3.07,4.92,4.36
JP-Tak,137.423111,36.146167,2012,12,12,-3.32,-10.69,-7.91,2.61,6.42,2.61
JP-Tak,137.423111,36.146167,2012,12,13,-2.23,-10.36,-8.68,2.56,8.72,0.46
JP-Tak,137.423111,36.146167,2012,12,14,1.07,-9.95,-10.26,1.63,8.24,0.3
JP-Tak,137.423111,36.146167,2012,12,15,3.2,-1.16,1.71,3.88,3.29,8.63
JP-Tak,137.423111,36.146167,2012,12,16,2.24,-4.23,-1.49,4.12,6.83,0.64
JP-Tak,137.423111,36.146167,2012,12,17,3.94,-1.08,0.89,1.75,7.61,1.09
JP-Tak,137.423111,36.146167,2012,12,18,1.52,-7.11,-2.31,3.76,2.47,3.78
JP-Tak,137.423111,36.146167,2012,12,19,-4.98,-9.56,-9.75,4.21,6.91,0.9
JP-Tak,137.423111,36.146167,2012,12,20,-2.61,-9.04,-6.61,3.47,7.2,1.08
JP-Tak,137.423111,36.146167,2012,12,21,0.45,-8.09,-5.9,2.22,5.07,1.4
JP-Tak,137.423111,36.146167,2012,12,22,1.15,-3.99,-1.71,3.28,3.09,16.61
JP-Tak,137.423111,36.146167,2012,12,23,-0.9,-9.83,-6.16,4.33,7.77,1.07
JP-Tak,137.423111,36.146167,2012,12,24,-6.35,-13.17,-10.36,3.2,6.06,1.74
JP-Tak,137.423111,36.146167,2012,12,25,-3.4,-14.07,-8,5.43,5.85,2.04
JP-Tak,137.423111,36.146167,2012,12,26,-6.44,-14.07,-11.73,6.28,6.09,1.1
JP-Tak,137.423111,36.146167,2012,12,27,-4.35,-15.65,-11.89,2.42,9.47,0.16
JP-Tak,137.423111,36.146167,2012,12,28,-0.32,-10.1,-4.9,2.12,3.44,14.67
JP-Tak,137.423111,36.146167,2012,12,29,1.28,-5.4,-1.78,2.56,8.26,4.28
JP-Tak,137.423111,36.146167,2012,12,30,2.42,-3.18,0.05,3.44,1.66,32.47
JP-Tak,137.423111,36.146167,2012,12,31,-2.03,-7.64,-6.07,5.41,3.95,4.7
JP-Tak,137.423111,36.146167,2013,1,1,-3.84,-10.86,-8.05,3.56,5.29,2.51
JP-Tak,137.423111,36.146167,2013,1,2,-0.6,-6.33,-4.79,6.56,3.25,3.43
JP-Tak,137.423111,36.146167,2013,1,3,-5.88,-12.69,-9.51,4.94,4.4,4.99
JP-Tak,137.423111,36.146167,2013,1,4,-8.11,-14.24,-12.29,4.79,6.59,0.97
JP-Tak,137.423111,36.146167,2013,1,5,-3.16,-15.91,-12.08,1.96,8.29,0.27
JP-Tak,137.423111,36.146167,2013,1,6,-2.37,-12.02,-7.34,2.82,6.43,1.66
JP-Tak,137.423111,36.146167,2013,1,7,-1.21,-12.4,-8.16,1.89,7.79,0.15
JP-Tak,137.423111,36.146167,2013,1,8,-0.12,-7.26,-5.28,2.13,7.64,0.61
JP-Tak,137.423111,36.146167,2013,1,9,-1.74,-9.45,-6.83,2.86,7.41,1.31
JP-Tak,137.423111,36.146167,2013,1,10,-5.21,-11.52,-9.51,2.92,7.48,1.77
JP-Tak,137.423111,36.146167,2013,1,11,-4.8,-12.1,-11.33,2.97,8.78,0.32
JP-Tak,137.423111,36.146167,2013,1,12,-1.5,-11.97,-8.23,2.94,6.56,0.17
JP-Tak,137.423111,36.146167,2013,1,13,1.13,-5.76,-3.69,1.84,8.88,2.81
JP-Tak,137.423111,36.146167,2013,1,14,-1.37,-6.37,-3.95,4.61,2.2,28.21
JP-Tak,137.423111,36.146167,2013,1,15,-5.3,-11.19,-9,5.58,7.36,1.48
JP-Tak,137.423111,36.146167,2013,1,16,-2.54,-14.24,-9.92,2.04,9.85,1.26
JP-Tak,137.423111,36.146167,2013,1,17,-4.7,-13.3,-8.89,3.1,6.58,2.17
JP-Tak,137.423111,36.146167,2013,1,18,-7.99,-13.66,-11.37,5.94,5.54,2.11
JP-Tak,137.423111,36.146167,2013,1,19,-2.56,-10.38,-7.23,3.58,7.22,2.14
JP-Tak,137.423111,36.146167,2013,1,20,-4.36,-11.23,-8.41,4.39,7.54,0.68
JP-Tak,137.423111,36.146167,2013,1,21,0.42,-11.8,-6.53,2.51,8.89,3.05
JP-Tak,137.423111,36.146167,2013,1,22,1.43,-6.27,-2.24,3.62,4.58,15.72
JP-Tak,137.423111,36.146167,2013,1,23,-0.65,-8.27,-5.17,1.89,6.98,0.2
JP-Tak,137.423111,36.146167,2013,1,24,-0.69,-7.37,-4.49,2.84,11.89,2.5
JP-Tak,137.423111,36.146167,2013,1,25,-3.03,-9.96,-7.87,7.13,5.01,5.59
JP-Tak,137.423111,36.146167,2013,1,26,-8.37,-10.75,-10.59,7.57,3.78,6.21
JP-Tak,137.423111,36.146167,2013,1,27,-5.47,-10.93,-9.85,3.31,8.33,3.36
JP-Tak,137.423111,36.146167,2013,1,28,-5.55,-12.26,-9.43,3.99,8.02,2.75
JP-Tak,137.423111,36.146167,2013,1,29,-2.99,-11.08,-8.56,3.2,11.32,0.4
JP-Tak,137.423111,36.146167,2013,1,30,-1.69,-13.99,-8.2,3.55,9.36,0.15
JP-Tak,137.423111,36.146167,2013,1,31,0.75,-14.47,-9.7,1.79,12.04,0
JP-Tak,137.423111,36.146167,2013,2,1,1.74,-9.42,-3.78,3.44,11.3,1.91
JP-Tak,137.423111,36.146167,2013,2,2,3.36,-4,1.31,4.62,3.79,8.83
JP-Tak,137.423111,36.146167,2013,2,3,-1.17,-8.78,-6.6,3.35,9.93,0.21
JP-Tak,137.423111,36.146167,2013,2,4,0.95,-4.66,-1.91,3.93,2.56,8.79
JP-Tak,137.423111,36.146167,2013,2,5,0.85,-9.19,-5.63,3.7,9.51,0.55
JP-Tak,137.423111,36.146167,2013,2,6,0.21,-8.1,-3.47,2.15,4.02,10.11
JP-Tak,137.423111,36.146167,2013,2,7,-0.92,-10.02,-6.16,6.09,7.32,1.59
JP-Tak,137.423111,36.146167,2013,2,8,-8.6,-11.52,-11.91,7.17,6.89,1.16
JP-Tak,137.423111,36.146167,2013,2,9,-5.55,-12.24,-11.29,3.29,11.55,0.35
JP-Tak,137.423111,36.146167,2013,2,10,-2.3,-13.38,-8.28,3.48,9.05,2.1
JP-Tak,137.423111,36.146167,2013,2,11,-4.94,-12.39,-9.06,5.08,6.76,1.79
JP-Tak,137.423111,36.146167,2013,2,12,-0.83,-15.04,-9.2,2.73,8.54,5.76
JP-Tak,137.423111,36.146167,2013,2,13,-3.64,-12.25,-7.08,5.37,8.12,10.2
JP-Tak,137.423111,36.146167,2013,2,14,-0.37,-12.38,-8.96,1.19,10.36,0.01
JP-Tak,137.423111,36.146167,2013,2,15,-0.66,-8.02,-7,2.43,4.75,5.91
JP-Tak,137.423111,36.146167,2013,2,16,-8.92,-13.52,-12.11,6.34,9.49,0.45
JP-Tak,137.423111,36.146167,2013,2,17,-3.5,-14.45,-11.63,2.55,10.92,0.04
JP-Tak,137.423111,36.146167,2013,2,18,1.49,-7.93,-3.11,2.66,2.22,23.31
JP-Tak,137.423111,36.146167,2013,2,19,-4.87,-14.04,-9.71,4.5,5.24,0.32
JP-Tak,137.423111,36.146167,2013,2,20,-4.23,-15.54,-10.89,4.2,9.46,1.38
JP-Tak,137.423111,36.146167,2013,2,21,-5.79,-12.81,-10.51,3.76,10.27,2.03
JP-Tak,137.423111,36.146167,2013,2,22,-4.49,-12.28,-8.71,3.73,13.29,2.96
JP-Tak,137.423111,36.146167,2013,2,23,-5.23,-10.55,-9.05,3.91,10.51,1.54
JP-Tak,137.423111,36.146167,2013,2,24,-7.31,-12.14,-10.43,7.33,7.7,2.91
JP-Tak,137.423111,36.146167,2013,2,25,-8.09,-14.47,-12.52,4.81,9.85,0.64
JP-Tak,137.423111,36.146167,2013,2,26,-0.66,-16.78,-10.78,1.97,14.75,0.04
JP-Tak,137.423111,36.146167,2013,2,27,1.93,-5.95,-1.97,1.86,11.48,3.33
JP-Tak,137.423111,36.146167,2013,2,28,3.18,-7.52,-6.96,1.98,15.97,0.03
JP-Tak,137.423111,36.146167,2013,3,1,3.36,-5.2,-1.16,5.38,4.55,17.45
JP-Tak,137.423111,36.146167,2013,3,2,-3.69,-8.04,-7.94,8.58,9.12,0.55
JP-Tak,137.423111,36.146167,2013,3,3,-2.25,-10.9,-8.8,4.35,12.64,0.26
JP-Tak,137.423111,36.146167,2013,3,4,1.16,-12.18,-8.33,2.47,16.8,0.21
JP-Tak,137.423111,36.146167,2013,3,5,0.02,-7.22,-6.95,3.13,15.43,0.59
JP-Tak,137.423111,36.146167,2013,3,6,3.05,-8.77,-6,3.05,15.27,0
JP-Tak,137.423111,36.146167,2013,3,7,5.79,-3.92,-2.64,2.66,14.07,0
JP-Tak,137.423111,36.146167,2013,3,8,6.47,0.77,2.46,4.69,9.06,0.26
JP-Tak,137.423111,36.146167,2013,3,9,8.97,-1.76,0.64,3.61,18.6,0.13
JP-Tak,137.423111,36.146167,2013,3,10,5.73,-8.92,-2.78,5.78,6.55,4.06
JP-Tak,137.423111,36.146167,2013,3,11,-1.55,-9.58,-9.12,5.39,20.06,0
JP-Tak,137.423111,36.146167,2013,3,12,6.28,-6.5,-5.05,2.38,20.86,0
JP-Tak,137.423111,36.146167,2013,3,13,6.34,-2.68,2.42,5.43,8.03,17.29
JP-Tak,137.423111,36.146167,2013,3,14,-0.25,-6.76,-6.12,5.31,10.58,1.34
JP-Tak,137.423111,36.146167,2013,3,15,5.04,-3.93,-2.39,2.34,22.85,0
JP-Tak,137.423111,36.146167,2013,3,16,5.25,-5.14,-2.64,3.63,17.39,0.01
JP-Tak,137.423111,36.146167,2013,3,17,8.06,-6.04,-3.63,2.87,20.63,0
JP-Tak,137.423111,36.146167,2013,3,18,9.96,1.89,6.46,8.84,3.76,12.23
JP-Tak,137.423111,36.146167,2013,3,19,10.57,2.05,2.94,2.99,17.24,0.38
JP-Tak,137.423111,36.146167,2013,3,20,10.88,-1.54,1.82,4.18,9.01,2.88
JP-Tak,137.423111,36.146167,2013,3,21,0.84,-7.67,-6.34,5.78,18.43,0.29
JP-Tak,137.423111,36.146167,2013,3,22,8.23,-2.8,-1.34,2.69,20.56,0.19
JP-Tak,137.423111,36.146167,2013,3,23,5.26,-2.87,-2.44,2.85,15.37,0.66
JP-Tak,137.423111,36.146167,2013,3,24,9.26,-1.92,0.84,2.76,19.26,0
JP-Tak,137.423111,36.146167,2013,3,25,5.6,-5.64,-1.53,3.38,11.44,0.65
JP-Tak,137.423111,36.146167,2013,3,26,3.77,-6.83,-5.9,3.33,19.31,0
JP-Tak,137.423111,36.146167,2013,3,27,6.01,-2.96,-0.38,2.58,12.88,0.06
JP-Tak,137.423111,36.146167,2013,3,28,12.73,0.44,4.75,1.92,13.09,0.4
JP-Tak,137.423111,36.146167,2013,3,29,10.63,0.48,3.91,2.8,11.56,0.2
JP-Tak,137.423111,36.146167,2013,3,30,10.77,-2.22,-0.27,2.38,15.58,0.04
JP-Tak,137.423111,36.146167,2013,3,31,6.41,-2.79,2.64,3.48,6.04,2.65
JP-Tak,137.423111,36.146167,2013,4,1,10.7,-4.22,-1.31,2.75,19.14,0.02
JP-Tak,137.423111,36.146167,2013,4,2,8.89,2.76,4.86,2.6,13.68,8.49
JP-Tak,137.423111,36.146167,2013,4,3,4.51,2.11,2.73,4.54,5.51,25.38
JP-Tak,137.423111,36.146167,2013,4,4,13.25,-1.25,1.58,2.37,21.28,0
JP-Tak,137.423111,36.146167,2013,4,5,15.64,3.57,4.33,2.25,22.66,0.06
JP-Tak,137.423111,36.146167,2013,4,6,13.07,6.58,7.09,6.4,7.33,16.76
JP-Tak,137.423111,36.146167,2013,4,7,12.77,-3.13,3.37,8.52,10.15,15.37
JP-Tak,137.423111,36.146167,2013,4,8,5.94,-4.01,-2.89,5.97,22.46,0.31
JP-Tak,137.423111,36.146167,2013,4,9,9.69,-1.76,-1.04,3.95,18.81,0.2
JP-Tak,137.423111,36.146167,2013,4,10,4.68,-2.67,-2.17,3.27,12.94,2.91
JP-Tak,137.423111,36.146167,2013,4,11,1.31,-4.09,-3.92,4.15,14.34,3.57
JP-Tak,137.423111,36.146167,2013,4,12,2.91,-4.07,-3.74,4.21,11.74,1.54
JP-Tak,137.423111,36.146167,2013,4,13,7.86,-4.4,-2.66,2.37,24.49,0.03
JP-Tak,137.423111,36.146167,2013,4,14,10.6,-2.76,2.7,5.5,17.8,0.9
JP-Tak,137.423111,36.146167,2013,4,15,10.74,-0.59,0.61,3.78,20.72,2.8
JP-Tak,137.423111,36.146167,2013,4,16,14.67,-1.05,3.51,3.44,16.05,0
JP-Tak,137.423111,36.146167,2013,4,17,13.77,6.07,8.7,3.56,14.41,0.07
JP-Tak,137.423111,36.146167,2013,4,18,16.56,5.74,8.4,3.4,18.71,1.15
JP-Tak,137.423111,36.146167,2013,4,19,4.52,-2.83,-3.06,5.27,18.84,0.8
JP-Tak,137.423111,36.146167,2013,4,20,7.51,-2.89,-0.26,2.32,12.06,7.79
JP-Tak,137.423111,36.146167,2013,4,21,4.92,-6.44,-1.7,3.69,10.59,16.48
JP-Tak,137.423111,36.146167,2013,4,22,4.65,-6.59,-4.93,3.45,18.85,0
JP-Tak,137.423111,36.146167,2013,4,23,9.82,-3.43,-0.47,2.41,17.06,0.15
JP-Tak,137.423111,36.146167,2013,4,24,9.16,0.34,5.72,6.03,5.61,25.23
JP-Tak,137.423111,36.146167,2013,4,25,15.12,1.1,1.78,3.08,24.62,0.07
JP-Tak,137.423111,36.146167,2013,4,26,8.85,-0.09,2.3,4.57,10.04,4.05
JP-Tak,137.423111,36.146167,2013,4,27,6.63,-1.1,-0.16,5.7,13.42,2.15
JP-Tak,137.423111,36.146167,2013,4,28,11.14,-1.65,-1.34,3.59,25.58,0
JP-Tak,137.423111,36.146167,2013,4,29,15.84,1.79,0.45,2.64,21.03,0.07
JP-Tak,137.423111,36.146167,2013,4,30,9.03,2.25,4.48,4.09,8.37,5.97
JP-Tak,137.423111,36.146167,2013,5,1,7.78,-1.55,-0.01,4.08,14.79,0.94
JP-Tak,137.423111,36.146167,2013,5,2,6.64,-2.51,-1.48,4.22,19.76,0.73
JP-Tak,137.423111,36.146167,2013,5,3,9.48,-2.99,-1.24,2.74,25.42,0.27
JP-Tak,137.423111,36.146167,2013,5,4,10.64,-1.08,0.45,2.49,19.89,0
JP-Tak,137.423111,36.146167,2013,5,5,15.35,-0.52,1.98,1.75,25.35,0
JP-Tak,137.423111,36.146167,2013,5,6,14.44,1.58,2.84,4.28,19.24,0
JP-Tak,137.423111,36.146167,2013,5,7,8.05,-2.79,-1.32,6.73,26.93,0
JP-Tak,137.423111,36.146167,2013,5,8,13.95,-3.29,-1.2,3.78,28.67,0
JP-Tak,137.423111,36.146167,2013,5,9,21.72,4.14,1.9,1.95,26.76,0
JP-Tak,137.423111,36.146167,2013,5,10,18.62,7.87,5.29,3.2,13.73,3.15
JP-Tak,137.423111,36.146167,2013,5,11,15.86,8.82,11.61,2.28,5.82,21.94
JP-Tak,137.423111,36.146167,2013,5,12,18.87,6.42,5.51,2.23,27.86,0.17
JP-Tak,137.423111,36.146167,2013,5,13,20.32,5.4,8.49,2.52,25.79,0
JP-Tak,137.423111,36.146167,2013,5,14,22.03,7.37,8.53,1.57,21.81,0.01
JP-Tak,137.423111,36.146167,2013,5,15,18.31,8.1,8.61,3.29,26.48,0.02
JP-Tak,137.423111,36.146167,2013,5,16,16.32,5.52,7.62,3.2,15.34,0.1
JP-Tak,137.423111,36.146167,2013,5,17,19.59,2.13,5.49,2.01,25.72,0.01
JP-Tak,137.423111,36.146167,2013,5,18,19.12,7.29,9.01,2.09,26.6,0
JP-Tak,137.423111,36.146167,2013,5,19,15.81,6.97,5.91,2.74,13.71,11.15
JP-Tak,137.423111,36.146167,2013,5,20,20.86,9.44,12.5,2.2,21.17,2.37
JP-Tak,137.423111,36.146167,2013,5,21,20.47,8.75,10.11,2.31,25.84,0
JP-Tak,137.423111,36.146167,2013,5,22,21.17,9.34,8.46,2.24,26.86,0
JP-Tak,137.423111,36.146167,2013,5,23,18.65,6.38,4.48,2.77,30.62,0.02
JP-Tak,137.423111,36.146167,2013,5,24,20.38,5.89,5.68,1.53,30.35,0
JP-Tak,137.423111,36.146167,2013,5,25,21.71,9.05,9.37,2.18,25.87,0
JP-Tak,137.423111,36.146167,2013,5,26,21.22,8.57,9.73,1.14,24.24,0.03
JP-Tak,137.423111,36.146167,2013,5,27,21.13,10.09,11.82,2.07,19.15,0.01
JP-Tak,137.423111,36.146167,2013,5,28,19.83,9.73,10.72,3.41,14.5,1.83
JP-Tak,137.423111,36.146167,2013,5,29,16.32,10.88,12.02,5.52,6.98,10.06
JP-Tak,137.423111,36.146167,2013,5,30,19.23,11.45,14.49,3.37,4.94,10.63
JP-Tak,137.423111,36.146167,2013,5,31,21.95,7.38,10.14,2.14,30.62,0.03
JP-Tak,137.423111,36.146167,2013,6,1,19.43,11.03,11.6,0.92,18.22,0
JP-Tak,137.423111,36.146167,2013,6,2,20.18,10.66,10.72,1.59,17.98,0.04
JP-Tak,137.423111,36.146167,2013,6,3,21.86,8.82,10.04,1.34,27.08,0
JP-Tak,137.423111,36.146167,2013,6,4,22.76,10.73,10.78,1.36,28.45,0.03
JP-Tak,137.423111,36.146167,2013,6,5,21.73,10.37,11.66,1.51,24.58,2.47
JP-Tak,137.423111,36.146167,2013,6,6,21.28,12.54,11.76,0.64,17.6,1.02
JP-Tak,137.423111,36.146167,2013,6,7,19.66,11.47,11.93,1.47,17.07,1.53
JP-Tak,137.423111,36.146167,2013,6,8,20.22,9.46,10.01,1.78,22.92,0
JP-Tak,137.423111,36.146167,2013,6,9,20.12,9.81,8.93,1.4,25.05,0
JP-Tak,137.423111,36.146167,2013,6,10,19.9,11.74,11.26,1.17,20.1,0
JP-Tak,137.423111,36.146167,2013,6,11,22.33,11.29,13.31,1.68,19.01,0.55
JP-Tak,137.423111,36.146167,2013,6,12,23.92,13.17,15.32,2.4,21.51,0.71
JP-Tak,137.423111,36.146167,2013,6,13,24.42,13.38,15.8,2.48,21.3,1.19
JP-Tak,137.423111,36.146167,2013,6,14,25.46,14.48,17.1,1.22,16.14,0.67
JP-Tak,137.423111,36.146167,2013,6,15,23.76,16.68,17.28,1.41,7.47,14.98
JP-Tak,137.423111,36.146167,2013,6,16,25.03,15.13,16.05,1.63,20.2,3.28
JP-Tak,137.423111,36.146167,2013,6,17,24.07,14.9,15.37,2.06,22.98,0.06
JP-Tak,137.423111,36.146167,2013,6,18,19.66,15.69,15.92,2.67,5.29,6.11
JP-Tak,137.423111,36.146167,2013,6,19,20.7,15.94,17.86,6.05,3.88,50.21
JP-Tak,137.423111,36.146167,2013,6,20,18.17,13.21,14.48,1.87,10.6,9.93
JP-Tak,137.423111,36.146167,2013,6,21,18.18,11.84,12.42,1.38,5.42,15.59
JP-Tak,137.423111,36.146167,2013,6,22,19.59,10.22,12.24,2.61,14.47,5.16
JP-Tak,137.423111,36.146167,2013,6,23,20.51,10.34,11.94,1.63,19.66,0.49
JP-Tak,137.423111,36.146167,2013,6,24,21.14,12.83,14.02,0.89,19.17,2.87
JP-Tak,137.423111,36.146167,2013,6,25,21.78,13.83,14.73,1.36,20.93,3.1
JP-Tak,137.423111,36.146167,2013,6,26,16.7,12.77,13.48,3.21,6.58,30.75
JP-Tak,137.423111,36.146167,2013,6,27,22.67,11,13.32,1.59,19.79,1.31
JP-Tak,137.423111,36.146167,2013,6,28,19.57,13.22,13.89,1.61,18.96,0.73
JP-Tak,137.423111,36.146167,2013,6,29,22.68,13.8,14.47,1.35,18.93,0.72
JP-Tak,137.423111,36.146167,2013,6,30,22.63,12.97,14.29,1.67,19.32,0.11
JP-Tak,137.423111,36.146167,2013,7,1,21.77,12.23,13.75,1.81,20.68,1.27
JP-Tak,137.423111,36.146167,2013,7,2,21.55,13.11,13.82,1.98,20.23,0.01
JP-Tak,137.423111,36.146167,2013,7,3,19.81,12.28,14.67,5,6.23,7.48
JP-Tak,137.423111,36.146167,2013,7,4,22.99,16.72,18.84,3.17,12.25,10.88
JP-Tak,137.423111,36.146167,2013,7,5,22.53,18.15,19.11,5.95,7.02,20.71
JP-Tak,137.423111,36.146167,2013,7,6,22.98,18.57,19.69,5.53,10.18,6.88
JP-Tak,137.423111,36.146167,2013,7,7,24.19,17.68,18.52,3.11,10.83,7.18
JP-Tak,137.423111,36.146167,2013,7,8,26.12,17.1,18.63,2.33,19.66,1.66
JP-Tak,137.423111,36.146167,2013,7,9,27.23,17.16,17.51,1.91,24.68,0.07
JP-Tak,137.423111,36.146167,2013,7,10,25.73,17.85,18.2,2.59,15.54,2.03
JP-Tak,137.423111,36.146167,2013,7,11,26.56,17.51,16.9,2.6,22.02,0
JP-Tak,137.423111,36.146167,2013,7,12,26.41,17.1,16.55,2.65,22.72,0.17
JP-Tak,137.423111,36.146167,2013,7,13,23.04,16.4,17.87,3.27,9.53,8.94
JP-Tak,137.423111,36.146167,2013,7,14,22.95,15.63,16.36,2.68,14.66,5.96
JP-Tak,137.423111,36.146167,2013,7,15,23.51,16.06,16.87,3.22,18.88,7.92
JP-Tak,137.423111,36.146167,2013,7,16,24.44,14.28,15.56,1.41,22.77,0.02
JP-Tak,137.423111,36.146167,2013,7,17,23.29,15.89,16.83,2.13,15.75,5.02
JP-Tak,137.423111,36.146167,2013,7,18,22.54,14,16.59,4.25,18.53,11.12
JP-Tak,137.423111,36.146167,2013,7,19,23.35,12.83,14.52,1.88,22.5,0.03
JP-Tak,137.423111,36.146167,2013,7,20,24.54,13.8,15.49,1.69,25.34,0
JP-Tak,137.423111,36.146167,2013,7,21,25.31,14.7,15.97,1.46,23.08,0.14
JP-Tak,137.423111,36.146167,2013,7,22,25.19,16.16,17.51,2.22,15.55,4.54
JP-Tak,137.423111,36.146167,2013,7,23,25,16.09,17.65,2.45,13.74,1.56
JP-Tak,137.423111,36.146167,2013,7,24,23.34,17.32,17.44,1.96,5.72,21.67
JP-Tak,137.423111,36.146167,2013,7,25,24.98,17.32,18.66,2.69,15.86,9.18
JP-Tak,137.423111,36.146167,2013,7,26,23.63,17.02,17.48,2.21,19.83,2.62
JP-Tak,137.423111,36.146167,2013,7,27,24.34,16.38,17.23,2.26,16.7,12.15
JP-Tak,137.423111,36.146167,2013,7,28,24.15,14.32,15.8,1.76,16.31,0.33
JP-Tak,137.423111,36.146167,2013,7,29,22.18,16.54,18.24,2.88,4.56,52.9
JP-Tak,137.423111,36.146167,2013,7,30,24.18,16.5,18.2,2.6,17.15,2.21
JP-Tak,137.423111,36.146167,2013,7,31,25.52,15.22,17.38,2.14,19.63,2.33
JP-Tak,137.423111,36.146167,2013,8,1,25.3,16.35,18.69,2.76,16.38,18.14
JP-Tak,137.423111,36.146167,2013,8,2,24.69,15.16,16.73,2.55,17.26,0.47
JP-Tak,137.423111,36.146167,2013,8,3,24.97,14.47,16.06,1.9,20.78,0.41
JP-Tak,137.423111,36.146167,2013,8,4,25.5,15.69,17.77,1.87,17.81,0.56
JP-Tak,137.423111,36.146167,2013,8,5,24.31,17.72,18.99,2.48,13.64,6.95
JP-Tak,137.423111,36.146167,2013,8,6,22.75,16.92,18.88,2.33,16.39,11.62
JP-Tak,137.423111,36.146167,2013,8,7,26.85,15.32,17.37,1.86,24.65,0.03
JP-Tak,137.423111,36.146167,2013,8,8,26.8,17.21,18.5,1.45,19.81,0
JP-Tak,137.423111,36.146167,2013,8,9,26.41,19.14,19.51,2.03,23.12,0
JP-Tak,137.423111,36.146167,2013,8,10,27.47,18.12,19.7,2.06,18.89,0
JP-Tak,137.423111,36.146167,2013,8,11,27.25,18.59,19.07,2.16,22.77,0
JP-Tak,137.423111,36.146167,2013,8,12,27.07,16.68,16.18,1.95,24.8,0.01
JP-Tak,137.423111,36.146167,2013,8,13,26.73,16.36,16.52,1.5,23.19,0.45
JP-Tak,137.423111,36.146167,2013,8,14,27.36,16.58,17.03,1.3,25.8,0
JP-Tak,137.423111,36.146167,2013,8,15,27.3,17.19,18.23,1.19,22.06,0.14
JP-Tak,137.423111,36.146167,2013,8,16,26.56,17.11,18.02,1.51,21.38,0.05
JP-Tak,137.423111,36.146167,2013,8,17,26.09,15.73,17.06,2.19,23.19,0
JP-Tak,137.423111,36.146167,2013,8,18,25.57,16.08,18.33,2.12,22.21,0
JP-Tak,137.423111,36.146167,2013,8,19,26.95,17.1,18.86,1.77,22.48,0.06
JP-Tak,137.423111,36.146167,2013,8,20,24.99,17.17,19.01,2.18,8.08,1.05
JP-Tak,137.423111,36.146167,2013,8,21,25.83,18.43,19.31,2.08,11.24,2.67
JP-Tak,137.423111,36.146167,2013,8,22,27.29,18.06,18.44,2.01,21.17,0.12
JP-Tak,137.423111,36.146167,2013,8,23,23.47,18.8,18.99,2.51,2.5,14.1
JP-Tak,137.423111,36.146167,2013,8,24,22.38,15.76,17.49,2.8,13.28,5.59
JP-Tak,137.423111,36.146167,2013,8,25,23.75,12.84,15.12,2.1,15.39,4.96
JP-Tak,137.423111,36.146167,2013,8,26,22.67,11.45,14.51,2.21,19.87,3.5
JP-Tak,137.423111,36.146167,2013,8,27,22.77,13,13.67,2.75,22.02,3.11
JP-Tak,137.423111,36.146167,2013,8,28,22.8,11.31,13.9,1.94,17.63,0.12
JP-Tak,137.423111,36.146167,2013,8,29,23.39,13.23,14.84,2.8,22.01,0.12
JP-Tak,137.423111,36.146167,2013,8,30,24.64,17.11,19.29,4.2,7.95,16.13
JP-Tak,137.423111,36.146167,2013,8,31,24.72,18.29,19.39,4.67,12.03,6.46
JP-Tak,137.423111,36.146167,2013,9,1,22.11,17.26,17.74,1.61,7.37,5.1
JP-Tak,137.423111,36.146167,2013,9,2,20.82,15.53,17.23,3.04,6.47,8.84
JP-Tak,137.423111,36.146167,2013,9,3,22.86,14.88,15.96,2.54,10.73,0.44
JP-Tak,137.423111,36.146167,2013,9,4,23.66,14.38,16.93,4.08,12.15,5.37
JP-Tak,137.423111,36.146167,2013,9,5,24.19,15.38,17.18,1.83,11.87,15.63
JP-Tak,137.423111,36.146167,2013,9,6,24.64,15.27,16.51,1.72,13.28,0.41
JP-Tak,137.423111,36.146167,2013,9,7,20.46,15.68,16.18,1.79,5.32,3.43
JP-Tak,137.423111,36.146167,2013,9,8,21.18,14.7,16.87,2.33,7.33,20.01
JP-Tak,137.423111,36.146167,2013,9,9,22.24,12.71,13.89,1.79,19.41,0.01
JP-Tak,137.423111,36.146167,2013,9,10,22.23,13.52,14.56,1.52,16.37,0
JP-Tak,137.423111,36.146167,2013,9,11,23.47,14.21,15.48,1.42,16.46,0.01
JP-Tak,137.423111,36.146167,2013,9,12,24.26,14.67,16.35,1.62,10.41,0.91
JP-Tak,137.423111,36.146167,2013,9,13,25.9,15.48,17.27,1.51,18.06,0.03
JP-Tak,137.423111,36.146167,2013,9,14,25.62,17.05,17.86,1.24,14.7,0.24
JP-Tak,137.423111,36.146167,2013,9,15,24.49,15.81,17,3.08,8.57,15.01
JP-Tak,137.423111,36.146167,2013,9,16,21.61,7.68,13.8,7.23,4.27,57.41
JP-Tak,137.423111,36.146167,2013,9,17,22.86,5.49,8.56,1.7,23.86,0
JP-Tak,137.423111,36.146167,2013,9,18,22.89,10.65,10.51,1.09,22.33,0
JP-Tak,137.423111,36.146167,2013,9,19,22.83,9.43,9.95,1.36,23.01,0
JP-Tak,137.423111,36.146167,2013,9,20,22.15,9.04,10.36,1.55,22.6,0
JP-Tak,137.423111,36.146167,2013,9,21,21.93,9.36,9.15,1.12,21.92,0
JP-Tak,137.423111,36.146167,2013,9,22,21.33,9.6,10.98,1.77,13.52,0.85
JP-Tak,137.423111,36.146167,2013,9,23,21.79,10.89,12.41,1.71,16.89,0.52
JP-Tak,137.423111,36.146167,2013,9,24,22.93,9.98,12.31,1.76,17.35,0.07
JP-Tak,137.423111,36.146167,2013,9,25,23.56,11.33,14.29,2.12,15.42,0.67
JP-Tak,137.423111,36.146167,2013,9,26,16.18,5.02,8.99,5.52,6.47,1.56
JP-Tak,137.423111,36.146167,2013,9,27,15.88,3.84,7.35,2.08,21.56,0
JP-Tak,137.423111,36.146167,2013,9,28,18.77,8.16,8.47,1.5,20.23,0
JP-Tak,137.423111,36.146167,2013,9,29,22.07,8.15,10.92,1.01,20.17,0
JP-Tak,137.423111,36.146167,2013,9,30,22.06,11.93,11.75,0.91,14.07,0
JP-Tak,137.423111,36.146167,2013,10,1,21.5,12.46,13.4,1.27,16.65,0.31
JP-Tak,137.423111,36.146167,2013,10,2,23.49,13.4,14.76,1.87,13.37,0.45
JP-Tak,137.423111,36.146167,2013,10,3,19.27,11.53,11.83,2.53,7.92,2.73
JP-Tak,137.423111,36.146167,2013,10,4,19.11,10.08,11.04,1.33,13.85,0
JP-Tak,137.423111,36.146167,2013,10,5,18.05,10.46,12.14,2.2,10.04,0.06
JP-Tak,137.423111,36.146167,2013,10,6,23.39,12.4,14.3,1.31,15.15,0
JP-Tak,137.423111,36.146167,2013,10,7,23.61,11.93,13.74,1.75,17.03,0
JP-Tak,137.423111,36.146167,2013,10,8,19.92,12.55,13.57,2.04,13.07,0.01
JP-Tak,137.423111,36.146167,2013,10,9,21.91,13.2,15.28,6.08,9.06,0.73
JP-Tak,137.423111,36.146167,2013,10,10,23.35,12.01,14.45,2.12,12.48,0.56
JP-Tak,137.423111,36.146167,2013,10,11,20.45,14.34,15.41,5.1,10.73,4.28
JP-Tak,137.423111,36.146167,2013,10,12,16.2,5.82,9.46,4.62,8.58,0.84
JP-Tak,137.423111,36.146167,2013,10,13,15.56,4.5,4.4,3.6,17.43,0
JP-Tak,137.423111,36.146167,2013,10,14,17.5,7.39,9,2.09,15.92,0
JP-Tak,137.423111,36.146167,2013,10,15,14.49,6.37,10.06,2.82,3.28,19.53
JP-Tak,137.423111,36.146167,2013,10,16,11.71,3.98,6.38,9.87,5.26,34.43
JP-Tak,137.423111,36.146167,2013,10,17,13.4,1.29,2.93,2.64,15.54,0.06
JP-Tak,137.423111,36.146167,2013,10,18,14.97,5.63,6.33,1.35,13.49,0.09
JP-Tak,137.423111,36.146167,2013,10,19,17.03,6.76,6.94,1.27,5.86,0.82
JP-Tak,137.423111,36.146167,2013,10,20,11.92,7.53,8.71,2.57,2.6,14.4
JP-Tak,137.423111,36.146167,2013,10,21,19.53,6.87,9.38,1.57,13.3,0.24
JP-Tak,137.423111,36.146167,2013,10,22,17.69,10,10.88,1.48,10.22,0.43
JP-Tak,137.423111,36.146167,2013,10,23,17.52,10.01,10.96,0.94,8.24,0.2
JP-Tak,137.423111,36.146167,2013,10,24,13.92,9.31,9.98,2.55,4.65,3.14
JP-Tak,137.423111,36.146167,2013,10,25,17.55,8.17,11.92,3.68,2.9,17.06
JP-Tak,137.423111,36.146167,2013,10,26,9.6,4.18,4.47,5.87,6.06,26.06
JP-Tak,137.423111,36.146167,2013,10,27,8.85,0.77,2.44,4.31,8.99,1.16
JP-Tak,137.423111,36.146167,2013,10,28,13.29,0.3,4.17,1.63,15.88,0
JP-Tak,137.423111,36.146167,2013,10,29,12.03,4.85,6.76,1.07,8.9,1.29
JP-Tak,137.423111,36.146167,2013,10,30,12.54,4.87,6.42,2.87,8.72,1.55
JP-Tak,137.423111,36.146167,2013,10,31,12.48,3.46,4.72,2.18,11.32,0
JP-Tak,137.423111,36.146167,2013,11,1,13.63,1.86,3.33,1.77,13.05,0
JP-Tak,137.423111,36.146167,2013,11,2,13.28,3.47,6.12,2.13,12.92,0
JP-Tak,137.423111,36.146167,2013,11,3,13.67,6.77,8.42,1.2,7.65,2.76
JP-Tak,137.423111,36.146167,2013,11,4,11.82,2.61,6.19,3.11,5.45,4.7
JP-Tak,137.423111,36.146167,2013,11,5,12.41,1.09,2.03,1.75,11.67,0.11
JP-Tak,137.423111,36.146167,2013,11,6,11.1,2.1,4.65,2.96,12.46,0.1
JP-Tak,137.423111,36.146167,2013,11,7,13.33,1.59,6.78,4.06,3.16,7.25
JP-Tak,137.423111,36.146167,2013,11,8,10.28,0.52,1.92,3.38,9.91,0.09
JP-Tak,137.423111,36.146167,2013,11,9,11.97,0.03,2.49,2.12,11.78,0
JP-Tak,137.423111,36.146167,2013,11,10,11.24,2.61,6.99,5.47,3.04,3.16
JP-Tak,137.423111,36.146167,2013,11,11,6.58,-5,-1.33,4.14,5.44,0.3
JP-Tak,137.423111,36.146167,2013,11,12,2.27,-5.09,-4.22,3.24,6.59,0.87
JP-Tak,137.423111,36.146167,2013,11,13,1.67,-3.91,-4.26,3.39,6.51,0.82
JP-Tak,137.423111,36.146167,2013,11,14,6.66,-4.24,-1.93,2.34,11.65,0.04
JP-Tak,137.423111,36.146167,2013,11,15,6.44,-0.65,1.84,2.35,2.65,6.64
JP-Tak,137.423111,36.146167,2013,11,16,10.24,-2.36,-0.07,1.61,11.17,0
JP-Tak,137.423111,36.146167,2013,11,17,8.9,-1.24,2.15,2.66,11.33,1.06
JP-Tak,137.423111,36.146167,2013,11,18,4.66,-3.23,0.08,3.6,6.77,2.22
JP-Tak,137.423111,36.146167,2013,11,19,1.16,-4.59,-3.29,4.76,7.81,1.96
JP-Tak,137.423111,36.146167,2013,11,20,1.52,-2,-1.59,4.54,4.64,3.83
JP-Tak,137.423111,36.146167,2013,11,21,3.48,-1.17,-0.67,3.42,6.62,2.54
JP-Tak,137.423111,36.146167,2013,11,22,3.97,-1.03,0.64,2.7,6.01,1.66
JP-Tak,137.423111,36.146167,2013,11,23,8.81,-2.75,-1.69,1.63,10.8,0.12
JP-Tak,137.423111,36.146167,2013,11,24,7.53,-1.44,-0.4,2.23,9.61,0.03
JP-Tak,137.423111,36.146167,2013,11,25,9.21,-0.13,3.81,6.43,3.49,7.09
JP-Tak,137.423111,36.146167,2013,11,26,2.97,-2.93,-1.82,5.61,5.89,1.79
JP-Tak,137.423111,36.146167,2013,11,27,3.16,-3.02,-2,4.33,9.16,1
JP-Tak,137.423111,36.146167,2013,11,28,2.45,-4.46,-3.33,5.31,5.34,1.95
JP-Tak,137.423111,36.146167,2013,11,29,-0.96,-4.19,-4.02,4.79,5.78,2.09
JP-Tak,137.423111,36.146167,2013,11,30,3.49,-4.05,-3.44,2.2,9.85,0.41
JP-Tak,137.423111,36.146167,2013,12,1,3.59,-2.12,-0.64,1.98,6.5,0.86
JP-Tak,137.423111,36.146167,2013,12,2,4.93,-1.33,-0.5,2.19,6.01,0.73
JP-Tak,137.423111,36.146167,2013,12,3,5.48,-1.34,-0.86,1.38,7.06,0.3
JP-Tak,137.423111,36.146167,2013,12,4,4.95,-2.56,-2.26,1.36,9.2,0.25
JP-Tak,137.423111,36.146167,2013,12,5,6.44,-1.95,-0.74,1.69,7.46,0.13
JP-Tak,137.423111,36.146167,2013,12,6,3.61,-1.29,0.08,3.2,3.48,1.32
JP-Tak,137.423111,36.146167,2013,12,7,2,-3.22,-2.83,3.03,5.65,0.81
JP-Tak,137.423111,36.146167,2013,12,8,1.94,-4.78,-5.4,3.16,8.08,0.14
JP-Tak,137.423111,36.146167,2013,12,9,4.41,-4.23,-4.04,2.71,7.67,0.57
JP-Tak,137.423111,36.146167,2013,12,10,4.33,-3.76,-0.35,7.17,3.42,10.49
JP-Tak,137.423111,36.146167,2013,12,11,1.3,-5.75,-3.97,4.66,5.43,0.67
JP-Tak,137.423111,36.146167,2013,12,12,-1.93,-8.17,-5.68,5.33,5.2,4.72
JP-Tak,137.423111,36.146167,2013,12,13,-0.8,-8.54,-6.34,6.26,3.09,0.32
JP-Tak,137.423111,36.146167,2013,12,14,-2.08,-6.77,-6.17,6.72,4.21,2.07
JP-Tak,137.423111,36.146167,2013,12,15,-1.83,-6.28,-5.76,7.04,4.61,2.36
JP-Tak,137.423111,36.146167,2013,12,16,-2.27,-6.77,-6.86,6.12,6.11,0.47
JP-Tak,137.423111,36.146167,2013,12,17,0.98,-4.9,-4.21,2.19,4.73,0.07
JP-Tak,137.423111,36.146167,2013,12,18,0.37,-4.04,-2.42,1.96,2.29,2.23
JP-Tak,137.423111,36.146167,2013,12,19,2.75,-4.43,-1.48,1.74,4.3,3.35
JP-Tak,137.423111,36.146167,2013,12,20,-1.3,-8.69,-5.39,4.26,3.37,5.47
JP-Tak,137.423111,36.146167,2013,12,21,-0.43,-4.79,-3.01,3.94,3.54,5.02
JP-Tak,137.423111,36.146167,2013,12,22,-3.24,-8.92,-6.89,4.52,4.98,0.55
JP-Tak,137.423111,36.146167,2013,12,23,-1.22,-9.9,-7.69,2.16,5.43,0.01
JP-Tak,137.423111,36.146167,2013,12,24,-2.04,-9.48,-7.6,3.6,4.65,0.28
JP-Tak,137.423111,36.146167,2013,12,25,0.69,-11.9,-8.14,2.26,10.06,0
JP-Tak,137.423111,36.146167,2013,12,26,1.23,-6.22,-1.75,2.37,4.94,2.22
JP-Tak,137.423111,36.146167,2013,12,27,-1.84,-7.87,-5.23,3.87,2.96,4.07
JP-Tak,137.423111,36.146167,2013,12,28,-5.28,-8.5,-9.04,4.54,5.02,1.8
JP-Tak,137.423111,36.146167,2013,12,29,-4.05,-9.51,-8.37,3,7.13,0.87
JP-Tak,137.423111,36.146167,2013,12,30,-2.16,-7.2,-5.58,3.75,5.88,0.47
JP-Tak,137.423111,36.146167,2013,12,31,-0.53,-5.81,-4.57,3.22,4.98,0.87
JP-Tak,137.423111,36.146167,2014,1,1,0.26,-5.8,-3.58,5.08,3.13,1.71
JP-Tak,137.423111,36.146167,2014,1,2,-1.82,-10.56,-5.56,5.03,5.87,2.86
JP-Tak,137.423111,36.146167,2014,1,3,0.46,-11.54,-7.02,1.53,9.16,0.05
JP-Tak,137.423111,36.146167,2014,1,4,-0.87,-10.19,-5.59,3.23,4.25,0.9
JP-Tak,137.423111,36.146167,2014,1,5,-2.76,-11.98,-10.41,2.96,8.21,0
JP-Tak,137.423111,36.146167,2014,1,6,-4.02,-13.15,-10.91,3.09,6.72,0
JP-Tak,137.423111,36.146167,2014,1,7,0.94,-13.68,-11.17,2.28,10.78,0
JP-Tak,137.423111,36.146167,2014,1,8,1.05,-6.27,-2.56,1.77,2.85,7.56
JP-Tak,137.423111,36.146167,2014,1,9,-2.33,-11.48,-6.94,4.53,4.86,4.15
JP-Tak,137.423111,36.146167,2014,1,10,-6.43,-13.13,-11.04,4.55,6.99,0.19
JP-Tak,137.423111,36.146167,2014,1,11,-3.5,-8.7,-7.55,2.86,6.33,1.16
JP-Tak,137.423111,36.146167,2014,1,12,-2.35,-7.88,-6.07,3.13,6,0.97
JP-Tak,137.423111,36.146167,2014,1,13,-6.65,-13.17,-10.44,3.84,6.81,0.66
JP-Tak,137.423111,36.146167,2014,1,14,-4.49,-14.05,-11.51,2.5,7.45,0.04
JP-Tak,137.423111,36.146167,2014,1,15,-0.5,-9.87,-6.76,2.05,7.24,0
JP-Tak,137.423111,36.146167,2014,1,16,-2.27,-11.6,-8.82,2.15,8.2,0.12
JP-Tak,137.423111,36.146167,2014,1,17,-3.08,-12.14,-8.85,2.26,6.3,0.85
JP-Tak,137.423111,36.146167,2014,1,18,-2.13,-13.24,-9.51,1.8,9.94,1.09
JP-Tak,137.423111,36.146167,2014,1,19,-7.62,-12.28,-11.3,5.44,5.94,1.38
JP-Tak,137.423111,36.146167,2014,1,20,-3.11,-12.13,-8.97,2.2,5.22,0.7
JP-Tak,137.423111,36.146167,2014,1,21,-1.3,-8,-5.84,2.27,5.62,1.66
JP-Tak,137.423111,36.146167,2014,1,22,-4.65,-11.08,-9.64,3.09,6.85,0.59
JP-Tak,137.423111,36.146167,2014,1,23,-2.91,-9.85,-8.83,3.55,9.17,0.15
JP-Tak,137.423111,36.146167,2014,1,24,0.49,-10.27,-6.52,2.6,12.07,0
JP-Tak,137.423111,36.146167,2014,1,25,2.16,-6.58,-2.14,2.49,6.21,0.58
JP-Tak,137.423111,36.146167,2014,1,26,1.37,-10.83,-5.15,6.2,5,5.2
JP-Tak,137.423111,36.146167,2014,1,27,-0.52,-13.32,-11.07,3.02,11.93,0
JP-Tak,137.423111,36.146167,2014,1,28,0.12,-13.62,-6.91,3.8,6.41,0.53
JP-Tak,137.423111,36.146167,2014,1,29,1.74,-10.08,-8.87,2.19,12.65,0.03
JP-Tak,137.423111,36.146167,2014,1,30,2.67,-5.95,-1.33,3.86,3.01,2.73
JP-Tak,137.423111,36.146167,2014,1,31,1.82,-9.21,-5,5.72,8.39,2.11
JP-Tak,137.423111,36.146167,2014,2,1,4.29,-9.05,-6.29,1.77,9.57,0
JP-Tak,137.423111,36.146167,2014,2,2,4.9,-0.56,3.3,2.56,5.79,2.76
JP-Tak,137.423111,36.146167,2014,2,3,5.76,-2.12,3.39,2.16,4.65,0.98
JP-Tak,137.423111,36.146167,2014,2,4,-2.16,-10.4,-8.69,5.13,6.59,1.34
JP-Tak,137.423111,36.146167,2014,2,5,-8.71,-12.92,-13.25,6.32,10.05,0.55
JP-Tak,137.423111,36.146167,2014,2,6,-6.44,-13.52,-12.11,3.31,6.74,0.09
JP-Tak,137.423111,36.146167,2014,2,7,-1.31,-13.03,-10.19,2.24,11.2,0.32
JP-Tak,137.423111,36.146167,2014,2,8,-4.37,-8.56,-7.27,3.04,2.46,9.16
JP-Tak,137.423111,36.146167,2014,2,9,-1.7,-9.57,-7.61,4.47,8.01,1.05
JP-Tak,137.423111,36.146167,2014,2,10,-3.33,-12.24,-9.61,3.69,11.53,0.02
JP-Tak,137.423111,36.146167,2014,2,11,-1.49,-14.28,-11.14,3.43,12.93,0.01
JP-Tak,137.423111,36.146167,2014,2,12,2.78,-11.48,-7.44,2.4,16.03,0.08
JP-Tak,137.423111,36.146167,2014,2,13,-0.95,-8.37,-7.46,2.89,8.89,0.6
JP-Tak,137.423111,36.146167,2014,2,14,-2.93,-7.23,-6.64,4.6,2.29,8.15
JP-Tak,137.423111,36.146167,2014,2,15,-2.67,-7.46,-6.51,8.05,4.55,20.27
JP-Tak,137.423111,36.146167,2014,2,16,-4.51,-12.92,-8.08,8.11,12.02,2.01
JP-Tak,137.423111,36.146167,2014,2,17,-2.43,-12.78,-8.6,4.24,10.17,0.32
JP-Tak,137.423111,36.146167,2014,2,18,-5.84,-12.05,-11.1,4.14,12.64,0.03
JP-Tak,137.423111,36.146167,2014,2,19,-3.61,-14.39,-11.15,3.24,14.69,0.01
JP-Tak,137.423111,36.146167,2014,2,20,-0.92,-12.02,-8.71,2,12.57,0.01
JP-Tak,137.423111,36.146167,2014,2,21,-5.21,-13.28,-11.15,3.81,13.85,0.18
JP-Tak,137.423111,36.146167,2014,2,22,-3.84,-13.58,-10.65,3.06,15.17,0
JP-Tak,137.423111,36.146167,2014,2,23,-1.58,-14.19,-10.57,2.26,16.3,0
JP-Tak,137.423111,36.146167,2014,2,24,0.59,-12.52,-9.11,1.61,17.71,0
JP-Tak,137.423111,36.146167,2014,2,25,0.56,-8.91,-6.34,3.32,11.64,0.01
JP-Tak,137.423111,36.146167,2014,2,26,4.99,-9.35,-4.14,2.38,15.93,0.01
JP-Tak,137.423111,36.146167,2014,2,27,3.35,-1.51,1.43,3.45,6.35,3.52
JP-Tak,137.423111,36.146167,2014,2,28,5.75,-0.12,0.84,3,11,1.04
JP-Tak,137.423111,36.146167,2014,3,1,7.5,0.71,1.78,2.08,7.35,2.35
JP-Tak,137.423111,36.146167,2014,3,2,5.72,-2.05,0.76,1.89,6.81,4.65
JP-Tak,137.423111,36.146167,2014,3,3,0.86,-8.1,-7.04,4.17,11.98,0.27
JP-Tak,137.423111,36.146167,2014,3,4,4.18,-7.19,-4.55,2.35,16.92,0.49
JP-Tak,137.423111,36.146167,2014,3,5,2.06,-6.61,-1.57,3.85,4.33,13.02
JP-Tak,137.423111,36.146167,2014,3,6,-5.1,-9.92,-10.83,7.5,11.96,0.25
JP-Tak,137.423111,36.146167,2014,3,7,-3.91,-9.88,-10.03,3.91,12.92,0.36
JP-Tak,137.423111,36.146167,2014,3,8,-2.72,-9.59,-8.73,4.73,12.41,1.18
JP-Tak,137.423111,36.146167,2014,3,9,-0.51,-9.32,-7.8,2.72,17.82,2.09
JP-Tak,137.423111,36.146167,2014,3,10,-5.77,-10.32,-10.62,6.91,8.33,2.48
JP-Tak,137.423111,36.146167,2014,3,11,-0.96,-11.12,-9.5,4.47,19.82,0.34
JP-Tak,137.423111,36.146167,2014,3,12,5.01,-5.34,-2.8,3.76,14.61,0
JP-Tak,137.423111,36.146167,2014,3,13,5.73,-2.3,2.95,5.25,4.42,7.3
JP-Tak,137.423111,36.146167,2014,3,14,0.58,-6.68,-6.19,5.77,10.83,1.04
JP-Tak,137.423111,36.146167,2014,3,15,1.5,-7.51,-7.5,3.32,18.02,0.01
JP-Tak,137.423111,36.146167,2014,3,16,4.32,-6.31,-2.66,4.51,7.17,0.02
JP-Tak,137.423111,36.146167,2014,3,17,9.1,-6.1,-4.53,2.25,19.03,0
JP-Tak,137.423111,36.146167,2014,3,18,8.73,-1.19,4.05,5.84,4.11,1.79
JP-Tak,137.423111,36.146167,2014,3,19,10.19,-4.69,-2.65,2.62,15.51,0.01
JP-Tak,137.423111,36.146167,2014,3,20,6.25,-3.54,1.05,2.71,3.47,3.6
JP-Tak,137.423111,36.146167,2014,3,21,-1.2,-5.91,-6.26,7.63,7.38,1.73
JP-Tak,137.423111,36.146167,2014,3,22,2.34,-6.81,-6.66,4.14,16.01,0.07
JP-Tak,137.423111,36.146167,2014,3,23,5.44,-6.3,-4.65,3.48,19.37,0
JP-Tak,137.423111,36.146167,2014,3,24,10.25,-4.71,-3.68,2.42,20.91,0
JP-Tak,137.423111,36.146167,2014,3,25,9.36,-0.84,1.14,3.77,12.04,0.01
JP-Tak,137.423111,36.146167,2014,3,26,9.45,3.18,4.98,1.97,7.77,4.97
JP-Tak,137.423111,36.146167,2014,3,27,11.83,-0.7,3.39,3.5,11.36,5.15
JP-Tak,137.423111,36.146167,2014,3,28,13.89,-0.74,-2.09,1.87,21.62,0
JP-Tak,137.423111,36.146167,2014,3,29,12.9,0.45,2.3,2.69,18.48,1.08
JP-Tak,137.423111,36.146167,2014,3,30,14.12,1.26,6.06,6.94,4.03,19.45
JP-Tak,137.423111,36.146167,2014,3,31,7.22,-1.88,-1.75,6.86,21.34,1.38
JP-Tak,137.423111,36.146167,2014,4,1,11.22,-3.45,-0.96,2.02,23.64,0
JP-Tak,137.423111,36.146167,2014,4,2,11.98,-0.26,1.92,1.89,20.59,0
JP-Tak,137.423111,36.146167,2014,4,3,13.4,1.52,4.63,1.91,15.47,2.54
JP-Tak,137.423111,36.146167,2014,4,4,9.21,-3.73,1.75,5.1,7.88,10.53
JP-Tak,137.423111,36.146167,2014,4,5,2.17,-5.54,-5.76,4.03,17.13,1.21
JP-Tak,137.423111,36.146167,2014,4,6,1.24,-5.85,-5.46,4.4,10.31,1.19
JP-Tak,137.423111,36.146167,2014,4,7,8.62,-5.56,-3.65,4.17,24.65,0
JP-Tak,137.423111,36.146167,2014,4,8,11.07,-1.31,-1.42,3.21,24.41,0
JP-Tak,137.423111,36.146167,2014,4,9,12.88,-0.38,-2.26,2.04,25.3,0
JP-Tak,137.423111,36.146167,2014,4,10,11.04,-5.01,-0.57,4.4,11.02,0.11
JP-Tak,137.423111,36.146167,2014,4,11,6.93,-5.58,-6.43,3.57,25.88,0
JP-Tak,137.423111,36.146167,2014,4,12,9.43,-4.24,-6.08,2.79,25.67,0
JP-Tak,137.423111,36.146167,2014,4,13,8.66,-1.14,-4.8,1.09,19.85,0
JP-Tak,137.423111,36.146167,2014,4,14,12.6,-1.17,-2.7,1.55,25.05,0
JP-Tak,137.423111,36.146167,2014,4,15,14.56,0.57,0.18,2.68,24.86,0
JP-Tak,137.423111,36.146167,2014,4,16,13.28,-1.08,-0.18,2.93,20.88,0
JP-Tak,137.423111,36.146167,2014,4,17,16.52,5.35,5.1,2.14,20.72,0
JP-Tak,137.423111,36.146167,2014,4,18,13.27,2.61,5.82,1.86,7.68,4.6
JP-Tak,137.423111,36.146167,2014,4,19,11.06,-1.43,-0.04,2.55,18.69,0.09
JP-Tak,137.423111,36.146167,2014,4,20,9.07,1.62,3.2,2.76,15.24,1.21
JP-Tak,137.423111,36.146167,2014,4,21,12.41,3.28,6.17,2.82,7.56,11.22
JP-Tak,137.423111,36.146167,2014,4,22,10.48,2.15,1.76,2.64,13.27,0.35
JP-Tak,137.423111,36.146167,2014,4,23,11.78,0.42,-0.67,2.8,23.59,0.01
JP-Tak,137.423111,36.146167,2014,4,24,14.27,-0.09,0.73,1.79,25.86,0.01
JP-Tak,137.423111,36.146167,2014,4,25,15.57,2.52,2.25,1.31,24.78,0
JP-Tak,137.423111,36.146167,2014,4,26,16.73,4.12,3.35,1.11,23.72,0
JP-Tak,137.423111,36.146167,2014,4,27,16.55,3.25,3.91,2.02,22.07,0
JP-Tak,137.423111,36.146167,2014,4,28,14.47,1.68,2.16,1.9,13.86,0.6
JP-Tak,137.423111,36.146167,2014,4,29,12.45,4.58,6.13,3,11.22,10.05
JP-Tak,137.423111,36.146167,2014,4,30,15.86,6.76,9.37,4.44,10.84,29.94
JP-Tak,137.423111,36.146167,2014,5,1,13.94,6.26,7.8,3.14,12.11,1.42
JP-Tak,137.423111,36.146167,2014,5,2,17.78,5.6,6.2,2.28,24.8,0
JP-Tak,137.423111,36.146167,2014,5,3,15.62,-1.01,3.07,3.81,15.97,0
JP-Tak,137.423111,36.146167,2014,5,4,16.53,-2.27,-0.89,2.95,21.33,0
JP-Tak,137.423111,36.146167,2014,5,5,11.22,4.59,6.79,4.16,5.57,3.99
JP-Tak,137.423111,36.146167,2014,5,6,11.24,0.93,-0.4,3.05,24.32,0.17
JP-Tak,137.423111,36.146167,2014,5,7,15.4,-0.3,-1.31,1.74,26.74,0
JP-Tak,137.423111,36.146167,2014,5,8,14.45,0.92,3.31,4.85,26.94,3.63
JP-Tak,137.423111,36.146167,2014,5,9,12.22,1.9,3.57,4.78,17.16,4.67
JP-Tak,137.423111,36.146167,2014,5,10,13.95,3.04,2.56,5.03,26.69,0
JP-Tak,137.423111,36.146167,2014,5,11,18.81,2.88,4,2.32,28.25,0
JP-Tak,137.423111,36.146167,2014,5,12,14.96,2.9,4.39,5.74,12.82,6.13
JP-Tak,137.423111,36.146167,2014,5,13,16.19,7.75,6.75,4.23,25.69,5.72
JP-Tak,137.423111,36.146167,2014,5,14,18.07,6.72,4.87,1.98,19.36,0.27
JP-Tak,137.423111,36.146167,2014,5,15,19.07,7.45,8.92,3.07,11.8,5.5
JP-Tak,137.423111,36.146167,2014,5,16,13.67,2.65,3.79,5.59,18.36,0.03
JP-Tak,137.423111,36.146167,2014,5,17,14.45,2.73,3.92,4.21,21.56,0.02
JP-Tak,137.423111,36.146167,2014,5,18,16.92,2.77,4.37,2.4,29.17,0
JP-Tak,137.423111,36.146167,2014,5,19,19.39,5.58,3.61,1.67,28.51,0
JP-Tak,137.423111,36.146167,2014,5,20,16.09,6.33,7.5,2.07,17.18,6.5
JP-Tak,137.423111,36.146167,2014,5,21,14.68,6.08,6.98,4.98,8.36,26.39
JP-Tak,137.423111,36.146167,2014,5,22,13.67,5.7,6.88,4.5,8.1,1.08
JP-Tak,137.423111,36.146167,2014,5,23,16.25,4.77,6.79,2.23,16.82,0.2
JP-Tak,137.423111,36.146167,2014,5,24,19.14,5.16,7.92,2.48,24.81,0
JP-Tak,137.423111,36.146167,2014,5,25,19.73,9.25,10.58,1.82,16.99,0.03
JP-Tak,137.423111,36.146167,2014,5,26,13.77,9.4,9.77,5.04,6.24,26
JP-Tak,137.423111,36.146167,2014,5,27,20.93,9.18,9.55,1.93,25.62,2.36
JP-Tak,137.423111,36.146167,2014,5,28,22.22,10.24,8.95,1.49,27.13,0.04
JP-Tak,137.423111,36.146167,2014,5,29,21.43,10.01,9.3,1.15,24.9,0.11
JP-Tak,137.423111,36.146167,2014,5,30,22.13,11.04,10.23,1.39,26.79,0
JP-Tak,137.423111,36.146167,2014,5,31,23.08,11.8,10.12,1.94,28.64,0.01
JP-Tak,137.423111,36.146167,2014,6,1,25.93,11.42,8.46,1.2,30.1,0
JP-Tak,137.423111,36.146167,2014,6,2,25.71,14.23,11.19,1.74,22.68,0.01
JP-Tak,137.423111,36.146167,2014,6,3,24.2,12.62,12.36,1.47,21.93,0.48
JP-Tak,137.423111,36.146167,2014,6,4,24.32,13.02,13.5,1.55,19.21,0.69
JP-Tak,137.423111,36.146167,2014,6,5,19.3,11.03,11.1,5.25,14.3,5.17
JP-Tak,137.423111,36.146167,2014,6,6,20.56,10.96,13.01,3.07,16.46,7.91
JP-Tak,137.423111,36.146167,2014,6,7,17.79,11.13,11.74,2.74,13.9,5.38
JP-Tak,137.423111,36.146167,2014,6,8,21.14,11.3,13.38,0.94,18.74,4.13
JP-Tak,137.423111,36.146167,2014,6,9,22.14,13.34,14.62,0.95,14.83,4.83
JP-Tak,137.423111,36.146167,2014,6,10,20.77,13.14,14.59,1.49,17.66,1.87
JP-Tak,137.423111,36.146167,2014,6,11,20.47,13.28,13.83,1.62,8.65,2.28
JP-Tak,137.423111,36.146167,2014,6,12,20.48,13.96,14.25,2.25,10.01,14.42
JP-Tak,137.423111,36.146167,2014,6,13,17.4,10.22,11.23,4.39,13.47,6.91
JP-Tak,137.423111,36.146167,2014,6,14,18.4,9.39,9.22,3.4,21.63,1.01
JP-Tak,137.423111,36.146167,2014,6,15,21.56,9.42,9.73,1.9,25.91,0.01
JP-Tak,137.423111,36.146167,2014,6,16,22.35,11.67,10.83,1.32,25.6,0.04
JP-Tak,137.423111,36.146167,2014,6,17,20.51,12.95,11.53,1.24,21.23,3.67
JP-Tak,137.423111,36.146167,2014,6,18,17.84,12.08,12.01,1.44,11.79,3.65
JP-Tak,137.423111,36.146167,2014,6,19,21.62,10.39,12.71,1.63,18.72,1.95
JP-Tak,137.423111,36.146167,2014,6,20,20.55,11.15,13.08,2.13,13.24,0.61
JP-Tak,137.423111,36.146167,2014,6,21,20.64,13.16,13.87,1.18,14.82,1.31
JP-Tak,137.423111,36.146167,2014,6,22,18.65,12.26,13.98,1.8,9.04,7.88
JP-Tak,137.423111,36.146167,2014,6,23,22.35,11.04,12.1,1.38,21.05,0.13
JP-Tak,137.423111,36.146167,2014,6,24,21.47,12.74,12.76,1.48,19.09,0.45
JP-Tak,137.423111,36.146167,2014,6,25,18.92,11.53,13.25,1.79,19.43,2.57
JP-Tak,137.423111,36.146167,2014,6,26,21.74,11.57,13.96,1.54,21.78,2.26
JP-Tak,137.423111,36.146167,2014,6,27,23.4,13.58,14.1,1.23,19.74,0.54
JP-Tak,137.423111,36.146167,2014,6,28,21.58,13.79,14.91,1.61,10.56,10.96
JP-Tak,137.423111,36.146167,2014,6,29,21.26,12.31,14.35,2.69,15.24,13.5
JP-Tak,137.423111,36.146167,2014,6,30,20.89,11.32,13.23,1.65,18.09,0.78
JP-Tak,137.423111,36.146167,2014,7,1,23.85,12.25,13.38,1.1,24.47,0.08
JP-Tak,137.423111,36.146167,2014,7,2,23.55,13.15,14.01,1.63,24.66,1.74
JP-Tak,137.423111,36.146167,2014,7,3,18.84,13.73,14.49,1.8,11.12,23.44
JP-Tak,137.423111,36.146167,2014,7,4,22.2,13.17,15.83,2.51,10.12,12.48
JP-Tak,137.423111,36.146167,2014,7,5,21.28,15.38,16.46,1.4,16.03,21.72
JP-Tak,137.423111,36.146167,2014,7,6,22.65,14.59,16.06,1.93,17.05,2.07
JP-Tak,137.423111,36.146167,2014,7,7,21.34,14.56,16.11,2.2,6.73,19.23
JP-Tak,137.423111,36.146167,2014,7,8,24.92,12.69,17.25,2.08,20.41,4.53
JP-Tak,137.423111,36.146167,2014,7,9,25.49,17.4,18.69,2.6,20.26,12.88
JP-Tak,137.423111,36.146167,2014,7,10,21.69,17.42,17.99,6.36,8.18,7.26
JP-Tak,137.423111,36.146167,2014,7,11,24.21,15.07,17.53,3.41,16.62,2.31
JP-Tak,137.423111,36.146167,2014,7,12,24.36,12.47,14.31,2.26,26.15,0
JP-Tak,137.423111,36.146167,2014,7,13,21.04,16.6,16.27,3.88,6.11,8.47
JP-Tak,137.423111,36.146167,2014,7,14,24.41,15.66,16.58,2.05,9.98,2.92
JP-Tak,137.423111,36.146167,2014,7,15,25.94,14.92,16.22,1.67,26.15,0
JP-Tak,137.423111,36.146167,2014,7,16,24.9,16.57,18.58,3.02,11.69,1.25
JP-Tak,137.423111,36.146167,2014,7,17,24.4,18.1,18.18,2.42,13.05,2.9
JP-Tak,137.423111,36.146167,2014,7,18,23.79,16.76,17.35,2.09,11.48,11.17
JP-Tak,137.423111,36.146167,2014,7,19,22.11,15.97,16.72,2.15,12.8,13.08
JP-Tak,137.423111,36.146167,2014,7,20,22.7,15.61,15.88,0.95,19.79,8.3
JP-Tak,137.423111,36.146167,2014,7,21,23.61,14.94,16,1.75,22.92,5.02
JP-Tak,137.423111,36.146167,2014,7,22,25.06,15.64,17.52,2.11,20.43,0
JP-Tak,137.423111,36.146167,2014,7,23,25.56,16.4,17.65,2.38,16.84,0.05
JP-Tak,137.423111,36.146167,2014,7,24,25.61,16.57,18.19,2.87,8.62,1.31
JP-Tak,137.423111,36.146167,2014,7,25,28.3,15.94,18.82,1.58,22.89,0
JP-Tak,137.423111,36.146167,2014,7,26,28.37,18.36,19.6,2.13,25.49,0.16
JP-Tak,137.423111,36.146167,2014,7,27,24.43,14.33,17.62,3.35,15.68,4.95
JP-Tak,137.423111,36.146167,2014,7,28,24.51,12.81,14.92,1.32,21.21,0.46
JP-Tak,137.423111,36.146167,2014,7,29,24.11,14.81,15.2,1.74,23.85,0
JP-Tak,137.423111,36.146167,2014,7,30,26.33,13.16,15.32,1.28,23.91,0.04
JP-Tak,137.423111,36.146167,2014,7,31,27.61,16.98,17.94,0.91,23.59,6.32
JP-Tak,137.423111,36.146167,2014,8,1,26.67,18.44,18.47,0.93,21.92,0.71
JP-Tak,137.423111,36.146167,2014,8,2,26.4,18.22,17.85,1.33,19.18,0.42
JP-Tak,137.423111,36.146167,2014,8,3,25.31,17.34,17.47,2.05,15.23,0.78
JP-Tak,137.423111,36.146167,2014,8,4,24.63,16.87,18.06,3.34,12.76,1.09
JP-Tak,137.423111,36.146167,2014,8,5,25.37,17.76,18.86,4.13,15.69,2.7
JP-Tak,137.423111,36.146167,2014,8,6,26.17,17.95,19.13,3.56,14.61,5.76
JP-Tak,137.423111,36.146167,2014,8,7,25.57,17.41,18.27,2.57,16.26,4.58
JP-Tak,137.423111,36.146167,2014,8,8,21.43,16.62,17.48,1.31,6.11,21.9
JP-Tak,137.423111,36.146167,2014,8,9,20.39,16.37,16.91,4.36,4.44,26.83
JP-Tak,137.423111,36.146167,2014,8,10,21.38,17.48,18.75,8.26,6.56,37
JP-Tak,137.423111,36.146167,2014,8,11,22.97,15.85,17.68,4.61,14.66,3.8
JP-Tak,137.423111,36.146167,2014,8,12,21.84,15.48,17.81,1.78,8.96,23.57
JP-Tak,137.423111,36.146167,2014,8,13,24.39,16.03,17.32,1.47,17.02,0.12
JP-Tak,137.423111,36.146167,2014,8,14,25.77,17.04,19.05,2.04,13.91,6.03
JP-Tak,137.423111,36.146167,2014,8,15,24.13,17.85,19.8,4.04,8.68,17.46
JP-Tak,137.423111,36.146167,2014,8,16,24.22,19.87,20.5,3.62,4.11,48.22
JP-Tak,137.423111,36.146167,2014,8,17,23.4,18.23,19.44,3.34,3.98,52.85
JP-Tak,137.423111,36.146167,2014,8,18,25.35,16.84,19.38,2.5,19.41,9.54
JP-Tak,137.423111,36.146167,2014,8,19,25.89,15.55,18.38,2.44,18.2,0.8
JP-Tak,137.423111,36.146167,2014,8,20,25.15,17.4,17.81,2.1,19.09,0.09
JP-Tak,137.423111,36.146167,2014,8,21,25.27,17.19,17.68,1.7,17.91,0.06
JP-Tak,137.423111,36.146167,2014,8,22,24.25,16.59,17.31,2.36,18.42,4.72
JP-Tak,137.423111,36.146167,2014,8,23,22.06,15.56,17.16,2.23,18.45,7.27
JP-Tak,137.423111,36.146167,2014,8,24,22.34,15.55,16.79,1.41,9.16,2.76
JP-Tak,137.423111,36.146167,2014,8,25,22.88,16.59,17.99,1.77,9.68,10.39
JP-Tak,137.423111,36.146167,2014,8,26,23.77,17.3,18.11,2.59,4.21,28.98
JP-Tak,137.423111,36.146167,2014,8,27,23,16.05,17.18,2.19,10.84,2.86
JP-Tak,137.423111,36.146167,2014,8,28,21.87,13.75,14.65,1.21,14.24,0.52
JP-Tak,137.423111,36.146167,2014,8,29,21.99,13.73,14.12,1.31,16.2,0.79
JP-Tak,137.423111,36.146167,2014,8,30,22.54,13.54,14.98,1.17,14.34,5.65
JP-Tak,137.423111,36.146167,2014,8,31,21.61,14.28,15.29,1.63,12.96,2.33
JP-Tak,137.423111,36.146167,2014,9,1,17.77,14.15,14.99,1.44,9.19,21.66
JP-Tak,137.423111,36.146167,2014,9,2,23.93,12.58,13.53,1.25,19.37,0.1
JP-Tak,137.423111,36.146167,2014,9,3,21.86,13.9,14.92,2.17,12.39,0.01
JP-Tak,137.423111,36.146167,2014,9,4,22.81,13.76,16.33,3.22,7.99,2.4
JP-Tak,137.423111,36.146167,2014,9,5,20.99,15.98,17.75,2.16,6.02,22.74
JP-Tak,137.423111,36.146167,2014,9,6,22.04,14.85,14.24,0.93,18.98,7.32
JP-Tak,137.423111,36.146167,2014,9,7,23.02,14.07,15.05,1.47,19.61,3.47
JP-Tak,137.423111,36.146167,2014,9,8,21.51,13.48,13.79,0.92,14.49,0.05
JP-Tak,137.423111,36.146167,2014,9,9,21.98,11.84,13.76,2.42,18.93,0.01
JP-Tak,137.423111,36.146167,2014,9,10,21.04,13.26,13.55,1.82,16.82,0.59
JP-Tak,137.423111,36.146167,2014,9,11,17,10.03,12.86,1.74,14.32,2.54
JP-Tak,137.423111,36.146167,2014,9,12,18.83,7.8,9.21,2.24,19.48,0.09
JP-Tak,137.423111,36.146167,2014,9,13,19.54,9.48,10.38,1.89,17.86,0.66
JP-Tak,137.423111,36.146167,2014,9,14,21.13,9.03,11.26,1.6,19.71,0
JP-Tak,137.423111,36.146167,2014,9,15,17.88,11.23,12.29,1.86,10.3,0.1
JP-Tak,137.423111,36.146167,2014,9,16,20.53,10.77,11.89,2.04,15.97,0.5
JP-Tak,137.423111,36.146167,2014,9,17,19.86,9.44,11.35,2.38,14.05,0
JP-Tak,137.423111,36.146167,2014,9,18,16.05,7.13,7.7,3.37,14.78,0.04
JP-Tak,137.423111,36.146167,2014,9,19,17.26,6.1,7.18,1.81,17.95,0.03
JP-Tak,137.423111,36.146167,2014,9,20,16.05,7.56,7.43,1.71,16.69,0
JP-Tak,137.423111,36.146167,2014,9,21,18.89,6.33,8.73,1.72,20.63,0
JP-Tak,137.423111,36.146167,2014,9,22,18.99,8.11,8.94,1.91,19.13,0
JP-Tak,137.423111,36.146167,2014,9,23,19.78,7.09,10.78,2.16,20.84,0.03
JP-Tak,137.423111,36.146167,2014,9,24,17.65,9.51,12.96,3.51,7.41,9.47
JP-Tak,137.423111,36.146167,2014,9,25,22.23,11.64,15.7,5.54,5.87,25.45
JP-Tak,137.423111,36.146167,2014,9,26,20.57,10.32,12.08,2.17,16.25,0.01
JP-Tak,137.423111,36.146167,2014,9,27,20.93,10.36,11.38,1.23,16.46,0
JP-Tak,137.423111,36.146167,2014,9,28,21.09,8.34,11.86,2.71,17.65,0
JP-Tak,137.423111,36.146167,2014,9,29,21.14,7.76,10.72,2,19.26,0
JP-Tak,137.423111,36.146167,2014,9,30,19.82,11.21,11.3,2.21,13.75,0.08
JP-Tak,137.423111,36.146167,2014,10,1,20.46,11.85,13,1.56,15.39,0.45
JP-Tak,137.423111,36.146167,2014,10,2,20.09,11.42,13.73,3.37,12.75,1.8
JP-Tak,137.423111,36.146167,2014,10,3,20.84,12.65,14.46,3.91,5.85,3.72
JP-Tak,137.423111,36.146167,2014,10,4,18.16,11.34,11.45,2.35,12.78,0.21
JP-Tak,137.423111,36.146167,2014,10,5,14.8,10.85,11.25,2.82,4.32,42.08
JP-Tak,137.423111,36.146167,2014,10,6,15.8,9.28,11.02,6.48,7.13,41.39
JP-Tak,137.423111,36.146167,2014,10,7,16.48,7.08,8.11,2.25,16.77,0.14
JP-Tak,137.423111,36.146167,2014,10,8,17.05,8.95,9.32,1.54,17.81,0
JP-Tak,137.423111,36.146167,2014,10,9,18.05,8.59,11.05,1.66,15.27,0.09
JP-Tak,137.423111,36.146167,2014,10,10,19.33,9.45,11.24,1.77,13.89,0.02
JP-Tak,137.423111,36.146167,2014,10,11,20.09,6.58,8.45,1.63,18.14,0
JP-Tak,137.423111,36.146167,2014,10,12,16.95,8.1,8.54,0.79,15.68,0
JP-Tak,137.423111,36.146167,2014,10,13,16.57,8.99,11.2,4.26,4.22,52.9
JP-Tak,137.423111,36.146167,2014,10,14,15.66,4.37,8.12,7.23,7.94,17.79
JP-Tak,137.423111,36.146167,2014,10,15,13.49,4.02,6.45,1.72,11.6,1.36
JP-Tak,137.423111,36.146167,2014,10,16,13.33,5.53,5.96,2.12,15.88,0.95
JP-Tak,137.423111,36.146167,2014,10,17,10.89,1.48,3.69,3.57,12.61,0.96
JP-Tak,137.423111,36.146167,2014,10,18,14.21,2.07,3.85,1.73,17.78,0
JP-Tak,137.423111,36.146167,2014,10,19,15.22,4.32,5,1.79,18.12,0.07
JP-Tak,137.423111,36.146167,2014,10,20,14.22,5.01,8.73,2.59,3.28,14.11
JP-Tak,137.423111,36.146167,2014,10,21,15.3,9.99,11.57,2.53,4.79,4.88
JP-Tak,137.423111,36.146167,2014,10,22,14.09,6.42,10.29,2.04,2.7,22
JP-Tak,137.423111,36.146167,2014,10,23,14.04,2.86,4.93,2.02,9.81,1.97
JP-Tak,137.423111,36.146167,2014,10,24,14.74,5.08,6.87,1.62,16.08,0
JP-Tak,137.423111,36.146167,2014,10,25,16.23,3.04,4.83,1.57,16.95,0
JP-Tak,137.423111,36.146167,2014,10,26,16.96,5.89,10.34,2.32,12.92,0.18
JP-Tak,137.423111,36.146167,2014,10,27,14.25,0.96,7,3.79,6.18,1.37
JP-Tak,137.423111,36.146167,2014,10,28,7.25,-1.35,-0.45,4.81,12.74,0
JP-Tak,137.423111,36.146167,2014,10,29,12.52,-2.01,-0.45,2.41,16.62,0
JP-Tak,137.423111,36.146167,2014,10,30,14.4,2.72,6.62,2.16,15.7,0.02
JP-Tak,137.423111,36.146167,2014,10,31,12.87,7.42,9,1.8,6.24,2.89
JP-Tak,137.423111,36.146167,2014,11,1,10.94,6.98,8.49,2.4,4.07,9.05
JP-Tak,137.423111,36.146167,2014,11,2,13.91,7.08,10.71,3.79,4.37,6.45
JP-Tak,137.423111,36.146167,2014,11,3,6.71,1.62,2.46,4.72,6.85,3.3
JP-Tak,137.423111,36.146167,2014,11,4,11.12,-0.28,1.52,2.59,13.97,0.41
JP-Tak,137.423111,36.146167,2014,11,5,14.52,2.18,5.11,1.38,13.41,0
JP-Tak,137.423111,36.146167,2014,11,6,16.25,4.6,7.26,1.96,10.3,1.38
JP-Tak,137.423111,36.146167,2014,11,7,9.2,1.29,2.26,3.66,10.29,0.5
JP-Tak,137.423111,36.146167,2014,11,8,13.13,1.46,4.97,1.95,9.5,0.11
JP-Tak,137.423111,36.146167,2014,11,9,12.1,6.78,8.84,2.02,3.35,6.62
JP-Tak,137.423111,36.146167,2014,11,10,12.34,4.23,4.3,2.73,10.62,0.42
JP-Tak,137.423111,36.146167,2014,11,11,13.47,5.59,6.92,1.55,12.6,0.18
JP-Tak,137.423111,36.146167,2014,11,12,9.85,3.57,6.13,3.68,6.5,1.36
JP-Tak,137.423111,36.146167,2014,11,13,2.97,-2.13,-1.19,6.26,6.83,4.41
JP-Tak,137.423111,36.146167,2014,11,14,4.01,-2.21,-0.76,4.27,7.2,3.28
JP-Tak,137.423111,36.146167,2014,11,15,4.25,-2.28,-0.83,4.22,4.94,3.7
JP-Tak,137.423111,36.146167,2014,11,16,5.81,-2.74,-1.62,2.07,9.53,0.02
JP-Tak,137.423111,36.146167,2014,11,17,5.42,-1.24,0.26,2.33,6.01,2.85
JP-Tak,137.423111,36.146167,2014,11,18,3.56,-3.13,-1.61,4.1,6.67,1.61
JP-Tak,137.423111,36.146167,2014,11,19,5.36,-3.11,-2.52,2.85,10.06,0.06
JP-Tak,137.423111,36.146167,2014,11,20,5.7,-1.03,-0.13,1.09,7.33,0.12
JP-Tak,137.423111,36.146167,2014,11,21,9.71,-0.61,-2.34,1.07,12.47,0
JP-Tak,137.423111,36.146167,2014,11,22,11.5,0.08,-0.73,1.27,11.95,0.07
JP-Tak,137.423111,36.146167,2014,11,23,9.45,0.89,2.31,2.1,7.63,0.48
JP-Tak,137.423111,36.146167,2014,11,24,10.17,1.49,3.58,2.18,7.82,0.15
JP-Tak,137.423111,36.146167,2014,11,25,7.26,3.2,4.7,2.12,2.87,24.31
JP-Tak,137.423111,36.146167,2014,11,26,4.95,2.45,3.06,2.01,2.52,13.91
JP-Tak,137.423111,36.146167,2014,11,27,8.78,1.37,2.52,3.15,10.54,0.18
JP-Tak,137.423111,36.146167,2014,11,28,9.8,1.45,6.2,3.8,8.13,0.85
JP-Tak,137.423111,36.146167,2014,11,29,11.58,4.57,7.77,4.92,4.98,24.75
JP-Tak,137.423111,36.146167,2014,11,30,10.19,2.64,5.57,2.94,9.07,1.86
JP-Tak,137.423111,36.146167,2014,12,1,11.25,-1.71,5.45,5.66,2.16,20.15
JP-Tak,137.423111,36.146167,2014,12,2,-2.02,-4.49,-5.33,8.21,4.45,3.29
JP-Tak,137.423111,36.146167,2014,12,3,-0.9,-4.65,-4.59,6.63,4.63,2.17
JP-Tak,137.423111,36.146167,2014,12,4,-0.07,-4.29,-1.96,3.33,2.72,12.45
JP-Tak,137.423111,36.146167,2014,12,5,-2.33,-6.59,-5.43,4.36,3.49,10.06
JP-Tak,137.423111,36.146167,2014,12,6,-3.32,-7.6,-6.45,2.14,3.52,12.65
JP-Tak,137.423111,36.146167,2014,12,7,-3.31,-8.44,-7.09,2.85,5.49,2.96
JP-Tak,137.423111,36.146167,2014,12,8,-0.37,-9.22,-5.78,1.24,5.96,0.57
JP-Tak,137.423111,36.146167,2014,12,9,-0.37,-7.92,-4.63,3.69,5.4,2.32
JP-Tak,137.423111,36.146167,2014,12,10,2.76,-11.16,-6.2,2.49,6.41,0.05
JP-Tak,137.423111,36.146167,2014,12,11,3.61,-1.2,0.76,4.25,2.93,15.52
JP-Tak,137.423111,36.146167,2014,12,12,-0.87,-4.11,-3.67,3.66,4.09,2.92
JP-Tak,137.423111,36.146167,2014,12,13,-2.03,-6.6,-5.51,6.68,4.56,10.39
JP-Tak,137.423111,36.146167,2014,12,14,-3.43,-7.58,-6.44,3.2,4.57,9.18
JP-Tak,137.423111,36.146167,2014,12,15,-3.09,-7.71,-6.91,2.78,5.54,2.43
JP-Tak,137.423111,36.146167,2014,12,16,0.08,-7.49,-3.81,5.61,1.57,24.12
JP-Tak,137.423111,36.146167,2014,12,17,-4.43,-9.45,-8.26,9.51,1.87,18.88
JP-Tak,137.423111,36.146167,2014,12,18,-7.1,-10.87,-9.88,6.2,4.65,9.85
JP-Tak,137.423111,36.146167,2014,12,19,-1.59,-13.05,-9.49,2.05,8.55,0.38
JP-Tak,137.423111,36.146167,2014,12,20,0.75,-10.48,-3.4,3.43,3.08,16.76
JP-Tak,137.423111,36.146167,2014,12,21,-0.57,-5.2,-3.84,4.79,4.16,3.75
JP-Tak,137.423111,36.146167,2014,12,22,-3.43,-8.64,-6.36,6.01,3.47,6.82
JP-Tak,137.423111,36.146167,2014,12,23,-3.17,-9.41,-6.56,3.64,6.74,1.44
JP-Tak,137.423111,36.146167,2014,12,24,-1.04,-8.73,-4.2,3.2,3.37,2.65
JP-Tak,137.423111,36.146167,2014,12,25,-1.55,-9.23,-6.23,3.77,4.79,3.98
JP-Tak,137.423111,36.146167,2014,12,26,-4.63,-9.59,-8.25,5.14,5.29,2.43
JP-Tak,137.423111,36.146167,2014,12,27,-4.92,-12.57,-10.41,3.58,8.27,0.24
JP-Tak,137.423111,36.146167,2014,12,28,-0.63,-12.25,-7.97,1.7,8.44,3.99
JP-Tak,137.423111,36.146167,2014,12,29,0.91,-5.68,-2.28,1.84,3.95,13.03
JP-Tak,137.423111,36.146167,2014,12,30,-0.68,-5.66,-3.21,4.7,2.73,2.86
JP-Tak,137.423111,36.146167,2014,12,31,-0.48,-5.61,-3.76,4.32,5.68,4.07
JP-Tak,137.423111,36.146167,2015,1,1,-6.4,-10.86,-9.6,4.21,3.48,5.1
JP-Tak,137.423111,36.146167,2015,1,2,-5.57,-10.54,-8.75,3.71,6.78,4.4
JP-Tak,137.423111,36.146167,2015,1,3,-5.18,-10.57,-8.69,4.19,6.38,1.5
JP-Tak,137.423111,36.146167,2015,1,4,-2.13,-8.22,-5.14,2.68,3.82,1.45
JP-Tak,137.423111,36.146167,2015,1,5,0.55,-7.6,-5.27,2.53,9.33,0.22
JP-Tak,137.423111,36.146167,2015,1,6,2.44,-7.63,-2.04,6.48,1.47,12.59
JP-Tak,137.423111,36.146167,2015,1,7,-5.41,-8.99,-8.74,6.67,6.5,0.81
JP-Tak,137.423111,36.146167,2015,1,8,-4.12,-8.08,-7.52,6.16,5.97,1.09
JP-Tak,137.423111,36.146167,2015,1,9,-4.18,-8.5,-7.65,4.67,5.77,1.16
JP-Tak,137.423111,36.146167,2015,1,10,-3.77,-9.47,-7.13,3.73,6.63,2.32
JP-Tak,137.423111,36.146167,2015,1,11,-2.39,-7.38,-5.46,4.62,2.56,5.41
JP-Tak,137.423111,36.146167,2015,1,12,-4.8,-9.23,-8.59,5.02,6.14,1.38
JP-Tak,137.423111,36.146167,2015,1,13,-2.27,-11.15,-8.23,3.46,9.13,0.03
JP-Tak,137.423111,36.146167,2015,1,14,1.51,-10.07,-6.91,1.34,7.71,0.01
JP-Tak,137.423111,36.146167,2015,1,15,0.74,-3.15,-1.85,3.4,2.17,24.45
JP-Tak,137.423111,36.146167,2015,1,16,-0.18,-10.08,-6.61,2.64,6.9,0.04
JP-Tak,137.423111,36.146167,2015,1,17,-2.1,-10.16,-7.01,6.42,3.27,4.53
JP-Tak,137.423111,36.146167,2015,1,18,-3.99,-12.71,-9.48,3.69,10.24,0.35
JP-Tak,137.423111,36.146167,2015,1,19,-1.47,-12.9,-6.12,4.25,3.6,3.4
JP-Tak,137.423111,36.146167,2015,1,20,-4.37,-12.92,-9.19,3.78,6.46,0.25
JP-Tak,137.423111,36.146167,2015,1,21,0.25,-10.23,-4.59,1.82,7.05,0.03
JP-Tak,137.423111,36.146167,2015,1,22,1.23,-2.5,-0.75,1.9,1.94,20.63
JP-Tak,137.423111,36.146167,2015,1,23,-0.25,-10.69,-5.88,6.03,6.64,1.19
JP-Tak,137.423111,36.146167,2015,1,24,-1.42,-12.82,-7.95,2.51,11.71,0.35
JP-Tak,137.423111,36.146167,2015,1,25,0.77,-5.99,-4.22,2.24,8.7,0.29
JP-Tak,137.423111,36.146167,2015,1,26,1.41,-4.26,-1.35,2.01,7.33,14.41
JP-Tak,137.423111,36.146167,2015,1,27,1.21,-8.21,-1.83,2.49,4.26,7.61
JP-Tak,137.423111,36.146167,2015,1,28,-6.59,-13.17,-11.11,4.14,9.34,0.22
JP-Tak,137.423111,36.146167,2015,1,29,-2.45,-14.72,-10.13,1.96,11.28,0.05
JP-Tak,137.423111,36.146167,2015,1,30,0.26,-6.55,-3.21,1.58,3.36,11.06
JP-Tak,137.423111,36.146167,2015,1,31,-3.74,-10.1,-7.81,6.76,6.09,2.17
JP-Tak,137.423111,36.146167,2015,2,1,-6.53,-10.66,-10.23,6.32,6.54,0.53
JP-Tak,137.423111,36.146167,2015,2,2,-5.18,-10.21,-9.38,4.79,9.91,0.17
JP-Tak,137.423111,36.146167,2015,2,3,-3.04,-11.97,-9.56,2.95,8.3,0.11
JP-Tak,137.423111,36.146167,2015,2,4,-0.78,-13.57,-9.54,1.73,12.2,0.01
JP-Tak,137.423111,36.146167,2015,2,5,-0.62,-9.66,-6.74,1.81,12.73,1.25
JP-Tak,137.423111,36.146167,2015,2,6,-3.26,-10.78,-7.84,3.44,8.38,1.22
JP-Tak,137.423111,36.146167,2015,2,7,0.13,-12.72,-7.62,2.33,11.69,0
JP-Tak,137.423111,36.146167,2015,2,8,-0.5,-8.34,-5.07,4.44,3.49,5.05
JP-Tak,137.423111,36.146167,2015,2,9,-6.71,-12.08,-10.8,5.34,7.38,1.71
JP-Tak,137.423111,36.146167,2015,2,10,-4.38,-10.19,-8.03,5.55,8.44,3.41
JP-Tak,137.423111,36.146167,2015,2,11,-1.78,-7.84,-5.36,2.84,8.74,0.35
JP-Tak,137.423111,36.146167,2015,2,12,-0.68,-6.4,-4.3,3.27,8.04,1.32
JP-Tak,137.423111,36.146167,2015,2,13,-6.32,-11.06,-9.43,5.16,4.47,2.45
JP-Tak,137.423111,36.146167,2015,2,14,-4.58,-9.88,-7.54,5.59,8.64,2.79
JP-Tak,137.423111,36.146167,2015,2,15,-1.46,-14.94,-7.1,5.96,7.6,3.31
JP-Tak,137.423111,36.146167,2015,2,16,1.04,-15.28,-9.32,2.33,14.21,0
JP-Tak,137.423111,36.146167,2015,2,17,0.67,-4.55,-2.67,1.92,5.41,1.45
JP-Tak,137.423111,36.146167,2015,2,18,-0.56,-5.97,-3.93,3.1,7.17,2.05
JP-Tak,137.423111,36.146167,2015,2,19,-1.59,-6.43,-5.66,4.35,8.57,2.04
JP-Tak,137.423111,36.146167,2015,2,20,-1.73,-10.46,-7.41,3.43,10.41,0.63
JP-Tak,137.423111,36.146167,2015,2,21,1.14,-10.45,-4.07,2.25,14.75,0.12
JP-Tak,137.423111,36.146167,2015,2,22,3.41,-1.77,0.82,4.01,9.54,6.21
JP-Tak,137.423111,36.146167,2015,2,23,3.42,-7.04,-0.18,2.2,7.28,3.4
JP-Tak,137.423111,36.146167,2015,2,24,1.31,-7.63,-5.11,1.72,9.16,0
JP-Tak,137.423111,36.146167,2015,2,25,1.09,-8.04,-5.41,1.73,12.74,0.09
JP-Tak,137.423111,36.146167,2015,2,26,1.61,-4.87,-1.68,2.18,4.92,6.65
JP-Tak,137.423111,36.146167,2015,2,27,0.32,-7.53,-5.44,7.13,7.25,2.39
JP-Tak,137.423111,36.146167,2015,2,28,1.53,-9.68,-7.05,3.04,13.7,0.05
JP-Tak,137.423111,36.146167,2015,3,1,2.14,-3.75,-1.4,3.96,5.2,6.32
JP-Tak,137.423111,36.146167,2015,3,2,-1.1,-9.27,-6.17,5.47,11.39,0.49
JP-Tak,137.423111,36.146167,2015,3,3,1.07,-9.58,-6.53,2.9,7.32,2.52
JP-Tak,137.423111,36.146167,2015,3,4,1.92,-6.03,-2.26,5.95,9.87,10.2
JP-Tak,137.423111,36.146167,2015,3,5,-2.09,-6.56,-6.82,5,12.68,0.35
JP-Tak,137.423111,36.146167,2015,3,6,2.19,-7.09,-3.38,2.05,12.61,0.37
JP-Tak,137.423111,36.146167,2015,3,7,3.49,-1.6,-0.07,1.28,8.95,2.65
JP-Tak,137.423111,36.146167,2015,3,8,5.34,-0.37,0.43,2.25,8.67,0.58
JP-Tak,137.423111,36.146167,2015,3,9,4.32,-0.59,0.71,2.08,7.99,7.11
JP-Tak,137.423111,36.146167,2015,3,10,-0.86,-10.16,-6.57,7.9,5.21,7.74
JP-Tak,137.423111,36.146167,2015,3,11,-4.11,-8.82,-8.19,8.05,8.33,5.17
JP-Tak,137.423111,36.146167,2015,3,12,-2.42,-8.38,-6.61,6.42,9.16,2.97
JP-Tak,137.423111,36.146167,2015,3,13,-0.86,-8.68,-5.16,4.35,7.81,4.21
JP-Tak,137.423111,36.146167,2015,3,14,-0.53,-8.81,-6.2,2.5,12.57,0.23
JP-Tak,137.423111,36.146167,2015,3,15,3.07,-8.74,-4.05,2.46,17.91,0.39
JP-Tak,137.423111,36.146167,2015,3,16,7.36,-0.29,-2.24,1.04,14.77,0.7
JP-Tak,137.423111,36.146167,2015,3,17,10.08,0.32,-4.35,1.26,18.72,0
JP-Tak,137.423111,36.146167,2015,3,18,12.25,1.36,0.96,1.73,12.36,10.08
JP-Tak,137.423111,36.146167,2015,3,19,9.59,2.16,5.95,3.64,4.41,27.31
JP-Tak,137.423111,36.146167,2015,3,20,9.56,-0.74,1.5,2.06,13.2,0.05
JP-Tak,137.423111,36.146167,2015,3,21,7.74,-1.38,-2.04,1.89,18.58,0.01
JP-Tak,137.423111,36.146167,2015,3,22,7.59,-3.34,-0.21,2.42,19.7,0.6
JP-Tak,137.423111,36.146167,2015,3,23,-0.92,-6.81,-6.2,4.51,13.17,1.05
JP-Tak,137.423111,36.146167,2015,3,24,-1.12,-7.69,-6.95,5.38,10.35,2.58
JP-Tak,137.423111,36.146167,2015,3,25,-1.26,-7.82,-6.6,4.41,15.49,1.01
JP-Tak,137.423111,36.146167,2015,3,26,3.59,-9.25,-6.71,2.61,23.01,0
JP-Tak,137.423111,36.146167,2015,3,27,8.11,-4.91,-6.06,1.57,20.35,0
JP-Tak,137.423111,36.146167,2015,3,28,8.19,-0.56,-2.88,1.85,19.59,0
JP-Tak,137.423111,36.146167,2015,3,29,7.25,-0.89,2.47,2.43,7.19,1.66
JP-Tak,137.423111,36.146167,2015,3,30,13.41,-2.92,0.35,1.71,20.72,0
JP-Tak,137.423111,36.146167,2015,3,31,12.94,-0.25,3.5,2.53,21.97,0.02
JP-Tak,137.423111,36.146167,2015,4,1,10.91,1.45,7,3.37,6.12,7.5
JP-Tak,137.423111,36.146167,2015,4,2,13.39,-2.59,2.01,3.48,23.28,0.08
JP-Tak,137.423111,36.146167,2015,4,3,14.48,3.56,9.66,6.06,4.39,10.92
JP-Tak,137.423111,36.146167,2015,4,4,18.84,8.87,11.33,2.53,14.66,1.19
JP-Tak,137.423111,36.146167,2015,4,5,11.69,8.05,9.2,3.25,5.61,12.94
JP-Tak,137.423111,36.146167,2015,4,6,14.03,7.25,9.52,1.77,4.51,6.8
JP-Tak,137.423111,36.146167,2015,4,7,8.21,0.7,3.79,2.8,5.71,9.21
JP-Tak,137.423111,36.146167,2015,4,8,6.63,-1.88,-0.29,2.18,9.33,4.39
JP-Tak,137.423111,36.146167,2015,4,9,9.41,0.12,1.18,2.06,19.5,0.02
JP-Tak,137.423111,36.146167,2015,4,10,8.54,0.6,1.84,1.19,8.14,4.56
JP-Tak,137.423111,36.146167,2015,4,11,11.62,1.74,3.5,2.75,9.56,5.11
JP-Tak,137.423111,36.146167,2015,4,12,13.45,1.85,2.07,1.3,20.28,0
JP-Tak,137.423111,36.146167,2015,4,13,4.61,1.25,1.76,4.02,5.01,21.72
JP-Tak,137.423111,36.146167,2015,4,14,13.75,4.64,7.88,2.13,5.79,21.86
JP-Tak,137.423111,36.146167,2015,4,15,7.11,1.54,2.75,4.78,8.57,10.8
JP-Tak,137.423111,36.146167,2015,4,16,12.39,2.34,4.43,4.24,20.68,0.25
JP-Tak,137.423111,36.146167,2015,4,17,8.47,-3.04,1.3,3.52,11.33,1.82
JP-Tak,137.423111,36.146167,2015,4,18,11.12,-2.86,-1.72,3.28,22.67,0
JP-Tak,137.423111,36.146167,2015,4,19,12.35,1.46,5.95,2.07,7.53,4.1
JP-Tak,137.423111,36.146167,2015,4,20,15.9,6.37,10.94,7.25,7.48,29.95
JP-Tak,137.423111,36.146167,2015,4,21,15.44,5.38,5.85,3.46,15.78,3.16
JP-Tak,137.423111,36.146167,2015,4,22,14.83,6.64,7.12,1.97,19.24,0.05
JP-Tak,137.423111,36.146167,2015,4,23,15.77,6.03,4.86,1.8,25.14,0.05
JP-Tak,137.423111,36.146167,2015,4,24,14.9,4.39,6.67,3.47,22.6,0.01
JP-Tak,137.423111,36.146167,2015,4,25,13.08,2.09,0.94,2.51,25.03,0.01
JP-Tak,137.423111,36.146167,2015,4,26,15.34,1.99,4.68,2.49,26.51,0
JP-Tak,137.423111,36.146167,2015,4,27,18.7,3.41,5.82,1.98,25.13,0
JP-Tak,137.423111,36.146167,2015,4,28,19.41,8.48,7.41,1.43,20.21,0
JP-Tak,137.423111,36.146167,2015,4,29,18.85,8.8,8.83,0.89,23.32,0
JP-Tak,137.423111,36.146167,2015,4,30,18.7,6.82,7.7,1.58,24.76,0
JP-Tak,137.423111,36.146167,2015,5,1,20.22,5.98,8.23,1.32,26.33,0
JP-Tak,137.423111,36.146167,2015,5,2,21.26,9.18,7.82,1.3,26.89,0
JP-Tak,137.423111,36.146167,2015,5,3,19.09,8.48,8.75,1.59,22.37,0.04
JP-Tak,137.423111,36.146167,2015,5,4,17.33,7,10.89,4.22,10.17,5.52
JP-Tak,137.423111,36.146167,2015,5,5,17.73,3.79,4.23,2.81,25.53,0.12
JP-Tak,137.423111,36.146167,2015,5,6,17.91,5.28,7.35,2.22,22.89,0
JP-Tak,137.423111,36.146167,2015,5,7,17.06,7.44,7.07,1.21,20.08,0.09
JP-Tak,137.423111,36.146167,2015,5,8,18.03,7.34,7.94,1.6,24.37,0.31
JP-Tak,137.423111,36.146167,2015,5,9,12.69,5.87,7.94,1.76,8.6,0.12
JP-Tak,137.423111,36.146167,2015,5,10,13.61,-0.01,2.92,4.2,21.92,0
JP-Tak,137.423111,36.146167,2015,5,11,16.19,-0.9,3.12,3.24,25.31,0.01
JP-Tak,137.423111,36.146167,2015,5,12,13.6,5.7,9.49,5.87,10.55,26.94
JP-Tak,137.423111,36.146167,2015,5,13,15.84,3.64,6.59,5.85,24.45,1.13
JP-Tak,137.423111,36.146167,2015,5,14,18.6,6.03,6.42,3.21,25.54,0
JP-Tak,137.423111,36.146167,2015,5,15,20.97,9.38,13.32,2.84,15.76,0.5
JP-Tak,137.423111,36.146167,2015,5,16,17.93,8.79,11.79,2.5,11.87,12.28
JP-Tak,137.423111,36.146167,2015,5,17,17.29,3.78,3.52,2.45,28.56,0.02
JP-Tak,137.423111,36.146167,2015,5,18,18.35,6.63,7.08,2.68,18.29,8.56
JP-Tak,137.423111,36.146167,2015,5,19,19.14,9.26,12.25,3.99,15.03,17.65
JP-Tak,137.423111,36.146167,2015,5,20,20.38,7.02,8.16,2.8,25.15,0.74
JP-Tak,137.423111,36.146167,2015,5,21,13.11,3.18,3.88,4.14,25.7,1.24
JP-Tak,137.423111,36.146167,2015,5,22,16.45,5.06,4.12,2.31,26.9,0
JP-Tak,137.423111,36.146167,2015,5,23,17.39,7.31,6.32,1.45,21.68,0
JP-Tak,137.423111,36.146167,2015,5,24,19.17,9,9.38,1.44,24.14,0.01
JP-Tak,137.423111,36.146167,2015,5,25,20.14,8.63,10.45,1.4,18.51,0.75
JP-Tak,137.423111,36.146167,2015,5,26,20.65,10.15,9.89,2.21,27.2,0
JP-Tak,137.423111,36.146167,2015,5,27,23.15,8.2,6.68,1.76,27.59,0
JP-Tak,137.423111,36.146167,2015,5,28,21.44,11.58,9.76,1.41,20.81,0
JP-Tak,137.423111,36.146167,2015,5,29,21.29,11.25,10.93,2.25,25.04,0
JP-Tak,137.423111,36.146167,2015,5,30,23.59,10.86,12.37,1.84,23.52,0.13
JP-Tak,137.423111,36.146167,2015,5,31,20.17,11.79,10.69,2.97,20.57,0.09
JP-Tak,137.423111,36.146167,2015,6,1,22.13,13.5,13.39,1.89,25.5,0
JP-Tak,137.423111,36.146167,2015,6,2,20.14,10.39,12.41,1.96,18.8,0.03
JP-Tak,137.423111,36.146167,2015,6,3,19.56,7.87,13.38,2.65,8.64,17.81
JP-Tak,137.423111,36.146167,2015,6,4,15.5,4.97,6.06,4.68,23.96,0
JP-Tak,137.423111,36.146167,2015,6,5,15.37,4.62,5.29,2.68,8.59,24.19
JP-Tak,137.423111,36.146167,2015,6,6,17.09,6.64,8.36,3.4,14.31,15.01
JP-Tak,137.423111,36.146167,2015,6,7,19.11,8.65,10.55,2.1,23.72,0.02
JP-Tak,137.423111,36.146167,2015,6,8,16.33,8.5,9.73,2.9,18.55,4.9
JP-Tak,137.423111,36.146167,2015,6,9,18.43,10.63,13.27,3.23,9.75,15.38
JP-Tak,137.423111,36.146167,2015,6,10,22.57,9.26,11.13,1.72,26.19,0
JP-Tak,137.423111,36.146167,2015,6,11,20.58,11.7,12.27,1.78,22.22,3.18
JP-Tak,137.423111,36.146167,2015,6,12,23.34,11.97,15.04,2.57,11.78,7.75
JP-Tak,137.423111,36.146167,2015,6,13,21.99,9.75,11.65,1.96,20.89,0
JP-Tak,137.423111,36.146167,2015,6,14,22.46,12.79,12.8,1.24,18.41,0.07
JP-Tak,137.423111,36.146167,2015,6,15,22.87,12.7,14.04,1.85,19.91,1.32
JP-Tak,137.423111,36.146167,2015,6,16,19.54,13.78,14.38,1.75,12.84,1.26
JP-Tak,137.423111,36.146167,2015,6,17,20.98,12.84,14.08,1.63,14.62,3.7
JP-Tak,137.423111,36.146167,2015,6,18,19.23,11.49,12.66,2.24,15.85,2.83
JP-Tak,137.423111,36.146167,2015,6,19,16.69,10.83,11.82,2.03,8.37,6.41
JP-Tak,137.423111,36.146167,2015,6,20,21.33,11.62,13.3,1.16,15.54,8
JP-Tak,137.423111,36.146167,2015,6,21,17.33,13.05,13.39,1.06,8.64,12.06
JP-Tak,137.423111,36.146167,2015,6,22,20.83,11.41,13.26,1.39,19.44,3.6
JP-Tak,137.423111,36.146167,2015,6,23,21.57,13.04,13.83,1.12,18.54,5.94
JP-Tak,137.423111,36.146167,2015,6,24,22.33,11.88,13.84,1.35,22.59,0.68
JP-Tak,137.423111,36.146167,2015,6,25,23.1,14.22,14.45,1.07,21.82,0.39
JP-Tak,137.423111,36.146167,2015,6,26,18.65,13.99,13.68,3.48,6.42,27.29
JP-Tak,137.423111,36.146167,2015,6,27,19.92,12.1,14.56,5.52,9.43,4.95
JP-Tak,137.423111,36.146167,2015,6,28,17.1,9.61,10.91,5.65,17.17,0.9
JP-Tak,137.423111,36.146167,2015,6,29,21.32,8.68,12.51,2.3,22.75,0.41
JP-Tak,137.423111,36.146167,2015,6,30,19.78,11.4,12.12,2.05,13.37,3.08
JP-Tak,137.423111,36.146167,2015,7,1,21.6,11.59,14.82,5.03,7.71,36.14
JP-Tak,137.423111,36.146167,2015,7,2,22.13,10.62,13.46,1.91,23.13,0.09
JP-Tak,137.423111,36.146167,2015,7,3,22.69,14.82,15.95,1.84,17.79,13.95
JP-Tak,137.423111,36.146167,2015,7,4,20.02,14.03,14.99,2.04,8.17,5.81
JP-Tak,137.423111,36.146167,2015,7,5,20.52,12.74,13.4,1.17,16.22,3.57
JP-Tak,137.423111,36.146167,2015,7,6,19.84,13.76,15.02,1.56,8.91,5.46
JP-Tak,137.423111,36.146167,2015,7,7,19.2,13.93,14.85,1.32,9.71,2.52
JP-Tak,137.423111,36.146167,2015,7,8,20.56,14.78,16.46,2.01,8.68,8.12
JP-Tak,137.423111,36.146167,2015,7,9,24.43,15.94,17.3,1.55,8.62,17.12
JP-Tak,137.423111,36.146167,2015,7,10,25.99,15.67,16.51,1.34,25.36,0.93
JP-Tak,137.423111,36.146167,2015,7,11,26.04,15.55,14.8,1.34,30.42,0
JP-Tak,137.423111,36.146167,2015,7,12,26.44,16.21,18.69,1.73,27.5,0
JP-Tak,137.423111,36.146167,2015,7,13,24.77,17.47,18.54,5.01,21.68,0.01
JP-Tak,137.423111,36.146167,2015,7,14,24.55,16.93,18.18,4.22,26.05,0.17
JP-Tak,137.423111,36.146167,2015,7,15,26.46,15.37,16.44,1.46,26.43,0.51
JP-Tak,137.423111,36.146167,2015,7,16,24.87,16.59,18.63,3.41,13.08,32.16
JP-Tak,137.423111,36.146167,2015,7,17,21.36,18.26,17.78,6.93,8.29,11.63
JP-Tak,137.423111,36.146167,2015,7,18,20.79,17.22,17.84,5.78,7.92,12.55
JP-Tak,137.423111,36.146167,2015,7,19,25.2,16.9,18.92,2.73,15.96,0.33
JP-Tak,137.423111,36.146167,2015,7,20,26.07,16.94,18.03,2.24,25.34,0.02
JP-Tak,137.423111,36.146167,2015,7,21,25.71,15.62,17.57,2.71,27.48,0
JP-Tak,137.423111,36.146167,2015,7,22,23.56,14.14,17.54,4.44,16.78,6.54
JP-Tak,137.423111,36.146167,2015,7,23,21.93,18.34,18.61,3.34,7.94,21.89
JP-Tak,137.423111,36.146167,2015,7,24,24.65,17.37,18.32,2.35,17.93,0.47
JP-Tak,137.423111,36.146167,2015,7,25,26.66,16.83,18.02,2.36,23.96,0
JP-Tak,137.423111,36.146167,2015,7,26,27.86,16.94,17.92,1.95,27.53,0
JP-Tak,137.423111,36.146167,2015,7,27,26.96,16.73,18.64,1.93,21.27,0.49
JP-Tak,137.423111,36.146167,2015,7,28,26.63,18.64,19.58,2.06,15.79,5.27
JP-Tak,137.423111,36.146167,2015,7,29,26.76,18.19,19.26,1.47,19.63,1.95
JP-Tak,137.423111,36.146167,2015,7,30,26.4,18.16,19.34,1.85,15.11,1.92
JP-Tak,137.423111,36.146167,2015,7,31,28.93,17.17,18.21,1.22,24.66,0.07
JP-Tak,137.423111,36.146167,2015,8,1,29.05,17.42,17.99,1.33,27.26,1.56
JP-Tak,137.423111,36.146167,2015,8,2,28.37,18.66,18.78,1.19,25.38,2.22
JP-Tak,137.423111,36.146167,2015,8,3,27.31,18.65,18.74,1.21,21.7,0.58
JP-Tak,137.423111,36.146167,2015,8,4,29.99,18.08,18.63,0.97,24.78,0.2
JP-Tak,137.423111,36.146167,2015,8,5,28.25,18.47,19,0.92,21.19,0.96
JP-Tak,137.423111,36.146167,2015,8,6,27.02,19.2,19.46,0.66,20.24,0.99
JP-Tak,137.423111,36.146167,2015,8,7,26.53,19.52,18.54,1.5,23.15,0.25
JP-Tak,137.423111,36.146167,2015,8,8,25.62,18.23,17.74,1.12,26.12,0
JP-Tak,137.423111,36.146167,2015,8,9,27.89,17.69,17.95,1.16,26.26,0.06
JP-Tak,137.423111,36.146167,2015,8,10,25.91,17.32,17.97,0.89,21.75,1.31
JP-Tak,137.423111,36.146167,2015,8,11,27,17.39,17.72,1.39,14.2,0.04
JP-Tak,137.423111,36.146167,2015,8,12,25.61,17.21,15.96,1.73,13.23,0.31
JP-Tak,137.423111,36.146167,2015,8,13,25.54,16.33,18.75,3.26,10.13,8.63
JP-Tak,137.423111,36.146167,2015,8,14,25.32,17.66,18.14,1.83,13.57,7.1
JP-Tak,137.423111,36.146167,2015,8,15,25.03,15.52,16.03,1.48,23.44,0.12
JP-Tak,137.423111,36.146167,2015,8,16,25.33,15.88,16.29,1.64,21.67,3.73
JP-Tak,137.423111,36.146167,2015,8,17,21.94,17.34,19.04,3.94,8.45,57.47
JP-Tak,137.423111,36.146167,2015,8,18,24.64,16.56,17.37,2.28,17.86,0.6
JP-Tak,137.423111,36.146167,2015,8,19,25.33,15.58,16.23,1.4,16.5,0.11
JP-Tak,137.423111,36.146167,2015,8,20,23.03,16.86,16.92,1.25,10.04,6.76
JP-Tak,137.423111,36.146167,2015,8,21,22.85,16.57,17.66,2.05,7.72,4.18
JP-Tak,137.423111,36.146167,2015,8,22,25.91,17.39,18.75,2.75,11.39,1.65
JP-Tak,137.423111,36.146167,2015,8,23,25.91,16.78,18.29,1.77,13.51,0.45
JP-Tak,137.423111,36.146167,2015,8,24,25.34,17.27,17.82,1.21,17.99,1.07
JP-Tak,137.423111,36.146167,2015,8,25,22.24,14.87,15.63,5.18,10.93,2.4
JP-Tak,137.423111,36.146167,2015,8,26,23.53,14.86,16.82,4.29,10.81,21.75
JP-Tak,137.423111,36.146167,2015,8,27,24.45,15.29,16.63,1.13,18.42,4.6
JP-Tak,137.423111,36.146167,2015,8,28,24.1,16.23,16.99,1.28,16.96,11.88
JP-Tak,137.423111,36.146167,2015,8,29,22.24,16.59,16.82,1.38,10.11,25
JP-Tak,137.423111,36.146167,2015,8,30,20.07,15.47,17.06,2.92,4.61,33.95
JP-Tak,137.423111,36.146167,2015,8,31,20.1,16.12,16.36,1.96,9.48,7.71
JP-Tak,137.423111,36.146167,2015,9,1,20.89,15.38,17.18,2.92,9.62,20.89
JP-Tak,137.423111,36.146167,2015,9,2,23.09,16.04,17.45,3.24,15.8,7.79
JP-Tak,137.423111,36.146167,2015,9,3,19.55,15.09,15.88,1.88,10.94,13.66
JP-Tak,137.423111,36.146167,2015,9,4,21.27,12.63,14.37,2.41,15.39,2.77
JP-Tak,137.423111,36.146167,2015,9,5,22.37,11.36,12.26,1.62,17.07,0.06
JP-Tak,137.423111,36.146167,2015,9,6,17.89,12.81,14.03,2.81,4.39,30.14
JP-Tak,137.423111,36.146167,2015,9,7,21.02,16.48,17.37,1.63,6.95,12.81
JP-Tak,137.423111,36.146167,2015,9,8,20.48,14.13,15.76,2.2,6.24,30.26
JP-Tak,137.423111,36.146167,2015,9,9,23.52,14.18,16.39,5.73,11.79,29.87
JP-Tak,137.423111,36.146167,2015,9,10,21.9,13.35,14.81,2.19,10.45,9.64
JP-Tak,137.423111,36.146167,2015,9,11,19.79,9.36,12.02,3.01,14.09,0.97
JP-Tak,137.423111,36.146167,2015,9,12,20.92,9.48,10.02,1.87,19.69,0
JP-Tak,137.423111,36.146167,2015,9,13,19.52,10.96,12.8,2.67,9.02,0.63
JP-Tak,137.423111,36.146167,2015,9,14,21.35,9.49,10.96,1.27,18.66,0
JP-Tak,137.423111,36.146167,2015,9,15,21.06,12.38,12.78,1.23,19.57,0.14
JP-Tak,137.423111,36.146167,2015,9,16,20.23,12.77,12.83,0.81,12.31,0.74
JP-Tak,137.423111,36.146167,2015,9,17,15.29,11.98,12.57,2.41,5.97,21.15
JP-Tak,137.423111,36.146167,2015,9,18,19.26,11.73,14.12,2.22,10.76,16.83
JP-Tak,137.423111,36.146167,2015,9,19,19.55,10.2,12,2.9,15.82,1.32
JP-Tak,137.423111,36.146167,2015,9,20,21.73,11.48,12.57,1.45,16.93,0
JP-Tak,137.423111,36.146167,2015,9,21,19.68,13.17,13.36,1.65,14.62,0
JP-Tak,137.423111,36.146167,2015,9,22,22.14,11.93,12.39,0.88,21.95,0
JP-Tak,137.423111,36.146167,2015,9,23,21.35,12.86,13.36,1.09,17.88,0.01
JP-Tak,137.423111,36.146167,2015,9,24,16.6,11.08,11.24,2.01,5.2,8.3
JP-Tak,137.423111,36.146167,2015,9,25,17.01,11.81,12.82,1.92,6.7,37.31
JP-Tak,137.423111,36.146167,2015,9,26,22.03,12.29,14.03,1.23,13,0.74
JP-Tak,137.423111,36.146167,2015,9,27,21.1,12.6,13.64,1.6,11.78,0.3
JP-Tak,137.423111,36.146167,2015,9,28,19.85,8.81,10.38,2.1,19.47,0
JP-Tak,137.423111,36.146167,2015,9,29,17.02,7.12,7.36,3.44,18.89,0
JP-Tak,137.423111,36.146167,2015,9,30,16.58,4.26,6.69,2.62,17.79,0.01
JP-Tak,137.423111,36.146167,2015,10,1,17.63,6.88,12.16,6.06,6.4,12.8
JP-Tak,137.423111,36.146167,2015,10,2,18.36,6.34,10.85,4.69,16.09,23.15
JP-Tak,137.423111,36.146167,2015,10,3,16.8,5.25,5.93,2.19,18.43,0.01
JP-Tak,137.423111,36.146167,2015,10,4,16.92,6.39,8.14,2.44,14.21,0.61
JP-Tak,137.423111,36.146167,2015,10,5,16.01,7.35,9.01,1.62,15.08,0
JP-Tak,137.423111,36.146167,2015,10,6,15.92,7.36,8.56,1.62,15.92,0.07
JP-Tak,137.423111,36.146167,2015,10,7,14.82,5.08,5.23,3.85,18.52,0
JP-Tak,137.423111,36.146167,2015,10,8,12.29,5.14,5.47,5.53,15.24,0.03
JP-Tak,137.423111,36.146167,2015,10,9,15.14,6.03,7.22,2.73,16.34,0.15
JP-Tak,137.423111,36.146167,2015,10,10,13.9,7.29,8.43,1.68,11.07,0.73
JP-Tak,137.423111,36.146167,2015,10,11,12.66,4.92,9.28,3.68,4.86,13.52
JP-Tak,137.423111,36.146167,2015,10,12,12.41,2.51,5.22,2.54,9.63,0.73
JP-Tak,137.423111,36.146167,2015,10,13,11.79,3.35,5.51,3.58,10.24,0.8
JP-Tak,137.423111,36.146167,2015,10,14,14.25,3.33,3.63,2.49,17.28,0.27
JP-Tak,137.423111,36.146167,2015,10,15,16.55,2.97,3.85,1.26,18.24,0
JP-Tak,137.423111,36.146167,2015,10,16,17.15,5.1,6.87,1.36,17.58,0
JP-Tak,137.423111,36.146167,2015,10,17,17.26,5.46,9.38,1.46,14.83,0.02
JP-Tak,137.423111,36.146167,2015,10,18,19.09,8.65,9.68,1.43,17.66,0
JP-Tak,137.423111,36.146167,2015,10,19,17.96,5.41,8.57,2.37,15.25,0
JP-Tak,137.423111,36.146167,2015,10,20,17.18,8.14,8.9,2.02,13.56,0
JP-Tak,137.423111,36.146167,2015,10,21,17.61,7.1,9.4,2.34,16.92,0
JP-Tak,137.423111,36.146167,2015,10,22,17.17,7.18,8.89,1.98,9.44,0.01
JP-Tak,137.423111,36.146167,2015,10,23,15.96,8.52,9.29,1.92,12.37,0.05
JP-Tak,137.423111,36.146167,2015,10,24,15.63,6.69,8.78,3.57,13.08,1.77
JP-Tak,137.423111,36.146167,2015,10,25,7.9,-1.07,-0.32,5.66,15.43,0.01
JP-Tak,137.423111,36.146167,2015,10,26,13.9,-1.46,3.25,2.19,16.95,0
JP-Tak,137.423111,36.146167,2015,10,27,13.24,6.07,7.78,5.43,13.63,1.49
JP-Tak,137.423111,36.146167,2015,10,28,11.9,4.09,7.06,3.6,7.66,7.7
JP-Tak,137.423111,36.146167,2015,10,29,12.06,1.89,3.92,2.61,8.83,0.11
JP-Tak,137.423111,36.146167,2015,10,30,9.08,1.97,3.26,3.47,6.36,0.58
JP-Tak,137.423111,36.146167,2015,10,31,8.58,-0.96,0.27,2.2,10.28,0.27
JP-Tak,137.423111,36.146167,2015,11,1,10.94,-2.29,1.23,1.75,13.73,0
JP-Tak,137.423111,36.146167,2015,11,2,8.25,2.23,4.07,1.43,4.13,17.3
JP-Tak,137.423111,36.146167,2015,11,3,10.08,1.95,3.84,3.03,10.8,0.86
JP-Tak,137.423111,36.146167,2015,11,4,14.18,1.81,4.91,1.2,15.18,0
JP-Tak,137.423111,36.146167,2015,11,5,15.46,2.1,2.35,1.13,14.82,0
JP-Tak,137.423111,36.146167,2015,11,6,15.91,4.26,4.64,1.77,13.12,0
JP-Tak,137.423111,36.146167,2015,11,7,12.95,5.36,7.44,1.91,7.51,0.01
JP-Tak,137.423111,36.146167,2015,11,8,11.71,7.06,9.32,2.7,2.6,20.29
JP-Tak,137.423111,36.146167,2015,11,9,13.72,9.87,11.63,2.19,3.44,12.07
JP-Tak,137.423111,36.146167,2015,11,10,13.94,3.92,7.06,2.79,6.4,4.15
JP-Tak,137.423111,36.146167,2015,11,11,10.79,3.77,4.13,1.57,8.75,0.03
JP-Tak,137.423111,36.146167,2015,11,12,11.43,4.22,4,0.78,12.48,0
JP-Tak,137.423111,36.146167,2015,11,13,9.42,2.57,4.09,1.68,7.43,0.57
JP-Tak,137.423111,36.146167,2015,11,14,10.46,5.44,7.32,4.63,3.41,19.55
JP-Tak,137.423111,36.146167,2015,11,15,13.65,6.09,8.9,3.17,5.13,13.86
JP-Tak,137.423111,36.146167,2015,11,16,14.06,3.47,7.58,3.14,11.16,0.09
JP-Tak,137.423111,36.146167,2015,11,17,12.47,6.53,9.29,1.8,3.42,10.29
JP-Tak,137.423111,36.146167,2015,11,18,13.25,5.98,9.71,2,3.3,30.8
JP-Tak,137.423111,36.146167,2015,11,19,12.68,4.09,5.76,2.32,6.6,1.06
JP-Tak,137.423111,36.146167,2015,11,20,9.25,3.67,6.52,1.94,4.25,0.63
JP-Tak,137.423111,36.146167,2015,11,21,11.64,3.25,4.38,2.38,6.49,0.1
JP-Tak,137.423111,36.146167,2015,11,22,11.15,5.56,6.92,1.98,5.25,0.01
JP-Tak,137.423111,36.146167,2015,11,23,11.72,5.88,7.35,1.54,9.26,0.11
JP-Tak,137.423111,36.146167,2015,11,24,11.34,-1.21,4.54,3.66,4.96,0.98
JP-Tak,137.423111,36.146167,2015,11,25,6.65,-1.57,2.4,1.64,2.37,11.57
JP-Tak,137.423111,36.146167,2015,11,26,4.36,-2.33,1.22,3,4.88,10.33
JP-Tak,137.423111,36.146167,2015,11,27,-0.06,-3.5,-2.52,5.71,2.44,5.05
JP-Tak,137.423111,36.146167,2015,11,28,2.5,-1.31,-0.74,3.33,5.66,2.75
JP-Tak,137.423111,36.146167,2015,11,29,3.06,-3.05,-1.7,2.04,7.11,0.56
JP-Tak,137.423111,36.146167,2015,11,30,5.43,-2.48,-0.73,1.98,8.34,0.49
JP-Tak,137.423111,36.146167,2015,12,1,5.39,-2.05,-1.2,2.36,7.14,0.52
JP-Tak,137.423111,36.146167,2015,12,2,8.99,-0.94,2.62,3.14,10.43,0.02
JP-Tak,137.423111,36.146167,2015,12,3,7.4,-1.85,2.12,4.71,3.93,9.23
JP-Tak,137.423111,36.146167,2015,12,4,-0.47,-3.66,-2.97,8.37,3.48,6.58
JP-Tak,137.423111,36.146167,2015,12,5,1.98,-1.4,-0.86,5.53,5.5,2.38
JP-Tak,137.423111,36.146167,2015,12,6,1.97,-3.5,-3.08,2.56,6.45,0.12
JP-Tak,137.423111,36.146167,2015,12,7,6.35,-4.49,-3.31,1.69,11.05,0
JP-Tak,137.423111,36.146167,2015,12,8,6.29,-3.94,-2.38,2,10.76,0
JP-Tak,137.423111,36.146167,2015,12,9,6.91,-3.33,-1.84,1.67,11.17,0
JP-Tak,137.423111,36.146167,2015,12,10,5.81,-2.05,2.17,2.49,3.82,4.09
JP-Tak,137.423111,36.146167,2015,12,11,14.19,1.85,7.21,6.84,2.19,46.47
JP-Tak,137.423111,36.146167,2015,12,12,8.79,-0.48,2.02,2.29,10.02,0.1
JP-Tak,137.423111,36.146167,2015,12,13,6.53,2.24,3.18,1.37,5.49,0.62
JP-Tak,137.423111,36.146167,2015,12,14,8.95,0.23,2.83,1.98,6.74,0.06
JP-Tak,137.423111,36.146167,2015,12,15,9.82,3.19,5.62,2.84,5.39,2.99
JP-Tak,137.423111,36.146167,2015,12,16,6.55,-1.41,2.37,3.46,3.69,2.2
JP-Tak,137.423111,36.146167,2015,12,17,0.83,-5.17,-3.7,3.32,4.69,4.78
JP-Tak,137.423111,36.146167,2015,12,18,0.8,-5.71,-5.7,3.19,7.13,0.24
JP-Tak,137.423111,36.146167,2015,12,19,-0.54,-8.31,-5.41,3.76,6.17,0.93
JP-Tak,137.423111,36.146167,2015,12,20,4.63,-8.21,-3.36,2.13,10.47,0
JP-Tak,137.423111,36.146167,2015,12,21,2.49,-1.49,-0.02,2.48,2.57,4.89
JP-Tak,137.423111,36.146167,2015,12,22,3.09,-3.38,-1.93,3.19,6.58,0.45
JP-Tak,137.423111,36.146167,2015,12,23,4.4,-2.38,0.9,1.98,3.73,9.15
JP-Tak,137.423111,36.146167,2015,12,24,8.18,0.15,2.13,1.5,6.04,1.53
JP-Tak,137.423111,36.146167,2015,12,25,2.26,-4.49,-1.51,3.28,6.07,1.51
JP-Tak,137.423111,36.146167,2015,12,26,0.94,-4.92,-3.42,4.28,5.38,1.58
JP-Tak,137.423111,36.146167,2015,12,27,-0.94,-8.53,-6.5,4.66,5.04,2.11
JP-Tak,137.423111,36.146167,2015,12,28,-1.4,-8.75,-6.87,3.32,6.8,0.68
JP-Tak,137.423111,36.146167,2015,12,29,-2.31,-6.32,-6.04,3.74,6.19,1.35
JP-Tak,137.423111,36.146167,2015,12,30,0.64,-6.25,-5.12,1.84,8.34,0.45
JP-Tak,137.423111,36.146167,2015,12,31,0.56,-6.16,-4.5,2.09,6.47,1.28
JP-Tak,137.423111,36.146167,2016,1,1,-0.58,-7.5,-6.3,2.93,10.08,0.51
JP-Tak,137.423111,36.146167,2016,1,2,1.38,-7.26,-2.27,3.2,5.63,0.04
JP-Tak,137.423111,36.146167,2016,1,3,4.05,-1.39,0.19,1.97,8.91,0
JP-Tak,137.423111,36.146167,2016,1,4,5.19,-2.51,-0.03,2.98,7.03,0.16
JP-Tak,137.423111,36.146167,2016,1,5,3.37,-2.24,-1.11,3.47,5.68,0.51
JP-Tak,137.423111,36.146167,2016,1,6,2.05,-3.1,-2.14,2.08,6.85,0.19
JP-Tak,137.423111,36.146167,2016,1,7,0.29,-5.19,-3.75,3.32,4.46,2.76
JP-Tak,137.423111,36.146167,2016,1,8,-0.53,-4.97,-3.8,3.23,5.38,1.86
JP-Tak,137.423111,36.146167,2016,1,9,0.41,-5.98,-4.9,2.22,7.89,1.33
JP-Tak,137.423111,36.146167,2016,1,10,0.39,-4.45,-3.77,4.23,6.38,1.24
JP-Tak,137.423111,36.146167,2016,1,11,-0.07,-5.88,-5.09,2.25,5.78,1.12
JP-Tak,137.423111,36.146167,2016,1,12,0.06,-10,-6.77,2.58,5.67,0.39
JP-Tak,137.423111,36.146167,2016,1,13,-1.26,-10.31,-7.27,2.76,7.88,1.33
JP-Tak,137.423111,36.146167,2016,1,14,-1.43,-6.23,-5.4,3.85,5.13,2.95
JP-Tak,137.423111,36.146167,2016,1,15,-1.5,-8.38,-7.2,2.7,7.56,1.41
JP-Tak,137.423111,36.146167,2016,1,16,-1.07,-9.41,-6.84,2.44,7.32,0.97
JP-Tak,137.423111,36.146167,2016,1,17,-0.04,-9.88,-7.6,1.76,5.88,0.89
JP-Tak,137.423111,36.146167,2016,1,18,0.3,-4.85,-3.28,6.13,2.66,19.32
JP-Tak,137.423111,36.146167,2016,1,19,-4.3,-10.04,-9.68,7.96,4.52,2.26
JP-Tak,137.423111,36.146167,2016,1,20,-3.3,-9.66,-6.96,6.61,4.02,3.95
JP-Tak,137.423111,36.146167,2016,1,21,-3.93,-9.96,-8.16,3.4,7.03,0.75
JP-Tak,137.423111,36.146167,2016,1,22,-4.64,-12.04,-10.05,2.86,7.37,0.32
JP-Tak,137.423111,36.146167,2016,1,23,-2.12,-11.89,-8.3,2.66,5.38,2.25
JP-Tak,137.423111,36.146167,2016,1,24,-7.31,-14.67,-12.21,6.01,3.74,3.43
JP-Tak,137.423111,36.146167,2016,1,25,-6.73,-15.02,-11.01,3.54,6.95,2.99
JP-Tak,137.423111,36.146167,2016,1,26,-2.2,-10.63,-8.79,2.15,11.52,0.07
JP-Tak,137.423111,36.146167,2016,1,27,-1.18,-9.14,-5.49,3.43,8.81,0.05
JP-Tak,137.423111,36.146167,2016,1,28,0.65,-7.28,-5.15,1.8,8.24,0.27
JP-Tak,137.423111,36.146167,2016,1,29,1.15,-4.11,-0.72,1.25,2.18,38.95
JP-Tak,137.423111,36.146167,2016,1,30,0.49,-5.07,-1.55,2.12,6.35,6.93
JP-Tak,137.423111,36.146167,2016,1,31,-0.52,-9.76,-6.41,2.22,10.09,0.38
JP-Tak,137.423111,36.146167,2016,2,1,-1.3,-8.94,-5.65,1.92,5.55,1.09
JP-Tak,137.423111,36.146167,2016,2,2,-3.43,-11.88,-9.87,2.9,7.7,0.24
JP-Tak,137.423111,36.146167,2016,2,3,-2.37,-13.11,-10.21,2.26,10.77,0.1
JP-Tak,137.423111,36.146167,2016,2,4,-1.81,-14.16,-7.98,2.68,10.11,0.41
JP-Tak,137.423111,36.146167,2016,2,5,-0.77,-6.82,-5.42,2.44,10.62,0.57
JP-Tak,137.423111,36.146167,2016,2,6,-1.29,-9.91,-6.17,3.01,8.22,1.62
JP-Tak,137.423111,36.146167,2016,2,7,-4.73,-13.76,-11.12,2.93,10.22,0.18
JP-Tak,137.423111,36.146167,2016,2,8,-2.04,-13.69,-10.38,2.44,14.55,0.16
JP-Tak,137.423111,36.146167,2016,2,9,-1.78,-7.87,-5.87,5.26,2.49,7.37
JP-Tak,137.423111,36.146167,2016,2,10,-4.61,-11.54,-8.6,5.8,8.36,1.16
JP-Tak,137.423111,36.146167,2016,2,11,1.43,-13.31,-7.88,2.03,13.15,0
JP-Tak,137.423111,36.146167,2016,2,12,1.85,-7,-1.52,2.51,11.51,0.13
JP-Tak,137.423111,36.146167,2016,2,13,6,1.52,3.48,3.51,4.77,7.11
JP-Tak,137.423111,36.146167,2016,2,14,8.93,0.5,5.31,6.31,4.42,35.29
JP-Tak,137.423111,36.146167,2016,2,15,0.04,-9.19,-6.6,4.43,6.63,2.58
JP-Tak,137.423111,36.146167,2016,2,16,-3.29,-9.15,-8.26,4.05,9.54,1.92
JP-Tak,137.423111,36.146167,2016,2,17,-2.42,-9.83,-7.25,3.93,7.47,2.7
JP-Tak,137.423111,36.146167,2016,2,18,0.71,-11.38,-8.73,2.11,15.08,0
JP-Tak,137.423111,36.146167,2016,2,19,2.6,-9.59,-4.17,3.02,11.72,0.02
JP-Tak,137.423111,36.146167,2016,2,20,2.57,-1.49,-2.39,2.28,3.49,26.66
JP-Tak,137.423111,36.146167,2016,2,21,0.9,-6.45,-3.97,6.22,9.26,1.42
JP-Tak,137.423111,36.146167,2016,2,22,2.29,-7.27,-5.09,2.67,10.1,0.16
JP-Tak,137.423111,36.146167,2016,2,23,3.11,-3.27,-2.34,2.86,7.63,0.44
JP-Tak,137.423111,36.146167,2016,2,24,-2.47,-10.74,-8.37,4.38,10.38,0.37
JP-Tak,137.423111,36.146167,2016,2,25,-3.13,-11.97,-10.65,3.13,13.48,0.81
JP-Tak,137.423111,36.146167,2016,2,26,-2.32,-9.08,-7.28,4.28,7.46,1.58
JP-Tak,137.423111,36.146167,2016,2,27,0.97,-8.1,-4.58,3.73,10.63,0.23
JP-Tak,137.423111,36.146167,2016,2,28,4.46,-5.99,-4.4,2.53,15.25,0.01
JP-Tak,137.423111,36.146167,2016,2,29,2.41,-7.2,-2.2,5.41,3.93,6.52
JP-Tak,137.423111,36.146167,2016,3,1,-5.51,-10.04,-10.39,6.31,10.52,1.29
JP-Tak,137.423111,36.146167,2016,3,2,-1.24,-9.32,-7.29,3.36,10.45,0.37
JP-Tak,137.423111,36.146167,2016,3,3,2.94,-9.03,-3.98,3.21,8.77,0.02
JP-Tak,137.423111,36.146167,2016,3,4,7.26,-3.9,-3.44,1.42,16.8,0
JP-Tak,137.423111,36.146167,2016,3,5,8.48,-1.57,1.78,2.08,10.48,0
JP-Tak,137.423111,36.146167,2016,3,6,10.08,-0.48,5.16,5.28,12.06,1.32
JP-Tak,137.423111,36.146167,2016,3,7,11.46,5.41,7.11,1.6,8.36,2.42
JP-Tak,137.423111,36.146167,2016,3,8,10.9,2.12,5.46,2.89,12.61,0.05
JP-Tak,137.423111,36.146167,2016,3,9,3.92,-3.32,0.29,1.78,4.05,22.78
JP-Tak,137.423111,36.146167,2016,3,10,3.91,-6.26,-3.82,2.69,9.64,1.29
JP-Tak,137.423111,36.146167,2016,3,11,2.27,-7.16,-5.49,2.63,14.07,1.09
JP-Tak,137.423111,36.146167,2016,3,12,3.03,-7.19,-6.11,1.79,14.56,0.38
JP-Tak,137.423111,36.146167,2016,3,13,2.65,-4.42,-4.6,1.7,11.55,1.09
JP-Tak,137.423111,36.146167,2016,3,14,1.27,-5.2,-2.05,2.59,6,16.13
JP-Tak,137.423111,36.146167,2016,3,15,-0.85,-8.51,-6.61,4.96,12.78,0.51
JP-Tak,137.423111,36.146167,2016,3,16,3.29,-7.34,-3.37,2.09,16.69,0
JP-Tak,137.423111,36.146167,2016,3,17,10.98,-2.91,-2.69,1.47,21.26,0
JP-Tak,137.423111,36.146167,2016,3,18,8.33,-0.55,1.97,3.98,14.45,4.48
JP-Tak,137.423111,36.146167,2016,3,19,10.11,0.84,5.48,3.83,8.05,16.18
JP-Tak,137.423111,36.146167,2016,3,20,6.69,-2.58,-1.29,4.29,10.58,0.13
JP-Tak,137.423111,36.146167,2016,3,21,5.02,-4.54,-4.27,3.52,18.29,0.07
JP-Tak,137.423111,36.146167,2016,3,22,7.54,-3.95,-2.85,3.13,22.03,0.02
JP-Tak,137.423111,36.146167,2016,3,23,5.89,-1.28,-1.08,2.68,10.62,0.25
JP-Tak,137.423111,36.146167,2016,3,24,1.84,-5.31,-4.62,4.25,14.87,0.63
JP-Tak,137.423111,36.146167,2016,3,25,1.84,-5.66,-6.27,3.8,15.71,0.47
JP-Tak,137.423111,36.146167,2016,3,26,5.92,-5.86,-4.39,1.87,22.12,0.02
JP-Tak,137.423111,36.146167,2016,3,27,6.1,-2.56,-2.07,2.38,21.76,0.01
JP-Tak,137.423111,36.146167,2016,3,28,7.34,-1.49,-1.32,1.01,18.07,0.35
JP-Tak,137.423111,36.146167,2016,3,29,9.55,-2.27,-1.42,2.27,19.98,0.01
JP-Tak,137.423111,36.146167,2016,3,30,9.05,-0.66,1.66,3.41,12.13,0.1
JP-Tak,137.423111,36.146167,2016,3,31,11.91,-2.57,-1.47,2.02,21.57,0
JP-Tak,137.423111,36.146167,2016,4,1,10.83,1.5,2.22,2.01,19.06,0.21
JP-Tak,137.423111,36.146167,2016,4,2,14.72,0.71,4.55,2.01,20.57,0.01
JP-Tak,137.423111,36.146167,2016,4,3,12.03,4.68,6.66,3.31,11.77,0.94
JP-Tak,137.423111,36.146167,2016,4,4,12.17,4.09,7.91,3.07,7.29,23.31
JP-Tak,137.423111,36.146167,2016,4,5,11.84,0.34,1.31,2.53,17.89,0
JP-Tak,137.423111,36.146167,2016,4,6,12.8,-1,0.33,2.23,20.83,0
JP-Tak,137.423111,36.146167,2016,4,7,14.42,2.13,6.72,6.02,4.65,45.34
JP-Tak,137.423111,36.146167,2016,4,8,11,1.93,3.68,3,12.34,0.09
JP-Tak,137.423111,36.146167,2016,4,9,13.62,1.8,0.38,2.75,22.71,0
JP-Tak,137.423111,36.146167,2016,4,10,12.64,2.78,3.16,1.75,14.37,0.02
JP-Tak,137.423111,36.146167,2016,4,11,3.64,-4.74,-3.25,5.24,14.79,1.39
JP-Tak,137.423111,36.146167,2016,4,12,9.09,-5.27,-1.39,2.91,23.27,0.01
JP-Tak,137.423111,36.146167,2016,4,13,10.48,1.73,5.28,4.35,12.6,12.54
JP-Tak,137.423111,36.146167,2016,4,14,16.17,4.54,8.51,3.03,19.08,11.93
JP-Tak,137.423111,36.146167,2016,4,15,8.52,0.37,-1.4,5.13,25.39,0
JP-Tak,137.423111,36.146167,2016,4,16,15.06,2,-0.61,2.81,21.09,0.07
JP-Tak,137.423111,36.146167,2016,4,17,15.91,3.51,7.96,9.72,14.18,9.93
JP-Tak,137.423111,36.146167,2016,4,18,12.08,1.25,2.04,3.22,9.23,0
JP-Tak,137.423111,36.146167,2016,4,19,10.24,-1.3,-1.15,3.51,20.61,0
JP-Tak,137.423111,36.146167,2016,4,20,12.46,-2.12,1.71,3.08,24.75,0.01
JP-Tak,137.423111,36.146167,2016,4,21,10.18,3.49,5.75,4.15,8.49,25.6
JP-Tak,137.423111,36.146167,2016,4,22,16.98,7.4,8.78,2.68,15.63,2.1
JP-Tak,137.423111,36.146167,2016,4,23,16.88,4.75,8.08,2.42,20.08,0.67
JP-Tak,137.423111,36.146167,2016,4,24,15.29,4.15,4.33,1.72,16.7,0.79
JP-Tak,137.423111,36.146167,2016,4,25,16.62,6.01,7.17,1.42,21.39,0
JP-Tak,137.423111,36.146167,2016,4,26,19.89,5.91,7.73,1.36,25.25,0
JP-Tak,137.423111,36.146167,2016,4,27,15.8,7.63,8.74,1.75,17.81,5.7
JP-Tak,137.423111,36.146167,2016,4,28,14.28,4.49,7.65,3.66,5.55,29.53
JP-Tak,137.423111,36.146167,2016,4,29,7.14,-0.59,0.88,6.82,16.49,0.48
JP-Tak,137.423111,36.146167,2016,4,30,12.69,-0.81,2.44,4.05,16.16,0.04
JP-Tak,137.423111,36.146167,2016,5,1,15.14,4.72,5.14,4.07,12.01,0.06
JP-Tak,137.423111,36.146167,2016,5,2,19.27,6.45,4.88,2.28,22.99,0
JP-Tak,137.423111,36.146167,2016,5,3,15.85,5.64,7.1,7.14,18.37,2.07
JP-Tak,137.423111,36.146167,2016,5,4,14.16,6.83,6.94,7.81,24.85,12.15
JP-Tak,137.423111,36.146167,2016,5,5,12.72,3.63,3.44,5.4,22.46,0.09
JP-Tak,137.423111,36.146167,2016,5,6,14.3,4.21,2.95,4.1,12.76,3.09
JP-Tak,137.423111,36.146167,2016,5,7,15.14,3.69,7.84,4.57,12.52,0.82
JP-Tak,137.423111,36.146167,2016,5,8,17.92,0.88,3.81,2.23,27.99,0
JP-Tak,137.423111,36.146167,2016,5,9,13.26,6.19,8.63,2.02,13.45,6.49
JP-Tak,137.423111,36.146167,2016,5,10,19.23,8.85,12.95,3.17,9.09,12.85
JP-Tak,137.423111,36.146167,2016,5,11,16.63,6.23,11.85,5.89,6.77,21.87
JP-Tak,137.423111,36.146167,2016,5,12,20.9,5.39,7.26,2.29,28.84,0
JP-Tak,137.423111,36.146167,2016,5,13,20.29,6.22,8.64,1.87,27.61,0
JP-Tak,137.423111,36.146167,2016,5,14,20.07,7.81,10.85,1.75,20.78,0
JP-Tak,137.423111,36.146167,2016,5,15,19.75,9.15,10.85,2.26,23.65,0
JP-Tak,137.423111,36.146167,2016,5,16,17.12,6.17,10.32,4.64,20.49,5.95
JP-Tak,137.423111,36.146167,2016,5,17,18,6,9.7,2.03,15.94,24.14
JP-Tak,137.423111,36.146167,2016,5,18,19.83,4.61,4.09,2.21,30.5,0
JP-Tak,137.423111,36.146167,2016,5,19,20.95,9.16,7.54,1.35,24.78,0
JP-Tak,137.423111,36.146167,2016,5,20,20.96,10.25,8.99,1.03,25.28,0
JP-Tak,137.423111,36.146167,2016,5,21,20.19,7.78,7.77,2.35,27.16,0
JP-Tak,137.423111,36.146167,2016,5,22,21.83,6.65,7.6,1.7,29.84,0
JP-Tak,137.423111,36.146167,2016,5,23,22.45,11.31,8.87,1.43,27.88,0
JP-Tak,137.423111,36.146167,2016,5,24,21.22,11.13,9.23,2.93,23.84,0
JP-Tak,137.423111,36.146167,2016,5,25,17.29,10.22,10.6,3.72,8.86,0.09
JP-Tak,137.423111,36.146167,2016,5,26,22.98,10.32,14.21,2.87,17.93,0.43
JP-Tak,137.423111,36.146167,2016,5,27,20.85,13.23,12.62,2.48,18.94,4.87
JP-Tak,137.423111,36.146167,2016,5,28,19.76,12.05,12.04,1.65,15.33,0.04
JP-Tak,137.423111,36.146167,2016,5,29,21.3,9.72,12.03,2.26,25.12,3.58
JP-Tak,137.423111,36.146167,2016,5,30,18.83,10.53,12.33,1.6,11.1,13.12
JP-Tak,137.423111,36.146167,2016,5,31,20.84,10.02,11.83,3.11,23.98,0.09
JP-Tak,137.423111,36.146167,2016,6,1,15.9,5.27,6.33,4.35,24.59,0.02
JP-Tak,137.423111,36.146167,2016,6,2,14.53,3.88,3.46,4.6,27.26,0
JP-Tak,137.423111,36.146167,2016,6,3,16.97,4.15,6.02,2.38,30.63,0
JP-Tak,137.423111,36.146167,2016,6,4,15.87,7.27,9.65,2.6,19.19,0.75
JP-Tak,137.423111,36.146167,2016,6,5,19.68,8.95,9.73,1.8,20.01,2.2
JP-Tak,137.423111,36.146167,2016,6,6,19.95,8.35,10.9,2.18,22.95,0.06
JP-Tak,137.423111,36.146167,2016,6,7,17.66,11.34,12.04,1.88,11.81,0.52
JP-Tak,137.423111,36.146167,2016,6,8,21.46,10.82,13.4,1.61,21.61,1.01
JP-Tak,137.423111,36.146167,2016,6,9,18.95,13.09,14.46,1.54,7.74,6.74
JP-Tak,137.423111,36.146167,2016,6,10,23.55,10.57,12.72,1.97,24.9,0.2
JP-Tak,137.423111,36.146167,2016,6,11,22.53,11.8,13.04,1.88,23.93,1.2
JP-Tak,137.423111,36.146167,2016,6,12,22.87,11.52,12.99,1.8,18.12,5.58
JP-Tak,137.423111,36.146167,2016,6,13,15.81,12.77,13.5,2.62,8.91,26.82
JP-Tak,137.423111,36.146167,2016,6,14,22.91,12.29,14.35,1.46,15.44,1.9
JP-Tak,137.423111,36.146167,2016,6,15,21.31,12.38,14.19,2.62,21.14,1.57
JP-Tak,137.423111,36.146167,2016,6,16,20.16,12.87,13.83,2.76,9.5,9.16
JP-Tak,137.423111,36.146167,2016,6,17,21.44,11.24,13.95,3.11,18.67,1.21
JP-Tak,137.423111,36.146167,2016,6,18,24.63,8.92,12.06,1.57,27.87,0
JP-Tak,137.423111,36.146167,2016,6,19,21.38,13.09,12.67,2.62,13.26,4.66
JP-Tak,137.423111,36.146167,2016,6,20,21.97,12.95,13.85,2.52,21.29,0.76
JP-Tak,137.423111,36.146167,2016,6,21,22.18,13.46,14.68,1.71,19.3,8.52
JP-Tak,137.423111,36.146167,2016,6,22,22.53,14.18,15.93,1.98,16.93,3.25
JP-Tak,137.423111,36.146167,2016,6,23,22.94,13.34,16,2.52,10.34,25.88
JP-Tak,137.423111,36.146167,2016,6,24,19.61,13.45,14.83,3.12,11.55,7.4
JP-Tak,137.423111,36.146167,2016,6,25,20.64,12.52,15.19,5.44,9.41,21.07
JP-Tak,137.423111,36.146167,2016,6,26,19.33,11.36,11.89,3.3,17.27,2.26
JP-Tak,137.423111,36.146167,2016,6,27,22.23,10.72,11.93,1.81,26.3,1.42
JP-Tak,137.423111,36.146167,2016,6,28,21.4,11.88,14.67,2.46,10.77,22.18
JP-Tak,137.423111,36.146167,2016,6,29,21.21,14.28,15.53,1.77,16.37,5
JP-Tak,137.423111,36.146167,2016,6,30,22.41,15.55,16.73,1.91,14.26,1.36
JP-Tak,137.423111,36.146167,2016,7,1,24.83,14.84,16.78,1.78,25.93,0.38
JP-Tak,137.423111,36.146167,2016,7,2,24.07,15.79,17.91,3.79,17.98,0.1
JP-Tak,137.423111,36.146167,2016,7,3,23.66,16.99,18.75,4.18,10.22,4.39
JP-Tak,137.423111,36.146167,2016,7,4,24.27,16.1,17.55,3.09,8.6,11.57
JP-Tak,137.423111,36.146167,2016,7,5,24.81,15.3,17.38,1.75,17.16,1.8
JP-Tak,137.423111,36.146167,2016,7,6,23.83,16.92,18.18,3.45,16.39,0.48
JP-Tak,137.423111,36.146167,2016,7,7,25.1,16.4,18.01,2.89,17.74,0.29
JP-Tak,137.423111,36.146167,2016,7,8,21.7,16.51,16.14,1.66,12.01,5.03
JP-Tak,137.423111,36.146167,2016,7,9,19.7,15.61,16.6,2.52,9.43,23.41
JP-Tak,137.423111,36.146167,2016,7,10,25.9,13.76,15.84,1.51,25.48,0.13
JP-Tak,137.423111,36.146167,2016,7,11,25.44,13.91,14.48,1.94,26.86,0
JP-Tak,137.423111,36.146167,2016,7,12,24.78,14.64,16.46,1.95,24.06,0.69
JP-Tak,137.423111,36.146167,2016,7,13,24.52,18.65,19.74,3.16,10.22,21.05
JP-Tak,137.423111,36.146167,2016,7,14,24.11,16.41,17.39,2.78,16,2.71
JP-Tak,137.423111,36.146167,2016,7,15,23.2,15.79,16.53,2.04,14.61,7.23
JP-Tak,137.423111,36.146167,2016,7,16,23.16,15.17,16.57,2.07,19.26,0.37
JP-Tak,137.423111,36.146167,2016,7,17,25.17,15.85,18.87,2.57,10.06,1.39
JP-Tak,137.423111,36.146167,2016,7,18,25.79,15.72,16.6,1.86,20.6,0.04
JP-Tak,137.423111,36.146167,2016,7,19,25.56,14.59,15.8,1.89,27.54,0
JP-Tak,137.423111,36.146167,2016,7,20,25.51,13.7,15.32,1.47,21.74,0.15
JP-Tak,137.423111,36.146167,2016,7,21,24.71,15.46,16.18,1.29,18.03,1.98
JP-Tak,137.423111,36.146167,2016,7,22,24.64,16.32,16.49,1.14,20.47,1.56
JP-Tak,137.423111,36.146167,2016,7,23,24.31,14.81,16.33,1.51,19.9,0.46
JP-Tak,137.423111,36.146167,2016,7,24,24.44,15.24,16.35,1.35,22.11,0.09
JP-Tak,137.423111,36.146167,2016,7,25,20.75,15.81,16.58,1.3,13.83,3.96
JP-Tak,137.423111,36.146167,2016,7,26,18.79,14.51,15.65,2.18,3.13,24.78
JP-Tak,137.423111,36.146167,2016,7,27,25.19,14.68,17.71,1.39,17.03,9.3
JP-Tak,137.423111,36.146167,2016,7,28,25.54,16.64,18.37,1.17,19.12,2.51
JP-Tak,137.423111,36.146167,2016,7,29,24.51,17.07,18.02,1.1,20.08,0.04
JP-Tak,137.423111,36.146167,2016,7,30,22.77,17.45,17.97,1.03,18.73,0.38
JP-Tak,137.423111,36.146167,2016,7,31,26.06,17.25,17.37,1.42,20.89,2.59
JP-Tak,137.423111,36.146167,2016,8,1,26.3,17.6,18.26,1.22,20.05,8.38
JP-Tak,137.423111,36.146167,2016,8,2,22.94,18.37,18.86,0.93,15.63,20.53
JP-Tak,137.423111,36.146167,2016,8,3,23.66,17.67,18.07,0.35,16.77,4.7
JP-Tak,137.423111,36.146167,2016,8,4,26.42,17.72,18.85,0.97,21.91,8.68
JP-Tak,137.423111,36.146167,2016,8,5,26.14,18.09,19.36,0.95,24.78,1.9
JP-Tak,137.423111,36.146167,2016,8,6,27.58,18.6,19.36,1.27,25.39,1.09
JP-Tak,137.423111,36.146167,2016,8,7,27.2,18.68,18.86,1.23,24.59,0.03
JP-Tak,137.423111,36.146167,2016,8,8,27.1,17.7,18.73,2.76,24.03,0.11
JP-Tak,137.423111,36.146167,2016,8,9,25.19,15.82,17.48,3.4,17.08,0.88
JP-Tak,137.423111,36.146167,2016,8,10,25.82,14.65,14.9,1.24,22.05,0
JP-Tak,137.423111,36.146167,2016,8,11,26.8,16.71,14.96,1.23,23.44,0
JP-Tak,137.423111,36.146167,2016,8,12,26.56,15.82,17.53,1.3,24.3,0
JP-Tak,137.423111,36.146167,2016,8,13,26.42,16.49,18.15,1.3,21.59,0
JP-Tak,137.423111,36.146167,2016,8,14,25.94,16.96,18.52,1.72,20.62,0.69
JP-Tak,137.423111,36.146167,2016,8,15,24.29,17.6,18.69,1.56,7.76,5.82
JP-Tak,137.423111,36.146167,2016,8,16,25.81,18.24,18.74,1.23,18.33,2.4
JP-Tak,137.423111,36.146167,2016,8,17,26.43,16.68,18.63,2.15,14.48,1.1
JP-Tak,137.423111,36.146167,2016,8,18,24.9,18.82,19.79,1.21,12.2,4.13
JP-Tak,137.423111,36.146167,2016,8,19,27.64,18.04,19.42,0.88,16.38,1.77
JP-Tak,137.423111,36.146167,2016,8,20,27.15,17.04,19.34,1.63,19.64,4.94
JP-Tak,137.423111,36.146167,2016,8,21,27.51,19.1,20.02,1.45,19.68,1.13
JP-Tak,137.423111,36.146167,2016,8,22,26.33,17.69,19.15,3.09,14.17,6.61
JP-Tak,137.423111,36.146167,2016,8,23,26.11,16.65,18.16,1.56,19.91,2.98
JP-Tak,137.423111,36.146167,2016,8,24,24.53,17.81,18.36,1.96,16.63,2.2
JP-Tak,137.423111,36.146167,2016,8,25,26.3,17.67,18.64,1.78,21.54,0.89
JP-Tak,137.423111,36.146167,2016,8,26,24.22,17.07,18.15,2.14,14.83,6.35
JP-Tak,137.423111,36.146167,2016,8,27,23.11,17.21,17.73,1.31,9.24,17.86
JP-Tak,137.423111,36.146167,2016,8,28,23.24,16.77,17.64,1.94,14.69,2.13
JP-Tak,137.423111,36.146167,2016,8,29,25.51,16.68,18.23,2.7,17.25,4.6
JP-Tak,137.423111,36.146167,2016,8,30,19.18,13.34,15.39,3.61,7.33,34.51
JP-Tak,137.423111,36.146167,2016,8,31,21.58,12.75,13.25,4.73,24.32,0
JP-Tak,137.423111,36.146167,2016,9,1,23.87,12.36,12.42,1.05,21.41,0
JP-Tak,137.423111,36.146167,2016,9,2,24.97,13.94,15,1.68,19.54,0
JP-Tak,137.423111,36.146167,2016,9,3,25.96,13.87,16.48,1.74,19.85,0.34
JP-Tak,137.423111,36.146167,2016,9,4,26.06,16.57,18.18,1.95,17.66,2.46
JP-Tak,137.423111,36.146167,2016,9,5,23.98,16.43,17.83,2.41,13.7,3.46
JP-Tak,137.423111,36.146167,2016,9,6,24.36,16.79,18.57,2.46,14.34,2.95
JP-Tak,137.423111,36.146167,2016,9,7,25.51,17.87,18.92,1.36,14.32,9.39
JP-Tak,137.423111,36.146167,2016,9,8,24.88,14.84,18.8,3.76,5.67,20.66
JP-Tak,137.423111,36.146167,2016,9,9,22.6,13.05,14.21,2.75,15.68,0.42
JP-Tak,137.423111,36.146167,2016,9,10,23.7,11.46,14.23,1.72,19.55,0
JP-Tak,137.423111,36.146167,2016,9,11,22.54,15.14,15.32,1.33,12.66,0.01
JP-Tak,137.423111,36.146167,2016,9,12,23.34,15.85,16.41,1.59,11.82,2.11
JP-Tak,137.423111,36.146167,2016,9,13,23.84,16.55,18.37,1.99,9.61,39.33
JP-Tak,137.423111,36.146167,2016,9,14,24.78,16.82,17.08,1.17,13.97,2.73
JP-Tak,137.423111,36.146167,2016,9,15,22.9,13.98,13.84,0.81,13.9,0.3
JP-Tak,137.423111,36.146167,2016,9,16,21.6,12.65,13.66,1.48,11.99,0.21
JP-Tak,137.423111,36.146167,2016,9,17,20.65,14.12,15.31,1.35,8.88,2.72
JP-Tak,137.423111,36.146167,2016,9,18,20.27,15.96,17.6,3.61,4.16,40.04
JP-Tak,137.423111,36.146167,2016,9,19,19.59,15.4,16.36,1.2,5.88,26.8
JP-Tak,137.423111,36.146167,2016,9,20,15.93,12.47,13.3,4.88,3.03,80.29
JP-Tak,137.423111,36.146167,2016,9,21,20.32,11.26,13.86,1.77,9.51,1.4
JP-Tak,137.423111,36.146167,2016,9,22,21.96,13.26,15.71,2.04,6.15,27.41
JP-Tak,137.423111,36.146167,2016,9,23,20.83,14.35,16.05,1.47,4.98,11.07
JP-Tak,137.423111,36.146167,2016,9,24,20.37,12.11,14.92,1.81,9.54,2.15
JP-Tak,137.423111,36.146167,2016,9,25,22.01,11.95,15.42,1.69,15.71,0.28
JP-Tak,137.423111,36.146167,2016,9,26,21.91,15.37,16.54,1.41,6.57,1.77
JP-Tak,137.423111,36.146167,2016,9,27,23.44,13.47,16.21,1.85,17.35,0.04
JP-Tak,137.423111,36.146167,2016,9,28,20.81,16.57,18.27,2.25,3.13,27.37
JP-Tak,137.423111,36.146167,2016,9,29,20.29,11.25,15.34,3.14,6.01,15.74
JP-Tak,137.423111,36.146167,2016,9,30,20.18,9.57,13.72,2.44,15.48,1.55
JP-Tak,137.423111,36.146167,2016,10,1,20.73,14.61,16,1.39,10.81,14.71
JP-Tak,137.423111,36.146167,2016,10,2,23.24,15.17,17.19,1.88,14.91,1.68
JP-Tak,137.423111,36.146167,2016,10,3,19.65,15.65,16.37,2.28,5.71,4.63
JP-Tak,137.423111,36.146167,2016,10,4,20.09,13.83,13.9,2.58,13.54,0
JP-Tak,137.423111,36.146167,2016,10,5,19.63,14.2,15.17,5.45,8.18,4.4
JP-Tak,137.423111,36.146167,2016,10,6,18.53,8.82,11.72,4.72,11.94,1.01
JP-Tak,137.423111,36.146167,2016,10,7,19.29,5.2,9.63,2.39,18.9,0.04
JP-Tak,137.423111,36.146167,2016,10,8,18.35,11.74,15.32,4.25,4.15,5.13
JP-Tak,137.423111,36.146167,2016,10,9,17.28,4.92,10.91,4.49,7.93,24.38
JP-Tak,137.423111,36.146167,2016,10,10,16.71,5.15,8.09,1.62,9.3,0
JP-Tak,137.423111,36.146167,2016,10,11,15.54,7.51,8.18,1.31,12.16,0
JP-Tak,137.423111,36.146167,2016,10,12,14.58,6.17,5.74,2.2,12.35,0.37
JP-Tak,137.423111,36.146167,2016,10,13,14.3,5.95,6.43,1.75,12.86,0
JP-Tak,137.423111,36.146167,2016,10,14,15.65,5.02,3.89,1.49,17.7,0
JP-Tak,137.423111,36.146167,2016,10,15,16.69,5.06,4.97,0.9,18.53,0
JP-Tak,137.423111,36.146167,2016,10,16,17.15,4.65,6.76,1.83,17.54,0.01
JP-Tak,137.423111,36.146167,2016,10,17,18.44,8.82,11.82,1.9,8.38,29.71
JP-Tak,137.423111,36.146167,2016,10,18,19.22,9.9,12.5,1.85,10.33,0.72
JP-Tak,137.423111,36.146167,2016,10,19,18.8,11.18,12.5,2.05,14.45,0.51
JP-Tak,137.423111,36.146167,2016,10,20,16.94,5.64,9.57,3.07,14.57,0
JP-Tak,137.423111,36.146167,2016,10,21,16.27,3.68,6.52,1.67,12.23,0
JP-Tak,137.423111,36.146167,2016,10,22,14.23,7.39,9.19,1.64,9.05,0
JP-Tak,137.423111,36.146167,2016,10,23,14.66,5.72,7.29,3.26,6.53,0.03
JP-Tak,137.423111,36.146167,2016,10,24,13.24,3.11,2.77,2.29,16.41,0.06
JP-Tak,137.423111,36.146167,2016,10,25,11.34,4.23,7.54,4.01,5.4,5.34
JP-Tak,137.423111,36.146167,2016,10,26,17.94,9.98,11.88,2.79,12.78,4.33
JP-Tak,137.423111,36.146167,2016,10,27,12.56,4.51,3.71,3.37,14.04,0.29
JP-Tak,137.423111,36.146167,2016,10,28,13.73,5.1,9.4,2.37,3.97,24.64
JP-Tak,137.423111,36.146167,2016,10,29,9.9,2.87,5.16,4.41,5.05,1.87
JP-Tak,137.423111,36.146167,2016,10,30,11.52,2.04,3.59,1.91,12.33,0.04
JP-Tak,137.423111,36.146167,2016,10,31,9.69,1.73,2.3,1.53,10.57,0.02
JP-Tak,137.423111,36.146167,2016,11,1,8.75,-0.11,2.68,2.98,6.79,4.44
JP-Tak,137.423111,36.146167,2016,11,2,9.87,-0.51,3.12,2.42,12.87,0.28
JP-Tak,137.423111,36.146167,2016,11,3,5.88,0.95,1.51,4.55,8.23,2.37
JP-Tak,137.423111,36.146167,2016,11,4,9.07,-0.11,0.84,2.51,13.29,0.48
JP-Tak,137.423111,36.146167,2016,11,5,12.08,0.06,1.81,2,13.91,0.03
JP-Tak,137.423111,36.146167,2016,11,6,9.08,1.25,3.23,3.78,6.3,0.13
JP-Tak,137.423111,36.146167,2016,11,7,12.71,2.51,5.14,1.39,14.01,0.05
JP-Tak,137.423111,36.146167,2016,11,8,7.9,0.8,5,3.32,7.1,6.01
JP-Tak,137.423111,36.146167,2016,11,9,0.31,-3.78,-4.07,6.26,7.58,0.7
JP-Tak,137.423111,36.146167,2016,11,10,7.3,-3.96,-0.86,2.75,8.83,2.19
JP-Tak,137.423111,36.146167,2016,11,11,9.37,1.44,3.66,2.13,7.92,11.72
JP-Tak,137.423111,36.146167,2016,11,12,11.09,1.72,2.51,2.07,12.29,0.05
JP-Tak,137.423111,36.146167,2016,11,13,13.23,2.94,5.18,1.84,12.65,0.01
JP-Tak,137.423111,36.146167,2016,11,14,13.79,3.88,5.65,2.16,5.2,11.61
JP-Tak,137.423111,36.146167,2016,11,15,11.53,-0.14,6.84,3.42,5.26,7
JP-Tak,137.423111,36.146167,2016,11,16,8.82,-3.19,-1.36,2.82,9.5,0
JP-Tak,137.423111,36.146167,2016,11,17,7.92,-2.62,0.14,2.46,4.95,0.54
JP-Tak,137.423111,36.146167,2016,11,18,9.75,-2.46,2.46,2.5,13.08,0.01
JP-Tak,137.423111,36.146167,2016,11,19,12.44,4.22,7.88,2.83,2.47,16.21
JP-Tak,137.423111,36.146167,2016,11,20,13.25,4.09,7.46,2.74,5.9,0.2
JP-Tak,137.423111,36.146167,2016,11,21,12.96,3.78,5.49,1.98,8.96,0.68
JP-Tak,137.423111,36.146167,2016,11,22,13.02,4.94,6.81,2.36,7.41,0.93
JP-Tak,137.423111,36.146167,2016,11,23,4.33,-1.75,-0.81,3.92,6.09,2.01
JP-Tak,137.423111,36.146167,2016,11,24,3.69,-2.88,-1.33,1.91,5.62,8.48
JP-Tak,137.423111,36.146167,2016,11,25,3.66,-3.04,-1.28,2.29,5.83,0.95
JP-Tak,137.423111,36.146167,2016,11,26,6.14,-2.24,-0.87,1.93,10.89,1.6
JP-Tak,137.423111,36.146167,2016,11,27,7.46,2.49,4.38,0.96,2.05,23.26
JP-Tak,137.423111,36.146167,2016,11,28,2.93,-3.07,-0.95,5.17,6.04,1.34
JP-Tak,137.423111,36.146167,2016,11,29,2.46,-3.85,-3.05,4.1,6.6,0.16
JP-Tak,137.423111,36.146167,2016,11,30,5.27,-4.72,-0.36,2.44,6.8,0.05
JP-Tak,137.423111,36.146167,2016,12,1,6.92,0.42,4.16,3.83,3.96,2.79
JP-Tak,137.423111,36.146167,2016,12,2,4.8,-4.01,-2.97,3.83,10.52,0.08
JP-Tak,137.423111,36.146167,2016,12,3,9.82,-1.77,-0.74,1.44,11.35,0
JP-Tak,137.423111,36.146167,2016,12,4,7.46,-1.76,1,1.84,7.58,3.32
JP-Tak,137.423111,36.146167,2016,12,5,7.98,1.95,2.5,2.75,7.93,1.55
JP-Tak,137.423111,36.146167,2016,12,6,3.01,-4.78,-1.48,5.42,5.28,2.92
JP-Tak,137.423111,36.146167,2016,12,7,2.48,-5.1,-3.82,2.98,7.22,1.12
JP-Tak,137.423111,36.146167,2016,12,8,3.44,-3.44,-4.04,2.32,9.41,1.49
JP-Tak,137.423111,36.146167,2016,12,9,2.32,-3.44,-0.82,4.33,3.74,2.61
JP-Tak,137.423111,36.146167,2016,12,10,-1.26,-6.79,-5.65,4.33,5.26,1.15
JP-Tak,137.423111,36.146167,2016,12,11,-2,-7.19,-6.97,4.04,4.88,0.99
JP-Tak,137.423111,36.146167,2016,12,12,3.24,-8.44,-7.81,1.81,9.04,0
JP-Tak,137.423111,36.146167,2016,12,13,2.8,-3.44,-0.21,1.84,2.91,20.83
JP-Tak,137.423111,36.146167,2016,12,14,0.6,-7.15,-3.75,5.72,4.19,17.66
JP-Tak,137.423111,36.146167,2016,12,15,-3.55,-8.99,-8.66,3.47,7.59,0.6
JP-Tak,137.423111,36.146167,2016,12,16,-4.68,-8.56,-8.32,4.09,5.32,2.66
JP-Tak,137.423111,36.146167,2016,12,17,-0.04,-6.9,-3.59,3.85,4.29,1.28
JP-Tak,137.423111,36.146167,2016,12,18,2.46,-5.27,-2.3,1.99,8.31,0
JP-Tak,137.423111,36.146167,2016,12,19,4.46,-2.21,-0.15,1.25,8.72,0.02
JP-Tak,137.423111,36.146167,2016,12,20,5.59,-0.34,1.46,1.47,4.19,0.04
JP-Tak,137.423111,36.146167,2016,12,21,8.45,-2.08,0.02,1.92,10.2,0.01
JP-Tak,137.423111,36.146167,2016,12,22,11.12,-1.5,5.69,5.74,2.39,24.71
JP-Tak,137.423111,36.146167,2016,12,23,5.59,-3.27,0.19,4.96,4.9,10.37
JP-Tak,137.423111,36.146167,2016,12,24,-0.54,-5.75,-5.18,3.2,6.18,0.82
JP-Tak,137.423111,36.146167,2016,12,25,2.11,-4.76,-4.81,2.11,8.92,0.05
JP-Tak,137.423111,36.146167,2016,12,26,4.4,-3.61,-0.73,2.57,4.82,0.73
JP-Tak,137.423111,36.146167,2016,12,27,6.89,-4.75,0.82,5.3,3.14,25.81
JP-Tak,137.423111,36.146167,2016,12,28,-3.24,-7.88,-8.28,4.8,7.87,0.68
JP-Tak,137.423111,36.146167,2016,12,29,-0.17,-6.66,-5.31,3.2,6.29,1.47
JP-Tak,137.423111,36.146167,2016,12,30,-3.06,-9.32,-8,4.17,7.36,0.35
JP-Tak,137.423111,36.146167,2016,12,31,1.68,-9.37,-4.44,2.17,6.73,0.19
JP-Tak,137.423111,36.146167,2017,1,1,1.98,-3.46,-2.66,2.46,7.81,0.64
JP-Tak,137.423111,36.146167,2017,1,2,3.05,-3.47,-2.24,2.27,7.43,0.21
JP-Tak,137.423111,36.146167,2017,1,3,1.66,-4.83,-2.65,2.91,6.18,1.45
JP-Tak,137.423111,36.146167,2017,1,4,2.22,-5.65,-3.2,4.97,4.28,0.81
JP-Tak,137.423111,36.146167,2017,1,5,-2.7,-8.12,-7.52,6.08,7.46,0.16
JP-Tak,137.423111,36.146167,2017,1,6,0.53,-9.13,-7.86,2.24,7.95,0.01
JP-Tak,137.423111,36.146167,2017,1,7,3.7,-7.56,-7.47,1.02,11.22,0
JP-Tak,137.423111,36.146167,2017,1,8,0.42,-2.98,-5.23,2.39,3.98,13.49
JP-Tak,137.423111,36.146167,2017,1,9,1.47,-4.72,-2.9,3.06,6.21,4.36
JP-Tak,137.423111,36.146167,2017,1,10,0.61,-6.19,-3.81,4.54,7.64,1.05
JP-Tak,137.423111,36.146167,2017,1,11,-1.87,-6.44,-5.98,4.91,5.38,1.92
JP-Tak,137.423111,36.146167,2017,1,12,-2.46,-6.3,-5.41,6.16,5.29,3.06
JP-Tak,137.423111,36.146167,2017,1,13,-2.77,-7.09,-5.74,6.12,3.96,5.85
JP-Tak,137.423111,36.146167,2017,1,14,-6.77,-12.96,-10.02,5.45,2.51,7.71
JP-Tak,137.423111,36.146167,2017,1,15,-7.76,-12.39,-10.49,5.6,4.14,8.65
JP-Tak,137.423111,36.146167,2017,1,16,-5.05,-9.57,-7.96,5.28,2.95,7.77
JP-Tak,137.423111,36.146167,2017,1,17,-2.62,-11.46,-7.18,3.76,6.68,2.92
JP-Tak,137.423111,36.146167,2017,1,18,-0.59,-14.23,-9.22,1.96,10.73,0.12
JP-Tak,137.423111,36.146167,2017,1,19,-2.82,-12.23,-7.43,3.08,7.32,0.14
JP-Tak,137.423111,36.146167,2017,1,20,-0.46,-10.41,-5.83,3.3,5.23,2.21
JP-Tak,137.423111,36.146167,2017,1,21,-3.83,-11.12,-7.47,4.56,6.26,4.18
JP-Tak,137.423111,36.146167,2017,1,22,-2.65,-13.85,-8.08,4.48,6.09,2.87
JP-Tak,137.423111,36.146167,2017,1,23,-7.59,-11.52,-10.69,5.05,5.32,1.66
JP-Tak,137.423111,36.146167,2017,1,24,-7,-11.73,-11.01,4.32,6.08,1.93
JP-Tak,137.423111,36.146167,2017,1,25,-5.78,-14.37,-10.8,3.34,7.23,0.6
JP-Tak,137.423111,36.146167,2017,1,26,-1.34,-14.91,-11.27,1.62,11.66,0.01
JP-Tak,137.423111,36.146167,2017,1,27,0.41,-13.68,-5.3,5.2,5.22,1.02
JP-Tak,137.423111,36.146167,2017,1,28,0.17,-7.78,-7.18,2.06,11.31,0.08
JP-Tak,137.423111,36.146167,2017,1,29,2.3,-5.18,-6.34,1.8,8.54,1.95
JP-Tak,137.423111,36.146167,2017,1,30,1.32,-5.56,-0.86,5.53,3.63,6.86
JP-Tak,137.423111,36.146167,2017,1,31,-4.33,-11.04,-10.04,4.72,8.88,0.1
JP-Tak,137.423111,36.146167,2017,2,1,-1.1,-8.81,-8.3,3.8,7.72,0.8
JP-Tak,137.423111,36.146167,2017,2,2,-4.71,-10.09,-8.41,6.95,7.46,1.16
JP-Tak,137.423111,36.146167,2017,2,3,-2.07,-8.72,-6.45,5.45,11,0.44
JP-Tak,137.423111,36.146167,2017,2,4,0.73,-10.53,-7.54,1.89,14.51,0
JP-Tak,137.423111,36.146167,2017,2,5,1.08,-5.62,-4.63,2.46,3.61,9.47
JP-Tak,137.423111,36.146167,2017,2,6,0.32,-6.46,-3.6,6.89,3.47,5.8
JP-Tak,137.423111,36.146167,2017,2,7,-5.87,-9.76,-9.42,7.57,6.91,0.87
JP-Tak,137.423111,36.146167,2017,2,8,-3.61,-9.39,-8.69,3.55,9.88,0.08
JP-Tak,137.423111,36.146167,2017,2,9,-1.12,-7.7,-5.86,2.19,4.8,3.29
JP-Tak,137.423111,36.146167,2017,2,10,-4.44,-11.89,-9.31,4.43,7.67,2.57
JP-Tak,137.423111,36.146167,2017,2,11,-5.88,-11.4,-9.45,4.87,6.65,3.47
JP-Tak,137.423111,36.146167,2017,2,12,-4.86,-11.91,-8.72,4.14,8.11,2.12
JP-Tak,137.423111,36.146167,2017,2,13,-3.99,-12.26,-9.36,3.08,9.49,0.61
JP-Tak,137.423111,36.146167,2017,2,14,-3.52,-11.7,-9.06,2.15,9.95,0.57
JP-Tak,137.423111,36.146167,2017,2,15,-2.36,-11.54,-8.71,2.83,11.67,0.02
JP-Tak,137.423111,36.146167,2017,2,16,2.53,-10.62,-6.57,1.71,14.65,0
JP-Tak,137.423111,36.146167,2017,2,17,3.75,-5.38,-0.56,4.94,2.86,7.66
JP-Tak,137.423111,36.146167,2017,2,18,-1.21,-8.49,-7.3,2.93,11.49,0.53
JP-Tak,137.423111,36.146167,2017,2,19,-2.21,-10.75,-8.44,3.6,13.29,0.32
JP-Tak,137.423111,36.146167,2017,2,20,4.07,-6.27,-1.74,7.31,2.44,16.05
JP-Tak,137.423111,36.146167,2017,2,21,-5.53,-10.06,-9.23,7.82,9.26,2.24
JP-Tak,137.423111,36.146167,2017,2,22,1.89,-11.88,-7.01,3.04,10.44,1.68
JP-Tak,137.423111,36.146167,2017,2,23,3.77,-4.37,-0.2,6.11,5.17,20.66
JP-Tak,137.423111,36.146167,2017,2,24,-3.95,-10.31,-8.82,4.95,12.38,0.09
JP-Tak,137.423111,36.146167,2017,2,25,-0.74,-10.36,-7.45,2.44,14.8,0.75
JP-Tak,137.423111,36.146167,2017,2,26,0.03,-6.36,-5.41,2.86,11.55,0.77
JP-Tak,137.423111,36.146167,2017,2,27,1.71,-10.48,-6.3,2.02,13.83,0.02
JP-Tak,137.423111,36.146167,2017,2,28,1.41,-5.19,-4.26,1.68,16.23,0.02
JP-Tak,137.423111,36.146167,2017,3,1,2.26,-7.36,-4.2,2.21,15.82,1.75
JP-Tak,137.423111,36.146167,2017,3,2,2.1,-2.99,-1.25,2.02,5.44,5.25
JP-Tak,137.423111,36.146167,2017,3,3,-0.97,-8.64,-5.42,4.73,12.49,1.28
JP-Tak,137.423111,36.146167,2017,3,4,4.1,-8.32,-6.31,1.94,17.09,0.08
JP-Tak,137.423111,36.146167,2017,3,5,4.4,-3.75,-2,1.8,15.13,0
JP-Tak,137.423111,36.146167,2017,3,6,2.98,-4.1,-0.86,3.24,7.86,0.64
JP-Tak,137.423111,36.146167,2017,3,7,-1.6,-7.74,-7.3,5.13,7.18,1.87
JP-Tak,137.423111,36.146167,2017,3,8,-2.76,-7.84,-7.48,3.46,11.54,2.07
JP-Tak,137.423111,36.146167,2017,3,9,-0.99,-6.71,-5.53,3.95,11.04,1.52
JP-Tak,137.423111,36.146167,2017,3,10,-1.07,-6.19,-5.69,3.77,11.8,1.5
JP-Tak,137.423111,36.146167,2017,3,11,-0.29,-8.16,-7.23,3.14,13.32,0.01
JP-Tak,137.423111,36.146167,2017,3,12,3.6,-6.79,-3.5,1.63,17.84,0.01
JP-Tak,137.423111,36.146167,2017,3,13,4.28,-2.58,-1.43,1.92,14.75,0.45
JP-Tak,137.423111,36.146167,2017,3,14,3.68,-4.89,-2.35,2.87,9.72,0.81
JP-Tak,137.423111,36.146167,2017,3,15,0.43,-5.1,-4.52,4.7,10.86,2.87
JP-Tak,137.423111,36.146167,2017,3,16,1.37,-6.14,-5.36,3.46,13.49,0.42
JP-Tak,137.423111,36.146167,2017,3,17,1.7,-7.58,-6.18,3.2,15.01,0
JP-Tak,137.423111,36.146167,2017,3,18,3.1,-6.65,-4.8,2.3,15.56,0.01
JP-Tak,137.423111,36.146167,2017,3,19,4.21,-5.12,-2.8,3.6,13.04,0
JP-Tak,137.423111,36.146167,2017,3,20,6.65,-6.68,-4.29,2.23,20.18,0.15
JP-Tak,137.423111,36.146167,2017,3,21,3.4,-3.07,-0.58,3.19,4.31,20.08
JP-Tak,137.423111,36.146167,2017,3,22,1.16,-6.44,-5.38,5.33,13.84,0.14
JP-Tak,137.423111,36.146167,2017,3,23,2.11,-5.59,-4.37,2.54,13.16,0.3
JP-Tak,137.423111,36.146167,2017,3,24,-1.09,-8.39,-7.16,4.33,14.88,0.23
JP-Tak,137.423111,36.146167,2017,3,25,4.21,-8.92,-5.7,2.3,18.63,0.11
JP-Tak,137.423111,36.146167,2017,3,26,5.88,-2.16,-0.91,1.4,13.26,9.23
JP-Tak,137.423111,36.146167,2017,3,27,1.78,-5.76,-3.41,4.25,10.95,5.53
JP-Tak,137.423111,36.146167,2017,3,28,2.95,-6.41,-4.25,2.82,16.96,0.23
JP-Tak,137.423111,36.146167,2017,3,29,5.34,-4.98,-4.2,2.04,19.31,0.02
JP-Tak,137.423111,36.146167,2017,3,30,7.15,-1.12,0.42,2.77,18.28,0.03
JP-Tak,137.423111,36.146167,2017,3,31,3.78,-2.89,-2.56,2.16,8.01,4.73
JP-Tak,137.423111,36.146167,2017,4,1,5.52,-2.59,-2.57,2.09,11,1.51
JP-Tak,137.423111,36.146167,2017,4,2,6.56,-3.39,-3.94,1.8,19.83,0
JP-Tak,137.423111,36.146167,2017,4,3,6.29,-4.76,-3.64,3.49,14.61,1.43
JP-Tak,137.423111,36.146167,2017,4,4,10.62,-2.69,-1.49,2.45,19.08,0.02
JP-Tak,137.423111,36.146167,2017,4,5,13.14,-0.83,1.67,2.09,18.41,0
JP-Tak,137.423111,36.146167,2017,4,6,8.91,1.02,5.1,5.81,9.61,2.62
JP-Tak,137.423111,36.146167,2017,4,7,14.09,8,9.53,4.67,11.31,14.17
JP-Tak,137.423111,36.146167,2017,4,8,16.4,8,11.42,3.03,11.05,5.62
JP-Tak,137.423111,36.146167,2017,4,9,11.41,-0.74,5.71,3.4,8.19,7.63
JP-Tak,137.423111,36.146167,2017,4,10,9.74,-1.17,1.62,2.07,21.3,0.01
JP-Tak,137.423111,36.146167,2017,4,11,4.14,-0.77,1.27,3.88,4.35,27.73
JP-Tak,137.423111,36.146167,2017,4,12,5.68,-3.53,-0.04,4.7,14.29,0.52
JP-Tak,137.423111,36.146167,2017,4,13,6.23,-4.68,-3.36,3.36,16.35,0.05
JP-Tak,137.423111,36.146167,2017,4,14,12.01,-0.64,0.5,3.15,20.96,0
JP-Tak,137.423111,36.146167,2017,4,15,10.46,3.16,6.01,5.28,10.06,1.27
JP-Tak,137.423111,36.146167,2017,4,16,14.7,3.64,6.16,3.08,21,0
JP-Tak,137.423111,36.146167,2017,4,17,15.55,5.53,7.22,4.83,12.65,26.38
JP-Tak,137.423111,36.146167,2017,4,18,13.23,1.74,7.45,5.83,19.43,21.61
JP-Tak,137.423111,36.146167,2017,4,19,7.65,-0.99,1.83,6.59,12.7,2.3
JP-Tak,137.423111,36.146167,2017,4,20,12.37,-1.12,0.85,2.27,17.27,0
JP-Tak,137.423111,36.146167,2017,4,21,12.9,2.59,4,2.32,13.25,0.01
JP-Tak,137.423111,36.146167,2017,4,22,10.71,-1.73,0.26,3.05,18.09,0.15
JP-Tak,137.423111,36.146167,2017,4,23,11.49,-2.48,-0.23,2.58,26.22,0.04
JP-Tak,137.423111,36.146167,2017,4,24,14.12,2.15,4.39,2.52,26.18,0
JP-Tak,137.423111,36.146167,2017,4,25,13.78,3.09,4.87,3.16,21.13,0.01
JP-Tak,137.423111,36.146167,2017,4,26,9.75,5.11,6.4,3.84,6.79,10.18
JP-Tak,137.423111,36.146167,2017,4,27,8.25,-0.13,-0.35,2.97,20.58,0.87
JP-Tak,137.423111,36.146167,2017,4,28,11.17,-1.05,-0.09,2.6,25.92,0.01
JP-Tak,137.423111,36.146167,2017,4,29,10.53,0.52,2.23,3.78,17.12,0.64
JP-Tak,137.423111,36.146167,2017,4,30,15.53,0.05,3.85,3.42,25.89,0
JP-Tak,137.423111,36.146167,2017,5,1,11.6,-0.47,5.09,3.22,10.4,3.58
JP-Tak,137.423111,36.146167,2017,5,2,16.07,-1.66,1.65,1.84,28.11,0
JP-Tak,137.423111,36.146167,2017,5,3,16.95,3.56,6.13,1.61,21,0
JP-Tak,137.423111,36.146167,2017,5,4,17.56,5.77,6.61,1.85,26.3,0
JP-Tak,137.423111,36.146167,2017,5,5,18.87,5.45,8.34,1.95,22.87,0
JP-Tak,137.423111,36.146167,2017,5,6,16.04,8.47,11.45,2.94,6.95,2.66
JP-Tak,137.423111,36.146167,2017,5,7,12.86,2.32,1.04,3.95,26.42,0
JP-Tak,137.423111,36.146167,2017,5,8,16.12,2.99,2.99,3.9,28.36,0
JP-Tak,137.423111,36.146167,2017,5,9,14.5,7.79,4.21,1.77,13.47,1.05
JP-Tak,137.423111,36.146167,2017,5,10,17.47,7.36,10.33,3.67,10.23,8.69
JP-Tak,137.423111,36.146167,2017,5,11,14.93,8.29,8.62,4.55,14.12,1.96
JP-Tak,137.423111,36.146167,2017,5,12,18.23,9.2,9.54,2.04,17.71,1.16
JP-Tak,137.423111,36.146167,2017,5,13,12.75,8.34,9.19,2.92,6.79,18.4
JP-Tak,137.423111,36.146167,2017,5,14,19.22,7.97,10.45,2.58,22.82,0.06
JP-Tak,137.423111,36.146167,2017,5,15,13.96,5.81,8.49,3.42,16.75,0.14
JP-Tak,137.423111,36.146167,2017,5,16,15.12,4.05,4.99,2.15,24.21,0
JP-Tak,137.423111,36.146167,2017,5,17,15.55,5.75,7.27,1.36,20.57,0.32
JP-Tak,137.423111,36.146167,2017,5,18,16.89,7.22,7.51,1.23,24.87,0.36
JP-Tak,137.423111,36.146167,2017,5,19,19.63,6.26,6.34,1.63,31.04,0
JP-Tak,137.423111,36.146167,2017,5,20,22.92,8.25,9.19,1.48,29.07,0
JP-Tak,137.423111,36.146167,2017,5,21,25.32,13.26,11.93,1.04,26.31,0
JP-Tak,137.423111,36.146167,2017,5,22,23.42,11.84,12.83,1.07,24.53,0
JP-Tak,137.423111,36.146167,2017,5,23,22.32,10.54,11.71,1.91,24.77,0
JP-Tak,137.423111,36.146167,2017,5,24,18.87,9.74,11.56,1.74,9.46,2.59
JP-Tak,137.423111,36.146167,2017,5,25,17.64,11.14,12.22,1.81,11.71,13.37
JP-Tak,137.423111,36.146167,2017,5,26,18.99,10.56,12.35,2.62,13.01,8.56
JP-Tak,137.423111,36.146167,2017,5,27,15.77,5.84,7.08,2.85,24.31,1.53
JP-Tak,137.423111,36.146167,2017,5,28,18.14,4.42,7.28,2.26,26.3,0.05
JP-Tak,137.423111,36.146167,2017,5,29,21.54,8.53,8.56,1.68,26.57,0
JP-Tak,137.423111,36.146167,2017,5,30,24.15,10.19,11.49,1.91,24.95,0
JP-Tak,137.423111,36.146167,2017,5,31,22.44,12.81,11.38,1.51,18.39,2.42
JP-Tak,137.423111,36.146167,2017,6,1,20.1,10.68,11.89,2.17,16.05,6.74
JP-Tak,137.423111,36.146167,2017,6,2,13.73,5.88,7.93,5.77,14.61,8.76
JP-Tak,137.423111,36.146167,2017,6,3,13.95,5.17,5.46,3.98,18.34,0.11
JP-Tak,137.423111,36.146167,2017,6,4,15.4,4.26,5.03,3.28,26.14,0.45
JP-Tak,137.423111,36.146167,2017,6,5,16.48,3.59,5.26,2.22,27.06,0
JP-Tak,137.423111,36.146167,2017,6,6,16.92,6.93,9.23,2.21,27.29,0.04
JP-Tak,137.423111,36.146167,2017,6,7,14.53,9.77,10.33,3.81,8.82,4.11
JP-Tak,137.423111,36.146167,2017,6,8,19.5,9.12,11.8,4.04,9.98,4.18
JP-Tak,137.423111,36.146167,2017,6,9,20.82,7.61,9.06,1.97,27.6,0.18
JP-Tak,137.423111,36.146167,2017,6,10,18.84,6.49,9.1,4.06,11.8,2.54
JP-Tak,137.423111,36.146167,2017,6,11,19.25,4.99,3.29,2.06,31.65,0
JP-Tak,137.423111,36.146167,2017,6,12,16.47,3.64,6.29,2.83,24.2,0.11
JP-Tak,137.423111,36.146167,2017,6,13,17.61,7.66,8.62,1.89,16.59,0.13
JP-Tak,137.423111,36.146167,2017,6,14,18.99,8.58,8.47,1.84,26.21,0.06
JP-Tak,137.423111,36.146167,2017,6,15,19.49,7.17,7.83,2.22,26.84,0.27
JP-Tak,137.423111,36.146167,2017,6,16,18.82,8.17,9.01,2.9,26.01,0.04
JP-Tak,137.423111,36.146167,2017,6,17,21.83,6.72,10.68,1.58,27.66,0.01
JP-Tak,137.423111,36.146167,2017,6,18,19.92,11.85,11.87,1.12,12.25,0.04
JP-Tak,137.423111,36.146167,2017,6,19,22.12,9.38,8.8,2.37,28.34,0.02
JP-Tak,137.423111,36.146167,2017,6,20,23.75,12.26,11,2.55,26.29,0.02
JP-Tak,137.423111,36.146167,2017,6,21,20.67,10.94,13.92,6.34,7.42,41.54
JP-Tak,137.423111,36.146167,2017,6,22,21.4,10.82,11.18,2.68,23.84,0.01
JP-Tak,137.423111,36.146167,2017,6,23,21.61,11.26,12.23,1.69,23.62,0
JP-Tak,137.423111,36.146167,2017,6,24,23.52,12.77,14.14,1.41,20.49,0.02
JP-Tak,137.423111,36.146167,2017,6,25,18.51,13.98,15.14,1.37,6.86,7.28
JP-Tak,137.423111,36.146167,2017,6,26,21.84,12.84,13.99,1.14,21.68,0.07
JP-Tak,137.423111,36.146167,2017,6,27,21.61,14.5,15.5,1.61,18.59,0.5
JP-Tak,137.423111,36.146167,2017,6,28,22.42,15.11,15.85,1.12,16.6,2.4
JP-Tak,137.423111,36.146167,2017,6,29,22.86,15.09,16.19,1.68,19.37,1.38
JP-Tak,137.423111,36.146167,2017,6,30,20.74,15.32,17.29,3.64,7.83,13.92
JP-Tak,137.423111,36.146167,2017,7,1,21.76,17.75,18.5,4.01,4.02,43.6
JP-Tak,137.423111,36.146167,2017,7,2,23.32,17.01,17.54,3.52,10.89,5.17
JP-Tak,137.423111,36.146167,2017,7,3,24.3,17.07,18.39,3.91,18.41,6.82
JP-Tak,137.423111,36.146167,2017,7,4,20.15,15.95,17.87,3.01,4.24,60.37
JP-Tak,137.423111,36.146167,2017,7,5,22.39,14.76,16.18,2.87,17.25,1.87
JP-Tak,137.423111,36.146167,2017,7,6,23.47,13.55,15.07,1.6,22.18,1.13
JP-Tak,137.423111,36.146167,2017,7,7,25.02,12.74,13.5,1.31,26.86,0.46
JP-Tak,137.423111,36.146167,2017,7,8,26.7,15.58,16.18,1.41,27.16,0
JP-Tak,137.423111,36.146167,2017,7,9,23.59,17.58,18,1.24,18.67,0.02
JP-Tak,137.423111,36.146167,2017,7,10,25.4,16.3,17.86,2.13,22.57,0.29
JP-Tak,137.423111,36.146167,2017,7,11,26.15,17.24,18.86,2.05,22.55,3.52
JP-Tak,137.423111,36.146167,2017,7,12,24.17,17.46,19.16,2.13,14.97,8.48
JP-Tak,137.423111,36.146167,2017,7,13,25.66,17.67,19.25,2.63,17.19,9.78
JP-Tak,137.423111,36.146167,2017,7,14,25.55,16.4,18.33,2.22,21.12,4.45
JP-Tak,137.423111,36.146167,2017,7,15,26.28,16.78,17.59,1.22,22.21,1.06
JP-Tak,137.423111,36.146167,2017,7,16,22.94,17.93,18.14,2.29,11.12,1.23
JP-Tak,137.423111,36.146167,2017,7,17,24.8,16.68,17.8,2.38,21.18,9.01
JP-Tak,137.423111,36.146167,2017,7,18,23.62,15.8,16.43,2.61,17.1,0.06
JP-Tak,137.423111,36.146167,2017,7,19,25.21,15.07,16.49,1.44,25.38,0.88
JP-Tak,137.423111,36.146167,2017,7,20,25.95,17.42,18.48,1.13,25.34,5.15
JP-Tak,137.423111,36.146167,2017,7,21,26.6,16.71,18.35,2.12,24.34,1.19
JP-Tak,137.423111,36.146167,2017,7,22,26.83,16.91,18.69,1.4,17.9,3.32
JP-Tak,137.423111,36.146167,2017,7,23,22.4,18.18,19.32,2.7,3.87,11.49
JP-Tak,137.423111,36.146167,2017,7,24,24.03,18.3,19.7,3.13,5.07,10.05
JP-Tak,137.423111,36.146167,2017,7,25,25.66,18.85,20.47,2.04,6.36,23.22
JP-Tak,137.423111,36.146167,2017,7,26,27.42,17.65,19.41,1.59,17.23,14.35
JP-Tak,137.423111,36.146167,2017,7,27,26.05,17.23,19.05,1.47,15.96,3.93
JP-Tak,137.423111,36.146167,2017,7,28,27.45,18.51,19.91,1.32,14.11,2.6
JP-Tak,137.423111,36.146167,2017,7,29,25.59,18.81,19.38,1.41,8.74,9.32
JP-Tak,137.423111,36.146167,2017,7,30,25.59,18.16,19.69,1.83,11.55,6.53
JP-Tak,137.423111,36.146167,2017,7,31,26.91,17.67,19.5,1.52,21.22,0.19
JP-Tak,137.423111,36.146167,2017,8,1,25.38,17.88,18.55,1.55,11.7,0.7
JP-Tak,137.423111,36.146167,2017,8,2,26.75,16.12,17.91,1.27,19.84,0.19
JP-Tak,137.423111,36.146167,2017,8,3,25.81,17.36,18.31,1.36,18.32,0.4
JP-Tak,137.423111,36.146167,2017,8,4,26.94,17.67,19.26,1.28,21.09,2.04
JP-Tak,137.423111,36.146167,2017,8,5,27.84,18.97,20,0.89,20.52,2.96
JP-Tak,137.423111,36.146167,2017,8,6,27.45,19.22,20.05,1.68,18.98,10.52
JP-Tak,137.423111,36.146167,2017,8,7,24.86,17.28,18.74,4.66,18,20.26
JP-Tak,137.423111,36.146167,2017,8,8,22.53,17.87,19.36,6.49,7.26,38.23
JP-Tak,137.423111,36.146167,2017,8,9,25.19,16.41,17.89,2.91,17.31,1.59
JP-Tak,137.423111,36.146167,2017,8,10,26.83,17.33,18.27,1.44,17.96,3.01
JP-Tak,137.423111,36.146167,2017,8,11,25.95,19.21,19.92,1.81,14.88,6.51
JP-Tak,137.423111,36.146167,2017,8,12,26.46,18.06,19.25,2.05,12.53,5.95
JP-Tak,137.423111,36.146167,2017,8,13,24.95,16.76,18.56,1.43,16.9,6.99
JP-Tak,137.423111,36.146167,2017,8,14,23.73,17.42,17.66,1.31,13.44,2.86
JP-Tak,137.423111,36.146167,2017,8,15,21.73,17.36,17.56,1.51,9.66,7.12
JP-Tak,137.423111,36.146167,2017,8,16,23.11,17.33,18.3,1.3,10.49,13.16
JP-Tak,137.423111,36.146167,2017,8,17,25.97,16.82,18.93,1.69,19.38,4.21
JP-Tak,137.423111,36.146167,2017,8,18,22.21,18.18,19.31,1.81,9.76,14.13
JP-Tak,137.423111,36.146167,2017,8,19,25.03,17.29,17.76,1.36,16.09,3.62
JP-Tak,137.423111,36.146167,2017,8,20,24.35,16.66,17.97,1.83,16.71,2.34
JP-Tak,137.423111,36.146167,2017,8,21,24.09,17.35,18.29,1.44,19.53,1.36
JP-Tak,137.423111,36.146167,2017,8,22,22.34,16.07,18.04,2.05,12.43,5.38
JP-Tak,137.423111,36.146167,2017,8,23,24.21,17.39,18.54,2.83,11.91,2.06
JP-Tak,137.423111,36.146167,2017,8,24,24.65,17.87,18.79,2.73,13.83,2.74
JP-Tak,137.423111,36.146167,2017,8,25,25.29,18.2,19.81,3.13,5.32,15.52
JP-Tak,137.423111,36.146167,2017,8,26,23.83,13.4,15.57,2.76,20.44,6.47
JP-Tak,137.423111,36.146167,2017,8,27,24.39,13.54,15.71,2.01,21.89,0
JP-Tak,137.423111,36.146167,2017,8,28,24.18,15.93,16.87,1.96,17.68,0.09
JP-Tak,137.423111,36.146167,2017,8,29,24.83,17.96,18.78,2.88,16.86,1.71
JP-Tak,137.423111,36.146167,2017,8,30,25.15,17.5,18.01,1.57,14.37,5.28
JP-Tak,137.423111,36.146167,2017,8,31,24.83,14.96,16.32,2.08,14.66,0.62
JP-Tak,137.423111,36.146167,2017,9,1,21.67,12.54,13.09,3.03,20.65,0.41
JP-Tak,137.423111,36.146167,2017,9,2,22.44,11.63,12.35,2.17,16.42,1.51
JP-Tak,137.423111,36.146167,2017,9,3,20.48,10.63,11.81,2.35,16.63,0.08
JP-Tak,137.423111,36.146167,2017,9,4,20.22,11.52,12.98,1.52,17.11,0.04
JP-Tak,137.423111,36.146167,2017,9,5,21.92,12.57,13.75,1.57,18.51,1.34
JP-Tak,137.423111,36.146167,2017,9,6,21.83,14.85,16.15,1.86,4.76,13.47
JP-Tak,137.423111,36.146167,2017,9,7,21.97,14.79,17.51,3.53,5.02,18.79
JP-Tak,137.423111,36.146167,2017,9,8,21.26,12.85,14.32,2.78,17.76,3.27
JP-Tak,137.423111,36.146167,2017,9,9,22.15,12.78,14.62,1.68,22.58,2.01
JP-Tak,137.423111,36.146167,2017,9,10,22.94,14.47,14.56,1.42,20.91,0.12
JP-Tak,137.423111,36.146167,2017,9,11,20.74,14.65,15.03,3.67,9.01,0.79
JP-Tak,137.423111,36.146167,2017,9,12,22.25,14.15,17.25,4.45,7.76,4.07
JP-Tak,137.423111,36.146167,2017,9,13,22.12,12.78,14.45,2.1,19.4,1.43
JP-Tak,137.423111,36.146167,2017,9,14,21.34,9.31,11.7,2.24,18.6,0.43
JP-Tak,137.423111,36.146167,2017,9,15,19.38,8.78,9.58,2.05,18.17,0.44
JP-Tak,137.423111,36.146167,2017,9,16,16.8,10.76,11.34,1.78,6.24,11.18
JP-Tak,137.423111,36.146167,2017,9,17,18.43,11.77,13.4,5.36,6.6,10.66
JP-Tak,137.423111,36.146167,2017,9,18,20.38,10.6,14.83,6.15,13.9,11.14
JP-Tak,137.423111,36.146167,2017,9,19,20.07,10.09,11.36,2.22,21.13,0
JP-Tak,137.423111,36.146167,2017,9,20,18.27,10.27,12.23,3.4,10.6,1.91
JP-Tak,137.423111,36.146167,2017,9,21,19.26,9.23,10.31,3.11,19.96,0.35
JP-Tak,137.423111,36.146167,2017,9,22,16.4,9.14,11.31,2.21,13.13,1.48
JP-Tak,137.423111,36.146167,2017,9,23,19.43,11.85,13.32,1.82,12.93,3
JP-Tak,137.423111,36.146167,2017,9,24,21.51,11.09,12.05,1.38,19.72,0
JP-Tak,137.423111,36.146167,2017,9,25,21.46,10.2,8.65,0.87,18.65,0
JP-Tak,137.423111,36.146167,2017,9,26,21.13,10.58,11.5,1.48,20.57,0.06
JP-Tak,137.423111,36.146167,2017,9,27,16.87,11.14,12.42,2.46,8.57,5.48
JP-Tak,137.423111,36.146167,2017,9,28,19.73,5.87,12.19,3.39,4.68,31.77
JP-Tak,137.423111,36.146167,2017,9,29,17.36,4.14,5.59,2.2,15.17,0.18
JP-Tak,137.423111,36.146167,2017,9,30,16.82,6.33,6.39,2.42,20.46,0.01
JP-Tak,137.423111,36.146167,2017,10,1,17.85,5.95,8.48,2.15,16.82,0.07
JP-Tak,137.423111,36.146167,2017,10,2,16.66,10.1,11.65,2.95,4.85,11.09
JP-Tak,137.423111,36.146167,2017,10,3,19.79,8.23,12.37,3.13,6.24,8.4
JP-Tak,137.423111,36.146167,2017,10,4,14.31,5.24,4.86,3.48,12.52,0.24
JP-Tak,137.423111,36.146167,2017,10,5,16.89,5.26,7.41,1.06,17.92,0.02
JP-Tak,137.423111,36.146167,2017,10,6,15.21,7.73,7.62,2.55,5.54,26.98
JP-Tak,137.423111,36.146167,2017,10,7,19.32,8.87,12.38,2.22,8.48,11.78
JP-Tak,137.423111,36.146167,2017,10,8,21.18,12.24,13.68,1.29,15.29,0.03
JP-Tak,137.423111,36.146167,2017,10,9,19.93,11.56,13.62,1.98,15.53,0.11
JP-Tak,137.423111,36.146167,2017,10,10,21.27,12.82,13.9,2.38,12.91,0
JP-Tak,137.423111,36.146167,2017,10,11,21.48,12.59,13.16,1.81,15.1,0.02
JP-Tak,137.423111,36.146167,2017,10,12,17.69,12.14,12.74,1.6,4.52,6.5
JP-Tak,137.423111,36.146167,2017,10,13,15.48,10.68,11.96,1.44,6.61,16.5
JP-Tak,137.423111,36.146167,2017,10,14,14.4,10.57,11.28,1.83,8.59,3.82
JP-Tak,137.423111,36.146167,2017,10,15,12.06,7.93,8.82,1.53,3.18,9.22
JP-Tak,137.423111,36.146167,2017,10,16,13.37,7.76,8.88,1.29,2.83,26.58
JP-Tak,137.423111,36.146167,2017,10,17,15.87,5.09,6.21,2.29,13.68,11.12
JP-Tak,137.423111,36.146167,2017,10,18,15.7,3.41,5.81,1.77,11.14,1.78
JP-Tak,137.423111,36.146167,2017,10,19,10.79,4.16,6.27,1.65,5.62,16.37
JP-Tak,137.423111,36.146167,2017,10,20,16.31,6.02,8.99,1.5,7.32,3.67
JP-Tak,137.423111,36.146167,2017,10,21,14.84,9.09,11.07,1.72,4.84,6.56
JP-Tak,137.423111,36.146167,2017,10,22,13.46,10.15,10.27,6.76,1.23,79.71
JP-Tak,137.423111,36.146167,2017,10,23,10.56,2.36,4.67,9.96,6.24,39.37
JP-Tak,137.423111,36.146167,2017,10,24,12.03,2.14,5.24,2.06,11.89,0.19
JP-Tak,137.423111,36.146167,2017,10,25,10.31,3.71,5.49,2.83,3.28,19.44
JP-Tak,137.423111,36.146167,2017,10,26,16.13,1.55,3.48,1.57,16.13,0
JP-Tak,137.423111,36.146167,2017,10,27,16.96,2.65,4.61,1.08,15.31,0
JP-Tak,137.423111,36.146167,2017,10,28,10.4,4.46,6.31,2.06,3.64,12.61
JP-Tak,137.423111,36.146167,2017,10,29,13.08,7.72,9.6,2.97,2.42,58.95
JP-Tak,137.423111,36.146167,2017,10,30,10.1,0.14,1.24,7.05,5.87,1.89
JP-Tak,137.423111,36.146167,2017,10,31,9.08,-0.81,0.32,3,13.56,0.02
JP-Tak,137.423111,36.146167,2017,11,1,12.83,0.57,2.84,2.03,11.51,0
JP-Tak,137.423111,36.146167,2017,11,2,15.06,2.18,3,1.12,13.03,0
JP-Tak,137.423111,36.146167,2017,11,3,15.77,3.11,4.58,1.33,13.85,0.01
JP-Tak,137.423111,36.146167,2017,11,4,9.37,0,4.64,3.12,3.25,4.5
JP-Tak,137.423111,36.146167,2017,11,5,10.15,-1.67,-0.16,2.69,13.9,0
JP-Tak,137.423111,36.146167,2017,11,6,12.12,2.05,3.81,2.45,14.75,0
JP-Tak,137.423111,36.146167,2017,11,7,13.93,1.8,5.18,1.97,14.16,0.04
JP-Tak,137.423111,36.146167,2017,11,8,10.91,7.37,8.98,2.85,4.22,1.33
JP-Tak,137.423111,36.146167,2017,11,9,7.33,-2.05,1.58,4.87,9.15,0.21
JP-Tak,137.423111,36.146167,2017,11,10,11.38,-2.27,3.02,3.41,13.33,0
JP-Tak,137.423111,36.146167,2017,11,11,8.85,-1.42,2.47,6.92,6.48,8.36
JP-Tak,137.423111,36.146167,2017,11,12,8.2,-2.62,-1.36,2.86,10.23,0.01
JP-Tak,137.423111,36.146167,2017,11,13,10.86,-1.23,3.5,3,11.71,0.1
JP-Tak,137.423111,36.146167,2017,11,14,8.09,3.74,5.24,1.97,3.27,4.54
JP-Tak,137.423111,36.146167,2017,11,15,6.96,0.46,1.69,3.47,5.67,2.15
JP-Tak,137.423111,36.146167,2017,11,16,2.46,-2.27,-1.97,3.34,6.84,3.47
JP-Tak,137.423111,36.146167,2017,11,17,5.93,-2.67,-1.9,1.48,10.24,0.25
JP-Tak,137.423111,36.146167,2017,11,18,3.43,-3.45,0.2,3.47,2.13,8.21
JP-Tak,137.423111,36.146167,2017,11,19,1.18,-4.97,-4.35,4.93,6.11,2.11
JP-Tak,137.423111,36.146167,2017,11,20,0.27,-4.71,-3.02,3.32,5.3,4.58
JP-Tak,137.423111,36.146167,2017,11,21,2.07,-5.89,-5.1,3.66,9.85,0.77
JP-Tak,137.423111,36.146167,2017,11,22,2.91,-5,0.27,2.84,5.27,4.64
JP-Tak,137.423111,36.146167,2017,11,23,3.75,-3.17,-0.17,3.83,5.13,9.42
JP-Tak,137.423111,36.146167,2017,11,24,0.34,-3.43,-3.1,4.86,3.43,4.05
JP-Tak,137.423111,36.146167,2017,11,25,1.63,-5.49,-2.97,3.25,5.57,1.18
JP-Tak,137.423111,36.146167,2017,11,26,4.81,-6.56,-1.16,3.3,4.06,2.19
JP-Tak,137.423111,36.146167,2017,11,27,7.37,-1.28,0.4,2.34,7.51,0.34
JP-Tak,137.423111,36.146167,2017,11,28,8.49,-1.41,-0.01,1.8,11.4,0
JP-Tak,137.423111,36.146167,2017,11,29,6.75,1.16,3.49,1.87,4.12,0.87
JP-Tak,137.423111,36.146167,2017,11,30,7.84,1.02,2.07,1.74,2.92,0.49
JP-Tak,137.423111,36.146167,2017,12,1,3.92,-2.53,-1.04,3.34,6.13,2.48
JP-Tak,137.423111,36.146167,2017,12,2,2.87,-4.19,-4.22,1.96,9.02,0.53
JP-Tak,137.423111,36.146167,2017,12,3,5.33,-2.25,-3.15,1.64,9.87,0.01
JP-Tak,137.423111,36.146167,2017,12,4,5.38,-2.9,-1.65,1.52,5.53,1.76
JP-Tak,137.423111,36.146167,2017,12,5,0.26,-4.17,-3.22,5.16,4.47,4.81
JP-Tak,137.423111,36.146167,2017,12,6,-0.38,-4.7,-4.76,2.97,6.28,2.51
JP-Tak,137.423111,36.146167,2017,12,7,1.37,-4.75,-3.92,2.08,9.74,0.68
JP-Tak,137.423111,36.146167,2017,12,8,-0.39,-6.26,-3.76,2.35,3.4,3.27
JP-Tak,137.423111,36.146167,2017,12,9,-0.98,-8.11,-5.7,2.81,6.99,0.21
JP-Tak,137.423111,36.146167,2017,12,10,1.71,-3.87,-2.28,3.46,7.05,0.58
JP-Tak,137.423111,36.146167,2017,12,11,1.01,-6.3,-2.83,6.48,4.4,3.49
JP-Tak,137.423111,36.146167,2017,12,12,-3.57,-6.41,-6.83,7.04,4.14,2.81
JP-Tak,137.423111,36.146167,2017,12,13,-2.27,-7.33,-6.7,4.53,4.58,2.55
JP-Tak,137.423111,36.146167,2017,12,14,-3.06,-7.22,-7.34,4.29,6.43,0.78
JP-Tak,137.423111,36.146167,2017,12,15,1.71,-6.17,-6.18,1.37,7.88,0
JP-Tak,137.423111,36.146167,2017,12,16,0.82,-6.38,-3.74,3.94,3.95,2.24
JP-Tak,137.423111,36.146167,2017,12,17,-5.11,-9.94,-8.58,4.24,4.99,3.35
JP-Tak,137.423111,36.146167,2017,12,18,-2.03,-9.5,-6.58,2.46,6.7,0.99
JP-Tak,137.423111,36.146167,2017,12,19,-1.64,-7.62,-5.11,3.8,3.54,2.02
JP-Tak,137.423111,36.146167,2017,12,20,-0.43,-9.08,-6.23,1.76,8.37,0.46
JP-Tak,137.423111,36.146167,2017,12,21,0.16,-7.33,-5.85,1.78,7.53,0.52
JP-Tak,137.423111,36.146167,2017,12,22,1.61,-8.86,-7.2,1.51,7.13,0.03
JP-Tak,137.423111,36.146167,2017,12,23,1.64,-6.63,-3.5,1.95,7.22,0.21
JP-Tak,137.423111,36.146167,2017,12,24,2.87,-5.5,-3.89,2.75,6.34,6.22
JP-Tak,137.423111,36.146167,2017,12,25,1.9,-6.01,-2.99,6.45,5.6,12.45
JP-Tak,137.423111,36.146167,2017,12,26,-1.53,-6.56,-5.03,6.1,3.51,3.79
JP-Tak,137.423111,36.146167,2017,12,27,-5.94,-7.95,-8.26,7.25,3.14,5.76
JP-Tak,137.423111,36.146167,2017,12,28,-4.58,-9.17,-8.31,5.87,5.58,1.05
JP-Tak,137.423111,36.146167,2017,12,29,-2.31,-10.05,-6.59,4.7,6.72,1.17
JP-Tak,137.423111,36.146167,2017,12,30,-2.91,-8.52,-7.76,4.46,6.12,0.1
JP-Tak,137.423111,36.146167,2017,12,31,-0.5,-7.45,-3.7,2.91,4.71,1.14
JP-Tak,137.423111,36.146167,2018,1,1,-1.5,-6.5,-5.27,4.56,5.18,2.56
JP-Tak,137.423111,36.146167,2018,1,2,-2.58,-7.41,-5.73,5.51,6.3,2.92
JP-Tak,137.423111,36.146167,2018,1,3,-4.78,-8.6,-8.45,6.45,5.06,2.56
JP-Tak,137.423111,36.146167,2018,1,4,-4.48,-9.37,-8.79,3.45,6.3,0.88
JP-Tak,137.423111,36.146167,2018,1,5,-1.83,-11.01,-9.18,1.55,6.28,0.03
JP-Tak,137.423111,36.146167,2018,1,6,-1.64,-10.93,-7.1,2.81,6.91,0.93
JP-Tak,137.423111,36.146167,2018,1,7,-1.3,-9.26,-7.37,3.62,8.41,0.01
JP-Tak,137.423111,36.146167,2018,1,8,1.49,-6.42,-2.25,3.31,3.39,15.27
JP-Tak,137.423111,36.146167,2018,1,9,2.69,-6.19,-2.79,6.68,4.64,10.95
JP-Tak,137.423111,36.146167,2018,1,10,-3.5,-7.54,-6.28,5.18,3.95,3.57
JP-Tak,137.423111,36.146167,2018,1,11,-6.79,-12.5,-10.23,4.98,6.09,2.85
JP-Tak,137.423111,36.146167,2018,1,12,-5.95,-13.2,-11.38,2.34,7.22,3.72
JP-Tak,137.423111,36.146167,2018,1,13,-5.01,-12.48,-9.77,2.64,5.98,3.2
JP-Tak,137.423111,36.146167,2018,1,14,-3.15,-12.86,-10.19,2.91,9.95,0.16
JP-Tak,137.423111,36.146167,2018,1,15,-0.99,-13.45,-6.4,3.52,9.52,0.04
JP-Tak,137.423111,36.146167,2018,1,16,2.03,-3.41,-0.97,2.19,8.33,0.68
JP-Tak,137.423111,36.146167,2018,1,17,3.82,-0.44,2.21,3.75,1.6,22.3
JP-Tak,137.423111,36.146167,2018,1,18,2.53,-3.15,-1.48,3.33,7.69,1.15
JP-Tak,137.423111,36.146167,2018,1,19,2.68,-6.29,-5.05,2.27,7.77,0
JP-Tak,137.423111,36.146167,2018,1,20,1.89,-5.33,-4.32,2.32,8.66,0.05
JP-Tak,137.423111,36.146167,2018,1,21,0.67,-6.57,-4.91,2.78,7.16,0.91
JP-Tak,137.423111,36.146167,2018,1,22,-0.76,-6.9,-5.52,1.49,2.1,9.83
JP-Tak,137.423111,36.146167,2018,1,23,-2.18,-9.08,-6.78,6.9,3.66,2.16
JP-Tak,137.423111,36.146167,2018,1,24,-8.37,-14.78,-11.59,7.95,2.97,3.97
JP-Tak,137.423111,36.146167,2018,1,25,-10.16,-13.92,-13.45,6.96,7.36,1.55
JP-Tak,137.423111,36.146167,2018,1,26,-10.16,-12.53,-12.71,6.78,5.7,1.91
JP-Tak,137.423111,36.146167,2018,1,27,-7.46,-12.74,-11.43,6,7.06,1.02
JP-Tak,137.423111,36.146167,2018,1,28,-2.19,-14.24,-9.89,2.91,5.72,0.45
JP-Tak,137.423111,36.146167,2018,1,29,-3.36,-9.38,-7.46,4.54,7.1,1.92
JP-Tak,137.423111,36.146167,2018,1,30,-5.89,-10.73,-9.95,3.14,8.28,1.32
JP-Tak,137.423111,36.146167,2018,1,31,-3.79,-9.13,-7.84,2.73,7.96,0.75
JP-Tak,137.423111,36.146167,2018,2,1,-0.98,-7.22,-5.55,0.63,7.22,4.12
JP-Tak,137.423111,36.146167,2018,2,2,0.41,-9.42,-5.5,1.71,10.43,1.63
JP-Tak,137.423111,36.146167,2018,2,3,-0.83,-9.42,-5.84,2.69,8.33,0.21
JP-Tak,137.423111,36.146167,2018,2,4,-5.43,-10.86,-9.49,4.16,7.65,2.81
JP-Tak,137.423111,36.146167,2018,2,5,-5.57,-10.77,-9.73,3.58,6.73,4.3
JP-Tak,137.423111,36.146167,2018,2,6,-7.01,-11.34,-10.47,3.54,7.24,4.34
JP-Tak,137.423111,36.146167,2018,2,7,-7.01,-11.45,-10.45,3.65,6.64,2.22
JP-Tak,137.423111,36.146167,2018,2,8,-6.12,-12.59,-10.74,2.26,9.31,0.34
JP-Tak,137.423111,36.146167,2018,2,9,-2.08,-14.02,-10.87,1.22,12.72,0
JP-Tak,137.423111,36.146167,2018,2,10,1.03,-9.02,-4.94,2.35,7.5,6.57
JP-Tak,137.423111,36.146167,2018,2,11,-0.63,-10.49,-5.97,5.76,7.6,3.43
JP-Tak,137.423111,36.146167,2018,2,12,-6.63,-10.74,-9.56,5.96,5.05,3.67
JP-Tak,137.423111,36.146167,2018,2,13,-5.68,-10.29,-8.93,4.9,6.7,2.77
JP-Tak,137.423111,36.146167,2018,2,14,-2.46,-10.55,-7.2,4.28,13.74,0.11
JP-Tak,137.423111,36.146167,2018,2,15,-0.62,-8.49,-4.55,3.81,6.88,1.02
JP-Tak,137.423111,36.146167,2018,2,16,0.35,-12.22,-9.49,1.79,10.93,0.01
JP-Tak,137.423111,36.146167,2018,2,17,-2.85,-10.84,-8.55,6.88,5.69,1.57
JP-Tak,137.423111,36.146167,2018,2,18,-6.28,-12.87,-11.47,4.96,10.77,0.38
JP-Tak,137.423111,36.146167,2018,2,19,-1.8,-13.14,-8.51,1.95,12.65,0.14
JP-Tak,137.423111,36.146167,2018,2,20,-0.63,-9.71,-6.8,3.05,13.2,0.71
JP-Tak,137.423111,36.146167,2018,2,21,-3.22,-10.32,-7.91,2.5,9.32,0.79
JP-Tak,137.423111,36.146167,2018,2,22,-0.66,-11.14,-8.7,1.72,15.18,0.34
JP-Tak,137.423111,36.146167,2018,2,23,-2.01,-8.17,-7.54,2.61,14.57,0.3
JP-Tak,137.423111,36.146167,2018,2,24,0.38,-12.05,-7.94,3.39,6.26,0.33
JP-Tak,137.423111,36.146167,2018,2,25,0.7,-10.34,-7.17,1.15,10.81,0.11
JP-Tak,137.423111,36.146167,2018,2,26,2.31,-6.77,-5.63,1.73,17.53,0
JP-Tak,137.423111,36.146167,2018,2,27,1.88,-7.52,-5.82,2.14,15.8,0
JP-Tak,137.423111,36.146167,2018,2,28,4.43,-5.2,-3.4,2.76,11.43,2.28
JP-Tak,137.423111,36.146167,2018,3,1,5.05,-3.96,-0.23,10.28,6.19,24.38
JP-Tak,137.423111,36.146167,2018,3,2,-1.49,-8.59,-7.66,5.79,12.88,0.38
JP-Tak,137.423111,36.146167,2018,3,3,5.38,-7.69,-6.63,1.78,15.9,0
JP-Tak,137.423111,36.146167,2018,3,4,6.81,-2.9,2.07,2.3,16.98,0.01
JP-Tak,137.423111,36.146167,2018,3,5,10.24,-0.8,4.82,5.83,2.37,42.28
JP-Tak,137.423111,36.146167,2018,3,6,3.33,-7.81,-5.26,4.85,13.19,0.07
JP-Tak,137.423111,36.146167,2018,3,7,3.9,-7.61,-3.84,1.82,17.04,0
JP-Tak,137.423111,36.146167,2018,3,8,6.21,-5.02,0.49,5.31,3.32,22.53
JP-Tak,137.423111,36.146167,2018,3,9,6.39,-6.45,-1.02,5.32,5.05,29.27
JP-Tak,137.423111,36.146167,2018,3,10,2.52,-7.6,-5.75,2.95,12.02,0.87
JP-Tak,137.423111,36.146167,2018,3,11,3.19,-5.97,-4.29,3.87,12,0.2
JP-Tak,137.423111,36.146167,2018,3,12,3.94,-6.43,-6.07,3.35,17.74,0
JP-Tak,137.423111,36.146167,2018,3,13,8.84,-1.83,-2.71,2.39,17.99,0
JP-Tak,137.423111,36.146167,2018,3,14,11.62,0.19,3.23,2.31,18.17,0
JP-Tak,137.423111,36.146167,2018,3,15,11.74,1.06,5.18,3.84,18.47,0.74
JP-Tak,137.423111,36.146167,2018,3,16,5.99,-5.71,0.88,4.78,4.89,10.1
JP-Tak,137.423111,36.146167,2018,3,17,5.88,-6.32,-5.51,2.55,20.87,0
JP-Tak,137.423111,36.146167,2018,3,18,7.25,-2.63,0.43,2.83,17.33,0.14
JP-Tak,137.423111,36.146167,2018,3,19,5.64,3.26,3.94,1.69,5.75,8.68
JP-Tak,137.423111,36.146167,2018,3,20,5.53,-1.77,0.56,3.18,8.04,8.76
JP-Tak,137.423111,36.146167,2018,3,21,0.26,-2.36,-2.74,5.05,5.08,19.27
JP-Tak,137.423111,36.146167,2018,3,22,1.9,-2.36,-0.48,4.21,9.34,12.46
JP-Tak,137.423111,36.146167,2018,3,23,3.65,-5.63,-2.82,3.44,13.96,0.84
JP-Tak,137.423111,36.146167,2018,3,24,5.97,-3.83,-2.99,2.07,19.59,0.02
JP-Tak,137.423111,36.146167,2018,3,25,8.67,-2.95,-1.46,2.88,20.87,0
JP-Tak,137.423111,36.146167,2018,3,26,12.59,0.31,0.57,1.66,22.33,0
JP-Tak,137.423111,36.146167,2018,3,27,12.95,3.17,1.71,1.95,21.37,0
JP-Tak,137.423111,36.146167,2018,3,28,14.13,1.96,1.92,1.97,22,0
JP-Tak,137.423111,36.146167,2018,3,29,13.85,0.61,2.25,3.01,15.62,0
JP-Tak,137.423111,36.146167,2018,3,30,9.07,-3.03,-2.57,3.19,24.86,0
JP-Tak,137.423111,36.146167,2018,3,31,11.73,-0.36,1.7,2.4,22.8,0
JP-Tak,137.423111,36.146167,2018,4,1,14.06,2.98,5.69,2.67,19.85,0
JP-Tak,137.423111,36.146167,2018,4,2,15.12,3.43,6.55,1.71,17.72,0
JP-Tak,137.423111,36.146167,2018,4,3,15.85,4.44,7.35,2.61,19.96,0
JP-Tak,137.423111,36.146167,2018,4,4,15.04,2.99,7.07,3.9,14.49,2.07
JP-Tak,137.423111,36.146167,2018,4,5,13.55,-1.54,2.57,3.65,19.19,0.82
JP-Tak,137.423111,36.146167,2018,4,6,12.24,5.76,8.98,7.39,9.97,14.18
JP-Tak,137.423111,36.146167,2018,4,7,4.77,-2.32,-0.31,5.37,9.96,3.77
JP-Tak,137.423111,36.146167,2018,4,8,1.58,-4.53,-4.8,4.68,13.06,2.34
JP-Tak,137.423111,36.146167,2018,4,9,5.58,-4.35,-1.13,4.6,8.38,0.52
JP-Tak,137.423111,36.146167,2018,4,10,12.52,-3.32,-2.39,1.96,22.81,0
JP-Tak,137.423111,36.146167,2018,4,11,11.13,0.95,6.67,6.32,5.3,5.66
JP-Tak,137.423111,36.146167,2018,4,12,12.39,0.37,1.63,4.28,19.84,0.77
JP-Tak,137.423111,36.146167,2018,4,13,7.37,-3.18,-2.4,4.08,24.01,0
JP-Tak,137.423111,36.146167,2018,4,14,9.92,-0.12,4.73,6.5,9.35,9.93
JP-Tak,137.423111,36.146167,2018,4,15,11.8,-1.16,4.95,5.98,8.31,27.89
JP-Tak,137.423111,36.146167,2018,4,16,10.19,-1.56,0.78,3.19,18,0.07
JP-Tak,137.423111,36.146167,2018,4,17,10.38,2.55,4.23,2.16,15.29,7.31
JP-Tak,137.423111,36.146167,2018,4,18,13.31,2.31,4.72,2.55,14.19,19.4
JP-Tak,137.423111,36.146167,2018,4,19,16.48,2.21,4.11,1.93,25.3,0
JP-Tak,137.423111,36.146167,2018,4,20,15.86,2.41,4.75,2.69,25.14,0
JP-Tak,137.423111,36.146167,2018,4,21,19.91,5.15,6.22,1.91,26.17,0
JP-Tak,137.423111,36.146167,2018,4,22,21.12,7.23,6.32,1.42,24.88,0
JP-Tak,137.423111,36.146167,2018,4,23,18.9,8.08,7.99,2.62,17.71,0.29
JP-Tak,137.423111,36.146167,2018,4,24,11.28,8.18,9.21,4.88,8.12,22.58
JP-Tak,137.423111,36.146167,2018,4,25,16.95,3.33,9.97,4.79,11.56,44.05
JP-Tak,137.423111,36.146167,2018,4,26,16.63,1.6,4.08,3.01,25.27,0.09
JP-Tak,137.423111,36.146167,2018,4,27,13.26,3.63,6.25,2.25,14.19,0.02
JP-Tak,137.423111,36.146167,2018,4,28,16.62,2.55,2.88,2.22,26.97,0
JP-Tak,137.423111,36.146167,2018,4,29,18.18,4.31,4.16,2.39,27.06,0
JP-Tak,137.423111,36.146167,2018,4,30,12.51,3.79,5.89,2.37,18.87,0
JP-Tak,137.423111,36.146167,2018,5,1,20.57,6.13,9.09,1.62,21.86,0.05
JP-Tak,137.423111,36.146167,2018,5,2,16.2,7.72,9.07,3.78,9.1,11.66
JP-Tak,137.423111,36.146167,2018,5,3,15.34,2.07,8.61,4.74,11.09,14.18
JP-Tak,137.423111,36.146167,2018,5,4,7.45,0.19,0.57,4.43,13.69,2.25
JP-Tak,137.423111,36.146167,2018,5,5,13.46,0.42,2.18,4.25,26.05,0.18
JP-Tak,137.423111,36.146167,2018,5,6,18.43,5.97,4.68,2.88,19.04,0.59
JP-Tak,137.423111,36.146167,2018,5,7,15.91,8.65,11.37,2.89,4.63,13.7
JP-Tak,137.423111,36.146167,2018,5,8,16.35,5.8,9.42,1.48,11.96,9.54
JP-Tak,137.423111,36.146167,2018,5,9,12.92,3.51,5.51,2.74,10.34,19.85
JP-Tak,137.423111,36.146167,2018,5,10,9.37,-0.04,2.24,3.4,16.54,0.77
JP-Tak,137.423111,36.146167,2018,5,11,16.02,-0.31,1.53,2.19,27.11,0
JP-Tak,137.423111,36.146167,2018,5,12,17.81,5.5,5.82,1.74,19.71,0.01
JP-Tak,137.423111,36.146167,2018,5,13,14.18,8.08,10.3,2.41,4.82,43.83
JP-Tak,137.423111,36.146167,2018,5,14,16.69,8.65,9.24,3.78,23.72,3.04
JP-Tak,137.423111,36.146167,2018,5,15,20.2,8.15,10.52,2.49,27.06,0
JP-Tak,137.423111,36.146167,2018,5,16,21.23,8.92,10.62,2.18,24.01,0.03
JP-Tak,137.423111,36.146167,2018,5,17,21.53,11.62,15,3.15,8.52,0.43
JP-Tak,137.423111,36.146167,2018,5,18,22.7,14.54,16.84,3.63,12.94,4.79
JP-Tak,137.423111,36.146167,2018,5,19,15.91,2.65,6.83,5.42,16.09,7.91
JP-Tak,137.423111,36.146167,2018,5,20,15.79,1.47,4.69,2.81,28,0.07
JP-Tak,137.423111,36.146167,2018,5,21,17.81,7.01,5.76,1.59,26.25,0
JP-Tak,137.423111,36.146167,2018,5,22,19.37,7.06,8.04,2.3,28.9,0
JP-Tak,137.423111,36.146167,2018,5,23,15.7,7.26,9.25,2.43,9.51,11.06
JP-Tak,137.423111,36.146167,2018,5,24,18.24,9.34,7.8,2.6,26.58,1.73
JP-Tak,137.423111,36.146167,2018,5,25,20.44,7.42,6.58,2.74,28.5,0
JP-Tak,137.423111,36.146167,2018,5,26,20.99,9.88,7.33,1.48,25.22,0
JP-Tak,137.423111,36.146167,2018,5,27,20.77,8.26,8.54,1.79,26.58,0
JP-Tak,137.423111,36.146167,2018,5,28,19.13,10.26,10.5,2.16,17.63,0
JP-Tak,137.423111,36.146167,2018,5,29,19.34,9.61,10.41,1.72,20.09,0.02
JP-Tak,137.423111,36.146167,2018,5,30,15.21,10.61,10.68,1.71,6.09,7.85
JP-Tak,137.423111,36.146167,2018,5,31,15.38,8.93,10.62,2.05,10.47,10.42
JP-Tak,137.423111,36.146167,2018,6,1,18.27,6.72,9.02,2.45,22.14,1.13
JP-Tak,137.423111,36.146167,2018,6,2,20.2,9.5,11.39,1.72,28.21,0
JP-Tak,137.423111,36.146167,2018,6,3,22.66,9.86,12.15,1.11,27.65,0
JP-Tak,137.423111,36.146167,2018,6,4,23.14,11.68,12.22,1.45,29.88,0
JP-Tak,137.423111,36.146167,2018,6,5,22.09,11.37,12.16,1.06,18.64,0.03
JP-Tak,137.423111,36.146167,2018,6,6,19.02,11.28,12.87,1.47,8.02,5.71
JP-Tak,137.423111,36.146167,2018,6,7,25.58,12.48,14.07,1.07,27.46,0.8
JP-Tak,137.423111,36.146167,2018,6,8,22.52,12.5,14.38,2.24,23.76,6.99
JP-Tak,137.423111,36.146167,2018,6,9,21.54,12.21,13.37,2.24,18.84,3.94
JP-Tak,137.423111,36.146167,2018,6,10,18.72,11.45,13.69,2.3,13.29,1
JP-Tak,137.423111,36.146167,2018,6,11,21.43,13.41,14.91,2.78,12.86,3.1
JP-Tak,137.423111,36.146167,2018,6,12,20.29,10.48,13.3,3.05,12.79,2.68
JP-Tak,137.423111,36.146167,2018,6,13,19.27,9.04,10.26,3.06,20.76,0.39
JP-Tak,137.423111,36.146167,2018,6,14,20.86,10.06,12.41,1.97,26.02,0.02
JP-Tak,137.423111,36.146167,2018,6,15,17.43,10.81,12.24,1.68,9.48,4.91
JP-Tak,137.423111,36.146167,2018,6,16,19.14,8.98,10.09,1.94,18.93,0.26
JP-Tak,137.423111,36.146167,2018,6,17,20.79,9.57,11.52,2.12,29.35,0.05
JP-Tak,137.423111,36.146167,2018,6,18,21.49,10.3,12.5,1.21,14.65,4.53
JP-Tak,137.423111,36.146167,2018,6,19,22.53,13.49,14.68,1.98,23.78,0.53
JP-Tak,137.423111,36.146167,2018,6,20,20.48,13.42,15.59,3.27,8.32,36.69
JP-Tak,137.423111,36.146167,2018,6,21,20.08,10.89,13.34,2.23,19.99,1.17
JP-Tak,137.423111,36.146167,2018,6,22,20.53,7.79,9.34,2,30,0
JP-Tak,137.423111,36.146167,2018,6,23,19.62,12.12,9.45,1.37,11.47,8.78
JP-Tak,137.423111,36.146167,2018,6,24,22.97,12.07,12.01,1.8,27.49,0.19
JP-Tak,137.423111,36.146167,2018,6,25,25.02,11.63,13.61,1.77,27.36,0
JP-Tak,137.423111,36.146167,2018,6,26,23.97,15.17,15.55,2.39,21.66,0.4
JP-Tak,137.423111,36.146167,2018,6,27,22.09,17.11,18.17,6.56,7.11,6.55
JP-Tak,137.423111,36.146167,2018,6,28,23.38,17.22,18.43,4.84,10.43,15.48
JP-Tak,137.423111,36.146167,2018,6,29,21.51,17.15,17.94,6.2,8.4,22.8
JP-Tak,137.423111,36.146167,2018,6,30,22.7,16.87,17.83,3.56,20.09,2.09
JP-Tak,137.423111,36.146167,2018,7,1,25.02,16.03,17.6,2.82,24.66,0.14
JP-Tak,137.423111,36.146167,2018,7,2,24.65,14.59,17.86,2.26,26.3,0
JP-Tak,137.423111,36.146167,2018,7,3,24.36,15.92,17.07,2.86,21.81,3.27
JP-Tak,137.423111,36.146167,2018,7,4,21.29,15.71,17.77,7.51,9.28,28.39
JP-Tak,137.423111,36.146167,2018,7,5,20.63,18.84,18.78,6.57,3.84,80.17
JP-Tak,137.423111,36.146167,2018,7,6,20.06,16.77,17.83,4.7,7.26,68.04
JP-Tak,137.423111,36.146167,2018,7,7,18.78,16.67,16.88,6.01,6.87,29.99
JP-Tak,137.423111,36.146167,2018,7,8,22.12,16.9,17.26,3.58,17.32,9.45
JP-Tak,137.423111,36.146167,2018,7,9,24.92,15.46,17.6,2,24.97,4.85
JP-Tak,137.423111,36.146167,2018,7,10,25.68,16.58,17.94,1.54,20.61,4.43
JP-Tak,137.423111,36.146167,2018,7,11,25.38,17.16,18.3,2.32,19.25,1.82
JP-Tak,137.423111,36.146167,2018,7,12,23.6,17.55,17.87,1.62,13.48,7.16
JP-Tak,137.423111,36.146167,2018,7,13,26.13,15.98,17.97,2.09,21.69,0
JP-Tak,137.423111,36.146167,2018,7,14,28.83,16.82,18.37,1.33,27.87,0.03
JP-Tak,137.423111,36.146167,2018,7,15,28.87,18.16,19.2,1.58,29,0.54
JP-Tak,137.423111,36.146167,2018,7,16,27.69,19.1,18.75,1.37,26.84,0
JP-Tak,137.423111,36.146167,2018,7,17,28.42,18.48,19.39,1.57,25.75,0
JP-Tak,137.423111,36.146167,2018,7,18,28.07,18.02,19.14,1.82,27.41,0
JP-Tak,137.423111,36.146167,2018,7,19,28.66,18.84,19.48,1.56,27.77,0.11
JP-Tak,137.423111,36.146167,2018,7,20,28,18.83,20.13,1.83,24.42,0.1
JP-Tak,137.423111,36.146167,2018,7,21,28.35,18.67,19.79,1.26,24.44,0
JP-Tak,137.423111,36.146167,2018,7,22,28.2,18.57,19.32,1.77,25.63,0
JP-Tak,137.423111,36.146167,2018,7,23,27.13,17.45,19.03,2.62,26.19,0
JP-Tak,137.423111,36.146167,2018,7,24,28.42,17.42,18.06,1.65,26.01,0.06
JP-Tak,137.423111,36.146167,2018,7,25,29.7,18.25,17.98,1.12,24.11,1.35
JP-Tak,137.423111,36.146167,2018,7,26,27.43,18.87,18.61,1.17,24.8,0
JP-Tak,137.423111,36.146167,2018,7,27,26.55,17.55,17.55,1.04,25.79,0.02
JP-Tak,137.423111,36.146167,2018,7,28,23.82,16.27,17.78,4.35,14.76,11.89
JP-Tak,137.423111,36.146167,2018,7,29,26.03,16.97,19.13,5.03,21.07,4.46
JP-Tak,137.423111,36.146167,2018,7,30,27.62,14.93,17.73,1.46,26.24,0.03
JP-Tak,137.423111,36.146167,2018,7,31,27.61,18.63,19.63,1.13,25.13,0.67
JP-Tak,137.423111,36.146167,2018,8,1,27.54,19.12,19.77,1.44,25.53,0.06
JP-Tak,137.423111,36.146167,2018,8,2,28.32,18.27,18.81,1.6,24.67,0
JP-Tak,137.423111,36.146167,2018,8,3,27.08,17.36,17.72,2.28,25.87,0
JP-Tak,137.423111,36.146167,2018,8,4,28.41,18.09,18.65,1.26,27.07,0.03
JP-Tak,137.423111,36.146167,2018,8,5,27.84,18.39,19.08,1.96,25.05,0
JP-Tak,137.423111,36.146167,2018,8,6,28.35,17.79,18.62,1.94,16.56,3.36
JP-Tak,137.423111,36.146167,2018,8,7,26.52,18.31,19.42,1.27,14.03,3.48
JP-Tak,137.423111,36.146167,2018,8,8,26.71,16.46,18.76,3.38,14.91,1.03
JP-Tak,137.423111,36.146167,2018,8,9,27.66,17.6,19.64,2.22,18.09,0.58
JP-Tak,137.423111,36.146167,2018,8,10,27.64,18.95,20.31,1.67,15.16,5.69
JP-Tak,137.423111,36.146167,2018,8,11,26.59,18.83,19.68,1.52,16.08,2.56
JP-Tak,137.423111,36.146167,2018,8,12,26.16,18.73,20.26,1.99,17.51,7.55
JP-Tak,137.423111,36.146167,2018,8,13,24.58,19.6,20.38,1.95,9.27,5.01
JP-Tak,137.423111,36.146167,2018,8,14,26.44,18.82,19.72,1.36,20.02,0.91
JP-Tak,137.423111,36.146167,2018,8,15,24.38,17.44,19.32,3.14,16.04,11.58
JP-Tak,137.423111,36.146167,2018,8,16,21.99,16.34,19.32,5.03,6.26,22.66
JP-Tak,137.423111,36.146167,2018,8,17,19.31,10.46,10.81,4.5,22.94,0.29
JP-Tak,137.423111,36.146167,2018,8,18,21.29,10.45,13.12,1.74,25.15,0
JP-Tak,137.423111,36.146167,2018,8,19,23.48,12.52,13.33,0.97,20.97,0.01
JP-Tak,137.423111,36.146167,2018,8,20,24.36,13.41,16.88,1.57,19.89,1.41
JP-Tak,137.423111,36.146167,2018,8,21,25.82,17.66,18.88,2.94,20.66,7.36
JP-Tak,137.423111,36.146167,2018,8,22,26.93,17.4,18.43,2.57,23.95,0.13
JP-Tak,137.423111,36.146167,2018,8,23,25.7,16.3,17.86,5.72,21.32,9.86
JP-Tak,137.423111,36.146167,2018,8,24,23.26,19.62,19.61,9.2,11.03,21.14
JP-Tak,137.423111,36.146167,2018,8,25,24.15,19.27,20.18,4.28,12.05,3.96
JP-Tak,137.423111,36.146167,2018,8,26,26.35,18.34,18.77,2.4,19.93,0.49
JP-Tak,137.423111,36.146167,2018,8,27,26.3,16.64,18.06,1.91,17.86,0.32
JP-Tak,137.423111,36.146167,2018,8,28,23.39,17.58,18.06,2.3,6.57,4.39
JP-Tak,137.423111,36.146167,2018,8,29,24.94,17.16,18.14,2.3,16.06,3.52
JP-Tak,137.423111,36.146167,2018,8,30,23.37,17.02,18.34,2.26,10.61,3.21
JP-Tak,137.423111,36.146167,2018,8,31,22.52,19.09,19.42,3.56,7.01,16.94
JP-Tak,137.423111,36.146167,2018,9,1,21.37,16,17.53,2.39,8.07,26.68
JP-Tak,137.423111,36.146167,2018,9,2,21.87,15.54,16.21,1.8,15.91,4.87
JP-Tak,137.423111,36.146167,2018,9,3,23.93,14.39,15.99,2.32,19.51,2.39
JP-Tak,137.423111,36.146167,2018,9,4,21.95,15.71,18.22,8.9,7.17,53.96
JP-Tak,137.423111,36.146167,2018,9,5,22.61,15.14,17.41,4.12,19.75,13.51
JP-Tak,137.423111,36.146167,2018,9,6,21.4,12.85,14.44,2.98,17.09,0.27
JP-Tak,137.423111,36.146167,2018,9,7,20.97,16.06,17.98,5.39,7.22,15.04
JP-Tak,137.423111,36.146167,2018,9,8,20.59,17.65,18.34,2.96,6.59,47.22
JP-Tak,137.423111,36.146167,2018,9,9,20.86,17.03,17.59,4.59,5.33,17.31
JP-Tak,137.423111,36.146167,2018,9,10,18.88,13.35,16.33,2.61,4.44,33.19
JP-Tak,137.423111,36.146167,2018,9,11,20.03,13.07,13.98,1.71,16.01,1.69
JP-Tak,137.423111,36.146167,2018,9,12,19.82,13.09,14,1.23,10.76,0.96
JP-Tak,137.423111,36.146167,2018,9,13,20.07,12.62,14,0.96,13.19,6.05
JP-Tak,137.423111,36.146167,2018,9,14,20.38,14.69,15.6,1.01,12.01,14.48
JP-Tak,137.423111,36.146167,2018,9,15,22.4,15.4,17.25,2.79,5.78,24.54
JP-Tak,137.423111,36.146167,2018,9,16,23.7,15.58,17.32,2.11,10.8,0.72
JP-Tak,137.423111,36.146167,2018,9,17,21.63,11.86,14.67,2.73,13.34,0.41
JP-Tak,137.423111,36.146167,2018,9,18,21.04,10.66,11.35,1.95,17.69,0.03
JP-Tak,137.423111,36.146167,2018,9,19,20.54,9.51,9.29,1.48,22.5,0
JP-Tak,137.423111,36.146167,2018,9,20,15.2,10.16,11.11,1.86,7.09,20.35
JP-Tak,137.423111,36.146167,2018,9,21,18.35,11.1,13.31,2.9,6.82,10.98
JP-Tak,137.423111,36.146167,2018,9,22,22.02,11.37,15.53,3.09,13.57,6.25
JP-Tak,137.423111,36.146167,2018,9,23,22.1,10.35,13.62,2.04,17.3,0
JP-Tak,137.423111,36.146167,2018,9,24,21.5,13.99,14.56,1.82,9.69,0.14
JP-Tak,137.423111,36.146167,2018,9,25,17.69,12.28,13.52,1.21,4.12,14.21
JP-Tak,137.423111,36.146167,2018,9,26,20.38,11.28,12.99,1.5,15.55,20.5
JP-Tak,137.423111,36.146167,2018,9,27,15.83,9.41,10.81,2.02,7.34,12.6
JP-Tak,137.423111,36.146167,2018,9,28,18.94,8.2,9.31,1.67,19.55,0.13
JP-Tak,137.423111,36.146167,2018,9,29,15.85,10.51,11.77,1.95,5.3,38.69
JP-Tak,137.423111,36.146167,2018,9,30,20.1,11.84,16.03,5.08,6.07,49.26
JP-Tak,137.423111,36.146167,2018,10,1,19.68,7.82,11.73,6.54,14.61,9.32
JP-Tak,137.423111,36.146167,2018,10,2,16.3,7.02,8.64,2.76,14.28,0.19
JP-Tak,137.423111,36.146167,2018,10,3,19.64,8.3,9.01,1.16,18.79,0
JP-Tak,137.423111,36.146167,2018,10,4,17.08,9.66,11.11,1.32,7.81,0.52
JP-Tak,137.423111,36.146167,2018,10,5,21.95,11.71,14.44,2.12,12.23,0.02
JP-Tak,137.423111,36.146167,2018,10,6,22.05,14.15,16.79,6.34,12.45,1.58
JP-Tak,137.423111,36.146167,2018,10,7,19.5,10.89,14.08,4.79,10.24,0.51
JP-Tak,137.423111,36.146167,2018,10,8,19.98,9.45,10.11,1.2,16.41,0.06
JP-Tak,137.423111,36.146167,2018,10,9,19.81,8.68,9.66,1.18,15.21,0
JP-Tak,137.423111,36.146167,2018,10,10,17.88,9.27,12.19,2.37,5.41,3.48
JP-Tak,137.423111,36.146167,2018,10,11,18.41,11.4,13.58,2.48,2.64,6.21
JP-Tak,137.423111,36.146167,2018,10,12,11.25,6.92,7.28,3.35,9.17,2.18
JP-Tak,137.423111,36.146167,2018,10,13,15.06,7.4,8.74,1.3,14.76,0.27
JP-Tak,137.423111,36.146167,2018,10,14,14.95,8.49,8.89,1.62,13.97,1.59
JP-Tak,137.423111,36.146167,2018,10,15,13.1,6.93,7.36,1.44,10.6,0.33
JP-Tak,137.423111,36.146167,2018,10,16,13.89,5.7,5.32,1.21,12.11,0.07
JP-Tak,137.423111,36.146167,2018,10,17,14.06,6.63,7.33,1.9,9.13,1.06
JP-Tak,137.423111,36.146167,2018,10,18,13.84,8.2,8.69,1.83,13.61,0.81
JP-Tak,137.423111,36.146167,2018,10,19,13.72,7.03,7.79,1.58,11.82,3.41
JP-Tak,137.423111,36.146167,2018,10,20,11.24,2.43,5.59,2.83,6.87,1.21
JP-Tak,137.423111,36.146167,2018,10,21,14.81,0.05,2.74,2.23,16.88,0
JP-Tak,137.423111,36.146167,2018,10,22,14.21,3.29,4.24,1.71,17.13,0
JP-Tak,137.423111,36.146167,2018,10,23,13.11,3.76,4.93,1.72,12.24,2.26
JP-Tak,137.423111,36.146167,2018,10,24,14.28,4.87,7.18,2,9.23,3.22
JP-Tak,137.423111,36.146167,2018,10,25,14.88,4.13,5.51,1.9,12.05,0
JP-Tak,137.423111,36.146167,2018,10,26,13.61,4.66,7.41,3.63,14.54,1.81
JP-Tak,137.423111,36.146167,2018,10,27,12.95,3.91,7.59,4.97,6.54,10.55
JP-Tak,137.423111,36.146167,2018,10,28,11.33,1.01,3.41,2.2,10.02,0.25
JP-Tak,137.423111,36.146167,2018,10,29,8.05,0.53,3.73,2.53,6.42,0.52
JP-Tak,137.423111,36.146167,2018,10,30,8.78,1.57,3.44,3.94,8.63,1.99
JP-Tak,137.423111,36.146167,2018,10,31,8.02,0.23,1.7,3.58,8.94,1.28
JP-Tak,137.423111,36.146167,2018,11,1,10.15,-0.27,1.26,2.88,11.28,0.43
JP-Tak,137.423111,36.146167,2018,11,2,11.74,0.25,2.15,1.31,13.56,0
JP-Tak,137.423111,36.146167,2018,11,3,12.06,1.67,4.03,1.79,14.18,0.04
JP-Tak,137.423111,36.146167,2018,11,4,12.91,4.8,7.48,1.53,8.02,0.67
JP-Tak,137.423111,36.146167,2018,11,5,14.69,6.94,8.88,1.46,11.41,0.7
JP-Tak,137.423111,36.146167,2018,11,6,14.06,7.57,9.41,2.26,5.56,15.15
JP-Tak,137.423111,36.146167,2018,11,7,15.25,6.61,8.1,1.54,8.53,0.06
JP-Tak,137.423111,36.146167,2018,11,8,15.56,7.4,9.03,1.74,12.35,0
JP-Tak,137.423111,36.146167,2018,11,9,16.15,6.87,10.55,3.04,4.43,6.36
JP-Tak,137.423111,36.146167,2018,11,10,11.19,1.41,5.85,2.78,7.51,0.73
JP-Tak,137.423111,36.146167,2018,11,11,12.89,1.19,1.86,1.61,11.5,0
JP-Tak,137.423111,36.146167,2018,11,12,11.39,2.42,4.24,1.55,6.98,0.24
JP-Tak,137.423111,36.146167,2018,11,13,10.4,4.01,5.09,2.14,7.72,0.67
JP-Tak,137.423111,36.146167,2018,11,14,9.51,1.1,2.39,2.45,8.03,0.97
JP-Tak,137.423111,36.146167,2018,11,15,10.19,-0.45,0.71,1.55,11.47,0.19
JP-Tak,137.423111,36.146167,2018,11,16,7.76,-0.47,2.39,2.23,11.29,0
JP-Tak,137.423111,36.146167,2018,11,17,9.17,2.93,3.95,1.94,7.98,1.18
JP-Tak,137.423111,36.146167,2018,11,18,10.86,2.81,3.66,1.56,11.57,0.11
JP-Tak,137.423111,36.146167,2018,11,19,7.95,0.81,3.08,2.91,5.01,1.38
JP-Tak,137.423111,36.146167,2018,11,20,6.28,-2.58,-1.65,2.78,10.38,0.2
JP-Tak,137.423111,36.146167,2018,11,21,8.44,-2.39,-2.02,1.36,10.59,0
JP-Tak,137.423111,36.146167,2018,11,22,5.68,-1.01,0.35,2.79,3.45,2.08
JP-Tak,137.423111,36.146167,2018,11,23,2.94,-3.5,-2.36,3.41,6.79,2.41
JP-Tak,137.423111,36.146167,2018,11,24,6.12,-3.83,-3.24,1.38,10.17,0.02
JP-Tak,137.423111,36.146167,2018,11,25,7.67,-2.32,0.55,2.11,10.5,0.09
JP-Tak,137.423111,36.146167,2018,11,26,8.27,1.69,2.96,1.96,8.44,0.17
JP-Tak,137.423111,36.146167,2018,11,27,10.92,1.18,3.46,2.27,11.83,0.01
JP-Tak,137.423111,36.146167,2018,11,28,10.81,2.89,4.83,2.22,7.85,1.97
JP-Tak,137.423111,36.146167,2018,11,29,8.08,-0.89,0.06,2.82,9.75,0.81
JP-Tak,137.423111,36.146167,2018,11,30,6.08,-1.55,-0.01,2.35,7.55,0.58
JP-Tak,137.423111,36.146167,2018,12,1,6.18,-2.26,0.31,4.17,5.16,0.36
JP-Tak,137.423111,36.146167,2018,12,2,8.83,-2.03,0.12,2.25,11.41,0
JP-Tak,137.423111,36.146167,2018,12,3,9.33,3.02,5.81,1.97,4.15,4.47
JP-Tak,137.423111,36.146167,2018,12,4,15.09,8.17,11.19,4.83,3.91,14.03
JP-Tak,137.423111,36.146167,2018,12,5,9.09,1.7,3.33,3.34,4.88,0.47
JP-Tak,137.423111,36.146167,2018,12,6,9.93,2.23,5.97,2.96,2.41,7.26
JP-Tak,137.423111,36.146167,2018,12,7,5.4,-2.43,0.94,5.21,4.55,0.98
JP-Tak,137.423111,36.146167,2018,12,8,1.15,-4,-3.99,4.76,5.95,2.14
JP-Tak,137.423111,36.146167,2018,12,9,-1.28,-5.91,-6.31,4.7,6.31,1.9
JP-Tak,137.423111,36.146167,2018,12,10,1.25,-6.65,-6.38,2.69,9.75,0.23
JP-Tak,137.423111,36.146167,2018,12,11,3.27,-6.03,-2.52,1.82,7.76,7.12
JP-Tak,137.423111,36.146167,2018,12,12,2.66,-4.4,-0.97,4.04,4.6,13.33
JP-Tak,137.423111,36.146167,2018,12,13,0.92,-6.49,-5.36,3.51,9.96,0.81
JP-Tak,137.423111,36.146167,2018,12,14,-2.48,-7.94,-6.47,4.84,6.15,1.05
JP-Tak,137.423111,36.146167,2018,12,15,-2.3,-8.21,-8.18,3.39,7.04,0.2
JP-Tak,137.423111,36.146167,2018,12,16,1.88,-7.29,-4.61,2.93,7.04,1.09
JP-Tak,137.423111,36.146167,2018,12,17,3.7,-2.04,-0.25,2.46,6.58,7.32
JP-Tak,137.423111,36.146167,2018,12,18,0.41,-4.29,-3.13,4.05,5.78,3.53
JP-Tak,137.423111,36.146167,2018,12,19,0.42,-4.45,-2.27,4.62,3.92,4.52
JP-Tak,137.423111,36.146167,2018,12,20,2.57,-2.99,-1.17,2.64,5.45,1.16
JP-Tak,137.423111,36.146167,2018,12,21,5.74,-4.24,-3.1,1.71,9.03,0.23
JP-Tak,137.423111,36.146167,2018,12,22,6.98,0.26,2.33,1.91,5.41,4.65
JP-Tak,137.423111,36.146167,2018,12,23,4.35,0.16,2.8,2.48,2.43,3.32
JP-Tak,137.423111,36.146167,2018,12,24,0.44,-8.05,-5.95,3.99,6.84,1.1
JP-Tak,137.423111,36.146167,2018,12,25,0.85,-7.99,-6.5,1.44,7.9,0.01
JP-Tak,137.423111,36.146167,2018,12,26,2.37,-4.56,-1.73,1.95,4.77,0.93
JP-Tak,137.423111,36.146167,2018,12,27,-0.01,-5.73,-4.1,5.34,5.89,2.07
JP-Tak,137.423111,36.146167,2018,12,28,-5.63,-8.72,-9.82,7.01,4.91,2.15
JP-Tak,137.423111,36.146167,2018,12,29,-4,-8.78,-8.55,5.79,4.61,2.95
JP-Tak,137.423111,36.146167,2018,12,30,-4.44,-8.22,-8.65,5.67,4.78,1.23
JP-Tak,137.423111,36.146167,2018,12,31,-2.71,-10.75,-8.87,3.34,6.99,0.35
JP-Tak,137.423111,36.146167,2019,1,1,-0.64,-10.5,-6.38,2.85,7.16,2.1
JP-Tak,137.423111,36.146167,2019,1,2,-2.79,-8.68,-6.49,2.96,5.7,2.02
JP-Tak,137.423111,36.146167,2019,1,3,-3.2,-8.25,-7.13,3.92,6.48,1.4
JP-Tak,137.423111,36.146167,2019,1,4,0.49,-10.25,-7.43,1.92,10.56,0.08
JP-Tak,137.423111,36.146167,2019,1,5,1.04,-5.91,-2.92,3.85,5.11,1.88
JP-Tak,137.423111,36.146167,2019,1,6,-4.38,-9.69,-8.69,3.48,6.12,0.1
JP-Tak,137.423111,36.146167,2019,1,7,-2.47,-9.29,-7.21,3.14,7.82,0.41
JP-Tak,137.423111,36.146167,2019,1,8,0.22,-4.04,-3.07,4.07,5.08,2.16
JP-Tak,137.423111,36.146167,2019,1,9,-2.97,-13.83,-9.55,5.08,6.98,2.08
JP-Tak,137.423111,36.146167,2019,1,10,-0.29,-13.13,-10.88,2.01,5.44,0.28
JP-Tak,137.423111,36.146167,2019,1,11,-1.26,-9.61,-6.28,4.11,7.95,0.37
JP-Tak,137.423111,36.146167,2019,1,12,1.64,-7.75,-4.29,1.43,7.88,0.02
JP-Tak,137.423111,36.146167,2019,1,13,1.03,-8.15,-6.19,2.36,8.54,0.06
JP-Tak,137.423111,36.146167,2019,1,14,0.76,-8.91,-7.07,1.69,9.68,0.02
JP-Tak,137.423111,36.146167,2019,1,15,0.79,-7.08,-3.48,4.37,4.67,1.05
JP-Tak,137.423111,36.146167,2019,1,16,-2.51,-10.23,-6.88,3.46,6.47,1.68
JP-Tak,137.423111,36.146167,2019,1,17,-0.65,-9.78,-5.16,4.49,6.15,1.97
JP-Tak,137.423111,36.146167,2019,1,18,-4.06,-8.45,-7.91,5.58,7.47,0.84
JP-Tak,137.423111,36.146167,2019,1,19,0.05,-7.12,-5.26,2.99,8.8,0.06
JP-Tak,137.423111,36.146167,2019,1,20,0.3,-6,-2.87,4.39,2.89,5.22
JP-Tak,137.423111,36.146167,2019,1,21,-3.45,-8.62,-6.84,5.18,7.69,1.38
JP-Tak,137.423111,36.146167,2019,1,22,-2.35,-9.92,-6.59,3.1,6.85,2.47
JP-Tak,137.423111,36.146167,2019,1,23,-0.98,-10.31,-4.88,3.86,5.62,1.4
JP-Tak,137.423111,36.146167,2019,1,24,-3.25,-8.54,-8.23,5.91,6.96,1.01
JP-Tak,137.423111,36.146167,2019,1,25,-2.57,-9.67,-7.68,3.22,10.82,1
JP-Tak,137.423111,36.146167,2019,1,26,-3.65,-8.64,-8.27,5.29,5.72,3.29
JP-Tak,137.423111,36.146167,2019,1,27,-3.92,-11.52,-8.96,4.21,8.11,0.82
JP-Tak,137.423111,36.146167,2019,1,28,-2.02,-11.51,-6.31,4.75,3.81,4.19
JP-Tak,137.423111,36.146167,2019,1,29,-4.53,-11.76,-8.77,5.66,8.38,0.61
JP-Tak,137.423111,36.146167,2019,1,30,1.41,-12.1,-9.03,1.8,13.03,0
JP-Tak,137.423111,36.146167,2019,1,31,0.88,-8.13,-4.58,2.84,4.05,7.5
JP-Tak,137.423111,36.146167,2019,2,1,-7,-10.59,-10.41,5.7,8.14,0.26
JP-Tak,137.423111,36.146167,2019,2,2,-0.12,-7.43,-5.05,3.77,8.71,0.13
JP-Tak,137.423111,36.146167,2019,2,3,3.41,-8.27,-3.21,3.23,5.44,6.54
JP-Tak,137.423111,36.146167,2019,2,4,3.97,-5.35,-0.81,5.73,6.72,8.16
JP-Tak,137.423111,36.146167,2019,2,5,3.24,-7.43,-5.89,1.83,12.45,0
JP-Tak,137.423111,36.146167,2019,2,6,3.78,-3.45,-2.13,1.43,4.31,0.34
JP-Tak,137.423111,36.146167,2019,2,7,4.22,-4.44,-1.94,3.61,8.26,0.72
JP-Tak,137.423111,36.146167,2019,2,8,-4.15,-11.95,-9.44,4.51,7.68,0.6
JP-Tak,137.423111,36.146167,2019,2,9,-1.67,-10.64,-6.3,3.03,5.54,1.09
JP-Tak,137.423111,36.146167,2019,2,10,-5.56,-9.76,-10.58,3.91,8.9,0.31
JP-Tak,137.423111,36.146167,2019,2,11,0.06,-8.24,-6.22,3.16,8.27,0.3
JP-Tak,137.423111,36.146167,2019,2,12,-2.09,-7.51,-7.1,4.48,8.31,0.4
JP-Tak,137.423111,36.146167,2019,2,13,-1.59,-8.57,-7.23,2.7,8.27,0.87
JP-Tak,137.423111,36.146167,2019,2,14,-3.93,-11.63,-9.99,3.47,9.55,0.55
JP-Tak,137.423111,36.146167,2019,2,15,0.14,-11.62,-6.75,2.96,8.69,0.04
JP-Tak,137.423111,36.146167,2019,2,16,1,-7.51,-4.9,4.03,6.63,1.3
JP-Tak,137.423111,36.146167,2019,2,17,-2.44,-8.99,-7.91,4.04,11.96,0.18
JP-Tak,137.423111,36.146167,2019,2,18,3.29,-10.31,-5.77,1.79,13.62,0
JP-Tak,137.423111,36.146167,2019,2,19,3.25,-2.23,-0.66,3.88,3.88,14.1
JP-Tak,137.423111,36.146167,2019,2,20,5.1,-2.1,1.08,3.21,8.17,0.98
JP-Tak,137.423111,36.146167,2019,2,21,2.15,-4.46,-4.12,4.38,8.71,0.18
JP-Tak,137.423111,36.146167,2019,2,22,5.03,-4.59,-1.77,1.86,14.61,0
JP-Tak,137.423111,36.146167,2019,2,23,1.4,-6.83,-5.28,4.33,12.62,0.02
JP-Tak,137.423111,36.146167,2019,2,24,5.39,-6.86,-3.02,2.32,17.58,0.02
JP-Tak,137.423111,36.146167,2019,2,25,7.3,-1.41,0.13,2.8,13.94,0.11
JP-Tak,137.423111,36.146167,2019,2,26,5.59,-5.04,-4.45,3.07,14.94,0
JP-Tak,137.423111,36.146167,2019,2,27,3.26,-5.26,-3.04,1.99,11.95,0.06
JP-Tak,137.423111,36.146167,2019,2,28,4.37,-0.62,1.16,1.64,5.19,13.16
JP-Tak,137.423111,36.146167,2019,3,1,5.49,-4.45,-2.27,3.38,12.22,0.07
JP-Tak,137.423111,36.146167,2019,3,2,5.68,-4.63,-4.9,2.37,17.47,0.04
JP-Tak,137.423111,36.146167,2019,3,3,6.1,-0.53,1.02,1.82,13.74,1.74
JP-Tak,137.423111,36.146167,2019,3,4,5.98,-1.23,0.89,2.17,3.71,16.11
JP-Tak,137.423111,36.146167,2019,3,5,6.88,-3.05,-3.28,2.64,15.85,0.18
JP-Tak,137.423111,36.146167,2019,3,6,4.44,-0.73,0.75,2.53,9.37,5.33
JP-Tak,137.423111,36.146167,2019,3,7,4.84,-4.31,-1.39,4.33,4.21,10.21
JP-Tak,137.423111,36.146167,2019,3,8,0.81,-6.16,-6.78,4.67,13.77,0.33
JP-Tak,137.423111,36.146167,2019,3,9,5.9,-5.27,-5.11,3,19.84,0.02
JP-Tak,137.423111,36.146167,2019,3,10,6.19,-0.36,1.06,2.6,11.61,6.92
JP-Tak,137.423111,36.146167,2019,3,11,2.56,-3.24,-0.01,4.18,6.92,23.48
JP-Tak,137.423111,36.146167,2019,3,12,3.81,-4.81,-1.36,3.03,11.82,0.54
JP-Tak,137.423111,36.146167,2019,3,13,0.99,-6.4,-4.32,6.44,9.57,2.23
JP-Tak,137.423111,36.146167,2019,3,14,-0.35,-6.97,-6.05,4.61,11.99,2.34
JP-Tak,137.423111,36.146167,2019,3,15,2.58,-7.2,-4.67,2.16,13.91,0.58
JP-Tak,137.423111,36.146167,2019,3,16,2.25,-6.57,-3.5,2.56,10.49,1.12
JP-Tak,137.423111,36.146167,2019,3,17,0.61,-6.85,-5.69,3.41,8.46,0.63
JP-Tak,137.423111,36.146167,2019,3,18,5.82,-8.31,-6.73,2.27,20.73,0
JP-Tak,137.423111,36.146167,2019,3,19,6.95,-2.2,-0.41,2.03,14.73,0.01
JP-Tak,137.423111,36.146167,2019,3,20,13.04,-0.18,0.63,2.42,19.84,0
JP-Tak,137.423111,36.146167,2019,3,21,9.93,2.01,6.62,5.96,6.99,6.82
JP-Tak,137.423111,36.146167,2019,3,22,7.8,-5.13,0,5.08,9.25,0.25
JP-Tak,137.423111,36.146167,2019,3,23,0.98,-5.32,-7.05,4.02,11.8,0.05
JP-Tak,137.423111,36.146167,2019,3,24,1.25,-5.12,-6.18,3.99,15.08,1.07
JP-Tak,137.423111,36.146167,2019,3,25,5.26,-5.2,-2.56,2.63,18.28,0.01
JP-Tak,137.423111,36.146167,2019,3,26,8.21,-1.77,-0.88,3.09,18,1.15
JP-Tak,137.423111,36.146167,2019,3,27,8.46,-4.77,-1.35,5.3,15.01,0.25
JP-Tak,137.423111,36.146167,2019,3,28,5.93,-4.02,-1.12,4.23,12.21,3.7
JP-Tak,137.423111,36.146167,2019,3,29,8.49,-4.18,-2.58,2.4,14.68,0.06
JP-Tak,137.423111,36.146167,2019,3,30,6.48,-0.08,2.18,3.3,6.25,6.17
JP-Tak,137.423111,36.146167,2019,3,31,2.84,-3.01,-1.94,5.93,12.27,5.32
JP-Tak,137.423111,36.146167,2019,4,1,1.81,-4.39,-4.49,3.14,14.45,2.34
JP-Tak,137.423111,36.146167,2019,4,2,-0.82,-6.82,-6.82,5.06,9.42,1.74
JP-Tak,137.423111,36.146167,2019,4,3,0,-6.55,-6.44,4.35,13.96,0.9
JP-Tak,137.423111,36.146167,2019,4,4,5.26,-6.2,-2.67,3.17,17.39,0.09
JP-Tak,137.423111,36.146167,2019,4,5,9.37,-1.56,0.68,4.93,20.64,0.11
JP-Tak,137.423111,36.146167,2019,4,6,9.79,-2.24,-1.63,3.62,24.2,0.03
JP-Tak,137.423111,36.146167,2019,4,7,10.82,1.13,0.18,2.86,9.86,0
JP-Tak,137.423111,36.146167,2019,4,8,10.66,-0.95,-0.69,3.96,16.54,1.38
JP-Tak,137.423111,36.146167,2019,4,9,4.35,-3.61,-3.97,4.79,19.71,0.21
JP-Tak,137.423111,36.146167,2019,4,10,4.12,-0.82,-0.07,2.3,6.26,28.53
JP-Tak,137.423111,36.146167,2019,4,11,3.93,-3.44,-2.95,5.2,12.41,1.15
JP-Tak,137.423111,36.146167,2019,4,12,4.66,-3.5,-2.04,1.89,16.51,0.23
JP-Tak,137.423111,36.146167,2019,4,13,9.98,-4.41,-1.87,2.29,25.68,0.05
JP-Tak,137.423111,36.146167,2019,4,14,7.04,0.97,2.94,4.12,9.81,9.97
JP-Tak,137.423111,36.146167,2019,4,15,5.96,-3.79,-0.39,5.31,18.8,3.15
JP-Tak,137.423111,36.146167,2019,4,16,14.4,-4.03,-1.57,2.14,26.35,0
JP-Tak,137.423111,36.146167,2019,4,17,11.54,1.52,2.02,1.5,16.7,1.5
JP-Tak,137.423111,36.146167,2019,4,18,16.25,1.18,3.54,2.08,23.47,0.03
JP-Tak,137.423111,36.146167,2019,4,19,12.47,0.21,5.09,2.96,12.53,0.06
JP-Tak,137.423111,36.146167,2019,4,20,14.56,-2.93,0.48,2.73,26.78,0
JP-Tak,137.423111,36.146167,2019,4,21,12.92,2.92,7.24,2.13,9.6,0.03
JP-Tak,137.423111,36.146167,2019,4,22,18.35,6.67,8.23,2.37,20.88,0.02
JP-Tak,137.423111,36.146167,2019,4,23,18.08,6.48,9.07,2.41,23.56,0.03
JP-Tak,137.423111,36.146167,2019,4,24,13.3,8.14,9.47,4.41,5.72,8.91
JP-Tak,137.423111,36.146167,2019,4,25,18.86,10.26,12.27,2.9,8.68,7.65
JP-Tak,137.423111,36.146167,2019,4,26,14.48,5.07,8.68,3.05,7.66,6.07
JP-Tak,137.423111,36.146167,2019,4,27,4.94,-3.89,-1.15,5.64,12.73,6.04
JP-Tak,137.423111,36.146167,2019,4,28,9.24,-5.27,-2.22,2.45,21.96,0
JP-Tak,137.423111,36.146167,2019,4,29,12.82,0.42,3.36,2.55,15.05,2.29
JP-Tak,137.423111,36.146167,2019,4,30,12.63,2.85,6.52,3.12,13.77,18.62
JP-Tak,137.423111,36.146167,2019,5,1,14.5,6.54,9.32,2.01,7.73,5.33
JP-Tak,137.423111,36.146167,2019,5,2,11.91,4.08,1.85,3.68,24.4,0.32
JP-Tak,137.423111,36.146167,2019,5,3,16.14,3.86,3.71,2.79,24.2,0
JP-Tak,137.423111,36.146167,2019,5,4,17.37,2.32,0.91,1.6,28.68,0.02
JP-Tak,137.423111,36.146167,2019,5,5,16.73,4.03,6.81,2.03,26.18,0.44
JP-Tak,137.423111,36.146167,2019,5,6,14.7,3.98,7,3.33,15.96,9.76
JP-Tak,137.423111,36.146167,2019,5,7,9.17,-0.62,-1.65,3.76,25.41,0.06
JP-Tak,137.423111,36.146167,2019,5,8,14.69,-0.58,-0.91,2.28,30.09,0
JP-Tak,137.423111,36.146167,2019,5,9,15.09,2.58,4.15,2.9,22.07,0
JP-Tak,137.423111,36.146167,2019,5,10,18.78,3.82,4.74,1.22,27.46,0
JP-Tak,137.423111,36.146167,2019,5,11,20.07,8.19,5.36,1.2,24.98,0
JP-Tak,137.423111,36.146167,2019,5,12,19.53,7.51,5.8,1.59,26.37,0.3
JP-Tak,137.423111,36.146167,2019,5,13,19.11,8.6,9.62,2.07,26.44,2.65
JP-Tak,137.423111,36.146167,2019,5,14,13.98,6.57,9.27,2.3,8.86,8.68
JP-Tak,137.423111,36.146167,2019,5,15,17.5,5.6,8.4,0.92,24.57,6.35
JP-Tak,137.423111,36.146167,2019,5,16,18.55,9.12,10.32,1.36,24.15,3.29
JP-Tak,137.423111,36.146167,2019,5,17,18.89,9.57,10.3,1.05,23.94,0.3
JP-Tak,137.423111,36.146167,2019,5,18,17.59,6.81,8.14,2.34,22.67,0
JP-Tak,137.423111,36.146167,2019,5,19,19.25,5.42,7.98,2.78,28.22,0
JP-Tak,137.423111,36.146167,2019,5,20,16.45,6.27,8.89,5.12,21.84,3.17
JP-Tak,137.423111,36.146167,2019,5,21,19,5.55,9.73,4.25,17.98,55.49
JP-Tak,137.423111,36.146167,2019,5,22,17.64,3.87,3.96,2.35,30.34,0
JP-Tak,137.423111,36.146167,2019,5,23,19.6,5.73,4.65,1.79,30.42,0
JP-Tak,137.423111,36.146167,2019,5,24,19.67,8.45,5.29,2.38,30.23,0
JP-Tak,137.423111,36.146167,2019,5,25,23.68,10.41,7.12,1.26,30.44,0
JP-Tak,137.423111,36.146167,2019,5,26,24.72,13.27,9.21,1.16,24.39,0
JP-Tak,137.423111,36.146167,2019,5,27,23.7,12.68,9.98,2.42,25.31,0
JP-Tak,137.423111,36.146167,2019,5,28,15.11,10.77,11.74,3.79,7.33,14.48
JP-Tak,137.423111,36.146167,2019,5,29,15.76,4.32,5.42,3.62,28.1,2.52
JP-Tak,137.423111,36.146167,2019,5,30,19.04,4.2,3.96,1.99,30.92,0
JP-Tak,137.423111,36.146167,2019,5,31,15.62,9.01,9.81,2.71,7.23,1.68
JP-Tak,137.423111,36.146167,2019,6,1,19.43,8.22,9.4,1.56,26.46,0
JP-Tak,137.423111,36.146167,2019,6,2,17.8,10.67,9.3,1.59,16.52,0.08
JP-Tak,137.423111,36.146167,2019,6,3,21.87,9.72,12.45,1.63,27.77,0.02
JP-Tak,137.423111,36.146167,2019,6,4,23.21,12.17,13.18,1.25,25.54,0
JP-Tak,137.423111,36.146167,2019,6,5,21.26,13.3,13.37,1.43,21.1,0.01
JP-Tak,137.423111,36.146167,2019,6,6,21.91,10.09,10.55,2.44,26.16,0.05
JP-Tak,137.423111,36.146167,2019,6,7,17.55,12.99,13.31,3.75,3.13,27.29
JP-Tak,137.423111,36.146167,2019,6,8,19.63,10.59,13.3,3.26,10.62,4.14
JP-Tak,137.423111,36.146167,2019,6,9,18.46,10.51,12.05,1.74,10.91,3.88
JP-Tak,137.423111,36.146167,2019,6,10,19.28,9.25,11.54,1.73,7.46,20.99
JP-Tak,137.423111,36.146167,2019,6,11,18.25,9.43,10.95,1.79,16.49,14.28
JP-Tak,137.423111,36.146167,2019,6,12,17.54,8.4,10.13,1.62,17.71,2.91
JP-Tak,137.423111,36.146167,2019,6,13,20.88,9.64,12.04,1.77,30.55,0.05
JP-Tak,137.423111,36.146167,2019,6,14,20.67,10.97,11.96,2.2,24.8,0.79
JP-Tak,137.423111,36.146167,2019,6,15,15.82,8.95,10.79,5.82,13.69,19.51
JP-Tak,137.423111,36.146167,2019,6,16,15.16,9.04,10.75,7.04,11.84,10.28
JP-Tak,137.423111,36.146167,2019,6,17,17.53,8.5,8.74,3.72,21.68,0.09
JP-Tak,137.423111,36.146167,2019,6,18,19.46,9.66,10.47,2.26,24.38,0.64
JP-Tak,137.423111,36.146167,2019,6,19,19.96,10.68,13.31,2.18,10.79,5.77
JP-Tak,137.423111,36.146167,2019,6,20,21.92,11.5,13.17,1.74,22.26,0.05
JP-Tak,137.423111,36.146167,2019,6,21,20.77,11.19,13.52,2.32,20.39,4.42
JP-Tak,137.423111,36.146167,2019,6,22,21.14,11.62,13.47,1.89,12.73,4.7
JP-Tak,137.423111,36.146167,2019,6,23,20.24,11.94,13.5,1.5,12.14,4.32
JP-Tak,137.423111,36.146167,2019,6,24,18.01,10.98,12.71,1.54,10.58,10.32
JP-Tak,137.423111,36.146167,2019,6,25,22.06,9.76,11.86,1.6,28.48,0.08
JP-Tak,137.423111,36.146167,2019,6,26,22.95,10.12,13.06,2.06,29.46,0.2
JP-Tak,137.423111,36.146167,2019,6,27,19.39,13.82,16.53,4.72,8.12,17.62
JP-Tak,137.423111,36.146167,2019,6,28,22.4,15.88,17.22,3.57,11.11,14.63
JP-Tak,137.423111,36.146167,2019,6,29,22.98,15.97,17.64,2.83,7.45,6.57
JP-Tak,137.423111,36.146167,2019,6,30,24.15,14.81,18.45,5.19,9.79,38.2
JP-Tak,137.423111,36.146167,2019,7,1,22.88,13.66,14.97,1.92,17.59,1.16
JP-Tak,137.423111,36.146167,2019,7,2,22.4,14.77,14.86,1.79,14.96,0.39
JP-Tak,137.423111,36.146167,2019,7,3,21.9,14.55,16.15,1.9,14.64,7.73
JP-Tak,137.423111,36.146167,2019,7,4,23.57,15.13,16.23,2.24,16.71,36.08
JP-Tak,137.423111,36.146167,2019,7,5,21.33,14.58,15.47,1.09,15.22,0.43
JP-Tak,137.423111,36.146167,2019,7,6,22.18,14,14.82,1.69,15.89,2.24
JP-Tak,137.423111,36.146167,2019,7,7,22.97,13.29,15.42,1.68,15.13,2.05
JP-Tak,137.423111,36.146167,2019,7,8,21.39,13.69,15.75,2.07,14.95,1.98
JP-Tak,137.423111,36.146167,2019,7,9,20.16,13.71,14.72,1.05,12.07,2.89
JP-Tak,137.423111,36.146167,2019,7,10,23.99,13.23,15.11,1.32,22.93,0.17
JP-Tak,137.423111,36.146167,2019,7,11,18.34,14.23,15.12,2.78,8.77,11.09
JP-Tak,137.423111,36.146167,2019,7,12,22.71,14.46,16.3,2.9,14.78,4.56
JP-Tak,137.423111,36.146167,2019,7,13,22.1,14.23,15.2,1.74,13.93,3.28
JP-Tak,137.423111,36.146167,2019,7,14,22.51,14.38,16.84,1.64,10.65,15.91
JP-Tak,137.423111,36.146167,2019,7,15,23.62,16.41,17.83,1.3,12.82,9.11
JP-Tak,137.423111,36.146167,2019,7,16,23.1,16.2,17.43,2.19,13.36,8.21
JP-Tak,137.423111,36.146167,2019,7,17,24.52,15.89,17.1,1.79,21.24,4.22
JP-Tak,137.423111,36.146167,2019,7,18,21.23,16.25,17.48,2.25,8.58,34.39
JP-Tak,137.423111,36.146167,2019,7,19,21.65,17.05,18.41,3.18,8.83,7.92
JP-Tak,137.423111,36.146167,2019,7,20,22.55,16.94,18.11,1.86,10.73,1.57
JP-Tak,137.423111,36.146167,2019,7,21,23.21,16.26,17.57,2.33,16.14,0.01
JP-Tak,137.423111,36.146167,2019,7,22,21.95,16.18,18.25,2.99,10.95,15.62
JP-Tak,137.423111,36.146167,2019,7,23,25.67,16.95,17.85,1.97,18.07,3.84
JP-Tak,137.423111,36.146167,2019,7,24,25.54,16.34,17.23,1.43,21.29,4.36
JP-Tak,137.423111,36.146167,2019,7,25,25.78,16.99,18.49,1.62,20.35,0.46
JP-Tak,137.423111,36.146167,2019,7,26,25.28,16.35,18.01,2.59,20.66,1.22
JP-Tak,137.423111,36.146167,2019,7,27,25.4,17.48,19.57,3.39,13.54,32.22
JP-Tak,137.423111,36.146167,2019,7,28,26.39,17.34,19.61,1.9,16.14,10.06
JP-Tak,137.423111,36.146167,2019,7,29,26.2,19.3,19.77,1.86,18.75,8.66
JP-Tak,137.423111,36.146167,2019,7,30,26.71,18.12,19.46,1.86,18.54,1.28
JP-Tak,137.423111,36.146167,2019,7,31,27.81,19.04,20.17,1.5,20.52,0.82
JP-Tak,137.423111,36.146167,2019,8,1,28.48,19.3,20.2,0.8,22.3,1.52
JP-Tak,137.423111,36.146167,2019,8,2,29.03,19.74,20.31,1.08,23.44,6.17
JP-Tak,137.423111,36.146167,2019,8,3,28.46,19.34,20.34,1.18,22.92,4.72
JP-Tak,137.423111,36.146167,2019,8,4,28.21,20.52,20.45,0.92,21.75,0.01
JP-Tak,137.423111,36.146167,2019,8,5,28.44,19.49,19.63,1.24,23.31,0.09
JP-Tak,137.423111,36.146167,2019,8,6,28.41,19.47,19.64,1.3,23.23,2.47
JP-Tak,137.423111,36.146167,2019,8,7,27.32,20.28,20.18,1.38,22.94,0.13
JP-Tak,137.423111,36.146167,2019,8,8,28.41,19.67,19.73,1.09,24.17,0.85
JP-Tak,137.423111,36.146167,2019,8,9,28.2,19.13,19.36,1.2,23.33,0.37
JP-Tak,137.423111,36.146167,2019,8,10,28.52,18.72,18.94,1.16,24.06,0.25
JP-Tak,137.423111,36.146167,2019,8,11,27.92,18.17,20,1.48,22.44,2.43
JP-Tak,137.423111,36.146167,2019,8,12,28.52,19.5,20,0.96,21.11,0.04
JP-Tak,137.423111,36.146167,2019,8,13,27.34,18.07,19.75,1.74,22.8,0.7
JP-Tak,137.423111,36.146167,2019,8,14,27.31,18.49,20.1,3.2,21.01,2.11
JP-Tak,137.423111,36.146167,2019,8,15,26.12,19.1,19.8,7.58,14.55,4.74
JP-Tak,137.423111,36.146167,2019,8,16,23.84,19.3,20.34,7.26,8.93,26.79
JP-Tak,137.423111,36.146167,2019,8,17,26.78,17.98,19.23,2.38,18.46,0
JP-Tak,137.423111,36.146167,2019,8,18,27.69,18.3,18.77,1.08,24.52,1.66
JP-Tak,137.423111,36.146167,2019,8,19,24.64,18.82,18.93,1.02,14.1,19.68
JP-Tak,137.423111,36.146167,2019,8,20,23.24,17.71,19.29,2.16,6.85,16.75
JP-Tak,137.423111,36.146167,2019,8,21,23.91,18.28,19.67,2.72,10.11,8.27
JP-Tak,137.423111,36.146167,2019,8,22,24.92,18.28,19.33,2.29,6.3,16.03
JP-Tak,137.423111,36.146167,2019,8,23,23.15,15.97,17.17,3.63,12.01,15.72
JP-Tak,137.423111,36.146167,2019,8,24,22.63,14.05,14.75,1.96,16.56,0.33
JP-Tak,137.423111,36.146167,2019,8,25,22.57,13.91,14.54,2.32,20.29,0.13
JP-Tak,137.423111,36.146167,2019,8,26,23.55,12.08,13.87,1.43,23.26,0.14
JP-Tak,137.423111,36.146167,2019,8,27,19.8,13.23,14.39,2.05,13.9,10.9
JP-Tak,137.423111,36.146167,2019,8,28,20.61,16.05,18.54,5.28,5.74,14.59
JP-Tak,137.423111,36.146167,2019,8,29,22.22,17.58,18.39,3.45,6.81,11.59
JP-Tak,137.423111,36.146167,2019,8,30,21.13,17.52,18.65,2.71,4.96,23.73
JP-Tak,137.423111,36.146167,2019,8,31,22.8,15.29,15.24,2.22,20.99,1.24
JP-Tak,137.423111,36.146167,2019,9,1,23.03,13.38,14.82,1.43,13.22,0
JP-Tak,137.423111,36.146167,2019,9,2,22.25,15.83,17.61,2.71,7.47,1.22
JP-Tak,137.423111,36.146167,2019,9,3,23.34,16.94,17.47,1.79,12.6,2.42
JP-Tak,137.423111,36.146167,2019,9,4,23.52,16.75,17.41,1.37,13.07,17.73
JP-Tak,137.423111,36.146167,2019,9,5,22.32,16.44,17.28,1.63,16.49,2.17
JP-Tak,137.423111,36.146167,2019,9,6,25.01,16.03,17.33,1.56,21.38,0.13
JP-Tak,137.423111,36.146167,2019,9,7,26.12,15.54,16.7,1.88,24.16,0.01
JP-Tak,137.423111,36.146167,2019,9,8,27.11,16.08,17.87,1.72,22.97,2.1
JP-Tak,137.423111,36.146167,2019,9,9,26.22,18.11,18.7,2.36,17.2,4.85
JP-Tak,137.423111,36.146167,2019,9,10,26.68,19.39,18.64,1.22,18.97,1.15
JP-Tak,137.423111,36.146167,2019,9,11,23,16.47,18.74,2.23,9.02,6.17
JP-Tak,137.423111,36.146167,2019,9,12,23.55,14.32,15.27,1.83,17.05,0.28
JP-Tak,137.423111,36.146167,2019,9,13,21.3,13.98,15.36,0.91,13.38,0
JP-Tak,137.423111,36.146167,2019,9,14,22.79,12.98,15.09,1.16,21.55,0
JP-Tak,137.423111,36.146167,2019,9,15,25.05,14,16.21,1.84,20.03,0
JP-Tak,137.423111,36.146167,2019,9,16,24.89,13.2,16.26,2.86,9.7,0.4
JP-Tak,137.423111,36.146167,2019,9,17,25.1,15.74,17.16,1.7,12.79,0.5
JP-Tak,137.423111,36.146167,2019,9,18,22.38,11.27,15.17,2.84,9.18,0.34
JP-Tak,137.423111,36.146167,2019,9,19,20.2,10.14,10.17,2.56,17.18,0.54
JP-Tak,137.423111,36.146167,2019,9,20,20.21,11.64,10.62,0.92,17.06,0.16
JP-Tak,137.423111,36.146167,2019,9,21,17.71,12.93,12.62,0.77,7.41,3.46
JP-Tak,137.423111,36.146167,2019,9,22,20.26,12.87,14.05,2.54,10.23,2.47
JP-Tak,137.423111,36.146167,2019,9,23,23.25,13.85,17.32,7.71,9.65,6.2
JP-Tak,137.423111,36.146167,2019,9,24,21.14,12.48,14.08,2.15,9.44,2.3
JP-Tak,137.423111,36.146167,2019,9,25,20.67,10.04,10.87,1.95,19.85,0.1
JP-Tak,137.423111,36.146167,2019,9,26,21.36,13.02,13.75,1.58,20.01,0
JP-Tak,137.423111,36.146167,2019,9,27,23.18,12.59,13.98,0.9,19.87,0.14
JP-Tak,137.423111,36.146167,2019,9,28,20.2,13.45,14.23,1.84,7.08,0.46
JP-Tak,137.423111,36.146167,2019,9,29,21.68,12.97,15.14,1.52,11.42,1.88
JP-Tak,137.423111,36.146167,2019,9,30,22.72,13.81,14.9,1.28,15.63,0.02
JP-Tak,137.423111,36.146167,2019,10,1,23.02,14.86,15.13,1.38,18.85,0.03
JP-Tak,137.423111,36.146167,2019,10,2,20.47,14.78,15.03,1.31,14.16,0.03
JP-Tak,137.423111,36.146167,2019,10,3,20.04,14.09,13.65,4.87,9.37,1.79
JP-Tak,137.423111,36.146167,2019,10,4,18.18,12.19,14.31,6.56,6.6,17.47
JP-Tak,137.423111,36.146167,2019,10,5,21.56,11.54,12.55,2.49,13.41,0.39
JP-Tak,137.423111,36.146167,2019,10,6,18.41,11.51,11.79,2.51,11.5,1.76
JP-Tak,137.423111,36.146167,2019,10,7,18.35,11.32,12.17,2.31,10.09,0.79
JP-Tak,137.423111,36.146167,2019,10,8,17.99,9.09,12.84,4.23,4.26,5.98
JP-Tak,137.423111,36.146167,2019,10,9,17.22,3.82,6.57,2.94,19.62,0.13
JP-Tak,137.423111,36.146167,2019,10,10,21.15,7.37,10.74,1.44,19.6,0.02
JP-Tak,137.423111,36.146167,2019,10,11,21.96,12.14,15.18,1.83,10.39,5.24
JP-Tak,137.423111,36.146167,2019,10,12,19.19,13.22,15.24,9.5,1.78,82.88
JP-Tak,137.423111,36.146167,2019,10,13,15.86,9.85,9.48,6.04,9.61,3.4
JP-Tak,137.423111,36.146167,2019,10,14,16.54,9.63,11.07,1.81,4.64,9.84
JP-Tak,137.423111,36.146167,2019,10,15,15.34,8.13,8.23,2.83,8.86,0.51
JP-Tak,137.423111,36.146167,2019,10,16,16.14,6.42,7.27,1.43,15.47,0.02
JP-Tak,137.423111,36.146167,2019,10,17,16.14,6.88,9.14,1.2,12.53,0.6
JP-Tak,137.423111,36.146167,2019,10,18,17.82,9.87,11.44,2.09,7.89,21.07
JP-Tak,137.423111,36.146167,2019,10,19,18.77,10.16,13.91,3.53,5.69,34
JP-Tak,137.423111,36.146167,2019,10,20,16.66,10.63,10.57,2.02,8.75,0.36
JP-Tak,137.423111,36.146167,2019,10,21,16.24,9.42,11.66,1.32,7.99,5.42
JP-Tak,137.423111,36.146167,2019,10,22,14.27,5.57,7.36,4.41,10.17,43.79
JP-Tak,137.423111,36.146167,2019,10,23,18.55,5.33,8.66,1.42,14.92,0.45
JP-Tak,137.423111,36.146167,2019,10,24,16.27,8.11,10.41,2.9,6.6,6.6
JP-Tak,137.423111,36.146167,2019,10,25,12.95,8.14,9.33,4.57,1.82,54.43
JP-Tak,137.423111,36.146167,2019,10,26,14.58,6.77,8.85,2.12,7.82,0.14
JP-Tak,137.423111,36.146167,2019,10,27,13.62,6.56,7.48,1.79,5.76,1.41
JP-Tak,137.423111,36.146167,2019,10,28,14.9,4.69,5.52,1.96,15.81,0.01
JP-Tak,137.423111,36.146167,2019,10,29,11.27,5.62,7.74,1.48,2.81,6.93
JP-Tak,137.423111,36.146167,2019,10,30,14.2,6.42,7.03,1.73,10.74,0.02
JP-Tak,137.423111,36.146167,2019,10,31,14.34,5.21,6.45,1.59,14.17,0
JP-Tak,137.423111,36.146167,2019,11,1,13.52,2.04,5.89,3.16,10.67,0.01
JP-Tak,137.423111,36.146167,2019,11,2,13.84,-0.03,4.47,1.89,15.58,0
JP-Tak,137.423111,36.146167,2019,11,3,12.23,4.3,5.27,1.25,10.52,0.03
JP-Tak,137.423111,36.146167,2019,11,4,10.52,0.98,2.81,3.32,10.68,0.35
JP-Tak,137.423111,36.146167,2019,11,5,11.6,-0.24,1.12,1.79,15.03,0
JP-Tak,137.423111,36.146167,2019,11,6,12.15,-0.66,1.75,1.74,10.67,0.02
JP-Tak,137.423111,36.146167,2019,11,7,10.08,0.03,3.24,3,11.3,1.06
JP-Tak,137.423111,36.146167,2019,11,8,11.34,1.17,1.74,2.39,10.97,0.03
JP-Tak,137.423111,36.146167,2019,11,9,11.88,0.48,2.6,1.89,13.23,0.24
JP-Tak,137.423111,36.146167,2019,11,10,11.55,0.47,1.76,1.86,11.88,0.23
JP-Tak,137.423111,36.146167,2019,11,11,9.79,2.36,5.25,4.6,5.68,4.96
JP-Tak,137.423111,36.146167,2019,11,12,9.89,1.98,3.05,3.98,10.92,1.16
JP-Tak,137.423111,36.146167,2019,11,13,12.6,2.29,5.18,3.68,12.03,0.97
JP-Tak,137.423111,36.146167,2019,11,14,8.96,0.16,2.85,5.29,5.17,14.65
JP-Tak,137.423111,36.146167,2019,11,15,8.26,-1.22,-0.5,2.11,12.55,0.38
JP-Tak,137.423111,36.146167,2019,11,16,7.19,-0.01,3.51,2.86,5.77,1.54
JP-Tak,137.423111,36.146167,2019,11,17,9.2,0.52,2.02,3.15,8.9,0.08
JP-Tak,137.423111,36.146167,2019,11,18,11.1,4.07,7.61,5.57,8.55,9.49
JP-Tak,137.423111,36.146167,2019,11,19,7.16,-1.03,1.36,5.16,7.54,2.65
JP-Tak,137.423111,36.146167,2019,11,20,2.61,-3.3,-2.83,4.77,7.71,0.66
JP-Tak,137.423111,36.146167,2019,11,21,7.74,-3.15,-1.44,2.32,11.85,0.06
JP-Tak,137.423111,36.146167,2019,11,22,8.74,2.13,4.69,1.36,6.62,5.81
JP-Tak,137.423111,36.146167,2019,11,23,10.12,2.18,5.06,2.35,11.21,0.72
JP-Tak,137.423111,36.146167,2019,11,24,15.73,5.26,8.18,1.61,8.85,0.5
JP-Tak,137.423111,36.146167,2019,11,25,10.37,2.42,4.77,3.35,3.73,1.06
JP-Tak,137.423111,36.146167,2019,11,26,7.12,2.4,3.54,1.5,8.48,0.86
JP-Tak,137.423111,36.146167,2019,11,27,7.64,3.28,5.02,1.87,6.2,1.28
JP-Tak,137.423111,36.146167,2019,11,28,3,-3.93,-1.57,3.95,3.71,1.52
JP-Tak,137.423111,36.146167,2019,11,29,1.18,-5,-5.81,3.27,10.24,0.61
JP-Tak,137.423111,36.146167,2019,11,30,3.34,-5.26,-4.88,3.28,9.45,0.21
JP-Tak,137.423111,36.146167,2019,12,1,6.91,-3.84,-1.03,2.75,8.29,0
JP-Tak,137.423111,36.146167,2019,12,2,10.33,0.88,4.56,4.76,1.82,18.52
JP-Tak,137.423111,36.146167,2019,12,3,2.41,-2.36,-2.02,4.78,5.83,1.1
JP-Tak,137.423111,36.146167,2019,12,4,2.37,-2.86,-1.78,4.79,4.41,2.06
JP-Tak,137.423111,36.146167,2019,12,5,2,-2.91,-2.72,4.2,5.74,2.68
JP-Tak,137.423111,36.146167,2019,12,6,-1.62,-4.61,-5.44,3.19,5.76,1.37
JP-Tak,137.423111,36.146167,2019,12,7,2.01,-3.88,-4.88,1.63,5.44,0.18
JP-Tak,137.423111,36.146167,2019,12,8,3.54,-2.79,-2.22,3.02,5.39,0.62
JP-Tak,137.423111,36.146167,2019,12,9,5.44,-1.31,1.21,2.48,10.1,0.02
JP-Tak,137.423111,36.146167,2019,12,10,8.5,1.21,3.23,1.86,10.35,0.07
JP-Tak,137.423111,36.146167,2019,12,11,11.01,-0.8,0.2,1.81,7.18,0
JP-Tak,137.423111,36.146167,2019,12,12,2.78,-4.13,-1.43,5.45,5.84,1.52
JP-Tak,137.423111,36.146167,2019,12,13,3.5,-5.33,-4.97,1.97,9.9,0.01
JP-Tak,137.423111,36.146167,2019,12,14,4.02,-4.6,-2.56,4.61,5.27,1.52
JP-Tak,137.423111,36.146167,2019,12,15,2.87,-4.73,-4.14,3.39,7.59,0
JP-Tak,137.423111,36.146167,2019,12,16,6.92,-2,-0.37,1.71,11.08,0.02
JP-Tak,137.423111,36.146167,2019,12,17,7.07,1.82,4.86,2.44,2.77,7.39
JP-Tak,137.423111,36.146167,2019,12,18,6.29,-1.89,2.5,3.21,3.66,3.69
JP-Tak,137.423111,36.146167,2019,12,19,6.5,-1.85,0.63,2.74,6.32,0.36
JP-Tak,137.423111,36.146167,2019,12,20,3.72,-2.36,-1.25,3.31,6.28,1.14
JP-Tak,137.423111,36.146167,2019,12,21,3.39,-2.23,-2.03,2.23,7.77,0.2
JP-Tak,137.423111,36.146167,2019,12,22,4.55,-4.15,-1.98,1.58,4.01,10.27
JP-Tak,137.423111,36.146167,2019,12,23,3.23,-4.18,-1.64,2.31,7.14,4.35
JP-Tak,137.423111,36.146167,2019,12,24,0.93,-6.57,-4.38,2.85,5.59,0.47
JP-Tak,137.423111,36.146167,2019,12,25,4,-5.47,-3.93,2.01,10.35,0.01
JP-Tak,137.423111,36.146167,2019,12,26,4.34,-1.16,0.57,1.18,1.78,3.3
JP-Tak,137.423111,36.146167,2019,12,27,1.46,-5.68,-2.52,6.1,4.24,13.32
JP-Tak,137.423111,36.146167,2019,12,28,-1.43,-8.35,-7.4,3.62,7.2,0.05
JP-Tak,137.423111,36.146167,2019,12,29,3.29,-8.17,-6.23,1.43,9.99,0.05
JP-Tak,137.423111,36.146167,2019,12,30,2.76,-3.47,-0.14,2.68,2.05,8.31
JP-Tak,137.423111,36.146167,2019,12,31,3.18,-7.93,-2.76,6.13,5.04,0.8
JP-Tak,137.423111,36.146167,2020,1,1,-0.4,-8.58,-6.02,4.11,6.37,1.21
JP-Tak,137.423111,36.146167,2020,1,2,1.23,-4.15,-3.05,2.85,6.22,1.35
JP-Tak,137.423111,36.146167,2020,1,3,1.5,-2.84,-2.1,4.11,4.81,1.87
JP-Tak,137.423111,36.146167,2020,1,4,0.11,-5.67,-4.01,3.66,6.84,3.21
JP-Tak,137.423111,36.146167,2020,1,5,-2.54,-6.93,-6.67,5.36,6.56,1.21
JP-Tak,137.423111,36.146167,2020,1,6,1.71,-8.82,-5.86,2.62,9.89,0
JP-Tak,137.423111,36.146167,2020,1,7,1.94,-3.76,-2.22,2.64,3.56,7.59
JP-Tak,137.423111,36.146167,2020,1,8,6.65,0.11,2.52,7.41,3.86,18.69
JP-Tak,137.423111,36.146167,2020,1,9,2.18,-2.95,-2.61,5.28,8.63,0.99
JP-Tak,137.423111,36.146167,2020,1,10,0.93,-4.84,-4.07,2.7,7.7,0.71
JP-Tak,137.423111,36.146167,2020,1,11,2.7,-5.39,-3.69,2.21,10.59,0.44
JP-Tak,137.423111,36.146167,2020,1,12,2.1,-3.6,-2.36,1.97,5.55,0.85
JP-Tak,137.423111,36.146167,2020,1,13,1.58,-3.07,-2.16,3.68,5.88,2.69
JP-Tak,137.423111,36.146167,2020,1,14,1.04,-4.19,-3.59,1.88,4.96,0.54
JP-Tak,137.423111,36.146167,2020,1,15,0.24,-6.35,-3.99,3.25,5.55,3.21
JP-Tak,137.423111,36.146167,2020,1,16,-0.52,-7.47,-6.37,1.65,7.97,0.03
JP-Tak,137.423111,36.146167,2020,1,17,2.62,-5.2,-4.47,1.53,9.09,0.19
JP-Tak,137.423111,36.146167,2020,1,18,1.11,-5.43,-4.64,2.8,6.43,0.47
JP-Tak,137.423111,36.146167,2020,1,19,1.55,-7.1,-5.18,2.81,8.42,0.7
JP-Tak,137.423111,36.146167,2020,1,20,1.77,-3.35,-2.7,4.18,6.03,1.12
JP-Tak,137.423111,36.146167,2020,1,21,-1.84,-8.92,-6.38,5.12,7.09,0.5
JP-Tak,137.423111,36.146167,2020,1,22,3.94,-8.42,-5.2,2.39,8.43,0.09
JP-Tak,137.423111,36.146167,2020,1,23,3.32,-1.78,0.81,1.27,4.59,12
JP-Tak,137.423111,36.146167,2020,1,24,4.13,-3.65,-1.02,3.04,7.52,0.49
JP-Tak,137.423111,36.146167,2020,1,25,3.96,-6.35,-4.24,1.82,8.75,0.04
JP-Tak,137.423111,36.146167,2020,1,26,4.97,-3.35,-1.74,1.99,11.3,0.52
JP-Tak,137.423111,36.146167,2020,1,27,0.89,-3.46,-3.98,4.19,3.81,4.37
JP-Tak,137.423111,36.146167,2020,1,28,3.84,-3.37,-1.37,5.41,7.86,5.74
JP-Tak,137.423111,36.146167,2020,1,29,5.49,-0.43,1.19,2.8,7.31,8.32
JP-Tak,137.423111,36.146167,2020,1,30,1.89,-3.4,-1.82,4.54,6.55,2.59
JP-Tak,137.423111,36.146167,2020,1,31,-2.06,-5.79,-6.05,5.96,9.07,1.32
JP-Tak,137.423111,36.146167,2020,2,1,-0.55,-7.24,-5.84,4.29,8.56,0.79
JP-Tak,137.423111,36.146167,2020,2,2,1.56,-8.2,-5.85,2.08,11.51,0
JP-Tak,137.423111,36.146167,2020,2,3,1.84,-5.96,-3.77,3.9,6.87,0.72
JP-Tak,137.423111,36.146167,2020,2,4,1.04,-6.47,-6.06,2.94,11.59,0.41
JP-Tak,137.423111,36.146167,2020,2,5,0.22,-8.96,-6.03,5.98,6,1.71
JP-Tak,137.423111,36.146167,2020,2,6,-7.97,-13.15,-12.56,6.14,8.26,0.51
JP-Tak,137.423111,36.146167,2020,2,7,-0.82,-13.97,-11.04,1.78,12.74,0.01
JP-Tak,137.423111,36.146167,2020,2,8,-0.09,-7.51,-6.09,3.12,7.18,1.81
JP-Tak,137.423111,36.146167,2020,2,9,-5.96,-12.32,-10.88,5.02,9.92,0.55
JP-Tak,137.423111,36.146167,2020,2,10,-2.22,-12.79,-8.26,4.16,6.81,2.05
JP-Tak,137.423111,36.146167,2020,2,11,-0.58,-7.4,-7.58,3.77,12.4,0.32
JP-Tak,137.423111,36.146167,2020,2,12,3.76,-5.85,-4.33,2.48,11.01,1.99
JP-Tak,137.423111,36.146167,2020,2,13,6.11,1.01,3.59,3.83,7.53,11.99
JP-Tak,137.423111,36.146167,2020,2,14,6.13,-0.39,1.25,1.42,7.69,0.02
JP-Tak,137.423111,36.146167,2020,2,15,7.51,-1.97,-0.95,1.92,9.72,0
JP-Tak,137.423111,36.146167,2020,2,16,8.39,0.03,4.45,3.02,3.76,19.61
JP-Tak,137.423111,36.146167,2020,2,17,1.77,-6.28,-3.79,6.12,9.63,3.93
JP-Tak,137.423111,36.146167,2020,2,18,-2.65,-6.9,-7.15,6.77,6.08,3.73
JP-Tak,137.423111,36.146167,2020,2,19,1.68,-7.82,-6.24,2.69,11.7,0.03
JP-Tak,137.423111,36.146167,2020,2,20,2.04,-4.67,-3.78,1.8,8.08,0.4
JP-Tak,137.423111,36.146167,2020,2,21,5.66,-6.49,-3.55,2.2,16.17,0.04
JP-Tak,137.423111,36.146167,2020,2,22,4.38,-3.04,0.3,5.78,3.39,7.4
JP-Tak,137.423111,36.146167,2020,2,23,-0.18,-4.74,-4.55,7.04,8.28,1.48
JP-Tak,137.423111,36.146167,2020,2,24,4.89,-5.36,-3.29,3.26,14.94,0
JP-Tak,137.423111,36.146167,2020,2,25,5.67,-1.77,-1.81,1.33,4.6,7.24
JP-Tak,137.423111,36.146167,2020,2,26,7.13,-4.22,-0.52,3,5.28,2.41
JP-Tak,137.423111,36.146167,2020,2,27,-1.75,-6.96,-6.98,5.47,9.38,0.99
JP-Tak,137.423111,36.146167,2020,2,28,1.44,-7.84,-6.28,2.48,13.21,0.1
JP-Tak,137.423111,36.146167,2020,2,29,4.55,-4.46,-1.96,1.84,13.37,1.1
JP-Tak,137.423111,36.146167,2020,3,1,8.32,-1.8,-0.45,2.33,15.09,0.3
JP-Tak,137.423111,36.146167,2020,3,2,7.12,-2.88,1.56,3.95,10.91,0.2
JP-Tak,137.423111,36.146167,2020,3,3,7.2,-3.54,-2.46,3.27,14.28,0.25
JP-Tak,137.423111,36.146167,2020,3,4,5.34,-1.55,0.2,2.87,6.06,4.6
JP-Tak,137.423111,36.146167,2020,3,5,1.29,-5.42,-4.63,8.42,8.17,3.1
JP-Tak,137.423111,36.146167,2020,3,6,2.61,-6.02,-6.11,4.82,14.82,0.04
JP-Tak,137.423111,36.146167,2020,3,7,6.09,-5.25,-3.33,2.18,17.55,0.13
JP-Tak,137.423111,36.146167,2020,3,8,4.53,-0.77,-0.08,2.54,7.56,10.97
JP-Tak,137.423111,36.146167,2020,3,9,13.91,-1.7,2.2,2.13,19.94,0
JP-Tak,137.423111,36.146167,2020,3,10,9.89,3.69,6.16,4.47,3.54,24.13
JP-Tak,137.423111,36.146167,2020,3,11,6.18,-3.32,-0.41,6.41,10.1,2.44
JP-Tak,137.423111,36.146167,2020,3,12,7.33,-5.54,-4.15,3.07,20.62,0.03
JP-Tak,137.423111,36.146167,2020,3,13,7.15,-2.03,-1.53,2.65,14.03,0.06
JP-Tak,137.423111,36.146167,2020,3,14,2.76,-4.89,-1.12,1.93,5.07,8.65
JP-Tak,137.423111,36.146167,2020,3,15,0.86,-6.51,-5.31,3.38,15.85,2.02
JP-Tak,137.423111,36.146167,2020,3,16,-0.6,-9.91,-6.9,5.86,7.86,3.97
JP-Tak,137.423111,36.146167,2020,3,17,2.49,-10.37,-4.51,4.04,11.05,2.56
JP-Tak,137.423111,36.146167,2020,3,18,6.38,-3.54,-1.77,3.12,18.35,1.84
JP-Tak,137.423111,36.146167,2020,3,19,10.41,-1.02,3.55,4.36,20.71,1.44
JP-Tak,137.423111,36.146167,2020,3,20,6.53,-3.16,-1.91,6.9,9.74,2.18
JP-Tak,137.423111,36.146167,2020,3,21,8.87,-3.89,-1.27,3.55,18.5,0
JP-Tak,137.423111,36.146167,2020,3,22,9.17,-1.17,3.12,3.98,7.21,0.85
JP-Tak,137.423111,36.146167,2020,3,23,5.19,-3.99,-4.29,3.85,20.39,0.75
JP-Tak,137.423111,36.146167,2020,3,24,0.42,-6.19,-6.6,6.25,12.01,1.54
JP-Tak,137.423111,36.146167,2020,3,25,7.08,-7.24,-4.93,2.25,23.77,0
JP-Tak,137.423111,36.146167,2020,3,26,13.24,0.78,-2.62,1.72,23,0
JP-Tak,137.423111,36.146167,2020,3,27,10.18,2.11,6.25,5.59,6.8,11.43
JP-Tak,137.423111,36.146167,2020,3,28,13.92,1.31,6.51,2.67,7.13,17.62
JP-Tak,137.423111,36.146167,2020,3,29,3.35,-1.43,-1.09,2.87,7.57,22.25
JP-Tak,137.423111,36.146167,2020,3,30,5.07,-0.91,0.6,1.86,14.76,0.22
JP-Tak,137.423111,36.146167,2020,3,31,11.44,-0.69,3.81,1.63,17.49,0.23
JP-Tak,137.423111,36.146167,2020,4,1,8.08,1.65,4.46,2.93,6.08,16.78
JP-Tak,137.423111,36.146167,2020,4,2,4.04,-4.52,-1.57,6.52,11.83,2.54
JP-Tak,137.423111,36.146167,2020,4,3,9.91,-4.81,-4.33,2.25,21.37,0
JP-Tak,137.423111,36.146167,2020,4,4,7.81,-1.19,1.14,3.48,18.69,0.47
JP-Tak,137.423111,36.146167,2020,4,5,2.58,-3.14,-3.31,4.39,14.68,0.57
JP-Tak,137.423111,36.146167,2020,4,6,5.07,-3.96,-2.95,4.69,16.01,0.15
JP-Tak,137.423111,36.146167,2020,4,7,8.46,-3.84,-4.23,2.01,21.67,0
JP-Tak,137.423111,36.146167,2020,4,8,9.07,0.4,0.72,3.19,16.42,0.09
JP-Tak,137.423111,36.146167,2020,4,9,8.22,-2.9,-2.64,2.81,22.6,0.21
JP-Tak,137.423111,36.146167,2020,4,10,4.13,-4.36,-3.83,4.17,16.34,0.76
JP-Tak,137.423111,36.146167,2020,4,11,8.42,-3.57,-2.71,2.39,19.71,0.05
JP-Tak,137.423111,36.146167,2020,4,12,6.3,-0.5,0,1.85,15.59,3.87
JP-Tak,137.423111,36.146167,2020,4,13,6.87,-1.35,0.46,8.01,4.09,27.65
JP-Tak,137.423111,36.146167,2020,4,14,4.09,-4.1,-3.15,6.25,18.82,0.87
JP-Tak,137.423111,36.146167,2020,4,15,11.58,-3.51,-2.22,2.19,21.97,0
JP-Tak,137.423111,36.146167,2020,4,16,13.03,0.3,-0.14,2.25,18.16,0.36
JP-Tak,137.423111,36.146167,2020,4,17,12.9,2.53,4.04,2.67,22.23,2.75
JP-Tak,137.423111,36.146167,2020,4,18,11.52,3.6,4.83,6.11,6.3,47.97
JP-Tak,137.423111,36.146167,2020,4,19,13.05,2.53,4.82,4.09,17.52,0.91
JP-Tak,137.423111,36.146167,2020,4,20,12.06,2.82,6.15,5.86,8.57,12.33
JP-Tak,137.423111,36.146167,2020,4,21,9.26,1.41,2.44,3.45,12.28,0.02
JP-Tak,137.423111,36.146167,2020,4,22,4.06,-3.55,-2.04,5.16,12.91,1.36
JP-Tak,137.423111,36.146167,2020,4,23,5.18,-3.61,-2,4.05,15.04,1.49
JP-Tak,137.423111,36.146167,2020,4,24,5.86,-2.48,-1.22,3.68,15.24,2
JP-Tak,137.423111,36.146167,2020,4,25,9.76,-3.42,-0.29,3.69,24.8,0
JP-Tak,137.423111,36.146167,2020,4,26,9.05,1.38,4.98,4.69,8.9,3.76
JP-Tak,137.423111,36.146167,2020,4,27,10.34,-0.15,-0.33,2.46,21.48,0.35
JP-Tak,137.423111,36.146167,2020,4,28,8.33,-0.4,-1.84,2.53,21.77,0
JP-Tak,137.423111,36.146167,2020,4,29,13.37,-0.28,-0.26,2.58,23.15,0
JP-Tak,137.423111,36.146167,2020,4,30,16.46,4.58,4,2.53,24.7,0
JP-Tak,137.423111,36.146167,2020,5,1,15.69,6.2,8.95,3.6,21.53,0
JP-Tak,137.423111,36.146167,2020,5,2,21.72,7.07,10.93,2.32,25,0
JP-Tak,137.423111,36.146167,2020,5,3,19.5,8.85,9.46,2.54,14.66,0
JP-Tak,137.423111,36.146167,2020,5,4,19.45,8.44,11.54,2.67,19.12,1.49
JP-Tak,137.423111,36.146167,2020,5,5,20.86,8.96,8.33,2,21.33,0.04
JP-Tak,137.423111,36.146167,2020,5,6,14.9,4.88,8.9,3.05,7.06,11.36
JP-Tak,137.423111,36.146167,2020,5,7,13.18,1.85,1.73,3.94,27.27,0
JP-Tak,137.423111,36.146167,2020,5,8,16.81,2.58,6.23,2.68,28.88,0.01
JP-Tak,137.423111,36.146167,2020,5,9,11.31,4.45,6.37,3.04,10.9,2.59
JP-Tak,137.423111,36.146167,2020,5,10,19.05,8.49,13.26,5.43,10.22,8.99
JP-Tak,137.423111,36.146167,2020,5,11,18.86,8.91,7.26,3.45,28.86,0.28
JP-Tak,137.423111,36.146167,2020,5,12,17.96,8.64,5.92,2.63,22.05,0
JP-Tak,137.423111,36.146167,2020,5,13,13.79,2.61,5.49,4.04,21.21,0
JP-Tak,137.423111,36.146167,2020,5,14,17.64,2.02,2.27,2.48,27.33,0
JP-Tak,137.423111,36.146167,2020,5,15,15.62,7.95,6.3,2.07,16.37,0.5
JP-Tak,137.423111,36.146167,2020,5,16,12.96,8.28,9.28,3.06,7.51,19.69
JP-Tak,137.423111,36.146167,2020,5,17,19.86,8.67,11.03,2.33,17.54,0.19
JP-Tak,137.423111,36.146167,2020,5,18,19.48,11.14,12.21,2.44,17.2,3.52
JP-Tak,137.423111,36.146167,2020,5,19,21.1,11.3,13.55,2.73,17.51,28.37
JP-Tak,137.423111,36.146167,2020,5,20,15.04,7.4,8.34,2.91,16.63,1.81
JP-Tak,137.423111,36.146167,2020,5,21,13.86,6.54,7.64,2.76,10.35,0.14
JP-Tak,137.423111,36.146167,2020,5,22,18.1,8.11,9.85,1.56,23.58,0.02
JP-Tak,137.423111,36.146167,2020,5,23,18.98,8.7,10.7,2.03,20.1,0
JP-Tak,137.423111,36.146167,2020,5,24,19.88,10.21,11.59,2.67,24.55,0.04
JP-Tak,137.423111,36.146167,2020,5,25,19.64,9.1,12.12,2.16,16.27,3.52
JP-Tak,137.423111,36.146167,2020,5,26,18.45,11,10,1.67,16.38,6.38
JP-Tak,137.423111,36.146167,2020,5,27,17.15,7.8,9.44,3.25,20.23,0.6
JP-Tak,137.423111,36.146167,2020,5,28,19.34,5.24,5.67,1.71,27.89,0.01
JP-Tak,137.423111,36.146167,2020,5,29,18.77,6.53,6.56,1.57,27,0.18
JP-Tak,137.423111,36.146167,2020,5,30,18.74,8.1,9.01,1.91,25.04,2.69
JP-Tak,137.423111,36.146167,2020,5,31,15.37,9.13,9.82,1.87,12.21,0.92
JP-Tak,137.423111,36.146167,2020,6,1,18.22,8.38,11.86,2.05,15.67,0.15
JP-Tak,137.423111,36.146167,2020,6,2,20.87,12.3,12.2,2.49,23.58,0.44
JP-Tak,137.423111,36.146167,2020,6,3,19.59,11.84,11.99,2.05,20.91,0
JP-Tak,137.423111,36.146167,2020,6,4,22.49,11.93,12.35,1.95,26.56,0
JP-Tak,137.423111,36.146167,2020,6,5,23.29,12.07,14.67,2.39,24.51,0.2
JP-Tak,137.423111,36.146167,2020,6,6,20.29,12.64,11.25,1.44,18.89,0.06
JP-Tak,137.423111,36.146167,2020,6,7,22.07,9.34,11.46,1.52,28.34,0.07
JP-Tak,137.423111,36.146167,2020,6,8,23.02,10.95,11.25,1.4,29.94,0
JP-Tak,137.423111,36.146167,2020,6,9,24.74,11.54,13.52,1.48,27.24,0.01
JP-Tak,137.423111,36.146167,2020,6,10,23.7,13.11,14.69,2.94,25.61,1.79
JP-Tak,137.423111,36.146167,2020,6,11,22.15,15.39,17.27,4.6,8.09,31.76
JP-Tak,137.423111,36.146167,2020,6,12,23.87,16.02,17.51,2.1,12.55,4.64
JP-Tak,137.423111,36.146167,2020,6,13,20.6,16.84,17.45,1.39,7.48,36.15
JP-Tak,137.423111,36.146167,2020,6,14,21.18,16.45,18.41,4.87,4.32,39.41
JP-Tak,137.423111,36.146167,2020,6,15,22.61,12.76,14.43,3.4,22.55,0.87
JP-Tak,137.423111,36.146167,2020,6,16,20.6,10.28,11.3,2.77,22.38,0
JP-Tak,137.423111,36.146167,2020,6,17,22.21,8.03,10.66,2.12,29.16,0.03
JP-Tak,137.423111,36.146167,2020,6,18,18.27,11.57,11.78,1.58,14.85,11.13
JP-Tak,137.423111,36.146167,2020,6,19,17.25,10.94,12.53,2.58,10.43,29.51
JP-Tak,137.423111,36.146167,2020,6,20,21.42,9.81,12.2,2.01,19.19,0
JP-Tak,137.423111,36.146167,2020,6,21,21.94,12.1,13.63,1.61,26.63,0.13
JP-Tak,137.423111,36.146167,2020,6,22,19.39,12.85,13.22,3.34,11.98,3.49
JP-Tak,137.423111,36.146167,2020,6,23,23.97,11.84,13.23,1.8,25.49,0.13
JP-Tak,137.423111,36.146167,2020,6,24,23.2,14.27,16.02,2.05,20.39,2.86
JP-Tak,137.423111,36.146167,2020,6,25,23.95,14.58,17.73,3.17,14.8,6.37
JP-Tak,137.423111,36.146167,2020,6,26,23.01,14.35,18.23,4.29,6.89,11.6
JP-Tak,137.423111,36.146167,2020,6,27,21.41,12.25,14.46,2.27,19.25,0.86
JP-Tak,137.423111,36.146167,2020,6,28,22.16,13.31,15.54,2.52,15.5,32.58
JP-Tak,137.423111,36.146167,2020,6,29,22.54,10.83,13.27,2.08,22.46,0.06
JP-Tak,137.423111,36.146167,2020,6,30,19.63,13.08,15.89,5.81,6.38,32.72
JP-Tak,137.423111,36.146167,2020,7,1,22.77,16.74,18.62,5.92,11.9,27.4
JP-Tak,137.423111,36.146167,2020,7,2,20.64,13.78,14.89,3.48,18.38,1.35
JP-Tak,137.423111,36.146167,2020,7,3,19.41,12.98,13.01,2.15,12.54,13.47
JP-Tak,137.423111,36.146167,2020,7,4,23.09,13.98,17.93,5.71,8.04,47.17
JP-Tak,137.423111,36.146167,2020,7,5,22.41,14.75,16.76,3.04,9.97,3.71
JP-Tak,137.423111,36.146167,2020,7,6,20.87,17.23,18.04,6.24,4.93,46.16
JP-Tak,137.423111,36.146167,2020,7,7,21.74,18.16,18.8,6.61,5.69,29.38
JP-Tak,137.423111,36.146167,2020,7,8,21.47,17.89,18.44,3.78,10.38,47.24
JP-Tak,137.423111,36.146167,2020,7,9,20.07,15.85,17.51,3.31,10.48,12.04
JP-Tak,137.423111,36.146167,2020,7,10,19.82,15.8,16.89,4.21,9.4,17.41
JP-Tak,137.423111,36.146167,2020,7,11,22.37,18.41,19.42,6.35,8.9,30.1
JP-Tak,137.423111,36.146167,2020,7,12,21.7,13.61,15.82,3.59,13.2,2.55
JP-Tak,137.423111,36.146167,2020,7,13,17.08,12.75,13.35,2.15,11.78,17.19
JP-Tak,137.423111,36.146167,2020,7,14,19.97,15.2,17.02,5.24,6.53,25.27
JP-Tak,137.423111,36.146167,2020,7,15,20.67,14.43,15.95,2.42,8.86,6.83
JP-Tak,137.423111,36.146167,2020,7,16,23.06,13.86,15.6,1.64,17.7,3.3
JP-Tak,137.423111,36.146167,2020,7,17,22.03,15.66,16.76,1.25,13.96,16.88
JP-Tak,137.423111,36.146167,2020,7,18,22.78,17.02,18.26,3.38,13.02,10.75
JP-Tak,137.423111,36.146167,2020,7,19,24.21,16.2,17.51,2.1,23.35,0.03
JP-Tak,137.423111,36.146167,2020,7,20,24.01,16.95,18.74,1.64,13.49,2.52
JP-Tak,137.423111,36.146167,2020,7,21,24.65,18.23,19.28,1.85,14.97,11.93
JP-Tak,137.423111,36.146167,2020,7,22,23.81,17.15,16.46,1.94,19.65,4.11
JP-Tak,137.423111,36.146167,2020,7,23,22.35,15.99,16.52,1.8,9.28,12.14
JP-Tak,137.423111,36.146167,2020,7,24,19.61,14.92,16.47,2.58,8.77,15.45
JP-Tak,137.423111,36.146167,2020,7,25,19.82,16.84,17.16,3.73,7.91,51.51
JP-Tak,137.423111,36.146167,2020,7,26,21.23,17.15,18.33,3.81,9.11,33.36
JP-Tak,137.423111,36.146167,2020,7,27,21.2,17.02,18.26,3.68,8.52,13.01
JP-Tak,137.423111,36.146167,2020,7,28,21.74,17.74,19.18,4.11,5.31,16.83
JP-Tak,137.423111,36.146167,2020,7,29,23.56,17.68,18.48,1.97,12.3,3.13
JP-Tak,137.423111,36.146167,2020,7,30,24.88,17.48,18.79,2.08,16.36,5.19
JP-Tak,137.423111,36.146167,2020,7,31,24.02,16.23,17.87,2.24,20.23,8.03
JP-Tak,137.423111,36.146167,2020,8,1,24.84,14.34,16.61,1.64,23.54,2.26
JP-Tak,137.423111,36.146167,2020,8,2,24.82,16.07,17.42,1.56,22.65,2.86
JP-Tak,137.423111,36.146167,2020,8,3,23.34,16.92,18.17,1.95,15.72,1.32
JP-Tak,137.423111,36.146167,2020,8,4,26.43,17.1,18.19,1.29,21.8,0.01
JP-Tak,137.423111,36.146167,2020,8,5,27.77,18.14,18.41,0.92,21.5,1.79
JP-Tak,137.423111,36.146167,2020,8,6,26.29,17.97,19.16,1.97,23.1,0.04
JP-Tak,137.423111,36.146167,2020,8,7,24.79,17.65,19.32,3.08,5.55,5.46
JP-Tak,137.423111,36.146167,2020,8,8,23.46,17.91,18.99,2.6,8.29,0.68
JP-Tak,137.423111,36.146167,2020,8,9,25.34,18.47,19.58,3.07,14.42,0.1
JP-Tak,137.423111,36.146167,2020,8,10,25.91,17.01,18.87,2.39,23.61,0.12
JP-Tak,137.423111,36.146167,2020,8,11,26.29,18.56,20.42,3.4,20.14,2.76
JP-Tak,137.423111,36.146167,2020,8,12,26.19,18.92,20.32,2.25,15.76,5.6
JP-Tak,137.423111,36.146167,2020,8,13,25.33,18.02,19.49,2.45,10.93,5.93
JP-Tak,137.423111,36.146167,2020,8,14,26.97,17.77,19.37,2.01,24.8,0
JP-Tak,137.423111,36.146167,2020,8,15,26.78,18.95,19.88,2.53,19.32,0
JP-Tak,137.423111,36.146167,2020,8,16,26.88,17.69,18.69,2.25,21.93,0
JP-Tak,137.423111,36.146167,2020,8,17,26.99,17.37,16.66,2.03,17.9,0.03
JP-Tak,137.423111,36.146167,2020,8,18,26.57,16.39,17.6,2.19,22.37,0.1
JP-Tak,137.423111,36.146167,2020,8,19,28.48,18.37,19.76,1.13,26.09,0.01
JP-Tak,137.423111,36.146167,2020,8,20,28.89,19.22,20.47,0.86,24.55,0.48
JP-Tak,137.423111,36.146167,2020,8,21,27.45,20.6,20.31,0.97,22.19,1.35
JP-Tak,137.423111,36.146167,2020,8,22,26.49,19.19,19.35,0.77,20.66,8.9
JP-Tak,137.423111,36.146167,2020,8,23,24.21,18.21,17.57,0.74,21.2,0.72
JP-Tak,137.423111,36.146167,2020,8,24,26.01,16.92,17.51,1.04,19.92,1.2
JP-Tak,137.423111,36.146167,2020,8,25,26.4,16.86,18.19,1.17,22.71,0.09
JP-Tak,137.423111,36.146167,2020,8,26,27.28,18.1,18.68,1.24,22.58,0.02
JP-Tak,137.423111,36.146167,2020,8,27,25.63,17.1,18.9,1.71,20.47,1.16
JP-Tak,137.423111,36.146167,2020,8,28,27.3,17.87,19.71,1.98,18.56,2.63
JP-Tak,137.423111,36.146167,2020,8,29,27.84,18.35,19.69,0.99,19.5,9.98
JP-Tak,137.423111,36.146167,2020,8,30,24.59,19.94,20.35,1.54,20.76,1.99
JP-Tak,137.423111,36.146167,2020,8,31,26.71,18.8,19.79,1.22,16.95,4.5
JP-Tak,137.423111,36.146167,2020,9,1,26.28,18.9,20.09,1.85,15.53,1.4
JP-Tak,137.423111,36.146167,2020,9,2,27.17,18.16,19.34,2.52,20.67,0.31
JP-Tak,137.423111,36.146167,2020,9,3,25.03,18.98,19.84,5.57,13.78,12.06
JP-Tak,137.423111,36.146167,2020,9,4,23.58,17.36,18.12,1.6,11.8,9.38
JP-Tak,137.423111,36.146167,2020,9,5,26.94,17.22,18.39,1.13,18.85,6.45
JP-Tak,137.423111,36.146167,2020,9,6,25.26,17.35,18.44,2.57,16.99,4.77
JP-Tak,137.423111,36.146167,2020,9,7,24.07,17.41,19.31,7.52,10.74,12.44
JP-Tak,137.423111,36.146167,2020,9,8,23.56,16.99,18.4,4.15,16.76,1.93
JP-Tak,137.423111,36.146167,2020,9,9,22.28,15.86,16.78,2.07,15.38,5.49
JP-Tak,137.423111,36.146167,2020,9,10,22.21,15.94,15.97,2.61,9.48,16.3
JP-Tak,137.423111,36.146167,2020,9,11,23.49,15.82,17.04,1.46,15.62,6.66
JP-Tak,137.423111,36.146167,2020,9,12,23.77,15.38,17.01,2.18,17.93,0.68
JP-Tak,137.423111,36.146167,2020,9,13,21.49,15.33,17.62,2.32,7.73,5.91
JP-Tak,137.423111,36.146167,2020,9,14,21.24,12.34,13.81,1.84,15.61,0.55
JP-Tak,137.423111,36.146167,2020,9,15,21.08,11.92,13.42,1.83,16.79,0.06
JP-Tak,137.423111,36.146167,2020,9,16,22.25,11.88,13.82,1.75,14.17,0.31
JP-Tak,137.423111,36.146167,2020,9,17,22.91,14.07,16.96,2.48,10.33,7.61
JP-Tak,137.423111,36.146167,2020,9,18,22.37,15.57,18.26,5.13,4.16,12.46
JP-Tak,137.423111,36.146167,2020,9,19,20.4,11.24,12.44,2.08,15.56,0.36
JP-Tak,137.423111,36.146167,2020,9,20,18.47,10.58,9.84,1.52,14.03,0.5
JP-Tak,137.423111,36.146167,2020,9,21,21.02,10.68,11.51,1.37,16.86,0.14
JP-Tak,137.423111,36.146167,2020,9,22,19.99,12.17,12.2,1,14.33,0.31
JP-Tak,137.423111,36.146167,2020,9,23,19.17,11.43,12.84,2.47,16.69,0.66
JP-Tak,137.423111,36.146167,2020,9,24,21.08,11.52,13.07,2.46,13.16,2.27
JP-Tak,137.423111,36.146167,2020,9,25,16.21,11.47,12.87,2.77,2.55,40.61
JP-Tak,137.423111,36.146167,2020,9,26,20.62,11.71,13.51,1.39,8.54,7.41
JP-Tak,137.423111,36.146167,2020,9,27,17.81,9.55,11.65,2.94,12.39,5.21
JP-Tak,137.423111,36.146167,2020,9,28,18.88,8.83,10.75,2.33,14.92,0.71
JP-Tak,137.423111,36.146167,2020,9,29,17.84,11.68,12.31,1.07,15.44,0
JP-Tak,137.423111,36.146167,2020,9,30,19.85,11.99,12.23,0.97,15.66,0.33
JP-Tak,137.423111,36.146167,2020,10,1,18.2,8.88,11.08,2.08,12.23,1.59
JP-Tak,137.423111,36.146167,2020,10,2,19.08,8.39,11.33,2.18,19.73,0.09
JP-Tak,137.423111,36.146167,2020,10,3,18.93,10.5,11.85,1.38,6.66,0
JP-Tak,137.423111,36.146167,2020,10,4,17.45,11.29,12.89,2.01,7.8,0.31
JP-Tak,137.423111,36.146167,2020,10,5,17.82,5.63,10.92,3.72,7.62,0.8
JP-Tak,137.423111,36.146167,2020,10,6,16.75,5.39,6.51,2.26,12.62,0.44
JP-Tak,137.423111,36.146167,2020,10,7,17.38,6.36,8.58,1.42,11.9,8.91
JP-Tak,137.423111,36.146167,2020,10,8,11.04,7.47,8.1,2.72,2.44,36.54
JP-Tak,137.423111,36.146167,2020,10,9,12.31,7.76,8.8,4.01,3.89,23.59
JP-Tak,137.423111,36.146167,2020,10,10,15.36,9.52,11.03,3.48,8.34,38.25
JP-Tak,137.423111,36.146167,2020,10,11,21.78,10.38,13.39,1.69,10.11,0.24
JP-Tak,137.423111,36.146167,2020,10,12,20.34,13.06,14.25,1.89,12.01,3.28
JP-Tak,137.423111,36.146167,2020,10,13,19.57,10.94,12.09,2.11,10.01,2.2
JP-Tak,137.423111,36.146167,2020,10,14,17.66,9.93,10.77,1.64,13.32,2.15
JP-Tak,137.423111,36.146167,2020,10,15,15.94,7.46,8.06,2.79,10.27,0.8
JP-Tak,137.423111,36.146167,2020,10,16,15.09,7.72,8.26,1.74,16.4,0.84
JP-Tak,137.423111,36.146167,2020,10,17,9.21,4.24,5.75,1.61,3.92,18.14
JP-Tak,137.423111,36.146167,2020,10,18,14.06,3.88,5.24,1.19,13.14,0.05
JP-Tak,137.423111,36.146167,2020,10,19,10.62,4.5,5.05,1.1,5.53,1.43
JP-Tak,137.423111,36.146167,2020,10,20,15.11,4.11,5.6,2.2,15.65,0
JP-Tak,137.423111,36.146167,2020,10,21,14.48,3.46,5.23,1.82,17.39,0
JP-Tak,137.423111,36.146167,2020,10,22,13.58,6.38,6.93,2.11,5.2,5.36
JP-Tak,137.423111,36.146167,2020,10,23,13.48,5.21,9.06,3.76,2.62,32.92
JP-Tak,137.423111,36.146167,2020,10,24,9.32,2.22,3.44,4.34,8.53,3.26
JP-Tak,137.423111,36.146167,2020,10,25,9.61,1.19,2.63,3.86,11.74,0.23
JP-Tak,137.423111,36.146167,2020,10,26,12.97,3.07,4.66,2.37,12.04,0.01
JP-Tak,137.423111,36.146167,2020,10,27,13.97,2.1,4.06,1.7,15.17,0
JP-Tak,137.423111,36.146167,2020,10,28,11.73,3.51,4.44,1.69,9.9,0.01
JP-Tak,137.423111,36.146167,2020,10,29,11.16,0.53,2.83,3,12.37,0.9
JP-Tak,137.423111,36.146167,2020,10,30,8.9,-1.64,0.52,3.51,10.84,0.2
JP-Tak,137.423111,36.146167,2020,10,31,12.43,-1.92,0.04,2.06,16.25,0
JP-Tak,137.423111,36.146167,2020,11,1,9.76,0.8,2.84,2.12,10.16,0.01
JP-Tak,137.423111,36.146167,2020,11,2,11.63,6.1,8.24,2.48,2.99,13.57
JP-Tak,137.423111,36.146167,2020,11,3,9.83,0.82,2.96,3.7,12.62,2.8
JP-Tak,137.423111,36.146167,2020,11,4,5.78,-1.38,-0.03,3.5,8.36,1.81
JP-Tak,137.423111,36.146167,2020,11,5,10.51,-1.09,0.77,1.74,14.06,0
JP-Tak,137.423111,36.146167,2020,11,6,12.85,3,-0.55,1.66,6.5,0
JP-Tak,137.423111,36.146167,2020,11,7,14.22,3.45,8.18,2.39,3.85,5.53
JP-Tak,137.423111,36.146167,2020,11,8,11.52,2.74,5.79,3.67,8.16,0.73
JP-Tak,137.423111,36.146167,2020,11,9,5.8,-1.47,-0.52,3.7,7.81,1.19
JP-Tak,137.423111,36.146167,2020,11,10,5.12,-2.24,-0.98,2.76,9.09,1.63
JP-Tak,137.423111,36.146167,2020,11,11,6.63,-2.75,-0.98,3.05,7.42,0.59
JP-Tak,137.423111,36.146167,2020,11,12,10.18,2.74,3.72,1.43,13.35,0.44
JP-Tak,137.423111,36.146167,2020,11,13,11.71,2.45,4.76,1.97,12.7,0.05
JP-Tak,137.423111,36.146167,2020,11,14,11.28,-1.22,0.86,3.1,12.8,0
JP-Tak,137.423111,36.146167,2020,11,15,11.26,1.88,5.9,2.78,12.2,0
JP-Tak,137.423111,36.146167,2020,11,16,12.41,2.89,6.38,2.78,9.32,0.01
JP-Tak,137.423111,36.146167,2020,11,17,13.78,1.37,5.57,2.53,12.74,0
JP-Tak,137.423111,36.146167,2020,11,18,15.04,6.18,8.97,1.99,11.29,0.02
JP-Tak,137.423111,36.146167,2020,11,19,14.72,7.13,10.34,5.2,9.19,0.39
JP-Tak,137.423111,36.146167,2020,11,20,15.93,5.9,11.51,5.88,2.63,8.66
JP-Tak,137.423111,36.146167,2020,11,21,7.33,0.61,1.55,4.87,11.07,0.65
JP-Tak,137.423111,36.146167,2020,11,22,10.07,2.82,7.23,4.09,8.67,1.18
JP-Tak,137.423111,36.146167,2020,11,23,7.71,-1.81,2.27,3.78,7.07,2.01
JP-Tak,137.423111,36.146167,2020,11,24,10.27,-2.67,-0.43,2.02,11.51,0
JP-Tak,137.423111,36.146167,2020,11,25,10.13,0.67,2.28,1.75,9.01,0
JP-Tak,137.423111,36.146167,2020,11,26,7.95,0.34,2.59,2.19,6.12,0.32
JP-Tak,137.423111,36.146167,2020,11,27,9.58,2.41,3.63,3.19,9.69,1.19
JP-Tak,137.423111,36.146167,2020,11,28,4.55,-2.45,-1.19,4.41,6.12,2.63
JP-Tak,137.423111,36.146167,2020,11,29,5.68,-1.98,-1.63,1.72,9.39,0.16
JP-Tak,137.423111,36.146167,2020,11,30,4.39,-2.35,-0.73,2.87,7.66,1.71
JP-Tak,137.423111,36.146167,2020,12,1,6.18,-2.36,-0.94,2.15,9.04,0.38
JP-Tak,137.423111,36.146167,2020,12,2,8.4,-1.15,1.69,2.02,10.22,0.02
JP-Tak,137.423111,36.146167,2020,12,3,5.86,-1.1,0.88,3.61,7.64,2.16
JP-Tak,137.423111,36.146167,2020,12,4,4.66,-3.51,-2.89,2.64,8.45,0.81
JP-Tak,137.423111,36.146167,2020,12,5,5.4,-3.54,-0.8,2.72,7.38,0.24
JP-Tak,137.423111,36.146167,2020,12,6,7.57,-3.67,-3.03,1.32,8.65,0.01
JP-Tak,137.423111,36.146167,2020,12,7,7.11,-0.95,0.29,2.1,8.24,0.35
JP-Tak,137.423111,36.146167,2020,12,8,4.43,-2.69,-0.19,3.18,5.22,2.07
JP-Tak,137.423111,36.146167,2020,12,9,6.24,-3.29,-1.97,1.69,9.28,0.13
JP-Tak,137.423111,36.146167,2020,12,10,5.92,-2.25,-0.28,1.78,6.22,0.4
JP-Tak,137.423111,36.146167,2020,12,11,5.75,-0.95,-0.26,1.18,7.87,0.25
JP-Tak,137.423111,36.146167,2020,12,12,4.73,-0.21,1.17,1.86,3.15,2.12
JP-Tak,137.423111,36.146167,2020,12,13,2.96,-2.54,-1.05,3.57,4.12,1.18
JP-Tak,137.423111,36.146167,2020,12,14,-0.83,-6.37,-4.86,4.64,3.33,3.32
JP-Tak,137.423111,36.146167,2020,12,15,-2.25,-6.76,-6.14,5.66,4.83,5.35
JP-Tak,137.423111,36.146167,2020,12,16,-3.88,-8.38,-7.09,4.93,3.14,8.45
JP-Tak,137.423111,36.146167,2020,12,17,-4.75,-9.26,-8.51,4.56,5.59,3.9
JP-Tak,137.423111,36.146167,2020,12,18,-0.9,-6.56,-3.82,3.62,4.75,3.6
JP-Tak,137.423111,36.146167,2020,12,19,-2.34,-7.04,-5.89,4.42,4.74,3.19
JP-Tak,137.423111,36.146167,2020,12,20,-4.54,-9.78,-8.27,4.12,5.11,1.73
JP-Tak,137.423111,36.146167,2020,12,21,-1.74,-9.34,-6.86,1.86,7.11,0.35
JP-Tak,137.423111,36.146167,2020,12,22,-0.55,-6.66,-4.55,1.98,6.49,1.52
JP-Tak,137.423111,36.146167,2020,12,23,0.78,-5.2,-3.79,1.72,8.16,1.67
JP-Tak,137.423111,36.146167,2020,12,24,1.07,-7.69,-3.68,2.66,4.36,1.39
JP-Tak,137.423111,36.146167,2020,12,25,-0.55,-4.57,-2.91,5.04,4.18,9.2
JP-Tak,137.423111,36.146167,2020,12,26,-1.06,-5.04,-4.66,4.06,4.7,1.51
JP-Tak,137.423111,36.146167,2020,12,27,1.99,-4.36,-2.19,1.42,6.97,0.97
JP-Tak,137.423111,36.146167,2020,12,28,2.25,-3.68,-1.79,2.16,5.17,3.95
JP-Tak,137.423111,36.146167,2020,12,29,3.47,-5.48,-4.38,1.72,6.73,0
JP-Tak,137.423111,36.146167,2020,12,30,1.9,-9.81,-3.2,5.35,2.68,14.91
JP-Tak,137.423111,36.146167,2020,12,31,-6.77,-11.14,-10.27,4.74,5.33,6.19
JP-Tak,137.423111,36.146167,2021,1,1,-4.4,-7.35,-6.95,5.56,5.84,7.03
JP-Tak,137.423111,36.146167,2021,1,2,-2.44,-7.53,-5.99,3.52,4.35,3.4
JP-Tak,137.423111,36.146167,2021,1,3,-2.7,-7.74,-6.47,2.32,5.09,0.69
JP-Tak,137.423111,36.146167,2021,1,4,-1.41,-5.67,-5.3,2.93,5.47,1.89
JP-Tak,137.423111,36.146167,2021,1,5,-0.28,-5.38,-3.62,3,4.36,2
JP-Tak,137.423111,36.146167,2021,1,6,-1.61,-6.27,-5.58,3.12,6.67,2.07
JP-Tak,137.423111,36.146167,2021,1,7,-3.78,-11.49,-7.96,6.96,3.46,4.95
JP-Tak,137.423111,36.146167,2021,1,8,-7.61,-12.35,-10.64,5.09,2.8,3.55
JP-Tak,137.423111,36.146167,2021,1,9,-6.91,-9.53,-9.42,5.15,4.47,5.57
JP-Tak,137.423111,36.146167,2021,1,10,-5.39,-9.21,-8.66,3.04,6.86,2.56
JP-Tak,137.423111,36.146167,2021,1,11,-4.13,-9.13,-8.14,2.62,6.1,1.64
JP-Tak,137.423111,36.146167,2021,1,12,-1.34,-7,-4.6,2.96,4.19,2.84
JP-Tak,137.423111,36.146167,2021,1,13,-1.47,-8.53,-5.97,3.32,5.19,0.74
JP-Tak,137.423111,36.146167,2021,1,14,0.86,-8.34,-3.99,3.34,5.58,0.24
JP-Tak,137.423111,36.146167,2021,1,15,2.58,-7.32,-5.06,2.2,9.95,0.01
JP-Tak,137.423111,36.146167,2021,1,16,1.27,-5.43,-1.44,3.64,2.39,6.52
JP-Tak,137.423111,36.146167,2021,1,17,-1.76,-7.74,-5.85,3.03,4.98,1.24
JP-Tak,137.423111,36.146167,2021,1,18,-3.3,-8.22,-7.17,4.36,5.65,3.88
JP-Tak,137.423111,36.146167,2021,1,19,-4.32,-12.73,-9.92,6.98,7.32,2.19
JP-Tak,137.423111,36.146167,2021,1,20,0.59,-14.19,-9.77,2.42,11.26,0
JP-Tak,137.423111,36.146167,2021,1,21,2.66,-9.43,-7.59,1.41,11.72,0.02
JP-Tak,137.423111,36.146167,2021,1,22,2.61,-2.82,0.02,1.23,4.76,1.49
JP-Tak,137.423111,36.146167,2021,1,23,2.43,-0.41,0.21,2.13,2.8,19.6
JP-Tak,137.423111,36.146167,2021,1,24,1.13,-1.61,-1.13,2.34,4.22,18.29
JP-Tak,137.423111,36.146167,2021,1,25,2.74,-5.69,-3.9,2.23,10.29,0.25
JP-Tak,137.423111,36.146167,2021,1,26,2.78,-3.9,-0.6,2.47,7.69,3.11
JP-Tak,137.423111,36.146167,2021,1,27,2.83,-6.53,-0.96,4,5.37,11.8
JP-Tak,137.423111,36.146167,2021,1,28,3.05,-5.51,-1.29,3.02,5.52,1.05
JP-Tak,137.423111,36.146167,2021,1,29,-0.71,-9.17,-8.27,7.87,4.97,3.76
JP-Tak,137.423111,36.146167,2021,1,30,-4.52,-10.45,-8.81,5.38,7.82,1.51
JP-Tak,137.423111,36.146167,2021,1,31,-1.99,-8.52,-7.33,3.39,8.43,0.92
JP-Tak,137.423111,36.146167,2021,2,1,2.18,-8.61,-5.86,4.61,7.78,6.77
JP-Tak,137.423111,36.146167,2021,2,2,1.72,-6.69,-2.64,5.05,5.85,14.29
JP-Tak,137.423111,36.146167,2021,2,3,-4.45,-7.34,-7.51,5.24,8.2,1.58
JP-Tak,137.423111,36.146167,2021,2,4,-1.98,-7.62,-6.68,5.96,4.26,1.01
JP-Tak,137.423111,36.146167,2021,2,5,-0.49,-7.06,-5.6,3.24,10.8,0.31
JP-Tak,137.423111,36.146167,2021,2,6,2.48,-5.09,-3.06,2.3,12.18,0.02
JP-Tak,137.423111,36.146167,2021,2,7,2.22,-4.42,-2.23,3.86,5.93,0.56
JP-Tak,137.423111,36.146167,2021,2,8,-3.65,-9.04,-7.86,4.26,8.13,1.64
JP-Tak,137.423111,36.146167,2021,2,9,-4.88,-10.29,-9.72,5.14,8.48,1.28
JP-Tak,137.423111,36.146167,2021,2,10,-0.6,-9.4,-5.92,3.25,8.93,0.44
JP-Tak,137.423111,36.146167,2021,2,11,-0.05,-5.95,-5.06,4.36,11.22,0.83
JP-Tak,137.423111,36.146167,2021,2,12,3.18,-3.95,-1.16,1.69,10.8,0
JP-Tak,137.423111,36.146167,2021,2,13,3.94,-0.24,1.23,1.68,13.14,0
JP-Tak,137.423111,36.146167,2021,2,14,6.44,-0.82,1.4,1.91,13.98,0.03
JP-Tak,137.423111,36.146167,2021,2,15,2.52,-0.65,1.4,4.98,3.26,29.49
JP-Tak,137.423111,36.146167,2021,2,16,-1.62,-5.43,-5.58,8.83,7.08,3.69
JP-Tak,137.423111,36.146167,2021,2,17,-5.07,-9,-8.32,7.52,4.08,7.28
JP-Tak,137.423111,36.146167,2021,2,18,-6.66,-9.35,-9.81,5.28,5.51,3.27
JP-Tak,137.423111,36.146167,2021,2,19,-0.87,-9.21,-7.35,2.97,11.89,0.14
JP-Tak,137.423111,36.146167,2021,2,20,1.22,-7.23,-1.93,5.14,12.15,0.01
JP-Tak,137.423111,36.146167,2021,2,21,5.86,0.15,1.09,3.99,13.71,0
JP-Tak,137.423111,36.146167,2021,2,22,7.17,-0.6,1.17,3.46,14.78,0.46
JP-Tak,137.423111,36.146167,2021,2,23,3.85,-7.33,-4.28,6.35,9.17,1.27
JP-Tak,137.423111,36.146167,2021,2,24,-2.48,-10.11,-8.94,4.88,14.38,0.08
JP-Tak,137.423111,36.146167,2021,2,25,2.8,-11.91,-9.73,1.87,17.01,0
JP-Tak,137.423111,36.146167,2021,2,26,0.84,-5.85,-5.48,2.53,6.94,0.15
JP-Tak,137.423111,36.146167,2021,2,27,-0.33,-9.26,-7.61,4.46,14.64,0
JP-Tak,137.423111,36.146167,2021,2,28,5.97,-4.48,-2.57,1.81,18.29,0
JP-Tak,137.423111,36.146167,2021,3,1,6.9,-4.48,1.14,3.69,16.11,0.1
JP-Tak,137.423111,36.146167,2021,3,2,8.4,-5.59,1.32,7.75,3.86,21.79
JP-Tak,137.423111,36.146167,2021,3,3,2.47,-8.55,-6.28,4.32,13.75,0.05
JP-Tak,137.423111,36.146167,2021,3,4,5.11,-2.17,-0.12,2.42,15,0.01
JP-Tak,137.423111,36.146167,2021,3,5,4.56,-1.79,0.84,1.69,5.86,7.09
JP-Tak,137.423111,36.146167,2021,3,6,6.43,-1.99,0.57,3.27,7.44,0.97
JP-Tak,137.423111,36.146167,2021,3,7,5.3,-3.07,-0.11,2.44,15,0.2
JP-Tak,137.423111,36.146167,2021,3,8,6.49,-1.58,-0.39,1.67,9.36,1.28
JP-Tak,137.423111,36.146167,2021,3,9,6.55,-0.9,1.47,2.55,17.69,0
JP-Tak,137.423111,36.146167,2021,3,10,4.29,-4.38,-2.96,4.65,15.58,0
JP-Tak,137.423111,36.146167,2021,3,11,9.22,-3.33,-1.73,1.94,20.32,0.01
JP-Tak,137.423111,36.146167,2021,3,12,8.15,-0.69,0.98,1.97,9.66,9.61
JP-Tak,137.423111,36.146167,2021,3,13,5.99,-0.28,1.39,4.64,5.82,24.27
JP-Tak,137.423111,36.146167,2021,3,14,3.39,-3.8,-2.94,6.21,16,0.33
JP-Tak,137.423111,36.146167,2021,3,15,6.78,-3.29,-1.63,3.7,19.15,0
JP-Tak,137.423111,36.146167,2021,3,16,8.7,-1.28,1.8,4.64,7.29,0.9
JP-Tak,137.423111,36.146167,2021,3,17,5.76,-2.92,-3.23,3.81,14.8,0
JP-Tak,137.423111,36.146167,2021,3,18,10.39,-2.33,-3.75,1.62,20.26,0
JP-Tak,137.423111,36.146167,2021,3,19,12.18,0.38,-0.87,1.61,17.75,0
JP-Tak,137.423111,36.146167,2021,3,20,12.01,0.2,2.89,3.19,14.33,7.69
JP-Tak,137.423111,36.146167,2021,3,21,13.92,1.82,8.09,5.91,5.52,29.79
JP-Tak,137.423111,36.146167,2021,3,22,3.12,-4.1,-3.27,4.85,13.39,0.81
JP-Tak,137.423111,36.146167,2021,3,23,6.29,-4.24,-2.84,2.91,20.44,0.16
JP-Tak,137.423111,36.146167,2021,3,24,10.58,-2.11,0.94,2.38,21.32,0.01
JP-Tak,137.423111,36.146167,2021,3,25,8.18,-1.21,2.49,2.56,8.96,0.27
JP-Tak,137.423111,36.146167,2021,3,26,6.45,-3.03,-1.42,4.38,12.22,0.74
JP-Tak,137.423111,36.146167,2021,3,27,9.53,-2.89,0.81,2.64,18.8,0.01
JP-Tak,137.423111,36.146167,2021,3,28,9.91,4.01,6.55,7.24,4.34,21.06
JP-Tak,137.423111,36.146167,2021,3,29,14.44,2.15,5.96,3.15,18.31,6.79
JP-Tak,137.423111,36.146167,2021,3,30,15.41,1.89,2.11,1.81,13.63,0
JP-Tak,137.423111,36.146167,2021,3,31,15.61,-0.32,2.41,2.11,22.89,0
JP-Tak,137.423111,36.146167,2021,4,1,14.77,3.77,4.29,1.19,24.1,0
JP-Tak,137.423111,36.146167,2021,4,2,15.47,6.12,7.23,1.42,19.93,0.01
JP-Tak,137.423111,36.146167,2021,4,3,15.64,5,6.47,2.38,18.83,0
JP-Tak,137.423111,36.146167,2021,4,4,12.31,5.04,8.1,3.53,4.35,13.38
JP-Tak,137.423111,36.146167,2021,4,5,9.64,-1.37,1.8,4.55,15.42,1.45
JP-Tak,137.423111,36.146167,2021,4,6,11.58,-1.39,-0.05,2.06,22.21,0.29
JP-Tak,137.423111,36.146167,2021,4,7,11.11,-1.25,-0.52,2.96,24.61,0.19
JP-Tak,137.423111,36.146167,2021,4,8,8.82,-1.86,-1.58,2.9,18.44,0.07
JP-Tak,137.423111,36.146167,2021,4,9,4.53,-5.22,-4.8,4.15,18.48,0.03
JP-Tak,137.423111,36.146167,2021,4,10,8.98,-5.32,-3.86,1.99,23.41,0
JP-Tak,137.423111,36.146167,2021,4,11,11.37,-1.53,0,1.79,25.23,0
JP-Tak,137.423111,36.146167,2021,4,12,13.17,0.01,3.22,2.7,22.33,0.02
JP-Tak,137.423111,36.146167,2021,4,13,11.16,3.9,6.51,6.58,8.29,7.17
JP-Tak,137.423111,36.146167,2021,4,14,13.58,-2.67,5.09,3.94,8.82,4.51
JP-Tak,137.423111,36.146167,2021,4,15,11.45,-5.31,-0.61,2.61,25.45,0
JP-Tak,137.423111,36.146167,2021,4,16,12.72,-0.37,3.39,3.32,14.96,0.58
JP-Tak,137.423111,36.146167,2021,4,17,8.73,4.89,5.66,3.7,5.34,42.94
JP-Tak,137.423111,36.146167,2021,4,18,7.11,-0.71,0.68,7.64,9.38,6.82
JP-Tak,137.423111,36.146167,2021,4,19,9.47,-1.02,-0.4,4.49,23.27,0.02
JP-Tak,137.423111,36.146167,2021,4,20,14.23,1.06,1.66,3.04,24.93,0
JP-Tak,137.423111,36.146167,2021,4,21,14.54,-0.58,-1.75,3.36,27.35,0
JP-Tak,137.423111,36.146167,2021,4,22,14.95,0.03,-1.85,3.31,26.3,0
JP-Tak,137.423111,36.146167,2021,4,23,17.08,0.04,-0.48,1.72,28.09,0
JP-Tak,137.423111,36.146167,2021,4,24,15.21,5.48,5.41,1.63,23.02,0
JP-Tak,137.423111,36.146167,2021,4,25,12.13,-1.98,3,3.73,17.13,0
JP-Tak,137.423111,36.146167,2021,4,26,10.46,-4.1,-3.53,3.99,29.28,0
JP-Tak,137.423111,36.146167,2021,4,27,12.1,-0.08,1.65,2.84,24.89,0.02
JP-Tak,137.423111,36.146167,2021,4,28,11.98,5.81,7.4,3.61,7.58,3.76
JP-Tak,137.423111,36.146167,2021,4,29,11.48,5.65,8.92,4.97,4.15,43.79
JP-Tak,137.423111,36.146167,2021,4,30,13.06,2.6,4.45,4.36,18.07,3.25
JP-Tak,137.423111,36.146167,2021,5,1,11.74,1.13,5.03,4.8,9.27,11.1
JP-Tak,137.423111,36.146167,2021,5,2,6.34,0.54,2.54,6.19,8.98,5.66
JP-Tak,137.423111,36.146167,2021,5,3,9.09,-1.43,1.28,4.55,17.22,0
JP-Tak,137.423111,36.146167,2021,5,4,16.25,0.75,2.17,2.07,24.28,0
JP-Tak,137.423111,36.146167,2021,5,5,10.8,5.12,7.53,5.75,7.03,16.66
JP-Tak,137.423111,36.146167,2021,5,6,18.73,3.89,4.89,2.16,28.74,0.46
JP-Tak,137.423111,36.146167,2021,5,7,13.58,6.53,6.33,2.51,9.29,1.68
JP-Tak,137.423111,36.146167,2021,5,8,17.55,7.76,8.6,3.61,21.47,0.05
JP-Tak,137.423111,36.146167,2021,5,9,14.49,1.99,6.26,5.47,19.54,0.43
JP-Tak,137.423111,36.146167,2021,5,10,14.01,0.74,2.31,3.24,19.87,0.34
JP-Tak,137.423111,36.146167,2021,5,11,15.93,4.47,4.61,1.95,21.91,0.49
JP-Tak,137.423111,36.146167,2021,5,12,15.5,4.7,5.61,2.03,21.16,0.07
JP-Tak,137.423111,36.146167,2021,5,13,19.24,6.49,9.76,1.46,19.13,0.21
JP-Tak,137.423111,36.146167,2021,5,14,21.94,8.59,11.65,1.83,22.23,0
JP-Tak,137.423111,36.146167,2021,5,15,20.43,11.4,12.98,3.12,22.6,0.01
JP-Tak,137.423111,36.146167,2021,5,16,18,10.4,12.76,4.85,5.33,8.74
JP-Tak,137.423111,36.146167,2021,5,17,19.91,14.17,16.6,5.73,6.4,27.33
JP-Tak,137.423111,36.146167,2021,5,18,20.87,12.11,14.35,2.66,11.25,2.32
JP-Tak,137.423111,36.146167,2021,5,19,17.82,10.39,13.3,1.8,6.82,4.12
JP-Tak,137.423111,36.146167,2021,5,20,19.32,8.79,10.99,3.01,9.2,25.49
JP-Tak,137.423111,36.146167,2021,5,21,19.52,9.74,14.96,7.24,4.2,53.55
JP-Tak,137.423111,36.146167,2021,5,22,14.78,7.23,9.14,4.26,13.42,1.2
JP-Tak,137.423111,36.146167,2021,5,23,16.16,6.41,8.78,3.38,22.58,0.05
JP-Tak,137.423111,36.146167,2021,5,24,19.29,9.17,9.87,1.74,14.33,0.55
JP-Tak,137.423111,36.146167,2021,5,25,18.5,6.51,8.99,4.18,18.45,1.51
JP-Tak,137.423111,36.146167,2021,5,26,13.38,4.88,4.2,3.03,22.62,0.01
JP-Tak,137.423111,36.146167,2021,5,27,13.42,6.81,8.24,3.71,5.22,32.49
JP-Tak,137.423111,36.146167,2021,5,28,18.53,8.84,9.79,3.31,27.87,0.04
JP-Tak,137.423111,36.146167,2021,5,29,16.85,8.15,10.42,4.84,20.53,0.6
JP-Tak,137.423111,36.146167,2021,5,30,16.13,5.5,7.21,2.78,22.15,0.01
JP-Tak,137.423111,36.146167,2021,5,31,17.87,5.3,7.84,2.53,25.61,0.22
JP-Tak,137.423111,36.146167,2021,6,1,19.73,7.4,8.78,1.91,30.04,0
JP-Tak,137.423111,36.146167,2021,6,2,19.89,9.35,11.42,1.25,21.3,0
JP-Tak,137.423111,36.146167,2021,6,3,20.85,11.38,11.46,2.48,19.7,0.11
JP-Tak,137.423111,36.146167,2021,6,4,19.14,10.3,13.75,5.65,4.62,34.51
JP-Tak,137.423111,36.146167,2021,6,5,18.83,7.01,7.73,1.95,27.11,0
JP-Tak,137.423111,36.146167,2021,6,6,21.46,9.85,9.7,1.48,18.21,0.13
JP-Tak,137.423111,36.146167,2021,6,7,23.08,12.32,12.17,1.57,23.89,0
JP-Tak,137.423111,36.146167,2021,6,8,21.62,10.74,11.37,2.29,10.9,0
JP-Tak,137.423111,36.146167,2021,6,9,22.89,9.1,11.46,1.57,29.2,0
JP-Tak,137.423111,36.146167,2021,6,10,23.59,11.49,13.15,1.28,29.05,0
JP-Tak,137.423111,36.146167,2021,6,11,22.35,11.74,13.49,2.48,23.3,0
JP-Tak,137.423111,36.146167,2021,6,12,21.27,11.68,12.94,2.28,20.95,0.2
JP-Tak,137.423111,36.146167,2021,6,13,19.93,13.11,14.28,1.23,9.87,4.13
JP-Tak,137.423111,36.146167,2021,6,14,20.97,13.68,14.75,1,10.48,11.65
JP-Tak,137.423111,36.146167,2021,6,15,23.84,13.89,14.67,1.06,22.52,4.78
JP-Tak,137.423111,36.146167,2021,6,16,18.32,13.87,14.36,1.01,14.64,10.54
JP-Tak,137.423111,36.146167,2021,6,17,20.86,11.73,12.74,1.5,23.14,1.21
JP-Tak,137.423111,36.146167,2021,6,18,18.73,12.34,13.14,2.16,15.16,1.91
JP-Tak,137.423111,36.146167,2021,6,19,16.79,12.4,12.84,2.76,5.82,29.56
JP-Tak,137.423111,36.146167,2021,6,20,20.48,9,11.66,2.93,19.83,0.86
JP-Tak,137.423111,36.146167,2021,6,21,22.25,8.48,9.92,1.95,24.81,0.05
JP-Tak,137.423111,36.146167,2021,6,22,21.25,12.82,13.06,1.62,18.67,1.85
JP-Tak,137.423111,36.146167,2021,6,23,18.67,12.39,13.6,1.7,15,4.05
JP-Tak,137.423111,36.146167,2021,6,24,19.95,11.82,12.73,1.84,21.07,2.11
JP-Tak,137.423111,36.146167,2021,6,25,19.64,12.4,13.67,1.87,18.12,2.5
JP-Tak,137.423111,36.146167,2021,6,26,21.74,12.7,13.86,1.5,18.68,2.72
JP-Tak,137.423111,36.146167,2021,6,27,20.55,13.59,14.39,0.83,8.01,1.45
JP-Tak,137.423111,36.146167,2021,6,28,22.34,13.97,15.8,1.64,20.7,3.77
JP-Tak,137.423111,36.146167,2021,6,29,22.19,15.06,15.92,1.93,13.38,13.92
JP-Tak,137.423111,36.146167,2021,6,30,22.19,12.82,15.42,2.36,18.69,1.12
JP-Tak,137.423111,36.146167,2021,7,1,19.66,14.68,15.23,3.1,18.5,19.21
JP-Tak,137.423111,36.146167,2021,7,2,22.82,14.39,17.23,2.37,16.89,43.84
JP-Tak,137.423111,36.146167,2021,7,3,26.1,17.37,18.64,1.4,19.52,17.53
JP-Tak,137.423111,36.146167,2021,7,4,21.3,17.08,18.05,2.74,8.15,7.07
JP-Tak,137.423111,36.146167,2021,7,5,22.94,17.25,18.24,3.87,8.16,18.69
JP-Tak,137.423111,36.146167,2021,7,6,21.77,16.6,17.61,3.54,7.54,7.98
JP-Tak,137.423111,36.146167,2021,7,7,22.74,17.43,18.66,3.93,15.49,8.49
JP-Tak,137.423111,36.146167,2021,7,8,21.88,17.2,18.75,1.81,7.39,18.97
JP-Tak,137.423111,36.146167,2021,7,9,24.13,18.11,18.89,2.22,7.34,21.25
JP-Tak,137.423111,36.146167,2021,7,10,23.26,17.26,18.06,2.7,14.74,7.26
JP-Tak,137.423111,36.146167,2021,7,11,22.66,16.05,17.46,2.09,14.42,4.9
JP-Tak,137.423111,36.146167,2021,7,12,20.9,15.56,17.23,1.88,14.88,6.19
JP-Tak,137.423111,36.146167,2021,7,13,24.64,16.17,16.98,0.91,21.07,8.67
JP-Tak,137.423111,36.146167,2021,7,14,21.97,16.82,17.08,1.11,19.58,8.89
JP-Tak,137.423111,36.146167,2021,7,15,22.6,15.79,16.88,1.84,17,7.66
JP-Tak,137.423111,36.146167,2021,7,16,24.37,14.61,16.57,1.52,23.61,0.08
JP-Tak,137.423111,36.146167,2021,7,17,26.64,16.32,17.65,1.61,28.57,0
JP-Tak,137.423111,36.146167,2021,7,18,27.2,17.7,19.02,1.32,26.69,0.16
JP-Tak,137.423111,36.146167,2021,7,19,27.26,18.48,19.25,1.48,24.42,1.44
JP-Tak,137.423111,36.146167,2021,7,20,27.19,17.79,18.67,1.15,25.32,0.54
JP-Tak,137.423111,36.146167,2021,7,21,26.85,18.84,18.97,0.98,23.25,0.32
JP-Tak,137.423111,36.146167,2021,7,22,26.57,18.22,18.79,1.06,23.25,2.19
JP-Tak,137.423111,36.146167,2021,7,23,27.15,17.88,18.39,1.18,23.51,2.54
JP-Tak,137.423111,36.146167,2021,7,24,25.7,17.23,18.73,1.1,22.59,0.49
JP-Tak,137.423111,36.146167,2021,7,25,25.67,18.45,18.88,1,20.91,0.19
JP-Tak,137.423111,36.146167,2021,7,26,26.38,18.13,18.81,1.89,19.95,1.34
JP-Tak,137.423111,36.146167,2021,7,27,22.6,16.65,17.23,2.94,10.49,2.17
JP-Tak,137.423111,36.146167,2021,7,28,25.64,16.14,18.25,1.64,19.77,4.45
JP-Tak,137.423111,36.146167,2021,7,29,24.75,17.41,18.35,1.9,17.66,10.41
JP-Tak,137.423111,36.146167,2021,7,30,25.81,17.38,18.53,1.3,20.19,6.1
JP-Tak,137.423111,36.146167,2021,7,31,23.97,18.02,18.72,1.43,20.38,10.37
JP-Tak,137.423111,36.146167,2021,8,1,24.88,17.67,18.95,1.92,21.38,7.8
JP-Tak,137.423111,36.146167,2021,8,2,26.15,17.24,18,1.64,23.85,0.28
JP-Tak,137.423111,36.146167,2021,8,3,26.11,18.2,19.8,2.84,20.01,2.23
JP-Tak,137.423111,36.146167,2021,8,4,28.66,17.94,19.58,0.76,24.6,0.05
JP-Tak,137.423111,36.146167,2021,8,5,28.63,20.12,20.2,1.15,22.86,0.18
JP-Tak,137.423111,36.146167,2021,8,6,27.39,19.8,18.56,1.24,26.42,0.12
JP-Tak,137.423111,36.146167,2021,8,7,26.9,18,19.68,1.53,20.18,2.12
JP-Tak,137.423111,36.146167,2021,8,8,27.4,18.77,20.25,2.34,18.06,3.16
JP-Tak,137.423111,36.146167,2021,8,9,25.01,19.06,20.12,7.85,12.71,17.1
JP-Tak,137.423111,36.146167,2021,8,10,23.53,16.06,17.84,7.02,12.94,6.23
JP-Tak,137.423111,36.146167,2021,8,11,22.9,14.67,16.62,1.87,18.72,0.51
JP-Tak,137.423111,36.146167,2021,8,12,20.53,16.14,17.82,2.21,7.69,13.19
JP-Tak,137.423111,36.146167,2021,8,13,19.44,16.54,17.13,4.5,3.69,72.23
JP-Tak,137.423111,36.146167,2021,8,14,21.87,18.76,19.53,4.33,5.27,102.39
JP-Tak,137.423111,36.146167,2021,8,15,23.06,17.46,18.6,1.47,14.14,41.24
JP-Tak,137.423111,36.146167,2021,8,16,21,16.34,17.05,1.57,12.55,2.43
JP-Tak,137.423111,36.146167,2021,8,17,19.48,15.99,17,3.98,5.64,40.08
JP-Tak,137.423111,36.146167,2021,8,18,22.41,18.02,18.87,5.36,9.2,26.17
JP-Tak,137.423111,36.146167,2021,8,19,21.74,16.19,18.11,3.1,11.42,12.22
JP-Tak,137.423111,36.146167,2021,8,20,22.03,16.12,17.56,2.2,18.7,3.96
JP-Tak,137.423111,36.146167,2021,8,21,22.97,15.63,17.24,2.17,15.54,5.29
JP-Tak,137.423111,36.146167,2021,8,22,23.82,16.85,18.97,2.8,13.65,12.45
JP-Tak,137.423111,36.146167,2021,8,23,21.41,17.05,17.59,2.13,17.82,5.07
JP-Tak,137.423111,36.146167,2021,8,24,22.5,16.17,17.52,2.97,8.1,3.56
JP-Tak,137.423111,36.146167,2021,8,25,23.44,18.63,19.65,3.59,8.79,2.87
JP-Tak,137.423111,36.146167,2021,8,26,26.24,18.78,19.68,2.38,18.35,0.09
JP-Tak,137.423111,36.146167,2021,8,27,26.64,15.99,16.52,1.46,23.93,0
JP-Tak,137.423111,36.146167,2021,8,28,24.2,15.74,16.85,2.54,16.15,0.1
JP-Tak,137.423111,36.146167,2021,8,29,26.39,14.58,15.2,1.64,23.79,0.01
JP-Tak,137.423111,36.146167,2021,8,30,25.14,17,17.59,2.37,14.9,1.01
JP-Tak,137.423111,36.146167,2021,8,31,23.75,15.67,15.4,1.64,16.15,0.05
JP-Tak,137.423111,36.146167,2021,9,1,20.29,16.76,15.86,2.3,5.76,9.72
JP-Tak,137.423111,36.146167,2021,9,2,21.23,16.57,17.36,1.34,9.77,29.59
JP-Tak,137.423111,36.146167,2021,9,3,19.22,14.9,16.08,1.9,8.69,14.05
JP-Tak,137.423111,36.146167,2021,9,4,21.85,14.62,16.49,1.93,7,31.13
JP-Tak,137.423111,36.146167,2021,9,5,22.12,14.55,15.91,1.91,15.08,1.89
JP-Tak,137.423111,36.146167,2021,9,6,20.78,13.36,13.87,1.56,17.58,2.64
JP-Tak,137.423111,36.146167,2021,9,7,20.17,12.75,13.61,1.93,18.73,0.08
JP-Tak,137.423111,36.146167,2021,9,8,18.81,11.99,13.81,3.67,2.95,16.39
JP-Tak,137.423111,36.146167,2021,9,9,22.95,14.57,16.43,1.4,17.05,22.7
JP-Tak,137.423111,36.146167,2021,9,10,23.54,14.63,15.1,1.46,18.12,0
JP-Tak,137.423111,36.146167,2021,9,11,21.41,14.34,15.65,1.72,12.49,0.89
JP-Tak,137.423111,36.146167,2021,9,12,21.16,13.31,12.23,1.27,12.16,0.13
JP-Tak,137.423111,36.146167,2021,9,13,21.3,12.35,11.79,1.64,18.2,0.01
JP-Tak,137.423111,36.146167,2021,9,14,18.81,12.62,13.94,1.98,11.18,1.79
JP-Tak,137.423111,36.146167,2021,9,15,22.62,13.05,14.41,1.43,17.53,0.31
JP-Tak,137.423111,36.146167,2021,9,16,21.31,13.33,14.34,1.96,18.67,0.02
JP-Tak,137.423111,36.146167,2021,9,17,19.38,12.62,14.31,2.37,8.64,2.27
JP-Tak,137.423111,36.146167,2021,9,18,22.38,15.31,17.39,3.74,7.59,18.02
JP-Tak,137.423111,36.146167,2021,9,19,22.65,12.36,13.78,2.21,20.99,0.24
JP-Tak,137.423111,36.146167,2021,9,20,23.56,14.58,15.9,1.08,17.84,0.71
JP-Tak,137.423111,36.146167,2021,9,21,22.52,13.03,13.24,1.79,21.71,0.13
JP-Tak,137.423111,36.146167,2021,9,22,21.9,14.36,17.38,2.74,8.51,13.74
JP-Tak,137.423111,36.146167,2021,9,23,20.23,11.67,13.28,2.78,15.45,0.24
JP-Tak,137.423111,36.146167,2021,9,24,20.82,9.53,12.06,1.93,16.08,0.02
JP-Tak,137.423111,36.146167,2021,9,25,20.96,11.9,13.96,1.72,18.57,4.57
JP-Tak,137.423111,36.146167,2021,9,26,18.15,12.91,13.47,1,5.81,12.51
JP-Tak,137.423111,36.146167,2021,9,27,20.69,11.3,12.9,0.99,18.28,0.01
JP-Tak,137.423111,36.146167,2021,9,28,21.11,12.74,13.59,0.95,14.79,0
JP-Tak,137.423111,36.146167,2021,9,29,20.95,12.7,14.08,1.79,14.14,0.01
JP-Tak,137.423111,36.146167,2021,9,30,21.89,11.6,12.88,1.79,15.15,1.54
JP-Tak,137.423111,36.146167,2021,10,1,19.38,12.34,14.51,4.31,4.56,3.35
JP-Tak,137.423111,36.146167,2021,10,2,19.87,8.81,11.17,3.07,18.31,0.59
JP-Tak,137.423111,36.146167,2021,10,3,21.32,7.48,9.88,1.71,20.11,0
JP-Tak,137.423111,36.146167,2021,10,4,20.78,10.39,13.19,2.2,19.17,0.02
JP-Tak,137.423111,36.146167,2021,10,5,21.08,10.99,11.59,1.54,17.16,0.04
JP-Tak,137.423111,36.146167,2021,10,6,21.5,10.53,13.66,2.34,10.93,1.01
JP-Tak,137.423111,36.146167,2021,10,7,20.86,12.49,14.57,2.45,16.04,0.15
JP-Tak,137.423111,36.146167,2021,10,8,21.56,12.88,14.72,1.84,15.6,0.07
JP-Tak,137.423111,36.146167,2021,10,9,21.15,13.45,14.11,1.53,12.92,0.12
JP-Tak,137.423111,36.146167,2021,10,10,20.98,11.95,14.03,2.44,16.77,0.01
JP-Tak,137.423111,36.146167,2021,10,11,20.87,11.61,14.49,2.34,12.63,0.38
JP-Tak,137.423111,36.146167,2021,10,12,20.76,15.42,16.15,1.46,4.35,6.93
JP-Tak,137.423111,36.146167,2021,10,13,18.09,12.22,14.44,1.94,5.78,19.94
JP-Tak,137.423111,36.146167,2021,10,14,18.51,9.72,10.27,1.41,17.46,0.37
JP-Tak,137.423111,36.146167,2021,10,15,19.49,8.29,9.26,1.33,15.67,0
JP-Tak,137.423111,36.146167,2021,10,16,18.48,8.73,12.49,3.27,12.07,4.41
JP-Tak,137.423111,36.146167,2021,10,17,11.3,2.21,4.91,4.57,7.51,7.89
JP-Tak,137.423111,36.146167,2021,10,18,10.35,2.41,4.74,2.06,14.49,0.16
JP-Tak,137.423111,36.146167,2021,10,19,13.66,6.1,7.8,2.48,13.66,2.39
JP-Tak,137.423111,36.146167,2021,10,20,7.32,0.74,2.74,5.54,8.09,6.27
JP-Tak,137.423111,36.146167,2021,10,21,10.33,0,1.42,2.71,13.06,0.53
JP-Tak,137.423111,36.146167,2021,10,22,12.2,2.68,4.12,2.31,13.1,0.94
JP-Tak,137.423111,36.146167,2021,10,23,7.79,0.03,0.84,4.85,9.44,0.36
JP-Tak,137.423111,36.146167,2021,10,24,12.1,-0.2,2.66,1.7,15.97,0.04
JP-Tak,137.423111,36.146167,2021,10,25,8.52,4.77,5.24,2.29,4.41,10.56
JP-Tak,137.423111,36.146167,2021,10,26,13.95,3.95,5.68,2.54,9.16,9.72
JP-Tak,137.423111,36.146167,2021,10,27,12.44,3.69,5.91,1.65,11.42,0
JP-Tak,137.423111,36.146167,2021,10,28,13.27,1.83,4.07,3.23,12.57,0.01
JP-Tak,137.423111,36.146167,2021,10,29,12.24,-0.36,1.84,3.08,12.67,0.03
JP-Tak,137.423111,36.146167,2021,10,30,12.33,3.35,4.96,2.1,14.86,0.02
JP-Tak,137.423111,36.146167,2021,10,31,12.62,5.79,6.87,1.61,8.86,0.3
JP-Tak,137.423111,36.146167,2021,11,1,13.24,5.79,7.07,1.15,10.09,0.01
JP-Tak,137.423111,36.146167,2021,11,2,14.18,4.29,4.44,1.7,9.64,0.04
JP-Tak,137.423111,36.146167,2021,11,3,12.8,3.67,4.51,2.44,10.34,0.25
JP-Tak,137.423111,36.146167,2021,11,4,12.96,1.29,3.13,2.14,13.87,0.25
JP-Tak,137.423111,36.146167,2021,11,5,11.32,0.6,2.74,2.02,13.6,0.28
JP-Tak,137.423111,36.146167,2021,11,6,11.37,2.53,4.59,1.81,14,0.14
JP-Tak,137.423111,36.146167,2021,11,7,14.16,3.89,5.48,1.41,14.41,0.27
JP-Tak,137.423111,36.146167,2021,11,8,14.06,3.64,5.56,3.65,12.63,0
JP-Tak,137.423111,36.146167,2021,11,9,13.88,5.18,8.25,3.65,4.15,25.21
JP-Tak,137.423111,36.146167,2021,11,10,5.71,2.18,2.46,4.85,6.83,3.41
JP-Tak,137.423111,36.146167,2021,11,11,6.66,0.47,2.33,4.78,7.18,2.73
JP-Tak,137.423111,36.146167,2021,11,12,4.59,-1.6,0.05,3.43,6.06,3.71
JP-Tak,137.423111,36.146167,2021,11,13,7.38,-0.92,0.1,1.61,10.88,0.52
JP-Tak,137.423111,36.146167,2021,11,14,7.91,-0.02,2,2.49,9.58,0.11
JP-Tak,137.423111,36.146167,2021,11,15,10.14,0.94,3.21,2.24,7.31,0.34
JP-Tak,137.423111,36.146167,2021,11,16,9.04,1.21,2.4,1.7,8.67,0.37
JP-Tak,137.423111,36.146167,2021,11,17,10.25,-0.02,0.66,1.5,12.75,0.02
JP-Tak,137.423111,36.146167,2021,11,18,8.63,1.03,2.09,2.06,11.03,0.01
JP-Tak,137.423111,36.146167,2021,11,19,10.83,-0.31,1.95,1.51,11.82,0.04
JP-Tak,137.423111,36.146167,2021,11,20,12.1,2.87,3.89,1.79,9.57,0.07
JP-Tak,137.423111,36.146167,2021,11,21,11.22,1.51,5.93,2.49,8.42,0.31
JP-Tak,137.423111,36.146167,2021,11,22,10.93,1.64,6.7,4.87,1.98,27.41
JP-Tak,137.423111,36.146167,2021,11,23,2.69,-2.52,-1.77,5.65,6.35,1.84
JP-Tak,137.423111,36.146167,2021,11,24,1.71,-1.32,-1.44,6.44,4.92,2.91
JP-Tak,137.423111,36.146167,2021,11,25,4.65,-0.7,1.06,4.42,6.01,3.19
JP-Tak,137.423111,36.146167,2021,11,26,5.21,-1.11,0.13,4.11,6.7,2.28
JP-Tak,137.423111,36.146167,2021,11,27,-0.05,-3.46,-3.63,4.5,5.51,4.12
JP-Tak,137.423111,36.146167,2021,11,28,3.11,-4.06,-4.2,3.37,10.01,0.11
JP-Tak,137.423111,36.146167,2021,11,29,4.9,-3.66,-3.83,1.74,10.17,0
JP-Tak,137.423111,36.146167,2021,11,30,8.16,-3.13,2.43,4.69,8.96,1.12
JP-Tak,137.423111,36.146167,2021,12,1,10.1,-2.59,0.7,7.51,8.6,29.87
JP-Tak,137.423111,36.146167,2021,12,2,2.41,-4.68,-4.56,3.55,9.57,0.76
JP-Tak,137.423111,36.146167,2021,12,3,2.72,-5.18,-2.56,3.29,10.21,1.8
JP-Tak,137.423111,36.146167,2021,12,4,1.63,-4.3,-1.92,4.84,5.25,4.83
JP-Tak,137.423111,36.146167,2021,12,5,4.64,-6.51,-3.81,2.54,8.46,0.06
JP-Tak,137.423111,36.146167,2021,12,6,5.23,0.16,2.76,1.75,3.92,5.88
JP-Tak,137.423111,36.146167,2021,12,7,8.56,1.25,3.62,1.75,2.52,20.36
JP-Tak,137.423111,36.146167,2021,12,8,4.14,1,1.67,3.7,3.52,9.38
JP-Tak,137.423111,36.146167,2021,12,9,8.36,-0.74,0.14,1.88,9.84,0.09
JP-Tak,137.423111,36.146167,2021,12,10,4.99,0.29,2.25,1.73,8.75,0
JP-Tak,137.423111,36.146167,2021,12,11,7.37,-0.83,1.2,1.71,7.06,0.03
JP-Tak,137.423111,36.146167,2021,12,12,6.06,0.31,2.57,3.68,4.85,1.77
JP-Tak,137.423111,36.146167,2021,12,13,-0.51,-5.82,-4.74,5.45,6.52,0.67
JP-Tak,137.423111,36.146167,2021,12,14,4.32,-6.04,-3.8,2.29,10.65,0.02
JP-Tak,137.423111,36.146167,2021,12,15,3.73,-3.81,-1.21,2.52,5.85,0.57
JP-Tak,137.423111,36.146167,2021,12,16,5.41,-1.08,0.34,1.71,5.46,1.01
JP-Tak,137.423111,36.146167,2021,12,17,2.91,-8.14,-0.89,4.81,3.63,21.9
JP-Tak,137.423111,36.146167,2021,12,18,-6.15,-10.19,-10.1,5.37,5.78,2.4
JP-Tak,137.423111,36.146167,2021,12,19,-1.64,-8.39,-5.01,4.52,3.78,4.88
JP-Tak,137.423111,36.146167,2021,12,20,0.04,-4.95,-3.55,3.15,6.98,1.1
JP-Tak,137.423111,36.146167,2021,12,21,1.55,-4.05,-1.3,2.67,6.38,0.33
JP-Tak,137.423111,36.146167,2021,12,22,0.3,-7.12,-3.89,3.78,5.27,0.56
JP-Tak,137.423111,36.146167,2021,12,23,2.05,-8.7,-6.25,2.43,9.59,0.02
JP-Tak,137.423111,36.146167,2021,12,24,3.26,-2.29,-0.34,2.63,9.72,1.62
JP-Tak,137.423111,36.146167,2021,12,25,0.31,-9.15,-4.4,3.91,5.27,3.69
JP-Tak,137.423111,36.146167,2021,12,26,-7.57,-9.66,-10.99,5.84,4.15,3
JP-Tak,137.423111,36.146167,2021,12,27,-5.14,-10.27,-8.92,4.05,4.85,5.48
JP-Tak,137.423111,36.146167,2021,12,28,-4.83,-11.41,-9.05,3.89,6.94,1.62
JP-Tak,137.423111,36.146167,2021,12,29,-1.19,-10.8,-5.25,2.67,6.04,1.04
JP-Tak,137.423111,36.146167,2021,12,30,-1.16,-4.97,-3.14,5.38,2.73,9.45
JP-Tak,137.423111,36.146167,2021,12,31,-5.22,-11.46,-8.85,6.07,2.35,6.23
JP-Tak,137.423111,36.146167,2022,1,1,-7.68,-15.51,-11.77,5.62,7.08,1.22
JP-Tak,137.423111,36.146167,2022,1,2,-1.95,-15.48,-8.62,2.6,7.84,1.39
JP-Tak,137.423111,36.146167,2022,1,3,-1.57,-9.09,-5.43,3.23,7.42,1.28
JP-Tak,137.423111,36.146167,2022,1,4,-1.76,-8.21,-5.56,5.99,4.44,3.09
JP-Tak,137.423111,36.146167,2022,1,5,-5.86,-12.58,-10.34,4.57,8.41,0.08
JP-Tak,137.423111,36.146167,2022,1,6,-0.57,-8.85,-7.72,1.57,8.46,0.17
JP-Tak,137.423111,36.146167,2022,1,7,-5.39,-9.64,-8.76,4.92,7.35,0.78
JP-Tak,137.423111,36.146167,2022,1,8,-0.15,-11.04,-8.45,1.91,11.44,0.05
JP-Tak,137.423111,36.146167,2022,1,9,0.85,-8.55,-3.75,2.45,5.14,0.59
JP-Tak,137.423111,36.146167,2022,1,10,2.5,-5.82,-3.76,1.77,10.78,0.03
JP-Tak,137.423111,36.146167,2022,1,11,1.32,-6,-1.78,4.61,1.75,12.87
JP-Tak,137.423111,36.146167,2022,1,12,-6.51,-8.87,-9.05,7.85,5.95,2.58
JP-Tak,137.423111,36.146167,2022,1,13,-3.76,-8.9,-7.16,5.94,2.38,8.47
JP-Tak,137.423111,36.146167,2022,1,14,-6.15,-9.41,-8.98,7.1,3.84,3.54
JP-Tak,137.423111,36.146167,2022,1,15,-2.95,-9.49,-8.48,3.24,8.17,0.02
JP-Tak,137.423111,36.146167,2022,1,16,-0.93,-10.3,-7.14,2.78,5.26,1.55
JP-Tak,137.423111,36.146167,2022,1,17,-1.62,-5.49,-4.71,5.1,3.99,3.48
JP-Tak,137.423111,36.146167,2022,1,18,-5.7,-10.25,-9.27,6.38,5.76,2.09
JP-Tak,137.423111,36.146167,2022,1,19,-4.01,-11.78,-9.33,2.08,8.12,0.61
JP-Tak,137.423111,36.146167,2022,1,20,-4.94,-10.58,-8.79,4.37,4.11,4.05
JP-Tak,137.423111,36.146167,2022,1,21,-7.82,-15.26,-11.42,4.96,7.72,0.29
JP-Tak,137.423111,36.146167,2022,1,22,-1.25,-16.38,-11.34,1.75,10.29,0
JP-Tak,137.423111,36.146167,2022,1,23,-0.41,-8.31,-8.18,0.76,7.08,3.58
JP-Tak,137.423111,36.146167,2022,1,24,-0.5,-10.91,-6.38,3.39,8.26,0.77
JP-Tak,137.423111,36.146167,2022,1,25,0.73,-8.4,-3.6,2.05,9.14,0.01
JP-Tak,137.423111,36.146167,2022,1,26,0.77,-6.47,-4.09,3.03,7.6,0.38
JP-Tak,137.423111,36.146167,2022,1,27,-1.98,-9.37,-6.75,3.68,9.08,0.18
JP-Tak,137.423111,36.146167,2022,1,28,-2.17,-9.87,-8.14,2.68,8.68,0.35
JP-Tak,137.423111,36.146167,2022,1,29,-1.38,-9.78,-6.79,2.81,8.19,0.76
JP-Tak,137.423111,36.146167,2022,1,30,-3.05,-9.33,-8.36,2.94,7.72,0.59
JP-Tak,137.423111,36.146167,2022,1,31,-4.83,-10.78,-9.82,3.44,10.9,0.21
JP-Tak,137.423111,36.146167,2022,2,1,-2.59,-9.35,-6.71,4.23,9.16,1.94
JP-Tak,137.423111,36.146167,2022,2,2,-3.34,-7.46,-6.89,4.34,9.27,2.19
JP-Tak,137.423111,36.146167,2022,2,3,-1.99,-6.72,-6.15,4.11,7.29,1.26
JP-Tak,137.423111,36.146167,2022,2,4,-2.54,-9.45,-7.54,3.47,8.21,1.59
JP-Tak,137.423111,36.146167,2022,2,5,-6.22,-10.19,-9.23,4.1,5.04,4.89
JP-Tak,137.423111,36.146167,2022,2,6,-5.71,-9.74,-9.37,3.71,4.96,3.38
JP-Tak,137.423111,36.146167,2022,2,7,-4.45,-11.04,-9.74,2.93,9.97,0.58
JP-Tak,137.423111,36.146167,2022,2,8,-0.8,-9.34,-7.01,1.81,9.28,0.47
JP-Tak,137.423111,36.146167,2022,2,9,1.2,-12.86,-7.39,1.86,12.1,0.06
JP-Tak,137.423111,36.146167,2022,2,10,0.02,-8.08,-3.89,1.69,3.14,13.8
JP-Tak,137.423111,36.146167,2022,2,11,-1.04,-10.9,-8.32,3.03,10.57,0.08
JP-Tak,137.423111,36.146167,2022,2,12,0.32,-11.37,-8.29,1.59,12.13,0.01
JP-Tak,137.423111,36.146167,2022,2,13,1,-8.04,-5.41,1.61,7.87,4.29
JP-Tak,137.423111,36.146167,2022,2,14,1.44,-6.87,-6.31,2.58,11.37,0.72
JP-Tak,137.423111,36.146167,2022,2,15,0.35,-4.3,-2.51,4.7,4.03,1.95
JP-Tak,137.423111,36.146167,2022,2,16,-3.61,-7.83,-7.19,5.58,6.89,3.94
JP-Tak,137.423111,36.146167,2022,2,17,-7.31,-8.91,-9.57,5.21,5.39,3.99
JP-Tak,137.423111,36.146167,2022,2,18,-3.03,-11.42,-8.41,3.85,9.73,2.08
JP-Tak,137.423111,36.146167,2022,2,19,-0.04,-10.8,-5.45,2.32,8.11,7.67
JP-Tak,137.423111,36.146167,2022,2,20,-1.61,-10.01,-5.25,5.54,6.59,8.07
JP-Tak,137.423111,36.146167,2022,2,21,-6.05,-10.92,-9.99,6.84,8.15,1.76
JP-Tak,137.423111,36.146167,2022,2,22,-4.06,-10.24,-8.17,4.8,6.36,3.52
JP-Tak,137.423111,36.146167,2022,2,23,-5.54,-13.11,-10.28,4.14,10.16,1.41
JP-Tak,137.423111,36.146167,2022,2,24,-5.52,-13.26,-10.71,3.51,11.04,0.4
JP-Tak,137.423111,36.146167,2022,2,25,-2.23,-12.55,-8.35,2.84,13.49,0.09
JP-Tak,137.423111,36.146167,2022,2,26,0.3,-9,-5.49,2.45,16.48,0.02
JP-Tak,137.423111,36.146167,2022,2,27,-0.47,-7.14,-4.9,5.2,7.73,0.98
JP-Tak,137.423111,36.146167,2022,2,28,1.36,-8.74,-5.32,2.69,13.49,0
JP-Tak,137.423111,36.146167,2022,3,1,2.54,-7.14,-3.12,2.31,5.53,2.07
JP-Tak,137.423111,36.146167,2022,3,2,1.99,-5.72,-3.02,2.57,12.68,0.32
JP-Tak,137.423111,36.146167,2022,3,3,1.05,-7.33,-4.38,3.88,9.01,0.28
JP-Tak,137.423111,36.146167,2022,3,4,1.51,-9.81,-8.06,1.74,16.1,0.01
JP-Tak,137.423111,36.146167,2022,3,5,2.72,-6.79,-4.21,5.55,9.37,0.46
JP-Tak,137.423111,36.146167,2022,3,6,-2.34,-7.38,-7.42,6.86,7.18,2.45
JP-Tak,137.423111,36.146167,2022,3,7,-0.7,-7.75,-6.94,3.66,13.12,0.31
JP-Tak,137.423111,36.146167,2022,3,8,2.59,-9.28,-6.51,1.93,16.18,0
JP-Tak,137.423111,36.146167,2022,3,9,2.12,-6.56,-4.66,1.83,18.21,0
JP-Tak,137.423111,36.146167,2022,3,10,3.81,-5.72,-5.46,1.48,17.07,0
JP-Tak,137.423111,36.146167,2022,3,11,5.15,-4.56,-2.66,2.32,18.12,0
JP-Tak,137.423111,36.146167,2022,3,12,7.87,-3.76,-0.36,2.15,19.51,0
JP-Tak,137.423111,36.146167,2022,3,13,8.31,1.22,3.87,2.94,10.03,1.07
JP-Tak,137.423111,36.146167,2022,3,14,10.41,4.42,5.5,3.28,13.97,6.17
JP-Tak,137.423111,36.146167,2022,3,15,6.64,-2.74,1.31,4.1,15.81,5.49
JP-Tak,137.423111,36.146167,2022,3,16,10.52,-0.97,-2.78,2.58,20.14,0
JP-Tak,137.423111,36.146167,2022,3,17,6.33,-2.35,-0.88,2.04,11.22,0.38
JP-Tak,137.423111,36.146167,2022,3,18,5.59,0.25,2.1,2.77,4.23,31.27
JP-Tak,137.423111,36.146167,2022,3,19,4.49,-4.1,-1.51,3.72,9.16,5.13
JP-Tak,137.423111,36.146167,2022,3,20,2.41,-5.73,-4.42,3.28,12.46,0.32
JP-Tak,137.423111,36.146167,2022,3,21,3.59,-4.93,-4.3,2.39,16.62,0.05
JP-Tak,137.423111,36.146167,2022,3,22,2.85,-7.2,-3.71,1.73,8.19,9.15
JP-Tak,137.423111,36.146167,2022,3,23,2.84,-7.56,-5.55,2.22,13.45,0.28
JP-Tak,137.423111,36.146167,2022,3,24,5.71,-4.31,-2.35,3.32,14.34,0.13
JP-Tak,137.423111,36.146167,2022,3,25,11.38,-3.95,-2.06,2.28,20.76,0
JP-Tak,137.423111,36.146167,2022,3,26,9.58,0.9,5.48,7.8,3.07,22.81
JP-Tak,137.423111,36.146167,2022,3,27,11.65,0.79,2.22,3.42,17.79,0.44
JP-Tak,137.423111,36.146167,2022,3,28,4.35,-1.1,-2.61,3.61,16.74,0.18
JP-Tak,137.423111,36.146167,2022,3,29,8.38,0.78,2.81,2.59,12.89,0
JP-Tak,137.423111,36.146167,2022,3,30,12.59,3.11,5.09,2.55,21.93,0.01
JP-Tak,137.423111,36.146167,2022,3,31,9.5,1.1,5.06,2.77,6.08,1.81
JP-Tak,137.423111,36.146167,2022,4,1,2.04,-5.16,-5.46,5.19,18.7,2.7
JP-Tak,137.423111,36.146167,2022,4,2,5.32,-5.65,-1.88,2.47,21.63,0.12
JP-Tak,137.423111,36.146167,2022,4,3,6.9,-0.79,0.96,1.15,14.13,5.67
JP-Tak,137.423111,36.146167,2022,4,4,8.21,0.1,1.63,2.34,15.83,5.03
JP-Tak,137.423111,36.146167,2022,4,5,14.07,-0.14,2.28,2.21,20.55,0.16
JP-Tak,137.423111,36.146167,2022,4,6,12.29,2.85,2.88,2.83,21.42,0.04
JP-Tak,137.423111,36.146167,2022,4,7,12.64,2.07,3.42,3.81,21.78,2.34
JP-Tak,137.423111,36.146167,2022,4,8,11.36,-1.53,-1.5,2.96,22.4,0.08
JP-Tak,137.423111,36.146167,2022,4,9,13.92,-0.28,2.49,3.13,22.12,0
JP-Tak,137.423111,36.146167,2022,4,10,18.84,4.71,5.73,1.13,21.8,0
JP-Tak,137.423111,36.146167,2022,4,11,17.69,5.92,6.59,2.19,19.21,0
JP-Tak,137.423111,36.146167,2022,4,12,19.03,5.64,7.46,1.96,23.07,0
JP-Tak,137.423111,36.146167,2022,4,13,19.29,7.94,11.15,2.04,19.01,0.33
JP-Tak,137.423111,36.146167,2022,4,14,15.91,9.52,11.15,2.69,5.21,16.08
JP-Tak,137.423111,36.146167,2022,4,15,17.71,7.38,10.4,2.16,7.98,15.43
JP-Tak,137.423111,36.146167,2022,4,16,9.18,0.95,1.2,4.56,15.28,2.31
JP-Tak,137.423111,36.146167,2022,4,17,11.99,3.42,5.14,2.48,23.02,1.26
JP-Tak,137.423111,36.146167,2022,4,18,12.13,2.78,5.99,2.07,10.56,10.77
JP-Tak,137.423111,36.146167,2022,4,19,13.12,0.15,0.46,2.66,23.15,0.01
JP-Tak,137.423111,36.146167,2022,4,20,14.17,1.47,3.48,2.31,23.1,0.09
JP-Tak,137.423111,36.146167,2022,4,21,13.17,4.46,5.99,2.37,13.73,13.14
JP-Tak,137.423111,36.146167,2022,4,22,16.87,6.53,8.04,2.78,19.26,2.11
JP-Tak,137.423111,36.146167,2022,4,23,14.93,6.19,8.14,2.72,14.67,0
JP-Tak,137.423111,36.146167,2022,4,24,14.85,6.96,8.29,1.75,11.6,2.25
JP-Tak,137.423111,36.146167,2022,4,25,21.24,5.26,8.74,1.68,24.23,0.04
JP-Tak,137.423111,36.146167,2022,4,26,18.33,10.72,14.03,6.69,6.27,19.03
JP-Tak,137.423111,36.146167,2022,4,27,17.91,8.68,12.08,3.81,15.12,19.92
JP-Tak,137.423111,36.146167,2022,4,28,17.25,6.52,9.28,2.31,24.23,0.03
JP-Tak,137.423111,36.146167,2022,4,29,13.58,1.7,7.95,3.38,4.65,37.5
JP-Tak,137.423111,36.146167,2022,4,30,14.62,-0.27,3.33,4.22,24.08,0.55
JP-Tak,137.423111,36.146167,2022,5,1,10.36,0.77,4.74,4.03,6.96,9.86
JP-Tak,137.423111,36.146167,2022,5,2,10.19,-1.77,0.09,3.35,20.83,0.13
JP-Tak,137.423111,36.146167,2022,5,3,10.9,-2.16,-0.89,2.64,24.83,0.07
JP-Tak,137.423111,36.146167,2022,5,4,16.37,1.64,3.01,2.55,26.59,0
JP-Tak,137.423111,36.146167,2022,5,5,19.41,7.18,6.71,1.83,25.95,0
JP-Tak,137.423111,36.146167,2022,5,6,18.79,6.15,7.99,1.99,24.08,0
JP-Tak,137.423111,36.146167,2022,5,7,19.58,6.23,8.85,2.38,22.84,0.03
JP-Tak,137.423111,36.146167,2022,5,8,15.09,4.09,3.69,2.72,23.55,0.01
JP-Tak,137.423111,36.146167,2022,5,9,11.34,3.44,5.73,2.11,7.62,5.37
JP-Tak,137.423111,36.146167,2022,5,10,16.83,2.58,6.01,1.91,25.88,0.09
JP-Tak,137.423111,36.146167,2022,5,11,17.86,7.68,8.57,1.96,16.01,0
JP-Tak,137.423111,36.146167,2022,5,12,17.5,8.74,11.23,2.1,17.29,2.7
JP-Tak,137.423111,36.146167,2022,5,13,18.25,11.08,13.29,2.97,11.14,26.01
JP-Tak,137.423111,36.146167,2022,5,14,16.43,4.1,10.65,3.93,11.77,13.38
JP-Tak,137.423111,36.146167,2022,5,15,13.29,3.6,2.84,2.03,12.51,0
JP-Tak,137.423111,36.146167,2022,5,16,11.64,5.02,4.73,1.39,16.36,0.06
JP-Tak,137.423111,36.146167,2022,5,17,13.15,6.78,5.73,1.14,12.04,0
JP-Tak,137.423111,36.146167,2022,5,18,18.22,5.12,4.1,1.12,27.91,0
JP-Tak,137.423111,36.146167,2022,5,19,18.38,6.8,6.02,2.22,23.13,0
JP-Tak,137.423111,36.146167,2022,5,20,16.25,8.27,6.87,1.57,13.88,0.03
JP-Tak,137.423111,36.146167,2022,5,21,13.87,8.87,9.22,1.18,8.25,4.06
JP-Tak,137.423111,36.146167,2022,5,22,17.68,8.41,9.24,2.51,22.83,3.45
JP-Tak,137.423111,36.146167,2022,5,23,17.06,7.63,7.79,3.04,26.37,0.73
JP-Tak,137.423111,36.146167,2022,5,24,19.5,7.33,10.03,2.35,28.76,0.02
JP-Tak,137.423111,36.146167,2022,5,25,19.83,9.05,11.32,1.58,25.24,0.91
JP-Tak,137.423111,36.146167,2022,5,26,16.76,10.25,11.29,2.63,15.16,2.81
JP-Tak,137.423111,36.146167,2022,5,27,19.05,7.55,10.27,3.11,18.32,36.31
JP-Tak,137.423111,36.146167,2022,5,28,16.45,6.49,6.92,4.03,26.88,0
JP-Tak,137.423111,36.146167,2022,5,29,22.43,7.65,6.93,1.99,29.13,0
JP-Tak,137.423111,36.146167,2022,5,30,22.84,13.14,9.89,2.29,25.05,0.52
JP-Tak,137.423111,36.146167,2022,5,31,18.89,6.52,11.05,3.75,14.25,5.04
JP-Tak,137.423111,36.146167,2022,6,1,18.11,4.3,6.61,1.6,19.81,0
JP-Tak,137.423111,36.146167,2022,6,2,20.21,8.92,10.76,2.36,27.2,0.01
JP-Tak,137.423111,36.146167,2022,6,3,18.14,8.24,10.09,2.84,17.49,0.06
JP-Tak,137.423111,36.146167,2022,6,4,19.42,5.14,8.3,2.12,25.61,0.06
JP-Tak,137.423111,36.146167,2022,6,5,20.47,11.03,11.6,2.3,22.59,1.67
JP-Tak,137.423111,36.146167,2022,6,6,15.25,10.24,10.55,4.44,11.94,36.15
JP-Tak,137.423111,36.146167,2022,6,7,15.95,9.1,10.14,3.53,15.03,3.43
JP-Tak,137.423111,36.146167,2022,6,8,17.21,8.41,9.64,1.79,15.32,2.11
JP-Tak,137.423111,36.146167,2022,6,9,18.01,8.63,10.54,2.12,22.65,1.13
JP-Tak,137.423111,36.146167,2022,6,10,18.87,10.29,12.39,2.2,17.36,2.47
JP-Tak,137.423111,36.146167,2022,6,11,18.49,12.06,12.51,0.81,12.4,7.13
JP-Tak,137.423111,36.146167,2022,6,12,19.03,7.22,10.04,3.21,18.94,1.15
JP-Tak,137.423111,36.146167,2022,6,13,20.24,6.42,8.82,2.36,23.74,0.06
JP-Tak,137.423111,36.146167,2022,6,14,15,9.83,10.31,3.25,9.66,5.84
JP-Tak,137.423111,36.146167,2022,6,15,16.96,9.76,12.28,2.75,9.48,7.56
JP-Tak,137.423111,36.146167,2022,6,16,18.33,11.98,13.36,2.79,16.37,0.18
JP-Tak,137.423111,36.146167,2022,6,17,20.31,12.24,13.7,3.14,21.48,0.37
JP-Tak,137.423111,36.146167,2022,6,18,19.61,12.73,14.51,1.56,14.3,0.41
JP-Tak,137.423111,36.146167,2022,6,19,23.43,12.71,15.34,2.31,23.37,1.02
JP-Tak,137.423111,36.146167,2022,6,20,24.13,14.88,16.55,1.96,20.85,1.28
JP-Tak,137.423111,36.146167,2022,6,21,21.79,15.37,16.27,1.34,17.84,5.84
JP-Tak,137.423111,36.146167,2022,6,22,24.71,15.34,17.61,2.02,17.95,15.76
JP-Tak,137.423111,36.146167,2022,6,23,24.33,16.25,17.15,2.3,23.91,2.39
JP-Tak,137.423111,36.146167,2022,6,24,23.57,17.31,18.27,6.45,16.64,3.27
JP-Tak,137.423111,36.146167,2022,6,25,22.98,16.4,18.07,4.61,25.21,6.08
JP-Tak,137.423111,36.146167,2022,6,26,23.01,15.71,17.17,3.28,18.61,0.61
JP-Tak,137.423111,36.146167,2022,6,27,24.09,16.94,17.98,2.65,16.73,4.91
JP-Tak,137.423111,36.146167,2022,6,28,26.43,15.87,17.8,2.56,25.69,0
JP-Tak,137.423111,36.146167,2022,6,29,26.57,14.57,17.3,2.6,26.75,0
JP-Tak,137.423111,36.146167,2022,6,30,27.49,16.37,18.05,1.74,25,0.02
JP-Tak,137.423111,36.146167,2022,7,1,28.1,17.77,17.88,1.19,29.5,0
JP-Tak,137.423111,36.146167,2022,7,2,28.05,18.11,18.46,1.49,27.45,0.38
JP-Tak,137.423111,36.146167,2022,7,3,21.12,17.16,17.63,1.72,10.18,17.03
JP-Tak,137.423111,36.146167,2022,7,4,22.87,16.81,18.39,2.19,10.66,26.36
JP-Tak,137.423111,36.146167,2022,7,5,22.98,15.94,17.92,1.52,15.45,9.35
JP-Tak,137.423111,36.146167,2022,7,6,25.14,16.84,18.19,2.42,19.35,2.24
JP-Tak,137.423111,36.146167,2022,7,7,25.81,15.73,17.11,1.05,23.18,0.85
JP-Tak,137.423111,36.146167,2022,7,8,25.86,16.9,17.65,1.57,22.89,1.6
JP-Tak,137.423111,36.146167,2022,7,9,24.82,17.31,17.84,1.7,21.95,9.76
JP-Tak,137.423111,36.146167,2022,7,10,23.34,15.71,17.82,2.21,15.7,11.46
JP-Tak,137.423111,36.146167,2022,7,11,25.29,18.05,19.43,1.54,20.17,1.12
JP-Tak,137.423111,36.146167,2022,7,12,22.83,17.65,18.67,2.58,10.56,23.37
JP-Tak,137.423111,36.146167,2022,7,13,25.22,15.57,17.56,1.31,20.02,3.49
JP-Tak,137.423111,36.146167,2022,7,14,23.92,16.9,17.53,2.1,14.07,18.16
JP-Tak,137.423111,36.146167,2022,7,15,23.92,16.47,18.23,2.49,8.51,17.34
JP-Tak,137.423111,36.146167,2022,7,16,21.26,17.8,17.93,2.04,19.43,16.3
JP-Tak,137.423111,36.146167,2022,7,17,23.32,17.42,18.12,2.6,16.94,9.41
JP-Tak,137.423111,36.146167,2022,7,18,22.56,16.17,17.36,2.45,14.96,0.44
JP-Tak,137.423111,36.146167,2022,7,19,22.91,18.16,19.61,5.41,6.07,25.34
JP-Tak,137.423111,36.146167,2022,7,20,23.72,16.07,16.73,3.11,18.51,0.85
JP-Tak,137.423111,36.146167,2022,7,21,23.41,15.93,16.62,1.91,14.6,4.06
JP-Tak,137.423111,36.146167,2022,7,22,24.14,15.92,17.86,3.29,15.11,10.94
JP-Tak,137.423111,36.146167,2022,7,23,24.08,15.54,17.13,3.52,15.16,2.66
JP-Tak,137.423111,36.146167,2022,7,24,23.55,16.35,16.5,2.06,22.54,0.01
JP-Tak,137.423111,36.146167,2022,7,25,27.34,16.36,18.74,1.5,18.4,1.01
JP-Tak,137.423111,36.146167,2022,7,26,27.22,18.42,20.11,1.4,19.03,4.99
JP-Tak,137.423111,36.146167,2022,7,27,24.42,18.73,20.13,2.85,12.09,10.16
JP-Tak,137.423111,36.146167,2022,7,28,25.17,18.44,19.82,1.79,18.66,22.99
JP-Tak,137.423111,36.146167,2022,7,29,27.19,17.9,19.51,1.44,25.02,26.25
JP-Tak,137.423111,36.146167,2022,7,30,27.87,17.95,19.19,1.32,23.6,14.78
JP-Tak,137.423111,36.146167,2022,7,31,27.11,17.74,19.35,1.6,22.61,2.23
JP-Tak,137.423111,36.146167,2022,8,1,28.07,20.59,19.79,1.34,24.73,1.68
JP-Tak,137.423111,36.146167,2022,8,2,27.73,20.08,19.25,1.52,24.37,0.29
JP-Tak,137.423111,36.146167,2022,8,3,25.38,18.23,19,2.63,13.32,0.51
JP-Tak,137.423111,36.146167,2022,8,4,23.78,17.55,19.33,1.42,3.47,30.12
JP-Tak,137.423111,36.146167,2022,8,5,25.53,18.03,18.8,1.62,22.19,10.54
JP-Tak,137.423111,36.146167,2022,8,6,25.93,17.71,19.26,2.01,21.01,2.83
JP-Tak,137.423111,36.146167,2022,8,7,24.97,17.7,18.88,1.55,21.37,3.07
JP-Tak,137.423111,36.146167,2022,8,8,25.59,17.42,19.67,2.44,21.88,4.53
JP-Tak,137.423111,36.146167,2022,8,9,25.81,19.18,20.07,3.16,19.3,0.29
JP-Tak,137.423111,36.146167,2022,8,10,25.4,19.28,20.01,2.88,16.05,2.19
JP-Tak,137.423111,36.146167,2022,8,11,24.99,18.95,18.73,2.76,21.26,2.28
JP-Tak,137.423111,36.146167,2022,8,12,23.26,18.49,19.96,3.44,11.6,10.48
JP-Tak,137.423111,36.146167,2022,8,13,25.45,18.01,20.41,2.39,16.71,13
JP-Tak,137.423111,36.146167,2022,8,14,25.1,17.27,19.03,2.81,11.13,8.49
JP-Tak,137.423111,36.146167,2022,8,15,24.45,17.86,19.33,2.65,11.66,1.86
JP-Tak,137.423111,36.146167,2022,8,16,25.01,19.89,20.29,4.85,10.53,11.17
JP-Tak,137.423111,36.146167,2022,8,17,22.41,17.92,18.17,2.22,6.28,11.65
JP-Tak,137.423111,36.146167,2022,8,18,24.15,14.92,17.69,4.2,14.65,29.03
JP-Tak,137.423111,36.146167,2022,8,19,23.54,13.48,15.56,2.05,26.03,0.01
JP-Tak,137.423111,36.146167,2022,8,20,22.42,15.69,18.52,2.85,3.54,43.05
JP-Tak,137.423111,36.146167,2022,8,21,26.08,19.09,20.1,1.45,15.17,12.36
JP-Tak,137.423111,36.146167,2022,8,22,26.83,18.54,20.03,2.03,20.64,1.61
JP-Tak,137.423111,36.146167,2022,8,23,26.05,18.81,20.21,2.16,13.29,1.23
JP-Tak,137.423111,36.146167,2022,8,24,26.52,17.91,19.47,1.58,15,1.84
JP-Tak,137.423111,36.146167,2022,8,25,25.31,18.58,20.07,2.77,8.15,14.55
JP-Tak,137.423111,36.146167,2022,8,26,23.95,16.71,18.22,1.45,12.19,2.29
JP-Tak,137.423111,36.146167,2022,8,27,22.1,15.51,16.66,1.76,7.27,0.86
JP-Tak,137.423111,36.146167,2022,8,28,22.92,15.59,16.38,1.96,13.82,1.97
JP-Tak,137.423111,36.146167,2022,8,29,23.55,15.38,16.04,1.69,22.24,0.29
JP-Tak,137.423111,36.146167,2022,8,30,25.23,17.31,18.78,2,9.87,4.99
JP-Tak,137.423111,36.146167,2022,8,31,24.01,17.95,19.1,4.1,16.23,7.1
JP-Tak,137.423111,36.146167,2022,9,1,23.09,18.25,19.79,3.11,4.55,35
JP-Tak,137.423111,36.146167,2022,9,2,25,17.52,18.7,1.53,9.24,11.96
JP-Tak,137.423111,36.146167,2022,9,3,24,17.04,18.4,1.99,9.85,12.42
JP-Tak,137.423111,36.146167,2022,9,4,25.49,16.69,17.94,1.29,19.41,1.64
JP-Tak,137.423111,36.146167,2022,9,5,25.09,16.83,17.66,2.27,19.75,0.18
JP-Tak,137.423111,36.146167,2022,9,6,23.7,16.1,17.64,5.72,20.08,2.29
JP-Tak,137.423111,36.146167,2022,9,7,26.64,17.31,19.34,2,10.61,9.83
JP-Tak,137.423111,36.146167,2022,9,8,21.55,15.4,17.25,1.77,9.11,18.51
JP-Tak,137.423111,36.146167,2022,9,9,24.17,16,17.29,0.85,9.04,10.72
JP-Tak,137.423111,36.146167,2022,9,10,25.09,16.46,17.91,0.97,16.18,3.63
JP-Tak,137.423111,36.146167,2022,9,11,25.09,17.2,17.92,0.86,18.97,0.52
JP-Tak,137.423111,36.146167,2022,9,12,24.35,17.11,18.44,1.02,16.7,6.63
JP-Tak,137.423111,36.146167,2022,9,13,26.1,17.76,18.73,1.07,15.59,0
JP-Tak,137.423111,36.146167,2022,9,14,26.3,17.48,17.97,1.36,16.69,0.01
JP-Tak,137.423111,36.146167,2022,9,15,24.76,17.13,18.22,1.67,15.94,0.01
JP-Tak,137.423111,36.146167,2022,9,16,25.22,16,17.42,0.86,18.13,0.01
JP-Tak,137.423111,36.146167,2022,9,17,25.41,13.7,16.19,1.8,17.22,0.05
JP-Tak,137.423111,36.146167,2022,9,18,25.17,17.37,18.66,2.98,13.78,2.75
JP-Tak,137.423111,36.146167,2022,9,19,22.07,17.75,17.92,7.9,11.24,10.38
JP-Tak,137.423111,36.146167,2022,9,20,19.9,10.39,13.13,5.37,6.6,41.86
JP-Tak,137.423111,36.146167,2022,9,21,18.65,10.35,11.55,1.7,11.91,0.74
JP-Tak,137.423111,36.146167,2022,9,22,21.01,11.63,14.46,1.5,6.9,8.66
JP-Tak,137.423111,36.146167,2022,9,23,19.67,14.4,16.18,2.19,3.55,62.93
JP-Tak,137.423111,36.146167,2022,9,24,21.67,9.77,14.74,3.04,8.68,13.21
JP-Tak,137.423111,36.146167,2022,9,25,21.18,9.44,14.02,2.05,19.43,0
JP-Tak,137.423111,36.146167,2022,9,26,22.6,12.92,14.78,1.4,18.25,0.05
JP-Tak,137.423111,36.146167,2022,9,27,22.7,14.77,15.85,1.25,8.55,9.76
JP-Tak,137.423111,36.146167,2022,9,28,17.84,12.52,13.83,1.42,6.93,2
JP-Tak,137.423111,36.146167,2022,9,29,20.89,11.47,11.8,1.31,19.4,0.05
JP-Tak,137.423111,36.146167,2022,9,30,21.19,10.26,10.71,1.23,20.68,0.01
JP-Tak,137.423111,36.146167,2022,10,1,20.9,10.48,10.01,1.68,19.34,0
JP-Tak,137.423111,36.146167,2022,10,2,20.06,10.78,10.19,1.66,20.29,0
JP-Tak,137.423111,36.146167,2022,10,3,18.41,11.22,12.24,2.12,9.45,0
JP-Tak,137.423111,36.146167,2022,10,4,20.03,12.43,14.75,4.1,10.63,2.84
JP-Tak,137.423111,36.146167,2022,10,5,15.73,10.38,12.12,2.75,4.14,5.32
JP-Tak,137.423111,36.146167,2022,10,6,13.83,8.71,8.68,1.7,5.69,1.03
JP-Tak,137.423111,36.146167,2022,10,7,12.18,8.88,9.59,1.6,4.1,27.75
JP-Tak,137.423111,36.146167,2022,10,8,13.66,8.62,8.44,3.08,8.98,1.51
JP-Tak,137.423111,36.146167,2022,10,9,16.16,7.78,9.25,2.2,7.21,10.28
JP-Tak,137.423111,36.146167,2022,10,10,20.27,8.4,12.78,4.75,4.5,14.52
JP-Tak,137.423111,36.146167,2022,10,11,12.52,4.96,5.78,3.84,14.24,0.06
JP-Tak,137.423111,36.146167,2022,10,12,16.71,5.83,8.13,1.72,7.52,0
JP-Tak,137.423111,36.146167,2022,10,13,18.18,7.84,8.84,1.3,13.3,0.01
JP-Tak,137.423111,36.146167,2022,10,14,18.79,5.63,9.34,1.36,16.98,0.06
JP-Tak,137.423111,36.146167,2022,10,15,20.72,10.59,10.92,1.03,12.71,0
JP-Tak,137.423111,36.146167,2022,10,16,18.86,11.24,12.48,2.01,15.78,0.48
JP-Tak,137.423111,36.146167,2022,10,17,16.67,9.8,12.31,2.51,2.58,6.48
JP-Tak,137.423111,36.146167,2022,10,18,12.33,4.36,6.43,3.02,6.52,2.28
JP-Tak,137.423111,36.146167,2022,10,19,12.85,1.75,3.16,2.48,17.24,0.02
JP-Tak,137.423111,36.146167,2022,10,20,13.83,0.65,1.04,1.76,18.04,0
JP-Tak,137.423111,36.146167,2022,10,21,14.41,2.03,3.56,2.13,16.33,0
JP-Tak,137.423111,36.146167,2022,10,22,15.22,6.21,9.61,2.46,5.57,0.15
JP-Tak,137.423111,36.146167,2022,10,23,14.18,6.14,8.32,2.68,11.49,1.1
JP-Tak,137.423111,36.146167,2022,10,24,11.29,2.16,4.08,2.69,9.67,2.19
JP-Tak,137.423111,36.146167,2022,10,25,8.25,-0.08,1.18,2.98,12.3,0.03
JP-Tak,137.423111,36.146167,2022,10,26,11.97,-1.98,0.22,2,16.58,0
JP-Tak,137.423111,36.146167,2022,10,27,8.97,1.36,0.71,1.6,12.4,0
JP-Tak,137.423111,36.146167,2022,10,28,13.28,1.08,3.26,1.34,14.67,0.22
JP-Tak,137.423111,36.146167,2022,10,29,11.11,1.69,2.88,2.6,12.44,0.07
JP-Tak,137.423111,36.146167,2022,10,30,12.29,1.23,3.38,1.69,11.5,0
JP-Tak,137.423111,36.146167,2022,10,31,13.78,3.42,5.26,1.55,15.64,0.55
JP-Tak,137.423111,36.146167,2022,11,1,10,5.67,6.5,1.52,4.28,10.45
JP-Tak,137.423111,36.146167,2022,11,2,15.55,5.85,6.78,1.25,12.7,0.1
JP-Tak,137.423111,36.146167,2022,11,3,13.59,2.62,5.56,2.79,13.52,0.06
JP-Tak,137.423111,36.146167,2022,11,4,11.4,0.14,4.7,2.4,4.53,0.98
JP-Tak,137.423111,36.146167,2022,11,5,10.26,-0.54,0.57,1.97,9.92,0.02
JP-Tak,137.423111,36.146167,2022,11,6,11.13,-1,-0.26,1.77,14.27,0
JP-Tak,137.423111,36.146167,2022,11,7,11.65,0.86,2.75,2.25,14.37,0
JP-Tak,137.423111,36.146167,2022,11,8,8.94,0.3,2.82,2.66,6.68,0.7
JP-Tak,137.423111,36.146167,2022,11,9,12.38,-0.93,0.09,1.38,14.2,0
JP-Tak,137.423111,36.146167,2022,11,10,11.78,0.72,2.66,1.68,13.15,0
JP-Tak,137.423111,36.146167,2022,11,11,13.8,1.67,4.77,1.81,12.37,0
JP-Tak,137.423111,36.146167,2022,11,12,14.59,2.87,6.11,1.92,13.4,0.02
JP-Tak,137.423111,36.146167,2022,11,13,13.85,5.66,9.91,4.46,3.99,10.19
JP-Tak,137.423111,36.146167,2022,11,14,11.2,1.89,3.44,2.89,8.32,0.41
JP-Tak,137.423111,36.146167,2022,11,15,9.4,1.7,2.69,2.5,10.83,0.76
JP-Tak,137.423111,36.146167,2022,11,16,6.09,0.78,1.26,2.78,8.24,2.7
JP-Tak,137.423111,36.146167,2022,11,17,7.01,1.09,1.98,1.63,7.46,0.23
JP-Tak,137.423111,36.146167,2022,11,18,10.04,-1.13,0.82,1.67,12.56,0
JP-Tak,137.423111,36.146167,2022,11,19,11.99,0.2,2.74,2.21,11.87,0.02
JP-Tak,137.423111,36.146167,2022,11,20,5.88,1.51,2.85,2.54,3.07,6.2
JP-Tak,137.423111,36.146167,2022,11,21,12.74,2.96,5.35,1.83,10.94,11.41
JP-Tak,137.423111,36.146167,2022,11,22,9.71,3.84,5.18,2.09,6.04,0.95
JP-Tak,137.423111,36.146167,2022,11,23,6.83,2.67,4.7,1.98,2.33,31.53
JP-Tak,137.423111,36.146167,2022,11,24,6.44,2.33,3.3,4.06,6.71,1.99
JP-Tak,137.423111,36.146167,2022,11,25,10.6,-1.9,1.73,2.26,12.43,0.09
JP-Tak,137.423111,36.146167,2022,11,26,10.66,5.11,7.05,3.52,9.86,1.54
JP-Tak,137.423111,36.146167,2022,11,27,8.58,1.13,1.21,3.15,10.05,0.04
JP-Tak,137.423111,36.146167,2022,11,28,11.95,3.11,6.87,2.77,10.48,1.48
JP-Tak,137.423111,36.146167,2022,11,29,12.6,9.7,10.49,7.65,2.63,22.25
JP-Tak,137.423111,36.146167,2022,11,30,9.14,0.32,3.64,4,4.62,2.8
JP-Tak,137.423111,36.146167,2022,12,1,3.33,-1.97,-1.91,2.95,4.11,1.91
JP-Tak,137.423111,36.146167,2022,12,2,1.3,-4.65,-3.84,3.24,6.12,1.67
JP-Tak,137.423111,36.146167,2022,12,3,5.41,-4.49,-4.02,1.87,11.1,0.01
JP-Tak,137.423111,36.146167,2022,12,4,4.11,-0.97,0.6,2.72,3.91,1.91
JP-Tak,137.423111,36.146167,2022,12,5,5.89,-1.87,-1.3,1.58,4.65,0.78
JP-Tak,137.423111,36.146167,2022,12,6,3.34,-2.04,-1.24,3.56,6.42,1.53
JP-Tak,137.423111,36.146167,2022,12,7,2.42,-2.41,-2.01,4.08,6.57,2.53
JP-Tak,137.423111,36.146167,2022,12,8,3.26,-2.72,-1.48,4.05,6.08,1.5
JP-Tak,137.423111,36.146167,2022,12,9,4.79,-3.42,-1.65,1.61,9.17,0.13
JP-Tak,137.423111,36.146167,2022,12,10,7.37,-1.68,-1.04,1.34,10.13,0.06
JP-Tak,137.423111,36.146167,2022,12,11,4.13,-3.17,-0.65,2.37,3.78,2.23
JP-Tak,137.423111,36.146167,2022,12,12,5.15,-4.87,-3,2.78,9.63,0.19
JP-Tak,137.423111,36.146167,2022,12,13,3.48,-2.05,0.59,4.32,5.57,5.45
JP-Tak,137.423111,36.146167,2022,12,14,-0.59,-5.86,-4.59,7.37,3.36,5.22
JP-Tak,137.423111,36.146167,2022,12,15,-0.89,-5.81,-5.46,5.01,4.68,1.9
JP-Tak,137.423111,36.146167,2022,12,16,0.8,-5.55,-3.62,3.96,3.71,3.05
JP-Tak,137.423111,36.146167,2022,12,17,0.34,-5.21,-4.42,2.45,3.43,3.7
JP-Tak,137.423111,36.146167,2022,12,18,-4.81,-8.07,-7.89,6.27,3.35,4.29
JP-Tak,137.423111,36.146167,2022,12,19,-4.46,-7.71,-7.54,5.26,3.17,2.26
JP-Tak,137.423111,36.146167,2022,12,20,-1.92,-8.86,-6.71,3.03,6.35,0.81
JP-Tak,137.423111,36.146167,2022,12,21,1.46,-9.37,-6.51,1.74,5.16,1.06
JP-Tak,137.423111,36.146167,2022,12,22,2.43,-7.2,-1.68,4.52,4.57,17.17
JP-Tak,137.423111,36.146167,2022,12,23,-6.35,-9.88,-10.32,7.54,4.82,3.24
JP-Tak,137.423111,36.146167,2022,12,24,-2.19,-8.43,-5.29,5.99,3.81,10.92
JP-Tak,137.423111,36.146167,2022,12,25,-2.45,-6.61,-5.58,5.11,3.78,3
JP-Tak,137.423111,36.146167,2022,12,26,-3.16,-7,-6.49,4.97,4.71,2.29
JP-Tak,137.423111,36.146167,2022,12,27,-0.78,-7.03,-5.64,2.75,6.64,0.27
JP-Tak,137.423111,36.146167,2022,12,28,1.18,-9.38,-4.73,2.24,9.06,0.51
JP-Tak,137.423111,36.146167,2022,12,29,-0.82,-4.43,-3.98,4.8,6,1.91
JP-Tak,137.423111,36.146167,2022,12,30,-1.29,-6.86,-5.21,2.82,6.12,0.96
JP-Tak,137.423111,36.146167,2022,12,31,-0.11,-5.32,-4.19,2.29,6.98,1.11
JP-Tak,137.423111,36.146167,2023,1,1,-0.12,-4.6,-3.22,3.78,6.07,2.11
JP-Tak,137.423111,36.146167,2023,1,2,-2.3,-9.38,-6.28,3.6,6.29,1.57
JP-Tak,137.423111,36.146167,2023,1,3,-2.84,-9.48,-7.73,2.38,8.17,0.76
JP-Tak,137.423111,36.146167,2023,1,4,-2.4,-9.41,-7.6,2.74,4.92,1.15
JP-Tak,137.423111,36.146167,2023,1,5,-3.67,-9.78,-8.28,3.4,7.31,0.53
JP-Tak,137.423111,36.146167,2023,1,6,-1.25,-8.11,-6.31,1.87,8.62,0.28
JP-Tak,137.423111,36.146167,2023,1,7,-0.25,-6.95,-5.02,1.7,8,0.29
JP-Tak,137.423111,36.146167,2023,1,8,1.03,-4.81,-4.05,1.71,7.78,0.28
JP-Tak,137.423111,36.146167,2023,1,9,1.16,-4.28,-1.97,3.26,5.66,2.15
JP-Tak,137.423111,36.146167,2023,1,10,-3.35,-9.52,-7.93,6.05,6.04,0.88
JP-Tak,137.423111,36.146167,2023,1,11,1.01,-12.12,-9.93,1.66,11.89,0
JP-Tak,137.423111,36.146167,2023,1,12,3.51,-7.29,-7.6,1.09,11.12,0
JP-Tak,137.423111,36.146167,2023,1,13,4.7,-2.89,-0.89,2.62,8.1,3.78
JP-Tak,137.423111,36.146167,2023,1,14,6.34,2,4.12,2.75,3.03,5.85
JP-Tak,137.423111,36.146167,2023,1,15,6.01,0.07,1.88,1.83,3.86,2.5
JP-Tak,137.423111,36.146167,2023,1,16,2.48,-6.95,-2.01,3.15,4.92,1.13
JP-Tak,137.423111,36.146167,2023,1,17,2.67,-8.73,-6.78,2.44,8.51,0.01
JP-Tak,137.423111,36.146167,2023,1,18,0.78,-5.74,-4.45,2.57,6.55,1.31
JP-Tak,137.423111,36.146167,2023,1,19,1.96,-6.68,-5.17,1.98,11.34,0.38
JP-Tak,137.423111,36.146167,2023,1,20,0.6,-5.91,-4.55,4.95,8.81,1.13
JP-Tak,137.423111,36.146167,2023,1,21,-3.76,-10.84,-9.93,4.53,8.75,0.45
JP-Tak,137.423111,36.146167,2023,1,22,-1.6,-10.83,-7.73,1.6,9.02,0.09
JP-Tak,137.423111,36.146167,2023,1,23,2.33,-4.81,-4.73,1.32,10.05,0.35
JP-Tak,137.423111,36.146167,2023,1,24,-1.96,-14.44,-7.51,5.41,2.8,6.67
JP-Tak,137.423111,36.146167,2023,1,25,-11.03,-15.27,-14.84,6.6,4.9,2.86
JP-Tak,137.423111,36.146167,2023,1,26,-4.31,-12.45,-8.61,4.05,5.7,2.04
JP-Tak,137.423111,36.146167,2023,1,27,-3.96,-9.3,-6.71,2.81,3.57,4.72
JP-Tak,137.423111,36.146167,2023,1,28,-7.07,-10.62,-10.36,3.57,8.16,1.55
JP-Tak,137.423111,36.146167,2023,1,29,-4.01,-12.28,-8.64,2.78,8.56,1.84
JP-Tak,137.423111,36.146167,2023,1,30,-3.3,-10.68,-7.77,5.02,3.12,2.75
JP-Tak,137.423111,36.146167,2023,1,31,-4.07,-11.79,-10.54,2.62,11.85,0.05
JP-Tak,137.423111,36.146167,2023,2,1,-1.17,-11.36,-5.46,4.74,7.03,1.21
JP-Tak,137.423111,36.146167,2023,2,2,-4.33,-9.82,-8.73,4.52,9.66,0.22
JP-Tak,137.423111,36.146167,2023,2,3,-0.48,-10.7,-6.78,1.64,5.42,0.12
JP-Tak,137.423111,36.146167,2023,2,4,-0.5,-7.68,-5,3.07,6.29,0.94
JP-Tak,137.423111,36.146167,2023,2,5,0.93,-8.39,-6.29,1.63,11.54,0.27
JP-Tak,137.423111,36.146167,2023,2,6,1.31,-9.59,-6.45,1.55,12.47,0
JP-Tak,137.423111,36.146167,2023,2,7,4.55,-1.26,-5.03,0.67,10,0.01
JP-Tak,137.423111,36.146167,2023,2,8,2.2,-5.92,-4.09,2.9,5.97,0.53
JP-Tak,137.423111,36.146167,2023,2,9,-1.58,-7.77,-8.11,4.24,12.4,0.06
JP-Tak,137.423111,36.146167,2023,2,10,0.85,-4.25,-1.38,2.42,2.43,25.88
JP-Tak,137.423111,36.146167,2023,2,11,2.06,-5.59,-3.18,3.48,10.62,0.15
JP-Tak,137.423111,36.146167,2023,2,12,3.7,-1.21,1,2.31,12.01,0.04
JP-Tak,137.423111,36.146167,2023,2,13,2.56,-4.77,-0.02,2.91,3.02,2.84
JP-Tak,137.423111,36.146167,2023,2,14,-3.77,-10.89,-9.07,6.38,8.25,0.43
JP-Tak,137.423111,36.146167,2023,2,15,-5.57,-11.79,-11.31,5.38,10.09,0.59
JP-Tak,137.423111,36.146167,2023,2,16,-0.28,-14.05,-9.86,1.75,11.61,0.11
JP-Tak,137.423111,36.146167,2023,2,17,2.06,-9.99,-7.1,1.93,14.71,0
JP-Tak,137.423111,36.146167,2023,2,18,4.91,-5.93,-1.78,1.96,4.76,2.44
JP-Tak,137.423111,36.146167,2023,2,19,5.6,-1.58,2.09,5.26,2.49,19.4
JP-Tak,137.423111,36.146167,2023,2,20,-0.38,-7.07,-5.26,5.43,8.77,1.67
JP-Tak,137.423111,36.146167,2023,2,21,-5.3,-10.27,-10.49,6.54,8.19,0.48
JP-Tak,137.423111,36.146167,2023,2,22,2.42,-12.06,-8.54,2.41,14.27,0
JP-Tak,137.423111,36.146167,2023,2,23,1.97,-5.52,-3.49,2.53,9.08,0.12
JP-Tak,137.423111,36.146167,2023,2,24,3.51,-3.7,-2.76,1.85,8.06,1.01
JP-Tak,137.423111,36.146167,2023,2,25,-2.35,-7.73,-7.24,5.55,9.58,0.66
JP-Tak,137.423111,36.146167,2023,2,26,-2.98,-8.23,-8.51,6.38,11.28,0.26
JP-Tak,137.423111,36.146167,2023,2,27,6.55,-10.07,-5.95,2.58,16.8,0
JP-Tak,137.423111,36.146167,2023,2,28,5.9,-6.01,-2.47,3.66,17.86,0
JP-Tak,137.423111,36.146167,2023,3,1,7.28,-0.54,1.66,4.02,15.23,0.74
JP-Tak,137.423111,36.146167,2023,3,2,3.8,-5.8,-2.59,5.97,7.79,4.62
JP-Tak,137.423111,36.146167,2023,3,3,3.39,-6.05,-5.69,2.43,16.27,0.01
JP-Tak,137.423111,36.146167,2023,3,4,4.86,-4.76,-3.41,2.71,14.2,0.01
JP-Tak,137.423111,36.146167,2023,3,5,4.79,-2.28,-0.12,1.64,15.23,0.41
JP-Tak,137.423111,36.146167,2023,3,6,7.98,-2.02,-2.05,1.61,18.31,0.2
JP-Tak,137.423111,36.146167,2023,3,7,8.89,-1.16,-5.13,1.55,16.82,0
JP-Tak,137.423111,36.146167,2023,3,8,10.9,1.15,-1.09,2.34,16.09,0
JP-Tak,137.423111,36.146167,2023,3,9,11.18,1.44,3.17,3.22,15.39,0.37
JP-Tak,137.423111,36.146167,2023,3,10,10.22,0.65,2.72,3.86,13.71,7.44
JP-Tak,137.423111,36.146167,2023,3,11,14.26,1.64,-2.42,1.19,17.27,0
JP-Tak,137.423111,36.146167,2023,3,12,12.27,1.85,4.73,3.34,13.99,0.21
JP-Tak,137.423111,36.146167,2023,3,13,6.28,-4.57,-0.47,5.6,6.13,14.01
JP-Tak,137.423111,36.146167,2023,3,14,7.8,-4.71,-4.75,2.45,18.91,0
JP-Tak,137.423111,36.146167,2023,3,15,10.36,-1.7,-0.85,2.43,20.03,0
JP-Tak,137.423111,36.146167,2023,3,16,10.5,1.3,4.54,2.88,10.67,0.68
JP-Tak,137.423111,36.146167,2023,3,17,9.44,1.43,2.1,1.54,10.84,3.08
JP-Tak,137.423111,36.146167,2023,3,18,5.64,-3.76,0.52,2.06,3.84,22.54
JP-Tak,137.423111,36.146167,2023,3,19,7.13,-6.09,-4.17,2.4,20.37,0
JP-Tak,137.423111,36.146167,2023,3,20,9.21,-2.61,-1.76,2.39,19.61,0
JP-Tak,137.423111,36.146167,2023,3,21,9.59,0.24,2.75,1.97,14.17,0.62
JP-Tak,137.423111,36.146167,2023,3,22,17.4,3.84,7.5,1.72,20.36,0.02
JP-Tak,137.423111,36.146167,2023,3,23,15.05,4.88,9.44,5.03,8.67,14.49
JP-Tak,137.423111,36.146167,2023,3,24,14.34,7.38,8.9,3.01,6.55,5.25
JP-Tak,137.423111,36.146167,2023,3,25,9.63,4.1,5.5,1.66,8.49,13.34
JP-Tak,137.423111,36.146167,2023,3,26,6.73,0.4,3.83,1.73,5.31,23.98
JP-Tak,137.423111,36.146167,2023,3,27,7.82,-2.97,-1.22,2.72,16.6,0.41
JP-Tak,137.423111,36.146167,2023,3,28,9.58,-0.31,-0.63,2.02,20.26,0.07
JP-Tak,137.423111,36.146167,2023,3,29,10.43,-0.39,-0.34,1.88,21.22,0.06
JP-Tak,137.423111,36.146167,2023,3,30,12,-0.13,0.35,2.08,22.31,0
JP-Tak,137.423111,36.146167,2023,3,31,12.57,2.06,1.74,1.66,20.37,0
JP-Tak,137.423111,36.146167,2023,4,1,15.1,1.39,0.54,1.57,23.19,0
JP-Tak,137.423111,36.146167,2023,4,2,14.02,1.99,3.89,1.49,22.01,0.07
JP-Tak,137.423111,36.146167,2023,4,3,13.23,2.03,0.85,2.39,22.31,0.11
JP-Tak,137.423111,36.146167,2023,4,4,15.37,1.14,2.61,1.46,22.05,0
JP-Tak,137.423111,36.146167,2023,4,5,10.39,4.48,4.9,2.61,10.44,0.01
JP-Tak,137.423111,36.146167,2023,4,6,12.65,5.45,7.92,6.71,8.18,2.47
JP-Tak,137.423111,36.146167,2023,4,7,11.57,3.7,9.04,6.68,4.96,26.6
JP-Tak,137.423111,36.146167,2023,4,8,5.84,-3.11,-0.62,5.68,10.56,2.48
JP-Tak,137.423111,36.146167,2023,4,9,6.66,-4.36,-4.88,4.88,24.63,0.02
JP-Tak,137.423111,36.146167,2023,4,10,11.24,-0.33,-0.42,2.91,25.13,0
JP-Tak,137.423111,36.146167,2023,4,11,15.06,4.48,6.4,4.42,21.76,0.05
JP-Tak,137.423111,36.146167,2023,4,12,9.92,-2.08,5.54,5.07,9.47,3.06
JP-Tak,137.423111,36.146167,2023,4,13,13.14,-3.21,-2.25,2.53,25.86,0
JP-Tak,137.423111,36.146167,2023,4,14,14.75,0.05,3.14,2.28,16.83,0.35
JP-Tak,137.423111,36.146167,2023,4,15,9.89,3.22,5.71,3.49,6.14,24.25
JP-Tak,137.423111,36.146167,2023,4,16,10.3,2.45,4.64,4.46,16.33,2.52
JP-Tak,137.423111,36.146167,2023,4,17,7.4,-0.91,0.39,4.05,13.54,0.9
JP-Tak,137.423111,36.146167,2023,4,18,9.21,-0.98,1.47,3,5.18,5.32
JP-Tak,137.423111,36.146167,2023,4,19,17.1,7.34,7.3,3.24,19.25,3.21
JP-Tak,137.423111,36.146167,2023,4,20,19.53,5.47,8.03,2.38,24.6,0
JP-Tak,137.423111,36.146167,2023,4,21,18.65,3.44,8.79,3.01,15.84,0
JP-Tak,137.423111,36.146167,2023,4,22,11.07,0.09,-1.32,4.27,26.94,0
JP-Tak,137.423111,36.146167,2023,4,23,10.92,-0.94,-2.68,3.4,25.44,0
JP-Tak,137.423111,36.146167,2023,4,24,9.69,-2.31,-2.2,2.28,16.19,0.03
JP-Tak,137.423111,36.146167,2023,4,25,12.18,2.36,3.8,3.75,16.31,2.38
JP-Tak,137.423111,36.146167,2023,4,26,13.54,0.51,6.15,6.12,5.74,40.16
JP-Tak,137.423111,36.146167,2023,4,27,14.45,0.41,2.56,2.91,26.28,1.39
JP-Tak,137.423111,36.146167,2023,4,28,17.47,1.98,5.75,2.02,25.95,0
JP-Tak,137.423111,36.146167,2023,4,29,14.33,3.12,7.94,4.62,21.86,5.81
JP-Tak,137.423111,36.146167,2023,4,30,14.94,2.96,8.1,4.56,9.95,23.2
JP-Tak,137.423111,36.146167,2023,5,1,14.45,0.96,1.56,3.39,21.54,0
JP-Tak,137.423111,36.146167,2023,5,2,11.76,0.69,1.52,4.27,27.41,0.01
JP-Tak,137.423111,36.146167,2023,5,3,15.21,2.98,5.05,2.52,24.89,0
JP-Tak,137.423111,36.146167,2023,5,4,19.71,5.39,8.25,1.71,27.53,0
JP-Tak,137.423111,36.146167,2023,5,5,17.96,6.24,8.1,3.64,23.92,0.01
JP-Tak,137.423111,36.146167,2023,5,6,17.11,9.51,11.85,6.27,11.08,3.78
JP-Tak,137.423111,36.146167,2023,5,7,18.65,13.02,14.15,4.88,5.16,79.05
JP-Tak,137.423111,36.146167,2023,5,8,13.21,1.93,5.05,5.39,14.86,39.8
JP-Tak,137.423111,36.146167,2023,5,9,16.45,0.7,1.96,1.88,28.03,0
JP-Tak,137.423111,36.146167,2023,5,10,16.27,3.39,3.69,2.75,28.17,0.01
JP-Tak,137.423111,36.146167,2023,5,11,13.84,2.83,1.83,2.64,28.45,0.05
JP-Tak,137.423111,36.146167,2023,5,12,15.14,2.12,5.38,2.65,27.03,0.06
JP-Tak,137.423111,36.146167,2023,5,13,11.87,6.55,7.63,2.13,15.17,12.52
JP-Tak,137.423111,36.146167,2023,5,14,13.12,4.52,7.07,3.8,10.76,16.29
JP-Tak,137.423111,36.146167,2023,5,15,12.22,4.88,7.53,1.4,17.06,5.49
JP-Tak,137.423111,36.146167,2023,5,16,17.76,3.96,6.38,2.55,28.37,0
JP-Tak,137.423111,36.146167,2023,5,17,22.92,9.74,7.45,2.01,27.78,0
JP-Tak,137.423111,36.146167,2023,5,18,22.82,11.5,9.83,2.48,25.07,0.06
JP-Tak,137.423111,36.146167,2023,5,19,13.99,9.71,10.28,3.02,5.23,34.13
JP-Tak,137.423111,36.146167,2023,5,20,21.47,8.59,12.44,1.91,18.95,1.77
JP-Tak,137.423111,36.146167,2023,5,21,20.24,11.99,13.21,2.87,23.66,0
JP-Tak,137.423111,36.146167,2023,5,22,19.93,9.09,11.24,2.33,9.29,2.2
JP-Tak,137.423111,36.146167,2023,5,23,13.42,4.86,7.76,3.4,12.88,7.06
JP-Tak,137.423111,36.146167,2023,5,24,14.11,3.13,4.12,3.99,27.62,0.08
JP-Tak,137.423111,36.146167,2023,5,25,14.3,6.73,8.94,2.72,17.95,0
JP-Tak,137.423111,36.146167,2023,5,26,15.01,8.11,9.26,2.85,8.15,0
JP-Tak,137.423111,36.146167,2023,5,27,20.72,10,12.29,1.39,23.52,0
JP-Tak,137.423111,36.146167,2023,5,28,19.24,10.53,12.07,2.73,18.21,2.54
JP-Tak,137.423111,36.146167,2023,5,29,18.09,13.29,14.82,3.12,6.08,39.96
JP-Tak,137.423111,36.146167,2023,5,30,20.3,11.13,11.63,2.16,23.11,2.3
JP-Tak,137.423111,36.146167,2023,5,31,18.68,10.63,9.84,1.95,23.52,0.54
JP-Tak,137.423111,36.146167,2023,6,1,18.71,10.12,12.19,2.99,23.96,10
JP-Tak,137.423111,36.146167,2023,6,2,18.56,13.24,15.59,4.94,2.31,152.66
JP-Tak,137.423111,36.146167,2023,6,3,16.87,6.09,9.23,4,25.84,4.65
JP-Tak,137.423111,36.146167,2023,6,4,18,5.05,7.92,2.49,26.64,0
JP-Tak,137.423111,36.146167,2023,6,5,19.05,8.62,8.51,1.98,26.12,0
JP-Tak,137.423111,36.146167,2023,6,6,15.99,9.8,9.61,2.02,15.17,3.56
JP-Tak,137.423111,36.146167,2023,6,7,21.28,8.18,11.56,1.91,24.73,2.9
JP-Tak,137.423111,36.146167,2023,6,8,17.07,11.4,12.23,2.15,10.72,17.99
JP-Tak,137.423111,36.146167,2023,6,9,20.16,12.62,14.97,3.68,15.46,35.67
JP-Tak,137.423111,36.146167,2023,6,10,19.37,11.42,13.41,1.62,19.22,0.22
JP-Tak,137.423111,36.146167,2023,6,11,17.23,13.48,14.68,2.3,6.22,19.83
JP-Tak,137.423111,36.146167,2023,6,12,19.02,13.73,15.39,1.48,7.55,10.49
JP-Tak,137.423111,36.146167,2023,6,13,22.43,13.74,15.49,1.87,19.25,1.06
JP-Tak,137.423111,36.146167,2023,6,14,21.72,13.81,15.51,1.7,10.43,12.08
JP-Tak,137.423111,36.146167,2023,6,15,20.62,14.1,14.72,1.68,10.22,14
JP-Tak,137.423111,36.146167,2023,6,16,18.34,11.21,12.8,2.79,12.76,19.2
JP-Tak,137.423111,36.146167,2023,6,17,23.73,9.99,12.54,1.8,30.09,0
JP-Tak,137.423111,36.146167,2023,6,18,24.18,11.89,12.69,1.42,24.31,0
JP-Tak,137.423111,36.146167,2023,6,19,23.22,11.77,12.67,2.25,26.1,0
JP-Tak,137.423111,36.146167,2023,6,20,21.44,12.66,14.2,2.16,27.58,0
JP-Tak,137.423111,36.146167,2023,6,21,19.42,12.42,13.69,2.46,16.31,0.29
JP-Tak,137.423111,36.146167,2023,6,22,16.86,12.3,13.23,2.47,8.58,33.38
JP-Tak,137.423111,36.146167,2023,6,23,20.68,13.52,14.46,2.37,15.32,2.87
JP-Tak,137.423111,36.146167,2023,6,24,21.34,12.96,14.19,1.41,20.44,0.31
JP-Tak,137.423111,36.146167,2023,6,25,23.7,13.76,14.88,1.52,24.72,0
JP-Tak,137.423111,36.146167,2023,6,26,22.71,14.47,15.55,1.06,23.67,1.03
JP-Tak,137.423111,36.146167,2023,6,27,23.73,16.09,17.95,2.2,15.34,3.56
JP-Tak,137.423111,36.146167,2023,6,28,22.22,16.75,17.82,2.83,15.54,13.51
JP-Tak,137.423111,36.146167,2023,6,29,23.53,16.05,17.6,2.84,22.28,9.6
JP-Tak,137.423111,36.146167,2023,6,30,22.27,17.7,18.73,4.39,5.91,23.64
JP-Tak,137.423111,36.146167,2023,7,1,21.3,16.55,18.15,3.37,6.39,27.77
JP-Tak,137.423111,36.146167,2023,7,2,25.86,15.5,16.7,1.83,25.02,0.34
JP-Tak,137.423111,36.146167,2023,7,3,25.75,16.24,16.23,1.93,24.2,0.05
JP-Tak,137.423111,36.146167,2023,7,4,25.39,15.05,14.03,1.6,28.7,0.27
JP-Tak,137.423111,36.146167,2023,7,5,21.92,14.08,15.45,3.53,8.67,6.48
JP-Tak,137.423111,36.146167,2023,7,6,23.87,15.01,14.73,2.03,25.47,2.03
JP-Tak,137.423111,36.146167,2023,7,7,25.45,16.5,13.93,1.83,23.83,1.07
JP-Tak,137.423111,36.146167,2023,7,8,22.87,17.18,19.44,4.79,6.55,20.31
JP-Tak,137.423111,36.146167,2023,7,9,24.09,18.92,20.37,4.37,9.05,19.92
JP-Tak,137.423111,36.146167,2023,7,10,24.5,19.09,20.16,3.26,15.89,3.7
JP-Tak,137.423111,36.146167,2023,7,11,23.66,18.43,19.3,3.1,18.04,0.25
JP-Tak,137.423111,36.146167,2023,7,12,22.01,17.88,18.78,3.67,10.02,17.93
JP-Tak,137.423111,36.146167,2023,7,13,22.23,18.04,19.03,3.63,13.36,26.98
JP-Tak,137.423111,36.146167,2023,7,14,23.69,16.48,17.98,2.42,9.59,3.66
JP-Tak,137.423111,36.146167,2023,7,15,22.43,17.79,18.58,4.13,14.39,1.66
JP-Tak,137.423111,36.146167,2023,7,16,26.3,18.33,19.63,3.1,20.23,0.5
JP-Tak,137.423111,36.146167,2023,7,17,28.77,17.7,18.95,1.41,27.17,0.1
JP-Tak,137.423111,36.146167,2023,7,18,25.51,17.96,18.28,1.68,21.63,0.07
JP-Tak,137.423111,36.146167,2023,7,19,24.14,17.81,18.89,3.11,10.57,2.8
JP-Tak,137.423111,36.146167,2023,7,20,26.51,15.3,16.87,1.43,21.07,0.74
JP-Tak,137.423111,36.146167,2023,7,21,24.24,15.8,16.79,1.91,20.74,0.47
JP-Tak,137.423111,36.146167,2023,7,22,25.65,16.21,17.31,1.31,23.21,0.43
JP-Tak,137.423111,36.146167,2023,7,23,25.36,17.07,17.99,1.59,23.45,0.01
JP-Tak,137.423111,36.146167,2023,7,24,25.83,16.78,17.72,1.55,24.55,0.2
JP-Tak,137.423111,36.146167,2023,7,25,27.57,17.46,18.27,0.95,24.88,0.67
JP-Tak,137.423111,36.146167,2023,7,26,27.73,18.28,19.53,0.84,23.1,3.91
JP-Tak,137.423111,36.146167,2023,7,27,27.72,19.44,19.41,1.03,23.01,2.08
JP-Tak,137.423111,36.146167,2023,7,28,27.57,18.71,19.34,0.86,23.39,2.93
JP-Tak,137.423111,36.146167,2023,7,29,28.01,18.68,19.66,1.13,23.37,0.25
JP-Tak,137.423111,36.146167,2023,7,30,27.34,16.98,18.59,1.45,25.28,0.11
JP-Tak,137.423111,36.146167,2023,7,31,24.97,18.26,18.89,1.47,19.19,1.28
JP-Tak,137.423111,36.146167,2023,8,1,26.12,17.84,18.64,1.81,21.46,6.81
JP-Tak,137.423111,36.146167,2023,8,2,26.41,15.81,17.99,1.87,21.2,0.64
JP-Tak,137.423111,36.146167,2023,8,3,25.84,16.85,18.56,2.14,23.84,0.78
JP-Tak,137.423111,36.146167,2023,8,4,26.91,17.28,19.32,1.75,24.25,7.3
JP-Tak,137.423111,36.146167,2023,8,5,27.32,19.2,19.99,1.76,23.76,0.89
JP-Tak,137.423111,36.146167,2023,8,6,27.38,18.19,19.86,1.96,22.62,1.84
JP-Tak,137.423111,36.146167,2023,8,7,25.69,18.71,19.86,1.76,18.57,4.45
JP-Tak,137.423111,36.146167,2023,8,8,27.01,17.13,18.92,1.98,19.65,0.57
JP-Tak,137.423111,36.146167,2023,8,9,26.87,17.83,20.28,2.52,18.84,3.09
JP-Tak,137.423111,36.146167,2023,8,10,26.52,16.59,18.38,3.81,26.64,0.23
JP-Tak,137.423111,36.146167,2023,8,11,27.95,15.88,18.25,1.31,26.92,0
JP-Tak,137.423111,36.146167,2023,8,12,27.63,18.94,19.13,1.28,24.3,0.12
JP-Tak,137.423111,36.146167,2023,8,13,27.71,18.43,20.13,1.34,22.12,5.34
JP-Tak,137.423111,36.146167,2023,8,14,27.09,18.17,19.88,3.17,18.4,1.78
JP-Tak,137.423111,36.146167,2023,8,15,23.35,19.11,19.51,6.4,11.35,18.73
JP-Tak,137.423111,36.146167,2023,8,16,24.3,18.52,19.2,5.48,8.49,14.29
JP-Tak,137.423111,36.146167,2023,8,17,24.92,18.45,19.48,2.42,14.55,5.7
JP-Tak,137.423111,36.146167,2023,8,18,27.43,17.16,19.12,1.62,19.28,1.91
JP-Tak,137.423111,36.146167,2023,8,19,27.23,19.78,20.72,1.44,20.86,9.22
JP-Tak,137.423111,36.146167,2023,8,20,28.04,20.16,20.98,0.75,20.88,0.55
JP-Tak,137.423111,36.146167,2023,8,21,28.05,20.52,20.8,0.78,20.2,8.2
JP-Tak,137.423111,36.146167,2023,8,22,27.7,20.46,20.89,1.01,21.63,7.96
JP-Tak,137.423111,36.146167,2023,8,23,26.5,19.23,20.52,2.11,14.88,7.06
JP-Tak,137.423111,36.146167,2023,8,24,24.53,18.95,19.89,2.5,15.6,12.97
JP-Tak,137.423111,36.146167,2023,8,25,26.15,18.31,19.23,2.17,21.77,2.46
JP-Tak,137.423111,36.146167,2023,8,26,26.78,18.05,19.04,0.92,20.11,2.48
JP-Tak,137.423111,36.146167,2023,8,27,28.17,19.05,18.9,1.07,18.25,1.42
JP-Tak,137.423111,36.146167,2023,8,28,26.58,17.87,18.5,1.12,18.9,0.22
JP-Tak,137.423111,36.146167,2023,8,29,26.2,17.76,19.04,1.98,21.49,0.2
JP-Tak,137.423111,36.146167,2023,8,30,23.57,16.33,17.86,1.96,13.4,0.6
JP-Tak,137.423111,36.146167,2023,8,31,24.46,17.14,17.11,2.91,17.29,0.01
JP-Tak,137.423111,36.146167,2023,9,1,24.89,15.95,17.38,2.51,19.95,0.01
JP-Tak,137.423111,36.146167,2023,9,2,26.65,16.16,16.53,1.18,16.37,0.19
JP-Tak,137.423111,36.146167,2023,9,3,26.99,17.63,18.41,1.53,21.33,0.01
JP-Tak,137.423111,36.146167,2023,9,4,25.08,17.71,19.25,1.56,13.18,1.76
JP-Tak,137.423111,36.146167,2023,9,5,26.15,19.38,20.24,2.21,14.38,11.62
JP-Tak,137.423111,36.146167,2023,9,6,23.61,15.62,18.22,2.35,7.17,14.62
JP-Tak,137.423111,36.146167,2023,9,7,24.86,14.1,16.14,2.2,17.03,0.31
JP-Tak,137.423111,36.146167,2023,9,8,21.38,15.86,16.56,3.07,12.65,10.6
JP-Tak,137.423111,36.146167,2023,9,9,24.63,15.81,17.61,1.61,17.15,0.9
JP-Tak,137.423111,36.146167,2023,9,10,24.84,16.68,17.77,1.36,18.85,1.48
JP-Tak,137.423111,36.146167,2023,9,11,22.69,16.12,17.37,2.4,13.85,4.64
JP-Tak,137.423111,36.146167,2023,9,12,21.88,16.45,16.72,1.16,13.05,4.06
JP-Tak,137.423111,36.146167,2023,9,13,25.02,17,18.04,1.74,16.45,0.07
JP-Tak,137.423111,36.146167,2023,9,14,24.3,14.74,17.58,2.08,13.15,0.25
JP-Tak,137.423111,36.146167,2023,9,15,25.28,18.01,18.94,1.67,13.5,3.43
JP-Tak,137.423111,36.146167,2023,9,16,24.91,18.77,19.28,1.6,15.91,1.13
JP-Tak,137.423111,36.146167,2023,9,17,25.58,17.51,18.68,2.09,19.52,0.33
JP-Tak,137.423111,36.146167,2023,9,18,24.75,16.86,18.52,2.09,11.55,5.2
JP-Tak,137.423111,36.146167,2023,9,19,24.34,16.96,18.11,2.3,14.78,2.37
JP-Tak,137.423111,36.146167,2023,9,20,23.45,17.12,16.85,1.95,13.2,1.94
JP-Tak,137.423111,36.146167,2023,9,21,22.93,17.17,18.69,4.9,6.61,29.89
JP-Tak,137.423111,36.146167,2023,9,22,23.3,15.9,16.41,1.45,9.74,5.82
JP-Tak,137.423111,36.146167,2023,9,23,22.01,11.96,13.77,2.27,11.58,5.33
JP-Tak,137.423111,36.146167,2023,9,24,21.54,10.82,11.14,2.37,21.94,0.12
JP-Tak,137.423111,36.146167,2023,9,25,21.13,9.54,11.4,1.53,17.52,0.01
JP-Tak,137.423111,36.146167,2023,9,26,20.47,13.02,14.36,1.21,7.37,0.36
JP-Tak,137.423111,36.146167,2023,9,27,22.71,13.86,16.2,2.6,5.53,0.46
JP-Tak,137.423111,36.146167,2023,9,28,23,14.37,16.96,3.25,6.01,2.71
JP-Tak,137.423111,36.146167,2023,9,29,22.81,11.81,13.39,1.84,18.79,0.4
JP-Tak,137.423111,36.146167,2023,9,30,21.35,12.25,13.71,2.41,11.92,4.32
JP-Tak,137.423111,36.146167,2023,10,1,20.02,11.62,14.63,2.92,10.39,15.48
JP-Tak,137.423111,36.146167,2023,10,2,18.12,8.27,8.22,2.88,17.45,0.24
JP-Tak,137.423111,36.146167,2023,10,3,18.43,6.76,9.64,1.65,16.27,0.54
JP-Tak,137.423111,36.146167,2023,10,4,16.56,11.51,12.86,1.48,11.21,22.27
JP-Tak,137.423111,36.146167,2023,10,5,14.53,6.58,8.64,5.38,7.57,2.14
JP-Tak,137.423111,36.146167,2023,10,6,12.29,5.76,5.4,5.62,11.65,1.07
JP-Tak,137.423111,36.146167,2023,10,7,13.67,5.92,5.45,3.68,15.27,0.42
JP-Tak,137.423111,36.146167,2023,10,8,14.72,7.96,8.71,1.31,9.92,5.18
JP-Tak,137.423111,36.146167,2023,10,9,14.84,8.1,10.23,1.63,5.53,22.91
JP-Tak,137.423111,36.146167,2023,10,10,17.02,7.47,10.29,3.46,8.01,3.31
JP-Tak,137.423111,36.146167,2023,10,11,16.54,6.27,6.97,2.74,15.17,0.11
JP-Tak,137.423111,36.146167,2023,10,12,16.18,7.15,7.83,1.85,17.02,0
JP-Tak,137.423111,36.146167,2023,10,13,16.47,5.08,5.6,1.49,16.48,0
JP-Tak,137.423111,36.146167,2023,10,14,14.95,5.77,6.82,1.98,15.26,3.52
JP-Tak,137.423111,36.146167,2023,10,15,14.17,6.55,7.82,2.84,5.25,18.52
JP-Tak,137.423111,36.146167,2023,10,16,15.53,7.12,7.85,2.75,12.13,1.09
JP-Tak,137.423111,36.146167,2023,10,17,14.91,4.42,5.36,2.63,17.48,0.1
JP-Tak,137.423111,36.146167,2023,10,18,16.95,4.42,6.46,1.87,17.6,0
JP-Tak,137.423111,36.146167,2023,10,19,16.17,4.52,7.78,2.37,15.65,0.02
JP-Tak,137.423111,36.146167,2023,10,20,15.56,7.05,10.14,5.13,8.66,5.59
JP-Tak,137.423111,36.146167,2023,10,21,9.15,2.61,3.81,4.44,7.62,4.58
JP-Tak,137.423111,36.146167,2023,10,22,12.04,0.48,1.82,2.15,16.99,0.19
JP-Tak,137.423111,36.146167,2023,10,23,15.46,3.17,5.74,1.51,12.53,0.02
JP-Tak,137.423111,36.146167,2023,10,24,15.59,5.26,6.19,1.51,15.03,0
JP-Tak,137.423111,36.146167,2023,10,25,14.67,5.61,5.36,1.58,12.5,0.01
JP-Tak,137.423111,36.146167,2023,10,26,15.15,4.18,5.31,1.87,14.91,0.02
JP-Tak,137.423111,36.146167,2023,10,27,12.72,5.61,5.53,1.48,10.59,3.45
JP-Tak,137.423111,36.146167,2023,10,28,12.04,5.36,6.42,2.33,6.32,2.37
JP-Tak,137.423111,36.146167,2023,10,29,10.69,3.01,4.2,3.49,8.69,0.94
JP-Tak,137.423111,36.146167,2023,10,30,15.24,1.27,3.99,1.61,12.77,0.02
JP-Tak,137.423111,36.146167,2023,10,31,13.85,4.03,5.83,1.73,14.61,0.04
JP-Tak,137.423111,36.146167,2023,11,1,15.51,3.93,4.46,1.45,15.01,0
JP-Tak,137.423111,36.146167,2023,11,2,17.05,4.26,8.34,1.56,11.04,0
JP-Tak,137.423111,36.146167,2023,11,3,18.76,7.29,8.08,1.46,14.43,0
JP-Tak,137.423111,36.146167,2023,11,4,16.28,5.48,8.63,1.45,8.5,0.03
JP-Tak,137.423111,36.146167,2023,11,5,17.81,7.65,8.52,1.89,12.17,0.05
JP-Tak,137.423111,36.146167,2023,11,6,16.4,7.65,12.35,7,5.67,4.64
JP-Tak,137.423111,36.146167,2023,11,7,16.35,4.88,7.87,6.3,9.17,19.84
JP-Tak,137.423111,36.146167,2023,11,8,15.58,2.7,4.17,2.26,12.92,0.04
JP-Tak,137.423111,36.146167,2023,11,9,14.38,5.13,7.88,2.38,13.32,0.07
JP-Tak,137.423111,36.146167,2023,11,10,11.33,6.45,9.27,2.97,2.91,13.24
JP-Tak,137.423111,36.146167,2023,11,11,7.71,1.05,1.02,3.81,7.36,1.43
JP-Tak,137.423111,36.146167,2023,11,12,6.89,2.92,2.88,2.87,3.94,4.79
JP-Tak,137.423111,36.146167,2023,11,13,2.56,-2.02,-1.38,4.22,7.18,2.81
JP-Tak,137.423111,36.146167,2023,11,14,7.25,-1.64,-0.43,2.75,9.82,0.47
JP-Tak,137.423111,36.146167,2023,11,15,8.22,-0.56,-0.2,1.36,8.15,0.28
JP-Tak,137.423111,36.146167,2023,11,16,8.83,-0.67,1.67,2.16,10.45,0.25
JP-Tak,137.423111,36.146167,2023,11,17,6.63,-0.84,3.6,4.14,3.35,23.01
JP-Tak,137.423111,36.146167,2023,11,18,0.89,-3.28,-2.24,5.37,3.73,7.42
JP-Tak,137.423111,36.146167,2023,11,19,4.58,0.59,1.59,3.93,7.91,2.13
JP-Tak,137.423111,36.146167,2023,11,20,4.18,-3.7,-0.25,5.28,4.35,4.09
JP-Tak,137.423111,36.146167,2023,11,21,10.59,-3.89,0.68,2.17,12.6,0
JP-Tak,137.423111,36.146167,2023,11,22,13.83,0.27,-0.46,1.3,12.22,0
JP-Tak,137.423111,36.146167,2023,11,23,12.02,1.23,5.34,2.9,9.58,0.05
JP-Tak,137.423111,36.146167,2023,11,24,8.13,-2.22,2.49,6.15,4.89,2.81
JP-Tak,137.423111,36.146167,2023,11,25,2.47,-4,-4.12,4.15,7.39,1.04
JP-Tak,137.423111,36.146167,2023,11,26,7.79,-1.95,0.01,1.86,10.11,0.03
JP-Tak,137.423111,36.146167,2023,11,27,9.8,0.47,3.06,2.12,9.7,0.45
JP-Tak,137.423111,36.146167,2023,11,28,5.98,-2.25,1.86,5.72,3.51,4.25
JP-Tak,137.423111,36.146167,2023,11,29,2.95,-2.47,-0.97,5.35,3.46,2.03
JP-Tak,137.423111,36.146167,2023,11,30,2.49,-4.61,-2.26,4.91,6.23,3.86
JP-Tak,137.423111,36.146167,2023,12,1,1.79,-4.67,-3.51,2.43,5.6,2.26
JP-Tak,137.423111,36.146167,2023,12,2,2.13,-4,-3.31,2.06,6.41,1.69
JP-Tak,137.423111,36.146167,2023,12,3,0.89,-4.1,-2.58,4.04,4.78,2.11
JP-Tak,137.423111,36.146167,2023,12,4,4.45,-5.06,-3.98,1.45,10.65,0.03
JP-Tak,137.423111,36.146167,2023,12,5,3.01,-2.58,-4.33,1.27,4,0
JP-Tak,137.423111,36.146167,2023,12,6,9.28,-1.67,-2.3,1.61,10.45,0
JP-Tak,137.423111,36.146167,2023,12,7,3.97,-2.78,-0.21,5.99,2.95,2.04
JP-Tak,137.423111,36.146167,2023,12,8,8.22,-2.65,-0.64,2.3,10.21,0
JP-Tak,137.423111,36.146167,2023,12,9,9.68,-1.91,1.21,2.05,10.17,0
JP-Tak,137.423111,36.146167,2023,12,10,11.38,1.98,4.94,1.9,7.93,0.05
JP-Tak,137.423111,36.146167,2023,12,11,10.65,2.79,4.43,2.13,6.22,1.16
JP-Tak,137.423111,36.146167,2023,12,12,9.87,-0.19,4.78,4.53,2.71,7.76
JP-Tak,137.423111,36.146167,2023,12,13,5.5,-3.54,-3.88,3.08,9.41,0.03
JP-Tak,137.423111,36.146167,2023,12,14,7.87,-0.08,-0.24,1.82,9.25,0.01
JP-Tak,137.423111,36.146167,2023,12,15,11.74,1.39,7.67,5.07,1.26,11.07
JP-Tak,137.423111,36.146167,2023,12,16,11.87,-0.43,6.62,5.27,4.52,10.62
JP-Tak,137.423111,36.146167,2023,12,17,-1.46,-5.79,-6.83,8.32,4.62,3.44
JP-Tak,137.423111,36.146167,2023,12,18,-1.49,-6.2,-6.91,4.08,6.26,1.45
JP-Tak,137.423111,36.146167,2023,12,19,1.14,-5.23,-4.06,1.88,6.17,0.33
JP-Tak,137.423111,36.146167,2023,12,20,1.32,-3.77,-2.86,3.94,5.81,2.2
JP-Tak,137.423111,36.146167,2023,12,21,-3.28,-7.7,-6.9,6.75,3.92,3.79
JP-Tak,137.423111,36.146167,2023,12,22,-3.99,-7.8,-7.63,4.46,3.98,5.43
JP-Tak,137.423111,36.146167,2023,12,23,-2.47,-8.14,-6.85,3.08,5.92,2.27
JP-Tak,137.423111,36.146167,2023,12,24,-0.28,-7.02,-5.02,2.07,5.7,0.97
JP-Tak,137.423111,36.146167,2023,12,25,-0.41,-4.83,-3.93,2.66,5.2,2.6
JP-Tak,137.423111,36.146167,2023,12,26,0.45,-4.88,-3.52,3.57,7.9,0.81
JP-Tak,137.423111,36.146167,2023,12,27,1.11,-7.24,-4.07,3.23,5.55,0.71
JP-Tak,137.423111,36.146167,2023,12,28,3.13,-6.92,-5.16,1.83,9.6,0.14
JP-Tak,137.423111,36.146167,2023,12,29,2.49,-4.94,-2.26,2.56,8.31,0.33
JP-Tak,137.423111,36.146167,2023,12,30,6.25,-5.99,-4.97,1.43,10.07,0.01
JP-Tak,137.423111,36.146167,2023,12,31,5.15,-1.12,1.32,2.19,2.78,11.29
JP-Tak,137.423111,36.146167,2024,1,1,0.14,-5.65,-4.27,4.8,6.71,0.71
JP-Tak,137.423111,36.146167,2024,1,2,3.2,-3.74,-1.98,2.62,9.98,0.17
JP-Tak,137.423111,36.146167,2024,1,3,2.79,-3.63,-0.6,1.59,5.23,1.94
JP-Tak,137.423111,36.146167,2024,1,4,1.55,-5.95,-2.95,3.51,7.48,3.62
JP-Tak,137.423111,36.146167,2024,1,5,3.26,-5.68,-4.3,2.46,10.25,0.04
JP-Tak,137.423111,36.146167,2024,1,6,1.31,-2.43,-0.39,3.09,4.21,0.67
JP-Tak,137.423111,36.146167,2024,1,7,-0.81,-5.65,-4.96,5.64,4.95,5.89
JP-Tak,137.423111,36.146167,2024,1,8,-4.25,-11.01,-8.84,4.36,6.59,2.52
JP-Tak,137.423111,36.146167,2024,1,9,-0.67,-11.18,-6.97,2.42,8.84,0.48
JP-Tak,137.423111,36.146167,2024,1,10,1.13,-9.55,-4.39,2.25,4.06,1.32
JP-Tak,137.423111,36.146167,2024,1,11,1.61,-9.99,-10.11,2.05,9.65,0
JP-Tak,137.423111,36.146167,2024,1,12,0.48,-9.63,-4.21,3.54,4.23,2.16
JP-Tak,137.423111,36.146167,2024,1,13,-0.96,-9.71,-6.29,4.62,2.57,4.79
JP-Tak,137.423111,36.146167,2024,1,14,0.47,-13.35,-10.18,3.25,11.11,0.18
JP-Tak,137.423111,36.146167,2024,1,15,-2.46,-8.1,-6.9,5.94,5.72,3.78
JP-Tak,137.423111,36.146167,2024,1,16,-6.16,-9.86,-9.54,7.56,5.05,2.12
JP-Tak,137.423111,36.146167,2024,1,17,3.2,-11.86,-9.44,1.82,12.62,0
JP-Tak,137.423111,36.146167,2024,1,18,1.07,-3.74,-2.11,1.55,7.54,6.22
JP-Tak,137.423111,36.146167,2024,1,19,4.61,-1.24,0.24,2.06,6.26,0.46
JP-Tak,137.423111,36.146167,2024,1,20,2.5,0.63,0.87,1.23,3.23,10.58
JP-Tak,137.423111,36.146167,2024,1,21,2.94,0.05,0.81,4.35,3.58,19.56
JP-Tak,137.423111,36.146167,2024,1,22,3.15,-1.72,0.31,2.96,5.67,0.64
JP-Tak,137.423111,36.146167,2024,1,23,-1.26,-7.56,-6.39,4.84,7.24,3.1
JP-Tak,137.423111,36.146167,2024,1,24,-6.8,-9.31,-9.88,6.45,4.9,4.84
JP-Tak,137.423111,36.146167,2024,1,25,-6.11,-8.98,-9.1,6.82,6.94,2.57
JP-Tak,137.423111,36.146167,2024,1,26,-4.12,-7.86,-7.76,6.31,7.23,0.69
JP-Tak,137.423111,36.146167,2024,1,27,-2.1,-8.07,-6.76,3.88,8.54,0.14
JP-Tak,137.423111,36.146167,2024,1,28,-0.76,-8.87,-6.72,1.92,6.52,0.31
JP-Tak,137.423111,36.146167,2024,1,29,2.05,-9.8,-7.14,1.7,11.82,0
JP-Tak,137.423111,36.146167,2024,1,30,3.56,-7.72,-5.67,1.03,12.65,0
JP-Tak,137.423111,36.146167,2024,1,31,4.19,-7.19,-1.93,2.02,5.85,1.56
JP-Tak,137.423111,36.146167,2024,2,1,1.75,-7.57,-3.22,4.53,4.95,3.41
JP-Tak,137.423111,36.146167,2024,2,2,1.26,-10.24,-9.15,2.93,8.8,0.05
JP-Tak,137.423111,36.146167,2024,2,3,1.98,-10.22,-6.9,2.44,10.95,0.23
JP-Tak,137.423111,36.146167,2024,2,4,3.33,-5.78,-4.5,2.12,6.14,0.47
JP-Tak,137.423111,36.146167,2024,2,5,1.25,-6.47,-3.6,1.7,1.76,28.13
JP-Tak,137.423111,36.146167,2024,2,6,-1.37,-9.57,-6.95,2.68,8.27,0.81
JP-Tak,137.423111,36.146167,2024,2,7,-1.12,-9.89,-7,2.21,8.59,0.97
JP-Tak,137.423111,36.146167,2024,2,8,-1.47,-10.74,-8.27,2.5,8.68,0.09
JP-Tak,137.423111,36.146167,2024,2,9,1.32,-9.51,-6.12,1.69,10.45,0.01
JP-Tak,137.423111,36.146167,2024,2,10,0.89,-6.43,-4.99,2.68,8.15,1.18
JP-Tak,137.423111,36.146167,2024,2,11,-0.29,-6.96,-6.03,2.34,10.2,1.07
JP-Tak,137.423111,36.146167,2024,2,12,0.32,-6.22,-6.18,2.75,11.13,1.15
JP-Tak,137.423111,36.146167,2024,2,13,3.52,-9.77,-4.92,3.14,15.4,0
JP-Tak,137.423111,36.146167,2024,2,14,6.31,-2.12,0.13,2.4,13.92,0
JP-Tak,137.423111,36.146167,2024,2,15,6.61,0.1,4.03,4.4,7.7,10.25
JP-Tak,137.423111,36.146167,2024,2,16,2.47,-5.05,-4.01,5.01,10.17,1.8
JP-Tak,137.423111,36.146167,2024,2,17,5.89,-2.69,-0.22,1.82,13.39,0.05
JP-Tak,137.423111,36.146167,2024,2,18,9.72,0.59,3.55,2.66,13.62,0.28
JP-Tak,137.423111,36.146167,2024,2,19,9.64,4.72,6.92,7.08,6.29,17.36
JP-Tak,137.423111,36.146167,2024,2,20,11.72,5.93,7,2.26,4.86,4.71
JP-Tak,137.423111,36.146167,2024,2,21,8.6,4.53,6.43,2.39,2.65,22.51
JP-Tak,137.423111,36.146167,2024,2,22,4.55,0.16,1.61,2.12,5.13,10.28
JP-Tak,137.423111,36.146167,2024,2,23,0.75,-5.68,-3.44,3.03,6.36,5.22
JP-Tak,137.423111,36.146167,2024,2,24,2.85,-7.06,-4.55,1.93,10.51,0.13
JP-Tak,137.423111,36.146167,2024,2,25,1.7,-3.25,-1.77,1.96,4.76,8.74
JP-Tak,137.423111,36.146167,2024,2,26,0.09,-6.24,-5.52,6.54,8.79,0.94
JP-Tak,137.423111,36.146167,2024,2,27,-2.23,-6.5,-7.17,8.17,10.07,1.07
JP-Tak,137.423111,36.146167,2024,2,28,2.87,-7.1,-6.47,3.95,11.87,0.02
JP-Tak,137.423111,36.146167,2024,2,29,3.74,-4.42,-5.94,2.24,10.64,12.84
JP-Tak,137.423111,36.146167,2024,3,1,0.93,-6.1,-2.6,5.22,10.65,12.6
JP-Tak,137.423111,36.146167,2024,3,2,-5.89,-9.76,-9.44,5,11.4,1.13
JP-Tak,137.423111,36.146167,2024,3,3,-2.02,-9.54,-6.45,4.12,11.53,1.15
JP-Tak,137.423111,36.146167,2024,3,4,-0.02,-7.25,-4.86,4.2,9.19,2.87
JP-Tak,137.423111,36.146167,2024,3,5,0.89,-6.96,-4.02,1.74,4.76,18.12
JP-Tak,137.423111,36.146167,2024,3,6,1.53,-5.39,-2.43,3.95,4.81,7.63
JP-Tak,137.423111,36.146167,2024,3,7,2.55,-9.61,-5.03,2.57,11.07,0.02
JP-Tak,137.423111,36.146167,2024,3,8,1.41,-6.74,-4.83,3.49,14.75,1.06
JP-Tak,137.423111,36.146167,2024,3,9,-4.44,-7.17,-7.71,6.83,9.7,2.51
JP-Tak,137.423111,36.146167,2024,3,10,-1.66,-10.66,-7.96,3.48,12.72,0.76
JP-Tak,137.423111,36.146167,2024,3,11,3.68,-10.85,-7.09,1.71,16.57,0.03
JP-Tak,137.423111,36.146167,2024,3,12,1.93,-3.79,-0.84,3.15,2.28,31.59
JP-Tak,137.423111,36.146167,2024,3,13,-1.17,-9.89,-5.42,5.56,11.16,1.46
JP-Tak,137.423111,36.146167,2024,3,14,2.09,-9.95,-4.86,2.81,14.11,0
JP-Tak,137.423111,36.146167,2024,3,15,4.77,-6.83,-3.48,3.62,19.41,0
JP-Tak,137.423111,36.146167,2024,3,16,7.25,-2.01,-2.62,3.13,20.43,0
JP-Tak,137.423111,36.146167,2024,3,17,7.15,-2.99,1.24,4.05,5.22,0.24
JP-Tak,137.423111,36.146167,2024,3,18,-1.95,-6.36,-7.36,8.07,13.44,0.08
JP-Tak,137.423111,36.146167,2024,3,19,2.58,-7,-5.35,3.15,13.05,0.84
JP-Tak,137.423111,36.146167,2024,3,20,-0.36,-7.34,-4.14,7.68,7.31,9.27
JP-Tak,137.423111,36.146167,2024,3,21,-3.61,-8.68,-8.81,5.15,12.86,1.84
JP-Tak,137.423111,36.146167,2024,3,22,-0.14,-8.95,-7.99,2.89,16.74,0.13
JP-Tak,137.423111,36.146167,2024,3,23,2.06,-4.71,-1.81,2.66,4.55,13
JP-Tak,137.423111,36.146167,2024,3,24,7.43,-2.03,-3.97,1.02,15.7,0.41
JP-Tak,137.423111,36.146167,2024,3,25,9.55,2.87,2.78,1.29,6.22,7.53
JP-Tak,137.423111,36.146167,2024,3,26,8.34,-3.45,2.14,3.69,3.94,44.69
JP-Tak,137.423111,36.146167,2024,3,27,6.44,-3.54,-2.35,3.16,18.42,0.25
JP-Tak,137.423111,36.146167,2024,3,28,5.68,-0.05,2.68,4.98,13.18,8.2
JP-Tak,137.423111,36.146167,2024,3,29,11.59,2.62,5.7,6.75,13.48,28.73
JP-Tak,137.423111,36.146167,2024,3,30,11.34,2.6,2.83,4.52,19.54,0.04
JP-Tak,137.423111,36.146167,2024,3,31,12.73,4.8,5.38,4.39,15.29,0.28
JP-Tak,137.423111,36.146167,2024,4,1,8.49,-2.61,-0.36,4.06,16.45,0.28
JP-Tak,137.423111,36.146167,2024,4,2,11.72,-3.31,-0.18,3.05,11.88,0
JP-Tak,137.423111,36.146167,2024,4,3,7.95,3.04,5.38,3.3,6.34,28.99
JP-Tak,137.423111,36.146167,2024,4,4,13.75,3.46,6.84,3.11,12.96,7.2
JP-Tak,137.423111,36.146167,2024,4,5,10.05,2.56,5.69,2.47,14.7,1
JP-Tak,137.423111,36.146167,2024,4,6,13.12,4.76,5.47,1.9,19.31,0.01
JP-Tak,137.423111,36.146167,2024,4,7,15.83,3.31,5.94,1.45,21.62,0.01
JP-Tak,137.423111,36.146167,2024,4,8,17.68,5.6,9.03,1.64,14.15,12.65
JP-Tak,137.423111,36.146167,2024,4,9,11.02,-4.04,4.14,5.17,6.86,58.13
JP-Tak,137.423111,36.146167,2024,4,10,10.87,-4.7,0.43,2.89,25.34,0
JP-Tak,137.423111,36.146167,2024,4,11,12.84,-0.06,3.14,1.85,19.15,0
JP-Tak,137.423111,36.146167,2024,4,12,16.03,4.55,5.41,1.75,23.62,0
JP-Tak,137.423111,36.146167,2024,4,13,17.2,3.49,5.5,1.61,24.02,0
JP-Tak,137.423111,36.146167,2024,4,14,19.14,5.91,7.23,1.11,23.62,0
JP-Tak,137.423111,36.146167,2024,4,15,18.93,7.48,8.92,2.41,20.97,0.01
JP-Tak,137.423111,36.146167,2024,4,16,13.45,5.95,7.89,4.46,13.36,3.91
JP-Tak,137.423111,36.146167,2024,4,17,14.93,6.08,6.56,2.8,20.61,7.6
JP-Tak,137.423111,36.146167,2024,4,18,12.46,4.53,6.71,2.15,14.55,0.19
JP-Tak,137.423111,36.146167,2024,4,19,11.58,1.34,2.76,5.73,22.65,0
JP-Tak,137.423111,36.146167,2024,4,20,16.47,2.64,3.1,1.95,20.12,0.05
JP-Tak,137.423111,36.146167,2024,4,21,13.06,7.75,6.96,1.58,10.05,6.85
JP-Tak,137.423111,36.146167,2024,4,22,17.66,8.32,10.89,1.5,12.96,3.22
JP-Tak,137.423111,36.146167,2024,4,23,16.17,9.71,10.92,1.73,10.41,0.99
JP-Tak,137.423111,36.146167,2024,4,24,14.49,8.46,9.13,4.37,7.17,13.68
JP-Tak,137.423111,36.146167,2024,4,25,15.07,5.24,7.19,3.39,24.9,0.64
JP-Tak,137.423111,36.146167,2024,4,26,20.04,5.05,8.8,2.15,22.82,0
JP-Tak,137.423111,36.146167,2024,4,27,15.49,9.28,9.58,1.37,15.82,0.01
JP-Tak,137.423111,36.146167,2024,4,28,21.96,6.35,9.33,1.97,25.77,0
JP-Tak,137.423111,36.146167,2024,4,29,17.36,10.86,10.14,1.91,17.68,0.61
JP-Tak,137.423111,36.146167,2024,4,30,18.9,9.99,12.45,2.81,10.1,4.54
JP-Tak,137.423111,36.146167,2024,5,1,15.4,5.8,8.36,2.7,7.13,9.97
JP-Tak,137.423111,36.146167,2024,5,2,15.86,4.16,5.43,1.79,25.67,1.36
JP-Tak,137.423111,36.146167,2024,5,3,18.8,6.71,7.95,1.59,28.86,0
JP-Tak,137.423111,36.146167,2024,5,4,20.72,6.48,7.17,1.99,28.13,0
JP-Tak,137.423111,36.146167,2024,5,5,19.94,8.78,7.35,3.4,28.68,0
JP-Tak,137.423111,36.146167,2024,5,6,15.79,8,8.6,6.83,10.27,1.95
JP-Tak,137.423111,36.146167,2024,5,7,16.95,9.37,11.15,4.79,9.64,12.55
JP-Tak,137.423111,36.146167,2024,5,8,13.77,3.35,5.98,3.38,11.42,1.16
JP-Tak,137.423111,36.146167,2024,5,9,11.18,1.52,1.44,3.31,20.65,1.05
JP-Tak,137.423111,36.146167,2024,5,10,18.08,2.41,4.54,2,29.09,0
JP-Tak,137.423111,36.146167,2024,5,11,18.3,5.72,6.55,3.41,29.37,0.01
JP-Tak,137.423111,36.146167,2024,5,12,14.73,6.54,9.37,5.79,10.68,3
JP-Tak,137.423111,36.146167,2024,5,13,15.08,5.95,10.67,4.07,5.09,42.3
JP-Tak,137.423111,36.146167,2024,5,14,20.34,4.8,8.34,2.06,30.42,0.01
JP-Tak,137.423111,36.146167,2024,5,15,19.3,8.7,10.73,1.82,20.38,1.65
JP-Tak,137.423111,36.146167,2024,5,16,16.42,4.34,8.9,5.66,15.69,5.39
JP-Tak,137.423111,36.146167,2024,5,17,15.79,4.45,5.86,4.55,25.75,0.11
JP-Tak,137.423111,36.146167,2024,5,18,20.59,6.93,5.43,1.65,29.35,0
JP-Tak,137.423111,36.146167,2024,5,19,17.61,10.79,8.23,1.5,15.46,8.52
JP-Tak,137.423111,36.146167,2024,5,20,20.15,10.17,11.19,2.11,13.33,19.65
JP-Tak,137.423111,36.146167,2024,5,21,19.04,8.75,9.34,2.57,17.89,0.03
JP-Tak,137.423111,36.146167,2024,5,22,19.41,10.06,11.75,2.93,27.03,0.05
JP-Tak,137.423111,36.146167,2024,5,23,17.5,9.29,10.39,1.94,20.54,0
JP-Tak,137.423111,36.146167,2024,5,24,21.26,9.99,11.46,3.12,16.94,0.1
JP-Tak,137.423111,36.146167,2024,5,25,18.26,5.94,6.66,3.08,28.02,0
JP-Tak,137.423111,36.146167,2024,5,26,17.95,8.96,10.48,3.5,22.64,0
JP-Tak,137.423111,36.146167,2024,5,27,19.34,9.84,13.41,4.72,11.35,7.66
JP-Tak,137.423111,36.146167,2024,5,28,18.37,10.09,14.97,4.7,3.48,94.58
JP-Tak,137.423111,36.146167,2024,5,29,17.83,7.9,8.05,3.36,23.35,0.81
JP-Tak,137.423111,36.146167,2024,5,30,20.96,9.59,11.5,1.72,20.97,0.1
JP-Tak,137.423111,36.146167,2024,5,31,15.92,9.95,11.4,1.79,8.85,16.95
JP-Tak,137.423111,36.146167,2024,6,1,20.32,7.73,9.52,1.74,25.4,0.9
JP-Tak,137.423111,36.146167,2024,6,2,14.88,9.52,10.64,2.86,9.12,10.71
JP-Tak,137.423111,36.146167,2024,6,3,16.77,7.83,9.05,2,18.26,5.95
JP-Tak,137.423111,36.146167,2024,6,4,17.57,8.06,9.61,1.61,19.3,2.06
JP-Tak,137.423111,36.146167,2024,6,5,20.62,9.36,11.18,1.33,24.21,0.02
JP-Tak,137.423111,36.146167,2024,6,6,19.07,10.93,12.48,1.86,19.25,0.52
JP-Tak,137.423111,36.146167,2024,6,7,18.04,11.92,13.04,1.11,21.03,6.26
JP-Tak,137.423111,36.146167,2024,6,8,21.29,11.62,12.82,1.98,24.36,0.01
JP-Tak,137.423111,36.146167,2024,6,9,16.39,10.57,11.46,2.38,12.39,0.38
JP-Tak,137.423111,36.146167,2024,6,10,19.97,11.32,13.39,1.87,19.34,4.36
JP-Tak,137.423111,36.146167,2024,6,11,21.95,11.65,13.79,1.83,26.64,0.2
JP-Tak,137.423111,36.146167,2024,6,12,22.84,13.94,15.27,1.22,23.81,1.81
JP-Tak,137.423111,36.146167,2024,6,13,22.55,14.41,15.37,1.4,24.41,0
JP-Tak,137.423111,36.146167,2024,6,14,25.32,12.66,14.35,1.22,27.38,0
JP-Tak,137.423111,36.146167,2024,6,15,24.14,13.83,14.01,1.91,23.49,0.18
JP-Tak,137.423111,36.146167,2024,6,16,23.06,13.87,15.52,2.66,16.96,7.08
JP-Tak,137.423111,36.146167,2024,6,17,21.82,11.09,11.07,1.77,20.65,1.18
JP-Tak,137.423111,36.146167,2024,6,18,16.95,10.28,12.23,2.66,9.15,40.46
JP-Tak,137.423111,36.146167,2024,6,19,23.11,9,10.26,1.86,31.01,0
JP-Tak,137.423111,36.146167,2024,6,20,23.17,13.45,13.7,1.33,23.39,0.4
JP-Tak,137.423111,36.146167,2024,6,21,19.56,13.75,13.81,2.31,14.58,11.9
JP-Tak,137.423111,36.146167,2024,6,22,22.34,12.34,14.25,2.9,16.79,5.57
JP-Tak,137.423111,36.146167,2024,6,23,22.19,14.73,18.88,5.89,3.84,62.93
JP-Tak,137.423111,36.146167,2024,6,24,24,16.42,17.14,3.28,20,2.43
JP-Tak,137.423111,36.146167,2024,6,25,22.45,14.9,16.61,3.41,14.95,3.45
JP-Tak,137.423111,36.146167,2024,6,26,19.56,12.05,12.66,2.44,22.87,0.7
JP-Tak,137.423111,36.146167,2024,6,27,20,12.43,11.95,1.71,21.7,0.06
JP-Tak,137.423111,36.146167,2024,6,28,19.84,13.85,16.11,1.43,4.97,51.95
JP-Tak,137.423111,36.146167,2024,6,29,24.67,15.53,17.33,2.13,25.07,3.11
JP-Tak,137.423111,36.146167,2024,6,30,19.64,15.25,17.4,5.35,5.87,20.25
JP-Tak,137.423111,36.146167,2024,7,1,22.63,18.1,19.32,4.83,10.83,38.42
JP-Tak,137.423111,36.146167,2024,7,2,23.04,15.97,17,2.34,16.28,1.62
JP-Tak,137.423111,36.146167,2024,7,3,24.68,16.47,18.67,3.02,18.99,3.98
JP-Tak,137.423111,36.146167,2024,7,4,24.71,16.21,18.8,4,21.56,2.74
JP-Tak,137.423111,36.146167,2024,7,5,27.31,15.74,19.06,2.74,25.73,4.41
JP-Tak,137.423111,36.146167,2024,7,6,24.75,17.69,19.2,2.86,12.58,2.59
JP-Tak,137.423111,36.146167,2024,7,7,26.36,17.35,19.75,3.38,26.34,0.04
JP-Tak,137.423111,36.146167,2024,7,8,24.18,18.43,19.33,3.4,8.67,0.74
JP-Tak,137.423111,36.146167,2024,7,9,23.6,17.75,19.11,5.07,6.84,0.88
JP-Tak,137.423111,36.146167,2024,7,10,22.39,17.34,18.76,4.5,7.78,12.19
JP-Tak,137.423111,36.146167,2024,7,11,22.31,17.39,18.38,2.88,12.91,11.37
JP-Tak,137.423111,36.146167,2024,7,12,21.72,15.58,17.22,1.44,11.34,19.48
JP-Tak,137.423111,36.146167,2024,7,13,23.82,14,16.2,1.71,19.77,0.4
JP-Tak,137.423111,36.146167,2024,7,14,21.2,17.27,18.21,2.03,7.36,19.11
JP-Tak,137.423111,36.146167,2024,7,15,23.71,16.77,18.67,2.68,13.3,20.19
JP-Tak,137.423111,36.146167,2024,7,16,23.99,15.71,18.06,1.98,15.51,18.88
JP-Tak,137.423111,36.146167,2024,7,17,23.48,17.52,18.52,2.25,11.62,10.56
JP-Tak,137.423111,36.146167,2024,7,18,26.07,16.06,16.93,1.89,24.12,0.08
JP-Tak,137.423111,36.146167,2024,7,19,24.2,17.84,19.28,2.26,17.18,2.73
JP-Tak,137.423111,36.146167,2024,7,20,25.61,18.45,19.64,2.83,17.77,3.25
JP-Tak,137.423111,36.146167,2024,7,21,27.26,18.24,19.44,2.19,21.59,0.39
JP-Tak,137.423111,36.146167,2024,7,22,26.13,18.6,19.35,2.25,22.97,0.4
JP-Tak,137.423111,36.146167,2024,7,23,26.36,18.73,19.65,2.25,22.65,2.25
JP-Tak,137.423111,36.146167,2024,7,24,22.88,17.88,19.35,2.69,8.57,4.56
JP-Tak,137.423111,36.146167,2024,7,25,23.73,17.66,19.38,2.35,16.06,4.39
JP-Tak,137.423111,36.146167,2024,7,26,26.02,17.86,19.18,1.85,18.63,2.89
JP-Tak,137.423111,36.146167,2024,7,27,27.66,19.37,20.15,1.75,21.07,0.88
JP-Tak,137.423111,36.146167,2024,7,28,26.8,18.74,19.79,3.1,13.63,0.09
JP-Tak,137.423111,36.146167,2024,7,29,26.66,17.31,18.7,3.36,21.48,0.16
JP-Tak,137.423111,36.146167,2024,7,30,25.76,18.06,19.84,3.79,7.78,8.62
JP-Tak,137.423111,36.146167,2024,7,31,24.73,17.37,17.89,2.99,21.13,0.03
JP-Tak,137.423111,36.146167,2024,8,1,27.54,17.05,16.89,1.12,26.74,0
JP-Tak,137.423111,36.146167,2024,8,2,28.89,17.78,18.58,1.09,26.48,0
JP-Tak,137.423111,36.146167,2024,8,3,28.91,18.55,20.47,1.32,24.04,0.98
JP-Tak,137.423111,36.146167,2024,8,4,28.49,19.85,20.88,1.39,19.49,6.78
JP-Tak,137.423111,36.146167,2024,8,5,27.77,20.05,21.31,1.4,19.4,7.06
JP-Tak,137.423111,36.146167,2024,8,6,28.05,20.38,20.92,1.47,17.66,9.73
JP-Tak,137.423111,36.146167,2024,8,7,25.73,19.09,19.46,1.52,17.58,3.49
JP-Tak,137.423111,36.146167,2024,8,8,27.79,18.12,18.36,0.96,20.63,4.02
JP-Tak,137.423111,36.146167,2024,8,9,28.01,19.14,19.13,1.25,21.88,0.9
JP-Tak,137.423111,36.146167,2024,8,10,27.04,18.96,19.44,1.97,19.76,0.32
JP-Tak,137.423111,36.146167,2024,8,11,28.13,18.42,19.65,1.69,21.65,0.03
JP-Tak,137.423111,36.146167,2024,8,12,28.27,19.05,20.54,1.24,18.87,0.43
JP-Tak,137.423111,36.146167,2024,8,13,28.02,19.87,20.42,1.28,17.41,2.38
JP-Tak,137.423111,36.146167,2024,8,14,25.83,19.59,20.08,1.01,15.74,20.82
JP-Tak,137.423111,36.146167,2024,8,15,26.7,19.93,20.77,1.15,17.49,5.8
JP-Tak,137.423111,36.146167,2024,8,16,26.79,18.81,20.31,2.8,12.61,0.86
JP-Tak,137.423111,36.146167,2024,8,17,28.19,19.59,20.72,2,15.54,1.06
JP-Tak,137.423111,36.146167,2024,8,18,27.02,19.53,20.52,1.23,18.02,1.81
JP-Tak,137.423111,36.146167,2024,8,19,24.39,19.59,19.77,1.62,18.08,0.54
JP-Tak,137.423111,36.146167,2024,8,20,25.13,18.98,19.72,1.82,17.1,3.16
JP-Tak,137.423111,36.146167,2024,8,21,27.25,19.26,19.83,1.18,19.93,1.34
JP-Tak,137.423111,36.146167,2024,8,22,27.28,18.54,19.83,1.63,18.11,6.11
JP-Tak,137.423111,36.146167,2024,8,23,26.78,19.47,20.24,1.95,20.92,10.81
JP-Tak,137.423111,36.146167,2024,8,24,27.03,19.63,20.37,1.56,18.6,13.8
JP-Tak,137.423111,36.146167,2024,8,25,25.64,19.57,20.15,1.59,9.95,40.99
JP-Tak,137.423111,36.146167,2024,8,26,24.44,18.61,19.14,2.13,18.02,9.56
JP-Tak,137.423111,36.146167,2024,8,27,22.31,17.7,19.2,2.97,14.38,22.88
JP-Tak,137.423111,36.146167,2024,8,28,23.98,17.19,18.94,1.34,15.42,26.88
JP-Tak,137.423111,36.146167,2024,8,29,22.21,18.35,18.93,1.99,5.54,55.56
JP-Tak,137.423111,36.146167,2024,8,30,23.34,18.64,19.64,2.79,16.53,24.01
JP-Tak,137.423111,36.146167,2024,8,31,22.54,18.17,19.27,2.01,3.45,27.55
JP-Tak,137.423111,36.146167,2024,9,1,26.27,18.27,19.97,2.2,18.12,2.9
JP-Tak,137.423111,36.146167,2024,9,2,22.62,18.16,19.13,3.34,9.06,10.1
JP-Tak,137.423111,36.146167,2024,9,3,24.81,17.47,17.55,0.84,13,5.41
JP-Tak,137.423111,36.146167,2024,9,4,23.95,16.65,17.1,1.41,20.56,2.92
JP-Tak,137.423111,36.146167,2024,9,5,24.3,16.59,17.74,1.88,20.28,1.07
JP-Tak,137.423111,36.146167,2024,9,6,24.96,15.89,16.27,1.5,22.05,0
JP-Tak,137.423111,36.146167,2024,9,7,26.08,16.77,17.95,1.28,15.47,0.25
JP-Tak,137.423111,36.146167,2024,9,8,25.7,18.25,19.06,1.54,12.41,4.72
JP-Tak,137.423111,36.146167,2024,9,9,26.46,18.51,18.96,1.2,17.51,7.32
JP-Tak,137.423111,36.146167,2024,9,10,26.05,17.45,19.01,1.95,20.33,1.85
JP-Tak,137.423111,36.146167,2024,9,11,26.76,18.28,19.87,1.04,18.42,8.2
JP-Tak,137.423111,36.146167,2024,9,12,27.35,18.97,20.17,1.07,15.48,7.37
JP-Tak,137.423111,36.146167,2024,9,13,26.38,19.31,20.28,1.83,17.63,8.8
JP-Tak,137.423111,36.146167,2024,9,14,25.96,17.76,19,2.05,20.56,1.44
JP-Tak,137.423111,36.146167,2024,9,15,22.92,18.3,19.56,2.29,7.96,14.9
JP-Tak,137.423111,36.146167,2024,9,16,27.24,18.09,19.72,0.81,16.32,6.43
JP-Tak,137.423111,36.146167,2024,9,17,26.53,18.87,20.39,1.94,14.58,1.17
JP-Tak,137.423111,36.146167,2024,9,18,25.3,18.77,19.83,1.92,11.32,1.79
JP-Tak,137.423111,36.146167,2024,9,19,22.86,19.02,18.64,1.91,8.51,13
JP-Tak,137.423111,36.146167,2024,9,20,24.79,17.95,18.84,2.58,18.21,2.38
JP-Tak,137.423111,36.146167,2024,9,21,22.17,18.72,19.45,4.07,3.9,23.13
JP-Tak,137.423111,36.146167,2024,9,22,21.32,13.78,17.72,5.32,7.98,16.84
JP-Tak,137.423111,36.146167,2024,9,23,20.2,10.8,12.77,2.71,15.41,3.7
JP-Tak,137.423111,36.146167,2024,9,24,21.03,13.13,14.09,0.8,16.83,5.96
JP-Tak,137.423111,36.146167,2024,9,25,22.58,13.25,14.63,0.91,19.9,1.35
JP-Tak,137.423111,36.146167,2024,9,26,23.7,13.87,16.01,1.29,17.1,1.64
JP-Tak,137.423111,36.146167,2024,9,27,21.33,15.28,16.67,1.68,13.3,6.09
JP-Tak,137.423111,36.146167,2024,9,28,21.26,14.57,15.88,1.53,9.39,0.98
JP-Tak,137.423111,36.146167,2024,9,29,19.74,15.18,16.11,1.31,10.28,7.5
JP-Tak,137.423111,36.146167,2024,9,30,21.67,15.11,15.69,1.34,12.56,0.44
JP-Tak,137.423111,36.146167,2024,10,1,23.74,14.37,15.14,1.58,18.79,0.11
JP-Tak,137.423111,36.146167,2024,10,2,21.73,11.84,13.82,1.9,14.58,0.84
JP-Tak,137.423111,36.146167,2024,10,3,19.32,13.4,15.9,4,3.46,35.33
JP-Tak,137.423111,36.146167,2024,10,4,19.83,14.79,17.29,3.69,4.38,23.93
JP-Tak,137.423111,36.146167,2024,10,5,22.08,14.08,15.84,1.49,11.25,2.27
JP-Tak,137.423111,36.146167,2024,10,6,21.92,15.12,16.41,2.13,14.29,3.59
JP-Tak,137.423111,36.146167,2024,10,7,19.59,15.66,16.69,3.03,5.78,27.19
JP-Tak,137.423111,36.146167,2024,10,8,17.95,11.85,13.66,1.88,4.89,29.24
JP-Tak,137.423111,36.146167,2024,10,9,16.97,9.74,10.55,2.81,10.29,30.66
JP-Tak,137.423111,36.146167,2024,10,10,17.38,8.62,9.93,1.98,17.13,0
JP-Tak,137.423111,36.146167,2024,10,11,16.91,8.37,9.09,1.67,16.47,0.01
JP-Tak,137.423111,36.146167,2024,10,12,18.37,8.28,9.28,1.09,16.77,0
JP-Tak,137.423111,36.146167,2024,10,13,18.91,8.65,10.06,1.46,17.31,0
JP-Tak,137.423111,36.146167,2024,10,14,19.35,9.35,11.18,1.58,17.42,0.01
JP-Tak,137.423111,36.146167,2024,10,15,18.62,9.17,11.8,2.58,9.72,0.07
JP-Tak,137.423111,36.146167,2024,10,16,18,12.89,14.02,1.72,6.4,0.54
JP-Tak,137.423111,36.146167,2024,10,17,21.69,12.57,13.22,1.32,15.34,0
JP-Tak,137.423111,36.146167,2024,10,18,20.76,14,15.36,2,9.85,0.22
JP-Tak,137.423111,36.146167,2024,10,19,18.38,8.6,14.49,4.41,3.84,12.88
JP-Tak,137.423111,36.146167,2024,10,20,13,4.43,5.08,4.19,10.92,0.29
JP-Tak,137.423111,36.146167,2024,10,21,15.78,1.48,4.26,1.78,17.83,0
JP-Tak,137.423111,36.146167,2024,10,22,15.14,5.49,6.93,1.9,10.5,0.15
JP-Tak,137.423111,36.146167,2024,10,23,20.52,11.32,14.99,4.88,5.73,18.37
JP-Tak,137.423111,36.146167,2024,10,24,19.16,8.44,8.85,1.24,9.6,0.06
JP-Tak,137.423111,36.146167,2024,10,25,19.82,9.09,10.69,1.35,14.33,0.15
JP-Tak,137.423111,36.146167,2024,10,26,17.88,10.72,11.18,0.93,8.12,0.01
JP-Tak,137.423111,36.146167,2024,10,27,15.03,8.69,11.35,1.71,10.79,8.24
JP-Tak,137.423111,36.146167,2024,10,28,14.84,8.92,10.28,2.67,5.33,17.49
JP-Tak,137.423111,36.146167,2024,10,29,15.59,9.03,11.04,1.37,7.42,20.37
JP-Tak,137.423111,36.146167,2024,10,30,13.79,3.65,8.18,3.45,7.45,11.32
JP-Tak,137.423111,36.146167,2024,10,31,14.37,2.37,7.22,1.83,12.61,0
JP-Tak,137.423111,36.146167,2024,11,1,14.85,6.77,9.06,1.8,6.89,4.57
JP-Tak,137.423111,36.146167,2024,11,2,17.6,9.45,12.2,3.55,2.4,75.88
JP-Tak,137.423111,36.146167,2024,11,3,14.02,6.65,7.16,3.68,12.51,0
JP-Tak,137.423111,36.146167,2024,11,4,13.96,6.95,9.3,3.39,13.65,0.33
JP-Tak,137.423111,36.146167,2024,11,5,14.22,7.74,8.5,1.75,7.57,1.79
JP-Tak,137.423111,36.146167,2024,11,6,11.49,3.31,5.99,2.99,10.57,4.45
JP-Tak,137.423111,36.146167,2024,11,7,5.78,-1.76,-0.3,4.64,8.79,0.83
JP-Tak,137.423111,36.146167,2024,11,8,8.91,-2.47,1.05,2.04,14.23,0
JP-Tak,137.423111,36.146167,2024,11,9,12.87,-0.72,0.6,1.67,14.33,0
JP-Tak,137.423111,36.146167,2024,11,10,14.19,3.16,7.6,1.77,13.13,0.33
JP-Tak,137.423111,36.146167,2024,11,11,15.79,6.05,8.41,2.15,9.37,0.31
JP-Tak,137.423111,36.146167,2024,11,12,14.56,6.48,8.96,2.9,10.46,0.1
JP-Tak,137.423111,36.146167,2024,11,13,14.95,5.11,6.15,1.99,10.04,0.23
JP-Tak,137.423111,36.146167,2024,11,14,12.99,6.08,8.06,1.88,11.35,0.76
JP-Tak,137.423111,36.146167,2024,11,15,13.47,7.9,9,1.54,7.76,2.16
JP-Tak,137.423111,36.146167,2024,11,16,13.03,6.89,8.72,1.76,8.25,0.05
JP-Tak,137.423111,36.146167,2024,11,17,17.17,6.14,10.51,2.5,3.77,3.46
JP-Tak,137.423111,36.146167,2024,11,18,5.52,-3.57,-0.04,5.41,6.28,1.5
JP-Tak,137.423111,36.146167,2024,11,19,6.86,-3.8,-1.8,2.92,7.68,0.18
JP-Tak,137.423111,36.146167,2024,11,20,5.36,2.68,3.65,1.44,7.6,2.01
JP-Tak,137.423111,36.146167,2024,11,21,9.86,0.93,2.19,2.27,9.07,1.51
JP-Tak,137.423111,36.146167,2024,11,22,6.49,-0.23,2.35,3.49,3.89,6.46
JP-Tak,137.423111,36.146167,2024,11,23,3.84,-2,-1.15,4.29,6.13,3.13
JP-Tak,137.423111,36.146167,2024,11,24,6.66,-1.52,-0.76,2.42,8,0.59
JP-Tak,137.423111,36.146167,2024,11,25,8.51,-2.65,-0.74,1.75,11.96,0.02
JP-Tak,137.423111,36.146167,2024,11,26,10.07,-1.07,3.76,5.99,5.41,35.12
JP-Tak,137.423111,36.146167,2024,11,27,8.05,1.7,3.3,3.25,5.52,7.23
JP-Tak,137.423111,36.146167,2024,11,28,2.16,-1.69,-1.05,5.48,5.52,2.03
JP-Tak,137.423111,36.146167,2024,11,29,1.72,-1.74,-1.05,4.27,3.6,6.45
JP-Tak,137.423111,36.146167,2024,11,30,2.68,-1.54,-0.36,5.1,5.23,5.4
JP-Tak,137.423111,36.146167,2024,12,1,4.08,-0.7,1,2.16,6.12,1.14
JP-Tak,137.423111,36.146167,2024,12,2,7.58,-1.68,0.75,1.42,9.77,0.01
JP-Tak,137.423111,36.146167,2024,12,3,8.09,1.86,3.22,3.34,6.11,0.29
JP-Tak,137.423111,36.146167,2024,12,4,4.7,-1.84,-0.16,3.4,7.44,0.26
JP-Tak,137.423111,36.146167,2024,12,5,3.28,-1.93,-1.22,4.03,5.28,1.84
JP-Tak,137.423111,36.146167,2024,12,6,2.35,-2.25,-1.16,4.98,3.64,4.41
JP-Tak,137.423111,36.146167,2024,12,7,1.42,-2.45,-1.79,4.2,3.72,3.54
JP-Tak,137.423111,36.146167,2024,12,8,-0.2,-4.77,-3.58,5.51,3.96,4.75
JP-Tak,137.423111,36.146167,2024,12,9,0.31,-4.93,-4.72,3.92,5.68,0.28
JP-Tak,137.423111,36.146167,2024,12,10,2.34,-4.92,-2.93,2.02,8.9,0.34
JP-Tak,137.423111,36.146167,2024,12,11,1.99,-6.49,-2.26,2.79,3.61,1.31
JP-Tak,137.423111,36.146167,2024,12,12,-2,-8.56,-8.32,3.26,6.75,0.12
JP-Tak,137.423111,36.146167,2024,12,13,0.75,-7.15,-3.51,2.34,4.55,2.58
JP-Tak,137.423111,36.146167,2024,12,14,-1.8,-7.15,-5.61,3.49,5.68,2.41
JP-Tak,137.423111,36.146167,2024,12,15,-0.71,-7.73,-3.88,4.82,4.39,2.56
JP-Tak,137.423111,36.146167,2024,12,16,0.37,-4.06,-2.65,3.39,5.77,3.15
JP-Tak,137.423111,36.146167,2024,12,17,0.29,-3.7,-2.8,3.51,5.27,2.84
JP-Tak,137.423111,36.146167,2024,12,18,-0.33,-7.34,-4.85,2.52,5.13,1.8
JP-Tak,137.423111,36.146167,2024,12,19,-2.23,-7.68,-7.18,3.69,4.99,0.78
JP-Tak,137.423111,36.146167,2024,12,20,1.85,-10.57,-7.26,1.97,8.39,0
JP-Tak,137.423111,36.146167,2024,12,21,0.14,-9.89,-3.8,3.86,3.76,2.78
JP-Tak,137.423111,36.146167,2024,12,22,-2.65,-7.71,-6.43,6.27,4.05,3.24
JP-Tak,137.423111,36.146167,2024,12,23,-2.01,-8.03,-5.55,4.83,5.45,2.92
JP-Tak,137.423111,36.146167,2024,12,24,-2.23,-6.72,-5.5,4.34,4.58,1.51
JP-Tak,137.423111,36.146167,2024,12,25,1.61,-8.67,-6.15,2.21,7.58,0.06
JP-Tak,137.423111,36.146167,2024,12,26,0.48,-2.77,-1.46,4.59,3.92,2.97
JP-Tak,137.423111,36.146167,2024,12,27,-1.29,-6.51,-4.47,4.76,3.26,4.86
JP-Tak,137.423111,36.146167,2024,12,28,-2.22,-8.1,-5.18,3.62,3.76,6.01
JP-Tak,137.423111,36.146167,2024,12,29,-1.4,-8.59,-6.1,3.89,3.72,2.76
JP-Tak,137.423111,36.146167,2024,12,30,-0.59,-8.33,-4.97,2.17,8.04,0.08
JP-Tak,137.423111,36.146167,2024,12,31,0.43,-5.53,-3.08,5.33,3.55,3.08
